school_code,name_zh,source_url,page_title,field_hint,candidate_year,excerpt,status,checked_at,error_type
4131010246,复旦大学,https://www.fudan.edu.cn,复旦大学 Fudan University,,,,no_pattern,2026-09-30,
4131010247,同济大学,https://www.tongji.edu.cn/xxgk1/xxjj1.htm,学校简介-同济大学,founded_year,1907,学校始于1907年德国医生埃里希•宝隆在中德两国政府和社会各界支持下创办的同济德文医学堂。,candidate,2026-09-30,
4131010247,同济大学,https://www.tongji.edu.cn/xxgk1/xxjj1.htm,学校简介-同济大学,founded_year,1949,在始于1949年的全国院系调整中，同济大学原有的文、法、医、理、机械、电机、造船、测绘等优势学科或支援其它高校，或整体搬迁内地。,candidate,2026-09-30,
4131010248,上海交通大学,https://www.sjtu.edu.cn/,上海交通大学中文主页门户网站,,,,no_pattern,2026-09-30,
4131010251,华东理工大学,https://www.ecust.edu.cn/587/list.htm,学校简介,,,,no_pattern,2026-09-30,
4131010255,东华大学,https://www.dhu.edu.cn/xxjs_18902/list.htm,学校介绍,founded_year,1951,1951年建校，时名华东纺织工学院，是新中国第一所纺织高等学府；1960年，被国家教育部确定为全国重点大学；1981年，成为中国首批具有博士、硕士、学士三级学位授予权的大学之一；1985年，更名为中国纺织大学；1998年，被确定为国家“211工程”重点建设的高等学校；1999年，,candidate,2026-09-30,
4131010255,东华大学,https://www.dhu.edu.cn/xxjs_18902/list.htm,学校介绍,motto,,学校秉承“崇德博学、砺志尚实”的校训，开拓创新、与时俱进，现已发展成为特色鲜明的多科性、高水平研究型大学。,candidate,2026-09-30,
4131010255,东华大学,https://www.dhu.edu.cn/xxjs_18902/list.htm,学校介绍,motto,,学校秉承“崇德博学、砺志尚实”的校训，不断开拓奋进，,candidate,2026-09-30,
4131010264,上海海洋大学,https://www.shou.edu.cn/xxjj_107/list.htm,学校简介,motto,,学校校训：勤朴忠实，1914年9月1日定立。,candidate,2026-09-30,
4131010264,上海海洋大学,https://www.shou.edu.cn/xxjj_107/list.htm,学校简介,founded_year,1912,学校前身是张謇、黄炎培创建于1912年的江苏省立水产学校。,candidate,2026-09-30,
4131010268,上海中医药大学,https://www.shutcm.edu.cn/6550/list.htm,学校简介,founded_year,1956,上海中医药大学成立于1956年，是新中国首批建立的四所中医药高等院校之一。,candidate,2026-09-30,
4131010268,上海中医药大学,https://www.shutcm.edu.cn/6550/list.htm,学校简介,motto,,学校锚定世界一流中医药大学建设目标，始终秉承“不重其全重其优、不重其大重其特、不重其名重其实”的办学理念，恪守“勤奋、仁爱、求实、创新”的校训精神，坚持教学为立校之本、科研为强校之路、医疗为固校之基。,candidate,2026-09-30,
4131010269,华东师范大学,https://www.ecnu.edu.cn/wzcd/xxgk.htm,学校概况-华东师范大学,,,,no_pattern,2026-09-30,
4131010271,上海外国语大学,https://www.shisu.edu.cn,SISU | 上海外国语大学,,,,no_pattern,2026-09-30,
4131010272,上海财经大学,https://www.sufe.edu.cn/xxgk_13516/list.htm,学校章程,founded_year,1917,上海财经大学源于1917年南京高等师范学校创办的商科。,candidate,2026-09-30,
4131010272,上海财经大学,https://www.sufe.edu.cn/xxgk_13516/list.htm,学校章程,founded_year,1921,1921年学校迁至上海，创建上海商科大学。,candidate,2026-09-30,
4131010272,上海财经大学,https://www.sufe.edu.cn/xxgk_13516/list.htm,学校章程,motto,,上海财经大学以“扎根中国、放眼世界、立德树人、追求卓越”为办学理念，以“厚德博学，经济匡时”为校训，倡导“博雅诚朴，守正创新”校风、“平允尚贤，求真问道”教风、“至诚谨厚，思远笃行”学风，坚持求真务实、改革创新，为加快建设鲜明财经特色世界一流大学而努力奋斗！,candidate,2026-09-30,
4131010277,上海体育大学,,,,,,no_source,2026-09-30,
4131010278,上海音乐学院,https://www.shcmusic.edu.cn/1541/list.htm,校史馆,founded_year,1927,第一展厅：美育之光 铺洒创业之路（1927-1949）介绍了上海音乐学院自1927年11月27日建院起，至1949年10月1日中华人民共和国成立之前、上音创业前22年所经历过的艰辛与所取得的成就，并以时间轴方式呈现校址和校名的变迁过程。,candidate,2026-09-30,
4131010278,上海音乐学院,https://www.shcmusic.edu.cn/1541/list.htm,校史馆,founded_year,1927,二、科研功能上海音乐学院自1927年11月27日成立，其前身国立音乐院自建校以来，至今已走过了90年的风雨历程，是中国所有音乐院校中历史最为悠久的一所。,candidate,2026-09-30,
4131010280,上海大学,,,,,,no_source,2026-09-30,
4131014423,上海科技大学,https://www.shanghaitech.edu.cn/1054/main.htm,上海科技大学,founded_year,2011,2011年5月，双方决定共同成立上海科技大学筹建领导小组和工作小组，全面推动上科大的建设。,candidate,2026-09-30,
4131014423,上海科技大学,https://www.shanghaitech.edu.cn/1054/main.htm,上海科技大学,founded_year,2013,2013年9月30日，教育部正式批准上海科技大学成立。,candidate,2026-09-30,
4153010673,云南大学,https://www.ynu.edu.cn/xxgk/xxjj.htm,学校简介-云南大学 YunnanUniversity,founded_year,1922,云南大学始建于1922年，1923年正式开学，时为私立东陆大学，1934年更名为省立云南大学，1938年改为国立云南大学，是我国西部边疆最早建立的综合性大学之一。,candidate,2026-09-30,
4115010126,内蒙古大学,https://news.imu.edu.cn/info/1054/43657.htm,内蒙古大学校史展览馆参观预约表-内蒙古大学新闻网,,,,no_pattern,2026-09-30,
4111010001,北京大学,https://www.xsg.pku.edu.cn/,北京大学校史馆,,,,no_pattern,2026-09-30,
4111010002,中国人民大学,https://www.ruc.edu.cn/xuexiaojianjie.html,中国人民大学-学校简介,founded_year,1949,” 根据中共中央政治局的建议，1949年12月16日，中央人民政府政务院第十一次政务会议决定成立中国人民大学。,candidate,2026-09-30,
4111010002,中国人民大学,https://www.ruc.edu.cn/xuexiaojianjie.html,中国人民大学-学校简介,founded_year,2017,进入新时代，2017年，习近平总书记致信祝贺学校建校80周年，充分肯定学校的办学成绩，明确指出中国人民大学在“我国人文社会科学领域独树一帜”，并殷切希望学校“围绕解决好为谁培养人、培养什么样的人、怎样培养人这个根本问题，坚持立德树人，遵循教育规律，弘扬优良传统，扎根中国大地办大学,candidate,2026-09-30,
4111010003,清华大学,https://www.tsinghua.edu.cn/xxgk.htm,学校概况-清华大学,founded_year,2016,十年前，2016年，习近平总书记致信祝贺清华大学建校105周年，要求清华面向世界、勇于进取，树立自信、保持特色，广育祖国和人民需要的各类人才。,candidate,2026-09-30,
4111010003,清华大学,https://www.tsinghua.edu.cn/xxgk.htm,学校概况-清华大学,motto,,五年前，2021年，习近平总书记来校考察并强调，清华大学秉持自强不息、厚德载物的校训，深化改革、加快创新，各项事业欣欣向荣，科研创新成果与国家发展需要丝丝相扣，展现了清华人的勇毅和担当。,candidate,2026-09-30,
4111010003,清华大学,https://www.tsinghua.edu.cn/xxgk.htm,学校概况-清华大学,founded_year,1911,清华大学的前身清华学堂始建于1911年，1912年更名为清华学校。,candidate,2026-09-30,
4111010004,北京交通大学,https://www.bjtu.edu.cn/xxgk/xxjj/index.htm,北京交通大学,founded_year,1896,北京交通大学作为交通大学的三个源头之一，历史渊源可追溯到1896年，前身是清政府创办的铁路管理传习所，是中国第一所专门培养管理人才的高等学校，是中国近代铁路管理、电信教育的发祥地。,candidate,2026-09-30,
4111010004,北京交通大学,https://www.bjtu.edu.cn/xxgk/xxjj/index.htm,北京交通大学,motto,,北京交通大学秉承“知行”校训，肩负新的使命，正以更加开拓进取的精神向着特色鲜明世界一流大学的目标迈进。,candidate,2026-09-30,
4111010005,北京工业大学,https://www.bjut.edu.cn/xxgk/xxjj1.htm,,,,,fetch_error,2026-09-30,URLError
4111010006,北京航空航天大学,https://buaa.edu.cn/xygk/jrbh.htm,今日北航-北京航空航天大学,founded_year,1952,1952年，根据全国高等学校院系调整的要求，设立北京航空学院，由北京工业学院航空系（1951年11月18日，华北大学工学院更名为北京工业学院）、清华大学航空工程学院、四川大学航空系合并成立。,candidate,2026-09-30,
4111010007,北京理工大学,https://www.bit.edu.cn/gbxxgk/xxjj_sjb/index.htm,北京理工大学,motto,,“延安根、军工魂、领军人”的红色基因，“德以明理、学以精工”的校训，“团结、勤奋、求实、创新”的校风，徐特立老院长倡导的“实事求是、不自以为是”的学风，共同铸就了学校独特的精神气质和文化内核。,candidate,2026-09-30,
4111010008,北京科技大学,https://www.ustb.edu.cn/xxgk/xxjj/index.htm,学校简介_北京科技大学,founded_year,1895,北京科技大学的历史渊源可追溯至1895年北洋西学学堂创办的中国近代史上第一个矿冶学科，1952年，学校由天津大学（原北洋大学）、清华大学等6所国内著名大学的矿冶系科组建而成，名为北京钢铁工业学院，是新中国建立的第一所钢铁工业高等学府。,candidate,2026-09-30,
4111010008,北京科技大学,https://www.ustb.edu.cn/xxgk/xxjj/index.htm,学校简介_北京科技大学,founded_year,1984,1984年，成为全国首批正式成立研究生院的高等学校之一。,candidate,2026-09-30,
4111010008,北京科技大学,https://www.ustb.edu.cn/xxgk/xxjj/index.htm,学校简介_北京科技大学,founded_year,2022,2022年4月21日，习近平总书记给学校老教授回信，充分肯定学校自成立以来为我国钢铁工业发展作出的积极贡献，对培养更多高素质人才，促进钢铁产业创新发展、绿色低碳发展，铸就科技强国、制造强国的钢铁脊梁提出殷切期望。,candidate,2026-09-30,
4111010008,北京科技大学,https://www.ustb.edu.cn/xxgk/xxjj/index.htm,学校简介_北京科技大学,motto,,建校七十余年来，学校逐步形成了“求实鼎新”的校训精神、“学风严谨，崇尚实践”的优良传统和“追求卓越、勇于争先”的新时代北科精神新特质，为社会培养各类人才33万余人，其中许多人已成为国家政治、经济、科技、教育等领域尤其是冶金、材料行业的栋梁和骨干，50名校友当选为中国科学院或中国工,candidate,2026-09-30,
4111010010,北京化工大学,https://www.buct.edu.cn/xxjj_11373/list.htm,学校简介,founded_year,1958,北京化工大学创办于1958年，原名北京化工学院，是新中国为“培养尖端科学发展所需的高级化工技术人才”而创建的一所高水平大学。,candidate,2026-09-30,
4111010010,北京化工大学,https://www.buct.edu.cn/xxjj_11373/list.htm,学校简介,motto,,经过68年建设发展，学校形成了“宏德博学、化育天工”的校训和“团结奉献、艰苦奋斗、务实力行、博学创新”的学校精神。,candidate,2026-09-30,
4111010013,北京邮电大学,,,,,,no_source,2026-09-30,
4111010019,中国农业大学,https://www.cau.edu.cn/xxgk/xxjj/index.htm,中国农业大学 - 学校简介,founded_year,1905,中国农业大学作为教育部直属高校，是我国现代农业高等教育的起源地，其历史起自于1905年成立的京师大学堂农科大学。,candidate,2026-09-30,
4111010019,中国农业大学,https://www.cau.edu.cn/xxgk/xxjj/index.htm,中国农业大学 - 学校简介,founded_year,1995,1995年9月，北京农业大学与北京农业工程大学合并成立中国农业大学，江泽民同志亲自题写校名。,candidate,2026-09-30,
4111010019,中国农业大学,https://www.cau.edu.cn/xxgk/xxjj/index.htm,中国农业大学 - 学校简介,founded_year,2026,2025年，中国农业大学萨里大学联合学院获教育部中外合作办学许可，2026年6月正式成立并首次招生。,candidate,2026-09-30,
4111010019,中国农业大学,https://www.cau.edu.cn/xxgk/xxjj/index.htm,中国农业大学 - 学校简介,founded_year,2021,学校于2021年成立美育教学中心，全面推进“大美育体系”建设，致力于打造“崇农尚美”特色美育品牌，以“一周一品”美育浸润计划为行动指南，构建全方位、全过程、全员参与的育人体系，涵盖美术、音乐、舞蹈、曲艺、书法、建筑、摄影等艺术领域，探索“理论—鉴赏—实践”一体化的教学模式，全面提,candidate,2026-09-30,
4111010022,北京林业大学,http://www.bjfu.edu.cn/xxgk/xxjj/index.htm,北京林业大学,,,,no_pattern,2026-09-30,
4111010023,北京协和医学院,https://www.pumc.edu.cn,中国医学科学院北京协和医学院,,,,no_pattern,2026-09-30,
4111010026,北京中医药大学,https://www.bucm.edu.cn/xxgk1/xxjj1/index.htm,,,,,fetch_error,2026-09-30,URLError
4111010027,北京师范大学,https://www.bnu.edu.cn/xxgk/xxjj/index.htm,北京师范大学,founded_year,1902,学校的前身是1902年创立的京师大学堂师范馆，1908年改称京师优级师范学堂，独立设校，1912年改名为北京高等师范学校。,candidate,2026-09-30,
4111010027,北京师范大学,https://www.bnu.edu.cn/xxgk/xxjj/index.htm,北京师范大学,motto,,经过百余年的发展，学校秉承“爱国进步、诚信质朴、求真创新、为人师表”的优良传统和“学为人师、行为世范”的校训精神，形成了“治学修身，兼济天下”的育人理念。,candidate,2026-09-30,
4111010028,首都师范大学,https://www.cnu.edu.cn/xxgk/xxjj/index.htm,首都师范大学,founded_year,1954,首都师范大学建于1954年，办学历史可追溯至1905年成立的通州师范，是国家“双一流”建设高校、北京市与教育部“省部共建”高校。,candidate,2026-09-30,
4111010030,北京外国语大学,https://www.bfsu.edu.cn/xxgk/bwjj.htm,北外简介-北京外国语大学,founded_year,1941,北外是中国共产党创办的第一所外国语高等学校，前身是1941年成立于延安的中国人民抗日军政大学三分校俄文队，后发展为中央军委外国语学校，建校始隶属于党中央领导。,candidate,2026-09-30,
4111010033,中国传媒大学,https://www.cuc.edu.cn/xxgk/list.htm,学校概况,founded_year,1954,学校自1954年创建以来，一直以培养优秀传媒人才为己任，被誉为“中国广播电视及传媒人才摇篮”。,candidate,2026-09-30,
4111010034,中央财经大学,https://www.cufe.edu.cn/xxgk/xxjj.htm,学校简介-中央财经大学,founded_year,1949,学校始建于1949年11月6日，由财政部主管，历经华北税务学校、中央税务学校、中央财政学院、中央财经学院、中央财政金融学院等发展阶段，1996年更名为中央财经大学，2000年由财政部划转教育部直属管理，2005年成为国家“211工程”重点建设高校，2006年成为国家首批“985优,candidate,2026-09-30,
4111010034,中央财经大学,https://www.cufe.edu.cn/xxgk/xxjj.htm,学校简介-中央财经大学,motto,,长期以来，学校秉持“忠诚、团结、求实、创新”的校训，传承“求真求是追求卓越”的办学理念，坚守“立德树人财经报国”的使命担当，建立起以经济学、管理学和法学学科为主体，文学、理学、工学、教育学、艺术学等多学科协调发展的学科体系，形成了鲜明的办学特色，为国家经济建设和社会发展培养了20,candidate,2026-09-30,
4111010034,中央财经大学,https://www.cufe.edu.cn/xxgk/xxjj.htm,学校简介-中央财经大学,founded_year,2004,2004年以来，学校3个学院党委入选“全国党建工作标杆院系”培育创建单位，10个基层党支部入选“全国党建工作样板支部”培育创建单位，3个基层党组织获评北京市先进基层党组织，2名党员获评北京市优秀共产党员。,candidate,2026-09-30,
4111010036,对外经济贸易大学,https://www.uibe.edu.cn/xxgk/xxjj/index.htm,学校简介-对外经济贸易大学,founded_year,1951,对外经济贸易大学办学历史悠久，是新中国第一所培养对外贸易专门人才的高等学府，创建于1951年，前身为隶属于中央人民政府贸易部的高级商业干部学校。,candidate,2026-09-30,
4111010036,对外经济贸易大学,https://www.uibe.edu.cn/xxgk/xxjj/index.htm,学校简介-对外经济贸易大学,founded_year,2009,基金会自2009年设立以来，累计为学校募集捐赠3.3亿余元，设立公益项目700余个，惠及师生超2万人次。,candidate,2026-09-30,
4111010036,对外经济贸易大学,https://www.uibe.edu.cn/xxgk/xxjj/index.htm,学校简介-对外经济贸易大学,motto,,当前，对外经济贸易大学全体师生员工和广大校友，正以习近平新时代中国特色社会主义思想为指导，以服务新时代高水平开放伟业为己任，以开放型经济学科群为引领，以坚定走出一条“建设特色鲜明、世界一流大学的贸大新路”为目标，秉持“育人育才、融通中外、内涵发展、创建一流”的办学理念，牢记“为党,candidate,2026-09-30,
4111010040,外交学院,https://www.cfau.edu.cn/col2842/col2851/index.htm,外交学院,founded_year,1955,在周恩来总理倡议下，经党中央、毛主席批准，外交学院于1955年9月10日正式成立。,candidate,2026-09-30,
4111010040,外交学院,https://www.cfau.edu.cn/col2842/col2851/index.htm,外交学院,founded_year,2025,2025年1月，经党中央批准，人类命运共同体研究中心在外交学院挂牌成立，旨在深化人类命运共同体理念的学术研究、资政建言、宣传宣介和人才培养，为服务中国特色大国外交、推动构建人类命运共同体提供智力和人才支撑。,candidate,2026-09-30,
4111010041,中国人民公安大学,https://www.ppsuc.edu.cn/xxgk/xxjj.htm,学校简介-中国人民公安大学,founded_year,1948,中国人民公安大学是公安部直属的国家“双一流”建设高校（与公安部高级警官学院一体化运行），创始于1948年中共中央在西柏坡举办的华北保卫干部训练班，是全国公安系统第一个开展普通高等学历教育、硕士研究生培养和唯一开展博士研究生教育的高等学府，也是学科专业最齐全、办学规模最大、教育层次,candidate,2026-09-30,
4111010041,中国人民公安大学,https://www.ppsuc.edu.cn/xxgk/xxjj.htm,学校简介-中国人民公安大学,motto,,学校坚持以习近平新时代中国特色社会主义思想为指导，深入学习贯彻习近平总书记关于国家安全、公安工作、教育、科技、人才等系列重要论述精神，认真贯彻落实公安部、教育部、北京市等上级各项决策部署和指示要求，坚守“为党育人、为国育才、为警铸剑”初心使命，秉持“政治建校、从严治校”办学方针，,candidate,2026-09-30,
4111010041,中国人民公安大学,https://www.ppsuc.edu.cn/xxgk/xxjj.htm,学校简介-中国人民公安大学,founded_year,2018,自2009年起，学校每年举办一届“国际警务论坛”，于2018年联合“一带一路”沿线22个国家和地区的30所警察院校，成立“国际警察教育合作论坛”，是论坛首任主席单位和常设秘书处单位；持续承办全球公共安全合作论坛（连云港）世界警察院校长分论坛，发布并实施《全球公共安全领域“未来卓越,candidate,2026-09-30,
4111010043,北京体育大学,http://www.bsu.edu.cn/xxgk/xxjj/index.htm,北京体育大学,founded_year,1953,学校前身为1953年成立的中央体育学院，1956年更名为北京体育学院，1993年更名为北京体育大学。,candidate,2026-09-30,
4111010045,中央音乐学院,https://www.ccom.edu.cn/ljxx/xxjj.htm,学校简介-中央音乐学院,founded_year,1949,中央音乐学院是新中国成立后创办的第一所高等专业音乐院校，于1949年10月在天津成立，由华北大学第三部音乐科、鲁迅艺术学院音工团、南京国立音乐院、国立北平艺术专科学校音乐系和上海（香港）中华音乐院组成，1950年6月17日补行成立典礼。,candidate,2026-09-30,
4111010045,中央音乐学院,https://www.ccom.edu.cn/ljxx/xxjj.htm,学校简介-中央音乐学院,founded_year,2019,学校积极探索引领音乐与科技融合，2019年率先成立音乐人工智能与音乐信息科技系，着力培养音乐与理工科交叉融合的复合型拔尖创新人才。,candidate,2026-09-30,
4111010046,中国音乐学院,https://www.ccmusic.edu.cn/gygk/xxjs/index.htm,学校介绍 | 中国音乐学院,motto,,学校坚持党的领导，坚持社会主义办学方向，坚守弘扬中华优秀传统音乐文化、发展社会主义民族新音乐的办学初心，以“承国学、扬国韵、育国器、强国音”为办学理念，以“仁爱、诚信、博学、精艺”为校训，以建设中国特色世界一流高等音乐学府为办学目标，倡导和建设“中国乐派”，独具中国音乐教育和研究,candidate,2026-09-30,
4111010047,中央美术学院,https://www.cafa.edu.cn/,中央美术学院,,,,no_pattern,2026-09-30,
4111010048,中央戏剧学院,,,,,,no_source,2026-09-30,
4111010052,中央民族大学,https://www.muc.edu.cn/xxgk1/xxjj.htm,学校简介-中央民族大学,founded_year,1941,学校前身是中国共产党1941年9月在延安创办的延安民族学院。,candidate,2026-09-30,
4111010053,中国政法大学,https://www.cupl.edu.cn/,中国政法大学,,,,no_pattern,2026-09-30,
4111010054,华北电力大学,https://www.ncepu.edu.cn/xxgk/xxjj/index.htm,学校简介-华北电力大学,founded_year,1958,学校1958年创建于北京，原名北京电力学院。,candidate,2026-09-30,
4111011413,中国矿业大学(北京),https://www.cumtb.edu.cn/xxgk/xxgk.htm,学校概况-中国矿业大学（北京）,founded_year,1909,学校的前身是始建于1909年的焦作路矿学堂。,candidate,2026-09-30,
4111011413,中国矿业大学(北京),https://www.cumtb.edu.cn/xxgk/xxgk.htm,学校概况-中国矿业大学（北京）,motto,,117年来，经过一代代矿大人的努力奋斗，学校形成了“明德至善、好学力行”的校训，铸就了中国能源工业高等教育的一流品牌和独特的精神文化品格。,candidate,2026-09-30,
4111011414,中国石油大学(北京),https://www.cup.edu.cn/xxgk/xxjj/index.htm,中国石油大学(北京),founded_year,1953,中国石油大学（北京）前身为北京石油学院，创办于1953年，以清华大学化工系、石油工程系为基础，汇聚了天津大学、北京大学等部分师资组建而成，是新中国第一所石油高等学府，为我国石油高等教育奠定了探索发展之基。,candidate,2026-09-30,
4111011414,中国石油大学(北京),https://www.cup.edu.cn/xxgk/xxjj/index.htm,中国石油大学(北京),motto,,“实事求是、艰苦奋斗”的校风，“勤奋、严谨、求实、创新”的学风，“为学为师、立德立言”的教风，“厚积薄发、开物成务”的校训，《我为祖国献石油》校歌，以及“实事求是、艰苦奋斗、爱国奉献、开拓创新”的精神成为学校鲜亮的文化符号，“到祖国最需要的地方去”成为师生行动自觉。,candidate,2026-09-30,
4111011415,中国地质大学(北京),https://www.cugb.edu.cn/xxjj.jhtml,学校简介-中国地质大学（北京）,motto,,学校始终弘扬“艰苦朴素、求真务实”的校训精神，为国家培养了20余万优秀人才，涌现出了以党和国家领导人、73名中国科学院和中国工程院院士、200余名省部级以上劳动模范为代表的治国人才、兴业英才和学术大师，以及一大批“献身地质、找矿立功、艰苦奋斗”的社会主义建设开路先锋、“投身西部、,candidate,2026-09-30,
4111014430,中国科学院大学,https://www.ucas.ac.cn/xxgk/xxjj/index.htm,中国科学院大学,,,,no_pattern,2026-09-30,
4122010183,吉林大学,https://www.jlu.edu.cn/xxgk.htm,学校概况-吉林大学,founded_year,1946,学校始建于1946年，1960年被列为国家重点大学，1984年成为首批建立研究生院的22所大学之一，是国家“211工程”“985工程”和首批“双一流”大学建设高校。,candidate,2026-09-30,
4122010183,吉林大学,https://www.jlu.edu.cn/xxgk.htm,学校概况-吉林大学,motto,,学校始终秉持“求实创新、励志图强”的校训，坚持以实际行动诠释“为党育人、为国育才”的初心使命、“创新图强、兴北报国”的精神和“人比山...…[进入详情],candidate,2026-09-30,
4122010184,延边大学,,,,,,no_source,2026-09-30,
4122010200,东北师范大学,https://en.nenu.edu.cn/,东北师范大学-主站英文,,,,no_pattern,2026-09-30,
4151010610,四川大学,https://www.scu.edu.cn/xxgk/xxjj.htm,学校简介-四川大学 Sichuan University,founded_year,1896,原四川大学起始于1896年四川总督鹿传霖奉光绪特旨创办的四川中西学堂，此后，两院（尊经书院、锦江书院）入堂（四川通省大学堂，后更名四川省城高等学堂），开启四川高等学府古今融汇、中西融合的历史进程。,candidate,2026-09-30,
4151010610,四川大学,https://www.scu.edu.cn/xxgk/xxjj.htm,学校简介-四川大学 Sichuan University,motto,,四川大学秉承“海纳百川，有容乃大”的校训和“严谨、勤奋、求是、创新”的校风，确立了“以人为本，崇尚学术，追求卓越”的现代大学办学理念，致力于培养具有崇高理想信念、深厚人文底蕴、扎实专业知识、强烈创新意识、宽广国际视野的国家栋梁和社会精英。,candidate,2026-09-30,
4151010613,西南交通大学,https://www.swjtu.edu.cn/xxgk.htm,学校概况-西南交通大学,founded_year,1896,学校1896年创建于山海关，始称“北洋铁路官学堂”（Imperial Chinese Railway College），是中国第一所工程教育高等学府，中国土木工程、矿冶工程、交通工程高等教育的发祥地，也是1921年中国首次建立“交通大学”的最早源头之一。,candidate,2026-09-30,
4151010614,电子科技大学,https://www.uestc.edu.cn/xxgk/xxjj.htm,学校简介-电子科技大学,founded_year,1956,学校始建于1956年，原名成都电讯工程学院，是在周恩来总理的亲自部署下，由交通大学（现上海交通大学、西安交通大学）、南京工学院（现东南大学）、华南工学院（现华南理工大学）的电讯工程有关专业合并创建而成。,candidate,2026-09-30,
4151010614,电子科技大学,https://www.uestc.edu.cn/xxgk/xxjj.htm,学校简介-电子科技大学,motto,,学校持续推进校园文化建设，大力弘扬“求实求真、大气大为”的校训精神，营造“团结、勤奋、求是、创新”的校风，培育“知行合一、追求卓越”的学风。,candidate,2026-09-30,
4151010615,西南石油大学,https://www.swpu.edu.cn/xqzl/xxgk.htm,学校概况-西南石油大学门户网站,founded_year,1989,学校1978年开始招收硕士研究生，1986年获得博士学位授予权，1988年油气田开发工程（联合石油机械工程）成为首批国家重点学科，1989年油气藏地质及开发工程国家重点实验室获批建设，1991年设立博士后科研流动站。,candidate,2026-09-30,
4151010615,西南石油大学,https://www.swpu.edu.cn/xqzl/xxgk.htm,学校概况-西南石油大学门户网站,motto,,今日的西南石油大学将继续秉承“实事求是，艰苦奋斗”的优良传统，弘扬“为祖国加油，为民族争气”的精神，践行“明德笃志，博学创新”的校训，实施“质量立校，人才强校，学术兴校，突出特色，科学发展”的发展战略，全面深化改革，为建成以工为主，石油天然气及其相关学科世界一流、多学科协调发展的,candidate,2026-09-30,
4151010616,成都理工大学,,,,,,no_source,2026-09-30,
4151010626,四川农业大学,https://www.sicau.edu.cn/xxgk/xxjj.htm,学校简介-四川农业大学,founded_year,1906,前身是1906年创办的四川通省农业学堂，此后历经四川高等农业学校(1912年)、四川公立农业专门学校(1914年)、公立四川大学农科学院(1927年)、四川省立农学院(1932年)、国立四川大学农学院(1935年)、四川大学农学院(1950年)等多个历史发展阶段。,candidate,2026-09-30,
4151010626,四川农业大学,https://www.sicau.edu.cn/xxgk/xxjj.htm,学校简介-四川农业大学,founded_year,1956,1956年四川大学农学院整体迁至原西康省(1955年撤销)省会雅安独立建校为四川农学院，1985年更名为四川农业大学，2001年四川省林业学校整体并入。,candidate,2026-09-30,
4151010626,四川农业大学,https://www.sicau.edu.cn/xxgk/xxjj.htm,学校简介-四川农业大学,motto,,在新的历史起点上，学校将始终坚持人才培养是立校之本、科学研究是强校之路、社会服务是兴校之策、文化传承创新是荣校之魂、国际交流合作是活校之方的办学理念，牢固树立学生为本、学术为天、学科为纲、学者为上的治学理念，大力弘扬“爱国敬业、艰苦奋斗、团结拼搏、求实创新”的“川农大精神”，继续,candidate,2026-09-30,
4151010633,成都中医药大学,https://www.cdutcm.edu.cn/xxgk/xxjj.htm,学校简介-成都中医药大学,founded_year,1956,成都中医药大学建校于1956年，是新中国最早建立的四所中医药高等院校之一。,candidate,2026-09-30,
4151010651,西南财经大学,http://www.swufe.edu.cn/xxgk/xxjj.htm,学校简介-西南财经大学,founded_year,1925,学校始于1925年在上海创建的光华大学。,candidate,2026-09-30,
4112010055,南开大学,https://www.nankai.edu.cn/162/list.htm,学校简介,founded_year,1904,学校肇始于1904年，成立于1919年，由近代爱国教育家严修、张伯苓秉承教育救国理念创办。,candidate,2026-09-30,
4112010055,南开大学,https://www.nankai.edu.cn/162/list.htm,学校简介,motto,,学校坚持“允公允能，日新月异”的校训，弘扬“爱国、敬业、创新、乐群”的传统和“文以治国、理以强国、商以富国”的理念，以“知中国，服务中国”为宗旨，以杰出校友周恩来为楷模，作育英才，繁荣学术，强国兴邦，传承文明，努力建设世界一流大学。,candidate,2026-09-30,
4112010056,天津大学,https://www.tju.edu.cn/tdgk/xxjj.htm,学校简介-天津大学,founded_year,1895,天津大学（Tianjin University），简称天大，其前身为北洋大学，始建于1895年10月2日，是中国第一所现代大学，开中国近代高等教育之先河。,candidate,2026-09-30,
4112010056,天津大学,https://www.tju.edu.cn/tdgk/xxjj.htm,学校简介-天津大学,motto,,建校以来，学校秉承“兴学强国”的使命、“实事求是”的校训、“严谨治学”的校风、“爱国奉献”的传统和“矢志创新”的追求，为国家经济社会发展作出了卓越贡献，迄今为国家和社会培养了30多万名高层次人才。,candidate,2026-09-30,
4112010058,天津工业大学,,,,,,no_source,2026-09-30,
4112010062,天津医科大学,,,,,,no_source,2026-09-30,
4112010063,天津中医药大学,https://www.tjutcm.edu.cn/tzgk/xxgk.htm,学校概况-天津中医药大学官网,founded_year,1958,天津中医药大学始建于1958年（原名天津中医学院）。,candidate,2026-09-30,
4112010063,天津中医药大学,https://www.tjutcm.edu.cn/tzgk/xxgk.htm,学校概况-天津中医药大学官网,motto,,学校秉承“进德修业，继承创新”校训，厚植“守正创新，追求卓越；勇于担当，善作善成；求真务实，甘于奉献；团结协作，雷厉风行”的天中精神，落实立德树人根本任务，在教育强国建设中展现天中之为，持续谱写中国特色、世界一流天津中医药大学新篇章！,candidate,2026-09-30,
4164010749,宁夏大学,https://www.nxu.edu.cn/xxgk/ndjj.htm,宁大简介-宁夏大学,founded_year,2014,1997年12月，宁夏大学与原宁夏工学院、银川师专（含宁夏教育学院）合并；2002年2月，与宁夏农学院合并，组建了新的宁夏大学；2014年4月，宁夏大学中卫校区成立；2017年9月，入选国家“双一流”建设高校；2018年2月，成为教育部与宁夏回族自治区人民政府合建高校。,candidate,2026-09-30,
4164010749,宁夏大学,https://www.nxu.edu.cn/xxgk/ndjj.htm,宁大简介-宁夏大学,motto,,在60多年的办学历程中，学校秉承“尚德、勤学、求是、创新”的校训，弘扬“不怕困难，不畏风寒；根深叶茂，本固枝荣”的“沙枣树精神”，艰苦创业，负重拼搏，勇于创新，开拓进取。,candidate,2026-09-30,
4134010357,安徽大学,http://www.ahu.edu.cn/148/list.htm,学校简介,founded_year,1928,安徽大学1928年创建于时为省会的安庆市，开启安徽现代高等教育之先河。,candidate,2026-09-30,
4134010357,安徽大学,http://www.ahu.edu.cn/148/list.htm,学校简介,motto,,面向未来，安徽大学坚持以习近平新时代中国特色社会主义思想为指导，全面贯彻党的二十大和二十届历次全会精神，深入落实教育强国建设部署要求，坚守“文化丕成、民族是昌”的办学理想，秉承“至诚至坚、博学笃行”的校训精神，锚定中国特色世界一流综合性研究型大学奋斗目标，坚持做精文科、做优社科、,candidate,2026-09-30,
4134010358,中国科学技术大学,https://ustc.edu.cn/xxgk/xxjj.htm,学校简介-中国科学技术大学,founded_year,1958,学校于1958年9月在北京创建，郭沫若任首任校长。,candidate,2026-09-30,
4134010358,中国科学技术大学,https://ustc.edu.cn/xxgk/xxjj.htm,学校简介-中国科学技术大学,motto,,建校67年来，学校坚持红专并进、理实交融的校训，敢为人先，锐意进取，培养了大批德才兼备的优秀人才，取得了一系列举世瞩目的科研成果，为党和国家事业发展作出了重要贡献。,candidate,2026-09-30,
4134010359,合肥工业大学,http://www.hfut.edu.cn/xxgk.htm,学校概况-合肥工业大学,founded_year,1945,学校创建于1945年，1960年被中共中央批准为全国重点大学。,candidate,2026-09-30,
4134010359,合肥工业大学,http://www.hfut.edu.cn/xxgk.htm,学校概况-合肥工业大学,motto,,学校深怀“工业报国”之志，秉承“厚德、笃学、崇实、尚新”的校训，以“培养德才兼备，能力卓越，自觉服务国家的骨干与领军人才”为人才培养总目标，形成了“工程基础厚、工作作风实、创业能力强”的人才培养特色。,candidate,2026-09-30,
4137010422,山东大学,https://www.sdu.edu.cn/sdgk/lsyg.htm,历史沿革-山东大学 SHANDONG UNIVERSITY,founded_year,1901,其前身是1901年（清光绪二十七年）在济南创办的官立山东大学堂。,candidate,2026-09-30,
4137010422,山东大学,https://www.sdu.edu.cn/sdgk/lsyg.htm,历史沿革-山东大学 SHANDONG UNIVERSITY,founded_year,1906,1906年，在济南皇华馆设立法政学堂；1907年，再设法律学堂，时称第一、第二法政学堂；1913年，合并为山东公立法政专门学校。,candidate,2026-09-30,
4137010422,山东大学,https://www.sdu.edu.cn/sdgk/lsyg.htm,历史沿革-山东大学 SHANDONG UNIVERSITY,founded_year,1907,1907年，山东巡抚杨士骧、吴廷斌又在济南东关全福庄设立山东高等农业学堂，以南郊千佛山、马鞍山北麓五千亩土地作为学堂的林场；1913年，易名山东公立农业专门学校。,candidate,2026-09-30,
4137010422,山东大学,https://www.sdu.edu.cn/sdgk/lsyg.htm,历史沿革-山东大学 SHANDONG UNIVERSITY,founded_year,1912,1912年，留日学生叶春墀请准在济南南关设立商业学校，随后定名山东公立商业专门学校。,candidate,2026-09-30,
4137010422,山东大学,https://www.sdu.edu.cn/sdgk/lsyg.htm,历史沿革-山东大学 SHANDONG UNIVERSITY,founded_year,1945,1945年8月，山东省政府（解放区）在临沂创办山东大学（为了区别国立山东大学，称临沂山东大学），李澄之任校长、田佩之任副校长。,candidate,2026-09-30,
4137010422,山东大学,https://www.sdu.edu.cn/sdgk/lsyg.htm,历史沿革-山东大学 SHANDONG UNIVERSITY,founded_year,1951,1951年，创办《文史哲》杂志和《山东大学学报》，开辟了科学园地，促进了学术争鸣。,candidate,2026-09-30,
4137010422,山东大学,https://www.sdu.edu.cn/sdgk/lsyg.htm,历史沿革-山东大学 SHANDONG UNIVERSITY,founded_year,1984,经教育部批准，1984年在风景秀丽的海滨城市威海，设立山东大学威海分校。,candidate,2026-09-30,
4137010423,中国海洋大学,http://www.ouc.edu.cn/31000/list.htm,学校简介,founded_year,2024,”2024年10月24日，在学校建校100周年之际，习近平总书记给学校全体师生回信，希望学校“以建校百年为新起点，以科技发展、国家战略需求为牵引，完善学科设置调整机制和人才培养模式，加强原创性、引领性海洋科技攻关，努力培养更多胸怀蓝色梦想、堪当时代重任的优秀海洋人才，为建设教育强,candidate,2026-09-30,
4137010423,中国海洋大学,http://www.ouc.edu.cn/31000/list.htm,学校简介,founded_year,1924,学校创建于1924年，历经私立青岛大学、国立青岛大学、国立山东大学、山东大学等几个办学时期，1959年更名为山东海洋学院，1988年更名为青岛海洋大学，2002年更名为中国海洋大学。,candidate,2026-09-30,
4137010423,中国海洋大学,http://www.ouc.edu.cn/31000/list.htm,学校简介,founded_year,1924,学校创建于1924年，历经私立青岛大学、国立青岛大学、国立山东大学、山东大学等几个办学时期，1959年更名为山东海洋学院，1988年更名为青岛海洋大学，2002年更名为中国海洋大学。,candidate,2026-09-30,
4137010423,中国海洋大学,http://www.ouc.edu.cn/31000/list.htm,学校简介,motto,,学校秉承“教授高深学术，养成硕学宏材，应国家需要”的创校宗旨，秉持“海纳百川，取则行远”的校训，弘扬“勇立潮头，谋海济国”的海大精神，传承红色基因、执着蓝色梦想，走出了一条“特色立校、科学发展、树人立新、谋海济国”的内涵式发展道路。,candidate,2026-09-30,
4137010425,中国石油大学(华东),https://www.upc.edu.cn/,,,,,no_source,2026-09-30,
4114010108,山西大学,https://www.sxu.edu.cn/xxgk/xxjj/index.html,山西大学学校简介,founded_year,1902,学校始建于1902年，初名山西大学堂，深厚文脉可溯源至明清时期的三立书院、晋阳书院与令德堂书院。,candidate,2026-09-30,
4114010112,太原理工大学,https://www.tyut.edu.cn/xxgk1/xxjj.htm,学校简介-太原理工大学,founded_year,1902,其前身是创立于1902年的山西大学堂西学专斋，为中国创办最早的三所国立大学堂之一。,candidate,2026-09-30,
4114010112,太原理工大学,https://www.tyut.edu.cn/xxgk1/xxjj.htm,学校简介-太原理工大学,founded_year,1953,1953年，学校独立建校，定名太原工学院，直属国家高教部；1984年更名为太原工业大学。,candidate,2026-09-30,
4114010112,太原理工大学,https://www.tyut.edu.cn/xxgk1/xxjj.htm,学校简介-太原理工大学,founded_year,1958,1997年，太原工业大学与直属于国家煤炭工业部的山西矿业学院（始建于1958年）合并，组建太原理工大学，同年跻身国家“211工程”重点建设大学行列，开启了改革发展的新篇章。,candidate,2026-09-30,
4114010112,太原理工大学,https://www.tyut.edu.cn/xxgk1/xxjj.htm,学校简介-太原理工大学,motto,,124年来，学校始终秉承“求实、创新”的校训，彰显“明德修身、求实创新、兴工强国、敢为人先”的文化特质，涌现出一批学术大师、行业翘楚和道德楷模，如著名教育家赵宗复、“中国石油之父”孙健初、中国“前寒武纪地质学开拓者和奠基人”王曰伦、圆弧齿轮专家朱景梓、“煤化工科技领域的开拓者之一,candidate,2026-09-30,
4144010558,中山大学,https://www.sysu.edu.cn/xxg/zdjj1.htm,中大简介-中山大学 SUN YAT-SEN UNIVERSITY,founded_year,1924,中山大学是伟大的民族英雄、伟大的爱国主义者、中国民主革命的伟大先驱孙中山先生于1924年亲手创办，中国共产党早期领导人共同创建的大学，是中国传播马克思主义的重要发源地之一，具有优良革命传统、爱国奋斗精神和卓越品格追求。,candidate,2026-09-30,
4144010558,中山大学,https://www.sysu.edu.cn/xxg/zdjj1.htm,中大简介-中山大学 SUN YAT-SEN UNIVERSITY,founded_year,1924,中山大学校训是孙中山先生于1924年11月11日在广东大学举行成立典礼时亲笔题写的。,candidate,2026-09-30,
4144010558,中山大学,https://www.sysu.edu.cn/xxg/zdjj1.htm,中大简介-中山大学 SUN YAT-SEN UNIVERSITY,motto,,现在，我国正处在社会主义现代化建设新的历史时期，为了继承和发扬孙中山倡导的爱国精神和亲笔题写的校训良好学风，并反映新的历史时期的要求与特点，为办好中山大学振兴中华而努力奋斗。,candidate,2026-09-30,
4144010559,暨南大学,https://www.jnu.edu.cn/2561/list.htm,学校简介 - 暨南大学 - 华侨最高学府-国家“双一流”建设高校,founded_year,1906,学校前身为1906年清政府在南京创立的暨南学堂，1927年定名为国立暨南大学；抗战烽火中辗转闽沪办学，1958年在广州重建，1978年复办启航，1996年跻身国家“211工程”重点建设大学，并连续两轮入选国家“双一流”建设高校。,candidate,2026-09-30,
4144010559,暨南大学,https://www.jnu.edu.cn/2561/list.htm,学校简介 - 暨南大学 - 华侨最高学府-国家“双一流”建设高校,motto,,120年的办学征程中，学校虽历经三次停办，五次播迁，但始终坚守“宏教泽而系侨情”的办学宗旨，恪守“忠信笃敬”的校训，秉持“面向海外，面向港澳台”的办学方针，铸就了“忠信笃敬、知行合一、自强不息、和而不同”的暨南精神。,candidate,2026-09-30,
4144010559,暨南大学,https://www.jnu.edu.cn/2561/list.htm,学校简介 - 暨南大学 - 华侨最高学府-国家“双一流”建设高校,founded_year,1921,学校于1921年设立董事会，是我国最早设立董事会的高校之一。,candidate,2026-09-30,
4144010561,华南理工大学,http://www.scut.edu.cn/,华南理工大学,,,,no_pattern,2026-09-30,
4144010564,华南农业大学,https://www.scau.edu.cn/17830/list.htm,学校简介,motto,,在全面建设社会主义现代化国家新征程上，学校将全面贯彻习近平新时代中国特色社会主义思想，以立德树人为根本，以强农兴农为己任，秉承“修德、博学、求实、创新”的校训，弘扬“笃学明德、躬行践履”的丁颖精神，守正创新、奋勇争先，全力推进“双一流”建设，朝着建成农业特色世界一流大学的目标勇毅,candidate,2026-09-30,
4144010570,广州医科大学,https://www.gzhmu.edu.cn/xxgk/xxjj.htm,学校简介-广州医科大学,founded_year,1958,广州医科大学创办于1958年，是国家“双一流”建设高校、全国首批“卓越医生教育培养计划”试点高校和广东省高水平大学重点建设高校。,candidate,2026-09-30,
4144010572,广州中医药大学,http://www.gzucm.edu.cn/xxgk/xxjj.htm,学校简介-广州中医药大学,founded_year,1924,学校肇始于1924年创办的广东中医药专门学校，1936年更名为广东中医药专科学校，1952年建设成为广东中医进修学校，1956年经国务院批准成立广州中医学院，是新中国首批四所高等中医药本科院校之一，1995年正式更名为广州中医药大学。,candidate,2026-09-30,
4144010574,华南师范大学,https://www.scnu.edu.cn/a/20161025/1.html,学校简介 - 学校概况 - 华南师范大学,founded_year,1933,学校办学史可溯源至1888年创建的格致书院、1905年创建的两广师范学堂和1921年创建的广州市立师范学校，建校史则始于1933年创办的广东省立勷勤大学师范学院。,candidate,2026-09-30,
4144014325,南方科技大学,https://sustech.edu.cn/zh/about.html,学校概况 - 南方科技大学,motto,,南方科技大学扎根中国大地，紧抓粤港澳大湾区、深圳先行示范区“双区”驱动，深圳经济特区、深圳先行示范区“双区”叠加的历史机遇，发扬“敢闯敢试、求真务实、改革创新、追求卓越”的创校精神，突出“创知、创新、创业”的办学特色，践行“明德求是、日新自强”的校训精神，努力服务创新型国家建设及,candidate,2026-09-30,
4145010593,广西大学,https://www.gxu.edu.cn/xdgl1/xxgk1.htm,学校概况-广西大学,founded_year,1928,广西大学1928年成立于广西梧州，1939年成为国立广西大学，首任校长是被誉为“一代宗师”、与蔡元培并称“北蔡南马”的我国著名教育家、科学家、民主革命家马君武博士，李四光、陈望道、李达、陈寅恪、梁漱溟、王力等一大批名家大师曾在这里任教。,candidate,2026-09-30,
4145010593,广西大学,https://www.gxu.edu.cn/xdgl1/xxgk1.htm,学校概况-广西大学,motto,,面向未来，广西大学将坚持以习近平新时代中国特色社会主义思想为指引，深入学习贯彻习近平总书记关于广西工作论述的重要要求，心怀“国之大者”，牢记“为党育人、为国育才”的初心使命，秉承“复兴中华，发达广西”的办学宗旨和“勤恳朴诚，厚学致新”的校训精神，大力弘扬“创新创造、奋勇争先、全面,candidate,2026-09-30,
4165010755,新疆大学,https://www.xju.edu.cn/xxgk/xdbs.htm,新大标识-新疆大学,,,,no_pattern,2026-09-30,
4165010759,石河子大学,https://shzuni.com/,,,,,no_source,2026-09-30,
4132010284,南京大学,https://dawww.nju.edu.cn/,南京大学档案馆,,,,no_pattern,2026-09-30,
4132010285,苏州大学,http://www.suda.edu.cn/general_situation/xxjj.jsp,==欢迎访问苏州大学网站==,founded_year,1900,苏州大学前身是Soochow University（东吴大学，1900年创办），开现代高等教育之先河，融中西文化之菁华，是中国最早以现代大学学科体系举办的大学。,candidate,2026-09-30,
4132010285,苏州大学,http://www.suda.edu.cn/general_situation/xxjj.jsp,==欢迎访问苏州大学网站==,founded_year,2019,2010年，入选教育部“中非高校20+20合作计划”，援建尼日利亚拉各斯大学；2018年起，举办首次国际日活动，国际周已成为学校和苏州市的品牌人文活动；2019年，全球首家红十字国际学院挂牌成立；2020年，获批建立中国-葡萄牙文化遗产保护科学“一带一路”联合实验室；2021年，,candidate,2026-09-30,
4132010286,东南大学,https://www.seu.edu.cn/28443/list.htm,学校简介 - 东南大学,,,,no_pattern,2026-09-30,
4132010287,南京航空航天大学,https://www.nuaa.edu.cn,南京航空航天大学,,,,no_pattern,2026-09-30,
4132010288,南京理工大学,https://www.njust.edu.cn/,,,,,no_source,2026-09-30,
4132010290,中国矿业大学,https://www.cumt.edu.cn/xxgk/xxjj.htm,学校简介-中国矿业大学,founded_year,1909,中国矿业大学肇始于1909年创办的焦作路矿学堂。,candidate,2026-09-30,
4132010290,中国矿业大学,https://www.cumt.edu.cn/xxgk/xxjj.htm,学校简介-中国矿业大学,founded_year,2004,2004年，学校成为国家批准设立研究生院的56所高校之一。,candidate,2026-09-30,
4132010293,南京邮电大学,http://www.njupt.edu.cn/en/,南京邮电大学英文网,,,,no_pattern,2026-09-30,
4132010294,河海大学,https://www.hhu.edu.cn/xxjj_23318/list.htm,学校简介,founded_year,1915,河海大学源于1915年由近代著名爱国实业家、教育家张謇创办的河海工程专门学校，是中国第一所培养水利人才的高等学府，开创了中国水利高等教育的先河。,candidate,2026-09-30,
4132010294,河海大学,https://www.hhu.edu.cn/xxjj_23318/list.htm,学校简介,motto,,学校将坚持以习近平新时代中国特色社会主义思想为指导，深入贯彻党的二十大和二十届历次全会精神、全国教育大会精神，贯彻落实教育强国建设规划纲要，秉承“艰苦朴素、实事求是、严格要求、勇于探索”校训精神，坚持和加强党对学校工作的全面领导，一体推进教育科技人才发展，高质量开创世界一流特色研,candidate,2026-09-30,
4132010295,江南大学,https://www.jiangnan.edu.cn/xxgk/xxjj.htm,学校简介-江南大学主页,founded_year,1902,学校具有悠久的办学历史、厚重的文化积淀，源起1902年创建的三江师范学堂，历经国立中央大学、南京大学等发展时期；1958年南京工学院食品工业系整建制东迁无锡独立建校，成立无锡轻工业学院；1962年无锡纺织工学院并入无锡轻工业学院；1995年更名为无锡轻工大学；2001年无锡轻工大,candidate,2026-09-30,
4132010295,江南大学,https://www.jiangnan.edu.cn/xxgk/xxjj.htm,学校简介-江南大学主页,motto,,学校以“笃学尚行，止于至善”为校训，以“彰显轻工特色，服务国计民生；创新培养模式，造就行业中坚”为办学理念，以建设“中国特色、世界一流、江南风格的研究型大学”为战略目标，深入推进教育教学改革，持续提升办学水平，在人才培养、科学研究、社会服务、文化传承创新、国际交流合作等方面取得长,candidate,2026-09-30,
4132010298,南京林业大学,https://www.njfu.edu.cn/nlgk/xxjj/index.html,学校简介-南京林业大学,founded_year,1902,学校前身可溯源至1902年创立的三江师范学堂和1910年建立的金陵大学堂。,candidate,2026-09-30,
4132010298,南京林业大学,https://www.njfu.edu.cn/nlgk/xxjj/index.html,学校简介-南京林业大学,motto,,学校秉承“诚朴雄伟、树木树人”的校训和“团结、朴实、勤奋、进取”的校风，先后培养了包括10位院士在内的近30万名优秀人才。,candidate,2026-09-30,
4132010300,南京信息工程大学,http://www.nuist.edu.cn/xxgk/xxjj.htm,学校简介-南京信息工程大学,founded_year,1960,学校前身为1960年创建的南京气象学院，隶属原中央（军委）气象局，是新中国创办的第一所气象本科院校，被誉为“气象人才的摇篮”。,candidate,2026-09-30,
4132010300,南京信息工程大学,http://www.nuist.edu.cn/xxgk/xxjj.htm,学校简介-南京信息工程大学,motto,,学校秉承“艰苦朴素，勤奋好学，追求真理，自强不息”的校风，恪守“明德格物，立己达人”的校训，坚持开放、协同、创新、特色发展，聚焦国家战略需求、气象现代化建设和江苏经济社会发展，一体推进教育、科技、人才工作，持续推动高质量发展。,candidate,2026-09-30,
4132010307,南京农业大学,https://www.njau.edu.cn/xxjj_1033/list.htm,学校简介,founded_year,1971,1952年，全国高校院系调整，以金陵大学农学院、南京大学农学院（原国立中央大学农学院）为主体，以及浙江大学农学院部分系科，合并成立南京农学院；1963年，被确定为全国两所重点农业高校之一；1971年，搬迁至扬州与苏北农学院合并，成立江苏农学院；1979年，回迁南京，恢复南京农学院,candidate,2026-09-30,
4132010307,南京农业大学,https://www.njau.edu.cn/xxjj_1033/list.htm,学校简介,founded_year,2019,与美国加州大学戴维斯分校、密西根州立大学、比利时根特大学、新西兰梅西大学等世界知名高校，开展“交流访学”“本科双学位”“本硕双学位”等数十个赴境外长短期交流项目，2019年经教育部批准与美国密西根州立大学合作设立南京农业大学密西根学院。,candidate,2026-09-30,
4132010312,南京医科大学,https://www.njmu.edu.cn/538/list.htm,学校简介,founded_year,1934,学校创建于1934年，时名江苏省立医政学院，抗战时期更名为国立江苏医学院。,candidate,2026-09-30,
4132010315,南京中医药大学,,,,,,no_source,2026-09-30,
4132010316,中国药科大学,http://www.cpu.edu.cn/11459/list.htm,学校简介,founded_year,1936,中国药科大学坐落于古都南京，始建于1936年，是我国历史上第一所由国家创办的药学高等学府。,candidate,2026-09-30,
4132010319,南京师范大学,,,,,,no_source,2026-09-30,
4136010403,南昌大学,https://www.ncu.edu.cn/xxgk/xxjj.htm,学校简介-南昌大学,founded_year,1921,学校前身江西医学院、江西大学和江西工业大学分别溯源于1921年创建的江西公立医学专门学校、1940年创建的国立中正大学和1958年创建的江西工学院。,candidate,2026-09-30,
4113010080,河北工业大学,https://www.hebut.edu.cn/gdgk/xxjj/index.htm,河北工业大学,founded_year,1903,河北工业大学的前身是创办于1903年的北洋工艺学堂，是我国最早的培养工业人才的高等学校之一，创办了全国最早的高校校办工厂。,candidate,2026-09-30,
4113010080,河北工业大学,https://www.hebut.edu.cn/gdgk/xxjj/index.htm,河北工业大学,motto,,120余年来，学校始终秉承“兴工报国”办学传统和“勤慎公忠”校训精神，形成了“工学并举”的办学特色，为国家培养了30余万名优秀毕业生。,candidate,2026-09-30,
4141010459,郑州大学,https://www.zzu.edu.cn/xxgk/xxjj.htm,学校简介-郑州大学,founded_year,1956,郑州大学医科教育源于1928年的河南中山大学，1952年河南医学院独立建院，开启了河南医学高等教育的先河；原郑州大学创建于1956年，是新中国创办的第一所综合性大学，1996年成为国家“211工程”重点建设高校；郑州工业大学成立于1963年，原名郑州工学院，1996年更名为郑州工,candidate,2026-09-30,
4141010459,郑州大学,https://www.zzu.edu.cn/xxgk/xxjj.htm,学校简介-郑州大学,motto,,植根中原文化的博大精深，汇聚多元文化的交融共生，学生来自全国34个省级行政区、世界85个国家，形成多地域、多民族、多文化交流融合，多学科交叉、相融互补的文化氛围；传承和弘扬源远流长的特色文化，孕育并形成了以“求是 担当”校训和“笃信仁厚、慎思勤勉”校风为内核的郑州大学精神，学校荣,candidate,2026-09-30,
4141010475,河南大学,http://www.henu.edu.cn/xxgk.htm,学校概况-河南大学,founded_year,1912,河南大学创立于1912年，始名河南留学欧美预备学校，首任校长为林伯襄先生，校园选建于河南贡院旧址之上。,candidate,2026-09-30,
4141010475,河南大学,http://www.henu.edu.cn/xxgk.htm,学校概况-河南大学,motto,,113年来，学校恪守“明德新民，止于至善”的校训，形成“团结、勤奋、严谨、朴实”的校风和以...,candidate,2026-09-30,
4133010335,浙江大学,https://www.zju.edu.cn,浙江大学,,,,no_pattern,2026-09-30,
4133010355,中国美术学院,https://www.caa.edu.cn,中国美术学院,,,,no_pattern,2026-09-30,
4133011646,宁波大学,,,,,,no_source,2026-09-30,
4146010589,海南大学,,,,,,no_source,2026-09-30,
4142010486,武汉大学,https://www.whu.edu.cn/xxgk/xxjj.htm,学校简介-武汉大学,founded_year,1893,武汉大学溯源于1893年清末湖广总督张之洞奏请清政府创办的自强学堂，历经传承演变，1928年定名为国立武汉大学，是近代中国第一批国立大学。,candidate,2026-09-30,
4142010487,华中科技大学,https://www.hust.edu.cn:443/xxgk/xxjj.htm,学校简介-华中科技大学,founded_year,2000,华中科技大学是国家教育部直属重点综合性大学，由原华中理工大学、同济医科大学、武汉城市建设学院于2000年5月26日合并成立，是国家“211工程”重点建设和“985工程”建设高校之一，是首批“双一流”建设高校。,candidate,2026-09-30,
4142010487,华中科技大学,https://www.hust.edu.cn:443/xxgk/xxjj.htm,学校简介-华中科技大学,motto,,在强国建设、民族复兴的新征程上，华中科技大学将坚持以习近平新时代中国特色社会主义思想为指导，牢记为党育人、为国育才的初心使命，秉持“明德厚学 求是创新”的校训，敢于竞争，善于转化，聚精会神，科学发展，加快建设中国特色世界一流大学，努力为中国式现代化和人类文明进步作出新的更大贡献。,candidate,2026-09-30,
4142010491,中国地质大学(武汉),https://www.cug.edu.cn/,,,,,no_source,2026-09-30,
4142010497,武汉理工大学,http://www.whut.edu.cn/xuexiaogaikuang/xxjj/,武汉理工大学欢迎您,motto,,学校经过长期的育人实践，形成了特色鲜明的办学思想体系：构筑了“建设让人民满意、让世人仰慕的优秀大学”的大学理想，铸就了“厚德博学、追求卓越”的学校校训，确立了“育人为本、学术至上”的办学理念，树立了“实施卓越教育、培养卓越人才、创造卓越人生”的卓越教育观。,candidate,2026-09-30,
4142010504,华中农业大学,https://www.hzau.edu.cn/xxgk/xxjj.htm,学校简介-华中农业大学,founded_year,1898,学校前身是清朝光绪年间由湖广总督张之洞于1898年创办的湖北农务学堂。,candidate,2026-09-30,
4142010511,华中师范大学,https://www.ccnu.edu.cn/xxgk/xxjj.htm,学校简介-华中师范大学,motto,,学校既继承了中国传统文化的精华，又汲取了外来文化的养分，更弘扬了革命文化的传统，形成了“求实创新、立德树人”的校训和“忠诚博雅、朴实刚毅”的大学精神。,candidate,2026-09-30,
4142010520,中南财经政法大学,,,,,,no_source,2026-09-30,
4143010530,湘潭大学,https://www.xtu.edu.cn/xdgk/xxjj.htm,学校简介-湘潭大学,founded_year,1958,学校创办于1958年，同年9月10日，毛泽东同志亲笔题写“湘潭大学”校名，并亲切嘱托“一定要把湘潭大学办好”。,candidate,2026-09-30,
4143010532,湖南大学,https://www.hnu.edu.cn/hdgk/xxjj.htm,学校简介-湖南大学,founded_year,1897,学校办学起源于公元976年创办的岳麓书院，1903年岳麓书院与创办于1897年的时务学堂改制设立的湖南高等学堂合并，1926年定名湖南大学，1937年成为全国16所国立大学之一。,candidate,2026-09-30,
4143010532,湖南大学,https://www.hnu.edu.cn/hdgk/xxjj.htm,学校简介-湖南大学,motto,,在长期的办学历程中，学校形成了“传道济民、爱国务实、经世致用、兼容并蓄”的教育传统，积淀了以校训“实事求是、敢为人先”、校风“博学、睿思、勤勉、致知”为核心的湖大精神；培育和熏陶了以王夫之、陶澍、魏源、贺长龄、曾国藩、左宗棠、郭嵩焘、谭嗣同、黄兴、蔡锷、杨昌济、毛泽东、何叔衡、蔡,candidate,2026-09-30,
4143010533,中南大学,https://www.csu.edu.cn/zjzn/xxgk.htm,学校概况-中南大学,founded_year,1952,原中南工业大学的前身为创建于1952年的中南矿冶学院，原长沙铁道学院的前身为创建于1953年的中南土木建筑学院。,candidate,2026-09-30,
4143010533,中南大学,https://www.csu.edu.cn/zjzn/xxgk.htm,学校概况-中南大学,founded_year,1914,原湖南医科大学的前身为1914年创建的湘雅医学专门学校，是我国创办最早的西医高等学校之一。,candidate,2026-09-30,
4143010542,湖南师范大学,https://www.hunnu.edu.cn/xxgk1/xxjj.htm,学校简介-湖南师范大学,founded_year,1938,湖南师范大学创建于1938年，位于历史文化名城长沙，是国家“211工程”重点建设的大学，国家“双一流”建设高校，教育部与湖南省重点共建“双一流”建设高校，教育部普通高等学校本科教学工作水平评估优秀高校。,candidate,2026-09-30,
4143010542,湖南师范大学,https://www.hunnu.edu.cn/xxgk1/xxjj.htm,学校简介-湖南师范大学,motto,,面向未来，湖南师范大学将始终秉承“仁、爱、精、勤”的校训精神，落实立德树人根本任务，立足湖南，服务全国，面向世界，全力建设“创新师大、特色师大、开放师大、智慧师大、幸福师大”，努力开创教师教育特色鲜明、国内一流、国际知名的高水平大学建设新局面。,candidate,2026-09-30,
4162010730,兰州大学,,,,,,no_source,2026-09-30,
4135010384,厦门大学,https://www.xmu.edu.cn/sdgl/xxjj.htm,学校简介-厦门大学,founded_year,1921,厦门大学（Xiamen University），简称厦大（XMU），由著名爱国华侨领袖陈嘉庚先生于1921年创办，是中国近代教育史上第一所华侨创办的大学，也是国家“211工程”和“985工程”重点建设的高水平大学。,candidate,2026-09-30,
4135010384,厦门大学,https://www.xmu.edu.cn/sdgl/xxjj.htm,学校简介-厦门大学,founded_year,1921,厦门大学（Xiamen University），简称厦大（XMU），由著名爱国华侨领袖陈嘉庚先生于1921年创办，是中国近代教育史上第一所华侨创办的大学，也是一所与中国共产党同龄的大学。,candidate,2026-09-30,
4135010386,福州大学,https://www.fzu.edu.cn/xxgk/xxjj.htm,学校简介-福州大学,founded_year,1958,学校创建于1958年，现已发展成为一所以工为主、理工结合，理、工、医、经、管、文、法、艺等多学科协调发展的重点大学。,candidate,2026-09-30,
4135010386,福州大学,https://www.fzu.edu.cn/xxgk/xxjj.htm,学校简介-福州大学,motto,,建校以来，一代代福大人秉承“明德至诚 博学远志”校训，践行以张孤梅同志为代表的艰苦奋斗的创业精神、以卢嘉锡先生为代表的严谨求实的治学精神、以魏可镁院士为代表的勇于拼搏的奉献精神等“三种精神”，营造“守正创新、彰显特色、开放包容、追求卓越” 的新时代福州大学校园文化，积累了丰富的办,candidate,2026-09-30,
4154010694,西藏大学,,,,,,no_source,2026-09-30,
4152010657,贵州大学,https://www.gzu.edu.cn/6/list.htm,学校简介,founded_year,1902,贵州大学创建于1902年，历经贵州大学堂、省立贵州大学、国立贵州农工学院、国立贵州大学等时期，1950年10月定名为贵州大学。,candidate,2026-09-30,
4121010140,辽宁大学,https://www.lnu.edu.cn/xxgk/xxjj.htm,学校简介-辽宁大学,founded_year,1948,辽宁大学源起于1948年11月东北人民政府在沈阳建立的商业专门学校，是中国共产党创建的第一所专门商科高校。,candidate,2026-09-30,
4121010141,大连理工大学,https://www.dlut.edu.cn/xxgk/xxjj.htm,学校简介-大连理工大学,founded_year,1949,大连理工大学1949年4月建校，时为大连大学工学院；1950年7月大连大学建制撤销，大连大学工学院独立为大连工学院；1960年10月被确定为教育部直属全国重点大学；1986年4月设立研究生院；1988年3月更名为大连理工大学；1996年启动实施“211工程”建设，教育部、辽宁省、,candidate,2026-09-30,
4121010145,东北大学,http://www.neu.edu.cn/xygk/xxjj.htm,学校简介-东北大学,founded_year,1923,学校始建于1923年4月，是一所具有爱国主义光荣传统的大学。,candidate,2026-09-30,
4121010145,东北大学,http://www.neu.edu.cn/xygk/xxjj.htm,学校简介-东北大学,founded_year,1949,1949年3月，在东北大学工学院和理学院（部分）的基础上成立沈阳工学院。,candidate,2026-09-30,
4121010145,东北大学,http://www.neu.edu.cn/xygk/xxjj.htm,学校简介-东北大学,motto,,建校百年来，学校始终坚持与国家发展和民族复兴同向同行，以国家需要作为最高追求，在文化救国、工业报国、产业兴国、科技强国的征程上薪火相传、弦歌不辍，形成了“自强不息、知行合一”的校训精神和“实干、报国、创新、卓越”的文化品格。,candidate,2026-09-30,
4121010145,东北大学,http://www.neu.edu.cn/xygk/xxjj.htm,学校简介-东北大学,founded_year,2023,2023年9月15日，在东北大学建校100周年之际，习近平总书记给东北大学全体师生回信，充分肯定了学校百年来始终以育人兴邦为使命，为国家、为民族作出的积极贡献，对学校未来发展提出殷切希望，为学校办学治校指明了前进方向、提供了根本遵循。,candidate,2026-09-30,
4121010151,大连海事大学,https://www.dlmu.edu.cn/wzsy/xxgk/xxjj.htm,学校简介-大连海事大学,founded_year,1909,学校肇始于1909年设立的晚清邮传部上海高等实业学堂船政科，为“挽救航权、振兴国运”而萌发初创。,candidate,2026-09-30,
4121010151,大连海事大学,https://www.dlmu.edu.cn/wzsy/xxgk/xxjj.htm,学校简介-大连海事大学,founded_year,1953,新中国成立后，1953年2月，由上海航务学院与东北航海学院合并成立大连海运学院，同年11月福建航海专科学校并入，时为新中国唯一的高等航海学府。,candidate,2026-09-30,
4150010611,重庆大学,https://www.cqu.edu.cn/xqgk/xxjj.htm,学校简介-重庆大学,founded_year,1929,学校创办于1929年，提出建设“完备弘深之大学”的愿景，到20世纪40年代发展成为文理工商法医各学科齐全的综合性大学。,candidate,2026-09-30,
4150010611,重庆大学,https://www.cqu.edu.cn/xqgk/xxjj.htm,学校简介-重庆大学,founded_year,1929,"重庆大学（以下简称学校）创办于1929年,提出建设“完备弘深之大学”的愿景，到20世纪40年代发展成为一所具有文理工商法医等学科的综合性大学。",candidate,2026-09-30,
4150010611,重庆大学,https://www.cqu.edu.cn/xqgk/xxjj.htm,学校简介-重庆大学,motto,,第七条 学校的办学宗旨是“研究学术，造就人才，佑启乡邦，振导社会”，校训是“耐劳苦、尚俭朴、勤学业、爱国家”。,candidate,2026-09-30,
4150010635,西南大学,http://www.swu.edu.cn/xxgk/xxjj.htm,学校简介-西南大学,motto,,百廿年来，筚路蓝缕，玉汝于成，数代西南大学人以弘毅坚韧、自强不息的奋斗铸就了“特立西南、学行天下”的大学精神，不断丰富着“含弘光大、继往开来”的校训内涵。,candidate,2026-09-30,
4161010697,西北大学,http://www.nwu.edu.cn/xxgk/xxjj.htm,学校简介-西北大学,founded_year,1902,西北大学肇始于1902年的陕西大学堂和京师大学堂速成科仕学馆。,candidate,2026-09-30,
4161010698,西安交通大学,http://www.xjtu.edu.cn/jdgk/xsyg.htm,校史沿革-西安交通大学,founded_year,1896,西安交通大学的前身是1896年创建于上海的南洋公学；1905年划归商部，改名为高等实业学堂；1906年改隶邮传部，更名为邮传部上海高等实业学堂， 1911年，辛亥革命爆发，学校改名为南洋大学堂；1912年民国成立后，划归交通部管理，遂更名为交通部上海工业专门学校；1921年上海工,candidate,2026-09-30,
4161010698,西安交通大学,http://www.xjtu.edu.cn/jdgk/xsyg.htm,校史沿革-西安交通大学,founded_year,1895,1895年秋在天津创办了中西学堂（1903年改名北洋大学堂，今天津大学前身），开中国人自办近代大学之先河。,candidate,2026-09-30,
4161010698,西安交通大学,http://www.xjtu.edu.cn/jdgk/xsyg.htm,校史沿革-西安交通大学,founded_year,1904,1897—1904年任公学督办，为学校的创建和发展做出了历史性的贡献。,candidate,2026-09-30,
4161010699,西北工业大学,https://www.nwpu.edu.cn/xxgk/xxjj.htm,学校简介-西北工业大学,motto,,学校全面贯彻党的教育方针，秉承“公诚勇毅”校训，弘扬“三实一新”（基础扎实、工作踏实、作风朴实、开拓创新）校风，坚持工科为本、三航当家、信息赋能、融合强校的发展思路，扎根西部、献身国防，为党育英才、为国铸重剑，为党和国家事业发展作出了重要贡献，书写了新中国历史上的多个“第一”，为,candidate,2026-09-30,
4161010701,西安电子科技大学,https://www.xidian.edu.cn/xxgk.htm#A,学校概况-西安电子科技大学,founded_year,1931,西安电子科技大学孕育成长于新民主主义革命的战火之中，从1931年中央军委无线电学校创建伊始，作为一所学校，跟随党中央和中央军委转战大江南北，参与了土地革命战争、二万五千里长征、抗日战争和解放战争，为中国革命的胜利做出了不可磨灭的历史贡献。,candidate,2026-09-30,
4161010710,长安大学,https://www.chd.edu.cn/xxgk/xxjj.htm,学校简介-长安大学,,,,no_pattern,2026-09-30,
4161010712,西北农林科技大学,https://www.nwsuaf.edu.cn/xxgk/xxjj/index.htm,西北农林科技大学学院专任教师在校生本科专业,founded_year,1934,学校前身是创建于1934年的国立西北农林专科学校，为西北地区最早的高等农林教育学府。,candidate,2026-09-30,
4161010712,西北农林科技大学,https://www.nwsuaf.edu.cn/xxgk/xxjj/index.htm,西北农林科技大学学院专任教师在校生本科专业,founded_year,1934,早在1934年建校之初，学校即开始招收本科生，1941年开始招收研究生。,candidate,2026-09-30,
4161010718,陕西师范大学,https://www.snnu.edu.cn/xxgk/xxjj.htm,,,,,fetch_error,2026-09-30,URLError
4163010743,青海大学,https://www.qhu.edu.cn/xxgk/xxjj/index.htm,学校简介-青海大学,founded_year,1958,学校前身为青海工学院，始建于1958年。,candidate,2026-09-30,
4163010743,青海大学,https://www.qhu.edu.cn/xxgk/xxjj/index.htm,学校简介-青海大学,founded_year,2019,2001年以来，清华大学、西北农林科技大学、中国地质大学（北京）、华东理工大学、上海交通大学、北京化工大学等6所知名高校先后对口支援青海大学，形成了“1+5”对口支援帮扶新格局；2004年成为青海省人民政府与教育部共同建设的“省部共建”大学；2008年成为国家“211工程”重点建,candidate,2026-09-30,
4163010743,青海大学,https://www.qhu.edu.cn/xxgk/xxjj/index.htm,学校简介-青海大学,motto,,站在新的历史起点，学校秉承“志比昆仑，学竞江河”的校训，弘扬新青海精神，以立德树人为根本，以支撑创新驱动发展战略、服务经济社会发展为导向，努力把学校建设成为有特色、高水平的现代大学。,candidate,2026-09-30,
4123010213,哈尔滨工业大学,http://www.hit.edu.cn/11538/list.htm,学校简介,founded_year,2020,2020年6月7日，习近平总书记致信祝贺哈尔滨工业大学建校100周年。,candidate,2026-09-30,
4123010213,哈尔滨工业大学,http://www.hit.edu.cn/11538/list.htm,学校简介,founded_year,1920,学校始建于1920年，1951年被确定为全国学习国外高等教育办学模式的两所样板大学之一，1954年进入国家首批重点建设的6所高校行列，被誉为“工程师的摇篮”。,candidate,2026-09-30,
4123010213,哈尔滨工业大学,http://www.hit.edu.cn/11538/list.htm,学校简介,motto,,学校始终坚持党的全面领导，坚持社会主义办学方向，模范执行党委领导下的校长负责制，坚持立德树人根本任务，坚持师德师风第一标准，形成了“政治引领、典型引路、品牌带动、校训育人”的党建和思想政治工作传统，于1996年、2001年、2011年、2021年四次获评全国先进基层党组织，于19,candidate,2026-09-30,
4123010213,哈尔滨工业大学,http://www.hit.edu.cn/11538/list.htm,学校简介,motto,,学校秉承“规格严格，功夫到家”的校训传统，形成了“厚基础、强实践、严过程、求创新”的人才培养特色，培养出了131位两院院士、178位大学书记和校长、152位省部级以上领导干部、55位共和国将军、千余位航天国防总师，培养出了共和国勋章获得者、全国最美奋斗者、全国模范教师、全国五一劳,candidate,2026-09-30,
4123010217,哈尔滨工程大学,https://www.hrbeu.edu.cn/xxgk/xxjj1.htm,学校简介-哈尔滨工程大学,founded_year,1953,哈尔滨工程大学源自1953年创办的中国人民解放军军事工程学院（哈军工），陈赓大将为首任院长，毛泽东主席为学院颁发《训词》，1959年被中共中央确定为全国重点大学。,candidate,2026-09-30,
4123010217,哈尔滨工程大学,https://www.hrbeu.edu.cn/xxgk/xxjj1.htm,学校简介-哈尔滨工程大学,founded_year,2002,学校是首批具有博士、硕士学位授予权单位，1996年被确定为首批“211工程”重点建设高校，2002年经教育部批准设立研究生院，2011年被确定为国家优势学科创新平台项目建设高校，2017年进入国家“双一流”建设行列。,candidate,2026-09-30,
4123010217,哈尔滨工程大学,https://www.hrbeu.edu.cn/xxgk/xxjj1.htm,学校简介-哈尔滨工程大学,motto,,学校继承和发扬哈军工精神，始终想的是党，为的是国，强的是军，坚守“以祖国需要为第一需要，以国防需求为第一使命，以人民满意为第一标准”价值追求，坚持敢为的自信、必成的劲头、开放的眼界、合作的气度，深化中国特色、国防底色、工信特色、船海核特色、龙江特色，践行“五个坚持、五个注重”办学,candidate,2026-09-30,
4123010224,东北农业大学,https://www.neau.edu.cn/xygk/xxjs.htm,学校介绍-东北农业大学,founded_year,1948,学校1948年创建于哈尔滨，始称东北农学院，是中国共产党创办的第一所普通高等农业院校，知名教育家、哈尔滨市第一任市长刘达为学校第一任院长。,candidate,2026-09-30,
4123010224,东北农业大学,https://www.neau.edu.cn/xygk/xxjs.htm,学校介绍-东北农业大学,motto,,作为东北三省一区唯一国家“双一流”建设农业院校和黑龙江省属唯一国家“双一流”建设高校，新时期的东北农业大学，始终坚持以习近平新时代中国特色社会主义思想为指导，深入学习贯彻党的二十大和二十届历次全会精神，全面学习贯彻习近平总书记视察我省期间重要讲话重要指示精神，认真落实省第十三次党,candidate,2026-09-30,
4123010225,东北林业大学,https://www.nefu.edu.cn/xxgk/xxjj.htm,学校简介-东北林业大学,founded_year,1952,学校创建于1952年7月，原名东北林学院，是在浙江大学农学院森林系和东北农学院森林系基础上建立的，由原国家林业部直属管理。,candidate,2026-09-30,
4123010225,东北林业大学,https://www.nefu.edu.cn/xxgk/xxjj.htm,学校简介-东北林业大学,founded_year,1952,学校创建于1952年7月，原名东北林学院，是在浙江大学农学院森林系和东北农学院森林系基础上建立的，由原国家林业部直属管理。,candidate,2026-09-30,
4123010225,东北林业大学,https://www.nefu.edu.cn/xxgk/xxjj.htm,学校简介-东北林业大学,founded_year,2024,2024年5月，学校在海南陵水黎安国际教育创新试验区设立了海南国际学院，通过中外合作办学机构、中外合作办学项目、国际学分中心、联合研究院一体化建设，努力打造重要的国际交流窗口与平台。,candidate,2026-09-30,
4123010225,东北林业大学,https://www.nefu.edu.cn/xxgk/xxjj.htm,学校简介-东北林业大学,motto,,学校始终坚持艰苦奋斗、生态报国，牢记“为党育人、为国育才”的初心使命，秉承“学参天地、德合自然”的校训，坚持“修身治学、树木树人”的办学理念，弘扬以“奋斗”为内核的东林精神，以“严谨、勤奋、求实、创新”为校风，以“替河山装成锦绣、把国土绘成丹青”为追求，弘扬“以林育人”的特色文化,candidate,2026-09-30,
4131010252,上海理工大学,https://www.usst.edu.cn/xxgk/list.htm,学校概况,founded_year,1906,学校的办学文脉可追溯到1906年创办的沪江大学和1907年创办的德文医工学堂。,candidate,2026-09-30,
4131010252,上海理工大学,https://www.usst.edu.cn/xxgk/list.htm,学校概况,motto,,学校在融合传承创新中凝练形成“信义勤爱，思学志远”的校训，激励新时代的上理人守正出新，砥砺奋进。,candidate,2026-09-30,
4131010254,上海海事大学,https://www.shmtu.edu.cn/12182/list.htm,学校简介,founded_year,1912,1912年成立吴淞商船学校，1933年更名为吴淞商船专科学校。,candidate,2026-09-30,
4131010256,上海电力大学,https://www.shiep.edu.cn/about_suep/list.htm,学校简介,founded_year,1951,学校创建于1951年，1985年1月升格为本科，更名为上海电力学院，2018年12月，经教育部批准更名为上海电力大学。,candidate,2026-09-30,
4131010256,上海电力大学,https://www.shiep.edu.cn/about_suep/list.htm,学校简介,motto,,学校的校训是“爱国、勤学、务实、奋进”，学校坚持“立足电力、立足应用、立足一线”的办学方针，树立“务实致用，明理致远”的办学理念。,candidate,2026-09-30,
4131010256,上海电力大学,https://www.shiep.edu.cn/about_suep/list.htm,学校简介,founded_year,1951,学校创建于1951年，长期隶属于国家电力部门管理，2000年属地化管理。,candidate,2026-09-30,
4131010256,上海电力大学,https://www.shiep.edu.cn/about_suep/list.htm,学校简介,founded_year,2018,学校历经了上海电业学校、上海动力学校、上海电力学校、上海电力高等专科学校、上海电力学院的发展演变，1985年起开始本科层次办学，2006年开始硕士层次办学，2018年成为博士学位授予单位，2023年获批设立电气工程博士后科研流动站，形成了完整的学位授权人才培养体系。,candidate,2026-09-30,
4131010256,上海电力大学,https://www.shiep.edu.cn/about_suep/list.htm,学校简介,founded_year,2024,学校是教育部首批“卓越工程师培养计划”试点院校，于2024年12月正式成立“上海电力大学能源电力卓越工程师学院”，全面统筹学校在能源电力领域的优势资源，积极探索“学科交叉、产教融合、校企协同”的全新育人路径，目前共有5个本科和2个硕士试点专业。,candidate,2026-09-30,
4131010259,上海应用技术大学,,,,,,no_source,2026-09-30,
4131010262,上海健康医学院,http://sumhs.admissions.cn,,,,,no_source,2026-09-30,
4131010270,上海师范大学,https://www.shnu.edu.cn/30331/list.htm,学校介绍,founded_year,1954,学校创建于1954年，1956年成为本科院校，1981年被国务院学位委员会确定为首批硕士学位授予单位，1986年被批准为博士学位授予单位，2017年入选教育部卓越教师培养计划实施院校。,candidate,2026-09-30,
4131010270,上海师范大学,https://www.shnu.edu.cn/30331/list.htm,学校介绍,motto,,建校以来，学校始终秉承情系教育的理念，在“厚德、博学、求是、笃行”校训的引领下，传承弘扬“师道永恒”的师大精神，涌现了一大批名师大家。,candidate,2026-09-30,
4131010273,上海对外经贸大学,https://www.suibe.edu.cn/7299/list.htm,学校简介,motto,,学校坚守“以学生为本、以学术为魂”的办学理念，秉承“诚信、宽容、博学、务实”的校训精神，始终与国家对外开放同频共振、同向同行。,candidate,2026-09-30,
4131010274,上海海关学院,,,,,,no_source,2026-09-30,
4131010276,华东政法大学,https://www.ecupl.edu.cn/611/list.htm,学校简介,motto,,多年来，华政人遵循“笃行致知，明德崇法”的校训，发扬“逆境中崛起，忧患中奋进，辉煌中卓越”的精神，已把学校建设成为一所以法学学科为主，兼有经济学、管理学、文学、工学等学科的办学特色鲜明的多科性大学，被誉为“法学教育的东方明珠”。,candidate,2026-09-30,
4131010276,华东政法大学,https://www.ecupl.edu.cn/611/list.htm,学校简介,founded_year,1981,学校自1981年起创办研究生教育，拥有法学、公共管理学、纪检监察学等3个一级学科博士学位授予点，拥有法律博士专业学位授予点，拥有法学、公共管理学、纪检监察学、应用经济学、社会学、政治学、马克思主义理论、外国语言文学、新闻传播学、区域国别学等10个一级学科硕士学位授予点（含一级学科,candidate,2026-09-30,
4131010279,上海戏剧学院,https://www.sta.edu.cn/1534/list.htm,上戏简介,founded_year,1945,上海戏剧学院创建于1945年，前身是上海市立实验戏剧学校，1945年12月1日由著名戏剧家李健吾、黄佐临、顾毓琇、顾仲彝等创立。,candidate,2026-09-30,
4131010283,上海公安学院,https://www.shpc.edu.cn,,,,,no_source,2026-09-30,
4131010856,上海工程技术大学,https://www.sues.edu.cn/26795/list.htm,学校简介,founded_year,1978,学校的前身为创建于1978年的上海交通大学机电分校（其中华东化工学院分院于1984年编入上海交通大学机电分校）和华东纺织工学院分院。,candidate,2026-09-30,
4131010856,上海工程技术大学,https://www.sues.edu.cn/26795/list.htm,学校简介,founded_year,1951,2003年经上海市人民政府批准，上海市高级技工学校（创建于1951年）整体划入上海工程技术大学。,candidate,2026-09-30,
4131011047,上海立信会计金融学院,,,,,,no_source,2026-09-30,
4131011458,上海电机学院,https://www.sdju.edu.cn/xxjj/list.htm,学校简介,founded_year,1953,学校的前身是成立于1953年的上海电器制造学校，先后历经了上海电机制造学校、上海电机制造技术专科学校、上海电机技术高等专科学校的发展演进。,candidate,2026-09-30,
4131011835,上海政法学院,,,,,,no_source,2026-09-30,
4131012044,上海第二工业大学,,,,,,no_source,2026-09-30,
4131012050,上海商学院,,,,,,no_source,2026-09-30,
4131016404,上海纽约大学,https://www.shnyu.edu.cn/cn/page/guan-yu-wo-men,关于我们 | 上海纽约大学,founded_year,2012,上海纽约大学成立于2012年，是经教育部批准，在上海市及浦东新区政府大力支持下，由华东师范大学和纽约大学合作创办的中国第一所中美合办研究型大学，也是纽约大学全球体系中具有学位授予资格的三大校园之一。,candidate,2026-09-30,
4153010674,昆明理工大学,https://www.kmust.edu.cn/xxgk/xxjj.htm,学校简介-昆明理工大学,founded_year,1954,昆明理工大学创建于1954年9月1日，时名“昆明工学院”，1995年更名为“昆明理工大学”，1999年原昆明理工大学与原云南工业大学合并组建新的昆明理工大学。,candidate,2026-09-30,
4153010674,昆明理工大学,https://www.kmust.edu.cn/xxgk/xxjj.htm,学校简介-昆明理工大学,motto,,新的历史时期，昆明理工大学坚持以立德树人为根本任务，秉承“根植红土、情系有色、坚韧不拔、赤诚报国”的精神和“明德任责、致知力行”的校训，坚持内涵发展、开放发展，以团结之心、实干之力、拼搏之劲，立足新发展阶段，贯彻新发展理念，构建新发展格局，加快推进“双一流”创建和特色鲜明的研究型,candidate,2026-09-30,
4153010676,云南农业大学,,,,,,no_source,2026-09-30,
4153010677,西南林业大学,,,,,,no_source,2026-09-30,
4153010678,昆明医科大学,https://www.kmmu.edu.cn/pages_2588_54245.aspx,昆明医科大学,founded_year,1933,昆明医科大学前身是创建于1933年的省立东陆大学医学专修科，1956年独立建院，1981年成为全国首批硕士学位授予单位，1998年成为博士学位授予单位，2010年云南医学高等专科学校并入，2012年更名为昆明医科大学。,candidate,2026-09-30,
4153010679,大理大学,,,,,,no_source,2026-09-30,
4153010680,云南中医药大学,,,,,,no_source,2026-09-30,
4153010681,云南师范大学,https://www.ynnu.edu.cn/ysgk/xxjj.htm,学校简介-云南师范大学,,,,no_pattern,2026-09-30,
4153010683,昭通学院,,,,,,no_source,2026-09-30,
4153010684,曲靖师范学院,https://www.qjnu.edu.cn/channels/9279.html,学校简介 | 曲靖师范学院,founded_year,1912,学校办学源于1907年建立的曲靖府师范传习所和1912年设置的云南省立第三师范学校，1956年成立曲靖师范学校，1978年升格为曲靖师范专科学校（1993年更名为曲靖师范高等专科学校），1980年设置曲靖地区师范学校，1984年设立曲靖教育学院。,candidate,2026-09-30,
4153010685,普洱学院,,,,,,no_source,2026-09-30,
4153010686,保山学院,,,,,,no_source,2026-09-30,
4153010687,红河学院,https://www.uoh.edu.cn/xqzl/xxgk.htm,学校概况-红河学院,founded_year,1978,学校位于毗邻越南的红河哈尼族彝族自治州，前身是创建于1978年的蒙自师范专科学校，2003年4月，由蒙自师范高等专科学校和云南广播电视大学红河分校合并组建成红河学院，升格为滇南地区首家本科院校，立志培养服务地方的高素质应用型人才，实行省州共建共管，以省为主的办学体制。,candidate,2026-09-30,
4153010687,红河学院,https://www.uoh.edu.cn/xqzl/xxgk.htm,学校概况-红河学院,motto,,学校坚守“为党育人、为国育才”的办学初心，秉持“博远有鸣，开阔弘毅”的校训和“道不虚谈，学贵实效”的校风，建校48年来为社会培养近7万名“下得去、留得住、吃得苦、用得上”的高素质应用型人才。,candidate,2026-09-30,
4153010689,云南财经大学,https://www.ynufe.edu.cn/xxgk/xxjj.htm,学校简介-云南财经大学,founded_year,1951,云南财经大学前身是始建于1951年的云南省财政干部学校；1979年开办财贸大专班，招收大专生；1981年成立云南财贸学院，开始全日制本科教育；1998年合并云南经济管理干部学院；1995年被云南省政府确定为省属重点大学；2006年更名为云南财经大学；2013年成为博士学位授权单位,candidate,2026-09-30,
4153010689,云南财经大学,https://www.ynufe.edu.cn/xxgk/xxjj.htm,学校简介-云南财经大学,motto,,学校秉承“好学笃行，厚德致远”的校训，坚守“求实创新”的校风、发扬“自强不息，敢为人先”的云财精神，凝练形成“严爱相济、润己泽人”的教风和“立志明德、博学躬行”的学风。,candidate,2026-09-30,
4153010690,云南艺术学院,https://www.ynart.edu.cn/xxgk/xxjj.htm,学校简介-云南艺术学院,founded_year,1959,始建于1959年6月2日，其前身可追溯到1938年西南联大的文化生活部和师范学院，是我国西南地区一所特色鲜明、艺术门类齐全的综合性高等艺术院校，是全国8所综合性普通本科高等艺术院校之一。,candidate,2026-09-30,
4153010690,云南艺术学院,https://www.ynart.edu.cn/xxgk/xxjj.htm,学校简介-云南艺术学院,motto,,面向未来，学校将始终遵循“继承传统、学习民间，兼容中外、服务社会”的办学理念，秉承“海涵地负、继往开来”的学校精神，“务实、求新、尚美”的校训，立足于云南地理区位优势和文化资源优势以及综合艺术院校办学优势，主动服务和融入国家和云南发展战略，致力于建设具有国际影响和特色鲜明的国内一,candidate,2026-09-30,
4153010691,云南民族大学,https://www.ymu.edu.cn/xxgk/xxjj.htm,学校简介-云南民族大学,founded_year,1951,学校创建于1951年8月1日，原名云南民族学院，是中华人民共和国最早成立的民族高等院校之一，2003年4月更名为云南民族大学，至今已走过75年办学历程。,candidate,2026-09-30,
4153010691,云南民族大学,https://www.ymu.edu.cn/xxgk/xxjj.htm,学校简介-云南民族大学,founded_year,2016,2014年12月，学校成为第二批中国-东盟教育培训中心承办单位；2016年12月，经外交部批复同意，建设澜湄职业教育基地，并以此为基础成立澜湄职业教育联盟，联盟成员单位目前已近100家。,candidate,2026-09-30,
4153011390,玉溪师范学院,https://www.yxnu.edu.cn/xxzl/xxjj.htm,学校简介-玉溪师范学院,motto,,学校秉承“至真至善 致美致用”的校训精神，根植玉溪、情系师范、立德...,candidate,2026-09-30,
4153011391,楚雄师范学院,https://www.cxtc.edu.cn/xxgk/xxjj.htm,学校简介-欢迎访问楚雄师范学院官网,founded_year,1936,学校办学历史可追溯于1936年建校的省立镇南师范学校。,candidate,2026-09-30,
4153011392,云南警官学院,https://www.ynpc.edu.cn/,云南警官学院官方网站,,,,no_pattern,2026-09-30,
4153011393,昆明学院,https://www.kmu.edu.cn/xxgk/xxjj.htm,学校简介-昆明学院--昆明学院官方网站,motto,,学校传承“聂耳精神”，秉持“明德至善、知行利物”校训，坚持社会主义办学方向，落实立德树人根本任务，为党育人、为国育才，是全国民族团结进步模范集体，是云南省首批培育社会主义核心价值观示范高校、首批“三全育人”综合改革试点高校，全省铸牢中华民族共同体意识教育示范学校，培养了大批“思想,candidate,2026-09-30,
4153011556,文山学院,https://www.wsu.edu.cn/xxgk/xxgk.htm,学校概况-文山学院,founded_year,1984,文山学院前身是1947年2月由云南昭通南迁至文山的国立西南师范学校；1984年4月经云南省人民政府批准成立文山师范专科学校，全国人大常委会原副委员长楚图南先生为学校题写校名；1992年更名为文山师范高等专科学校；2009年4月，教育部批准升格为全日制普通本科院校；2018年通过教,candidate,2026-09-30,
4153013326,滇池学院,,,,,,no_source,2026-09-30,
4153014012,曲靖健康医学院,,,,,,no_source,2026-09-30,
4153014015,丽江师范学院,,,,,,no_source,2026-09-30,
4153014016,德宏师范学院,,,,,,no_source,2026-09-30,
4153014092,滇西科技师范学院,https://www.wynu.edu.cn/info/1311/204251.htm,张世娟心理健康教育名师工作室开展心理健康团体辅导活动-滇西科技师范学院,,,,no_pattern,2026-09-30,
4153014623,滇西应用技术大学,,,,,,no_source,2026-09-30,
4115010127,内蒙古科技大学,https://www.imust.edu.cn/xxgk/xqgl.htm,校情概览-内蒙古科技大学,founded_year,1956,内蒙古科技大学创建于1956年，在“齐心协力建包钢”的火红年代应运而生，始为包头钢铁工业学校和包头建筑工程学校；1958年两校合并组建包头工学院，1960年更名为包头钢铁学院，为原冶金工业部直属八所钢铁学院之一。,candidate,2026-09-30,
4115010127,内蒙古科技大学,https://www.imust.edu.cn/xxgk/xqgl.htm,校情概览-内蒙古科技大学,founded_year,1958,1998年划归内蒙古自治区管理，2000年成立于1958年的内蒙古煤炭工业学校并入，2003年更名为内蒙古科技大学。,candidate,2026-09-30,
4115010127,内蒙古科技大学,https://www.imust.edu.cn/xxgk/xqgl.htm,校情概览-内蒙古科技大学,motto,,学校落实立德树人根本任务，秉持“百炼成钢”校训，发扬“自强不息、敢为人先”优良校风，坚定不移走内涵式高质量发展道路，着力培养高素质应用型人才，服务和推动区域经济社会高质量发展。,candidate,2026-09-30,
4115010128,内蒙古工业大学,https://www.imut.edu.cn/xxgl/xxjj1.htm,学校简介-内蒙古工业大学,founded_year,1951,学校创建于1951年，始为绥远省高级工业学校，开启内蒙古工程教育先河；1958年，在清华大学等高校支援下成立内蒙古工学院，开启本科办学新篇章；1983年，学校由机械工业部划归内蒙古自治区管理；1984年，学校获得硕士学位授予权；1993年，学校更名为内蒙古工业大学。,candidate,2026-09-30,
4115010128,内蒙古工业大学,https://www.imut.edu.cn/xxgl/xxjj1.htm,学校简介-内蒙古工业大学,motto,,站在新的历史起点上，内蒙古工业大学坚持以习近平新时代中国特色社会主义思想为指导，牢记 “为党育人、为国育才” 初心使命，紧紧围绕教育强国、教育强区战略部署，主动服务自治区建设国家重要能源和战略资源基地、打造我国向北开放重要桥头堡战略定位和使命任务，秉承 “博学躬行 尚志明德” 校,candidate,2026-09-30,
4115010129,内蒙古农业大学,https://xcb.imau.edu.cn/info/1003/3224.htm,关于组织2026级新生参观校史馆的通知-内蒙古农业大学宣传部（新闻中心）,,,,no_pattern,2026-09-30,
4115010132,内蒙古医科大学,,,,,,no_source,2026-09-30,
4115010135,内蒙古师范大学,https://www.imnu.edu.cn/xxgk/xxjj.htm,学校简介-内蒙古师范大学,motto,,建校74年来，学校秉承“献身、求实、团结、奋进”的校训，已培养输送各类毕业生32万余人。,candidate,2026-09-30,
4115010136,内蒙古民族大学,,,,,,no_source,2026-09-30,
4115010138,赤峰大学,,,,,,no_source,2026-09-30,
4115010139,内蒙古财经大学,,,,,,no_source,2026-09-30,
4115010819,呼伦贝尔学院,https://www.hlbec.edu.cn/xxgk/xxjj.htm,学校简介-呼伦贝尔学院,founded_year,1958,学校始建于1958年成立的呼伦贝尔大学，1977年恢复本专科招生。,candidate,2026-09-30,
4115010819,呼伦贝尔学院,https://www.hlbec.edu.cn/xxgk/xxjj.htm,学校简介-呼伦贝尔学院,motto,,站在新的历史起点上，呼伦贝尔学院坚持以习近平新时代中国特色社会主义思想为指导，全面贯彻新时代党的教育方针，牢记为党育人、为国育才的初心使命，落实立德树人根本任务，全面贯彻铸牢中华民族共同体意识主线，扎实落实自治区党委“1571”工作部署，秉承“明德致和、笃学尚行”的校训，发扬“艰,candidate,2026-09-30,
4115011427,集宁师范学院,https://www.jnnu.edu.cn/xxjj/xxjj.htm,学校简介-集宁师范学院,founded_year,1931,集宁师范学院的前身是始建于1931年的原绥远省立第二师范学校，1956年更名为集宁师范学校，1958年国务院批准成立乌兰察布盟师范专科学校，1985年自治区人民政府批准成立乌兰察布师范专科学校，1995年更名为集宁师范高等专科学校。,candidate,2026-09-30,
4115011427,集宁师范学院,https://www.jnnu.edu.cn/xxjj/xxjj.htm,学校简介-集宁师范学院,motto,,学校全面贯彻落实党的教育方针，坚持立德树人根本任务，坚守师范教育本色，坚持服务地方基础教育，立足乌兰察布市，面向内蒙古自治区，辐射周边省（市、区），以人才培养、科学研究、社会服务、文化传承创新、国际交流与合作为基本职能，秉承“求实创新，为人师表”校训精神，致力于培养师范教育、职业,candidate,2026-09-30,
4115011631,河套学院,,,,,,no_source,2026-09-30,
4115011709,呼和浩特民族学院,https://www.imnc.edu.cn/xxgk2/gywm1/xyjj1.htm,学院简介-呼和浩特民族学院,founded_year,1953,学校始建于1953年，前身为内蒙古蒙文专科学校和内蒙古民族师范学校，2000年合并组建内蒙古民族高等专科学校，2009年升本并更名为呼和浩特民族学院，2023年成为自治区“十四五”时期应用型转型高校、自治区人员总量控制试点高校，2024年获批为新增硕士学位授予单位。,candidate,2026-09-30,
4115011709,呼和浩特民族学院,https://www.imnc.edu.cn/xxgk2/gywm1/xyjj1.htm,学院简介-呼和浩特民族学院,motto,,学校坚持“质量立校、人才强校、特色兴校、依法治校”的办学理念，秉承“崇正、尚智、务本、传承”校训，扎根内蒙古，培养了7万名“下得去、留得住、靠得上、干得好”的应用型人才，为区域经济社会发展、民族团结进步、边疆繁荣稳定作出了积极贡献，先后十次获得国家和自治区民族团结进步先进集体荣誉,candidate,2026-09-30,
4115012797,内蒙古警察学院,,,,,,no_source,2026-09-30,
4115014531,内蒙古艺术学院,,,,,,no_source,2026-09-30,
4115014532,鄂尔多斯应用技术学院,,,,,,no_source,2026-09-30,
4111010009,北方工业大学,https://www.ncut.edu.cn/xxjs1/xxjj.htm,学校简介-北方工业大学,founded_year,1946,学校创立于1946年，前身是国立北平高级工业职业学校，新中国成立后，先后更名为“北京重工业学校”“北京钢铁工业学校”“北京冶金机电学院”，1985年更名北方工业大学，1998年划转北京市管理。,candidate,2026-09-30,
4111010011,北京工商大学,https://www.btbu.edu.cn/xxgk/xxgk2/index.htm,学校简介_北京工商大学,founded_year,1959,1959年商业部经国务院批准成立中央商学院，1960年更名为北京商学院，中央商业干部学校与北京商学院合并。,candidate,2026-09-30,
4111010011,北京工商大学,https://www.btbu.edu.cn/xxgk/xxgk2/index.htm,学校简介_北京工商大学,founded_year,2024,2013年、2014年，学校先后获批与爱尔兰考克大学“应用统计学”专业和“食品科学与工程”专业中外合作办学项目；2022年、2023年，获批国家留学基金委创新型国际化人才培养项目和青年骨干教师项目实施院校；2023年，与柬埔寨金边皇家大学签署合作协议共建中柬商学院；2024年，牵,candidate,2026-09-30,
4111010012,北京服装学院,https://www.bift.edu.cn/xwgg/zxjz/6bf488dfbb7149f9a35f30f1f37e81b5.htm,展览讲座,founded_year,1959,学校前身是1959年2月创建的北京纺织工学院，1961年7月更名为北京化学纤维工学院，1987年2月改扩建为北京服装学院，是我国第一所公办服装高校。,candidate,2026-09-30,
4111010015,北京印刷学院,https://www.bigc.edu.cn/xxgk19/xxjj19/index.htm,学校简介_北京印刷学院,motto,,学校坚持立德树人，以“守正出新 笃志敏行”为校训，持续为复合创新型出版时代新人培养提供北印方案。,candidate,2026-09-30,
4111010016,北京建筑大学,https://www.bucea.edu.cn/gbxxgk/gbxxjj/index.htm,北京建筑大学,motto,,百余年来，学校遵循“立德树人、开放创新”的办学理念和“团结、勤奋、求实、创新”的校风，秉承“实事求是、精益求精”的校训和“爱国奉献、坚毅笃行、诚信朴实、敢为人先”的北建大精神，为国家培养了9万多名优秀毕业生，他们参与了北京70多年来重大城市建设工程，成为国家和首都城市建设系统的骨,candidate,2026-09-30,
4111010017,北京石油化工学院,https://www.bipt.edu.cn/xxgk/xxjs/index.htm,北京石油化工学院,founded_year,1978,学校创建于1978年，2000年2月由中国石油化工集团公司划归北京市管理。,candidate,2026-09-30,
4111010017,北京石油化工学院,https://www.bipt.edu.cn/xxgk/xxjs/index.htm,北京石油化工学院,motto,,建校以来，学校秉承“宁静致远 务本维新”的校训，坚持“崇尚实践、知行并重”的办学理念，涵养“团结、勤奋、求实、创新”的校风，传承实践育人特色，为国家能源化工行业和首都经济社会发展培养了大批优秀人才。,candidate,2026-09-30,
4111010018,北京电子科技学院,https://www.besti.edu.cn/201/69.html,学院简介,founded_year,1947,学院创建于1947年8月，前身为中央工委青年干部训练班。,candidate,2026-09-30,
4111010020,北京农学院,https://www.bua.edu.cn/xxgk/xxjj.htm,学校简介-北京农学院,founded_year,1956,北京农学院前身为河北省通县农业学校，创建于1956年。,candidate,2026-09-30,
4111010020,北京农学院,https://www.bua.edu.cn/xxgk/xxjj.htm,学校简介-北京农学院,motto,,建校以来，学校始终坚守农林教育初心使命，凝练形成了“厚德笃行，博学尚农”的校训，秉持“以农为本，唯实求新”的办学理念，着力打造“都市型现代农林高等教育”的鲜明办学特色，构建起本科教育、研究生教育、继续教育协调发展的多层次办学体系。,candidate,2026-09-30,
4111010020,北京农学院,https://www.bua.edu.cn/xxgk/xxjj.htm,学校简介-北京农学院,founded_year,2026,2026年是中国共产党成立105周年，是“十五五”开局之年，是教育强国建设三年行动计划承上启下关键之年，也是学校高质量发展的攻坚之年。,candidate,2026-09-30,
4111010020,北京农学院,https://www.bua.edu.cn/xxgk/xxjj.htm,学校简介-北京农学院,founded_year,1956,"北京农学院（以下简称“学校”）始建于1956年的河北省通县农业学校，1958年通县农业学校与北京农业合作干部学校合并为北京市农业学校，1965年更名为北京农业劳动大学，1978年12月经国务院批准建立北京农学院,1983年被确定为国家第二批学士学位授予单位,2003年获准成为硕士",candidate,2026-09-30,
4111010020,北京农学院,https://www.bua.edu.cn/xxgk/xxjj.htm,学校简介-北京农学院,motto,,第六十二条学校的校训为“厚德笃行，博学尚农”。,candidate,2026-09-30,
4111010025,首都医科大学,https://www.ccmu.edu.cn/xxgk/xxjj/index.htm,学校简介-首都医科大学,founded_year,1960,首都医科大学建校于1960年，是北京市重点高等院校，是北京市政府、国家卫生健康委员会、教育部共建院校。,candidate,2026-09-30,
4111010025,首都医科大学,https://www.ccmu.edu.cn/xxgk/xxjj/index.htm,学校简介-首都医科大学,motto,,学校始终坚持社会主义办学方向，全面贯彻党的教育方针，坚持以立德树人为根本，秉承“扶伤济世、敬德修业”的校训，遵循医学教育规律，牢记社会责任，把为健康中国健康北京建设、京津冀协同发展战略实施、首都“四个中心”功能建设做贡献为己任，努力办人民满意的医科大学，培养人民满意的健康守护人，,candidate,2026-09-30,
4111010029,首都体育学院,https://www.cupes.edu.cn/xxgk/xxjj/index.htm,首都体育学院,founded_year,1956,1956年建校，原名北京体育学校，1960年改建为北京体育师范学院，2000年更名为首都体育学院。,candidate,2026-09-30,
4111010031,北京第二外国语学院,https://www.bisu.edu.cn/,北京第二外国语学院,,,,no_pattern,2026-09-30,
4111010032,北京语言大学,https://www.blcu.edu.cn/xxgk/xxjj.htm,学校简介-北京语言大学,founded_year,1938,学校的前身有两个：一是对出国留学人员的外语预备教育，它的前身可追溯到1938年陕北延安的俄文讲习班和于1952年北京俄文专修学校成立的“留苏预备部”；二是对来华留学生的汉语预备教育，可追溯到1950年清华大学举办的“东欧交换生中国语文专修班”。,candidate,2026-09-30,
4111010032,北京语言大学,https://www.blcu.edu.cn/xxgk/xxjj.htm,学校简介-北京语言大学,motto,,学校坚持立德树人根本任务，秉承“德行言语、敦睦天下”的校训和“爱国担当、诚朴厚德、求真创新、开放包容”的大学精神，培养具备专业知识、人文素养、国际视野、创新精神和实践能力的中外文化交流友好使者和各类优秀人才。,candidate,2026-09-30,
4111010037,北京物资学院,http://www.bwu.edu.cn/xxgk/xxjj.htm,学校简介-北京物资学院,motto,,如今，北京物资学院秉承“厚德博学、笃行日新”的校训，求真务实，开拓创新，正努力建设首都乃至全国的高素质物流人才培养中心、物流理论研究中心、物流政策与决策咨询中心和物流技术创新中心，朝着建设有特色高水平应用型大学的目标阔步前进。,candidate,2026-09-30,
4111010038,首都经济贸易大学,https://www.cueb.edu.cn/xxgk/xxjj/index.htm,首都经济贸易大学,founded_year,1956,首都经济贸易大学作为北京市属重点大学，创建于1956年，拥有经济学、管理学、法学、文学、理学和工学等六大学科，以经济学、管理学为重要特色和突出优势。,candidate,2026-09-30,
4111010038,首都经济贸易大学,https://www.cueb.edu.cn/xxgk/xxjj/index.htm,首都经济贸易大学,founded_year,1956,首都经济贸易大学创建于1956年，是由原北京经济学院和原北京财贸学院于1995年3月合并组建的北京市属重点大学。,candidate,2026-09-30,
4111010038,首都经济贸易大学,https://www.cueb.edu.cn/xxgk/xxjj/index.htm,首都经济贸易大学,motto,,建校70年来，学校坚持走内涵、特色、差异化发展道路，积淀形成“崇德尚能，经世济民”的校训精神，发展成为一所以经济学、管理学为重要特色和突出优势，法学、文学、理学和工学等多学科相互支撑、协调发展的高水平研究型大学。,candidate,2026-09-30,
4111010038,首都经济贸易大学,https://www.cueb.edu.cn/xxgk/xxjj/index.htm,首都经济贸易大学,founded_year,2006,学校自2006年起在国内高校中率先成立了教师促进中心（OTA），该中心为北京市最早开展教师职业生涯规划与促进教师发展的教师柔性组织。,candidate,2026-09-30,
4111010039,中国消防救援学院,,,,,,no_source,2026-09-30,
4111010042,国际关系学院,https://www.uir.edu.cn/info/1341/25751.htm,青年服务国家 | “携手同行”团队-国际关系学院,,,,no_pattern,2026-09-30,
4111010049,中国戏曲学院,https://www.nacta.edu.cn/,中国戏曲学院,,,,no_pattern,2026-09-30,
4111010050,北京电影学院,,,,,,no_source,2026-09-30,
4111010051,北京舞蹈学院,https://www.bda.edu.cn/xygk/xyjj/index.htm,,,,,no_pattern,2026-09-30,
4111011149,中华女子学院,https://www.cwu.edu.cn/xxgk1.htm,学校概况-中华女子学院,founded_year,1949,中华女子学院（全国妇联干部培训学院）（以下简称“学校”）是全国妇联所属的全国第一所妇女干部学校、第一所女子成人高校、教育部批准备案的第一所公办全日制女子普通本科学校、第一所女子高等教育与妇女干部培训一体化办学的高校、第一所设立全球妇女发展合作交流培训基地的高校，前身是1949年由,candidate,2026-09-30,
4111011149,中华女子学院,https://www.cwu.edu.cn/xxgk1.htm,学校概况-中华女子学院,founded_year,2024,2024年，国家国际发展合作署在学校设立“全球妇女发展合作交流培训基地”。,candidate,2026-09-30,
4111011149,中华女子学院,https://www.cwu.edu.cn/xxgk1.htm,学校概况-中华女子学院,motto,,着眼未来，学校将继续坚持立德树人根本任务，坚守为党育人、为国育才的初心使命，坚持“质量立校、特色兴校、人才强校、环境美校”的治校方略，秉承“崇德、至爱、博学、尚美”的校训精神，深化综合改革，厚植办学特色，高质量建设中国特色女子大学和妇联干部培训学院。,candidate,2026-09-30,
4111011232,北京信息科技大学,https://www.bistu.edu.cn/xxgk/index.html,,,,,no_pattern,2026-09-30,
4111011417,北京联合大学,https://www.buu.edu.cn,北京联合大学,,,,no_pattern,2026-09-30,
4111011625,中国青年政治学院,https://www.cyu.edu.cn/zjtx/#md1,中央团校（中国青年政治学院）,founded_year,1936,长征到达陕北后，1936年，团中央在保安县刘家坪村创办了中央团校，后改名为鲁迅青年学校。,candidate,2026-09-30,
4111011625,中国青年政治学院,https://www.cyu.edu.cn/zjtx/#md1,中央团校（中国青年政治学院）,founded_year,1940,1940年5月，党中央在安吴青训班基础上于延安创办了“泽东青年干部学校”。,candidate,2026-09-30,
4111011625,中国青年政治学院,https://www.cyu.edu.cn/zjtx/#md1,中央团校（中国青年政治学院）,founded_year,1986,1986年，学校成立轮训部，统一负责团干部教育培训工作。,candidate,2026-09-30,
4111011831,首钢工学院,https://www.sgit.edu.cn/xygk/xxjj.htm,学校简介-首钢工学院,founded_year,1978,首钢工学院成立于1978年，前身为北京钢铁学院分院，是国家教育部批准成立、北京市教育委员会领导管理、首钢集团有限公司举办的公办全日制普通本科高等院校。,candidate,2026-09-30,
4111012453,中国劳动关系学院,,,,,,no_source,2026-09-30,
4111014019,北京警察学院,,,,,,no_source,2026-09-30,
4111014596,中国社会科学院大学,http://www.ucass.edu.cn/,,,,,no_source,2026-09-30,
4122010186,长春理工大学,https://www.cust.edu.cn/xxgk2026/xxjj2026/index.htm,学校简介-长春理工大学,founded_year,1958,长春理工大学原名长春光学精密机械学院，1958年由中国科学院创办，是新中国第一所培养光学专门人才的高等院校。,candidate,2026-09-30,
4122010188,东北电力大学,,,,,,no_source,2026-09-30,
4122010190,长春工业大学,https://www.ccut.edu.cn/gdgl/xxjj.htm,学校简介-长春工业大学,founded_year,1952,始建于1952年，建校初期是国家为筹建中国第一汽车制造厂而创办的长春汽车工业学校，先后经历了长春工业专科学校、吉林理工学院、吉林工学院等发展阶段。,candidate,2026-09-30,
4122010190,长春工业大学,https://www.ccut.edu.cn/gdgl/xxjj.htm,学校简介-长春工业大学,motto,,学校在长期办学实践中积淀形成“自强不息、志在一流”的工大精神和“爱国敬业、求实创新”的校训，努力培养具有创新意识、创新精神和创新能力的高级工程型和复合型专业人才，建校70多年来为国家培养了各类优秀人才22万余人。,candidate,2026-09-30,
4122010191,吉林建筑大学,,,,,,no_source,2026-09-30,
4122010192,吉林化工大学,,,,,,no_source,2026-09-30,
4122010193,吉林农业大学,https://www.jlau.edu.cn/xxgk/xxjj.htm,学校简介-吉林农业大学,founded_year,1948,吉林农业大学前身是中共中央东北局于1948年在黑龙江省创建的农业干部学校，1950年升格为黑龙江农业专科学校，1956年升格为北安农学院，开始四年制本科教育。,candidate,2026-09-30,
4122010193,吉林农业大学,https://www.jlau.edu.cn/xxgk/xxjj.htm,学校简介-吉林农业大学,motto,,建校以来，学校秉承“明德崇智 厚朴笃行”的校训，始终坚持社会主义办学方向，紧密围绕立德树人根本任务，坚持服务国家和地方经济建设与社会发展，走出了一条“把论文写在大地上”的特色办学之路，培养和造就了包括吉林省省属单位首位院士在内的18万余名优秀学子。,candidate,2026-09-30,
4122010199,长春中医药大学,,,,,,no_source,2026-09-30,
4122010201,北华大学,,,,,,no_source,2026-09-30,
4122010202,通化师范学院,https://www.thnu.edu.cn,通化师范学院,,,,no_pattern,2026-09-30,
4122010203,吉林师范大学,,,,,,no_source,2026-09-30,
4122010204,吉林工程技术师范学院,https://www.jlenu.edu.cn/xxgk/xxjj.htm,学校简介-吉林工程技术师范学院,founded_year,1959,学校始建于1959年，前身为吉林省劳动厅技工学校；1979年经国务院批准成立吉林技工师范学院，隶属原国家劳动总局；1983年，划归吉林省管理并更名为吉林职业师范学院；2000年8月，吉林省经济贸易学校并入；2002年2月，经教育部批准更名为吉林工程技术师范学院；2015年8月，吉,candidate,2026-09-30,
4122010204,吉林工程技术师范学院,https://www.jlenu.edu.cn/xxgk/xxjj.htm,学校简介-吉林工程技术师范学院,motto,,新时代新征程，学校将坚持以习近平新时代中国特色社会主义思想为指导，深入学习贯彻党的二十大和二十届历次全会精神，以高质量党建引领学校事业高质量发展，秉承“笃学敬业，求是创新”校训和“精益求精，崇师尚学”的工师精神，坚持面向职教、服务职教、引领职教，培养具有“大国良师”品质的职教教师,candidate,2026-09-30,
4122010205,长春师范大学,,,,,,no_source,2026-09-30,
4122010206,白城师范学院,,,,,,no_source,2026-09-30,
4122010207,吉林财经大学,https://www.jlufe.edu.cn/cdgk/xxjj.htm,学校简介-吉林财经大学,founded_year,1946,学校起始于1946年东北银行总行创办的银行干部训练班，后历经东北银行干部学校、东北银行专门学校、中国人民银行长春银行学校等发展阶段。,candidate,2026-09-30,
4122010208,吉林体育学院,,,,,,no_source,2026-09-30,
4122010209,吉林艺术学院,https://www.jlart.edu.cn/xygk/lsyg1.htm,历史沿革-吉林艺术学院官网,founded_year,1946,学院创建于1946年，其前身是1938年中国共产党在抗日根据地延安创办的延安鲁迅艺术文学院。,candidate,2026-09-30,
4122010964,吉林外国语大学,,,,,,no_source,2026-09-30,
4122011261,吉林工商学院,https://www.jlbtc.edu.cn/,吉林工商学院,,,,no_pattern,2026-09-30,
4122011437,长春工程学院,,,,,,no_source,2026-09-30,
4122011439,吉林农业科技学院,,,,,,no_source,2026-09-30,
4122011441,吉林警察学院,,,,,,no_source,2026-09-30,
4122011726,长春大学,,,,,,no_source,2026-09-30,
4122013706,吉林医药学院,https://www.jlmu.cn/xxgk/xxjj.htm,,,,,no_source,2026-09-30,
4111012802,吉利学院,,,,,,no_source,2026-09-30,
4151010619,西南科技大学,,,,,,no_source,2026-09-30,
4151010621,成都信息工程大学,https://www.cuit.edu.cn/xygk/xxjj.htm,学校简介-成都信息工程大学,founded_year,1951,学校创建于1951年，1956年改制为中央气象局成都气象学校；1978年升格为本科院校——成都气象学院；2000年学校由中国气象局划转四川省，更名为成都信息工程学院；2001年原隶属国家统计局的四川统计学校整体并入；2015年更名为成都信息工程大学。,candidate,2026-09-30,
4151010622,四川轻化工大学,https://www.suse.edu.cn/14/list.htm,学校概况,,,,no_pattern,2026-09-30,
4151010623,西华大学,,,,,,no_source,2026-09-30,
4151010624,中国民用航空飞行学院,https://www.cafuc.edu.cn/xxgk/xxjj.htm,学校简介-中国民用航空飞行学院,founded_year,1956,中国民用航空飞行学院，简称“中飞院”，创建于1956年，是中国民航局直属的部省共建本科高校。,candidate,2026-09-30,
4151010628,西昌学院,,,,,,no_source,2026-09-30,
4151010632,西南医科大学,https://www.swmu.edu.cn/xqzl/xxgk.htm,学校概况-西南医科大学,founded_year,1951,学校前身西南区川南医士学校始建于1951年，1959年升格为泸州医学专科学校，1978年升格为本科院校并更名为泸州医学院，1982年获得学士学位授予权，1993年成为硕士学位授予单位，2001年开始联合培养博士，2004年起开展留学本科生学历教育，2010年获准设立博士后科研工作,candidate,2026-09-30,
4151010632,西南医科大学,https://www.swmu.edu.cn/xqzl/xxgk.htm,学校概况-西南医科大学,motto,,在长期的办学实践中，学校形成“团结奋斗、艰苦创业”的优良传统，秉承“厚德精业、仁爱济世”的校训和“自强不息、守正出新”的精神，坚持“厚德精业、兼容开放”的办学理念，形成了“德业双修、中西医并重”的办学特色。,candidate,2026-09-30,
4151010634,川北医学院,,,,,,no_source,2026-09-30,
4151010636,四川师范大学,https://www.sicnu.edu.cn/xxgk/sdjj.htm,师大简介-四川师范大学,founded_year,1946,学校办学历史始于1946年，源起抗战胜利后东北大学留川师生在三台县创办的私立川北农工学院，1950年迁址南充，更名为川北大学。,candidate,2026-09-30,
4151010636,四川师范大学,https://www.sicnu.edu.cn/xxgk/sdjj.htm,师大简介-四川师范大学,motto,,学校秉承“重德、博学、务实、尚美”的校训，践行“励志笃行、止于至善”的校风，弘扬胸怀家国的红色底色、重德博学的师范本色、求是奋进的务实基色、尚美化人的育人特色，建校80年来累计培养了近80万名各类毕业生，为西部基础教育提质和区域经济社会发展作出了重要贡献。,candidate,2026-09-30,
4151010636,四川师范大学,https://www.sicnu.edu.cn/xxgk/sdjj.htm,师大简介-四川师范大学,motto,,学校秉承“重德、博学、务实、尚美”的校训，践行“励志笃行、止于至善”的校风，弘扬胸怀家国的红色底色、重德博学的师范本色、求是奋进的务实基色、尚美化人的育人特色，建校80年来累计培养了近80万名各类毕业生，为西部基础教育提质和区域经济社会发展作出了重要贡献。,candidate,2026-09-30,
4151010638,西华师范大学,,,,,,no_source,2026-09-30,
4151010639,绵阳师范学院,,,,,,no_source,2026-09-30,
4151010640,内江师范学院,https://www.njtc.edu.cn/xxgk/xxjj.htm,学校简介-内江师范学院,motto,,学校于1956年举办高等教育，秉承“明德、博学、笃行、创新”的校训，践行“扎根地方、追求卓越”的办学理念，发扬“团结奋进、负重自强”的内师精神，全面落实立德树人根本任务，全力推进学校内涵式高质量发展，目前已发展成为省属同类院校中办学条件优、学科门类齐、综合实力强，融研究生教育、普,candidate,2026-09-30,
4151010640,内江师范学院,https://www.njtc.edu.cn/xxgk/xxjj.htm,学校简介-内江师范学院,founded_year,1956,学校举办师范教育的历史可追溯至1905年的四川省内江县官立简易师范学堂，高等教育开始于1956年的四川省内江初中师资训练班。,candidate,2026-09-30,
4151010641,宜宾学院,,,,,,no_source,2026-09-30,
4151010644,四川文理学院,https://www.sasu.edu.cn/xxgk/xxjj.htm,学校简介-四川文理学院欢迎您！,motto,,学校坚持以习近平新时代中国特色社会主义思想为指导，全面贯彻党和国家的教育方针，坚持社会主义办学方向，落实立德树人根本任务，遵循高等教育规律，秉承“博文大理，厚德笃行”的校训，弘扬“艰难困苦，玉汝于成”的办学精神，坚持“学生主体、教师主导、环境育人、社会合作”的办学思路，积极探索知,candidate,2026-09-30,
4151010646,阿坝师范学院,,,,,,no_source,2026-09-30,
4151010649,乐山师范学院,,,,,,no_source,2026-09-30,
4151010653,成都体育学院,https://www.cdsu.edu.cn/,,,,,no_source,2026-09-30,
4151010654,四川音乐学院,https://www.sccm.edu.cn/xwzx/show-5762.html,赋能小学美育，手风琴与现代器乐系师生走进锦官新城小学，-四川音乐学院,,,,no_pattern,2026-09-30,
4151010656,西南民族大学,,,,,,no_source,2026-09-30,
4151011079,成都大学,https://www.cdu.edu.cn/xxgk/xxjj.htm,学校简介-成都大学,founded_year,1978,成都大学创建于1978年，是改革开放后首批地方城市主办的全日制普通本科院校。,candidate,2026-09-30,
4151011079,成都大学,https://www.cdu.edu.cn/xxgk/xxjj.htm,学校简介-成都大学,motto,,学校坚持以民族振兴和社会进步为己任，秉承“自爱、自修、自尊、自强”校训，弘扬“求真务实、自强不息”成大精神，坚持“雅成大德、恒成大器”育人理念，坚持“扎根成都、面向世界、服务社会”服务定位，以成大之治成效展示成都之治形象。,candidate,2026-09-30,
4151011116,成都工业学院,,,,,,no_source,2026-09-30,
4151011360,攀枝花学院,https://www.pzhu.edu.cn/xxgk/xxjj.htm,学校简介-攀枝花学院官网,founded_year,1983,历史沿革：学校由方毅、宋任穷等老一辈革命家倡导，始建于1983年，党和国家领导人方毅、费孝通先后题写“攀枝花大学”“攀枝花学院”校名。,candidate,2026-09-30,
4151011360,攀枝花学院,https://www.pzhu.edu.cn/xxgk/xxjj.htm,学校简介-攀枝花学院官网,motto,,办学目标：建校42年以来，学校坚持“立足攀西、面向西部、辐射全国”的服务定位，秉持“明德、砺志、博学、笃行”的校训和坚持“立德树人、产教融合、应用为先”的办学理念，传承弘扬“三线精神”，锻造学生“艰苦奋斗 自律自强”的品格特质，培养“具有相应专业能力，较强创新精神和职业能力的应用,candidate,2026-09-30,
4151011552,四川旅游学院,https://www.sctu.edu.cn/xxgk2/xxjj1.htm,学校简介-四川旅游学院,founded_year,1985,1985年，在邓小平同志的亲切关怀下，教育部正式批复同意创建四川烹饪高等专科学校。,candidate,2026-09-30,
4151011552,四川旅游学院,https://www.sctu.edu.cn/xxgk2/xxjj1.htm,学校简介-四川旅游学院,motto,,在50年的办学历程中，学校始终与中华饮食文化传承和旅游产业发展同频共振，秉承“读万卷书、行万里路”的校训，形成了“坚毅笃行，精专创新”的川旅精神。,candidate,2026-09-30,
4151011661,四川民族学院,,,,,,no_source,2026-09-30,
4151012212,四川警察学院,https://www.scpolicec.edu.cn/xxgk1/xxjj.htm,学校简介-四川警察学院,founded_year,1950,学校始于1950年建立的川西人民行政公署公安厅公安学校，2000年建立四川警官高等专科学校，2006年建立四川警察学院，2011年获批警务专业硕士研究生培养试点单位，2018年获批硕士学位授予单位，2023年获批四川省新增博士学位授予立项建设单位（优先培育类）。,candidate,2026-09-30,
4151013705,成都医学院,http://news.cmc.edu.cn/info/1004/33336.htm,殷墟考古专家走进成医 讲解中华文明探源的基石-成医新闻网,,,,no_pattern,2026-09-30,
4151014389,成都师范学院,https://www.cdnu.edu.cn/xygk/xsyg.htm,,,,,fetch_error,2026-09-30,URLError
4151014984,广安理工学院,,,,,,no_source,2026-09-30,
4151014985,成都美术学院,,,,,,no_source,2026-09-30,
4112010057,天津科技大学,https://www.tust.edu.cn/,天津科技大学,,,,no_pattern,2026-09-30,
4112010059,中国民航大学,,,,,,no_source,2026-09-30,
4112010060,天津理工大学,https://www.tjut.edu.cn/tlgk/xxjj.htm,学校简介-天津理工大学,founded_year,1981,学校前身为天津理工学院，于1979年以天津大学理工分校名义开始招收本科生，1981年经国务院批准正式设立。,candidate,2026-09-30,
4112010060,天津理工大学,https://www.tjut.edu.cn/tlgk/xxjj.htm,学校简介-天津理工大学,motto,,天津理工大学高举习近平新时代中国特色社会主义思想伟大旗帜，坚持以党的二十大和二十届历次全会精神为指导，深入学习贯彻习近平总书记视察天津重要讲话精神，全面贯彻党的教育方针，坚持社会主义办学方向，秉承“重德重能 求实求新”的校训，弘扬“爱国奉献、求真务实、艰苦奋斗、开放包容、创新进取,candidate,2026-09-30,
4112010061,天津农学院,,,,,,no_source,2026-09-30,
4112010065,天津师范大学,,,,,,no_source,2026-09-30,
4112010066,天津职业技术师范大学,https://www.tute.edu.cn,天津职业技术师范大学官方网站,,,,no_pattern,2026-09-30,
4112010068,天津外国语大学,,,,,,no_source,2026-09-30,
4112010069,天津商业大学,https://www.tjcu.edu.cn/xxgk/xxjj.htm,学校简介-天津商业大学,motto,,学校坚持以习近平新时代中国特色社会主义思想为指导，坚持和加强党的全面领导，全面贯彻党的教育方针，落实立德树人根本任务，深化综合改革，强化办学特色，秉承“育经世之商才，授致用之术业”的办学理念，以“笃学 弘毅 明德 济世”为校训，坚定不移走“商科特色彰显、商工深度融合、文理交叉贯通,candidate,2026-09-30,
4112010070,天津财经大学,https://www.tjufe.edu.cn/tcgk/xxjj.htm,学校简介-天津财经大学,founded_year,1958,天津财经大学始建于1958年，是新中国最早建立的财经大学之一。,candidate,2026-09-30,
4112010071,天津体育学院,,,,,,no_source,2026-09-30,
4112010072,天津音乐学院,https://www.tjcm.edu.cn/xxjj/xxjj.htm,学校简介-天津音乐学院,,,,no_pattern,2026-09-30,
4112010073,天津美术学院,https://www.tjarts.edu.cn/xxgk1/xxjj.htm,学校简介-天津美术学院,founded_year,1906,天津美术学院前身为北洋女师范学堂，1906年由近代著名教育家傅增湘先生创办。,candidate,2026-09-30,
4112010073,天津美术学院,https://www.tjarts.edu.cn/xxgk1/xxjj.htm,学校简介-天津美术学院,motto,,"进入新时代，学校以习近平新时代中国特色社会主义思想为指导，全面贯彻党的教育方针，坚持社会主义办学方向,坚持“四个服务”，落实立德树人根本任务，秉承“崇德尚艺、力学力行”的校训精神，全面深化教育教学改革，不断提高人才培养质量，努力建设中国特色、品质卓越、国际知名的一流美术学院。",candidate,2026-09-30,
4112010792,天津城建大学,https://www.tcu.edu.cn/xxgk/xxjj.htm,学校简介-天津城建大学,founded_year,1978,天津城建大学是天津市属普通高等学校，始建于1978年，前身为天津大学第四分校，依托天津大学开办本科教育；1979年，更名为天津大学建筑分校，1987年，更名为天津城市建设学院；2013年，更名为天津城建大学。,candidate,2026-09-30,
4112010792,天津城建大学,https://www.tcu.edu.cn/xxgk/xxjj.htm,学校简介-天津城建大学,motto,,在48年的办学历程中，学校坚持和加强党对学校工作的全面领导，全面贯彻党的教育方针，始终坚持社会主义办学方向，以立德树人为根本任务，以“发展城市科学，培育建设人才”为办学宗旨，秉承“依托行业，强化特色，质量为本，追求卓越”的办学理念，践行“重德重能、善学善建”的校训精神，在服务新型,candidate,2026-09-30,
4112010792,天津城建大学,https://www.tcu.edu.cn/xxgk/xxjj.htm,学校简介-天津城建大学,founded_year,2019,学校与波兰克拉科夫工业大学及比亚威斯托克工业大学合作举办“天津城建大学国际工程学院”于2019年获教育部批准设立，是中波两国合作的首个、天津市市属高校中唯一一个开展本硕层次教育的中外合作办学机构，已累计招生近1600人。,candidate,2026-09-30,
4112012105,天津中德应用技术大学,https://www.tsguas.edu.cn/xxgk/xxjj.htm,学校简介-天津中德应用技术大学,founded_year,1985,1985年建校即开始企业员工培训；2001年改制为天津中德职业技术学院；2015年升格为天津中德应用技术大学；2017年被纳入天津市“双一流”大学建设体系；2021年获批“硕士学位授予单位”。,candidate,2026-09-30,
4112012105,天津中德应用技术大学,https://www.tsguas.edu.cn/xxgk/xxjj.htm,学校简介-天津中德应用技术大学,motto,,学校秉承“崇实 求精 致良知”的校训精神，坚持聚焦工业发展需求，致力于培养“政治过硬、技能精湛、诚实守信、理性平和”的高级技师、一线工程师、大国工匠，形成了“以工匠精神为传承、以实践能力为核心、以产教融合为路径”的办学特色。,candidate,2026-09-30,
4112012723,天津警察学院,,,,,,no_source,2026-09-30,
4164010752,宁夏医科大学,https://www.nxmu.edu.cn/xxgk/xxjj.htm,学校简介-宁夏医科大学门户网站,,,,no_pattern,2026-09-30,
4164010753,宁夏师范大学,,,,,,no_source,2026-09-30,
4164011407,北方民族大学,,,,,,no_source,2026-09-30,
4134010360,安徽工业大学,https://www.ahut.edu.cn/xxgk/xxjj.htm,学校简介-欢迎访问安徽工业大学门户网站！,founded_year,1958,学校前身是创建于1958年的马鞍山钢铁工业学校；1977年经国务院批准组建马鞍山钢铁学院，隶属于原冶金工业部；1985年更名为华东冶金学院；1998年划转安徽省，实行“中央与地方共建，以安徽省管理为主”的管理体制；2000年经教育部和安徽省人民政府批准，华东冶金学院和安徽商业高等,candidate,2026-09-30,
4134010360,安徽工业大学,https://www.ahut.edu.cn/xxgk/xxjj.htm,学校简介-欢迎访问安徽工业大学门户网站！,motto,,建校68年来，学校弘扬“钢铁报国、工业强国”办学传统，传承“团结、求实、勤奋、创新”优良校风，铸就“精工博学、厚德敏行”校训精神， 积淀“至诚报国、服务人民，追求真理、崇尚科技，无私奉献、争创一流”大学文化，现已成为一所以工为主，工、理、经、管、文、法、艺七大学科门类协调发展，具,candidate,2026-09-30,
4134010361,安徽理工大学,https://www.aust.edu.cn/xxgk/xxjj.htm,学校简介-安徽理工大学,founded_year,1945,安徽理工大学创建于1945年，是安徽省第一所工科高校，与合肥工业大学同根同源，是安徽省重点建设的特色高水平大学，安徽省与中华人民共和国应急管理部共建高校，国家中西部高校基础能力建设工程支持建设高校，教育部“卓越工程师教育培养计划”实施高校，科技部“国家创新人才培养示范基地”，全国,candidate,2026-09-30,
4134010361,安徽理工大学,https://www.aust.edu.cn/xxgk/xxjj.htm,学校简介-安徽理工大学,founded_year,1945,学校起源于1945年创建的安徽省立蚌埠工业职业学校，1947年升格为安徽省立工业专科学校，开启了安徽省现代高等工科教育的先河。,candidate,2026-09-30,
4134010361,安徽理工大学,https://www.aust.edu.cn/xxgk/xxjj.htm,学校简介-安徽理工大学,founded_year,2022,2022年安徽省汽车工业学校（安徽汽车应用技师学院）划转，2024年设立合肥校区。,candidate,2026-09-30,
4134010361,安徽理工大学,https://www.aust.edu.cn/xxgk/xxjj.htm,学校简介-安徽理工大学,motto,,展望未来，安徽理工大学将全面贯彻党的教育方针，坚持社会主义办学方向，秉承“团结、奋进、博学、奉献”的校训，弘扬“志存高远、追求卓越、求真务实”校园精神，继承艰苦奋斗、自信自强的优良传统，奋力创建安全科学与工程世界一流学科和国内一流特色高水平大学，为经济社会发展作出新的更大贡献!,candidate,2026-09-30,
4134010363,安徽工程大学,https://www.ahpu.edu.cn/11283/list.htm,学校简介,founded_year,1935,学校坐落在国家级开放城市芜湖，办学始于1935年安徽私立内思高级职业学校，历经芜湖电机制造学校（隶属于原国家第一机械工业部）、芜湖机械学校、安徽机电学院、安徽工程科技学院等办学阶段，2003年获批硕士学位授予单位，2010年更名为安徽工程大学。,candidate,2026-09-30,
4134010363,安徽工程大学,https://www.ahpu.edu.cn/11283/list.htm,学校简介,motto,,学校始终把立德树人作为根本任务，坚持“人才强校、质量立校、特色与和谐兴校”的办学理念和“诚实做人、踏实做事、扎实做学问”的育人理念，以“三抓”工作为统领，深入推进“三全六专”育人实践，积淀出“雨耕勤作赤铸精工”的大学精神和“尚德敏学唯实惟新”的校训，坚持走以提升质量、打造特色为核,candidate,2026-09-30,
4134010364,安徽农业大学,https://www.ahau.edu.cn/xxgk/xxjj.htm,学校简介-安徽农业大学,founded_year,1928,学校肇始于1928年在当时的省府安庆创办的省立安徽大学，1946年更名为国立安徽大学，1949年成建制迁往芜湖，更名为安徽大学。,candidate,2026-09-30,
4134010364,安徽农业大学,https://www.ahau.edu.cn/xxgk/xxjj.htm,学校简介-安徽农业大学,motto,,近百年来，学校发扬优良传统、赓续红色血脉，砥砺出“奉献 创新 奋斗”的安农精神，凝练出“脚踏实地”的校训，积淀出“团结 勤奋 求实 创新”的校风，涵养出“敬敷 勤勉 弘道”的教风，孕育出“博学 敏行 善言”的学风，累计为国家培养了40万余名“强农先锋 社会英才”，其中普通高等教育,candidate,2026-09-30,
4134010366,安徽医科大学,,,,,,no_source,2026-09-30,
4134010367,蚌埠医科大学,https://www.bbmu.edu.cn/xxgk1/xxjj.htm,学校简介-蚌埠医科大学,motto,,68年来，学校大力弘扬“艰苦创业、严谨治学、精诚为医、团结奉献”的蚌医精神，秉承“笃学、精业、修德、厚生”的校训，传承上二医优良传统，在长期办学实践中，逐步凝练出“固本守教、教授施教、传帮带学、反复实践”的人才培养理念。,candidate,2026-09-30,
4134010368,皖南医科大学,https://www.wnmc.edu.cn/xxgk/xxjj.htm,学校简介-皖南医科大学,,,,no_pattern,2026-09-30,
4134010369,安徽中医药大学,https://www.ahtcm.edu.cn/xxgk/xxjj.htm,学校简介-安徽中医药大学,founded_year,1952,安徽中医药大学前身为1952年创立的安徽省中医进修班。,candidate,2026-09-30,
4134010370,安徽师范大学,https://www.ahnu.edu.cn/xxgk/xxjj.htm,学校简介-安徽师范大学,founded_year,1928,学校前身是1928年创建于安庆市的省立安徽大学，1946年更名为国立安徽大学，1949年12月成建制迁至芜湖。,candidate,2026-09-30,
4134010371,阜阳师范大学,,,,,,no_source,2026-09-30,
4134010372,安庆师范大学,https://www.aqnu.edu.cn/xxgklm/xxjj.htm,学校简介-安庆师范大学,,,,no_pattern,2026-09-30,
4134010373,淮北师范大学,,,,,,no_source,2026-09-30,
4134010375,黄山学院,https://www.hsu.edu.cn/5/list.htm,学院简介,founded_year,1978,1978年，学校开始创办高等教育，1980年成立徽州师范专科学校；1997年12月，更名为黄山高等专科学校；1998年4月，原中国科学技术大学徽州大专班整体并入；2000年8月，原黄山林业学校整体并入；2002年2月，升格为黄山学院。,candidate,2026-09-30,
4134010376,皖西学院,,,,,,no_source,2026-09-30,
4134010377,滁州学院,,,,,,no_source,2026-09-30,
4134010378,安徽财经大学,https://www.aufe.edu.cn/8427/list.htm,学校简介,,,,no_pattern,2026-09-30,
4134010379,宿州学院,https://www.ahszu.edu.cn/xygk/xxjj.htm,学校简介-宿州学院欢迎您！ -- 校训：友善 博学 务实 奋进,founded_year,1949,学校创建于1949年，历经皖北宿县区师范学校、安徽师范大学宿县教学点、宿州师范专科学校等办学阶段，2004年升本更名为宿州学院，2008年获得学士学位授予权，2009年入选安徽省首批示范应用型本科高校建设单位，2014年通过教育部本科教学工作合格评估，2015年获批为安徽省地方应,candidate,2026-09-30,
4134010379,宿州学院,https://www.ahszu.edu.cn/xygk/xxjj.htm,学校简介-宿州学院欢迎您！ -- 校训：友善 博学 务实 奋进,motto,,学校坚持“地方性、应用型”办学定位，坚守“立足皖北、面向安徽、辐射全国，服务引领区域经济社会发展”，秉持“质量立校、人才强校、科研兴校、文化铸校、特色名校、开放办校”办学理念，弘扬“友善、博学、务实、奋进”校训精神，着力推动内涵式高质量发展，取得显著办学成绩，是“全国大学生创新创,candidate,2026-09-30,
4134010380,巢湖学院,,,,,,no_source,2026-09-30,
4134010381,淮南师范学院,,,,,,no_source,2026-09-30,
4134010383,铜陵学院,,,,,,no_source,2026-09-30,
4134010878,安徽建筑大学,https://www.ahjzu.edu.cn/14647/list.htm,学校简介,founded_year,1958,安徽建筑大学是安徽省唯一一所以土建类学科专业为特色的多科性大学，始建于1958年。,candidate,2026-09-30,
4134010878,安徽建筑大学,https://www.ahjzu.edu.cn/14647/list.htm,学校简介,motto,,学校坚持“进德、弘毅、博学、善建”的校训，坚持“立足安徽、面向长三角、辐射全国、服务新型城镇化”的办学定位和“质量立校、创新领校、人才强校、特色兴校、依法治校”的办学理念，坚持走打好“建”字牌，做好“徽”文章的特色发展之路。,candidate,2026-09-30,
4134010879,安徽科技工程大学,https://www.ahstu.edu.cn/xxgk1/xxjj.htm,学校简介-安徽科技工程大学,founded_year,1950,学校起始于1950年的皖北高级农林学校，1965年开始举办本科教育，2012年开始独立培养研究生。,candidate,2026-09-30,
4134010879,安徽科技工程大学,https://www.ahstu.edu.cn/xxgk1/xxjj.htm,学校简介-安徽科技工程大学,motto,,学校秉承“明德、致知、笃行、创新”的校训，弘扬“艰苦奋斗、开拓创新、求真务实、无私奉献”的安科精神，实施“特色发展、团队发展、服务发展、绿色发展、安全发展”五大战略，成为以农科为特色、农工管为主体，多学科相互支撑、协调发展的应用型高水平大学。,candidate,2026-09-30,
4134011059,合肥大学,https://www.hfuu.edu.cn/4162/list.htm,学校简介,founded_year,1980,学校前身是创办于1980年的合肥联合大学，创办伊始即实行本科招生；1985年，安徽省政府和下萨克森州政府签署共建协议，成为中德共建的示范性应用科学大学；2002年，与合肥教育学院、合肥师范学校合并组建合肥学院；2018年，获批硕士学位授予单位；2023年11月30日，教育部正式批,candidate,2026-09-30,
4134011305,蚌埠学院,https://www.bbc.edu.cn/3861/list.htm,学校简介,founded_year,1978,学校举办高等教育始于1978年，2007年4月经教育部批准，由原蚌埠高等专科学校、蚌埠教育学院、蚌埠职工大学合并成立。,candidate,2026-09-30,
4134011305,蚌埠学院,https://www.bbc.edu.cn/3861/list.htm,学校简介,motto,,学校坚持以习近平新时代中国特色社会主义思想为指导，全面贯彻党的教育方针，落实立德树人根本任务，秉承“笃学、重行、修德、立才”校训精神，坚持“地方性、应用型、数智化”办学定位，坚持质量立校、人才强校、特色兴校、开放活校、依法治校、文化荣校发展战略，坚持扎根蚌埠、服务皖北、面向安徽、,candidate,2026-09-30,
4134011306,池州学院,https://www.czu.edu.cn/xxgk/xxjj.htm,学校简介-池州学院,founded_year,1977,学校始建于1977年，初为安徽劳动大学池州地区专科班，1980年定名为池州师范专科学校，1999年原池州工业学校并入，2002年原安徽省经贸学校并入，2007年升格为池州学院，2014年、2019年分别通过教育部本科教学工作合格评估和审核评估，2024年成为新增硕士学位授予单位重,candidate,2026-09-30,
4134011306,池州学院,https://www.czu.edu.cn/xxgk/xxjj.htm,学校简介-池州学院,motto,,在多年办学历程中，学校坚持以建设特色鲜明的地方应用型高水平大学为目标，秉承“以孔子为师 以行知为友”校训，坚持“地方性、开放性、应用型”办学定位，坚持“以生为本，以用为先”人才培养理念，坚持“能力导向、素养为基、专长分流、合作培养”的人才培养模式，走转型发展、内涵发展、特色发展之,candidate,2026-09-30,
4134012925,安徽第二医学院,https://www.ahyz.edu.cn/xxgk/xxjj.htm,学校简介-安徽第二医学院,founded_year,1955,安徽第二医学院前身是合肥卫生学校，始建于1955年；1969年迁至巢湖市；1974年9月回迁合肥市并设安徽省卫生干部进修学校；1978年7月恢复合肥卫生学校；2001年6月升格为安徽卫生职业技术学院；2002年3月更名为安徽医学高等专科学校；2025年6月升格为安徽第二医学院。,candidate,2026-09-30,
4134012925,安徽第二医学院,https://www.ahyz.edu.cn/xxgk/xxjj.htm,学校简介-安徽第二医学院,motto,,展望未来，学校将以习近平新时代中国特色社会主义思想为指导，深入学习贯彻党的二十大精神，坚持党的全面领导，贯彻新发展理念，落实立德树人根本任务，秉承“厚德精医、博学笃行”的校训，坚持“质量立校、人才强校、特色兴校、文化铸校”的理念，围绕“教育强国”“人才强国”“健康中国”“健康安徽,candidate,2026-09-30,
4134012926,亳州学院,,,,,,no_source,2026-09-30,
4134013612,合肥理工学院,https://www.hfit.edu.cn/16/list.htm,学校简介,founded_year,2003,学校前身为创建于2003年的安徽大学江淮学院。,candidate,2026-09-30,
4134013614,马鞍山学院,,,,,,no_source,2026-09-30,
4134013617,芜湖学院,https://www.uwh.edu.cn/article/11.html,芜湖学院简介 - 学校简介 - 学校概况 - 芜湖学院,founded_year,2004,其前身为创建于2004年的安徽师范大学皖江学院。,candidate,2026-09-30,
4134014098,合肥师范学院,https://www.hfnu.edu.cn/info/1043/400363.htm,以非遗曲艺上好思政大课 第十四届中国曲艺牡丹奖艺术团惠民演出走进我校-合肥师范学院,,,,no_pattern,2026-09-30,
4134014203,皖江工学院,https://www.wjut.edu.cn/xuexiaogaikuang/xuexiaojianjie/,皖江工学院-原河海大学文天学院官网,,,,no_pattern,2026-09-30,
4134014682,安徽艺术学院,https://www.ahua.edu.cn/17/list.htm,学校简介,founded_year,1959,安徽艺术学院坐落于安徽省合肥市，是安徽省唯一独立设置的公办本科艺术类高校，前身是创建于1959年的安徽艺术学院，2013年成立安徽大学艺术与传媒学院，2019年独立设置为安徽艺术学院。,candidate,2026-09-30,
4134014682,安徽艺术学院,https://www.ahua.edu.cn/17/list.htm,学校简介,motto,,学校以立德树人为根本，以人才培养为中心，秉承“崇德尚艺 知行合一”的校训，围绕“地方性、应用型、特色化”办学定位，坚持“以生为本、以用为先”的人才培养理念，立足“能力导向、素养为基、个性发展、合作培养”的人才培养模式，着力培养“高素质、强能力、精才艺、善应用”的应用型人才。,candidate,2026-09-30,
4134014840,安徽公安学院,,,,,,no_source,2026-09-30,
4137010424,山东科技大学,https://www.sdust.edu.cn/xxgk/xxjj.htm,学校简介-山东科技大学,founded_year,1951,学校建校于1951年，是一所工科优势突出，行业特色鲜明，工学、理学、管理学、文学、法学、经济学、艺术学、教育学等多学科相互渗透、协调发展的山东省重点建设应用基础型人才培养特色名校和高水平大学“冲一流”建设高校。,candidate,2026-09-30,
4137010424,山东科技大学,https://www.sdust.edu.cn/xxgk/xxjj.htm,学校简介-山东科技大学,motto,,面向未来，学校全体师生秉承“惟真求新”的校训和“团结、勤奋、求是、创新”的校风，发扬“坚韧不拔、发奋图强”的科大精神，弘扬“爱校奉献、敬业实干”的科大传统，奋进新时代，抢抓新机遇，实现新跨越，努力将学校建设成为工科主导、特色鲜明的高水平应用研究型大学。,candidate,2026-09-30,
4137010426,青岛科技大学,https://www.qust.edu.cn/xxgk/xxjj_.htm,学校简介 -青岛科技大学,founded_year,1950,学校历史底蕴厚重，前身是创建于1950年的沈阳轻工业高级职业学校，1956年迁至青岛，更名为青岛橡胶工业学校；1958年升格为山东化工学院，1984年、2002年先后更名为青岛化工学院和青岛科技大学。,candidate,2026-09-30,
4137010427,济南大学,https://www.ujn.edu.cn/xxgk/xxjj.htm,学校简介-济南大学,founded_year,1948,学校始建于1948年，建校70多年来，学校铭记“弘毅、博学、求真、至善”的校训，传承“勤奋、严谨、团结、创新”的校风，发扬“艰苦奋斗、凝心聚力、追求卓越”的精神，为国家建设和经济社会发展培养了大批优秀人才，40余万名校友遍布海内外。,candidate,2026-09-30,
4137010429,青岛理工大学,,,,,,no_source,2026-09-30,
4137010430,山东建筑大学,,,,,,no_source,2026-09-30,
4137010431,齐鲁工业大学,https://www.qlu.edu.cn/5215/list.htm,学校简介,founded_year,1948,齐鲁工业大学的历史可追溯到1948年由解放军胶东军区成立的胶东工业学校。,candidate,2026-09-30,
4137010431,齐鲁工业大学,https://www.qlu.edu.cn/5215/list.htm,学校简介,founded_year,1979,山东省科学院成立于1979年，是省政府直属的事业单位，是山东省最大的综合性自然科学研究机构，前身为始建于1958年的中国科学院山东分院。,candidate,2026-09-30,
4137010433,山东理工大学,https://www.sdut.edu.cn/xxgk/xxjj.htm,学校简介-山东理工大学,founded_year,1956,学校多源汇聚，承载着各个时期汇入的不同院校的历史，以1956年创建的山东省济南农业机械化学校为建校起点。,candidate,2026-09-30,
4137010433,山东理工大学,https://www.sdut.edu.cn/xxgk/xxjj.htm,学校简介-山东理工大学,motto,,学校将高举习近平新时代中国特色社会主义思想伟大旗帜，深入贯彻党的二十大和二十届历次全会精神，牢记为党育人、为国育才使命，秉承“厚德、博学、笃行、至善”校训，坚持以高质量党建引领高质量发展，深入实施“1225”十大战略举措，努力建成行业特色鲜明的现代化高水平应用研究型大学，为教育强,candidate,2026-09-30,
4137010434,山东农业大学,http://www.sdau.edu.cn/7/list.htm,学校简介,founded_year,1906,山东农业大学坐落在雄伟壮丽的泰山脚下，前身是1906年创办于济南的山东高等农业学堂。,candidate,2026-09-30,
4137010434,山东农业大学,http://www.sdau.edu.cn/7/list.htm,学校简介,motto,,在百余年办学历程中，学校不断传承和弘扬优良文化传统和崇高精神品质，提出了“学用结合、学以实为贵，育人为本、学术至上”的办学理念，形成了“登高必自”的校训，凝练了以“树人、求真、包容、开放”为核心的大学文化，铸就了“爱国爱校、质朴厚德、求真创新、实干奋进”为核心元素的农大精神。,candidate,2026-09-30,
4137010435,青岛农业大学,https://www.qau.edu.cn/channel/xuexiaogaikuang,学校简介_青岛农业大学_Qingdao Agricultural University,founded_year,1951,青岛农业大学始建于1951年，建有城阳、平度、莱阳和现代农业科技服务中心（胶州、平度）。,candidate,2026-09-30,
4137010435,青岛农业大学,https://www.qau.edu.cn/channel/xuexiaogaikuang,学校简介_青岛农业大学_Qingdao Agricultural University,motto,,在长期的办学实践中，学校铸就了“厚德、博学、笃行、致远”的校训和“勤奋、严谨、求实、创新”的校风，形成了“矢志三农、勤奋求实，自强不息、追求卓越，培养高素质应用型人才”的办学特色。,candidate,2026-09-30,
4137010438,山东第二医科大学,https://www.sdsmu.edu.cn/4227/list.htm,学校简介,motto,,站在新的历史起点，学校秉承“乐道济世”的校训，弘扬“自强不息、锐意进取”的精神，不忘初心，继续前进，全面迈入建设特色鲜明的高水平医科大学新征程。,candidate,2026-09-30,
4137010439,山东第一医科大学,https://www.sdfmu.edu.cn/xxgk1/xxjj.htm,学校简介-山东第一医科大学,founded_year,1915,山东第一医科大学（山东省医学科学院）的办学历史可追溯至创建于1915年的山东省立医学讲习所，拥有百年医脉传承。,candidate,2026-09-30,
4137010440,山东医药大学,https://www.sdmpu.edu.cn/1776/list.htm,学校简介,founded_year,1974,学校前身可溯源至1946年的原国立山东大学医学院，1956年3月独立建制为青岛医学院，1970年10月整体搬迁至山东省惠民地区行署驻地北镇办学，1974年11月设立青岛医学院北镇分院，1981年9月独立建制为北镇医学院，1983年3月随驻地更名为滨州医学院，2026年3月更名为山,candidate,2026-09-30,
4137010440,山东医药大学,https://www.sdmpu.edu.cn/1776/list.htm,学校简介,founded_year,1985,1985年，学校创办了我国第一个专门招收肢体残疾青年的大学本科专业（医学二系），开创了我国残疾人高等教育的先河。,candidate,2026-09-30,
4137010440,山东医药大学,https://www.sdmpu.edu.cn/1776/list.htm,学校简介,motto,,人才培养 学校始终以立德树人为根本任务、以人才培养为中心，秉承“仁心、妙术”的校训精神，弘扬“团结、严谨、求实、创新”的校风，践行“教书育人、为人师表、严谨治学、敬业奉献”教风和“崇尚科学、追求真理、勤奋学习、诚实守信”的学风，50多年来，为社会培养了20万余名各类医学及医学相关,candidate,2026-09-30,
4137010441,山东中医药大学,https://www.sdutcm.edu.cn/xxgk1/xxjj.htm,学校简介-山东中医药大学,founded_year,1958,山东中医药大学原为山东中医学院，创建于1958年，是新中国早期建立的中医药高等学府之一。,candidate,2026-09-30,
4137010441,山东中医药大学,https://www.sdutcm.edu.cn/xxgk1/xxjj.htm,学校简介-山东中医药大学,motto,,学校坚持以习近平新时代中国特色社会主义思想为指导，坚定拥护“两个确立”、坚决做到“两个维护”，紧紧围绕立德树人根本任务，坚持社会主义办学方向，全面贯彻党的教育方针，秉承“厚德怀仁、博学笃行”的校训，坚持“以文化人、厚重基础、注重传承、勇于创新”的办学特色，传承精华、守正创新，为党,candidate,2026-09-30,
4137010443,济宁医学院,https://www.jnmc.edu.cn/4578/list.htm,学校简介,founded_year,1952,学校的前身是山东医学院医士班，1952年独立建校，1958年开始本科办学，现有济宁太白湖校区、任城校区和日照校区，已发展成为一所以医学教育为主体，医、理、工、管、文等多学科交叉融合、协调发展的高等医学院校。,candidate,2026-09-30,
4137010445,山东师范大学,http://www.sdnu.edu.cn/overview/introduction.htm,学校简介-山东师范大学,motto,,建校75年来，学校植根齐鲁文化沃土，汲取泉城人文灵韵，秉承“尊贤尚功、奋发有为”的校园精神和“弘德明志、博学笃行”的校训，自觉传承创新齐鲁文化，努力彰显教师教育特色，目前已发展成为一所学科专业齐全、学位体系完备、师资人才充沛、社会声誉优良的综合性高等师范院校。,candidate,2026-09-30,
4137010446,曲阜师范大学,https://www.qfnu.edu.cn/ljxx/xxjj.htm,学校简介-曲阜师范大学,motto,,建校以来，学校深汲传统文化底蕴，厚植以文化人情怀，秉承“学而不厌，诲人不倦”校训，发扬“勤奋、朴实、团结、进取”校风，弘扬“顶天立地，知行合一”曲园精神，发展成为基础文理优势鲜明、弘扬优秀传统文化和培养卓越教师特色突出的省属重点大学。,candidate,2026-09-30,
4137010447,聊城大学,https://www.lcu.edu.cn/xxgk/index.htm,,,,,no_pattern,2026-09-30,
4137010448,德州学院,https://www.dzu.edu.cn/xxgk/xxjj.htm,学校简介-德州学院,founded_year,1971,学校始建于1971年，前身是德州师范专科学校。,candidate,2026-09-30,
4137010448,德州学院,https://www.dzu.edu.cn/xxgk/xxjj.htm,学校简介-德州学院,motto,,学校秉承“崇德启智，励志博学”的校训，发扬“艰苦奋斗，自强不息”的德院精神，为区域经济社会发展培养了20余万名优秀人才。,candidate,2026-09-30,
4137010449,山东航空学院,,,,,,no_source,2026-09-30,
4137010451,鲁东大学,https://www.ldu.edu.cn/xxgk/xxjj.htm,学校简介-鲁东大学,founded_year,1930,学校始建于1930年，历经山东省立第二乡村师范学校、胶东公学、胶东师范学校、莱阳师范学校、莱阳师范专科学校、烟台师范专科学校、烟台师范学院等发展阶段，始终与中华民族争取独立、自由、民主、富强的伟大复兴事业同呼吸、共命运。,candidate,2026-09-30,
4137010451,鲁东大学,https://www.ldu.edu.cn/xxgk/xxjj.htm,学校简介-鲁东大学,motto,,在近百年的办学实践中，学校传承教育薪火，续写报国华章，孕育了“厚德、博学、日新、笃行”的校训，传承了“求是至善，尚实致用”的校风，赓续了鲜明的红色基因、深厚的家国情怀和坚定的强国梦想。,candidate,2026-09-30,
4137010452,临沂大学,https://www.lyu.edu.cn/xxjj/list.htm,学校简介,founded_year,1941,学校始建于1941年，前身是中国人民抗日军事政治大学第一分校支持兴办的滨海中学（后更名滨海建国学院），历经临沂第一师范、临沂教师进修学校、临沂教育学院、临沂师专、临沂师范学院等发展阶段。,candidate,2026-09-30,
4137010452,临沂大学,https://www.lyu.edu.cn/xxjj/list.htm,学校简介,motto,,建校85年来，学校传承红色基因、弘扬沂蒙精神，积淀形成“明义、锐思、弘毅、致远”的校训和“实”的校风，铸就“有信仰、能吃苦、善创新、敢担当、乐奉献”的临大特质，形成革命老区大学浓厚红色基因和鲜明办学特色。,candidate,2026-09-30,
4137010453,泰山学院,https://www.tsu.edu.cn/8334/list.htm,学校简介,founded_year,1958,学校办学历史悠久，前身为1958年创办的济南师范专科学校，办学历史可追溯到1905年创办的泰安府官立师范学堂，2002年教育部批准升格为本科院校，更名为泰山学院。,candidate,2026-09-30,
4137010454,济宁学院,https://www.jnxy.edu.cn/xxgk/xxjj.htm,学校简介-济宁学院,founded_year,1905,学校的办学历史可以上溯到清光绪三十一年（1905年）成立的曲阜县官立四氏初级完全师范学堂。,candidate,2026-09-30,
4137010454,济宁学院,https://www.jnxy.edu.cn/xxgk/xxjj.htm,学校简介-济宁学院,motto,,学校根植孔孟之乡，沐浴圣地儒风，秉承“博学笃志、择善敦行”的校训，形成了“至诚至朴、求是求新”的校风、“诲人不倦、敦品励学”的教风和“学而不厌、切问近思”的学风。,candidate,2026-09-30,
4137010455,菏泽学院,https://www.hezeu.edu.cn/xxkk/xxjj.htm,学校简介-菏泽学院,founded_year,1949,学校前身是始建于1949年初的冀鲁豫区菏泽师范学校。,candidate,2026-09-30,
4137010455,菏泽学院,https://www.hezeu.edu.cn/xxkk/xxjj.htm,学校简介-菏泽学院,motto,,办学77年来，学校弘扬“修德、笃学、求是、创新”的校训精神，秉承“崇实尚义、励学图强”的校风，坚持“应用型、地方性、开放式”的办学定位，走内涵式高质量发展之路，现已成为一所多学科门类协调发展的高校，先后获得省级文明单位、省级花园式单位、山东省绿色学校、全省高校教学管理先进单位等荣,candidate,2026-09-30,
4137010456,山东财经大学,https://www.sdufe.edu.cn/xxgk_/xxjj.htm,学校简介-山东财经大学,founded_year,1948,学校肇始于1948年创办的山东省立商业专门学校，时任山东省人民政府财政厅厅长顾准兼任校长。,candidate,2026-09-30,
4137010456,山东财经大学,https://www.sdufe.edu.cn/xxgk_/xxjj.htm,学校简介-山东财经大学,founded_year,2012,2011年7月4日，原山东经济学院和原山东财政学院合并筹建山东财经大学，2012年6月9日正式揭牌成立。,candidate,2026-09-30,
4137010456,山东财经大学,https://www.sdufe.edu.cn/xxgk_/xxjj.htm,学校简介-山东财经大学,founded_year,1952,山东经济学院的前身是创建于1952年的山东财政经济学院，“文革”期间中断办学，1978年恢复办学并更名为山东经济学院；山东财政学院始建于1986年，邓小平同志亲笔题写校名，是财政部直属六所高校之一。,candidate,2026-09-30,
4137010456,山东财经大学,https://www.sdufe.edu.cn/xxgk_/xxjj.htm,学校简介-山东财经大学,motto,,70余年来，山东财经大学秉持“立德树人、经世济民”办学宗旨，弘扬“克明峻德 格物致知”校训精神，为国家经济建设和社会发展培养了一大批德才兼备的高素质财经专业人才。,candidate,2026-09-30,
4137010457,山东体育学院,https://www.sdpei.edu.cn/385/list.htm,学校简介,founded_year,1958,山东体育学院创建于1958年，是全国较早设立的体育本科院校。,candidate,2026-09-30,
4137010458,山东艺术学院,https://www.sdca.edu.cn/sygk/xxjj.htm,学校简介-山东艺术学院SHANDONG UNIVERSITY OF ARTS,founded_year,1958,山东艺术学院建校于1958年，坐落在名泉簇拥的历史文化名城济南，是山东省人民政府与国家文化和旅游部共建高校、山东省应用型本科高校建设支持单位、博士学位授予单位，拥有艺术学门类下全部一级学科及专业学位类别硕士学位授权点以及艺术学、音乐、美术与书法三个博士学位授权点。,candidate,2026-09-30,
4137010458,山东艺术学院,https://www.sdca.edu.cn/sygk/xxjj.htm,学校简介-山东艺术学院SHANDONG UNIVERSITY OF ARTS,motto,,学校坚持以习近平新时代中国特色社会主义思想为指导，认真贯彻党和国家的教育方针、文艺方针，以“闳约深美”为校训，弘扬“重品德、厚基础，重实践、强学术”的办学传统，坚持内涵式发展、特色发展、高质量发展，着力培养德艺双馨、具有艺术个性和创新精神的优秀艺术人才。,candidate,2026-09-30,
4137010458,山东艺术学院,https://www.sdca.edu.cn/sygk/xxjj.htm,学校简介-山东艺术学院SHANDONG UNIVERSITY OF ARTS,motto,,这些德艺双馨的老艺术家，严谨治学、潜心创作，为社会留下了一件件艺术珍品，也为学校留下了弥足珍贵的精神财富，即“闳约深美”的校训精神。,candidate,2026-09-30,
4137010904,枣庄学院,https://www.uzz.edu.cn/xxgk/xxjj.htm,学校简介-枣庄学院,founded_year,1971,学校前身为1971年建立的枣庄市教师培训学校，1984年经山东省人民政府批准成立枣庄师范专科学校，2004年经教育部批准升格为枣庄学院，2024年获批硕士学位授予单位。,candidate,2026-09-30,
4137010904,枣庄学院,https://www.uzz.edu.cn/xxgk/xxjj.htm,学校简介-枣庄学院,motto,,学校以习近平新时代中国特色社会主义思想为指导，坚持社会主义办学方向，全面贯彻党的教育方针，秉承“兼爱、尚贤、博物、戴行”的校训精神，坚持“地方性、应用型、开放式、工程化”的办学定位，聚焦立德树人，锐意改革创新，立足本科教育，发展研究生教育和留学生教育，适度发展继续教育，不断提升服,candidate,2026-09-30,
4137010908,山东工艺美术学院,https://www.sdada.edu.cn/zjxy/xydh.htm,校园导航-山东工艺美术学院 SHANDONG UNIVERSITY OF ART & DESIGN 设计大学,,,,no_pattern,2026-09-30,
4137011065,青岛大学,https://www.qdu.edu.cn/xxgk/xxjj.htm,学校简介-青岛大学 QINGDAO UNIVERSITY,founded_year,1909,学校办学历史可追溯至1909年创办的青岛特别高等专门学堂。,candidate,2026-09-30,
4137011066,烟台大学,https://www.ytu.edu.cn/xxgk/xxjj.htm,学校简介-烟台大学|YanTai University,founded_year,1984,烟台大学是山东省属重点综合性大学，于1984年建校，由北京大学、清华大学共同创建并持续支援建设。,candidate,2026-09-30,
4137011066,烟台大学,https://www.ytu.edu.cn/xxgk/xxjj.htm,学校简介-烟台大学|YanTai University,motto,,烟台大学将高举中国特色社会主义伟大旗帜，以习近平新时代中国特色社会主义思想为指导，全面贯彻党的教育方针，牢记为党育人、为国育才的初心使命，落实立德树人根本任务，弘扬“海纳百川、敢为人先”的烟大精神，秉承“守信、求实、好学、力行”的校训，高扬“勤奋、创新、育德、守纪”的校风，紧紧围,candidate,2026-09-30,
4137011067,潍坊学院,https://www.wfu.edu.cn/6/list.htm,学校简介,motto,,当前，全校上下正锚定目标、振奋精神，坚持以习近平新时代中国特色社会主义思想为指导，深入学习贯彻党的二十大精神，秉承“厚德、博学、求是、创新”校训，发扬“和衷共济、艰苦奋斗、追求卓越”潍院精神，认真落实学校第四次党代会提出的“三步走”战略和“一二三四五”发展思路，全面实施办学治校“,candidate,2026-09-30,
4137011324,山东警察学院,https://www.sdpc.edu.cn/xxgk/xxjj.htm,学校简介-山东警察学院,founded_year,1946,山东警察学院位于山东省济南市，前身是中共中央华东局于1946年在革命老区临沂创办的山东省警官学校，是中国共产党创办的第一所警官学校。,candidate,2026-09-30,
4137011510,山东交通学院,https://www.sdjtu.edu.cn/xygk/xxjj.htm,学校简介-山东交通学院,founded_year,1956,学校始建于1956年，前身是交通部济南汽车机械学校。,candidate,2026-09-30,
4137011688,山东工商学院,https://www.sdtbu.edu.cn/xxgk/ssjj.htm,山商简介-山东工商学院,founded_year,1985,山东工商学院始建于1985年，原名中国煤炭经济学院，是原煤炭工业部直属唯一一所财经类普通本科院校，时任中共中央总书记胡耀邦同志亲笔题写“中国煤炭经济学院”校名，1998年学校管理体制由中央部委管理转为中央与地方共建，以山东省地方管理为主，2003年更为现名。,candidate,2026-09-30,
4137011688,山东工商学院,https://www.sdtbu.edu.cn/xxgk/ssjj.htm,山商简介-山东工商学院,motto,,学校坚持以习近平新时代中国特色社会主义思想为指导，深入学习贯彻党的二十大及二十届历次全会精神，全面贯彻党的教育方针，坚持社会主义办学方向，落实立德树人根本任务，坚持和加强党的全面领导，秉承“惟平惟准、近知近仁”校训，紧紧围绕学校第四次党员代表大会确立的“一三五八”发展思路，坚定高,candidate,2026-09-30,
4137012331,山东女子学院,https://www.sdwu.edu.cn/xxgk/xxjj.htm,学校简介-山东女子学院,founded_year,1952,学校成立于1952年的山东妇女干部学校，1984年举办成人高等教育，1995年举办普通高等专科教育，2010年经教育部批准改建为全日制普通本科高校，2016年接受教育部本科教学工作合格评估并顺利通过评估，2021年学校获批山东省应用型本科高校建设支持单位，2022年获批山东省“智,candidate,2026-09-30,
4137012331,山东女子学院,https://www.sdwu.edu.cn/xxgk/xxjj.htm,学校简介-山东女子学院,founded_year,2011,学校坚持开放办学，2011年加入世界女子教育联盟，2014年共同发起成立了中国女子高校联盟，与国内外女子高校共同致力于女性高等教育发展。,candidate,2026-09-30,
4137012331,山东女子学院,https://www.sdwu.edu.cn/xxgk/xxjj.htm,学校简介-山东女子学院,motto,,学校坚持“坤德含弘、至善尚美”的校训，弘扬“团结进取、求实创新”的校风、“勤学慎思、求真敏行”的学风，秉承“自强不息、百折不挠、求实创新、不断攀登”的女院精神，在促进学生全面发展的基础上，适应地方经济社会和妇女儿童发展需要，强化性别平等教育和女性综合素质教育，培养专业基础扎实、实,candidate,2026-09-30,
4137013386,山东石油化工学院,https://www.sdipct.edu.cn/xxgk/xxjj.htm,学校简介-山东石油化工学院,founded_year,1973,学校肇始于1973年所创建的胜利油田技术学校，历经胜利油田师范学校、胜利油田教育学院、胜利油田师范专科学校、中国石油大学胜利学院等办学时期，2021年获批转设为省属公办普通本科高校，2022年2月18日正式揭牌，开启了改革发展新征程。,candidate,2026-09-30,
4137013386,山东石油化工学院,https://www.sdipct.edu.cn/xxgk/xxjj.htm,学校简介-山东石油化工学院,motto,,新时代新征程，学校将在习近平新时代中国特色社会主义思想指引下，深入贯彻落实党的二十大和二十届历次全会精神，坚持以“高端 特色 开放”的办学思路，紧扣“地方性、行业性、应用型”的办学定位，秉承“明德力行 求实创新”的校训精神，全面落实立德树人根本任务，以服务国家战略和区域需求为导向,candidate,2026-09-30,
4137013995,青岛工学院,https://www.qit.edu.cn/xxgk/xxjj.htm,学校简介-青岛工学院,founded_year,2005,青岛工学院是教育部批准的普通本科高等学校，前身为2005年建校的中国海洋大学青岛学院，是由中国海洋大学申办，青岛伊力特德泰科教投资管理有限公司投资举办的独立学院。,candidate,2026-09-30,
4137013995,青岛工学院,https://www.qit.edu.cn/xxgk/xxjj.htm,学校简介-青岛工学院,motto,,学校秉承“胸怀天下、造福人类”的校训精神，以中国共产党人的精神谱系与校史传承为双驱，打造“党建引领，四源汇流，红润青工，追求卓越”党建文化品牌，建设了红色金融博物馆、红色文化数字博物馆、科学家精神文化墙，实施劳模工匠进校园行动，推进地方非遗文化进校园活动，获批“山东省武术教育基地,candidate,2026-09-30,
4137014100,山东政法学院,https://www.sdupsl.edu.cn/xxgk/xyjj.htm,学院简介-山东政法学院,,,,no_pattern,2026-09-30,
4137014276,齐鲁师范学院,https://www.qlnu.edu.cn/xxgk/xxjj.htm,学校简介-齐鲁师范学院︱Qilu Normal University,founded_year,1948,学校前身是创办于1948年的华东大学教育学院，1960年更名为山东教育学院，2010年改建为齐鲁师范学院。,candidate,2026-09-30,
4137014276,齐鲁师范学院,https://www.qlnu.edu.cn/xxgk/xxjj.htm,学校简介-齐鲁师范学院︱Qilu Normal University,motto,,学校全面贯彻党的教育方针，坚持社会主义办学方向，落实立德树人根本任务，秉承“博学明道，崇德象贤”校训，坚持“立足省会、服务山东、面向全国、放眼世界”办学定位，深入实施人才强校、特色兴校、质量立校、创新活校、开放荣校战略，各项事业取得了重大进展。,candidate,2026-09-30,
4137014277,山东青年政治学院,https://www.sdyu.edu.cn/xxgk/xxjj.htm,学校简介-欢迎访问山东青年政治学院,founded_year,1949,山东青年政治学院是一所全日制普通本科高校，其办学基础是始建于1949年的山东省团校。,candidate,2026-09-30,
4137014277,山东青年政治学院,https://www.sdyu.edu.cn/xxgk/xxjj.htm,学校简介-欢迎访问山东青年政治学院,founded_year,1987,1987年，经原国家教委同意、山东省人民政府批准成立山东省青年管理干部学院，实行一所学校两个名称、一套机构两块牌子。,candidate,2026-09-30,
4137014277,山东青年政治学院,https://www.sdyu.edu.cn/xxgk/xxjj.htm,学校简介-欢迎访问山东青年政治学院,motto,,学校始终与新中国同频共振、同向同行，传承弘扬红色基因，坚持应用型办学定位，落实立德树人根本任务，践行“德才兼备，自强不息”的校训精神，形成了“朝气蓬勃，实事求是”的校风，涵育了“自加压、共奋进、重实效、争一流”的山青精神，培养了大批德才兼备的优秀人才，为服务国家和区域经济社会发展,candidate,2026-09-30,
4137014438,山东管理学院,https://www.sdmu.edu.cn/xygk/xxjj_.htm,学校简介 -山东管理学院,founded_year,1938,1938年，抗日战争时期，她诞生于革命老区沂水县；1950年，新中国成立后，她作为山东省总工会干部学校为工会事业发展输送干部人才；1987年，迎着改革开放的春风，改建为山东省工会管理干部学院；2013年，进入新时代，经教育部批准改建为普通本科高校，更名为山东管理学院；2021年，,candidate,2026-09-30,
4137014439,山东农业工程学院,,,,,,no_source,2026-09-30,
4137014878,康复大学,,,,,,no_source,2026-09-30,
4137014979,临沂工学院,,,,,,no_source,2026-09-30,
4114010109,太原科技大学,https://www.tyust.edu.cn/xxgk/xxjj.htm,学校简介-太原科技大学主站,founded_year,1952,1952年，学校前身山西省机械制造工业学校创建，近代中国机械工业奠基人、中国内燃机研制先驱支秉渊先生出任校长。,candidate,2026-09-30,
4114010110,中北大学,https://www.nuc.edu.cn/xxgk/xxjj.htm,学校简介-中北大学,founded_year,1941,中北大学由山西省人民政府与工业和信息化部、国家国防科技工业局共建，学校前身是1941年八路军总部在太行抗日根据地创办的我党我军第一所兵工学校—太行工业学校，是中国人民抗日军事政治大学的延续，开启了人民兵工教育先河，被誉为“人民兵工第一校”。,candidate,2026-09-30,
4114010110,中北大学,https://www.nuc.edu.cn/xxgk/xxjj.htm,学校简介-中北大学,founded_year,2020,2020年12月，山西省委省政府出台《关于支持中北大学创建“双一流”大学的若干意见》，支持学校率先发展。,candidate,2026-09-30,
4114010113,山西农业大学,https://www.sxau.edu.cn/xxgk2/xxjj.htm,学校简介-山西农业大学,founded_year,1907,山西农业大学始建于1907年创办的私立铭贤学堂，后发展为私立铭贤农工专科学校、私立铭贤学院；1951年改私立为公办，成立山西农学院；1979年更名为山西农业大学，成为改革开放初全国99所重点大学之一。,candidate,2026-09-30,
4114010114,山西医科大学,,,,,,no_source,2026-09-30,
4114010117,长治医学院,http://www.czmc.edu.cn/xygk/lsyg.htm,历史沿革-长治医学院,,,,no_pattern,2026-09-30,
4114010118,山西师范大学,http://www.sxnu.edu.cn/xxgk/xxjj.htm,学校简介-山西师范大学,founded_year,1958,山西师范大学创建于1958年，前身是晋南师范专科学校，1964年升格为山西师范学院，1984年更名为山西师范大学，1990年成为硕士学位授权单位，1999年山西省职业师范专科学校和山西师范大学体育学院（独立建制）并入，2006年增列为博士学位授权单位，2021年从临汾迁址太原。,candidate,2026-09-30,
4114010119,太原师范学院,,,,,,no_source,2026-09-30,
4114010120,山西大同大学,,,,,,no_source,2026-09-30,
4114010121,晋中学院,http://www.jzxy.edu.cn/xyjj.html,学校概况_学校简介_晋中学院,founded_year,1958,晋中学院前身是1958年建校的晋中师范专科学校，2004年5月经教育部批准，在原晋中师范高等专科学校、晋中教育学院、晋中职工大学三校合并基础上，建立省属全日制本科院校。,candidate,2026-09-30,
4114010122,长治学院,https://www.czc.edu.cn/xxgk/xxjj.htm,学校简介-长治学院,founded_year,1958,长治学院前身是创建于1958年的晋东南师范专科学校，2004年升格为综合性全日制普通本科高校，2019年获批成为硕士学位授予权立项建设单位。,candidate,2026-09-30,
4114010122,长治学院,https://www.czc.edu.cn/xxgk/xxjj.htm,学校简介-长治学院,motto,,建校以来，学校扎根太行红色沃土，始终坚持立德树人根本任务，弘扬“求真 求实 求善 求美”的校训精神，坚持应用型办学定位和特色化办学思路，统筹学科、专业、空间三大布局，不断提升核心竞争力和区域影响力，培养出了“七一勋章”获得者、“时代楷模”黄文秀等一大批扎根基层的杰出优秀人才。,candidate,2026-09-30,
4114010123,运城学院,,,,,,no_source,2026-09-30,
4114010124,忻州师范学院,https://www.xztu.edu.cn/xxgk/xyjj.htm,学院简介-忻州师范学院,founded_year,1958,忻州师范学院始建于1958年，是经教育部2000年3月批准组建的全日制普通本科高校，为我省三所本科师范院校之一，是教育部、财政部确定的首批国家级“人才培养模式创新实验区”，被国务院授予全国高校唯一的“‘两基’工作先进单位”荣誉称号。,candidate,2026-09-30,
4114010125,山西财经大学,,,,,,no_source,2026-09-30,
4114010809,山西中医药大学,,,,,,no_source,2026-09-30,
4114010812,吕梁学院,,,,,,no_source,2026-09-30,
4114011242,太原学院,,,,,,no_source,2026-09-30,
4114012111,山西警察学院,,,,,,no_source,2026-09-30,
4114013534,山西工学院,,,,,,no_source,2026-09-30,
4114013537,山西电子科技学院,https://www.sxdzkj.edu.cn/xxgk1/xxjj.htm,学校简介-山西电子科技学院【官网】,founded_year,2023,山西电子科技学院是2023年经教育部同意、山西省人民政府批准设立的省属公办理工类普通本科高校，由省人民政府主办，省教育厅主管，实行省市共建。,candidate,2026-09-30,
4114013597,山西科技学院,https://www.sxist.edu.cn/xygk/xxjj.htm,学校简介-山西科技学院,founded_year,2021,山西科技学院（Shanxi Institute of Science and Technology）坐落于素有“三晋门户、太行首冲”美誉的山西省晋城市，是2021年8月经教育部、山西省人民政府批复设立的省属普通本科高校，是山西省和晋城市共同支持建设的理工类应用型高校。,candidate,2026-09-30,
4114013597,山西科技学院,https://www.sxist.edu.cn/xygk/xxjj.htm,学校简介-山西科技学院,motto,,学校秉承“崇德明理 精工求真”的校训，坚持开放办学、文化引领、实践导向、协同育人的办学理念，扎根晋城、服务山西、面向中原、辐射全国的办学方向，以工为主、理工结合、学科交叉、集群发展的办学定位，紧扣应用型大学建设目标，以党建为引领，实施“六大提升工程”，打造“双元”主体、“双链”嵌,candidate,2026-09-30,
4114013597,山西科技学院,https://www.sxist.edu.cn/xygk/xxjj.htm,学校简介-山西科技学院,founded_year,2021,山科学子在各类学科竞赛中共获省级及以上奖励350余项，学校先后荣获“2021年山西省创建‘平安校园’先进单位”“2022年‘创建省委教育工委文明校园先进学校’”“2023年节水型高校”“2023年山西省‘三下乡’社会实践优秀单位”等称号。,candidate,2026-09-30,
4114014101,太原工业学院,https://www.tit.edu.cn/xygk/xxjj.htm,学校简介-太原工业学院,founded_year,1954,"学校创建于1954年，前身为华北第五工业学校，是我国第一个“五年计划”时期为国防建设需要建立的一所国家重点中专，1988年升格为专科，1999年开始招收本科生,2007年3月经教育部批准，独立设置为省属公办全日制本科高校，更名为“太原工业学院”。",candidate,2026-09-30,
4114014101,太原工业学院,https://www.tit.edu.cn/xygk/xxjj.htm,学校简介-太原工业学院,motto,,70年来，学校传承兵工优良传统，践行“知行合一、行胜于言”校训，弘扬“忠诚奉献、务实笃行、自强不息、奋进创新”的太工精神，为国防工业和国家经济建设培养了近10万余名德才兼备、具有创新精神、创业意识和实践能力的德、智、体、美、劳全面发展的高素质、应用型人才。,candidate,2026-09-30,
4114014434,山西传媒学院,https://www.cusx.edu.cn/xxgk/xyjj.htm,学校简介-山西传媒学院,founded_year,1983,山西传媒学院是山西省人民政府和国家广播电视总局共建高校，其前身是原广播电视部1983年建立的华北广播电视学校，1990年在此基础上成立广播电影电视部管理干部学院；2000年划转山西省人民政府，更名为广播电影电视管理干部学院；2013年经教育部批准，更名为山西传媒学院，成为全国第三,candidate,2026-09-30,
4114014434,山西传媒学院,https://www.cusx.edu.cn/xxgk/xyjj.htm,学校简介-山西传媒学院,motto,,面向未来，学校将坚定不移以习近平新时代中国特色社会主义思想为指导，深入贯彻落实党的二十大及历次全会精神，秉承“厚德博识 励学躬行”的校训文化，凝心聚力、勇毅前行，全面深化教育教学改革，全力推动学校高质量发展，朝着建设特色鲜明、国内一流高水平传媒大学而不懈奋斗。,candidate,2026-09-30,
4114014527,山西工程技术学院,,,,,,no_source,2026-09-30,
4114014898,山西医药学院,,,,,,no_source,2026-09-30,
4214051189,山西能源学院,,,,,,no_source,2026-09-30,
4144010560,汕头大学,https://www.stu.edu.cn,汕头大学 Shantou University,,,,no_pattern,2026-09-30,
4144010566,广东海洋大学,https://www.gdou.edu.cn/xxgk/xxjj.htm,学校简介-广东海洋大学,founded_year,1935,学校的前身是创建于1935年的广东省立高级水产职业学校，是广东现代海洋水产教育的发端，原暨南大学水产系、原华南工学院（现华南理工大学）湛江分院先后并入，1979年升格发展为农业部直属的湛江水产学院。,candidate,2026-09-30,
4144010566,广东海洋大学,https://www.gdou.edu.cn/xxgk/xxjj.htm,学校简介-广东海洋大学,founded_year,2021,"2021年,创办广东海洋大学阳江校区。",candidate,2026-09-30,
4144010571,广东医科大学,https://www.gdmu.edu.cn/xxgk/gdyjj.htm,学校简介-广东医科大学,founded_year,1958,广东医科大学的前身是中山医学院湛江分院，创建于1958年，1964年升格为五年制医学本科院校并更名为湛江医学院，1992年易名为广东医学院，2016年更名为广东医科大学。,candidate,2026-09-30,
4144010571,广东医科大学,https://www.gdmu.edu.cn/xxgk/gdyjj.htm,学校简介-广东医科大学,founded_year,2002,学校总面积近2900亩，由湛江校区、东莞校区两部分组成，湛江校区位于广东省域副中心城市和北部湾城市群中心城市湛江市；东莞校区创建于2002年，位于粤港澳大湾区地理几何中心的东莞市松山湖科学城。,candidate,2026-09-30,
4144010573,广东药科大学,https://www.gdpu.edu.cn/xygk/xxjj.htm,学校简介-广东药科大学 GUANGDONG PHARMACEUTICAL UNIVERSITY,founded_year,1958,广东药科大学是全国三所独立建制的药科大学之一，是华南地区最早开办药学系列专业的高等学府，1958年由原广东省卫生厅创办，开始于广东省卫生干部进修学院；1978年升格为普通本科高校，命名为广东医药学院；1994年易名广东药学院，2016年更名为广东药科大学。,candidate,2026-09-30,
4144010573,广东药科大学,https://www.gdpu.edu.cn/xygk/xxjj.htm,学校简介-广东药科大学 GUANGDONG PHARMACEUTICAL UNIVERSITY,motto,,学校将始终坚持以习近平新时代中国特色社会主义思想为指导，坚持社会主义办学方向，落实立德树人根本任务，秉承“药学中西、医道济世”校训，弘扬“励志笃行、融通日新”校风，朝着建设国内一流、国际知名、特色鲜明高水平药科大学的目标奋勇前行！,candidate,2026-09-30,
4144010576,韶关学院,https://www.sgu.edu.cn/sygk/xxjj.htm,学校简介-韶关学院,founded_year,1903,师范教育始于1903年，医学教育始于1914年，高等教育始于1958年，先后由韶关师范专科学校、韶关大学、韶关教育学院、韶关学院韶州师范分院（原韶州师范学校）、韶关学院医学院（原韶关卫生学校）等5所学校合并组建而成。,candidate,2026-09-30,
4144010576,韶关学院,https://www.sgu.edu.cn/sygk/xxjj.htm,学校简介-韶关学院,founded_year,2020,学校获全国对分课堂示范校、教育部“2020年度网络学习空间应用普及活动优秀学校”，获批“广东省创建国家教师教育创新实验区”建设单位。,candidate,2026-09-30,
4144010577,惠州学院,https://www.hzu.edu.cn/550/list.htm,学校简介,founded_year,1946,学校前身为1946年创办的广东省立惠州师范学校，1978年升格为惠阳师范专科学校，2000年升格为全日制普通本科院校，2024年成为硕士学位授予单位。,candidate,2026-09-30,
4144010577,惠州学院,https://www.hzu.edu.cn/550/list.htm,学校简介,motto,,学校秉承“敦重明辨、求真致用”校训，努力建设理工科特色鲜明、教师教育协调发展的高水平应用型大学，培养具有科学精神、人文素养、国际视野、创新思维的高素质应用型人才，是东江流域重要的人才摇篮。,candidate,2026-09-30,
4144010578,韩山师范学院,,,,,,no_source,2026-09-30,
4144010579,岭南师范学院,,,,,,no_source,2026-09-30,
4144010580,肇庆学院,https://www.zqu.edu.cn/xxgk/xxjj.htm,学校简介-肇庆学院,founded_year,1970,学校前身是1970年创办的肇庆地区师范学校，历经肇庆地区五·七师范学院、肇庆师范专科学校、西江大学等办学阶段。,candidate,2026-09-30,
4144010580,肇庆学院,https://www.zqu.edu.cn/xxgk/xxjj.htm,学校简介-肇庆学院,motto,,五十多年来，学校始终秉承“厚德、明智、博学、力行”的校训，致力于服务粤港澳大湾区建设，培养高素质应用型人才。,candidate,2026-09-30,
4144010582,嘉应学院,,,,,,no_source,2026-09-30,
4144010585,广州体育学院,https://www.gzsport.edu.cn/,广州体育学院,,,,no_pattern,2026-09-30,
4144010586,广州美术学院,https://www.gzarts.edu.cn/index/xxgk/xxjj.htm,学校简介-广州美术学院官网,motto,,学校坚持用习近平新时代中国特色社会主义思想铸魂育人，贯彻党的教育方针，落实立德树人根本任务，坚持“守正创新、开放包容、关注现实、服务社会”的办学理念，经过70余年的发展，形成了把握时代脉搏，关注社会需求，以美术与设计创新能力培养为重点，以艺术学理论与人文教育为支撑，多学科交叉融合,candidate,2026-09-30,
4144010587,星海音乐学院,,,,,,no_source,2026-09-30,
4144010588,广东技术师范大学,,,,,,no_source,2026-09-30,
4144010590,深圳大学,,,,,,no_source,2026-09-30,
4144010592,广东财经大学,https://www.gdufe.edu.cn/xxgk/list.htm,广财简介,founded_year,1983,广东财经大学始建于1983年，原名广东财经学院，起始办学层次为本科教育，1985年更名为广东商学院，2003年获得硕士学位授予权，2013年更名为广东财经大学，2021年获批为博士学位授予单位。,candidate,2026-09-30,
4144010592,广东财经大学,https://www.gdufe.edu.cn/xxgk/list.htm,广财简介,motto,,建校以来，学校秉承“厚德、励学、笃行、拓新”的校训，坚持“习礼乐文、精于术业”的办学理念和“法治、科学、民主、阳光”的治校方略，彰显“商法融合、实践创业、多元协同”的办学特色，为国家培养了一大批具有良好思想道德、科学精神、人文素养、专业知识和国际视野的应用型、复合型、创新型高级专,candidate,2026-09-30,
4144011078,广州大学,http://www.gzhu.edu.cn/xxgk/xxjj.htm,学校简介-广州大学,,,,no_pattern,2026-09-30,
4144011106,广州航海学院,https://www.gzmtu.edu.cn/xxgk.htm,学校概况-广州航海学院,motto,,在新的历史发展起点上，学校将秉承“勤学、善思、厚德、求新”的校训精神，以建设行业特色鲜明的高水平应用型大学和筹建广州交通大学为“双引擎”，向着“具有航海特色的一流交通大学”目标奋勇前进，为推动交通强国、海洋强国、教育强国建设，实现中华民族伟大复兴的中国梦贡献广航智慧与力量。,candidate,2026-09-30,
4144011110,广东警官学院,,,,,,no_source,2026-09-30,
4144011347,仲恺农业工程学院,,,,,,no_source,2026-09-30,
4144011349,五邑大学,https://www.wyu.edu.cn/xuxgk/xxjj.htm,学校简介-五邑大学,founded_year,1985,五邑大学是由广东省人民政府于1985年设立的以工科为主的综合性公办高等学校，具有接收港澳台侨学生、国际学生资格和推荐优秀应届本科毕业生免试攻读研究生资格，现为博士学位授予立项建设单位和广东省高水平理工科大学建设高校。,candidate,2026-09-30,
4144011349,五邑大学,https://www.wyu.edu.cn/xuxgk/xxjj.htm,学校简介-五邑大学,motto,,学校践行“好学、多思、求实、创新”校训，秉承“根植侨乡，服务社会，内外合力，特色发展”办学理念，致力于培养思想品德高尚、基础知识扎实，具有国际视野，突出实践能力、创新创业能力和善于解决复杂问题能力，适应区域经济社会发展需要的德智体美劳全面发展的新时代高素质应用型卓越人才。,candidate,2026-09-30,
4144011540,广东金融学院,,,,,,no_source,2026-09-30,
4144011656,广东石油化工学院,https://www.gdupt.edu.cn/xxjj/xxjj.htm,学校简介-广东石油化工学院,motto,,学校1954年创校，秉承“崇德、博学、求实、创新”校训，坚持“因油而生、为油奉献”办学理念，弘扬“艰苦奋斗、求实献身”学校精神和“听党召唤、为国奉献；艰苦创业、忠诚担当”的广油“西迁精神”，培养了大批管理精英、技术骨干及各类应用型人才，遍布全国各地石油化工行业企业和各级政府机关、,candidate,2026-09-30,
4144011819,东莞理工学院,https://www.dgut.edu.cn/info/1012/76772.htm,东莞理工学院简介-东莞理工学院,founded_year,1992,学校于1990年经广东省人民政府批准筹建，1992年4月经原国家教育委员会批准成立，是东莞第一所公办本科院校，实行“省市共建、以市为主”的管理体制，是教育部首批卓越工程师教育培养计划试点高校、教育部首批高等教育综合改革试点高校、广东首批高水平理工科大学建设单位、广东省唯一省市共建,candidate,2026-09-30,
4144011819,东莞理工学院,https://www.dgut.edu.cn/info/1012/76772.htm,东莞理工学院简介-东莞理工学院,motto,,1993年1月—2025年10月，著名物理学大师杨振宁先生担任名誉校长32年，为学校建设发展策定鸿猷，并亲笔题写“学而知不足”的校训。,candidate,2026-09-30,
4144011845,广东工业大学,https://www.gdut.edu.cn/xxgk/xxjj.htm,学校简介-广东工业大学广东工业大学,,,,no_pattern,2026-09-30,
4144011846,广东外语外贸大学,https://www.gdufs.edu.cn/AboutGDUFS/xxjj2.htm,学校简介-广东外语外贸大学,motto,,学校坚持以习近平新时代中国特色社会主义思想为指导，始终牢记“为党育人、为国育才”初心使命，认真落实立德树人根本任务，秉持“明德尚行、学贯中西”的校训，践行“卓越、诚信、包容、自信”的广外价值观，涵养“进德、修业、务实、致远”的广外学风，弘扬“胸怀家国、放眼世界、开拓创新、行实致远,candidate,2026-09-30,
4144011847,佛山大学,,,,,,no_source,2026-09-30,
4144012121,南方医科大学,https://www.smu.edu.cn/xygk/xxjj.htm,学校简介-南方医科大学,founded_year,1951,南方医科大学前身为中国人民解放军第一军医大学，创建于1951年，1979年被确定为全国重点大学，2004年8月整体移交广东省，更名为南方医科大学，现有广州和顺德两个校区。,candidate,2026-09-30,
4144013667,广州商学院,https://www.gcc.edu.cn/xxgk/xxjj/index.htm,学校简介 - 广州商学院,founded_year,2024,现已同美国、英国、澳大利亚、加拿大、德国、日本等26个国家或地区的172所知名院校建立合作关系；并于2024年在新加坡设立海外教学中心，积极加入世界大学校长联合会（IAUP）、亚太大学联合会（AUAP）等国际组织，逐步形成“专、本、硕”一体化的国际教育格局。,candidate,2026-09-30,
4144013810,肇庆医学院,,,,,,no_source,2026-09-30,
4144014278,广东第二师范学院,,,,,,no_source,2026-09-30,
4144014655,深圳技术大学,https://www.sztu.edu.cn/xxgk/xxjj.htm,学校简介-深圳技术大学,founded_year,2018,深圳技术大学是广东省和深圳市高起点、高标准建设的公办本科大学，于2018年11月经教育部批准正式设立，2019年开始本、硕、博同时招生（硕士博士与深圳大学联合培养）。,candidate,2026-09-30,
4144014851,香港城市大学(东莞),,,,,,no_source,2026-09-30,
4144014880,深圳理工大学,https://www.suat-sz.edu.cn/xxgk.htm,学校概况-深圳理工大学,,,,no_pattern,2026-09-30,
4144014942,大湾区大学,https://www.gbu.edu.cn/about_us.html#xxjj,,,,,fetch_error,2026-09-30,URLError
4144016401,北师香港浸会大学,https://www.bnbu.edu.cn/about_us/overview/introducing.htm,学校简介-北师香港浸会大学,founded_year,2005,北师香港浸会大学（中文简称：北师港浸大；英文简称：BNBU）由北京师范大学与香港浸会大学于2005年携手创立，是中国第一家内地与香港高等教育界合作创办的大学、第一所创新的博雅型大学，也是广东省高水平大学重点学科建设高校。,candidate,2026-09-30,
4144016407,香港中文大学(深圳),,,,,,no_source,2026-09-30,
4144016409,深圳北理莫斯科大学,https://ru.smbu.edu.cn/,,,,,no_source,2026-09-30,
4144016410,广东以色列理工学院,https://www.gtiit.edu.cn/about-us.aspx,学校概况 - 认识广以 - 广东以色列理工学院,founded_year,2016,广东以色列理工学院于2016年12月5日由中国教育部批准正式设立，2017年第一年招生，是我国第一所引进以色列优质高等教育资源的具有独立法人资格的中外合作大学，也是目前我国与以色列在教育领域合作的代表性项目。,candidate,2026-09-30,
4144016412,香港科技大学(广州),,,,,,no_source,2026-09-30,
4145010594,广西科技大学,,,,,,no_source,2026-09-30,
4145010595,桂林电子科技大学,https://www.guet.edu.cn/xxgk/list.htm,学校概况,founded_year,1960,学校是全国四所电子科技大学之一，始建于1960年，1980年经国务院批准成立桂林电子工业学院，2006年更名为桂林电子科技大学。,candidate,2026-09-30,
4145010595,桂林电子科技大学,https://www.guet.edu.cn/xxgk/list.htm,学校概况,motto,,桂林电子科技大学始终高举习近平新时代中国特色社会主义思想伟大旗帜，深入学习宣传贯彻党的二十大精神，牢记新时代高校职责使命，秉承“正德厚学、笃行致新”校训和“艰苦创业、自强不息”桂电精神，深入推进一流学科建设，着力打造一流本科教育，朝着建设成为电子信息特色鲜明的高水平应用型大学这一,candidate,2026-09-30,
4145010596,桂林理工大学,https://www.glut.edu.cn/xxgk/xxjj.htm,学校简介-欢迎访问桂林理工大学,founded_year,1956,学校源于1956年创办的桂林地质学校，先后隶属国家重工业部、冶金工业部、中国有色金属工业总公司，1998年管理体制改为中央与地方共建、日常管理以广西为主。,candidate,2026-09-30,
4145010596,桂林理工大学,https://www.glut.edu.cn/xxgk/xxjj.htm,学校简介-欢迎访问桂林理工大学,founded_year,1935,学校办学历史最早可追溯到1935年成立的广西省立特种教育师资训练所（原桂林民族师范学校），早在1960年便开始本科教育，1978年更名为桂林冶金地质学院，1986年开始研究生教育，1993年更名为桂林工学院，2000年南宁有色金属工业学校并入，2004年原桂林民族师范学校并入，2,candidate,2026-09-30,
4145010596,桂林理工大学,https://www.glut.edu.cn/xxgk/xxjj.htm,学校简介-欢迎访问桂林理工大学,motto,,学校在长期的办学实践中，凝练形成了“厚德笃学、惟实励新”的校训，“艰苦创业、敬业奉献、团结协作、开拓创新”的桂工精神，“育人为本、质量立校、人才兴校、科技强校”的办学理念，先后荣获全国文明校园、全国教育系统先进集体、全国创先争优先进基层党组织、全国模范职工之家、全国五四红旗团委，,candidate,2026-09-30,
4145010598,广西医科大学,https://www.gxmu.edu.cn/x_xxgk/x_xxjj/,学校简介-广西医科大学,founded_year,1934,学校坐落在广西壮族自治区首府南宁市，创建于1934年11月21日，前身是广西省立医学院，1996年5月更名为广西医科大学。,candidate,2026-09-30,
4145010598,广西医科大学,https://www.gxmu.edu.cn/x_xxgk/x_xxjj/,学校简介-广西医科大学,motto,,学校将坚持以习近平新时代中国特色社会主义思想为指引，深入学习贯彻党的二十大和党的二十届历次全会精神，全面落实习近平总书记关于教育的重要论述和关于广西工作论述的重要要求，坚持党的教育方针，落实立德树人根本任务，心怀“国之大者”，牢记“为党育人、为国育才”的初心使命，传承“造就本省人,candidate,2026-09-30,
4145010599,右江民族医学院,http://www.ymcn.gx.cn/,,,,,no_source,2026-09-30,
4145010600,广西中医药大学,https://www.gxtcmu.edu.cn/xxgk/xxjj,学校简介_学校概况_广西中医药大学,founded_year,1956,广西中医药大学的办学基础为1934年成立的广西省立南宁区医药研究所，建校于1956年，1958年更名为广西中医专科学校，1964年升格为广西中医学院，1970年南宁医学专科学校并入，2012年3月经国家教育部批准正式更名为广西中医药大学，是国家中医药管理局与广西壮族自治区共建高校,candidate,2026-09-30,
4145010601,桂林医科大学,https://www.glmu.edu.cn/gygk/xxjs.htm,学校介绍-桂林医科大学官网,founded_year,1935,桂林医科大学创建于1935年，前身为广西省立桂林高级助产护士学校，是全国建校历史较早的医科院校之一。,candidate,2026-09-30,
4145010601,桂林医科大学,https://www.glmu.edu.cn/gygk/xxjs.htm,学校介绍-桂林医科大学官网,founded_year,2014,1958年学校升格为桂林医学专科学校，1987年升格为桂林医学院，1993年获招收外国留学生资格，2006年获硕士学位授予权，2014年列为博士学位授权立项建设单位，2015年获批设立博士后科研工作站，2021年获批博士学位授予单位，获批临床医学博士专业学位授权点，2023年获批,candidate,2026-09-30,
4145010601,桂林医科大学,https://www.glmu.edu.cn/gygk/xxjs.htm,学校介绍-桂林医科大学官网,motto,,桂林医科大学建校91年来，恪守“弘德善医”校训，以培育担当民族复兴大任的时代新人为己任，落实立德树人根本任务，不断推进内涵建设，全面提升教育教学质量、科技创新水平和社会服务能力，加强国际交流和文化传承，为实现建设“特色鲜明、在国内外有良好声誉的高水平医科大学”目标而努力奋斗！,candidate,2026-09-30,
4145010602,广西师范大学,https://www.gxnu.edu.cn/1365/list.htm,学校简介,founded_year,1932,学校前身——广西省立师范专科学校创办于1932年，是广西高等师范教育的开端，是中国最早的高等师范学校之一，曾四度调整，六次更名，八次迁址。,candidate,2026-09-30,
4145010602,广西师范大学,https://www.gxnu.edu.cn/1365/list.htm,学校简介,motto,,建校以来，杨东莼、薛暮桥、陈望道、欧阳予倩、林砺儒、陈翰笙、夏征农以及曾作忠、张云莹、谢厚藩、陈伯康、林焕平、钟文典、伍纯道等一大批知名人士和专家学者荟萃学校，秉承“尊师重道敬业乐群”的校训精神，执教治学，为国家尤其是广西培养了53万多名教师和其他专业人才。,candidate,2026-09-30,
4145010602,广西师范大学,https://www.gxnu.edu.cn/1365/list.htm,学校简介,founded_year,2009,作为全国首批转企试点的高校出版社，学校于2009年6月28日正式成立广西师范大学出版社集团，是中国首家地方大学出版社集团和广西首家出版集团。,candidate,2026-09-30,
4145010602,广西师范大学,https://www.gxnu.edu.cn/1365/list.htm,学校简介,founded_year,2018,近年来，学校持续打造国际化特色平台，2018年成立了越南研究院，2022年获教育部中外人文交流中心批准建设“一带一路”创新创业中外人文交流人才培养基地，2023年获广西教育厅批准设立广西国际中文教师教育发展中心，2025年获教育部批准成立全球教师发展学院东盟学院（广西师范大学），,candidate,2026-09-30,
4145010603,南宁师范大学,https://www.nnnu.edu.cn/xxgk/xxjj.htm,学校简介-南宁师范大学,founded_year,1953,学校溯源于1953年10月在桂林创办的广西中等学校教师进修学院，数迁其址、屡易其名，不断发展壮大。,candidate,2026-09-30,
4145010603,南宁师范大学,https://www.nnnu.edu.cn/xxgk/xxjj.htm,学校简介-南宁师范大学,founded_year,1905,1978年，成立广西师范学院，举办全日制普通本科教育；次年，更名为南宁师范学院；1985年，更名为广西师范学院；1998年，举办全日制硕士研究生教育；2002年，创建于1905年的广西南宁民族师范学校并入；2015年，学校五合校区启用；2018年，学校通过教育部批准，更名为南宁师,candidate,2026-09-30,
4145010604,广西民族师范学院,,,,,,no_source,2026-09-30,
4145010605,河池学院,,,,,,no_source,2026-09-30,
4145010606,玉林师范学院,https://www.ylu.edu.cn/xxgk/xxjj.htm,学校简介-玉林师范学院,founded_year,1945,学校创办于1945年，原名广西省立鬰林师范学校，1952年改名为广西省鬰林师范学校，1958年升格为广西僮族自治区玉林专区师范专科学校，1978年经国务院批准改建为玉林师范专科学校，1994年更名为玉林师范高等专科学校。,candidate,2026-09-30,
4145010606,玉林师范学院,https://www.ylu.edu.cn/xxgk/xxjj.htm,学校简介-玉林师范学院,motto,,学校坚持以习近平文化思想为引领，以铸牢中华民族共同体意识为主线，坚持“厚德博学、知行合一”的校训，凝练“以德为先，艰苦奋斗”的玉师精神，打造“一山三林三湖三广场”十大文化景点，建设校史馆、桂东南地方文献中心、桂东南历史文化博物馆、桂东南中草药标本馆、东盟教育文化交流展示馆五大文化,candidate,2026-09-30,
4145010607,广西艺术学院,https://www.gxau.edu.cn/xygk/xxjj,学校简介_学校概况_广西艺术学院,motto,,学校坚持以习近平新时代中国特色社会主义思想为指导，落实立德树人根本任务，秉持“亲爱精诚”的校训精神，坚持“根植本土、多元融合、传承创新、服务社会”的办学理念，以“双一流”建设为引领，向着建设“国内一流、国际有影响、特色鲜明的综合性艺术大学”的宏伟目标奋勇前进，为以中国式现代化全面,candidate,2026-09-30,
4145010608,广西民族大学,https://www.gxmzu.edu.cn/xxgk1/xxgk1.htm,学校概况-广西民族大学网站,founded_year,1952,学校创建于1952年3月，前身是中央民族学院（今中央民族大学）广西分院，1953年2月更名为广西省民族学院，1958年6月更名为广西民族学院，2006年2月更名为广西民族大学。,candidate,2026-09-30,
4145010608,广西民族大学,https://www.gxmzu.edu.cn/xxgk1/xxgk1.htm,学校概况-广西民族大学网站,motto,,学校将高举中国特色社会主义伟大旗帜，以习近平新时代中国特色社会主义思想为指导，深入贯彻党的二十大和二十届历次全会精神，深入贯彻落实习近平总书记关于教育的重要论述和关于广西工作论述的重要要求，以铸牢中华民族共同体意识为主线，牢记为党育人、为国育才使命，秉持“厚德博学，和而不同”的校,candidate,2026-09-30,
4145010609,百色学院,,,,,,no_source,2026-09-30,
4145011354,梧州学院,https://www.gxuwz.edu.cn/xygk/xxjj.htm,学校简介-梧州学院,founded_year,1985,梧州学院的前身是创办于1985年的广西大学梧州分校。,candidate,2026-09-30,
4145011354,梧州学院,https://www.gxuwz.edu.cn/xygk/xxjj.htm,学校简介-梧州学院,motto,,展望未来，梧州学院将秉承“明德、博学、求是、创新”的校训，弘扬“厚道、豁达、实干、细致”的校风，主动服务“一带一路”倡议、中国-东盟自由贸易区、粤港澳大湾区、粤桂合作特别试验区等国家重大战略的实施，服务广西和梧州电子信息工程、机械、化工、制药、宝石首饰产品设计与加工、物流、旅游、,candidate,2026-09-30,
4145011546,广西科技师范学院,,,,,,no_source,2026-09-30,
4145011548,广西财经学院,https://www.gxufe.edu.cn/,,,,,no_source,2026-09-30,
4145011549,南宁学院,,,,,,no_source,2026-09-30,
4145011607,北部湾大学,https://www.bbgu.edu.cn/xxgk/xxjj.htm,学校简介-北部湾大学,founded_year,1973,历史沿革 学校前身为1973年创办的钦州地区师范学校；2006年2月，教育部批准学校升格为钦州学院；2018年3月，国务院学位委员会批准学校成为硕士学位授权单位；2018年11月，教育部批准在钦州学院基础上设立北部湾大学。,candidate,2026-09-30,
4145011607,北部湾大学,https://www.bbgu.edu.cn/xxgk/xxjj.htm,学校简介-北部湾大学,founded_year,2015,2015年，学校设立中国—东盟水上训练基地，已为北部湾、广西以及全球培养航海类人才8000多人。,candidate,2026-09-30,
4145011607,北部湾大学,https://www.bbgu.edu.cn/xxgk/xxjj.htm,学校简介-北部湾大学,founded_year,2021,2021年，“北部湾大学东密歇根联合工程学院”获教育部批准设立，成为广西首个高等教育本科层次中外合作办学机构。,candidate,2026-09-30,
4145011607,北部湾大学,https://www.bbgu.edu.cn/xxgk/xxjj.htm,学校简介-北部湾大学,motto,,北部湾大学始终以习近平新时代中国特色社会主义思想为指导，坚持社会主义办学方向，落实立德树人根本任务，秉承“博观内省、达道知行”校训和“海涵春育、鹏举南天”湾大精神，全面深化人才培养体制机制改革，提升人才培养质量，大力推进内涵发展，推动学校高质量发展，在高等教育改革发展进程中书写湾,candidate,2026-09-30,
4145011671,桂林师范学院,https://www.glnc.edu.cn/xxgk1/xxjj.htm,学校简介-桂林师范学院官网,founded_year,1938,桂林师范学院是教育部批准成立的公办全日制普通本科院校，其前身为创建于1938年的广西省立桂林师范学校，具有光荣的革命传统，被誉为“桂北革命的摇篮”。,candidate,2026-09-30,
4145011671,桂林师范学院,https://www.glnc.edu.cn/xxgk1/xxjj.htm,学校简介-桂林师范学院官网,founded_year,2000,几经更名合并，2000年组建桂林师范高等专科学校，2025年2月教育部批准设立桂林师范学院。,candidate,2026-09-30,
4145011671,桂林师范学院,https://www.glnc.edu.cn/xxgk1/xxjj.htm,学校简介-桂林师范学院官网,founded_year,2018,学校学生于2016年参加央视端午特别节目“歌从漓江来”并获好评；于2017年参演央视春晚桂林分会场的演出，获“中央电视台春节联欢晚会桂林分会场筹备工作优秀组织奖”；于2018年，参加广西壮族自治区成立60周年庆祝大会演出。,candidate,2026-09-30,
4145011825,桂林航天工业学院,https://www.guat.edu.cn/ghgk/xxjj.htm,学校简介-桂林航天工业学院,founded_year,1979,桂林航天工业学院创办于1979年，曾隶属于国家第七机械工业部、航天工业部、航空航天工业部、中国航天工业总公司。,candidate,2026-09-30,
4145011825,桂林航天工业学院,https://www.guat.edu.cn/ghgk/xxjj.htm,学校简介-桂林航天工业学院,motto,,学校坚持“育人为本、学以致用”办学理念，弘扬“艰苦奋斗、自强日新”桂航精神，秉承“尚德、博学、慎思、笃行”桂航校训，致力于建设“区域有鲜明特色、行业有重要影响高水平应用型大学”。,candidate,2026-09-30,
4145011837,桂林旅游学院,,,,,,no_source,2026-09-30,
4145011838,贺州学院,,,,,,no_source,2026-09-30,
4145013520,广西警察学院,,,,,,no_source,2026-09-30,
4145013639,柳州工学院,,,,,,no_source,2026-09-30,
4145013641,桂林学院,https://www.glc.edu.cn/xxgl/xxjj.htm,学校简介-桂林学院官方网站,founded_year,2001,学校办学前身系2001年5月创办的广西师范大学漓江学院，2004年2月成为教育部首批确认的独立学院，2012年1月获批成为学士学位授予单位，2021年5月经教育部批复独立设置并更名为桂林学院，2023年8月获批高等学历继续教育、招收国际学生教育资格。,candidate,2026-09-30,
4145013890,广西工业学院,,,,,,no_source,2026-09-30,
4145014684,广西职业师范学院,,,,,,no_source,2026-09-30,
4165010757,塔里木大学,,,,,,no_source,2026-09-30,
4165010758,新疆农业大学,https://www.xjau.edu.cn/134/list.htm,学校概况,founded_year,1952,前身为八一农学院，是经毛主席和中央军委同意，由王震将军于1952年在中国人民解放军第二步兵学校基础上创建，是新中国成立后中国共产党在新疆创办的第一所新型正规大学。,candidate,2026-09-30,
4165010760,新疆医科大学,https://www.xjmu.edu.cn/xqzl1/xxgkxin.htm,学校概况-新疆医科大学,founded_year,1998,1998年6月，新疆医学院与新疆中医学院合并，成立新疆医科大学。,candidate,2026-09-30,
4165010762,新疆师范大学,https://www.xjnu.edu.cn/xxgk/xxjj.htm,学校简介-新疆师范大学,founded_year,1978,新疆师范大学是新疆维吾尔自治区重点建设的师范院校，1978年12月经教育部批准设立，其前身是乌鲁木齐第一师范学校和新疆教师培训部。,candidate,2026-09-30,
4165010762,新疆师范大学,https://www.xjnu.edu.cn/xxgk/xxjj.htm,学校简介-新疆师范大学,motto,,学校始终坚持社会主义办学方向，全面贯彻党的教育方针，落实立德树人根本任务，推动社会主义核心价值观贯穿教育教学各环节；秉承 “博学笃行，为人师表” 校训，矢志践行 “为党育人、为国育才” 使命担当，为推进社会主义现代化新疆建设，尤其是区域教师教育事业建设贡献了坚实力量。,candidate,2026-09-30,
4165010763,喀什大学,,,,,,no_source,2026-09-30,
4165010764,伊犁师范大学,,,,,,no_source,2026-09-30,
4165010765,新疆和田学院,,,,,,no_source,2026-09-30,
4165010766,新疆财经大学,https://www.xjufe.edu.cn/xxgk/xxjj/index.htm,学校简介_新疆财经大学,founded_year,1950,其前身是1950年成立的新疆省人民政府干部培训班；1959年升格为新疆财经学院；1962年转制为新疆财贸学校；1980年经国务院批准恢复新疆财经学院建制。,candidate,2026-09-30,
4165010766,新疆财经大学,https://www.xjufe.edu.cn/xxgk/xxjj/index.htm,学校简介_新疆财经大学,motto,,进入新发展阶段，立足新的历史起点，学校秉持“经世济公、至善至诚”的校训，发扬“自强不息、严谨求实、开放包容、与时俱进”的大学精神，正朝着建设“新疆名牌、西北一流、全国知名、辐射中亚”的自治区特色高水平大学的目标稳步迈进。,candidate,2026-09-30,
4165010768,新疆艺术学院,https://www.xjart.edu.cn/xxgk/xxjs.htm,学校介绍-新疆艺术学院,founded_year,1958,新疆艺术学院成立于1958年，位于素有“歌舞之乡”“丹青之乡”美誉的新疆维吾尔自治区首府乌鲁木齐市。,candidate,2026-09-30,
4165010768,新疆艺术学院,https://www.xjart.edu.cn/xxgk/xxjs.htm,学校介绍-新疆艺术学院,motto,,面向未来，新疆艺术学院党委将团结带领全校广大师生员工，在习近平新时代中国特色社会主义思想科学指引下，完整准确全面贯彻新时代党的治疆方略，继续秉承“团结、勤奋、敬业、尚美”校风和“传承创新，德艺双馨”校训，坚持走内涵建设、高质量发展道路，推进实施学校党委“一二三四五”工作思路，即围,candidate,2026-09-30,
4165010994,新疆工程学院,https://www.xjie.edu.cn/xxgk/xxjj.htm,学校简介-新疆工程学院,founded_year,1958,学校始于1958年，由中国人民解放军总后方勤务部第二预备学校163名官兵集体转业到新疆，组建了乌鲁木齐煤矿学校，这也是新疆第一所专门培养煤炭行业人才的学校。,candidate,2026-09-30,
4165010994,新疆工程学院,https://www.xjie.edu.cn/xxgk/xxjj.htm,学校简介-新疆工程学院,motto,,60多年来，学校秉承“艰苦奋斗，无私奉献，求真务实，负重致远”的“矿山魂”精神，培植了“知行统一，追求卓越”的校训，逐渐发展成为了一所以推进能源资源、安全应急、低空经济为办学特色的应用型大学。,candidate,2026-09-30,
4165010997,昌吉学院,https://www.cjc.edu.cn/xygk/xxjj.htm,学校简介-昌吉学院,founded_year,1959,昌吉学院位于丝绸之路经济带核心区、新疆天山北坡经济带、乌昌石城市群率先发展的核心区域——美丽的昌吉市，学校的前身是创立于1959年9月的昌吉师范学校，1985年12月升格为昌吉师范专科学校，2001年5月经教育部和自治区人民政府批准为区属本科层次普通高等学校——昌吉学院。,candidate,2026-09-30,
4165010997,昌吉学院,https://www.cjc.edu.cn/xygk/xxjj.htm,学校简介-昌吉学院,motto,,展望未来，学校坚持以习近平新时代中国特色社会主义思想为指导，深入贯彻党的二十大精神，完整准确全面贯彻新时代党的治疆方略，坚守社会主义办学方向，秉持“惟德惟才 笃学笃行”的校训，落实立德树人根本任务，以铸牢中华民族共同体意识为主线，坚持内涵式高质量发展，全面推进更名大学、建设具有区,candidate,2026-09-30,
4165012734,新疆警察学院,,,,,,no_source,2026-09-30,
4165013558,新疆理工学院,,,,,,no_source,2026-09-30,
4165013560,新疆第二医学院,https://www.xjsmc.edu.cn/xygk/xxjj.htm,学校简介-新疆第二医学院,founded_year,2003,学校前身为2003年创办的新疆医科大学厚博学院，2021年1月，经教育部批准转设为独立设置的本科院校。,candidate,2026-09-30,
4165013560,新疆第二医学院,https://www.xjsmc.edu.cn/xygk/xxjj.htm,学校简介-新疆第二医学院,motto,,学校秉承“厚德博学精医致用”校训，努力将学校建设成为“特色鲜明、疆内一流、区域知名”的高水平应用型医科大学。,candidate,2026-09-30,
4165013561,新疆科技学院,,,,,,no_source,2026-09-30,
4165013628,新疆政法学院,,,,,,no_source,2026-09-30,
4165014897,新疆工业学院,https://www.xjut.edu.cn/xxgk/xxjj.htm,学校简介-新疆工业学院,motto,,学校完整准确全面贯彻新时代党的治疆方略，牢牢把握教育的政治属性、人民属性和战略属性，坚守为党育人、为国育才初心使命，全面落实立德树人根本任务，秉持“工铸昆仑 育润万方”校训，弘扬“尚善、弘毅、励学、拓新”校风，以铸牢中华民族共同体意识为主线，将兵团精神和胡杨精神、老兵精神深度融入,candidate,2026-09-30,
4132010289,江苏科技大学,https://www.just.edu.cn/11991/list.htm,学校简介,founded_year,1933,学校源自1933年上海市私立大公职业学校，1953年组建成立新中国第一所造船中等专业学校——上海船舶工业学校。,candidate,2026-09-30,
4132010289,江苏科技大学,https://www.just.edu.cn/11991/list.htm,学校简介,motto,,在长期的办学历程中，学校始终落实立德树人根本任务，秉承“笃学明德、经世致用”的校训，大力弘扬“江海襟怀、同舟共济、扬帆致远”的“船魂”精神，培养德智体美劳全面发展、学校特质鲜明、具有学术创新和应用实践能力的高素质人才，全力服务加快建设海洋强国、全力服务“一带一路”国际合作，为我国,candidate,2026-09-30,
4132010291,南京工业大学,https://www.njtech.edu.cn/xxgk/xxjj.htm,学校简介-南京工业大学,founded_year,1902,南京工业大学办学历史溯源于1902年创办的三江师范学堂，2001年由南京化工大学与南京建筑工程学院合并组建，历史底蕴深厚、学科特色鲜明、办学成果丰硕。,candidate,2026-09-30,
4132010292,常州大学,https://www.cczu.edu.cn/10287/list.htm,学校简介,founded_year,1978,学校始建于1978年，前身为南京化工学院无锡分院、常州分院。,candidate,2026-09-30,
4132010292,常州大学,https://www.cczu.edu.cn/10287/list.htm,学校简介,motto,,遵循习近平总书记的殷殷嘱托，常州大学始终坚持“责任” 校训，秉承“勇担责任，追求卓越”的学校精神，不断彰显红色文化、石油石化、创新创业三大办学特色，引领教育链、产业链、创新链深度融合，着力破解地方高校人才培养与产业需求脱节矛盾，积极培养具有理想信念、爱国情怀、科学精神、协作品质、,candidate,2026-09-30,
4132010299,江苏大学,https://www.ujs.edu.cn/xxgk/xxgk.htm,学校概况-江苏大学欢迎您！,founded_year,1960,原江苏理工大学的前身镇江农业机械学院，是为贯彻毛泽东同志关于“农业的根本出路在于机械化”的重要指示，1960年由南京工学院（现东南大学）分设独立建校的，办学历史可追溯到1902年刘坤一、张之洞等创办的三江师范学堂。,candidate,2026-09-30,
4132010299,江苏大学,https://www.ujs.edu.cn/xxgk/xxgk.htm,学校概况-江苏大学欢迎您！,motto,,江苏大学坚持以习近平新时代中国特色社会主义思想为指导，深入学习贯彻习近平总书记对学校重要批示精神，紧紧围绕立德树人根本任务，秉承“博学、求是、明德”校训和“自强厚德，实干求真”江大精神，奋力谱写“双一流”创建和特色鲜明高水平大学建设新篇章，努力为全面建设社会主义现代化国家、全面推,candidate,2026-09-30,
4132010304,南通大学,https://www.ntu.edu.cn/xxjj/list.htm,学校简介,founded_year,1912,南通大学（Nantong University）始建于1912年，源自近代著名实业家、教育家张謇先生创办的私立南通医学专门学校和南通纺织专门学校。,candidate,2026-09-30,
4132010304,南通大学,https://www.ntu.edu.cn/xxjj/list.htm,学校简介,motto,,一个多世纪以来，学校秉承“祈通中西，力求精进”的校训精神、“学必期于用，用必适于地”的办学理念、“道德优美，学术纯粹”的价值追求，锐意进取、砥砺前行，相继成为江苏省人民政府和交通运输部共建的综合性大学、江苏高水平大学高峰计划建设高校。,candidate,2026-09-30,
4132010305,盐城工学院,https://www.ycit.edu.cn/,盐城工学院 - YANCHENG INSTITUTE OF TECHNOLOGY 厚德格致 笃学重行,,,,no_pattern,2026-09-30,
4132010313,徐州医科大学,https://www.xzhmu.edu.cn/xqzl/xxjj.htm,学校简介-徐州医科大学,founded_year,1934,徐州医科大学是江苏高水平大学建设高峰计划建设高校，学校办学历史可追溯至创办于1934年的江苏省立医政学院，1958年由南京医学院分迁至徐州成立南京医学院徐州分院，1960年定名为徐州医学院，2016年更名为徐州医科大学。,candidate,2026-09-30,
4132010313,徐州医科大学,https://www.xzhmu.edu.cn/xqzl/xxjj.htm,学校简介-徐州医科大学,motto,,建校六十余年来，学校秉承“以德载医、博学创新”的校训精神，实施“人才强校、质量立校、科技兴校、特色名校、文化铸校”的发展战略，坚持“创新型发展”“选择性优秀”“关联性拉动”的发展思路，走出了一条极具特色的发展之路，是苏皖鲁豫省际交界地区办学历史悠久、办学特色鲜明的一所高等医学院校,candidate,2026-09-30,
4132010320,江苏师范大学,http://www.jsnu.edu.cn/70/list.htm,学校简介,founded_year,1952,学校前身是1952年创办于江苏无锡的苏南军区转业干部文化速成中学，战功卓著的刘先胜中将为第一任校长。,candidate,2026-09-30,
4132010320,江苏师范大学,http://www.jsnu.edu.cn/70/list.htm,学校简介,founded_year,1957,1957年成立江苏师范专科学校。,candidate,2026-09-30,
4132010320,江苏师范大学,http://www.jsnu.edu.cn/70/list.htm,学校简介,founded_year,1959,1958年，为支援苏北建设，学校北迁徐州，1959年与徐州师范专科学校（原运河师范专科学校）合并，成立徐州师范学院。,candidate,2026-09-30,
4132010323,淮阴师范学院,https://www.hytc.edu.cn/info/1052/51137.htm,【科普报告】走进具身智能-淮阴师范学院,,,,no_pattern,2026-09-30,
4132010324,盐城师范学院,https://www.yctu.edu.cn/5637/list.htm,学校简介,founded_year,1958,学校创建于1958年，前身是盐城师范专科学校和盐城教育学院；2002年国家级重点中专盐城商业学校并入。,candidate,2026-09-30,
4132010327,南京财经大学,,,,,,no_source,2026-09-30,
4132010329,江苏警官学院,https://www.jspi.cn/xygk/lsyg.htm,,,,,no_source,2026-09-30,
4132010330,南京体育学院,https://www.nsi.edu.cn/2405/list.htm,学校简介,founded_year,1956,1956年，学校前身南京体育学校成立于中央体育场旧址，其设学渊源可追溯到1933年张之江在此创立的中央国体专校。,candidate,2026-09-30,
4132010330,南京体育学院,https://www.nsi.edu.cn/2405/list.htm,学校简介,founded_year,2014,2014年，国家体育总局网球运动管理中心、江苏省体育局和学校三方共建成立“中国网球学院”，同年，学校承办了第二届青年奥林匹克运动会网球、羽毛球两个项目的比赛。,candidate,2026-09-30,
4132010330,南京体育学院,https://www.nsi.edu.cn/2405/list.htm,学校简介,founded_year,2022,2022年，中国击剑协会、江苏省体育局和学校共建的“中国击剑学院”正式成立。,candidate,2026-09-30,
4132010330,南京体育学院,https://www.nsi.edu.cn/2405/list.htm,学校简介,motto,,传承中华体育文脉，坚守“严和朴实”校训精神，学校在长期办学实践中，探索形成了独树一帜的教学、训练、科研“三位一体”“南体模式”，先后培养了以栾菊杰、张雨霏等18位奥运冠军、127位世界冠军为代表的竞技体育精英人才和国家体育总局原局长袁伟民、中国击剑协会主席王海滨、国际级足球裁判马,candidate,2026-09-30,
4132010330,南京体育学院,https://www.nsi.edu.cn/2405/list.htm,学校简介,founded_year,2023,2023年，学校成立运动与脑健康研究院，瞄准运动与脑健康领域研究前沿，建设具有前瞻性和一流水平的脑健康与提升研究平台。,candidate,2026-09-30,
4132010331,南京艺术学院,https://www.nua.edu.cn/7/list.htm,学校简介,founded_year,1912,1912年，我国新美术运动拓荒者、现代美术教育奠基人刘海粟先生创办上海图画美术院（1930年更名为上海美术专科学校）；1922年，颜文樑先生创办苏州美术专科学校；1952年，在全国高等学校院系调整中，山东大学艺术系美术、音乐两科合并上海美专与苏州美专，于江苏无锡社桥成立华东艺术专,candidate,2026-09-30,
4132010332,苏州科技大学,https://www.usts.edu.cn/xxgk/xxjj.htm,学校简介-苏州科技大学,motto,,苏州科技大学将深入学习贯彻习近平新时代中国特色社会主义思想，以“全方位服务美丽中国建设”为己任，秉承“致远至恒，务学悟真”的校训精神，坚持“立足长三角，服务全中国，辐射海内外”的办学定位，注重内涵建设，强化特色发展，提升办学实力，努力将学校全面建设成为特色鲜明、品质卓越的江苏高水,candidate,2026-09-30,
4132010333,苏州工学院,https://www.szut.edu.cn/xxgk/xxjj.htm,学校简介-苏州工学院,founded_year,1958,学校前身是创建于1958年的苏州师范专科学校，1989年，苏州师范专科学校与常熟职业大学合并，成立常熟高等专科学校。,candidate,2026-09-30,
4132010333,苏州工学院,https://www.szut.edu.cn/xxgk/xxjj.htm,学校简介-苏州工学院,founded_year,2025,2025年，教育部批准学校设立苏州工学院威斯康星学院。,candidate,2026-09-30,
4132011049,淮安大学,https://www.hau.edu.cn/,淮安大学,,,,no_pattern,2026-09-30,
4132011055,常州工学院,https://www.czu.cn/12/list.htm,,,,,no_source,2026-09-30,
4132011117,扬州大学,,,,,,no_source,2026-09-30,
4132011122,三江学院,,,,,,no_source,2026-09-30,
4132011276,南京工程学院,https://www.njit.edu.cn/xxgk/xxjj.htm,学校简介-南京工程学院,founded_year,1946,2000年6月，由两所国家首批示范性高工专—隶属原国家机械部的原南京机械高等专科学校（办学历史可追溯到1915年上海同济医工学堂附设机师科）和隶属原国家电力部的原南京电力高等专科学校（办学前身是1946年创建的江苏省立苏州高级工业职业学校）合并组建而成，2001年4月隶属原国家核,candidate,2026-09-30,
4132011287,南京审计大学,https://www.nau.edu.cn/18/list.htm,学校简介,founded_year,1983,学校创建于1983年，办学历史可追溯至1951年。,candidate,2026-09-30,
4132011287,南京审计大学,https://www.nau.edu.cn/18/list.htm,学校简介,motto,,在43年的办学实践中，学校始终坚持服务审计事业的初心不改，遵循“特色、质量、国际化”办学理念，践行“诚信、求是、笃学、致公”校训精神，筚路蓝缕，风雨传薪，努力发展成为审计人才培养的摇篮、审计科学研究的基地、审计事业发展的智库、审计国际交流的窗口和审计文化传播的平台。,candidate,2026-09-30,
4132011460,南京晓庄学院,https://www.njxzc.edu.cn//xxjj/list.htm,学校简介,founded_year,1927,学校前身是伟大的人民教育家陶行知先生1927年创办的“晓庄试验乡村师范”，是我国乡村师范教育发祥地，是近代中国教育家精神策源地。,candidate,2026-09-30,
4132011460,南京晓庄学院,https://www.njxzc.edu.cn//xxjj/list.htm,学校简介,motto,,学校始终秉承陶行知教育思想精髓，形成了“教学做合一”的校训、“教人求真，学做真人”的校风和“捧着一颗心来，不带半根草去”的奉献精神。,candidate,2026-09-30,
4132011460,南京晓庄学院,https://www.njxzc.edu.cn//xxjj/list.htm,学校简介,founded_year,2022,2022年建校95周年，学校召开发展论坛，教育部相关司局发来贺电。,candidate,2026-09-30,
4132011463,江苏理工学院,http://www.jstu.edu.cn/7774/list.htm,学校概况,founded_year,1984,学校前身是常州职业师范学院，创建于1984年8月，1985年9月招生，1987年12月，更名为常州技术师范学院。,candidate,2026-09-30,
4132011463,江苏理工学院,http://www.jstu.edu.cn/7774/list.htm,学校概况,motto,,学校以“厚德、博学、笃行”为校训，秉承“惟实励新、追求卓越”的办学精神，发扬“团结勤奋、求实创新”的优良校风，恪守“师生为中心、学院办大学”的发展理念，坚持学院有特色、学生有特长、学科有特质、学业有特点、学术有影响，实施开放合作办学和校城融合发展战略，凝心聚力办好更为适合、更加优,candidate,2026-09-30,
4132011585,连云港师范学院,https://www.lygsf.edu.cn/xxjj/list.htm,学校简介,founded_year,1914,学校前身为始建于1914年的江苏省立第八师范学校，后历经江苏省东海师范学校、海州师范学校、连云港师范高等专科学校（由原海州师范学校、连云港教育学院、连云港师范学校、连云港市经济管理干部中等专业学校合并组建）等重要发展时期，曾是“海赣沭灌”地区的最高学府，办学历史悠久，文化底蕴深厚,candidate,2026-09-30,
4132011641,江苏海洋大学,https://www.jou.edu.cn/xxgk/xxjj.htm,学校简介-江苏海洋大学,founded_year,1985,学校前身是1985年创办的淮海大学（筹），1989年教育部批复为淮海工学院。,candidate,2026-09-30,
4132011641,江苏海洋大学,https://www.jou.edu.cn/xxgk/xxjj.htm,学校简介-江苏海洋大学,founded_year,1958,海洋高等教育办学历史可追溯至始建于1958年的新海连水产专科学校（后更名为连云港水产学校）。,candidate,2026-09-30,
4132011998,徐州工程学院,https://www.xzit.edu.cn/6000/list.htm,学校简介,,,,no_pattern,2026-09-30,
4132012048,南京特殊教育师范学院,https://www.njts.edu.cn/xxjj/list.htm,南京特殊教育师范学院,founded_year,1982,学校应中国特殊教育和残疾人事业需求而生，于1982年在联合国儿童基金会资助支持下、由教育部创办，开创了中国现代特殊师范教育的先河。,candidate,2026-09-30,
4132012048,南京特殊教育师范学院,https://www.njts.edu.cn/xxjj/list.htm,南京特殊教育师范学院,motto,,学校恪守为中国特殊教育和残疾人事业服务的办学宗旨，秉承“博爱塑魂”校训精神，在发展中跨越、在创新中前行，办学综合实力和社会影响力持续提升。,candidate,2026-09-30,
4132012213,南京警察学院,,,,,,no_source,2026-09-30,
4132012917,泰州学院,https://www.tzu.edu.cn/8/list.htm,学校简介,founded_year,1941,泰州学院前身是成立于1941年的泰兴乡村师范和1952年的苏北泰州师范学校，2002年两校合并组建泰州师范高等专科学校，同年泰州市广播电视大学并入。,candidate,2026-09-30,
4132012917,泰州学院,https://www.tzu.edu.cn/8/list.htm,学校简介,motto,,80余年来，学校积淀形成“敦尚行实 明体达用”的校训和“惟精惟诚 知行合一”的校风，大力弘扬“扎根 深耕 勇闯 善创”的泰院精神，培养了10多万名各级各类优秀人才。,candidate,2026-09-30,
4132013573,金陵科技学院,https://www.jit.edu.cn/xxgk/xxjj.htm,学校简介-金陵科技学院,founded_year,1980,学校前身是1980年成立的新中国第一所全日制城市职业大学——金陵职业大学和1958年成立、1984年复建的南京市农业专科学校。,candidate,2026-09-30,
4132013573,金陵科技学院,https://www.jit.edu.cn/xxgk/xxjj.htm,学校简介-金陵科技学院,founded_year,2005,2002年6月经教育部和省市政府批准，两校合并筹建金陵科技学院，2005年3月正式成立。,candidate,2026-09-30,
4132013573,金陵科技学院,https://www.jit.edu.cn/xxgk/xxjj.htm,学校简介-金陵科技学院,motto,,学校秉承“厚德兴业”校训，践行“三干三创”（肯干、能干、实干，创新、创业、创造）校风，坚持“需求导向，能力为本，知行合一，重在创新”的人才培养理念，不断深化产教融合、校企合作，积极创新人才培养模式，切实培养适应地方经济社会发展需要的用得好、站得住、有作为、受欢迎的高素质应用型人才,candidate,2026-09-30,
4132013982,无锡学院,,,,,,no_source,2026-09-30,
4132013983,苏州城市学院,https://www.szcu.edu.cn/xxjj/list.htm,学校简介,founded_year,1998,苏州城市学院是一所经教育部批准，由江苏省人民政府管理、苏州市人民政府举办的公办普通本科高校，其前身是创建于1998年的苏州大学文正学院。,candidate,2026-09-30,
4132013983,苏州城市学院,https://www.szcu.edu.cn/xxjj/list.htm,学校简介,founded_year,1998,苏州城市学院是一所经教育部批准，由江苏省人民政府管理、苏州市人民政府举办的公办普通本科高校，其前身是创建于1998年的苏州大学文正学院。,candidate,2026-09-30,
4132014160,宿迁学院,https://www.squ.edu.cn/xxgk/xxjj.htm,学校简介-宿迁学院,motto,,学校坚持立德树人，秉承“明德至善、博学致用”的校训，办学以来，已向社会输送了二十届本科毕业生，共计67000余人，学生的升学率、就业率、大学英语四、六级通过率等各项人才培养可比性指标均位于省内外同类型高校前列。,candidate,2026-09-30,
4132014436,江苏第二师范学院,https://www.jssnu.edu.cn/4451/list.htm,学校介绍,founded_year,1952,其前身江苏教育学院始建于1952年，是新中国建立初期江苏省17所公办本科学校之一。,candidate,2026-09-30,
4132014436,江苏第二师范学院,https://www.jssnu.edu.cn/4451/list.htm,学校介绍,motto,,七十余年来，学校师生躬耕教坛、兴教报国，形成了“坚韧不拔、自强不息，强师兴教、忠诚担当”的优良传统，诠释了“崇德敬业、求真创新”的校训内涵，赓续了“学高为师、身正为范”的师范精神，为党的教育事业作出贡献。,candidate,2026-09-30,
4132016403,西交利物浦大学,https://www.xjtlu.edu.cn/zh/about/overview,学校概况 - Xi'an Jiaotong-Liverpool University,,,,no_pattern,2026-09-30,
4132016406,昆山杜克大学,https://www.dukekunshan.edu.cn:443/,,,,,no_source,2026-09-30,
4136010404,华东交通大学,,,,,,no_source,2026-09-30,
4136010405,东华理工大学,https://www.ecut.edu.cn/7563/list.htm,学校简介,founded_year,1956,东华理工大学（原华东地质学院），简称东华理工，创办于1956年，是中国核工业第一所高等学府，由江西省人民政府与国家国防科技工业局、自然资源部、中国核工业集团有限公司共建的具有地学、核科学特色，以理工为主，经、管、文、法、教、艺兼备的综合性大学。,candidate,2026-09-30,
4136010406,南昌航空大学,https://www.nchu.edu.cn/xxgk/xxjj,学校简介_学校概况_南昌航空大学,founded_year,1952,历史沿革：学校创建于1952年，先后隶属于航空工业部、航空航天工业部、中国航空工业总公司，1999年开始实行中央与地方共建、以地方政府管理为主的管理体制，现为江西省人民政府与国家国防科技工业局共建高校。,candidate,2026-09-30,
4136010406,南昌航空大学,https://www.nchu.edu.cn/xxgk/xxjj,学校简介_学校概况_南昌航空大学,motto,,办学特色：学校秉承“日新自强、知行合一”的校训，传承“勤奋、文明、求实、创新”的校风，弘扬“团结自强、拼搏向上”的昌航精神，贯彻“育人为本，质量立校，人才强校，开放兴校，特色发展”的办学理念，坚持“立足江西、面向全国，服务地方、服务国防行业”的服务面向，弘扬航空航天文化，积极服务,candidate,2026-09-30,
4136010407,江西理工大学,,,,,,no_source,2026-09-30,
4136010408,景德镇陶瓷大学,https://www.jci.edu.cn/,景德镇陶瓷大学官方网站,,,,no_pattern,2026-09-30,
4136010410,江西农业大学,https://www.jxau.edu.cn/xqzl/xxjj.htm,学校简介-江西农业大学,,,,no_pattern,2026-09-30,
4136010412,江西中医药大学,https://www.jxutcm.edu.cn/info/1050/16932.htm,江西中医药大学简介-江西中医药大学,founded_year,1959,江西中医药大学创建于1959年，是教育部、国家中医药管理局与江西省人民政府共建公办普通本科高校。,candidate,2026-09-30,
4136010412,江西中医药大学,https://www.jxutcm.edu.cn/info/1050/16932.htm,江西中医药大学简介-江西中医药大学,motto,,建校以来，学校坚持“为国家改革发展服务，为中医药事业发展服务，为地方经济发展和社会全面进步服务”的办学宗旨，弘扬“惟学、惟人、求强、求精”的校训，以“培养适应社会进步和中医药事业发展需要，具有市场竞争力的实践型创新型创业型人才”为目标，努力办好人民满意的大学，已发展成以中医药教育,candidate,2026-09-30,
4136010413,赣南医科大学,,,,,,no_source,2026-09-30,
4136010414,江西师范大学,https://www.jxnu.edu.cn/xxjj/list.htm,学校简介,founded_year,1940,学校缘起于庐山白鹿洞书院，肇基于1940年创建的国立中正大学，1949年更名为南昌大学，1953年改为江西师范学院，1983年更名为江西师范大学，是江西省本科办学历史最为悠久的普通高等院校。,candidate,2026-09-30,
4136010414,江西师范大学,https://www.jxnu.edu.cn/xxjj/list.htm,学校简介,motto,,学校先后七次迁址，六易其名，四度调整，砥砺出“静思笃行、持中秉正”的校训，孕育了“团结、勤奋、求实、创新”的优良校风，形成了“以人为本、面向社会”的办学思想，“以生为本、以德为先”的育人思想，“百折不挠、艰苦创业”的办学传统，“质量立校、学术铸校、人才强校、特色名校、管理兴校、和,candidate,2026-09-30,
4136010416,上饶师范学院,,,,,,no_source,2026-09-30,
4136010417,宜春学院,https://www.jxycu.edu.cn/4220/list.htm,学校简介,founded_year,1958,宜春学院前身是1958年创办的宜春大学。,candidate,2026-09-30,
4136010417,宜春学院,https://www.jxycu.edu.cn/4220/list.htm,学校简介,motto,,学校始终坚持立德树人，秉承“厚德、尚能、博学、笃行”的校训，围绕建设有特色高水平应用型大学办学定位，践行“地方性、应用性、开放性”办学理念，致力于培养“五有”人才。,candidate,2026-09-30,
4136010418,赣南师范大学,https://www.gnnu.edu.cn/xxgk/xxjj.htm,学校简介-赣南师范大学|Gannan Normal University,founded_year,1958,学校创办于1958年6月，时为赣南师范专科学校。,candidate,2026-09-30,
4136010418,赣南师范大学,https://www.gnnu.edu.cn/xxgk/xxjj.htm,学校简介-赣南师范大学|Gannan Normal University,motto,,学校始终坚持“扎根红土、潜心育人”的办学传统，践行“博达毅卓”校训，秉承“崇德、尚学、求实、创新”校风，培育形成了以“多谋思变、同心创业、自强不息、艰苦奋斗、勇于开拓、追求卓越”为基本内涵的赣师人特有的“精气神”文化。,candidate,2026-09-30,
4136010419,井冈山大学,https://www.jgsu.edu.cn/xxgk/xygk/xxjj.htm,学校简介-井冈山大学,founded_year,1958,学校创办于1958年，历经撤并和数易校名,candidate,2026-09-30,
4136010419,井冈山大学,https://www.jgsu.edu.cn/xxgk/xygk/xxjj.htm,学校简介-井冈山大学,motto,,学校坚持立足井冈、服务江西、面向全国，秉承“振兴革命老区、服务地方发展”办学宗旨，以“紧扣一条主线、坚持两个融入、打造四张名片、建设六个一流、实现八大进位”的12468高质量跨越式发展思路，锚定“三步走”战略目标，明确“升层次、调结构、补短板、强特色、重治理、提质量”发展路径，秉,candidate,2026-09-30,
4136010419,井冈山大学,https://www.jgsu.edu.cn/xxgk/xygk/xxjj.htm,学校简介-井冈山大学,founded_year,1958,1958年建校以来，学校共为社会培养了20多万名优秀人才，为国家和地方经济社会发展作出了重要贡献。,candidate,2026-09-30,
4136010421,江西财经大学,,,,,,no_source,2026-09-30,
4136010894,景德镇学院,,,,,,no_source,2026-09-30,
4136010895,萍乡学院,https://www.pxc.jx.cn/,,,,,no_source,2026-09-30,
4136011318,江西科技师范大学,,,,,,no_source,2026-09-30,
4136011319,江西水利电力大学,,,,,,no_source,2026-09-30,
4136011504,江西警察学院,,,,,,no_source,2026-09-30,
4136011508,新余学院,https://www.xyc.edu.cn/xxgk/xxjj.htm,学校简介-新余学院,founded_year,1985,新余学院前身是1985年创办的新余职业大学。,candidate,2026-09-30,
4136011508,新余学院,https://www.xyc.edu.cn/xxgk/xxjj.htm,学校简介-新余学院,motto,,学校围绕立德树人根本任务，坚持以人才培养为中心，秉承“求新、求实、求善”的校训，努力践行“育人为本、德育为先、能力为重、全面发展”的育人理念，致力于培养“品德素养好，应用能力强，就业有实力，发展有后劲”的高素质应用型人才。,candidate,2026-09-30,
4136011843,九江学院,https://www.jju.edu.cn/xxgk/xxjj.htm,学校简介-九江学院校园网,founded_year,2002,学校由原九江财经高等专科学校、九江师范专科学校、九江医学专科学校、九江教育学院等四所院校于2002年合并组建，办学历史可追溯至1901年创办的但福德医院护士学校。,candidate,2026-09-30,
4136011843,九江学院,https://www.jju.edu.cn/xxgk/xxjj.htm,学校简介-九江学院校园网,motto,,站在新的历史起点，九江学院将坚持以习近平新时代中国特色社会主义思想为指导，全面贯彻党的教育方针，落实立德树人根本任务，秉承“竞知向学、厚德笃行”的校训精神，围绕学校第二次党员代表大会确定的“三步走”发展思路，统筹推进“3353”发展战略，开拓创新、奋勇前行，努力早日实现更名大学目,candidate,2026-09-30,
4136013421,南昌工学院,https://www.ncpu.edu.cn/news/38500.html,江西省委党校省直单位处级干部进修班走进我校开展现场教学,,,,no_pattern,2026-09-30,
4136013432,赣东学院,https://www.gdc.edu.cn/30/list.htm,学校简介,,,,no_pattern,2026-09-30,
4136013434,赣南科技学院,https://www.gnust.edu.cn/xygk/xxjj.htm,学校简介-赣南科技学院,founded_year,2001,赣南科技学院是由江西省人民政府管理、赣州市人民政府举办的公办全日制普通本科高校，其前身为创建于2001年的南方冶金学院西点学院。,candidate,2026-09-30,
4136013437,南昌医学院,https://www.ncmc.edu.cn/newxxgk/xxjj.htm,学校简介-南昌医学院,founded_year,2021,2021年1月，教育部正式批复同意设立南昌医学院。,candidate,2026-09-30,
4136013437,南昌医学院,https://www.ncmc.edu.cn/newxxgk/xxjj.htm,学校简介-南昌医学院,motto,,南昌医学院将始终高举习近平新时代中国特色社会主义思想伟大旗帜，坚持社会主义办学方向，全面贯彻党的教育方针，落实“立德树人”根本任务，以“服务国家发展、促进社会进步、勇担健康使命”为办学宗旨，坚持“立足江西、面向基层，立足健康、服务社会”的办学定位，秉持“厚德精业、创新实干”的校训,candidate,2026-09-30,
4136013774,豫章师范学院,,,,,,no_source,2026-09-30,
4136013775,抚州医药学院,,,,,,no_source,2026-09-30,
4136014437,南昌师范学院,,,,,,no_source,2026-09-30,
4136014839,江西飞行学院,https://www.jxfu.edu.cn/xygk/xxjj.htm,学校简介-江西飞行学院官网,,,,no_pattern,2026-09-30,
4113010075,河北大学,https://hebei-university.com/,,,,,no_source,2026-09-30,
4113010076,河北工程大学,,,,,,no_source,2026-09-30,
4113010077,河北地质大学,https://www.hgu.edu.cn/xqzl/xxjj.htm,学校简介-河北地质大学,founded_year,1953,学校始建于1953年，由著名地质学家李四光、老一辈革命家何长工选址塞外古城宣化成立中央人民政府地质部宣化地质学校，是新中国最早设置经济管理类专业的原地质部直属五所院校之一；1971年改办河北地质学院；1985年，从宣化迁至省会石家庄办学；1996年，更名为石家庄经济学院；2016,candidate,2026-09-30,
4113010077,河北地质大学,https://www.hgu.edu.cn/xqzl/xxjj.htm,学校简介-河北地质大学,motto,,学校始终坚持以“为资源环境可持续发展提供人才和科技支撑”为核心使命，秉承“达观博物”校训，弘扬“仰山慕水”文化，确立了为服务地质行业、服务地方发展培养经世致用复合型人才的“双地”办学定位，秉持“夯基础、强内涵、谋发展、上层次”的工作理念，突出“地经渗透”办学特色，着力打造“产教融,candidate,2026-09-30,
4113010081,华北理工大学,,,,,,no_source,2026-09-30,
4113010082,河北科技大学,https://www.hebust.edu.cn/xqzl/xxgk/index.htm,河北科技大学-学校概况,motto,,1956年举办高等教育，在多年的办学历程中，学校始终坚持“致力于人的全面发展，服务于区域经济建设和社会进步”的办学宗旨，秉承“兴业、尽责”的校训和“进取、协作、奉献”的科大精神，为国家培养了30余万名优秀毕业生。,candidate,2026-09-30,
4113010084,河北建筑工程学院,,,,,,no_source,2026-09-30,
4113010085,河北水利电力学院,https://www.hbwe.edu.cn/xygk1/lsyg.htm,历史沿革-河北水利电力学院,,,,no_pattern,2026-09-30,
4113010086,河北农业大学,,,,,,no_source,2026-09-30,
4113010089,河北医科大学,https://www.hebmu.edu.cn/a/xxgk/xxjj/index.html,学校简介,founded_year,1894,初名北洋医学堂，1894年由直隶总督兼北洋大臣李鸿章于天津创办，1913年开始招收本科生；1949年4月更名为河北医学院；1995年，原河北医学院、河北中医学院、石家庄医学高等专科学校三校合并为河北医科大学；2013年河北中医学院恢复独立建制；2016年，河北省人民政府、原国家卫,candidate,2026-09-30,
4113010089,河北医科大学,https://www.hebmu.edu.cn/a/xxgk/xxjj/index.html,学校简介,motto,,2005年学校提出了“明德博学 行方智圆”的校训。,candidate,2026-09-30,
4113010089,河北医科大学,https://www.hebmu.edu.cn/a/xxgk/xxjj/index.html,学校简介,founded_year,1894,初名北洋医学堂，1894年由直隶总督兼北洋大臣李鸿章于天津创办，1913年开始招收本科生；1949年4月更名为河北医学院；1995年，原河北医学院、河北中医学院、石家庄医学高等专科学校三校合并为河北医科大学；2013年河北中医学院恢复独立建制；2016年，河北省人民政府、原国家卫,candidate,2026-09-30,
4113010089,河北医科大学,https://www.hebmu.edu.cn/a/xxgk/xxjj/index.html,学校简介,motto,,2005年学校提出了“明德博学 行方智圆”的校训。,candidate,2026-09-30,
4113010092,河北北方学院,https://www.hebeinu.edu.cn/index.php?s=/List/index/cid/11.html,学校简介-河北北方学院,founded_year,1950,张家口医学院的前身是1945年建立的晋察冀白求恩卫生学校，1982年12月经教育部批准升格为本科院校，定名为张家口医学院；张家口师范专科学校始建于1950年；张家口农业高等专科学校始建于1923年。,candidate,2026-09-30,
4113010093,承德医学院,https://chengdemedicaluniversity.com/,,,,,no_source,2026-09-30,
4113010094,河北师范大学,https://www.hebtu.edu.cn/a/xxgk/xxjj/index.html,学校简介河北师范大学,founded_year,1902,学校起源于1902年创建于北京的顺天府学堂和1906年创建于天津的北洋女师范学堂，具有120多年的发展历史和光荣的办学传统。,candidate,2026-09-30,
4113010094,河北师范大学,https://www.hebtu.edu.cn/a/xxgk/xxjj/index.html,学校简介河北师范大学,founded_year,1952,1996年6月，原河北师范大学、河北师范学院与创建于1952年的河北教育学院、创建于1984年的河北职业技术师范学院合并，组建成新的河北师范大学。,candidate,2026-09-30,
4113010094,河北师范大学,https://www.hebtu.edu.cn/a/xxgk/xxjj/index.html,学校简介河北师范大学,motto,,从创办初期的“学堂”到今天誉满燕赵的学术殿堂，诞生于“兴教救国”时代大潮中的河北师范大学秉承“怀天下、求真知”的校训精神，薪火相传，弦歌不辍，培养了一大批致力于民族振兴、爱国报国的栋梁之才。,candidate,2026-09-30,
4113010096,保定学院,https://www.bdu.edu.cn/xygk/xxjj.htm,学校简介-保定学院,founded_year,1904,学校具有120余年的办学历史，其前身是始建于1904年的“保定初级师范学堂”。,candidate,2026-09-30,
4113010096,保定学院,https://www.bdu.edu.cn/xygk/xxjj.htm,学校简介-保定学院,motto,,学校秉承“德业兼修、知行并重”的校训，坚持社会主义办学方向，坚守为党育人、为国育才初心使命，坚定不移贯彻新发展理念，以推动高质量发展为主题，以立德树人为根本任务，对接保定主导产业，服务京津冀协同发展战略和京雄保一体化发展新格局，以产教融合、校企合作、校地合作为路径，积极推动人才培,candidate,2026-09-30,
4113010098,河北民族师范学院,,,,,,no_source,2026-09-30,
4113010099,唐山师范学院,,,,,,no_source,2026-09-30,
4113010100,廊坊师范学院,,,,,,no_source,2026-09-30,
4113010101,衡水学院,,,,,,no_source,2026-09-30,
4113010102,石家庄学院,https://www.sjzc.edu.cn/columns/bb227ffe-5d7a-41ba-8f4c-824653db4d22/index.html,学校简介,,,,no_pattern,2026-09-30,
4113010103,邯郸学院,https://www.hdc.edu.cn/,邯郸学院-官网,,,,no_pattern,2026-09-30,
4113010104,邢台学院,https://www.xttc.edu.cn/xxgk2/xxjj.htm,学校简介-邢台学院,founded_year,1910,邢台学院坐落于拥有3500年建城史的河北省邢台市，其前身为始建于1910年的直隶第四初级师范学堂。,candidate,2026-09-30,
4113010104,邢台学院,https://www.xttc.edu.cn/xxgk2/xxjj.htm,学校简介-邢台学院,motto,,学校坚定落实立德树人根本任务，秉承“纯德实学 经世致用”校训，坚持“地方性、应用型、特色化”办学定位，着力培养社会需要的复合型、创新型、实践型人才。,candidate,2026-09-30,
4113010105,沧州师范学院,,,,,,no_source,2026-09-30,
4113010107,石家庄铁道大学,,,,,,no_source,2026-09-30,
4113010216,燕山大学,https://www.ysu.edu.cn/xxgk/xxjj.htm,学校简介-燕山大学,founded_year,1920,学校源于哈尔滨工业大学，始建于1920年。,candidate,2026-09-30,
4113010798,河北科技师范学院,https://www.hevttc.edu.cn/xxgk/xxjj.htm,学校简介-河北科技师范学院,motto,,牢牢把握教育的政治属性、人民属性、战略属性，落实立德树人根本任务，坚持“立足应用，服务职教、服务‘三农’、服务海洋”办学定位，秉承“敏学、修身、乐业、创新”的校训精神，全面提升学校综合实力和核心竞争力，在建设特色鲜明高水平应用型大学之路上笃行不怠、踔厉奋发，为加快建设经济强省、美,candidate,2026-09-30,
4113010798,河北科技师范学院,https://www.hevttc.edu.cn/xxgk/xxjj.htm,学校简介-河北科技师范学院,motto,,学校校训：敏学、修身、乐业、创新。,candidate,2026-09-30,
4113011033,唐山学院,,,,,,no_source,2026-09-30,
4113011104,应急管理大学,https://www.ncist.edu.cn/xxgk/xxjj/index.htm,应急管理大学,founded_year,1950,两校分别源于1950年成立的中央燃料工业部干部学校和1975年成立的国家地震局天水地震学校，在安全生产和防震减灾领域积淀深厚，办学特色鲜明。,candidate,2026-09-30,
4113011105,中国人民警察大学,https://www.cppu.edu.cn/xxgk/xxjj.htm,学校简介-中国人民警察大学（China People's Police University），简称“警大”，位于河北省廊坊市，是中华人民共和国公安部直属的全日制普通高等院校。学校始建于1981年4月24日，前,founded_year,1981,学校始建于1981年4月24日，前,candidate,2026-09-30,
4113011105,中国人民警察大学,https://www.cppu.edu.cn/xxgk/xxjj.htm,学校简介-中国人民警察大学（China People's Police University），简称“警大”，位于河北省廊坊市，是中华人民共和国公安部直属的全日制普通高等院校。学校始建于1981年4月24日，前,founded_year,1981,中国人民警察大学前身是中国人民武装警察部队学院，1981年4月建校，主要面向边防、消防、警卫部队培养高素质专业人才，同时承担民事维和警察、维和警察防暴队、驻外警务联络官、外籍警察和常备维和警队培训任务。,candidate,2026-09-30,
4113011236,河北体育学院,https://www.hepec.edu.cn/columns/39256e8e-9a8d-489f-aa8b-f9e14088aa0e/index.html,,,,,fetch_error,2026-09-30,RemoteDisconnected
4113011420,河北金融学院,https://www.hbfu.edu.cn/info/xyjj?id=1,河北金融学院 - Hebei Finance University,,,,no_pattern,2026-09-30,
4113011629,北华航天工业学院,,,,,,no_source,2026-09-30,
4113011832,河北经贸大学,https://www.hueb.edu.cn/xxgk/xxjj.htm,学校简介-河北经贸大学,,,,no_pattern,2026-09-30,
4113011903,中央司法警官学院,,,,,,no_source,2026-09-30,
4113012884,邢台医学院,,,,,,no_source,2026-09-30,
4113013895,燕京理工学院,https://www.yit.edu.cn/zjyl/xxjj/A129001001index_1.htm,学校简介,,,,no_pattern,2026-09-30,
4113014432,河北中医药大学,,,,,,no_source,2026-09-30,
4113014458,张家口学院,,,,,,no_source,2026-09-30,
4213051721,河北环境工程学院,,,,,,no_source,2026-09-30,
4141010078,华北水利水电大学,https://www.ncwu.edu.cn/xxgk/xxjj.htm,学校简介-欢迎访问华北水利水电大学,founded_year,1951,学校1951年创建于北京，前身为中央人民政府水利部水利学校。,candidate,2026-09-30,
4141010078,华北水利水电大学,https://www.ncwu.edu.cn/xxgk/xxjj.htm,学校简介-欢迎访问华北水利水电大学,motto,,学校始终坚守治水兴国初心使命，以服务国家水利水电事业和区域经济社会发展为己任，秉持“情系水利、自强不息”办学精神，恪守“勤奋、严谨、求实、创新”校训，筚路蓝缕，矢志不移，建成为水利特色鲜明，工科为主干，理、工、管、农、经、文、法、艺等多学科协调发展的大学。,candidate,2026-09-30,
4141010460,河南理工大学,https://www.hpu.edu.cn/xxgk/xxjj.htm,学校简介-河南理工大学,,,,no_pattern,2026-09-30,
4141010462,郑州轻工业大学,https://www.zzuli.edu.cn/160/list.htm,学校简介,founded_year,1956,郑州轻工业大学历史渊源可追溯至1956年原国家轻工业部创办的郑州电气学校。,candidate,2026-09-30,
4141010462,郑州轻工业大学,https://www.zzuli.edu.cn/160/list.htm,学校简介,motto,,学校牢固坚持社会主义办学方向，秉承“为之则易、不为则难”的校训精神和“朴实、务实、扎实”的校风，扎根中原大地，发挥优势特色，为国家、地方和行业高质量发展作出了积极贡献。,candidate,2026-09-30,
4141010463,河南工业大学,https://www.haut.edu.cn/xxgk/xxjj.htm,学校简介-河南工业大学,founded_year,1956,学校始建于1956年，前身分别为中央粮食干部学校和郑州机器制造学校。,candidate,2026-09-30,
4141010463,河南工业大学,https://www.haut.edu.cn/xxgk/xxjj.htm,学校简介-河南工业大学,motto,,建校70年来，学校“扎根中原、立足行业、服务全国、面向世界”，秉承“明德、求是、拓新、笃行”校训，坚持“育人为本、质量立校、特色发展”办学理念，弘扬“崇尚科学、勇于探索、报国兴学、自强不息”的工大精神，持续强化粮油食品、超硬材料与磨料磨具等领域特色优势，不断提升办学综合实力和社会,candidate,2026-09-30,
4141010464,河南科技大学,https://www.haust.edu.cn/about-jj.jsp?urltype=tree.TreeTempUrl&wbtreeid=1053,科大简介-河南科技大学,,,,no_pattern,2026-09-30,
4141010465,中原工学院,,,,,,no_source,2026-09-30,
4141010466,河南农业大学,https://www.henau.edu.cn/gaikuang/xxjj.htm,学校简介-河南农业大学,founded_year,1902,学校源自1902年创办的河南大学堂，1912年改办为河南公立农业专门学校，1927年与中州大学、河南公立法政专门学校合并为国立第五中山大学，1952年全国院系调整时重新独立建制更名为河南农学院，1984年更名为河南农业大学。,candidate,2026-09-30,
4141010467,河南科技学院,https://www.hist.edu.cn/xxgk1/xxjj.htm,学校简介-河南科技学院,founded_year,1939,河南科技学院始建于1939年，前身为中国共产党早期创建的延安自然科学院大学部生物系，历经北方大学农学院、华北大学农学院、华北大学农学院长治分院、北京农业大学长治分校、平原农学院、百泉农业专科学校、河南职业技术师范学院等时期。,candidate,2026-09-30,
4141010467,河南科技学院,https://www.hist.edu.cn/xxgk1/xxjj.htm,学校简介-河南科技学院,motto,,学校以习近平新时代中国特色社会主义思想为指导，紧紧围绕第四次党代会提出的目标任务，秉承“崇德尚能、知行合一”的校训，传承“百农精神”，坚持特色发展、创新发展、高质量发展，加快推进教育现代化，为把我校早日建成农科特色鲜明的区域高水平大学而努力奋斗！,candidate,2026-09-30,
4141010469,河南牧业经济学院,,,,,,no_source,2026-09-30,
4141010471,河南中医药大学,https://www.hactcm.edu.cn/xxgk/xxjj.htm,学校简介-河南中医药大学,founded_year,1958,河南中医药大学创建于1958年，是全国建校较早的高等中医药院校之一，前身是1955年在开封创办的河南省中医进修学校。,candidate,2026-09-30,
4141010471,河南中医药大学,https://www.hactcm.edu.cn/xxgk/xxjj.htm,学校简介-河南中医药大学,founded_year,2018,2018年，学校成立“河南中医药大学教育发展基金会”，开拓了校、政、企多方合作新模式，累计获得捐赠及配比资金近2.3亿元。,candidate,2026-09-30,
4141010472,河南医药大学,https://www.xxmu.edu.cn/xxgk1/xxjj.htm,学校简介-河南医药大学,founded_year,1922,学校渊源可追溯到1896年医学博士罗维灵在古城卫辉开办的西医诊所，医学教育肇始于1922年惠民医院护士学校，招收四年制护理专业学生并由中华护理学会（1923年名为“中华护士会”）颁发文凭。,candidate,2026-09-30,
4141010472,河南医药大学,https://www.xxmu.edu.cn/xxgk1/xxjj.htm,学校简介-河南医药大学,founded_year,1949,1949年冀鲁豫卫生学校及哈励逊医院迁入卫辉，于1950年成立平原省医科学校。,candidate,2026-09-30,
4141010472,河南医药大学,https://www.xxmu.edu.cn/xxgk1/xxjj.htm,学校简介-河南医药大学,motto,,学校在长期的办学实践中，秉承“明德博学，精业济世”的校训，传承弘扬“求是、精进、求新、超越”的新时代学校精神和“团结、奋进、自信、开放”的新时代校风，形成了鲜明的办学特色。,candidate,2026-09-30,
4141010476,河南师范大学,https://www.htu.edu.cn/20999/list.htm,学校简介,founded_year,1923,学校前身是始建于1923年的中州大学（原国立河南大学前身）理科和创建于1951年的平原师范学院，历经河南师范学院二院、河南第二师范学院、新乡师范学院等阶段，1985年始称河南师范大学。,candidate,2026-09-30,
4141010477,信阳师范大学,https://www.xynu.edu.cn/xxgk/xxjj.htm,学校简介-信阳师范大学,founded_year,1975,学校创建于1975年，时名开封师范学院（今河南大学）信阳地区分院，1978年获批为本科建制并改为信阳师范学院，2020年纳入省特色骨干学科建设高校，2023年6月更名为信阳师范大学。,candidate,2026-09-30,
4141010478,周口师范学院,,,,,,no_source,2026-09-30,
4141010479,安阳师范学院,https://www.aynu.edu.cn/xxgk1/xxjj.htm,学校简介-安阳师范学院,founded_year,1908,学校前身是始建于1908年的彰德府安阳师范传习所，历经多次的变换、变化、提升，2000年升格本科院校，2011年获批硕士专业学位研究生培养试点工作单位，2020年成为河南省17所特色骨干大学、特色骨干学科建设高校之一，2021年获批硕士学位授予单位，2025年获批河南省博士学位授,candidate,2026-09-30,
4141010480,许昌学院,https://www.xcu.edu.cn/xxgk/xxjj.htm,学校简介-许昌学院,founded_year,1942,学校前身是创建于1942年8月的河南省第五行政区联立师范学校。,candidate,2026-09-30,
4141010480,许昌学院,https://www.xcu.edu.cn/xxgk/xxjj.htm,学校简介-许昌学院,founded_year,1946,1946年7月，河南省立许昌师范学校成立，五区联师并入许昌师范学校。,candidate,2026-09-30,
4141010480,许昌学院,https://www.xcu.edu.cn/xxgk/xxjj.htm,学校简介-许昌学院,motto,,学校秉承“崇德砺志、博学敬业”的校训，弘扬“教学神圣、崇尚学术”的办学理念，致力于培养具有创新精神的高素质应用型人才。,candidate,2026-09-30,
4141010481,南阳师范学院,,,,,,no_source,2026-09-30,
4141010482,洛阳师范学院,https://www.lynu.edu.cn/xxgk/xxjj.htm,学校简介-洛阳师范学院,founded_year,1916,学校前身是始建于1916年的河南省立河洛师范学校，历经河南省立第四师范学校、河南省立洛阳师范学校、洛阳师范专科学校、洛阳师范高等专科学校诸阶段，2000年升格为本科院校，定为现名。,candidate,2026-09-30,
4141010482,洛阳师范学院,https://www.lynu.edu.cn/xxgk/xxjj.htm,学校简介-洛阳师范学院,motto,,"学校深入学习贯彻习近平总书记关于教育的重要论述,全面贯彻党的教育方针,坚持“四个面向”和“四个服务”要求，秉承“敬业奉献、为人师表”的校训，落实立德树人根本任务，扎根河洛大地办大学，人才培养质量持续提高。",candidate,2026-09-30,
4141010483,商丘师范学院,https://www.sqnu.edu.cn/xxgk1/xyjj.htm,学院简介-商丘师范学院,founded_year,1905,学校办学渊源可追溯至1905年创建的“归德府中学堂”，前身为1945年抗战胜利后设立的河南省立商丘师范学校。,candidate,2026-09-30,
4141010483,商丘师范学院,https://www.sqnu.edu.cn/xxgk1/xyjj.htm,学院简介-商丘师范学院,motto,,秉承“应天归德，智圆行方”的校训，学校始终以师范教育为底色，扎根中原大地办大学，现为教育部师范教育协同提质计划重点支持院校、河南省“十四五”示范性应用型本科高校、省智慧教学示范校、省国际化特色高校、省文明校园标兵、省基层党组织建设先进单位。,candidate,2026-09-30,
4141010484,河南财经政法大学,,,,,,no_source,2026-09-30,
4141010485,郑州航空工业管理学院,https://www.zua.edu.cn/xxgk/xxjj.htm,学校简介-郑州航空工业管理学院-Zhengzhou University of Aeronautics-ZUA,founded_year,1949,学校始建于1949年，与共和国同龄，时称平原省立财经学校。,candidate,2026-09-30,
4141010485,郑州航空工业管理学院,https://www.zua.edu.cn/xxgk/xxjj.htm,学校简介-郑州航空工业管理学院-Zhengzhou University of Aeronautics-ZUA,motto,,学校秉承“严谨、求实、开拓、进取”之校训，弘扬“空天报国 砺新图强”之精神，坚持“德育首位、教学中心、质量至上、育人为本”的办学理念，坚守“笃学敬业 严慎细实”的行为准则，坚持面向航空航天产业、面向区域经济社会发展，坚持“办强航空航天类工科、办精传统经管类学科，构建以航空航天工科,candidate,2026-09-30,
4141010918,黄淮学院,,,,,,no_source,2026-09-30,
4141010919,平顶山学院,,,,,,no_source,2026-09-30,
4141011068,郑州工程技术学院,,,,,,no_source,2026-09-30,
4141011070,洛阳理工学院,,,,,,no_source,2026-09-30,
4141011071,新乡学院,https://www.xxu.edu.cn/xygk1/xyjj.htm,学校简介-新乡学院,founded_year,1949,学校始建于1949年成立的太行公立新乡师范学校，是一所具有红色革命基因、改革开放基因的学校。,candidate,2026-09-30,
4141011071,新乡学院,https://www.xxu.edu.cn/xygk1/xyjj.htm,学校简介-新乡学院,founded_year,1949,学校始建于1949年，是一所具有红色革命基因、改革开放基因的学校。,candidate,2026-09-30,
4141011071,新乡学院,https://www.xxu.edu.cn/xygk1/xyjj.htm,学校简介-新乡学院,motto,,学校秉持“开放、包容、求实、创新”的校训，树立“以人为本，厚德强能，开放创新，和谐发展”的办学理念，弘扬“艰苦奋斗，自强不息”的办学精神，坚持走“开放办学、合作办学、错位办学、因地制宜办学”之路，实施“质量立校、人才强校、科技兴校、特色名校、文化厚校、开放活校”六大战略，探索构建,candidate,2026-09-30,
4141011326,信阳农林学院,,,,,,no_source,2026-09-30,
4141011329,河南工学院,,,,,,no_source,2026-09-30,
4141011330,安阳工学院,https://www.ayit.edu.cn/xxgk/xxjj.htm,学校简介-安阳工学院,founded_year,1983,安阳工学院始建于1983年，2004年经教育部批准升格为公办全日制普通本科院校，是河南省示范性应用技术类型本科高校、河南省硕士学位授予重点立项建设单位，2013年以优异成绩通过教育部本科教学工作合格评估。,candidate,2026-09-30,
4141011517,河南工程学院,http://www.haue.edu.cn/xxgkxxgk/xxjj.htm,学校简介-河南工程学院,,,,no_pattern,2026-09-30,
4141011652,河南财政金融学院,,,,,,no_source,2026-09-30,
4141011653,南阳理工学院,https://www.nyist.edu.cn/xxgk/xxjj.htm,学校简介-南阳理工学院,motto,,建校38年来，学校弘扬“不甘示弱”的南工精神，秉承“厚德、博学、求真、至善”的南工校训，坚持“立本、立真、立特、立新”的办学理念，植根南阳、服务河南、面向全国，走产教融合、校企合作的开放办学之路，为区域经济社会发展培养高素质应用型人才。,candidate,2026-09-30,
4141011765,河南城建学院,,,,,,no_source,2026-09-30,
4141011788,河南警察学院,,,,,,no_source,2026-09-30,
4141012735,郑州警察学院,,,,,,no_source,2026-09-30,
4141012949,郑州师范学院,,,,,,no_source,2026-09-30,
4141013500,商丘工学院,,,,,,no_source,2026-09-30,
4141013503,信阳学院,,,,,,no_source,2026-09-30,
4141013504,安阳学院,,,,,,no_source,2026-09-30,
4141013505,豫北医学院,,,,,,no_source,2026-09-30,
4141014003,商丘学院,,,,,,no_source,2026-09-30,
4141014040,郑州商学院,https://www.zbu.edu.cn/xxjj/list.htm,学校简介,founded_year,2004,学校创建于2004年，前身是与河南财经政法大学合作建设的独立学院——河南财经政法大学成功学院，2012年转设为独立设置的普通本科高校——郑州成功财经学院，2018年更名为郑州商学院。,candidate,2026-09-30,
4141014879,河南体育学院,,,,,,no_source,2026-09-30,
4141014949,河南信息科技学院,,,,,,no_source,2026-09-30,
4141014980,河南能源化工学院,,,,,,no_source,2026-09-30,
4141014981,河南国医学院,https://www.hcccm.edu.cn/648/list.htm,学校简介,founded_year,1985,学校前身是成立于1985年的张仲景国医大学，1993年根据国家教育改革需要，张仲景国医大学撤销独立建制，教育教学资源分别并入南阳理工学院和南阳医学高等专科学校。,candidate,2026-09-30,
4141014981,河南国医学院,https://www.hcccm.edu.cn/648/list.htm,学校简介,motto,,学校坚持落实立德树人根本任务，秉承“发仲景奥旨、育国医精英”校训，坚守“树人为本、传承为要、创新为魂、发展为先”的办学理念，将师承教育贯穿育人全过程，培养德智体美劳全面发展的社会主义建设者和接班人。,candidate,2026-09-30,
4141014982,河南应用工程学院,,,,,,no_source,2026-09-30,
4133010336,杭州电子科技大学,https://www.hdu.edu.cn/659/list.htm,学校简介,motto,,学校坚持立足浙江、依托行业、面向世界、服务社会、支持国防，秉承“团结勤奋、求实创新”的优良传统，弘扬“笃学力行、守正求新”的校训精神，形成了鲜明的办学特色。,candidate,2026-09-30,
4133010337,浙江工业大学,,,,,,no_source,2026-09-30,
4133010338,浙江理工大学,https://www.zstu.edu.cn/xxgk/xxjj.htm,学校简介-浙江理工大学,founded_year,1897,学校前身蚕学馆是杭州知府林启为实现实业救国、教育救国的宏愿于1897年创办的，是我国最早创办的新学教育机构之一。,candidate,2026-09-30,
4133010338,浙江理工大学,https://www.zstu.edu.cn/xxgk/xxjj.htm,学校简介-浙江理工大学,motto,,有着129年办学历史的浙江理工大学，将继续秉承“求知求实、创新创业”的优良传统，践行“厚德致远、博学敦行”的校训精神，弘扬“求是笃实”的优良校风，在新时代抢抓新机遇，勇担新使命，为加快建设特色鲜明的研究型高水平大学而努力奋斗！,candidate,2026-09-30,
4133010340,浙江海洋大学,,,,,,no_source,2026-09-30,
4133010341,浙江农林大学,https://www.zafu.edu.cn/xqzl/xxgk.htm,学校概况-浙江农林大学,founded_year,1958,学校创建于1958年，时称天目林学院，1966年改名为浙江林学院，2010年更名为浙江农林大学。,candidate,2026-09-30,
4133010341,浙江农林大学,https://www.zafu.edu.cn/xqzl/xxgk.htm,学校概况-浙江农林大学,motto,,立足新时代，学校将以习近平新时代中国特色社会主义思想为指导，牢记殷殷嘱托，勇担时代使命，秉承“求真、敬业”的校训，弘扬“坚韧不拔、不断超越”的精神，践行“绿水青山就是金山银山”的理念，以立德树人为根本，以强农兴农为己任，锚定“一流”目标，聚力登峰攻坚，努力向着建设特色鲜明的全国一,candidate,2026-09-30,
4133010343,温州医科大学,https://www.wmu.edu.cn/xqzl/xxgk.htm,学校概况-温州医科大学,founded_year,1912,学校可溯源至创办于1912年的浙江医学专门学校，1958年8月由浙江医学院从杭州分迁至温州建立，初名“浙江第二医学院”，后以校址所在地定名为“温州医学院”，2013年更名为“温州医科大学”，2015年成为浙江省人民政府、国家卫生健康委和教育部共建高校。,candidate,2026-09-30,
4133010343,温州医科大学,https://www.wmu.edu.cn/xqzl/xxgk.htm,学校概况-温州医科大学,motto,,学校秉持“仁肃勤朴、求是奋发”的校训，坚持特色立校、人才强校、文化兴校，逐渐形成了“以特色学科引领和带动全面发展，以推进国际化进程提升办学水平，以医疗和产学研一体化服务于地方经济社会发展”的办学特色，探索出了一条地方高等院校的强校之路。,candidate,2026-09-30,
4133010344,浙江中医药大学,https://www.zcmu.edu.cn/xqzl/xxgk1.htm,学校概况-浙江中医药大学,founded_year,1953,学校前身是始创于1953年的浙江省中医进修学校，1959年浙江中医学院成立，2000年整体迁至杭州市滨江高教园区办学，2006年更名为浙江中医药大学。,candidate,2026-09-30,
4133010344,浙江中医药大学,https://www.zcmu.edu.cn/xqzl/xxgk1.htm,学校概况-浙江中医药大学,motto,,在六十余年办学过程中，学校秉承“求本远志”校训，形成了“育人为本、学术至上”理念、“求真、求实”校风和“大医精诚、锐意创新”精神。,candidate,2026-09-30,
4133010345,浙江师范大学,https://www.zjnu.edu.cn/3999/list.htm,学校概况,founded_year,1956,浙江师范大学是一所以教师教育为特色的综合性省属重点大学，前身是杭州师范专科学校，1956年4月16日经教育部批准设立，1958年升格为杭州师范学院。,candidate,2026-09-30,
4133010345,浙江师范大学,https://www.zjnu.edu.cn/3999/list.htm,学校概况,motto,,浙江师范大学坚持中国特色社会主义办学方向和立德树人根本任务，以“提升质量、提升特色、提升效益”为主线，秉承“砺学砺行、维实维新”校训精神，弘扬“务实、求实、扎实”育人传统，实施“特色化、国际化、区域化、协同化”发展战略，主动服务浙江教师教育、服务区域经济社会发展、服务国家战略举措,candidate,2026-09-30,
4133010346,杭州师范大学,https://www.hznu.edu.cn/c/2020-01-12/2303453.shtml,,,,,robots_disallowed,2026-09-30,
4133010347,湖州师范大学,,,,,,no_source,2026-09-30,
4133010349,绍兴大学,https://www.usx.edu.cn/xxgk/xxjj.htm,学校简介-绍兴大学,founded_year,1909,学校的办学历史起源于1909年创办的山会初级师范学堂，鲁迅先生曾出任山会初级师范学堂监督（校长）。,candidate,2026-09-30,
4133010349,绍兴大学,https://www.usx.edu.cn/xxgk/xxjj.htm,学校简介-绍兴大学,motto,,站在新的历史起点，学校坚持以习近平新时代中国特色社会主义思想为指导，坚持社会主义办学方向，全面贯彻落实党的教育方针，秉持“修德求真”校训，紧扣获批博士学位授予单位“历史任务”，深入实施人才强校、学科龙头、校地共生、文化润校“四大发展战略”，扎实开展学科专业优化、高层次人才汇聚、高,candidate,2026-09-30,
4133010350,台州学院,https://www.tzc.edu.cn/xygk/xyjj.htm,学校简介-台州学院,founded_year,1907,台州学院是经教育部批准建立，实行省市共管、以市为主办学体制的一所硕士学位授予高校，办学源头上溯至1907年成立的三台中学堂简易师范科，1958年开办高等教育，1978年国务院批准建立台州师范专科学校，2002年升格为本科，2008、2018年分别通过教育部本科教学工作水平评估、审,candidate,2026-09-30,
4133010350,台州学院,https://www.tzc.edu.cn/xygk/xyjj.htm,学校简介-台州学院,motto,,学校遵循“为党育人、为国育才”初心，传承弘扬“澡身浴德、修业及时”校训精神，深化教育教学改革，加强书院制建设探索，依托省教师教育基地、省“双创”示范基地、省级示范性创业学院、省级众创空间，将创新创业教育融入人才培养全过程，大力培养具有“家国情怀、垦荒之志、扎实本领”的高素质应用型,candidate,2026-09-30,
4133010351,温州大学,https://www.wzu.edu.cn/xxgk/xxjj.htm,学校简介-温州大学,founded_year,2004,学校由温州师范学院和原温州大学于2004年合并组建而成，办学源头可追溯至1933年创建的温州师范学校，历经“两校合并，七校融合”的沿革变迁，至今已有93年办学历史。,candidate,2026-09-30,
4133010351,温州大学,https://www.wzu.edu.cn/xxgk/xxjj.htm,学校简介-温州大学,motto,,学校秉承“厚培德本、深濬智源，光大国族、造福人群”的办学传统，弘扬“求学问是、敢为人先”的校训精神，扎根温州、服务浙江、辐射全国、面向世界，深入实施质量立校、人才强校、学科驱动、科研兴校、学城联动、国际发展、依法治校、党建引领八大战略，锚定建设浙江省高水平大学、争创“双一流”高校,candidate,2026-09-30,
4133010352,丽水学院,https://www.lsu.edu.cn/44/list.htm,学校概况,motto,,在119年的办学历程中，学校始终秉承“明德笃行”的校训，薪火相传，青蓝相继，逐步形成了“爱国爱校、唯实唯先、自立自强”的丽院精神。,candidate,2026-09-30,
4133010353,浙江工商大学,https://www.zjgsu.edu.cn,浙江工商大学,,,,no_pattern,2026-09-30,
4133010354,嘉兴大学,https://www.zjxu.edu.cn/xqzl/xxgk.htm,学校概况-嘉兴大学,motto,,当前，学校正牢记习近平同志殷殷嘱托，大力弘扬伟大建党精神、红船精神，秉承“方正为人 勤慎治学”校训，践行“求是求真求正”校风，勇担使命，争创一流，全力以赴建设有特色、善创新的综合性高水平大学。,candidate,2026-09-30,
4133010356,中国计量大学,,,,,,no_source,2026-09-30,
4133010876,浙江万里学院,https://en.zwu.edu.cn/,,,,,no_source,2026-09-30,
4133011057,浙江科技大学,https://www.zust.edu.cn/gk/xxjj.htm,学校简介-浙江科技大学,founded_year,1980,学校前身由浙江大学和杭州市于1980年创办。,candidate,2026-09-30,
4133011057,浙江科技大学,https://www.zust.edu.cn/gk/xxjj.htm,学校简介-浙江科技大学,motto,,长期以来，学校致力于建设“德国模式、中国特色”新型现代应用型大学，秉承“崇德、尚用、求真、创新”校训，坚持“学以致用、全面发展、注重创新、追求卓越”的育人理念，以打造“卓越工程师的摇篮”为目标，持续深化教育教学改革与实践，培养具有实践能力、创新精神、国际素养和社会责任的卓越应用创,candidate,2026-09-30,
4133011058,宁波工程学院,,,,,,no_source,2026-09-30,
4133011481,浙江水利水电学院,,,,,,no_source,2026-09-30,
4133011482,浙江财经大学,https://www.zufe.edu.cn/zcgk/xxgk.htm,学校概况-浙江财经大学,founded_year,1974,其前身是创建于1974年的浙江财政银行学校，此后历经浙江财政学校、浙江财经学院等时期，2013年更名为浙江财经大学。,candidate,2026-09-30,
4133011482,浙江财经大学,https://www.zufe.edu.cn/zcgk/xxgk.htm,学校概况-浙江财经大学,motto,,在半个多世纪办学历程中，学校始终秉承“进德修业、与时偕行”校训，弘扬“明德笃学、抱朴守真、崇实创新、经世济民”浙财精神，逐步发展成为一所特色鲜明、英彦蔚起、声誉日隆的省高水平大学建设高校。,candidate,2026-09-30,
4133011483,浙江警察学院,,,,,,no_source,2026-09-30,
4133011488,衢州学院,,,,,,no_source,2026-09-30,
4133011647,浙江传媒学院,https://www.cuz.edu.cn/xxgk/xxjj.htm,学校简介-浙江传媒学院,founded_year,1978,学校前身为1978年创办的浙江广播电视学校和1984年创办的浙江广播电视专科学校，2000年两校合并成立新的浙江广播电视高等专科学校，2004年升格为浙江传媒学院，2021年获批硕士学位授予单位。,candidate,2026-09-30,
4133011647,浙江传媒学院,https://www.cuz.edu.cn/xxgk/xxjj.htm,学校简介-浙江传媒学院,motto,,面向未来，浙江传媒学院始终牢记习近平总书记的殷殷嘱托，深入学习贯彻习近平新时代中国特色社会主义思想和党的二十大精神，秉承“敬业、博学、求真、创新”的校训，感恩奋进，团结实干，加快建设国内一流国际知名高水平传媒大学，打造卓越传媒人才培养高地、传媒学科交叉创新高地、视听媒体协同研创高,candidate,2026-09-30,
4133013021,浙大城市学院,https://www.hzcu.edu.cn/gk/xxjj.htm,学校简介-浙大城市学院,founded_year,1999,其前身为创建于1999年的浙江大学城市学院。,candidate,2026-09-30,
4133013021,浙大城市学院,https://www.hzcu.edu.cn/gk/xxjj.htm,学校简介-浙大城市学院,founded_year,2004,2004年10月12日，时任浙江省委书记习近平在学校建校五周年之际特致贺信，肯定成绩并指示学校“继续发扬‘求是创新、自强不息’的精神，充分发挥名校办学、政府支持和机制灵活的优势，抢抓机遇，加快发展，早日成为一所特色鲜明、质量优秀、充满活力的地方一流综合性学院”。,candidate,2026-09-30,
4133013022,浙大宁波理工学院,https://lib.nbt.edu.cn/,,,,,fetch_error,2026-09-30,timeout
4133013023,杭州医学院,https://www.hmc.edu.cn/xxgk/xxjj/,杭州医学院-校园简介,founded_year,1925,杭州医学院的前身为创建于1925年的浙江省立女子产科学校，历经浙江省立杭州高级医事职业学校、浙江省杭州卫生学校、浙江省卫生学校、浙江医学高等专科学校等，2016年升格为医学本科院校，至今已有100余年办学历史。,candidate,2026-09-30,
4133013023,杭州医学院,https://www.hmc.edu.cn/xxgk/xxjj/,杭州医学院-校园简介,founded_year,1928,浙江省医学科学院的前身为创建于1928年的杭州热带病研究所，历经浙江卫生实验院、浙江医学科学院、浙江人民卫生实验院、浙江医学研究院等，1987年更名为浙江省医学科学院。,candidate,2026-09-30,
4133013287,湖州学院,https://www.zjhzu.edu.cn/xxjj/list.htm,学校简介,founded_year,1999,学校前身是成立于1999年的湖州师范学院求真学院。,candidate,2026-09-30,
4133013287,湖州学院,https://www.zjhzu.edu.cn/xxjj/list.htm,学校简介,motto,,学校坚持社会主义办学方向，落实立德树人根本任务，秉承“求真鼎新”校训，厚植湖学底蕴、红色根脉、绿色生态校园文化，树牢“湖州学院姓湖州、湖州学院兴湖州”办学理念，坚定地方性、应用型的办学定位，以“全国知名、特色鲜明”高水平应用型大学建设为目标，立足湖州、面向浙江、辐射长三角，服务区,candidate,2026-09-30,
4133013288,绍兴理工学院,,,,,,no_source,2026-09-30,
4133013289,温州理工学院,https://www.wzut.edu.cn/col/col1472/index.html,温州理工学院官网,founded_year,2000,温州理工学院（简称温理工，英文简称：WZUT）是由温州市人民政府兴办的一所本科层次公办普通高等学校，学校前身为创建于2000年的温州大学瓯江学院。,candidate,2026-09-30,
4133013289,温州理工学院,https://www.wzut.edu.cn/col/col1472/index.html,温州理工学院官网,motto,,学校秉承“厚德浚智，循理精工”校训，立足温州、面向浙江、辐射全国、接轨国际，实施应用型大学建设“136”发展战略，力争到2035年全面建成特色鲜明、国内有影响力、国际有知名度的地方性理工类应用型大学。,candidate,2026-09-30,
4133013291,嘉兴南湖学院,https://www.jxnhu.edu.cn/xqzl/xxgk.htm,学校概况-嘉兴南湖学院,founded_year,2003,嘉兴南湖学院，是经国家教育部批准设立、嘉兴市人民政府举办的全日制普通本科高等学校，前身是创办于2003年的嘉兴学院南湖学院。,candidate,2026-09-30,
4133013291,嘉兴南湖学院,https://www.jxnhu.edu.cn/xqzl/xxgk.htm,学校概况-嘉兴南湖学院,motto,,学校围绕“红色基因、创新发展、协同共赢、立德树人”这一主线，实施“红船引领型大学”“城市共生型大学”和“产业伙伴型大学”三大发展战略，大力弘扬伟大建党精神和红船精神，践行“守正创新、求实奋进”校训精神，脚踏实地办好人民满意的大学。,candidate,2026-09-30,
4133013637,温州商学院,https://www.wzbc.edu.cn/Col/Col8/Index.aspx,学校简介-温州商学院,founded_year,1999,学校始于1999年创办的温州大学信息科学与工程学院、经济学院，2005年合并组建为“温州大学城市学院”。,candidate,2026-09-30,
4133013637,温州商学院,https://www.wzbc.edu.cn/Col/Col8/Index.aspx,学校简介-温州商学院,motto,,学校赓续永嘉学派“经世致用”思想，弘扬“敢为人先特别能创业”的温州人精神，发扬“砥志砺行 与时竞进”校训精神和“崇德守规 实干争先”评建精神，坚持内涵发展、特色发展、创新发展、平安发展的办学思路，充分发挥“精干、高效、灵活、务实”的民办体制机制优势，社会声誉日益提升。,candidate,2026-09-30,
4133014275,浙江外国语学院,https://www.zisu.edu.cn/xqzl1/xxjj.htm,学校简介-浙江外国语学院,founded_year,1955,学校前身为创建于1955年的浙江教育学院，1994年开始普通本科教育，2010年经国家教育部批准改制并更名。,candidate,2026-09-30,
4133014535,浙江音乐学院,https://www.zjcm.edu.cn/zyxw/mtjj/202609/75906.html,凤凰网：浙江音乐学院院长王瑞在2026年开学典礼上的致辞 - 媒体聚焦 - 浙江音乐学院官网,,,,no_pattern,2026-09-30,
4133014626,西湖大学,,,,,,no_source,2026-09-30,
4133014943,宁波东方理工大学,http://www.eitech.edu.cn/xxjj_112/list.htm,,,,,fetch_error,2026-09-30,timeout
4133016301,宁波诺丁汉大学,,,,,,no_source,2026-09-30,
4133016405,温州肯恩大学,,,,,,no_source,2026-09-30,
4146011100,海南热带海洋学院,https://www.hntou.edu.cn/xygk_2699/xxjj/,海南热带海洋学院欢迎您,founded_year,1954,学校前身是广东省1954年创办的海南黎族苗族自治州师范学校和1958年创办的海南黎族苗族自治州师范专科学校，几经分合、调整、更名，于1993年由海南省通什师范专科学校和海南省通什教育学院合并组建为琼州大学（专科）。,candidate,2026-09-30,
4146011100,海南热带海洋学院,https://www.hntou.edu.cn/xygk_2699/xxjj/,海南热带海洋学院欢迎您,founded_year,2021,2021年9月，海南热带海洋学院崖州湾创新研究院揭牌成立，深度融入海南自贸港建设，并与入驻崖州湾科技城的多所国内顶尖大学协同发展。,candidate,2026-09-30,
4146011100,海南热带海洋学院,https://www.hntou.edu.cn/xygk_2699/xxjj/,海南热带海洋学院欢迎您,motto,,学校坚持以习近平新时代中国特色社会主义思想为指导，落实立德树人根本任务，牢记为党育人、为国育才的初心和使命，深入贯彻全国教育大会和新时代全国高等学校本科教育工作会议精神，秉承“明德、博学、励志、笃行”的校训，全面贯彻落实学校“1236”发展战略，构建高质量人才培养和质量保障体系，,candidate,2026-09-30,
4146011658,海南师范大学,https://www.hainnu.edu.cn/xxjj/list.htm,学校简介,founded_year,1949,1949年秋，正式创建；1952年，在高等学校院系调整中更名为海南师范专科学校；1986年，恢复海南师范学院建制；1999年，与海南教育学院合并组建新的海南师范学院；2003年，获批硕士学位授予权；2007年，升格为海南师范大学；2013年，获批博士学位授予权；2014年，创建国,candidate,2026-09-30,
4146011810,海南医科大学,https://www.muhn.edu.cn/xxgk/xxjj.htm,学校简介-海南医科大学（海南省医学科学院）,founded_year,1947,其前身始于创立于1947年的海强医事技术学校和创立于1948年的私立海南大学医学院。,candidate,2026-09-30,
4146011810,海南医科大学,https://www.muhn.edu.cn/xxgk/xxjj.htm,学校简介-海南医科大学（海南省医学科学院）,motto,,学校秉承以“厚德、严谨、博学、和谐”为核心内容的校训，不断弘扬“自强不息、团结向上、奋发有为、追求卓越”的精神，构建了“教学-临床-科研-国际合作-社会服务-文化传承”六位一体的医学教育体系，为国家培养了七万余名毕业生，是国家第一批卓越医生教育培养计划项目试点高校、教育部第一批专,candidate,2026-09-30,
4146013811,琼台师范学院,,,,,,no_source,2026-09-30,
4146013892,三亚学院,https://www.sanyau.edu.cn/539/list.htm,学校简介,founded_year,2005,三亚学院始建于2005年，位于海南省三亚市，由世界500强企业吉利控股集团出资建设。,candidate,2026-09-30,
4146013892,三亚学院,https://www.sanyau.edu.cn/539/list.htm,学校简介,founded_year,2016,2016年，中国民办教育协会“民办高校质量促进部”在三亚学院挂牌成立，并作为海南省唯一高校入选“中国应用技术大学联盟”。,candidate,2026-09-30,
4146014829,海南比勒费尔德应用科学大学,,,,,,no_source,2026-09-30,
4146014944,海南警察学院,https://www.hipolice.edu.cn,海南警察学院,,,,no_pattern,2026-09-30,
4146014948,海南洛桑旅游大学,,,,,,no_source,2026-09-30,
4142010488,武汉科技大学,https://www.wust.edu.cn/xxgk/xxjj.htm,学校简介-武汉科技大学,founded_year,1898,学校办学历史溯源于1898年清末湖广总督张之洞奏请清朝政府批准成立的工艺学堂，历经湖北中等工业学堂、中南钢铁工业学校等传承与发展，1958年组建为武汉钢铁学院，开办本科教育。,candidate,2026-09-30,
4142010488,武汉科技大学,https://www.wust.edu.cn/xxgk/xxjj.htm,学校简介-武汉科技大学,motto,,站在新的历史起点上，学校将坚持以习近平新时代中国特色社会主义思想和党的二十大精神为指导，全面贯彻党的教育方针、落实立德树人根本任务，牢记为党育人、为国育才的初心使命，始终秉持“厚德博学、崇实去浮”的校训精神，积极传承“坚韧不拔、勇承重载、崇实求精、表里如一”的钢铁品质，大力弘扬“,candidate,2026-09-30,
4142010489,长江大学,https://www.yangtzeu.edu.cn/xxgk/xxjj.htm,学校简介-长江大学,founded_year,1950,原江汉石油学院的前身为1950年创办的北京石油工业专科学校，1978年开始举办普通本科教育，隶属中国石油天然气集团公司，从2000年起，实行中央与地方共建，划转湖北省管理。,candidate,2026-09-30,
4142010489,长江大学,https://www.yangtzeu.edu.cn/xxgk/xxjj.htm,学校简介-长江大学,founded_year,1977,原湖北农学院的前身是华中农学院荆州分院，始建于1977年，1989年经国家教委批准为普通本科院校。,candidate,2026-09-30,
4142010489,长江大学,https://www.yangtzeu.edu.cn/xxgk/xxjj.htm,学校简介-长江大学,founded_year,1936,原荆州师范学院的前身是1936年创建的湖北第四区简易师范学校，1977年更名为华中师范学院荆州分院，1999年经教育部批准改建为荆州师范学院。,candidate,2026-09-30,
4142010489,长江大学,https://www.yangtzeu.edu.cn/xxgk/xxjj.htm,学校简介-长江大学,founded_year,1951,原湖北省卫生职工医学院前身是湖北省沙市卫生学校，始建于1951年，1977年更名为武汉医学院荆州分院，1984年更名为湖北省卫生职工医学院。,candidate,2026-09-30,
4142010490,武汉工程大学,,,,,,no_source,2026-09-30,
4142010495,武汉纺织大学,https://www.wtu.edu.cn/xxgk/xxjj.htm,学校简介-武汉纺织大学官方主页,founded_year,1958,学校前身是始建于1958年的武汉纺织工学院，1999年更名为武汉科技学院，湖北省对外贸易学校、湖北财经高等专科学校先后并入，2010年更名为武汉纺织大学。,candidate,2026-09-30,
4142010495,武汉纺织大学,https://www.wtu.edu.cn/xxgk/xxjj.htm,学校简介-武汉纺织大学官方主页,motto,,学校以建设特色鲜明高水平大学为目标，建立以《武汉纺织大学章程》为基本遵循的现代大学治理体系，以“崇真尚美，笃行致远”校训和“自强不息、经天纬地”大学精神为核心价值引领，坚持特色发展、开放办学，推动人才培养、科学研究、社会服务、文化传承创新和国际交流合作等事业创新发展，现已发展成为,candidate,2026-09-30,
4142010496,武汉轻工大学,,,,,,no_source,2026-09-30,
4142010500,湖北工业大学,https://www.hbut.edu.cn/xxgk/xxjj.htm,学校简介-湖北工业大学,founded_year,1952,湖北工业大学创建于1952年，是一所以工学为主，经济学、法学、教育学、文学、理学、医学、管理学、艺术学、交叉学科等十大学科门类协调发展的多科性大学，是湖北省“双一流”建设高校、国家“中西部高校基础能力建设工程”高校、全国毕业生就业典型经验高校、全国深化创新创业教育改革示范高校、国,candidate,2026-09-30,
4142010500,湖北工业大学,https://www.hbut.edu.cn/xxgk/xxjj.htm,学校简介-湖北工业大学,motto,,在长期的办学历程中，学校积淀了“厚德博学、求实创新”的校训精神，形成了“学生为本，教师至上，全面发展，国际视野”的治学思想，凝练了“质量立校、人才强校、科技兴校、开放活校、依法治校”的办学理念，健全了“党委领导，校长负责，教授治学，民主管理”的现代大学治理体系，人才培养质量、科技,candidate,2026-09-30,
4142010507,湖北中医药大学,,,,,,no_source,2026-09-30,
4142010512,湖北大学,,,,,,no_source,2026-09-30,
4142010513,湖北师范大学,http://www.hbnu.edu.cn/en/main.psp,,,,,no_source,2026-09-30,
4142010514,黄冈师范学院,,,,,,no_source,2026-09-30,
4142010517,湖北民族大学,,,,,,no_source,2026-09-30,
4142010518,汉江师范学院,https://www.hjnu.edu.cn/xxgk1/xxjj.htm,学校简介-汉江师范学院,,,,no_pattern,2026-09-30,
4142010519,湖北文理学院,https://www.hbuas.edu.cn/xxgk/xxjj.htm,学校简介-湖北文理学院,founded_year,1958,【历史沿革】学校始于1958年5月的襄阳师范专科学校；1998年3月，襄阳师范高等专科学校、襄樊职业大学、襄樊教育学院合并组建襄樊学院；2000年7月，湖北省工艺美术学校整体并入；2010年6月，襄樊市中心医院成为学校直属附属医院；2012年2月，更名为湖北文理学院。,candidate,2026-09-30,
4142010519,湖北文理学院,https://www.hbuas.edu.cn/xxgk/xxjj.htm,学校简介-湖北文理学院,motto,,【校园文化】学校立足隆中故地，以诸葛亮“淡泊明志，宁静致远”为校训，融躬耕苦读的治学传统与鞠躬尽瘁的奉献品格，铸就了“淡泊明志、宁静致远、躬耕苦读、鞠躬尽瘁”的隆中精神，着力建设文明校园、书香校园、科技校园、艺术校园、运动校园，凝练形成“到诸葛亮读书的地方上大学”“像诸葛亮一样读,candidate,2026-09-30,
4142010522,武汉体育学院,,,,,,no_source,2026-09-30,
4142010523,湖北美术学院,https://www.hifa.edu.cn/xxgk/xxjj.htm,学校简介-湖北美术学院,founded_year,1920,学校前身是由蒋兰圃、唐义精、徐子珩等创办于1920年的武昌美术学校。,candidate,2026-09-30,
4142010524,中南民族大学,https://www.scuec.edu.cn/xxkg/xxjj1.htm,学校简介-中南民族大学,founded_year,1941,学校有着光荣的革命传统和红色基因，前身是1941年在延安创办的民族学院，毛泽东主席为民族学院亲笔题词“团结”，铸就了学校绵延至今的精神底色。,candidate,2026-09-30,
4142010524,中南民族大学,https://www.scuec.edu.cn/xxkg/xxjj1.htm,学校简介-中南民族大学,founded_year,1951,1951年依托中原大学在武汉洪山南麓创办中央民族学院中南分院，1952年定名中南民族学院，1957年更名中央民族学院分院，1965年复名中南民族学院，1970年停办，1980年在武汉南湖之滨复办，2002年更名为中南民族大学。,candidate,2026-09-30,
4142010524,中南民族大学,https://www.scuec.edu.cn/xxkg/xxjj1.htm,学校简介-中南民族大学,motto,,学校始终传承“勤奋、朴实、团结、创新”校风，秉持“笃信好学、自然宽和”校训，弘扬“昂扬奋进、止于至善”精神，培育“尊重学者、崇尚学术、关爱学生、追求卓越”的校园文化，健全师生发展支持服务体系，创新“一站式”学生社区管理模式，常态化开展“中华文化交流节”“共育一棵石榴树”等活动，创,candidate,2026-09-30,
4142010525,湖北汽车工业学院,https://www.huat.edu.cn/xxgk/xxjj.htm,学校简介-湖北汽车工业学院,founded_year,1972,学校创建于1972年，前身是中国第二汽车制造厂组建的工人大学。,candidate,2026-09-30,
4142010525,湖北汽车工业学院,https://www.huat.edu.cn/xxgk/xxjj.htm,学校简介-湖北汽车工业学院,motto,,学校牢记立德树人根本任务，坚持社会主义办学方向，秉承“求是创新”校训，弘扬“艰苦奋斗、自强不息”的汽院精神，走“质量立校、科技兴校、人才强校、特色扬校、依法治校、开放活校”之路，正有力推进实施“三步走”发展战略，即在“十四五”时期实现大学更名；“十五五”时期成为博士学位授予单位；,candidate,2026-09-30,
4142010528,湖北工程学院,,,,,,no_source,2026-09-30,
4142010920,湖北理工学院,,,,,,no_source,2026-09-30,
4142010927,湖北科技学院,https://www.hbust.edu.cn/xxgk/xxjj1.htm,学校简介-湖北科技学院,founded_year,1937,学校办学历史溯源于1937年创立的蒲圻简易师范学校和1965年创办的湖北医学院咸宁分院，历经传承演变，2002年咸宁医学院与咸宁师范高等专科学校合并组建咸宁学院，2012年更名为湖北科技学院。,candidate,2026-09-30,
4142010929,湖北医药学院,https://www.hbmu.edu.cn/854/list.htm,学校简介,,,,no_pattern,2026-09-30,
4142011072,江汉大学,https://www.jhun.edu.cn/7558/list.htm,学校简介,motto,,学校将坚持以习近平新时代中国特色社会主义思想为指导，秉承立德、致用、兼容、创新的校训精神，以“双一流”建设为目标，持续推进教育科技人才一体化建设，深化教育综合改革，努力为湖北支点建设和武汉加快建设国家中心城市，全力打造“五个中心”、全面建设现代化大武汉作出江大贡献。,candidate,2026-09-30,
4142011075,三峡大学,https://www.ctgu.edu.cn/xxgk2/xxjj.htm,学校简介-三峡大学,founded_year,1978,原武汉水利电力大学（宜昌）的前身是于1978年成立的葛洲坝水电工程学院，先后隶属于水利电力部、能源部、电力工业部、国家电力公司，1996年与原武汉水利电力大学合并组建新的武汉水利电力大学，成为“211工程”建设大学的重要组成部分。,candidate,2026-09-30,
4142011332,湖北警官学院,,,,,,no_source,2026-09-30,
4142011336,荆楚理工学院,https://www.jcut.edu.cn/info/1062/14600.htm,校史馆开展新生入学教育活动-荆楚理工学院,,,,no_pattern,2026-09-30,
4142011524,武汉音乐学院,,,,,,no_source,2026-09-30,
4142011600,湖北经济学院,https://www.hbue.edu.cn/432/list.htm,学校简介,founded_year,1907,学校办学历史最早可追溯到1907年张之洞创办的“湖北商业中学堂”，于2002年3月经教育部批准，由原湖北商业高等专科学校、武汉金融高等专科学校、湖北省计划管理干部学院合并组建。,candidate,2026-09-30,
4142011600,湖北经济学院,https://www.hbue.edu.cn/432/list.htm,学校简介,motto,,学校以习近平新时代中国特色社会主义思想为指导，全面贯彻党的教育方针，全面加强党的领导，落实立德树人根本任务，秉承“厚德博学、经世济民”校训精神，坚持需求导向、创新驱动、人才强校、特色兴校、依法治校办学方针，以学生为中心，建立完善德智体美劳育人体系，努力让学生获得更高质量学习经历，,candidate,2026-09-30,
4142011654,武汉商学院,https://www.wbu.edu.cn/7/list.htm,学校简介,founded_year,1963,历史沿革：武汉商学院溯源于1963年创办的武汉市服务学校，有着60余年办学历史。,candidate,2026-09-30,
4142011654,武汉商学院,https://www.wbu.edu.cn/7/list.htm,学校简介,motto,,办学思路：学校坚持社会主义办学方向，落实立德树人根本任务，坚定地方性、应用型的办学定位，秉承“商道惟诚，知行致远”的校训，践行“明德笃学，求实致用”的办学理念和“创新开放，自强不息”的大学精神，坚持“转型提升、内涵发展、商科特色、开放办学”的发展战略，以建设高水平应用型大学为主线,candidate,2026-09-30,
4142011800,汉口学院,https://www.hkxy.edu.cn/html/1023/,学校简介_汉口学院官方网站,founded_year,2000,【历史沿革】汉口学院前身是2000年9月教育部批准成立的华中师范大学汉口分校，是全国最早成立的独立学院之一。,candidate,2026-09-30,
4142011800,汉口学院,https://www.hkxy.edu.cn/html/1023/,学校简介_汉口学院官方网站,motto,,【人才培养】学校全面贯彻党的教育方针，坚持“以生为本，育人为本”的办学理念，落实“学生中心、产出导向、持续改进”的教育理念，秉承“敢为人先、实事求是、志存高远、追求卓越”的校训，立足武汉、面向湖北、辐射全国，服务长江经济带和区域经济社会发展，着力培养政治素质好、专业基础实、实践能,candidate,2026-09-30,
4142013241,武昌工学院,,,,,,no_source,2026-09-30,
4142013245,荆州学院,https://www.jzun.edu.cn/info/164/6008.htm,学校简介-荆州学院,founded_year,2004,荆州学院是经教育部批准设立的全日制普通本科高校，学校前身是创建于2004年的长江大学工程技术学院。,candidate,2026-09-30,
4142013245,荆州学院,https://www.jzun.edu.cn/info/164/6008.htm,学校简介-荆州学院,motto,,学校坚持应用型办学定位，秉承“诚信、责任、和谐、笃学”校训，坚持以工为主，文、管、理、教、艺、医等多学科协调发展方向，坚持特色鲜明的高水平应用型区域强校发展目标，不断推进“新工科”带动下的“四新”建设，主动服务国家发展战略和湖北省战略发展布局，实施荆州学院学科专业建设发展规划，促,candidate,2026-09-30,
4142013262,文华学院,https://www.hustwenhua.net/xxgk/xxjj/xxjs.htm,,,,,fetch_error,2026-09-30,HTTPError
4142013634,武汉学院,https://www.whxy.edu.cn/xxgk/xxjj.htm,学校简介-武汉学院,founded_year,2003,历史沿革 武汉学院的前身是2003年教育部批准成立的中南财经政法大学武汉学院，2012年获批为学士学位授予单位，2015年教育部批准转设为独立设置的民办普通本科高校，2023年顺利通过教育部本科教学工作合格评估。,candidate,2026-09-30,
4142013634,武汉学院,https://www.whxy.edu.cn/xxgk/xxjj.htm,学校简介-武汉学院,founded_year,2016,收取的学费和收入所得，全部用于学校发展和学生培养；2016年设立湖北一丹大学教育发展基金会，持续支持学校建设和发展，累计已捐助学校2.10亿元。,candidate,2026-09-30,
4142014099,湖北第二师范学院,https://www.hue.edu.cn/14806/list.htm,学校简介,founded_year,1931,学校前身是1931年创立的湖北省立教育学院，1944年改为国立湖北师范学院。,candidate,2026-09-30,
4142014099,湖北第二师范学院,https://www.hue.edu.cn/14806/list.htm,学校简介,motto,,学校将持续秉承“学高、身正、诚毅、笃行”校训，坚持“正己达人、以生为本”办学理念和“百折不挠、追求卓越”的二师精神，凝心聚力，攻坚克难，致力于建设成为一所国家需要、社会认可、人民满意、特色鲜明的高水平师范大学，为基础教育和区域经济社会发展提供更强大的人才和技术支撑，为教师教育事业,candidate,2026-09-30,
4142014950,网络空间安全学院,,,,,,no_source,2026-09-30,
4143010531,吉首大学,http://www.jsu.edu.cn/xxgk/xxjj/index.htm,学校简介 - 吉首大学,founded_year,1958,吉首大学创办于1958年，在湖南省湘西土家族苗族自治州和张家界市两地办学，是湖南省属综合性大学，也是武陵山片区唯一的综合性大学。,candidate,2026-09-30,
4143010534,湖南科技大学,https://www.hnust.edu.cn/xxgk/xxjj/index.htm,学校简介 - 湖南科技大学,founded_year,1949,湖南科技大学肇始于1949年成立的湘北建设学院，2003年由湘潭工学院与湘潭师范学院合并组建而成，是湖南省人民政府与自然资源部共建高校、湖南省人民政府与国家国防科技工业局共建高校、湖南省人民政府与原国家安全生产监督管理总局共建高校、“十三五”国家百所中西部高校基础能力建设工程支持,candidate,2026-09-30,
4143010534,湖南科技大学,https://www.hnust.edu.cn/xxgk/xxjj/index.htm,学校简介 - 湖南科技大学,motto,,学校坚持以习近平新时代中国特色社会主义思想为指导，始终秉承“唯实惟新，至诚致志”校训精神，大力实施“1545”办学治校行动计划，深入推进“双一流”建设，加快建设特色鲜明、国内一流、国际有影响的高水平综合性大学，为全面建成社会主义现代化强国、全面推进中华民族伟大复兴贡献力量。,candidate,2026-09-30,
4143010536,长沙理工大学,https://www.csust.edu.cn/xxgk/xxjj.htm,学校简介-长沙理工大学,,,,no_pattern,2026-09-30,
4143010537,湖南农业大学,https://www.hunau.edu.cn/zjnd/,,,,,no_pattern,2026-09-30,
4143010538,中南林业科技大学,https://www.csuft.edu.cn/xxgk/xxjj.htm,学校简介-中南林业科技大学,founded_year,1911,学校办学肇始于1911年创立的广东全省农林试验场及附设农林教员讲习所。,candidate,2026-09-30,
4143010538,中南林业科技大学,https://www.csuft.edu.cn/xxgk/xxjj.htm,学校简介-中南林业科技大学,motto,,办学115年来，学校秉承“求是求新，树木树人”的校训，为国家及地方输送了34万余名高素质专门人才，涌现出一大批优秀校友，为国家和地方经济社会发展作出了积极贡献。,candidate,2026-09-30,
4143010541,湖南中医药大学,,,,,,no_source,2026-09-30,
4143010543,湖南理工大学,https://www.hnist.edu.cn/xxgk/xxjj.htm,学校简介-湖南理工大学,motto,,在长期的办学过程中，学校秉承“至善穷理”校训和“三个为本”办学理念，形成了“严谨、和谐、求实、创新”的优良校风，获评“全国文明校园”“全国文明单位”“全国普通高校毕业生就业工作先进集体”“全国师德建设先进单位”“全国引进国外智力先进单位”“全省先进基层党组织”“全国五四红旗团委”,candidate,2026-09-30,
4143010545,湘南学院,,,,,,no_source,2026-09-30,
4143010546,衡阳师范学院,,,,,,no_source,2026-09-30,
4143010547,邵阳学院,,,,,,no_source,2026-09-30,
4143010548,怀化学院,,,,,,no_source,2026-09-30,
4143010549,湖南文理学院,,,,,,no_source,2026-09-30,
4143010551,湖南科技学院,https://www.huse.edu.cn/xxgk/xxjj.htm,学校简介-湖南科技学院,founded_year,1941,学校办学始于1941年，前身为湖南省立第七师范学校，先后经历了零陵师范学校、湖南师范学院零陵分院、零陵师范高等专科学校等发展阶段，2002年升格为本科院校——零陵学院，2004年更名为湖南科技学院，是硕士学位授予单位。,candidate,2026-09-30,
4143010551,湖南科技学院,https://www.huse.edu.cn/xxgk/xxjj.htm,学校简介-湖南科技学院,motto,,学校坚持以习近平新时代中国特色社会主义思想为指导，牢记为党育人、为国育才的初心使命，全面贯彻党的教育方针，落实立德树人根本任务，秉承“德才兼备、自强不息”的校训精神，正朝着建设特色鲜明的地方性高水平应用型大学目标阔步前行！,candidate,2026-09-30,
4143010553,湖南人文科技学院,,,,,,no_source,2026-09-30,
4143010554,湖南工商大学,,,,,,no_source,2026-09-30,
4143010555,南华大学,https://www.usc.edu.cn/xxgk/xxjj.htm,学校简介-南华大学,founded_year,1958,中南工学院的前身是1959年创办的衡阳矿冶工程学院，衡阳医学院的前身为创建于1958年的湖南省衡阳医学院。,candidate,2026-09-30,
4143010555,南华大学,https://www.usc.edu.cn/xxgk/xxjj.htm,学校简介-南华大学,motto,,立足新时代，学校秉承“明德、博学、求是、致远”的校训，弘扬“勤勉务实、甘于奉献、刚健自强、敢为人先”的南华精神，坚持以人才培养为中心，服务国家和社会需求，综合实力不断提升，正朝着“双一流”建设目标，在新时代高水平大学的征程上奋勇迈进。,candidate,2026-09-30,
4143010823,长沙医学院,,,,,,no_source,2026-09-30,
4143011077,长沙学院,,,,,,no_source,2026-09-30,
4143011342,湖南工程学院,,,,,,no_source,2026-09-30,
4143011527,湖南城市学院,,,,,,no_source,2026-09-30,
4143011528,湖南工学院,https://www.hnit.edu.cn/hggk/xxjj.htm,学校简介-湖南工学院,motto,,办学50年来，学校坚持社会主义办学方向，全面贯彻党的教育方针，不断弘扬“无私奉献、开拓进取、睿智圆融、追求卓越”的精神，秉承“勤学、务实、圆融、卓越”的校训，力行“团结奋进、自强日新”的校风，立足衡阳，面向湖南，辐射全国，重点面向现代工业企业，积极为区域经济建设和社会发展服务，办,candidate,2026-09-30,
4143011532,湖南财政经济学院,https://www.hufe.edu.cn/xxgk/xxjj.htm,学校简介-湖南财政经济学院,founded_year,1933,学校源于1933年5月由熊崇煦、陈家瓒、李肖聃、王季范等著名教育家、经济学家创办的“厚生会计讲习所”，是民国时期湖南办学历史较早的私立中等会计专业学校，因对财政会计人才的培养输出而誉满天下。,candidate,2026-09-30,
4143011534,湖南警察学院,,,,,,no_source,2026-09-30,
4143011535,湖南工业大学,,,,,,no_source,2026-09-30,
4143011538,湖南女子学院,,,,,,no_source,2026-09-30,
4143012034,湖南第一师范学院,https://www.hnfnu.edu.cn/xxgk/xxjj.htm,学校简介-湖南第一师范学院,founded_year,1161,学校素有“千年学府、百年师范”的美誉，前身为南宋著名理学家张栻于公元1161年创办的长沙城南书院，1903年始立为湖南师范馆，举办现代师范教育，1912年更名湖南公立第一师范学校，1949年改名湖南省第一师范学校，2008年升格为本科并更名湖南第一师范学院，2019年列为湖南省本,candidate,2026-09-30,
4143012214,湖南医药学院,,,,,,no_source,2026-09-30,
4143012652,长沙工业学院,,,,,,no_source,2026-09-30,
4143012657,常德学院,,,,,,no_source,2026-09-30,
4143012658,岳阳学院,https://nh.hnist.cn/,,,,,no_source,2026-09-30,
4143012662,张家界学院,https://www.zjjc.edu.cn/p1/xyjj.html,学校简介,founded_year,2002,张家界学院，前身为吉首大学张家界学院（独立学院），始建于2002年。,candidate,2026-09-30,
4143013806,长沙师范学院,http://www.cssf.cn/index.html,,,,,no_source,2026-09-30,
4162010731,兰州理工大学,,,,,,no_source,2026-09-30,
4162010732,兰州交通大学,https://www.lzjtu.cn/jdgk/xxjj.htm,,,,,no_source,2026-09-30,
4162010733,甘肃农业大学,https://www.at0086.com/GSAU/,,,,,no_source,2026-09-30,
4162010735,甘肃中医药大学,,,,,,no_source,2026-09-30,
4162010736,西北师范大学,,,,,,no_source,2026-09-30,
4162010737,兰州城市学院,,,,,,no_source,2026-09-30,
4162010738,陇东学院,,,,,,no_source,2026-09-30,
4162010739,天水师范大学,https://www.tsnu.edu.cn/xxgk2/xxjj.htm,学校简介-天水师范大学欢迎您！,founded_year,1959,天水师范大学始建于1959年，2000年由天水师范高等专科学校升格为天水师范学院，2013年开始教育硕士研究生培养工作，2015年被甘肃省列为首批转型发展试点院校，2018年获批硕士学位授予单位。,candidate,2026-09-30,
4162010739,天水师范大学,https://www.tsnu.edu.cn/xxgk2/xxjj.htm,学校简介-天水师范大学欢迎您！,motto,,【办学思路与目标】学校秉承“明德、新民、至善”的校训，坚持社会主义办学方向，落实立德树人根本任务，坚持师范教育办学定位，大力弘扬教育家精神，强化师范类优势特色学科建设，加强师资队伍建设，不断提高教育教学质量和科研水平，着力培养高水平应用型人才，努力建设区域高水平综合性师范大学。,candidate,2026-09-30,
4162010740,河西学院,https://www.hxu.edu.cn/xxgk/xxjj.htm,学校简介-河西学院,founded_year,1941,办学历史 河西学院发端于1941年创立的甘肃省立张掖师范学校；1958年成立张掖师范学院，1959年改办为张掖师范专科学校，1978年恢复张掖师范专科学校；2000年原张掖农校和张掖地区职业中专并入；2001年升本改制为河西学院；2014年原张掖医学高等专科学校、张掖市人民医院并,candidate,2026-09-30,
4162010741,兰州财经大学,https://www.lzufe.edu.cn/xxgk/xxjj.htm,学校简介-兰州财经大学——Welcome to Lanzhou University of Finance and Economics!,founded_year,1952,学校起始于1952年成立的甘肃省人民政府行政干部学校；1958年，升格为甘肃财经学院，隶属甘肃省人民政府领导，实施本科教育；1981年，成立兰州商学院，先后隶属原国家商业部、国内贸易部领导；1998年，实行中央与地方共建、以甘肃为主的管理体制；2001年，甘肃职工财经学院并入兰州,candidate,2026-09-30,
4162010741,兰州财经大学,https://www.lzufe.edu.cn/xxgk/xxjj.htm,学校简介-兰州财经大学——Welcome to Lanzhou University of Finance and Economics!,motto,,学校坚持“质量立校、特色兴校、人才强校”的办学理念，秉承“博修商道”的校训，弘扬“求实创新、开放包容”的校风、“厚德敬业、博学尚真”的教风、“勤学善思、明辨笃行”的学风，深入推进教育教学改革，不断完善人才培养体系，提高人才培养质量。,candidate,2026-09-30,
4162010742,西北民族大学,https://www.xbmu.edu.cn/xxgk/xxjs.htm,学校介绍-西北民族大学,founded_year,1950,西北民族大学是中华人民共和国成立后创建的第一所民族高等学府，前身为1950年8月成立的西北民族学院，汪锋同志任首任院长，2003年4月更名为西北民族大学。,candidate,2026-09-30,
4162011406,甘肃政法大学,,,,,,no_source,2026-09-30,
4162011561,甘肃民族师范学院,,,,,,no_source,2026-09-30,
4162011562,兰州文理学院,https://www.luas.edu.cn/,,,,,no_source,2026-09-30,
4162011805,甘肃医学院,https://www.gsmc.edu.cn/xxgkjj/xyjj.htm,学院简介-甘肃医学院,founded_year,1958,学校的前身是1958年成立的甘肃省平凉卫生学校，2015年5月组建升格为甘肃医学院，实行省市共建、以省为主的管理体制。,candidate,2026-09-30,
4162011805,甘肃医学院,https://www.gsmc.edu.cn/xxgkjj/xyjj.htm,学院简介-甘肃医学院,motto,,建校60多年以来，学校秉承“养德崇医、见贤思齐”的校训，弘扬“艰苦创业、无私奉献”的办学精神，培养的8万余名毕业生大部分扎根基层医疗卫生一线，涌现出首届全国“孝老爱亲”道德模范张晓，中国大学生自强之星、第七届甘肃省“孝老爱亲”道德模范樊雪霞，“最美白衣天使”陈凤娟、牛雪莲，“感动,candidate,2026-09-30,
4162011806,陇南师范学院,https://www.lntc.edu.cn/xxgk.htm,学校概况-陇南师范学院欢迎您！,founded_year,1937,陇南师范学院位于美丽的陇上江南成县，始建于1937年，2024年5月经教育部批准在陇南师范高等专科学校基础上设立的一所公办普通本科学校。,candidate,2026-09-30,
4162011806,陇南师范学院,https://www.lntc.edu.cn/xxgk.htm,学校概况-陇南师范学院欢迎您！,motto,,学校将深入学习贯彻落实党的二十大和党的二十届三中、四中全会以及全国教育大会精神，坚持社会主义办学方向，全面贯彻党的教育方针，认真落实立德树人根本任务，大力弘扬教育家精神、“卓苦为刃 筑教为先”甘肃教育精神，秉承“养正育德、博学新民”的校训，弘扬“持志须坚、力行以苦、朝夕勤奋、兼善,candidate,2026-09-30,
4162011807,兰州工业学院,https://www.lzit.edu.cn/xxgk/xxjj.htm,学校简介-兰州工业学院,founded_year,1942,学校发轫于抗日战争时期兴起的中国工业合作运动，前身系新西兰国际友人路易·艾黎于1942年创办的培黎工艺学校，是其“手脑并用、创造分析”教育理念深入实践的第一所“中国工合运动”学校。,candidate,2026-09-30,
4162011807,兰州工业学院,https://www.lzit.edu.cn/xxgk/xxjj.htm,学校简介-兰州工业学院,motto,,面向未来，学校将坚持以习近平新时代中国特色社会主义思想为指导，深入学习贯彻党的二十大和二十届二中、三中全会精神，全面贯彻党的教育方针，坚持社会主义办学方向，落实立德树人根本任务，传承红色基因，弘扬“工合”精神，秉承“开物成务、启智求真”的校训，大力弘扬“坚韧顽强、质朴无私、包容创,candidate,2026-09-30,
4162012834,甘肃警察学院,https://www.gsjcxy.edu.cn/,甘肃警察学院,,,,no_pattern,2026-09-30,
4135010385,华侨大学,https://www.hqu.edu.cn/hdgk/xxjj.htm,学校简介-华侨大学,founded_year,1960,1960年，学校经国家批准创办于福建泉州，首任校长为廖承志。,candidate,2026-09-30,
4135010385,华侨大学,https://www.hqu.edu.cn/hdgk/xxjj.htm,学校简介-华侨大学,founded_year,1980,学校于1980年成立董事会，庄希泉、胡平、黄长溪、贾庆林、陈明义、宋德福、王刚、蔡达峰曾任董事长，何厚铧曾任名誉董事长，现任董事长为全国政协副主席、致公党中央主席蒋作君。,candidate,2026-09-30,
4135010388,福建理工大学,https://www.fjut.edu.cn/403/list.htm,学校简介,,,,no_pattern,2026-09-30,
4135010389,福建农林大学,https://www.fafu.edu.cn/5244/list.htm,学校简介,founded_year,1936,学校前身是创办于1936年的福建协和大学农科和成立于1940年的福建省立农学院。,candidate,2026-09-30,
4135010389,福建农林大学,https://www.fafu.edu.cn/5244/list.htm,学校简介,motto,,20多年来，学校秉承“研究农业高深学术，造就专门人才”的办学传统，弘扬“明德、诚智、博学、创新”的校训精神，牢记嘱托，扎根八闽，深耕“三农”，接续奋斗，在培养高素质农林人才、开展高水平科学研究、提供高效益社会服务等方面取得丰硕成果，实现了由单科性大学迈向多科性大学、由地方省属高校,candidate,2026-09-30,
4135010390,集美大学,https://english.jmu.edu.cn/,集美大学英文站,,,,no_pattern,2026-09-30,
4135010392,福建医科大学,https://www.fjmu.edu.cn/9/list.htm,学校简介,founded_year,1937,福建医科大学创建于1937年，是我国建校较早的公立本科医学院校之一。,candidate,2026-09-30,
4135010392,福建医科大学,https://www.fjmu.edu.cn/9/list.htm,学校简介,motto,,80多年来，学校秉承“勤奋、严谨、求实、创新”的校训，砥砺“改善国民卫生的先锋，东南医药界的柱石”的初心，形成了“以人为本、求是至臻”的办学理念和“自强不息、追求卓越”的学校精神，孕育了“崇真向善、精诚致远”的校风、“厚德敬业”的教风和“博学笃行”的学风，推动学校各项事业不断向前,candidate,2026-09-30,
4135010393,福建中医药大学,,,,,,no_source,2026-09-30,
4135010394,福建师范大学,https://www.fjnu.edu.cn/20/list.htm,师大简介,founded_year,1907,学校肇始于1907年清朝帝师陈宝琛先生创办的“福建优级师范学堂”，后由华南女子文理学院、福建协和大学、福建省立师范专科学校等单位几经调整合并，于1953年成立福建师范学院，1972年易名为福建师范大学并沿用至今。,candidate,2026-09-30,
4135010394,福建师范大学,https://www.fjnu.edu.cn/20/list.htm,师大简介,motto,,经过一代又一代师大人的传承创新，学校砥砺出“知明行笃，立诚致广”的校训精神，孕育了“重教、勤学、求实、创新”的优良校风，着力推动各项事业不断向前发展，荣获“全国文明单位”“全国文明校园”等一大批高级别荣誉称号。,candidate,2026-09-30,
4135010395,闽江大学,,,,,,no_source,2026-09-30,
4135010397,武夷学院,https://www.wuyiu.edu.cn/3180/main.htm,学校概况,motto,,●学校校训：涵养穷索，致知力行,candidate,2026-09-30,
4135010398,宁德师范学院,https://www.ndnu.edu.cn/xxgk/xxjj.htm,学校简介-宁德师范学院,founded_year,1958,学校办学历史可追溯到1958年成立的福安师范专科学校（1962年停办），1978年12月经国务院同意，教育部发文批准成立宁德师范专科学校，1990年8月闽东职业大学并入宁德师范专科学校，1994年3月更名为宁德师范高等专科学校，2010年3月教育部同意升格为本科层次的宁德师范学院,candidate,2026-09-30,
4135010399,泉州师范学院,https://www.qztc.edu.cn/2134/list.htm,学校简介,founded_year,1958,学校前身为创建于1958年的泉州大学师范学院，此后曾几度变迁，历经更名、停办、复办等发展历程。,candidate,2026-09-30,
4135010399,泉州师范学院,https://www.qztc.edu.cn/2134/list.htm,学校简介,founded_year,1923,2000年，经教育部批准建立泉州师范学院，系福建省第一所新建地方性省属本科高校，由创办于1923年的泉州师范学校、1939年的南安师范学校、1951年的泉州教育学院和1958年的泉州师范专科学校合并组建。,candidate,2026-09-30,
4135010399,泉州师范学院,https://www.qztc.edu.cn/2134/list.htm,学校简介,motto,,学校秉承“善学如泉、正心至大”校训精神，不忘初心、砥砺前行，推动学校事业不断向前发展。,candidate,2026-09-30,
4135010402,闽南师范大学,https://www.mnnu.edu.cn/xxgk/xxjj.htm,学校简介-闽南师范大学,motto,,学校秉承“博学 明理 砺志 笃行”的校训，根植闽南，立足福建，面向全国，为社会输送了大批优秀专门人才。,candidate,2026-09-30,
4135011062,厦门理工学院,https://www.xmut.edu.cn/xxgk/xxjj.htm,学校简介-厦门理工学院,motto,,当前，厦门理工学院正持续深入学习贯彻习近平新时代中国特色社会主义思想和党的二十届四中全会精神，秉承“蜂巢精神”和“明理精工、与时偕行”校训，努力建成亲产业、开放式、国际化的一流应用型大学，为推进教育强国建设、新征程新福建建设和厦门努力率先实现社会主义现代化做出更大贡献。,candidate,2026-09-30,
4135011311,三明学院,https://www.fjsmu.edu.cn/xxjj/list.htm,学校简介,founded_year,2004,2004年5月经教育部批准成立三明学院。,candidate,2026-09-30,
4135011312,龙岩学院,,,,,,no_source,2026-09-30,
4135011313,福建商学院,https://www.fjbu.edu.cn/xygk/xxjj.htm,学校简介-福建商学院,founded_year,1906,【历史沿革】学校是一所具有深厚历史底蕴和闽商精神内涵的“百年老校”，肇始于1906年近代教育家陈宝琛创办的“福建官立商业学堂”和闽籍爱国侨领黄乃裳创办的“福州青年会书院”。,candidate,2026-09-30,
4135011495,福建警察学院,https://www.fjpsc.edu.cn/index.php/home/show_webpage/5,,,,,fetch_error,2026-09-30,URLError
4135011498,莆田学院,https://www.ptu.edu.cn/newxxgk/newxxgk.htm,学校概况-莆田学院,founded_year,2002,莆田学院位于福建东南沿海、海上“和平女神”妈祖故乡、著名侨乡——莆田市，是2002年3月经教育部批准成立的全日制普通本科大学，实行省市共建、以省为主管理体制。,candidate,2026-09-30,
4135011498,莆田学院,https://www.ptu.edu.cn/newxxgk/newxxgk.htm,学校概况-莆田学院,founded_year,1898,学校办学历史可追溯到1898年创办的兴化圣教医院附设护士训练班。,candidate,2026-09-30,
4135011498,莆田学院,https://www.ptu.edu.cn/newxxgk/newxxgk.htm,学校概况-莆田学院,motto,,长期以来，学校遵照习近平总书记“努力将学校办成现代化、高水平的大学”的重要贺信精神，秉承“厚德、博学、慎思、笃行”校训精神，按照“应用型、地方性、开放式、特色化”的办学定位，坚持“服务需求、贴近产业、强化特色、错位发展”的原则，做优做强工医优势学科，做精做特人文社会学科，打造“工,candidate,2026-09-30,
4135011784,仰恩大学,https://www.yeu.edu.cn/1290/list.htm,,,,,robots_disallowed,2026-09-30,
4135012631,厦门医学院,,,,,,no_source,2026-09-30,
4135013115,厦门工学院,https://www.xit.edu.cn/xxjj/list.htm,,,,,robots_disallowed,2026-09-30,
4135013468,阳光学院,https://www.ygu.edu.cn/xxgk/xxjj.htm,学校简介-阳光学院,founded_year,2001,阳光学院于2001年依托国家“211工程”重点建设大学——福州大学创办。,candidate,2026-09-30,
4135013468,阳光学院,https://www.ygu.edu.cn/xxgk/xxjj.htm,学校简介-阳光学院,motto,,阳光学院自办学20多年来，秉承“刚健笃实，辉光日新”的校训，以“培养人格健全、专业基础扎实、实践能力突出、具有社会责任感和创新创业精神的高素质应用型人才”为己任，紧贴并服务于福建区域产业发展方向，逐步发展成为以工科为主、多学科协调发展的一流应用型大学。,candidate,2026-09-30,
4135013763,福建江夏学院,,,,,,no_source,2026-09-30,
4135014683,福建技术师范学院,https://www.fpnu.edu.cn/xxgk1/lsyg.htm,历史沿革-福建技术师范学院,founded_year,1977,学校创办于1977年6月，最初为福建省莆田地区师范学校福清分校，后更名为福建省莆田地区师范大专班。,candidate,2026-09-30,
4135014896,福建福耀科技大学,https://fyust.edu.cn,,,,,no_source,2026-09-30,
4154010693,西藏农牧大学,https://www.xza.edu.cn/xxgkinfo/xxjj.htm,学校简介-西藏农牧大学,founded_year,1958,学校办学历史可追溯到1958年在陕西创建的西藏公学（1965年改名为西藏民族学院），1971年在林芝设立迁校筹建处，计划整体回迁西藏办学，1974年改为西藏民族学院林芝分院，1978年命名为西藏农牧学院，是全国首批具有学士学位授予权单位。,candidate,2026-09-30,
4154010693,西藏农牧大学,https://www.xza.edu.cn/xxgkinfo/xxjj.htm,学校简介-西藏农牧大学,founded_year,2001,2001年与西藏大学合并组建新西藏大学，2016年恢复设立西藏农牧学院，2025年6月更名为西藏农牧大学。,candidate,2026-09-30,
4154010693,西藏农牧大学,https://www.xza.edu.cn/xxgkinfo/xxjj.htm,学校简介-西藏农牧大学,motto,,学校始终聚焦“四件大事”聚力“四个创建”，秉承“博学笃行、精业兴藏”的校训和“爱国、团结、勤奋、求是、创新”的校风，大力弘扬“老西藏精神”和学校“筹建精神”，突出爱党爱国爱社会主义、维护祖国统一和民族团结这个政治标准，努力培养“靠得住、下得去、用得上、干得好”的社会主义合格建设者,candidate,2026-09-30,
4154010695,西藏民族大学,,,,,,no_source,2026-09-30,
4154010696,西藏藏医药大学,,,,,,no_source,2026-09-30,
4154012481,拉萨师范学院,http://www.xzlssf.org/,,,,,no_source,2026-09-30,
4152010660,贵州医科大学,https://www.gmc.edu.cn/xxgk/xxjj.htm,学校简介-贵州医科大学,motto,,贵州医科大学前身为1938年建立的“国立贵阳医学院”，是当时全国最早直属国家教育部的9所高等医学院校之一，学校始终坚持“文化建校、质量立校、人才强校、科研兴校”的办学理念，恪守“诚於己、忠于群、敬往思来”的校训，秉承“大医精诚”的贵医精神，立足贵州，服务全国，面向世界，为建成特色,candidate,2026-09-30,
4152010660,贵州医科大学,https://www.gmc.edu.cn/xxgk/xxjj.htm,学校简介-贵州医科大学,motto,,贵州医科大学前身为1938年建立的“国立贵阳医学院”，是当时全国最早直属国家教育部的9所高等医学院校之一，学校始终坚持“文化建校、质量立校、人才强校、科研兴校”的办学理念，恪守“诚於己、忠于群、敬往思来”的校训，秉承“大医精诚”的贵医精神，立足贵州，服务全国，面向世界，为建成特色,candidate,2026-09-30,
4152010660,贵州医科大学,https://www.gmc.edu.cn/xxgk/xxjj.htm,学校简介-贵州医科大学,motto,,贵州医科大学前身为1938年建立的“国立贵阳医学院”，是当时全国最早直属国家教育部的9所高等医学院校之一，学校始终坚持“文化建校、质量立校、人才强校、科研兴校”的办学理念，恪守“诚於己、忠于群、敬往思来”的校训，秉承“大医精诚”的贵医精神，立足贵州，服务全国，面向世界，为建成特色,candidate,2026-09-30,
4152010660,贵州医科大学,https://www.gmc.edu.cn/xxgk/xxjj.htm,学校简介-贵州医科大学,motto,,贵州医科大学前身为1938年建立的“国立贵阳医学院”，是当时全国最早直属国家教育部的9所高等医学院校之一，学校始终坚持“文化建校、质量立校、人才强校、科研兴校”的办学理念，恪守“诚於己、忠于群、敬往思来”的校训，秉承“大医精诚”的贵医精神，立足贵州，服务全国，面向世界，为建成特色,candidate,2026-09-30,
4152010660,贵州医科大学,https://www.gmc.edu.cn/xxgk/xxjj.htm,学校简介-贵州医科大学,motto,,贵州医科大学前身为1938年建立的“国立贵阳医学院”，是当时全国最早直属国家教育部的9所高等医学院校之一，学校始终坚持“文化建校、质量立校、人才强校、科研兴校”的办学理念，恪守“诚於己、忠于群、敬往思来”的校训，秉承“大医精诚”的贵医精神，立足贵州，服务全国，面向世界，为建成特色,candidate,2026-09-30,
4152010660,贵州医科大学,https://www.gmc.edu.cn/xxgk/xxjj.htm,学校简介-贵州医科大学,motto,,贵州医科大学前身为1938年建立的“国立贵阳医学院”，是当时全国最早直属国家教育部的9所高等医学院校之一，学校始终坚持“文化建校、质量立校、人才强校、科研兴校”的办学理念，恪守“诚於己、忠于群、敬往思来”的校训，秉承“大医精诚”的贵医精神，立足贵州，服务全国，面向世界，为建成特色,candidate,2026-09-30,
4152010660,贵州医科大学,https://www.gmc.edu.cn/xxgk/xxjj.htm,学校简介-贵州医科大学,motto,,贵州医科大学前身为1938年建立的“国立贵阳医学院”，是当时全国最早直属国家教育部的9所高等医学院校之一，学校始终坚持“文化建校、质量立校、人才强校、科研兴校”的办学理念，恪守“诚於己、忠于群、敬往思来”的校训，秉承“大医精诚”的贵医精神，立足贵州，服务全国，面向世界，为建成特色,candidate,2026-09-30,
4152010660,贵州医科大学,https://www.gmc.edu.cn/xxgk/xxjj.htm,学校简介-贵州医科大学,motto,,贵州医科大学前身为1938年建立的“国立贵阳医学院”，是当时全国最早直属国家教育部的9所高等医学院校之一，学校始终坚持“文化建校、质量立校、人才强校、科研兴校”的办学理念，恪守“诚於己、忠于群、敬往思来”的校训，秉承“大医精诚”的贵医精神，立足贵州，服务全国，面向世界，为建成特色,candidate,2026-09-30,
4152010661,遵义医科大学,https://www.zmu.edu.cn/zygk/lsyg.htm,历史沿革-遵义医科大学,,,,no_pattern,2026-09-30,
4152010662,贵州中医药大学,,,,,,no_source,2026-09-30,
4152010663,贵州师范大学,https://www.gznu.edu.cn/xxgk/xxjj.htm,学校简介-贵州师范大学,founded_year,1941,贵州师范大学（Guizhou Normal University）源于1941年创建的“国立贵阳师范学院”，是当时全国八所国立师范学院之一。,candidate,2026-09-30,
4152010663,贵州师范大学,https://www.gznu.edu.cn/xxgk/xxjj.htm,学校简介-贵州师范大学,motto,,历经时代沧桑，学校始终恪守“慎思笃行、博学致新”之校训，秉持“爱国、奉献、敬业、自强”的大学精神，扎根黔中、胸怀天下、潜心办学、传承文明，铸就了厚重的历史底蕴与人文精神。,candidate,2026-09-30,
4152010664,遵义师范学院,,,,,,no_source,2026-09-30,
4152010665,铜仁学院,https://www.gztrc.edu.cn/xygk/xxjj.htm,学校简介-铜仁学院,founded_year,1920,学校办学起源于1920年创办的明德学校，几经传承演进，2006年升格为普通本科院校。,candidate,2026-09-30,
4152010665,铜仁学院,https://www.gztrc.edu.cn/xygk/xxjj.htm,学校简介-铜仁学院,motto,,学校围绕建设“高水平应用型大学”的愿景目标，立足贵州大地、黔东大地办教育，深入推进内涵发展、特色发展、融合发展，铸就了“明德·致用”的校训，培育了“苦心励志·追求卓越”的大学精神，凝练了“铜仁需求·国家标准”“依托梵净·服务发展”的办学理念和“扎根山区·服务地方”的办学特色，深入,candidate,2026-09-30,
4152010666,兴义民族师范学院,,,,,,no_source,2026-09-30,
4152010667,安顺学院,,,,,,no_source,2026-09-30,
4152010668,贵州工程应用技术学院,,,,,,no_source,2026-09-30,
4152010669,凯里学院,,,,,,no_source,2026-09-30,
4152010670,黔南民族师范学院,,,,,,no_source,2026-09-30,
4152010671,贵州财经大学,https://www.gufe.edu.cn,贵州财经大学,,,,no_pattern,2026-09-30,
4152010672,贵州民族大学,https://www.gzmu.edu.cn/xxgk1/xxjj/content_4788,学校简介_学校简介_学校概况_贵州民族大学,founded_year,1951,贵州民族大学（原贵州民族学院）创建于1951年5月17日，是中华人民共和国成立后创建最早的民族院校之一，是建国后党和政府在贵州创办的第一所大学。,candidate,2026-09-30,
4152010976,贵阳学院,,,,,,no_source,2026-09-30,
4152010977,六盘水师范学院,https://www.lpssy.edu.cn/5920/list.htm,学校简介,founded_year,1978,学校坐落于享有“江南煤都”“中国凉都”之称的六盘水市，其办学历史源于1978年创办的贵阳师范学院六盘水专科班，1985年组建六盘水师范专科学校，1993年更名为六盘水师范高等专科学校，2006年与贵州大学联合举办贵州大学六盘水能源矿业学院，2009年升格为六盘水师范学院。,candidate,2026-09-30,
4152011731,贵州商学院,https://www.gzcc.edu.cn/contents/4/5915.html,贵州商学院-学校简介,founded_year,1961,1952年，贵州省人民政府在此基础上，整合商科教育资源组建“贵州省贸易中等技术学校”；1961年与贵州省粮食学校合并成立“贵州省商业学校”，开启了贵州公办商科教育的先河；1987年升格为“贵州商业专科学校”；1993年更名为“贵州商业高等专科学校”；2015年，经教育部批准升格为,candidate,2026-09-30,
4152011731,贵州商学院,https://www.gzcc.edu.cn/contents/4/5915.html,贵州商学院-学校简介,motto,,学校建校以来，秉承“尚信塑品 致用立身”的校训，扎根贵州这片热土79载，培养了10万多名商科英才，被誉为“黔商摇篮”，为贵州经济社会发展作出了积极贡献。,candidate,2026-09-30,
4152012107,贵州警察学院,,,,,,no_source,2026-09-30,
4152014223,贵州师范学院,https://www.gznc.edu.cn/xxgk/xxjj.htm,学校简介-贵州师范学院官网,founded_year,1978,学校前身系创建于1978年的贵州教育学院，2009年改制为全日制普通本科院校，2012年获学士学位授予单位资格，2015年通过教育部本科教学工作合格评估，2017年获批省级“双一流”建设项目建设单位，2023年作为贵州省首家部省协同试点顺利完成本科教育教学审核评估，2024年获硕,candidate,2026-09-30,
4152014223,贵州师范学院,https://www.gznc.edu.cn/xxgk/xxjj.htm,学校简介-贵州师范学院官网,motto,,学校坚持“面向基层、服务基教、对接需求”，明确了“应用型、师范性、开放性”办学定位，秉承“为人师表”校训，铸就了“人一之，我十之，咬定青山不放松，不达目的不罢休”的师院精神。,candidate,2026-09-30,
4152014440,贵州理工学院,https://www.git.edu.cn/xxgk2/xxjj.htm,学校简介-贵州理工学院,founded_year,2013,贵州理工学院于2013年4月18日经教育部批准成立，是贵州省委、贵州省人民政府实施工业强省战略和城镇化带动战略对理工类应用型人才之需，设立的全日制公办理工类省属普通本科院校。,candidate,2026-09-30,
4152014440,贵州理工学院,https://www.git.edu.cn/xxgk2/xxjj.htm,学校简介-贵州理工学院,founded_year,2017,2014年，学校入选“中西部高校基础能力建设工程”；2017年，成为全国首批深化创新创业教育改革示范高校，发起成立“中国—东盟高校创新创业联盟”；2019年，与英国贝德福特大学联合举办的中外合作办学项目获批，顺利通过教育部普通高等学校本科教学工作合格评估；2021年，获批新增硕士,candidate,2026-09-30,
4152014440,贵州理工学院,https://www.git.edu.cn/xxgk2/xxjj.htm,学校简介-贵州理工学院,motto,,面向未来，学校坚持以习近平新时代中国特色社会主义思想为指导，落实立德树人根本任务，为党育人、为国育才，紧紧围绕服务“四新”“四化”，秉承“知行至善、厚积薄发”的校训，坚持“起黔中、报家国”“博通识、求卓越”“崇人文、厚理工”的育人理念，聚焦服务“富矿精开”“六大产业集群”“三大特,candidate,2026-09-30,
4152014625,茅台学院,,,,,,no_source,2026-09-30,
4121010142,沈阳工业大学,,,,,,no_source,2026-09-30,
4121010143,沈阳航空航天大学,https://www.sau.edu.cn/xxgk/xxjj.htm,,,,,fetch_error,2026-09-30,URLError
4121010144,沈阳理工大学,,,,,,no_source,2026-09-30,
4121010146,辽宁科技大学,,,,,,no_source,2026-09-30,
4121010147,辽宁工程技术大学,,,,,,no_source,2026-09-30,
4121010148,辽宁石油化工大学,https://www.lnpu.edu.cn/xxzl/xxgk.htm,学校概况-辽宁石油化工大学,motto,,学校大力加强校园文化建设，秉承“问学穿石、修身诚化”校训，坚持用雷锋精神建校育人，总结凝练出了符合学校实际的新时代雷锋“五个一”精神，构建起课程育人、科研育人、平台育人、实践育人、文化育人“五位一体”的新时代雷锋精神育人体系，建成的雷锋精神育人展馆获批辽宁省爱国主义教育示范基地和,candidate,2026-09-30,
4121010149,沈阳化工大学,https://www.syuct.edu.cn/xygk/xxjj.htm,学校简介-沈阳化工大学-SHENYANG UNIVERSITY OF CHEMICAL TECHNOLOGY,founded_year,1952,沈阳化工大学始建于1952年，是新中国成立后创建的第一所化学工业学校、首批本科高校，先后隶属于重工业部、化学工业部、中国科学院、辽宁省，1958年组建沈阳化工学院，1960年更名为辽宁科学技术大学，1978年恢复沈阳化工学院建制，2010年更名为沈阳化工大学。,candidate,2026-09-30,
4121010150,大连交通大学,http://www.djtu.edu.cn/intro.html,大连交通大学 - 学校简介,founded_year,1956,1956年，学校应我国铁道机车车辆工业的发展需要而创建，时为大连机车车辆制造学校。,candidate,2026-09-30,
4121010150,大连交通大学,http://www.djtu.edu.cn/intro.html,大连交通大学 - 学校简介,motto,,在长期的办学历程中，学校始终坚守大学使命，坚持服务区域经济社会、轨道交通行业发展和国家战略需求，形成了“明德求索、锲而不舍”的校训，培养了十五余万名毕业生，大多数毕业生在轨道交通行业就业，部分已成为行业领军人物和核心技术骨干，在业内享有“中国轨道交通装备制造业工程师摇篮”的美誉。,candidate,2026-09-30,
4121010152,大连工业大学,https://www.dlpu.edu.cn/,大连工业大学,,,,no_pattern,2026-09-30,
4121010153,沈阳建筑大学,https://www.sjzu.edu.cn/xxgk/xxjj.htm,学校简介-沈阳建筑大学,motto,,学校高举中国特色社会主义伟大旗帜，以马克思列宁主义、毛泽东思想、邓小平理论、“三个代表”重要思想、科学发展观、习近平新时代中国特色社会主义思想为指导，全面贯彻党的教育方针，坚持规模、结构、质量、效益协调发展，秉承“严谨治学、追求卓越”的办学理念和“博学善建、厚德大成”的校训，坚持,candidate,2026-09-30,
4121010154,辽宁工业大学,https://www.lnut.edu.cn/xxgk/xxjj.htm,学校简介-辽宁工业大学,founded_year,1951,辽宁工业大学始建于1951年，历经“锦州工学院”“辽宁工学院”等发展阶段，2007年3月更名为“辽宁工业大学”，教学科研仪器设备总值3.81亿元，图书馆藏书221万余册，是一所以工为主，理、工、经、管、文、法、艺术等协调发展的多科性应用型大学。,candidate,2026-09-30,
4121010157,沈阳农业大学,,,,,,no_source,2026-09-30,
4121010158,大连海洋大学,,,,,,no_source,2026-09-30,
4121010159,中国医科大学,https://www.cmu.edu.cn/info/1019/20122.htm,王新伟到中国医科大学讲授思政课-中国医科大学网站,,,,no_pattern,2026-09-30,
4121010160,锦州医科大学,https://www.jzmu.edu.cn/,锦州医科大学,,,,no_pattern,2026-09-30,
4121010161,大连医科大学,,,,,,no_source,2026-09-30,
4121010162,辽宁中医药大学,,,,,,no_source,2026-09-30,
4121010163,沈阳药科大学,https://www.syphu.edu.cn/xxgk/xxjj.htm,学校简介-沈阳药科大学,motto,,新时期，沈阳药科大学以习近平新时代中国特色社会主义思想为指导，制定了面向大健康领域，加快建设药学教育领域国际知名、国内一流的研究教学型大学发展目标，明确了以教育教学为中心，以人才培养、科学研究、服务社会、国际交流合作为职能，以“团结、勤奋、求实、创新”校训精神及红色基因、红色传统,candidate,2026-09-30,
4121010164,沈阳医学院,https://www.symc.edu.cn/sygk/xxjj.htm,学校简介-沈阳医学院,founded_year,1949,前身为1949年创建的沈阳市立高级护产学校；1958年升格为沈阳医学专科学校；1987年升格为本科院校；2001年迁入现校区；2013年获得硕士学位授予权；2024年获批博士学位授予立项建设单位。,candidate,2026-09-30,
4121010165,辽宁师范大学,,,,,,no_source,2026-09-30,
4121010166,沈阳师范大学,https://www.synu.edu.cn/xxjj/list.htm,学校简介,founded_year,1951,沈阳师范大学隶属辽宁省人民政府，始建于1951年，前身为东北教育学院，1953年更名为沈阳师范学院，是当时东北地区创办最早的两所本科师范院校之一。,candidate,2026-09-30,
4121010167,渤海大学,https://www.bhu.edu.cn/,渤海大学,,,,no_pattern,2026-09-30,
4121010169,鞍山师范学院,https://www.asnc.edu.cn/xxgk/index.htm,,,,,no_pattern,2026-09-30,
4121010171,朝阳师范学院,,,,,,no_source,2026-09-30,
4121010172,大连外国语大学,https://www.dlufl.edu.cn/xygk/xxjj.htm,学校简介-大连外国语大学 | Dalian University of Foreign Languages,founded_year,1964,大连外国语大学于1964年在周恩来总理的亲切关怀下成立，迄今已有60年历史。,candidate,2026-09-30,
4121010172,大连外国语大学,https://www.dlufl.edu.cn/xygk/xxjj.htm,学校简介-大连外国语大学 | Dalian University of Foreign Languages,motto,,学校秉承“崇德尚文、兼收并蓄”的校训，遵循“育人为本、质量至上、突出特色、科学发展”的办学理念，始终坚持以人才培养为中心，把高质量发展作为教育教学生命线，全面落实立德树人根本任务，以培养“三有三型”人才为目标，深入实施“专业立校、学科强校、开放兴校、文化育校”发展战略，朝着全面建,candidate,2026-09-30,
4121010173,东北财经大学,,,,,,no_source,2026-09-30,
4121010175,中国刑事警察学院,https://www.cipuc.edu.cn/xxgk1/xxjj.htm,学校简介-中国刑事警察学院,founded_year,1948,始建于1948年5月，1981年，经国务院批准，扩建为中国刑事警察学院，成为我国第一所开展公安本科学历教育的公安院校。,candidate,2026-09-30,
4121010176,沈阳体育学院,https://www.syty.edu.cn/info/1172/2604.htm,学校简介-沈阳体育学院欢迎您！,founded_year,1954,沈阳体育学院原名东北体育学院，始建于1954年，为国家体育总局（国家体委）直属高校，1956年更名为沈阳体育学院，2001年调整为国家体育总局与辽宁省人民政府共建，目前由辽宁省教育厅主管，是我国体育行业骨干院校，辽宁省“国内一流大学”重点建设高校。,candidate,2026-09-30,
4121010176,沈阳体育学院,https://www.syty.edu.cn/info/1172/2604.htm,学校简介-沈阳体育学院欢迎您！,motto,,学校坚持社会主义办学方向，以立德树人为根本任务，秉承“厚德博学 弘毅致强”校训，发扬“心怀祖国 放眼世界 锲而不舍 勇攀高峰”精神，坚持教学、科研、训练相结合，服务“奥运争光”计划，为国家和区域重大战略实施作出积极贡献。,candidate,2026-09-30,
4121010177,沈阳音乐学院,,,,,,no_source,2026-09-30,
4121010178,鲁迅美术学院,https://www.lumei.edu.cn/xygk/lmjj.htm,鲁美简介-鲁迅美术学院,,,,no_pattern,2026-09-30,
4121011035,沈阳大学,https://www.syu.edu.cn/sdgl/xxjj.htm,学校简介-沈阳大学,,,,no_pattern,2026-09-30,
4121011258,大连大学,,,,,,no_source,2026-09-30,
4121011430,辽宁科技学院,https://www.lnist.edu.cn/xxgk/xxjj.htm,学校简介-辽宁科技学院,founded_year,1907,【基本情况】辽宁科技学院前身为本溪冶金高等专科学校，办学历史最早可以追溯到成立于1907年的本溪县立师范传习所，1948年东北解放后，更名为本溪工科高级职业学校，1958年升格为本溪钢铁工业学院，1985年更名为本溪冶金高等专科学校。,candidate,2026-09-30,
4121011432,辽宁警察学院,,,,,,no_source,2026-09-30,
4121011632,沈阳工程学院,https://www.sie.edu.cn/xxgk/xxjj.htm,学校简介-沈阳工程学院,founded_year,1947,学校溯源于1947年创建的哈尔滨青年干部学校和1952年创建的东北电业管理局技工学校。,candidate,2026-09-30,
4121011779,辽东学院,,,,,,no_source,2026-09-30,
4121012026,大连民族大学,https://www.dlnu.edu.cn/xxgk/xxjj.htm,学校简介-大连民族大学,,,,no_pattern,2026-09-30,
4121013201,沈阳工学院,https://www.situ.edu.cn/xxgk/xxjj.htm,学校简介-沈阳工学院 | Shenyang Institute of Technology,,,,no_pattern,2026-09-30,
4121014435,营口理工学院,,,,,,no_source,2026-09-30,
4150010617,重庆邮电大学,https://www.cqupt.edu.cn/xxgk/xxjj.htm,,,,,fetch_error,2026-09-30,HTTPError
4150010618,重庆交通大学,https://www.cqjtu.edu.cn/xxgk/xxjj.htm,学校简介-重庆交通大学--Welcome to Chongqing Jiaotong University !,,,,no_pattern,2026-09-30,
4150010631,重庆医科大学,,,,,,no_source,2026-09-30,
4150010637,重庆师范大学,https://www.cqnu.edu.cn/xxgl1/xxjj.htm,学校简介-重庆师范大学,founded_year,1954,重庆师范大学创办于1954年，是新中国最早创办的高等师范院校之一，办学历史可追溯至1906年创办的官立川东师范学堂。,candidate,2026-09-30,
4150010637,重庆师范大学,https://www.cqnu.edu.cn/xxgl1/xxjj.htm,学校简介-重庆师范大学,motto,,学校坚持以习近平新时代中国特色社会主义思想为指导，坚持党对教育事业的全面领导，坚守“立教无类，以文化人”的办学理念，恪守“厚德、笃学、砺志、创新”的校训精神，统筹协调发展师范教育和非师范教育，不断凸显办学特色，彰显办学优势。,candidate,2026-09-30,
4150010642,重庆文理学院,https://www.cqwu.edu.cn/channel_25601.html,重庆文理学院,founded_year,1976,学校前身重庆师范高等专科学校和渝州教育学院分别创办于1976年和1972年，2001年5月两校合并组建渝西学院，2005年4月更名为重庆文理学院。,candidate,2026-09-30,
4150010642,重庆文理学院,https://www.cqwu.edu.cn/channel_25601.html,重庆文理学院,motto,,历经50年的不懈追求和跨越发展，年轻而蓬勃发展的重庆文理学院正秉承“进德修业、博文达理”的校训，大力实施“创新开放、顶天立地”发展战略，加快建设高质量本硕一体应用型教育体系，奋力谱写应用型工业大学建设崭新篇章！,candidate,2026-09-30,
4150010643,重庆三峡科技大学,,,,,,no_source,2026-09-30,
4150010647,长江师范学院,,,,,,no_source,2026-09-30,
4150010650,四川外国语大学,https://www.sisu.edu.cn/xxgk/xxjj/index.htm,四川外国语大学校园网,motto,,学校秉承“团结、勤奋、严谨、求实”的优良校风，弘扬“海纳百川，学贯中外”的校训精神，形成了“国际导向、外语共核、多元发展”的办学特色，开拓出一条“内涵发展，质量为先，中外合作，分类培养”的办学路径。,candidate,2026-09-30,
4150010650,四川外国语大学,https://www.sisu.edu.cn/xxgk/xxjj/index.htm,四川外国语大学校园网,founded_year,1950,四川外国语大学（简称“川外”，英文为Sichuan International Studies University，缩写为SISU）始建于1950年，是在邓小平、刘伯承、贺龙等老一辈无产阶级革命家的亲切关怀和指导下成立的，历经中国人民解放军西南军政大学俄文训练团（1950）、中,candidate,2026-09-30,
4150010652,西南政法大学,https://www.swupl.edu.cn/xxgk/xxjj/index.htm,,,,,fetch_error,2026-09-30,HTTPError
4150010655,四川美术学院,https://www.scfai.edu.cn/english/,,,,,no_source,2026-09-30,
4150011551,重庆科技大学,https://www.cqust.edu.cn/sy/xxgk/xxjj.htm,学校简介-重庆科技大学,founded_year,1951,学校办学肇始于1951年，应国家石油与钢铁战略需求而创立。,candidate,2026-09-30,
4150011660,重庆理工大学,http://www.cqut.edu.cn/,,,,,no_source,2026-09-30,
4150011799,重庆工商大学,https://www.ctbu.edu.cn/xxgk/xxjj.htm,学校简介-重庆工商大学,motto,,学校传承和弘扬“含弘自强、经邦济民”的重工商大精神，秉持“质量立校、特色兴校、人才强校”的办学理念，遵循“厚德博学、求是创新”的校训，抢抓高等教育发展重大机遇，办学层次不断提升。,candidate,2026-09-30,
4150012757,重庆警察学院,,,,,,no_source,2026-09-30,
4150014388,重庆第二师范学院,,,,,,no_source,2026-09-30,
4150014830,重庆中医药学院,https://www.cqctcm.edu.cn/12/list.htm,学校简介,founded_year,1951,1951年，西南军政委员会卫生部创办重庆中医进修学校，是我国成立最早的中医药教育机构之一，曾先后命名为四川省重庆中医学校、重庆市中医学校等，被时任卫生部副部长兼国家中医药管理局局长胡熙明誉为“中医黄埔”。,candidate,2026-09-30,
4150014830,重庆中医药学院,https://www.cqctcm.edu.cn/12/list.htm,学校简介,motto,,在办学实践中，学校秉承“明德济世、精术泽人”的校训精神，坚持“中医中药并重、教研医产相融”的办学理念，弘扬“大医精诚、锐意创新”的奋斗精神，探索“教学立校、人才兴校、科研强校、产业富校”的发展道路，彰显特色、强化优势，致力于培养具有家国情怀、实践能力、创新精神和国际视野，能适应中,candidate,2026-09-30,
4161010700,西安理工大学,https://www.xaut.edu.cn/xxgk/xxjj.htm,学校简介-欢迎访问西安理工大学,founded_year,1919,两校的办学历史分别可以追溯至1919年创办的北平市公立商业补习学校和1937年成立的国立西安临时大学（后更名为国立西北联合大学）。,candidate,2026-09-30,
4161010700,西安理工大学,https://www.xaut.edu.cn/xxgk/xxjj.htm,学校简介-欢迎访问西安理工大学,motto,,长期以来，学校发扬“艰苦奋斗、自强不息”的学校精神，秉承“祖国、荣誉、责任”的校训，坚持“育人为本、知行统一”的办学理念，培养了近30万名各类专门人才，其中有多位两院院士、重要党政领导和杰出企业家，为国家和地方经济建设，特别是为国家水利水电、装备制造行业的发展作出了重要贡献。,candidate,2026-09-30,
4161010702,西安工业大学,https://www.xatu.edu.cn/xxgk/xxjj.htm,学校简介-西安工业大学,founded_year,1955,学校创建于1955年，是国家“一五”计划156个重点建设项目的军工配套项目；1965年改名为西安工业学院，成为西北地区唯一一所兵工行业的本科院校。,candidate,2026-09-30,
4161010703,西安建筑科技大学,,,,,,no_source,2026-09-30,
4161010704,西安科技大学,https://www.xust.edu.cn/xyjj/xxgk.htm,学校概况-西安科技大学欢迎您！,founded_year,1895,学校办学历史可以追溯到1895年成立的北洋大学工学院采矿冶金科，1938年迁并于西北工学院矿冶系，1957年并入西安交通大学，1958年从西安交通大学分出成立西安矿业学院，是当时隶属原煤炭工业部仅有的2所5年制本科院校之一。,candidate,2026-09-30,
4161010704,西安科技大学,https://www.xust.edu.cn/xyjj/xxgk.htm,学校概况-西安科技大学欢迎您！,motto,,展望未来，西安科技大学将牢记“祖国利益高于一切”的校训，秉承“团结、勤奋、求实、创新”的优良校风和“励志图存、自强不息”的学校精神，锐意改革、开拓创新，加快建设能源、安全领域世界一流大学，为服务国家经济社会发展特别是能源事业和应急管理事业做出新的更大的贡献！,candidate,2026-09-30,
4161010705,西安石油大学,https://www.xsyu.edu.cn/xxgk/xxgk.htm,学校概况-西安石油大学,motto,,学校秉承“团结、勤奋、求是、创新”的校风、“好学力行、自强不息”的校训和“爱国奉献、艰苦奋斗、科学求实、开拓进取”的办学精神，全面落实立德树人根本任务。,candidate,2026-09-30,
4161010705,西安石油大学,https://www.xsyu.edu.cn/xxgk/xxgk.htm,学校概况-西安石油大学,motto,,学校秉承“团结、勤奋、求是、创新”的校风、“好学力行、自强不息”的校训和“爱国奉献、艰苦奋斗、科学求实、开拓进取”的办学精神，全面落实立德树人根本任务。,candidate,2026-09-30,
4161010705,西安石油大学,https://www.xsyu.edu.cn/xxgk/xxgk.htm,学校概况-西安石油大学,founded_year,1951,学校创建于1951年10月，经西北军政委员会财经委员会批准，由西北石油管理局成立西北石油工业学校，隶属于中央燃料工业部。,candidate,2026-09-30,
4161010705,西安石油大学,https://www.xsyu.edu.cn/xxgk/xxgk.htm,学校概况-西安石油大学,motto,,学校坚持石油精神办学、铁人精神育人、延安精神铸魂，秉承“团结、勤奋、求是、创新”的校风、“好学力行、自强不息”的校训和“爱国奉献、艰苦奋斗、科学求实、开拓进取”的办学精神，全面落实立德树人根本任务，坚持内涵发展、特色发展、协调发展、创新发展，持续提升人才培养、科学研究、社会服务、,candidate,2026-09-30,
4161010708,陕西科技大学,,,,,,no_source,2026-09-30,
4161010709,西安工程大学,https://www.xpu.edu.cn/xue_xiao_gai_kuang/xxjj.htm,学校简介-西安工程大学,founded_year,1912,学校办学溯源于1912年创办的北京工业专门学校机织科，历经北平大学工学院机织工程系、西北工学院纺织工程系等发展阶段，1978年独立建校为西北纺织工学院，2006年更名为西安工程大学。,candidate,2026-09-30,
4161010709,西安工程大学,https://www.xpu.edu.cn/xue_xiao_gai_kuang/xxjj.htm,学校简介-西安工程大学,motto,,学校始终秉承“实业报国、负重奋进”的办学传统，深入践行“厚德弘毅、博学笃行”的校训，踔厉奋发，薪火相传，积淀形成了“团结、勤奋、求实、创新”的良好校风，铸就了“崇真尚美、经纬天下”的大学精神，培养了大批德才兼备的优秀人才，涌现出中国工程院院士徐卫林教授、“全国五一劳动奖章”获得者,candidate,2026-09-30,
4161010716,陕西中医药大学,http://www.sntcm.edu.cn/ /xxgk/xygk/13539.htm ,,,,,fetch_error,2026-09-30,InvalidURL
4161010719,延安大学,https://www.yau.edu.cn/xqzl/xxjj.htm,学校简介-延安大学,founded_year,1941,学校成立于1941年9月，其历史可以上溯到1937年创办的陕北公学。,candidate,2026-09-30,
4161010719,延安大学,https://www.yau.edu.cn/xqzl/xxjj.htm,学校简介-延安大学,founded_year,1998,1998年延安医学院、延安市人民医院与延安大学合并成立新的延安大学，被列为陕西省省属重点大学。,candidate,2026-09-30,
4161010719,延安大学,https://www.yau.edu.cn/xqzl/xxjj.htm,学校简介-延安大学,founded_year,1998,1998年9月10日，江泽民同志为延安大学建校60周年题词：“用延安精神办学育人，为科教兴国造就英才”。,candidate,2026-09-30,
4161010719,延安大学,https://www.yau.edu.cn/xqzl/xxjj.htm,学校简介-延安大学,founded_year,2017,2017年9月19日，习近平总书记对学校作出重要批示，“值此延安大学建校80周年之际，谨向全体师生致以热烈祝贺。,candidate,2026-09-30,
4161010719,延安大学,https://www.yau.edu.cn/xqzl/xxjj.htm,学校简介-延安大学,founded_year,2022,”2022年9月，在学校建校85周年之际，习近平总书记专门向学校致以亲切祝贺与问候。,candidate,2026-09-30,
4161010720,陕西理工大学,,,,,,no_source,2026-09-30,
4161010721,宝鸡文理学院,https://www.bjwlxy.cn/xxgk/xxjj1.htm,,,,,no_source,2026-09-30,
4161010722,咸阳师范学院,http://www.xysfxy.cn/,,,,,no_source,2026-09-30,
4161010723,渭南师范学院,https://www.wnu.edu.cn/xb/xxgk/xxjj.htm,学校简介-渭南师范学院,founded_year,1960,1960年，陕西省人民政府批准成立渭南师范学院，1963年因经济困难建制撤销，变更为渭南地区教师培训机构。,candidate,2026-09-30,
4161010723,渭南师范学院,https://www.wnu.edu.cn/xb/xxgk/xxjj.htm,学校简介-渭南师范学院,founded_year,1978,1978年，在该培训机构基础上成立陕西师范大学渭南专修科，同年，经国务院批准，以专修科为基础成立渭南师范专科学校。,candidate,2026-09-30,
4161010723,渭南师范学院,https://www.wnu.edu.cn/xb/xxgk/xxjj.htm,学校简介-渭南师范学院,founded_year,2000,2000年，经教育部批准，渭南师范专科学校与渭南教育学院合并成立了本科层次的渭南师范学院。,candidate,2026-09-30,
4161010723,渭南师范学院,https://www.wnu.edu.cn/xb/xxgk/xxjj.htm,学校简介-渭南师范学院,motto,,学校始终坚持社会主义办学方向，落实立德树人根本任务，坚持“扎根渭南，深耕教育，培养新时代大国良师”的办学理念，秉承“尊师重教 至诚报国”的校训，践行“天天奋斗 天天快乐”的学校精神，形成了“勤奋质朴 自强不息”的校风、“乐教爱生 春风化雨”的教风、“好学深思 明辨笃行”的学风。,candidate,2026-09-30,
4161010724,西安外国语大学,https://www.xisu.edu.cn/xxgk1/xxjj.htm,学校简介-西安外国语大学,founded_year,2025,学校积极响应国家教育对外开放政策，2025年起招收港澳台侨学生；响应国家“一带一路”建设倡议，成立中亚学院开展中亚国家留学生教育。,candidate,2026-09-30,
4161010724,西安外国语大学,https://www.xisu.edu.cn/xxgk1/xxjj.htm,学校简介-西安外国语大学,motto,,为适应我国社会发展和经济建设的需要，学校将紧抓国家高等教育大发展、“一带一路”倡议和对外开放战略的历史机遇，秉承“爱国、勤奋、博学、创新”校训，弘扬“博古通今、融贯中外、德善相济、自强不息”西外精神，“立足陕西，服务西北，辐射全国，面向世界”，坚持走开放式、国际化办学道路，不断深,candidate,2026-09-30,
4161010726,西北政法大学,https://www.nwupl.edu.cn/hjgk/hjjg/66293.htm,西北政法大学简介 - 西北政法大学,founded_year,1937,西北政法大学肇始于1937年中国共产党在延安创办的陕北公学，是政法人才培养国家队“五院四系”之一。,candidate,2026-09-30,
4161010726,西北政法大学,https://www.nwupl.edu.cn/hjgk/hjjg/66293.htm,西北政法大学简介 - 西北政法大学,motto,,学校坚持扎根西部、服务全国，形成了“政治坚定、实事求是、勇于创新、艰苦奋斗”的老延大优良传统，铸就了“严谨、求实、文明、公正”的校训，凝练了“法治信仰、中国立场、国际视野、平民情怀”的育人理念，培养了20万余名德才兼备、德法兼修的高素质专门人才。,candidate,2026-09-30,
4161010727,西安体育学院,https://www.xaipe.edu.cn/xtgk1/xxjj.htm,学校简介-西安体育学院,founded_year,1954,西安体育学院创办于1954年，原名西北体育学院，由贺龙元帅亲自圈选校址，1956年更名为西安体育学院，是新中国最早建立的六所体育高等院校之一。,candidate,2026-09-30,
4161010727,西安体育学院,https://www.xaipe.edu.cn/xtgk1/xxjj.htm,学校简介-西安体育学院,motto,,西安体育学院师生将以习近平新时代中国特色社会主义思想和党的二十大及二十届历次全会精神为引领，按照学校“十五五”规划总体目标，实施“15229”发展路径，统筹推进“三九”战略，秉承“严谨创新，团结拼搏”的校训，坚持“笃学重教，造就人才，服务体育，福佑人民”的办学宗旨，高举旗帜，凝心,candidate,2026-09-30,
4161010728,西安音乐学院,,,,,,no_source,2026-09-30,
4161010729,西安美术学院,https://www.xafa.edu.cn/,西安美术学院,,,,no_pattern,2026-09-30,
4161011080,西安文理学院,https://www.xawl.org/,,,,,no_source,2026-09-30,
4161011395,榆林大学,https://www.yulinu.edu.cn/xygk/xxjj.htm,学校简介-榆林大学,founded_year,1923,学校从绥德师范走来，办学历史可追溯至1923年创建的陕西省立第四师范学校，是一所具有光荣革命传统和厚重红色基因的学校，3位校友成为副国级领导，60多位校友成为新中国党政军高级干部，8位校友担任过中共陕西省委书记，70多位校友为中国革命英勇献身，这里为西北革命根据地的创建与发展做出,candidate,2026-09-30,
4161011395,榆林大学,https://www.yulinu.edu.cn/xygk/xxjj.htm,学校简介-榆林大学,founded_year,2023,”2023年5月4日学校隆重举行“榆林学院（绥德师范）庆祝建校100周年暨高质量发展大会”。,candidate,2026-09-30,
4161011396,商洛学院,http://www.slxy.cn/xxgk1/xxjj.htm,,,,,no_source,2026-09-30,
4161011397,安康学院,https://www.aku.edu.cn/english/index_en.jsp?wbtreeid=1154,,,,,no_source,2026-09-30,
4161011560,西安财经大学,https://www.xaufe.edu.cn/English/survey.html,,,,,no_source,2026-09-30,
4161011664,西安邮电大学,https://www.xupt.edu.cn/xxgk/about1.htm,学校简介-西安邮电大学,founded_year,1950,学校始创于新中国成立初期，前身是1950年成立的陕西和甘肃两省邮电人员训练班及随后的西安邮电学校。,candidate,2026-09-30,
4161011664,西安邮电大学,https://www.xupt.edu.cn/xxgk/about1.htm,学校简介-西安邮电大学,founded_year,1959,1959年经国务院批准设立西安邮电学院，先后隶属于邮电部和信息产业部，2000年划转到陕西省，2003年获批硕士学位授权资格，2012年更名为西安邮电大学，2013年成为陕西省和工信部共建高校，2015年入选陕西省高水平大学建设高校，2018年入选陕西省国内一流学科建设高校，20,candidate,2026-09-30,
4161011736,西安航空学院,,,,,,no_source,2026-09-30,
4161011840,西安医学院,https://www.xiyi.edu.cn/xxgk/xxjj.htm,学校简介-西安医学院,founded_year,1951,学校前身是创建于1951年的陕西省卫生技术学校，1994年国家教委批准成立陕西医学高等专科学校；2006年经教育部批准，升格为本科院校，更名为西安医学院。,candidate,2026-09-30,
4161011840,西安医学院,https://www.xiyi.edu.cn/xxgk/xxjj.htm,学校简介-西安医学院,founded_year,2026,2026年由教育部正式批准设立非独立法人中外合作办学机构：西安医学院伦敦城市健康学院。,candidate,2026-09-30,
4161012715,西京学院,,,,,,no_source,2026-09-30,
4161013819,陕西警察学院,,,,,,no_source,2026-09-30,
4161014390,陕西学前师范学院,,,,,,no_source,2026-09-30,
4161014945,西安戏剧学院,https://www.xaad.edu.cn/#s1,西安戏剧学院,,,,no_pattern,2026-09-30,
4163010746,青海师范大学,https://www.qhnu.edu.cn/xxgk/xxjj.htm,学校简介-青海师范大学,founded_year,1956,简史 青海师范大学坐落于西海锁钥、海藏咽喉的高原古城西宁，始建于1956年，初名青海师范专科学校，1958年升格为青海师范学院，1984年更名为青海师范大学。,candidate,2026-09-30,
4163010748,青海民族大学,,,,,,no_source,2026-09-30,
4163014881,青海理工学院,,,,,,no_source,2026-09-30,
4123010212,黑龙江大学,https://www.hlju.edu.cn/xxgk1/xxjj.htm,学校简介-黑龙江大学,founded_year,1941,黑龙江大学是黑龙江省人民政府与教育部共建的强特色、高水平、现代化综合性大学，坐落于北国冰城哈尔滨，其前身是1941年成立的中国人民抗日军政大学第三分校俄文队。,candidate,2026-09-30,
4123010212,黑龙江大学,https://www.hlju.edu.cn/xxgk1/xxjj.htm,学校简介-黑龙江大学,motto,,站在新的历史起点，学校将继续秉承“博学慎思、参天尽物”的校训和“志存高远、爱国奉献、艰苦奋斗、自强不息”的黑大精神，以高质量发展为目标引领，系统推动实施“人才强校战略”“国际化战略”“数字化战略”“服务龙江战略”四项办学战略，坚决落实思政教育培根铸魂、学科高原高峰攀升、人才培养创,candidate,2026-09-30,
4123010214,哈尔滨理工大学,https://www.hrbust.edu.cn/xxgklink/xxjj.htm,学校简介-哈尔滨理工大学,founded_year,1950,学校始建于1950年，由原机械工业部所属的哈尔滨科学技术大学、哈尔滨电工学院和哈尔滨工业高等专科学校于1995年合并组建而成，1998年划转黑龙江省属，实行中央与地方共建、以地方为主的管理体制。,candidate,2026-09-30,
4123010214,哈尔滨理工大学,https://www.hrbust.edu.cn/xxgklink/xxjj.htm,学校简介-哈尔滨理工大学,motto,,学校秉承“知行统一、博厚悠远”的校训，坚持“育人为本、特色立身、科教融合、装备报国”的办学理念，弘扬“忠诚祖国、献身科学、淡泊名利、寻优勇进”的大珩精神。,candidate,2026-09-30,
4123010219,黑龙江科技大学,https://www.usth.edu.cn/xxgk/xxjj.htm,学校简介-黑龙江科技大学,founded_year,1947,学校创建于1947年，其前身是中国共产党创建的我国第一所矿业类院校——东北工人学校。,candidate,2026-09-30,
4123010219,黑龙江科技大学,https://www.usth.edu.cn/xxgk/xxjj.htm,学校简介-黑龙江科技大学,founded_year,1954,1954年与鹤岗煤矿工业学校合并成立鸡西煤矿学校。,candidate,2026-09-30,
4123010220,东北石油大学,https://www.nepu.edu.cn/xxgk/xxjj.htm,学校简介-东北石油大学,founded_year,1960,东北石油大学（原名东北石油学院、大庆石油学院）位于黑龙江省大庆市，创建于1960年，是一所以工学为主，工、理、管、文、经、法、教育、艺术多学科协调发展的高校。,candidate,2026-09-30,
4123010220,东北石油大学,https://www.nepu.edu.cn/xxgk/xxjj.htm,学校简介-东北石油大学,motto,,学校秉承“艰苦创业，严谨治学”的校训和“严谨、朴实、勤奋、创新”的校风。,candidate,2026-09-30,
4123010222,佳木斯大学,,,,,,no_source,2026-09-30,
4123010223,黑龙江八一农垦大学,,,,,,no_source,2026-09-30,
4123010226,哈尔滨医科大学,https://www.hrbmu.edu.cn/xyjj/xxgk.htm,学校概况-哈尔滨医科大学,founded_year,1926,哈尔滨医科大学坐落在北国冰城哈尔滨，是一所历史文化底蕴深厚的医学高等学府，由我国现代医学先驱伍连德博士于1926年创办的滨江医学专门学校（1938年更名为哈尔滨医科大学）和前身为中国共产党于1931年在江西瑞金创建的中国工农红军军医学校原兴山（现鹤岗市）中国医科大学第一、二分校组,candidate,2026-09-30,
4123010226,哈尔滨医科大学,https://www.hrbmu.edu.cn/xyjj/xxgk.htm,学校概况-哈尔滨医科大学,motto,,学校历经近百年的发展建设，传承伍连德博士“赤诚爱国、自强创业”的精神，发扬中国工农红军军医学校“政治坚定、技术优良”的光荣传统，秉承“木直中绳、博学载医”的校训，践行“坚持为学生学者办学立校，坚定以学术学风兴学强校”的办学理念，深化“聚合力、惠人才、优学科、固本科、兴临床、强学术,candidate,2026-09-30,
4123010228,黑龙江中医药大学,,,,,,no_source,2026-09-30,
4123010229,牡丹江医科大学,,,,,,no_source,2026-09-30,
4123010231,哈尔滨师范大学,,,,,,no_source,2026-09-30,
4123010232,齐齐哈尔大学,https://www.qqhru.edu.cn/xqgl/xxjj.htm,学校简介-齐齐哈尔大学,founded_year,1952,齐齐哈尔大学始建于1952年，是黑龙江省西部地区唯一一所省属综合性普通高等学校。,candidate,2026-09-30,
4123010233,牡丹江师范学院,https://www.mdjnu.cn/xqzl1/xxjj.htm,,,,,no_source,2026-09-30,
4123010234,哈尔滨学院,,,,,,no_source,2026-09-30,
4123010235,大庆师范学院,https://en.dqsy.net/,,,,,no_source,2026-09-30,
4123010236,绥化学院,https://www.shxy.edu.cn/xxgk/xxjj.htm,学校简介-绥化学院,founded_year,1953,1953年，经黑龙江省教育厅批准，绥化县创办了绥化师范学校；1971年，绥化地区在原绥化师范学校的基础上组建绥化地区师范学校；1978年，经国务院批准，成立绥化师范专科学校，是“文革”后国家首批设立的高等师范专科学校之一；2004年，经国家教育部批准成立绥化学院。,candidate,2026-09-30,
4123010236,绥化学院,https://www.shxy.edu.cn/xxgk/xxjj.htm,学校简介-绥化学院,motto,,学校以“厚德载物、经世致用”为校训，以“地方性、应用型、开放式、特色化”为办学定位，服务“两育两业”（即：融合师范教育、残疾人高等教育，服务玉米产业、艺体文化产业）办学特色定位，努力建设区域高质量应用型大学。,candidate,2026-09-30,
4123010240,哈尔滨商业大学,http://hrbcu.admissions.cn/,,,,,no_source,2026-09-30,
4123010242,哈尔滨体育学院,https://www.hrbipe.edu.cn/xxgkx/xxjj.htm,学校简介-哈尔滨体育学院 国家冰雪运动学院,founded_year,1956,哈尔滨体育学院坐落于中国现代冰雪运动的发源地哈尔滨，创建于1956年，是体育学一级学科博士学位授权单位、国内唯一拥有冰雪运动学、冰雪体育经济优势特色学科的高校；是全国冰雪体育人才培养历史最长、冰雪体育文化积淀最深、冰雪运动项目开设种类最多、冰雪体育人才培养层次最丰富的高校；是我国,candidate,2026-09-30,
4123010242,哈尔滨体育学院,https://www.hrbipe.edu.cn/xxgkx/xxjj.htm,学校简介-哈尔滨体育学院 国家冰雪运动学院,motto,,站在新时代新的历史方位，学校深入贯彻落实习近平总书记关于教育和体育的重要论述，秉持“崇德尚勇、求知躬行”的校训精神，坚持“以体为本、质量为要、冰雪特色、服务强国”的办学理念，以服务教育强国、体育强国和健康中国战略为己任，坚持走好冰雪特色办学之路，努力培养担当民族复兴大任的时代新人,candidate,2026-09-30,
4123010245,哈尔滨金融学院,,,,,,no_source,2026-09-30,
4123011230,齐齐哈尔医学院,,,,,,no_source,2026-09-30,
4123011445,黑龙江工业学院,,,,,,no_source,2026-09-30,
4123011802,黑龙江工程学院,,,,,,no_source,2026-09-30,
4123013744,黑河学院,https://www.hhxy.edu.cn/xxgk.htm,学校概况-黑河学院,founded_year,1958,学校始建于1958年，历经黑河师范专科学校、齐齐哈尔大学黑河分校等发展阶段，2004年晋升为本科院校，填补了区域本科教育的空白。,candidate,2026-09-30,
4123013744,黑河学院,https://www.hhxy.edu.cn/xxgk.htm,学校概况-黑河学院,motto,,68年来，学校坚持党的全面领导，贯彻落实立德树人根本任务，秉承“明德、笃学、励志、求真”校训，传承“艰苦创业、自强不息、创新发展、育人戍疆”办学精神，坚持“内涵发展、融合发展、开放发展、创新发展、特色发展”理念，已建设成为黑龙江北部地区规模最大、学科门类齐全、特色鲜明的应用型本科,candidate,2026-09-30,
4123014560,哈尔滨音乐学院,https://www.hrbcm.edu.cn/xxgk/xyjj.htm,学院简介-哈尔滨音乐学院,founded_year,2016,2016年10月，哈尔滨音乐学院党委正式成立。,candidate,2026-09-30,
