school_code,name_zh,kind,requested_url,source_url,status,title,checked_at,error_type
4111010001,北京大学,homepage,https://www.pku.edu.cn,https://www.pku.edu.cn,read,北京大学,2026-10-01,
4111010001,北京大学,visual,https://www.pku.edu.cn/IdentificationSystem.html,https://www.pku.edu.cn/IdentificationSystem.html,read,北京大学,2026-10-01,
4111010001,北京大学,history,https://www.xsg.pku.edu.cn/,https://www.xsg.pku.edu.cn/,read,北京大学校史馆,2026-10-01,
4111010001,北京大学,templates,https://vim.pku.edu.cn/xzzq/index.htm,https://vim.pku.edu.cn/xzzq/index.htm,read,欢迎访问北京大学标识管理办公室主页,2026-10-01,
4111010001,北京大学,visual,https://vim.pku.edu.cn/,https://vim.pku.edu.cn/,read,欢迎访问北京大学标识管理办公室主页,2026-10-01,
4111010001,北京大学,visual,https://www.pku.edu.cn/detail/1099.html,https://www.pku.edu.cn/detail/1099.html,read,北京大学,2026-10-01,
4111010001,北京大学,history,https://www.xsg.pku.edu.cn/,https://www.xsg.pku.edu.cn/,read,北京大学校史馆,2026-10-01,
4111010002,中国人民大学,homepage,https://www.ruc.edu.cn/,https://www.ruc.edu.cn/,read,中国人民大学,2026-10-01,
4111010002,中国人民大学,overview,https://www.ruc.edu.cn/xuexiaojianjie.html,https://www.ruc.edu.cn/xuexiaojianjie.html,read,中国人民大学-学校简介,2026-10-01,
4111010002,中国人民大学,visual,https://www.ruc.edu.cn/xuexiaobiaozhi1924747550510977025.html,https://www.ruc.edu.cn/xuexiaobiaozhi1924747550510977025.html,read,中国人民大学-学校标识,2026-10-01,
4111010002,中国人民大学,culture,https://www.ruc.edu.cn/cms-proxy/file/download?file=校歌.jpg,,access_limited,,2026-10-01,UnicodeEncodeError
4111010002,中国人民大学,history,https://www.ruc.edu.cn/lishiyange.html,https://www.ruc.edu.cn/lishiyange.html,read,中国人民大学-历史沿革,2026-10-01,
4111010002,中国人民大学,templates,https://www.ruc.edu.cn/cms-proxy/file/download?file=ppt模板.zip,,access_limited,,2026-10-01,UnicodeEncodeError
4111010002,中国人民大学,visual,https://news.ruc.edu.cn/2033358583140425729.html,https://news.ruc.edu.cn/2033358583140425729.html,read,中国人民大学新闻网 - 胸前是人大校徽，他向外长提问,2026-10-01,
4111010002,中国人民大学,english,https://en.ruc.edu.cn/,https://en.ruc.edu.cn/,read,Renmin University of China,2026-10-01,
4111010002,中国人民大学,visual,https://www.ruc.edu.cn/cms-proxy/file/download?file=中国人民大学视觉识别系统.zip,,access_limited,,2026-10-01,UnicodeEncodeError
4111010002,中国人民大学,overview,https://www.ruc.edu.cn/xuexiaojianjie.html,https://www.ruc.edu.cn/xuexiaojianjie.html,read,中国人民大学-学校简介,2026-10-01,
4111010002,中国人民大学,history,https://www.ruc.edu.cn/lishiyange.html,https://www.ruc.edu.cn/lishiyange.html,read,中国人民大学-历史沿革,2026-10-01,
4111010002,中国人民大学,overview,https://www.ruc.edu.cn/xuexiaojianjie.html,https://www.ruc.edu.cn/xuexiaojianjie.html,read,中国人民大学-学校简介,2026-10-01,
4111010002,中国人民大学,history,https://www.ruc.edu.cn/lishiyange.html,https://www.ruc.edu.cn/lishiyange.html,read,中国人民大学-历史沿革,2026-10-01,
4111010003,清华大学,homepage,https://www.tsinghua.edu.cn,https://www.tsinghua.edu.cn,read,清华大学,2026-10-01,
4111010003,清华大学,overview,https://www.tsinghua.edu.cn/xxgk.htm,https://www.tsinghua.edu.cn/xxgk.htm,read,学校概况-清华大学,2026-10-01,
4111010003,清华大学,visual,https://vi.tsinghua.edu.cn/,https://vi.tsinghua.edu.cn/,read,清华大学视觉形象识别,2026-10-01,
4111010003,清华大学,history,https://www.tsinghua.edu.cn/xxgk/xxyg.htm,https://www.tsinghua.edu.cn/xxgk/xxyg.htm,read,学校沿革-清华大学,2026-10-01,
4111010003,清华大学,templates,https://vi.tsinghua.edu.cn/mbyzy/dmt/yswgmb.htm,https://vi.tsinghua.edu.cn/mbyzy/dmt/yswgmb.htm,read,演示文稿模板-清华大学视觉形象识别,2026-10-01,
4111010003,清华大学,english,https://www.tsinghua.edu.cn/en/,https://www.tsinghua.edu.cn/en/,read,Tsinghua University,2026-10-01,
4111010003,清华大学,navigation,https://www.tsinghua.edu.cn/zjqh.htm,https://www.tsinghua.edu.cn/zjqh.htm,read,走进清华-清华大学,2026-10-01,
4111010003,清华大学,visual,https://vi.tsinghua.edu.cn/gk/xxbz/xh.htm,https://vi.tsinghua.edu.cn/gk/xxbz/xh.htm,read,校徽-清华大学视觉形象识别,2026-10-01,
4111010003,清华大学,templates,https://vi.tsinghua.edu.cn/info/1021/1280.htm,https://vi.tsinghua.edu.cn/info/1021/1280.htm,read,2024年度演示文稿模板5-清华大学视觉形象识别,2026-10-01,
4111010003,清华大学,visual,https://vi.tsinghua.edu.cn/download/VisualIdentity-cn.pdf,,access_limited,,2026-10-01,ValueError
4111010003,清华大学,overview,https://www.tsinghua.edu.cn/xxgk.htm,https://www.tsinghua.edu.cn/xxgk.htm,read,学校概况-清华大学,2026-10-01,
4111010003,清华大学,history,https://www.tsinghua.edu.cn/xxgk/xxyg.htm,https://www.tsinghua.edu.cn/xxgk/xxyg.htm,read,学校沿革-清华大学,2026-10-01,
4111010004,北京交通大学,homepage,https://www.bjtu.edu.cn/,https://www.bjtu.edu.cn/,read,北京交通大学,2026-10-01,
4111010004,北京交通大学,overview,https://www.bjtu.edu.cn/xxgk/xxjj/index.htm,https://www.bjtu.edu.cn/xxgk/xxjj/index.htm,read,北京交通大学,2026-10-01,
4111010004,北京交通大学,charter,https://www.bjtu.edu.cn/xxgk/xxzc/index.htm,https://www.bjtu.edu.cn/xxgk/xxzc/index.htm,read,北京交通大学,2026-10-01,
4111010004,北京交通大学,visual,https://www.bjtu.edu.cn/xxgk/xxbz/index.htm,https://www.bjtu.edu.cn/xxgk/xxbz/index.htm,read,北京交通大学,2026-10-01,
4111010004,北京交通大学,history,https://www.bjtu.edu.cn/xxgk/lsyg/index.htm,https://www.bjtu.edu.cn/xxgk/lsyg/index.htm,read,北京交通大学,2026-10-01,
4111010004,北京交通大学,culture,https://www.bjtu.edu.cn/xxgk/lsyg/162531.htm,https://www.bjtu.edu.cn/xxgk/lsyg/162531.htm,read,北京交通大学,2026-10-01,
4111010004,北京交通大学,english,http://en.bjtu.edu.cn/,http://en.bjtu.edu.cn/,read,Beijing Jiaotong University,2026-10-01,
4111010004,北京交通大学,charter,https://www.bjtu.edu.cn/xxgk/xxzc/index.htm,https://www.bjtu.edu.cn/xxgk/xxzc/index.htm,read,北京交通大学,2026-10-01,
4111010004,北京交通大学,overview,https://www.bjtu.edu.cn/xxgk/xxjj/index.htm,https://www.bjtu.edu.cn/xxgk/xxjj/index.htm,read,北京交通大学,2026-10-01,
4111010004,北京交通大学,history,https://www.bjtu.edu.cn/xxgk/lsyg/index.htm,https://www.bjtu.edu.cn/xxgk/lsyg/index.htm,read,北京交通大学,2026-10-01,
4111010004,北京交通大学,culture,https://www.bjtu.edu.cn/xxgk/lsyg/162531.htm,https://www.bjtu.edu.cn/xxgk/lsyg/162531.htm,read,北京交通大学,2026-10-01,
4111010005,北京工业大学,homepage,https://www.bjut.edu.cn/,https://www.bjut.edu.cn/,read,北京工业大学|Beijing University of Technology资源 4ldpi资源 7ldpi资源 5ldpi资源 2ldpi资源 1ldpi资源 3ldpi资源 6ldpi,2026-10-01,
4111010005,北京工业大学,overview,https://www.bjut.edu.cn/xxgk/xxjj1.htm,https://www.bjut.edu.cn/xxgk/xxjj1.htm,read,学校简介-北京工业大学|Beijing University of Technology,2026-10-01,
4111010005,北京工业大学,culture,https://www.bjut.edu.cn/dxwh/jxw.htm,https://www.bjut.edu.cn/dxwh/jxw.htm,read,吉祥物-北京工业大学|Beijing University of Technology,2026-10-01,
4111010005,北京工业大学,history,https://www.bjut.edu.cn/xxgk/lsyg.htm,https://www.bjut.edu.cn/xxgk/lsyg.htm,read,历史沿革-北京工业大学|Beijing University of Technology,2026-10-01,
4111010005,北京工业大学,navigation,https://www.bjut.edu.cn/info/1350/9481.htm,https://www.bjut.edu.cn/info/1350/9481.htm,read,踏向天山万里！北工大毕业生马佳宁，把青春扎根边疆热土-北京工业大学|Beijing University of Technology,2026-10-01,
4111010005,北京工业大学,culture,https://www.bjut.edu.cn/dxwh/xhxs.htm,https://www.bjut.edu.cn/dxwh/xhxs.htm,read,校花校树-北京工业大学|Beijing University of Technology,2026-10-01,
4111010005,北京工业大学,navigation,https://www.bjut.edu.cn/info/1350/9515.htm,https://www.bjut.edu.cn/info/1350/9515.htm,read,十三年的默默点灯与深深扎根！走进陈锋的育人故事-北京工业大学|Beijing University of Technology,2026-10-01,
4111010005,北京工业大学,overview,https://www.bjut.edu.cn/xxgk/xxjj1.htm,https://www.bjut.edu.cn/xxgk/xxjj1.htm,read,学校简介-北京工业大学|Beijing University of Technology,2026-10-01,
4111010005,北京工业大学,history,https://www.bjut.edu.cn/xxgk/lsyg.htm,https://www.bjut.edu.cn/xxgk/lsyg.htm,read,历史沿革-北京工业大学|Beijing University of Technology,2026-10-01,
4111010005,北京工业大学,culture,https://www.bjut.edu.cn/dxwh/jxw.htm,https://www.bjut.edu.cn/dxwh/jxw.htm,read,吉祥物-北京工业大学|Beijing University of Technology,2026-10-01,
4111010005,北京工业大学,culture,https://www.bjut.edu.cn/dxwh/xhxs.htm,https://www.bjut.edu.cn/dxwh/xhxs.htm,read,校花校树-北京工业大学|Beijing University of Technology,2026-10-01,
4111010006,北京航空航天大学,homepage,https://buaa.edu.cn,https://buaa.edu.cn,read,北京航空航天大学,2026-10-01,
4111010006,北京航空航天大学,overview,https://buaa.edu.cn/xygk/jrbh.htm,https://buaa.edu.cn/xygk/jrbh.htm,read,今日北航-北京航空航天大学,2026-10-01,
4111010006,北京航空航天大学,visual,https://buaa.edu.cn/xygk/jrbh/bhxh.htm,https://buaa.edu.cn/xygk/jrbh/bhxh.htm,read,北航校徽-北京航空航天大学,2026-10-01,
4111010006,北京航空航天大学,culture,https://buaa.edu.cn/xygk/jrbh/bhxg.htm,https://buaa.edu.cn/xygk/jrbh/bhxg.htm,read,北航校歌-北京航空航天大学,2026-10-01,
4111010006,北京航空航天大学,history,https://buaa.edu.cn/xygk/lsyg.htm,https://buaa.edu.cn/xygk/lsyg.htm,read,历史沿革-北京航空航天大学,2026-10-01,
4111010006,北京航空航天大学,navigation,http://news.buaa.edu.cn/info/1052/69846.htm,http://news.buaa.edu.cn/info/1052/69846.htm,read,【青春·奋斗】章雨婕：艺术×科技，她全玩得转！-新闻网,2026-10-01,
4111010006,北京航空航天大学,english,http://ev.buaa.edu.cn/,https://ev.buaa.edu.cn/,read,Beihang University,2026-10-01,
4111010006,北京航空航天大学,visual,https://xcb.buaa.edu.cn/vixt.htm,https://xcb.buaa.edu.cn/vixt.htm,read,VI系统-党委宣传部,2026-10-01,
4111010006,北京航空航天大学,culture,https://buaa.edu.cn/xygk/jrbh/bhxx.htm,https://buaa.edu.cn/xygk/jrbh/bhxx.htm,read,北航校训-北京航空航天大学,2026-10-01,
4111010006,北京航空航天大学,visual,https://xcb.buaa.edu.cn/info/1091/2059.htm,https://xcb.buaa.edu.cn/info/1091/2059.htm,read,北京航空航天大学视觉识别系统管理手册封面-党委宣传部,2026-10-01,
4111010006,北京航空航天大学,overview,https://buaa.edu.cn/xygk/jrbh.htm,https://buaa.edu.cn/xygk/jrbh.htm,read,今日北航-北京航空航天大学,2026-10-01,
4111010006,北京航空航天大学,history,https://buaa.edu.cn/xygk/lsyg.htm,https://buaa.edu.cn/xygk/lsyg.htm,read,历史沿革-北京航空航天大学,2026-10-01,
4111010006,北京航空航天大学,culture,https://buaa.edu.cn/xygk/jrbh/bhxg.htm,https://buaa.edu.cn/xygk/jrbh/bhxg.htm,read,北航校歌-北京航空航天大学,2026-10-01,
4111010006,北京航空航天大学,culture,https://buaa.edu.cn/xygk/jrbh/bhxx.htm,https://buaa.edu.cn/xygk/jrbh/bhxx.htm,read,北航校训-北京航空航天大学,2026-10-01,
4111010007,北京理工大学,homepage,https://www.bit.edu.cn/,https://www.bit.edu.cn/,read,北京理工大学,2026-10-01,
4111010007,北京理工大学,overview,https://www.bit.edu.cn/gbxxgk/xxjj_sjb/index.htm,https://www.bit.edu.cn/gbxxgk/xxjj_sjb/index.htm,read,北京理工大学,2026-10-01,
4111010007,北京理工大学,charter,https://www.bit.edu.cn/gbxxgk/xxzc_sjb/index.htm,https://www.bit.edu.cn/gbxxgk/xxzc_sjb/index.htm,read,北京理工大学,2026-10-01,
4111010007,北京理工大学,visual,https://www.bit.edu.cn/gbxxgk/dqgz_sjb/vixx/index.htm,https://www.bit.edu.cn/gbxxgk/dqgz_sjb/vixx/index.htm,read,北京理工大学视觉形象识别系统,2026-10-01,
4111010007,北京理工大学,history,https://www.bit.edu.cn/gbxxgk/lsyg_sjb/index.htm,https://www.bit.edu.cn/gbxxgk/lsyg_sjb/index.htm,read,北京理工大学,2026-10-01,
4111010007,北京理工大学,english,http://english.bit.edu.cn/,http://english.bit.edu.cn/,read,Beijing Institute of Technology,2026-10-01,
4111010007,北京理工大学,overview,https://www.bit.edu.cn/gbxxgk/index.htm,https://www.bit.edu.cn/gbxxgk/index.htm,insufficient_text,,2026-10-01,
4111010007,北京理工大学,visual,https://www.bit.edu.cn/gbxxgk/dqgz_sjb/vixx/xxbzs/index.htm,https://www.bit.edu.cn/gbxxgk/dqgz_sjb/vixx/xxbzs/index.htm,read,北京理工大学视觉形象识别系统,2026-10-01,
4111010007,北京理工大学,visual,https://www.bit.edu.cn/gbxxgk/dqgz_sjb/vixx/bzxhgf/index.htm,https://www.bit.edu.cn/gbxxgk/dqgz_sjb/vixx/bzxhgf/index.htm,read,北京理工大学视觉形象识别系统,2026-10-01,
4111010007,北京理工大学,charter,https://www.bit.edu.cn/gbxxgk/xxzc_sjb/index.htm,https://www.bit.edu.cn/gbxxgk/xxzc_sjb/index.htm,read,北京理工大学,2026-10-01,
4111010007,北京理工大学,overview,https://www.bit.edu.cn/gbxxgk/xxjj_sjb/index.htm,https://www.bit.edu.cn/gbxxgk/xxjj_sjb/index.htm,read,北京理工大学,2026-10-01,
4111010007,北京理工大学,history,https://www.bit.edu.cn/gbxxgk/lsyg_sjb/index.htm,https://www.bit.edu.cn/gbxxgk/lsyg_sjb/index.htm,read,北京理工大学,2026-10-01,
4111010008,北京科技大学,homepage,https://www.ustb.edu.cn/,https://www.ustb.edu.cn/,read,北京科技大学,2026-10-01,
4111010008,北京科技大学,overview,https://www.ustb.edu.cn/xxgk/xxjj/index.htm,https://www.ustb.edu.cn/xxgk/xxjj/index.htm,read,学校简介_北京科技大学,2026-10-01,
4111010008,北京科技大学,charter,https://www.ustb.edu.cn/xxgk/dxzc/index.htm,https://www.ustb.edu.cn/xxgk/dxzc/index.htm,read,大学章程_北京科技大学,2026-10-01,
4111010008,北京科技大学,visual,https://vi.ustb.edu.cn/,https://vi.ustb.edu.cn/,read,北京科技大学视觉形象识别系统,2026-10-01,
4111010008,北京科技大学,culture,https://www.ustb.edu.cn/xywh/index.htm,https://www.ustb.edu.cn/xywh/index.htm,read,校园文化_北京科技大学,2026-10-01,
4111010008,北京科技大学,templates,https://info.ustb.edu.cn/xzzx/zysc/index.htm,https://info.ustb.edu.cn/xzzx/zysc/index.htm,read,北京科技大学信息化建设与管理办公室,2026-10-01,
4111010008,北京科技大学,english,http://en.ustb.edu.cn/,https://en.ustb.edu.cn/index.htm,read,University of Science and Technology Beijing资源 1,2026-10-01,
4111010008,北京科技大学,overview,https://www.ustb.edu.cn/xxgk/index.htm,https://www.ustb.edu.cn/xxgk/index.htm,read,学校概况_北京科技大学,2026-10-01,
4111010008,北京科技大学,charter,https://www.ustb.edu.cn/xxgk/dxzc/$cms.getUrl($article),,access_limited,,2026-10-01,HTTPError
4111010008,北京科技大学,visual,https://www.ustb.edu.cn/xxgk/xxbs/index.htm,https://www.ustb.edu.cn/xxgk/xxbs/index.htm,read,学校标识_北京科技大学,2026-10-01,
4111010008,北京科技大学,charter,https://www.ustb.edu.cn/xxgk/dxzc/index.htm,https://www.ustb.edu.cn/xxgk/dxzc/index.htm,read,大学章程_北京科技大学,2026-10-01,
4111010008,北京科技大学,overview,https://www.ustb.edu.cn/xxgk/index.htm,https://www.ustb.edu.cn/xxgk/index.htm,read,学校概况_北京科技大学,2026-10-01,
4111010008,北京科技大学,overview,https://www.ustb.edu.cn/xxgk/xxjj/index.htm,https://www.ustb.edu.cn/xxgk/xxjj/index.htm,read,学校简介_北京科技大学,2026-10-01,
4111010008,北京科技大学,culture,https://www.ustb.edu.cn/xywh/index.htm,https://www.ustb.edu.cn/xywh/index.htm,read,校园文化_北京科技大学,2026-10-01,
4111010009,北方工业大学,homepage,https://www.ncut.edu.cn/,https://www.ncut.edu.cn/,read,北方工业大学,2026-10-01,
4111010009,北方工业大学,overview,https://www.ncut.edu.cn/xxjs1/xxjj.htm,https://www.ncut.edu.cn/xxjs1/xxjj.htm,read,学校简介-北方工业大学,2026-10-01,
4111010009,北方工业大学,charter,https://www.ncut.edu.cn/xxjs1/xxzc.htm,https://www.ncut.edu.cn/xxjs1/xxzc.htm,read,学校章程-北方工业大学,2026-10-01,
4111010009,北方工业大学,visual,https://www.ncut.edu.cn/xxjs1/xxwh2/xh.htm,https://www.ncut.edu.cn/xxjs1/xxwh2/xh.htm,read,校徽-北方工业大学,2026-10-01,
4111010009,北方工业大学,culture,https://www.ncut.edu.cn/xxjs1/xxwh2/xg.htm,https://www.ncut.edu.cn/xxjs1/xxwh2/xg.htm,read,校歌-北方工业大学,2026-10-01,
4111010009,北方工业大学,history,https://www.ncut.edu.cn/xxjs1/lsyg.htm,https://www.ncut.edu.cn/xxjs1/lsyg.htm,read,历史沿革-北方工业大学,2026-10-01,
4111010009,北方工业大学,english,https://en.ncut.edu.cn/,https://en.ncut.edu.cn/,read,North China University of Technology,2026-10-01,
4111010009,北方工业大学,navigation,https://www.ncut.edu.cn/xxjs1/xxwh2/xx.htm,https://www.ncut.edu.cn/xxjs1/xxwh2/xx.htm,read,校训-北方工业大学,2026-10-01,
4111010009,北方工业大学,history,https://www.ncut.edu.cn/info/1084/27651.htm,https://www.ncut.edu.cn/info/1084/27651.htm,read,山西省教育工委书记、教育厅厅长马骏一行来校座谈交流-北方工业大学,2026-10-01,
4111010009,北方工业大学,english,https://en.ncut.edu.cn/Academics1/Programmes_Taught_in_English.htm,https://en.ncut.edu.cn/Academics1/Programmes_Taught_in_English.htm,read,Programmes Taught in English-North China University of Technology,2026-10-01,
4111010009,北方工业大学,charter,https://www.ncut.edu.cn/xxjs1/xxzc.htm,https://www.ncut.edu.cn/xxjs1/xxzc.htm,read,学校章程-北方工业大学,2026-10-01,
4111010009,北方工业大学,overview,https://www.ncut.edu.cn/xxjs1/xxjj.htm,https://www.ncut.edu.cn/xxjs1/xxjj.htm,read,学校简介-北方工业大学,2026-10-01,
4111010009,北方工业大学,history,https://www.ncut.edu.cn/xxjs1/lsyg.htm,https://www.ncut.edu.cn/xxjs1/lsyg.htm,read,历史沿革-北方工业大学,2026-10-01,
4111010009,北方工业大学,history,https://www.ncut.edu.cn/info/1084/27651.htm,https://www.ncut.edu.cn/info/1084/27651.htm,read,山西省教育工委书记、教育厅厅长马骏一行来校座谈交流-北方工业大学,2026-10-01,
4111010009,北方工业大学,culture,https://www.ncut.edu.cn/xxjs1/xxwh2/xg.htm,https://www.ncut.edu.cn/xxjs1/xxwh2/xg.htm,read,校歌-北方工业大学,2026-10-01,
4111010010,北京化工大学,homepage,https://www.buct.edu.cn/main.htm,https://www.buct.edu.cn/main.htm,read,北京化工大学,2026-10-01,
4111010010,北京化工大学,overview,https://www.buct.edu.cn/xxjj_11373/list.htm,https://www.buct.edu.cn/xxjj_11373/list.htm,read,学校简介,2026-10-01,
4111010010,北京化工大学,visual,https://www.buct.edu.cn/xywh_11378/list.htm,https://www.buct.edu.cn/xywh_11378/list.htm,read,校园文化,2026-10-01,
4111010010,北京化工大学,culture,https://www.buct.edu.cn/xx/list.htm,https://www.buct.edu.cn/xx/list.htm,read,校训,2026-10-01,
4111010010,北京化工大学,history,https://www.buct.edu.cn/lsyg_11374/list.htm#g2,https://www.buct.edu.cn/lsyg_11374/list.htm#g2,read,历史沿革,2026-10-01,
4111010010,北京化工大学,english,http://english.buct.edu.cn/,https://english.buct.edu.cn/main.htm,read,北京化工大学英文网,2026-10-01,
4111010010,北京化工大学,overview,https://www.buct.edu.cn/xxgk_11372/list.htm,https://www.buct.edu.cn/xxgk_11372/list.htm,read,学校简介,2026-10-01,
4111010010,北京化工大学,visual,https://www.buct.edu.cn/xh/list.htm,https://www.buct.edu.cn/xh/list.htm,read,校徽,2026-10-01,
4111010010,北京化工大学,culture,https://www.buct.edu.cn/xg/list.htm,https://www.buct.edu.cn/xg/list.htm,read,校歌,2026-10-01,
4111010010,北京化工大学,history,https://www.buct.edu.cn/lsyg_11374/list.htm,https://www.buct.edu.cn/lsyg_11374/list.htm,read,历史沿革,2026-10-01,
4111010010,北京化工大学,overview,https://www.buct.edu.cn/xxjj_11373/list.htm,https://www.buct.edu.cn/xxjj_11373/list.htm,read,学校简介,2026-10-01,
4111010010,北京化工大学,overview,https://www.buct.edu.cn/xxgk_11372/list.htm,https://www.buct.edu.cn/xxgk_11372/list.htm,read,学校简介,2026-10-01,
4111010010,北京化工大学,history,https://www.buct.edu.cn/lsyg_11374/list.htm,https://www.buct.edu.cn/lsyg_11374/list.htm,read,历史沿革,2026-10-01,
4111010010,北京化工大学,history,https://www.buct.edu.cn/lsyg_11374/list.htm#g2,https://www.buct.edu.cn/lsyg_11374/list.htm#g2,read,历史沿革,2026-10-01,
4111010010,北京化工大学,culture,https://www.buct.edu.cn/xx/list.htm,https://www.buct.edu.cn/xx/list.htm,read,校训,2026-10-01,
4111010011,北京工商大学,homepage,https://www.btbu.edu.cn/,https://www.btbu.edu.cn/,read,北京工商大学,2026-10-01,
4111010011,北京工商大学,overview,https://www.btbu.edu.cn/xxgk/xxgk2/index.htm,https://www.btbu.edu.cn/xxgk/xxgk2/index.htm,read,学校简介_北京工商大学,2026-10-01,
4111010011,北京工商大学,culture,https://www.btbu.edu.cn/xxgk/xxgk2/djysxzzgzxxjj/index.htm,https://www.btbu.edu.cn/xxgk/xxgk2/djysxzzgzxxjj/index.htm,read,党建与思想政治工作_北京工商大学,2026-10-01,
4111010011,北京工商大学,history,https://www.btbu.edu.cn/xxgk/lsyg/index.htm,https://www.btbu.edu.cn/xxgk/lsyg/index.htm,insufficient_text,,2026-10-01,
4111010011,北京工商大学,english,https://english.btbu.edu.cn,https://english.btbu.edu.cn,read,Beijing Technology And Business University,2026-10-01,
4111010011,北京工商大学,navigation,https://www.btbu.edu.cn/news/xydt/24f2e0c2b8824546b11352b05e1c7426.htm,https://www.btbu.edu.cn/news/xydt/24f2e0c2b8824546b11352b05e1c7426.htm,read,北京工商大学新闻网,2026-10-01,
4111010011,北京工商大学,overview,https://www.btbu.edu.cn/xxgk/index.htm,https://www.btbu.edu.cn/xxgk/index.htm,insufficient_text,,2026-10-01,
4111010011,北京工商大学,navigation,https://www.btbu.edu.cn/news/mtgs/d2d214ff833544739297be182085075b.htm,https://www.btbu.edu.cn/news/mtgs/d2d214ff833544739297be182085075b.htm,read,北京工商大学新闻网,2026-10-01,
4111010011,北京工商大学,overview,https://www.btbu.edu.cn/xxgk/xxgk2/index.htm,https://www.btbu.edu.cn/xxgk/xxgk2/index.htm,read,学校简介_北京工商大学,2026-10-01,
4111010011,北京工商大学,culture,https://www.btbu.edu.cn/xxgk/xxgk2/djysxzzgzxxjj/index.htm,https://www.btbu.edu.cn/xxgk/xxgk2/djysxzzgzxxjj/index.htm,read,党建与思想政治工作_北京工商大学,2026-10-01,
4111010012,北京服装学院,homepage,https://www.bift.edu.cn/,https://www.bift.edu.cn/,read,北京服装学院,2026-10-01,
4111010012,北京服装学院,overview,https://www.bift.edu.cn/xwgg/zxjz/6bf488dfbb7149f9a35f30f1f37e81b5.htm,https://www.bift.edu.cn/xwgg/zxjz/6bf488dfbb7149f9a35f30f1f37e81b5.htm,read,展览讲座,2026-10-01,
4111010012,北京服装学院,charter,https://www.bift.edu.cn/xxgk/xyzc/index.htm,https://www.bift.edu.cn/xxgk/xyzc/index.htm,read,学院章程,2026-10-01,
4111010012,北京服装学院,history,https://www.bift.edu.cn/xxgk/lsyg/index.htm,https://www.bift.edu.cn/xxgk/lsyg/index.htm,read,历史沿革,2026-10-01,
4111010012,北京服装学院,english,http://english.bift.edu.cn/,https://english.bift.edu.cn/,read,Beijing Institute of Fashion Technology,2026-10-01,
4111010012,北京服装学院,overview,https://www.bift.edu.cn/xxgk/xyjj/index.htm,https://www.bift.edu.cn/xxgk/xyjj/index.htm,read,学院简介,2026-10-01,
4111010012,北京服装学院,english,https://english.bift.edu.cn/index.htm,https://english.bift.edu.cn/index.htm,read,Beijing Institute of Fashion Technology,2026-10-01,
4111010012,北京服装学院,charter,https://www.bift.edu.cn/xxgk/xyzc/index.htm,https://www.bift.edu.cn/xxgk/xyzc/index.htm,read,学院章程,2026-10-01,
4111010012,北京服装学院,overview,https://www.bift.edu.cn/xxgk/xyjj/index.htm,https://www.bift.edu.cn/xxgk/xyjj/index.htm,read,学院简介,2026-10-01,
4111010012,北京服装学院,overview,https://www.bift.edu.cn/xwgg/zxjz/6bf488dfbb7149f9a35f30f1f37e81b5.htm,https://www.bift.edu.cn/xwgg/zxjz/6bf488dfbb7149f9a35f30f1f37e81b5.htm,read,展览讲座,2026-10-01,
4111010012,北京服装学院,history,https://www.bift.edu.cn/xxgk/lsyg/index.htm,https://www.bift.edu.cn/xxgk/lsyg/index.htm,read,历史沿革,2026-10-01,
4111010013,北京邮电大学,homepage,https://www.bupt.edu.cn/,,access_limited,,2026-10-01,HTTPError
4111010013,北京邮电大学,visual,https://vi.bupt.edu.cn/,https://vi.bupt.edu.cn/,read,北京邮电大学视觉形象识别系统,2026-10-01,
4111010013,北京邮电大学,culture,https://vi.bupt.edu.cn/jcxt/xxgf.htm,https://vi.bupt.edu.cn/jcxt/xxgf.htm,read,校训规范-北京邮电大学视觉形象识别系统,2026-10-01,
4111010013,北京邮电大学,visual,https://vi.bupt.edu.cn/jcxt/xhgf.htm,https://vi.bupt.edu.cn/jcxt/xhgf.htm,read,校徽规范-北京邮电大学视觉形象识别系统,2026-10-01,
4111010013,北京邮电大学,culture,https://vi.bupt.edu.cn/xywm/xgjj.htm,https://vi.bupt.edu.cn/xywm/xgjj.htm,read,校歌简介-北京邮电大学视觉形象识别系统,2026-10-01,
4111010013,北京邮电大学,visual,https://vi.bupt.edu.cn/index.htm,https://vi.bupt.edu.cn/index.htm,read,北京邮电大学视觉形象识别系统,2026-10-01,
4111010013,北京邮电大学,culture,https://vi.bupt.edu.cn/jcxt/xxgf.htm,https://vi.bupt.edu.cn/jcxt/xxgf.htm,read,校训规范-北京邮电大学视觉形象识别系统,2026-10-01,
4111010013,北京邮电大学,culture,https://vi.bupt.edu.cn/xywm/xgjj.htm,https://vi.bupt.edu.cn/xywm/xgjj.htm,read,校歌简介-北京邮电大学视觉形象识别系统,2026-10-01,
4111010013,北京邮电大学,culture,https://vi.bupt.edu.cn/jcxt/xxgf.htm,https://vi.bupt.edu.cn/jcxt/xxgf.htm,read,校训规范-北京邮电大学视觉形象识别系统,2026-10-01,
4111010013,北京邮电大学,culture,https://vi.bupt.edu.cn/xywm/xgjj.htm,https://vi.bupt.edu.cn/xywm/xgjj.htm,read,校歌简介-北京邮电大学视觉形象识别系统,2026-10-01,
4111010015,北京印刷学院,homepage,https://www.bigc.edu.cn/,https://www.bigc.edu.cn/,read,北京印刷学院,2026-10-01,
4111010015,北京印刷学院,overview,https://www.bigc.edu.cn/xxgk19/xxjj19/index.htm,https://www.bigc.edu.cn/xxgk19/xxjj19/index.htm,read,学校简介_北京印刷学院,2026-10-01,
4111010015,北京印刷学院,visual,https://www.bigc.edu.cn/xxgk19/xxbz19/index.htm,https://www.bigc.edu.cn/xxgk19/xxbz19/index.htm,read,学校标识_北京印刷学院,2026-10-01,
4111010015,北京印刷学院,culture,https://www.bigc.edu.cn/xxgk19/xxxx/index.htm,https://www.bigc.edu.cn/xxgk19/xxxx/index.htm,read,学校校训_北京印刷学院,2026-10-01,
4111010015,北京印刷学院,history,https://www.bigc.edu.cn/xxgk19/lsyg19/index.htm,https://www.bigc.edu.cn/xxgk19/lsyg19/index.htm,read,历史沿革_北京印刷学院,2026-10-01,
4111010015,北京印刷学院,english,http://english.bigc.edu.cn/,https://english.bigc.edu.cn/,read,Beijing Institute of Graphic Communication,2026-10-01,
4111010015,北京印刷学院,navigation,https://news.bigc.edu.cn/mtyy/588e429f8f3249feb922fe978c11ceca.htm,https://news.bigc.edu.cn/mtyy/588e429f8f3249feb922fe978c11ceca.htm,read,BRTV北京新闻：首都大学生“我的书香路线”现场评审 18条书香路线让经典走进街巷_北京印刷学院新闻网,2026-10-01,
4111010015,北京印刷学院,overview,https://www.bigc.edu.cn/xxgk19/index.htm,https://www.bigc.edu.cn/xxgk19/index.htm,insufficient_text,,2026-10-01,
4111010015,北京印刷学院,english,https://english.bigc.edu.cn/,https://english.bigc.edu.cn/,read,Beijing Institute of Graphic Communication,2026-10-01,
4111010015,北京印刷学院,overview,https://www.bigc.edu.cn/xxgk19/xxjj19/index.htm,https://www.bigc.edu.cn/xxgk19/xxjj19/index.htm,read,学校简介_北京印刷学院,2026-10-01,
4111010015,北京印刷学院,history,https://www.bigc.edu.cn/xxgk19/lsyg19/index.htm,https://www.bigc.edu.cn/xxgk19/lsyg19/index.htm,read,历史沿革_北京印刷学院,2026-10-01,
4111010015,北京印刷学院,culture,https://www.bigc.edu.cn/xxgk19/xxxx/index.htm,https://www.bigc.edu.cn/xxgk19/xxxx/index.htm,read,学校校训_北京印刷学院,2026-10-01,
4111010016,北京建筑大学,homepage,https://www.bucea.edu.cn/,https://www.bucea.edu.cn/,read,北京建筑大学,2026-10-01,
4111010016,北京建筑大学,overview,https://www.bucea.edu.cn/gbxxgk/gbxxjj/index.htm,https://www.bucea.edu.cn/gbxxgk/gbxxjj/index.htm,read,北京建筑大学,2026-10-01,
4111010016,北京建筑大学,charter,https://www.bucea.edu.cn/gbxxgk/gbxxzc/index.htm,https://www.bucea.edu.cn/gbxxgk/gbxxzc/index.htm,read,北京建筑大学,2026-10-01,
4111010016,北京建筑大学,culture,https://www.bucea.edu.cn/gbxxgk/gbjswhtx/index.htm,https://www.bucea.edu.cn/gbxxgk/gbjswhtx/index.htm,read,北京建筑大学,2026-10-01,
4111010016,北京建筑大学,history,https://www.bucea.edu.cn/gbxxgk/gblsyg/index.htm,https://www.bucea.edu.cn/gbxxgk/gblsyg/index.htm,read,北京建筑大学,2026-10-01,
4111010016,北京建筑大学,english,https://english.bucea.edu.cn/,https://english.bucea.edu.cn/,read,北京建筑大学英文网,2026-10-01,
4111010016,北京建筑大学,navigation,https://www.bucea.edu.cn/gbzjbjd/index.htm,https://www.bucea.edu.cn/gbzjbjd/index.htm,insufficient_text,,2026-10-01,
4111010016,北京建筑大学,navigation,http://xww.bucea.edu.cn/tgx/a964367c7f0d40d6a4b7b7d68007d95b.htm,https://xww.bucea.edu.cn/tgx/a964367c7f0d40d6a4b7b7d68007d95b.htm,read,大中小在行动——门头沟区百名小学生走进北京建筑大学_北京建筑大学新闻网,2026-10-01,
4111010016,北京建筑大学,overview,https://www.bucea.edu.cn/gbxxgk/index.htm,https://www.bucea.edu.cn/gbxxgk/index.htm,insufficient_text,,2026-10-01,
4111010016,北京建筑大学,charter,https://www.bucea.edu.cn/gbxxgk/gbxxzc/index.htm,https://www.bucea.edu.cn/gbxxgk/gbxxzc/index.htm,read,北京建筑大学,2026-10-01,
4111010016,北京建筑大学,overview,https://www.bucea.edu.cn/gbxxgk/gbxxjj/index.htm,https://www.bucea.edu.cn/gbxxgk/gbxxjj/index.htm,read,北京建筑大学,2026-10-01,
4111010016,北京建筑大学,history,https://www.bucea.edu.cn/gbxxgk/gblsyg/index.htm,https://www.bucea.edu.cn/gbxxgk/gblsyg/index.htm,read,北京建筑大学,2026-10-01,
4111010016,北京建筑大学,culture,https://www.bucea.edu.cn/gbxxgk/gbjswhtx/index.htm,https://www.bucea.edu.cn/gbxxgk/gbjswhtx/index.htm,read,北京建筑大学,2026-10-01,
4111010017,北京石油化工学院,homepage,https://www.bipt.edu.cn/,https://www.bipt.edu.cn/,read,北京石油化工学院,2026-10-01,
4111010017,北京石油化工学院,overview,https://www.bipt.edu.cn/xxgk/xxjs/index.htm,https://www.bipt.edu.cn/xxgk/xxjs/index.htm,read,北京石油化工学院,2026-10-01,
4111010017,北京石油化工学院,visual,https://www.bipt.edu.cn/xxgk/xxbz/index.htm,https://www.bipt.edu.cn/xxgk/xxbz/index.htm,read,北京石油化工学院,2026-10-01,
4111010017,北京石油化工学院,english,https://www.bipt.edu.cn/pub/en/,https://www.bipt.edu.cn/pub/en/,read,Beijing Institute of Petrochemical Technology,2026-10-01,
4111010017,北京石油化工学院,overview,https://www.bipt.edu.cn/xxgk/index.htm,https://www.bipt.edu.cn/xxgk/index.htm,insufficient_text,,2026-10-01,
4111010017,北京石油化工学院,overview,https://www.bipt.edu.cn/xxgk/xxjs/index.htm,https://www.bipt.edu.cn/xxgk/xxjs/index.htm,read,北京石油化工学院,2026-10-01,
4111010018,北京电子科技学院,homepage,https://www.besti.edu.cn/,https://www.besti.edu.cn/,read,北京电子科技学院,2026-10-01,
4111010018,北京电子科技学院,overview,https://www.besti.edu.cn/201/69.html,https://www.besti.edu.cn/201/69.html,read,学院简介,2026-10-01,
4111010018,北京电子科技学院,culture,https://www.besti.edu.cn/201/618.html,https://www.besti.edu.cn/201/618.html,read,学院校训,2026-10-01,
4111010018,北京电子科技学院,navigation,https://www.besti.edu.cn/175/565.html,https://www.besti.edu.cn/175/565.html,read,菁菁校园，带你走进美丽电子科技学院,2026-10-01,
4111010018,北京电子科技学院,overview,https://www.besti.edu.cn/201/index.html,https://www.besti.edu.cn/201/index.html,read,学院概况,2026-10-01,
4111010018,北京电子科技学院,overview,https://www.besti.edu.cn/201/69.html,https://www.besti.edu.cn/201/69.html,read,学院简介,2026-10-01,
4111010018,北京电子科技学院,overview,https://www.besti.edu.cn/201/index.html,https://www.besti.edu.cn/201/index.html,read,学院概况,2026-10-01,
4111010018,北京电子科技学院,culture,https://www.besti.edu.cn/201/618.html,https://www.besti.edu.cn/201/618.html,read,学院校训,2026-10-01,
4111010019,中国农业大学,homepage,https://www.cau.edu.cn/,https://www.cau.edu.cn/,read,中国农业大学,2026-10-01,
4111010019,中国农业大学,overview,https://www.cau.edu.cn/xxgk/xxjj/index.htm,https://www.cau.edu.cn/xxgk/xxjj/index.htm,read,中国农业大学 - 学校简介,2026-10-01,
4111010019,中国农业大学,charter,https://www.cau.edu.cn/xxgk/dxzc/index.htm,,access_limited,,2026-10-01,URLError
4111010019,中国农业大学,visual,https://www.cau.edu.cn/xxgk/whbz/sjsbxt/index.htm,https://www.cau.edu.cn/xxgk/whbz/sjsbxt/index.htm,read,中国农业大学 - 视觉识别系统,2026-10-01,
4111010019,中国农业大学,culture,https://video.cau.edu.cn/xwzx/161f3033956349d8a97ef359d9646505.htm,https://video.cau.edu.cn/xwzx/161f3033956349d8a97ef359d9646505.htm,read,中国农业大学校歌《金色的希望》MV重磅发布,2026-10-01,
4111010019,中国农业大学,history,https://www.cau.edu.cn/xxgk/xsyg/index.htm,https://www.cau.edu.cn/xxgk/xsyg/index.htm,read,中国农业大学 - 校史沿革,2026-10-01,
4111010019,中国农业大学,overview,https://www.cau.edu.cn/xxgk/index.htm,,access_limited,,2026-10-01,URLError
4111010019,中国农业大学,visual,https://www.cau.edu.cn/attach/0/1601031634510286090.pdf,https://www.cau.edu.cn/attach/0/1601031634510286090.pdf,read,,2026-10-01,
4111010019,中国农业大学,culture,https://www.cau.edu.cn/xxgk/whbz/xx/index.htm,,access_limited,,2026-10-01,URLError
4111010019,中国农业大学,visual,https://www.cau.edu.cn/attach/0/1505290911188697283.pdf,,access_limited,,2026-10-01,URLError
4111010019,中国农业大学,overview,https://www.cau.edu.cn/xxgk/xxjj/index.htm,https://www.cau.edu.cn/xxgk/xxjj/index.htm,read,中国农业大学 - 学校简介,2026-10-01,
4111010019,中国农业大学,history,https://www.cau.edu.cn/xxgk/xsyg/index.htm,https://www.cau.edu.cn/xxgk/xsyg/index.htm,read,中国农业大学 - 校史沿革,2026-10-01,
4111010019,中国农业大学,culture,https://video.cau.edu.cn/xwzx/161f3033956349d8a97ef359d9646505.htm,https://video.cau.edu.cn/xwzx/161f3033956349d8a97ef359d9646505.htm,read,中国农业大学校歌《金色的希望》MV重磅发布,2026-10-01,
4111010020,北京农学院,homepage,https://www.bua.edu.cn/,https://www.bua.edu.cn/,read,北京农学院,2026-10-01,
4111010020,北京农学院,overview,https://www.bua.edu.cn/xxgk/xxjj.htm,https://www.bua.edu.cn/xxgk/xxjj.htm,read,学校简介-北京农学院,2026-10-01,
4111010020,北京农学院,visual,https://www.bua.edu.cn/whbn.htm,https://www.bua.edu.cn/whbn.htm,read,文化北农-北京农学院,2026-10-01,
4111010020,北京农学院,culture,https://www.bua.edu.cn/info/1062/27733.htm,https://www.bua.edu.cn/info/1062/27733.htm,read,这枚徽章，刻着我们的校训！-北京农学院,2026-10-01,
4111010020,北京农学院,navigation,https://www.bua.edu.cn/info/1057/27699.htm,https://www.bua.edu.cn/info/1057/27699.htm,read,我校教职工携家属走进“冰丝带”观看第二届世界人形机器人运动会-北京农学院,2026-10-01,
4111010020,北京农学院,overview,https://www.bua.edu.cn/xxgk/xxjj.htm,https://www.bua.edu.cn/xxgk/xxjj.htm,read,学校简介-北京农学院,2026-10-01,
4111010020,北京农学院,culture,https://www.bua.edu.cn/info/1062/27733.htm,https://www.bua.edu.cn/info/1062/27733.htm,read,这枚徽章，刻着我们的校训！-北京农学院,2026-10-01,
4111010022,北京林业大学,homepage,http://www.bjfu.edu.cn/,http://www.bjfu.edu.cn/,read,北京林业大学,2026-10-01,
4111010022,北京林业大学,overview,http://www.bjfu.edu.cn/xxgk/xxjj/index.htm,http://www.bjfu.edu.cn/xxgk/xxjj/index.htm,read,北京林业大学,2026-10-01,
4111010022,北京林业大学,charter,http://www.bjfu.edu.cn/xxgk/xxzc/index.htm,http://www.bjfu.edu.cn/xxgk/xxzc/index.htm,read,北京林业大学,2026-10-01,
4111010022,北京林业大学,visual,http://vi.bjfu.edu.cn/,http://vi.bjfu.edu.cn/,read,北京林业大学视觉形象识别系统,2026-10-01,
4111010022,北京林业大学,english,http://english.bjfu.edu.cn/,http://english.bjfu.edu.cn/,read,Beijing Forestry University,2026-10-01,
4111010022,北京林业大学,visual,http://vi.bjfu.edu.cn/contents/content.html,http://vi.bjfu.edu.cn/contents/content.html,read,北京林业大学视觉形象识别系统,2026-10-01,
4111010022,北京林业大学,english,http://english.bjfu.edu.cn/Research/Highlights/6dac680aab3e496381d6ef7de74a634e.htm,http://english.bjfu.edu.cn/Research/Highlights/6dac680aab3e496381d6ef7de74a634e.htm,read,Beijing Forestry University,2026-10-01,
4111010022,北京林业大学,visual,http://vi.bjfu.edu.cn/contents/content2.html,http://vi.bjfu.edu.cn/contents/content2.html,read,北京林业大学视觉形象识别系统,2026-10-01,
4111010022,北京林业大学,charter,http://www.bjfu.edu.cn/xxgk/xxzc/index.htm,http://www.bjfu.edu.cn/xxgk/xxzc/index.htm,read,北京林业大学,2026-10-01,
4111010022,北京林业大学,overview,http://www.bjfu.edu.cn/xxgk/xxjj/index.htm,http://www.bjfu.edu.cn/xxgk/xxjj/index.htm,read,北京林业大学,2026-10-01,
4111010023,北京协和医学院,homepage,https://www.pumc.edu.cn,https://www.pumc.edu.cn,read,中国医学科学院北京协和医学院,2026-10-01,
4111010023,北京协和医学院,visual,https://www.pumc.edu.cn/yxgk/yxhyxg/index.htm,https://www.pumc.edu.cn/yxgk/yxhyxg/index.htm,insufficient_text,,2026-10-01,
4111010023,北京协和医学院,english,https://www.pumc.edu.cn/en,https://www.pumc.edu.cn/en/,read,"Chinese Academy of Medical Sciences,Peking Union Medical College",2026-10-01,
4111010025,首都医科大学,homepage,https://www.ccmu.edu.cn/,https://www.ccmu.edu.cn/,read,首都医科大学,2026-10-01,
4111010025,首都医科大学,overview,https://www.ccmu.edu.cn/xxgk/xxjj/index.htm,https://www.ccmu.edu.cn/xxgk/xxjj/index.htm,read,学校简介-首都医科大学,2026-10-01,
4111010025,首都医科大学,charter,https://www.ccmu.edu.cn/xxgk/xxzc/index.htm,https://www.ccmu.edu.cn/xxgk/xxzc/index.htm,insufficient_text,,2026-10-01,
4111010025,首都医科大学,visual,https://www.ccmu.edu.cn/xxgk/xxbz/index.htm,https://www.ccmu.edu.cn/xxgk/xxbz/index.htm,read,学校标识-首都医科大学,2026-10-01,
4111010025,首都医科大学,culture,https://www.ccmu.edu.cn/xxgk/xxxg/index.htm,https://www.ccmu.edu.cn/xxgk/xxxg/index.htm,insufficient_text,,2026-10-01,
4111010025,首都医科大学,history,https://www.ccmu.edu.cn/xxgk/lsyg/index.htm,https://www.ccmu.edu.cn/xxgk/lsyg/index.htm,read,历史沿革-首都医科大学,2026-10-01,
4111010025,首都医科大学,navigation,http://news.ccmu.edu.cn/syyw_12977/991ba98dc56d47778d7429b61479cf44.htm,https://news.ccmu.edu.cn/syyw_12977/991ba98dc56d47778d7429b61479cf44.htm,read,首医实践团走进舟山，以专业力量服务海岛民生-首医要闻-首都医科大学新闻网,2026-10-01,
4111010025,首都医科大学,overview,https://www.ccmu.edu.cn/xxgk/index.htm,https://www.ccmu.edu.cn/xxgk/index.htm,read,学校概况-首都医科大学,2026-10-01,
4111010025,首都医科大学,overview,https://www.ccmu.edu.cn/xxgk/index.htm,https://www.ccmu.edu.cn/xxgk/index.htm,read,学校概况-首都医科大学,2026-10-01,
4111010025,首都医科大学,overview,https://www.ccmu.edu.cn/xxgk/xxjj/index.htm,https://www.ccmu.edu.cn/xxgk/xxjj/index.htm,read,学校简介-首都医科大学,2026-10-01,
4111010025,首都医科大学,history,https://www.ccmu.edu.cn/xxgk/lsyg/index.htm,https://www.ccmu.edu.cn/xxgk/lsyg/index.htm,read,历史沿革-首都医科大学,2026-10-01,
4111010026,北京中医药大学,homepage,https://www.bucm.edu.cn/,https://www.bucm.edu.cn/,read,北京中医药大学,2026-10-01,
4111010026,北京中医药大学,overview,https://www.bucm.edu.cn/xxgk1/xxjj1/index.htm,https://www.bucm.edu.cn/xxgk1/xxjj1/index.htm,read,北京中医药大学,2026-10-01,
4111010026,北京中医药大学,charter,https://www.bucm.edu.cn/xxgk1/dxzc/index.htm,https://www.bucm.edu.cn/xxgk1/dxzc/index.htm,read,北京中医药大学,2026-10-01,
4111010026,北京中医药大学,history,https://www.bucm.edu.cn/xxgk1/lsyg/index.htm,https://www.bucm.edu.cn/xxgk1/lsyg/index.htm,read,北京中医药大学,2026-10-01,
4111010026,北京中医药大学,overview,https://www.bucm.edu.cn/xxgk1/index.htm,https://www.bucm.edu.cn/xxgk1/index.htm,insufficient_text,,2026-10-01,
4111010026,北京中医药大学,charter,https://www.bucm.edu.cn/xxgk1/dxzc/index.htm,https://www.bucm.edu.cn/xxgk1/dxzc/index.htm,read,北京中医药大学,2026-10-01,
4111010026,北京中医药大学,overview,https://www.bucm.edu.cn/xxgk1/xxjj1/index.htm,https://www.bucm.edu.cn/xxgk1/xxjj1/index.htm,read,北京中医药大学,2026-10-01,
4111010026,北京中医药大学,history,https://www.bucm.edu.cn/xxgk1/lsyg/index.htm,https://www.bucm.edu.cn/xxgk1/lsyg/index.htm,read,北京中医药大学,2026-10-01,
4111010027,北京师范大学,homepage,https://www.bnu.edu.cn/,https://www.bnu.edu.cn/,read,北京师范大学,2026-10-01,
4111010027,北京师范大学,overview,https://www.bnu.edu.cn/xxgk/xxjj/index.htm,https://www.bnu.edu.cn/xxgk/xxjj/index.htm,read,北京师范大学,2026-10-01,
4111010027,北京师范大学,history,https://www.bnu.edu.cn/xxgk/xsyg/index.htm,https://www.bnu.edu.cn/xxgk/xsyg/index.htm,read,北京师范大学,2026-10-01,
4111010027,北京师范大学,english,http://english.bnu.edu.cn/,https://english.bnu.edu.cn/,read,Beijing Normal University,2026-10-01,
4111010027,北京师范大学,overview,https://www.bnu.edu.cn/xxgk/index.htm,https://www.bnu.edu.cn/xxgk/index.htm,read,北京师范大学,2026-10-01,
4111010027,北京师范大学,overview,https://www.bnu.edu.cn/xxgk/index.htm,https://www.bnu.edu.cn/xxgk/index.htm,read,北京师范大学,2026-10-01,
4111010027,北京师范大学,overview,https://www.bnu.edu.cn/xxgk/xxjj/index.htm,https://www.bnu.edu.cn/xxgk/xxjj/index.htm,read,北京师范大学,2026-10-01,
4111010027,北京师范大学,history,https://www.bnu.edu.cn/xxgk/xsyg/index.htm,https://www.bnu.edu.cn/xxgk/xsyg/index.htm,read,北京师范大学,2026-10-01,
4111010028,首都师范大学,homepage,https://www.cnu.edu.cn/,https://www.cnu.edu.cn/,read,首都师范大学,2026-10-01,
4111010028,首都师范大学,overview,https://www.cnu.edu.cn/xxgk/xxjj/index.htm,https://www.cnu.edu.cn/xxgk/xxjj/index.htm,read,首都师范大学,2026-10-01,
4111010028,首都师范大学,visual,https://www.cnu.edu.cn/xxgk/xxbz/index.htm,https://www.cnu.edu.cn/xxgk/xxbz/index.htm,read,首都师范大学,2026-10-01,
4111010028,首都师范大学,culture,https://news.cnu.edu.cn/xywh2/index.htm,https://news.cnu.edu.cn/xywh2/index.htm,read,首都师范大学新闻网,2026-10-01,
4111010028,首都师范大学,history,https://www.cnu.edu.cn/xxgk/lsyg/index.htm,https://www.cnu.edu.cn/xxgk/lsyg/index.htm,read,首都师范大学,2026-10-01,
4111010028,首都师范大学,english,http://eng.cnu.edu.cn,https://eng.cnu.edu.cn/,read,Capital Normal University,2026-10-01,
4111010028,首都师范大学,overview,https://www.cnu.edu.cn/xxgk/index.htm,https://www.cnu.edu.cn/xxgk/index.htm,read,首都师范大学,2026-10-01,
4111010028,首都师范大学,overview,https://www.cnu.edu.cn/xxgk/index.htm,https://www.cnu.edu.cn/xxgk/index.htm,read,首都师范大学,2026-10-01,
4111010028,首都师范大学,overview,https://www.cnu.edu.cn/xxgk/xxjj/index.htm,https://www.cnu.edu.cn/xxgk/xxjj/index.htm,read,首都师范大学,2026-10-01,
4111010028,首都师范大学,history,https://www.cnu.edu.cn/xxgk/lsyg/index.htm,https://www.cnu.edu.cn/xxgk/lsyg/index.htm,read,首都师范大学,2026-10-01,
4111010028,首都师范大学,culture,https://news.cnu.edu.cn/xywh2/index.htm,https://news.cnu.edu.cn/xywh2/index.htm,read,首都师范大学新闻网,2026-10-01,
4111010029,首都体育学院,homepage,https://www.cupes.edu.cn/,https://www.cupes.edu.cn/,read,首都体育学院,2026-10-01,
4111010029,首都体育学院,overview,https://www.cupes.edu.cn/xxgk/xxjj/index.htm,https://www.cupes.edu.cn/xxgk/xxjj/index.htm,read,首都体育学院,2026-10-01,
4111010029,首都体育学院,visual,https://www.cupes.edu.cn/xywh/index.htm,https://www.cupes.edu.cn/xywh/index.htm,insufficient_text,,2026-10-01,
4111010029,首都体育学院,history,https://www.cupes.edu.cn/xxgk/xxyg/index.htm,https://www.cupes.edu.cn/xxgk/xxyg/index.htm,read,首都体育学院,2026-10-01,
4111010029,首都体育学院,overview,https://www.cupes.edu.cn/xxgk/index.htm,https://www.cupes.edu.cn/xxgk/index.htm,insufficient_text,,2026-10-01,
4111010029,首都体育学院,overview,https://www.cupes.edu.cn/xxgk/xxjj/index.htm,https://www.cupes.edu.cn/xxgk/xxjj/index.htm,read,首都体育学院,2026-10-01,
4111010029,首都体育学院,history,https://www.cupes.edu.cn/xxgk/xxyg/index.htm,https://www.cupes.edu.cn/xxgk/xxyg/index.htm,read,首都体育学院,2026-10-01,
4111010030,北京外国语大学,homepage,https://www.bfsu.edu.cn/,https://www.bfsu.edu.cn/,read,北京外国语大学资源 2资源 2,2026-10-01,
4111010030,北京外国语大学,overview,https://www.bfsu.edu.cn/xxgk/bwjj.htm,https://www.bfsu.edu.cn/xxgk/bwjj.htm,read,北外简介-北京外国语大学,2026-10-01,
4111010030,北京外国语大学,visual,https://www.bfsu.edu.cn/xxgk/xxxhxg.htm,https://www.bfsu.edu.cn/xxgk/xxxhxg.htm,read,校训校徽校歌-北京外国语大学,2026-10-01,
4111010030,北京外国语大学,history,https://www.bfsu.edu.cn/xxgk/lsyg.htm,https://www.bfsu.edu.cn/xxgk/lsyg.htm,read,历史沿革-北京外国语大学,2026-10-01,
4111010030,北京外国语大学,english,http://en.bfsu.edu.cn/,http://en.bfsu.edu.cn/,read,Beijing Foreign Studies University,2026-10-01,
4111010030,北京外国语大学,overview,https://www.bfsu.edu.cn/xxgk/bwjj.htm,https://www.bfsu.edu.cn/xxgk/bwjj.htm,read,北外简介-北京外国语大学,2026-10-01,
4111010030,北京外国语大学,history,https://www.bfsu.edu.cn/xxgk/lsyg.htm,https://www.bfsu.edu.cn/xxgk/lsyg.htm,read,历史沿革-北京外国语大学,2026-10-01,
4111010031,北京第二外国语学院,homepage,https://www.bisu.edu.cn/,https://www.bisu.edu.cn/,insufficient_text,北京第二外国语学院,2026-10-01,
4111010032,北京语言大学,homepage,https://www.blcu.edu.cn,https://www.blcu.edu.cn,read,北京语言大学,2026-10-01,
4111010032,北京语言大学,overview,https://www.blcu.edu.cn/xxgk/xxjj.htm,https://www.blcu.edu.cn/xxgk/xxjj.htm,read,学校简介-北京语言大学,2026-10-01,
4111010032,北京语言大学,charter,https://www.blcu.edu.cn/xxgk/dxzc.htm,https://www.blcu.edu.cn/xxgk/dxzc.htm,read,大学章程-北京语言大学,2026-10-01,
4111010032,北京语言大学,history,https://www.blcu.edu.cn/xxgk/lsyg.htm,https://www.blcu.edu.cn/xxgk/lsyg.htm,read,历史沿革-北京语言大学,2026-10-01,
4111010032,北京语言大学,english,http://english.blcu.edu.cn,https://english.blcu.edu.cn:443/,read,Beijing Language and Culture University,2026-10-01,
4111010032,北京语言大学,navigation,https://www.blcu.edu.cn/zjby/dxwh.htm,https://www.blcu.edu.cn/zjby/dxwh.htm,read,大学文化-北京语言大学,2026-10-01,
4111010032,北京语言大学,visual,https://www.blcu.edu.cn/zjby/dxwh/xh.htm,https://www.blcu.edu.cn/zjby/dxwh/xh.htm,read,校徽-北京语言大学,2026-10-01,
4111010032,北京语言大学,culture,https://www.blcu.edu.cn/zjby/dxwh/xg.htm,https://www.blcu.edu.cn/zjby/dxwh/xg.htm,read,校歌-北京语言大学,2026-10-01,
4111010032,北京语言大学,culture,https://www.blcu.edu.cn/zjby/dxwh/xx.htm,https://www.blcu.edu.cn/zjby/dxwh/xx.htm,read,校训-北京语言大学,2026-10-01,
4111010032,北京语言大学,charter,https://www.blcu.edu.cn/xxgk/dxzc.htm,https://www.blcu.edu.cn/xxgk/dxzc.htm,read,大学章程-北京语言大学,2026-10-01,
4111010032,北京语言大学,overview,https://www.blcu.edu.cn/xxgk/xxjj.htm,https://www.blcu.edu.cn/xxgk/xxjj.htm,read,学校简介-北京语言大学,2026-10-01,
4111010032,北京语言大学,history,https://www.blcu.edu.cn/xxgk/lsyg.htm,https://www.blcu.edu.cn/xxgk/lsyg.htm,read,历史沿革-北京语言大学,2026-10-01,
4111010032,北京语言大学,culture,https://www.blcu.edu.cn/zjby/dxwh/xg.htm,https://www.blcu.edu.cn/zjby/dxwh/xg.htm,read,校歌-北京语言大学,2026-10-01,
4111010032,北京语言大学,culture,https://www.blcu.edu.cn/zjby/dxwh/xx.htm,https://www.blcu.edu.cn/zjby/dxwh/xx.htm,read,校训-北京语言大学,2026-10-01,
4111010033,中国传媒大学,homepage,https://www.cuc.edu.cn/,https://www.cuc.edu.cn/,read,中国传媒大学,2026-10-01,
4111010033,中国传媒大学,overview,http://www.cuc.edu.cn/xxgk/list.htm#ky-main1,https://www.cuc.edu.cn/xxgk/list.htm,read,学校概况,2026-10-01,
4111010033,中国传媒大学,charter,https://www.cuc.edu.cn/10093/list.htm,https://www.cuc.edu.cn/10093/list.htm,read,学校章程,2026-10-01,
4111010033,中国传媒大学,english,https://en.cuc.edu.cn/,https://en.cuc.edu.cn/,read,中国传媒大学英文网,2026-10-01,
4111010033,中国传媒大学,overview,http://www.cuc.edu.cn/xxgk/list.htm,https://www.cuc.edu.cn/xxgk/list.htm,read,学校概况,2026-10-01,
4111010033,中国传媒大学,overview,https://www.cuc.edu.cn/xxgk/list.htm,https://www.cuc.edu.cn/xxgk/list.htm,read,学校概况,2026-10-01,
4111010033,中国传媒大学,charter,https://www.cuc.edu.cn/10093/list.htm,https://www.cuc.edu.cn/10093/list.htm,read,学校章程,2026-10-01,
4111010033,中国传媒大学,overview,https://www.cuc.edu.cn/xxgk/list.htm,https://www.cuc.edu.cn/xxgk/list.htm,read,学校概况,2026-10-01,
4111010034,中央财经大学,homepage,https://www.cufe.edu.cn/,https://www.cufe.edu.cn/,read,中央财经大学,2026-10-01,
4111010034,中央财经大学,overview,https://www.cufe.edu.cn/xxgk/xxjj.htm,https://www.cufe.edu.cn/xxgk/xxjj.htm,read,学校简介-中央财经大学,2026-10-01,
4111010034,中央财经大学,charter,https://www.cufe.edu.cn/xxgk/xxzc.htm,https://www.cufe.edu.cn/xxgk/xxzc.htm,read,学校章程-中央财经大学,2026-10-01,
4111010034,中央财经大学,visual,https://www.cufe.edu.cn/xxgk/xxbs.htm,https://www.cufe.edu.cn/xxgk/xxbs.htm,read,学校标识-中央财经大学,2026-10-01,
4111010034,中央财经大学,history,https://www.cufe.edu.cn/xxgk/lsyg.htm,https://www.cufe.edu.cn/xxgk/lsyg.htm,read,历史沿革-中央财经大学,2026-10-01,
4111010034,中央财经大学,english,http://en.cufe.edu.cn/,http://en.cufe.edu.cn/,read,Central University of Finance and Economics,2026-10-01,
4111010034,中央财经大学,charter,https://www.cufe.edu.cn/xxgk/xxzc.htm,https://www.cufe.edu.cn/xxgk/xxzc.htm,read,学校章程-中央财经大学,2026-10-01,
4111010034,中央财经大学,overview,https://www.cufe.edu.cn/xxgk/xxjj.htm,https://www.cufe.edu.cn/xxgk/xxjj.htm,read,学校简介-中央财经大学,2026-10-01,
4111010034,中央财经大学,history,https://www.cufe.edu.cn/xxgk/lsyg.htm,https://www.cufe.edu.cn/xxgk/lsyg.htm,read,历史沿革-中央财经大学,2026-10-01,
4111010036,对外经济贸易大学,homepage,https://www.uibe.edu.cn/,https://www.uibe.edu.cn/,read,对外经济贸易大学,2026-10-01,
4111010036,对外经济贸易大学,overview,https://www.uibe.edu.cn/xxgk/xxjj/index.htm,https://www.uibe.edu.cn/xxgk/xxjj/index.htm,read,学校简介-对外经济贸易大学,2026-10-01,
4111010036,对外经济贸易大学,visual,https://www.uibe.edu.cn/xywh/index.htm,https://www.uibe.edu.cn/xywh/index.htm,insufficient_text,,2026-10-01,
4111010036,对外经济贸易大学,visual,https://www.uibe.edu.cn/xywh/xhxq/index.htm,https://www.uibe.edu.cn/xywh/xhxq/index.htm,read,校徽校旗-对外经济贸易大学,2026-10-01,
4111010036,对外经济贸易大学,culture,https://www.uibe.edu.cn/xywh/xxxg/index.htm,https://www.uibe.edu.cn/xywh/xxxg/index.htm,read,校训校歌-对外经济贸易大学,2026-10-01,
4111010036,对外经济贸易大学,overview,https://www.uibe.edu.cn/xxgk/index.htm,https://www.uibe.edu.cn/xxgk/index.htm,insufficient_text,,2026-10-01,
4111010036,对外经济贸易大学,overview,https://www.uibe.edu.cn/xxgk/xxjj/index.htm,https://www.uibe.edu.cn/xxgk/xxjj/index.htm,read,学校简介-对外经济贸易大学,2026-10-01,
4111010036,对外经济贸易大学,culture,https://www.uibe.edu.cn/xywh/xxxg/index.htm,https://www.uibe.edu.cn/xywh/xxxg/index.htm,read,校训校歌-对外经济贸易大学,2026-10-01,
4111010037,北京物资学院,homepage,http://www.bwu.edu.cn/,http://www.bwu.edu.cn/,read,北京物资学院,2026-10-01,
4111010037,北京物资学院,overview,http://www.bwu.edu.cn/xxgk/xxjj.htm,http://www.bwu.edu.cn/xxgk/xxjj.htm,read,学校简介-北京物资学院,2026-10-01,
4111010037,北京物资学院,visual,http://www.bwu.edu.cn/xxgk/xxbs.htm,http://www.bwu.edu.cn/xxgk/xxbs.htm,read,学校标识-北京物资学院,2026-10-01,
4111010037,北京物资学院,english,https://is.bwu.edu.cn/xyyw/sy.htm,https://is.bwu.edu.cn/xyyw/sy.htm,read,首页-Beijing Wuzi University,2026-10-01,
4111010037,北京物资学院,visual,http://www.bwu.edu.cn/system/_content/download.jsp?urltype=news.DownloadAttachUrl&owner=2135106615&wbfileid=3147387,,access_limited,,2026-10-01,ValueError
4111010037,北京物资学院,english,https://is.bwu.edu.cn/EN/About_BWU.htm,https://is.bwu.edu.cn/EN/About_BWU.htm,read,About BWU-Beijing Wuzi University,2026-10-01,
4111010037,北京物资学院,overview,http://www.bwu.edu.cn/xxgk/xxjj.htm,http://www.bwu.edu.cn/xxgk/xxjj.htm,read,学校简介-北京物资学院,2026-10-01,
4111010038,首都经济贸易大学,homepage,https://www.cueb.edu.cn/,https://www.cueb.edu.cn/,read,首都经济贸易大学,2026-10-01,
4111010038,首都经济贸易大学,overview,https://www.cueb.edu.cn/xxgk/xxjj/index.htm,https://www.cueb.edu.cn/xxgk/xxjj/index.htm,read,首都经济贸易大学,2026-10-01,
4111010038,首都经济贸易大学,charter,https://www.cueb.edu.cn/xxgk/xxzc/index.htm,https://www.cueb.edu.cn/xxgk/xxzc/index.htm,read,首都经济贸易大学,2026-10-01,
4111010038,首都经济贸易大学,visual,https://www.cueb.edu.cn/xxgk/xywh/index.htm,https://www.cueb.edu.cn/xxgk/xywh/index.htm,insufficient_text,,2026-10-01,
4111010038,首都经济贸易大学,history,https://www.cueb.edu.cn/xxgk/lsyg/index.htm,https://www.cueb.edu.cn/xxgk/lsyg/index.htm,read,首都经济贸易大学,2026-10-01,
4111010038,首都经济贸易大学,english,http://english.cueb.edu.cn/,https://english.cueb.edu.cn/,read,首都经济贸易大学英文网,2026-10-01,
4111010038,首都经济贸易大学,navigation,https://news.cueb.edu.cn/xyyw/rcpy/00ca52a912584f8592649a699214123b.htm,https://news.cueb.edu.cn/xyyw/rcpy/00ca52a912584f8592649a699214123b.htm,read,北京市“沿着总书记的足迹”宣讲团走进我校开展宣讲报告会,2026-10-01,
4111010038,首都经济贸易大学,charter,https://www.cueb.edu.cn/xxgk/xxzc/index.htm,https://www.cueb.edu.cn/xxgk/xxzc/index.htm,read,首都经济贸易大学,2026-10-01,
4111010038,首都经济贸易大学,overview,https://www.cueb.edu.cn/xxgk/xxjj/index.htm,https://www.cueb.edu.cn/xxgk/xxjj/index.htm,read,首都经济贸易大学,2026-10-01,
4111010038,首都经济贸易大学,history,https://www.cueb.edu.cn/xxgk/lsyg/index.htm,https://www.cueb.edu.cn/xxgk/lsyg/index.htm,read,首都经济贸易大学,2026-10-01,
4111010039,中国消防救援学院,homepage,https://www.cfri.edu.cn/,,fetch_error,,2026-10-01,RemoteDisconnected
4111010039,中国消防救援学院,overview,https://www.cfri.edu.cn/,,access_limited,,2026-10-01,RemoteDisconnected
4111010039,中国消防救援学院,overview,https://www.cfri.edu.cn/index.html,,access_limited,,2026-10-01,RemoteDisconnected
4111010039,中国消防救援学院,overview,https://www.cfri.edu.cn/portal_2021/,,access_limited,,2026-10-01,RemoteDisconnected
4111010040,外交学院,homepage,https://www.cfau.edu.cn,https://www.cfau.edu.cn,read,外交学院,2026-10-01,
4111010040,外交学院,overview,https://www.cfau.edu.cn/col2842/col2851/index.htm,https://www.cfau.edu.cn/col2842/col2851/index.htm,read,外交学院,2026-10-01,
4111010040,外交学院,charter,https://www.cfau.edu.cn/col2842/col4327/index.htm,https://www.cfau.edu.cn/col2842/col4327/index.htm,read,外交学院,2026-10-01,
4111010040,外交学院,history,https://www.cfau.edu.cn/col2842/col4333/index.htm,https://www.cfau.edu.cn/col2842/col4333/index.htm,read,外交学院,2026-10-01,
4111010040,外交学院,overview,https://www.cfau.edu.cn/col2842/index.htm,https://www.cfau.edu.cn/col2842/index.htm,insufficient_text,,2026-10-01,
4111010040,外交学院,charter,https://www.cfau.edu.cn/col2842/col4327/index.htm,https://www.cfau.edu.cn/col2842/col4327/index.htm,read,外交学院,2026-10-01,
4111010040,外交学院,overview,https://www.cfau.edu.cn/col2842/col2851/index.htm,https://www.cfau.edu.cn/col2842/col2851/index.htm,read,外交学院,2026-10-01,
4111010040,外交学院,history,https://www.cfau.edu.cn/col2842/col4333/index.htm,https://www.cfau.edu.cn/col2842/col4333/index.htm,read,外交学院,2026-10-01,
4111010041,中国人民公安大学,homepage,https://www.ppsuc.edu.cn,https://www.ppsuc.edu.cn,read,中国人民公安大学,2026-10-01,
4111010041,中国人民公安大学,overview,https://www.ppsuc.edu.cn/xxgk/xxjj.htm,https://www.ppsuc.edu.cn/xxgk/xxjj.htm,read,学校简介-中国人民公安大学,2026-10-01,
4111010041,中国人民公安大学,overview,https://www.ppsuc.edu.cn/xxgk/xxjj.htm,https://www.ppsuc.edu.cn/xxgk/xxjj.htm,read,学校简介-中国人民公安大学,2026-10-01,
4111010042,国际关系学院,homepage,https://www.uir.edu.cn/,https://www.uir.edu.cn/,read,国际关系学院,2026-10-01,
4111010042,国际关系学院,overview,https://www.uir.edu.cn/info/1341/25751.htm,https://www.uir.edu.cn/info/1341/25751.htm,read,青年服务国家 | “携手同行”团队-国际关系学院,2026-10-01,
4111010042,国际关系学院,navigation,https://www.uir.edu.cn/xxgk/xxls.htm,https://www.uir.edu.cn/xxgk/xxls.htm,read,学校历史-国际关系学院,2026-10-01,
4111010042,国际关系学院,overview,https://www.uir.edu.cn/info/1341/25751.htm,https://www.uir.edu.cn/info/1341/25751.htm,read,青年服务国家 | “携手同行”团队-国际关系学院,2026-10-01,
4111010043,北京体育大学,homepage,http://www.bsu.edu.cn/,http://www.bsu.edu.cn/,read,北京体育大学,2026-10-01,
4111010043,北京体育大学,overview,http://www.bsu.edu.cn/xxgk/xxjj/index.htm,http://www.bsu.edu.cn/xxgk/xxjj/index.htm,read,北京体育大学,2026-10-01,
4111010043,北京体育大学,history,http://www.bsu.edu.cn/xxgk/xsyg/index.htm,http://www.bsu.edu.cn/xxgk/xsyg/index.htm,read,北京体育大学,2026-10-01,
4111010043,北京体育大学,english,http://en.bsu.edu.cn,https://en.bsu.edu.cn/,read,Beijing Sport University,2026-10-01,
4111010043,北京体育大学,overview,http://www.bsu.edu.cn/xxgk/index.htm,http://www.bsu.edu.cn/xxgk/index.htm,insufficient_text,,2026-10-01,
4111010043,北京体育大学,overview,http://www.bsu.edu.cn/xxgk/xxjj/index.htm,http://www.bsu.edu.cn/xxgk/xxjj/index.htm,read,北京体育大学,2026-10-01,
4111010043,北京体育大学,history,http://www.bsu.edu.cn/xxgk/xsyg/index.htm,http://www.bsu.edu.cn/xxgk/xsyg/index.htm,read,北京体育大学,2026-10-01,
4111010045,中央音乐学院,homepage,https://www.ccom.edu.cn/,https://www.ccom.edu.cn/,read,中央音乐学院,2026-10-01,
4111010045,中央音乐学院,overview,https://www.ccom.edu.cn/ljxx/xxjj.htm,https://www.ccom.edu.cn/ljxx/xxjj.htm,read,学校简介-中央音乐学院,2026-10-01,
4111010045,中央音乐学院,culture,https://www.ccom.edu.cn/info/18051/145121.htm,https://www.ccom.edu.cn/info/18051/145121.htm,read,“央音大讲堂”第15讲｜长征精神照征程 砥砺奋进谱新篇-中央音乐学院,2026-10-01,
4111010045,中央音乐学院,navigation,https://www.ccom.edu.cn/info/12661/124941.htm,https://www.ccom.edu.cn/info/12661/124941.htm,read,总台音乐频道走进中央音乐学院-中央音乐学院,2026-10-01,
4111010045,中央音乐学院,overview,https://www.ccom.edu.cn/ljxx/xxjj.htm,https://www.ccom.edu.cn/ljxx/xxjj.htm,read,学校简介-中央音乐学院,2026-10-01,
4111010045,中央音乐学院,culture,https://www.ccom.edu.cn/info/18051/145121.htm,https://www.ccom.edu.cn/info/18051/145121.htm,read,“央音大讲堂”第15讲｜长征精神照征程 砥砺奋进谱新篇-中央音乐学院,2026-10-01,
4111010046,中国音乐学院,homepage,https://www.ccmusic.edu.cn/,https://www.ccmusic.edu.cn/,read,中国音乐学院喜庆二十大奋进新征程,2026-10-01,
4111010046,中国音乐学院,overview,https://www.ccmusic.edu.cn/gygk/xxjs/index.htm,https://www.ccmusic.edu.cn/gygk/xxjs/index.htm,read,学校介绍 | 中国音乐学院,2026-10-01,
4111010046,中国音乐学院,history,https://www.ccmusic.edu.cn/gygk/lsyg/index.htm,https://www.ccmusic.edu.cn/gygk/lsyg/index.htm,read,历史沿革 | 中国音乐学院,2026-10-01,
4111010046,中国音乐学院,english,http://en.ccmusic.edu.cn/,https://en.ccmusic.edu.cn/,read,China Conservatory,2026-10-01,
4111010046,中国音乐学院,overview,https://www.ccmusic.edu.cn/gygk/xxjs/index.htm,https://www.ccmusic.edu.cn/gygk/xxjs/index.htm,read,学校介绍 | 中国音乐学院,2026-10-01,
4111010046,中国音乐学院,history,https://www.ccmusic.edu.cn/gygk/lsyg/index.htm,https://www.ccmusic.edu.cn/gygk/lsyg/index.htm,read,历史沿革 | 中国音乐学院,2026-10-01,
4111010047,中央美术学院,homepage,https://www.cafa.edu.cn/,https://www.cafa.edu.cn/,read,中央美术学院,2026-10-01,
4111010047,中央美术学院,overview,https://www.cafa.edu.cn/sp/about,https://www.cafa.edu.cn/sp/about/,read,学院概况-中央美术学院,2026-10-01,
4111010047,中央美术学院,visual,https://www.cafa.edu.cn/sp/campus,https://www.cafa.edu.cn/sp/campus/,read,校园文化-中央美术学院,2026-10-01,
4111010047,中央美术学院,culture,https://www.cafa.edu.cn/sp/campus/,https://www.cafa.edu.cn/sp/campus/,read,校园文化-中央美术学院,2026-10-01,
4111010047,中央美术学院,overview,https://www.cafa.edu.cn/sp/about/,https://www.cafa.edu.cn/sp/about/,read,学院概况-中央美术学院,2026-10-01,
4111010047,中央美术学院,overview,https://www.cafa.edu.cn/st/2018/10119441.htm,https://www.cafa.edu.cn/st/2018/10119441.htm,read,校情-中央美术学院,2026-10-01,
4111010047,中央美术学院,culture,https://www.cafa.edu.cn/st/2018/10119433.htm,https://www.cafa.edu.cn/st/2018/10119433.htm,read,校训-中央美术学院,2026-10-01,
4111010047,中央美术学院,overview,https://www.cafa.edu.cn/sp/about/,https://www.cafa.edu.cn/sp/about/,read,学院概况-中央美术学院,2026-10-01,
4111010047,中央美术学院,overview,https://www.cafa.edu.cn/st/2018/10119441.htm,https://www.cafa.edu.cn/st/2018/10119441.htm,read,校情-中央美术学院,2026-10-01,
4111010047,中央美术学院,culture,https://www.cafa.edu.cn/sp/campus/,https://www.cafa.edu.cn/sp/campus/,read,校园文化-中央美术学院,2026-10-01,
4111010047,中央美术学院,culture,https://www.cafa.edu.cn/st/2018/10119433.htm,https://www.cafa.edu.cn/st/2018/10119433.htm,read,校训-中央美术学院,2026-10-01,
4111010048,中央戏剧学院,homepage,https://www.chntheatre.edu.cn/,https://www.chntheatre.edu.cn/,insufficient_text,,2026-10-01,
4111010049,中国戏曲学院,homepage,https://www.nacta.edu.cn/,https://www.nacta.edu.cn/,read,中国戏曲学院,2026-10-01,
4111010049,中国戏曲学院,overview,https://www.nacta.edu.cn/xygk/index.htm,https://www.nacta.edu.cn/xygk/index.htm,insufficient_text,,2026-10-01,
4111010049,中国戏曲学院,overview,https://www.nacta.edu.cn/xygk/xyjj/index.htm,https://www.nacta.edu.cn/xygk/xyjj/index.htm,read,中国戏曲学院,2026-10-01,
4111010049,中国戏曲学院,english,http://en.nacta.edu.cn/,https://en.nacta.edu.cn/,read,NACTA Web,2026-10-01,
4111010049,中国戏曲学院,overview,https://www.nacta.edu.cn/xygk/xyjj/index.htm,https://www.nacta.edu.cn/xygk/xyjj/index.htm,read,中国戏曲学院,2026-10-01,
4111010050,北京电影学院,homepage,http://www.bfa.edu.cn,,fetch_error,,2026-10-01,HTTPError
4111010050,北京电影学院,charter,https://jw.beijing.gov.cn/xxgk/xkbayssjygk/202211/t20221121_2863540.html,https://jw.beijing.gov.cn/xxgk/xkbayssjygk/202211/t20221121_2863540.html,read,【许可公告】北京市教育委员会关于同意北京电影学院章程部分条款修改的批复,2026-10-01,
4111010050,北京电影学院,charter,https://gaokao.chsi.com.cn/zsgs/zhangcheng/listVerifedZszc--method-view%2CschId-44%2CinfoId-7638091852.dhtml,,access_limited,,2026-10-01,HTTPError
4111010050,北京电影学院,overview,https://bkbm.bfa.edu.cn/,,robots_disallowed,,2026-10-01,
4111010050,北京电影学院,charter,https://jw.beijing.gov.cn/xxgk/xkbayssjygk/202211/t20221121_2863540.html,https://jw.beijing.gov.cn/xxgk/xkbayssjygk/202211/t20221121_2863540.html,read,【许可公告】北京市教育委员会关于同意北京电影学院章程部分条款修改的批复,2026-10-01,
4111010051,北京舞蹈学院,homepage,https://www.bda.edu.cn/,https://www.bda.edu.cn/,read,北京舞蹈学院,2026-10-01,
4111010051,北京舞蹈学院,overview,https://www.bda.edu.cn/xygk/xyjj/index.htm,https://www.bda.edu.cn/xygk/xyjj/index.htm,read,学校简介-北京舞蹈学院,2026-10-01,
4111010051,北京舞蹈学院,english,http://en.bda.edu.cn/,https://en.bda.edu.cn/,read,Beijing Dance Academy,2026-10-01,
4111010051,北京舞蹈学院,overview,https://www.bda.edu.cn/xygk/index.htm,https://www.bda.edu.cn/xygk/index.htm,insufficient_text,,2026-10-01,
4111010051,北京舞蹈学院,english,http://en.bda.edu.cn/index.htm,https://en.bda.edu.cn/index.htm,read,Beijing Dance Academy,2026-10-01,
4111010051,北京舞蹈学院,overview,https://www.bda.edu.cn/xygk/xyjj/index.htm,https://www.bda.edu.cn/xygk/xyjj/index.htm,read,学校简介-北京舞蹈学院,2026-10-01,
4111010052,中央民族大学,homepage,https://www.muc.edu.cn/,https://www.muc.edu.cn/,read,中央民族大学,2026-10-01,
4111010052,中央民族大学,overview,https://www.muc.edu.cn/xxgk1/xxjj.htm,https://www.muc.edu.cn/xxgk1/xxjj.htm,read,学校简介-中央民族大学,2026-10-01,
4111010052,中央民族大学,visual,https://www.muc.edu.cn/xywh.htm,https://www.muc.edu.cn/xywh.htm,read,校园文化-中央民族大学,2026-10-01,
4111010052,中央民族大学,culture,https://www.muc.edu.cn/xxgk1/bsxt/xx.htm,https://www.muc.edu.cn/xxgk1/bsxt/xx.htm,read,校训-中央民族大学,2026-10-01,
4111010052,中央民族大学,overview,https://www.muc.edu.cn/xxgk1.htm,https://www.muc.edu.cn/xxgk1.htm,read,学校概况-中央民族大学,2026-10-01,
4111010052,中央民族大学,visual,https://www.muc.edu.cn/zhongyangminzudaxueshijueshibiexitongshouce.pdf,,access_limited,,2026-10-01,ValueError
4111010052,中央民族大学,visual,https://www.muc.edu.cn/xxgk1/bsxt/biao_z.htm,https://www.muc.edu.cn/xxgk1/bsxt/biao_z.htm,read,标准色-中央民族大学,2026-10-01,
4111010052,中央民族大学,overview,https://www.muc.edu.cn/xxgk1.htm,https://www.muc.edu.cn/xxgk1.htm,read,学校概况-中央民族大学,2026-10-01,
4111010052,中央民族大学,overview,https://www.muc.edu.cn/xxgk1/xxjj.htm,https://www.muc.edu.cn/xxgk1/xxjj.htm,read,学校简介-中央民族大学,2026-10-01,
4111010052,中央民族大学,culture,https://www.muc.edu.cn/xxgk1/bsxt/xx.htm,https://www.muc.edu.cn/xxgk1/bsxt/xx.htm,read,校训-中央民族大学,2026-10-01,
4111010053,中国政法大学,homepage,https://www.cupl.edu.cn/,https://www.cupl.edu.cn/,insufficient_text,中国政法大学,2026-10-01,
4111010054,华北电力大学,homepage,https://www.ncepu.edu.cn/,https://www.ncepu.edu.cn/,read,华北电力大学,2026-10-01,
4111010054,华北电力大学,overview,https://www.ncepu.edu.cn/xxgk/xxjj/index.htm,https://www.ncepu.edu.cn/xxgk/xxjj/index.htm,read,学校简介-华北电力大学,2026-10-01,
4111010054,华北电力大学,charter,https://www.ncepu.edu.cn/xxgk/xxzc/index.htm,https://www.ncepu.edu.cn/xxgk/xxzc/index.htm,read,学校章程-华北电力大学,2026-10-01,
4111010054,华北电力大学,visual,https://www.ncepu.edu.cn/xxgk/xb/index.htm,https://www.ncepu.edu.cn/xxgk/xb/index.htm,read,校标-华北电力大学,2026-10-01,
4111010054,华北电力大学,culture,https://www.ncepu.edu.cn/xxgk/xg/index.htm,https://www.ncepu.edu.cn/xxgk/xg/index.htm,read,校歌-华北电力大学,2026-10-01,
4111010054,华北电力大学,history,https://www.ncepu.edu.cn/xxgk/lsyg/index.htm,https://www.ncepu.edu.cn/xxgk/lsyg/index.htm,read,历史沿革-华北电力大学,2026-10-01,
4111010054,华北电力大学,english,https://english.ncepu.edu.cn/,https://english.ncepu.edu.cn/,read,North China Electric Power University,2026-10-01,
4111010054,华北电力大学,overview,https://www.ncepu.edu.cn/xxgk/index.htm,https://www.ncepu.edu.cn/xxgk/index.htm,read,学校概况-华北电力大学,2026-10-01,
4111010054,华北电力大学,charter,https://www.ncepu.edu.cn/xxgk/xxzc/index.htm,https://www.ncepu.edu.cn/xxgk/xxzc/index.htm,read,学校章程-华北电力大学,2026-10-01,
4111010054,华北电力大学,overview,https://www.ncepu.edu.cn/xxgk/index.htm,https://www.ncepu.edu.cn/xxgk/index.htm,read,学校概况-华北电力大学,2026-10-01,
4111010054,华北电力大学,overview,https://www.ncepu.edu.cn/xxgk/xxjj/index.htm,https://www.ncepu.edu.cn/xxgk/xxjj/index.htm,read,学校简介-华北电力大学,2026-10-01,
4111010054,华北电力大学,history,https://www.ncepu.edu.cn/xxgk/lsyg/index.htm,https://www.ncepu.edu.cn/xxgk/lsyg/index.htm,read,历史沿革-华北电力大学,2026-10-01,
4111010054,华北电力大学,culture,https://www.ncepu.edu.cn/xxgk/xg/index.htm,https://www.ncepu.edu.cn/xxgk/xg/index.htm,read,校歌-华北电力大学,2026-10-01,
4111011149,中华女子学院,homepage,https://www.cwu.edu.cn/,https://www.cwu.edu.cn/,read,中华女子学院,2026-10-01,
4111011149,中华女子学院,overview,https://www.cwu.edu.cn/xxgk1.htm,https://www.cwu.edu.cn/xxgk1.htm,read,学校概况-中华女子学院,2026-10-01,
4111011149,中华女子学院,charter,https://www.cwu.edu.cn/xxgk1/xxzc_2024nhzg_.htm,https://www.cwu.edu.cn/xxgk1/xxzc_2024nhzg_.htm,read,学校章程（2024年核准稿）-中华女子学院,2026-10-01,
4111011149,中华女子学院,visual,https://www.cwu.edu.cn/xywh1.htm,https://www.cwu.edu.cn/xywh1.htm,read,校园文化-中华女子学院,2026-10-01,
4111011149,中华女子学院,history,https://www.cwu.edu.cn/xxgk1/lsyg1.htm,https://www.cwu.edu.cn/xxgk1/lsyg1.htm,read,历史沿革-中华女子学院,2026-10-01,
4111011149,中华女子学院,english,https://www.cwu.edu.cn/sie/index.htm,https://www.cwu.edu.cn/sie/index.htm,read,School of International Education,2026-10-01,
4111011149,中华女子学院,navigation,https://www.cwu.edu.cn/info/1351/48321.htm,https://www.cwu.edu.cn/info/1351/48321.htm,read,“传承经典 红色铸魂”名师进校园活动走进中华女子学院-中华女子学院,2026-10-01,
4111011149,中华女子学院,visual,https://www.cwu.edu.cn/xywh1/xb.htm,https://www.cwu.edu.cn/xywh1/xb.htm,read,校标-中华女子学院,2026-10-01,
4111011149,中华女子学院,navigation,https://www.cwu.edu.cn/info/1391/48491.htm,https://www.cwu.edu.cn/info/1391/48491.htm,read,【人民日报】“一带一路”国家女性能力提升暨文化旅游与生态融合发展研修班走进呼和浩特——“中国行之有效的做法给人启发”-中华女子学院,2026-10-01,
4111011149,中华女子学院,charter,https://www.cwu.edu.cn/xxgk1/xxzc_2024nhzg_.htm,https://www.cwu.edu.cn/xxgk1/xxzc_2024nhzg_.htm,read,学校章程（2024年核准稿）-中华女子学院,2026-10-01,
4111011149,中华女子学院,overview,https://www.cwu.edu.cn/xxgk1.htm,https://www.cwu.edu.cn/xxgk1.htm,read,学校概况-中华女子学院,2026-10-01,
4111011149,中华女子学院,history,https://www.cwu.edu.cn/xxgk1/lsyg1.htm,https://www.cwu.edu.cn/xxgk1/lsyg1.htm,read,历史沿革-中华女子学院,2026-10-01,
4111011232,北京信息科技大学,homepage,https://www.bistu.edu.cn/,https://www.bistu.edu.cn/,read,北京信息科技大学,2026-10-01,
4111011232,北京信息科技大学,overview,https://www.bistu.edu.cn/xxgk/index.html,https://www.bistu.edu.cn/xxgk/index.html,insufficient_text,,2026-10-01,
4111011232,北京信息科技大学,overview,https://www.bistu.edu.cn/xxgk/dxjj/index.html,https://www.bistu.edu.cn/xxgk/dxjj/index.html,read,北京信息科技大学 - 大学简介,2026-10-01,
4111011232,北京信息科技大学,charter,https://www.bistu.edu.cn/xxgk/dxzc/index.html,https://www.bistu.edu.cn/xxgk/dxzc/index.html,read,北京信息科技大学 - 大学章程,2026-10-01,
4111011232,北京信息科技大学,visual,https://www.bistu.edu.cn/dxwh/xxbz/index.html,https://www.bistu.edu.cn/dxwh/xxbz/index.html,insufficient_text,,2026-10-01,
4111011232,北京信息科技大学,culture,https://www.bistu.edu.cn/dxwh/jxw/index.html,https://www.bistu.edu.cn/dxwh/jxw/index.html,read,北京信息科技大学 - 吉祥物,2026-10-01,
4111011232,北京信息科技大学,history,https://www.bistu.edu.cn/xxgk/lsyg/index.html,https://www.bistu.edu.cn/xxgk/lsyg/index.html,read,北京信息科技大学 - 历史沿革,2026-10-01,
4111011232,北京信息科技大学,english,https://english.bistu.edu.cn/,https://english.bistu.edu.cn/,read,Beijing Information Science & Technology University,2026-10-01,
4111011232,北京信息科技大学,culture,https://www.bistu.edu.cn/dxwh/xxxx/index.html,https://www.bistu.edu.cn/dxwh/xxxx/index.html,read,北京信息科技大学 - 学校校训,2026-10-01,
4111011232,北京信息科技大学,charter,https://www.bistu.edu.cn/xxgk/dxzc/index.html,https://www.bistu.edu.cn/xxgk/dxzc/index.html,read,北京信息科技大学 - 大学章程,2026-10-01,
4111011232,北京信息科技大学,overview,https://www.bistu.edu.cn/xxgk/dxjj/index.html,https://www.bistu.edu.cn/xxgk/dxjj/index.html,read,北京信息科技大学 - 大学简介,2026-10-01,
4111011232,北京信息科技大学,history,https://www.bistu.edu.cn/xxgk/lsyg/index.html,https://www.bistu.edu.cn/xxgk/lsyg/index.html,read,北京信息科技大学 - 历史沿革,2026-10-01,
4111011232,北京信息科技大学,culture,https://www.bistu.edu.cn/dxwh/jxw/index.html,https://www.bistu.edu.cn/dxwh/jxw/index.html,read,北京信息科技大学 - 吉祥物,2026-10-01,
4111011232,北京信息科技大学,culture,https://www.bistu.edu.cn/dxwh/xxxx/index.html,https://www.bistu.edu.cn/dxwh/xxxx/index.html,read,北京信息科技大学 - 学校校训,2026-10-01,
4111011413,中国矿业大学(北京),homepage,https://www.cumtb.edu.cn/,https://www.cumtb.edu.cn/,read,中国矿业大学（北京）,2026-10-01,
4111011413,中国矿业大学(北京),overview,https://www.cumtb.edu.cn/xxgk/xxgk.htm,https://www.cumtb.edu.cn/xxgk/xxgk.htm,read,学校概况-中国矿业大学（北京）,2026-10-01,
4111011413,中国矿业大学(北京),visual,https://www.cumtb.edu.cn/xxgk/xxbs/xh.htm,https://www.cumtb.edu.cn/xxgk/xxbs/xh.htm,read,校徽-中国矿业大学（北京）,2026-10-01,
4111011413,中国矿业大学(北京),culture,https://www.cumtb.edu.cn/xxgk/xxbs/xx.htm,https://www.cumtb.edu.cn/xxgk/xxbs/xx.htm,read,校训-中国矿业大学（北京）,2026-10-01,
4111011413,中国矿业大学(北京),english,http://english.cumtb.edu.cn/,https://english.cumtb.edu.cn/,read,China University of Mining & Technology-Beijing-China University of Mining & Technology-Beijing,2026-10-01,
4111011413,中国矿业大学(北京),visual,https://www.cumtb.edu.cn/system/_content/download.jsp?urltype=news.DownloadAttachUrl&owner=1400454094&wbfileid=F1B49BBCC7C8E67ED596C2165F21A786,https://www.cumtb.edu.cn/system/_content/download.jsp?urltype=news.DownloadAttachUrl&owner=1400454094&wbfileid=F1B49BBCC7C8E67ED596C2165F21A786,insufficient_text,附件下载,2026-10-01,
4111011413,中国矿业大学(北京),culture,https://www.cumtb.edu.cn/system/_content/download.jsp?urltype=news.DownloadAttachUrl&owner=1400454094&wbfileid=51AEA9E717B26220B66F8A97EF8CF872,https://www.cumtb.edu.cn/system/_content/download.jsp?urltype=news.DownloadAttachUrl&owner=1400454094&wbfileid=51AEA9E717B26220B66F8A97EF8CF872,insufficient_text,附件下载,2026-10-01,
4111011413,中国矿业大学(北京),english,https://english.cumtb.edu.cn/index.htm,https://english.cumtb.edu.cn/index.htm,read,China University of Mining & Technology-Beijing-China University of Mining & Technology-Beijing,2026-10-01,
4111011413,中国矿业大学(北京),overview,https://www.cumtb.edu.cn/xxgk/xxgk.htm,https://www.cumtb.edu.cn/xxgk/xxgk.htm,read,学校概况-中国矿业大学（北京）,2026-10-01,
4111011413,中国矿业大学(北京),culture,https://www.cumtb.edu.cn/xxgk/xxbs/xx.htm,https://www.cumtb.edu.cn/xxgk/xxbs/xx.htm,read,校训-中国矿业大学（北京）,2026-10-01,
4111011414,中国石油大学(北京),homepage,https://www.cup.edu.cn/,https://www.cup.edu.cn/,read,中国石油大学(北京),2026-10-01,
4111011414,中国石油大学(北京),overview,https://www.cup.edu.cn/xxgk/xxjj/index.htm,https://www.cup.edu.cn/xxgk/xxjj/index.htm,read,中国石油大学(北京),2026-10-01,
4111011414,中国石油大学(北京),charter,https://www.cup.edu.cn/xxgk/xxzc/index.htm,https://www.cup.edu.cn/xxgk/xxzc/index.htm,read,中国石油大学(北京),2026-10-01,
4111011414,中国石油大学(北京),visual,https://www.cup.edu.cn/culture/,https://www.cup.edu.cn/culture/,read,中国石油大学（北京）校园文化专题网站,2026-10-01,
4111011414,中国石油大学(北京),culture,http://www.cup.edu.cn/culture/,https://www.cup.edu.cn:443/culture/,read,中国石油大学（北京）校园文化专题网站,2026-10-01,
4111011414,中国石油大学(北京),history,https://www.cup.edu.cn/xxgk/lsyg/index.htm,https://www.cup.edu.cn/xxgk/lsyg/index.htm,read,中国石油大学(北京),2026-10-01,
4111011414,中国石油大学(北京),english,https://www.cup.edu.cn/english/,https://www.cup.edu.cn/english/,read,China University of Petroleum-Beijing,2026-10-01,
4111011414,中国石油大学(北京),overview,https://www.cup.edu.cn/xxgk/index.htm,https://www.cup.edu.cn/xxgk/index.htm,insufficient_text,,2026-10-01,
4111011414,中国石油大学(北京),culture,https://www.cup.edu.cn/culture/bfsd/58720bbbfe294ae9a53758c65b55f711.htm,https://www.cup.edu.cn/culture/bfsd/58720bbbfe294ae9a53758c65b55f711.htm,read,中国石油大学（北京）校园文化专题网站,2026-10-01,
4111011414,中国石油大学(北京),english,http://www.cup.edu.cn/english/,https://www.cup.edu.cn:443/english/,read,China University of Petroleum-Beijing,2026-10-01,
4111011414,中国石油大学(北京),charter,https://www.cup.edu.cn/xxgk/xxzc/index.htm,https://www.cup.edu.cn/xxgk/xxzc/index.htm,read,中国石油大学(北京),2026-10-01,
4111011414,中国石油大学(北京),overview,https://www.cup.edu.cn/xxgk/xxjj/index.htm,https://www.cup.edu.cn/xxgk/xxjj/index.htm,read,中国石油大学(北京),2026-10-01,
4111011414,中国石油大学(北京),history,https://www.cup.edu.cn/xxgk/lsyg/index.htm,https://www.cup.edu.cn/xxgk/lsyg/index.htm,read,中国石油大学(北京),2026-10-01,
4111011414,中国石油大学(北京),culture,https://www.cup.edu.cn:443/culture/,https://www.cup.edu.cn:443/culture/,read,中国石油大学（北京）校园文化专题网站,2026-10-01,
4111011414,中国石油大学(北京),culture,https://www.cup.edu.cn/culture/bfsd/58720bbbfe294ae9a53758c65b55f711.htm,https://www.cup.edu.cn/culture/bfsd/58720bbbfe294ae9a53758c65b55f711.htm,read,中国石油大学（北京）校园文化专题网站,2026-10-01,
4111011415,中国地质大学(北京),homepage,https://www.cugb.edu.cn/,https://www.cugb.edu.cn/,read,首页-中国地质大学（北京）,2026-10-01,
4111011415,中国地质大学(北京),overview,https://www.cugb.edu.cn/xxjj.jhtml,https://www.cugb.edu.cn/xxjj.jhtml,read,学校简介-中国地质大学（北京）,2026-10-01,
4111011415,中国地质大学(北京),charter,https://www.cugb.edu.cn/xxzc.jhtml,https://www.cugb.edu.cn/xxzc.jhtml,read,学校章程-中国地质大学（北京）,2026-10-01,
4111011415,中国地质大学(北京),visual,http://bm.cugb.edu.cn/vis/,https://bm.cugb.edu.cn/vis/,read,中国地质大学(北京)大学视觉形象识别系统,2026-10-01,
4111011415,中国地质大学(北京),culture,https://www.cugb.edu.cn/bdjy/49410.jhtml,https://www.cugb.edu.cn/bdjy/49410.jhtml,read,北地教育-中国地质大学（北京）,2026-10-01,
4111011415,中国地质大学(北京),history,https://www.cugb.edu.cn/lsyg2.jhtml,https://www.cugb.edu.cn/lsyg2.jhtml,read,历史沿革-中国地质大学（北京）,2026-10-01,
4111011415,中国地质大学(北京),english,https://en.cugb.edu.cn,https://en.cugb.edu.cn,read,"Home-China University of Geosciences, Beijing",2026-10-01,
4111011415,中国地质大学(北京),visual,https://bm.cugb.edu.cn/vis/,https://bm.cugb.edu.cn/vis/,read,中国地质大学(北京)大学视觉形象识别系统,2026-10-01,
4111011415,中国地质大学(北京),english,http://en.cugb.edu.cn,https://en.cugb.edu.cn/,read,"Home-China University of Geosciences, Beijing",2026-10-01,
4111011415,中国地质大学(北京),visual,https://bm.cugb.edu.cn/vis/c/2017/05/22/493361.shtml,https://bm.cugb.edu.cn/vis/c/2017/05/22/493361.shtml,read,中国地质大学(北京)大学视觉形象识别系统,2026-10-01,
4111011415,中国地质大学(北京),charter,https://www.cugb.edu.cn/xxzc.jhtml,https://www.cugb.edu.cn/xxzc.jhtml,read,学校章程-中国地质大学（北京）,2026-10-01,
4111011415,中国地质大学(北京),overview,https://www.cugb.edu.cn/xxjj.jhtml,https://www.cugb.edu.cn/xxjj.jhtml,read,学校简介-中国地质大学（北京）,2026-10-01,
4111011415,中国地质大学(北京),history,https://www.cugb.edu.cn/lsyg2.jhtml,https://www.cugb.edu.cn/lsyg2.jhtml,read,历史沿革-中国地质大学（北京）,2026-10-01,
4111011415,中国地质大学(北京),culture,https://www.cugb.edu.cn/bdjy/49410.jhtml,https://www.cugb.edu.cn/bdjy/49410.jhtml,read,北地教育-中国地质大学（北京）,2026-10-01,
4111011417,北京联合大学,homepage,https://www.buu.edu.cn,https://www.buu.edu.cn,read,北京联合大学,2026-10-01,
4111011417,北京联合大学,visual,https://www.buu.edu.cn/art/2026/5/28/art_38511_829822.html,https://www.buu.edu.cn/art/2026/5/28/art_38511_829822.html,read,第四届校园文化周来啦,2026-10-01,
4111011417,北京联合大学,culture,https://www.buu.edu.cn/module/download/downfile.jsp?classid=0&filename=97eeedcc4f5a4cab940a031ff99e9edc.pdf,https://www.buu.edu.cn/module/download/downfile.jsp?classid=0&filename=97eeedcc4f5a4cab940a031ff99e9edc.pdf,read,,2026-10-01,
4111011417,北京联合大学,culture,https://www.buu.edu.cn/module/download/downfile.jsp?classid=0&filename=97eeedcc4f5a4cab940a031ff99e9edc.pdf,https://www.buu.edu.cn/module/download/downfile.jsp?classid=0&filename=97eeedcc4f5a4cab940a031ff99e9edc.pdf,read,,2026-10-01,
4111011625,中国青年政治学院,homepage,https://www.cyu.edu.cn/,https://www.cyu.edu.cn/,read,中央团校（中国青年政治学院）,2026-10-01,
4111011625,中国青年政治学院,overview,https://www.cyu.edu.cn/zjtx/#md1,https://www.cyu.edu.cn/zjtx/#md1,read,中央团校（中国青年政治学院）,2026-10-01,
4111011625,中国青年政治学院,visual,https://www.cyu.edu.cn/xwzx/xywh/,https://www.cyu.edu.cn/xwzx/xywh/,read,中央团校（中国青年政治学院）,2026-10-01,
4111011625,中国青年政治学院,navigation,https://www.cyu.edu.cn/zjtx/,https://www.cyu.edu.cn/zjtx/,read,中央团校（中国青年政治学院）,2026-10-01,
4111011625,中国青年政治学院,navigation,https://www.cyu.edu.cn/xwzx/xywh/202511/t20251124_117430.html,https://www.cyu.edu.cn/xwzx/xywh/202511/t20251124_117430.html,read,青春正好，走进中央团校的静美深秋,2026-10-01,
4111011625,中国青年政治学院,overview,https://www.cyu.edu.cn/zjtx/#md1,https://www.cyu.edu.cn/zjtx/#md1,read,中央团校（中国青年政治学院）,2026-10-01,
4111011831,首钢工学院,homepage,https://www.sgit.edu.cn/,https://www.sgit.edu.cn/,read,首钢工学院,2026-10-01,
4111011831,首钢工学院,overview,https://www.sgit.edu.cn/xygk/xxjj.htm,https://www.sgit.edu.cn/xygk/xxjj.htm,read,学校简介-首钢工学院,2026-10-01,
4111011831,首钢工学院,visual,https://www.sgit.edu.cn/xygk/xywh.htm,https://www.sgit.edu.cn/xygk/xywh.htm,read,校园文化-首钢工学院,2026-10-01,
4111011831,首钢工学院,culture,https://www.sgit.edu.cn/info/1009/1058.htm,https://www.sgit.edu.cn/info/1009/1058.htm,read,校歌-首钢工学院,2026-10-01,
4111011831,首钢工学院,visual,https://www.sgit.edu.cn/info/1009/1057.htm,https://www.sgit.edu.cn/info/1009/1057.htm,read,校徽-首钢工学院,2026-10-01,
4111011831,首钢工学院,culture,https://www.sgit.edu.cn/info/1009/1055.htm,https://www.sgit.edu.cn/info/1009/1055.htm,read,校训-首钢工学院,2026-10-01,
4111011831,首钢工学院,overview,https://www.sgit.edu.cn/xygk/xxjj.htm,https://www.sgit.edu.cn/xygk/xxjj.htm,read,学校简介-首钢工学院,2026-10-01,
4111011831,首钢工学院,culture,https://www.sgit.edu.cn/info/1009/1058.htm,https://www.sgit.edu.cn/info/1009/1058.htm,read,校歌-首钢工学院,2026-10-01,
4111011831,首钢工学院,culture,https://www.sgit.edu.cn/info/1009/1055.htm,https://www.sgit.edu.cn/info/1009/1055.htm,read,校训-首钢工学院,2026-10-01,
4111012453,中国劳动关系学院,homepage,http://www.culr.edu.cn/,,fetch_error,,2026-10-01,timeout
4111012453,中国劳动关系学院,charter,https://www.moe.gov.cn/srcsite/A02/zfs_gdxxzc/201702/t20170207_295845.html,http://www.moe.gov.cn/srcsite/A02/zfs_gdxxzc/201702/t20170207_295845.html,read,中华人民共和国教育部高等学校章程核准书第107号（中国劳动关系学院） - 中华人民共和国教育部政府门户网站,2026-10-01,
4111012453,中国劳动关系学院,overview,https://www.culr.edu.cn/,,access_limited,,2026-10-01,URLError
4111012453,中国劳动关系学院,overview,https://www.culr.edu.cn/xxgk/xxjj/index.htm,,access_limited,,2026-10-01,URLError
4111012453,中国劳动关系学院,overview,https://www.culr.edu.cn/zsjy/bkszs/index.htm,https://www.culr.edu.cn/zsjy/bkszs/index.htm,read,中国劳动关系学院,2026-10-01,
4111012453,中国劳动关系学院,charter,http://www.moe.gov.cn/srcsite/A02/zfs_gdxxzc/201702/t20170207_295845.html,http://www.moe.gov.cn/srcsite/A02/zfs_gdxxzc/201702/t20170207_295845.html,read,中华人民共和国教育部高等学校章程核准书第107号（中国劳动关系学院） - 中华人民共和国教育部政府门户网站,2026-10-01,
4111014019,北京警察学院,homepage,https://www.bjpc.edu.cn/,https://www.bjpc.edu.cn/,read,首页_北京警察学院,2026-10-01,
4111014019,北京警察学院,overview,https://www.bjpc.edu.cn/about/index.html,https://www.bjpc.edu.cn/about/index.html,read,学院简介_学院概况_北京警察学院,2026-10-01,
4111014019,北京警察学院,charter,https://www.bjpc.edu.cn/about/rule.html,https://www.bjpc.edu.cn/about/rule.html,read,学院章程_学院概况_北京警察学院,2026-10-01,
4111014019,北京警察学院,charter,https://www.bjpc.edu.cn/about/rule.html,https://www.bjpc.edu.cn/about/rule.html,read,学院章程_学院概况_北京警察学院,2026-10-01,
4111014019,北京警察学院,overview,https://www.bjpc.edu.cn/about/index.html,https://www.bjpc.edu.cn/about/index.html,read,学院简介_学院概况_北京警察学院,2026-10-01,
4111014430,中国科学院大学,homepage,https://www.ucas.ac.cn,https://www.ucas.ac.cn,read,中国科学院大学,2026-10-01,
4111014430,中国科学院大学,overview,https://www.ucas.ac.cn/xxgk/xxjj/index.htm,https://www.ucas.ac.cn/xxgk/xxjj/index.htm,read,中国科学院大学,2026-10-01,
4111014430,中国科学院大学,charter,https://www.ucas.ac.cn/xxgk/gltz/index.htm,https://www.ucas.ac.cn/xxgk/gltz/index.htm,read,中国科学院大学,2026-10-01,
4111014430,中国科学院大学,culture,https://www.ucas.ac.cn/xysh/xxsy/index.htm,https://www.ucas.ac.cn/xysh/xxsy/index.htm,read,中国科学院大学,2026-10-01,
4111014430,中国科学院大学,history,https://www.ucas.ac.cn/xxgk/lsyg/index.htm,https://www.ucas.ac.cn/xxgk/lsyg/index.htm,read,中国科学院大学,2026-10-01,
4111014430,中国科学院大学,english,https://english.ucas.ac.cn,https://english.ucas.ac.cn,read,Home - University of Chinese  Academy of Sciences,2026-10-01,
4111014430,中国科学院大学,overview,https://www.ucas.ac.cn/xxgk/index.htm,https://www.ucas.ac.cn/xxgk/index.htm,read,中国科学院大学,2026-10-01,
4111014430,中国科学院大学,charter,https://www.ucas.ac.cn/xxgk/gltz/index.htm,https://www.ucas.ac.cn/xxgk/gltz/index.htm,read,中国科学院大学,2026-10-01,
4111014430,中国科学院大学,overview,https://www.ucas.ac.cn/xxgk/index.htm,https://www.ucas.ac.cn/xxgk/index.htm,read,中国科学院大学,2026-10-01,
4111014430,中国科学院大学,overview,https://www.ucas.ac.cn/xxgk/xxjj/index.htm,https://www.ucas.ac.cn/xxgk/xxjj/index.htm,read,中国科学院大学,2026-10-01,
4111014430,中国科学院大学,history,https://www.ucas.ac.cn/xxgk/lsyg/index.htm,https://www.ucas.ac.cn/xxgk/lsyg/index.htm,read,中国科学院大学,2026-10-01,
4111014430,中国科学院大学,culture,https://www.ucas.ac.cn/xysh/xxsy/index.htm,https://www.ucas.ac.cn/xysh/xxsy/index.htm,read,中国科学院大学,2026-10-01,
4111014596,中国社会科学院大学,homepage,http://www.ucass.edu.cn/,,title_mismatch,,2026-10-01,
4111014596,中国社会科学院大学,navigation,https://www.ucass.edu.cn/zhongguoshehuikexueyuandaxuexinxigongkaimulu.pdf,,access_limited,,2026-10-01,ValueError
4111014596,中国社会科学院大学,overview,https://bs.ucass.edu.cn/info/1075/2986.htm,,access_limited,,2026-10-01,HTTPError
4111014596,中国社会科学院大学,overview,https://sle.ucass.edu.cn/info/1012/2679.htm,https://sle.ucass.edu.cn/info/1012/2679.htm,read,学院概况-中国社会科学院大学终身教育学院,2026-10-01,
4111014596,中国社会科学院大学,overview,https://sged.ucass.edu.cn/info/1283/3334.htm,https://sged.ucass.edu.cn/info/1283/3334.htm,read,校长冯仕政为2026级研究生讲授“开学第一课”-中国社会科学院大学国际教育学院,2026-10-01,
4112010055,南开大学,homepage,https://www.nankai.edu.cn/,https://www.nankai.edu.cn/,read,南开大学,2026-10-01,
4112010055,南开大学,overview,https://www.nankai.edu.cn/162/list.htm,https://www.nankai.edu.cn/162/list.htm,read,学校简介,2026-10-01,
4112010055,南开大学,visual,http://www.nankai.edu.cn/164/list.htm,https://www.nankai.edu.cn/164/list.htm,read,校徽,2026-10-01,
4112010055,南开大学,culture,http://www.nankai.edu.cn/163/list.htm,https://www.nankai.edu.cn/163/list.htm,read,校训,2026-10-01,
4112010055,南开大学,english,https://en.nankai.edu.cn/,https://en.nankai.edu.cn/,read,Nankai University,2026-10-01,
4112010055,南开大学,overview,http://www.nankai.edu.cn/162/list.htm,https://www.nankai.edu.cn/162/list.htm,read,学校简介,2026-10-01,
4112010055,南开大学,culture,http://www.nankai.edu.cn/166/list.htm,https://www.nankai.edu.cn/166/list.htm,read,校歌歌谱,2026-10-01,
4112010055,南开大学,english,http://en.nankai.edu.cn/,https://en.nankai.edu.cn/,read,Nankai University,2026-10-01,
4112010055,南开大学,overview,https://www.nankai.edu.cn/162/list.htm,https://www.nankai.edu.cn/162/list.htm,read,学校简介,2026-10-01,
4112010055,南开大学,culture,https://www.nankai.edu.cn/163/list.htm,https://www.nankai.edu.cn/163/list.htm,read,校训,2026-10-01,
4112010055,南开大学,culture,https://www.nankai.edu.cn/166/list.htm,https://www.nankai.edu.cn/166/list.htm,read,校歌歌谱,2026-10-01,
4112010056,天津大学,homepage,https://www.tju.edu.cn/,https://www.tju.edu.cn/,read,天津大学,2026-10-01,
4112010056,天津大学,overview,https://www.tju.edu.cn/tdgk/xxjj.htm,https://www.tju.edu.cn/tdgk/xxjj.htm,read,学校简介-天津大学,2026-10-01,
4112010056,天津大学,visual,https://www.tju.edu.cn/xywh.htm,https://www.tju.edu.cn/xywh.htm,read,校园文化-天津大学,2026-10-01,
4112010056,天津大学,culture,https://www.tju.edu.cn/info/1105/1477.htm,https://www.tju.edu.cn/info/1105/1477.htm,read,校训的确立者校长赵天麟-天津大学,2026-10-01,
4112010056,天津大学,history,https://www.tju.edu.cn/tdgk/lsyg.htm,https://www.tju.edu.cn/tdgk/lsyg.htm,read,历史沿革-天津大学,2026-10-01,
4112010056,天津大学,charter,https://www.tju.edu.cn/info/1040/1016.htm,https://www.tju.edu.cn/info/1040/1016.htm,read,《天津大学章程》经教育部核准，正式实施-天津大学,2026-10-01,
4112010056,天津大学,english,http://en.tju.edu.cn,http://en.tju.edu.cn,read,Tianjin University,2026-10-01,
4112010056,天津大学,navigation,https://www.tju.edu.cn/info/1030/89472.htm,https://www.tju.edu.cn/info/1030/89472.htm,read,《光明日报》头版头条：冯骥才：我的人生，驾驶着“四驾马车”-天津大学,2026-10-01,
4112010056,天津大学,culture,https://www.tju.edu.cn/info/1040/1150.htm,https://www.tju.edu.cn/info/1040/1150.htm,read,赵天麟校长颁布校训：“实事求是”-天津大学,2026-10-01,
4112010056,天津大学,navigation,https://www.tju.edu.cn/info/1030/88482.htm,https://www.tju.edu.cn/info/1030/88482.htm,read,【践行回信精神】《中国教育报》头版头条：天津大学以“三校一院”协同机制淬炼“国优计划”学子-天津大学,2026-10-01,
4112010056,天津大学,charter,https://www.tju.edu.cn/info/1040/1016.htm,https://www.tju.edu.cn/info/1040/1016.htm,read,《天津大学章程》经教育部核准，正式实施-天津大学,2026-10-01,
4112010056,天津大学,overview,https://www.tju.edu.cn/tdgk/xxjj.htm,https://www.tju.edu.cn/tdgk/xxjj.htm,read,学校简介-天津大学,2026-10-01,
4112010056,天津大学,history,https://www.tju.edu.cn/tdgk/lsyg.htm,https://www.tju.edu.cn/tdgk/lsyg.htm,read,历史沿革-天津大学,2026-10-01,
4112010056,天津大学,culture,https://www.tju.edu.cn/info/1105/1477.htm,https://www.tju.edu.cn/info/1105/1477.htm,read,校训的确立者校长赵天麟-天津大学,2026-10-01,
4112010056,天津大学,culture,https://www.tju.edu.cn/info/1040/1150.htm,https://www.tju.edu.cn/info/1040/1150.htm,read,赵天麟校长颁布校训：“实事求是”-天津大学,2026-10-01,
4112010057,天津科技大学,homepage,https://www.tust.edu.cn/,https://www.tust.edu.cn/,read,天津科技大学,2026-10-01,
4112010057,天津科技大学,charter,http://www.tust.edu.cn/xxgk1/7cd546a1630b4552be61944734c18f36.htm,http://www.tust.edu.cn/xxgk1/7cd546a1630b4552be61944734c18f36.htm,read,天津科技大学欢迎您！,2026-10-01,
4112010057,天津科技大学,overview,http://www.tust.edu.cn/xxgk/xxgk.html,http://www.tust.edu.cn/xxgk/xxgk.html,read,学校概况,2026-10-01,
4112010057,天津科技大学,culture,http://www.tust.edu.cn/xxgk/xywh.html,http://www.tust.edu.cn/xxgk/xywh.html,read,校园文化,2026-10-01,
4112010057,天津科技大学,history,http://www.tust.edu.cn/xxgk/xxgk_4.html,http://www.tust.edu.cn/xxgk/xxgk_4.html,read,天津科技大学欢迎您！,2026-10-01,
4112010057,天津科技大学,english,http://en.tust.edu.cn/,http://en.tust.edu.cn/,read,Welcome to TUST,2026-10-01,
4112010057,天津科技大学,culture,http://www.tust.edu.cn/xxgk/xxgk_1.html,http://www.tust.edu.cn/xxgk/xxgk_1.html,read,天津科技大学欢迎您！,2026-10-01,
4112010057,天津科技大学,english,http://en.tust.edu.cn/default.html,http://en.tust.edu.cn/default.html,read,Welcome to TUST,2026-10-01,
4112010057,天津科技大学,charter,http://www.tust.edu.cn/xxgk1/7cd546a1630b4552be61944734c18f36.htm,http://www.tust.edu.cn/xxgk1/7cd546a1630b4552be61944734c18f36.htm,read,天津科技大学欢迎您！,2026-10-01,
4112010057,天津科技大学,overview,http://www.tust.edu.cn/xxgk/xxgk.html,http://www.tust.edu.cn/xxgk/xxgk.html,read,学校概况,2026-10-01,
4112010057,天津科技大学,history,http://www.tust.edu.cn/xxgk/xxgk_4.html,http://www.tust.edu.cn/xxgk/xxgk_4.html,read,天津科技大学欢迎您！,2026-10-01,
4112010057,天津科技大学,culture,http://www.tust.edu.cn/xxgk/xywh.html,http://www.tust.edu.cn/xxgk/xywh.html,read,校园文化,2026-10-01,
4112010057,天津科技大学,culture,http://www.tust.edu.cn/xxgk/xxgk_1.html,http://www.tust.edu.cn/xxgk/xxgk_1.html,read,天津科技大学欢迎您！,2026-10-01,
4112010058,天津工业大学,homepage,https://www.tiangong.edu.cn/,https://www.tiangong.edu.cn/,read,天津工业大学,2026-10-01,
4112010058,天津工业大学,overview,https://www.tiangong.edu.cn/gdjj/list.htm,https://www.tiangong.edu.cn/gdjj/list.htm,read,学校简介,2026-10-01,
4112010058,天津工业大学,history,https://www.tiangong.edu.cn/xsyg/list.htm,https://www.tiangong.edu.cn/xsyg/list.htm,read,校史沿革,2026-10-01,
4112010058,天津工业大学,english,http://en.tiangong.edu.cn/,https://en.tiangong.edu.cn/,read,Tiangong University,2026-10-01,
4112010058,天津工业大学,overview,https://www.tiangong.edu.cn/xxgk/list.htm,https://www.tiangong.edu.cn/xxgk/list.htm,read,学校简介,2026-10-01,
4112010058,天津工业大学,english,https://en.tiangong.edu.cn/ProgramsinEnglish/list.htm,https://en.tiangong.edu.cn/ProgramsinEnglish/list.htm,read,Programs In English,2026-10-01,
4112010058,天津工业大学,overview,https://www.tiangong.edu.cn/gdjj/list.htm,https://www.tiangong.edu.cn/gdjj/list.htm,read,学校简介,2026-10-01,
4112010058,天津工业大学,overview,https://www.tiangong.edu.cn/xxgk/list.htm,https://www.tiangong.edu.cn/xxgk/list.htm,read,学校简介,2026-10-01,
4112010058,天津工业大学,history,https://www.tiangong.edu.cn/xsyg/list.htm,https://www.tiangong.edu.cn/xsyg/list.htm,read,校史沿革,2026-10-01,
4112010059,中国民航大学,homepage,http://www.cauc.edu.cn,,robots_disallowed,,2026-10-01,
4112010059,中国民航大学,charter,https://www.moe.gov.cn/srcsite/A02/zfs_gdxxzc/201605/t20160518_245130.html,http://www.moe.gov.cn/srcsite/A02/zfs_gdxxzc/201605/t20160518_245130.html,read,中华人民共和国教育部高等学校章程核准书第88号（中国民航大学） - 中华人民共和国教育部政府门户网站,2026-10-01,
4112010059,中国民航大学,charter,http://www.moe.gov.cn/srcsite/A02/zfs_gdxxzc/201605/t20160518_245130.html,http://www.moe.gov.cn/srcsite/A02/zfs_gdxxzc/201605/t20160518_245130.html,read,中华人民共和国教育部高等学校章程核准书第88号（中国民航大学） - 中华人民共和国教育部政府门户网站,2026-10-01,
4112010060,天津理工大学,homepage,https://www.tjut.edu.cn/,https://www.tjut.edu.cn/,read,天津理工大学,2026-10-01,
4112010060,天津理工大学,overview,https://www.tjut.edu.cn/tlgk/xxjj.htm,https://www.tjut.edu.cn/tlgk/xxjj.htm,read,学校简介-天津理工大学,2026-10-01,
4112010060,天津理工大学,charter,https://www.tjut.edu.cn/tlgk/xxzc.htm,https://www.tjut.edu.cn/tlgk/xxzc.htm,read,学校章程-天津理工大学,2026-10-01,
4112010060,天津理工大学,english,http://en.tjut.edu.cn/index.htm,http://en.tjut.edu.cn/index.htm,read,Tianjin University of Technology,2026-10-01,
4112010060,天津理工大学,charter,https://www.tjut.edu.cn/tlgk/xxzc.htm,https://www.tjut.edu.cn/tlgk/xxzc.htm,read,学校章程-天津理工大学,2026-10-01,
4112010060,天津理工大学,overview,https://www.tjut.edu.cn/tlgk/xxjj.htm,https://www.tjut.edu.cn/tlgk/xxjj.htm,read,学校简介-天津理工大学,2026-10-01,
4112010061,天津农学院,homepage,http://www.tjac.edu.cn/,,fetch_error,,2026-10-01,URLError
4112010062,天津医科大学,homepage,https://www.tmu.edu.cn,https://www.tmu.edu.cn,read,天津医科大学-Tianjin Medical University,2026-10-01,
4112010062,天津医科大学,english,http://eng.tmu.edu.cn,,access_limited,,2026-10-01,timeout
4112010063,天津中医药大学,homepage,https://www.tjutcm.edu.cn/,https://www.tjutcm.edu.cn/,read,天津中医药大学官网,2026-10-01,
4112010063,天津中医药大学,overview,https://www.tjutcm.edu.cn/tzgk/xxgk.htm,https://www.tjutcm.edu.cn/tzgk/xxgk.htm,read,学校概况-天津中医药大学官网,2026-10-01,
4112010063,天津中医药大学,visual,https://www.tjutcm.edu.cn/tzgk/xxbs.htm,https://www.tjutcm.edu.cn/tzgk/xxbs.htm,read,学校标识-天津中医药大学官网,2026-10-01,
4112010063,天津中医药大学,navigation,https://www.tjutcm.edu.cn/info/1040/3202.htm,https://www.tjutcm.edu.cn/info/1040/3202.htm,read,就业观教育 | 八年深耕，让中医药走进日常烟火——2024届中医内科学硕士研究生顾天娇-天津中医药大学官网,2026-10-01,
4112010063,天津中医药大学,visual,https://www.tjutcm.edu.cn/system/_content/download.jsp?urltype=news.DownloadAttachUrl&owner=2109944276&wbfileid=14896877,https://www.tjutcm.edu.cn/system/_content/download.jsp?urltype=news.DownloadAttachUrl&owner=2109944276&wbfileid=14896877,insufficient_text,附件下载,2026-10-01,
4112010063,天津中医药大学,visual,https://www.tjutcm.edu.cn/system/_content/download.jsp?urltype=news.DownloadAttachUrl&owner=2109944276&wbfileid=14896878,https://www.tjutcm.edu.cn/system/_content/download.jsp?urltype=news.DownloadAttachUrl&owner=2109944276&wbfileid=14896878,insufficient_text,附件下载,2026-10-01,
4112010063,天津中医药大学,navigation,https://www.tjutcm.edu.cn/info/1047/3220.htm,https://www.tjutcm.edu.cn/info/1047/3220.htm,read,天津日报| “汉语桥”跨进中医课堂——参赛选手走进天津中医药大学探秘东方“神奇疗法”-天津中医药大学官网,2026-10-01,
4112010063,天津中医药大学,overview,https://www.tjutcm.edu.cn/tzgk/xxgk.htm,https://www.tjutcm.edu.cn/tzgk/xxgk.htm,read,学校概况-天津中医药大学官网,2026-10-01,
4112010066,天津职业技术师范大学,homepage,https://www.tute.edu.cn,https://www.tute.edu.cn,read,天津职业技术师范大学官方网站,2026-10-01,
4112010066,天津职业技术师范大学,overview,https://www.tute.edu.cn/xxgk.htm,https://www.tute.edu.cn/xxgk.htm,read,学校概况-天津职业技术师范大学官方网站,2026-10-01,
4112010066,天津职业技术师范大学,charter,https://www.tute.edu.cn/xxgk/xxzc.htm,https://www.tute.edu.cn/xxgk/xxzc.htm,read,学校章程-天津职业技术师范大学官方网站,2026-10-01,
4112010066,天津职业技术师范大学,visual,https://www.tute.edu.cn/xxgk/xhxxxg.htm,https://www.tute.edu.cn/xxgk/xhxxxg.htm,read,校徽校训校歌-天津职业技术师范大学官方网站,2026-10-01,
4112010066,天津职业技术师范大学,navigation,https://news.tute.edu.cn/info/1007/56010.htm,https://news.tute.edu.cn/info/1007/56010.htm,read,自动化与电气工程学院青年志愿者走进社区开展国庆爱国主义实践活动-新闻网,2026-10-01,
4112010066,天津职业技术师范大学,overview,https://www.tute.edu.cn/xxgk/xxjj.htm,https://www.tute.edu.cn/xxgk/xxjj.htm,read,学校简介-天津职业技术师范大学官方网站,2026-10-01,
4112010066,天津职业技术师范大学,charter,https://www.tute.edu.cn/system/_content/download.jsp?urltype=news.DownloadAttachUrl&owner=1732855012&wbfileid=6E0CDFA93C883338692C173FCFE999D6,https://www.tute.edu.cn/system/_content/download.jsp?urltype=news.DownloadAttachUrl&owner=1732855012&wbfileid=6E0CDFA93C883338692C173FCFE999D6,insufficient_text,附件下载,2026-10-01,
4112010066,天津职业技术师范大学,overview,https://news.tute.edu.cn/info/1024/53260.htm,https://news.tute.edu.cn/info/1024/53260.htm,read,20260701  学校简介-新闻网,2026-10-01,
4112010066,天津职业技术师范大学,charter,https://www.tute.edu.cn/xxgk/xxzc.htm,https://www.tute.edu.cn/xxgk/xxzc.htm,read,学校章程-天津职业技术师范大学官方网站,2026-10-01,
4112010066,天津职业技术师范大学,overview,https://www.tute.edu.cn/xxgk.htm,https://www.tute.edu.cn/xxgk.htm,read,学校概况-天津职业技术师范大学官方网站,2026-10-01,
4112010066,天津职业技术师范大学,overview,https://www.tute.edu.cn/xxgk/xxjj.htm,https://www.tute.edu.cn/xxgk/xxjj.htm,read,学校简介-天津职业技术师范大学官方网站,2026-10-01,
4112010066,天津职业技术师范大学,overview,https://news.tute.edu.cn/info/1024/53260.htm,https://news.tute.edu.cn/info/1024/53260.htm,read,20260701  学校简介-新闻网,2026-10-01,
4112010068,天津外国语大学,homepage,http://www.tjfsu.edu.cn/zh/,,fetch_error,,2026-10-01,HTTPError
4112010068,天津外国语大学,overview,https://www.tjfsu.edu.cn/main.htm,https://www.tjfsu.edu.cn/main.htm,read,天津外国语大学,2026-10-01,
4112010068,天津外国语大学,navigation,https://xxgk.tjfsu.edu.cn/info/1022/1301.htm,https://xxgk.tjfsu.edu.cn/info/1022/1301.htm,read,学校名称与情况简介-天津外国语大学信息公开网,2026-10-01,
4112010068,天津外国语大学,navigation,https://xxgk.tjfsu.edu.cn/info/1022/1295.htm,https://xxgk.tjfsu.edu.cn/info/1022/1295.htm,read,办学性质与宗旨-天津外国语大学信息公开网,2026-10-01,
4112010068,天津外国语大学,overview,https://www.tjfsu.edu.cn/8/list.htm,https://www.tjfsu.edu.cn/8/list.htm,read,学校简介,2026-10-01,
4112010068,天津外国语大学,overview,https://www.tjfsu.edu.cn/main.htm,https://www.tjfsu.edu.cn/main.htm,read,天津外国语大学,2026-10-01,
4112010068,天津外国语大学,overview,https://www.tjfsu.edu.cn/8/list.htm,https://www.tjfsu.edu.cn/8/list.htm,read,学校简介,2026-10-01,
4112010069,天津商业大学,homepage,https://www.tjcu.edu.cn,https://www.tjcu.edu.cn,read,天津商业大学,2026-10-01,
4112010069,天津商业大学,overview,https://www.tjcu.edu.cn/xxgk/xxjj.htm,https://www.tjcu.edu.cn/xxgk/xxjj.htm,read,学校简介-天津商业大学,2026-10-01,
4112010069,天津商业大学,charter,https://www.tjcu.edu.cn/xxgk/dxzc.htm,https://www.tjcu.edu.cn/xxgk/dxzc.htm,read,大学章程-天津商业大学,2026-10-01,
4112010069,天津商业大学,visual,https://www.tjcu.edu.cn/index/xywh/bxln.htm,https://www.tjcu.edu.cn/index/xywh/bxln.htm,read,办学理念-天津商业大学,2026-10-01,
4112010069,天津商业大学,culture,https://www.tjcu.edu.cn/index/xywh/xg.htm,https://www.tjcu.edu.cn/index/xywh/xg.htm,read,校歌-天津商业大学,2026-10-01,
4112010069,天津商业大学,culture,https://www.tjcu.edu.cn/index/xywh/xx.htm,https://www.tjcu.edu.cn/index/xywh/xx.htm,read,校训-天津商业大学,2026-10-01,
4112010069,天津商业大学,charter,https://www.tjcu.edu.cn/xxgk/dxzc.htm,https://www.tjcu.edu.cn/xxgk/dxzc.htm,read,大学章程-天津商业大学,2026-10-01,
4112010069,天津商业大学,overview,https://www.tjcu.edu.cn/xxgk/xxjj.htm,https://www.tjcu.edu.cn/xxgk/xxjj.htm,read,学校简介-天津商业大学,2026-10-01,
4112010069,天津商业大学,culture,https://www.tjcu.edu.cn/index/xywh/xg.htm,https://www.tjcu.edu.cn/index/xywh/xg.htm,read,校歌-天津商业大学,2026-10-01,
4112010069,天津商业大学,culture,https://www.tjcu.edu.cn/index/xywh/xx.htm,https://www.tjcu.edu.cn/index/xywh/xx.htm,read,校训-天津商业大学,2026-10-01,
4112010070,天津财经大学,homepage,https://www.tjufe.edu.cn/,https://www.tjufe.edu.cn/,read,天津财经大学,2026-10-01,
4112010070,天津财经大学,overview,https://www.tjufe.edu.cn/tcgk/xxjj.htm,https://www.tjufe.edu.cn/tcgk/xxjj.htm,read,学校简介-天津财经大学,2026-10-01,
4112010070,天津财经大学,charter,https://www.tjufe.edu.cn/dxzc.htm,https://www.tjufe.edu.cn/dxzc.htm,read,大学章程-天津财经大学,2026-10-01,
4112010070,天津财经大学,charter,https://www.tjufe.edu.cn/dxzc.htm,https://www.tjufe.edu.cn/dxzc.htm,read,大学章程-天津财经大学,2026-10-01,
4112010070,天津财经大学,overview,https://www.tjufe.edu.cn/tcgk/xxjj.htm,https://www.tjufe.edu.cn/tcgk/xxjj.htm,read,学校简介-天津财经大学,2026-10-01,
4112010071,天津体育学院,homepage,http://www.tjipe.edu.cn/,,fetch_error,,2026-10-01,URLError
4112010071,天津体育学院,overview,https://www.tjus.edu.cn/,https://www.tjus.edu.cn/,read,天津体育学院,2026-10-01,
4112010071,天津体育学院,overview,https://www.tjus.edu.cn/info/1062/1528.htm,https://www.tjus.edu.cn/info/1062/1528.htm,read,天津体育学院简介-天津体育学院,2026-10-01,
4112010071,天津体育学院,overview,https://www.tj.gov.cn/zwgk/ggqsydwxxgk/jy/ptbkgx/202409/t20240923_6736177.html,https://www.tj.gov.cn/zwgk/ggqsydwxxgk/jy/ptbkgx/202409/t20240923_6736177.html,read,天津体育学院_普通本科高校_天津政务网,2026-10-01,
4112010071,天津体育学院,navigation,https://xxgkw.tjus.edu.cn/,https://xxgkw.tjus.edu.cn/,read,天津体育学院信息公开网,2026-10-01,
4112010071,天津体育学院,overview,https://www.tjus.edu.cn/,https://www.tjus.edu.cn/,read,天津体育学院,2026-10-01,
4112010071,天津体育学院,overview,https://www.tjus.edu.cn/info/1062/1528.htm,https://www.tjus.edu.cn/info/1062/1528.htm,read,天津体育学院简介-天津体育学院,2026-10-01,
4112010071,天津体育学院,overview,https://www.tj.gov.cn/zwgk/ggqsydwxxgk/jy/ptbkgx/202409/t20240923_6736177.html,https://www.tj.gov.cn/zwgk/ggqsydwxxgk/jy/ptbkgx/202409/t20240923_6736177.html,read,天津体育学院_普通本科高校_天津政务网,2026-10-01,
4112010072,天津音乐学院,homepage,https://www.tjcm.edu.cn/,https://www.tjcm.edu.cn/,read,天津音乐学院,2026-10-01,
4112010072,天津音乐学院,overview,https://www.tjcm.edu.cn/xxjj/xxjj.htm,https://www.tjcm.edu.cn/xxjj/xxjj.htm,read,学校简介-天津音乐学院,2026-10-01,
4112010072,天津音乐学院,visual,https://www.tjcm.edu.cn/xywh/xgdt.htm,https://www.tjcm.edu.cn/xywh/xgdt.htm,read,学工动态-天津音乐学院,2026-10-01,
4112010072,天津音乐学院,overview,https://www.tjcm.edu.cn/xxjj/xxjj.htm,https://www.tjcm.edu.cn/xxjj/xxjj.htm,read,学校简介-天津音乐学院,2026-10-01,
4112010073,天津美术学院,homepage,https://www.tjarts.edu.cn,https://www.tjarts.edu.cn,read,天津美术学院,2026-10-01,
4112010073,天津美术学院,overview,https://www.tjarts.edu.cn/xxgk1/xxjj.htm,https://www.tjarts.edu.cn/xxgk1/xxjj.htm,read,学校简介-天津美术学院,2026-10-01,
4112010073,天津美术学院,english,http://english.tjarts.edu.cn,http://english.tjarts.edu.cn,read,Tianjin Academy Of Fine Arts,2026-10-01,
4112010073,天津美术学院,overview,https://www.tjarts.edu.cn/xxgk1/xxjj.htm,https://www.tjarts.edu.cn/xxgk1/xxjj.htm,read,学校简介-天津美术学院,2026-10-01,
4112010792,天津城建大学,homepage,https://www.tcu.edu.cn/,https://www.tcu.edu.cn/,read,天津城建大学,2026-10-01,
4112010792,天津城建大学,overview,https://www.tcu.edu.cn/xxgk/xxjj.htm,https://www.tcu.edu.cn/xxgk/xxjj.htm,read,学校简介-天津城建大学,2026-10-01,
4112010792,天津城建大学,charter,https://www.tcu.edu.cn/xxgk/dxzc.htm,https://www.tcu.edu.cn/xxgk/dxzc.htm,read,大学章程-天津城建大学,2026-10-01,
4112010792,天津城建大学,visual,https://www.tcu.edu.cn/xywh.htm,https://www.tcu.edu.cn/xywh.htm,read,校园文化-天津城建大学,2026-10-01,
4112010792,天津城建大学,culture,https://www.tcu.edu.cn/info/1058/1179.htm,https://www.tcu.edu.cn/info/1058/1179.htm,read,“重德重能 善学善建”天津城建大学校训精神内涵-天津城建大学,2026-10-01,
4112010792,天津城建大学,english,http://en.tcu.edu.cn,https://en.tcu.edu.cn/index.htm,read,天津城建大学英文,2026-10-01,
4112010792,天津城建大学,charter,https://www.tcu.edu.cn/wj/TCUZC2023.pdf,https://www.tcu.edu.cn/wj/TCUZC2023.pdf,read,,2026-10-01,
4112010792,天津城建大学,visual,https://www.tcu.edu.cn/xxgk/xbxx.htm,https://www.tcu.edu.cn/xxgk/xbxx.htm,read,校标校训-天津城建大学,2026-10-01,
4112010792,天津城建大学,charter,https://www.tcu.edu.cn/xxgk/dxzc.htm,https://www.tcu.edu.cn/xxgk/dxzc.htm,read,大学章程-天津城建大学,2026-10-01,
4112010792,天津城建大学,charter,https://www.tcu.edu.cn/wj/TCUZC2023.pdf,https://www.tcu.edu.cn/wj/TCUZC2023.pdf,read,,2026-10-01,
4112010792,天津城建大学,overview,https://www.tcu.edu.cn/xxgk/xxjj.htm,https://www.tcu.edu.cn/xxgk/xxjj.htm,read,学校简介-天津城建大学,2026-10-01,
4112010792,天津城建大学,culture,https://www.tcu.edu.cn/info/1058/1179.htm,https://www.tcu.edu.cn/info/1058/1179.htm,read,“重德重能 善学善建”天津城建大学校训精神内涵-天津城建大学,2026-10-01,
4112012105,天津中德应用技术大学,homepage,https://www.tsguas.edu.cn/,https://www.tsguas.edu.cn/,read,天津中德应用技术大学,2026-10-01,
4112012105,天津中德应用技术大学,overview,https://www.tsguas.edu.cn/xxgk/xxjj.htm,https://www.tsguas.edu.cn/xxgk/xxjj.htm,read,学校简介-天津中德应用技术大学,2026-10-01,
4112012105,天津中德应用技术大学,visual,https://www.tsguas.edu.cn/xxgk/xywh.htm,https://www.tsguas.edu.cn/xxgk/xywh.htm,read,校园文化-天津中德应用技术大学,2026-10-01,
4112012105,天津中德应用技术大学,english,https://ev.tsguas.edu.cn/,https://ev.tsguas.edu.cn/,read,TianjinSino-German University of Applied Sciences,2026-10-01,
4112012105,天津中德应用技术大学,overview,https://www.tsguas.edu.cn/xxgk.htm,https://www.tsguas.edu.cn/xxgk.htm,read,学校概况-天津中德应用技术大学,2026-10-01,
4112012105,天津中德应用技术大学,overview,https://www.tsguas.edu.cn/xxgk.htm,https://www.tsguas.edu.cn/xxgk.htm,read,学校概况-天津中德应用技术大学,2026-10-01,
4112012105,天津中德应用技术大学,overview,https://www.tsguas.edu.cn/xxgk/xxjj.htm,https://www.tsguas.edu.cn/xxgk/xxjj.htm,read,学校简介-天津中德应用技术大学,2026-10-01,
4112012723,天津警察学院,homepage,https://www.tjjingyuan.cn/,,fetch_error,,2026-10-01,URLError
4112012723,天津警察学院,charter,https://gaokao.chsi.com.cn/zsgs/zhangcheng/listVerifedZszc--method-view%2CschId-1206%2CinfoId-7635453697.dhtml,,access_limited,,2026-10-01,HTTPError
4112012723,天津警察学院,overview,https://www.moe.gov.cn/srcsite/A03/s181/202506/t20250619_1194817.html,http://www.moe.gov.cn/srcsite/A03/s181/202506/t20250619_1194817.html,read,教育部关于同意设置天津警察学院的函 - 中华人民共和国教育部政府门户网站,2026-10-01,
4113010075,河北大学,homepage,http://www.hebei-university.com,,robots_disallowed,,2026-10-01,
4113010075,河北大学,overview,https://www.hbu.edu.cn/,https://www.hbu.edu.cn/,read,河北大学,2026-10-01,
4113010075,河北大学,overview,https://hbu.edu.cn/index.htm,https://hbu.edu.cn/index.htm,read,河北大学,2026-10-01,
4113010075,河北大学,overview,https://xxgk.hbu.edu.cn/xxgkml/jbxx/xxgk.htm,https://xxgk.hbu.edu.cn/xxgkml/jbxx/xxgk.htm,read,学校概况-河北大学信息公开网,2026-10-01,
4113010075,河北大学,overview,https://www.hbu.edu.cn/,https://www.hbu.edu.cn/,read,河北大学,2026-10-01,
4113010075,河北大学,overview,https://hbu.edu.cn/index.htm,https://hbu.edu.cn/index.htm,read,河北大学,2026-10-01,
4113010075,河北大学,overview,https://xxgk.hbu.edu.cn/xxgkml/jbxx/xxgk.htm,https://xxgk.hbu.edu.cn/xxgkml/jbxx/xxgk.htm,read,学校概况-河北大学信息公开网,2026-10-01,
4113010076,河北工程大学,homepage,https://www.hebeu.edu.cn,https://www.hebeu.edu.cn,read,河北工程大学,2026-10-01,
4113010076,河北工程大学,overview,https://www.hebeu.edu.cn/xxgk/xxjj.htm,https://www.hebeu.edu.cn/xxgk/xxjj.htm,read,学校简介-河北工程大学,2026-10-01,
4113010076,河北工程大学,charter,https://www.hebeu.edu.cn/xxgk/xxzc.htm,https://www.hebeu.edu.cn/xxgk/xxzc.htm,read,学校章程-河北工程大学,2026-10-01,
4113010076,河北工程大学,history,https://www.hebeu.edu.cn/xxgk/lsyg.htm,https://www.hebeu.edu.cn/xxgk/lsyg.htm,read,历史沿革-河北工程大学,2026-10-01,
4113010076,河北工程大学,charter,https://www.hebeu.edu.cn/xxgk/xxzc.htm,https://www.hebeu.edu.cn/xxgk/xxzc.htm,read,学校章程-河北工程大学,2026-10-01,
4113010076,河北工程大学,overview,https://www.hebeu.edu.cn/xxgk/xxjj.htm,https://www.hebeu.edu.cn/xxgk/xxjj.htm,read,学校简介-河北工程大学,2026-10-01,
4113010076,河北工程大学,history,https://www.hebeu.edu.cn/xxgk/lsyg.htm,https://www.hebeu.edu.cn/xxgk/lsyg.htm,read,历史沿革-河北工程大学,2026-10-01,
4113010077,河北地质大学,homepage,https://www.hgu.edu.cn,https://www.hgu.edu.cn,read,河北地质大学,2026-10-01,
4113010077,河北地质大学,overview,https://www.hgu.edu.cn/xqzl/xxjj.htm,https://www.hgu.edu.cn/xqzl/xxjj.htm,read,学校简介-河北地质大学,2026-10-01,
4113010077,河北地质大学,charter,https://www.hgu.edu.cn/xqzl/xxzc.htm,https://www.hgu.edu.cn/xqzl/xxzc.htm,read,学校章程-河北地质大学,2026-10-01,
4113010077,河北地质大学,history,https://www.hgu.edu.cn/xqzl/lsyg.htm,https://www.hgu.edu.cn/xqzl/lsyg.htm,read,历史沿革-河北地质大学,2026-10-01,
4113010077,河北地质大学,english,http://eng.hgu.edu.cn/,,robots_disallowed,,2026-10-01,
4113010077,河北地质大学,navigation,https://www.hgu.edu.cn/info/1053/12085.htm,https://www.hgu.edu.cn/info/1053/12085.htm,read,走进数博盛会 感悟数字力量——信息工程学院组织师生参加2026中国国际数字经济博览会-河北地质大学,2026-10-01,
4113010077,河北地质大学,charter,https://www.hgu.edu.cn/xqzl/xxzc.htm,https://www.hgu.edu.cn/xqzl/xxzc.htm,read,学校章程-河北地质大学,2026-10-01,
4113010077,河北地质大学,overview,https://www.hgu.edu.cn/xqzl/xxjj.htm,https://www.hgu.edu.cn/xqzl/xxjj.htm,read,学校简介-河北地质大学,2026-10-01,
4113010077,河北地质大学,history,https://www.hgu.edu.cn/xqzl/lsyg.htm,https://www.hgu.edu.cn/xqzl/lsyg.htm,read,历史沿革-河北地质大学,2026-10-01,
4113010080,河北工业大学,homepage,https://www.hebut.edu.cn/,https://www.hebut.edu.cn/,read,河北工业大学,2026-10-01,
4113010080,河北工业大学,overview,https://www.hebut.edu.cn/gdgk/xxjj/index.htm,https://www.hebut.edu.cn/gdgk/xxjj/index.htm,read,河北工业大学,2026-10-01,
4113010080,河北工业大学,charter,https://www.hebut.edu.cn/gdgk/dxzc/index.htm,https://www.hebut.edu.cn/gdgk/dxzc/index.htm,read,河北工业大学,2026-10-01,
4113010080,河北工业大学,visual,https://www.hebut.edu.cn/gdgk/xxbz/index.htm,https://www.hebut.edu.cn/gdgk/xxbz/index.htm,read,河北工业大学,2026-10-01,
4113010080,河北工业大学,culture,https://www.hebut.edu.cn/zjgd/xysh/index.htm,https://www.hebut.edu.cn/zjgd/xysh/index.htm,read,河北工业大学,2026-10-01,
4113010080,河北工业大学,history,https://www.hebut.edu.cn/gdgk/lsyg/index.htm,https://www.hebut.edu.cn/gdgk/lsyg/index.htm,read,河北工业大学,2026-10-01,
4113010080,河北工业大学,english,https://eweb.hebut.edu.cn/,https://eweb.hebut.edu.cn/,read,HEBEI UNIVERSITY OF TECHNOLOGY,2026-10-01,
4113010080,河北工业大学,navigation,https://www.hebut.edu.cn/zjgd/index.htm,https://www.hebut.edu.cn/zjgd/index.htm,insufficient_text,,2026-10-01,
4113010080,河北工业大学,navigation,https://www.hebut.edu.cn/zjgd/xysh/363f9c1c0861441cacf720552acd54b4.htm,https://www.hebut.edu.cn/zjgd/xysh/363f9c1c0861441cacf720552acd54b4.htm,read,河北工业大学,2026-10-01,
4113010080,河北工业大学,visual,https://www.hebut.edu.cn/docs/2021-09/2a69b36bdd3a4be795ace6d015780152.pdf,,access_limited,,2026-10-01,ValueError
4113010080,河北工业大学,charter,https://www.hebut.edu.cn/gdgk/dxzc/index.htm,https://www.hebut.edu.cn/gdgk/dxzc/index.htm,read,河北工业大学,2026-10-01,
4113010080,河北工业大学,overview,https://www.hebut.edu.cn/gdgk/xxjj/index.htm,https://www.hebut.edu.cn/gdgk/xxjj/index.htm,read,河北工业大学,2026-10-01,
4113010080,河北工业大学,history,https://www.hebut.edu.cn/gdgk/lsyg/index.htm,https://www.hebut.edu.cn/gdgk/lsyg/index.htm,read,河北工业大学,2026-10-01,
4113010080,河北工业大学,culture,https://www.hebut.edu.cn/zjgd/xysh/index.htm,https://www.hebut.edu.cn/zjgd/xysh/index.htm,read,河北工业大学,2026-10-01,
4113010081,华北理工大学,homepage,https://www.ncst.edu.cn/,https://www.ncst.edu.cn/,read,华北理工大学-华北理工大学  www.ncst.edu.cn,2026-10-01,
4113010081,华北理工大学,overview,https://www.ncst.edu.cn/col/1511411853275/index.html,https://www.ncst.edu.cn/col/1511411853275/index.html,read,学校概况-华北理工大学,2026-10-01,
4113010081,华北理工大学,charter,https://www.ncst.edu.cn/col/1511504021231/index.html,https://www.ncst.edu.cn/col/1511504021231/index.html,read,学校章程-华北理工大学,2026-10-01,
4113010081,华北理工大学,visual,https://www.ncst.edu.cn/col/1511504054082/index.html,https://www.ncst.edu.cn/col/1511504054082/index.html,read,学校标识-华北理工大学,2026-10-01,
4113010081,华北理工大学,history,https://www.ncst.edu.cn/col/1511503973274/index.html,https://www.ncst.edu.cn/col/1511503973274/index.html,read,历史沿革-华北理工大学,2026-10-01,
4113010081,华北理工大学,english,https://international.ncst.edu.cn/,https://international.ncst.edu.cn/,read,international-华北理工大学  www.ncst.edu.cn,2026-10-01,
4113010081,华北理工大学,overview,https://www.ncst.edu.cn/col/1511503942627/index.html,https://www.ncst.edu.cn/col/1511503942627/index.html,read,学校简介-华北理工大学,2026-10-01,
4113010081,华北理工大学,charter,https://www.ncst.edu.cn/col/1511504021231/index.html,https://www.ncst.edu.cn/col/1511504021231/index.html,read,学校章程-华北理工大学,2026-10-01,
4113010081,华北理工大学,overview,https://www.ncst.edu.cn/col/1511411853275/index.html,https://www.ncst.edu.cn/col/1511411853275/index.html,read,学校概况-华北理工大学,2026-10-01,
4113010081,华北理工大学,overview,https://www.ncst.edu.cn/col/1511503942627/index.html,https://www.ncst.edu.cn/col/1511503942627/index.html,read,学校简介-华北理工大学,2026-10-01,
4113010081,华北理工大学,history,https://www.ncst.edu.cn/col/1511503973274/index.html,https://www.ncst.edu.cn/col/1511503973274/index.html,read,历史沿革-华北理工大学,2026-10-01,
4113010082,河北科技大学,homepage,https://www.hebust.edu.cn/,https://www.hebust.edu.cn/,read,河北科技大学,2026-10-01,
4113010082,河北科技大学,overview,https://www.hebust.edu.cn/xqzl/xxgk/index.htm,https://www.hebust.edu.cn/xqzl/xxgk/index.htm,read,河北科技大学-学校概况,2026-10-01,
4113010082,河北科技大学,visual,https://www.hebust.edu.cn/xywh/index.htm,https://www.hebust.edu.cn/xywh/index.htm,read,河北科技大学-校园文化,2026-10-01,
4113010082,河北科技大学,history,https://www.hebust.edu.cn/xqzl/lsyg/index.htm,https://www.hebust.edu.cn/xqzl/lsyg/index.htm,read,河北科技大学-历史沿革,2026-10-01,
4113010082,河北科技大学,english,https://english.hebust.edu.cn,https://english.hebust.edu.cn,read,Welcome to Hebei University Of Science and Technology！,2026-10-01,
4113010082,河北科技大学,visual,https://www.hebust.edu.cn/xqzl/xxsb/index.htm,https://www.hebust.edu.cn/xqzl/xxsb/index.htm,read,河北科技大学-形象识别,2026-10-01,
4113010082,河北科技大学,english,https://english.hebust.edu.cn/,https://english.hebust.edu.cn/,read,Welcome to Hebei University Of Science and Technology！,2026-10-01,
4113010082,河北科技大学,visual,https://www.hebust.edu.cn/xqzl/xxsb/sjsb/index.htm,https://www.hebust.edu.cn/xqzl/xxsb/sjsb/index.htm,read,河北科技大学-视觉识别,2026-10-01,
4113010082,河北科技大学,overview,https://www.hebust.edu.cn/xqzl/xxgk/index.htm,https://www.hebust.edu.cn/xqzl/xxgk/index.htm,read,河北科技大学-学校概况,2026-10-01,
4113010082,河北科技大学,history,https://www.hebust.edu.cn/xqzl/lsyg/index.htm,https://www.hebust.edu.cn/xqzl/lsyg/index.htm,read,河北科技大学-历史沿革,2026-10-01,
4113010085,河北水利电力学院,homepage,https://www.hbwe.edu.cn/,https://www.hbwe.edu.cn/,read,河北水利电力学院,2026-10-01,
4113010085,河北水利电力学院,overview,https://www.hbwe.edu.cn/xygk1.htm,https://www.hbwe.edu.cn/xygk1.htm,read,学院概况-河北水利电力学院,2026-10-01,
4113010085,河北水利电力学院,visual,https://www.hbwe.edu.cn/xygk1/xxxhxg.htm,https://www.hbwe.edu.cn/xygk1/xxxhxg.htm,read,校训校徽校歌-河北水利电力学院,2026-10-01,
4113010085,河北水利电力学院,history,https://www.hbwe.edu.cn/xygk1/lsyg.htm,https://www.hbwe.edu.cn/xygk1/lsyg.htm,read,历史沿革-河北水利电力学院,2026-10-01,
4113010085,河北水利电力学院,overview,https://www.hbwe.edu.cn/xygk1/xyjj/xxjj.htm,https://www.hbwe.edu.cn/xygk1/xyjj/xxjj.htm,read,学校简介-河北水利电力学院,2026-10-01,
4113010085,河北水利电力学院,overview,https://www.hbwe.edu.cn/xygk1.htm,https://www.hbwe.edu.cn/xygk1.htm,read,学院概况-河北水利电力学院,2026-10-01,
4113010085,河北水利电力学院,overview,https://www.hbwe.edu.cn/xygk1/xyjj/xxjj.htm,https://www.hbwe.edu.cn/xygk1/xyjj/xxjj.htm,read,学校简介-河北水利电力学院,2026-10-01,
4113010085,河北水利电力学院,history,https://www.hbwe.edu.cn/xygk1/lsyg.htm,https://www.hbwe.edu.cn/xygk1/lsyg.htm,read,历史沿革-河北水利电力学院,2026-10-01,
4113010086,河北农业大学,homepage,https://www.hebau.edu.cn,https://www.hebau.edu.cn,read,河北农业大学,2026-10-01,
4113010086,河北农业大学,overview,https://www.hebau.edu.cn/xxgkx/xxjj.htm,https://www.hebau.edu.cn/xxgkx/xxjj.htm,read,学校简介-河北农业大学,2026-10-01,
4113010086,河北农业大学,visual,https://www.hebau.edu.cn/xxgkx/sjsbxt.htm,https://www.hebau.edu.cn/xxgkx/sjsbxt.htm,read,视觉识别系统-河北农业大学,2026-10-01,
4113010086,河北农业大学,history,https://www.hebau.edu.cn/xxgkx/xsyg.htm,https://www.hebau.edu.cn/xxgkx/xsyg.htm,read,校史沿革-河北农业大学,2026-10-01,
4113010086,河北农业大学,english,https://english.hebau.edu.cn/index.htm,https://english.hebau.edu.cn/index.htm,read,Hebei Agricultural University,2026-10-01,
4113010086,河北农业大学,navigation,https://www.hebau.edu.cn/zjnd/xl.htm,https://www.hebau.edu.cn/zjnd/xl.htm,read,校历-河北农业大学,2026-10-01,
4113010086,河北农业大学,navigation,https://www.hebau.edu.cn/info/1272/23808.htm,https://www.hebau.edu.cn/info/1272/23808.htm,read,​我校“时雨”美育服务队走进保定古莲花池展演-河北农业大学,2026-10-01,
4113010086,河北农业大学,overview,https://www.hebau.edu.cn/xxgkx/xxjj.htm,https://www.hebau.edu.cn/xxgkx/xxjj.htm,read,学校简介-河北农业大学,2026-10-01,
4113010086,河北农业大学,history,https://www.hebau.edu.cn/xxgkx/xsyg.htm,https://www.hebau.edu.cn/xxgkx/xsyg.htm,read,校史沿革-河北农业大学,2026-10-01,
4113010086,河北农业大学,overview,https://www.hebau.edu.cn/xxgkx/xxjj.htm,,access_limited,,2026-10-01,URLError
4113010089,河北医科大学,homepage,https://www.hebmu.edu.cn,https://www.hebmu.edu.cn,read,河北医科大学,2026-10-01,
4113010089,河北医科大学,overview,https://www.hebmu.edu.cn/a/xxgk/xxjj/index.html,https://www.hebmu.edu.cn/a/xxgk/xxjj/index.html,read,学校简介,2026-10-01,
4113010089,河北医科大学,charter,https://www.hebmu.edu.cn/a/xxgk/xxzc/index.html,https://www.hebmu.edu.cn/a/xxgk/xxzc/index.html,read,学校章程,2026-10-01,
4113010089,河北医科大学,history,https://www.hebmu.edu.cn/a/xxgk/xyyg/index.html,https://www.hebmu.edu.cn/a/xxgk/xyyg/index.html,read,学校沿革,2026-10-01,
4113010089,河北医科大学,english,https://en.hebmu.edu.cn/,https://en.hebmu.edu.cn/,read,HEBEI MEDICAL UNIVERSITY无标题文档,2026-10-01,
4113010089,河北医科大学,overview,https://www.hebmu.edu.cn/a/xxgk/,https://www.hebmu.edu.cn/a/xxgk/,read,学校概况,2026-10-01,
4113010089,河北医科大学,charter,https://www.hebmu.edu.cn/a/xxgk/xxzc/,https://www.hebmu.edu.cn/a/xxgk/xxzc/,read,学校章程,2026-10-01,
4113010089,河北医科大学,history,https://www.hebmu.edu.cn/a/xxgk/xyyg/,https://www.hebmu.edu.cn/a/xxgk/xyyg/,read,学校沿革,2026-10-01,
4113010089,河北医科大学,english,https://en.hebmu.edu.cn,https://en.hebmu.edu.cn,read,HEBEI MEDICAL UNIVERSITY无标题文档,2026-10-01,
4113010089,河北医科大学,overview,https://www.hebmu.edu.cn/a/xxgk/xxjj/,https://www.hebmu.edu.cn/a/xxgk/xxjj/,read,学校简介,2026-10-01,
4113010089,河北医科大学,charter,https://www.hebmu.edu.cn/a/xxgk/xxzc/,https://www.hebmu.edu.cn/a/xxgk/xxzc/,read,学校章程,2026-10-01,
4113010089,河北医科大学,charter,https://www.hebmu.edu.cn/a/xxgk/xxzc/index.html,https://www.hebmu.edu.cn/a/xxgk/xxzc/index.html,read,学校章程,2026-10-01,
4113010089,河北医科大学,overview,https://www.hebmu.edu.cn/a/xxgk/,https://www.hebmu.edu.cn/a/xxgk/,read,学校概况,2026-10-01,
4113010089,河北医科大学,overview,https://www.hebmu.edu.cn/a/xxgk/xxjj/,https://www.hebmu.edu.cn/a/xxgk/xxjj/,read,学校简介,2026-10-01,
4113010089,河北医科大学,overview,https://www.hebmu.edu.cn/a/xxgk/xxjj/index.html,https://www.hebmu.edu.cn/a/xxgk/xxjj/index.html,read,学校简介,2026-10-01,
4113010092,河北北方学院,homepage,https://www.hebeinu.edu.cn/,https://www.hebeinu.edu.cn/,read,河北北方学院,2026-10-01,
4113010092,河北北方学院,overview,https://www.hebeinu.edu.cn/index.php?s=/List/index/cid/11.html,https://www.hebeinu.edu.cn/index.php?s=/List/index/cid/11.html,read,学校简介-河北北方学院,2026-10-01,
4113010092,河北北方学院,overview,https://www.hebeinu.edu.cn/index.php?s=/List/index/cid/1.html,https://www.hebeinu.edu.cn/index.php?s=/List/index/cid/1.html,read,学校概况-河北北方学院,2026-10-01,
4113010092,河北北方学院,overview,https://www.hebeinu.edu.cn/index.php?s=/List/index/cid/1.html,https://www.hebeinu.edu.cn/index.php?s=/List/index/cid/1.html,read,学校概况-河北北方学院,2026-10-01,
4113010092,河北北方学院,overview,https://www.hebeinu.edu.cn/index.php?s=/List/index/cid/11.html,https://www.hebeinu.edu.cn/index.php?s=/List/index/cid/11.html,read,学校简介-河北北方学院,2026-10-01,
4113010093,承德医学院,homepage,http://chengdemedicaluniversity.com/,,title_mismatch,,2026-10-01,
4113010093,承德医学院,overview,https://www.cdmc.edu.cn/,https://www.cdmc.edu.cn/,read,承德医学院主站,2026-10-01,
4113010093,承德医学院,overview,https://zysy.cdmc.edu.cn/col/col371/,https://zysy.cdmc.edu.cn/col/col371/,read,承德医学院主站 承医简介,2026-10-01,
4113010093,承德医学院,overview,https://www.cdmc.edu.cn/,https://www.cdmc.edu.cn/,read,承德医学院主站,2026-10-01,
4113010093,承德医学院,overview,https://zysy.cdmc.edu.cn/col/col371/,https://zysy.cdmc.edu.cn/col/col371/,read,承德医学院主站 承医简介,2026-10-01,
4113010094,河北师范大学,homepage,https://www.hebtu.edu.cn/,https://www.hebtu.edu.cn/,read,河北师范大学河北师范大学,2026-10-01,
4113010094,河北师范大学,overview,https://www.hebtu.edu.cn/a/xxgk/xxjj/index.html,https://www.hebtu.edu.cn/a/xxgk/xxjj/index.html,read,学校简介河北师范大学,2026-10-01,
4113010094,河北师范大学,visual,https://www.hebtu.edu.cn/a/xxgk/xxbz/index.html,https://www.hebtu.edu.cn/a/xxgk/xxbz/index.html,read,学校标识河北师范大学,2026-10-01,
4113010094,河北师范大学,history,https://www.hebtu.edu.cn/a/xxgk/lsyg/index.html,https://www.hebtu.edu.cn/a/xxgk/lsyg/index.html,read,历史沿革河北师范大学,2026-10-01,
4113010094,河北师范大学,overview,https://www.hebtu.edu.cn/a/xxgk/index.html,https://www.hebtu.edu.cn/a/xxgk/index.html,read,学校概况河北师范大学,2026-10-01,
4113010094,河北师范大学,overview,https://www.hebtu.edu.cn/a/xxgk/index.html,https://www.hebtu.edu.cn/a/xxgk/index.html,read,学校概况河北师范大学,2026-10-01,
4113010094,河北师范大学,overview,https://www.hebtu.edu.cn/a/xxgk/xxjj/index.html,https://www.hebtu.edu.cn/a/xxgk/xxjj/index.html,read,学校简介河北师范大学,2026-10-01,
4113010094,河北师范大学,history,https://www.hebtu.edu.cn/a/xxgk/lsyg/index.html,https://www.hebtu.edu.cn/a/xxgk/lsyg/index.html,read,历史沿革河北师范大学,2026-10-01,
4113010096,保定学院,homepage,https://www.bdu.edu.cn,https://www.bdu.edu.cn,read,保定学院,2026-10-01,
4113010096,保定学院,overview,https://www.bdu.edu.cn/xygk/xxjj.htm,https://www.bdu.edu.cn/xygk/xxjj.htm,read,学校简介-保定学院,2026-10-01,
4113010096,保定学院,history,https://www.bdu.edu.cn/xygk/lsyg.htm,https://www.bdu.edu.cn/xygk/lsyg.htm,read,历史沿革-保定学院,2026-10-01,
4113010096,保定学院,overview,https://www.bdu.edu.cn/xygk/xxjj.htm,https://www.bdu.edu.cn/xygk/xxjj.htm,read,学校简介-保定学院,2026-10-01,
4113010096,保定学院,history,https://www.bdu.edu.cn/xygk/lsyg.htm,https://www.bdu.edu.cn/xygk/lsyg.htm,read,历史沿革-保定学院,2026-10-01,
4113010098,河北民族师范学院,homepage,https://www.hbun.edu.cn/,https://www.hbun.edu.cn/,read,河北民族师范学院,2026-10-01,
4113010098,河北民族师范学院,overview,https://www.hbun.edu.cn/xxgk/xxjj.htm,https://www.hbun.edu.cn/xxgk/xxjj.htm,read,学校简介-河北民族师范学院,2026-10-01,
4113010098,河北民族师范学院,culture,https://www.hbun.edu.cn/xxgk/xg.htm,https://www.hbun.edu.cn/xxgk/xg.htm,read,校歌-河北民族师范学院,2026-10-01,
4113010098,河北民族师范学院,history,https://www.hbun.edu.cn/xxgk/lsyg.htm,https://www.hbun.edu.cn/xxgk/lsyg.htm,read,历史沿革-河北民族师范学院,2026-10-01,
4113010098,河北民族师范学院,overview,https://www.hbun.edu.cn/xxgk/yxsf.htm,https://www.hbun.edu.cn/xxgk/yxsf.htm,read,一训三风-河北民族师范学院,2026-10-01,
4113010098,河北民族师范学院,overview,https://www.hbun.edu.cn/xxgk/xxjj.htm,https://www.hbun.edu.cn/xxgk/xxjj.htm,read,学校简介-河北民族师范学院,2026-10-01,
4113010098,河北民族师范学院,overview,https://www.hbun.edu.cn/xxgk/yxsf.htm,https://www.hbun.edu.cn/xxgk/yxsf.htm,read,一训三风-河北民族师范学院,2026-10-01,
4113010098,河北民族师范学院,history,https://www.hbun.edu.cn/xxgk/lsyg.htm,https://www.hbun.edu.cn/xxgk/lsyg.htm,read,历史沿革-河北民族师范学院,2026-10-01,
4113010098,河北民族师范学院,culture,https://www.hbun.edu.cn/xxgk/xg.htm,https://www.hbun.edu.cn/xxgk/xg.htm,read,校歌-河北民族师范学院,2026-10-01,
4113010099,唐山师范学院,overview,https://www.tstc.edu.cn//,,access_limited,,2026-10-01,URLError
4113010099,唐山师范学院,overview,https://www.tstc.edu.cn/xxgk/xxjj.htm,,access_limited,,2026-10-01,URLError
4113010099,唐山师范学院,navigation,https://ydbgspub.tstc.edu.cn/,,access_limited,,2026-10-01,URLError
4113010099,唐山师范学院,overview,https://www.tstc.edu.cn/?from=edurank.org,,access_limited,,2026-10-01,URLError
4113010101,衡水学院,homepage,http://www.hsnc.cn/,,fetch_error,,2026-10-01,URLError
4113010101,衡水学院,charter,https://gaokao.chsi.com.cn/zsgs/zhangcheng/listVerifedZszc--method-view%2CschId-85%2CinfoId-7630187867.dhtml,,access_limited,,2026-10-01,HTTPError
4113010102,石家庄学院,homepage,https://www.sjzc.edu.cn/,https://www.sjzc.edu.cn/,read,石家庄学院,2026-10-01,
4113010102,石家庄学院,overview,https://www.sjzc.edu.cn/columns/bb227ffe-5d7a-41ba-8f4c-824653db4d22/index.html,https://www.sjzc.edu.cn/columns/bb227ffe-5d7a-41ba-8f4c-824653db4d22/index.html,read,学校简介,2026-10-01,
4113010102,石家庄学院,charter,https://www.sjzc.edu.cn/columns/8a9d367e-4afa-4e8e-9663-fed9c3894850/index.html,https://www.sjzc.edu.cn/columns/8a9d367e-4afa-4e8e-9663-fed9c3894850/index.html,read,学校章程,2026-10-01,
4113010102,石家庄学院,english,https://www.sjzc.edu.cn/english/,https://www.sjzc.edu.cn/english/,read,石家庄学院英文版,2026-10-01,
4113010102,石家庄学院,charter,https://www.sjzc.edu.cn/columns/8a9d367e-4afa-4e8e-9663-fed9c3894850/index.html,https://www.sjzc.edu.cn/columns/8a9d367e-4afa-4e8e-9663-fed9c3894850/index.html,read,学校章程,2026-10-01,
4113010102,石家庄学院,overview,https://www.sjzc.edu.cn/columns/bb227ffe-5d7a-41ba-8f4c-824653db4d22/index.html,https://www.sjzc.edu.cn/columns/bb227ffe-5d7a-41ba-8f4c-824653db4d22/index.html,read,学校简介,2026-10-01,
4113010103,邯郸学院,homepage,https://www.hdc.edu.cn/,https://www.hdc.edu.cn/,read,邯郸学院-官网,2026-10-01,
4113010104,邢台学院,homepage,https://www.xttc.edu.cn,https://www.xttc.edu.cn,read,邢台学院,2026-10-01,
4113010104,邢台学院,overview,https://www.xttc.edu.cn/xxgk2/xxjj.htm,https://www.xttc.edu.cn/xxgk2/xxjj.htm,read,学校简介-邢台学院,2026-10-01,
4113010104,邢台学院,charter,https://www.xttc.edu.cn/xxgk2/xxzc.htm,https://www.xttc.edu.cn/xxgk2/xxzc.htm,read,学校章程-邢台学院,2026-10-01,
4113010104,邢台学院,visual,https://www.xttc.edu.cn/xxgk2/xxbs.htm,https://www.xttc.edu.cn/xxgk2/xxbs.htm,read,学校标识-邢台学院,2026-10-01,
4113010104,邢台学院,history,https://www.xttc.edu.cn/xxgk2/lsyg.htm,https://www.xttc.edu.cn/xxgk2/lsyg.htm,read,历史沿革-邢台学院,2026-10-01,
4113010104,邢台学院,navigation,https://www.xttc.edu.cn/info/2434/70312.htm,https://www.xttc.edu.cn/info/2434/70312.htm,read,我校成功举办河北省高等学校科研管理研究会2026年度科研管理学术研讨会及河北省高校百校千团“冀企行”走进邢台活动 -邢台学院,2026-10-01,
4113010104,邢台学院,charter,https://www.xttc.edu.cn/xxgk2/xxzc.htm,https://www.xttc.edu.cn/xxgk2/xxzc.htm,read,学校章程-邢台学院,2026-10-01,
4113010104,邢台学院,overview,https://www.xttc.edu.cn/xxgk2/xxjj.htm,https://www.xttc.edu.cn/xxgk2/xxjj.htm,read,学校简介-邢台学院,2026-10-01,
4113010104,邢台学院,history,https://www.xttc.edu.cn/xxgk2/lsyg.htm,https://www.xttc.edu.cn/xxgk2/lsyg.htm,read,历史沿革-邢台学院,2026-10-01,
4113010105,沧州师范学院,homepage,http://www.caztc.edu.cn/s,,fetch_error,,2026-10-01,HTTPError
4113010107,石家庄铁道大学,homepage,https://www.stdu.edu.cn,https://www.stdu.edu.cn,read,石家庄铁道大学,2026-10-01,
4113010107,石家庄铁道大学,overview,https://www.stdu.edu.cn/index.php/about/xxjj.html,https://www.stdu.edu.cn/index.php/about/xxjj.html,read,石家庄铁道大学简介,2026-10-01,
4113010107,石家庄铁道大学,history,https://www.stdu.edu.cn/index.php/about/xsgg.html,https://www.stdu.edu.cn/index.php/about/xsgg.html,read,校史沿革,2026-10-01,
4113010107,石家庄铁道大学,english,https://english.stdu.edu.cn/,,access_limited,,2026-10-01,URLError
4113010107,石家庄铁道大学,overview,https://www.stdu.edu.cn/index.php/about/xxjj.html,https://www.stdu.edu.cn/index.php/about/xxjj.html,read,石家庄铁道大学简介,2026-10-01,
4113010107,石家庄铁道大学,history,https://www.stdu.edu.cn/index.php/about/xsgg.html,https://www.stdu.edu.cn/index.php/about/xsgg.html,read,校史沿革,2026-10-01,
4113010216,燕山大学,homepage,https://www.ysu.edu.cn,https://www.ysu.edu.cn,read,燕山大学,2026-10-01,
4113010216,燕山大学,overview,https://www.ysu.edu.cn/xxgk/xxjj.htm,https://www.ysu.edu.cn/xxgk/xxjj.htm,read,学校简介-燕山大学,2026-10-01,
4113010216,燕山大学,charter,https://www.ysu.edu.cn/xxgk/xxzc1.htm,https://www.ysu.edu.cn/xxgk/xxzc1.htm,read,学校章程-燕山大学,2026-10-01,
4113010216,燕山大学,visual,http://vis.ysu.edu.cn/,http://vis.ysu.edu.cn/,insufficient_text,燕山大学形象识别系统,2026-10-01,
4113010216,燕山大学,history,https://www.ysu.edu.cn/xxgk/lsyg1.htm,https://www.ysu.edu.cn/xxgk/lsyg1.htm,read,历史沿革-燕山大学,2026-10-01,
4113010216,燕山大学,english,http://english.ysu.edu.cn/,http://english.ysu.edu.cn/,read,Yanshan University,2026-10-01,
4113010216,燕山大学,navigation,http://www.ysu.edu.cn/news/info/5503/29934.htm,http://www.ysu.edu.cn/news/info/5503/29934.htm,read,“传承红色基因 激扬青春力量”老兵宣讲活动走进燕山大学-燕山大学,2026-10-01,
4113010216,燕山大学,culture,http://www.ysu.edu.cn/news/info/5503/29918.htm,http://www.ysu.edu.cn/news/info/5503/29918.htm,read,燕山大学举办2026年新生校歌合唱比赛-燕山大学,2026-10-01,
4113010216,燕山大学,charter,https://www.ysu.edu.cn/xxgk/xxzc1.htm,https://www.ysu.edu.cn/xxgk/xxzc1.htm,read,学校章程-燕山大学,2026-10-01,
4113010216,燕山大学,overview,https://www.ysu.edu.cn/xxgk/xxjj.htm,https://www.ysu.edu.cn/xxgk/xxjj.htm,read,学校简介-燕山大学,2026-10-01,
4113010216,燕山大学,history,https://www.ysu.edu.cn/xxgk/lsyg1.htm,https://www.ysu.edu.cn/xxgk/lsyg1.htm,read,历史沿革-燕山大学,2026-10-01,
4113010216,燕山大学,culture,http://www.ysu.edu.cn/news/info/5503/29918.htm,http://www.ysu.edu.cn/news/info/5503/29918.htm,read,燕山大学举办2026年新生校歌合唱比赛-燕山大学,2026-10-01,
4113010798,河北科技师范学院,homepage,https://www.hevttc.edu.cn/,https://www.hevttc.edu.cn/,read,河北科技师范学院,2026-10-01,
4113010798,河北科技师范学院,overview,https://www.hevttc.edu.cn/xxgk/xxjj.htm,https://www.hevttc.edu.cn/xxgk/xxjj.htm,read,学校简介-河北科技师范学院,2026-10-01,
4113010798,河北科技师范学院,culture,https://www.hevttc.edu.cn/xxgk/xxxg.htm,https://www.hevttc.edu.cn/xxgk/xxxg.htm,read,校训校歌-河北科技师范学院,2026-10-01,
4113010798,河北科技师范学院,navigation,https://www.hevttc.edu.cn/info/1023/24829.htm,https://www.hevttc.edu.cn/info/1023/24829.htm,read,工商管理学院开展走进军营锤炼党性主题党日活动-河北科技师范学院,2026-10-01,
4113010798,河北科技师范学院,overview,https://www.hevttc.edu.cn/xxgk.htm,https://www.hevttc.edu.cn/xxgk.htm,read,学校概况-河北科技师范学院,2026-10-01,
4113010798,河北科技师范学院,culture,https://www.hevttc.edu.cn/info/1019/30709.htm,https://www.hevttc.edu.cn/info/1019/30709.htm,read,学校树立和践行正确政绩观学习教育读书班开班-河北科技师范学院,2026-10-01,
4113010798,河北科技师范学院,overview,https://www.hevttc.edu.cn/xxgk.htm,https://www.hevttc.edu.cn/xxgk.htm,read,学校概况-河北科技师范学院,2026-10-01,
4113010798,河北科技师范学院,overview,https://www.hevttc.edu.cn/xxgk/xxjj.htm,https://www.hevttc.edu.cn/xxgk/xxjj.htm,read,学校简介-河北科技师范学院,2026-10-01,
4113010798,河北科技师范学院,culture,https://www.hevttc.edu.cn/xxgk/xxxg.htm,https://www.hevttc.edu.cn/xxgk/xxxg.htm,read,校训校歌-河北科技师范学院,2026-10-01,
4113010798,河北科技师范学院,culture,https://www.hevttc.edu.cn/info/1019/30709.htm,https://www.hevttc.edu.cn/info/1019/30709.htm,read,学校树立和践行正确政绩观学习教育读书班开班-河北科技师范学院,2026-10-01,
4113011033,唐山学院,homepage,http://www.tsc.edu.cn,,fetch_error,,2026-10-01,RemoteDisconnected
4113011033,唐山学院,overview,https://tsc.edu.cn/,,access_limited,,2026-10-01,URLError
4113011104,应急管理大学,homepage,https://www.ncist.edu.cn/,https://www.ncist.edu.cn/,read,应急管理大学,2026-10-01,
4113011104,应急管理大学,overview,https://www.ncist.edu.cn/xxgk/xxjj/index.htm,https://www.ncist.edu.cn/xxgk/xxjj/index.htm,read,应急管理大学,2026-10-01,
4113011104,应急管理大学,visual,https://www.ncist.edu.cn/xywh/index.htm,https://www.ncist.edu.cn/xywh/index.htm,insufficient_text,,2026-10-01,
4113011104,应急管理大学,history,https://www.ncist.edu.cn/xxgk/cjlc/index.htm,https://www.ncist.edu.cn/xxgk/cjlc/index.htm,read,应急管理大学,2026-10-01,
4113011104,应急管理大学,english,https://www.ncist.edu.cn/index.htm,https://www.ncist.edu.cn/index.htm,read,应急管理大学,2026-10-01,
4113011104,应急管理大学,overview,https://www.ncist.edu.cn/xxgk/index.htm,https://www.ncist.edu.cn/xxgk/index.htm,insufficient_text,,2026-10-01,
4113011104,应急管理大学,overview,https://www.ncist.edu.cn/xxgk/xxjj/index.htm,https://www.ncist.edu.cn/xxgk/xxjj/index.htm,read,应急管理大学,2026-10-01,
4113011104,应急管理大学,history,https://www.ncist.edu.cn/xxgk/cjlc/index.htm,https://www.ncist.edu.cn/xxgk/cjlc/index.htm,read,应急管理大学,2026-10-01,
4113011105,中国人民警察大学,homepage,https://www.cppu.edu.cn,https://www.cppu.edu.cn,read,中国人民警察大学（China People's Police University），简称“警大”，位于河北省廊坊市，是中华人民共和国公安部直属的全日制普通高等院校。学校始建于1981年4月24日，前,2026-10-01,
4113011105,中国人民警察大学,overview,https://www.cppu.edu.cn/xxgk/xxjj.htm,https://www.cppu.edu.cn/xxgk/xxjj.htm,read,学校简介-中国人民警察大学（China People's Police University），简称“警大”，位于河北省廊坊市，是中华人民共和国公安部直属的全日制普通高等院校。学校始建于1981年4月24日，前,2026-10-01,
4113011105,中国人民警察大学,culture,https://www.cppu.edu.cn/info/1041/6929.htm,https://www.cppu.edu.cn/info/1041/6929.htm,read,学校召开党委(扩大)会议 对树立和践行正确政绩观学习教育进行总结-中国人民警察大学（China People's Police University），简称“警大”，位于河北省廊坊市，是中华人民共和国公安部直属的全日制普通高等院校。学校始建于1981年4月24日，前,2026-10-01,
4113011105,中国人民警察大学,overview,https://www.cppu.edu.cn/xxgk/xxjj.htm,https://www.cppu.edu.cn/xxgk/xxjj.htm,read,学校简介-中国人民警察大学（China People's Police University），简称“警大”，位于河北省廊坊市，是中华人民共和国公安部直属的全日制普通高等院校。学校始建于1981年4月24日，前,2026-10-01,
4113011105,中国人民警察大学,culture,https://www.cppu.edu.cn/info/1041/6929.htm,https://www.cppu.edu.cn/info/1041/6929.htm,read,学校召开党委(扩大)会议 对树立和践行正确政绩观学习教育进行总结-中国人民警察大学（China People's Police University），简称“警大”，位于河北省廊坊市，是中华人民共和国公安部直属的全日制普通高等院校。学校始建于1981年4月24日，前,2026-10-01,
4113011236,河北体育学院,homepage,https://www.hepec.edu.cn/,https://www.hepec.edu.cn/,read,河北体育学院,2026-10-01,
4113011236,河北体育学院,overview,https://www.hepec.edu.cn/columns/39256e8e-9a8d-489f-aa8b-f9e14088aa0e/index.html,https://www.hepec.edu.cn/columns/39256e8e-9a8d-489f-aa8b-f9e14088aa0e/index.html,read,学校简介,2026-10-01,
4113011236,河北体育学院,charter,https://www.hepec.edu.cn/columns/d47c9a9d-5f10-4e19-9f91-2abd4f2c0352/index.html,https://www.hepec.edu.cn/columns/d47c9a9d-5f10-4e19-9f91-2abd4f2c0352/index.html,read,学校章程,2026-10-01,
4113011236,河北体育学院,visual,https://www.hepec.edu.cn/columns/a16a6214-6a5c-4896-ab94-527e9644600a/index.html,https://www.hepec.edu.cn/columns/a16a6214-6a5c-4896-ab94-527e9644600a/index.html,read,学校标识,2026-10-01,
4113011236,河北体育学院,culture,https://www.hepec.edu.cn/columns/d3060c31-60e5-406d-825d-63c459a8de43/index.html,https://www.hepec.edu.cn/columns/d3060c31-60e5-406d-825d-63c459a8de43/index.html,read,团学活动,2026-10-01,
4113011236,河北体育学院,overview,http://www.hepec.edu.cn/columns/39256e8e-9a8d-489f-aa8b-f9e14088aa0e/index.html,http://www.hepec.edu.cn/columns/39256e8e-9a8d-489f-aa8b-f9e14088aa0e/index.html,read,学校简介,2026-10-01,
4113011236,河北体育学院,charter,http://www.hepec.edu.cn/columns/d47c9a9d-5f10-4e19-9f91-2abd4f2c0352/index.html,http://www.hepec.edu.cn/columns/d47c9a9d-5f10-4e19-9f91-2abd4f2c0352/index.html,read,学校章程,2026-10-01,
4113011236,河北体育学院,visual,http://www.hepec.edu.cn/columns/a16a6214-6a5c-4896-ab94-527e9644600a/index.html,http://www.hepec.edu.cn/columns/a16a6214-6a5c-4896-ab94-527e9644600a/index.html,read,学校标识,2026-10-01,
4113011236,河北体育学院,culture,http://www.hepec.edu.cn/columns/d3060c31-60e5-406d-825d-63c459a8de43/index.html,http://www.hepec.edu.cn/columns/d3060c31-60e5-406d-825d-63c459a8de43/index.html,read,团学活动,2026-10-01,
4113011236,河北体育学院,charter,http://www.hepec.edu.cn/columns/d47c9a9d-5f10-4e19-9f91-2abd4f2c0352/index.html,http://www.hepec.edu.cn/columns/d47c9a9d-5f10-4e19-9f91-2abd4f2c0352/index.html,read,学校章程,2026-10-01,
4113011236,河北体育学院,charter,https://www.hepec.edu.cn/columns/d47c9a9d-5f10-4e19-9f91-2abd4f2c0352/index.html,https://www.hepec.edu.cn/columns/d47c9a9d-5f10-4e19-9f91-2abd4f2c0352/index.html,read,学校章程,2026-10-01,
4113011236,河北体育学院,overview,http://www.hepec.edu.cn/columns/39256e8e-9a8d-489f-aa8b-f9e14088aa0e/index.html,http://www.hepec.edu.cn/columns/39256e8e-9a8d-489f-aa8b-f9e14088aa0e/index.html,read,学校简介,2026-10-01,
4113011236,河北体育学院,overview,https://www.hepec.edu.cn/columns/39256e8e-9a8d-489f-aa8b-f9e14088aa0e/index.html,https://www.hepec.edu.cn/columns/39256e8e-9a8d-489f-aa8b-f9e14088aa0e/index.html,read,学校简介,2026-10-01,
4113011236,河北体育学院,culture,http://www.hepec.edu.cn/columns/d3060c31-60e5-406d-825d-63c459a8de43/index.html,http://www.hepec.edu.cn/columns/d3060c31-60e5-406d-825d-63c459a8de43/index.html,read,团学活动,2026-10-01,
4113011420,河北金融学院,homepage,https://www.hbfu.edu.cn,https://www.hbfu.edu.cn,read,河北金融学院 - Hebei Finance University,2026-10-01,
4113011420,河北金融学院,overview,https://www.hbfu.edu.cn/info/xyjj?id=1,https://www.hbfu.edu.cn/info/xyjj?id=1,read,河北金融学院 - Hebei Finance University,2026-10-01,
4113011420,河北金融学院,charter,https://www.hbfu.edu.cn/info/xyjj?id=31,https://www.hbfu.edu.cn/info/xyjj?id=31,read,河北金融学院 - Hebei Finance University,2026-10-01,
4113011420,河北金融学院,visual,https://www.hbfu.edu.cn/info/xyjj?id=15,https://www.hbfu.edu.cn/info/xyjj?id=15,read,河北金融学院 - Hebei Finance University,2026-10-01,
4113011420,河北金融学院,history,https://www.hbfu.edu.cn/info/xyjj?id=3,https://www.hbfu.edu.cn/info/xyjj?id=3,read,河北金融学院 - Hebei Finance University,2026-10-01,
4113011420,河北金融学院,english,https://web.hbfu.edu.cn/en/,https://web.hbfu.edu.cn/en/,read,English official website,2026-10-01,
4113011420,河北金融学院,overview,https://www.hbfu.edu.cn/cgTransition,https://www.hbfu.edu.cn/cgTransition,read,河北金融学院-机构设置,2026-10-01,
4113011420,河北金融学院,charter,https://www.hbfu.edu.cn/info/info/xyjj?id=31,,access_limited,,2026-10-01,HTTPError
4113011420,河北金融学院,visual,https://www.hbfu.edu.cn/info/info/xyjj?id=15,,access_limited,,2026-10-01,HTTPError
4113011420,河北金融学院,history,https://www.hbfu.edu.cn/info/info/xyjj?id=3,,access_limited,,2026-10-01,HTTPError
4113011420,河北金融学院,charter,https://www.hbfu.edu.cn/info/xyjj?id=31,https://www.hbfu.edu.cn/info/xyjj?id=31,read,河北金融学院 - Hebei Finance University,2026-10-01,
4113011420,河北金融学院,overview,https://www.hbfu.edu.cn/cgTransition,https://www.hbfu.edu.cn/cgTransition,read,河北金融学院-机构设置,2026-10-01,
4113011420,河北金融学院,overview,https://www.hbfu.edu.cn/info/xyjj?id=1,https://www.hbfu.edu.cn/info/xyjj?id=1,read,河北金融学院 - Hebei Finance University,2026-10-01,
4113011420,河北金融学院,history,https://www.hbfu.edu.cn/info/xyjj?id=3,https://www.hbfu.edu.cn/info/xyjj?id=3,read,河北金融学院 - Hebei Finance University,2026-10-01,
4113011629,北华航天工业学院,homepage,http://www.nciae.edu.cn/default.html,,fetch_error,,2026-10-01,HTTPError
4113011832,河北经贸大学,homepage,https://www.hueb.edu.cn/,https://www.hueb.edu.cn/,read,河北经贸大学,2026-10-01,
4113011832,河北经贸大学,overview,https://www.hueb.edu.cn/xxgk/xxjj.htm,https://www.hueb.edu.cn/xxgk/xxjj.htm,read,学校简介-河北经贸大学,2026-10-01,
4113011832,河北经贸大学,charter,https://www.hueb.edu.cn/xxgk/xxzc.htm,https://www.hueb.edu.cn/xxgk/xxzc.htm,read,学校章程-河北经贸大学,2026-10-01,
4113011832,河北经贸大学,visual,https://www.hueb.edu.cn/xxgk/xhbs.htm,https://www.hueb.edu.cn/xxgk/xhbs.htm,read,校徽标识-河北经贸大学,2026-10-01,
4113011832,河北经贸大学,overview,https://www.hueb.edu.cn/xxgk.htm,https://www.hueb.edu.cn/xxgk.htm,read,学校概况-河北经贸大学,2026-10-01,
4113011832,河北经贸大学,charter,https://www.hueb.edu.cn/xxgk/xxzc.htm,https://www.hueb.edu.cn/xxgk/xxzc.htm,read,学校章程-河北经贸大学,2026-10-01,
4113011832,河北经贸大学,overview,https://www.hueb.edu.cn/xxgk.htm,https://www.hueb.edu.cn/xxgk.htm,read,学校概况-河北经贸大学,2026-10-01,
4113011832,河北经贸大学,overview,https://www.hueb.edu.cn/xxgk/xxjj.htm,https://www.hueb.edu.cn/xxgk/xxjj.htm,read,学校简介-河北经贸大学,2026-10-01,
4113011903,中央司法警官学院,homepage,https://www.cicp.edu.cn,https://www.cicp.edu.cn,read,中央司法警官学院,2026-10-01,
4113011903,中央司法警官学院,overview,https://www.cicp.edu.cn/xyjj.jhtml,https://www.cicp.edu.cn/xyjj.jhtml,read,中央司法警官学院,2026-10-01,
4113011903,中央司法警官学院,overview,https://www.cicp.edu.cn/xyjj.jhtml,https://www.cicp.edu.cn/xyjj.jhtml,read,中央司法警官学院,2026-10-01,
4113013895,燕京理工学院,homepage,https://www.yit.edu.cn/,https://www.yit.edu.cn/,read,燕京理工学院 河北省首批转型发展示范高校、硕士学位授予立项建设单位燕京理工学院,2026-10-01,
4113013895,燕京理工学院,overview,https://www.yit.edu.cn/zjyl/xxjj/A129001001index_1.htm,https://www.yit.edu.cn/zjyl/xxjj/A129001001index_1.htm,read,学校简介,2026-10-01,
4113013895,燕京理工学院,visual,https://www.yit.edu.cn/zjyl/xxbs/A129001004index_1.htm,https://www.yit.edu.cn/zjyl/xxbs/A129001004index_1.htm,read,学校标识,2026-10-01,
4113013895,燕京理工学院,navigation,https://www.yit.edu.cn/yltz/mt/2026/9/9296a6d59afc4a2ebe6da1b287dae1d5.htm,https://www.yit.edu.cn/yltz/mt/2026/9/9296a6d59afc4a2ebe6da1b287dae1d5.htm,read,【国际在线】|体育运动员徐蕊走进燕京理工学院以运动经历赋能校园体育思政课堂,2026-10-01,
4113013895,燕京理工学院,navigation,https://www.yit.edu.cn/yltz/mt/2026/9/8b6a0bbe4c7e483297b41c7e5f87f38d.htm,https://www.yit.edu.cn/yltz/mt/2026/9/8b6a0bbe4c7e483297b41c7e5f87f38d.htm,read,世界冠军徐蕊走进燕京理工学院冠军精神赋能体育课堂,2026-10-01,
4113013895,燕京理工学院,overview,https://www.yit.edu.cn/zjyl/xxjj/A129001001index_1.htm,https://www.yit.edu.cn/zjyl/xxjj/A129001001index_1.htm,read,学校简介,2026-10-01,
4113014432,河北中医药大学,homepage,https://www.hebcm.edu.cn,https://www.hebcm.edu.cn,read,河北中医药大学,2026-10-01,
4113014432,河北中医药大学,overview,https://www.hebcm.edu.cn/col/1463637802676/index.html,https://www.hebcm.edu.cn/col/1463637802676/index.html,read,学校概况-河北中医药大学,2026-10-01,
4113014432,河北中医药大学,visual,https://www.hebcm.edu.cn/col/1463637804169/index.html,https://www.hebcm.edu.cn/col/1463637804169/index.html,read,校园文化-河北中医药大学,2026-10-01,
4113014432,河北中医药大学,history,https://www.hebcm.edu.cn/col/1463641331651/index.html,https://www.hebcm.edu.cn/col/1463641331651/index.html,read,历史沿革-河北中医药大学,2026-10-01,
4113014432,河北中医药大学,visual,https://www.hebcm.edu.cn/col/1463637802696/index.html,https://www.hebcm.edu.cn/col/1463637802696/index.html,read,校徽校训-河北中医药大学,2026-10-01,
4113014432,河北中医药大学,culture,https://www.hebcm.edu.cn/col/1463637802696/2016/06/27/1466991302922.html,https://www.hebcm.edu.cn/col/1463637802696/2016/06/27/1466991302922.html,read,河北中医药大学校训：博学求源 厚德济世-校徽校训-河北中医药大学,2026-10-01,
4113014432,河北中医药大学,visual,https://www.hebcm.edu.cn/col/1463637802696/2014/10/23/1463817370808.html,https://www.hebcm.edu.cn/col/1463637802696/2014/10/23/1463817370808.html,read,关于校徽-校徽校训-河北中医药大学,2026-10-01,
4113014432,河北中医药大学,overview,https://www.hebcm.edu.cn/col/1463637802676/index.html,https://www.hebcm.edu.cn/col/1463637802676/index.html,read,学校概况-河北中医药大学,2026-10-01,
4113014432,河北中医药大学,history,https://www.hebcm.edu.cn/col/1463641331651/index.html,https://www.hebcm.edu.cn/col/1463641331651/index.html,read,历史沿革-河北中医药大学,2026-10-01,
4113014432,河北中医药大学,culture,https://www.hebcm.edu.cn/col/1463637802696/2016/06/27/1466991302922.html,https://www.hebcm.edu.cn/col/1463637802696/2016/06/27/1466991302922.html,read,河北中医药大学校训：博学求源 厚德济世-校徽校训-河北中医药大学,2026-10-01,
4113014458,张家口学院,homepage,https://www.zjku.edu.cn/,https://www.zjku.edu.cn/,read,张家口学院-张家口学院,2026-10-01,
4113014458,张家口学院,overview,http://www.zjku.edu.cn/col/1369449782644/index.html,https://www.zjku.edu.cn/col/1369449782644/index.html,read,学校简介-张家口学院,2026-10-01,
4113014458,张家口学院,visual,http://www.zjku.edu.cn/col/1369449782677/index.html,https://www.zjku.edu.cn/col/1369449782677/index.html,read,校训校徽校歌-张家口学院,2026-10-01,
4113014458,张家口学院,history,http://www.zjku.edu.cn/col/1369449782694/index.html,https://www.zjku.edu.cn/col/1369449782694/index.html,read,历史沿革-张家口学院,2026-10-01,
4113014458,张家口学院,overview,https://www.zjku.edu.cn/col/1369449782644/index.html,https://www.zjku.edu.cn/col/1369449782644/index.html,read,学校简介-张家口学院,2026-10-01,
4113014458,张家口学院,history,https://www.zjku.edu.cn/col/1369449782694/index.html,https://www.zjku.edu.cn/col/1369449782694/index.html,read,历史沿革-张家口学院,2026-10-01,
4213051721,河北环境工程学院,homepage,http://www.emcc.cn/,,fetch_error,,2026-10-01,timeout
4113012884,邢台医学院,homepage,https://www.xtmc.edu.cn/index.htm,https://www.xtmc.edu.cn/index.htm,read,邢台医学院,2026-10-01,
4113012884,邢台医学院,overview,https://www.xtmc.edu.cn/xxgk/xxjj.htm,https://www.xtmc.edu.cn/xxgk/xxjj.htm,read,学校简介-邢台医学院,2026-10-01,
4113012884,邢台医学院,charter,https://www.xtmc.edu.cn/xxgk/xxzc.htm,https://www.xtmc.edu.cn/xxgk/xxzc.htm,read,学校章程-邢台医学院,2026-10-01,
4113012884,邢台医学院,visual,https://www.xtmc.edu.cn/xywh/xyfg.htm,https://www.xtmc.edu.cn/xywh/xyfg.htm,read,校园风光-邢台医学院,2026-10-01,
4113012884,邢台医学院,history,https://www.xtmc.edu.cn/xxgk/lsyg.htm,https://www.xtmc.edu.cn/xxgk/lsyg.htm,read,历史沿革-邢台医学院,2026-10-01,
4113012884,邢台医学院,navigation,https://www.xtmc.edu.cn/info/1029/29891.htm,https://www.xtmc.edu.cn/info/1029/29891.htm,read,河北日报客户端：河北省中医药非遗保护传承项目校园展演活动走进邢台-邢台医学院,2026-10-01,
4113012884,邢台医学院,visual,https://www.xtmc.edu.cn/xxgk/xhxg.htm,https://www.xtmc.edu.cn/xxgk/xhxg.htm,read,校徽校歌-邢台医学院,2026-10-01,
4113012884,邢台医学院,navigation,https://www.xtmc.edu.cn/info/1027/30861.htm,https://www.xtmc.edu.cn/info/1027/30861.htm,read,邢台市学习贯彻习近平文化思想百姓宣讲活动走进我校-邢台医学院,2026-10-01,
4113012884,邢台医学院,charter,https://www.xtmc.edu.cn/xxgk/xxzc.htm,https://www.xtmc.edu.cn/xxgk/xxzc.htm,read,学校章程-邢台医学院,2026-10-01,
4113012884,邢台医学院,overview,https://www.xtmc.edu.cn/xxgk/xxjj.htm,https://www.xtmc.edu.cn/xxgk/xxjj.htm,read,学校简介-邢台医学院,2026-10-01,
4113012884,邢台医学院,history,https://www.xtmc.edu.cn/xxgk/lsyg.htm,https://www.xtmc.edu.cn/xxgk/lsyg.htm,read,历史沿革-邢台医学院,2026-10-01,
4114010108,山西大学,homepage,https://www.sxu.edu.cn,https://www.sxu.edu.cn,read,山西大学,2026-10-01,
4114010108,山西大学,overview,https://www.sxu.edu.cn/xxgk/xxjj/index.html,https://www.sxu.edu.cn/xxgk/xxjj/index.html,read,山西大学学校简介,2026-10-01,
4114010108,山西大学,visual,https://www.sxu.edu.cn/xxgk/xxbs/index.html,https://www.sxu.edu.cn/xxgk/xxbs/index.html,read,山西大学学校标识,2026-10-01,
4114010108,山西大学,history,https://www.sxu.edu.cn/xxgk/lsyg/index.html,https://www.sxu.edu.cn/xxgk/lsyg/index.html,read,山西大学历史沿革,2026-10-01,
4114010108,山西大学,english,https://www.sxu.edu.cn/,https://www.sxu.edu.cn/,read,山西大学,2026-10-01,
4114010108,山西大学,overview,https://www.sxu.edu.cn/xxgk/xxjj/index.html,https://www.sxu.edu.cn/xxgk/xxjj/index.html,read,山西大学学校简介,2026-10-01,
4114010108,山西大学,history,https://www.sxu.edu.cn/xxgk/lsyg/index.html,https://www.sxu.edu.cn/xxgk/lsyg/index.html,read,山西大学历史沿革,2026-10-01,
4114010109,太原科技大学,homepage,https://www.tyust.edu.cn/,https://www.tyust.edu.cn/,read,太原科技大学主站,2026-10-01,
4114010109,太原科技大学,overview,https://www.tyust.edu.cn/xxgk/xxjj.htm,https://www.tyust.edu.cn/xxgk/xxjj.htm,read,学校简介-太原科技大学主站,2026-10-01,
4114010109,太原科技大学,charter,https://www.tyust.edu.cn/xxgk/xxzc.htm,https://www.tyust.edu.cn/xxgk/xxzc.htm,read,学校章程-太原科技大学主站,2026-10-01,
4114010109,太原科技大学,visual,https://www.tyust.edu.cn/xxgk/xxbsjxg.htm,https://www.tyust.edu.cn/xxgk/xxbsjxg.htm,read,学校标识及校歌-太原科技大学主站,2026-10-01,
4114010109,太原科技大学,history,https://www.tyust.edu.cn/xxgk/lsyg.htm,https://www.tyust.edu.cn/xxgk/lsyg.htm,read,历史沿革-太原科技大学主站,2026-10-01,
4114010109,太原科技大学,navigation,https://www.tyust.edu.cn/info/1323/11809.htm,https://www.tyust.edu.cn/info/1323/11809.htm,read,以热爱点亮讲台    用温暖铺就人生-太原科技大学主站,2026-10-01,
4114010109,太原科技大学,charter,https://www.tyust.edu.cn/xxgk/xxzc.htm,https://www.tyust.edu.cn/xxgk/xxzc.htm,read,学校章程-太原科技大学主站,2026-10-01,
4114010109,太原科技大学,overview,https://www.tyust.edu.cn/xxgk/xxjj.htm,https://www.tyust.edu.cn/xxgk/xxjj.htm,read,学校简介-太原科技大学主站,2026-10-01,
4114010109,太原科技大学,history,https://www.tyust.edu.cn/xxgk/lsyg.htm,https://www.tyust.edu.cn/xxgk/lsyg.htm,read,历史沿革-太原科技大学主站,2026-10-01,
4114010110,中北大学,homepage,https://www.nuc.edu.cn/,https://www.nuc.edu.cn/,read,中北大学,2026-10-01,
4114010110,中北大学,overview,https://www.nuc.edu.cn/xxgk/xxjj.htm,https://www.nuc.edu.cn/xxgk/xxjj.htm,read,学校简介-中北大学,2026-10-01,
4114010110,中北大学,charter,https://www.nuc.edu.cn/xxgk/xxzc.htm,https://www.nuc.edu.cn/xxgk/xxzc.htm,read,学校章程-中北大学,2026-10-01,
4114010110,中北大学,visual,https://www.nuc.edu.cn/xxgk/xxbs.htm,https://www.nuc.edu.cn/xxgk/xxbs.htm,read,学校标识-中北大学,2026-10-01,
4114010110,中北大学,history,https://www.nuc.edu.cn/xxgk/lsyg.htm,https://www.nuc.edu.cn/xxgk/lsyg.htm,read,历史沿革-中北大学,2026-10-01,
4114010110,中北大学,overview,https://www.nuc.edu.cn/xxgk.htm,https://www.nuc.edu.cn/xxgk.htm,read,学校概况-中北大学,2026-10-01,
4114010110,中北大学,charter,https://www.nuc.edu.cn/xxgk/xxzc.htm,https://www.nuc.edu.cn/xxgk/xxzc.htm,read,学校章程-中北大学,2026-10-01,
4114010110,中北大学,overview,https://www.nuc.edu.cn/xxgk.htm,https://www.nuc.edu.cn/xxgk.htm,read,学校概况-中北大学,2026-10-01,
4114010110,中北大学,overview,https://www.nuc.edu.cn/xxgk/xxjj.htm,https://www.nuc.edu.cn/xxgk/xxjj.htm,read,学校简介-中北大学,2026-10-01,
4114010110,中北大学,history,https://www.nuc.edu.cn/xxgk/lsyg.htm,https://www.nuc.edu.cn/xxgk/lsyg.htm,read,历史沿革-中北大学,2026-10-01,
4114010112,太原理工大学,homepage,https://www.tyut.edu.cn/,https://www.tyut.edu.cn/,read,太原理工大学,2026-10-01,
4114010112,太原理工大学,overview,https://www.tyut.edu.cn/xxgk1/xxjj.htm,https://www.tyut.edu.cn/xxgk1/xxjj.htm,read,学校简介-太原理工大学,2026-10-01,
4114010112,太原理工大学,charter,https://www.tyut.edu.cn/xxgk1/xxzc.htm,https://www.tyut.edu.cn/xxgk1/xxzc.htm,read,学校章程-太原理工大学,2026-10-01,
4114010112,太原理工大学,visual,https://www.tyut.edu.cn/xxgk1/xxbs.htm,https://www.tyut.edu.cn/xxgk1/xxbs.htm,read,学校标识-太原理工大学,2026-10-01,
4114010112,太原理工大学,history,https://www.tyut.edu.cn/xxgk1/lsyg.htm,https://www.tyut.edu.cn/xxgk1/lsyg.htm,read,历史沿革-太原理工大学,2026-10-01,
4114010112,太原理工大学,english,http://english.tyut.edu.cn/,https://english.tyut.edu.cn/,read,Taiyuan University of Technology,2026-10-01,
4114010112,太原理工大学,overview,https://www.tyut.edu.cn/xxgk1.htm,https://www.tyut.edu.cn/xxgk1.htm,read,学校概况-太原理工大学,2026-10-01,
4114010112,太原理工大学,charter,https://www.tyut.edu.cn/xxgk1/xxzc.htm,https://www.tyut.edu.cn/xxgk1/xxzc.htm,read,学校章程-太原理工大学,2026-10-01,
4114010112,太原理工大学,overview,https://www.tyut.edu.cn/xxgk1.htm,https://www.tyut.edu.cn/xxgk1.htm,read,学校概况-太原理工大学,2026-10-01,
4114010112,太原理工大学,overview,https://www.tyut.edu.cn/xxgk1/xxjj.htm,https://www.tyut.edu.cn/xxgk1/xxjj.htm,read,学校简介-太原理工大学,2026-10-01,
4114010112,太原理工大学,history,https://www.tyut.edu.cn/xxgk1/lsyg.htm,https://www.tyut.edu.cn/xxgk1/lsyg.htm,read,历史沿革-太原理工大学,2026-10-01,
4114010113,山西农业大学,homepage,https://www.sxau.edu.cn/,https://www.sxau.edu.cn/,read,山西农业大学,2026-10-01,
4114010113,山西农业大学,overview,https://www.sxau.edu.cn/xxgk2/xxjj.htm,https://www.sxau.edu.cn/xxgk2/xxjj.htm,read,学校简介-山西农业大学,2026-10-01,
4114010113,山西农业大学,history,https://www.sxau.edu.cn/xxgk2/lsyg.htm,https://www.sxau.edu.cn/xxgk2/lsyg.htm,read,历史沿革-山西农业大学,2026-10-01,
4114010113,山西农业大学,overview,https://www.sxau.edu.cn/xxgk2.htm,https://www.sxau.edu.cn/xxgk2.htm,read,学校概况-山西农业大学,2026-10-01,
4114010113,山西农业大学,overview,https://www.sxau.edu.cn/xxgk2.htm,https://www.sxau.edu.cn/xxgk2.htm,read,学校概况-山西农业大学,2026-10-01,
4114010113,山西农业大学,overview,https://www.sxau.edu.cn/xxgk2/xxjj.htm,https://www.sxau.edu.cn/xxgk2/xxjj.htm,read,学校简介-山西农业大学,2026-10-01,
4114010113,山西农业大学,history,https://www.sxau.edu.cn/xxgk2/lsyg.htm,https://www.sxau.edu.cn/xxgk2/lsyg.htm,read,历史沿革-山西农业大学,2026-10-01,
4114010114,山西医科大学,homepage,http://www.sxmu.edu.cn/,,fetch_error,,2026-10-01,timeout
4114010114,山西医科大学,charter,https://www.sxmu.edu.cn/xxgk/xxzc.htm,,access_limited,,2026-10-01,URLError
4114010114,山西医科大学,overview,https://www.sxmu.edu.cn/,,access_limited,,2026-10-01,URLError
4114010114,山西医科大学,overview,https://www.sxmu.edu.cn/xxgk/xxjj.htm,,access_limited,,2026-10-01,URLError
4114010117,长治医学院,homepage,http://www.czmc.edu.cn/index.htm,http://www.czmc.edu.cn/index.htm,read,长治医学院,2026-10-01,
4114010117,长治医学院,overview,http://www.czmc.edu.cn/xygk/xyjj.htm,http://www.czmc.edu.cn/xygk/xyjj.htm,read,学院简介-长治医学院,2026-10-01,
4114010117,长治医学院,visual,http://www.czmc.edu.cn/xygk/xh.htm,http://www.czmc.edu.cn/xygk/xh.htm,read,校徽-长治医学院,2026-10-01,
4114010117,长治医学院,culture,http://www.czmc.edu.cn/xygk/xg.htm,http://www.czmc.edu.cn/xygk/xg.htm,read,校歌-长治医学院,2026-10-01,
4114010117,长治医学院,history,http://www.czmc.edu.cn/xygk/lsyg.htm,http://www.czmc.edu.cn/xygk/lsyg.htm,read,历史沿革-长治医学院,2026-10-01,
4114010117,长治医学院,culture,http://www.czmc.edu.cn/xygk/xx.htm,http://www.czmc.edu.cn/xygk/xx.htm,read,校训-长治医学院,2026-10-01,
4114010117,长治医学院,overview,http://www.czmc.edu.cn/xygk/xyjj.htm,http://www.czmc.edu.cn/xygk/xyjj.htm,read,学院简介-长治医学院,2026-10-01,
4114010117,长治医学院,history,http://www.czmc.edu.cn/xygk/lsyg.htm,http://www.czmc.edu.cn/xygk/lsyg.htm,read,历史沿革-长治医学院,2026-10-01,
4114010117,长治医学院,culture,http://www.czmc.edu.cn/xygk/xg.htm,http://www.czmc.edu.cn/xygk/xg.htm,read,校歌-长治医学院,2026-10-01,
4114010117,长治医学院,culture,http://www.czmc.edu.cn/xygk/xx.htm,http://www.czmc.edu.cn/xygk/xx.htm,read,校训-长治医学院,2026-10-01,
4114010118,山西师范大学,homepage,http://www.sxnu.edu.cn/,http://www.sxnu.edu.cn/,read,山西师范大学,2026-10-01,
4114010118,山西师范大学,overview,http://www.sxnu.edu.cn/xxgk/xxjj.htm,http://www.sxnu.edu.cn/xxgk/xxjj.htm,read,学校简介-山西师范大学,2026-10-01,
4114010118,山西师范大学,overview,http://www.sxnu.edu.cn/xxgk/xxjj.htm,http://www.sxnu.edu.cn/xxgk/xxjj.htm,read,学校简介-山西师范大学,2026-10-01,
4114010119,太原师范学院,homepage,http://www.tynu.edu.cn,,fetch_error,,2026-10-01,timeout
4114010120,山西大同大学,homepage,http://www.sxdtdx.edu.cn/english/,,robots_disallowed,,2026-10-01,
4114010120,山西大同大学,charter,https://www.sxdtdx.edu.cn/news-show-100.html,,robots_disallowed,,2026-10-01,
4114010120,山西大同大学,overview,https://m.sxdtdx.edu.cn/,,robots_disallowed,,2026-10-01,
4114010120,山西大同大学,overview,https://www.sxdtdx.edu.cn/,,robots_disallowed,,2026-10-01,
4114010120,山西大同大学,overview,https://www.sxdtdx.edu.cn/news-show-99.html,,robots_disallowed,,2026-10-01,
4114010120,山西大同大学,charter,https://zhs.sxdtdx.edu.cn/news-show-421.html,,robots_disallowed,,2026-10-01,
4114010121,晋中学院,homepage,https://www.jzxy.edu.cn/,https://www.jzxy.edu.cn/,read,晋中学院,2026-10-01,
4114010121,晋中学院,overview,http://www.jzxy.edu.cn/xyjj.html,http://www.jzxy.edu.cn/xyjj.html,read,学校概况_学校简介_晋中学院,2026-10-01,
4114010121,晋中学院,charter,http://www.jzxy.edu.cn/xyzc.html,http://www.jzxy.edu.cn/xyzc.html,read,学校概况_学校章程_晋中学院,2026-10-01,
4114010121,晋中学院,overview,http://www.jzxy.edu.cn/xygk.html,http://www.jzxy.edu.cn/xygk.html,read,学校概况_晋中学院,2026-10-01,
4114010121,晋中学院,overview,http://www.jzxy.edu.cn/xygk,http://www.jzxy.edu.cn/xygk,read,学校概况_晋中学院,2026-10-01,
4114010121,晋中学院,charter,http://www.jzxy.edu.cn/xyzc.html,http://www.jzxy.edu.cn/xyzc.html,read,学校概况_学校章程_晋中学院,2026-10-01,
4114010121,晋中学院,overview,http://www.jzxy.edu.cn/xygk,http://www.jzxy.edu.cn/xygk,read,学校概况_晋中学院,2026-10-01,
4114010121,晋中学院,overview,http://www.jzxy.edu.cn/xyjj.html,http://www.jzxy.edu.cn/xyjj.html,read,学校概况_学校简介_晋中学院,2026-10-01,
4114010121,晋中学院,overview,http://www.jzxy.edu.cn/xygk.html,http://www.jzxy.edu.cn/xygk.html,read,学校概况_晋中学院,2026-10-01,
4114010122,长治学院,homepage,https://www.czc.edu.cn/,https://www.czc.edu.cn/,read,长治学院,2026-10-01,
4114010122,长治学院,overview,https://www.czc.edu.cn/xxgk/xxjj.htm,https://www.czc.edu.cn/xxgk/xxjj.htm,read,学校简介-长治学院,2026-10-01,
4114010122,长治学院,visual,https://www.czc.edu.cn/xxgk/xhxg.htm,https://www.czc.edu.cn/xxgk/xhxg.htm,read,校徽校歌-长治学院,2026-10-01,
4114010122,长治学院,history,https://www.czc.edu.cn/xxgk/lsyg.htm,https://www.czc.edu.cn/xxgk/lsyg.htm,read,历史沿革-长治学院,2026-10-01,
4114010122,长治学院,overview,https://www.czc.edu.cn/xxgk/xxjj.htm,https://www.czc.edu.cn/xxgk/xxjj.htm,read,学校简介-长治学院,2026-10-01,
4114010122,长治学院,history,https://www.czc.edu.cn/xxgk/lsyg.htm,https://www.czc.edu.cn/xxgk/lsyg.htm,read,历史沿革-长治学院,2026-10-01,
4114010123,运城学院,homepage,http://www.ycu.edu.cn,,fetch_error,,2026-10-01,RemoteDisconnected
4114010123,运城学院,overview,https://jy.ncut.edu.cn/front/zpxx.jspa?tid=10696,https://jy.ncut.edu.cn/front/zpxx.jspa?tid=10696,read,运城学院,2026-10-01,
4114010123,运城学院,overview,https://jy.ncut.edu.cn/front/zpxx.jspa?tid=10696,https://jy.ncut.edu.cn/front/zpxx.jspa?tid=10696,read,运城学院,2026-10-01,
4114010124,忻州师范学院,homepage,https://www.xztu.edu.cn,https://www.xztu.edu.cn,read,忻州师范学院,2026-10-01,
4114010124,忻州师范学院,overview,https://www.xztu.edu.cn/xxgk/xyjj.htm,https://www.xztu.edu.cn/xxgk/xyjj.htm,read,学院简介-忻州师范学院,2026-10-01,
4114010124,忻州师范学院,charter,https://www.xztu.edu.cn/xxgk/xyzc.htm,https://www.xztu.edu.cn/xxgk/xyzc.htm,read,学院章程-忻州师范学院,2026-10-01,
4114010124,忻州师范学院,visual,https://www.xztu.edu.cn/xxgk/xhxx.htm,https://www.xztu.edu.cn/xxgk/xhxx.htm,read,校徽校训-忻州师范学院,2026-10-01,
4114010124,忻州师范学院,history,https://www.xztu.edu.cn/xxgk/lsyg.htm,https://www.xztu.edu.cn/xxgk/lsyg.htm,read,历史沿革-忻州师范学院,2026-10-01,
4114010124,忻州师范学院,overview,https://www.xztu.edu.cn/info/1052/8987.htm,https://www.xztu.edu.cn/info/1052/8987.htm,read,忻州师范学院引进博士研究生公告-忻州师范学院,2026-10-01,
4114010124,忻州师范学院,charter,https://www.xztu.edu.cn/xxgk/xyzc.htm,https://www.xztu.edu.cn/xxgk/xyzc.htm,read,学院章程-忻州师范学院,2026-10-01,
4114010124,忻州师范学院,overview,https://www.xztu.edu.cn/xxgk/xyjj.htm,https://www.xztu.edu.cn/xxgk/xyjj.htm,read,学院简介-忻州师范学院,2026-10-01,
4114010124,忻州师范学院,overview,https://www.xztu.edu.cn/info/1052/8987.htm,https://www.xztu.edu.cn/info/1052/8987.htm,read,忻州师范学院引进博士研究生公告-忻州师范学院,2026-10-01,
4114010124,忻州师范学院,history,https://www.xztu.edu.cn/xxgk/lsyg.htm,https://www.xztu.edu.cn/xxgk/lsyg.htm,read,历史沿革-忻州师范学院,2026-10-01,
4114010125,山西财经大学,homepage,https://www.sxufe.edu.cn/,https://www.sxufe.edu.cn/,read,山西财经大学,2026-10-01,
4114010125,山西财经大学,overview,https://www.sxufe.edu.cn/gywm/xxgk/xxjj.htm,https://www.sxufe.edu.cn/gywm/xxgk/xxjj.htm,read,学校简介-山西财经大学,2026-10-01,
4114010125,山西财经大学,visual,https://www.sxufe.edu.cn/gywm/xxgk/xxbs.htm,https://www.sxufe.edu.cn/gywm/xxgk/xxbs.htm,read,学校标识-山西财经大学,2026-10-01,
4114010125,山西财经大学,history,https://www.sxufe.edu.cn/gywm/xxgk/lsyg.htm,https://www.sxufe.edu.cn/gywm/xxgk/lsyg.htm,read,历史沿革-山西财经大学,2026-10-01,
4114010125,山西财经大学,overview,https://www.sxufe.edu.cn/gywm/xxgk/ xxjj.htm,,access_limited,,2026-10-01,InvalidURL
4114010125,山西财经大学,visual,https://www.sxufe.edu.cn/gywm/xxgk/ xxbs.htm,,access_limited,,2026-10-01,InvalidURL
4114010125,山西财经大学,history,https://www.sxufe.edu.cn/gywm/xxgk/ lsyg.htm,,access_limited,,2026-10-01,InvalidURL
4114010125,山西财经大学,overview,https://www.sxufe.edu.cn/gywm/xxgk/xxjj.htm,https://www.sxufe.edu.cn/gywm/xxgk/xxjj.htm,read,学校简介-山西财经大学,2026-10-01,
4114010125,山西财经大学,history,https://www.sxufe.edu.cn/gywm/xxgk/lsyg.htm,https://www.sxufe.edu.cn/gywm/xxgk/lsyg.htm,read,历史沿革-山西财经大学,2026-10-01,
4114010812,吕梁学院,homepage,https://www.llu.edu.cn/,https://www.llu.edu.cn/,read,吕梁学院,2026-10-01,
4114010812,吕梁学院,overview,https://www.llu.edu.cn/xxgk/xyjj.htm,https://www.llu.edu.cn/xxgk/xyjj.htm,read,学院简介-吕梁学院,2026-10-01,
4114010812,吕梁学院,charter,https://www.llu.edu.cn/xxgk/xyzc.htm,https://www.llu.edu.cn/xxgk/xyzc.htm,read,学院章程-吕梁学院,2026-10-01,
4114010812,吕梁学院,visual,https://www.llu.edu.cn/index/xywh.htm,,access_limited,,2026-10-01,URLError
4114010812,吕梁学院,history,https://www.llu.edu.cn/xxgk/lsyg.htm,,access_limited,,2026-10-01,URLError
4114010812,吕梁学院,history,https://jsjx.llu.edu.cn/,https://jsjx.llu.edu.cn/,read,计算机科学与技术系,2026-10-01,
4114010812,吕梁学院,charter,https://www.llu.edu.cn/system/_content/download.jsp?urltype=news.DownloadAttachUrl&owner=1775121578&wbfileid=DC8D8BEE55D912D52814D89F77C42BBB,,access_limited,,2026-10-01,URLError
4114010812,吕梁学院,charter,https://www.llu.edu.cn/xxgk/xyzc.htm,,access_limited,,2026-10-01,URLError
4114010812,吕梁学院,overview,https://www.llu.edu.cn/xxgk/xyjj.htm,https://www.llu.edu.cn/xxgk/xyjj.htm,read,学院简介-吕梁学院,2026-10-01,
4114010812,吕梁学院,history,https://jsjx.llu.edu.cn/,https://jsjx.llu.edu.cn/,read,计算机科学与技术系,2026-10-01,
4114010812,吕梁学院,charter,https://www.llu.edu.cn/xxgk/xyzc.htm,https://www.llu.edu.cn/xxgk/xyzc.htm,read,学院章程-吕梁学院,2026-10-01,
4114011242,太原学院,homepage,https://www.tyu.edu.cn/,https://www.tyu.edu.cn/,read,太原学院 Taiyuan University,2026-10-01,
4114011242,太原学院,overview,https://www.tyu.edu.cn/xxgk/xxjj.htm,https://www.tyu.edu.cn/xxgk/xxjj.htm,read,学校简介-太原学院 Taiyuan University,2026-10-01,
4114011242,太原学院,visual,https://www.tyu.edu.cn/xxgk/xxbs.htm,https://www.tyu.edu.cn/xxgk/xxbs.htm,read,学校标识-太原学院 Taiyuan University,2026-10-01,
4114011242,太原学院,culture,https://www.tyu.edu.cn/system/_content/download.jsp?urltype=news.DownloadAttachUrl&owner=1986840046&wbfileid=AC0E5833DDACDE02AFA8D8C0462F4C1C,https://www.tyu.edu.cn/system/_content/download.jsp?urltype=news.DownloadAttachUrl&owner=1986840046&wbfileid=AC0E5833DDACDE02AFA8D8C0462F4C1C,insufficient_text,附件下载,2026-10-01,
4114011242,太原学院,overview,https://www.tyu.edu.cn/info/1171/42891.htm,https://www.tyu.edu.cn/info/1171/42891.htm,read,太原学院简介-太原学院 Taiyuan University,2026-10-01,
4114011242,太原学院,visual,https://www.tyu.edu.cn/system/_content/download.jsp?urltype=news.DownloadAttachUrl&owner=1986840046&wbfileid=E4CA402A366718508A1BCAC7899E7AD0,https://www.tyu.edu.cn/system/_content/download.jsp?urltype=news.DownloadAttachUrl&owner=1986840046&wbfileid=E4CA402A366718508A1BCAC7899E7AD0,insufficient_text,附件下载,2026-10-01,
4114011242,太原学院,overview,https://www.tyu.edu.cn/xxgk/xxjj.htm,https://www.tyu.edu.cn/xxgk/xxjj.htm,read,学校简介-太原学院 Taiyuan University,2026-10-01,
4114011242,太原学院,overview,https://www.tyu.edu.cn/info/1171/42891.htm,https://www.tyu.edu.cn/info/1171/42891.htm,read,太原学院简介-太原学院 Taiyuan University,2026-10-01,
4114012111,山西警察学院,charter,https://gaokao.chsi.com.cn/zsgs/zhangcheng/listVerifedZszc--infoId-7635033977%2Cmethod-view%2CschId-987.dhtml,,access_limited,,2026-10-01,HTTPError
4114013534,山西工学院,homepage,http://www.sxct.edu.cn/,,fetch_error,,2026-10-01,timeout
4114013537,山西电子科技学院,homepage,https://www.sxdzkj.edu.cn/,https://www.sxdzkj.edu.cn/,read,山西电子科技学院【官网】,2026-10-01,
4114013537,山西电子科技学院,overview,https://www.sxdzkj.edu.cn/xxgk1/xxjj.htm,https://www.sxdzkj.edu.cn/xxgk1/xxjj.htm,read,学校简介-山西电子科技学院【官网】,2026-10-01,
4114013537,山西电子科技学院,charter,https://www.sxdzkj.edu.cn/xxgk1/xxzc.htm,https://www.sxdzkj.edu.cn/xxgk1/xxzc.htm,read,学校章程-山西电子科技学院【官网】,2026-10-01,
4114013537,山西电子科技学院,visual,https://www.sxdzkj.edu.cn/xxgk1/xxbs.htm,https://www.sxdzkj.edu.cn/xxgk1/xxbs.htm,read,学校标识-山西电子科技学院【官网】,2026-10-01,
4114013537,山西电子科技学院,culture,https://www.sxdzkj.edu.cn/xxgk1/sdxx.htm,https://www.sxdzkj.edu.cn/xxgk1/sdxx.htm,read,山电校训-山西电子科技学院【官网】,2026-10-01,
4114013537,山西电子科技学院,overview,https://www.sxdzkj.edu.cn/xxgk1.htm,https://www.sxdzkj.edu.cn/xxgk1.htm,read,学校概况-山西电子科技学院【官网】,2026-10-01,
4114013537,山西电子科技学院,charter,https://www.sxdzkj.edu.cn/xxgk1/xxzc.htm,https://www.sxdzkj.edu.cn/xxgk1/xxzc.htm,read,学校章程-山西电子科技学院【官网】,2026-10-01,
4114013537,山西电子科技学院,overview,https://www.sxdzkj.edu.cn/xxgk1.htm,https://www.sxdzkj.edu.cn/xxgk1.htm,read,学校概况-山西电子科技学院【官网】,2026-10-01,
4114013537,山西电子科技学院,overview,https://www.sxdzkj.edu.cn/xxgk1/xxjj.htm,https://www.sxdzkj.edu.cn/xxgk1/xxjj.htm,read,学校简介-山西电子科技学院【官网】,2026-10-01,
4114013537,山西电子科技学院,culture,https://www.sxdzkj.edu.cn/xxgk1/sdxx.htm,https://www.sxdzkj.edu.cn/xxgk1/sdxx.htm,read,山电校训-山西电子科技学院【官网】,2026-10-01,
4114013597,山西科技学院,homepage,https://www.sxist.edu.cn/,https://www.sxist.edu.cn/,read,山西科技学院,2026-10-01,
4114013597,山西科技学院,overview,https://www.sxist.edu.cn/xygk/xxjj.htm,https://www.sxist.edu.cn/xygk/xxjj.htm,read,学校简介-山西科技学院,2026-10-01,
4114013597,山西科技学院,charter,https://www.sxist.edu.cn/xygk/xxzc.htm,https://www.sxist.edu.cn/xygk/xxzc.htm,read,学校章程-山西科技学院,2026-10-01,
4114013597,山西科技学院,visual,https://www.sxist.edu.cn/xygk/xxbs.htm,https://www.sxist.edu.cn/xygk/xxbs.htm,read,学校标识-山西科技学院,2026-10-01,
4114013597,山西科技学院,navigation,https://www.sxist.edu.cn/info/1481/43171.htm,https://www.sxist.edu.cn/info/1481/43171.htm,read,艺绘乡土助振兴 校地携手焕新颜—— 我校设计学院赋能高都镇乡村建设-山西科技学院,2026-10-01,
4114013597,山西科技学院,navigation,https://www.sxist.edu.cn/info/1511/40121.htm,https://www.sxist.edu.cn/info/1511/40121.htm,read,指尖承非遗 绣韵润初心——山西科技学院“行走的思政课”走进高平绣厂-山西科技学院,2026-10-01,
4114013597,山西科技学院,charter,https://www.sxist.edu.cn/xygk/xxzc.htm,https://www.sxist.edu.cn/xygk/xxzc.htm,read,学校章程-山西科技学院,2026-10-01,
4114013597,山西科技学院,overview,https://www.sxist.edu.cn/xygk/xxjj.htm,https://www.sxist.edu.cn/xygk/xxjj.htm,read,学校简介-山西科技学院,2026-10-01,
4114014101,太原工业学院,homepage,https://www.tit.edu.cn,https://www.tit.edu.cn,read,太原工业学院,2026-10-01,
4114014101,太原工业学院,overview,https://www.tit.edu.cn/xygk/xxjj.htm,https://www.tit.edu.cn/xygk/xxjj.htm,read,学校简介-太原工业学院,2026-10-01,
4114014101,太原工业学院,charter,https://www.tit.edu.cn/xygk/xxzc.htm,https://www.tit.edu.cn/xygk/xxzc.htm,read,学校章程-太原工业学院,2026-10-01,
4114014101,太原工业学院,visual,https://www.tit.edu.cn/index/xywh.htm,https://www.tit.edu.cn/index/xywh.htm,read,校园文化-太原工业学院,2026-10-01,
4114014101,太原工业学院,history,https://www.tit.edu.cn/xygk/lsyg.htm,https://www.tit.edu.cn/xygk/lsyg.htm,read,历史沿革-太原工业学院,2026-10-01,
4114014101,太原工业学院,navigation,https://www.tit.edu.cn/info/1221/3759.htm,https://www.tit.edu.cn/info/1221/3759.htm,read,走进兵工摇篮 淬炼初心使命——机关党委赴黄崖洞开展主题党日活动-太原工业学院,2026-10-01,
4114014101,太原工业学院,overview,https://www.tit.edu.cn/xxjj.htm,,access_limited,,2026-10-01,HTTPError
4114014101,太原工业学院,navigation,https://www.tit.edu.cn/info/1224/5916.htm,https://www.tit.edu.cn/info/1224/5916.htm,read,太原市尖草坪区南寨街道联合我校经济与管理系举办大学生入村进居兼职委员开班仪式-太原工业学院,2026-10-01,
4114014101,太原工业学院,charter,https://www.tit.edu.cn/xygk/xxzc.htm,https://www.tit.edu.cn/xygk/xxzc.htm,read,学校章程-太原工业学院,2026-10-01,
4114014101,太原工业学院,overview,https://www.tit.edu.cn/xygk/xxjj.htm,https://www.tit.edu.cn/xygk/xxjj.htm,read,学校简介-太原工业学院,2026-10-01,
4114014101,太原工业学院,history,https://www.tit.edu.cn/xygk/lsyg.htm,https://www.tit.edu.cn/xygk/lsyg.htm,read,历史沿革-太原工业学院,2026-10-01,
4114014434,山西传媒学院,homepage,https://www.cusx.edu.cn/,https://www.cusx.edu.cn/,read,山西传媒学院,2026-10-01,
4114014434,山西传媒学院,overview,https://www.cusx.edu.cn/xxgk/xyjj.htm,https://www.cusx.edu.cn/xxgk/xyjj.htm,read,学校简介-山西传媒学院,2026-10-01,
4114014434,山西传媒学院,charter,https://www.cusx.edu.cn/xxgk/xyzc.htm,https://www.cusx.edu.cn/xxgk/xyzc.htm,read,学校章程-山西传媒学院,2026-10-01,
4114014434,山西传媒学院,visual,https://www.cusx.edu.cn/xxgk/xxbs.htm,https://www.cusx.edu.cn/xxgk/xxbs.htm,read,学校标识-山西传媒学院,2026-10-01,
4114014434,山西传媒学院,navigation,https://www.cusx.edu.cn/zjsc.htm,https://www.cusx.edu.cn/zjsc.htm,read,走进山传-山西传媒学院,2026-10-01,
4114014434,山西传媒学院,overview,https://www.cusx.edu.cn/xxgk.htm,https://www.cusx.edu.cn/xxgk.htm,read,学校概况-山西传媒学院,2026-10-01,
4114014434,山西传媒学院,charter,https://www.cusx.edu.cn/xxgk/xyzc.htm,https://www.cusx.edu.cn/xxgk/xyzc.htm,read,学校章程-山西传媒学院,2026-10-01,
4114014434,山西传媒学院,overview,https://www.cusx.edu.cn/xxgk.htm,https://www.cusx.edu.cn/xxgk.htm,read,学校概况-山西传媒学院,2026-10-01,
4114014434,山西传媒学院,overview,https://www.cusx.edu.cn/xxgk/xyjj.htm,https://www.cusx.edu.cn/xxgk/xyjj.htm,read,学校简介-山西传媒学院,2026-10-01,
4114014527,山西工程技术学院,homepage,https://www.sxit.edu.cn/,,fetch_error,,2026-10-01,URLError
4114014527,山西工程技术学院,overview,https://www.sxit.edu.cn/,,access_limited,,2026-10-01,URLError
4114014527,山西工程技术学院,overview,https://www.sxit.edu.cn/info/1114/8709.htm,,access_limited,,2026-10-01,URLError
4114014898,山西医药学院,homepage,http://www.sxmufyc.edu.cn/,,fetch_error,,2026-10-01,URLError
4114014898,山西医药学院,charter,https://www.sxmufyc.edu.cn/bkszs/info/1286/1872.htm,,access_limited,,2026-10-01,URLError
4114014898,山西医药学院,overview,https://www.sxum.edu.cn/,https://www.sxum.edu.cn/,read,山西医药学院,2026-10-01,
4114014898,山西医药学院,overview,https://www.sxmufyc.edu.cn/syyxxgk/xxjj.htm,,access_limited,,2026-10-01,URLError
4114014898,山西医药学院,overview,https://www.sxum.edu.cn/,https://www.sxum.edu.cn/,read,山西医药学院,2026-10-01,
4115010126,内蒙古大学,homepage,https://www.imu.edu.cn/,https://www.imu.edu.cn/,read,内蒙古大学,2026-10-01,
4115010126,内蒙古大学,history,https://news.imu.edu.cn/info/1054/43657.htm,https://news.imu.edu.cn/info/1054/43657.htm,read,内蒙古大学校史展览馆参观预约表-内蒙古大学新闻网,2026-10-01,
4115010126,内蒙古大学,english,https://www.imu.edu.cn/yw/Home.htm,https://www.imu.edu.cn/yw/Home.htm,read,Home-内蒙古大学,2026-10-01,
4115010126,内蒙古大学,history,https://news.imu.edu.cn/info/1054/43657.htm,https://news.imu.edu.cn/info/1054/43657.htm,read,内蒙古大学校史展览馆参观预约表-内蒙古大学新闻网,2026-10-01,
4115010127,内蒙古科技大学,homepage,https://www.imust.edu.cn/,https://www.imust.edu.cn/,read,内蒙古科技大学,2026-10-01,
4115010127,内蒙古科技大学,overview,https://www.imust.edu.cn/xxgk/xqgl.htm,https://www.imust.edu.cn/xxgk/xqgl.htm,read,校情概览-内蒙古科技大学,2026-10-01,
4115010127,内蒙古科技大学,visual,https://www.imust.edu.cn/xywh.htm,https://www.imust.edu.cn/xywh.htm,read,校园文化-内蒙古科技大学,2026-10-01,
4115010127,内蒙古科技大学,culture,https://www.imust.edu.cn/xxgk/kdxg.htm,https://www.imust.edu.cn/xxgk/kdxg.htm,read,科大校歌-内蒙古科技大学,2026-10-01,
4115010127,内蒙古科技大学,history,https://www.imust.edu.cn/xxgk/lsyg.htm,https://www.imust.edu.cn/xxgk/lsyg.htm,read,历史沿革-内蒙古科技大学,2026-10-01,
4115010127,内蒙古科技大学,culture,https://www.imust.edu.cn/xywh/kdyx/xxxf.htm,https://www.imust.edu.cn/xywh/kdyx/xxxf.htm,read,校训校风-内蒙古科技大学,2026-10-01,
4115010127,内蒙古科技大学,overview,https://www.imust.edu.cn/xxgk/xqgl.htm,https://www.imust.edu.cn/xxgk/xqgl.htm,read,校情概览-内蒙古科技大学,2026-10-01,
4115010127,内蒙古科技大学,history,https://www.imust.edu.cn/xxgk/lsyg.htm,https://www.imust.edu.cn/xxgk/lsyg.htm,read,历史沿革-内蒙古科技大学,2026-10-01,
4115010127,内蒙古科技大学,culture,https://www.imust.edu.cn/xxgk/kdxg.htm,https://www.imust.edu.cn/xxgk/kdxg.htm,read,科大校歌-内蒙古科技大学,2026-10-01,
4115010127,内蒙古科技大学,culture,https://www.imust.edu.cn/xywh/kdyx/xxxf.htm,https://www.imust.edu.cn/xywh/kdyx/xxxf.htm,read,校训校风-内蒙古科技大学,2026-10-01,
4115010128,内蒙古工业大学,homepage,https://www.imut.edu.cn/,https://www.imut.edu.cn/,read,内蒙古工业大学,2026-10-01,
4115010128,内蒙古工业大学,overview,https://www.imut.edu.cn/xxgl/xxjj1.htm,https://www.imut.edu.cn/xxgl/xxjj1.htm,read,学校简介-内蒙古工业大学,2026-10-01,
4115010128,内蒙古工业大学,charter,https://www.imut.edu.cn/xxgl/xxzc.htm,https://www.imut.edu.cn/xxgl/xxzc.htm,read,学校章程-内蒙古工业大学,2026-10-01,
4115010128,内蒙古工业大学,visual,http://news.imut.edu.cn/xxsbxt1.htm,http://news.imut.edu.cn/xxsbxt1.htm,read,形象识别系统-宣传部,2026-10-01,
4115010128,内蒙古工业大学,history,https://www.imut.edu.cn/xxgl/lsyg.htm,https://www.imut.edu.cn/xxgl/lsyg.htm,read,历史沿革-内蒙古工业大学,2026-10-01,
4115010128,内蒙古工业大学,overview,https://www.imut.edu.cn/xxgl.htm,https://www.imut.edu.cn/xxgl.htm,read,学校概览-内蒙古工业大学,2026-10-01,
4115010128,内蒙古工业大学,visual,http://news.imut.edu.cn/info/1083/11067.htm,http://news.imut.edu.cn/info/1083/11067.htm,read,形象识别系统-宣传部,2026-10-01,
4115010128,内蒙古工业大学,visual,http://news.imut.edu.cn/system/_content/download.jsp?urltype=news.DownloadAttachUrl&owner=1554793558&wbfileid=2602821,http://news.imut.edu.cn/system/_content/download.jsp?urltype=news.DownloadAttachUrl&owner=1554793558&wbfileid=2602821,insufficient_text,附件下载,2026-10-01,
4115010128,内蒙古工业大学,charter,https://www.imut.edu.cn/xxgl/xxzc.htm,https://www.imut.edu.cn/xxgl/xxzc.htm,read,学校章程-内蒙古工业大学,2026-10-01,
4115010128,内蒙古工业大学,overview,https://www.imut.edu.cn/xxgl.htm,https://www.imut.edu.cn/xxgl.htm,read,学校概览-内蒙古工业大学,2026-10-01,
4115010128,内蒙古工业大学,overview,https://www.imut.edu.cn/xxgl/xxjj1.htm,https://www.imut.edu.cn/xxgl/xxjj1.htm,read,学校简介-内蒙古工业大学,2026-10-01,
4115010128,内蒙古工业大学,history,https://www.imut.edu.cn/xxgl/lsyg.htm,https://www.imut.edu.cn/xxgl/lsyg.htm,read,历史沿革-内蒙古工业大学,2026-10-01,
4115010129,内蒙古农业大学,homepage,https://www.imau.edu.cn/,https://www.imau.edu.cn/,read,内蒙古农业大学,2026-10-01,
4115010129,内蒙古农业大学,history,https://xcb.imau.edu.cn/info/1003/3224.htm,https://xcb.imau.edu.cn/info/1003/3224.htm,read,关于组织2026级新生参观校史馆的通知-内蒙古农业大学宣传部（新闻中心）,2026-10-01,
4115010129,内蒙古农业大学,history,https://xcb.imau.edu.cn/info/1003/3224.htm,https://xcb.imau.edu.cn/info/1003/3224.htm,read,关于组织2026级新生参观校史馆的通知-内蒙古农业大学宣传部（新闻中心）,2026-10-01,
4115010132,内蒙古医科大学,homepage,https://www.immu.edu.cn/,,fetch_error,,2026-10-01,URLError
4115010132,内蒙古医科大学,charter,https://gaokao.chsi.com.cn/zsgs/zhangcheng/listVerifedZszc--method-view%2CschId-111%2CinfoId-7651381332.dhtml,,access_limited,,2026-10-01,HTTPError
4115010132,内蒙古医科大学,overview,https://www.ccgp-neimenggu.gov.cn/gpx-bid-file/150001/gpx-tender/2022/9/29/402881cc82f474c5018387aade160e50.pdf?accessCode=d124ef829138f21e66a6ee3c20c4aa74,https://www.ccgp-neimenggu.gov.cn/gpx-bid-file/150001/gpx-tender/2022/9/29/402881cc82f474c5018387aade160e50.pdf?accessCode=d124ef829138f21e66a6ee3c20c4aa74,read,,2026-10-01,
4115010135,内蒙古师范大学,homepage,https://www.imnu.edu.cn/,https://www.imnu.edu.cn/,read,内蒙古师范大学,2026-10-01,
4115010135,内蒙古师范大学,overview,https://www.imnu.edu.cn/xxgk/xxjj.htm,https://www.imnu.edu.cn/xxgk/xxjj.htm,read,学校简介-内蒙古师范大学,2026-10-01,
4115010135,内蒙古师范大学,visual,https://www.imnu.edu.cn/whns/xb.htm,https://www.imnu.edu.cn/whns/xb.htm,read,校标-内蒙古师范大学,2026-10-01,
4115010135,内蒙古师范大学,overview,https://www.imnu.edu.cn/xxgk/xxjj.htm,https://www.imnu.edu.cn/xxgk/xxjj.htm,read,学校简介-内蒙古师范大学,2026-10-01,
4115010136,内蒙古民族大学,homepage,https://www.imun.edu.cn/,https://www.imun.edu.cn/,read,内蒙古民族大学,2026-10-01,
4115010136,内蒙古民族大学,overview,https://www.imun.edu.cn/xxgk/xxjj.htm,https://www.imun.edu.cn/xxgk/xxjj.htm,read,学校简介-内蒙古民族大学,2026-10-01,
4115010136,内蒙古民族大学,charter,https://www.imun.edu.cn/xxgk/xxzc.htm,https://www.imun.edu.cn/xxgk/xxzc.htm,read,学校章程-内蒙古民族大学,2026-10-01,
4115010136,内蒙古民族大学,visual,https://www.imun.edu.cn/info/1071/39297.htm,https://www.imun.edu.cn/info/1071/39297.htm,read,我校与通辽市关工委召开交流座谈会-内蒙古民族大学,2026-10-01,
4115010136,内蒙古民族大学,navigation,https://www.imun.edu.cn/info/1069/39402.htm,https://www.imun.edu.cn/info/1069/39402.htm,read,筑牢国防观念 淬炼青春担当｜我校军训学员走进通辽市国防教育主题园-内蒙古民族大学,2026-10-01,
4115010136,内蒙古民族大学,overview,https://www.imun.edu.cn/info/1067/38519.htm,https://www.imun.edu.cn/info/1067/38519.htm,read,内蒙古民族大学2026年高层次人才引进公告-内蒙古民族大学,2026-10-01,
4115010136,内蒙古民族大学,charter,https://www.imun.edu.cn/xxgk/xxzc.htm,https://www.imun.edu.cn/xxgk/xxzc.htm,read,学校章程-内蒙古民族大学,2026-10-01,
4115010136,内蒙古民族大学,overview,https://www.imun.edu.cn/xxgk/xxjj.htm,https://www.imun.edu.cn/xxgk/xxjj.htm,read,学校简介-内蒙古民族大学,2026-10-01,
4115010136,内蒙古民族大学,overview,https://www.imun.edu.cn/info/1067/38519.htm,https://www.imun.edu.cn/info/1067/38519.htm,read,内蒙古民族大学2026年高层次人才引进公告-内蒙古民族大学,2026-10-01,
4115010138,赤峰大学,homepage,http://www.cfxy.cn,,robots_disallowed,,2026-10-01,
4115010138,赤峰大学,overview,https://www.cfu.edu.cn/,https://www.cfu.edu.cn/,read,赤峰大学,2026-10-01,
4115010138,赤峰大学,overview,https://www.cfxy.edu.cn/xygk/xyfg/index.htm,,access_limited,,2026-10-01,URLError
4115010138,赤峰大学,overview,https://www.cfu.edu.cn/,https://www.cfu.edu.cn/,read,赤峰大学,2026-10-01,
4115010138,赤峰大学,overview,https://hudong.moe.gov.cn/srcsite/A03/s181/202603/t20260319_1431457.html,https://hudong.moe.gov.cn/srcsite/A03/s181/202603/t20260319_1431457.html,read,教育部关于同意赤峰学院更名为赤峰大学的函 - 中华人民共和国教育部政府门户网站,2026-10-01,
4115010139,内蒙古财经大学,homepage,https://www.imufe.edu.cn/,https://www.imufe.edu.cn/,read,内蒙古财经大学,2026-10-01,
4115010139,内蒙古财经大学,charter,https://www.imufe.edu.cn/xxgk/dxzc.htm,https://www.imufe.edu.cn/xxgk/dxzc.htm,read,大学章程-内蒙古财经大学,2026-10-01,
4115010139,内蒙古财经大学,overview,https://www.imufe.edu.cn/xxgk/xxxx/xxjj.htm,https://www.imufe.edu.cn/xxgk/xxxx/xxjj.htm,read,学校简介-内蒙古财经大学,2026-10-01,
4115010139,内蒙古财经大学,overview,https://www.imufe.edu.cn/info/1033/3435.htm,https://www.imufe.edu.cn/info/1033/3435.htm,read,内蒙古财经大学简介（2026年6月）-内蒙古财经大学,2026-10-01,
4115010139,内蒙古财经大学,charter,https://www.imufe.edu.cn/xxgk/dxzc.htm,https://www.imufe.edu.cn/xxgk/dxzc.htm,read,大学章程-内蒙古财经大学,2026-10-01,
4115010139,内蒙古财经大学,overview,https://www.imufe.edu.cn/xxgk/xxxx/xxjj.htm,https://www.imufe.edu.cn/xxgk/xxxx/xxjj.htm,read,学校简介-内蒙古财经大学,2026-10-01,
4115010139,内蒙古财经大学,overview,https://www.imufe.edu.cn/info/1033/3435.htm,https://www.imufe.edu.cn/info/1033/3435.htm,read,内蒙古财经大学简介（2026年6月）-内蒙古财经大学,2026-10-01,
4115010819,呼伦贝尔学院,homepage,https://www.hlbec.edu.cn/,https://www.hlbec.edu.cn/,read,呼伦贝尔学院,2026-10-01,
4115010819,呼伦贝尔学院,overview,https://www.hlbec.edu.cn/xxgk/xxjj.htm,https://www.hlbec.edu.cn/xxgk/xxjj.htm,read,学校简介-呼伦贝尔学院,2026-10-01,
4115010819,呼伦贝尔学院,charter,https://www.hlbec.edu.cn/xxgk/xxzc.htm,https://www.hlbec.edu.cn/xxgk/xxzc.htm,read,学校章程-呼伦贝尔学院,2026-10-01,
4115010819,呼伦贝尔学院,culture,https://www.hlbec.edu.cn/xxgk/xxVI/xg.htm,https://www.hlbec.edu.cn/xxgk/xxVI/xg.htm,read,校歌-呼伦贝尔学院,2026-10-01,
4115010819,呼伦贝尔学院,charter,https://www.hlbec.edu.cn/xxgk/xxzc.htm,https://www.hlbec.edu.cn/xxgk/xxzc.htm,read,学校章程-呼伦贝尔学院,2026-10-01,
4115010819,呼伦贝尔学院,overview,https://www.hlbec.edu.cn/xxgk/xxjj.htm,https://www.hlbec.edu.cn/xxgk/xxjj.htm,read,学校简介-呼伦贝尔学院,2026-10-01,
4115010819,呼伦贝尔学院,culture,https://www.hlbec.edu.cn/xxgk/xxVI/xg.htm,https://www.hlbec.edu.cn/xxgk/xxVI/xg.htm,read,校歌-呼伦贝尔学院,2026-10-01,
4115011427,集宁师范学院,homepage,https://www.jnnu.edu.cn/,https://www.jnnu.edu.cn/,read,集宁师范学院,2026-10-01,
4115011427,集宁师范学院,overview,https://www.jnnu.edu.cn/xxjj/xxjj.htm,https://www.jnnu.edu.cn/xxjj/xxjj.htm,read,学校简介-集宁师范学院,2026-10-01,
4115011427,集宁师范学院,visual,https://www.jnnu.edu.cn/xxjj/xxbs.htm,https://www.jnnu.edu.cn/xxjj/xxbs.htm,read,学校标识-集宁师范学院,2026-10-01,
4115011427,集宁师范学院,navigation,https://www.jnnu.edu.cn/info/1033/56328.htm,https://www.jnnu.edu.cn/info/1033/56328.htm,read,服务地方发展 共谱校地新篇（七）｜走进化德-集宁师范学院,2026-10-01,
4115011427,集宁师范学院,culture,https://www.jnnu.edu.cn/index/xywh.htm,https://www.jnnu.edu.cn/index/xywh.htm,read,校园文化-集宁师范学院,2026-10-01,
4115011427,集宁师范学院,visual,https://www.jnnu.edu.cn/system/_content/download.jsp?urltype=news.DownloadAttachUrl&owner=2033743153&wbfileid=74D6E9FFCEEA314E97190B61C39B26E2,https://www.jnnu.edu.cn/system/_content/download.jsp?urltype=news.DownloadAttachUrl&owner=2033743153&wbfileid=74D6E9FFCEEA314E97190B61C39B26E2,insufficient_text,附件下载,2026-10-01,
4115011427,集宁师范学院,culture,https://www.jnnu.edu.cn/info/1541/34068.htm,https://www.jnnu.edu.cn/info/1541/34068.htm,read,校园文化（3）-集宁师范学院,2026-10-01,
4115011427,集宁师范学院,overview,https://www.jnnu.edu.cn/xxjj/xxjj.htm,https://www.jnnu.edu.cn/xxjj/xxjj.htm,read,学校简介-集宁师范学院,2026-10-01,
4115011427,集宁师范学院,culture,https://www.jnnu.edu.cn/index/xywh.htm,https://www.jnnu.edu.cn/index/xywh.htm,read,校园文化-集宁师范学院,2026-10-01,
4115011427,集宁师范学院,culture,https://www.jnnu.edu.cn/info/1541/34068.htm,https://www.jnnu.edu.cn/info/1541/34068.htm,read,校园文化（3）-集宁师范学院,2026-10-01,
4115011631,河套学院,homepage,http://www.hetaodaxue.com/,,robots_disallowed,,2026-10-01,URLError
4115011631,河套学院,overview,https://www.slai.edu.cn/zh-hans/page/41,,access_limited,,2026-10-01,timeout
4115011631,河套学院,charter,https://gaokao.chsi.com.cn/zsgs/zhangcheng/listVerifedZszc--method-view%2CschId-871%2CinfoId-7656197522.dhtml,,access_limited,,2026-10-01,HTTPError
4115011631,河套学院,overview,https://gaokao.chsi.com.cn/sch/schoolInfo--schId-871%2CcategoryId-13237%2Cmindex-4.dhtml,,access_limited,,2026-10-01,HTTPError
4115011709,呼和浩特民族学院,homepage,https://www.imnc.edu.cn/,https://www.imnc.edu.cn/,read,呼和浩特民族学院,2026-10-01,
4115011709,呼和浩特民族学院,overview,https://www.imnc.edu.cn/xxgk2/gywm1/xyjj1.htm,https://www.imnc.edu.cn/xxgk2/gywm1/xyjj1.htm,read,学院简介-呼和浩特民族学院,2026-10-01,
4115011709,呼和浩特民族学院,visual,https://www.imnc.edu.cn/xxgk2/xywh/xxbs1.htm,https://www.imnc.edu.cn/xxgk2/xywh/xxbs1.htm,read,学校标识-呼和浩特民族学院,2026-10-01,
4115011709,呼和浩特民族学院,culture,https://www.imnc.edu.cn/xwzx1/xywh1.htm,https://www.imnc.edu.cn/xwzx1/xywh1.htm,read,校园文化-呼和浩特民族学院,2026-10-01,
4115011709,呼和浩特民族学院,overview,https://www.imnc.edu.cn/xxgk2.htm,https://www.imnc.edu.cn/xxgk2.htm,read,学校概况-呼和浩特民族学院,2026-10-01,
4115011709,呼和浩特民族学院,visual,https://www.imnc.edu.cn/system/_content/download.jsp?urltype=news.DownloadAttachUrl&owner=1476500183&wbfileid=2694392,https://www.imnc.edu.cn/system/_content/download.jsp?urltype=news.DownloadAttachUrl&owner=1476500183&wbfileid=2694392,insufficient_text,附件下载,2026-10-01,
4115011709,呼和浩特民族学院,visual,https://www.imnc.edu.cn/info/1145/11149.htm,https://www.imnc.edu.cn/info/1145/11149.htm,read,校徽-呼和浩特民族学院,2026-10-01,
4115011709,呼和浩特民族学院,culture,https://www.imnc.edu.cn/xxgk2/xywh.htm,https://www.imnc.edu.cn/xxgk2/xywh.htm,read,校园文化-呼和浩特民族学院,2026-10-01,
4115011709,呼和浩特民族学院,overview,https://www.imnc.edu.cn/info/1113/11126.htm,https://www.imnc.edu.cn/info/1113/11126.htm,read,呼和浩特民族学院简介-呼和浩特民族学院,2026-10-01,
4115011709,呼和浩特民族学院,overview,https://www.imnc.edu.cn/xxgk2.htm,https://www.imnc.edu.cn/xxgk2.htm,read,学校概况-呼和浩特民族学院,2026-10-01,
4115011709,呼和浩特民族学院,overview,https://www.imnc.edu.cn/info/1113/11126.htm,https://www.imnc.edu.cn/info/1113/11126.htm,read,呼和浩特民族学院简介-呼和浩特民族学院,2026-10-01,
4115011709,呼和浩特民族学院,overview,https://www.imnc.edu.cn/xxgk2/gywm1/xyjj1.htm,https://www.imnc.edu.cn/xxgk2/gywm1/xyjj1.htm,read,学院简介-呼和浩特民族学院,2026-10-01,
4115011709,呼和浩特民族学院,culture,https://www.imnc.edu.cn/xxgk2/xywh.htm,https://www.imnc.edu.cn/xxgk2/xywh.htm,read,校园文化-呼和浩特民族学院,2026-10-01,
4115011709,呼和浩特民族学院,culture,https://www.imnc.edu.cn/xwzx1/xywh1.htm,https://www.imnc.edu.cn/xwzx1/xywh1.htm,read,校园文化-呼和浩特民族学院,2026-10-01,
4115012797,内蒙古警察学院,homepage,https://www.imppc.cn/,,fetch_error,,2026-10-01,URLError
4115012797,内蒙古警察学院,charter,https://www.impc.edu.cn/info/1030/36021.htm,https://www.impc.edu.cn/info/1030/36021.htm,read,内蒙古警察学院2026年招生章程-内蒙古警察学院,2026-10-01,
4115012797,内蒙古警察学院,overview,https://www.impc.edu.cn/,https://www.impc.edu.cn/,read,内蒙古警察学院,2026-10-01,
4115012797,内蒙古警察学院,overview,https://www.impc.edu.cn/index.htm,https://www.impc.edu.cn/index.htm,read,内蒙古警察学院,2026-10-01,
4115012797,内蒙古警察学院,overview,https://www.impc.edu.cn/xygk/xyjj.htm,https://www.impc.edu.cn/xygk/xyjj.htm,read,学院简介-内蒙古警察学院,2026-10-01,
4115012797,内蒙古警察学院,charter,https://www.impc.edu.cn/info/1030/36021.htm,https://www.impc.edu.cn/info/1030/36021.htm,read,内蒙古警察学院2026年招生章程-内蒙古警察学院,2026-10-01,
4115012797,内蒙古警察学院,overview,https://www.impc.edu.cn/,https://www.impc.edu.cn/,read,内蒙古警察学院,2026-10-01,
4115012797,内蒙古警察学院,overview,https://www.impc.edu.cn/index.htm,https://www.impc.edu.cn/index.htm,read,内蒙古警察学院,2026-10-01,
4121010140,辽宁大学,homepage,https://www.lnu.edu.cn/,https://www.lnu.edu.cn/,read,辽宁大学,2026-10-01,
4121010140,辽宁大学,overview,https://www.lnu.edu.cn/xxgk/xxjj.htm,https://www.lnu.edu.cn/xxgk/xxjj.htm,read,学校简介-辽宁大学,2026-10-01,
4121010140,辽宁大学,visual,https://www.lnu.edu.cn/xxgk/xhxx.htm,https://www.lnu.edu.cn/xxgk/xhxx.htm,read,校徽校训-辽宁大学,2026-10-01,
4121010140,辽宁大学,history,https://www.lnu.edu.cn/xxgk/lsyg.htm,https://www.lnu.edu.cn/xxgk/lsyg.htm,read,历史沿革-辽宁大学,2026-10-01,
4121010140,辽宁大学,english,http://enweb.lnu.edu.cn/,https://enweb.lnu.edu.cn/,read,Liaoning University,2026-10-01,
4121010140,辽宁大学,overview,https://www.lnu.edu.cn/xxgk.htm,https://www.lnu.edu.cn/xxgk.htm,read,学校概况-辽宁大学,2026-10-01,
4121010140,辽宁大学,overview,https://www.lnu.edu.cn/xxgk.htm,https://www.lnu.edu.cn/xxgk.htm,read,学校概况-辽宁大学,2026-10-01,
4121010140,辽宁大学,overview,https://www.lnu.edu.cn/xxgk/xxjj.htm,https://www.lnu.edu.cn/xxgk/xxjj.htm,read,学校简介-辽宁大学,2026-10-01,
4121010140,辽宁大学,history,https://www.lnu.edu.cn/xxgk/lsyg.htm,https://www.lnu.edu.cn/xxgk/lsyg.htm,read,历史沿革-辽宁大学,2026-10-01,
4121010141,大连理工大学,homepage,https://www.dlut.edu.cn/,https://www.dlut.edu.cn/,read,大连理工大学,2026-10-01,
4121010141,大连理工大学,overview,https://www.dlut.edu.cn/xxgk/xxjj.htm,https://www.dlut.edu.cn/xxgk/xxjj.htm,read,学校简介-大连理工大学,2026-10-01,
4121010141,大连理工大学,visual,https://www.dlut.edu.cn/xxgk/dxwh/xbs.htm,https://www.dlut.edu.cn/xxgk/dxwh/xbs.htm,read,校标识-大连理工大学,2026-10-01,
4121010141,大连理工大学,culture,https://www.dlut.edu.cn/xxgk/dxwh/xg.htm,https://www.dlut.edu.cn/xxgk/dxwh/xg.htm,read,校歌-大连理工大学,2026-10-01,
4121010141,大连理工大学,history,https://www.dlut.edu.cn/xxgk/lsyg.htm,https://www.dlut.edu.cn/xxgk/lsyg.htm,read,历史沿革-大连理工大学,2026-10-01,
4121010141,大连理工大学,english,https://en.dlut.edu.cn/,https://en.dlut.edu.cn/,read,DALIAN UNIVERSITY OF TECHNOLOGY,2026-10-01,
4121010141,大连理工大学,overview,https://www.dlut.edu.cn/xxgk.htm,https://www.dlut.edu.cn/xxgk.htm,read,学校概况-大连理工大学,2026-10-01,
4121010141,大连理工大学,visual,https://www.dlut.edu.cn/info/1364/35309.htm,https://www.dlut.edu.cn/info/1364/35309.htm,read,校徽-大连理工大学,2026-10-01,
4121010141,大连理工大学,culture,https://www.dlut.edu.cn/system/_content/download.jsp?urltype=news.DownloadAttachUrl&owner=1805768438&wbfileid=B6E69ABEF3EB0A70899348DFDB16874F,https://www.dlut.edu.cn/system/_content/download.jsp?urltype=news.DownloadAttachUrl&owner=1805768438&wbfileid=B6E69ABEF3EB0A70899348DFDB16874F,insufficient_text,附件下载,2026-10-01,
4121010141,大连理工大学,overview,https://www.dlut.edu.cn/xxgk.htm,https://www.dlut.edu.cn/xxgk.htm,read,学校概况-大连理工大学,2026-10-01,
4121010141,大连理工大学,overview,https://www.dlut.edu.cn/xxgk/xxjj.htm,https://www.dlut.edu.cn/xxgk/xxjj.htm,read,学校简介-大连理工大学,2026-10-01,
4121010141,大连理工大学,history,https://www.dlut.edu.cn/xxgk/lsyg.htm,https://www.dlut.edu.cn/xxgk/lsyg.htm,read,历史沿革-大连理工大学,2026-10-01,
4121010141,大连理工大学,culture,https://www.dlut.edu.cn/xxgk/dxwh/xg.htm,https://www.dlut.edu.cn/xxgk/dxwh/xg.htm,read,校歌-大连理工大学,2026-10-01,
4121010141,大连理工大学,overview,https://www.dlut.edu.cn/xxgk.htm,https://www.dlut.edu.cn/xxgk.htm,read,学校概况-大连理工大学,2026-10-01,
4121010141,大连理工大学,overview,https://www.dlut.edu.cn/xxgk/xxjj.htm,https://www.dlut.edu.cn/xxgk/xxjj.htm,read,学校简介-大连理工大学,2026-10-01,
4121010142,沈阳工业大学,homepage,http://gjxy.sut.edu.cn/,,fetch_error,,2026-10-01,URLError
4121010143,沈阳航空航天大学,homepage,https://www.sau.edu.cn,https://www.sau.edu.cn,read,沈阳航空航天大学官方网站,2026-10-01,
4121010143,沈阳航空航天大学,overview,https://www.sau.edu.cn/xxgk/xxjj.htm,https://www.sau.edu.cn/xxgk/xxjj.htm,read,学校简介-沈阳航空航天大学官方网站,2026-10-01,
4121010143,沈阳航空航天大学,culture,https://www.sau.edu.cn/xxgk/xfxx.htm,https://www.sau.edu.cn/xxgk/xfxx.htm,read,校风校训-沈阳航空航天大学官方网站,2026-10-01,
4121010143,沈阳航空航天大学,navigation,https://www.sau.edu.cn/zjsh/sj_xzxx.htm,https://www.sau.edu.cn/zjsh/sj_xzxx.htm,read,书记、校长信箱-沈阳航空航天大学官方网站,2026-10-01,
4121010143,沈阳航空航天大学,overview,https://www.sau.edu.cn/xxgk/xxjj.htm,https://www.sau.edu.cn/xxgk/xxjj.htm,read,学校简介-沈阳航空航天大学官方网站,2026-10-01,
4121010143,沈阳航空航天大学,culture,https://www.sau.edu.cn/xxgk/xfxx.htm,https://www.sau.edu.cn/xxgk/xfxx.htm,read,校风校训-沈阳航空航天大学官方网站,2026-10-01,
4121010144,沈阳理工大学,homepage,http://www.sylu.edu.cn/sylusite/,,fetch_error,,2026-10-01,timeout
4121010144,沈阳理工大学,overview,https://jyt.ln.gov.cn/jyt/attachDir/2024/03/2024030616454192312.pdf,,access_limited,,2026-10-01,ValueError
4121010144,沈阳理工大学,overview,https://gaokao.chsi.com.cn/sch/schoolInfo--schId-120%2CcategoryId-6845313%2Cmindex-1.dhtml,,access_limited,,2026-10-01,HTTPError
4121010145,东北大学,homepage,http://www.neu.edu.cn/,http://www.neu.edu.cn/,read,东北大学,2026-10-01,
4121010145,东北大学,overview,http://www.neu.edu.cn/xygk/xxjj.htm,http://www.neu.edu.cn/xygk/xxjj.htm,read,学校简介-东北大学,2026-10-01,
4121010145,东北大学,charter,http://www.neu.edu.cn/xygk/xxzc/sy.htm,http://www.neu.edu.cn/xygk/xxzc/sy.htm,read,首页-东北大学,2026-10-01,
4121010145,东北大学,culture,http://www.neu.edu.cn/xygk/xxzc/x_g.htm,http://www.neu.edu.cn/xygk/xxzc/x_g.htm,read,校 歌-东北大学,2026-10-01,
4121010145,东北大学,history,http://www.neu.edu.cn/xygk/lsyg.htm,http://www.neu.edu.cn/xygk/lsyg.htm,read,历史沿革-东北大学,2026-10-01,
4121010145,东北大学,english,http://english.neu.edu.cn/,http://english.neu.edu.cn/,read,Northeastern University,2026-10-01,
4121010145,东北大学,navigation,http://www.neu.edu.cn/zhxx1.htm,http://www.neu.edu.cn/zhxx1.htm,read,综合信息-东北大学,2026-10-01,
4121010145,东北大学,charter,http://www.neu.edu.cn/xygk/xxzc/dbdxzc.htm,http://www.neu.edu.cn/xygk/xxzc/dbdxzc.htm,read,东北大学章程-东北大学,2026-10-01,
4121010145,东北大学,navigation,http://www.neu.edu.cn/zjdd/xysh.htm,http://www.neu.edu.cn/zjdd/xysh.htm,read,校园生活-东北大学,2026-10-01,
4121010145,东北大学,charter,http://www.neu.edu.cn/info/1126/1080.htm,http://www.neu.edu.cn/info/1126/1080.htm,read,我国大学章程的现状-东北大学,2026-10-01,
4121010145,东北大学,charter,http://www.neu.edu.cn/xygk/xxzc/sy.htm,http://www.neu.edu.cn/xygk/xxzc/sy.htm,read,首页-东北大学,2026-10-01,
4121010145,东北大学,charter,http://www.neu.edu.cn/info/1126/1080.htm,http://www.neu.edu.cn/info/1126/1080.htm,read,我国大学章程的现状-东北大学,2026-10-01,
4121010145,东北大学,charter,http://www.neu.edu.cn/xygk/xxzc/dbdxzc.htm,http://www.neu.edu.cn/xygk/xxzc/dbdxzc.htm,read,东北大学章程-东北大学,2026-10-01,
4121010145,东北大学,overview,http://www.neu.edu.cn/xygk/xxjj.htm,http://www.neu.edu.cn/xygk/xxjj.htm,read,学校简介-东北大学,2026-10-01,
4121010145,东北大学,history,http://www.neu.edu.cn/xygk/lsyg.htm,http://www.neu.edu.cn/xygk/lsyg.htm,read,历史沿革-东北大学,2026-10-01,
4121010148,辽宁石油化工大学,homepage,https://www.lnpu.edu.cn/,https://www.lnpu.edu.cn/,read,辽宁石油化工大学,2026-10-01,
4121010148,辽宁石油化工大学,overview,https://www.lnpu.edu.cn/xxzl/xxgk.htm,,access_limited,,2026-10-01,timeout
4121010148,辽宁石油化工大学,visual,https://www.lnpu.edu.cn/xxzl/xywh.htm,https://www.lnpu.edu.cn/xxzl/xywh.htm,read,校园文化-辽宁石油化工大学,2026-10-01,
4121010148,辽宁石油化工大学,culture,https://www.lnpu.edu.cn/info/1071/1561.htm,https://www.lnpu.edu.cn/info/1071/1561.htm,read,校训：问学穿石 修身诚化-辽宁石油化工大学,2026-10-01,
4121010148,辽宁石油化工大学,english,http://english.lnpu.edu.cn/,https://english.lnpu.edu.cn/,read,辽宁石油化工大学,2026-10-01,
4121010148,辽宁石油化工大学,visual,https://www.lnpu.edu.cn/info/1071/1571.htm,https://www.lnpu.edu.cn/info/1071/1571.htm,read,校标-辽宁石油化工大学,2026-10-01,
4121010148,辽宁石油化工大学,culture,https://www.lnpu.edu.cn/info/1071/1581.htm,https://www.lnpu.edu.cn/info/1071/1581.htm,read,校歌：为祖国奉献燃烧的爱-辽宁石油化工大学,2026-10-01,
4121010148,辽宁石油化工大学,english,https://english.lnpu.edu.cn/index.htm,,access_limited,,2026-10-01,timeout
4121010148,辽宁石油化工大学,visual,http://www.lnpu.edu.cn/xxzl/xiaobiao1.htm,https://www.lnpu.edu.cn/xxzl/xiaobiao1.htm,insufficient_text,校标,2026-10-01,
4121010148,辽宁石油化工大学,culture,https://www.lnpu.edu.cn/info/1071/1561.htm,,access_limited,,2026-10-01,timeout
4121010148,辽宁石油化工大学,culture,https://www.lnpu.edu.cn/info/1071/1581.htm,,access_limited,,2026-10-01,timeout
4121010148,辽宁石油化工大学,culture,https://www.lnpu.edu.cn/info/1071/1561.htm,https://www.lnpu.edu.cn/info/1071/1561.htm,read,校训：问学穿石 修身诚化-辽宁石油化工大学,2026-10-01,
4121010148,辽宁石油化工大学,culture,https://www.lnpu.edu.cn/info/1071/1581.htm,https://www.lnpu.edu.cn/info/1071/1581.htm,read,校歌：为祖国奉献燃烧的爱-辽宁石油化工大学,2026-10-01,
4121010149,沈阳化工大学,homepage,https://www.syuct.edu.cn/,https://www.syuct.edu.cn/,read,沈阳化工大学-SHENYANG UNIVERSITY OF CHEMICAL TECHNOLOGY,2026-10-01,
4121010149,沈阳化工大学,overview,https://www.syuct.edu.cn/xygk/xxjj.htm,https://www.syuct.edu.cn/xygk/xxjj.htm,read,学校简介-沈阳化工大学-SHENYANG UNIVERSITY OF CHEMICAL TECHNOLOGY,2026-10-01,
4121010149,沈阳化工大学,visual,https://www.syuct.edu.cn/xygk/xywh/xxxcp.htm,https://www.syuct.edu.cn/xygk/xywh/xxxcp.htm,read,学校宣传片-沈阳化工大学-SHENYANG UNIVERSITY OF CHEMICAL TECHNOLOGY,2026-10-01,
4121010149,沈阳化工大学,history,https://www.syuct.edu.cn/xygk/lsyg.htm,https://www.syuct.edu.cn/xygk/lsyg.htm,read,历史沿革-沈阳化工大学-SHENYANG UNIVERSITY OF CHEMICAL TECHNOLOGY,2026-10-01,
4121010149,沈阳化工大学,english,https://english.syuct.edu.cn/,https://english.syuct.edu.cn/,read,Shenyang University of Chemical Technology,2026-10-01,
4121010149,沈阳化工大学,navigation,https://www.syuct.edu.cn/info/1044/8086.htm,https://www.syuct.edu.cn/info/1044/8086.htm,read,辽宁省“企业专家进高校”前沿大课堂走进沈阳化工大学-沈阳化工大学-SHENYANG UNIVERSITY OF CHEMICAL TECHNOLOGY,2026-10-01,
4121010149,沈阳化工大学,visual,https://www.syuct.edu.cn/xygk/xxbz.htm,https://www.syuct.edu.cn/xygk/xxbz.htm,read,学校标志-沈阳化工大学-SHENYANG UNIVERSITY OF CHEMICAL TECHNOLOGY,2026-10-01,
4121010149,沈阳化工大学,overview,https://www.syuct.edu.cn/xygk/xxjj.htm,https://www.syuct.edu.cn/xygk/xxjj.htm,read,学校简介-沈阳化工大学-SHENYANG UNIVERSITY OF CHEMICAL TECHNOLOGY,2026-10-01,
4121010149,沈阳化工大学,history,https://www.syuct.edu.cn/xygk/lsyg.htm,https://www.syuct.edu.cn/xygk/lsyg.htm,read,历史沿革-沈阳化工大学-SHENYANG UNIVERSITY OF CHEMICAL TECHNOLOGY,2026-10-01,
4121010150,大连交通大学,homepage,http://www.djtu.edu.cn/,http://www.djtu.edu.cn/,read,大连交通大学,2026-10-01,
4121010150,大连交通大学,overview,http://www.djtu.edu.cn/intro.html,http://www.djtu.edu.cn/intro.html,read,大连交通大学 - 学校简介,2026-10-01,
4121010150,大连交通大学,visual,http://www.djtu.edu.cn/culture.html,http://www.djtu.edu.cn/culture.html,read,大连交通大学 - 校园文化,2026-10-01,
4121010150,大连交通大学,culture,http://www.djtu.edu.cn/culture,http://www.djtu.edu.cn/culture,read,大连交通大学 - 校园文化,2026-10-01,
4121010150,大连交通大学,overview,http://www.djtu.edu.cn/intro,http://www.djtu.edu.cn/intro,read,大连交通大学 - 学校简介,2026-10-01,
4121010150,大连交通大学,overview,http://www.djtu.edu.cn/intro,http://www.djtu.edu.cn/intro,read,大连交通大学 - 学校简介,2026-10-01,
4121010150,大连交通大学,overview,http://www.djtu.edu.cn/intro.html,http://www.djtu.edu.cn/intro.html,read,大连交通大学 - 学校简介,2026-10-01,
4121010150,大连交通大学,culture,http://www.djtu.edu.cn/culture,http://www.djtu.edu.cn/culture,read,大连交通大学 - 校园文化,2026-10-01,
4121010151,大连海事大学,homepage,https://www.dlmu.edu.cn/,https://www.dlmu.edu.cn/,read,大连海事大学,2026-10-01,
4121010151,大连海事大学,overview,https://www.dlmu.edu.cn/wzsy/xxgk/xxjj.htm,https://www.dlmu.edu.cn/wzsy/xxgk/xxjj.htm,read,学校简介-大连海事大学,2026-10-01,
4121010151,大连海事大学,charter,https://www.dlmu.edu.cn/wzsy/xxgk/xxzc.htm,https://www.dlmu.edu.cn/wzsy/xxgk/xxzc.htm,read,学校章程-大连海事大学,2026-10-01,
4121010151,大连海事大学,visual,https://hdwh.dlmu.edu.cn/index.jsp,https://hdwh.dlmu.edu.cn/index.jsp,read,大连海事大学文化网,2026-10-01,
4121010151,大连海事大学,culture,https://hdwh.dlmu.edu.cn/dxwh/xywhj.htm,https://hdwh.dlmu.edu.cn/dxwh/xywhj.htm,read,校园文化节-大连海事大学文化网,2026-10-01,
4121010151,大连海事大学,history,https://www.dlmu.edu.cn/wzsy/xxgk/lsyg.htm,https://www.dlmu.edu.cn/wzsy/xxgk/lsyg.htm,read,历史沿革-大连海事大学,2026-10-01,
4121010151,大连海事大学,english,http://english.dlmu.edu.cn,https://english.dlmu.edu.cn/,read,Dalian Maritime University,2026-10-01,
4121010151,大连海事大学,navigation,https://hdwh.dlmu.edu.cn/info/1022/1412.htm,https://hdwh.dlmu.edu.cn/info/1022/1412.htm,read,电影《守望青春》走进北京高校 “时代楷模”感动师生-大连海事大学文化网,2026-10-01,
4121010151,大连海事大学,visual,https://www.dlmu.edu.cn/wzsy/ggfw/sjsb.htm,https://www.dlmu.edu.cn/wzsy/ggfw/sjsb.htm,read,视觉识别-大连海事大学,2026-10-01,
4121010151,大连海事大学,navigation,https://hdwh.dlmu.edu.cn/info/1022/1413.htm,https://hdwh.dlmu.edu.cn/info/1022/1413.htm,foreign_school_article_excluded,电影《守望青春》走进天津大学-大连海事大学文化网,2026-10-01,
4121010151,大连海事大学,charter,https://www.dlmu.edu.cn/wzsy/xxgk/xxzc.htm,https://www.dlmu.edu.cn/wzsy/xxgk/xxzc.htm,read,学校章程-大连海事大学,2026-10-01,
4121010151,大连海事大学,overview,https://www.dlmu.edu.cn/wzsy/xxgk/xxjj.htm,https://www.dlmu.edu.cn/wzsy/xxgk/xxjj.htm,read,学校简介-大连海事大学,2026-10-01,
4121010151,大连海事大学,history,https://www.dlmu.edu.cn/wzsy/xxgk/lsyg.htm,https://www.dlmu.edu.cn/wzsy/xxgk/lsyg.htm,read,历史沿革-大连海事大学,2026-10-01,
4121010151,大连海事大学,culture,https://hdwh.dlmu.edu.cn/dxwh/xywhj.htm,https://hdwh.dlmu.edu.cn/dxwh/xywhj.htm,read,校园文化节-大连海事大学文化网,2026-10-01,
4121010152,大连工业大学,homepage,https://www.dlpu.edu.cn/,https://www.dlpu.edu.cn/,read,大连工业大学,2026-10-01,
4121010153,沈阳建筑大学,homepage,https://www.sjzu.edu.cn/,,robots_disallowed,,2026-10-01,
4121010153,沈阳建筑大学,overview,https://www.sjzu.edu.cn/xxgk/xxjj.htm,,robots_disallowed,,2026-10-01,
4121010153,沈阳建筑大学,history,https://www.sjzu.edu.cn/xxgk/lsyg.htm,,robots_disallowed,,2026-10-01,
4121010154,辽宁工业大学,homepage,https://www.lnut.edu.cn/,https://www.lnut.edu.cn/,read,辽宁工业大学,2026-10-01,
4121010154,辽宁工业大学,overview,https://www.lnut.edu.cn/xxgk/xxjj.htm,https://www.lnut.edu.cn/xxgk/xxjj.htm,read,学校简介-辽宁工业大学,2026-10-01,
4121010154,辽宁工业大学,visual,https://www.lnut.edu.cn/xxgk/xb.htm,https://www.lnut.edu.cn/xxgk/xb.htm,read,校标-辽宁工业大学,2026-10-01,
4121010154,辽宁工业大学,culture,https://www.lnut.edu.cn/xxgk/xg.htm,https://www.lnut.edu.cn/xxgk/xg.htm,read,校歌-辽宁工业大学,2026-10-01,
4121010154,辽宁工业大学,english,http://www.lnut.edu.cn/ENGLISHml/Home.htm,https://www.lnut.edu.cn/ENGLISHml/Home.htm,read,Home-辽宁工业大学,2026-10-01,
4121010154,辽宁工业大学,navigation,https://www.lnut.edu.cn/info/1151/189828.htm,https://www.lnut.edu.cn/info/1151/189828.htm,read,《一部英雄史 赓续中华魂》专题巡展走进我校-辽宁工业大学,2026-10-01,
4121010154,辽宁工业大学,culture,https://www.lnut.edu.cn/xxgk/xx1.htm,https://www.lnut.edu.cn/xxgk/xx1.htm,read,校训-辽宁工业大学,2026-10-01,
4121010154,辽宁工业大学,english,https://www.lnut.edu.cn/ENGLISHml/Academics/English__Programs.htm,https://www.lnut.edu.cn/ENGLISHml/Academics/English__Programs.htm,read,English  Programs-辽宁工业大学,2026-10-01,
4121010154,辽宁工业大学,overview,https://www.lnut.edu.cn/xxgk/xxjj.htm,https://www.lnut.edu.cn/xxgk/xxjj.htm,read,学校简介-辽宁工业大学,2026-10-01,
4121010154,辽宁工业大学,culture,https://www.lnut.edu.cn/xxgk/xg.htm,https://www.lnut.edu.cn/xxgk/xg.htm,read,校歌-辽宁工业大学,2026-10-01,
4121010154,辽宁工业大学,culture,https://www.lnut.edu.cn/xxgk/xx1.htm,https://www.lnut.edu.cn/xxgk/xx1.htm,read,校训-辽宁工业大学,2026-10-01,
4121010157,沈阳农业大学,homepage,http://en.syau.edu.cn/,,robots_disallowed,,2026-10-01,
4121010158,大连海洋大学,homepage,http://www.dlfu.edu.cn/,,fetch_error,,2026-10-01,URLError
4121010159,中国医科大学,homepage,https://www.cmu.edu.cn/,https://www.cmu.edu.cn/,read,中国医科大学网站,2026-10-01,
4121010159,中国医科大学,overview,https://www.cmu.edu.cn/info/1019/20122.htm,https://www.cmu.edu.cn/info/1019/20122.htm,read,王新伟到中国医科大学讲授思政课-中国医科大学网站,2026-10-01,
4121010159,中国医科大学,charter,https://www.cmu.edu.cn/xqzl/xxzc.htm,https://www.cmu.edu.cn/xqzl/xxzc.htm,read,学校章程-中国医科大学网站logo,2026-10-01,
4121010159,中国医科大学,visual,https://www.cmu.edu.cn/xqzl/xxbs.htm,https://www.cmu.edu.cn/xqzl/xxbs.htm,read,学校标识-中国医科大学网站,2026-10-01,
4121010159,中国医科大学,culture,https://www.cmu.edu.cn/info/1015/1494.htm,https://www.cmu.edu.cn/info/1015/1494.htm,read,校训-中国医科大学网站,2026-10-01,
4121010159,中国医科大学,history,https://www.cmu.edu.cn/xqzl/lsyg.htm,https://www.cmu.edu.cn/xqzl/lsyg.htm,read,历史沿革-中国医科大学网站,2026-10-01,
4121010159,中国医科大学,visual,https://www.cmu.edu.cn/info/1015/1286.htm,https://www.cmu.edu.cn/info/1015/1286.htm,read,校徽-中国医科大学网站,2026-10-01,
4121010159,中国医科大学,culture,https://www.cmu.edu.cn/info/1015/1568.htm,https://www.cmu.edu.cn/info/1015/1568.htm,read,校歌-中国医科大学网站,2026-10-01,
4121010159,中国医科大学,charter,https://www.cmu.edu.cn/xqzl/xxzc.htm,https://www.cmu.edu.cn/xqzl/xxzc.htm,read,学校章程-中国医科大学网站logo,2026-10-01,
4121010159,中国医科大学,overview,https://www.cmu.edu.cn/info/1019/20122.htm,https://www.cmu.edu.cn/info/1019/20122.htm,read,王新伟到中国医科大学讲授思政课-中国医科大学网站,2026-10-01,
4121010159,中国医科大学,history,https://www.cmu.edu.cn/xqzl/lsyg.htm,https://www.cmu.edu.cn/xqzl/lsyg.htm,read,历史沿革-中国医科大学网站,2026-10-01,
4121010159,中国医科大学,culture,https://www.cmu.edu.cn/info/1015/1494.htm,https://www.cmu.edu.cn/info/1015/1494.htm,read,校训-中国医科大学网站,2026-10-01,
4121010159,中国医科大学,culture,https://www.cmu.edu.cn/info/1015/1568.htm,https://www.cmu.edu.cn/info/1015/1568.htm,read,校歌-中国医科大学网站,2026-10-01,
4121010160,锦州医科大学,homepage,https://www.jzmu.edu.cn/,https://www.jzmu.edu.cn/,read,锦州医科大学,2026-10-01,
4121010160,锦州医科大学,visual,https://www.jzmu.edu.cn/introduction/xxbs.htm,https://www.jzmu.edu.cn/introduction/xxbs.htm,read,学校标识-锦州医科大学,2026-10-01,
4121010161,大连医科大学,homepage,http://www.dlmedu.edu.cn/,,fetch_error,,2026-10-01,URLError
4121010161,大连医科大学,charter,https://www.dmu.edu.cn/xxgk/xxzc.htm,https://www.dmu.edu.cn/xxgk/xxzc.htm,read,学校章程-大连医科大学,2026-10-01,
4121010161,大连医科大学,overview,https://dmu.edu.cn/,https://dmu.edu.cn/,read,大连医科大学,2026-10-01,
4121010161,大连医科大学,overview,https://www.dmu.edu.cn/,https://www.dmu.edu.cn/,read,大连医科大学,2026-10-01,
4121010161,大连医科大学,navigation,https://xxgk.dmu.edu.cn/,https://xxgk.dmu.edu.cn/,read,大连医科大学信息公开网,2026-10-01,
4121010161,大连医科大学,charter,https://www.dmu.edu.cn/xxgk/xxzc.htm,https://www.dmu.edu.cn/xxgk/xxzc.htm,read,学校章程-大连医科大学,2026-10-01,
4121010161,大连医科大学,overview,https://dmu.edu.cn/,https://dmu.edu.cn/,read,大连医科大学,2026-10-01,
4121010161,大连医科大学,overview,https://www.dmu.edu.cn/,https://www.dmu.edu.cn/,read,大连医科大学,2026-10-01,
4121010162,辽宁中医药大学,homepage,http://en.lnutcm.edu.cn/home,,fetch_error,,2026-10-01,URLError
4121010162,辽宁中医药大学,overview,https://www.lnutcm.edu.cn/xxgk/xxjj.htm,https://www.lnutcm.edu.cn/xxgk/xxjj.htm,read,学校简介-辽宁中医药大学,2026-10-01,
4121010162,辽宁中医药大学,overview,https://www.lncmxl.edu.cn/uploads/file/20241212/20241212101412-4908.pdf,https://www.lncmxl.edu.cn/uploads/file/20241212/20241212101412-4908.pdf,read,,2026-10-01,
4121010162,辽宁中医药大学,overview,https://www.lnutcm.edu.cn/xxgk/xxjj.htm,https://www.lnutcm.edu.cn/xxgk/xxjj.htm,read,学校简介-辽宁中医药大学,2026-10-01,
4121010162,辽宁中医药大学,overview,https://www.lncmxl.edu.cn/uploads/file/20241212/20241212101412-4908.pdf,https://www.lncmxl.edu.cn/uploads/file/20241212/20241212101412-4908.pdf,read,,2026-10-01,
4121010163,沈阳药科大学,homepage,https://www.syphu.edu.cn,https://www.syphu.edu.cn,read,沈阳药科大学,2026-10-01,
4121010163,沈阳药科大学,overview,https://www.syphu.edu.cn/xxgk/xxjj.htm,https://www.syphu.edu.cn/xxgk/xxjj.htm,read,学校简介-沈阳药科大学,2026-10-01,
4121010163,沈阳药科大学,culture,https://www.syphu.edu.cn/info/1234/8446.htm,https://www.syphu.edu.cn/info/1234/8446.htm,read,沈阳药科大学新版校歌正式发布-沈阳药科大学,2026-10-01,
4121010163,沈阳药科大学,history,https://www.syphu.edu.cn/xxgk/lsyg.htm,https://www.syphu.edu.cn/xxgk/lsyg.htm,read,历史沿革-沈阳药科大学,2026-10-01,
4121010163,沈阳药科大学,overview,https://www.syphu.edu.cn/xxgk/xxjj.htm,https://www.syphu.edu.cn/xxgk/xxjj.htm,read,学校简介-沈阳药科大学,2026-10-01,
4121010163,沈阳药科大学,history,https://www.syphu.edu.cn/xxgk/lsyg.htm,https://www.syphu.edu.cn/xxgk/lsyg.htm,read,历史沿革-沈阳药科大学,2026-10-01,
4121010163,沈阳药科大学,culture,https://www.syphu.edu.cn/info/1234/8446.htm,https://www.syphu.edu.cn/info/1234/8446.htm,read,沈阳药科大学新版校歌正式发布-沈阳药科大学,2026-10-01,
4121010164,沈阳医学院,homepage,https://www.symc.edu.cn/,https://www.symc.edu.cn/,read,沈阳医学院,2026-10-01,
4121010164,沈阳医学院,overview,https://www.symc.edu.cn/sygk/xxjj.htm,https://www.symc.edu.cn/sygk/xxjj.htm,read,学校简介-沈阳医学院,2026-10-01,
4121010164,沈阳医学院,culture,https://www.symc.edu.cn/info/1083/72801.htm,https://www.symc.edu.cn/info/1083/72801.htm,read,校友风采‖刀锋探微毫 笃行向医路——记沈阳医学院1999级校友王越-沈阳医学院,2026-10-01,
4121010164,沈阳医学院,history,https://www.symc.edu.cn/sygk/lsyg.htm,https://www.symc.edu.cn/sygk/lsyg.htm,read,历史沿革-沈阳医学院,2026-10-01,
4121010164,沈阳医学院,navigation,https://www.symc.edu.cn/info/1079/72011.htm,https://www.symc.edu.cn/info/1079/72011.htm,read,投资者教育进校园 筑牢青春金融防线——英大证券辽宁分公司走进沈阳医学院开展专题讲座-沈阳医学院,2026-10-01,
4121010164,沈阳医学院,overview,https://www.symc.edu.cn/sygk/xxjj.htm,https://www.symc.edu.cn/sygk/xxjj.htm,read,学校简介-沈阳医学院,2026-10-01,
4121010164,沈阳医学院,history,https://www.symc.edu.cn/sygk/lsyg.htm,https://www.symc.edu.cn/sygk/lsyg.htm,read,历史沿革-沈阳医学院,2026-10-01,
4121010164,沈阳医学院,culture,https://www.symc.edu.cn/info/1083/72801.htm,https://www.symc.edu.cn/info/1083/72801.htm,read,校友风采‖刀锋探微毫 笃行向医路——记沈阳医学院1999级校友王越-沈阳医学院,2026-10-01,
4121010165,辽宁师范大学,homepage,http://www.lnnu.edu.cn,,robots_disallowed,,2026-10-01,
4121010165,辽宁师范大学,overview,https://www.lnnu.edu.cn/,,robots_disallowed,,2026-10-01,
4121010165,辽宁师范大学,overview,https://www.lnnu.edu.cn/xxgk/xxjj.htm,,robots_disallowed,,2026-10-01,
4121010165,辽宁师范大学,overview,https://nic.lnnu.edu.cn/webroot/www/xxjj.html,https://nic.lnnu.edu.cn/webroot/www/xxjj.html,read,辽宁师范大学,2026-10-01,
4121010165,辽宁师范大学,overview,https://nic.lnnu.edu.cn/webroot/www/xxzc.html,https://nic.lnnu.edu.cn/webroot/www/xxzc.html,read,辽宁师范大学,2026-10-01,
4121010165,辽宁师范大学,overview,https://nic.lnnu.edu.cn/webroot/www/xxjj.html,https://nic.lnnu.edu.cn/webroot/www/xxjj.html,read,辽宁师范大学,2026-10-01,
4121010166,沈阳师范大学,homepage,https://www.synu.edu.cn/,https://www.synu.edu.cn/,read,沈阳师范大学,2026-10-01,
4121010166,沈阳师范大学,overview,https://www.synu.edu.cn/xxjj/list.htm,https://www.synu.edu.cn/xxjj/list.htm,read,学校简介,2026-10-01,
4121010166,沈阳师范大学,charter,https://www.synu.edu.cn/dxzc/list.htm,https://www.synu.edu.cn/dxzc/list.htm,read,大学章程,2026-10-01,
4121010166,沈阳师范大学,history,https://www.synu.edu.cn/lsyg_6755/list.htm,https://www.synu.edu.cn/lsyg_6755/list.htm,read,历史沿革,2026-10-01,
4121010166,沈阳师范大学,english,https://www.synu.edu.cn/en/,https://www.synu.edu.cn/en/,read,沈阳师范大学英文版,2026-10-01,
4121010166,沈阳师范大学,overview,https://www.synu.edu.cn/xxgk/list.htm,https://www.synu.edu.cn/xxgk/list.htm,read,学校简介,2026-10-01,
4121010166,沈阳师范大学,charter,https://www.synu.edu.cn/dxzc/list.htm,https://www.synu.edu.cn/dxzc/list.htm,read,大学章程,2026-10-01,
4121010166,沈阳师范大学,overview,https://www.synu.edu.cn/xxjj/list.htm,https://www.synu.edu.cn/xxjj/list.htm,read,学校简介,2026-10-01,
4121010166,沈阳师范大学,overview,https://www.synu.edu.cn/xxgk/list.htm,https://www.synu.edu.cn/xxgk/list.htm,read,学校简介,2026-10-01,
4121010166,沈阳师范大学,history,https://www.synu.edu.cn/lsyg_6755/list.htm,https://www.synu.edu.cn/lsyg_6755/list.htm,read,历史沿革,2026-10-01,
4121010167,渤海大学,homepage,https://www.bhu.edu.cn/,https://www.bhu.edu.cn/,read,渤海大学,2026-10-01,
4121010169,鞍山师范学院,homepage,https://www.asnc.edu.cn/,https://www.asnc.edu.cn/,read,鞍山师范学院,2026-10-01,
4121010169,鞍山师范学院,overview,https://www.asnc.edu.cn/xxgk/index.htm,https://www.asnc.edu.cn/xxgk/index.htm,insufficient_text,,2026-10-01,
4121010169,鞍山师范学院,overview,https://www.asnc.edu.cn/xxgk/xxjs/index.htm,https://www.asnc.edu.cn/xxgk/xxjs/index.htm,read,鞍山师范学院,2026-10-01,
4121010169,鞍山师范学院,charter,https://www.asnc.edu.cn/xxgk/xxzc/index.htm,https://www.asnc.edu.cn/xxgk/xxzc/index.htm,read,鞍山师范学院,2026-10-01,
4121010169,鞍山师范学院,visual,https://www.asnc.edu.cn/xxgk/xxbz/index.htm,https://www.asnc.edu.cn/xxgk/xxbz/index.htm,read,鞍山师范学院,2026-10-01,
4121010169,鞍山师范学院,charter,https://www.asnc.edu.cn/xxgk/xxzc/index.htm,https://www.asnc.edu.cn/xxgk/xxzc/index.htm,read,鞍山师范学院,2026-10-01,
4121010169,鞍山师范学院,overview,https://www.asnc.edu.cn/xxgk/xxjs/index.htm,https://www.asnc.edu.cn/xxgk/xxjs/index.htm,read,鞍山师范学院,2026-10-01,
4121010172,大连外国语大学,homepage,https://www.dlufl.edu.cn,https://www.dlufl.edu.cn,read,大连外国语大学 | Dalian University of Foreign Languages,2026-10-01,
4121010172,大连外国语大学,overview,https://www.dlufl.edu.cn/xygk/xxjj.htm,https://www.dlufl.edu.cn/xygk/xxjj.htm,read,学校简介-大连外国语大学 | Dalian University of Foreign Languages,2026-10-01,
4121010172,大连外国语大学,visual,https://www.dlufl.edu.cn/xygk/xxbs.htm,https://www.dlufl.edu.cn/xygk/xxbs.htm,read,学校标识-大连外国语大学 | Dalian University of Foreign Languages,2026-10-01,
4121010172,大连外国语大学,culture,https://www.dlufl.edu.cn/xygk/xxxg.htm,https://www.dlufl.edu.cn/xygk/xxxg.htm,read,校训校歌-大连外国语大学 | Dalian University of Foreign Languages,2026-10-01,
4121010172,大连外国语大学,english,https://www.dlufl.edu.cn/en/,https://www.dlufl.edu.cn/en/,read,Dalian University of Foreign Languages,2026-10-01,
4121010172,大连外国语大学,overview,https://www.dlufl.edu.cn/index.htm,https://www.dlufl.edu.cn/index.htm,read,大连外国语大学 | Dalian University of Foreign Languages,2026-10-01,
4121010172,大连外国语大学,culture,https://www.dlufl.edu.cn/xygk/xhxs.htm,https://www.dlufl.edu.cn/xygk/xhxs.htm,read,校花校树-大连外国语大学 | Dalian University of Foreign Languages,2026-10-01,
4121010172,大连外国语大学,english,https://www.dlufl.edu.cn/en,https://www.dlufl.edu.cn/en/,read,Dalian University of Foreign Languages,2026-10-01,
4121010172,大连外国语大学,overview,https://www.dlufl.edu.cn/index.htm,https://www.dlufl.edu.cn/index.htm,read,大连外国语大学 | Dalian University of Foreign Languages,2026-10-01,
4121010172,大连外国语大学,overview,https://www.dlufl.edu.cn/xygk/xxjj.htm,https://www.dlufl.edu.cn/xygk/xxjj.htm,read,学校简介-大连外国语大学 | Dalian University of Foreign Languages,2026-10-01,
4121010172,大连外国语大学,culture,https://www.dlufl.edu.cn/xygk/xxxg.htm,https://www.dlufl.edu.cn/xygk/xxxg.htm,read,校训校歌-大连外国语大学 | Dalian University of Foreign Languages,2026-10-01,
4121010172,大连外国语大学,culture,https://www.dlufl.edu.cn/xygk/xhxs.htm,https://www.dlufl.edu.cn/xygk/xhxs.htm,read,校花校树-大连外国语大学 | Dalian University of Foreign Languages,2026-10-01,
4121010173,东北财经大学,homepage,http://www.dufe.edu.cn,,robots_disallowed,,2026-10-01,
4121010173,东北财经大学,overview,https://www.dufe.edu.cn/?v=1.0.24,,robots_disallowed,,2026-10-01,
4121010173,东北财经大学,overview,https://www.dufe.edu.cn/xxgk/xxjj/,,robots_disallowed,,2026-10-01,
4121010173,东北财经大学,navigation,https://xxgk.dufe.edu.cn/,,access_limited,,2026-10-01,ValueError
4121010173,东北财经大学,overview,https://www.dufe.edu.cn/xxgk/,,robots_disallowed,,2026-10-01,
4121010175,中国刑事警察学院,homepage,https://www.cipuc.edu.cn/,https://www.cipuc.edu.cn/,read,中国刑事警察学院,2026-10-01,
4121010175,中国刑事警察学院,overview,https://www.cipuc.edu.cn/xxgk1/xxjj.htm,https://www.cipuc.edu.cn/xxgk1/xxjj.htm,read,学校简介-中国刑事警察学院,2026-10-01,
4121010175,中国刑事警察学院,charter,https://www.cipuc.edu.cn/xxgk1/xxzc.htm,https://www.cipuc.edu.cn/xxgk1/xxzc.htm,read,学校章程-中国刑事警察学院,2026-10-01,
4121010175,中国刑事警察学院,visual,https://www.cipuc.edu.cn/xxgk1/xxbs.htm,https://www.cipuc.edu.cn/xxgk1/xxbs.htm,read,学校标识-中国刑事警察学院,2026-10-01,
4121010175,中国刑事警察学院,history,https://www.cipuc.edu.cn/xxgk1/lsyg.htm,https://www.cipuc.edu.cn/xxgk1/lsyg.htm,read,历史沿革-中国刑事警察学院,2026-10-01,
4121010175,中国刑事警察学院,english,http://english.cipuc.edu.cn,https://english.cipuc.edu.cn/,read,About CIPUC,2026-10-01,
4121010175,中国刑事警察学院,charter,https://www.cipuc.edu.cn/xxgk1/xxzc.htm,https://www.cipuc.edu.cn/xxgk1/xxzc.htm,read,学校章程-中国刑事警察学院,2026-10-01,
4121010175,中国刑事警察学院,overview,https://www.cipuc.edu.cn/xxgk1/xxjj.htm,https://www.cipuc.edu.cn/xxgk1/xxjj.htm,read,学校简介-中国刑事警察学院,2026-10-01,
4121010175,中国刑事警察学院,history,https://www.cipuc.edu.cn/xxgk1/lsyg.htm,https://www.cipuc.edu.cn/xxgk1/lsyg.htm,read,历史沿革-中国刑事警察学院,2026-10-01,
4121010176,沈阳体育学院,homepage,https://www.syty.edu.cn,https://www.syty.edu.cn,read,沈阳体育学院欢迎您！,2026-10-01,
4121010176,沈阳体育学院,overview,https://www.syty.edu.cn/info/1172/2604.htm,https://www.syty.edu.cn/info/1172/2604.htm,read,学校简介-沈阳体育学院欢迎您！,2026-10-01,
4121010176,沈阳体育学院,visual,https://www.syty.edu.cn/info/1123/2398.htm,https://www.syty.edu.cn/info/1123/2398.htm,read,学校标识-沈阳体育学院欢迎您！,2026-10-01,
4121010176,沈阳体育学院,culture,https://www.syty.edu.cn/info/1123/2400.htm,https://www.syty.edu.cn/info/1123/2400.htm,read,校训-沈阳体育学院欢迎您！,2026-10-01,
4121010176,沈阳体育学院,overview,https://www.syty.edu.cn/xxgk/xxgk.htm,https://www.syty.edu.cn/xxgk/xxgk.htm,read,学校概况-沈阳体育学院欢迎您！,2026-10-01,
4121010176,沈阳体育学院,culture,https://www.syty.edu.cn/info/1123/2399.htm,https://www.syty.edu.cn/info/1123/2399.htm,read,校歌-沈阳体育学院欢迎您！,2026-10-01,
4121010176,沈阳体育学院,overview,https://www.syty.edu.cn/xxgk/xxgk.htm,https://www.syty.edu.cn/xxgk/xxgk.htm,read,学校概况-沈阳体育学院欢迎您！,2026-10-01,
4121010176,沈阳体育学院,overview,https://www.syty.edu.cn/info/1172/2604.htm,https://www.syty.edu.cn/info/1172/2604.htm,read,学校简介-沈阳体育学院欢迎您！,2026-10-01,
4121010176,沈阳体育学院,culture,https://www.syty.edu.cn/info/1123/2400.htm,https://www.syty.edu.cn/info/1123/2400.htm,read,校训-沈阳体育学院欢迎您！,2026-10-01,
4121010176,沈阳体育学院,culture,https://www.syty.edu.cn/info/1123/2399.htm,https://www.syty.edu.cn/info/1123/2399.htm,read,校歌-沈阳体育学院欢迎您！,2026-10-01,
4121010177,沈阳音乐学院,homepage,http://www.sycm.com.cn/,,robots_disallowed,,2026-10-01,URLError
4121010177,沈阳音乐学院,overview,https://www.sycm.edu.cn/dis_Info_dw.aspx?DWid=1&Mid=11&Sid=14&Vid=-1,https://www.sycm.edu.cn/dis_Info_dw.aspx?DWid=1&Mid=11&Sid=14&Vid=-1,read,沈阳音乐学院网站,2026-10-01,
4121010177,沈阳音乐学院,overview,https://www.sycm.edu.cn/dis_Info_dw.aspx?DWid=1&Mid=11&Sid=18&Vid=-1,https://www.sycm.edu.cn/dis_Info_dw.aspx?DWid=1&Mid=11&Sid=18&Vid=-1,read,沈阳音乐学院网站,2026-10-01,
4121010177,沈阳音乐学院,overview,https://www.sycm.edu.cn/dis_Info_dw.aspx?DWid=1&Mid=11&Sid=14&Vid=-1,https://www.sycm.edu.cn/dis_Info_dw.aspx?DWid=1&Mid=11&Sid=14&Vid=-1,read,沈阳音乐学院网站,2026-10-01,
4121010177,沈阳音乐学院,overview,https://www.sycm.edu.cn/dis_Info_dw.aspx?DWid=1&Mid=11&Sid=18&Vid=-1,https://www.sycm.edu.cn/dis_Info_dw.aspx?DWid=1&Mid=11&Sid=18&Vid=-1,read,沈阳音乐学院网站,2026-10-01,
4121010178,鲁迅美术学院,homepage,https://www.lumei.edu.cn,https://www.lumei.edu.cn,read,鲁迅美术学院,2026-10-01,
4121010178,鲁迅美术学院,overview,https://www.lumei.edu.cn/xygk/lmjj.htm,https://www.lumei.edu.cn/xygk/lmjj.htm,read,鲁美简介-鲁迅美术学院,2026-10-01,
4121010178,鲁迅美术学院,visual,https://www.lumei.edu.cn/xyfw/xywh.htm,https://www.lumei.edu.cn/xyfw/xywh.htm,read,校园文化-鲁迅美术学院,2026-10-01,
4121010178,鲁迅美术学院,culture,https://www.lumei.edu.cn/info/1195/65435.htm,https://www.lumei.edu.cn/info/1195/65435.htm,read,延河回响 声颂家国——鲁迅美术学院莫子山校区成功举办迎国庆·校歌合唱比赛-鲁迅美术学院,2026-10-01,
4121010178,鲁迅美术学院,history,https://www.lumei.edu.cn/xygk/xsyg/lsyg.htm,https://www.lumei.edu.cn/xygk/xsyg/lsyg.htm,read,历史沿革-鲁迅美术学院,2026-10-01,
4121010178,鲁迅美术学院,visual,https://www.lumei.edu.cn/xygk/xhxx.htm,https://www.lumei.edu.cn/xygk/xhxx.htm,read,校徽校训-鲁迅美术学院,2026-10-01,
4121010178,鲁迅美术学院,overview,https://www.lumei.edu.cn/xygk/lmjj.htm,https://www.lumei.edu.cn/xygk/lmjj.htm,read,鲁美简介-鲁迅美术学院,2026-10-01,
4121010178,鲁迅美术学院,history,https://www.lumei.edu.cn/xygk/xsyg/lsyg.htm,https://www.lumei.edu.cn/xygk/xsyg/lsyg.htm,read,历史沿革-鲁迅美术学院,2026-10-01,
4121010178,鲁迅美术学院,culture,https://www.lumei.edu.cn/info/1195/65435.htm,https://www.lumei.edu.cn/info/1195/65435.htm,read,延河回响 声颂家国——鲁迅美术学院莫子山校区成功举办迎国庆·校歌合唱比赛-鲁迅美术学院,2026-10-01,
4121011035,沈阳大学,homepage,https://www.syu.edu.cn/,https://www.syu.edu.cn/,read,沈阳大学,2026-10-01,
4121011035,沈阳大学,overview,https://www.syu.edu.cn/sdgl/xxjj.htm,https://www.syu.edu.cn/sdgl/xxjj.htm,read,学校简介-沈阳大学,2026-10-01,
4121011035,沈阳大学,history,http://archives.syu.edu.cn/,https://archives.syu.edu.cn/index.htm,read,沈阳大学档案馆,2026-10-01,
4121011035,沈阳大学,overview,https://www.syu.edu.cn/sdgl/xxjj.htm,https://www.syu.edu.cn/sdgl/xxjj.htm,read,学校简介-沈阳大学,2026-10-01,
4121011035,沈阳大学,history,https://archives.syu.edu.cn/index.htm,https://archives.syu.edu.cn/index.htm,read,沈阳大学档案馆,2026-10-01,
4121011258,大连大学,homepage,https://www.dlu.edu.cn/,https://www.dlu.edu.cn/,read,大连大学,2026-10-01,
4121011258,大连大学,overview,https://www.dlu.edu.cn/xxgk/xxjj.htm,https://www.dlu.edu.cn/xxgk/xxjj.htm,read,学校简介-大连大学,2026-10-01,
4121011258,大连大学,visual,https://www.dlu.edu.cn/xxgk/xhxx.htm,https://www.dlu.edu.cn/xxgk/xhxx.htm,read,校徽校训-大连大学,2026-10-01,
4121011258,大连大学,overview,https://www.dlu.edu.cn/xxgk/xxjj.htm,https://www.dlu.edu.cn/xxgk/xxjj.htm,read,学校简介-大连大学,2026-10-01,
4121011430,辽宁科技学院,homepage,https://www.lnist.edu.cn/,https://www.lnist.edu.cn/,read,辽宁科技学院,2026-10-01,
4121011430,辽宁科技学院,overview,https://www.lnist.edu.cn/xxgk/xxjj.htm,https://www.lnist.edu.cn/xxgk/xxjj.htm,read,学校简介-辽宁科技学院,2026-10-01,
4121011430,辽宁科技学院,charter,https://www.lnist.edu.cn/xxgk/xxzc.htm,https://www.lnist.edu.cn/xxgk/xxzc.htm,read,学校章程-辽宁科技学院,2026-10-01,
4121011430,辽宁科技学院,visual,https://www.lnist.edu.cn/xxgk/xxbs.htm,https://www.lnist.edu.cn/xxgk/xxbs.htm,read,学校标识-辽宁科技学院,2026-10-01,
4121011430,辽宁科技学院,history,https://www.lnist.edu.cn/xxgk/lsyg.htm,https://www.lnist.edu.cn/xxgk/lsyg.htm,read,历史沿革-辽宁科技学院,2026-10-01,
4121011430,辽宁科技学院,english,http://en.lnist.edu.cn/,https://en.lnist.edu.cn/index.htm,read,Liaoning Institute of Science and Technology,2026-10-01,
4121011430,辽宁科技学院,charter,https://www.lnist.edu.cn/xxgk/xxzc.htm,https://www.lnist.edu.cn/xxgk/xxzc.htm,read,学校章程-辽宁科技学院,2026-10-01,
4121011430,辽宁科技学院,overview,https://www.lnist.edu.cn/xxgk/xxjj.htm,https://www.lnist.edu.cn/xxgk/xxjj.htm,read,学校简介-辽宁科技学院,2026-10-01,
4121011430,辽宁科技学院,history,https://www.lnist.edu.cn/xxgk/lsyg.htm,https://www.lnist.edu.cn/xxgk/lsyg.htm,read,历史沿革-辽宁科技学院,2026-10-01,
4121011432,辽宁警察学院,homepage,http://www.lnpc.cn,,fetch_error,,2026-10-01,timeout
4121011432,辽宁警察学院,overview,https://www.lnp.edu.cn/collegeIntroduction.html,https://www.lnp.edu.cn/collegeIntroduction.html,read,辽宁警察学院,2026-10-01,
4121011432,辽宁警察学院,overview,https://www.lnp.edu.cn/collegeIntroduction.html,https://www.lnp.edu.cn/collegeIntroduction.html,read,辽宁警察学院,2026-10-01,
4121011632,沈阳工程学院,homepage,https://www.sie.edu.cn,https://www.sie.edu.cn,read,沈阳工程学院,2026-10-01,
4121011632,沈阳工程学院,overview,https://www.sie.edu.cn/xxgk/xxjj.htm,https://www.sie.edu.cn/xxgk/xxjj.htm,read,学校简介-沈阳工程学院,2026-10-01,
4121011632,沈阳工程学院,charter,https://www.sie.edu.cn/xxgk/xxzc.htm,https://www.sie.edu.cn/xxgk/xxzc.htm,read,学校章程-沈阳工程学院,2026-10-01,
4121011632,沈阳工程学院,visual,https://www.sie.edu.cn/xxgk/xywhtx.htm,https://www.sie.edu.cn/xxgk/xywhtx.htm,read,校园文化体系-沈阳工程学院,2026-10-01,
4121011632,沈阳工程学院,english,https://study.sie.edu.cn/index.jsp,,access_limited,,2026-10-01,HTTPError
4121011632,沈阳工程学院,navigation,https://www.sie.edu.cn/xxgk/xxls.htm,https://www.sie.edu.cn/xxgk/xxls.htm,read,学校历史-沈阳工程学院,2026-10-01,
4121011632,沈阳工程学院,navigation,https://www.sie.edu.cn/info/2439/62112.htm,https://www.sie.edu.cn/info/2439/62112.htm,read,【振兴有你・就有未来】公共就业服务活动走进沈阳工程学院-沈阳工程学院,2026-10-01,
4121011632,沈阳工程学院,charter,https://www.sie.edu.cn/xxgk/xxzc.htm,https://www.sie.edu.cn/xxgk/xxzc.htm,read,学校章程-沈阳工程学院,2026-10-01,
4121011632,沈阳工程学院,overview,https://www.sie.edu.cn/xxgk/xxjj.htm,https://www.sie.edu.cn/xxgk/xxjj.htm,read,学校简介-沈阳工程学院,2026-10-01,
4121011779,辽东学院,homepage,https://www.elnu.edu.cn/,,fetch_error,,2026-10-01,URLError
4121012026,大连民族大学,homepage,https://www.dlnu.edu.cn,https://www.dlnu.edu.cn,read,大连民族大学,2026-10-01,
4121012026,大连民族大学,overview,https://www.dlnu.edu.cn/xxgk/xxjj.htm,https://www.dlnu.edu.cn/xxgk/xxjj.htm,read,学校简介-大连民族大学,2026-10-01,
4121012026,大连民族大学,visual,https://www.dlnu.edu.cn/info/1041/35051.htm,https://www.dlnu.edu.cn/info/1041/35051.htm,read,学校举办2026年民族团结进步宣传周暨学校校园文化艺术节、铸牢中华民族共同体意识教育月、铸牢中华民族共同体意识教育基地启动仪式-大连民族大学,2026-10-01,
4121012026,大连民族大学,culture,https://www.dlnu.edu.cn/info/1044/35082.htm,https://www.dlnu.edu.cn/info/1044/35082.htm,read,【中国民族网】大连民族大学举办2026年民族团结进步宣传周暨学校校园文化艺术节、铸牢中华民族共同体意识教育月、铸牢中华民族共同体意识教育基地启动仪式-大连民族大学,2026-10-01,
4121012026,大连民族大学,culture,https://www.dlnu.edu.cn/info/1044/35066.htm,https://www.dlnu.edu.cn/info/1044/35066.htm,read,【中国日报网】大连民族大学推动民族团结教育融入校园文化建设-大连民族大学,2026-10-01,
4121012026,大连民族大学,overview,https://www.dlnu.edu.cn/xxgk/xxjj.htm,https://www.dlnu.edu.cn/xxgk/xxjj.htm,read,学校简介-大连民族大学,2026-10-01,
4121012026,大连民族大学,culture,https://www.dlnu.edu.cn/info/1044/35082.htm,https://www.dlnu.edu.cn/info/1044/35082.htm,read,【中国民族网】大连民族大学举办2026年民族团结进步宣传周暨学校校园文化艺术节、铸牢中华民族共同体意识教育月、铸牢中华民族共同体意识教育基地启动仪式-大连民族大学,2026-10-01,
4121012026,大连民族大学,culture,https://www.dlnu.edu.cn/info/1044/35066.htm,https://www.dlnu.edu.cn/info/1044/35066.htm,read,【中国日报网】大连民族大学推动民族团结教育融入校园文化建设-大连民族大学,2026-10-01,
4121013201,沈阳工学院,homepage,https://www.situ.edu.cn/,https://www.situ.edu.cn/,read,沈阳工学院 | Shenyang Institute of Technology,2026-10-01,
4121013201,沈阳工学院,overview,https://www.situ.edu.cn/xxgk/xxjj.htm,https://www.situ.edu.cn/xxgk/xxjj.htm,read,学校简介-沈阳工学院 | Shenyang Institute of Technology,2026-10-01,
4121013201,沈阳工学院,visual,https://www.situ.edu.cn/xxgk/xxbs.htm,https://www.situ.edu.cn/xxgk/xxbs.htm,read,学校标识-沈阳工学院 | Shenyang Institute of Technology,2026-10-01,
4121013201,沈阳工学院,english,https://en.situ.edu.cn/,https://en.situ.edu.cn/,read,沈阳工学院 Shenyang Institute of Technology,2026-10-01,
4121013201,沈阳工学院,visual,https://www.situ.edu.cn/system/_content/download.jsp?urltype=news.DownloadAttachUrl&owner=1574763576&wbfileid=13173010,https://www.situ.edu.cn/system/_content/download.jsp?urltype=news.DownloadAttachUrl&owner=1574763576&wbfileid=13173010,insufficient_text,附件下载,2026-10-01,
4121013201,沈阳工学院,overview,https://www.situ.edu.cn/xxgk/xxjj.htm,https://www.situ.edu.cn/xxgk/xxjj.htm,read,学校简介-沈阳工学院 | Shenyang Institute of Technology,2026-10-01,
4121014435,营口理工学院,homepage,http://www.yku.edu.cn/,,robots_disallowed,,2026-10-01,HTTPError
4121014435,营口理工学院,overview,https://www.moe.gov.cn/srcsite/A03/s181/201304/t20130424_151818.html,http://www.moe.gov.cn/srcsite/A03/s181/201304/t20130424_151818.html,read,教育部关于同意建立营口理工学院的函 - 中华人民共和国教育部政府门户网站,2026-10-01,
4121010171,朝阳师范学院,homepage,https://www.cync.edu.cn/,,fetch_error,,2026-10-01,URLError
4121010171,朝阳师范学院,overview,https://www.cynu.edu.cn/index.htm,https://www.cynu.edu.cn/index.htm,read,朝阳师范学院,2026-10-01,
4121010171,朝阳师范学院,overview,https://www.cynu.edu.cn/xxgk1/xxjj.htm,https://www.cynu.edu.cn/xxgk1/xxjj.htm,read,学校简介-朝阳师范学院,2026-10-01,
4121010171,朝阳师范学院,overview,https://www.cynu.edu.cn/index.htm,https://www.cynu.edu.cn/index.htm,read,朝阳师范学院,2026-10-01,
4121010171,朝阳师范学院,overview,https://www.cynu.edu.cn/xxgk1/xxjj.htm,https://www.cynu.edu.cn/xxgk1/xxjj.htm,read,学校简介-朝阳师范学院,2026-10-01,
4122010183,吉林大学,homepage,https://www.jlu.edu.cn/index.htm,https://www.jlu.edu.cn/index.htm,read,吉林大学,2026-10-01,
4122010183,吉林大学,overview,https://www.jlu.edu.cn/xxgk.htm,https://www.jlu.edu.cn/xxgk.htm,read,学校概况-吉林大学,2026-10-01,
4122010183,吉林大学,charter,https://www.jlu.edu.cn/xxgk/xxzc.htm,https://www.jlu.edu.cn/xxgk/xxzc.htm,read,学校章程-吉林大学,2026-10-01,
4122010183,吉林大学,visual,https://www.jlu.edu.cn/xxgk/xxbs.htm,https://www.jlu.edu.cn/xxgk/xxbs.htm,read,学校标识-吉林大学,2026-10-01,
4122010183,吉林大学,culture,https://www.jlu.edu.cn/index/xywh.htm,https://www.jlu.edu.cn/index/xywh.htm,read,校园文化-吉林大学,2026-10-01,
4122010183,吉林大学,history,https://www.jlu.edu.cn/xxgk/lsyg.htm,https://www.jlu.edu.cn/xxgk/lsyg.htm,read,历史沿革-吉林大学,2026-10-01,
4122010183,吉林大学,english,https://en.jlu.edu.cn/,https://en.jlu.edu.cn/,read,吉林大学英文,2026-10-01,
4122010183,吉林大学,visual,https://www.jlu.edu.cn/info/1010/7275.htm,https://www.jlu.edu.cn/info/1010/7275.htm,read,校徽-吉林大学,2026-10-01,
4122010183,吉林大学,culture,https://www.jlu.edu.cn/info/1010/7273.htm,https://www.jlu.edu.cn/info/1010/7273.htm,read,校训-吉林大学,2026-10-01,
4122010183,吉林大学,visual,https://www.jlu.edu.cn/system/_content/download.jsp?urltype=news.DownloadAttachUrl&owner=1180385364&wbfileid=62749,https://www.jlu.edu.cn/system/_content/download.jsp?urltype=news.DownloadAttachUrl&owner=1180385364&wbfileid=62749,insufficient_text,附件下载,2026-10-01,
4122010183,吉林大学,charter,https://www.jlu.edu.cn/xxgk/xxzc.htm,https://www.jlu.edu.cn/xxgk/xxzc.htm,read,学校章程-吉林大学,2026-10-01,
4122010183,吉林大学,overview,https://www.jlu.edu.cn/xxgk.htm,https://www.jlu.edu.cn/xxgk.htm,read,学校概况-吉林大学,2026-10-01,
4122010183,吉林大学,history,https://www.jlu.edu.cn/xxgk/lsyg.htm,https://www.jlu.edu.cn/xxgk/lsyg.htm,read,历史沿革-吉林大学,2026-10-01,
4122010183,吉林大学,culture,https://www.jlu.edu.cn/index/xywh.htm,https://www.jlu.edu.cn/index/xywh.htm,read,校园文化-吉林大学,2026-10-01,
4122010183,吉林大学,culture,https://www.jlu.edu.cn/info/1010/7273.htm,https://www.jlu.edu.cn/info/1010/7273.htm,read,校训-吉林大学,2026-10-01,
4122010184,延边大学,homepage,https://www.ybu.edu.cn/,,access_limited,,2026-10-01,URLError
4122010184,延边大学,visual,https://www.ybu.edu.cn/xxgl/ydbs.htm,,access_limited,,2026-10-01,URLError
4122010186,长春理工大学,homepage,https://www.cust.edu.cn/,https://www.cust.edu.cn/,read,长春理工大学,2026-10-01,
4122010186,长春理工大学,overview,https://www.cust.edu.cn/xxgk2026/xxjj2026/index.htm,https://www.cust.edu.cn/xxgk2026/xxjj2026/index.htm,read,学校简介-长春理工大学,2026-10-01,
4122010186,长春理工大学,visual,https://www.cust.edu.cn/xywh2026/index.htm,https://www.cust.edu.cn/xywh2026/index.htm,insufficient_text,,2026-10-01,
4122010186,长春理工大学,english,https://sie.cust.edu.cn/,https://sie.cust.edu.cn/,read,,2026-10-01,
4122010186,长春理工大学,overview,https://www.cust.edu.cn/xxgk2026/index.htm,https://www.cust.edu.cn/xxgk2026/index.htm,insufficient_text,,2026-10-01,
4122010186,长春理工大学,english,https://sie.cust.edu.cn/Course/index.htm,https://sie.cust.edu.cn/Course/index.htm,read,,2026-10-01,
4122010186,长春理工大学,overview,https://www.cust.edu.cn/xxgk2026/xxjj2026/index.htm,https://www.cust.edu.cn/xxgk2026/xxjj2026/index.htm,read,学校简介-长春理工大学,2026-10-01,
4122010188,东北电力大学,homepage,http://www.nedu.edu.cn,,fetch_error,,2026-10-01,URLError
4122010188,东北电力大学,overview,https://zs.neepu.edu.cn/,,access_limited,,2026-10-01,URLError
4122010188,东北电力大学,overview,https://www.neepu.edu.cn/,,access_limited,,2026-10-01,URLError
4122010188,东北电力大学,overview,https://www.neepu.edu.cn/xqzl.htm,,access_limited,,2026-10-01,URLError
4122010188,东北电力大学,overview,https://zs.neepu.edu.cn/xxjj.htm,,access_limited,,2026-10-01,URLError
4122010190,长春工业大学,homepage,https://www.ccut.edu.cn/,https://www.ccut.edu.cn/,read,长春工业大学,2026-10-01,
4122010190,长春工业大学,overview,https://www.ccut.edu.cn/gdgl/xxjj.htm,https://www.ccut.edu.cn/gdgl/xxjj.htm,read,学校简介-长春工业大学,2026-10-01,
4122010190,长春工业大学,charter,https://www.ccut.edu.cn/gdgl/xxzc.htm,https://www.ccut.edu.cn/gdgl/xxzc.htm,read,学校章程-长春工业大学,2026-10-01,
4122010190,长春工业大学,culture,https://www.ccut.edu.cn/info/1221/6722.htm,https://www.ccut.edu.cn/info/1221/6722.htm,read,【学习动态】铸魂赋能强本领 实干担当树政绩—— 学校树立和践行正确政绩观干部培训班综述-长春工业大学,2026-10-01,
4122010190,长春工业大学,history,https://www.ccut.edu.cn/gdgl/lsyg.htm,https://www.ccut.edu.cn/gdgl/lsyg.htm,read,历史沿革-长春工业大学,2026-10-01,
4122010190,长春工业大学,charter,https://www.ccut.edu.cn/gdgl/xxzc.htm,https://www.ccut.edu.cn/gdgl/xxzc.htm,read,学校章程-长春工业大学,2026-10-01,
4122010190,长春工业大学,overview,https://www.ccut.edu.cn/gdgl/xxjj.htm,https://www.ccut.edu.cn/gdgl/xxjj.htm,read,学校简介-长春工业大学,2026-10-01,
4122010190,长春工业大学,history,https://www.ccut.edu.cn/gdgl/lsyg.htm,https://www.ccut.edu.cn/gdgl/lsyg.htm,read,历史沿革-长春工业大学,2026-10-01,
4122010190,长春工业大学,culture,https://www.ccut.edu.cn/info/1221/6722.htm,https://www.ccut.edu.cn/info/1221/6722.htm,read,【学习动态】铸魂赋能强本领 实干担当树政绩—— 学校树立和践行正确政绩观干部培训班综述-长春工业大学,2026-10-01,
4122010191,吉林建筑大学,homepage,http://www.jliae.edu.cn,,fetch_error,,2026-10-01,URLError
4122010192,吉林化工大学,homepage,http://www.jlict.edu.cn/,,fetch_error,,2026-10-01,URLError
4122010192,吉林化工大学,overview,https://yjs.jlict.edu.cn/index.htm,,access_limited,,2026-10-01,URLError
4122010193,吉林农业大学,homepage,https://www.jlau.edu.cn/,https://www.jlau.edu.cn/,read,吉林农业大学,2026-10-01,
4122010193,吉林农业大学,overview,https://www.jlau.edu.cn/xxgk/xxjj.htm,https://www.jlau.edu.cn/xxgk/xxjj.htm,read,学校简介-吉林农业大学,2026-10-01,
4122010193,吉林农业大学,charter,https://www.jlau.edu.cn/xxgk/dxzc.htm,https://www.jlau.edu.cn/xxgk/dxzc.htm,read,大学章程-吉林农业大学,2026-10-01,
4122010193,吉林农业大学,visual,https://www.jlau.edu.cn/xxgk/xxbs.htm,https://www.jlau.edu.cn/xxgk/xxbs.htm,read,学校标识-吉林农业大学,2026-10-01,
4122010193,吉林农业大学,culture,https://www.jlau.edu.cn/info/1027/2940.htm,https://www.jlau.edu.cn/info/1027/2940.htm,read,校训石-吉林农业大学,2026-10-01,
4122010193,吉林农业大学,history,https://www.jlau.edu.cn/xxgk/lsyg.htm,https://www.jlau.edu.cn/xxgk/lsyg.htm,read,历史沿革-吉林农业大学,2026-10-01,
4122010193,吉林农业大学,english,http://jlaueng.jlau.edu.cn/,,robots_disallowed,,2026-10-01,
4122010193,吉林农业大学,navigation,https://www.jlau.edu.cn/zjxy.htm,https://www.jlau.edu.cn/zjxy.htm,read,走进校园-吉林农业大学,2026-10-01,
4122010193,吉林农业大学,charter,https://www.jlau.edu.cn/xxgk/dxzc.htm,https://www.jlau.edu.cn/xxgk/dxzc.htm,read,大学章程-吉林农业大学,2026-10-01,
4122010193,吉林农业大学,overview,https://www.jlau.edu.cn/xxgk/xxjj.htm,https://www.jlau.edu.cn/xxgk/xxjj.htm,read,学校简介-吉林农业大学,2026-10-01,
4122010193,吉林农业大学,history,https://www.jlau.edu.cn/xxgk/lsyg.htm,https://www.jlau.edu.cn/xxgk/lsyg.htm,read,历史沿革-吉林农业大学,2026-10-01,
4122010193,吉林农业大学,culture,https://www.jlau.edu.cn/info/1027/2940.htm,https://www.jlau.edu.cn/info/1027/2940.htm,read,校训石-吉林农业大学,2026-10-01,
4122010193,吉林农业大学,overview,https://www.jlau.edu.cn/xxgk/xxjj.htm,https://www.jlau.edu.cn/xxgk/xxjj.htm,read,学校简介-吉林农业大学,2026-10-01,
4122010199,长春中医药大学,homepage,https://www.ccucm.edu.cn/,,fetch_error,,2026-10-01,URLError
4122010199,长春中医药大学,overview,https://glxy.ccucm.edu.cn/,https://glxy.ccucm.edu.cn/,read,长春中医药大学,2026-10-01,
4122010199,长春中医药大学,overview,https://office.ccucm.edu.cn/index/tzgg.htm,,access_limited,,2026-10-01,URLError
4122010199,长春中医药大学,charter,https://office.ccucm.edu.cn/info/1036/2554.htm,,access_limited,,2026-10-01,URLError
4122010199,长春中医药大学,overview,https://glxy.ccucm.edu.cn/,https://glxy.ccucm.edu.cn/,read,长春中医药大学,2026-10-01,
4122010199,长春中医药大学,overview,https://lndx.ccucm.edu.cn/gywm1.htm,,access_limited,,2026-10-01,URLError
4122010200,东北师范大学,homepage,https://en.nenu.edu.cn/,https://en.nenu.edu.cn/,read,东北师范大学-主站英文,2026-10-01,
4122010201,北华大学,homepage,https://www.beihua.edu.cn,https://www.beihua.edu.cn,read,北华大学,2026-10-01,
4122010201,北华大学,overview,https://www.beihua.edu.cn/xxgk1/xxjj.htm,https://www.beihua.edu.cn/xxgk1/xxjj.htm,read,学校简介-北华大学,2026-10-01,
4122010201,北华大学,charter,https://www.beihua.edu.cn/xxgk1/xxzc.htm,https://www.beihua.edu.cn/xxgk1/xxzc.htm,read,学校章程-北华大学,2026-10-01,
4122010201,北华大学,visual,https://vi.beihua.edu.cn/,https://vi.beihua.edu.cn/,read,北华大学视觉形象识别系统,2026-10-01,
4122010201,北华大学,culture,https://www.beihua.edu.cn/xxgk1/xywh1.htm,https://www.beihua.edu.cn/xxgk1/xywh1.htm,read,校园文化-北华大学,2026-10-01,
4122010201,北华大学,history,https://www.beihua.edu.cn/xxgk1/lsyg.htm,https://www.beihua.edu.cn/xxgk1/lsyg.htm,read,历史沿革-北华大学,2026-10-01,
4122010201,北华大学,overview,https://www.beihua.edu.cn/xxgk1.htm,https://www.beihua.edu.cn/xxgk1.htm,read,学校概况-北华大学,2026-10-01,
4122010201,北华大学,visual,https://vi.beihua.edu.cn/info/1003/1001.htm,https://vi.beihua.edu.cn/info/1003/1001.htm,read,校徽释义-北华大学视觉形象识别系统,2026-10-01,
4122010201,北华大学,culture,https://vi.beihua.edu.cn/info/1010/1006.htm,https://vi.beihua.edu.cn/info/1010/1006.htm,read,横式校训字体（版式一）-北华大学视觉形象识别系统,2026-10-01,
4122010201,北华大学,visual,https://vi.beihua.edu.cn/info/1008/1004.htm,https://vi.beihua.edu.cn/info/1008/1004.htm,read,横式标准字-北华大学视觉形象识别系统,2026-10-01,
4122010201,北华大学,charter,https://www.beihua.edu.cn/xxgk1/xxzc.htm,https://www.beihua.edu.cn/xxgk1/xxzc.htm,read,学校章程-北华大学,2026-10-01,
4122010201,北华大学,overview,https://www.beihua.edu.cn/xxgk1.htm,https://www.beihua.edu.cn/xxgk1.htm,read,学校概况-北华大学,2026-10-01,
4122010201,北华大学,overview,https://www.beihua.edu.cn/xxgk1/xxjj.htm,https://www.beihua.edu.cn/xxgk1/xxjj.htm,read,学校简介-北华大学,2026-10-01,
4122010201,北华大学,history,https://www.beihua.edu.cn/xxgk1/lsyg.htm,https://www.beihua.edu.cn/xxgk1/lsyg.htm,read,历史沿革-北华大学,2026-10-01,
4122010201,北华大学,culture,https://www.beihua.edu.cn/xxgk1/xywh1.htm,https://www.beihua.edu.cn/xxgk1/xywh1.htm,read,校园文化-北华大学,2026-10-01,
4122010202,通化师范学院,homepage,https://www.thnu.edu.cn,https://www.thnu.edu.cn,insufficient_text,通化师范学院,2026-10-01,
4122010203,吉林师范大学,homepage,https://www.jlnu.edu.cn/,https://www.jlnu.edu.cn/,read,吉林师范大学,2026-10-01,
4122010203,吉林师范大学,overview,https://www.jlnu.edu.cn/xxgk/xxjs.htm,https://www.jlnu.edu.cn/xxgk/xxjs.htm,read,学校介绍-吉林师范大学,2026-10-01,
4122010203,吉林师范大学,history,https://www.jlnu.edu.cn/xxgk/lsygg.htm,https://www.jlnu.edu.cn/xxgk/lsygg.htm,read,历史沿革-吉林师范大学,2026-10-01,
4122010203,吉林师范大学,overview,https://www.jlnu.edu.cn/xxgk/xxjs.htm,https://www.jlnu.edu.cn/xxgk/xxjs.htm,read,学校介绍-吉林师范大学,2026-10-01,
4122010203,吉林师范大学,history,https://www.jlnu.edu.cn/xxgk/lsygg.htm,https://www.jlnu.edu.cn/xxgk/lsygg.htm,read,历史沿革-吉林师范大学,2026-10-01,
4122010204,吉林工程技术师范学院,homepage,https://www.jlenu.edu.cn/,https://www.jlenu.edu.cn/,read,吉林工程技术师范学院,2026-10-01,
4122010204,吉林工程技术师范学院,overview,https://www.jlenu.edu.cn/xxgk/xxjj.htm,https://www.jlenu.edu.cn/xxgk/xxjj.htm,read,学校简介-吉林工程技术师范学院,2026-10-01,
4122010204,吉林工程技术师范学院,history,https://www.jlenu.edu.cn/xxgk/lsyg.htm,https://www.jlenu.edu.cn/xxgk/lsyg.htm,read,历史沿革-吉林工程技术师范学院,2026-10-01,
4122010204,吉林工程技术师范学院,navigation,https://www.jlenu.edu.cn/info/1112/19693.htm,https://www.jlenu.edu.cn/info/1112/19693.htm,read,关于学校拟推荐2027年度吉林省高等教育教学改革研究课题立项申报的公示-吉林工程技术师范学院,2026-10-01,
4122010204,吉林工程技术师范学院,navigation,https://www.jlenu.edu.cn/info/1112/19803.htm,https://www.jlenu.edu.cn/info/1112/19803.htm,read,关于学校拟推荐2027年度吉林省研究生教育教学改革研究课题立项申报的公示-吉林工程技术师范学院,2026-10-01,
4122010204,吉林工程技术师范学院,overview,https://www.jlenu.edu.cn/xxgk/xxjj.htm,https://www.jlenu.edu.cn/xxgk/xxjj.htm,read,学校简介-吉林工程技术师范学院,2026-10-01,
4122010204,吉林工程技术师范学院,history,https://www.jlenu.edu.cn/xxgk/lsyg.htm,https://www.jlenu.edu.cn/xxgk/lsyg.htm,read,历史沿革-吉林工程技术师范学院,2026-10-01,
4122010205,长春师范大学,homepage,http://www.cncnc.edu.cn/,,fetch_error,,2026-10-01,URLError
4122010205,长春师范大学,overview,https://heec.cahe.edu.cn/school/355/jianjie,,access_limited,,2026-10-01,ValueError
4122010206,白城师范学院,homepage,http://www.bcsfxy.com/,,fetch_error,,2026-10-01,URLError
4122010206,白城师范学院,overview,https://dag.bcnu.edu.cn/index.htm,,access_limited,,2026-10-01,URLError
4122010206,白城师范学院,overview,https://dag.bcnu.edu.cn/info/1032/1531.htm,,access_limited,,2026-10-01,URLError
4122010206,白城师范学院,overview,https://xyh.bcnu.edu.cn/info/1048/1400.htm,,access_limited,,2026-10-01,URLError
4122010207,吉林财经大学,homepage,https://www.jlufe.edu.cn/,https://www.jlufe.edu.cn/,read,吉林财经大学,2026-10-01,
4122010207,吉林财经大学,overview,https://www.jlufe.edu.cn/cdgk/xxjj.htm,https://www.jlufe.edu.cn/cdgk/xxjj.htm,read,学校简介-吉林财经大学,2026-10-01,
4122010207,吉林财经大学,charter,https://www.jlufe.edu.cn/cdgk/xxzc.htm,https://www.jlufe.edu.cn/cdgk/xxzc.htm,read,学校章程-吉林财经大学,2026-10-01,
4122010207,吉林财经大学,history,https://www.jlufe.edu.cn/info/1135/12142.htm,https://www.jlufe.edu.cn/info/1135/12142.htm,read,历史沿革-吉林财经大学,2026-10-01,
4122010207,吉林财经大学,navigation,https://www.jlufe.edu.cn/zjcd/rczp.htm,https://www.jlufe.edu.cn/zjcd/rczp.htm,read,人才招聘-吉林财经大学,2026-10-01,
4122010207,吉林财经大学,history,https://www.jlufe.edu.cn/cdgk/lsyg/lsyg.htm,https://www.jlufe.edu.cn/cdgk/lsyg/lsyg.htm,read,历史沿革-吉林财经大学,2026-10-01,
4122010207,吉林财经大学,charter,https://www.jlufe.edu.cn/cdgk/xxzc.htm,https://www.jlufe.edu.cn/cdgk/xxzc.htm,read,学校章程-吉林财经大学,2026-10-01,
4122010207,吉林财经大学,overview,https://www.jlufe.edu.cn/cdgk/xxjj.htm,https://www.jlufe.edu.cn/cdgk/xxjj.htm,read,学校简介-吉林财经大学,2026-10-01,
4122010207,吉林财经大学,history,https://www.jlufe.edu.cn/cdgk/lsyg/lsyg.htm,https://www.jlufe.edu.cn/cdgk/lsyg/lsyg.htm,read,历史沿革-吉林财经大学,2026-10-01,
4122010207,吉林财经大学,history,https://www.jlufe.edu.cn/info/1135/12142.htm,https://www.jlufe.edu.cn/info/1135/12142.htm,read,历史沿革-吉林财经大学,2026-10-01,
4122010208,吉林体育学院,homepage,https://www.jlsu.edu.cn/,https://www.jlsu.edu.cn/,read,吉林体育学院::www.jlsu.edu.cn,2026-10-01,
4122010208,吉林体育学院,overview,https://www.jlsu.edu.cn/info/1039/1344.htm,https://www.jlsu.edu.cn/info/1039/1344.htm,read,学校简介-吉林体育学院::www.jlsu.edu.cn,2026-10-01,
4122010208,吉林体育学院,visual,https://www.jlsu.edu.cn/info/1039/1343.htm,https://www.jlsu.edu.cn/info/1039/1343.htm,read,学校标识-吉林体育学院::www.jlsu.edu.cn,2026-10-01,
4122010208,吉林体育学院,overview,https://www.jlsu.edu.cn/xxgk.htm,https://www.jlsu.edu.cn/xxgk.htm,read,学校概况-吉林体育学院::www.jlsu.edu.cn,2026-10-01,
4122010208,吉林体育学院,overview,https://www.jlsu.edu.cn/xxgk.htm,https://www.jlsu.edu.cn/xxgk.htm,read,学校概况-吉林体育学院::www.jlsu.edu.cn,2026-10-01,
4122010208,吉林体育学院,overview,https://www.jlsu.edu.cn/info/1039/1344.htm,https://www.jlsu.edu.cn/info/1039/1344.htm,read,学校简介-吉林体育学院::www.jlsu.edu.cn,2026-10-01,
4122010209,吉林艺术学院,homepage,https://www.jlart.edu.cn,https://www.jlart.edu.cn,read,吉林艺术学院官网,2026-10-01,
4122010209,吉林艺术学院,overview,https://www.jlart.edu.cn/xygk/xyjj.htm,https://www.jlart.edu.cn/xygk/xyjj.htm,read,学院简介-吉林艺术学院官网,2026-10-01,
4122010209,吉林艺术学院,culture,https://www.jlart.edu.cn/xygk/xxxx.htm,https://www.jlart.edu.cn/xygk/xxxx.htm,read,学校校训-吉林艺术学院官网,2026-10-01,
4122010209,吉林艺术学院,history,https://www.jlart.edu.cn/xygk/lsyg1.htm,https://www.jlart.edu.cn/xygk/lsyg1.htm,read,历史沿革-吉林艺术学院官网,2026-10-01,
4122010209,吉林艺术学院,overview,https://www.jlart.edu.cn/xygk/xyjj.htm,https://www.jlart.edu.cn/xygk/xyjj.htm,read,学院简介-吉林艺术学院官网,2026-10-01,
4122010209,吉林艺术学院,history,https://www.jlart.edu.cn/xygk/lsyg1.htm,https://www.jlart.edu.cn/xygk/lsyg1.htm,read,历史沿革-吉林艺术学院官网,2026-10-01,
4122010209,吉林艺术学院,culture,https://www.jlart.edu.cn/xygk/xxxx.htm,https://www.jlart.edu.cn/xygk/xxxx.htm,read,学校校训-吉林艺术学院官网,2026-10-01,
4122011261,吉林工商学院,homepage,https://www.jlbtc.edu.cn/,https://www.jlbtc.edu.cn/,read,吉林工商学院,2026-10-01,
4122011261,吉林工商学院,overview,https://www.jlbtc.edu.cn/xxgk/xyjj.htm,https://www.jlbtc.edu.cn/xxgk/xyjj.htm,read,学院简介-吉林工商学院,2026-10-01,
4122011261,吉林工商学院,visual,https://www.jlbtc.edu.cn/xxgk/xhxbxx.htm,https://www.jlbtc.edu.cn/xxgk/xhxbxx.htm,read,校徽校标校训-吉林工商学院,2026-10-01,
4122011261,吉林工商学院,culture,https://www.jlbtc.edu.cn/xxgk/xg.htm,https://www.jlbtc.edu.cn/xxgk/xg.htm,read,校歌-吉林工商学院,2026-10-01,
4122011261,吉林工商学院,visual,https://www.jlbtc.edu.cn/xxgk/xhxbxx/xh_xm.htm,https://www.jlbtc.edu.cn/xxgk/xhxbxx/xh_xm.htm,read,校徽、校名-吉林工商学院,2026-10-01,
4122011261,吉林工商学院,culture,https://www.jlbtc.edu.cn/xxgk/xhxbxx/xx.htm,https://www.jlbtc.edu.cn/xxgk/xhxbxx/xx.htm,read,校训-吉林工商学院,2026-10-01,
4122011261,吉林工商学院,visual,https://www.jlbtc.edu.cn/xxgk/xhxbxx/xh_xmzhxg.htm,https://www.jlbtc.edu.cn/xxgk/xhxbxx/xh_xmzhxg.htm,read,校徽、校名组合效果-吉林工商学院,2026-10-01,
4122011261,吉林工商学院,overview,https://www.jlbtc.edu.cn/xxgk/xyjj.htm,https://www.jlbtc.edu.cn/xxgk/xyjj.htm,read,学院简介-吉林工商学院,2026-10-01,
4122011261,吉林工商学院,culture,https://www.jlbtc.edu.cn/xxgk/xg.htm,https://www.jlbtc.edu.cn/xxgk/xg.htm,read,校歌-吉林工商学院,2026-10-01,
4122011261,吉林工商学院,culture,https://www.jlbtc.edu.cn/xxgk/xhxbxx/xx.htm,https://www.jlbtc.edu.cn/xxgk/xhxbxx/xx.htm,read,校训-吉林工商学院,2026-10-01,
4122011437,长春工程学院,homepage,https://www.ccit.edu.cn,https://www.ccit.edu.cn,read,长春工程学院,2026-10-01,
4122011437,长春工程学院,overview,https://www.ccit.edu.cn/xxgk/xxjj.htm,https://www.ccit.edu.cn/xxgk/xxjj.htm,read,学校简介-长春工程学院,2026-10-01,
4122011437,长春工程学院,charter,https://www.ccit.edu.cn/xxgk/xxzc.htm,https://www.ccit.edu.cn/xxgk/xxzc.htm,read,学校章程-长春工程学院,2026-10-01,
4122011437,长春工程学院,visual,https://www.ccit.edu.cn/xxgk/xxbs.htm,https://www.ccit.edu.cn/xxgk/xxbs.htm,read,学校标识-长春工程学院,2026-10-01,
4122011437,长春工程学院,history,https://www.ccit.edu.cn/xxgk/lsyg.htm,https://www.ccit.edu.cn/xxgk/lsyg.htm,read,历史沿革-长春工程学院,2026-10-01,
4122011437,长春工程学院,english,https://en.ccit.edu.cn/,,access_limited,,2026-10-01,URLError
4122011437,长春工程学院,navigation,https://www.ccit.edu.cn/info/1081/10893.htm,https://www.ccit.edu.cn/info/1081/10893.htm,read,【学习强国】走出校园“小课堂”，走进乡村“大课堂”！长春工程学院乡村振兴订单生赴舒兰开展暑期社会实践活动-长春工程学院,2026-10-01,
4122011437,长春工程学院,charter,https://www.ccit.edu.cn/xxgk/xxzc.htm,https://www.ccit.edu.cn/xxgk/xxzc.htm,read,学校章程-长春工程学院,2026-10-01,
4122011437,长春工程学院,overview,https://www.ccit.edu.cn/xxgk/xxjj.htm,https://www.ccit.edu.cn/xxgk/xxjj.htm,read,学校简介-长春工程学院,2026-10-01,
4122011437,长春工程学院,history,https://www.ccit.edu.cn/xxgk/lsyg.htm,https://www.ccit.edu.cn/xxgk/lsyg.htm,read,历史沿革-长春工程学院,2026-10-01,
4122011439,吉林农业科技学院,homepage,http://www.jlnku.com/,,fetch_error,,2026-10-01,URLError
4122011441,吉林警察学院,homepage,http://www.jlgazk.cn/,,fetch_error,,2026-10-01,URLError
4122011441,吉林警察学院,overview,https://www.jljcxy.edu.cn/info/1011/30151.htm,https://www.jljcxy.edu.cn/info/1011/30151.htm,read,本科教育情况-吉林警察学院,2026-10-01,
4122011441,吉林警察学院,overview,https://www.jljcxy.edu.cn/info/1011/30151.htm,https://www.jljcxy.edu.cn/info/1011/30151.htm,read,本科教育情况-吉林警察学院,2026-10-01,
4122011726,长春大学,homepage,http://www.ccu.edu.cn/,,robots_disallowed,,2026-10-01,
4122011726,长春大学,overview,https://ccu.edu.cn/xxgk.htm,,access_limited,,2026-10-01,URLError
4122011726,长春大学,overview,https://ccu.edu.cn/xxgk/xxjj.htm,,access_limited,,2026-10-01,URLError
4122013706,吉林医药学院,homepage,https://www.jlmu.cn/,,site_unverified,,2026-10-01,
4123010212,黑龙江大学,homepage,https://www.hlju.edu.cn/,https://www.hlju.edu.cn/,read,黑龙江大学,2026-10-01,
4123010212,黑龙江大学,overview,https://www.hlju.edu.cn/xxgk1/xxjj.htm,https://www.hlju.edu.cn/xxgk1/xxjj.htm,read,学校简介-黑龙江大学,2026-10-01,
4123010212,黑龙江大学,visual,https://www.hlju.edu.cn/info/1136/15741.htm,https://www.hlju.edu.cn/info/1136/15741.htm,read,我校召开庆祝第42个教师节大会-黑龙江大学,2026-10-01,
4123010212,黑龙江大学,culture,https://www.hlju.edu.cn/info/1136/15740.htm,https://www.hlju.edu.cn/info/1136/15740.htm,read,黑龙江大学举行2026级新生开学典礼-黑龙江大学,2026-10-01,
4123010212,黑龙江大学,history,https://www.hlju.edu.cn/xxgk1/lsyg.htm,https://www.hlju.edu.cn/xxgk1/lsyg.htm,read,历史沿革-黑龙江大学,2026-10-01,
4123010212,黑龙江大学,english,https://www.hlju.edu.cn/en/,https://www.hlju.edu.cn/en/,read,黑龙江大学,2026-10-01,
4123010212,黑龙江大学,overview,https://www.hlju.edu.cn/xxgk1.htm,https://www.hlju.edu.cn/xxgk1.htm,read,学校概况-黑龙江大学,2026-10-01,
4123010212,黑龙江大学,visual,https://www.hlju.edu.cn/xxgk1/sjhd/hljdxxh.htm,https://www.hlju.edu.cn/xxgk1/sjhd/hljdxxh.htm,read,黑龙江大学校徽-黑龙江大学,2026-10-01,
4123010212,黑龙江大学,culture,https://www.hlju.edu.cn/info/1136/15744.htm,https://www.hlju.edu.cn/info/1136/15744.htm,read,“书香龙江·社科润心”大中小学共话龙江故事暨2026年“龙江读书季”主题活动展演在我校举行-黑龙江大学,2026-10-01,
4123010212,黑龙江大学,overview,https://www.hlju.edu.cn/xxgk1.htm,https://www.hlju.edu.cn/xxgk1.htm,read,学校概况-黑龙江大学,2026-10-01,
4123010212,黑龙江大学,overview,https://www.hlju.edu.cn/xxgk1/xxjj.htm,https://www.hlju.edu.cn/xxgk1/xxjj.htm,read,学校简介-黑龙江大学,2026-10-01,
4123010212,黑龙江大学,history,https://www.hlju.edu.cn/xxgk1/lsyg.htm,https://www.hlju.edu.cn/xxgk1/lsyg.htm,read,历史沿革-黑龙江大学,2026-10-01,
4123010212,黑龙江大学,culture,https://www.hlju.edu.cn/info/1136/15740.htm,https://www.hlju.edu.cn/info/1136/15740.htm,read,黑龙江大学举行2026级新生开学典礼-黑龙江大学,2026-10-01,
4123010212,黑龙江大学,culture,https://www.hlju.edu.cn/info/1136/15744.htm,https://www.hlju.edu.cn/info/1136/15744.htm,read,“书香龙江·社科润心”大中小学共话龙江故事暨2026年“龙江读书季”主题活动展演在我校举行-黑龙江大学,2026-10-01,
4123010213,哈尔滨工业大学,homepage,http://www.hit.edu.cn/,http://www.hit.edu.cn/,read,哈尔滨工业大学,2026-10-01,
4123010213,哈尔滨工业大学,overview,http://www.hit.edu.cn/11538/list.htm,http://www.hit.edu.cn/11538/list.htm,read,学校简介,2026-10-01,
4123010213,哈尔滨工业大学,visual,http://www.hit.edu.cn/11544/list.htm,http://www.hit.edu.cn/11544/list.htm,read,学校标志,2026-10-01,
4123010213,哈尔滨工业大学,english,http://en.hit.edu.cn/,http://en.hit.edu.cn/,read,Harbin Institute of Technology,2026-10-01,
4123010213,哈尔滨工业大学,navigation,http://www.hit.edu.cn/11540/list.htm,http://www.hit.edu.cn/11540/list.htm,read,学校历史,2026-10-01,
4123010213,哈尔滨工业大学,overview,http://www.hit.edu.cn/11530/list.htm,http://www.hit.edu.cn/11530/list.htm,read,学校简介,2026-10-01,
4123010213,哈尔滨工业大学,overview,http://www.hit.edu.cn/11538/list.htm,http://www.hit.edu.cn/11538/list.htm,read,学校简介,2026-10-01,
4123010213,哈尔滨工业大学,overview,http://www.hit.edu.cn/11530/list.htm,http://www.hit.edu.cn/11530/list.htm,read,学校简介,2026-10-01,
4123010214,哈尔滨理工大学,homepage,https://www.hrbust.edu.cn/,https://www.hrbust.edu.cn/,read,哈尔滨理工大学,2026-10-01,
4123010214,哈尔滨理工大学,overview,https://www.hrbust.edu.cn/xxgklink/xxjj.htm,https://www.hrbust.edu.cn/xxgklink/xxjj.htm,read,学校简介-哈尔滨理工大学,2026-10-01,
4123010214,哈尔滨理工大学,navigation,https://www.hrbust.edu.cn/dxwh/xxwh.htm,https://www.hrbust.edu.cn/dxwh/xxwh.htm,read,学校文化-哈尔滨理工大学,2026-10-01,
4123010214,哈尔滨理工大学,visual,https://www.hrbust.edu.cn/info/1378/12122.htm,https://www.hrbust.edu.cn/info/1378/12122.htm,read,哈尔滨理工大学校徽-哈尔滨理工大学,2026-10-01,
4123010214,哈尔滨理工大学,culture,https://www.hrbust.edu.cn/info/1378/12120.htm,https://www.hrbust.edu.cn/info/1378/12120.htm,read,哈尔滨理工大学校歌-哈尔滨理工大学,2026-10-01,
4123010214,哈尔滨理工大学,culture,https://www.hrbust.edu.cn/info/1378/12121.htm,https://www.hrbust.edu.cn/info/1378/12121.htm,read,哈尔滨理工大学校训-哈尔滨理工大学,2026-10-01,
4123010214,哈尔滨理工大学,navigation,https://www.hrbust.edu.cn/info/1378/12118.htm,https://www.hrbust.edu.cn/info/1378/12118.htm,read,学校文化-哈尔滨理工大学,2026-10-01,
4123010214,哈尔滨理工大学,overview,https://www.hrbust.edu.cn/xxgklink/xxjj.htm,https://www.hrbust.edu.cn/xxgklink/xxjj.htm,read,学校简介-哈尔滨理工大学,2026-10-01,
4123010214,哈尔滨理工大学,culture,https://www.hrbust.edu.cn/info/1378/12120.htm,https://www.hrbust.edu.cn/info/1378/12120.htm,read,哈尔滨理工大学校歌-哈尔滨理工大学,2026-10-01,
4123010214,哈尔滨理工大学,culture,https://www.hrbust.edu.cn/info/1378/12121.htm,https://www.hrbust.edu.cn/info/1378/12121.htm,read,哈尔滨理工大学校训-哈尔滨理工大学,2026-10-01,
4123010217,哈尔滨工程大学,homepage,https://www.hrbeu.edu.cn/,https://www.hrbeu.edu.cn/,read,哈尔滨工程大学,2026-10-01,
4123010217,哈尔滨工程大学,overview,https://www.hrbeu.edu.cn/xxgk/xxjj1.htm,https://www.hrbeu.edu.cn/xxgk/xxjj1.htm,read,学校简介-哈尔滨工程大学,2026-10-01,
4123010217,哈尔滨工程大学,charter,https://www.hrbeu.edu.cn/xxgk/dxzc.htm,https://www.hrbeu.edu.cn/xxgk/dxzc.htm,read,大学章程-哈尔滨工程大学,2026-10-01,
4123010217,哈尔滨工程大学,history,https://www.hrbeu.edu.cn/xxgk/lsyg1.htm,https://www.hrbeu.edu.cn/xxgk/lsyg1.htm,read,历史沿革-哈尔滨工程大学,2026-10-01,
4123010217,哈尔滨工程大学,english,https://english.hrbeu.edu.cn/,https://english.hrbeu.edu.cn/,read,Harbin Engineering University,2026-10-01,
4123010217,哈尔滨工程大学,charter,https://www.hrbeu.edu.cn/xxgk/dxzc.htm,https://www.hrbeu.edu.cn/xxgk/dxzc.htm,read,大学章程-哈尔滨工程大学,2026-10-01,
4123010217,哈尔滨工程大学,overview,https://www.hrbeu.edu.cn/xxgk/xxjj1.htm,https://www.hrbeu.edu.cn/xxgk/xxjj1.htm,read,学校简介-哈尔滨工程大学,2026-10-01,
4123010217,哈尔滨工程大学,history,https://www.hrbeu.edu.cn/xxgk/lsyg1.htm,https://www.hrbeu.edu.cn/xxgk/lsyg1.htm,read,历史沿革-哈尔滨工程大学,2026-10-01,
4123010219,黑龙江科技大学,homepage,https://www.usth.edu.cn/,https://www.usth.edu.cn/,read,黑龙江科技大学,2026-10-01,
4123010219,黑龙江科技大学,overview,https://www.usth.edu.cn/xxgk/xxjj.htm,https://www.usth.edu.cn/xxgk/xxjj.htm,read,学校简介-黑龙江科技大学,2026-10-01,
4123010219,黑龙江科技大学,visual,https://www.usth.edu.cn/xxgk/xxbs.htm,https://www.usth.edu.cn/xxgk/xxbs.htm,read,学校标识-黑龙江科技大学,2026-10-01,
4123010219,黑龙江科技大学,culture,https://www.usth.edu.cn/info/1244/17621.htm,https://www.usth.edu.cn/info/1244/17621.htm,read,离退休工作处开展“庆中秋 迎国庆”系列活动-黑龙江科技大学,2026-10-01,
4123010219,黑龙江科技大学,history,https://www.usth.edu.cn/xxgk/xsyg.htm,https://www.usth.edu.cn/xxgk/xsyg.htm,read,校史沿革-黑龙江科技大学,2026-10-01,
4123010219,黑龙江科技大学,overview,https://www.usth.edu.cn/xxgk.htm,https://www.usth.edu.cn/xxgk.htm,read,学校概况-黑龙江科技大学,2026-10-01,
4123010219,黑龙江科技大学,culture,https://www.usth.edu.cn/info/1244/17615.htm,https://www.usth.edu.cn/info/1244/17615.htm,read,马克思主义学院举办 “庆双节同心共奋进”趣味文体沙龙活动-黑龙江科技大学,2026-10-01,
4123010219,黑龙江科技大学,history,https://www.usth.edu.cn/info/1150/17622.htm,https://www.usth.edu.cn/info/1150/17622.htm,read,哈尔滨新区党工委书记贺业方一行到我校调研-黑龙江科技大学,2026-10-01,
4123010219,黑龙江科技大学,overview,https://www.usth.edu.cn/xxgk.htm,https://www.usth.edu.cn/xxgk.htm,read,学校概况-黑龙江科技大学,2026-10-01,
4123010219,黑龙江科技大学,overview,https://www.usth.edu.cn/xxgk/xxjj.htm,https://www.usth.edu.cn/xxgk/xxjj.htm,read,学校简介-黑龙江科技大学,2026-10-01,
4123010219,黑龙江科技大学,history,https://www.usth.edu.cn/xxgk/xsyg.htm,https://www.usth.edu.cn/xxgk/xsyg.htm,read,校史沿革-黑龙江科技大学,2026-10-01,
4123010219,黑龙江科技大学,history,https://www.usth.edu.cn/info/1150/17622.htm,https://www.usth.edu.cn/info/1150/17622.htm,read,哈尔滨新区党工委书记贺业方一行到我校调研-黑龙江科技大学,2026-10-01,
4123010219,黑龙江科技大学,culture,https://www.usth.edu.cn/info/1244/17621.htm,https://www.usth.edu.cn/info/1244/17621.htm,read,离退休工作处开展“庆中秋 迎国庆”系列活动-黑龙江科技大学,2026-10-01,
4123010219,黑龙江科技大学,overview,https://www.usth.edu.cn/xxgk.htm,https://www.usth.edu.cn/xxgk.htm,read,学校概况-黑龙江科技大学,2026-10-01,
4123010219,黑龙江科技大学,overview,https://www.usth.edu.cn/xxgk/xxjj.htm,https://www.usth.edu.cn/xxgk/xxjj.htm,read,学校简介-黑龙江科技大学,2026-10-01,
4123010219,黑龙江科技大学,history,https://www.usth.edu.cn/xxgk/xsyg.htm,https://www.usth.edu.cn/xxgk/xsyg.htm,read,校史沿革-黑龙江科技大学,2026-10-01,
4123010220,东北石油大学,homepage,https://www.nepu.edu.cn,https://www.nepu.edu.cn,read,东北石油大学,2026-10-01,
4123010220,东北石油大学,overview,https://www.nepu.edu.cn/xxgk/xxjj.htm,https://www.nepu.edu.cn/xxgk/xxjj.htm,read,学校简介-东北石油大学,2026-10-01,
4123010220,东北石油大学,history,https://www.nepu.edu.cn/xxgk/lsyg.htm,https://www.nepu.edu.cn/xxgk/lsyg.htm,read,历史沿革-东北石油大学,2026-10-01,
4123010220,东北石油大学,english,http://www.nepu.edu.cn/en/,https://www.nepu.edu.cn/en/,read,Northeast Petroleum University,2026-10-01,
4123010220,东北石油大学,overview,https://www.nepu.edu.cn/xxgk/xxjj.htm,https://www.nepu.edu.cn/xxgk/xxjj.htm,read,学校简介-东北石油大学,2026-10-01,
4123010220,东北石油大学,history,https://www.nepu.edu.cn/xxgk/lsyg.htm,https://www.nepu.edu.cn/xxgk/lsyg.htm,read,历史沿革-东北石油大学,2026-10-01,
4123010222,佳木斯大学,homepage,http://www.jmsu.org,,fetch_error,,2026-10-01,URLError
4123010223,黑龙江八一农垦大学,homepage,http://www.hlau.cn,,fetch_error,,2026-10-01,URLError
4123010224,东北农业大学,homepage,https://www.neau.edu.cn/,https://www.neau.edu.cn/,read,东北农业大学,2026-10-01,
4123010224,东北农业大学,overview,https://www.neau.edu.cn/xygk/xxjs.htm,https://www.neau.edu.cn/xygk/xxjs.htm,read,学校介绍-东北农业大学,2026-10-01,
4123010224,东北农业大学,charter,https://www.neau.edu.cn/xygk/xxzc.htm,https://www.neau.edu.cn/xygk/xxzc.htm,read,学校章程-东北农业大学,2026-10-01,
4123010224,东北农业大学,visual,https://www.neau.edu.cn/dddd/rwct.htm,https://www.neau.edu.cn/dddd/rwct.htm,read,人文传统-东北农业大学,2026-10-01,
4123010224,东北农业大学,culture,https://www.neau.edu.cn/info/1043/38033.htm,https://www.neau.edu.cn/info/1043/38033.htm,read,经济管理学院举办“芳华竞展 待君共鉴”第三届社团文化节-东北农业大学,2026-10-01,
4123010224,东北农业大学,history,https://www.neau.edu.cn/xygk/lsyg.htm,https://www.neau.edu.cn/xygk/lsyg.htm,read,历史沿革-东北农业大学,2026-10-01,
4123010224,东北农业大学,english,https://english.neau.edu.cn/,https://english.neau.edu.cn/,read,Northeast Agricultural University,2026-10-01,
4123010224,东北农业大学,navigation,https://www.neau.edu.cn/info/1042/37932.htm,https://www.neau.edu.cn/info/1042/37932.htm,read,中新网黑龙江：“强国三农”第一课走进秋收田间大课堂-东北农业大学,2026-10-01,
4123010224,东北农业大学,navigation,https://www.neau.edu.cn/info/1043/38037.htm,https://www.neau.edu.cn/info/1043/38037.htm,read,东农留学生走进龙江农业-东北农业大学,2026-10-01,
4123010224,东北农业大学,charter,https://www.neau.edu.cn/xygk/xxzc.htm,https://www.neau.edu.cn/xygk/xxzc.htm,read,学校章程-东北农业大学,2026-10-01,
4123010224,东北农业大学,overview,https://www.neau.edu.cn/xygk/xxjs.htm,https://www.neau.edu.cn/xygk/xxjs.htm,read,学校介绍-东北农业大学,2026-10-01,
4123010224,东北农业大学,history,https://www.neau.edu.cn/xygk/lsyg.htm,https://www.neau.edu.cn/xygk/lsyg.htm,read,历史沿革-东北农业大学,2026-10-01,
4123010224,东北农业大学,culture,https://www.neau.edu.cn/info/1043/38033.htm,https://www.neau.edu.cn/info/1043/38033.htm,read,经济管理学院举办“芳华竞展 待君共鉴”第三届社团文化节-东北农业大学,2026-10-01,
4123010225,东北林业大学,homepage,https://www.nefu.edu.cn/,https://www.nefu.edu.cn/,read,东北林业大学,2026-10-01,
4123010225,东北林业大学,overview,https://www.nefu.edu.cn/xxgk/xxjj.htm,https://www.nefu.edu.cn/xxgk/xxjj.htm,read,学校简介-东北林业大学,2026-10-01,
4123010225,东北林业大学,visual,https://culture.nefu.edu.cn/,https://culture.nefu.edu.cn/,read,东北林业大学校园文化,2026-10-01,
4123010225,东北林业大学,culture,https://culture.nefu.edu.cn/xqxg.htm,https://culture.nefu.edu.cn/xqxg.htm,read,校旗校歌-东北林业大学校园文化,2026-10-01,
4123010225,东北林业大学,english,https://en.nefu.edu.cn/,https://en.nefu.edu.cn/,read,Northeast Forestry University,2026-10-01,
4123010225,东北林业大学,navigation,http://news.nefu.edu.cn/info/1002/143902.htm,https://news.nefu.edu.cn/info/1002/143902.htm,read,【“三问”答卷】一堂行走在森林里的“三问”实践课-新闻网,2026-10-01,
4123010225,东北林业大学,visual,https://culture.nefu.edu.cn/index.htm,https://culture.nefu.edu.cn/index.htm,read,东北林业大学校园文化,2026-10-01,
4123010225,东北林业大学,culture,https://culture.nefu.edu.cn/xfxx.htm,https://culture.nefu.edu.cn/xfxx.htm,read,校风校训-东北林业大学校园文化,2026-10-01,
4123010225,东北林业大学,navigation,http://news.nefu.edu.cn/info/1003/143672.htm,https://news.nefu.edu.cn/info/1003/143672.htm,read,绿色使者志愿者协会携手剑桥附小开展自然教育科普活动-新闻网,2026-10-01,
4123010225,东北林业大学,visual,https://culture.nefu.edu.cn/content.jsp?urltype=news.NewsContentUrl&wbtreeid=1178&wbnewsid=1200,https://cas.nefu.edu.cn/authserver/login?service=https%3A%2F%2Fculture.nefu.edu.cn%2Fsystem%2Fresource%2Fcode%2Fauth%2Fclogin.jsp%3Fowner%3D1613442082,read,统一身份认证平台,2026-10-01,
4123010225,东北林业大学,overview,https://www.nefu.edu.cn/xxgk/xxjj.htm,https://www.nefu.edu.cn/xxgk/xxjj.htm,read,学校简介-东北林业大学,2026-10-01,
4123010225,东北林业大学,culture,https://culture.nefu.edu.cn/xqxg.htm,https://culture.nefu.edu.cn/xqxg.htm,read,校旗校歌-东北林业大学校园文化,2026-10-01,
4123010225,东北林业大学,culture,https://culture.nefu.edu.cn/xfxx.htm,https://culture.nefu.edu.cn/xfxx.htm,read,校风校训-东北林业大学校园文化,2026-10-01,
4123010226,哈尔滨医科大学,homepage,https://www.hrbmu.edu.cn/,https://www.hrbmu.edu.cn/,read,哈尔滨医科大学,2026-10-01,
4123010226,哈尔滨医科大学,overview,https://www.hrbmu.edu.cn/xyjj/xxgk.htm,https://www.hrbmu.edu.cn/xyjj/xxgk.htm,read,学校概况-哈尔滨医科大学,2026-10-01,
4123010226,哈尔滨医科大学,history,https://www.hrbmu.edu.cn/xyjj/lsyg.htm,https://www.hrbmu.edu.cn/xyjj/lsyg.htm,read,历史沿革-哈尔滨医科大学,2026-10-01,
4123010226,哈尔滨医科大学,navigation,https://www.hrbmu.edu.cn/xyjj/xxwh.htm,https://www.hrbmu.edu.cn/xyjj/xxwh.htm,read,学校文化-哈尔滨医科大学,2026-10-01,
4123010226,哈尔滨医科大学,visual,https://www.hrbmu.edu.cn/info/1041/1496.htm,https://www.hrbmu.edu.cn/info/1041/1496.htm,read,校标-哈尔滨医科大学,2026-10-01,
4123010226,哈尔滨医科大学,culture,https://www.hrbmu.edu.cn/info/1041/1495.htm,https://www.hrbmu.edu.cn/info/1041/1495.htm,read,校训-哈尔滨医科大学,2026-10-01,
4123010226,哈尔滨医科大学,english,https://www.hrbmu.edu.cn/english/,https://www.hrbmu.edu.cn/english/,read,Harbin Medical University,2026-10-01,
4123010226,哈尔滨医科大学,overview,https://www.hrbmu.edu.cn/xyjj/xxgk.htm,https://www.hrbmu.edu.cn/xyjj/xxgk.htm,read,学校概况-哈尔滨医科大学,2026-10-01,
4123010226,哈尔滨医科大学,history,https://www.hrbmu.edu.cn/xyjj/lsyg.htm,https://www.hrbmu.edu.cn/xyjj/lsyg.htm,read,历史沿革-哈尔滨医科大学,2026-10-01,
4123010226,哈尔滨医科大学,culture,https://www.hrbmu.edu.cn/info/1041/1495.htm,https://www.hrbmu.edu.cn/info/1041/1495.htm,read,校训-哈尔滨医科大学,2026-10-01,
4123010228,黑龙江中医药大学,homepage,http://www.hljucm.edu.cn/,,fetch_error,,2026-10-01,timeout
4123010228,黑龙江中医药大学,overview,https://www.hljucm.edu.cn/,,access_limited,,2026-10-01,timeout
4123010228,黑龙江中医药大学,overview,https://www.hljucm.edu.cn/xxgk/xxjj.htm,,access_limited,,2026-10-01,timeout
4123010228,黑龙江中医药大学,overview,https://jyt.hlj.gov.cn/jyt/c110572/202104/30609398/files/1637055748685509.pdf,,robots_disallowed,,2026-10-01,
4123010228,黑龙江中医药大学,charter,https://gaokao.chsi.com.cn/zsgs/zhangcheng/listVerifedZszc--method-view%2CschId-185%2CinfoId-7634888713.dhtml,,access_limited,,2026-10-01,HTTPError
4123010229,牡丹江医科大学,homepage,http://www.mdjmu.cn/eng/index.htm,,fetch_error,,2026-10-01,HTTPError
4123010229,牡丹江医科大学,charter,https://gaokao.chsi.com.cn/zsgs/zhangcheng/listVerifedZszc--method-view%2CschId-186%2CinfoId-7634701111.dhtml,,access_limited,,2026-10-01,HTTPError
4123010231,哈尔滨师范大学,homepage,http://www.hrbnu.edu.cn,http://www.hrbnu.edu.cn,read,哈尔滨师范大学,2026-10-01,
4123010231,哈尔滨师范大学,overview,http://www.hrbnu.edu.cn/xxgk/xxjj.htm,http://www.hrbnu.edu.cn/xxgk/xxjj.htm,read,学校简介-哈尔滨师范大学,2026-10-01,
4123010231,哈尔滨师范大学,charter,http://www.hrbnu.edu.cn/info/1329/50645.htm,http://www.hrbnu.edu.cn/info/1329/50645.htm,read,哈尔滨师范大学章程-哈尔滨师范大学,2026-10-01,
4123010231,哈尔滨师范大学,visual,http://www.hrbnu.edu.cn/info/1011/93795.htm,http://www.hrbnu.edu.cn/info/1011/93795.htm,read,哈尔滨师范大学举行2026级新生开学典礼暨开学第一课-哈尔滨师范大学,2026-10-01,
4123010231,哈尔滨师范大学,history,http://www.hrbnu.edu.cn/info/1036/87765.htm,http://www.hrbnu.edu.cn/info/1036/87765.htm,read,深化中意艺术交流 共谱国际合作新篇—意大利马泰拉音乐学院副校长弗朗西斯科・津加里埃洛一行访问我校-哈尔滨师范大学,2026-10-01,
4123010231,哈尔滨师范大学,charter,http://www.hrbnu.edu.cn/info/1329/50645.htm,http://www.hrbnu.edu.cn/info/1329/50645.htm,read,哈尔滨师范大学章程-哈尔滨师范大学,2026-10-01,
4123010231,哈尔滨师范大学,overview,http://www.hrbnu.edu.cn/xxgk/xxjj.htm,http://www.hrbnu.edu.cn/xxgk/xxjj.htm,read,学校简介-哈尔滨师范大学,2026-10-01,
4123010231,哈尔滨师范大学,history,http://www.hrbnu.edu.cn/info/1036/87765.htm,http://www.hrbnu.edu.cn/info/1036/87765.htm,read,深化中意艺术交流 共谱国际合作新篇—意大利马泰拉音乐学院副校长弗朗西斯科・津加里埃洛一行访问我校-哈尔滨师范大学,2026-10-01,
4123010232,齐齐哈尔大学,homepage,https://www.qqhru.edu.cn,https://www.qqhru.edu.cn,read,齐齐哈尔大学,2026-10-01,
4123010232,齐齐哈尔大学,overview,https://www.qqhru.edu.cn/xqgl/xxjj.htm,https://www.qqhru.edu.cn/xqgl/xxjj.htm,read,学校简介-齐齐哈尔大学,2026-10-01,
4123010232,齐齐哈尔大学,visual,https://www.qqhru.edu.cn/xywh/bzzjsy.htm,https://www.qqhru.edu.cn/xywh/bzzjsy.htm,read,标准字及释义-齐齐哈尔大学,2026-10-01,
4123010232,齐齐哈尔大学,culture,https://www.qqhru.edu.cn/xywh/xxjsy.htm,https://www.qqhru.edu.cn/xywh/xxjsy.htm,read,校训及释义-齐齐哈尔大学,2026-10-01,
4123010232,齐齐哈尔大学,english,https://www.qqhru.edu.cn/wwyy/English.htm,https://www.qqhru.edu.cn/wwyy/English.htm,read,English-齐齐哈尔大学,2026-10-01,
4123010232,齐齐哈尔大学,overview,https://www.qqhru.edu.cn/xqgl/xxjj.htm,https://www.qqhru.edu.cn/xqgl/xxjj.htm,read,学校简介-齐齐哈尔大学,2026-10-01,
4123010232,齐齐哈尔大学,culture,https://www.qqhru.edu.cn/xywh/xxjsy.htm,https://www.qqhru.edu.cn/xywh/xxjsy.htm,read,校训及释义-齐齐哈尔大学,2026-10-01,
4123010233,牡丹江师范学院,homepage,https://www.mdjnu.cn,,site_unverified,,2026-10-01,
4123010234,哈尔滨学院,homepage,http://www.hrbu.edu.cn,,fetch_error,,2026-10-01,ValueError
4123010234,哈尔滨学院,overview,https://www.hrbu.edu.cn/,https://www.hrbu.edu.cn/,read,哈尔滨学院,2026-10-01,
4123010234,哈尔滨学院,overview,https://www.hrbu.edu.cn/xb/index.htm,https://www.hrbu.edu.cn/xb/index.htm,read,哈尔滨学院 - 党政办公室,2026-10-01,
4123010234,哈尔滨学院,overview,https://www.hrbu.edu.cn/zjhy/xxjj.htm,https://www.hrbu.edu.cn/zjhy/xxjj.htm,read,学校简介-哈尔滨学院,2026-10-01,
4123010234,哈尔滨学院,overview,https://www.hrbu.edu.cn/,https://www.hrbu.edu.cn/,read,哈尔滨学院,2026-10-01,
4123010234,哈尔滨学院,overview,https://www.hrbu.edu.cn/xb/index.htm,https://www.hrbu.edu.cn/xb/index.htm,read,哈尔滨学院 - 党政办公室,2026-10-01,
4123010234,哈尔滨学院,overview,https://www.hrbu.edu.cn/zjhy/xxjj.htm,https://www.hrbu.edu.cn/zjhy/xxjj.htm,read,学校简介-哈尔滨学院,2026-10-01,
4123010235,大庆师范学院,homepage,http://en.dqsy.net/,,robots_disallowed,,2026-10-01,
4123010235,大庆师范学院,charter,https://www.dqnu.edu.cn/xygk/xxzc.htm,https://www.dqnu.edu.cn/xygk/xxzc.htm,read,学校章程-大庆师范学院,2026-10-01,
4123010235,大庆师范学院,overview,https://www.dqnu.edu.cn/index.htm,https://www.dqnu.edu.cn/index.htm,read,大庆师范学院,2026-10-01,
4123010235,大庆师范学院,overview,https://www.dqnu.edu.cn/xygk/xxjj.htm,https://www.dqnu.edu.cn/xygk/xxjj.htm,read,学校简介-大庆师范学院,2026-10-01,
4123010235,大庆师范学院,charter,https://www.dqnu.edu.cn/xygk/xxzc.htm,https://www.dqnu.edu.cn/xygk/xxzc.htm,read,学校章程-大庆师范学院,2026-10-01,
4123010235,大庆师范学院,overview,https://www.dqnu.edu.cn/index.htm,https://www.dqnu.edu.cn/index.htm,read,大庆师范学院,2026-10-01,
4123010235,大庆师范学院,overview,https://www.dqnu.edu.cn/xygk/xxjj.htm,https://www.dqnu.edu.cn/xygk/xxjj.htm,read,学校简介-大庆师范学院,2026-10-01,
4123010236,绥化学院,homepage,https://www.shxy.edu.cn/,https://www.shxy.edu.cn/,read,绥化学院,2026-10-01,
4123010236,绥化学院,overview,https://www.shxy.edu.cn/xxgk/xxjj.htm,https://www.shxy.edu.cn/xxgk/xxjj.htm,read,学校简介-绥化学院,2026-10-01,
4123010236,绥化学院,history,https://www.shxy.edu.cn/xxgk/lsyg.htm,https://www.shxy.edu.cn/xxgk/lsyg.htm,read,历史沿革-绥化学院,2026-10-01,
4123010236,绥化学院,english,http://en.shxy.edu.cn/,http://en.shxy.edu.cn/,read,Suihua University,2026-10-01,
4123010236,绥化学院,overview,https://www.shxy.edu.cn/xxgk/xxjj.htm,https://www.shxy.edu.cn/xxgk/xxjj.htm,read,学校简介-绥化学院,2026-10-01,
4123010236,绥化学院,history,https://www.shxy.edu.cn/xxgk/lsyg.htm,https://www.shxy.edu.cn/xxgk/lsyg.htm,read,历史沿革-绥化学院,2026-10-01,
4123010240,哈尔滨商业大学,homepage,http://hrbcu.admissions.cn/,,title_mismatch,,2026-10-01,
4123010240,哈尔滨商业大学,charter,https://jyt.hlj.gov.cn/jyt/c110588/202505/c00_31840200.shtml,,robots_disallowed,,2026-10-01,
4123010240,哈尔滨商业大学,charter,https://gaokao.chsi.com.cn/zsgs/zhangcheng/listVerifedZszc--method-view%2CschId-194%2CinfoId-7653816984.dhtml,,access_limited,,2026-10-01,HTTPError
4123010240,哈尔滨商业大学,overview,https://jyt.hlj.gov.cn/jyt/c110572/202502/31810836/files/304017-%E5%93%88%E5%B0%94%E6%BB%A8%E5%95%86%E4%B8%9A%E5%A4%A7%E5%AD%A62025%E5%B9%B4%E5%8D%95%E4%BD%8D%E9%A2%84%E7%AE%97%E5%85%AC%E5%BC%80-20250212103050298.pdf,,robots_disallowed,,2026-10-01,
4123010240,哈尔滨商业大学,charter,https://gaokao.chsi.com.cn/zsgs/zhangcheng/listVerifedZszc--method-view%2CschId-194%2CinfoId-7653816984.dhtml,,access_limited,,2026-10-01,URLError
4123010242,哈尔滨体育学院,homepage,https://www.hrbipe.edu.cn/,https://www.hrbipe.edu.cn/,read,哈尔滨体育学院 国家冰雪运动学院,2026-10-01,
4123010242,哈尔滨体育学院,overview,https://www.hrbipe.edu.cn/xxgkx/xxjj.htm,https://www.hrbipe.edu.cn/xxgkx/xxjj.htm,read,学校简介-哈尔滨体育学院 国家冰雪运动学院,2026-10-01,
4123010242,哈尔滨体育学院,charter,https://www.hrbipe.edu.cn/xxgkx/xxzc.htm,https://www.hrbipe.edu.cn/xxgkx/xxzc.htm,read,学校章程-哈尔滨体育学院 国家冰雪运动学院,2026-10-01,
4123010242,哈尔滨体育学院,visual,https://www.hrbipe.edu.cn/kjrk/xhnh.htm,https://www.hrbipe.edu.cn/kjrk/xhnh.htm,read,校徽内涵-哈尔滨体育学院 国家冰雪运动学院,2026-10-01,
4123010242,哈尔滨体育学院,culture,https://www.hrbipe.edu.cn/kjrk/xgxz.htm,https://www.hrbipe.edu.cn/kjrk/xgxz.htm,read,校歌下载-哈尔滨体育学院 国家冰雪运动学院,2026-10-01,
4123010242,哈尔滨体育学院,navigation,https://www.hrbipe.edu.cn/info/1047/3206.htm,https://www.hrbipe.edu.cn/info/1047/3206.htm,read,【中国青年报】“百所高校校博联展计划”走进哈尔滨体育学院-哈尔滨体育学院 国家冰雪运动学院,2026-10-01,
4123010242,哈尔滨体育学院,culture,https://www.hrbipe.edu.cn/kjrk/xxnh.htm,https://www.hrbipe.edu.cn/kjrk/xxnh.htm,read,校训内涵-哈尔滨体育学院 国家冰雪运动学院,2026-10-01,
4123010242,哈尔滨体育学院,navigation,https://www.hrbipe.edu.cn/info/1047/3207.htm,https://www.hrbipe.edu.cn/info/1047/3207.htm,read,【中青校媒直播】百所高校校博联展计划——走进哈尔滨体育学院-哈尔滨体育学院 国家冰雪运动学院,2026-10-01,
4123010242,哈尔滨体育学院,charter,https://www.hrbipe.edu.cn/xxgkx/xxzc.htm,https://www.hrbipe.edu.cn/xxgkx/xxzc.htm,read,学校章程-哈尔滨体育学院 国家冰雪运动学院,2026-10-01,
4123010242,哈尔滨体育学院,overview,https://www.hrbipe.edu.cn/xxgkx/xxjj.htm,https://www.hrbipe.edu.cn/xxgkx/xxjj.htm,read,学校简介-哈尔滨体育学院 国家冰雪运动学院,2026-10-01,
4123010242,哈尔滨体育学院,culture,https://www.hrbipe.edu.cn/kjrk/xgxz.htm,https://www.hrbipe.edu.cn/kjrk/xgxz.htm,read,校歌下载-哈尔滨体育学院 国家冰雪运动学院,2026-10-01,
4123010242,哈尔滨体育学院,culture,https://www.hrbipe.edu.cn/kjrk/xxnh.htm,https://www.hrbipe.edu.cn/kjrk/xxnh.htm,read,校训内涵-哈尔滨体育学院 国家冰雪运动学院,2026-10-01,
4123010245,哈尔滨金融学院,homepage,https://www.hrbfu.edu.cn/index.htm,https://www.hrbfu.edu.cn/index.htm,read,哈尔滨金融学院,2026-10-01,
4123010245,哈尔滨金融学院,overview,https://www.hrbfu.edu.cn/info/1055/5890.htm,,access_limited,,2026-10-01,URLError
4123010245,哈尔滨金融学院,overview,https://www.hrbfu.edu.cn/xygk/xyjj.htm,,access_limited,,2026-10-01,URLError
4123010245,哈尔滨金融学院,history,https://www.hrbfu.edu.cn/xygk/lsyg.htm,,access_limited,,2026-10-01,URLError
4123011230,齐齐哈尔医学院,homepage,http://www.qqhrmc.cn,,fetch_error,,2026-10-01,URLError
4123011230,齐齐哈尔医学院,overview,https://www.qmu.edu.cn/,https://www.qmu.edu.cn/,read,齐齐哈尔医学院,2026-10-01,
4123011230,齐齐哈尔医学院,overview,https://www.qmu.edu.cn/main.htm,https://www.qmu.edu.cn/main.htm,read,齐齐哈尔医学院,2026-10-01,
4123011230,齐齐哈尔医学院,overview,https://jyt.hlj.gov.cn/jyt/c110572/202203/30609734/files/304007-%E9%BD%90%E9%BD%90%E5%93%88%E5%B0%94%E5%8C%BB%E5%AD%A6%E9%99%A22022%E5%B9%B4%E9%A2%84%E7%AE%97%E5%85%AC%E5%BC%80.pdf,,robots_disallowed,,2026-10-01,
4123011230,齐齐哈尔医学院,overview,https://www.qmu.edu.cn/xygk/list.htm,https://www.qmu.edu.cn/xygk/list.htm,read,学校简介,2026-10-01,
4123011230,齐齐哈尔医学院,overview,https://www.qmu.edu.cn/,https://www.qmu.edu.cn/,read,齐齐哈尔医学院,2026-10-01,
4123011230,齐齐哈尔医学院,overview,https://www.qmu.edu.cn/main.htm,https://www.qmu.edu.cn/main.htm,read,齐齐哈尔医学院,2026-10-01,
4123011230,齐齐哈尔医学院,overview,https://www.qmu.edu.cn/xygk/list.htm,https://www.qmu.edu.cn/xygk/list.htm,read,学校简介,2026-10-01,
4123011445,黑龙江工业学院,homepage,https://www.hljut.edu.cn/,,fetch_error,,2026-10-01,RemoteDisconnected
4123011445,黑龙江工业学院,overview,https://jyt.hlj.gov.cn/jyt/c110572/202403/31714577/files/2024%E5%B9%B4%E9%BB%91%E9%BE%99%E6%B1%9F%E5%B7%A5%E4%B8%9A%E5%AD%A6%E9%99%A2%E9%83%A8%E9%97%A8%E9%A2%84%E7%AE%97-20240304163814271.pdf,,robots_disallowed,,2026-10-01,
4123011802,黑龙江工程学院,homepage,https://www.hljit.edu.cn/,https://www.hljit.edu.cn/,read,黑龙江工程学院,2026-10-01,
4123011802,黑龙江工程学院,overview,https://www.hljit.edu.cn/xxgk1/xxjj.htm,https://www.hljit.edu.cn/xxgk1/xxjj.htm,read,学校简介-黑龙江工程学院,2026-10-01,
4123011802,黑龙江工程学院,visual,https://www.hljit.edu.cn/info/1471/82401.htm,https://www.hljit.edu.cn/info/1471/82401.htm,read,学校数字人“龙小程”正式上线-黑龙江工程学院,2026-10-01,
4123011802,黑龙江工程学院,history,https://www.hljit.edu.cn/xxgk1/lsyg.htm,https://www.hljit.edu.cn/xxgk1/lsyg.htm,read,历史沿革-黑龙江工程学院,2026-10-01,
4123011802,黑龙江工程学院,navigation,https://www.hljit.edu.cn/info/1591/82161.htm,https://www.hljit.edu.cn/info/1591/82161.htm,read,黑龙江测绘地理信息局2026年极地测绘科普进校园活动走进我校-黑龙江工程学院,2026-10-01,
4123011802,黑龙江工程学院,overview,https://www.hljit.edu.cn/xxgk1/xxjj.htm,https://www.hljit.edu.cn/xxgk1/xxjj.htm,read,学校简介-黑龙江工程学院,2026-10-01,
4123011802,黑龙江工程学院,history,https://www.hljit.edu.cn/xxgk1/lsyg.htm,https://www.hljit.edu.cn/xxgk1/lsyg.htm,read,历史沿革-黑龙江工程学院,2026-10-01,
4123013744,黑河学院,homepage,https://www.hhxy.edu.cn/index.htm,https://www.hhxy.edu.cn/index.htm,read,黑河学院,2026-10-01,
4123013744,黑河学院,overview,https://www.hhxy.edu.cn/xxgk.htm,https://www.hhxy.edu.cn/xxgk.htm,read,学校概况-黑河学院,2026-10-01,
4123013744,黑河学院,visual,https://www.hhxy.edu.cn/xxgk/xhxx.htm,https://www.hhxy.edu.cn/xxgk/xhxx.htm,read,校徽校训-黑河学院,2026-10-01,
4123013744,黑河学院,english,https://www.hhxy.edu.cn/English.htm,https://www.hhxy.edu.cn/English.htm,read,English-黑河学院,2026-10-01,
4123013744,黑河学院,overview,https://www.hhxy.edu.cn/xxgk/xxgk.htm,https://www.hhxy.edu.cn/xxgk/xxgk.htm,read,学校概况-黑河学院,2026-10-01,
4123013744,黑河学院,overview,https://www.hhxy.edu.cn/xxgk.htm,https://www.hhxy.edu.cn/xxgk.htm,read,学校概况-黑河学院,2026-10-01,
4123013744,黑河学院,overview,https://www.hhxy.edu.cn/xxgk/xxgk.htm,https://www.hhxy.edu.cn/xxgk/xxgk.htm,read,学校概况-黑河学院,2026-10-01,
4123014560,哈尔滨音乐学院,homepage,https://www.hrbcm.edu.cn/,https://www.hrbcm.edu.cn/,read,哈尔滨音乐学院,2026-10-01,
4123014560,哈尔滨音乐学院,overview,https://www.hrbcm.edu.cn/xxgk/xyjj.htm,https://www.hrbcm.edu.cn/xxgk/xyjj.htm,read,学院简介-哈尔滨音乐学院,2026-10-01,
4123014560,哈尔滨音乐学院,culture,https://www.hrbcm.edu.cn/info/1049/10378.htm,https://www.hrbcm.edu.cn/info/1049/10378.htm,read,十载华章·小院新程（系列报道七）｜“乐韵·书香”——听见黄房子的声音-哈尔滨音乐学院,2026-10-01,
4123014560,哈尔滨音乐学院,navigation,https://www.hrbcm.edu.cn/info/1049/10367.htm,https://www.hrbcm.edu.cn/info/1049/10367.htm,read,十载华章·小院新程（系列报道五）｜哈尔滨音乐厅音乐文化小院走进黑龙江省军区开展双拥文化活动-哈尔滨音乐学院,2026-10-01,
4123014560,哈尔滨音乐学院,overview,https://www.hrbcm.edu.cn/system/_content/download.jsp?urltype=news.DownloadAttachUrl&owner=2084190005&wbfileid=15119732,https://www.hrbcm.edu.cn/system/_content/download.jsp?urltype=news.DownloadAttachUrl&owner=2084190005&wbfileid=15119732,insufficient_text,附件下载,2026-10-01,
4123014560,哈尔滨音乐学院,overview,https://www.hrbcm.edu.cn/system/_content/download.jsp?urltype=news.DownloadAttachUrl&owner=2084190005&wbfileid=15119733,https://www.hrbcm.edu.cn/system/_content/download.jsp?urltype=news.DownloadAttachUrl&owner=2084190005&wbfileid=15119733,insufficient_text,附件下载,2026-10-01,
4123014560,哈尔滨音乐学院,navigation,https://www.hrbcm.edu.cn/info/1050/10353.htm,https://www.hrbcm.edu.cn/info/1050/10353.htm,read,铭记“九一八”峥嵘岁月 赓续红色文艺初心 民乐钢琴联合团委开展东北烈士纪念馆红色研学活动-哈尔滨音乐学院,2026-10-01,
4123014560,哈尔滨音乐学院,overview,https://www.hrbcm.edu.cn/xxgk/xyjj.htm,https://www.hrbcm.edu.cn/xxgk/xyjj.htm,read,学院简介-哈尔滨音乐学院,2026-10-01,
4123014560,哈尔滨音乐学院,culture,https://www.hrbcm.edu.cn/info/1049/10378.htm,https://www.hrbcm.edu.cn/info/1049/10378.htm,read,十载华章·小院新程（系列报道七）｜“乐韵·书香”——听见黄房子的声音-哈尔滨音乐学院,2026-10-01,
4131010246,复旦大学,homepage,https://www.fudan.edu.cn,https://www.fudan.edu.cn,read,复旦大学 Fudan University,2026-10-01,
4131010246,复旦大学,visual,https://www.fudan.edu.cn/bsxt/list.htm,https://www.fudan.edu.cn/bsxt/list.htm,read,标识系统,2026-10-01,
4131010246,复旦大学,culture,https://www.fudan.edu.cn/831/list.htm,https://www.fudan.edu.cn/831/list.htm,read,校训,2026-10-01,
4131010246,复旦大学,visual,https://www.fudan.edu.cn/830/list.htm,https://www.fudan.edu.cn/830/list.htm,read,校徽,2026-10-01,
4131010246,复旦大学,culture,https://www.fudan.edu.cn/832/list.htm,https://www.fudan.edu.cn/832/list.htm,read,校歌,2026-10-01,
4131010246,复旦大学,visual,https://www.fudan.edu.cn/2403/list.htm,https://www.fudan.edu.cn/2403/list.htm,read,校徽规范,2026-10-01,
4131010246,复旦大学,culture,https://www.fudan.edu.cn/831/list.htm,https://www.fudan.edu.cn/831/list.htm,read,校训,2026-10-01,
4131010246,复旦大学,culture,https://www.fudan.edu.cn/832/list.htm,https://www.fudan.edu.cn/832/list.htm,read,校歌,2026-10-01,
4131010247,同济大学,homepage,https://www.tongji.edu.cn/,https://www.tongji.edu.cn/,read,同济大学,2026-10-01,
4131010247,同济大学,overview,https://www.tongji.edu.cn/xxgk1/xxjj1.htm,https://www.tongji.edu.cn/xxgk1/xxjj1.htm,read,学校简介-同济大学,2026-10-01,
4131010247,同济大学,charter,https://www.tongji.edu.cn/xxgk1/xxzc.htm,https://www.tongji.edu.cn/xxgk1/xxzc.htm,read,学校章程-同济大学,2026-10-01,
4131010247,同济大学,visual,https://www.tongji.edu.cn/xxgk1/xxbs1.htm,https://www.tongji.edu.cn/xxgk1/xxbs1.htm,read,学校标识-同济大学,2026-10-01,
4131010247,同济大学,history,https://www.tongji.edu.cn/xxgk1/lsyg1.htm,https://www.tongji.edu.cn/xxgk1/lsyg1.htm,read,历史沿革-同济大学,2026-10-01,
4131010247,同济大学,english,http://en.tongji.edu.cn/,https://en.tongji.edu.cn/,insufficient_text,Tongji University,2026-10-01,
4131010247,同济大学,charter,https://www.tongji.edu.cn/xxgk1/xxzc.htm,https://www.tongji.edu.cn/xxgk1/xxzc.htm,read,学校章程-同济大学,2026-10-01,
4131010247,同济大学,overview,https://www.tongji.edu.cn/xxgk1/xxjj1.htm,https://www.tongji.edu.cn/xxgk1/xxjj1.htm,read,学校简介-同济大学,2026-10-01,
4131010247,同济大学,history,https://www.tongji.edu.cn/xxgk1/lsyg1.htm,https://www.tongji.edu.cn/xxgk1/lsyg1.htm,read,历史沿革-同济大学,2026-10-01,
4131010248,上海交通大学,homepage,https://www.sjtu.edu.cn/,https://www.sjtu.edu.cn/,read,上海交通大学中文主页门户网站,2026-10-01,
4131010248,上海交通大学,visual,http://vi.sjtu.edu.cn/,https://vi.sjtu.edu.cn/,read,上海交通大学视觉形象识别系统,2026-10-01,
4131010248,上海交通大学,navigation,http://info.sjtu.edu.cn/index.aspx?jatkt=rejected,https://jaccount.sjtu.edu.cn/jaccount/jalogin?sid=jaoauth220160718&client=CGEklffB0hU8TuvNW%2FntmB2k%2BNHNlvd9mY5akGaceRZM&returl=CEGhIJvDJwkpi5oIVAeM3ZUXdJ%2FmgC278fL7Nm7H8moII3IsLj7v3ykUPPadi4gnozEfcqGQx3eNLDJsZacfKVpW24rduWwV7yV%2BqYGUSyCzl8x5yjYWDLeJkd4uPuzK%2BACIoax%2BdIvlQio4WyKC5gs%3D&se=CNlDRRyNeFEqDvhkzDXrxb0a2xfSYi4QQDm5KzwnZHZCZy1FthM2V3DDZEyvOUY2qINosqzJ56hb,read,SJTU Single Sign On,2026-10-01,
4131010248,上海交通大学,visual,https://vi.sjtu.edu.cn/,https://vi.sjtu.edu.cn/,read,上海交通大学视觉形象识别系统,2026-10-01,
4131010248,上海交通大学,visual,https://vi.sjtu.edu.cn/index.php/articles/base/1,https://vi.sjtu.edu.cn/index.php/articles/base/1,read,上海交通大学视觉形象识别系统,2026-10-01,
4131010251,华东理工大学,homepage,https://www.ecust.edu.cn/,https://www.ecust.edu.cn/,read,华东理工大学,2026-10-01,
4131010251,华东理工大学,overview,https://www.ecust.edu.cn/587/list.htm,https://www.ecust.edu.cn/587/list.htm,read,学校简介,2026-10-01,
4131010251,华东理工大学,visual,https://xiaoban.ecust.edu.cn/10389/list.htm,https://xiaoban.ecust.edu.cn/10389/list.htm,read,学校标识,2026-10-01,
4131010251,华东理工大学,culture,https://www.ecust.edu.cn/584/list.htm,https://www.ecust.edu.cn/584/list.htm,read,校园文化,2026-10-01,
4131010251,华东理工大学,history,https://www.ecust.edu.cn/lsyg/list.htm,https://www.ecust.edu.cn/lsyg/list.htm,read,历史沿革,2026-10-01,
4131010251,华东理工大学,english,https://www.ecust.edu.cn/en/,https://www.ecust.edu.cn/en/,read,华东理工大学英文网,2026-10-01,
4131010251,华东理工大学,navigation,http://news.ecust.edu.cn/2026/0924/c16a203532/page.htm,https://news.ecust.edu.cn/2026/0924/c16a203532/page.htm,read,关于学校部分区域停电的通知,2026-10-01,
4131010251,华东理工大学,overview,https://www.ecust.edu.cn/577/list.htm,https://www.ecust.edu.cn/577/list.htm,read,学校简介,2026-10-01,
4131010251,华东理工大学,visual,https://xiaoban.ecust.edu.cn/2007/0306/c10389a83979/page.htm,https://xiaoban.ecust.edu.cn/2007/0306/c10389a83979/page.htm,read,校名、校标素材下载,2026-10-01,
4131010251,华东理工大学,culture,http://www.ecust.edu.cn/2022/1012/c617a168667/page.htm,https://www.ecust.edu.cn/2022/1012/c617a168667/page.htm,read,校名校训校歌,2026-10-01,
4131010251,华东理工大学,overview,https://www.ecust.edu.cn/587/list.htm,https://www.ecust.edu.cn/587/list.htm,read,学校简介,2026-10-01,
4131010251,华东理工大学,overview,https://www.ecust.edu.cn/577/list.htm,https://www.ecust.edu.cn/577/list.htm,read,学校简介,2026-10-01,
4131010251,华东理工大学,history,https://www.ecust.edu.cn/lsyg/list.htm,https://www.ecust.edu.cn/lsyg/list.htm,read,历史沿革,2026-10-01,
4131010251,华东理工大学,culture,https://www.ecust.edu.cn/584/list.htm,https://www.ecust.edu.cn/584/list.htm,read,校园文化,2026-10-01,
4131010251,华东理工大学,culture,https://www.ecust.edu.cn/2022/1012/c617a168667/page.htm,https://www.ecust.edu.cn/2022/1012/c617a168667/page.htm,read,校名校训校歌,2026-10-01,
4131010252,上海理工大学,homepage,https://www.usst.edu.cn/,https://www.usst.edu.cn/,read,上海理工大学,2026-10-01,
4131010252,上海理工大学,overview,https://www.usst.edu.cn/xxgk/list.htm,https://www.usst.edu.cn/xxgk/list.htm,read,学校概况,2026-10-01,
4131010252,上海理工大学,charter,https://www.usst.edu.cn/dxzc/list.htm,https://www.usst.edu.cn/dxzc/list.htm,read,大学章程,2026-10-01,
4131010252,上海理工大学,history,https://www.usst.edu.cn/xsyg/list.htm,https://www.usst.edu.cn/xsyg/list.htm,read,校史沿革,2026-10-01,
4131010252,上海理工大学,navigation,https://www.usst.edu.cn/2026/0930/c954a70356/page.htm,https://www.usst.edu.cn/2026/0930/c954a70356/page.htm,read,关于学校新版实验室安全管控平台上线试运行的通知,2026-10-01,
4131010252,上海理工大学,overview,https://www.usst.edu.cn/xxgk_392/list.htm,https://www.usst.edu.cn/xxgk_392/list.htm,read,学校概况,2026-10-01,
4131010252,上海理工大学,navigation,https://www.usst.edu.cn/2026/0717/c1049a69571/page.htm,https://www.usst.edu.cn/2026/0717/c1049a69571/page.htm,read,换一种全新风格打开校园啦~欢迎大家走进上海理工大学！,2026-10-01,
4131010252,上海理工大学,charter,https://www.usst.edu.cn/dxzc/list.htm,https://www.usst.edu.cn/dxzc/list.htm,read,大学章程,2026-10-01,
4131010252,上海理工大学,overview,https://www.usst.edu.cn/xxgk/list.htm,https://www.usst.edu.cn/xxgk/list.htm,read,学校概况,2026-10-01,
4131010252,上海理工大学,overview,https://www.usst.edu.cn/xxgk_392/list.htm,https://www.usst.edu.cn/xxgk_392/list.htm,read,学校概况,2026-10-01,
4131010252,上海理工大学,history,https://www.usst.edu.cn/xsyg/list.htm,https://www.usst.edu.cn/xsyg/list.htm,read,校史沿革,2026-10-01,
4131010254,上海海事大学,homepage,https://www.shmtu.edu.cn,https://www.shmtu.edu.cn,read,上海海事大学,2026-10-01,
4131010254,上海海事大学,overview,https://www.shmtu.edu.cn/12182/list.htm,https://www.shmtu.edu.cn/12182/list.htm,read,学校简介,2026-10-01,
4131010254,上海海事大学,history,https://museum.shmtu.edu.cn/,https://museum.shmtu.edu.cn/,read,校史馆,2026-10-01,
4131010254,上海海事大学,visual,https://museum.shmtu.edu.cn/2018/1114/c8124a72083/page.htm,https://museum.shmtu.edu.cn/2018/1114/c8124a72083/page.htm,read,上海海事大学校徽原稿,2026-10-01,
4131010254,上海海事大学,english,https://en.shmtu.edu.cn/,https://en.shmtu.edu.cn/,read,海事大学英文网站,2026-10-01,
4131010254,上海海事大学,navigation,https://www.shmtu.edu.cn/2026/0923/c12188a321778/page.htm,https://www.shmtu.edu.cn/2026/0923/c12188a321778/page.htm,read,澎湃下午茶・走进上海智库专题研讨会举办 共话上海国际航运绿色燃料枢纽建设,2026-10-01,
4131010254,上海海事大学,overview,https://www.shmtu.edu.cn/12182/list.htm,https://www.shmtu.edu.cn/12182/list.htm,read,学校简介,2026-10-01,
4131010254,上海海事大学,history,https://museum.shmtu.edu.cn/,https://museum.shmtu.edu.cn/,read,校史馆,2026-10-01,
4131010255,东华大学,homepage,https://www.dhu.edu.cn/,https://www.dhu.edu.cn/,read,东华大学,2026-10-01,
4131010255,东华大学,overview,https://www.dhu.edu.cn/xxjs_18902/list.htm,https://www.dhu.edu.cn/xxjs_18902/list.htm,read,学校介绍,2026-10-01,
4131010255,东华大学,charter,https://www.dhu.edu.cn/xxzc/list.htm,https://www.dhu.edu.cn/xxzc/list.htm,read,学校章程,2026-10-01,
4131010255,东华大学,visual,https://www.dhu.edu.cn/bsxt/list.htm,https://www.dhu.edu.cn/bsxt/list.htm,read,标识系统,2026-10-01,
4131010255,东华大学,culture,https://www.dhu.edu.cn/xxxg/list.htm,https://www.dhu.edu.cn/xxxg/list.htm,read,校训,2026-10-01,
4131010255,东华大学,history,https://www.dhu.edu.cn/lsyg/list.htm,https://www.dhu.edu.cn/lsyg/list.htm,read,历史沿革,2026-10-01,
4131010255,东华大学,templates,https://www.dhu.edu.cn/_s3/xxbs/list.psp,https://www.dhu.edu.cn/_s3/xxbs/list.psp,read,标识系统,2026-10-01,
4131010255,东华大学,english,https://english.dhu.edu.cn/,https://english.dhu.edu.cn/,read,Donghua University English Website,2026-10-01,
4131010255,东华大学,overview,https://www.dhu.edu.cn/5943/list.htm,https://www.dhu.edu.cn/5943/list.htm,read,学校介绍,2026-10-01,
4131010255,东华大学,charter,https://www.dhu.edu.cn/5944/list.htm,https://www.dhu.edu.cn/5944/list.htm,read,学校章程,2026-10-01,
4131010255,东华大学,charter,https://www.dhu.edu.cn/xxzc/list.htm,https://www.dhu.edu.cn/xxzc/list.htm,read,学校章程,2026-10-01,
4131010255,东华大学,charter,https://www.dhu.edu.cn/5944/list.htm,https://www.dhu.edu.cn/5944/list.htm,read,学校章程,2026-10-01,
4131010255,东华大学,overview,https://www.dhu.edu.cn/5943/list.htm,https://www.dhu.edu.cn/5943/list.htm,read,学校介绍,2026-10-01,
4131010255,东华大学,overview,https://www.dhu.edu.cn/xxjs_18902/list.htm,https://www.dhu.edu.cn/xxjs_18902/list.htm,read,学校介绍,2026-10-01,
4131010255,东华大学,history,https://www.dhu.edu.cn/lsyg/list.htm,https://www.dhu.edu.cn/lsyg/list.htm,read,历史沿革,2026-10-01,
4131010256,上海电力大学,homepage,https://www.shiep.edu.cn,https://www.shiep.edu.cn,read,上海电力大学 Shanghai University of Electric Power,2026-10-01,
4131010256,上海电力大学,overview,https://www.shiep.edu.cn/about_suep/list.htm,https://www.shiep.edu.cn/about_suep/list.htm,read,学校简介,2026-10-01,
4131010256,上海电力大学,visual,https://www.shiep.edu.cn/vi/list.htm,https://www.shiep.edu.cn/vi/list.htm,read,VI设计规范,2026-10-01,
4131010256,上海电力大学,culture,https://www.shiep.edu.cn/motto/list.htm,https://www.shiep.edu.cn/motto/list.htm,read,校训,2026-10-01,
4131010256,上海电力大学,history,https://www.shiep.edu.cn/evolution/list.htm,https://www.shiep.edu.cn/evolution/list.htm,read,历史沿革,2026-10-01,
4131010256,上海电力大学,navigation,https://www.shiep.edu.cn/4d/71/c3154a281969/page.htm,https://www.shiep.edu.cn/4d/71/c3154a281969/page.htm,read,京剧推广人曹晋携京剧艺术走进上电,2026-10-01,
4131010256,上海电力大学,culture,https://www.shiep.edu.cn/anthem/list.htm,https://www.shiep.edu.cn/anthem/list.htm,read,校歌,2026-10-01,
4131010256,上海电力大学,navigation,https://www.shiep.edu.cn/4c/81/c6424a281729/page.htm,https://www.shiep.edu.cn/4c/81/c6424a281729/page.htm,read,关于学校“一网通办”系统服务器升级维护的通知,2026-10-01,
4131010256,上海电力大学,overview,https://www.shiep.edu.cn/about_suep/list.htm,https://www.shiep.edu.cn/about_suep/list.htm,read,学校简介,2026-10-01,
4131010256,上海电力大学,history,https://www.shiep.edu.cn/evolution/list.htm,https://www.shiep.edu.cn/evolution/list.htm,read,历史沿革,2026-10-01,
4131010256,上海电力大学,culture,https://www.shiep.edu.cn/motto/list.htm,https://www.shiep.edu.cn/motto/list.htm,read,校训,2026-10-01,
4131010256,上海电力大学,culture,https://www.shiep.edu.cn/anthem/list.htm,https://www.shiep.edu.cn/anthem/list.htm,read,校歌,2026-10-01,
4131010262,上海健康医学院,homepage,http://sumhs.admissions.cn,,title_mismatch,,2026-10-01,
4131010262,上海健康医学院,overview,https://www.sumhs.edu.cn/,https://www.sumhs.edu.cn/,read,上海健康医学院,2026-10-01,
4131010262,上海健康医学院,overview,https://www.sumhs.edu.cn/xxjj/list.htm,https://www.sumhs.edu.cn/xxjj/list.htm,read,学校简介,2026-10-01,
4131010262,上海健康医学院,overview,https://hgpg.sumhs.edu.cn/7069/list.psp,https://hgpg.sumhs.edu.cn/7069/list.psp,read,学校简介,2026-10-01,
4131010262,上海健康医学院,overview,https://mnews.sumhs.edu.cn/_s2/xxjj/list.psp,https://mnews.sumhs.edu.cn/_s2/xxjj/list.psp,read,学校简介,2026-10-01,
4131010262,上海健康医学院,overview,https://www.sumhs.edu.cn/,https://www.sumhs.edu.cn/,read,上海健康医学院,2026-10-01,
4131010262,上海健康医学院,overview,https://www.sumhs.edu.cn/xxjj/list.htm,https://www.sumhs.edu.cn/xxjj/list.htm,read,学校简介,2026-10-01,
4131010262,上海健康医学院,overview,https://hgpg.sumhs.edu.cn/7069/list.psp,https://hgpg.sumhs.edu.cn/7069/list.psp,read,学校简介,2026-10-01,
4131010264,上海海洋大学,homepage,https://www.shou.edu.cn/,https://www.shou.edu.cn/,read,上海海洋大学,2026-10-01,
4131010264,上海海洋大学,overview,https://www.shou.edu.cn/xxjj_107/list.htm,https://www.shou.edu.cn/xxjj_107/list.htm,read,学校简介,2026-10-01,
4131010264,上海海洋大学,culture,https://www.shou.edu.cn/2026/0928/c147a355735/page.htm,https://www.shou.edu.cn/2026/0928/c147a355735/page.htm,read,上海海洋大学举行2026军训学唱校歌、比唱校歌主题歌会,2026-10-01,
4131010264,上海海洋大学,history,https://www.shou.edu.cn/lsyg_108/list.htm,https://www.shou.edu.cn/lsyg_108/list.htm,read,历史沿革,2026-10-01,
4131010264,上海海洋大学,english,https://www.shou.edu.cn/eng/,https://www.shou.edu.cn/eng/,read,Shanghai Ocean University,2026-10-01,
4131010264,上海海洋大学,navigation,https://www.shou.edu.cn/xxwh/list.htm,https://www.shou.edu.cn/xxwh/list.htm,read,学校文化,2026-10-01,
4131010264,上海海洋大学,overview,https://www.shou.edu.cn/xxgk_93/list.htm,https://www.shou.edu.cn/xxgk_93/list.htm,read,学校简介,2026-10-01,
4131010264,上海海洋大学,english,http://www.shou.edu.cn/eng/,https://www.shou.edu.cn/eng/,read,Shanghai Ocean University,2026-10-01,
4131010264,上海海洋大学,overview,https://www.shou.edu.cn/xxgk_93/list.htm,https://www.shou.edu.cn/xxgk_93/list.htm,read,学校简介,2026-10-01,
4131010264,上海海洋大学,overview,https://www.shou.edu.cn/xxjj_107/list.htm,https://www.shou.edu.cn/xxjj_107/list.htm,read,学校简介,2026-10-01,
4131010264,上海海洋大学,history,https://www.shou.edu.cn/lsyg_108/list.htm,https://www.shou.edu.cn/lsyg_108/list.htm,read,历史沿革,2026-10-01,
4131010264,上海海洋大学,culture,https://www.shou.edu.cn/2026/0928/c147a355735/page.htm,https://www.shou.edu.cn/2026/0928/c147a355735/page.htm,read,上海海洋大学举行2026军训学唱校歌、比唱校歌主题歌会,2026-10-01,
4131010268,上海中医药大学,homepage,https://www.shutcm.edu.cn/,https://www.shutcm.edu.cn/,read,上海中医药大学,2026-10-01,
4131010268,上海中医药大学,overview,https://www.shutcm.edu.cn/6550/list.htm,https://www.shutcm.edu.cn/6550/list.htm,read,学校简介,2026-10-01,
4131010268,上海中医药大学,charter,https://www.shutcm.edu.cn/6622/list.htm,https://www.shutcm.edu.cn/6622/list.htm,read,学校章程,2026-10-01,
4131010268,上海中医药大学,overview,https://www.shutcm.edu.cn/6537/list.htm,https://www.shutcm.edu.cn/6537/list.htm,read,学校简介,2026-10-01,
4131010268,上海中医药大学,charter,https://www.shutcm.edu.cn/6622/list.htm,https://www.shutcm.edu.cn/6622/list.htm,read,学校章程,2026-10-01,
4131010268,上海中医药大学,overview,https://www.shutcm.edu.cn/6550/list.htm,https://www.shutcm.edu.cn/6550/list.htm,read,学校简介,2026-10-01,
4131010268,上海中医药大学,overview,https://www.shutcm.edu.cn/6537/list.htm,https://www.shutcm.edu.cn/6537/list.htm,read,学校简介,2026-10-01,
4131010269,华东师范大学,homepage,https://www.ecnu.edu.cn/,https://www.ecnu.edu.cn/,read,华东师范大学,2026-10-01,
4131010269,华东师范大学,overview,https://www.ecnu.edu.cn/wzcd/xxgk.htm,https://www.ecnu.edu.cn/wzcd/xxgk.htm,read,学校概况-华东师范大学,2026-10-01,
4131010269,华东师范大学,charter,https://www.ecnu.edu.cn/wzcd/xxgk/xxzc.htm,https://www.ecnu.edu.cn/wzcd/xxgk/xxzc.htm,read,学校章程-华东师范大学,2026-10-01,
4131010269,华东师范大学,visual,https://www.ecnu.edu.cn/wzcd/xxgk/xxbs.htm,https://www.ecnu.edu.cn/wzcd/xxgk/xxbs.htm,read,学校标识-华东师范大学,2026-10-01,
4131010269,华东师范大学,history,https://www.ecnu.edu.cn/wzcd/xxgk/xsyg.htm,https://www.ecnu.edu.cn/wzcd/xxgk/xsyg.htm,read,校史沿革-华东师范大学,2026-10-01,
4131010269,华东师范大学,templates,https://www.ecnu.edu.cn/wzcd/xxgk/xxbs/bsxz/bgyy/PPTmb.htm,https://www.ecnu.edu.cn/wzcd/xxgk/xxbs/bsxz/bgyy/PPTmb.htm,read,PPT模板-华东师范大学,2026-10-01,
4131010269,华东师范大学,english,http://english.ecnu.edu.cn/,https://english.ecnu.edu.cn/,read,East China Normal University,2026-10-01,
4131010269,华东师范大学,navigation,https://www.ecnu.edu.cn/info/1100/73058.htm,https://www.ecnu.edu.cn/info/1100/73058.htm,read,原创芭蕾舞剧《百合花》走进华东师大-华东师范大学,2026-10-01,
4131010269,华东师范大学,english,https://english.ecnu.edu.cn/,https://english.ecnu.edu.cn/,read,East China Normal University,2026-10-01,
4131010269,华东师范大学,charter,https://www.ecnu.edu.cn/wzcd/xxgk/xxzc.htm,https://www.ecnu.edu.cn/wzcd/xxgk/xxzc.htm,read,学校章程-华东师范大学,2026-10-01,
4131010269,华东师范大学,overview,https://www.ecnu.edu.cn/wzcd/xxgk.htm,https://www.ecnu.edu.cn/wzcd/xxgk.htm,read,学校概况-华东师范大学,2026-10-01,
4131010269,华东师范大学,history,https://www.ecnu.edu.cn/wzcd/xxgk/xsyg.htm,https://www.ecnu.edu.cn/wzcd/xxgk/xsyg.htm,read,校史沿革-华东师范大学,2026-10-01,
4131010270,上海师范大学,homepage,https://www.shnu.edu.cn,https://www.shnu.edu.cn,read,上海师范大学-Shanghai Normal University,2026-10-01,
4131010270,上海师范大学,overview,http://www.shnu.edu.cn/30331/list.htm,https://www.shnu.edu.cn/30331/list.htm,read,学校介绍,2026-10-01,
4131010270,上海师范大学,visual,https://www.shnu.edu.cn/30332/list.htm,https://www.shnu.edu.cn/30332/list.htm,read,校名,2026-10-01,
4131010270,上海师范大学,culture,https://www.shnu.edu.cn/30365/list.htm,https://www.shnu.edu.cn/30365/list.htm,read,校训,2026-10-01,
4131010270,上海师范大学,english,https://english.shnu.edu.cn/,https://english.shnu.edu.cn/,read,Shanghai Normal University,2026-10-01,
4131010270,上海师范大学,navigation,https://www.shnu.edu.cn/16/91/c31926a857745/page.htm,https://www.shnu.edu.cn/16/91/c31926a857745/page.htm,read,在国际顶尖赛场上一堂“行走的思政课” 我校上海工匠导师带领工科师生走进第48届世界技能大赛,2026-10-01,
4131010270,上海师范大学,overview,https://www.shnu.edu.cn/30331/list.htm,https://www.shnu.edu.cn/30331/list.htm,read,学校介绍,2026-10-01,
4131010270,上海师范大学,visual,https://www.shnu.edu.cn/30366/list.htm,https://www.shnu.edu.cn/30366/list.htm,read,校标,2026-10-01,
4131010270,上海师范大学,culture,https://www.shnu.edu.cn/30367/list.htm,https://www.shnu.edu.cn/30367/list.htm,read,校歌,2026-10-01,
4131010270,上海师范大学,overview,https://www.shnu.edu.cn/30331/list.htm,https://www.shnu.edu.cn/30331/list.htm,read,学校介绍,2026-10-01,
4131010270,上海师范大学,culture,https://www.shnu.edu.cn/30365/list.htm,https://www.shnu.edu.cn/30365/list.htm,read,校训,2026-10-01,
4131010270,上海师范大学,culture,https://www.shnu.edu.cn/30367/list.htm,https://www.shnu.edu.cn/30367/list.htm,read,校歌,2026-10-01,
4131010271,上海外国语大学,homepage,https://www.shisu.edu.cn,https://www.shisu.edu.cn,read,SISU | 上海外国语大学,2026-10-01,
4131010271,上海外国语大学,visual,https://shisu.edu.cn/about/identity-guidelines/index.html,https://shisu.edu.cn/about/identity-guidelines/index.html,read,SISU | 上海外国语大学_视觉标识,2026-10-01,
4131010271,上海外国语大学,charter,https://shisu.edu.cn/about/university-statutes/index.html,https://shisu.edu.cn/about/university-statutes/index.html,read,SISU | 上海外国语大学_大学章程,2026-10-01,
4131010271,上海外国语大学,history,https://shisu.edu.cn/about/history-at-a-glance/index.html,https://shisu.edu.cn/about/history-at-a-glance/index.html,read,SISU | 上海外国语大学_历史沿革,2026-10-01,
4131010271,上海外国语大学,english,http://en.shisu.edu.cn/,https://en.shisu.edu.cn/,read,SISU | Shanghai International Studies University,2026-10-01,
4131010271,上海外国语大学,navigation,https://shisu.edu.cn/campus-life/our-campuses/index.html,https://shisu.edu.cn/campus-life/our-campuses/index.html,read,SISU | 上海外国语大学_走进上外,2026-10-01,
4131010271,上海外国语大学,english,https://en.shisu.edu.cn/admissions/china-studies-program/,https://en.shisu.edu.cn/admissions/china-studies-program/,read,SISU | China Studies Program,2026-10-01,
4131010271,上海外国语大学,charter,https://shisu.edu.cn/about/university-statutes/index.html,https://shisu.edu.cn/about/university-statutes/index.html,read,SISU | 上海外国语大学_大学章程,2026-10-01,
4131010271,上海外国语大学,history,https://shisu.edu.cn/about/history-at-a-glance/index.html,https://shisu.edu.cn/about/history-at-a-glance/index.html,read,SISU | 上海外国语大学_历史沿革,2026-10-01,
4131010272,上海财经大学,homepage,https://www.sufe.edu.cn,https://www.sufe.edu.cn,read,上海财经大学,2026-10-01,
4131010272,上海财经大学,overview,https://www.sufe.edu.cn/xxgk_13516/list.htm,https://www.sufe.edu.cn/xxgk_13516/list.htm,read,学校章程,2026-10-01,
4131010272,上海财经大学,charter,https://www.sufe.edu.cn/xxzc/list.htm,https://www.sufe.edu.cn/xxzc/list.htm,read,学校章程,2026-10-01,
4131010272,上海财经大学,history,https://www.sufe.edu.cn/lsyg/list.htm,https://www.sufe.edu.cn/lsyg/list.htm,read,历史沿革,2026-10-01,
4131010272,上海财经大学,english,https://english.sufe.edu.cn/,https://english.sufe.edu.cn/,read,Shanghai University of Finance and Economics,2026-10-01,
4131010272,上海财经大学,navigation,http://news.sufe.edu.cn/20/7e/c180a270462/page.htm,https://news.sufe.edu.cn/20/7e/c180a270462/page.htm,read,薪火相传，红色润心——上海财经大学离退休老同志走进附属幼儿园讲述长征故事,2026-10-01,
4131010272,上海财经大学,visual,https://news.sufe.edu.cn/16673/list.htm,https://news.sufe.edu.cn/16673/list.htm,read,上财校标,2026-10-01,
4131010272,上海财经大学,culture,https://news.sufe.edu.cn/scxx/list.htm,https://news.sufe.edu.cn/scxx/list.htm,read,上财校训,2026-10-01,
4131010272,上海财经大学,culture,https://news.sufe.edu.cn/16675/list.htm,https://news.sufe.edu.cn/16675/list.htm,read,上财校歌,2026-10-01,
4131010272,上海财经大学,charter,https://www.sufe.edu.cn/xxzc/list.htm,https://www.sufe.edu.cn/xxzc/list.htm,read,学校章程,2026-10-01,
4131010272,上海财经大学,overview,https://www.sufe.edu.cn/xxgk_13516/list.htm,https://www.sufe.edu.cn/xxgk_13516/list.htm,read,学校章程,2026-10-01,
4131010272,上海财经大学,history,https://www.sufe.edu.cn/lsyg/list.htm,https://www.sufe.edu.cn/lsyg/list.htm,read,历史沿革,2026-10-01,
4131010272,上海财经大学,culture,https://news.sufe.edu.cn/scxx/list.htm,https://news.sufe.edu.cn/scxx/list.htm,read,上财校训,2026-10-01,
4131010272,上海财经大学,culture,https://news.sufe.edu.cn/16675/list.htm,https://news.sufe.edu.cn/16675/list.htm,read,上财校歌,2026-10-01,
4131010273,上海对外经贸大学,homepage,https://www.suibe.edu.cn,https://www.suibe.edu.cn,read,上海对外经贸大学,2026-10-01,
4131010273,上海对外经贸大学,overview,https://www.suibe.edu.cn/7299/list.htm,https://www.suibe.edu.cn/7299/list.htm,read,学校简介,2026-10-01,
4131010273,上海对外经贸大学,english,http://eng.suibe.edu.cn/,https://eng.suibe.edu.cn/,read,SHANGHAI UNIVERSITY OF INTERNATIONAL BUSINESS AND ECONOMICS,2026-10-01,
4131010273,上海对外经贸大学,navigation,http://news.suibe.edu.cn/2026/0929/c12513a202765/page.htm,https://news.suibe.edu.cn/2026/0929/c12513a202765/page.htm,read,走进东非一线，在田野中读懂企业出海——上海对外经贸大学2026年肯尼亚区域国别田野调查纪实,2026-10-01,
4131010273,上海对外经贸大学,overview,https://www.suibe.edu.cn/xxgk1/list.htm,https://www.suibe.edu.cn/xxgk1/list.psp,read,学校简介,2026-10-01,
4131010273,上海对外经贸大学,navigation,http://news.suibe.edu.cn/2026/0929/c12513a202764/page.htm,https://news.suibe.edu.cn/2026/0929/c12513a202764/page.htm,read,走进尼罗河畔，在企业一线读懂投资环境——上海对外经贸大学2026年埃及区域国别田野调查纪实,2026-10-01,
4131010273,上海对外经贸大学,overview,https://www.suibe.edu.cn/7299/list.htm,https://www.suibe.edu.cn/7299/list.htm,read,学校简介,2026-10-01,
4131010273,上海对外经贸大学,overview,https://www.suibe.edu.cn/xxgk1/list.psp,https://www.suibe.edu.cn/xxgk1/list.psp,read,学校简介,2026-10-01,
4131010274,上海海关学院,homepage,https://www.shcc.edu.cn/,,robots_disallowed,,2026-10-01,
4131010274,上海海关学院,charter,https://www.moe.gov.cn/srcsite/A02/zfs_gdxxzc/201702/t20170207_295850.html,http://www.moe.gov.cn/srcsite/A02/zfs_gdxxzc/201702/t20170207_295850.html,read,中华人民共和国教育部高等学校章程核准书第111号（上海海关学院）　 - 中华人民共和国教育部政府门户网站,2026-10-01,
4131010274,上海海关学院,charter,http://www.moe.gov.cn/srcsite/A02/zfs_gdxxzc/201702/t20170207_295850.html,http://www.moe.gov.cn/srcsite/A02/zfs_gdxxzc/201702/t20170207_295850.html,read,中华人民共和国教育部高等学校章程核准书第111号（上海海关学院）　 - 中华人民共和国教育部政府门户网站,2026-10-01,
4131010276,华东政法大学,homepage,https://www.ecupl.edu.cn/,https://www.ecupl.edu.cn/,read,华东政法大学,2026-10-01,
4131010276,华东政法大学,overview,https://www.ecupl.edu.cn/611/list.htm,https://www.ecupl.edu.cn/611/list.htm,read,学校简介,2026-10-01,
4131010276,华东政法大学,charter,https://www.ecupl.edu.cn/xxzc/list.htm,https://www.ecupl.edu.cn/xxzc/list.htm,read,学校章程,2026-10-01,
4131010276,华东政法大学,visual,https://www.ecupl.edu.cn/614/list.htm,https://www.ecupl.edu.cn/614/list.htm,read,学校标识,2026-10-01,
4131010276,华东政法大学,culture,https://www.ecupl.edu.cn/xxxg/list.htm,https://www.ecupl.edu.cn/xxxg/list.htm,read,校训校歌,2026-10-01,
4131010276,华东政法大学,history,https://www.ecupl.edu.cn/613/list.htm,https://www.ecupl.edu.cn/613/list.htm,read,历史沿革,2026-10-01,
4131010276,华东政法大学,navigation,http://news.ecupl.edu.cn/2026/0924/c672a228039/page.htm,https://news.ecupl.edu.cn/2026/0924/c672a228039/page.htm,read,北京检察官宣讲团走进我校开展法治宣讲,2026-10-01,
4131010276,华东政法大学,overview,http://www.ecupl.edu.cn/611/list.htm,https://www.ecupl.edu.cn/611/list.htm,read,学校简介,2026-10-01,
4131010276,华东政法大学,visual,https://www.ecupl.edu.cn/2022/1109/c614a199624/page.htm,https://www.ecupl.edu.cn/2022/1109/c614a199624/page.htm,read,校标,2026-10-01,
4131010276,华东政法大学,culture,https://www.ecupl.edu.cn/2023/1031/c614a210237/page.htm,https://www.ecupl.edu.cn/2023/1031/c614a210237/page.htm,read,吉祥物,2026-10-01,
4131010276,华东政法大学,charter,https://www.ecupl.edu.cn/xxzc/list.htm,https://www.ecupl.edu.cn/xxzc/list.htm,read,学校章程,2026-10-01,
4131010276,华东政法大学,overview,https://www.ecupl.edu.cn/611/list.htm,https://www.ecupl.edu.cn/611/list.htm,read,学校简介,2026-10-01,
4131010276,华东政法大学,history,https://www.ecupl.edu.cn/613/list.htm,https://www.ecupl.edu.cn/613/list.htm,read,历史沿革,2026-10-01,
4131010276,华东政法大学,culture,https://www.ecupl.edu.cn/xxxg/list.htm,https://www.ecupl.edu.cn/xxxg/list.htm,read,校训校歌,2026-10-01,
4131010276,华东政法大学,culture,https://www.ecupl.edu.cn/2023/1031/c614a210237/page.htm,https://www.ecupl.edu.cn/2023/1031/c614a210237/page.htm,read,吉祥物,2026-10-01,
4131010277,上海体育大学,homepage,https://www.sus.edu.cn/,,robots_disallowed,,2026-10-01,
4131010278,上海音乐学院,homepage,https://www.shcmusic.edu.cn,https://www.shcmusic.edu.cn,read,上海音乐学院,2026-10-01,
4131010278,上海音乐学院,history,https://www.shcmusic.edu.cn/1541/list.htm,https://www.shcmusic.edu.cn/1541/list.htm,read,校史馆,2026-10-01,
4131010278,上海音乐学院,culture,https://www.shcmusic.edu.cn/2020/0602/c1555a21668/page.htm,https://www.shcmusic.edu.cn/2020/0602/c1555a21668/page.htm,read,上海音乐学院校史馆（2017年新馆）概况,2026-10-01,
4131010278,上海音乐学院,english,https://en.shcmusic.edu.cn/main.htm,https://en.shcmusic.edu.cn/main.htm,read,Shanghai Conservatory Of Music,2026-10-01,
4131010278,上海音乐学院,navigation,https://www.shcmusic.edu.cn/2026/0612/c1556a61486/page.htm,https://www.shcmusic.edu.cn/2026/0612/c1556a61486/page.htm,read,上海音乐学院作曲指挥系师生走进校史馆开展主题班会,2026-10-01,
4131010278,上海音乐学院,navigation,https://www.shcmusic.edu.cn/2026/0524/c1556a61299/page.htm,https://www.shcmusic.edu.cn/2026/0524/c1556a61299/page.htm,read,“上音Walking Class”活动——走进上音校史馆，感悟上音百年文脉,2026-10-01,
4131010278,上海音乐学院,history,https://www.shcmusic.edu.cn/1541/list.htm,https://www.shcmusic.edu.cn/1541/list.htm,read,校史馆,2026-10-01,
4131010278,上海音乐学院,culture,https://www.shcmusic.edu.cn/2020/0602/c1555a21668/page.htm,https://www.shcmusic.edu.cn/2020/0602/c1555a21668/page.htm,read,上海音乐学院校史馆（2017年新馆）概况,2026-10-01,
4131010279,上海戏剧学院,homepage,https://www.sta.edu.cn,https://www.sta.edu.cn,read,上海戏剧学院,2026-10-01,
4131010279,上海戏剧学院,overview,https://www.sta.edu.cn/1534/list.htm,https://www.sta.edu.cn/1534/list.htm,read,上戏简介,2026-10-01,
4131010279,上海戏剧学院,visual,https://www.sta.edu.cn/1541/list.htm,https://www.sta.edu.cn/1541/list.htm,read,教工之家,2026-10-01,
4131010279,上海戏剧学院,culture,https://www.sta.edu.cn/1549/list.htm,https://www.sta.edu.cn/1549/list.htm,read,校歌校训,2026-10-01,
4131010279,上海戏剧学院,history,https://www.sta.edu.cn/1547/list.htm,https://www.sta.edu.cn/1547/list.htm,read,历史沿革,2026-10-01,
4131010279,上海戏剧学院,english,https://en.sta.edu.cn/,https://en.sta.edu.cn/,read,主页英文版,2026-10-01,
4131010279,上海戏剧学院,culture,https://www.sta.edu.cn/55/d7/c1549a21975/page.htm,https://www.sta.edu.cn/55/d7/c1549a21975/page.htm,read,上海戏剧学院校训,2026-10-01,
4131010279,上海戏剧学院,overview,https://www.sta.edu.cn/1534/list.htm,https://www.sta.edu.cn/1534/list.htm,read,上戏简介,2026-10-01,
4131010279,上海戏剧学院,history,https://www.sta.edu.cn/1547/list.htm,https://www.sta.edu.cn/1547/list.htm,read,历史沿革,2026-10-01,
4131010279,上海戏剧学院,culture,https://www.sta.edu.cn/1549/list.htm,https://www.sta.edu.cn/1549/list.htm,read,校歌校训,2026-10-01,
4131010279,上海戏剧学院,culture,https://www.sta.edu.cn/55/d7/c1549a21975/page.htm,https://www.sta.edu.cn/55/d7/c1549a21975/page.htm,read,上海戏剧学院校训,2026-10-01,
4131010280,上海大学,homepage,https://www.shu.edu.cn/,https://www.shu.edu.cn/,read,上海大学,2026-10-01,
4131010280,上海大学,overview,https://www.shu.edu.cn/xxgk/xxjj.htm,https://www.shu.edu.cn/xxgk/xxjj.htm,read,学校简介-上海大学,2026-10-01,
4131010280,上海大学,charter,https://www.shu.edu.cn/info/1667/269312.htm,https://www.shu.edu.cn/info/1667/269312.htm,read,《上海大学章程》（20世纪20年代）-上海大学,2026-10-01,
4131010280,上海大学,visual,https://www.shu.edu.cn/xxgk/sdwh/xhjs.htm,https://www.shu.edu.cn/xxgk/sdwh/xhjs.htm,read,校徽介绍-上海大学,2026-10-01,
4131010280,上海大学,culture,https://www.shu.edu.cn/xysheng_huo.htm,https://www.shu.edu.cn/xysheng_huo.htm,read,校园生活-上海大学,2026-10-01,
4131010280,上海大学,english,http://en.shu.edu.cn/,,robots_disallowed,,2026-10-01,
4131010280,上海大学,charter,https://www.shu.edu.cn/info/1667/269312.htm,https://www.shu.edu.cn/info/1667/269312.htm,read,《上海大学章程》（20世纪20年代）-上海大学,2026-10-01,
4131010280,上海大学,overview,https://www.shu.edu.cn/xxgk/xxjj.htm,https://www.shu.edu.cn/xxgk/xxjj.htm,read,学校简介-上海大学,2026-10-01,
4131010280,上海大学,culture,https://www.shu.edu.cn/xysheng_huo.htm,https://www.shu.edu.cn/xysheng_huo.htm,read,校园生活-上海大学,2026-10-01,
4131010283,上海公安学院,homepage,https://www.shpc.edu.cn,,title_mismatch,,2026-10-01,
4131010283,上海公安学院,charter,https://www.shpc.edu.cn/gaxy/xxgk/20230915/5553.html,https://www.shpc.edu.cn/gaxy/xxgk/20230915/5553.html,read,上海公安学院门户网站_上海公安学院章程_,2026-10-01,
4131010283,上海公安学院,overview,https://www.shpc.edu.cn/,,access_limited,,2026-10-01,ValueError
4131010283,上海公安学院,overview,https://www.shpc.edu.cn/gaxy/xygk/index.html,https://www.shpc.edu.cn/gaxy/xygk/index.html,read,学校概况_上海公安学院门户网站,2026-10-01,
4131010283,上海公安学院,overview,https://www.shpc.edu.cn/gaxy/zs-zszw/index.html,https://www.shpc.edu.cn/gaxy/zs-zszw/index.html,read,上海公安学院招生专网,2026-10-01,
4131010283,上海公安学院,charter,https://www.shpc.edu.cn/gaxy/xxgk/20230915/5553.html,https://www.shpc.edu.cn/gaxy/xxgk/20230915/5553.html,read,上海公安学院门户网站_上海公安学院章程_,2026-10-01,
4131010283,上海公安学院,overview,https://www.shpc.edu.cn/gaxy/xygk/index.html,https://www.shpc.edu.cn/gaxy/xygk/index.html,read,学校概况_上海公安学院门户网站,2026-10-01,
4131010856,上海工程技术大学,homepage,https://www.sues.edu.cn/,https://www.sues.edu.cn/,read,上海工程技术大学,2026-10-01,
4131010856,上海工程技术大学,overview,https://www.sues.edu.cn/26795/list.htm,https://www.sues.edu.cn/26795/list.htm,read,学校简介,2026-10-01,
4131010856,上海工程技术大学,charter,http://www.sues.edu.cn/ce/9b/c26796a249499/page.htm,https://www.sues.edu.cn/ce/9b/c26796a249499/page.htm,read,上海工程技术大学章程,2026-10-01,
4131010856,上海工程技术大学,visual,http://www.sues.edu.cn/xxbs/list.htm,https://www.sues.edu.cn/xxbs/list.htm,read,学校标识,2026-10-01,
4131010856,上海工程技术大学,history,https://www.sues.edu.cn/95/2e/c27396a300334/page.htm,https://www.sues.edu.cn/95/2e/c27396a300334/page.htm,read,蒙古工程技术学院校长一行访问我校,2026-10-01,
4131010856,上海工程技术大学,english,https://en.sues.edu.cn/,https://en.sues.edu.cn/,read,Shanghai University of Engineering Science,2026-10-01,
4131010856,上海工程技术大学,navigation,http://www.sues.edu.cn/26885/main.htm,https://www.sues.edu.cn/26885/main.htm,read,校园生活,2026-10-01,
4131010856,上海工程技术大学,overview,http://www.sues.edu.cn/26795/list.htm,https://www.sues.edu.cn/26795/list.htm,read,学校简介,2026-10-01,
4131010856,上海工程技术大学,charter,https://www.sues.edu.cn/20/list.htm,https://www.sues.edu.cn/20/list.htm,read,学校章程,2026-10-01,
4131010856,上海工程技术大学,visual,https://www.sues.edu.cn/xxbs/list.htm,https://www.sues.edu.cn/xxbs/list.htm,read,学校标识,2026-10-01,
4131010856,上海工程技术大学,charter,https://www.sues.edu.cn/20/list.htm,https://www.sues.edu.cn/20/list.htm,read,学校章程,2026-10-01,
4131010856,上海工程技术大学,charter,https://www.sues.edu.cn/ce/9b/c26796a249499/page.htm,https://www.sues.edu.cn/ce/9b/c26796a249499/page.htm,read,上海工程技术大学章程,2026-10-01,
4131010856,上海工程技术大学,overview,https://www.sues.edu.cn/26795/list.htm,https://www.sues.edu.cn/26795/list.htm,read,学校简介,2026-10-01,
4131010856,上海工程技术大学,history,https://www.sues.edu.cn/95/2e/c27396a300334/page.htm,https://www.sues.edu.cn/95/2e/c27396a300334/page.htm,read,蒙古工程技术学院校长一行访问我校,2026-10-01,
4131011047,上海立信会计金融学院,homepage,https://www.lixin.edu.cn/,https://www.lixin.edu.cn/,read,上海立信会计金融学院,2026-10-01,
4131011047,上海立信会计金融学院,overview,http://www.lixin.edu.cn/hjgk/hjjg/46836.htm,,access_limited,,2026-10-01,timeout
4131011047,上海立信会计金融学院,overview,https://www.lixin.edu.cn/hjgk/hjjg/46836.htm,https://www.lixin.edu.cn/hjgk/hjjg/46836.htm,read,学校简介,2026-10-01,
4131011047,上海立信会计金融学院,charter,https://www.lixin.edu.cn/hjgk/hjzc/46854.htm,https://www.lixin.edu.cn/hjgk/hjzc/46854.htm,read,上海立信会计金融学院章程,2026-10-01,
4131011047,上海立信会计金融学院,visual,https://www.lixin.edu.cn/hjgk/hjbs/46853.htm,,access_limited,,2026-10-01,timeout
4131011047,上海立信会计金融学院,history,https://www.lixin.edu.cn/hjgk/lsyg/46851.htm,,access_limited,,2026-10-01,timeout
4131011047,上海立信会计金融学院,english,http://en.lixin.edu.cn/,,access_limited,,2026-10-01,timeout
4131011047,上海立信会计金融学院,navigation,https://xww.lixin.edu.cn/yw/wb/159244.htm,https://xww.lixin.edu.cn/yw/wb/159244.htm,read,2026年红丝带青春校园行首站活动走进我校,2026-10-01,
4131011047,上海立信会计金融学院,english,https://en.lixin.edu.cn/,,access_limited,,2026-10-01,HTTPError
4131011047,上海立信会计金融学院,overview,https://www.lixin.edu.cn/info/iIndex.jsp?cat_id=12654,,access_limited,,2026-10-01,timeout
4131011047,上海立信会计金融学院,charter,https://www.lixin.edu.cn/hjgk/hjzc/46854.htm,,access_limited,,2026-10-01,timeout
4131011047,上海立信会计金融学院,overview,https://www.lixin.edu.cn/hjgk/hjjg/46836.htm,https://www.lixin.edu.cn/hjgk/hjjg/46836.htm,read,学校简介,2026-10-01,
4131011458,上海电机学院,homepage,https://www.sdju.edu.cn,https://www.sdju.edu.cn,read,上海电机学院,2026-10-01,
4131011458,上海电机学院,overview,https://www.sdju.edu.cn/xxjj/list.htm,https://www.sdju.edu.cn/xxjj/list.htm,read,学校简介,2026-10-01,
4131011458,上海电机学院,charter,https://www.sdju.edu.cn/xxzc/list.htm,https://www.sdju.edu.cn/xxzc/list.htm,read,学校章程,2026-10-01,
4131011458,上海电机学院,visual,https://www.sdju.edu.cn/xxbs/list.htm,https://www.sdju.edu.cn/xxbs/list.htm,read,学校标识,2026-10-01,
4131011458,上海电机学院,history,https://www.sdju.edu.cn/xsyg/list.htm,https://www.sdju.edu.cn/xsyg/list.htm,read,历史沿革,2026-10-01,
4131011458,上海电机学院,overview,https://www.sdju.edu.cn/xxgk_7097/list.htm,https://www.sdju.edu.cn/xxgk_7097/list.htm,read,学校简介,2026-10-01,
4131011458,上海电机学院,visual,https://www.sdju.edu.cn/_upload/article/files/d5/ee/44c7b7be40d0bdfd99d14b8dae32/50b586d2-1fad-4971-82dd-7f2323301074.pdf,,access_limited,,2026-10-01,ValueError
4131011458,上海电机学院,charter,https://www.sdju.edu.cn/xxzc/list.htm,https://www.sdju.edu.cn/xxzc/list.htm,read,学校章程,2026-10-01,
4131011458,上海电机学院,overview,https://www.sdju.edu.cn/xxjj/list.htm,https://www.sdju.edu.cn/xxjj/list.htm,read,学校简介,2026-10-01,
4131011458,上海电机学院,overview,https://www.sdju.edu.cn/xxgk_7097/list.htm,https://www.sdju.edu.cn/xxgk_7097/list.htm,read,学校简介,2026-10-01,
4131011458,上海电机学院,history,https://www.sdju.edu.cn/xsyg/list.htm,https://www.sdju.edu.cn/xsyg/list.htm,read,历史沿革,2026-10-01,
4131011835,上海政法学院,homepage,http://int.shupl.edu.cn/english/main.psp,,fetch_error,,2026-10-01,URLError
4131011835,上海政法学院,overview,https://www.shupl.edu.cn/,https://www.shupl.edu.cn/,read,上海政法学院,2026-10-01,
4131011835,上海政法学院,overview,https://www.shupl.edu.cn/main.htm,https://www.shupl.edu.cn/main.htm,read,上海政法学院,2026-10-01,
4131011835,上海政法学院,overview,https://www.shupl.edu.cn/1232/list.htm,https://www.shupl.edu.cn/1232/list.htm,read,校史校情,2026-10-01,
4131011835,上海政法学院,navigation,https://xxgk.shupl.edu.cn/,https://xxgk.shupl.edu.cn/,read,信息公开,2026-10-01,
4131011835,上海政法学院,overview,https://www.shupl.edu.cn/,https://www.shupl.edu.cn/,read,上海政法学院,2026-10-01,
4131011835,上海政法学院,overview,https://www.shupl.edu.cn/main.htm,https://www.shupl.edu.cn/main.htm,read,上海政法学院,2026-10-01,
4131011835,上海政法学院,overview,https://www.shupl.edu.cn/1232/list.htm,https://www.shupl.edu.cn/1232/list.htm,read,校史校情,2026-10-01,
4131012044,上海第二工业大学,homepage,http://www.sspu.edu.cn/,,fetch_error,,2026-10-01,timeout
4131012044,上海第二工业大学,overview,https://www.sspu.edu.cn/,,access_limited,,2026-10-01,URLError
4131012044,上海第二工业大学,overview,https://www.shems.edu.cn/hjyw/227219.htm,https://www.shems.edu.cn/hjyw/227219.htm,read,上海第二工业大学副校长谢华清教授在学校建校二十九周年庆祝大会上的讲话,2026-10-01,
4131012044,上海第二工业大学,overview,https://edu.sh.gov.cn/attach/czzj/0831_17egd.pdf,https://edu.sh.gov.cn/attach/czzj/0831_17egd.pdf,read,,2026-10-01,
4131012050,上海商学院,homepage,http://www.sbs.edu.cn/en/,,fetch_error,,2026-10-01,HTTPError
4131012050,上海商学院,overview,https://www.sbs.edu.cn/,https://www.sbs.edu.cn/,read,上海商学院,2026-10-01,
4131012050,上海商学院,overview,https://www.sbs.edu.cn/xygk/xx/index.htm,https://www.sbs.edu.cn/xygk/xx/index.htm,read,上海商学院,2026-10-01,
4131012050,上海商学院,overview,https://www.sbs.edu.cn/,https://www.sbs.edu.cn/,read,上海商学院,2026-10-01,
4131012050,上海商学院,overview,https://www.sbs.edu.cn/xygk/xx/index.htm,https://www.sbs.edu.cn/xygk/xx/index.htm,read,上海商学院,2026-10-01,
4131014423,上海科技大学,homepage,https://www.shanghaitech.edu.cn,https://www.shanghaitech.edu.cn,read,上海科技大学,2026-10-01,
4131014423,上海科技大学,overview,http://www.shanghaitech.edu.cn/1054/main.htm,https://www.shanghaitech.edu.cn/1054/main.htm,read,上海科技大学,2026-10-01,
4131014423,上海科技大学,overview,https://www.shanghaitech.edu.cn/1054/main.htm,https://www.shanghaitech.edu.cn/1054/main.htm,read,上海科技大学,2026-10-01,
4131014423,上海科技大学,overview,https://www.shanghaitech.edu.cn/1054/main.htm,https://www.shanghaitech.edu.cn/1054/main.htm,read,上海科技大学,2026-10-01,
4131016404,上海纽约大学,homepage,https://www.shnyu.edu.cn/cn,,access_limited,,2026-10-01,URLError
4131016404,上海纽约大学,overview,https://www.shnyu.edu.cn/cn/page/guan-yu-wo-men,,access_limited,,2026-10-01,URLError
4132010284,南京大学,homepage,https://www.nju.edu.cn/,https://www.nju.edu.cn/,read,南京大学,2026-10-01,
4132010284,南京大学,visual,https://120.nju.edu.cn/DFS/file/2022/03/17/20220317171613872bmrwev.pdf,https://120.nju.edu.cn/DFS/file/2022/03/17/20220317171613872bmrwev.pdf,read,,2026-10-01,
4132010284,南京大学,history,https://dawww.nju.edu.cn/,https://dawww.nju.edu.cn/,read,南京大学档案馆,2026-10-01,
4132010284,南京大学,english,http://www.nju.edu.cn/en,https://www.nju.edu.cn/en/,read,Nanjing University,2026-10-01,
4132010284,南京大学,english,https://www.nju.edu.cn/en/Admission.htm,https://www.nju.edu.cn/en/Admission.htm,read,Admissions-Nanjing University,2026-10-01,
4132010284,南京大学,history,https://dawww.nju.edu.cn/,https://dawww.nju.edu.cn/,read,南京大学档案馆,2026-10-01,
4132010285,苏州大学,homepage,http://www.suda.edu.cn/,http://www.suda.edu.cn/,read,==欢迎访问苏州大学网站==,2026-10-01,
4132010285,苏州大学,overview,http://www.suda.edu.cn/general_situation/xxjj.jsp,http://www.suda.edu.cn/general_situation/xxjj.jsp,read,==欢迎访问苏州大学网站==,2026-10-01,
4132010285,苏州大学,visual,http://www.suda.edu.cn/commonality_service/xywh.jsp,http://www.suda.edu.cn/commonality_service/xywh.jsp,read,==欢迎访问苏州大学网站==,2026-10-01,
4132010285,苏州大学,english,http://eng.suda.edu.cn,http://eng.suda.edu.cn,read,Soochow University,2026-10-01,
4132010285,苏州大学,navigation,http://www.suda.edu.cn/suda_news/sdsy/index.html,http://www.suda.edu.cn/suda_news/sdsy/index.html,read,==欢迎访问苏州大学网站==,2026-10-01,
4132010285,苏州大学,overview,http://www.suda.edu.cn/general_situation/xzzc.jsp,http://www.suda.edu.cn/general_situation/xzzc.jsp,read,==欢迎访问苏州大学网站==,2026-10-01,
4132010285,苏州大学,overview,http://www.suda.edu.cn/general_situation/xxjj.jsp,http://www.suda.edu.cn/general_situation/xxjj.jsp,read,==欢迎访问苏州大学网站==,2026-10-01,
4132010285,苏州大学,overview,http://www.suda.edu.cn/general_situation/xzzc.jsp,http://www.suda.edu.cn/general_situation/xzzc.jsp,read,==欢迎访问苏州大学网站==,2026-10-01,
4132010286,东南大学,homepage,https://www.seu.edu.cn/,https://www.seu.edu.cn/,read,东南大学-Southeast University,2026-10-01,
4132010286,东南大学,overview,https://www.seu.edu.cn/28443/list.htm,https://www.seu.edu.cn/28443/list.htm,read,学校简介 - 东南大学,2026-10-01,
4132010286,东南大学,visual,https://www.seu.edu.cn/bsxtwxw/list.htm,https://www.seu.edu.cn/bsxtwxw/list.htm,insufficient_text,标识系统 - 东南大学,2026-10-01,
4132010286,东南大学,visual,https://www.seu.edu.cn/xh/list.htm,https://www.seu.edu.cn/xh/list.htm,read,校徽 - 东南大学,2026-10-01,
4132010286,东南大学,culture,https://www.seu.edu.cn/xg/list.htm,https://www.seu.edu.cn/xg/list.htm,read,校歌 - 东南大学,2026-10-01,
4132010286,东南大学,history,https://www.seu.edu.cn/28444/list.htm,https://www.seu.edu.cn/28444/list.htm,read,历史沿革 - 东南大学,2026-10-01,
4132010286,东南大学,english,https://www.seu.edu.cn/english/main.htm,https://www.seu.edu.cn/english/main.htm,read,English,2026-10-01,
4132010286,东南大学,overview,http://www.seu.edu.cn/28443/list.htm,,access_limited,,2026-10-01,HTTPError
4132010286,东南大学,culture,https://www.seu.edu.cn/xx/list.htm,https://www.seu.edu.cn/xx/list.htm,read,校训 - 东南大学,2026-10-01,
4132010286,东南大学,visual,http://www.seu.edu.cn/2023/0527/c47318a446808/page.htm,,access_limited,,2026-10-01,HTTPError
4132010286,东南大学,overview,https://www.seu.edu.cn/28443/list.htm,https://www.seu.edu.cn/28443/list.htm,read,学校简介 - 东南大学,2026-10-01,
4132010286,东南大学,history,https://www.seu.edu.cn/28444/list.htm,https://www.seu.edu.cn/28444/list.htm,read,历史沿革 - 东南大学,2026-10-01,
4132010286,东南大学,culture,https://www.seu.edu.cn/xg/list.htm,https://www.seu.edu.cn/xg/list.htm,read,校歌 - 东南大学,2026-10-01,
4132010286,东南大学,culture,https://www.seu.edu.cn/xx/list.htm,https://www.seu.edu.cn/xx/list.htm,read,校训 - 东南大学,2026-10-01,
4132010287,南京航空航天大学,homepage,https://www.nuaa.edu.cn,https://www.nuaa.edu.cn,read,南京航空航天大学,2026-10-01,
4132010287,南京航空航天大学,charter,https://www.nuaa.edu.cn/19206/list.htm,https://www.nuaa.edu.cn/19206/list.htm,read,大学章程,2026-10-01,
4132010287,南京航空航天大学,visual,http://newsweb.nuaa.edu.cn/2025/0304/c737a368777/page.htm,,access_limited,,2026-10-01,HTTPError
4132010287,南京航空航天大学,culture,http://news.nuaa.edu.cn/2025/0304/c737a368777/page.htm,,access_limited,,2026-10-01,HTTPError
4132010287,南京航空航天大学,english,https://en.nuaa.edu.cn/,https://en.nuaa.edu.cn/,read,Nanjing University of Aeronautics and Astronautics,2026-10-01,
4132010287,南京航空航天大学,charter,https://www.nuaa.edu.cn/19206/list.htm,https://www.nuaa.edu.cn/19206/list.htm,read,大学章程,2026-10-01,
4132010288,南京理工大学,homepage,http://www.njust.edu.cn/,,title_mismatch,,2026-10-01,
4132010289,江苏科技大学,homepage,https://www.just.edu.cn/,https://www.just.edu.cn/,read,江苏科技大学,2026-10-01,
4132010289,江苏科技大学,overview,https://www.just.edu.cn/11991/list.htm,https://www.just.edu.cn/11991/list.htm,read,学校简介,2026-10-01,
4132010289,江苏科技大学,charter,https://www.just.edu.cn/11995/list.htm,https://www.just.edu.cn/11995/list.htm,read,大学章程,2026-10-01,
4132010289,江苏科技大学,visual,https://www.just.edu.cn/11990/list.htm,https://www.just.edu.cn/11990/list.htm,read,校标校训,2026-10-01,
4132010289,江苏科技大学,culture,https://www.just.edu.cn/12023/list.htm,https://www.just.edu.cn/12023/list.htm,read,校歌,2026-10-01,
4132010289,江苏科技大学,history,https://www.just.edu.cn/11992/list.htm,https://www.just.edu.cn/11992/list.htm,read,校史沿革,2026-10-01,
4132010289,江苏科技大学,navigation,https://www.just.edu.cn/2026/0922/c11968a377625/page.htm,https://www.just.edu.cn/2026/0922/c11968a377625/page.htm,read,一场招聘会，两季育人课——福建船舶工业集团专场招聘走进我校,2026-10-01,
4132010289,江苏科技大学,overview,https://www.just.edu.cn/11982/list.htm,https://www.just.edu.cn/11982/list.htm,read,学校简介,2026-10-01,
4132010289,江苏科技大学,visual,https://www.just.edu.cn/12022/list.htm,https://www.just.edu.cn/12022/list.htm,read,校标校训,2026-10-01,
4132010289,江苏科技大学,navigation,https://www.just.edu.cn/2026/0905/c11968a376803/page.htm,https://www.just.edu.cn/2026/0905/c11968a376803/page.htm,read,满“新”欢喜 我校迎来2026级新同学,2026-10-01,
4132010289,江苏科技大学,charter,https://www.just.edu.cn/11995/list.htm,https://www.just.edu.cn/11995/list.htm,read,大学章程,2026-10-01,
4132010289,江苏科技大学,overview,https://www.just.edu.cn/11991/list.htm,https://www.just.edu.cn/11991/list.htm,read,学校简介,2026-10-01,
4132010289,江苏科技大学,overview,https://www.just.edu.cn/11982/list.htm,https://www.just.edu.cn/11982/list.htm,read,学校简介,2026-10-01,
4132010289,江苏科技大学,history,https://www.just.edu.cn/11992/list.htm,https://www.just.edu.cn/11992/list.htm,read,校史沿革,2026-10-01,
4132010289,江苏科技大学,culture,https://www.just.edu.cn/12023/list.htm,https://www.just.edu.cn/12023/list.htm,read,校歌,2026-10-01,
4132010290,中国矿业大学,homepage,https://www.cumt.edu.cn/,https://www.cumt.edu.cn/,read,中国矿业大学,2026-10-01,
4132010290,中国矿业大学,overview,https://www.cumt.edu.cn/xxgk/xxjj.htm,https://www.cumt.edu.cn/xxgk/xxjj.htm,read,学校简介-中国矿业大学,2026-10-01,
4132010290,中国矿业大学,visual,https://www.cumt.edu.cn/xxgk/xywh/xyjs.htm,https://www.cumt.edu.cn/xxgk/xywh/xyjs.htm,read,校园精神-中国矿业大学,2026-10-01,
4132010290,中国矿业大学,culture,https://www.cumt.edu.cn/xxgk/kdzc1/xywhybs.htm,https://www.cumt.edu.cn/xxgk/kdzc1/xywhybs.htm,read,校园文化与标识-中国矿业大学,2026-10-01,
4132010290,中国矿业大学,history,https://www.cumt.edu.cn/xxgk/lsyg.htm,https://www.cumt.edu.cn/xxgk/lsyg.htm,read,历史沿革-中国矿业大学,2026-10-01,
4132010290,中国矿业大学,visual,https://vis.cumt.edu.cn/,https://vis.cumt.edu.cn/system/resource/code/auth/ipauth.htm,insufficient_text,Error 403,2026-10-01,
4132010290,中国矿业大学,overview,https://www.cumt.edu.cn/xxgk/xxjj.htm,https://www.cumt.edu.cn/xxgk/xxjj.htm,read,学校简介-中国矿业大学,2026-10-01,
4132010290,中国矿业大学,history,https://www.cumt.edu.cn/xxgk/lsyg.htm,https://www.cumt.edu.cn/xxgk/lsyg.htm,read,历史沿革-中国矿业大学,2026-10-01,
4132010290,中国矿业大学,culture,https://www.cumt.edu.cn/xxgk/kdzc1/xywhybs.htm,https://www.cumt.edu.cn/xxgk/kdzc1/xywhybs.htm,read,校园文化与标识-中国矿业大学,2026-10-01,
4132010291,南京工业大学,homepage,https://www.njtech.edu.cn,https://www.njtech.edu.cn,read,南京工业大学,2026-10-01,
4132010291,南京工业大学,overview,https://www.njtech.edu.cn/xxgk/xxjj.htm,https://www.njtech.edu.cn/xxgk/xxjj.htm,read,学校简介-南京工业大学,2026-10-01,
4132010291,南京工业大学,history,https://www.njtech.edu.cn/xxgk/lsyg.htm,https://www.njtech.edu.cn/xxgk/lsyg.htm,read,历史沿革-南京工业大学,2026-10-01,
4132010291,南京工业大学,english,http://en.njtech.edu.cn/,https://en.njtech.edu.cn/,read,南京工业大学主页英文版,2026-10-01,
4132010291,南京工业大学,overview,https://www.njtech.edu.cn/xxgk/xxjj.htm,https://www.njtech.edu.cn/xxgk/xxjj.htm,read,学校简介-南京工业大学,2026-10-01,
4132010291,南京工业大学,history,https://www.njtech.edu.cn/xxgk/lsyg.htm,https://www.njtech.edu.cn/xxgk/lsyg.htm,read,历史沿革-南京工业大学,2026-10-01,
4132010292,常州大学,homepage,https://www.cczu.edu.cn/,https://www.cczu.edu.cn/,read,常州大学,2026-10-01,
4132010292,常州大学,overview,https://www.cczu.edu.cn/10287/list.htm,https://www.cczu.edu.cn/10287/list.htm,read,学校简介,2026-10-01,
4132010292,常州大学,visual,https://www.cczu.edu.cn/xywh/list.htm,https://www.cczu.edu.cn/xywh/list.htm,read,标识系统,2026-10-01,
4132010292,常州大学,culture,https://www.cczu.edu.cn/22852/list.htm,https://www.cczu.edu.cn/22852/list.htm,read,校训,2026-10-01,
4132010292,常州大学,history,https://www.cczu.edu.cn/lsyg/list.htm,https://www.cczu.edu.cn/lsyg/list.htm,read,1978年3月,2026-10-01,
4132010292,常州大学,navigation,http://news.cczu.edu.cn/2026/0922/c6620a422505/page.htm,https://news.cczu.edu.cn/2026/0922/c6620a422505/page.htm,read,中国石油走进常州大学举办2026年秋季校园招聘宣讲会,2026-10-01,
4132010292,常州大学,visual,https://www.cczu.edu.cn/2016/0115/c10291a130708/page.htm,https://www.cczu.edu.cn/2016/0115/c10291a130708/page.htm,read,校标,2026-10-01,
4132010292,常州大学,charter,https://www.cczu.edu.cn/czdxzc/list.htm,https://www.cczu.edu.cn/czdxzc/list.htm,read,常州大学章程,2026-10-01,
4132010292,常州大学,culture,https://www.cczu.edu.cn/2026/0915/c10364a421876/page.htm,https://www.cczu.edu.cn/2026/0915/c10364a421876/page.htm,read,江苏教育厅官网：常州大学精心打造新生入学“第一课”,2026-10-01,
4132010292,常州大学,history,http://news.cczu.edu.cn/2026/0920/c6620a422479/page.htm,https://news.cczu.edu.cn/2026/0920/c6620a422479/page.htm,read,泰兴市来校洽谈校地合作 共促毕业生引才就业,2026-10-01,
4132010292,常州大学,charter,https://www.cczu.edu.cn/czdxzc/list.htm,https://www.cczu.edu.cn/czdxzc/list.htm,read,常州大学章程,2026-10-01,
4132010292,常州大学,overview,https://www.cczu.edu.cn/10287/list.htm,https://www.cczu.edu.cn/10287/list.htm,read,学校简介,2026-10-01,
4132010292,常州大学,history,https://www.cczu.edu.cn/lsyg/list.htm,https://www.cczu.edu.cn/lsyg/list.htm,read,1978年3月,2026-10-01,
4132010292,常州大学,history,https://news.cczu.edu.cn/2026/0920/c6620a422479/page.htm,https://news.cczu.edu.cn/2026/0920/c6620a422479/page.htm,read,泰兴市来校洽谈校地合作 共促毕业生引才就业,2026-10-01,
4132010292,常州大学,culture,https://www.cczu.edu.cn/22852/list.htm,https://www.cczu.edu.cn/22852/list.htm,read,校训,2026-10-01,
4132010293,南京邮电大学,homepage,http://www.njupt.edu.cn/en/,,access_limited,,2026-10-01,timeout
4132010294,河海大学,homepage,https://www.hhu.edu.cn/,https://www.hhu.edu.cn/,read,河海大学-Hohai University,2026-10-01,
4132010294,河海大学,overview,https://www.hhu.edu.cn/xxjj_23318/list.htm,https://www.hhu.edu.cn/xxjj_23318/list.htm,read,学校简介,2026-10-01,
4132010294,河海大学,charter,https://www.hhu.edu.cn/dxzc/list.htm,https://www.hhu.edu.cn/dxzc/list.htm,read,大学章程,2026-10-01,
4132010294,河海大学,visual,https://www.hhu.edu.cn/23385/list.htm#xy1,https://www.hhu.edu.cn/23385/list.htm#xy1,read,校园文化,2026-10-01,
4132010294,河海大学,culture,https://www.hhu.edu.cn/23385/list.htm,https://www.hhu.edu.cn/23385/list.htm,read,校园文化,2026-10-01,
4132010294,河海大学,visual,https://www.hhu.edu.cn/2026/0915/c23636a334938/page.htm,https://www.hhu.edu.cn/2026/0915/c23636a334938/page.htm,read,河海大学举行2026级研究生开学典礼,2026-10-01,
4132010294,河海大学,charter,https://www.hhu.edu.cn/dxzc/list.htm,https://www.hhu.edu.cn/dxzc/list.htm,read,大学章程,2026-10-01,
4132010294,河海大学,overview,https://www.hhu.edu.cn/xxjj_23318/list.htm,https://www.hhu.edu.cn/xxjj_23318/list.htm,read,学校简介,2026-10-01,
4132010294,河海大学,culture,https://www.hhu.edu.cn/23385/list.htm,https://www.hhu.edu.cn/23385/list.htm,read,校园文化,2026-10-01,
4132010295,江南大学,homepage,https://www.jiangnan.edu.cn/,https://www.jiangnan.edu.cn/,read,江南大学主页资源 2,2026-10-01,
4132010295,江南大学,overview,https://www.jiangnan.edu.cn/xxgk/xxjj.htm,https://www.jiangnan.edu.cn/xxgk/xxjj.htm,read,学校简介-江南大学主页,2026-10-01,
4132010295,江南大学,charter,https://www.jiangnan.edu.cn/xxgk/xxzc.htm,https://www.jiangnan.edu.cn/xxgk/xxzc.htm,read,学校章程-江南大学主页,2026-10-01,
4132010295,江南大学,visual,https://www.jiangnan.edu.cn/xxgk/xxbs1.htm,https://www.jiangnan.edu.cn/xxgk/xxbs1.htm,read,学校标识-江南大学主页,2026-10-01,
4132010295,江南大学,culture,https://www.jiangnan.edu.cn/info/1906/11172.htm,https://www.jiangnan.edu.cn/info/1906/11172.htm,read,江南大学校训-江南大学主页,2026-10-01,
4132010295,江南大学,history,https://www.jiangnan.edu.cn/xxgk/lsyg.htm,https://www.jiangnan.edu.cn/xxgk/lsyg.htm,read,历史沿革-江南大学主页,2026-10-01,
4132010295,江南大学,english,https://english.jiangnan.edu.cn/,https://english.jiangnan.edu.cn/,read,Jiangnan University,2026-10-01,
4132010295,江南大学,navigation,http://news.jiangnan.edu.cn/info/1081/110498.htm,https://news.jiangnan.edu.cn/info/1081/110498.htm,read,孟加拉国权威媒体《Textile Today》走进江南大学纺织科学与工程学院：深度调研产教融合与人才培养，向全球读者讲述中国纺织教育故事-江南大学新闻网,2026-10-01,
4132010295,江南大学,visual,https://www.jiangnan.edu.cn/info/1472/11267.htm,https://www.jiangnan.edu.cn/info/1472/11267.htm,read,学校标识-江南大学主页,2026-10-01,
4132010295,江南大学,culture,https://www.jiangnan.edu.cn/info/1906/11173.htm,https://www.jiangnan.edu.cn/info/1906/11173.htm,read,江南大学校歌-江南大学主页,2026-10-01,
4132010295,江南大学,charter,https://www.jiangnan.edu.cn/xxgk/xxzc.htm,https://www.jiangnan.edu.cn/xxgk/xxzc.htm,read,学校章程-江南大学主页,2026-10-01,
4132010295,江南大学,overview,https://www.jiangnan.edu.cn/xxgk/xxjj.htm,https://www.jiangnan.edu.cn/xxgk/xxjj.htm,read,学校简介-江南大学主页,2026-10-01,
4132010295,江南大学,history,https://www.jiangnan.edu.cn/xxgk/lsyg.htm,https://www.jiangnan.edu.cn/xxgk/lsyg.htm,read,历史沿革-江南大学主页,2026-10-01,
4132010295,江南大学,culture,https://www.jiangnan.edu.cn/info/1906/11172.htm,https://www.jiangnan.edu.cn/info/1906/11172.htm,read,江南大学校训-江南大学主页,2026-10-01,
4132010295,江南大学,culture,https://www.jiangnan.edu.cn/info/1906/11173.htm,https://www.jiangnan.edu.cn/info/1906/11173.htm,read,江南大学校歌-江南大学主页,2026-10-01,
4132010298,南京林业大学,homepage,https://www.njfu.edu.cn/,https://www.njfu.edu.cn/,read,南京林业大学,2026-10-01,
4132010298,南京林业大学,overview,http://www.njfu.edu.cn/nlgk/xxjj/index.html,https://www.njfu.edu.cn/nlgk/xxjj/index.html,read,学校简介-南京林业大学,2026-10-01,
4132010298,南京林业大学,visual,http://www.njfu.edu.cn/xywh/xh/index.html,https://www.njfu.edu.cn/xywh/xh/index.html,read,校徽-南京林业大学,2026-10-01,
4132010298,南京林业大学,culture,http://www.njfu.edu.cn/xywh/xx/index.html,https://www.njfu.edu.cn/xywh/xx/index.html,read,校训-南京林业大学,2026-10-01,
4132010298,南京林业大学,history,http://www.njfu.edu.cn/nlgk/lsyg/index.html,https://www.njfu.edu.cn/nlgk/lsyg/index.html,read,历史沿革-南京林业大学,2026-10-01,
4132010298,南京林业大学,english,https://eng.njfu.edu.cn/,https://eng.njfu.edu.cn/,read,Nanjing Forestry Univeristy,2026-10-01,
4132010298,南京林业大学,visual,http://www.njfu.edu.cn/xywh/bzs/index.html,https://www.njfu.edu.cn/xywh/bzs/index.html,read,标准色-南京林业大学,2026-10-01,
4132010298,南京林业大学,culture,http://www.njfu.edu.cn/xywh/xg/index.html,https://www.njfu.edu.cn/xywh/xg/index.html,read,校歌-南京林业大学,2026-10-01,
4132010298,南京林业大学,visual,https://www.njfu.edu.cn/uploads/vi/01.ai,https://www.njfu.edu.cn/uploads/vi/01.ai,insufficient_text,,2026-10-01,
4132010298,南京林业大学,overview,https://www.njfu.edu.cn/nlgk/xxjj/index.html,https://www.njfu.edu.cn/nlgk/xxjj/index.html,read,学校简介-南京林业大学,2026-10-01,
4132010298,南京林业大学,history,https://www.njfu.edu.cn/nlgk/lsyg/index.html,https://www.njfu.edu.cn/nlgk/lsyg/index.html,read,历史沿革-南京林业大学,2026-10-01,
4132010298,南京林业大学,culture,https://www.njfu.edu.cn/xywh/xx/index.html,https://www.njfu.edu.cn/xywh/xx/index.html,read,校训-南京林业大学,2026-10-01,
4132010298,南京林业大学,culture,https://www.njfu.edu.cn/xywh/xg/index.html,https://www.njfu.edu.cn/xywh/xg/index.html,read,校歌-南京林业大学,2026-10-01,
4132010299,江苏大学,homepage,https://www.ujs.edu.cn,https://www.ujs.edu.cn,read,江苏大学欢迎您！,2026-10-01,
4132010299,江苏大学,overview,https://www.ujs.edu.cn/xxgk/xxgk.htm,https://www.ujs.edu.cn/xxgk/xxgk.htm,read,学校概况-江苏大学欢迎您！,2026-10-01,
4132010299,江苏大学,visual,https://www.ujs.edu.cn/xxgk/xxbs.htm,https://www.ujs.edu.cn/xxgk/xxbs.htm,read,学校标识-江苏大学欢迎您！,2026-10-01,
4132010299,江苏大学,history,https://www.ujs.edu.cn/xxgk/xsyg.htm,https://www.ujs.edu.cn/xxgk/xsyg.htm,read,校史沿革-江苏大学欢迎您！,2026-10-01,
4132010299,江苏大学,english,http://eng.ujs.edu.cn/,https://eng.ujs.edu.cn/,read,Home--Jiangsu University,2026-10-01,
4132010299,江苏大学,navigation,https://www.ujs.edu.cn/info/1063/215122.htm,https://www.ujs.edu.cn/info/1063/215122.htm,read,农民日报：江苏大学毕业生锚定“三农”一线——投身到田野　练出真本领-江苏大学欢迎您！,2026-10-01,
4132010299,江苏大学,overview,https://www.ujs.edu.cn/xxgk/xxgk.htm,https://www.ujs.edu.cn/xxgk/xxgk.htm,read,学校概况-江苏大学欢迎您！,2026-10-01,
4132010299,江苏大学,history,https://www.ujs.edu.cn/xxgk/xsyg.htm,https://www.ujs.edu.cn/xxgk/xsyg.htm,read,校史沿革-江苏大学欢迎您！,2026-10-01,
4132010300,南京信息工程大学,homepage,http://www.nuist.edu.cn,https://www.nuist.edu.cn/,read,南京信息工程大学,2026-10-01,
4132010300,南京信息工程大学,overview,http://www.nuist.edu.cn/xxgk/xxjj.htm,https://www.nuist.edu.cn/xxgk/xxjj.htm,read,学校简介-南京信息工程大学,2026-10-01,
4132010300,南京信息工程大学,charter,https://www.nuist.edu.cn/xxgk/xxzc1.htm,https://www.nuist.edu.cn/xxgk/xxzc1.htm,read,学校章程-南京信息工程大学,2026-10-01,
4132010300,南京信息工程大学,navigation,http://news.nuist.edu.cn/info/1007/130846.htm,https://news.nuist.edu.cn/info/1007/130846.htm,read,云端思政课：走进大学里的“大学”-天际新闻网,2026-10-01,
4132010300,南京信息工程大学,overview,https://www.nuist.edu.cn/xxgk.htm,https://www.nuist.edu.cn/xxgk.htm,read,学校概况-南京信息工程大学,2026-10-01,
4132010300,南京信息工程大学,charter,https://www.nuist.edu.cn/system/_content/download.jsp?urltype=news.DownloadAttachUrl&owner=2033857430&wbfileid=14705184,,access_limited,,2026-10-01,ValueError
4132010300,南京信息工程大学,charter,https://www.nuist.edu.cn/system/_content/download.jsp?urltype=news.DownloadAttachUrl&owner=2033857430&wbfileid=14705180,,access_limited,,2026-10-01,ValueError
4132010300,南京信息工程大学,overview,https://www.nuist.edu.cn/xxgk/xxjj.htm,https://www.nuist.edu.cn/xxgk/xxjj.htm,read,学校简介-南京信息工程大学,2026-10-01,
4132010300,南京信息工程大学,charter,https://www.nuist.edu.cn/xxgk/xxzc1.htm,https://www.nuist.edu.cn/xxgk/xxzc1.htm,read,学校章程-南京信息工程大学,2026-10-01,
4132010300,南京信息工程大学,overview,https://www.nuist.edu.cn/xxgk.htm,https://www.nuist.edu.cn/xxgk.htm,read,学校概况-南京信息工程大学,2026-10-01,
4132010300,南京信息工程大学,overview,https://www.nuist.edu.cn/xxgk/xxjj.htm,https://www.nuist.edu.cn/xxgk/xxjj.htm,read,学校简介-南京信息工程大学,2026-10-01,
4132010304,南通大学,homepage,https://www.ntu.edu.cn/,https://www.ntu.edu.cn/,read,南通大学,2026-10-01,
4132010304,南通大学,overview,https://www.ntu.edu.cn/xxjj/list.htm,https://www.ntu.edu.cn/xxjj/list.htm,read,学校简介,2026-10-01,
4132010304,南通大学,charter,https://www.ntu.edu.cn/ntdxzc/list.htm,https://www.ntu.edu.cn/ntdxzc/list.htm,read,南通大学章程,2026-10-01,
4132010304,南通大学,culture,http://news.ntu.edu.cn/2026/0924/c9a299643/page.htm,https://news.ntu.edu.cn/2026/0924/c9a299643/page.htm,read,我校举行2026级国际学生开学典礼暨入学教育讲座,2026-10-01,
4132010304,南通大学,history,http://news.ntu.edu.cn/2026/0922/c9a299464/page.htm,https://news.ntu.edu.cn/2026/0922/c9a299464/page.htm,read,我校举行升国旗仪式暨“开学第一课”,2026-10-01,
4132010304,南通大学,overview,https://www.ntu.edu.cn/xxgk/list.htm,https://www.ntu.edu.cn/xxgk/list.htm,read,南通大学章程,2026-10-01,
4132010304,南通大学,charter,https://www.ntu.edu.cn/ntdxzc/list.htm,https://www.ntu.edu.cn/ntdxzc/list.htm,read,南通大学章程,2026-10-01,
4132010304,南通大学,overview,https://www.ntu.edu.cn/xxjj/list.htm,https://www.ntu.edu.cn/xxjj/list.htm,read,学校简介,2026-10-01,
4132010304,南通大学,overview,https://www.ntu.edu.cn/xxgk/list.htm,https://www.ntu.edu.cn/xxgk/list.htm,read,南通大学章程,2026-10-01,
4132010304,南通大学,history,https://news.ntu.edu.cn/2026/0922/c9a299464/page.htm,https://news.ntu.edu.cn/2026/0922/c9a299464/page.htm,read,我校举行升国旗仪式暨“开学第一课”,2026-10-01,
4132010304,南通大学,culture,https://news.ntu.edu.cn/2026/0924/c9a299643/page.htm,https://news.ntu.edu.cn/2026/0924/c9a299643/page.htm,read,我校举行2026级国际学生开学典礼暨入学教育讲座,2026-10-01,
4132010305,盐城工学院,homepage,https://www.ycit.edu.cn/,https://www.ycit.edu.cn/,read,盐城工学院 - YANCHENG INSTITUTE OF TECHNOLOGY 厚德格致 笃学重行,2026-10-01,
4132010305,盐城工学院,overview,https://www.ycit.edu.cn/xxgk/xxjs.htm,https://www.ycit.edu.cn/xxgk/xxjs.htm,read,学校介绍-盐城工学院 - YANCHENG INSTITUTE OF TECHNOLOGY 厚德格致 笃学重行,2026-10-01,
4132010305,盐城工学院,charter,https://www.ycit.edu.cn/dxwh/xxzc.htm,https://www.ycit.edu.cn/dxwh/xxzc.htm,read,学校章程-盐城工学院 - YANCHENG INSTITUTE OF TECHNOLOGY 厚德格致 笃学重行,2026-10-01,
4132010305,盐城工学院,culture,https://www.ycit.edu.cn/dxwh/xg.htm,https://www.ycit.edu.cn/dxwh/xg.htm,read,校歌-盐城工学院 - YANCHENG INSTITUTE OF TECHNOLOGY 厚德格致 笃学重行,2026-10-01,
4132010305,盐城工学院,history,https://www.ycit.edu.cn/xxgk/lsyg.htm,https://www.ycit.edu.cn/xxgk/lsyg.htm,read,历史沿革-盐城工学院 - YANCHENG INSTITUTE OF TECHNOLOGY 厚德格致 笃学重行,2026-10-01,
4132010305,盐城工学院,charter,https://www.ycit.edu.cn/info/1042/6422.htm,https://www.ycit.edu.cn/info/1042/6422.htm,read,盐城工学院章程-盐城工学院 - YANCHENG INSTITUTE OF TECHNOLOGY 厚德格致 笃学重行,2026-10-01,
4132010305,盐城工学院,culture,https://www.ycit.edu.cn/dxwh/xx1.htm,https://www.ycit.edu.cn/dxwh/xx1.htm,read,校训-盐城工学院 - YANCHENG INSTITUTE OF TECHNOLOGY 厚德格致 笃学重行,2026-10-01,
4132010305,盐城工学院,history,https://www.ycit.edu.cn/info/1018/6438.htm,https://www.ycit.edu.cn/info/1018/6438.htm,read,历史沿革-盐城工学院 - YANCHENG INSTITUTE OF TECHNOLOGY 厚德格致 笃学重行,2026-10-01,
4132010305,盐城工学院,charter,https://www.ycit.edu.cn/dxwh/xxzc.htm,https://www.ycit.edu.cn/dxwh/xxzc.htm,read,学校章程-盐城工学院 - YANCHENG INSTITUTE OF TECHNOLOGY 厚德格致 笃学重行,2026-10-01,
4132010305,盐城工学院,charter,https://www.ycit.edu.cn/info/1042/6422.htm,https://www.ycit.edu.cn/info/1042/6422.htm,read,盐城工学院章程-盐城工学院 - YANCHENG INSTITUTE OF TECHNOLOGY 厚德格致 笃学重行,2026-10-01,
4132010305,盐城工学院,overview,https://www.ycit.edu.cn/xxgk/xxjs.htm,https://www.ycit.edu.cn/xxgk/xxjs.htm,read,学校介绍-盐城工学院 - YANCHENG INSTITUTE OF TECHNOLOGY 厚德格致 笃学重行,2026-10-01,
4132010305,盐城工学院,history,https://www.ycit.edu.cn/xxgk/lsyg.htm,https://www.ycit.edu.cn/xxgk/lsyg.htm,read,历史沿革-盐城工学院 - YANCHENG INSTITUTE OF TECHNOLOGY 厚德格致 笃学重行,2026-10-01,
4132010305,盐城工学院,history,https://www.ycit.edu.cn/info/1018/6438.htm,https://www.ycit.edu.cn/info/1018/6438.htm,read,历史沿革-盐城工学院 - YANCHENG INSTITUTE OF TECHNOLOGY 厚德格致 笃学重行,2026-10-01,
4132010307,南京农业大学,homepage,https://www.njau.edu.cn/,https://www.njau.edu.cn/,read,南京农业大学,2026-10-01,
4132010307,南京农业大学,overview,https://www.njau.edu.cn/xxjj_1033/list.htm,https://www.njau.edu.cn/xxjj_1033/list.htm,read,学校简介,2026-10-01,
4132010307,南京农业大学,charter,https://www.njau.edu.cn/tsy2/list.htm,https://www.njau.edu.cn/tsy2/list.htm,read,大学章程,2026-10-01,
4132010307,南京农业大学,visual,https://www.njau.edu.cn/1040/list.htm,https://www.njau.edu.cn/1040/list.htm,read,学校标识,2026-10-01,
4132010307,南京农业大学,culture,https://www.njau.edu.cn/xg/list.htm,https://www.njau.edu.cn/xg/list.htm,read,校歌,2026-10-01,
4132010307,南京农业大学,history,https://www.njau.edu.cn/lsyg_1034/list.htm,https://www.njau.edu.cn/lsyg_1034/list.htm,read,历史沿革,2026-10-01,
4132010307,南京农业大学,charter,https://www.njau.edu.cn/tsy2/list.htm,https://www.njau.edu.cn/tsy2/list.htm,read,大学章程,2026-10-01,
4132010307,南京农业大学,overview,https://www.njau.edu.cn/xxjj_1033/list.htm,https://www.njau.edu.cn/xxjj_1033/list.htm,read,学校简介,2026-10-01,
4132010307,南京农业大学,history,https://www.njau.edu.cn/lsyg_1034/list.htm,https://www.njau.edu.cn/lsyg_1034/list.htm,read,历史沿革,2026-10-01,
4132010307,南京农业大学,culture,https://www.njau.edu.cn/xg/list.htm,https://www.njau.edu.cn/xg/list.htm,read,校歌,2026-10-01,
4132010312,南京医科大学,homepage,https://www.njmu.edu.cn/,https://www.njmu.edu.cn/,read,南京医科大学,2026-10-01,
4132010312,南京医科大学,overview,https://www.njmu.edu.cn/538/list.htm,https://www.njmu.edu.cn/538/list.htm,read,学校简介,2026-10-01,
4132010312,南京医科大学,english,https://english.njmu.edu.cn/,https://english.njmu.edu.cn/,read,Nanjing Medical University,2026-10-01,
4132010312,南京医科大学,overview,https://www.njmu.edu.cn/538/list.htm,https://www.njmu.edu.cn/538/list.htm,read,学校简介,2026-10-01,
4132010312,南京医科大学,overview,https://www.njmu.edu.cn/538/list.htm,https://www.njmu.edu.cn/538/list.htm,read,学校简介,2026-10-01,
4132010313,徐州医科大学,homepage,https://www.xzhmu.edu.cn/,https://www.xzhmu.edu.cn/,read,徐州医科大学,2026-10-01,
4132010313,徐州医科大学,overview,https://www.xzhmu.edu.cn/xqzl/xxjj.htm,https://www.xzhmu.edu.cn/xqzl/xxjj.htm,read,学校简介-徐州医科大学,2026-10-01,
4132010313,徐州医科大学,visual,https://www.xzhmu.edu.cn/xqzl/xxbs.htm,https://www.xzhmu.edu.cn/xqzl/xxbs.htm,read,学校标识-徐州医科大学,2026-10-01,
4132010313,徐州医科大学,history,https://www.xzhmu.edu.cn/xqzl/lsyg.htm,https://www.xzhmu.edu.cn/xqzl/lsyg.htm,read,历史沿革-徐州医科大学,2026-10-01,
4132010313,徐州医科大学,overview,https://www.xzhmu.edu.cn/xqzl/xxjj.htm,https://www.xzhmu.edu.cn/xqzl/xxjj.htm,read,学校简介-徐州医科大学,2026-10-01,
4132010313,徐州医科大学,history,https://www.xzhmu.edu.cn/xqzl/lsyg.htm,https://www.xzhmu.edu.cn/xqzl/lsyg.htm,read,历史沿革-徐州医科大学,2026-10-01,
4132010315,南京中医药大学,homepage,https://www.njucm.edu.cn/,https://www.njucm.edu.cn/,read,南京中医药大学,2026-10-01,
4132010315,南京中医药大学,overview,https://www.njucm.edu.cn/6778/list.htm,https://www.njucm.edu.cn/6778/list.htm,read,学校简介,2026-10-01,
4132010315,南京中医药大学,visual,https://office.njucm.edu.cn/3173/,https://office.njucm.edu.cn/3173/,read,南京中医药大学视觉识别,2026-10-01,
4132010315,南京中医药大学,culture,https://www.njucm.edu.cn/6782/list.htm,https://www.njucm.edu.cn/6782/list.htm,read,校风校训,2026-10-01,
4132010315,南京中医药大学,overview,https://www.njucm.edu.cn/6731/list.htm,https://www.njucm.edu.cn/6731/list.htm,read,学校简介,2026-10-01,
4132010315,南京中医药大学,visual,https://www.njucm.edu.cn/6783/list.htm,https://www.njucm.edu.cn/6783/list.htm,read,校徽校歌,2026-10-01,
4132010315,南京中医药大学,culture,https://office.njucm.edu.cn/2018/0923/c3173a43115/page.htm,https://office.njucm.edu.cn/2018/0923/c3173a43115/page.htm,read,南京中医药大学南京中医药大学校歌,2026-10-01,
4132010315,南京中医药大学,visual,https://office.njucm.edu.cn/3173/list.htm,https://office.njucm.edu.cn/3173/list.htm,read,南京中医药大学视觉识别,2026-10-01,
4132010315,南京中医药大学,overview,https://www.njucm.edu.cn/6778/list.htm,https://www.njucm.edu.cn/6778/list.htm,read,学校简介,2026-10-01,
4132010315,南京中医药大学,overview,https://www.njucm.edu.cn/6731/list.htm,https://www.njucm.edu.cn/6731/list.htm,read,学校简介,2026-10-01,
4132010315,南京中医药大学,culture,https://www.njucm.edu.cn/6782/list.htm,https://www.njucm.edu.cn/6782/list.htm,read,校风校训,2026-10-01,
4132010315,南京中医药大学,culture,https://office.njucm.edu.cn/2018/0923/c3173a43115/page.htm,https://office.njucm.edu.cn/2018/0923/c3173a43115/page.htm,read,南京中医药大学南京中医药大学校歌,2026-10-01,
4132010316,中国药科大学,homepage,http://www.cpu.edu.cn/,http://www.cpu.edu.cn/,read,中国药科大学,2026-10-01,
4132010316,中国药科大学,overview,http://www.cpu.edu.cn/11459/list.htm,http://www.cpu.edu.cn/11459/list.htm,read,学校简介,2026-10-01,
4132010316,中国药科大学,visual,http://tw.cpu.edu.cn/,http://tw.cpu.edu.cn/,read,团委,2026-10-01,
4132010316,中国药科大学,history,http://www.cpu.edu.cn/7e/0f/c11432a163343/page.htm,http://www.cpu.edu.cn/7e/0f/c11432a163343/page.htm,read,校史馆,2026-10-01,
4132010316,中国药科大学,overview,http://www.cpu.edu.cn/xxgk_11458/list.htm,http://www.cpu.edu.cn/xxgk_11458/list.htm,read,学校简介,2026-10-01,
4132010316,中国药科大学,overview,http://www.cpu.edu.cn/11459/list.htm,http://www.cpu.edu.cn/11459/list.htm,read,学校简介,2026-10-01,
4132010316,中国药科大学,overview,http://www.cpu.edu.cn/xxgk_11458/list.htm,http://www.cpu.edu.cn/xxgk_11458/list.htm,read,学校简介,2026-10-01,
4132010316,中国药科大学,history,http://www.cpu.edu.cn/7e/0f/c11432a163343/page.htm,http://www.cpu.edu.cn/7e/0f/c11432a163343/page.htm,read,校史馆,2026-10-01,
4132010319,南京师范大学,homepage,https://www.nnu.edu.cn/,https://www.nnu.edu.cn/,read,南京师范大学,2026-10-01,
4132010319,南京师范大学,overview,https://www.nnu.edu.cn/xxgk/xxjj.htm,https://www.nnu.edu.cn/xxgk/xxjj.htm,read,学校简介-南京师范大学,2026-10-01,
4132010319,南京师范大学,visual,https://www.nnu.edu.cn/xxgk/xbxg.htm,https://www.nnu.edu.cn/xxgk/xbxg.htm,read,校标校歌-南京师范大学,2026-10-01,
4132010319,南京师范大学,culture,https://www.nnu.edu.cn/system/_content/download.jsp?urltype=news.DownloadAttachUrl&owner=1955907280&wbfileid=FC23AABC867B2DFADBE826B52304D3C0,https://www.nnu.edu.cn/system/_content/download.jsp?urltype=news.DownloadAttachUrl&owner=1955907280&wbfileid=FC23AABC867B2DFADBE826B52304D3C0,insufficient_text,附件下载,2026-10-01,
4132010319,南京师范大学,templates,https://www.nnu.edu.cn/system/_content/download.jsp?urltype=news.DownloadAttachUrl&owner=1955907280&wbfileid=F353430F67690A509FB3FDE306EAFCF5,https://www.nnu.edu.cn/system/_content/download.jsp?urltype=news.DownloadAttachUrl&owner=1955907280&wbfileid=F353430F67690A509FB3FDE306EAFCF5,insufficient_text,附件下载,2026-10-01,
4132010319,南京师范大学,overview,https://www.nnu.edu.cn/xxgk.htm,https://www.nnu.edu.cn/xxgk.htm,read,学校概况-南京师范大学,2026-10-01,
4132010319,南京师范大学,overview,https://www.nnu.edu.cn/xxgk.htm,https://www.nnu.edu.cn/xxgk.htm,read,学校概况-南京师范大学,2026-10-01,
4132010319,南京师范大学,overview,https://www.nnu.edu.cn/xxgk/xxjj.htm,https://www.nnu.edu.cn/xxgk/xxjj.htm,read,学校简介-南京师范大学,2026-10-01,
4132010320,江苏师范大学,homepage,http://www.jsnu.edu.cn/,http://www.jsnu.edu.cn/,read,江苏师范大学,2026-10-01,
4132010320,江苏师范大学,overview,http://www.jsnu.edu.cn/70/list.htm,http://www.jsnu.edu.cn/70/list.htm,read,学校简介,2026-10-01,
4132010320,江苏师范大学,charter,http://www.jsnu.edu.cn/xxzc/list.htm,http://www.jsnu.edu.cn/xxzc/list.htm,read,学校章程,2026-10-01,
4132010320,江苏师范大学,visual,http://www.jsnu.edu.cn/83/list.htm,http://www.jsnu.edu.cn/83/list.htm,read,学校标识,2026-10-01,
4132010320,江苏师范大学,culture,http://www.jsnu.edu.cn/xywh/list.htm,http://www.jsnu.edu.cn/xywh/list.htm,read,校园文化,2026-10-01,
4132010320,江苏师范大学,history,http://www.jsnu.edu.cn/lsyg/list.htm,http://www.jsnu.edu.cn/lsyg/list.htm,read,历史沿革,2026-10-01,
4132010320,江苏师范大学,english,http://en.jsnu.edu.cn,http://en.jsnu.edu.cn,read,Jiangsu Normal University,2026-10-01,
4132010320,江苏师范大学,navigation,http://www.jsnu.edu.cn/intojsnu/list.htm,http://www.jsnu.edu.cn/intojsnu/list.htm,read,走进师大,2026-10-01,
4132010320,江苏师范大学,charter,http://www.jsnu.edu.cn/xxzc/list.htm,http://www.jsnu.edu.cn/xxzc/list.htm,read,学校章程,2026-10-01,
4132010320,江苏师范大学,overview,http://www.jsnu.edu.cn/70/list.htm,http://www.jsnu.edu.cn/70/list.htm,read,学校简介,2026-10-01,
4132010320,江苏师范大学,history,http://www.jsnu.edu.cn/lsyg/list.htm,http://www.jsnu.edu.cn/lsyg/list.htm,read,历史沿革,2026-10-01,
4132010320,江苏师范大学,culture,http://www.jsnu.edu.cn/xywh/list.htm,http://www.jsnu.edu.cn/xywh/list.htm,read,校园文化,2026-10-01,
4132010323,淮阴师范学院,homepage,https://www.hytc.edu.cn,https://www.hytc.edu.cn,read,淮阴师范学院,2026-10-01,
4132010323,淮阴师范学院,overview,https://www.hytc.edu.cn/info/1052/51137.htm,https://www.hytc.edu.cn/info/1052/51137.htm,read,【科普报告】走进具身智能-淮阴师范学院,2026-10-01,
4132010323,淮阴师范学院,culture,http://www.hytc.edu.cn/info/1053/8294.htm,https://www.hytc.edu.cn/info/1053/8294.htm,read,淮阴师范学院校歌：《报国壮志酬》-淮阴师范学院,2026-10-01,
4132010323,淮阴师范学院,history,https://www.hytc.edu.cn/index/xsyg1.htm,https://www.hytc.edu.cn/index/xsyg1.htm,read,校史沿革-淮阴师范学院,2026-10-01,
4132010323,淮阴师范学院,overview,https://www.hytc.edu.cn/index.htm,https://www.hytc.edu.cn/index.htm,read,淮阴师范学院,2026-10-01,
4132010323,淮阴师范学院,overview,https://www.hytc.edu.cn/index.htm,https://www.hytc.edu.cn/index.htm,read,淮阴师范学院,2026-10-01,
4132010323,淮阴师范学院,overview,https://www.hytc.edu.cn/info/1052/51137.htm,https://www.hytc.edu.cn/info/1052/51137.htm,read,【科普报告】走进具身智能-淮阴师范学院,2026-10-01,
4132010323,淮阴师范学院,history,https://www.hytc.edu.cn/index/xsyg1.htm,https://www.hytc.edu.cn/index/xsyg1.htm,read,校史沿革-淮阴师范学院,2026-10-01,
4132010323,淮阴师范学院,culture,https://www.hytc.edu.cn/info/1053/8294.htm,https://www.hytc.edu.cn/info/1053/8294.htm,read,淮阴师范学院校歌：《报国壮志酬》-淮阴师范学院,2026-10-01,
4132010324,盐城师范学院,homepage,https://www.yctu.edu.cn/,https://www.yctu.edu.cn/,read,盐城师范学院,2026-10-01,
4132010324,盐城师范学院,overview,https://www.yctu.edu.cn/5637/list.htm,https://www.yctu.edu.cn/5637/list.htm,read,学校简介,2026-10-01,
4132010324,盐城师范学院,visual,https://www.yctu.edu.cn/5639/list.htm,https://www.yctu.edu.cn/5639/list.htm,read,标识系统,2026-10-01,
4132010324,盐城师范学院,overview,https://www.yctu.edu.cn/5637/list.htm,https://www.yctu.edu.cn/5637/list.htm,read,学校简介,2026-10-01,
4132010327,南京财经大学,homepage,http://www.njue.edu.cn/,,fetch_error,,2026-10-01,URLError
4132010327,南京财经大学,overview,https://www.nufe.edu.cn/,https://www.nufe.edu.cn/,read,南京财经大学,2026-10-01,
4132010327,南京财经大学,overview,https://admission.nufe.edu.cn/,https://admission.nufe.edu.cn/,read,南京财经大学,2026-10-01,
4132010327,南京财经大学,overview,https://www.nufe.edu.cn/?page_info=1,https://www.nufe.edu.cn/?page_info=1,read,南京财经大学,2026-10-01,
4132010327,南京财经大学,overview,https://www.nufe.edu.cn/xygk/xxjj.htm,https://www.nufe.edu.cn/xygk/xxjj.htm,read,学校简介-南京财经大学,2026-10-01,
4132010327,南京财经大学,overview,https://www.nufe.edu.cn/,https://www.nufe.edu.cn/,read,南京财经大学,2026-10-01,
4132010327,南京财经大学,overview,https://admission.nufe.edu.cn/,https://admission.nufe.edu.cn/,read,南京财经大学,2026-10-01,
4132010327,南京财经大学,overview,https://www.nufe.edu.cn/?page_info=1,https://www.nufe.edu.cn/?page_info=1,read,南京财经大学,2026-10-01,
4132010329,江苏警官学院,homepage,https://www.jspi.cn/,,site_unverified,,2026-10-01,
4132010330,南京体育学院,homepage,https://www.nsi.edu.cn/,https://www.nsi.edu.cn/,read,南京体育学院,2026-10-01,
4132010330,南京体育学院,overview,https://www.nsi.edu.cn/2405/list.htm,https://www.nsi.edu.cn/2405/list.htm,read,学校简介,2026-10-01,
4132010330,南京体育学院,visual,https://www.nsi.edu.cn/2407/list.htm,https://www.nsi.edu.cn/2407/list.htm,read,校训校徽,2026-10-01,
4132010330,南京体育学院,culture,https://www.nsi.edu.cn/6a/d3/c3574a92883/page.htm,https://www.nsi.edu.cn/6a/d3/c3574a92883/page.htm,read,关于规范使用建校70周年标识与吉祥物的通知,2026-10-01,
4132010330,南京体育学院,english,https://www.nsi.edu.cn/English1/list.htm,https://www.nsi.edu.cn/English1/list.htm,read,English,2026-10-01,
4132010330,南京体育学院,overview,https://www.nsi.edu.cn/xxgk1_2338/list.htm,https://www.nsi.edu.cn/xxgk1_2338/list.htm,read,学校简介,2026-10-01,
4132010330,南京体育学院,overview,https://www.nsi.edu.cn/2405/list.htm,https://www.nsi.edu.cn/2405/list.htm,read,学校简介,2026-10-01,
4132010330,南京体育学院,overview,https://www.nsi.edu.cn/xxgk1_2338/list.htm,https://www.nsi.edu.cn/xxgk1_2338/list.htm,read,学校简介,2026-10-01,
4132010330,南京体育学院,culture,https://www.nsi.edu.cn/6a/d3/c3574a92883/page.htm,https://www.nsi.edu.cn/6a/d3/c3574a92883/page.htm,read,关于规范使用建校70周年标识与吉祥物的通知,2026-10-01,
4132010330,南京体育学院,overview,https://www.nsi.edu.cn/2405/list.htm,https://www.nsi.edu.cn/2405/list.htm,read,学校简介,2026-10-01,
4132010330,南京体育学院,overview,https://www.nsi.edu.cn/xxgk1_2338/list.htm,https://www.nsi.edu.cn/xxgk1_2338/list.htm,read,学校简介,2026-10-01,
4132010330,南京体育学院,culture,https://www.nsi.edu.cn/6a/d3/c3574a92883/page.htm,https://www.nsi.edu.cn/6a/d3/c3574a92883/page.htm,read,关于规范使用建校70周年标识与吉祥物的通知,2026-10-01,
4132010331,南京艺术学院,homepage,https://www.nua.edu.cn/,https://www.nua.edu.cn/,read,南京艺术学院,2026-10-01,
4132010331,南京艺术学院,overview,https://www.nua.edu.cn/7/list.htm,https://www.nua.edu.cn/7/list.htm,read,学校简介,2026-10-01,
4132010331,南京艺术学院,culture,https://www.nua.edu.cn/xxxx/list.htm,https://www.nua.edu.cn/xxxx/list.htm,read,校训校歌,2026-10-01,
4132010331,南京艺术学院,history,https://www.nua.edu.cn/10/list.htm,https://www.nua.edu.cn/10/list.htm,read,历史沿革,2026-10-01,
4132010331,南京艺术学院,english,https://en.nua.edu.cn/,https://en.nua.edu.cn/,read,Nanjing University of the Arts,2026-10-01,
4132010331,南京艺术学院,overview,https://www.nua.edu.cn/7/list.htm,https://www.nua.edu.cn/7/list.htm,read,学校简介,2026-10-01,
4132010331,南京艺术学院,history,https://www.nua.edu.cn/10/list.htm,https://www.nua.edu.cn/10/list.htm,read,历史沿革,2026-10-01,
4132010331,南京艺术学院,culture,https://www.nua.edu.cn/xxxx/list.htm,https://www.nua.edu.cn/xxxx/list.htm,read,校训校歌,2026-10-01,
4132010332,苏州科技大学,homepage,https://www.usts.edu.cn,https://www.usts.edu.cn,read,苏州科技大学,2026-10-01,
4132010332,苏州科技大学,overview,https://www.usts.edu.cn/xxgk/xxjj.htm,https://www.usts.edu.cn/xxgk/xxjj.htm,read,学校简介-苏州科技大学,2026-10-01,
4132010332,苏州科技大学,visual,http://www.usts.edu.cn/xywh,https://www.usts.edu.cn/xywh/,read,苏州科技大学校园文化精品名录库,2026-10-01,
4132010332,苏州科技大学,overview,https://www.usts.edu.cn/xxgk/xxjj.htm,https://www.usts.edu.cn/xxgk/xxjj.htm,read,学校简介-苏州科技大学,2026-10-01,
4132010333,苏州工学院,homepage,https://www.szut.edu.cn/,https://www.szut.edu.cn/,read,苏州工学院,2026-10-01,
4132010333,苏州工学院,overview,https://www.szut.edu.cn/xxgk/xxjj.htm,https://www.szut.edu.cn/xxgk/xxjj.htm,read,学校简介-苏州工学院,2026-10-01,
4132010333,苏州工学院,visual,https://www.szut.edu.cn/dxwh/xbxh.htm,https://www.szut.edu.cn/dxwh/xbxh.htm,read,校标校徽-苏州工学院,2026-10-01,
4132010333,苏州工学院,culture,https://www.szut.edu.cn/dxwh/xg.htm,https://www.szut.edu.cn/dxwh/xg.htm,read,校歌-苏州工学院,2026-10-01,
4132010333,苏州工学院,english,http://en.szut.edu.cn,http://en.szut.edu.cn,read,Suzhou University of Technology,2026-10-01,
4132010333,苏州工学院,visual,https://www.szut.edu.cn/system/_content/download.jsp?urltype=news.DownloadAttachUrl&owner=2103112829&wbfileid=B8B9851BDD87E374D76636976DCCCAC7,https://www.szut.edu.cn/system/_content/download.jsp?urltype=news.DownloadAttachUrl&owner=2103112829&wbfileid=B8B9851BDD87E374D76636976DCCCAC7,insufficient_text,附件下载,2026-10-01,
4132010333,苏州工学院,culture,https://www.szut.edu.cn/dxwh/xx.htm,https://www.szut.edu.cn/dxwh/xx.htm,read,校训-苏州工学院,2026-10-01,
4132010333,苏州工学院,english,http://en.szut.edu.cn/info/1011/1081.htm,http://en.szut.edu.cn/info/1011/1081.htm,read,English Teacher Education Research Center was announced-Suzhou University of Technology,2026-10-01,
4132010333,苏州工学院,overview,https://www.szut.edu.cn/xxgk/xxjj.htm,https://www.szut.edu.cn/xxgk/xxjj.htm,read,学校简介-苏州工学院,2026-10-01,
4132010333,苏州工学院,culture,https://www.szut.edu.cn/dxwh/xg.htm,https://www.szut.edu.cn/dxwh/xg.htm,read,校歌-苏州工学院,2026-10-01,
4132010333,苏州工学院,culture,https://www.szut.edu.cn/dxwh/xx.htm,https://www.szut.edu.cn/dxwh/xx.htm,read,校训-苏州工学院,2026-10-01,
4132011049,淮安大学,homepage,https://www.hau.edu.cn/,https://www.hau.edu.cn/,read,淮安大学,2026-10-01,
4132011055,常州工学院,homepage,https://www.czu.cn/,https://www.czu.cn/,read,常州工学院,2026-10-01,
4132011055,常州工学院,overview,https://www.czu.cn/12/list.htm,https://www.czu.cn/12/list.htm,read,学校简介,2026-10-01,
4132011055,常州工学院,visual,https://www.czu.cn/16/list.htm,https://www.czu.cn/16/list.htm,read,校园文化,2026-10-01,
4132011055,常州工学院,culture,http://www.czu.cn/2013/1202/c7778a6333/page.htm,https://www.czu.cn/2013/1202/c7778a6333/page.htm,read,校歌——放飞梦想,2026-10-01,
4132011055,常州工学院,history,https://www.czu.cn/13/list.htm,https://www.czu.cn/13/list.htm,read,历史沿革,2026-10-01,
4132011055,常州工学院,overview,https://www.czu.cn/190/list.htm,https://www.czu.cn/190/list.htm,read,学校介绍,2026-10-01,
4132011055,常州工学院,visual,https://www.czu.cn/2026/0902/c8728a176970/page.htm,https://www.czu.cn/2026/0902/c8728a176970/page.htm,read,凝心铸师魂 逐梦新征程  我校举办新教师岗前培训,2026-10-01,
4132011055,常州工学院,overview,http://www.czu.cn/_t35/12/list.htm,http://sso.czu.cn/sso/login?service=http%3A%2F%2Fwww.czu.cn%2F_t35%2F12%2Flist.psp,read,常州工学院,2026-10-01,
4132011055,常州工学院,visual,https://www.czu.cn/2026/0908/c8728a177194/page.htm,https://www.czu.cn/2026/0908/c8728a177194/page.htm,read,答好“青春四问”  起笔人生新篇  我校举行2026级新生开学典礼暨开学第一课,2026-10-01,
4132011055,常州工学院,overview,https://www.czu.cn/12/list.htm,https://www.czu.cn/12/list.htm,read,学校简介,2026-10-01,
4132011055,常州工学院,overview,https://www.czu.cn/190/list.htm,https://www.czu.cn/190/list.htm,read,学校介绍,2026-10-01,
4132011055,常州工学院,overview,http://sso.czu.cn/sso/login?service=http%3A%2F%2Fwww.czu.cn%2F_t35%2F12%2Flist.psp,http://sso.czu.cn/sso/login?service=http%3A%2F%2Fwww.czu.cn%2F_t35%2F12%2Flist.psp,read,常州工学院,2026-10-01,
4132011055,常州工学院,history,https://www.czu.cn/13/list.htm,https://www.czu.cn/13/list.htm,read,历史沿革,2026-10-01,
4132011055,常州工学院,culture,https://www.czu.cn/2013/1202/c7778a6333/page.htm,https://www.czu.cn/2013/1202/c7778a6333/page.htm,read,校歌——放飞梦想,2026-10-01,
4132011055,常州工学院,overview,http://sso.czu.cn/sso/login?service=http%3A%2F%2Fwww.czu.cn%2F_t35%2F12%2Flist.psp,http://sso.czu.cn/sso/login?service=http%3A%2F%2Fwww.czu.cn%2F_t35%2F12%2Flist.psp,read,常州工学院,2026-10-01,
4132011117,扬州大学,homepage,http://www.yzu.edu.cn,,fetch_error,,2026-10-01,HTTPError
4132011117,扬州大学,overview,https://www.yzu.edu.cn/xxgk/xxjj.htm,,access_limited,,2026-10-01,HTTPError
4132011117,扬州大学,overview,https://jykxxy.yzu.edu.cn/__local/9/E9/F7/BF658A962800EF1E0F5C2D102A5_CE7A04F5_91D3C.pdf,https://jykxxy.yzu.edu.cn/__local/9/E9/F7/BF658A962800EF1E0F5C2D102A5_CE7A04F5_91D3C.pdf,read,,2026-10-01,
4132011117,扬州大学,overview,https://jykxxy.yzu.edu.cn/__local/9/E9/F7/BF658A962800EF1E0F5C2D102A5_CE7A04F5_91D3C.pdf,https://jykxxy.yzu.edu.cn/__local/9/E9/F7/BF658A962800EF1E0F5C2D102A5_CE7A04F5_91D3C.pdf,read,,2026-10-01,
4132011122,三江学院,homepage,http://sju.js.cn,,fetch_error,,2026-10-01,URLError
4132011122,三江学院,charter,https://gaokao.chsi.com.cn/zsgs/zhangcheng/listVerifedZszc--method-view%2CschId-739%2CinfoId-7632430562.dhtml,,access_limited,,2026-10-01,HTTPError
4132011276,南京工程学院,homepage,https://www.njit.edu.cn/,https://www.njit.edu.cn/,read,南京工程学院,2026-10-01,
4132011276,南京工程学院,overview,https://www.njit.edu.cn/xxgk/xxjj.htm,https://www.njit.edu.cn/xxgk/xxjj.htm,read,学校简介-南京工程学院,2026-10-01,
4132011276,南京工程学院,visual,https://www.njit.edu.cn/xywh/sjxxsbxt.htm,https://www.njit.edu.cn/xywh/sjxxsbxt.htm,read,视觉形象识别系统-南京工程学院,2026-10-01,
4132011276,南京工程学院,culture,http://xiaoge.njit.edu.cn/,,robots_disallowed,,2026-10-01,
4132011276,南京工程学院,culture,https://www.njit.edu.cn/xywh/xxjd.htm,https://www.njit.edu.cn/xywh/xxjd.htm,read,校训解读-南京工程学院,2026-10-01,
4132011276,南京工程学院,history,https://www.njit.edu.cn/xxgk/lsyg.htm,https://www.njit.edu.cn/xxgk/lsyg.htm,read,历史沿革-南京工程学院,2026-10-01,
4132011276,南京工程学院,visual,https://www.njit.edu.cn/__local/A/37/D2/65D2CE890F6CBB42440CE4566F0_EAC636C7_7A3D92.pdf,,access_limited,,2026-10-01,ValueError
4132011276,南京工程学院,overview,https://www.njit.edu.cn/xxgk/xxjj.htm,https://www.njit.edu.cn/xxgk/xxjj.htm,read,学校简介-南京工程学院,2026-10-01,
4132011276,南京工程学院,history,https://www.njit.edu.cn/xxgk/lsyg.htm,https://www.njit.edu.cn/xxgk/lsyg.htm,read,历史沿革-南京工程学院,2026-10-01,
4132011276,南京工程学院,culture,https://www.njit.edu.cn/xywh/xxjd.htm,https://www.njit.edu.cn/xywh/xxjd.htm,read,校训解读-南京工程学院,2026-10-01,
4132011287,南京审计大学,homepage,https://www.nau.edu.cn,https://www.nau.edu.cn,read,南京审计大学,2026-10-01,
4132011287,南京审计大学,overview,https://www.nau.edu.cn/18/list.htm,https://www.nau.edu.cn/18/list.htm,read,学校简介,2026-10-01,
4132011287,南京审计大学,history,https://www.nau.edu.cn/5754/list.htm,https://www.nau.edu.cn/5754/list.htm,read,校史沿革,2026-10-01,
4132011287,南京审计大学,overview,https://www.nau.edu.cn/5717/list.htm,https://www.nau.edu.cn/5717/list.htm,read,学校简介,2026-10-01,
4132011287,南京审计大学,overview,https://www.nau.edu.cn/18/list.htm,https://www.nau.edu.cn/18/list.htm,read,学校简介,2026-10-01,
4132011287,南京审计大学,overview,https://www.nau.edu.cn/5717/list.htm,https://www.nau.edu.cn/5717/list.htm,read,学校简介,2026-10-01,
4132011287,南京审计大学,history,https://www.nau.edu.cn/5754/list.htm,https://www.nau.edu.cn/5754/list.htm,read,校史沿革,2026-10-01,
4132011460,南京晓庄学院,homepage,https://www.njxzc.edu.cn/,https://www.njxzc.edu.cn/,read,南京晓庄学院 NanJing XiaoZhuang University,2026-10-01,
4132011460,南京晓庄学院,overview,https://www.njxzc.edu.cn//xxjj/list.htm,https://www.njxzc.edu.cn//xxjj/list.htm,read,学校简介,2026-10-01,
4132011460,南京晓庄学院,charter,https://www.njxzc.edu.cn/xxzc/list.htm,https://www.njxzc.edu.cn/xxzc/list.htm,read,学校章程,2026-10-01,
4132011460,南京晓庄学院,visual,https://www.njxzc.edu.cn/xxbs/list.htm,https://www.njxzc.edu.cn/xxbs/list.htm,read,学校标识,2026-10-01,
4132011460,南京晓庄学院,history,https://www.njxzc.edu.cn/5/list.htm,https://www.njxzc.edu.cn/5/list.htm,read,历史沿革,2026-10-01,
4132011460,南京晓庄学院,english,http://www.njxzc.edu.cn/wnglish/list.htm,https://www.njxzc.edu.cn/wnglish/list.htm,read,English,2026-10-01,
4132011460,南京晓庄学院,overview,https://www.njxzc.edu.cn/xxjj/list.htm,https://www.njxzc.edu.cn/xxjj/list.htm,read,学校简介,2026-10-01,
4132011460,南京晓庄学院,english,https://www.njxzc.edu.cn/wnglish/list.htm,https://www.njxzc.edu.cn/wnglish/list.htm,read,English,2026-10-01,
4132011460,南京晓庄学院,overview,https://www.njxzc.edu.cn/xxxjj/list.htm,https://www.njxzc.edu.cn/xxxjj/list.htm,read,学校简介,2026-10-01,
4132011460,南京晓庄学院,charter,https://www.njxzc.edu.cn/xxzc/list.htm,https://www.njxzc.edu.cn/xxzc/list.htm,read,学校章程,2026-10-01,
4132011460,南京晓庄学院,overview,https://www.njxzc.edu.cn/xxjj/list.htm,https://www.njxzc.edu.cn/xxjj/list.htm,read,学校简介,2026-10-01,
4132011460,南京晓庄学院,overview,https://www.njxzc.edu.cn//xxjj/list.htm,https://www.njxzc.edu.cn//xxjj/list.htm,read,学校简介,2026-10-01,
4132011460,南京晓庄学院,overview,https://www.njxzc.edu.cn/xxxjj/list.htm,https://www.njxzc.edu.cn/xxxjj/list.htm,read,学校简介,2026-10-01,
4132011460,南京晓庄学院,history,https://www.njxzc.edu.cn/5/list.htm,https://www.njxzc.edu.cn/5/list.htm,read,历史沿革,2026-10-01,
4132011463,江苏理工学院,homepage,http://www.jstu.edu.cn,http://www.jstu.edu.cn,read,江苏理工学院,2026-10-01,
4132011463,江苏理工学院,overview,http://www.jstu.edu.cn/7774/list.htm,http://www.jstu.edu.cn/7774/list.htm,read,学校概况,2026-10-01,
4132011463,江苏理工学院,culture,http://www.jstu.edu.cn/7778/list.htm,http://www.jstu.edu.cn/7778/list.htm,read,校训校歌,2026-10-01,
4132011463,江苏理工学院,history,http://www.jstu.edu.cn/7776/list.htm,http://www.jstu.edu.cn/7776/list.htm,read,历史沿革,2026-10-01,
4132011463,江苏理工学院,overview,http://www.jstu.edu.cn/7774/list.htm,http://www.jstu.edu.cn/7774/list.htm,read,学校概况,2026-10-01,
4132011463,江苏理工学院,history,http://www.jstu.edu.cn/7776/list.htm,http://www.jstu.edu.cn/7776/list.htm,read,历史沿革,2026-10-01,
4132011463,江苏理工学院,culture,http://www.jstu.edu.cn/7778/list.htm,http://www.jstu.edu.cn/7778/list.htm,read,校训校歌,2026-10-01,
4132011641,江苏海洋大学,homepage,https://www.jou.edu.cn/,https://www.jou.edu.cn/,read,江苏海洋大学,2026-10-01,
4132011641,江苏海洋大学,overview,https://www.jou.edu.cn/xxgk/xxjj.htm,https://www.jou.edu.cn/xxgk/xxjj.htm,read,学校简介-江苏海洋大学,2026-10-01,
4132011641,江苏海洋大学,culture,https://www.jou.edu.cn/xxgk/xfxg.htm,https://www.jou.edu.cn/xxgk/xfxg.htm,read,校风校歌-江苏海洋大学,2026-10-01,
4132011641,江苏海洋大学,history,https://www.jou.edu.cn/xxgk/lsyg.htm,https://www.jou.edu.cn/xxgk/lsyg.htm,read,历史沿革-江苏海洋大学,2026-10-01,
4132011641,江苏海洋大学,overview,https://www.jou.edu.cn/xxgk/xxjj.htm,https://www.jou.edu.cn/xxgk/xxjj.htm,read,学校简介-江苏海洋大学,2026-10-01,
4132011641,江苏海洋大学,history,https://www.jou.edu.cn/xxgk/lsyg.htm,https://www.jou.edu.cn/xxgk/lsyg.htm,read,历史沿革-江苏海洋大学,2026-10-01,
4132011641,江苏海洋大学,culture,https://www.jou.edu.cn/xxgk/xfxg.htm,https://www.jou.edu.cn/xxgk/xfxg.htm,read,校风校歌-江苏海洋大学,2026-10-01,
4132011998,徐州工程学院,homepage,https://www.xzit.edu.cn/,https://www.xzit.edu.cn/,read,徐州工程学院欢迎您,2026-10-01,
4132011998,徐州工程学院,overview,https://www.xzit.edu.cn/6000/list.htm,https://www.xzit.edu.cn/6000/list.htm,read,学校简介,2026-10-01,
4132011998,徐州工程学院,charter,https://www.xzit.edu.cn/6001/list.htm,https://www.xzit.edu.cn/6001/list.htm,read,学校章程,2026-10-01,
4132011998,徐州工程学院,culture,https://www.xzit.edu.cn/6407/list.htm,https://www.xzit.edu.cn/6407/list.htm,read,校训,2026-10-01,
4132011998,徐州工程学院,navigation,https://www.xzit.edu.cn/27/47/c6678a206663/page.htm,https://www.xzit.edu.cn/27/47/c6678a206663/page.htm,read,江苏省第三届两岸婚姻子女夏令营走进我校开展非遗研学交流,2026-10-01,
4132011998,徐州工程学院,overview,http://www.xzit.edu.cn/6000/list.htm,https://www.xzit.edu.cn/6000/list.htm,read,学校简介,2026-10-01,
4132011998,徐州工程学院,navigation,https://www.xzit.edu.cn/11/5f/c5978a201055/page.htm,https://www.xzit.edu.cn/11/5f/c5978a201055/page.htm,read,【校友风华】丛继念：绘好科技创新促进产业创新的“工笔画”,2026-10-01,
4132011998,徐州工程学院,charter,https://www.xzit.edu.cn/6001/list.htm,https://www.xzit.edu.cn/6001/list.htm,read,学校章程,2026-10-01,
4132011998,徐州工程学院,overview,https://www.xzit.edu.cn/6000/list.htm,https://www.xzit.edu.cn/6000/list.htm,read,学校简介,2026-10-01,
4132011998,徐州工程学院,culture,https://www.xzit.edu.cn/6407/list.htm,https://www.xzit.edu.cn/6407/list.htm,read,校训,2026-10-01,
4132012048,南京特殊教育师范学院,homepage,https://www.njts.edu.cn/,https://www.njts.edu.cn/,read,南京特殊教育师范学院,2026-10-01,
4132012048,南京特殊教育师范学院,overview,https://www.njts.edu.cn/xxjj/list.htm,https://www.njts.edu.cn/xxjj/list.htm,read,南京特殊教育师范学院,2026-10-01,
4132012048,南京特殊教育师范学院,navigation,http://news.njts.edu.cn/2026/0917/c36a102104/page.htm,http://news.njts.edu.cn/2026/0917/c36a102104/page.htm,read,APEC残疾人就业国际研讨会参访团走进南京特师,2026-10-01,
4132012048,南京特殊教育师范学院,overview,http://www.njts.edu.cn/65/list.htm,http://www.njts.edu.cn/65/list.htm,read,南京特殊教育师范学院,2026-10-01,
4132012048,南京特殊教育师范学院,navigation,http://news.njts.edu.cn/2026/0925/c38a102347/page.htm,http://news.njts.edu.cn/2026/0925/c38a102347/page.htm,read,导盲犬Bingo中秋走进学校  与青年学子共读团圆,2026-10-01,
4132012048,南京特殊教育师范学院,overview,https://www.njts.edu.cn/65/list.htm,https://www.njts.edu.cn/65/list.htm,read,南京特殊教育师范学院,2026-10-01,
4132012048,南京特殊教育师范学院,overview,http://www.njts.edu.cn/65/list.htm,http://www.njts.edu.cn/65/list.htm,read,南京特殊教育师范学院,2026-10-01,
4132012048,南京特殊教育师范学院,overview,https://www.njts.edu.cn/65/list.htm,https://www.njts.edu.cn/65/list.htm,read,南京特殊教育师范学院,2026-10-01,
4132012048,南京特殊教育师范学院,overview,https://www.njts.edu.cn/xxjj/list.htm,https://www.njts.edu.cn/xxjj/list.htm,read,南京特殊教育师范学院,2026-10-01,
4132012213,南京警察学院,homepage,http://www.forestpolice.net/web/,,fetch_error,,2026-10-01,HTTPError
4132012213,南京警察学院,overview,https://www.njpu.edu.cn/,https://www.njpu.edu.cn/,read,南京警察学院|主页,2026-10-01,
4132012213,南京警察学院,overview,https://www.njpu.edu.cn/,https://www.njpu.edu.cn/,read,南京警察学院|主页,2026-10-01,
4132012917,泰州学院,homepage,https://www.tzu.edu.cn/,https://www.tzu.edu.cn/,read,泰州学院,2026-10-01,
4132012917,泰州学院,overview,https://www.tzu.edu.cn/8/list.htm,https://www.tzu.edu.cn/8/list.htm,read,学校简介,2026-10-01,
4132012917,泰州学院,visual,https://tuanwei.tzu.edu.cn/gzdt/list.htm,https://tuanwei.tzu.edu.cn/gzdt/list.htm,read,工作动态,2026-10-01,
4132012917,泰州学院,navigation,https://www.tzu.edu.cn/2026/0612/c4007a96319/page.htm,https://www.tzu.edu.cn/2026/0612/c4007a96319/page.htm,read,向着母校回望——写在泰州学院建校八十五周年之际,2026-10-01,
4132012917,泰州学院,overview,https://www.tzu.edu.cn/7/list.htm,https://www.tzu.edu.cn/7/list.htm,read,学校简介,2026-10-01,
4132012917,泰州学院,overview,https://www.tzu.edu.cn/8/list.htm,https://www.tzu.edu.cn/8/list.htm,read,学校简介,2026-10-01,
4132012917,泰州学院,overview,https://www.tzu.edu.cn/7/list.htm,https://www.tzu.edu.cn/7/list.htm,read,学校简介,2026-10-01,
4132013573,金陵科技学院,homepage,https://www.jit.edu.cn/,https://www.jit.edu.cn/,read,金陵科技学院,2026-10-01,
4132013573,金陵科技学院,overview,https://www.jit.edu.cn/xxgk/xxjj.htm,https://www.jit.edu.cn/xxgk/xxjj.htm,read,学校简介-金陵科技学院,2026-10-01,
4132013573,金陵科技学院,visual,https://www.jit.edu.cn/xxgk/xywh/xyfj.htm,https://www.jit.edu.cn/xxgk/xywh/xyfj.htm,read,校园风景-金陵科技学院,2026-10-01,
4132013573,金陵科技学院,culture,https://www.jit.edu.cn/info/1006/155473.htm,https://www.jit.edu.cn/info/1006/155473.htm,read,月圆中秋，研路同舟——软件工程学院研究生中秋活动-金陵科技学院,2026-10-01,
4132013573,金陵科技学院,navigation,https://www.jit.edu.cn/info/1007/155223.htm,https://www.jit.edu.cn/info/1007/155223.htm,read,南京动漫科普馆走进溧水和凤镇开展科普月活动-金陵科技学院,2026-10-01,
4132013573,金陵科技学院,visual,https://www.jit.edu.cn/xxgk/xywh/xbxh.htm,https://www.jit.edu.cn/xxgk/xywh/xbxh.htm,read,校标校徽-金陵科技学院,2026-10-01,
4132013573,金陵科技学院,culture,https://www.jit.edu.cn/xxgk/xywh/xxxf.htm,https://www.jit.edu.cn/xxgk/xywh/xxxf.htm,read,校训校风-金陵科技学院,2026-10-01,
4132013573,金陵科技学院,overview,https://www.jit.edu.cn/xxgk/xxjj.htm,https://www.jit.edu.cn/xxgk/xxjj.htm,read,学校简介-金陵科技学院,2026-10-01,
4132013573,金陵科技学院,culture,https://www.jit.edu.cn/xxgk/xywh/xxxf.htm,https://www.jit.edu.cn/xxgk/xywh/xxxf.htm,read,校训校风-金陵科技学院,2026-10-01,
4132013573,金陵科技学院,culture,https://www.jit.edu.cn/info/1006/155473.htm,https://www.jit.edu.cn/info/1006/155473.htm,read,月圆中秋，研路同舟——软件工程学院研究生中秋活动-金陵科技学院,2026-10-01,
4132013982,无锡学院,homepage,http://www.bjxy.cn,,fetch_error,,2026-10-01,URLError
4132013982,无锡学院,overview,https://zs.cwxu.edu.cn/,https://zs.cwxu.edu.cn/,read,无锡学院招生网,2026-10-01,
4132013982,无锡学院,overview,https://www.cwxu.edu.cn/,https://www.cwxu.edu.cn/,read,无锡学院,2026-10-01,
4132013982,无锡学院,overview,https://www.cwxu.edu.cn/xxgk.htm,https://www.cwxu.edu.cn/xxgk.htm,read,学校概况-无锡学院,2026-10-01,
4132013982,无锡学院,overview,https://www.cwxu.edu.cn/xxgk/xxjj.htm,https://www.cwxu.edu.cn/xxgk/xxjj.htm,read,学校简介-无锡学院,2026-10-01,
4132013982,无锡学院,overview,https://zs.cwxu.edu.cn/,https://zs.cwxu.edu.cn/,read,无锡学院招生网,2026-10-01,
4132013982,无锡学院,overview,https://www.cwxu.edu.cn/,https://www.cwxu.edu.cn/,read,无锡学院,2026-10-01,
4132013982,无锡学院,overview,https://www.cwxu.edu.cn/xxgk.htm,https://www.cwxu.edu.cn/xxgk.htm,read,学校概况-无锡学院,2026-10-01,
4132013983,苏州城市学院,homepage,https://www.szcu.edu.cn/,https://www.szcu.edu.cn/,read,苏州城市学院,2026-10-01,
4132013983,苏州城市学院,overview,https://www.szcu.edu.cn/xxjj/list.htm,https://www.szcu.edu.cn/xxjj/list.htm,read,学校简介,2026-10-01,
4132013983,苏州城市学院,navigation,https://www.szcu.edu.cn/2026/0920/c3942a93662/page.htm,https://www.szcu.edu.cn/2026/0920/c3942a93662/page.htm,read,【“企业家进高校”前沿大课堂】镭创高科高文宏董事长走进苏城院开讲《激光图形化在工业领域的应用》,2026-10-01,
4132013983,苏州城市学院,overview,http://www.szcu.edu.cn/xxgk/list.htm,https://www.szcu.edu.cn/xxgk/list.htm,read,学校简介,2026-10-01,
4132013983,苏州城市学院,navigation,https://www.szcu.edu.cn/2026/0927/c3942a93932/page.htm,https://www.szcu.edu.cn/2026/0927/c3942a93932/page.htm,read,《读懂苏州》首启“走读”实践  产教共话通信百年与青年担当,2026-10-01,
4132013983,苏州城市学院,overview,https://www.szcu.edu.cn/xxjj/list.htm,https://www.szcu.edu.cn/xxjj/list.htm,read,学校简介,2026-10-01,
4132013983,苏州城市学院,overview,https://www.szcu.edu.cn/xxgk/list.htm,https://www.szcu.edu.cn/xxgk/list.htm,read,学校简介,2026-10-01,
4132014160,宿迁学院,homepage,https://www.squ.edu.cn/,https://www.squ.edu.cn/,read,宿迁学院,2026-10-01,
4132014160,宿迁学院,overview,https://www.squ.edu.cn/xxgk/xxjj.htm,https://www.squ.edu.cn/xxgk/xxjj.htm,read,学校简介-宿迁学院,2026-10-01,
4132014160,宿迁学院,culture,https://www.squ.edu.cn/xxgk/xfxx.htm,https://www.squ.edu.cn/xxgk/xfxx.htm,read,校风校训-宿迁学院,2026-10-01,
4132014160,宿迁学院,history,https://www.squ.edu.cn/xxgk/lsyg.htm,https://www.squ.edu.cn/xxgk/lsyg.htm,read,历史沿革-宿迁学院,2026-10-01,
4132014160,宿迁学院,overview,https://www.squ.edu.cn/xxgk/xxjj.htm,https://www.squ.edu.cn/xxgk/xxjj.htm,read,学校简介-宿迁学院,2026-10-01,
4132014160,宿迁学院,history,https://www.squ.edu.cn/xxgk/lsyg.htm,https://www.squ.edu.cn/xxgk/lsyg.htm,read,历史沿革-宿迁学院,2026-10-01,
4132014160,宿迁学院,culture,https://www.squ.edu.cn/xxgk/xfxx.htm,https://www.squ.edu.cn/xxgk/xfxx.htm,read,校风校训-宿迁学院,2026-10-01,
4132014436,江苏第二师范学院,homepage,https://www.jssnu.edu.cn/main.htm,https://www.jssnu.edu.cn/main.htm,read,江苏第二师范学院,2026-10-01,
4132014436,江苏第二师范学院,overview,http://www.jssnu.edu.cn/4451/list.htm,https://www.jssnu.edu.cn/4451/list.htm,read,学校介绍,2026-10-01,
4132014436,江苏第二师范学院,visual,https://www.jssnu.edu.cn/4453/list.htm,https://www.jssnu.edu.cn/4453/list.htm,read,学校标识,2026-10-01,
4132014436,江苏第二师范学院,overview,https://www.jssnu.edu.cn/4451/list.htm,https://www.jssnu.edu.cn/4451/list.htm,read,学校介绍,2026-10-01,
4132014436,江苏第二师范学院,overview,https://www.jssnu.edu.cn/4451/list.htm,https://www.jssnu.edu.cn/4451/list.htm,read,学校介绍,2026-10-01,
4132016403,西交利物浦大学,homepage,https://www.xjtlu.edu.cn/,https://www.xjtlu.edu.cn/,read,西交利物浦大学 (XJTLU) - 首页,2026-10-01,
4132016403,西交利物浦大学,overview,https://www.xjtlu.edu.cn/zh/about/overview,https://www.xjtlu.edu.cn/zh/about/overview,read,学校概况 - Xi'an Jiaotong-Liverpool University,2026-10-01,
4132016403,西交利物浦大学,visual,https://www.xjtlu.edu.cn/zh/about/overview/xjtlu-identity,https://www.xjtlu.edu.cn/zh/about/overview/xjtlu-identity,read,学校标识 - Xi'an Jiaotong-Liverpool University,2026-10-01,
4132016403,西交利物浦大学,culture,https://20anniversary.xjtlu.edu.cn/zh/about/anthem,https://20anniversary.xjtlu.edu.cn/zh/about/anthem,read,西交利物浦大学20周年,2026-10-01,
4132016403,西交利物浦大学,visual,https://box.xjtlu.edu.cn/smart-link/4a60dc7a-e5a8-4c3d-8255-48f794342396/,,robots_disallowed,,2026-10-01,
4132016403,西交利物浦大学,overview,https://www.xjtlu.edu.cn/zh/about/overview,https://www.xjtlu.edu.cn/zh/about/overview,read,学校概况 - Xi'an Jiaotong-Liverpool University,2026-10-01,
4132016403,西交利物浦大学,culture,https://20anniversary.xjtlu.edu.cn/zh/about/anthem,https://20anniversary.xjtlu.edu.cn/zh/about/anthem,read,西交利物浦大学20周年,2026-10-01,
4132016406,昆山杜克大学,homepage,https://dukekunshan.edu.cn,,title_mismatch,,2026-10-01,
4132016406,昆山杜克大学,overview,https://admissions.dukekunshan.edu.cn/,https://admissions.dukekunshan.edu.cn/,read,首页 - 本科招生 - 昆山杜克大学,2026-10-01,
4132016406,昆山杜克大学,overview,https://www.dukekunshan.edu.cn/zh-hans/,https://www.dukekunshan.edu.cn/zh-hans/,read,昆山杜克大学 - Duke Kunshan University,2026-10-01,
4132016406,昆山杜克大学,overview,https://www.dukekunshan.edu.cn/zh-hans/visitors/,https://www.dukekunshan.edu.cn/zh-hans/visitors/,read,访客 - 昆山杜克大学,2026-10-01,
4132016406,昆山杜克大学,overview,https://www.dukekunshan.edu.cn/zh-hans/about/welcome-to-duke-kunshan-university/,https://www.dukekunshan.edu.cn/zh-hans/about/welcome-to-duke-kunshan-university/,read,关于昆山杜克大学 - DKU,2026-10-01,
4132016406,昆山杜克大学,overview,https://admissions.dukekunshan.edu.cn/,https://admissions.dukekunshan.edu.cn/,read,首页 - 本科招生 - 昆山杜克大学,2026-10-01,
4132016406,昆山杜克大学,overview,https://www.dukekunshan.edu.cn/zh-hans/,https://www.dukekunshan.edu.cn/zh-hans/,read,昆山杜克大学 - Duke Kunshan University,2026-10-01,
4132016406,昆山杜克大学,overview,https://www.dukekunshan.edu.cn/zh-hans/visitors/,https://www.dukekunshan.edu.cn/zh-hans/visitors/,read,访客 - 昆山杜克大学,2026-10-01,
4132011585,连云港师范学院,homepage,https://www.lygsf.edu.cn/,https://www.lygsf.edu.cn/,read,连云港师范学院,2026-10-01,
4132011585,连云港师范学院,overview,https://www.lygsf.edu.cn/xxjj/list.htm,https://www.lygsf.edu.cn/xxjj/list.htm,read,学校简介,2026-10-01,
4132011585,连云港师范学院,history,https://www.lygsf.edu.cn/lsyg/list.htm,https://www.lygsf.edu.cn/lsyg/list.htm,read,历史沿革,2026-10-01,
4132011585,连云港师范学院,overview,https://www.lygsf.edu.cn/xxgk/list.htm,,access_limited,,2026-10-01,URLError
4132011585,连云港师范学院,overview,https://www.lygsf.edu.cn/xxjj/list.htm,https://www.lygsf.edu.cn/xxjj/list.htm,read,学校简介,2026-10-01,
4132011585,连云港师范学院,history,https://www.lygsf.edu.cn/lsyg/list.htm,https://www.lygsf.edu.cn/lsyg/list.htm,read,历史沿革,2026-10-01,
4133010335,浙江大学,homepage,https://www.zju.edu.cn,https://www.zju.edu.cn,insufficient_text,浙江大学,2026-10-01,
4133010335,浙江大学,visual,https://www.zju.edu.cn/english/2023/0323/c74903a2732011/page.psp,https://www.zju.edu.cn/english/2023/0323/c74903a2732011/page.psp,read,Logo,2026-10-01,
4133010336,杭州电子科技大学,homepage,https://www.hdu.edu.cn,https://www.hdu.edu.cn,read,杭州电子科技大学,2026-10-01,
4133010336,杭州电子科技大学,overview,https://www.hdu.edu.cn/659/list.htm,https://www.hdu.edu.cn/659/list.htm,read,学校简介,2026-10-01,
4133010336,杭州电子科技大学,charter,https://www.hdu.edu.cn/_upload/article/files/b7/db/2cf6e5fe45638547b298779cf9ae/1c0332a8-d71e-49dc-a3c5-0a835c299a4b.pdf,https://www.hdu.edu.cn/_upload/article/files/b7/db/2cf6e5fe45638547b298779cf9ae/1c0332a8-d71e-49dc-a3c5-0a835c299a4b.pdf,read,,2026-10-01,
4133010336,杭州电子科技大学,visual,https://www.hdu.edu.cn/666/list.htm,https://www.hdu.edu.cn/666/list.htm,read,校标规范,2026-10-01,
4133010336,杭州电子科技大学,history,https://www.hdu.edu.cn/664/list.htm,https://www.hdu.edu.cn/664/list.htm,read,校史沿革,2026-10-01,
4133010336,杭州电子科技大学,charter,https://www.hdu.edu.cn/_upload/article/files/b7/db/2cf6e5fe45638547b298779cf9ae/1c0332a8-d71e-49dc-a3c5-0a835c299a4b.pdf,https://www.hdu.edu.cn/_upload/article/files/b7/db/2cf6e5fe45638547b298779cf9ae/1c0332a8-d71e-49dc-a3c5-0a835c299a4b.pdf,read,,2026-10-01,
4133010336,杭州电子科技大学,overview,https://www.hdu.edu.cn/659/list.htm,https://www.hdu.edu.cn/659/list.htm,read,学校简介,2026-10-01,
4133010336,杭州电子科技大学,history,https://www.hdu.edu.cn/664/list.htm,https://www.hdu.edu.cn/664/list.htm,read,校史沿革,2026-10-01,
4133010337,浙江工业大学,homepage,https://www.zjut.edu.cn/,,robots_disallowed,,2026-10-01,
4133010337,浙江工业大学,overview,https://www.zjut.edu.cn/,,robots_disallowed,,2026-10-01,
4133010337,浙江工业大学,overview,https://homepage.zjut.edu.cn/main.htm,https://homepage.zjut.edu.cn/main.htm,read,浙江工业大学,2026-10-01,
4133010337,浙江工业大学,overview,https://homepage.zjut.edu.cn/main.htm,https://homepage.zjut.edu.cn/main.htm,read,浙江工业大学,2026-10-01,
4133010337,浙江工业大学,overview,https://zs.zjut.edu.cn/html/n569.html,https://zs.zjut.edu.cn/html/n569.html,read,浙江工业大学本科招生网,2026-10-01,
4133010338,浙江理工大学,homepage,https://www.zstu.edu.cn/,https://www.zstu.edu.cn/,read,浙江理工大学,2026-10-01,
4133010338,浙江理工大学,overview,https://www.zstu.edu.cn/xxgk/xxjj.htm,https://www.zstu.edu.cn/xxgk/xxjj.htm,read,学校简介-浙江理工大学,2026-10-01,
4133010338,浙江理工大学,visual,https://www.zstu.edu.cn/info/1052/1084.htm,https://www.zstu.edu.cn/info/1052/1084.htm,read,校园精神-浙江理工大学,2026-10-01,
4133010338,浙江理工大学,culture,https://www.zstu.edu.cn/system/_content/download.jsp?urltype=news.DownloadAttachUrl&owner=1851434482&wbfileid=8042694,https://www.zstu.edu.cn/system/_content/download.jsp?urltype=news.DownloadAttachUrl&owner=1851434482&wbfileid=8042694,insufficient_text,附件下载,2026-10-01,
4133010338,浙江理工大学,culture,https://www.zstu.edu.cn/system/_content/download.jsp?urltype=news.DownloadAttachUrl&owner=1851434482&wbfileid=8042695,https://www.zstu.edu.cn/system/_content/download.jsp?urltype=news.DownloadAttachUrl&owner=1851434482&wbfileid=8042695,insufficient_text,附件下载,2026-10-01,
4133010338,浙江理工大学,history,https://www.zstu.edu.cn/xxgk/lsyg.htm,https://www.zstu.edu.cn/xxgk/lsyg.htm,read,历史沿革-浙江理工大学,2026-10-01,
4133010338,浙江理工大学,english,http://admission.zstu.edu.cn/En,https://admission.zstu.edu.cn/En,read,Zhejiang Sci-Tech University,2026-10-01,
4133010338,浙江理工大学,navigation,http://news.zstu.edu.cn/info/1033/52430.htm,https://news.zstu.edu.cn/info/1033/52430.htm,read,浙江理工大学校长陈文兴出席浙江省科协“双走进双服务”绍兴专场暨“数智织新·具身赋能”产业发展交流活动并作主旨报告-浙江理工大学新闻网,2026-10-01,
4133010338,浙江理工大学,visual,https://www.zstu.edu.cn/system/_content/download.jsp?urltype=news.DownloadAttachUrl&owner=1851434482&wbfileid=8042703,https://www.zstu.edu.cn/system/_content/download.jsp?urltype=news.DownloadAttachUrl&owner=1851434482&wbfileid=8042703,insufficient_text,附件下载,2026-10-01,
4133010338,浙江理工大学,visual,https://www.zstu.edu.cn/system/_content/download.jsp?urltype=news.DownloadAttachUrl&owner=1851434482&wbfileid=8042701,https://www.zstu.edu.cn/system/_content/download.jsp?urltype=news.DownloadAttachUrl&owner=1851434482&wbfileid=8042701,insufficient_text,附件下载,2026-10-01,
4133010338,浙江理工大学,overview,https://www.zstu.edu.cn/xxgk/xxjj.htm,https://www.zstu.edu.cn/xxgk/xxjj.htm,read,学校简介-浙江理工大学,2026-10-01,
4133010338,浙江理工大学,history,https://www.zstu.edu.cn/xxgk/lsyg.htm,https://www.zstu.edu.cn/xxgk/lsyg.htm,read,历史沿革-浙江理工大学,2026-10-01,
4133010340,浙江海洋大学,homepage,https://www.zjou.edu.cn/,https://www.zjou.edu.cn/,read,浙江海洋大学,2026-10-01,
4133010340,浙江海洋大学,overview,https://www.zjou.edu.cn/xxgl.htm,https://www.zjou.edu.cn/xxgl.htm,read,学校概览-浙江海洋大学,2026-10-01,
4133010340,浙江海洋大学,charter,https://www.zjou.edu.cn/xxgl/xxzc.htm,https://www.zjou.edu.cn/xxgl/xxzc.htm,read,学校章程-浙江海洋大学,2026-10-01,
4133010340,浙江海洋大学,visual,https://www.zjou.edu.cn/xxgl/xxbs.htm,https://www.zjou.edu.cn/xxgl/xxbs.htm,read,学校标识-浙江海洋大学,2026-10-01,
4133010340,浙江海洋大学,culture,https://www.zjou.edu.cn/xxgl/xxxg.htm,https://www.zjou.edu.cn/xxgl/xxxg.htm,read,学校校歌-浙江海洋大学,2026-10-01,
4133010340,浙江海洋大学,history,https://www.zjou.edu.cn/xxgl/lsyg.htm,https://www.zjou.edu.cn/xxgl/lsyg.htm,read,历史沿革-浙江海洋大学,2026-10-01,
4133010340,浙江海洋大学,overview,https://www.zjou.edu.cn/xxgl/xxjs.htm,https://www.zjou.edu.cn/xxgl/xxjs.htm,read,学校介绍-浙江海洋大学,2026-10-01,
4133010340,浙江海洋大学,charter,https://www.zjou.edu.cn/system/_content/download.jsp?urltype=news.DownloadAttachUrl&owner=1601756982&wbfileid=0770325C9406C4B057FD7EFA6051C4BE,https://www.zjou.edu.cn/system/_content/download.jsp?urltype=news.DownloadAttachUrl&owner=1601756982&wbfileid=0770325C9406C4B057FD7EFA6051C4BE,insufficient_text,附件下载,2026-10-01,
4133010340,浙江海洋大学,visual,https://www.zjou.edu.cn/system/_content/download.jsp?urltype=news.DownloadAttachUrl&owner=1601756982&wbfileid=5D9E558571DA8DE587D2E91D4916924C,https://www.zjou.edu.cn/system/_content/download.jsp?urltype=news.DownloadAttachUrl&owner=1601756982&wbfileid=5D9E558571DA8DE587D2E91D4916924C,insufficient_text,附件下载,2026-10-01,
4133010340,浙江海洋大学,visual,https://www.zjou.edu.cn/system/_content/download.jsp?urltype=news.DownloadAttachUrl&owner=1601756982&wbfileid=9163079C3888DAF358FA10C89E1F0329,https://www.zjou.edu.cn/system/_content/download.jsp?urltype=news.DownloadAttachUrl&owner=1601756982&wbfileid=9163079C3888DAF358FA10C89E1F0329,insufficient_text,附件下载,2026-10-01,
4133010340,浙江海洋大学,charter,https://www.zjou.edu.cn/xxgl/xxzc.htm,https://www.zjou.edu.cn/xxgl/xxzc.htm,read,学校章程-浙江海洋大学,2026-10-01,
4133010340,浙江海洋大学,overview,https://www.zjou.edu.cn/xxgl.htm,https://www.zjou.edu.cn/xxgl.htm,read,学校概览-浙江海洋大学,2026-10-01,
4133010340,浙江海洋大学,overview,https://www.zjou.edu.cn/xxgl/xxjs.htm,https://www.zjou.edu.cn/xxgl/xxjs.htm,read,学校介绍-浙江海洋大学,2026-10-01,
4133010340,浙江海洋大学,history,https://www.zjou.edu.cn/xxgl/lsyg.htm,https://www.zjou.edu.cn/xxgl/lsyg.htm,read,历史沿革-浙江海洋大学,2026-10-01,
4133010340,浙江海洋大学,culture,https://www.zjou.edu.cn/xxgl/xxxg.htm,https://www.zjou.edu.cn/xxgl/xxxg.htm,read,学校校歌-浙江海洋大学,2026-10-01,
4133010341,浙江农林大学,homepage,https://www.zafu.edu.cn/,https://www.zafu.edu.cn/,read,浙江农林大学,2026-10-01,
4133010341,浙江农林大学,overview,https://www.zafu.edu.cn/xqzl/xxgk.htm,https://www.zafu.edu.cn/xqzl/xxgk.htm,read,学校概况-浙江农林大学,2026-10-01,
4133010341,浙江农林大学,visual,https://www.zafu.edu.cn/nlwh/xxbs1.htm,https://www.zafu.edu.cn/nlwh/xxbs1.htm,read,学校标识-浙江农林大学,2026-10-01,
4133010341,浙江农林大学,culture,https://www.zafu.edu.cn/nlwh/xxxg.htm,https://www.zafu.edu.cn/nlwh/xxxg.htm,read,学校校歌-浙江农林大学,2026-10-01,
4133010341,浙江农林大学,history,https://www.zafu.edu.cn/xqzl/lsyg.htm,https://www.zafu.edu.cn/xqzl/lsyg.htm,read,历史沿革-浙江农林大学,2026-10-01,
4133010341,浙江农林大学,english,http://en.zafu.edu.cn,https://en.zafu.edu.cn/,read,浙江农林大学,2026-10-01,
4133010341,浙江农林大学,culture,https://www.zafu.edu.cn/nlwh/xxjswh.htm,https://www.zafu.edu.cn/nlwh/xxjswh.htm,read,学校精神文化-浙江农林大学,2026-10-01,
4133010341,浙江农林大学,overview,https://www.zafu.edu.cn/xqzl/xxgk.htm,https://www.zafu.edu.cn/xqzl/xxgk.htm,read,学校概况-浙江农林大学,2026-10-01,
4133010341,浙江农林大学,history,https://www.zafu.edu.cn/xqzl/lsyg.htm,https://www.zafu.edu.cn/xqzl/lsyg.htm,read,历史沿革-浙江农林大学,2026-10-01,
4133010341,浙江农林大学,culture,https://www.zafu.edu.cn/nlwh/xxxg.htm,https://www.zafu.edu.cn/nlwh/xxxg.htm,read,学校校歌-浙江农林大学,2026-10-01,
4133010341,浙江农林大学,culture,https://www.zafu.edu.cn/nlwh/xxjswh.htm,https://www.zafu.edu.cn/nlwh/xxjswh.htm,read,学校精神文化-浙江农林大学,2026-10-01,
4133010343,温州医科大学,homepage,https://www.wmu.edu.cn/,https://www.wmu.edu.cn/,read,温州医科大学,2026-10-01,
4133010343,温州医科大学,overview,https://www.wmu.edu.cn/xqzl/xxgk.htm,https://www.wmu.edu.cn/xqzl/xxgk.htm,read,学校概况-温州医科大学,2026-10-01,
4133010343,温州医科大学,charter,https://www.wmu.edu.cn/xqzl/xxzc.htm,https://www.wmu.edu.cn/xqzl/xxzc.htm,read,学校章程-温州医科大学,2026-10-01,
4133010343,温州医科大学,history,https://www.wmu.edu.cn/xqzl/lsyg.htm,https://www.wmu.edu.cn/xqzl/lsyg.htm,read,历史沿革-温州医科大学,2026-10-01,
4133010343,温州医科大学,english,http://en.wmu.edu.cn/,https://en.wmu.edu.cn/,read,WENZHOU MEDICAL UNIVERSITY,2026-10-01,
4133010343,温州医科大学,charter,https://www.wmu.edu.cn/xqzl/xxzc.htm,https://www.wmu.edu.cn/xqzl/xxzc.htm,read,学校章程-温州医科大学,2026-10-01,
4133010343,温州医科大学,overview,https://www.wmu.edu.cn/xqzl/xxgk.htm,https://www.wmu.edu.cn/xqzl/xxgk.htm,read,学校概况-温州医科大学,2026-10-01,
4133010343,温州医科大学,history,https://www.wmu.edu.cn/xqzl/lsyg.htm,https://www.wmu.edu.cn/xqzl/lsyg.htm,read,历史沿革-温州医科大学,2026-10-01,
4133010344,浙江中医药大学,homepage,https://www.zcmu.edu.cn,https://www.zcmu.edu.cn,read,浙江中医药大学,2026-10-01,
4133010344,浙江中医药大学,overview,https://www.zcmu.edu.cn/xqzl/xxgk1.htm,https://www.zcmu.edu.cn/xqzl/xxgk1.htm,read,学校概况-浙江中医药大学,2026-10-01,
4133010344,浙江中医药大学,charter,https://www.zcmu.edu.cn/xqzl/xxzc.htm,https://www.zcmu.edu.cn/xqzl/xxzc.htm,read,学校章程-浙江中医药大学,2026-10-01,
4133010344,浙江中医药大学,visual,https://www.zcmu.edu.cn/xqzl/xxbs.htm,https://www.zcmu.edu.cn/xqzl/xxbs.htm,read,学校标识-浙江中医药大学,2026-10-01,
4133010344,浙江中医药大学,charter,https://www.zcmu.edu.cn/xqzl/xxzc.htm,https://www.zcmu.edu.cn/xqzl/xxzc.htm,read,学校章程-浙江中医药大学,2026-10-01,
4133010344,浙江中医药大学,overview,https://www.zcmu.edu.cn/xqzl/xxgk1.htm,https://www.zcmu.edu.cn/xqzl/xxgk1.htm,read,学校概况-浙江中医药大学,2026-10-01,
4133010345,浙江师范大学,homepage,https://www.zjnu.edu.cn,https://www.zjnu.edu.cn,read,浙江师范大学,2026-10-01,
4133010345,浙江师范大学,overview,https://www.zjnu.edu.cn/3999/list.htm,https://www.zjnu.edu.cn/3999/list.htm,read,学校概况,2026-10-01,
4133010345,浙江师范大学,charter,https://www.zjnu.edu.cn/xxzc/list.htm,https://www.zjnu.edu.cn/xxzc/list.htm,read,学校章程,2026-10-01,
4133010345,浙江师范大学,visual,https://www.zjnu.edu.cn/4048/list.htm,https://www.zjnu.edu.cn/4048/list.htm,read,校园文化,2026-10-01,
4133010345,浙江师范大学,history,https://www.zjnu.edu.cn/4003/list.htm,https://www.zjnu.edu.cn/4003/list.htm,read,历史沿革,2026-10-01,
4133010345,浙江师范大学,english,http://www.zjnu.edu.cn/english/,https://www.zjnu.edu.cn/english/,read,浙江师范大学英文版,2026-10-01,
4133010345,浙江师范大学,english,https://www.zjnu.edu.cn/english/main.htm,https://www.zjnu.edu.cn/english/main.htm,read,浙江师范大学英文版,2026-10-01,
4133010345,浙江师范大学,charter,https://www.zjnu.edu.cn/xxzc/list.htm,https://www.zjnu.edu.cn/xxzc/list.htm,read,学校章程,2026-10-01,
4133010345,浙江师范大学,overview,https://www.zjnu.edu.cn/3999/list.htm,https://www.zjnu.edu.cn/3999/list.htm,read,学校概况,2026-10-01,
4133010345,浙江师范大学,history,https://www.zjnu.edu.cn/4003/list.htm,https://www.zjnu.edu.cn/4003/list.htm,read,历史沿革,2026-10-01,
4133010346,杭州师范大学,homepage,https://www.hznu.edu.cn/,,robots_disallowed,,2026-10-01,
4133010346,杭州师范大学,overview,https://www.hznu.edu.cn/c/2020-01-12/2303453.shtml,,robots_disallowed,,2026-10-01,
4133010346,杭州师范大学,history,https://www.hznu.edu.cn/xnxsg/,,robots_disallowed,,2026-10-01,
4133010347,湖州师范大学,homepage,https://www.huznu.edu.cn/,,fetch_error,,2026-10-01,URLError
4133010347,湖州师范大学,overview,https://dyb.huznu.edu.cn/,,access_limited,,2026-10-01,URLError
4133010347,湖州师范大学,overview,https://www.huznu.edu.cn/,,access_limited,,2026-10-01,URLError
4133010347,湖州师范大学,overview,https://www.huznu.edu.cn/,,access_limited,,2026-10-01,URLError
4133010347,湖州师范大学,overview,https://www.zjhu.edu.cn/mainm.psp,,access_limited,,2026-10-01,URLError
4133010349,绍兴大学,homepage,https://www.usx.edu.cn/,https://www.usx.edu.cn/,read,绍兴大学,2026-10-01,
4133010349,绍兴大学,overview,https://www.usx.edu.cn/xxgk/xxjj.htm,https://www.usx.edu.cn/xxgk/xxjj.htm,read,学校简介-绍兴大学,2026-10-01,
4133010349,绍兴大学,visual,https://www.usx.edu.cn/xxsbxt/sy.htm,https://www.usx.edu.cn/xxsbxt/sy.htm,read,首页-绍兴大学,2026-10-01,
4133010349,绍兴大学,english,https://www.usx.edu.cn/en/About_USX.htm,https://www.usx.edu.cn/en/About_USX.htm,read,About USX-绍兴大学,2026-10-01,
4133010349,绍兴大学,visual,https://www.usx.edu.cn/xxsbxt/yysbxt/xh.htm,https://www.usx.edu.cn/xxsbxt/yysbxt/xh.htm,read,校徽-绍兴大学,2026-10-01,
4133010349,绍兴大学,visual,https://www.usx.edu.cn/xxsbxt/jcsbxt/bzs.htm,https://www.usx.edu.cn/xxsbxt/jcsbxt/bzs.htm,read,标准色-绍兴大学,2026-10-01,
4133010349,绍兴大学,overview,https://www.usx.edu.cn/xxgk/xxjj.htm,https://www.usx.edu.cn/xxgk/xxjj.htm,read,学校简介-绍兴大学,2026-10-01,
4133010350,台州学院,homepage,https://www.tzc.edu.cn/,https://www.tzc.edu.cn/,read,台州学院,2026-10-01,
4133010350,台州学院,overview,https://www.tzc.edu.cn/xygk/xyjj.htm,https://www.tzc.edu.cn/xygk/xyjj.htm,read,学校简介-台州学院,2026-10-01,
4133010350,台州学院,charter,https://www.tzc.edu.cn/xygk/xxzc.htm,https://www.tzc.edu.cn/xygk/xxzc.htm,read,学校章程-台州学院,2026-10-01,
4133010350,台州学院,visual,https://yxty.tzc.edu.cn/tywh/xb.htm,https://yxty.tzc.edu.cn/tywh/xb.htm,read,校标-印象台院,2026-10-01,
4133010350,台州学院,culture,https://yxty.tzc.edu.cn/tywh/xg.htm,https://yxty.tzc.edu.cn/tywh/xg.htm,read,校歌-印象台院,2026-10-01,
4133010350,台州学院,charter,https://www.tzc.edu.cn/system/_content/download.jsp?urltype=news.DownloadAttachUrl&owner=2059558270&wbfileid=EB7C86C62FC2E6C3AC01F7135C7E363B,https://www.tzc.edu.cn/system/_content/download.jsp?urltype=news.DownloadAttachUrl&owner=2059558270&wbfileid=EB7C86C62FC2E6C3AC01F7135C7E363B,insufficient_text,附件下载,2026-10-01,
4133010350,台州学院,culture,https://yxty.tzc.edu.cn/tywh/xx.htm,https://yxty.tzc.edu.cn/tywh/xx.htm,read,校训-印象台院,2026-10-01,
4133010350,台州学院,charter,https://www.tzc.edu.cn/xygk/xxzc.htm,https://www.tzc.edu.cn/xygk/xxzc.htm,read,学校章程-台州学院,2026-10-01,
4133010350,台州学院,overview,https://www.tzc.edu.cn/xygk/xyjj.htm,https://www.tzc.edu.cn/xygk/xyjj.htm,read,学校简介-台州学院,2026-10-01,
4133010350,台州学院,culture,https://yxty.tzc.edu.cn/tywh/xg.htm,https://yxty.tzc.edu.cn/tywh/xg.htm,read,校歌-印象台院,2026-10-01,
4133010350,台州学院,culture,https://yxty.tzc.edu.cn/tywh/xx.htm,https://yxty.tzc.edu.cn/tywh/xx.htm,read,校训-印象台院,2026-10-01,
4133010351,温州大学,homepage,https://www.wzu.edu.cn/,https://www.wzu.edu.cn/,read,温州大学,2026-10-01,
4133010351,温州大学,overview,https://www.wzu.edu.cn/xxgk/xxjj.htm,https://www.wzu.edu.cn/xxgk/xxjj.htm,read,学校简介-温州大学,2026-10-01,
4133010351,温州大学,charter,https://www.wzu.edu.cn/xxgk/xxzc.htm,https://www.wzu.edu.cn/xxgk/xxzc.htm,read,学校章程-温州大学,2026-10-01,
4133010351,温州大学,visual,https://www.wzu.edu.cn/xywh/xgxx.htm,https://www.wzu.edu.cn/xywh/xgxx.htm,read,校歌校训-温州大学,2026-10-01,
4133010351,温州大学,culture,https://www.wzu.edu.cn/info/1213/119527.htm,https://www.wzu.edu.cn/info/1213/119527.htm,read,青春向阳，健康同行｜ 温州大学第三十二届校园文化节来咯！-温州大学,2026-10-01,
4133010351,温州大学,history,https://www.wzu.edu.cn/xxgk/lsyg.htm,https://www.wzu.edu.cn/xxgk/lsyg.htm,read,历史沿革-温州大学,2026-10-01,
4133010351,温州大学,english,http://www.wzu.edu.cn/en.htm,https://www.wzu.edu.cn/en.htm,read,Wenzhou University-温州大学,2026-10-01,
4133010351,温州大学,culture,https://www.wzu.edu.cn/info/1213/119517.htm,https://www.wzu.edu.cn/info/1213/119517.htm,read,温州大学2026年“五四”表彰大会暨第三十二届校园文化节开幕-温州大学,2026-10-01,
4133010351,温州大学,charter,https://www.wzu.edu.cn/xxgk/xxzc.htm,https://www.wzu.edu.cn/xxgk/xxzc.htm,read,学校章程-温州大学,2026-10-01,
4133010351,温州大学,overview,https://www.wzu.edu.cn/xxgk/xxjj.htm,https://www.wzu.edu.cn/xxgk/xxjj.htm,read,学校简介-温州大学,2026-10-01,
4133010351,温州大学,history,https://www.wzu.edu.cn/xxgk/lsyg.htm,https://www.wzu.edu.cn/xxgk/lsyg.htm,read,历史沿革-温州大学,2026-10-01,
4133010351,温州大学,culture,https://www.wzu.edu.cn/info/1213/119527.htm,https://www.wzu.edu.cn/info/1213/119527.htm,read,青春向阳，健康同行｜ 温州大学第三十二届校园文化节来咯！-温州大学,2026-10-01,
4133010351,温州大学,culture,https://www.wzu.edu.cn/info/1213/119517.htm,https://www.wzu.edu.cn/info/1213/119517.htm,read,温州大学2026年“五四”表彰大会暨第三十二届校园文化节开幕-温州大学,2026-10-01,
4133010352,丽水学院,homepage,https://www.lsu.edu.cn/main.htm,https://www.lsu.edu.cn/main.htm,read,丽水学院,2026-10-01,
4133010352,丽水学院,overview,https://www.lsu.edu.cn/44/list.htm,https://www.lsu.edu.cn/44/list.htm,read,学校概况,2026-10-01,
4133010352,丽水学院,charter,https://www.lsu.edu.cn/xxzc/list.htm,https://www.lsu.edu.cn/xxzc/list.htm,read,学校章程,2026-10-01,
4133010352,丽水学院,visual,https://www.lsu.edu.cn/48/list.htm,https://www.lsu.edu.cn/48/list.htm,read,学校标识,2026-10-01,
4133010352,丽水学院,history,https://www.lsu.edu.cn/47/list.htm,https://www.lsu.edu.cn/47/list.htm,read,历史沿革,2026-10-01,
4133010352,丽水学院,english,https://www.lsu.edu.cn/2021/1109/c2488a308926/page.htm,https://www.lsu.edu.cn/2021/1109/c2488a308926/page.htm,read,罗小华（民族学院）（华侨学院）Cloud Classroom Design for English Education Based on Internet of Things and Data Mining,2026-10-01,
4133010352,丽水学院,visual,https://www.lsu.edu.cn/2016/0901/c48a2800/page.htm,https://www.lsu.edu.cn/2016/0901/c48a2800/page.htm,read,学校标识,2026-10-01,
4133010352,丽水学院,culture,http://www.lsu.edu.cn/2017/0421/c33a217429/page.htm,https://www.lsu.edu.cn/2017/0421/c33a217429/page.psp,insufficient_text,提示信息,2026-10-01,
4133010352,丽水学院,visual,https://www.lsu.edu.cn/_upload/article/files/bf/41/5d923e6b4424a242e6f81fb1f40e/35233996-191e-4411-ae5e-d5db9f5a7bba-B.pdf,,access_limited,,2026-10-01,ValueError
4133010352,丽水学院,charter,https://www.lsu.edu.cn/xxzc/list.htm,https://www.lsu.edu.cn/xxzc/list.htm,read,学校章程,2026-10-01,
4133010352,丽水学院,overview,https://www.lsu.edu.cn/44/list.htm,https://www.lsu.edu.cn/44/list.htm,read,学校概况,2026-10-01,
4133010352,丽水学院,history,https://www.lsu.edu.cn/47/list.htm,https://www.lsu.edu.cn/47/list.htm,read,历史沿革,2026-10-01,
4133010353,浙江工商大学,homepage,https://www.zjgsu.edu.cn,https://www.zjgsu.edu.cn,read,浙江工商大学,2026-10-01,
4133010354,嘉兴大学,homepage,https://www.zjxu.edu.cn/,https://www.zjxu.edu.cn/,read,嘉兴大学,2026-10-01,
4133010354,嘉兴大学,overview,https://www.zjxu.edu.cn/xqzl/xxgk.htm,https://www.zjxu.edu.cn/xqzl/xxgk.htm,read,学校概况-嘉兴大学,2026-10-01,
4133010354,嘉兴大学,charter,https://www.zjxu.edu.cn/xqzl/xxzc.htm,https://www.zjxu.edu.cn/xqzl/xxzc.htm,read,学校章程-嘉兴大学,2026-10-01,
4133010354,嘉兴大学,visual,https://www.zjxu.edu.cn/xqzl/xxbs.htm,https://www.zjxu.edu.cn/xqzl/xxbs.htm,read,学校标识-嘉兴大学,2026-10-01,
4133010354,嘉兴大学,culture,https://www.zjxu.edu.cn/xqzl/xxxg.htm,https://www.zjxu.edu.cn/xqzl/xxxg.htm,read,学校校歌-嘉兴大学,2026-10-01,
4133010354,嘉兴大学,history,https://www.zjxu.edu.cn/xqzl/lsyg.htm,https://www.zjxu.edu.cn/xqzl/lsyg.htm,read,历史沿革-嘉兴大学,2026-10-01,
4133010354,嘉兴大学,english,http://global.zjxu.edu.cn/,https://global.zjxu.edu.cn/index.htm,read,International Education &amp; Cooperation JXU,2026-10-01,
4133010354,嘉兴大学,navigation,http://news.zjxu.edu.cn/info/1025/20514.htm,https://news.zjxu.edu.cn/info/1025/20514.htm,read,这个九月，外院学子两度走进国际交流现场-嘉兴大学新闻网,2026-10-01,
4133010354,嘉兴大学,culture,https://news.zjxu.edu.cn/xywh.htm,https://news.zjxu.edu.cn/xywh.htm,read,校园文化-嘉兴大学新闻网,2026-10-01,
4133010354,嘉兴大学,navigation,https://news.zjxu.edu.cn/info/1025/20514.htm,https://news.zjxu.edu.cn/info/1025/20514.htm,read,这个九月，外院学子两度走进国际交流现场-嘉兴大学新闻网,2026-10-01,
4133010354,嘉兴大学,charter,https://www.zjxu.edu.cn/xqzl/xxzc.htm,https://www.zjxu.edu.cn/xqzl/xxzc.htm,read,学校章程-嘉兴大学,2026-10-01,
4133010354,嘉兴大学,overview,https://www.zjxu.edu.cn/xqzl/xxgk.htm,https://www.zjxu.edu.cn/xqzl/xxgk.htm,read,学校概况-嘉兴大学,2026-10-01,
4133010354,嘉兴大学,history,https://www.zjxu.edu.cn/xqzl/lsyg.htm,https://www.zjxu.edu.cn/xqzl/lsyg.htm,read,历史沿革-嘉兴大学,2026-10-01,
4133010354,嘉兴大学,culture,https://news.zjxu.edu.cn/xywh.htm,https://news.zjxu.edu.cn/xywh.htm,read,校园文化-嘉兴大学新闻网,2026-10-01,
4133010354,嘉兴大学,culture,https://www.zjxu.edu.cn/xqzl/xxxg.htm,https://www.zjxu.edu.cn/xqzl/xxxg.htm,read,学校校歌-嘉兴大学,2026-10-01,
4133010355,中国美术学院,homepage,https://www.caa.edu.cn,https://www.caa.edu.cn,insufficient_text,中国美术学院,2026-10-01,
4133010356,中国计量大学,homepage,https://www.cjlu.edu.cn/,,fetch_error,,2026-10-01,HTTPError
4133010356,中国计量大学,overview,https://www.cjlu.edu.cn/zgjlj/xwz2025/xxzl1.htm,,access_limited,,2026-10-01,HTTPError
4133010356,中国计量大学,overview,https://www.cjlu.edu.cn/xwz2025/xxfw1/bsxt.htm,,access_limited,,2026-10-01,HTTPError
4133010356,中国计量大学,overview,https://gaokao.chsi.com.cn/gkxx/zbzrft/zt/201807/20180702/1702665295.html,,access_limited,,2026-10-01,HTTPError
4133010876,浙江万里学院,homepage,https://www.zwu.edu.cn/,https://www.zwu.edu.cn/,read,浙江万里学院,2026-10-01,
4133010876,浙江万里学院,overview,https://www.zwu.edu.cn/xxjj/list.htm,https://www.zwu.edu.cn/xxjj/list.htm,read,学校简介,2026-10-01,
4133010876,浙江万里学院,visual,https://www.zwu.edu.cn/xxwxhwxg/list.htm,https://www.zwu.edu.cn/xxwxhwxg/list.htm,read,校标、校歌、校训,2026-10-01,
4133010876,浙江万里学院,english,https://en.zwu.edu.cn/,https://en.zwu.edu.cn/,read,ZWU - Zhejiang Wanli University,2026-10-01,
4133010876,浙江万里学院,overview,https://www.zwu.edu.cn/xxfg/list.htm,https://www.zwu.edu.cn/xxfg/list.htm,read,学校风光,2026-10-01,
4133010876,浙江万里学院,overview,https://www.zwu.edu.cn/xxgk/list.htm,https://www.zwu.edu.cn/xxgk/list.htm,read,学校简介,2026-10-01,
4133010876,浙江万里学院,overview,https://www.zwu.edu.cn/xxjj/list.htm,https://www.zwu.edu.cn/xxjj/list.htm,read,学校简介,2026-10-01,
4133010876,浙江万里学院,overview,https://www.zwu.edu.cn/xxfg/list.htm,https://www.zwu.edu.cn/xxfg/list.htm,read,学校风光,2026-10-01,
4133010876,浙江万里学院,overview,https://www.zwu.edu.cn/xxgk/list.htm,https://www.zwu.edu.cn/xxgk/list.htm,read,学校简介,2026-10-01,
4133011057,浙江科技大学,homepage,https://www.zust.edu.cn/,https://www.zust.edu.cn/,read,浙江科技大学,2026-10-01,
4133011057,浙江科技大学,overview,https://www.zust.edu.cn/gk/xxjj.htm,https://www.zust.edu.cn/gk/xxjj.htm,read,学校简介-浙江科技大学,2026-10-01,
4133011057,浙江科技大学,charter,https://www.zust.edu.cn/gk/xxzc1.htm,https://www.zust.edu.cn/gk/xxzc1.htm,read,学校章程-浙江科技大学,2026-10-01,
4133011057,浙江科技大学,visual,https://www.zust.edu.cn/wh/xxsbxt.htm,https://www.zust.edu.cn/wh/xxsbxt.htm,read,形象识别系统-浙江科技大学,2026-10-01,
4133011057,浙江科技大学,culture,https://www.zust.edu.cn/wh/xg.htm,https://www.zust.edu.cn/wh/xg.htm,read,校歌-浙江科技大学,2026-10-01,
4133011057,浙江科技大学,history,https://www.zust.edu.cn/gk/xsyg.htm,https://www.zust.edu.cn/gk/xsyg.htm,read,校史沿革-浙江科技大学,2026-10-01,
4133011057,浙江科技大学,english,https://en.zust.edu.cn/,https://en.zust.edu.cn/,read,Zhejiang University of Science,2026-10-01,
4133011057,浙江科技大学,navigation,https://www.zust.edu.cn/info/1094/20190.htm,https://www.zust.edu.cn/info/1094/20190.htm,read,我校国际学生走进第五届数贸会，感受数字贸易时代新动能-浙江科技大学,2026-10-01,
4133011057,浙江科技大学,visual,https://www.zust.edu.cn/wh/xb.htm,https://www.zust.edu.cn/wh/xb.htm,read,校标-浙江科技大学,2026-10-01,
4133011057,浙江科技大学,culture,https://www.zust.edu.cn/wh/xx.htm,https://www.zust.edu.cn/wh/xx.htm,read,校训-浙江科技大学,2026-10-01,
4133011057,浙江科技大学,charter,https://www.zust.edu.cn/gk/xxzc1.htm,https://www.zust.edu.cn/gk/xxzc1.htm,read,学校章程-浙江科技大学,2026-10-01,
4133011057,浙江科技大学,overview,https://www.zust.edu.cn/gk/xxjj.htm,https://www.zust.edu.cn/gk/xxjj.htm,read,学校简介-浙江科技大学,2026-10-01,
4133011057,浙江科技大学,history,https://www.zust.edu.cn/gk/xsyg.htm,https://www.zust.edu.cn/gk/xsyg.htm,read,校史沿革-浙江科技大学,2026-10-01,
4133011057,浙江科技大学,culture,https://www.zust.edu.cn/wh/xg.htm,https://www.zust.edu.cn/wh/xg.htm,read,校歌-浙江科技大学,2026-10-01,
4133011057,浙江科技大学,culture,https://www.zust.edu.cn/wh/xx.htm,https://www.zust.edu.cn/wh/xx.htm,read,校训-浙江科技大学,2026-10-01,
4133011058,宁波工程学院,homepage,https://www.nbut.edu.cn/,https://www.nbut.edu.cn/,read,宁波工程学院,2026-10-01,
4133011058,宁波工程学院,overview,https://www.nbut.edu.cn/xxgk/xxjj.htm,https://www.nbut.edu.cn/xxgk/xxjj.htm,read,学校简介-宁波工程学院,2026-10-01,
4133011058,宁波工程学院,charter,https://www.nbut.edu.cn/xxgk/xxzc.htm,https://www.nbut.edu.cn/xxgk/xxzc.htm,read,学校章程-宁波工程学院,2026-10-01,
4133011058,宁波工程学院,visual,https://www.nbut.edu.cn/xywh1/xbxx.htm,https://www.nbut.edu.cn/xywh1/xbxx.htm,read,校标校训-宁波工程学院,2026-10-01,
4133011058,宁波工程学院,culture,https://www.nbut.edu.cn/xywh1/xg.htm,https://www.nbut.edu.cn/xywh1/xg.htm,read,校歌-宁波工程学院,2026-10-01,
4133011058,宁波工程学院,templates,https://www.nbut.edu.cn/xywh1/ngPPTmb.htm,https://www.nbut.edu.cn/xywh1/ngPPTmb.htm,read,宁工PPT模板-宁波工程学院,2026-10-01,
4133011058,宁波工程学院,navigation,https://www.nbut.edu.cn/xxgk/zjng.htm,https://www.nbut.edu.cn/xxgk/zjng.htm,read,走进宁工-宁波工程学院,2026-10-01,
4133011058,宁波工程学院,visual,https://www.nbut.edu.cn/xywh1/xxsbxt.htm,https://www.nbut.edu.cn/xywh1/xxsbxt.htm,read,形象识别系统-宁波工程学院,2026-10-01,
4133011058,宁波工程学院,culture,https://www.nbut.edu.cn/info/1347/8156.htm,https://www.nbut.edu.cn/info/1347/8156.htm,read,打造会“说话”的校园记忆-宁波工程学院,2026-10-01,
4133011058,宁波工程学院,navigation,https://www.nbut.edu.cn/index/zjng.htm,https://www.nbut.edu.cn/index/zjng.htm,read,走进宁工-宁波工程学院,2026-10-01,
4133011058,宁波工程学院,charter,https://www.nbut.edu.cn/xxgk/xxzc.htm,https://www.nbut.edu.cn/xxgk/xxzc.htm,read,学校章程-宁波工程学院,2026-10-01,
4133011058,宁波工程学院,overview,https://www.nbut.edu.cn/xxgk/xxjj.htm,https://www.nbut.edu.cn/xxgk/xxjj.htm,read,学校简介-宁波工程学院,2026-10-01,
4133011058,宁波工程学院,culture,https://www.nbut.edu.cn/xywh1/xg.htm,https://www.nbut.edu.cn/xywh1/xg.htm,read,校歌-宁波工程学院,2026-10-01,
4133011058,宁波工程学院,culture,https://www.nbut.edu.cn/info/1347/8156.htm,https://www.nbut.edu.cn/info/1347/8156.htm,read,打造会“说话”的校园记忆-宁波工程学院,2026-10-01,
4133011481,浙江水利水电学院,homepage,http://www.zjweu.edu.cn/353/list.htm,,fetch_error,,2026-10-01,timeout
4133011481,浙江水利水电学院,overview,https://gaokao.chsi.com.cn/gkxx/zbzrft/zt/201907/20190701/1803751126.html,,access_limited,,2026-10-01,HTTPError
4133011482,浙江财经大学,homepage,https://www.zufe.edu.cn/,https://www.zufe.edu.cn/,read,浙江财经大学,2026-10-01,
4133011482,浙江财经大学,overview,https://www.zufe.edu.cn/zcgk/xxgk.htm,https://www.zufe.edu.cn/zcgk/xxgk.htm,read,学校概况-浙江财经大学,2026-10-01,
4133011482,浙江财经大学,charter,https://www.zufe.edu.cn/zcgk/xxzc.htm,https://www.zufe.edu.cn/zcgk/xxzc.htm,read,学校章程-浙江财经大学,2026-10-01,
4133011482,浙江财经大学,visual,https://www.zufe.edu.cn/zcgk/xxbs.htm,https://www.zufe.edu.cn/zcgk/xxbs.htm,read,学校标识-浙江财经大学,2026-10-01,
4133011482,浙江财经大学,history,https://www.zufe.edu.cn/zcgk/lsyg.htm,https://www.zufe.edu.cn/zcgk/lsyg.htm,read,历史沿革-浙江财经大学,2026-10-01,
4133011482,浙江财经大学,english,https://english.zufe.edu.cn/,https://english.zufe.edu.cn/,read,Zhejiang University of Finance and Economics,2026-10-01,
4133011482,浙江财经大学,navigation,https://www.zufe.edu.cn/info/1056/23134.htm,https://www.zufe.edu.cn/info/1056/23134.htm,read,以梦为帆，共赴新程！学校喜迎2026级新生-浙江财经大学,2026-10-01,
4133011482,浙江财经大学,charter,https://www.zufe.edu.cn/zcgk/xxzc.htm,https://www.zufe.edu.cn/zcgk/xxzc.htm,read,学校章程-浙江财经大学,2026-10-01,
4133011482,浙江财经大学,overview,https://www.zufe.edu.cn/zcgk/xxgk.htm,https://www.zufe.edu.cn/zcgk/xxgk.htm,read,学校概况-浙江财经大学,2026-10-01,
4133011482,浙江财经大学,history,https://www.zufe.edu.cn/zcgk/lsyg.htm,https://www.zufe.edu.cn/zcgk/lsyg.htm,read,历史沿革-浙江财经大学,2026-10-01,
4133011483,浙江警察学院,homepage,http://www.zjjcxy.cn/zjpc/index.html,,robots_disallowed,,2026-10-01,HTTPError
4133011483,浙江警察学院,charter,https://gaokao.chsi.com.cn/zsgs/zhangcheng/listVerifedZszc--method-view%2CschId-822%2CinfoId-7590128461.dhtml,,access_limited,,2026-10-01,HTTPError
4133011483,浙江警察学院,charter,https://gaokao.chsi.com.cn/zsgs/zhangcheng/listVerifedZszc--method-view%2CschId-822%2CinfoId-7590128461.dhtml,,access_limited,,2026-10-01,URLError
4133011488,衢州学院,homepage,http://www.qzu.zj.cn/English/,,robots_disallowed,,2026-10-01,timeout
4133011488,衢州学院,charter,https://dxxy.qzc.edu.cn/_upload/article/files/40/43/cd9b9bd244a4ba0eea2a5d5188a7/62e5e972-5014-4b62-ba78-adcb81bcb246.pdf,https://dxxy.qzc.edu.cn/_upload/article/files/40/43/cd9b9bd244a4ba0eea2a5d5188a7/62e5e972-5014-4b62-ba78-adcb81bcb246.pdf,read,,2026-10-01,
4133011488,衢州学院,overview,https://www.qzc.edu.cn/,https://www.qzc.edu.cn/,read,衢州学院,2026-10-01,
4133011488,衢州学院,overview,https://xsc.qzc.edu.cn/,https://xsc.qzc.edu.cn/,read,衢州学院-学工在线,2026-10-01,
4133011488,衢州学院,charter,https://dxxy.qzc.edu.cn/_upload/article/files/40/43/cd9b9bd244a4ba0eea2a5d5188a7/62e5e972-5014-4b62-ba78-adcb81bcb246.pdf,https://dxxy.qzc.edu.cn/_upload/article/files/40/43/cd9b9bd244a4ba0eea2a5d5188a7/62e5e972-5014-4b62-ba78-adcb81bcb246.pdf,read,,2026-10-01,
4133011488,衢州学院,overview,https://www.qzc.edu.cn/,https://www.qzc.edu.cn/,read,衢州学院,2026-10-01,
4133011488,衢州学院,overview,https://xsc.qzc.edu.cn/,https://xsc.qzc.edu.cn/,read,衢州学院-学工在线,2026-10-01,
4133011646,宁波大学,homepage,https://www.nbu.edu.cn/,,robots_disallowed,,2026-10-01,
4133011646,宁波大学,visual,https://vi.nbu.edu.cn/jcbf/xxbz/scgf.htm,,robots_disallowed,,2026-10-01,
4133011646,宁波大学,templates,https://vi.nbu.edu.cn/yybf1/mbyzy/mbyzy.htm,,robots_disallowed,,2026-10-01,
4133011647,浙江传媒学院,homepage,https://www.cuz.edu.cn/,https://www.cuz.edu.cn/,read,浙江传媒学院资源 1,2026-10-01,
4133011647,浙江传媒学院,overview,https://www.cuz.edu.cn/xxgk/xxjj.htm,https://www.cuz.edu.cn/xxgk/xxjj.htm,read,学校简介-浙江传媒学院,2026-10-01,
4133011647,浙江传媒学院,charter,https://www.cuz.edu.cn/xxgk/xxzc.htm,https://www.cuz.edu.cn/xxgk/xxzc.htm,read,学校章程-浙江传媒学院,2026-10-01,
4133011647,浙江传媒学院,visual,https://www.cuz.edu.cn/xxgk/xxbs1/xb.htm,https://www.cuz.edu.cn/xxgk/xxbs1/xb.htm,read,校标-浙江传媒学院,2026-10-01,
4133011647,浙江传媒学院,culture,https://www.cuz.edu.cn/xxgk/xxbs1/xx.htm,https://www.cuz.edu.cn/xxgk/xxbs1/xx.htm,read,校训-浙江传媒学院,2026-10-01,
4133011647,浙江传媒学院,history,https://www.cuz.edu.cn/xxgk/xsyg.htm,https://www.cuz.edu.cn/xxgk/xsyg.htm,read,校史沿革-浙江传媒学院,2026-10-01,
4133011647,浙江传媒学院,navigation,https://www.cuz.edu.cn/info/1081/227462.htm,https://www.cuz.edu.cn/info/1081/227462.htm,read,省关工委纪念红军长征胜利90周年宣讲团走进浙江传媒学院-浙江传媒学院,2026-10-01,
4133011647,浙江传媒学院,visual,https://www.cuz.edu.cn/system/_content/download.jsp?urltype=news.DownloadAttachUrl&owner=2090619750&wbfileid=B4B16617C3FC5F5DD2A2FE54EA0A737D,https://www.cuz.edu.cn/system/_content/download.jsp?urltype=news.DownloadAttachUrl&owner=2090619750&wbfileid=B4B16617C3FC5F5DD2A2FE54EA0A737D,insufficient_text,附件下载,2026-10-01,
4133011647,浙江传媒学院,charter,https://www.cuz.edu.cn/xxgk/xxzc.htm,https://www.cuz.edu.cn/xxgk/xxzc.htm,read,学校章程-浙江传媒学院,2026-10-01,
4133011647,浙江传媒学院,overview,https://www.cuz.edu.cn/xxgk/xxjj.htm,https://www.cuz.edu.cn/xxgk/xxjj.htm,read,学校简介-浙江传媒学院,2026-10-01,
4133011647,浙江传媒学院,history,https://www.cuz.edu.cn/xxgk/xsyg.htm,https://www.cuz.edu.cn/xxgk/xsyg.htm,read,校史沿革-浙江传媒学院,2026-10-01,
4133011647,浙江传媒学院,culture,https://www.cuz.edu.cn/xxgk/xxbs1/xx.htm,https://www.cuz.edu.cn/xxgk/xxbs1/xx.htm,read,校训-浙江传媒学院,2026-10-01,
4133013021,浙大城市学院,homepage,https://www.hzcu.edu.cn/,https://www.hzcu.edu.cn/,read,浙大城市学院,2026-10-01,
4133013021,浙大城市学院,overview,https://www.hzcu.edu.cn/gk/xxjj.htm,https://www.hzcu.edu.cn/gk/xxjj.htm,read,学校简介-浙大城市学院,2026-10-01,
4133013021,浙大城市学院,charter,https://www.hzcu.edu.cn/gk/xxzc.htm,https://www.hzcu.edu.cn/gk/xxzc.htm,read,学校章程-浙大城市学院,2026-10-01,
4133013021,浙大城市学院,visual,https://www.hzcu.edu.cn/gk/xxbs.htm,https://www.hzcu.edu.cn/gk/xxbs.htm,read,学校标识-浙大城市学院,2026-10-01,
4133013021,浙大城市学院,english,http://english.hzcu.edu.cn/,,access_limited,,2026-10-01,RemoteDisconnected
4133013021,浙大城市学院,visual,https://www.hzcu.edu.cn/fj/zyys.pdf,,access_limited,,2026-10-01,ValueError
4133013021,浙大城市学院,charter,https://www.hzcu.edu.cn/gk/xxzc.htm,https://www.hzcu.edu.cn/gk/xxzc.htm,read,学校章程-浙大城市学院,2026-10-01,
4133013021,浙大城市学院,overview,https://www.hzcu.edu.cn/gk/xxjj.htm,https://www.hzcu.edu.cn/gk/xxjj.htm,read,学校简介-浙大城市学院,2026-10-01,
4133013022,浙大宁波理工学院,homepage,https://lib.nbt.edu.cn/,,access_limited,,2026-10-01,timeout
4133013023,杭州医学院,homepage,https://www.hmc.edu.cn/,https://www.hmc.edu.cn/,read,杭州医学院,2026-10-01,
4133013023,杭州医学院,overview,https://www.hmc.edu.cn/xxgk/xxjj/,https://www.hmc.edu.cn/xxgk/xxjj/,read,杭州医学院-校园简介,2026-10-01,
4133013023,杭州医学院,visual,https://www.hmc.edu.cn/xxgk/xxbs/,https://www.hmc.edu.cn/xxgk/xxbs/,read,杭州医学院-学校标识,2026-10-01,
4133013023,杭州医学院,history,https://www.hmc.edu.cn/xxgk/lsyg/,https://www.hmc.edu.cn/xxgk/lsyg/,read,杭州医学院-历史沿革,2026-10-01,
4133013023,杭州医学院,overview,https://www.hmc.edu.cn/xxgk/,https://www.hmc.edu.cn/xxgk/,read,杭州医学院,2026-10-01,
4133013023,杭州医学院,overview,https://www.hmc.edu.cn/xxgk/xxjj/202603/t20260303_6709046.shtml,https://www.hmc.edu.cn/xxgk/xxjj/202603/t20260303_6709046.shtml,read,杭州医学院-杭州医学院学校简介,2026-10-01,
4133013023,杭州医学院,overview,https://www.hmc.edu.cn/xxgk/,https://www.hmc.edu.cn/xxgk/,read,杭州医学院,2026-10-01,
4133013023,杭州医学院,overview,https://www.hmc.edu.cn/xxgk/xxjj/,https://www.hmc.edu.cn/xxgk/xxjj/,read,杭州医学院-校园简介,2026-10-01,
4133013023,杭州医学院,overview,https://www.hmc.edu.cn/xxgk/xxjj/202603/t20260303_6709046.shtml,https://www.hmc.edu.cn/xxgk/xxjj/202603/t20260303_6709046.shtml,read,杭州医学院-杭州医学院学校简介,2026-10-01,
4133013023,杭州医学院,history,https://www.hmc.edu.cn/xxgk/lsyg/,https://www.hmc.edu.cn/xxgk/lsyg/,read,杭州医学院-历史沿革,2026-10-01,
4133013287,湖州学院,homepage,https://www.zjhzu.edu.cn/,https://www.zjhzu.edu.cn/,read,湖州学院,2026-10-01,
4133013287,湖州学院,overview,https://www.zjhzu.edu.cn/xxjj/list.htm,https://www.zjhzu.edu.cn/xxjj/list.htm,read,学校简介,2026-10-01,
4133013287,湖州学院,charter,https://www.zjhzu.edu.cn/xxbs/list.htm,https://www.zjhzu.edu.cn/xxbs/list.htm,read,学校章程,2026-10-01,
4133013287,湖州学院,history,https://www.zjhzu.edu.cn/2026/0715/c2611a43271/page.htm,https://www.zjhzu.edu.cn/2026/0715/c2611a43271/page.htm,read,林清教授受邀来我校开展专题讲座,2026-10-01,
4133013287,湖州学院,navigation,https://www.zjhzu.edu.cn/2026/0930/c318a45289/page.htm,https://www.zjhzu.edu.cn/2026/0930/c318a45289/page.htm,read,探秘食药检 传承中药情｜生命健康学院（体育部）开展“我爱湖州”教学实践暨中药资源与开发微专业参观活动,2026-10-01,
4133013287,湖州学院,overview,https://www.zjhzu.edu.cn/xygk/list.htm,https://www.zjhzu.edu.cn/xygk/list.htm,read,学校简介,2026-10-01,
4133013287,湖州学院,navigation,https://www.zjhzu.edu.cn/2026/0928/c2611a45210/page.htm,https://www.zjhzu.edu.cn/2026/0928/c2611a45210/page.htm,read,求真大讲堂：张跃西教授应邀来校作“两山”理论暨生态文明进大学校园专题报告,2026-10-01,
4133013287,湖州学院,charter,https://www.zjhzu.edu.cn/xxbs/list.htm,https://www.zjhzu.edu.cn/xxbs/list.htm,read,学校章程,2026-10-01,
4133013287,湖州学院,overview,https://www.zjhzu.edu.cn/xxjj/list.htm,https://www.zjhzu.edu.cn/xxjj/list.htm,read,学校简介,2026-10-01,
4133013287,湖州学院,overview,https://www.zjhzu.edu.cn/xygk/list.htm,https://www.zjhzu.edu.cn/xygk/list.htm,read,学校简介,2026-10-01,
4133013287,湖州学院,history,https://www.zjhzu.edu.cn/2026/0715/c2611a43271/page.htm,https://www.zjhzu.edu.cn/2026/0715/c2611a43271/page.htm,read,林清教授受邀来我校开展专题讲座,2026-10-01,
4133013288,绍兴理工学院,homepage,https://www.ypc.edu.cn,,fetch_error,,2026-10-01,URLError
4133013288,绍兴理工学院,overview,https://ypc.edu.cn/,,access_limited,,2026-10-01,URLError
4133013288,绍兴理工学院,overview,https://www.ypc.edu.cn/,,access_limited,,2026-10-01,URLError
4133013288,绍兴理工学院,overview,https://ypc.edu.cn/index.htm,,access_limited,,2026-10-01,URLError
4133013289,温州理工学院,homepage,https://www.wzut.edu.cn/,https://www.wzut.edu.cn/,read,温州理工学院官网,2026-10-01,
4133013289,温州理工学院,overview,https://www.wzut.edu.cn/col/col1472/index.html,https://www.wzut.edu.cn/col/col1472/index.html,read,温州理工学院官网,2026-10-01,
4133013289,温州理工学院,charter,https://www.wzut.edu.cn/col/col1473/index.html,https://www.wzut.edu.cn/col/col1473/index.html,read,温州理工学院官网,2026-10-01,
4133013289,温州理工学院,charter,https://www.wzut.edu.cn/col/col1473/index.html,https://www.wzut.edu.cn/col/col1473/index.html,read,温州理工学院官网,2026-10-01,
4133013289,温州理工学院,overview,https://www.wzut.edu.cn/col/col1472/index.html,https://www.wzut.edu.cn/col/col1472/index.html,read,温州理工学院官网,2026-10-01,
4133013291,嘉兴南湖学院,homepage,https://www.jxnhu.edu.cn/,https://www.jxnhu.edu.cn/,read,嘉兴南湖学院,2026-10-01,
4133013291,嘉兴南湖学院,overview,https://www.jxnhu.edu.cn/xqzl/xxgk.htm,https://www.jxnhu.edu.cn/xqzl/xxgk.htm,read,学校概况-嘉兴南湖学院,2026-10-01,
4133013291,嘉兴南湖学院,charter,https://www.jxnhu.edu.cn/xqzl/xxzc.htm,https://www.jxnhu.edu.cn/xqzl/xxzc.htm,read,学校章程-嘉兴南湖学院,2026-10-01,
4133013291,嘉兴南湖学院,visual,https://www.jxnhu.edu.cn/xqzl/xybsxt.htm,https://www.jxnhu.edu.cn/xqzl/xybsxt.htm,read,校园标识系统-嘉兴南湖学院,2026-10-01,
4133013291,嘉兴南湖学院,visual,https://www.jxnhu.edu.cn/info/1241/14820.htm,https://www.jxnhu.edu.cn/info/1241/14820.htm,read,戴上新校徽，成为“南湖人”！嘉兴南湖学院2026级新生开学典礼举行-嘉兴南湖学院,2026-10-01,
4133013291,嘉兴南湖学院,visual,https://www.jxnhu.edu.cn/system/_content/download.jsp?urltype=news.DownloadAttachUrl&owner=1509179284&wbfileid=3FE1AA4DFAE8F9F193E639C1D93F6553,https://www.jxnhu.edu.cn/system/_content/download.jsp?urltype=news.DownloadAttachUrl&owner=1509179284&wbfileid=3FE1AA4DFAE8F9F193E639C1D93F6553,insufficient_text,附件下载,2026-10-01,
4133013291,嘉兴南湖学院,charter,https://www.jxnhu.edu.cn/xqzl/xxzc.htm,https://www.jxnhu.edu.cn/xqzl/xxzc.htm,read,学校章程-嘉兴南湖学院,2026-10-01,
4133013291,嘉兴南湖学院,overview,https://www.jxnhu.edu.cn/xqzl/xxgk.htm,https://www.jxnhu.edu.cn/xqzl/xxgk.htm,read,学校概况-嘉兴南湖学院,2026-10-01,
4133013637,温州商学院,homepage,https://www.wzbc.edu.cn/,https://www.wzbc.edu.cn/,read,温州商学院,2026-10-01,
4133013637,温州商学院,overview,https://www.wzbc.edu.cn/Col/Col8/Index.aspx,https://www.wzbc.edu.cn/Col/Col8/Index.aspx,read,学校简介-温州商学院,2026-10-01,
4133013637,温州商学院,visual,https://www.wzbc.edu.cn/Col/Col14/Index.aspx,https://www.wzbc.edu.cn/Col/Col14/Index.aspx,read,学校标识-温州商学院,2026-10-01,
4133013637,温州商学院,history,https://www.wzbc.edu.cn/Col/Col9/Index.aspx,https://www.wzbc.edu.cn/Col/Col9/Index.aspx,read,历史沿革-温州商学院,2026-10-01,
4133013637,温州商学院,english,http://www.wzbc.edu.cn/Col/Col443/Index.aspx,https://www.wzbc.edu.cn/Col/Col443/Index.aspx,read,WZBC,2026-10-01,
4133013637,温州商学院,overview,https://www.wzbc.edu.cn/Col/Col8/Index.aspx,https://www.wzbc.edu.cn/Col/Col8/Index.aspx,read,学校简介-温州商学院,2026-10-01,
4133013637,温州商学院,history,https://www.wzbc.edu.cn/Col/Col9/Index.aspx,https://www.wzbc.edu.cn/Col/Col9/Index.aspx,read,历史沿革-温州商学院,2026-10-01,
4133014275,浙江外国语学院,homepage,https://www.zisu.edu.cn/,https://www.zisu.edu.cn/,read,浙江外国语学院,2026-10-01,
4133014275,浙江外国语学院,overview,https://www.zisu.edu.cn/xqzl1/xxjj.htm,https://www.zisu.edu.cn/xqzl1/xxjj.htm,read,学校简介-浙江外国语学院,2026-10-01,
4133014275,浙江外国语学院,charter,https://www.zisu.edu.cn/info/1153/14541.htm,https://www.zisu.edu.cn/info/1153/14541.htm,read,浙江外国语学院章程-浙江外国语学院,2026-10-01,
4133014275,浙江外国语学院,visual,https://www.zisu.edu.cn/xqzl1/xxbs/xb.htm,https://www.zisu.edu.cn/xqzl1/xxbs/xb.htm,read,校标-浙江外国语学院,2026-10-01,
4133014275,浙江外国语学院,culture,https://www.zisu.edu.cn/xqzl1/xxbs/xg.htm,https://www.zisu.edu.cn/xqzl1/xxbs/xg.htm,read,校歌-浙江外国语学院,2026-10-01,
4133014275,浙江外国语学院,english,http://www.zisu.edu.cn/english/,https://www.zisu.edu.cn/english/,read,浙江外国语学院,2026-10-01,
4133014275,浙江外国语学院,navigation,https://www.zisu.edu.cn/xqzl1/xxls.htm,https://www.zisu.edu.cn/xqzl1/xxls.htm,read,学校历史-浙江外国语学院,2026-10-01,
4133014275,浙江外国语学院,visual,https://www.zisu.edu.cn/xqzl1/xxbs/xxsbxt.htm,https://www.zisu.edu.cn/xqzl1/xxbs/xxsbxt.htm,read,形象识别系统-浙江外国语学院,2026-10-01,
4133014275,浙江外国语学院,templates,https://www.zisu.edu.cn/system/_content/download.jsp?urltype=news.DownloadAttachUrl&owner=1687734104&wbfileid=13150817,https://www.zisu.edu.cn/system/_content/download.jsp?urltype=news.DownloadAttachUrl&owner=1687734104&wbfileid=13150817,insufficient_text,附件下载,2026-10-01,
4133014275,浙江外国语学院,templates,https://www.zisu.edu.cn/system/_content/download.jsp?urltype=news.DownloadAttachUrl&owner=1687734104&wbfileid=13150818,https://www.zisu.edu.cn/system/_content/download.jsp?urltype=news.DownloadAttachUrl&owner=1687734104&wbfileid=13150818,insufficient_text,附件下载,2026-10-01,
4133014275,浙江外国语学院,charter,https://www.zisu.edu.cn/info/1153/14541.htm,https://www.zisu.edu.cn/info/1153/14541.htm,read,浙江外国语学院章程-浙江外国语学院,2026-10-01,
4133014275,浙江外国语学院,overview,https://www.zisu.edu.cn/xqzl1/xxjj.htm,https://www.zisu.edu.cn/xqzl1/xxjj.htm,read,学校简介-浙江外国语学院,2026-10-01,
4133014275,浙江外国语学院,culture,https://www.zisu.edu.cn/xqzl1/xxbs/xg.htm,https://www.zisu.edu.cn/xqzl1/xxbs/xg.htm,read,校歌-浙江外国语学院,2026-10-01,
4133014535,浙江音乐学院,homepage,https://www.zjcm.edu.cn,https://www.zjcm.edu.cn,read,浙江音乐学院官网,2026-10-01,
4133014535,浙江音乐学院,overview,https://www.zjcm.edu.cn/zyxw/mtjj/202609/75906.html,https://www.zjcm.edu.cn/zyxw/mtjj/202609/75906.html,read,凤凰网：浙江音乐学院院长王瑞在2026年开学典礼上的致辞 - 媒体聚焦 - 浙江音乐学院官网,2026-10-01,
4133014535,浙江音乐学院,overview,https://www.zjcm.edu.cn/zyxw/mtjj/202609/75906.html,https://www.zjcm.edu.cn/zyxw/mtjj/202609/75906.html,read,凤凰网：浙江音乐学院院长王瑞在2026年开学典礼上的致辞 - 媒体聚焦 - 浙江音乐学院官网,2026-10-01,
4133014626,西湖大学,homepage,https://www.westlake.edu.cn/,,robots_disallowed,,2026-10-01,
4133016301,宁波诺丁汉大学,homepage,http://www.nottingham.edu.cn/,,fetch_error,,2026-10-01,URLError
4133016301,宁波诺丁汉大学,overview,https://www.nottingham.edu.cn/cn/index.aspx,,access_limited,,2026-10-01,URLError
4133016301,宁波诺丁汉大学,overview,https://www.nottingham.edu.cn/cn/about/who-we-are.aspx,,access_limited,,2026-10-01,URLError
4133016301,宁波诺丁汉大学,overview,https://www.nottingham.edu.cn/cn/Study-with-us/Home.aspx,,access_limited,,2026-10-01,URLError
4133016301,宁波诺丁汉大学,overview,https://www.nottingham.edu.cn/cn/about/strategy/home.aspx,,access_limited,,2026-10-01,URLError
4133016301,宁波诺丁汉大学,charter,https://zjjcmspublic.oss-cn-hangzhou-zwynet-d01-a.internet.cloud.zj.gov.cn/jcms_files/jcms1/web3505/site/attach/0/606fbd401bad42eabce683bbe51d20e1.pdf,,robots_disallowed,,2026-10-01,
4133016405,温州肯恩大学,homepage,https://www.wku.edu.cn/,https://www.wku.edu.cn/,read,首页 | 温州肯恩大学,2026-10-01,
4133016405,温州肯恩大学,english,https://www.wku.edu.cn/en/home,https://www.wku.edu.cn/en,read,HOME | 温州肯恩大学,2026-10-01,
4133016405,温州肯恩大学,english,https://www.wku.edu.cn/<front>,,access_limited,,2026-10-01,HTTPError
4133014943,宁波东方理工大学,homepage,https://www.eitech.edu.cn/,https://www.eitech.edu.cn/,read,宁波东方理工大学,2026-10-01,
4133014943,宁波东方理工大学,overview,http://www.eitech.edu.cn/xxjj_112/list.htm,,access_limited,,2026-10-01,timeout
4133014943,宁波东方理工大学,overview,https://www.eitech.edu.cn/xxjj_112/list.htm,https://www.eitech.edu.cn/xxjj_112/list.htm,read,学校简介,2026-10-01,
4133014943,宁波东方理工大学,visual,https://www.eitech.edu.cn/xxbs/list.htm,https://www.eitech.edu.cn/xxbs/list.htm,read,学校标识,2026-10-01,
4133014943,宁波东方理工大学,history,https://www.eitech.edu.cn/160/list.htm,https://www.eitech.edu.cn/160/list.htm,read,建校历程,2026-10-01,
4133014943,宁波东方理工大学,visual,https://www.eitech.edu.cn/290/list.htm,https://www.eitech.edu.cn/290/list.htm,read,标准色,2026-10-01,
4133014943,宁波东方理工大学,visual,https://www.eitech.edu.cn/291/list.htm,https://www.eitech.edu.cn/291/list.htm,read,标准色色阶,2026-10-01,
4133014943,宁波东方理工大学,overview,https://www.eitech.edu.cn/xxjj_112/list.htm,https://www.eitech.edu.cn/xxjj_112/list.htm,read,学校简介,2026-10-01,
4133014943,宁波东方理工大学,history,https://www.eitech.edu.cn/160/list.htm,https://www.eitech.edu.cn/160/list.htm,read,建校历程,2026-10-01,
4134010357,安徽大学,homepage,http://www.ahu.edu.cn/,http://www.ahu.edu.cn/,read,安徽大学主页,2026-10-01,
4134010357,安徽大学,overview,http://www.ahu.edu.cn/148/list.htm,http://www.ahu.edu.cn/148/list.htm,read,学校简介,2026-10-01,
4134010357,安徽大学,visual,http://www.ahu.edu.cn/149/list.htm,http://www.ahu.edu.cn/149/list.htm,read,学校标识,2026-10-01,
4134010357,安徽大学,history,http://www.ahu.edu.cn/151/list.htm,http://www.ahu.edu.cn/151/list.htm,read,历史沿革,2026-10-01,
4134010357,安徽大学,navigation,http://www.ahu.edu.cn/2026/0928/c53a401908/page.htm,http://www.ahu.edu.cn/2026/0928/c53a401908/page.htm,read,孔院访商校，龙画连中智——智利圣托马斯大学孔子学院走进瓦尔帕莱索商业中学开展中文教育交流活动,2026-10-01,
4134010357,安徽大学,overview,http://www.ahu.edu.cn/42/list.htm,http://www.ahu.edu.cn/42/list.htm,read,学校简介,2026-10-01,
4134010357,安徽大学,overview,http://www.ahu.edu.cn/42/list.htm,http://www.ahu.edu.cn/42/list.htm,read,学校简介,2026-10-01,
4134010357,安徽大学,overview,http://www.ahu.edu.cn/148/list.htm,http://www.ahu.edu.cn/148/list.htm,read,学校简介,2026-10-01,
4134010357,安徽大学,history,http://www.ahu.edu.cn/151/list.htm,http://www.ahu.edu.cn/151/list.htm,read,历史沿革,2026-10-01,
4134010358,中国科学技术大学,homepage,https://ustc.edu.cn,https://ustc.edu.cn,read,中国科学技术大学,2026-10-01,
4134010358,中国科学技术大学,overview,https://ustc.edu.cn/xxgk/xxjj.htm,https://ustc.edu.cn/xxgk/xxjj.htm,read,学校简介-中国科学技术大学,2026-10-01,
4134010358,中国科学技术大学,english,http://en.ustc.edu.cn/,http://en.ustc.edu.cn/,read,University of Science and Technology of China,2026-10-01,
4134010358,中国科学技术大学,navigation,http://news.ustc.edu.cn/info/1055/96461.htm,http://news.ustc.edu.cn/info/1055/96461.htm,read,国家大剧院合唱团专场音乐会走进中国科大-中国科大新闻网,2026-10-01,
4134010358,中国科学技术大学,overview,https://ustc.edu.cn/xxgk/xxjj.htm,https://ustc.edu.cn/xxgk/xxjj.htm,read,学校简介-中国科学技术大学,2026-10-01,
4134010359,合肥工业大学,homepage,http://www.hfut.edu.cn,http://www.hfut.edu.cn,read,合肥工业大学,2026-10-01,
4134010359,合肥工业大学,overview,http://www.hfut.edu.cn/xxgk.htm,http://www.hfut.edu.cn/xxgk.htm,read,学校概况-合肥工业大学,2026-10-01,
4134010359,合肥工业大学,charter,http://www.hfut.edu.cn/xxgk/xxzc.htm,http://www.hfut.edu.cn/xxgk/xxzc.htm,read,学校章程-合肥工业大学,2026-10-01,
4134010359,合肥工业大学,history,http://www.hfut.edu.cn/xxgk/lsyg.htm,http://www.hfut.edu.cn/xxgk/lsyg.htm,read,历史沿革-合肥工业大学,2026-10-01,
4134010359,合肥工业大学,navigation,http://news.hfut.edu.cn/info/1015/79137.htm,http://news.hfut.edu.cn/info/1015/79137.htm,read,【安徽日报】国家大剧院合唱团走进合肥工业大学 “时代回响”专场音乐会奏响翡翠湖畔-合肥工业大学新闻网,2026-10-01,
4134010359,合肥工业大学,charter,http://www.hfut.edu.cn/xxgk/xxzc.htm,http://www.hfut.edu.cn/xxgk/xxzc.htm,read,学校章程-合肥工业大学,2026-10-01,
4134010359,合肥工业大学,overview,http://www.hfut.edu.cn/xxgk.htm,http://www.hfut.edu.cn/xxgk.htm,read,学校概况-合肥工业大学,2026-10-01,
4134010359,合肥工业大学,history,http://www.hfut.edu.cn/xxgk/lsyg.htm,http://www.hfut.edu.cn/xxgk/lsyg.htm,read,历史沿革-合肥工业大学,2026-10-01,
4134010360,安徽工业大学,homepage,https://www.ahut.edu.cn/,https://www.ahut.edu.cn/,read,欢迎访问安徽工业大学门户网站！,2026-10-01,
4134010360,安徽工业大学,overview,https://www.ahut.edu.cn/xxgk/xxjj.htm,https://www.ahut.edu.cn/xxgk/xxjj.htm,read,学校简介-欢迎访问安徽工业大学门户网站！,2026-10-01,
4134010360,安徽工业大学,charter,https://www.ahut.edu.cn/xxgk/xxzc.htm,https://www.ahut.edu.cn/xxgk/xxzc.htm,read,学校章程-欢迎访问安徽工业大学门户网站！,2026-10-01,
4134010360,安徽工业大学,visual,https://www.ahut.edu.cn/xxgk/xhyh.htm,https://www.ahut.edu.cn/xxgk/xhyh.htm,read,校徽院徽-欢迎访问安徽工业大学门户网站！,2026-10-01,
4134010360,安徽工业大学,culture,https://www.ahut.edu.cn/xxgk/xx.htm,https://www.ahut.edu.cn/xxgk/xx.htm,read,校训-欢迎访问安徽工业大学门户网站！,2026-10-01,
4134010360,安徽工业大学,history,https://www.ahut.edu.cn/xxgk/xsyg.htm,https://www.ahut.edu.cn/xxgk/xsyg.htm,read,校史沿革-欢迎访问安徽工业大学门户网站！,2026-10-01,
4134010360,安徽工业大学,english,http://en.ahut.edu.cn/,https://en.ahut.edu.cn/,read,Anhui University of Technology,2026-10-01,
4134010360,安徽工业大学,navigation,https://www.ahut.edu.cn/info/1233/28207.htm,https://www.ahut.edu.cn/info/1233/28207.htm,read,2026年“高雅艺术进校园”专场演出走进我校-欢迎访问安徽工业大学门户网站！,2026-10-01,
4134010360,安徽工业大学,culture,https://www.ahut.edu.cn/xxgk/xg.htm,https://www.ahut.edu.cn/xxgk/xg.htm,read,校歌-欢迎访问安徽工业大学门户网站！,2026-10-01,
4134010360,安徽工业大学,charter,https://www.ahut.edu.cn/xxgk/xxzc.htm,https://www.ahut.edu.cn/xxgk/xxzc.htm,read,学校章程-欢迎访问安徽工业大学门户网站！,2026-10-01,
4134010360,安徽工业大学,overview,https://www.ahut.edu.cn/xxgk/xxjj.htm,https://www.ahut.edu.cn/xxgk/xxjj.htm,read,学校简介-欢迎访问安徽工业大学门户网站！,2026-10-01,
4134010360,安徽工业大学,history,https://www.ahut.edu.cn/xxgk/xsyg.htm,https://www.ahut.edu.cn/xxgk/xsyg.htm,read,校史沿革-欢迎访问安徽工业大学门户网站！,2026-10-01,
4134010360,安徽工业大学,culture,https://www.ahut.edu.cn/xxgk/xx.htm,https://www.ahut.edu.cn/xxgk/xx.htm,read,校训-欢迎访问安徽工业大学门户网站！,2026-10-01,
4134010360,安徽工业大学,culture,https://www.ahut.edu.cn/xxgk/xg.htm,https://www.ahut.edu.cn/xxgk/xg.htm,read,校歌-欢迎访问安徽工业大学门户网站！,2026-10-01,
4134010361,安徽理工大学,homepage,https://www.aust.edu.cn,https://www.aust.edu.cn,read,安徽理工大学,2026-10-01,
4134010361,安徽理工大学,overview,https://www.aust.edu.cn/xxgk/xxjj.htm,https://www.aust.edu.cn/xxgk/xxjj.htm,read,学校简介-安徽理工大学,2026-10-01,
4134010361,安徽理工大学,charter,https://www.aust.edu.cn/xxgk/xxzc.htm,https://www.aust.edu.cn/xxgk/xxzc.htm,read,学校章程-安徽理工大学,2026-10-01,
4134010361,安徽理工大学,history,https://www.aust.edu.cn/xxgk/xsyg.htm,https://www.aust.edu.cn/xxgk/xsyg.htm,read,校史沿革-安徽理工大学,2026-10-01,
4134010361,安徽理工大学,overview,https://www.aust.edu.cn/xxgk.htm,https://www.aust.edu.cn/xxgk.htm,read,学校概况-安徽理工大学,2026-10-01,
4134010361,安徽理工大学,charter,https://www.aust.edu.cn/xxgk/xxzc.htm,https://www.aust.edu.cn/xxgk/xxzc.htm,read,学校章程-安徽理工大学,2026-10-01,
4134010361,安徽理工大学,overview,https://www.aust.edu.cn/xxgk.htm,https://www.aust.edu.cn/xxgk.htm,read,学校概况-安徽理工大学,2026-10-01,
4134010361,安徽理工大学,overview,https://www.aust.edu.cn/xxgk/xxjj.htm,https://www.aust.edu.cn/xxgk/xxjj.htm,read,学校简介-安徽理工大学,2026-10-01,
4134010361,安徽理工大学,history,https://www.aust.edu.cn/xxgk/xsyg.htm,https://www.aust.edu.cn/xxgk/xsyg.htm,read,校史沿革-安徽理工大学,2026-10-01,
4134010363,安徽工程大学,homepage,https://www.ahpu.edu.cn/,https://www.ahpu.edu.cn/,read,安徽工程大学,2026-10-01,
4134010363,安徽工程大学,overview,https://www.ahpu.edu.cn/11283/list.htm,https://www.ahpu.edu.cn/11283/list.htm,read,学校简介,2026-10-01,
4134010363,安徽工程大学,charter,https://www.ahpu.edu.cn/11282/list.htm,https://www.ahpu.edu.cn/11282/list.htm,read,学校章程,2026-10-01,
4134010363,安徽工程大学,visual,https://www.ahpu.edu.cn/11286/list.htm,https://www.ahpu.edu.cn/11286/list.htm,read,学校标识,2026-10-01,
4134010363,安徽工程大学,culture,https://www.ahpu.edu.cn/11289/list.htm,https://www.ahpu.edu.cn/11289/list.htm,read,校训,2026-10-01,
4134010363,安徽工程大学,history,https://www.ahpu.edu.cn/11285/list.htm,https://www.ahpu.edu.cn/11285/list.htm,read,校史沿革,2026-10-01,
4134010363,安徽工程大学,navigation,https://www.ahpu.edu.cn/2026/0921/c4a278737/page.htm,https://www.ahpu.edu.cn/2026/0921/c4a278737/page.htm,read,党建引领 启智润心  “科创少年志・筑梦‘十五五’”主题研学走进安徽工程大学,2026-10-01,
4134010363,安徽工程大学,overview,https://www.ahpu.edu.cn/11280/list.htm,https://www.ahpu.edu.cn/11280/list.htm,read,学校章程,2026-10-01,
4134010363,安徽工程大学,visual,https://www.ahpu.edu.cn/11290/list.htm,https://www.ahpu.edu.cn/11290/list.htm,read,校徽,2026-10-01,
4134010363,安徽工程大学,culture,https://www.ahpu.edu.cn/2026/0918/c11362a278831/page.htm,https://www.ahpu.edu.cn/2026/0918/c11362a278831/page.htm,read,校史馆里的“开学第一课”：2026级新生在回望中厚植爱校情怀,2026-10-01,
4134010363,安徽工程大学,charter,https://www.ahpu.edu.cn/11282/list.htm,https://www.ahpu.edu.cn/11282/list.htm,read,学校章程,2026-10-01,
4134010363,安徽工程大学,overview,https://www.ahpu.edu.cn/11283/list.htm,https://www.ahpu.edu.cn/11283/list.htm,read,学校简介,2026-10-01,
4134010363,安徽工程大学,overview,https://www.ahpu.edu.cn/11280/list.htm,https://www.ahpu.edu.cn/11280/list.htm,read,学校章程,2026-10-01,
4134010363,安徽工程大学,history,https://www.ahpu.edu.cn/11285/list.htm,https://www.ahpu.edu.cn/11285/list.htm,read,校史沿革,2026-10-01,
4134010363,安徽工程大学,culture,https://www.ahpu.edu.cn/11289/list.htm,https://www.ahpu.edu.cn/11289/list.htm,read,校训,2026-10-01,
4134010364,安徽农业大学,homepage,https://www.ahau.edu.cn,https://www.ahau.edu.cn,read,安徽农业大学,2026-10-01,
4134010364,安徽农业大学,overview,https://www.ahau.edu.cn/xxgk/xxjj.htm,https://www.ahau.edu.cn/xxgk/xxjj.htm,read,学校简介-安徽农业大学,2026-10-01,
4134010364,安徽农业大学,charter,https://www.ahau.edu.cn/xxgk/xxzc.htm,https://www.ahau.edu.cn/xxgk/xxzc.htm,read,学校章程-安徽农业大学,2026-10-01,
4134010364,安徽农业大学,history,https://www.ahau.edu.cn/xxgk/lsyg.htm,https://www.ahau.edu.cn/xxgk/lsyg.htm,read,历史沿革-安徽农业大学,2026-10-01,
4134010364,安徽农业大学,charter,https://www.ahau.edu.cn/xxgk/xxzc.htm,https://www.ahau.edu.cn/xxgk/xxzc.htm,read,学校章程-安徽农业大学,2026-10-01,
4134010364,安徽农业大学,overview,https://www.ahau.edu.cn/xxgk/xxjj.htm,https://www.ahau.edu.cn/xxgk/xxjj.htm,read,学校简介-安徽农业大学,2026-10-01,
4134010364,安徽农业大学,history,https://www.ahau.edu.cn/xxgk/lsyg.htm,https://www.ahau.edu.cn/xxgk/lsyg.htm,read,历史沿革-安徽农业大学,2026-10-01,
4134010366,安徽医科大学,homepage,http://www.ahmu.edu.cn/,,robots_disallowed,,2026-10-01,
4134010366,安徽医科大学,overview,https://www.ahmu.edu.cn/,,robots_disallowed,,2026-10-01,
4134010366,安徽医科大学,overview,https://zs.ahmu.edu.cn/2019/0507/c5702a64992/page.htm,,robots_disallowed,,2026-10-01,
4134010366,安徽医科大学,charter,https://ggws.ahmu.edu.cn/2024/0111/c1058a150542/page.htm,,robots_disallowed,,2026-10-01,
4134010367,蚌埠医科大学,homepage,https://www.bbmu.edu.cn/,,access_limited,,2026-10-01,URLError
4134010367,蚌埠医科大学,overview,https://www.bbmu.edu.cn/xxgk1/xxjj.htm,,access_limited,,2026-10-01,URLError
4134010368,皖南医科大学,homepage,https://www.wnmc.edu.cn/,https://www.wnmc.edu.cn/,read,皖南医科大学,2026-10-01,
4134010368,皖南医科大学,overview,https://www.wnmc.edu.cn/xxgk/xxjj.htm,https://www.wnmc.edu.cn/xxgk/xxjj.htm,read,学校简介-皖南医科大学,2026-10-01,
4134010368,皖南医科大学,visual,http://whw.wnmc.edu.cn/,http://whw.wnmc.edu.cn/,read,皖南医科大学文化网,2026-10-01,
4134010368,皖南医科大学,history,https://www.wnmc.edu.cn/xxgk/lsyg.htm,https://www.wnmc.edu.cn/xxgk/lsyg.htm,read,历史沿革-皖南医科大学,2026-10-01,
4134010368,皖南医科大学,overview,https://www.wnmc.edu.cn/xxgk/xxjj.htm,https://www.wnmc.edu.cn/xxgk/xxjj.htm,read,学校简介-皖南医科大学,2026-10-01,
4134010368,皖南医科大学,history,https://www.wnmc.edu.cn/xxgk/lsyg.htm,https://www.wnmc.edu.cn/xxgk/lsyg.htm,read,历史沿革-皖南医科大学,2026-10-01,
4134010369,安徽中医药大学,homepage,https://www.ahtcm.edu.cn,https://www.ahtcm.edu.cn,read,安徽中医药大学,2026-10-01,
4134010369,安徽中医药大学,overview,https://www.ahtcm.edu.cn/xxgk/xxjj.htm,https://www.ahtcm.edu.cn/xxgk/xxjj.htm,read,学校简介-安徽中医药大学,2026-10-01,
4134010369,安徽中医药大学,charter,https://www.ahtcm.edu.cn/xxgk/xxzc.htm,https://www.ahtcm.edu.cn/xxgk/xxzc.htm,read,学校章程-安徽中医药大学,2026-10-01,
4134010369,安徽中医药大学,visual,https://www.ahtcm.edu.cn/xxgk/xxbs/xm.htm,https://www.ahtcm.edu.cn/xxgk/xxbs/xm.htm,read,校名-安徽中医药大学,2026-10-01,
4134010369,安徽中医药大学,culture,https://www.ahtcm.edu.cn/xxgk/xxbs/xg.htm,https://www.ahtcm.edu.cn/xxgk/xxbs/xg.htm,read,校歌-安徽中医药大学,2026-10-01,
4134010369,安徽中医药大学,english,https://gjjl.ahtcm.edu.cn/,https://gjjl.ahtcm.edu.cn/,read,International Exchange and Cooperation Center,2026-10-01,
4134010369,安徽中医药大学,visual,https://www.ahtcm.edu.cn/xxgk/xxbs/xh.htm,https://www.ahtcm.edu.cn/xxgk/xxbs/xh.htm,read,校徽-安徽中医药大学,2026-10-01,
4134010369,安徽中医药大学,culture,https://www.ahtcm.edu.cn/xxgk/xxbs/xx.htm,https://www.ahtcm.edu.cn/xxgk/xxbs/xx.htm,read,校训-安徽中医药大学,2026-10-01,
4134010369,安徽中医药大学,charter,https://www.ahtcm.edu.cn/xxgk/xxzc.htm,https://www.ahtcm.edu.cn/xxgk/xxzc.htm,read,学校章程-安徽中医药大学,2026-10-01,
4134010369,安徽中医药大学,overview,https://www.ahtcm.edu.cn/xxgk/xxjj.htm,https://www.ahtcm.edu.cn/xxgk/xxjj.htm,read,学校简介-安徽中医药大学,2026-10-01,
4134010369,安徽中医药大学,culture,https://www.ahtcm.edu.cn/xxgk/xxbs/xg.htm,https://www.ahtcm.edu.cn/xxgk/xxbs/xg.htm,read,校歌-安徽中医药大学,2026-10-01,
4134010369,安徽中医药大学,culture,https://www.ahtcm.edu.cn/xxgk/xxbs/xx.htm,https://www.ahtcm.edu.cn/xxgk/xxbs/xx.htm,read,校训-安徽中医药大学,2026-10-01,
4134010370,安徽师范大学,homepage,https://www.ahnu.edu.cn,https://www.ahnu.edu.cn,read,安徽师范大学,2026-10-01,
4134010370,安徽师范大学,overview,https://www.ahnu.edu.cn/xxgk/xxjj.htm,https://www.ahnu.edu.cn/xxgk/xxjj.htm,read,学校简介-安徽师范大学,2026-10-01,
4134010370,安徽师范大学,visual,https://www.ahnu.edu.cn/xxgk/xxbs/bzs.htm,https://www.ahnu.edu.cn/xxgk/xxbs/bzs.htm,read,标准色-安徽师范大学,2026-10-01,
4134010370,安徽师范大学,culture,https://www.ahnu.edu.cn/xxgk/xxbs/xg.htm,https://www.ahnu.edu.cn/xxgk/xxbs/xg.htm,read,校歌-安徽师范大学,2026-10-01,
4134010370,安徽师范大学,history,https://www.ahnu.edu.cn/xxgk/xxyg.htm,https://www.ahnu.edu.cn/xxgk/xxyg.htm,read,学校沿革-安徽师范大学,2026-10-01,
4134010370,安徽师范大学,overview,https://www.ahnu.edu.cn/xxgk.htm,https://www.ahnu.edu.cn/xxgk.htm,read,学校概况-安徽师范大学,2026-10-01,
4134010370,安徽师范大学,visual,https://www.ahnu.edu.cn/xxgk/xxbs/xmxh.htm,https://www.ahnu.edu.cn/xxgk/xxbs/xmxh.htm,read,校名校徽-安徽师范大学,2026-10-01,
4134010370,安徽师范大学,culture,https://www.ahnu.edu.cn/xxgk/xxbs/xxxq.htm,https://www.ahnu.edu.cn/xxgk/xxbs/xxxq.htm,read,校训校旗-安徽师范大学,2026-10-01,
4134010370,安徽师范大学,visual,https://www.ahnu.edu.cn/system/_content/download.jsp?urltype=news.DownloadAttachUrl&owner=1551458133&wbfileid=E60E3524A76641DB292BE94DDEF868E2,https://www.ahnu.edu.cn/system/_content/download.jsp?urltype=news.DownloadAttachUrl&owner=1551458133&wbfileid=E60E3524A76641DB292BE94DDEF868E2,insufficient_text,附件下载,2026-10-01,
4134010370,安徽师范大学,overview,https://www.ahnu.edu.cn/xxgk.htm,https://www.ahnu.edu.cn/xxgk.htm,read,学校概况-安徽师范大学,2026-10-01,
4134010370,安徽师范大学,overview,https://www.ahnu.edu.cn/xxgk/xxjj.htm,https://www.ahnu.edu.cn/xxgk/xxjj.htm,read,学校简介-安徽师范大学,2026-10-01,
4134010370,安徽师范大学,history,https://www.ahnu.edu.cn/xxgk/xxyg.htm,https://www.ahnu.edu.cn/xxgk/xxyg.htm,read,学校沿革-安徽师范大学,2026-10-01,
4134010370,安徽师范大学,culture,https://www.ahnu.edu.cn/xxgk/xxbs/xg.htm,https://www.ahnu.edu.cn/xxgk/xxbs/xg.htm,read,校歌-安徽师范大学,2026-10-01,
4134010370,安徽师范大学,culture,https://www.ahnu.edu.cn/xxgk/xxbs/xxxq.htm,https://www.ahnu.edu.cn/xxgk/xxbs/xxxq.htm,read,校训校旗-安徽师范大学,2026-10-01,
4134010371,阜阳师范大学,homepage,https://www.fynu.edu.cn/,https://www.fynu.edu.cn/,read,欢迎访问阜阳师范大学网站,2026-10-01,
4134010371,阜阳师范大学,overview,https://www.fynu.edu.cn/xxgk/xxjj.htm,https://www.fynu.edu.cn/xxgk/xxjj.htm,read,学校简介-欢迎访问阜阳师范大学网站,2026-10-01,
4134010371,阜阳师范大学,charter,https://www.fynu.edu.cn/xxgk/xxzc.htm,https://www.fynu.edu.cn/xxgk/xxzc.htm,read,学校章程-欢迎访问阜阳师范大学网站,2026-10-01,
4134010371,阜阳师范大学,culture,https://www.fynu.edu.cn/xywh1.htm,https://www.fynu.edu.cn/xywh1.htm,read,校园文化-欢迎访问阜阳师范大学网站,2026-10-01,
4134010371,阜阳师范大学,navigation,https://www.fynu.edu.cn/info/1058/66414.htm,https://www.fynu.edu.cn/info/1058/66414.htm,read,以学筑青春，共勉话成长——优秀校友施开波教授走进青年大讲堂-欢迎访问阜阳师范大学网站,2026-10-01,
4134010371,阜阳师范大学,overview,https://www.fynu.edu.cn/xxgk/xxjj_yw_.htm,https://www.fynu.edu.cn/xxgk/xxjj_yw_.htm,read,学校简介（英文）-欢迎访问阜阳师范大学网站,2026-10-01,
4134010371,阜阳师范大学,culture,https://www.fynu.edu.cn/xywh1/xgxx.htm,https://www.fynu.edu.cn/xywh1/xgxx.htm,read,校歌校训-欢迎访问阜阳师范大学网站,2026-10-01,
4134010371,阜阳师范大学,charter,https://www.fynu.edu.cn/xxgk/xxzc.htm,https://www.fynu.edu.cn/xxgk/xxzc.htm,read,学校章程-欢迎访问阜阳师范大学网站,2026-10-01,
4134010371,阜阳师范大学,overview,https://www.fynu.edu.cn/xxgk/xxjj.htm,https://www.fynu.edu.cn/xxgk/xxjj.htm,read,学校简介-欢迎访问阜阳师范大学网站,2026-10-01,
4134010371,阜阳师范大学,overview,https://www.fynu.edu.cn/xxgk/xxjj_yw_.htm,https://www.fynu.edu.cn/xxgk/xxjj_yw_.htm,read,学校简介（英文）-欢迎访问阜阳师范大学网站,2026-10-01,
4134010371,阜阳师范大学,culture,https://www.fynu.edu.cn/xywh1.htm,https://www.fynu.edu.cn/xywh1.htm,read,校园文化-欢迎访问阜阳师范大学网站,2026-10-01,
4134010371,阜阳师范大学,culture,https://www.fynu.edu.cn/xywh1/xgxx.htm,https://www.fynu.edu.cn/xywh1/xgxx.htm,read,校歌校训-欢迎访问阜阳师范大学网站,2026-10-01,
4134010372,安庆师范大学,homepage,https://www.aqnu.edu.cn/,https://www.aqnu.edu.cn/,read,安庆师范大学,2026-10-01,
4134010372,安庆师范大学,overview,https://www.aqnu.edu.cn/xxgklm/xxjj.htm,https://www.aqnu.edu.cn/xxgklm/xxjj.htm,read,学校简介-安庆师范大学,2026-10-01,
4134010372,安庆师范大学,history,http://bnxs.aqnu.edu.cn/lsyg.htm,https://bnxs.aqnu.edu.cn/lsyg.htm,read,历史沿革-百年校史,2026-10-01,
4134010372,安庆师范大学,english,http://bgs.aqnu.edu.cn/English.htm,https://bgs.aqnu.edu.cn/English.htm,read,English-安庆师范大学党委办公室 校长办公室 法治工作办公室,2026-10-01,
4134010372,安庆师范大学,overview,https://www.aqnu.edu.cn/xxgklm.htm,https://www.aqnu.edu.cn/xxgklm.htm,read,学校概况-安庆师范大学,2026-10-01,
4134010372,安庆师范大学,history,https://bnxs.aqnu.edu.cn/lsyg.htm,https://bnxs.aqnu.edu.cn/lsyg.htm,read,历史沿革-百年校史,2026-10-01,
4134010372,安庆师范大学,english,https://bgs.aqnu.edu.cn/English.htm,https://bgs.aqnu.edu.cn/English.htm,read,English-安庆师范大学党委办公室 校长办公室 法治工作办公室,2026-10-01,
4134010372,安庆师范大学,overview,https://www.aqnu.edu.cn/xxgklm.htm,https://www.aqnu.edu.cn/xxgklm.htm,read,学校概况-安庆师范大学,2026-10-01,
4134010372,安庆师范大学,overview,https://www.aqnu.edu.cn/xxgklm/xxjj.htm,https://www.aqnu.edu.cn/xxgklm/xxjj.htm,read,学校简介-安庆师范大学,2026-10-01,
4134010372,安庆师范大学,history,https://bnxs.aqnu.edu.cn/lsyg.htm,https://bnxs.aqnu.edu.cn/lsyg.htm,read,历史沿革-百年校史,2026-10-01,
4134010373,淮北师范大学,homepage,https://www.chnu.edu.cn/,https://www.chnu.edu.cn/,read,淮北师范大学,2026-10-01,
4134010373,淮北师范大学,overview,https://www.chnu.edu.cn/abutus,https://www.chnu.edu.cn/abutus/xxjj,read,学校简介_学校概况_淮北师范大学,2026-10-01,
4134010373,淮北师范大学,visual,https://www.chnu.edu.cn/abutus/sjsbxt,https://www.chnu.edu.cn/abutus/sjsbxt,read,视觉形象识别_学校概况_淮北师范大学,2026-10-01,
4134010373,淮北师范大学,navigation,https://www.chnu.edu.cn/mtgz/content_151785,https://www.chnu.edu.cn/mtgz/content_151785,read,央广网、中国网：淮北师范大学“行走的课堂”走进拂晓报社_媒体关注_淮北师范大学,2026-10-01,
4134010373,淮北师范大学,overview,https://www.chnu.edu.cn/abutus/xxjj,https://www.chnu.edu.cn/abutus/xxjj,read,学校简介_学校概况_淮北师范大学,2026-10-01,
4134010373,淮北师范大学,visual,https://www.chnu.edu.cn/abutus/sjsbxt/jcbf/bzs,https://www.chnu.edu.cn/abutus/sjsbxt/jcbf/bzs,read,标准色_基础部分_视觉形象识别_学校概况_淮北师范大学,2026-10-01,
4134010373,淮北师范大学,visual,https://www.chnu.edu.cn/abutus/sjsbxt/jcbf/xhgf,https://www.chnu.edu.cn/abutus/sjsbxt/jcbf/xhgf,read,校徽规范_基础部分_视觉形象识别_学校概况_淮北师范大学,2026-10-01,
4134010373,淮北师范大学,overview,https://www.chnu.edu.cn/abutus/xxjj,https://www.chnu.edu.cn/abutus/xxjj,read,学校简介_学校概况_淮北师范大学,2026-10-01,
4134010375,黄山学院,homepage,https://www.hsu.edu.cn/,https://www.hsu.edu.cn/,read,黄山学院,2026-10-01,
4134010375,黄山学院,overview,https://www.hsu.edu.cn/5/list.htm,https://www.hsu.edu.cn/5/list.htm,read,学院简介,2026-10-01,
4134010375,黄山学院,charter,https://www.hsu.edu.cn/xyzc/list.htm,https://www.hsu.edu.cn/xyzc/list.htm,read,学院章程,2026-10-01,
4134010375,黄山学院,navigation,https://www.hsu.edu.cn/4f/67/c24a216935/page.htm,https://www.hsu.edu.cn/4f/67/c24a216935/page.htm,read,点亮少年科学梦 化学化工学院联合机电工程学院走进黄山市实验小学,2026-10-01,
4134010375,黄山学院,overview,https://www.hsu.edu.cn/6/list.htm,https://www.hsu.edu.cn/6/list.htm,read,学院简介,2026-10-01,
4134010375,黄山学院,charter,https://www.hsu.edu.cn/xyzc/list.htm,https://www.hsu.edu.cn/xyzc/list.htm,read,学院章程,2026-10-01,
4134010375,黄山学院,overview,https://www.hsu.edu.cn/5/list.htm,https://www.hsu.edu.cn/5/list.htm,read,学院简介,2026-10-01,
4134010375,黄山学院,overview,https://www.hsu.edu.cn/6/list.htm,https://www.hsu.edu.cn/6/list.htm,read,学院简介,2026-10-01,
4134010376,皖西学院,homepage,https://www.wxc.edu.cn/,https://www.wxc.edu.cn/,read,皖西学院,2026-10-01,
4134010376,皖西学院,overview,https://www.wxc.edu.cn/7409/list.htm,https://www.wxc.edu.cn/7409/list.htm,read,学校简介,2026-10-01,
4134010376,皖西学院,charter,https://www.wxc.edu.cn/7411/list.htm,https://www.wxc.edu.cn/7411/list.htm,read,学校章程,2026-10-01,
4134010376,皖西学院,history,https://www.wxc.edu.cn/7412/list.htm,https://www.wxc.edu.cn/7412/list.htm,read,历史沿革,2026-10-01,
4134010376,皖西学院,english,https://en.wxc.edu.cn/,https://en.wxc.edu.cn/,read,West Anhui University,2026-10-01,
4134010376,皖西学院,overview,https://www.wxc.edu.cn/xxgk_7405/list.htm,https://www.wxc.edu.cn/xxgk_7405/list.htm,read,学校简介,2026-10-01,
4134010376,皖西学院,charter,https://www.wxc.edu.cn/7411/list.htm,https://www.wxc.edu.cn/7411/list.htm,read,学校章程,2026-10-01,
4134010376,皖西学院,overview,https://www.wxc.edu.cn/7409/list.htm,https://www.wxc.edu.cn/7409/list.htm,read,学校简介,2026-10-01,
4134010376,皖西学院,overview,https://www.wxc.edu.cn/xxgk_7405/list.htm,https://www.wxc.edu.cn/xxgk_7405/list.htm,read,学校简介,2026-10-01,
4134010376,皖西学院,history,https://www.wxc.edu.cn/7412/list.htm,https://www.wxc.edu.cn/7412/list.htm,read,历史沿革,2026-10-01,
4134010377,滁州学院,homepage,http://www.chzu.edu.cn/eng/,,robots_disallowed,,2026-10-01,
4134010377,滁州学院,overview,https://www.chzu.edu.cn/,https://www.chzu.edu.cn/,read,滁州学院,2026-10-01,
4134010377,滁州学院,overview,https://zsw.chzu.edu.cn/,,robots_disallowed,,2026-10-01,
4134010377,滁州学院,overview,https://www.chzu.edu.cn/,,robots_disallowed,,2026-10-01,
4134010378,安徽财经大学,homepage,https://www.aufe.edu.cn/,https://www.aufe.edu.cn/,read,安徽财经大学,2026-10-01,
4134010378,安徽财经大学,overview,https://www.aufe.edu.cn/8427/list.htm,https://www.aufe.edu.cn/8427/list.htm,read,学校简介,2026-10-01,
4134010378,安徽财经大学,visual,https://aufevis.aufe.edu.cn/,https://aufevis.aufe.edu.cn/,read,安徽财经大学视觉形象识别系统,2026-10-01,
4134010378,安徽财经大学,history,https://www.aufe.edu.cn/8429/list.htm,https://www.aufe.edu.cn/8429/list.htm,read,历史沿革,2026-10-01,
4134010378,安徽财经大学,navigation,https://www.aufe.edu.cn/2026/0917/c14488a255805/page.htm,https://www.aufe.edu.cn/2026/0917/c14488a255805/page.htm,read,6金2铜！安财田径健儿在省十六运会实现历史性突破,2026-10-01,
4134010378,安徽财经大学,overview,https://www.aufe.edu.cn/xxgk/list.htm,https://www.aufe.edu.cn/xxgk/list.htm,read,学校简介,2026-10-01,
4134010378,安徽财经大学,visual,https://aufevis.aufe.edu.cn/2022/0402/c12608a180320/page.htm,https://aufevis.aufe.edu.cn/2022/0402/c12608a180320/page.htm,read,标准色,2026-10-01,
4134010378,安徽财经大学,history,https://www.aufe.edu.cn/2026/0916/c14488a255718/page.htm,https://www.aufe.edu.cn/2026/0916/c14488a255718/page.htm,read,国元证券副总裁梁化彬一行来校调研交流,2026-10-01,
4134010378,安徽财经大学,visual,https://aufevis.aufe.edu.cn/2022/0403/c12610a180336/page.htm,https://aufevis.aufe.edu.cn/2022/0403/c12610a180336/page.htm,read,安徽财经大学视觉形象识别系统管理办法（暂行）,2026-10-01,
4134010378,安徽财经大学,overview,https://www.aufe.edu.cn/8427/list.htm,https://www.aufe.edu.cn/8427/list.htm,read,学校简介,2026-10-01,
4134010378,安徽财经大学,overview,https://www.aufe.edu.cn/xxgk/list.htm,https://www.aufe.edu.cn/xxgk/list.htm,read,学校简介,2026-10-01,
4134010378,安徽财经大学,history,https://www.aufe.edu.cn/8429/list.htm,https://www.aufe.edu.cn/8429/list.htm,read,历史沿革,2026-10-01,
4134010378,安徽财经大学,history,https://www.aufe.edu.cn/2026/0916/c14488a255718/page.htm,https://www.aufe.edu.cn/2026/0916/c14488a255718/page.htm,read,国元证券副总裁梁化彬一行来校调研交流,2026-10-01,
4134010379,宿州学院,homepage,https://www.ahszu.edu.cn/,https://www.ahszu.edu.cn/,read,宿州学院欢迎您！ -- 校训：友善 博学 务实 奋进,2026-10-01,
4134010379,宿州学院,overview,https://www.ahszu.edu.cn/xygk/xxjj.htm,https://www.ahszu.edu.cn/xygk/xxjj.htm,read,学校简介-宿州学院欢迎您！ -- 校训：友善 博学 务实 奋进,2026-10-01,
4134010379,宿州学院,charter,https://www.ahszu.edu.cn/xygk/xxzc.htm,https://www.ahszu.edu.cn/xygk/xxzc.htm,read,学校章程-宿州学院欢迎您！ -- 校训：友善 博学 务实 奋进,2026-10-01,
4134010379,宿州学院,visual,https://www.ahszu.edu.cn/xygk/xxbs.htm,https://www.ahszu.edu.cn/xygk/xxbs.htm,read,学校标识-宿州学院欢迎您！ -- 校训：友善 博学 务实 奋进,2026-10-01,
4134010379,宿州学院,culture,https://www.ahszu.edu.cn/virtual_attach_file.vsb?afc=8Mm-i4L7U8ozN8oDRCYLzARnzUPUNLs8ozNZnzNPMm-DnNl0gihFp2hmCIa0okybnkhVLShkUN-PU87PL4U4UNLsoR-sLlnkLm78MRLDUmQFM7l8nlVVM4rFMR62L8-ZgtiaL4Oeo4x4_jAb_jwYLR-YgDTJQty0Lz-sMky4oRLsMYbw62Z8c&tid=1274&nid=38377&e=.mp3,,access_limited,,2026-10-01,ValueError
4134010379,宿州学院,charter,https://www.ahszu.edu.cn/xygk/xxzc.htm,https://www.ahszu.edu.cn/xygk/xxzc.htm,read,学校章程-宿州学院欢迎您！ -- 校训：友善 博学 务实 奋进,2026-10-01,
4134010379,宿州学院,overview,https://www.ahszu.edu.cn/xygk/xxjj.htm,https://www.ahszu.edu.cn/xygk/xxjj.htm,read,学校简介-宿州学院欢迎您！ -- 校训：友善 博学 务实 奋进,2026-10-01,
4134010380,巢湖学院,homepage,https://www.chu.edu.cn,https://www.chu.edu.cn,read,巢湖学院,2026-10-01,
4134010380,巢湖学院,overview,https://www.chu.edu.cn/11/list.htm,https://www.chu.edu.cn/11/list.htm,read,学校简介,2026-10-01,
4134010380,巢湖学院,visual,https://www.chu.edu.cn/13/list.htm,https://www.chu.edu.cn/13/list.htm,read,标识系统,2026-10-01,
4134010380,巢湖学院,overview,https://www.chu.edu.cn/9/list.htm,https://www.chu.edu.cn/9/list.htm,read,学校简介,2026-10-01,
4134010380,巢湖学院,visual,https://web.chu.edu.cn/_upload/article/files/13/c4/733ec24044e2aef2f2f58530757a/9db8723c-3328-4198-97c3-d86fb76de28a.pdf,,access_limited,,2026-10-01,URLError
4134010380,巢湖学院,overview,https://www.chu.edu.cn/2026/0710/c27a212063/page.htm,https://www.chu.edu.cn/2026/0710/c27a212063/page.htm,read,巢湖学院2026年度高层次人才招聘公告,2026-10-01,
4134010380,巢湖学院,overview,https://www.chu.edu.cn/9/list.htm,https://www.chu.edu.cn/9/list.htm,read,学校简介,2026-10-01,
4134010380,巢湖学院,overview,https://www.chu.edu.cn/11/list.htm,https://www.chu.edu.cn/11/list.htm,read,学校简介,2026-10-01,
4134010380,巢湖学院,overview,https://www.chu.edu.cn/2026/0710/c27a212063/page.htm,https://www.chu.edu.cn/2026/0710/c27a212063/page.htm,read,巢湖学院2026年度高层次人才招聘公告,2026-10-01,
4134010381,淮南师范学院,homepage,https://www.hnnu.edu.cn/,https://www.hnnu.edu.cn/,read,淮南师范学院,2026-10-01,
4134010381,淮南师范学院,overview,https://www.hnnu.edu.cn/5983/list.htm,https://www.hnnu.edu.cn/5983/list.htm,read,学院简介,2026-10-01,
4134010381,淮南师范学院,charter,https://www.hnnu.edu.cn/xxzc/list.htm,https://www.hnnu.edu.cn/xxzc/list.htm,read,学校章程,2026-10-01,
4134010381,淮南师范学院,navigation,https://www.hnnu.edu.cn/2026/0825/c119a173927/page.htm,https://www.hnnu.edu.cn/2026/0825/c119a173927/page.htm,read,关于学校班车恢复运行的通知,2026-10-01,
4134010381,淮南师范学院,overview,https://www.hnnu.edu.cn/6061/list.htm,https://www.hnnu.edu.cn/6061/list.htm,read,学院简介,2026-10-01,
4134010381,淮南师范学院,charter,https://www.hnnu.edu.cn/xxzc/list.htm,https://www.hnnu.edu.cn/xxzc/list.htm,read,学校章程,2026-10-01,
4134010381,淮南师范学院,overview,https://www.hnnu.edu.cn/5983/list.htm,https://www.hnnu.edu.cn/5983/list.htm,read,学院简介,2026-10-01,
4134010381,淮南师范学院,overview,https://www.hnnu.edu.cn/6061/list.htm,https://www.hnnu.edu.cn/6061/list.htm,read,学院简介,2026-10-01,
4134010383,铜陵学院,homepage,http://www.tlu.edu.cn/,,fetch_error,,2026-10-01,URLError
4134010383,铜陵学院,overview,https://www.tlu.edu.cn/29/list.htm,https://www.tlu.edu.cn/29/list.htm,read,学校简介,2026-10-01,
4134010383,铜陵学院,overview,https://www.tlu.edu.cn/29/list.htm,https://www.tlu.edu.cn/29/list.htm,read,学校简介,2026-10-01,
4134010878,安徽建筑大学,homepage,https://www.ahjzu.edu.cn/,https://www.ahjzu.edu.cn/,read,安徽建筑大学,2026-10-01,
4134010878,安徽建筑大学,overview,https://www.ahjzu.edu.cn/14647/list.htm,https://www.ahjzu.edu.cn/14647/list.htm,read,学校简介,2026-10-01,
4134010878,安徽建筑大学,charter,https://www.ahjzu.edu.cn/14651/list.htm,https://www.ahjzu.edu.cn/14651/list.htm,read,学校章程,2026-10-01,
4134010878,安徽建筑大学,visual,https://www.ahjzu.edu.cn/2025/1029/c14638a258526/page.htm,https://www.ahjzu.edu.cn/2025/1029/c14638a258526/page.htm,read,【镜头下的安建大】“趣·冬”文化艺术节系列活动之“冬韵建大，光影逐梦”摄影摄像评选活动圆满落幕,2026-10-01,
4134010878,安徽建筑大学,history,https://www.ahjzu.edu.cn/14648/list.htm,https://www.ahjzu.edu.cn/14648/list.htm,read,历史沿革,2026-10-01,
4134010878,安徽建筑大学,overview,http://www.ahjzu.edu.cn/14647/list.htm,https://www.ahjzu.edu.cn/14647/list.htm,read,学校简介,2026-10-01,
4134010878,安徽建筑大学,charter,https://www.ahjzu.edu.cn/14651/list.htm,https://www.ahjzu.edu.cn/14651/list.htm,read,学校章程,2026-10-01,
4134010878,安徽建筑大学,overview,https://www.ahjzu.edu.cn/14647/list.htm,https://www.ahjzu.edu.cn/14647/list.htm,read,学校简介,2026-10-01,
4134010878,安徽建筑大学,history,https://www.ahjzu.edu.cn/14648/list.htm,https://www.ahjzu.edu.cn/14648/list.htm,read,历史沿革,2026-10-01,
4134010879,安徽科技工程大学,homepage,https://www.ahstu.edu.cn,https://www.ahstu.edu.cn,read,安徽科技工程大学,2026-10-01,
4134010879,安徽科技工程大学,overview,https://www.ahstu.edu.cn/xxgk1/xxjj.htm,https://www.ahstu.edu.cn/xxgk1/xxjj.htm,read,学校简介-安徽科技工程大学,2026-10-01,
4134010879,安徽科技工程大学,charter,https://www.ahstu.edu.cn/xxgk1/xxzc.htm,https://www.ahstu.edu.cn/xxgk1/xxzc.htm,read,学校章程-安徽科技工程大学,2026-10-01,
4134010879,安徽科技工程大学,visual,https://www.ahstu.edu.cn/xxgk1/xxbs.htm,https://www.ahstu.edu.cn/xxgk1/xxbs.htm,read,学校标识-安徽科技工程大学,2026-10-01,
4134010879,安徽科技工程大学,english,https://www.ahstu.edu.cn/eng/,https://www.ahstu.edu.cn/eng/,read,安徽科技工程大学英文网,2026-10-01,
4134010879,安徽科技工程大学,english,https://www.ahstu.edu.cn/eng/info/1012/1036.htm,https://www.ahstu.edu.cn/eng/info/1012/1036.htm,read,A Learning Forum Held to Guide College English Learning Methods-安徽科技工程大学英文网,2026-10-01,
4134010879,安徽科技工程大学,charter,https://www.ahstu.edu.cn/xxgk1/xxzc.htm,https://www.ahstu.edu.cn/xxgk1/xxzc.htm,read,学校章程-安徽科技工程大学,2026-10-01,
4134010879,安徽科技工程大学,overview,https://www.ahstu.edu.cn/xxgk1/xxjj.htm,https://www.ahstu.edu.cn/xxgk1/xxjj.htm,read,学校简介-安徽科技工程大学,2026-10-01,
4134011059,合肥大学,homepage,https://www.hfuu.edu.cn,https://www.hfuu.edu.cn,read,合肥大学,2026-10-01,
4134011059,合肥大学,overview,https://www.hfuu.edu.cn/4162/list.htm,https://www.hfuu.edu.cn/4162/list.htm,read,学校简介,2026-10-01,
4134011059,合肥大学,charter,https://www.hfuu.edu.cn/xyzc/list.htm,https://www.hfuu.edu.cn/xyzc/list.htm,read,学校章程,2026-10-01,
4134011059,合肥大学,visual,https://www.hfuu.edu.cn/4164/list.htm,https://www.hfuu.edu.cn/4164/list.htm,read,学校标识,2026-10-01,
4134011059,合肥大学,english,http://www.hfuu.edu.cn/english/main.htm,https://www.hfuu.edu.cn/english/main.htm,read,hfuu_english,2026-10-01,
4134011059,合肥大学,navigation,https://www.hfuu.edu.cn/zjhy/list.htm,https://www.hfuu.edu.cn/zjhy/list.htm,read,走进合大,2026-10-01,
4134011059,合肥大学,overview,https://www.hfuu.edu.cn/4145/list.htm,https://www.hfuu.edu.cn/4145/list.htm,read,学校简介,2026-10-01,
4134011059,合肥大学,navigation,https://www.hfuu.edu.cn/79/4d/c8260a162125/page.htm,https://www.hfuu.edu.cn/79/4d/c8260a162125/page.htm,read,走进安徽创新馆  感受科创高地魅力 ——合肥大学离退休党委第三、四、五党支部联合主题党日活动,2026-10-01,
4134011059,合肥大学,charter,https://www.hfuu.edu.cn/xyzc/list.htm,https://www.hfuu.edu.cn/xyzc/list.htm,read,学校章程,2026-10-01,
4134011059,合肥大学,overview,https://www.hfuu.edu.cn/4162/list.htm,https://www.hfuu.edu.cn/4162/list.htm,read,学校简介,2026-10-01,
4134011059,合肥大学,overview,https://www.hfuu.edu.cn/4145/list.htm,https://www.hfuu.edu.cn/4145/list.htm,read,学校简介,2026-10-01,
4134011305,蚌埠学院,homepage,https://www.bbc.edu.cn/,https://www.bbc.edu.cn/,read,蚌埠学院,2026-10-01,
4134011305,蚌埠学院,overview,https://www.bbc.edu.cn/3861/list.htm,https://www.bbc.edu.cn/3861/list.htm,read,学校简介,2026-10-01,
4134011305,蚌埠学院,visual,https://www.bbc.edu.cn/3863/list.htm,https://www.bbc.edu.cn/3863/list.htm,read,校徽校训,2026-10-01,
4134011305,蚌埠学院,navigation,https://www.bbc.edu.cn/2026/0920/c22a129876/page.htm,https://www.bbc.edu.cn/2026/0920/c22a129876/page.psp,insufficient_text,提示信息,2026-10-01,
4134011305,蚌埠学院,overview,http://www.bbc.edu.cn/3861/list.htm,https://www.bbc.edu.cn/3861/list.htm,read,学校简介,2026-10-01,
4134011305,蚌埠学院,overview,https://www.bbc.edu.cn/3861/list.htm,,access_limited,,2026-10-01,timeout
4134011305,蚌埠学院,overview,https://www.bbc.edu.cn/3861/list.htm,https://www.bbc.edu.cn/3861/list.htm,read,学校简介,2026-10-01,
4134011306,池州学院,homepage,https://www.czu.edu.cn/,https://www.czu.edu.cn/,read,池州学院,2026-10-01,
4134011306,池州学院,overview,https://www.czu.edu.cn/xxgk/xxjj.htm,https://www.czu.edu.cn/xxgk/xxjj.htm,read,学校简介-池州学院,2026-10-01,
4134011306,池州学院,charter,https://www.czu.edu.cn/xxgk/xxzc.htm,https://www.czu.edu.cn/xxgk/xxzc.htm,read,学校章程-池州学院,2026-10-01,
4134011306,池州学院,visual,https://www.czu.edu.cn/xxgk/xxbs.htm,https://www.czu.edu.cn/xxgk/xxbs.htm,read,学校标识-池州学院,2026-10-01,
4134011306,池州学院,english,https://english.czu.edu.cn/,,access_limited,,2026-10-01,HTTPError
4134011306,池州学院,charter,https://www.czu.edu.cn/xxgk/xxzc.htm,https://www.czu.edu.cn/xxgk/xxzc.htm,read,学校章程-池州学院,2026-10-01,
4134011306,池州学院,overview,https://www.czu.edu.cn/xxgk/xxjj.htm,https://www.czu.edu.cn/xxgk/xxjj.htm,read,学校简介-池州学院,2026-10-01,
4134012926,亳州学院,homepage,https://www.bzuu.edu.cn/,https://www.bzuu.edu.cn/,read,亳州学院,2026-10-01,
4134012926,亳州学院,overview,https://www.bzuu.edu.cn/9/list.htm,https://www.bzuu.edu.cn/9/list.htm,read,学院简介,2026-10-01,
4134012926,亳州学院,charter,https://www.bzuu.edu.cn/11/list.htm,https://www.bzuu.edu.cn/11/list.htm,read,学院章程,2026-10-01,
4134012926,亳州学院,visual,https://www.bzuu.edu.cn/14/list.htm,https://www.bzuu.edu.cn/14/list.htm,read,校徽校训,2026-10-01,
4134012926,亳州学院,navigation,https://www.bzuu.edu.cn/2026/0923/c95a115791/page.htm,https://www.bzuu.edu.cn/2026/0923/c95a115791/page.htm,read,校领导深入课堂听评新学期“开学第一课”,2026-10-01,
4134012926,亳州学院,overview,https://www.bzuu.edu.cn/10/list.htm,https://www.bzuu.edu.cn/10/list.htm,read,学院简介,2026-10-01,
4134012926,亳州学院,visual,https://www.bzuu.edu.cn/2026/0924/c95a115860/page.htm,https://www.bzuu.edu.cn/2026/0924/c95a115860/page.htm,read,我校举行2026级国际学生开学典礼,2026-10-01,
4134012926,亳州学院,charter,https://www.bzuu.edu.cn/11/list.htm,https://www.bzuu.edu.cn/11/list.htm,read,学院章程,2026-10-01,
4134012926,亳州学院,overview,https://www.bzuu.edu.cn/9/list.htm,https://www.bzuu.edu.cn/9/list.htm,read,学院简介,2026-10-01,
4134012926,亳州学院,overview,https://www.bzuu.edu.cn/10/list.htm,https://www.bzuu.edu.cn/10/list.htm,read,学院简介,2026-10-01,
4134012926,亳州学院,overview,https://www.bzuu.edu.cn/10/list.htm,,access_limited,,2026-10-01,URLError
4134013612,合肥理工学院,homepage,https://www.hfit.edu.cn/,https://www.hfit.edu.cn/,read,合肥理工学院,2026-10-01,
4134013612,合肥理工学院,overview,https://www.hfit.edu.cn/16/list.htm,https://www.hfit.edu.cn/16/list.htm,read,学校简介,2026-10-01,
4134013612,合肥理工学院,charter,https://www.hfit.edu.cn/17/list.htm,https://www.hfit.edu.cn/17/list.htm,read,学校章程,2026-10-01,
4134013612,合肥理工学院,visual,https://www.hfit.edu.cn/19/list.htm,https://www.hfit.edu.cn/19/list.htm,read,学校标识,2026-10-01,
4134013612,合肥理工学院,navigation,http://www.hfit.edu.cn/35/list.htm,https://www.hfit.edu.cn/35/list.htm,read,校园风光,2026-10-01,
4134013612,合肥理工学院,overview,https://www.hfit.edu.cn/8/list.htm,https://www.hfit.edu.cn/8/list.htm,read,学校简介,2026-10-01,
4134013612,合肥理工学院,charter,https://www.hfit.edu.cn/17/list.htm,https://www.hfit.edu.cn/17/list.htm,read,学校章程,2026-10-01,
4134013612,合肥理工学院,overview,https://www.hfit.edu.cn/8/list.htm,https://www.hfit.edu.cn/8/list.htm,read,学校简介,2026-10-01,
4134013612,合肥理工学院,overview,https://www.hfit.edu.cn/16/list.htm,https://www.hfit.edu.cn/16/list.htm,read,学校简介,2026-10-01,
4134013614,马鞍山学院,homepage,https://www.masu.edu.cn/,,fetch_error,,2026-10-01,URLError
4134013614,马鞍山学院,overview,https://gjc.sthu.edu.cn/35/f7/c3554a79351/page.htm,https://gjc.sthu.edu.cn/35/f7/c3554a79351/page.htm,read,成员介绍|马鞍山学院,2026-10-01,
4134013617,芜湖学院,homepage,https://www.uwh.edu.cn/,https://www.uwh.edu.cn/,read,芜湖学院,2026-10-01,
4134013617,芜湖学院,overview,https://www.uwh.edu.cn/article/11.html,https://www.uwh.edu.cn/article/11.html,read,芜湖学院简介 - 学校简介 - 学校概况 - 芜湖学院,2026-10-01,
4134013617,芜湖学院,navigation,https://www.uwh.edu.cn/detail/491/19446.html,https://www.uwh.edu.cn/detail/491/19446.html,read,弋矶山医院专家团队走进我校开展新生CPR急救培训 - 校园动态 - 芜湖学院,2026-10-01,
4134013617,芜湖学院,overview,https://www.uwh.edu.cn/article/11.html,https://www.uwh.edu.cn/article/11.html,read,芜湖学院简介 - 学校简介 - 学校概况 - 芜湖学院,2026-10-01,
4134013617,芜湖学院,overview,https://www.uwh.edu.cn/article/11.html,https://www.uwh.edu.cn/article/11.html,read,芜湖学院简介 - 学校简介 - 学校概况 - 芜湖学院,2026-10-01,
4134014098,合肥师范学院,homepage,https://www.hfnu.edu.cn/,https://www.hfnu.edu.cn/,read,合肥师范学院,2026-10-01,
4134014098,合肥师范学院,overview,https://www.hfnu.edu.cn/info/1043/400363.htm,https://www.hfnu.edu.cn/info/1043/400363.htm,read,以非遗曲艺上好思政大课 第十四届中国曲艺牡丹奖艺术团惠民演出走进我校-合肥师范学院,2026-10-01,
4134014098,合肥师范学院,charter,https://www.hfnu.edu.cn/xygk/xyzc.htm,https://www.hfnu.edu.cn/xygk/xyzc.htm,read,学院章程-合肥师范学院,2026-10-01,
4134014098,合肥师范学院,visual,https://www.hfnu.edu.cn/xywh/xx.htm,https://www.hfnu.edu.cn/xywh/xx.htm,read,校训-合肥师范学院,2026-10-01,
4134014098,合肥师范学院,culture,https://www.hfnu.edu.cn/xywh/xg.htm,https://www.hfnu.edu.cn/xywh/xg.htm,read,校歌-合肥师范学院,2026-10-01,
4134014098,合肥师范学院,history,https://www.hfnu.edu.cn/xygk/xsyg.htm,https://www.hfnu.edu.cn/xygk/xsyg.htm,read,校史沿革-合肥师范学院,2026-10-01,
4134014098,合肥师范学院,overview,https://www.hfnu.edu.cn/xygk/xyjj.htm,https://www.hfnu.edu.cn/xygk/xyjj.htm,read,学院简介-合肥师范学院,2026-10-01,
4134014098,合肥师范学院,visual,https://www.hfnu.edu.cn/xywh/xh.htm,https://www.hfnu.edu.cn/xywh/xh.htm,read,校徽-合肥师范学院,2026-10-01,
4134014098,合肥师范学院,charter,https://www.hfnu.edu.cn/xygk/xyzc.htm,https://www.hfnu.edu.cn/xygk/xyzc.htm,read,学院章程-合肥师范学院,2026-10-01,
4134014098,合肥师范学院,overview,https://www.hfnu.edu.cn/xygk/xyjj.htm,https://www.hfnu.edu.cn/xygk/xyjj.htm,read,学院简介-合肥师范学院,2026-10-01,
4134014098,合肥师范学院,overview,https://www.hfnu.edu.cn/info/1043/400363.htm,https://www.hfnu.edu.cn/info/1043/400363.htm,read,以非遗曲艺上好思政大课 第十四届中国曲艺牡丹奖艺术团惠民演出走进我校-合肥师范学院,2026-10-01,
4134014098,合肥师范学院,history,https://www.hfnu.edu.cn/xygk/xsyg.htm,https://www.hfnu.edu.cn/xygk/xsyg.htm,read,校史沿革-合肥师范学院,2026-10-01,
4134014098,合肥师范学院,culture,https://www.hfnu.edu.cn/xywh/xg.htm,https://www.hfnu.edu.cn/xywh/xg.htm,read,校歌-合肥师范学院,2026-10-01,
4134014203,皖江工学院,homepage,https://www.wjut.edu.cn/,https://www.wjut.edu.cn/,read,皖江工学院-原河海大学文天学院官网,2026-10-01,
4134014203,皖江工学院,overview,https://www.wjut.edu.cn/xuexiaogaikuang/xuexiaojianjie,https://www.wjut.edu.cn/xuexiaogaikuang/xuexiaojianjie/,read,皖江工学院-原河海大学文天学院官网,2026-10-01,
4134014203,皖江工学院,overview,https://www.wjut.edu.cn/e/public/ClassUrl/?classid=515,https://www.wjut.edu.cn/xuexiaogaikuang/,read,皖江工学院-原河海大学文天学院官网,2026-10-01,
4134014203,皖江工学院,overview,https://www.wjut.edu.cn/xuexiaogaikuang/xuexiaojianjie/,https://www.wjut.edu.cn/xuexiaogaikuang/xuexiaojianjie/,read,皖江工学院-原河海大学文天学院官网,2026-10-01,
4134014203,皖江工学院,overview,https://www.wjut.edu.cn/xuexiaogaikuang/,https://www.wjut.edu.cn/xuexiaogaikuang/,read,皖江工学院-原河海大学文天学院官网,2026-10-01,
4134014203,皖江工学院,overview,https://www.wjut.edu.cn/xuexiaogaikuang/xuexiaojianjie/,https://www.wjut.edu.cn/xuexiaogaikuang/xuexiaojianjie/,read,皖江工学院-原河海大学文天学院官网,2026-10-01,
4134014682,安徽艺术学院,homepage,https://www.ahua.edu.cn/,https://www.ahua.edu.cn/,read,安徽艺术学院,2026-10-01,
4134014682,安徽艺术学院,overview,https://www.ahua.edu.cn/17/list.htm,https://www.ahua.edu.cn/17/list.htm,read,学校简介,2026-10-01,
4134014682,安徽艺术学院,charter,https://www.ahua.edu.cn/xxzc/list.htm,https://www.ahua.edu.cn/xxzc/list.htm,read,学校章程,2026-10-01,
4134014682,安徽艺术学院,overview,https://www.ahua.edu.cn/6/list.htm,https://www.ahua.edu.cn/6/list.htm,read,学校简介,2026-10-01,
4134014682,安徽艺术学院,charter,https://www.ahua.edu.cn/xxzc/list.htm,https://www.ahua.edu.cn/xxzc/list.htm,read,学校章程,2026-10-01,
4134014682,安徽艺术学院,overview,https://www.ahua.edu.cn/6/list.htm,https://www.ahua.edu.cn/6/list.htm,read,学校简介,2026-10-01,
4134014682,安徽艺术学院,overview,https://www.ahua.edu.cn/17/list.htm,https://www.ahua.edu.cn/17/list.htm,read,学校简介,2026-10-01,
4134014840,安徽公安学院,overview,https://gaokao.chsi.com.cn/sch/schoolInfo--schId-5453848405%2CcategoryId-5453848411%2Cmindex-1.dhtml,,access_limited,,2026-10-01,HTTPError
4134012925,安徽第二医学院,homepage,https://www.ahyz.edu.cn/,https://www.ahyz.edu.cn/,read,安徽第二医学院,2026-10-01,
4134012925,安徽第二医学院,overview,https://www.ahyz.edu.cn/xxgk/xxjj.htm,https://www.ahyz.edu.cn/xxgk/xxjj.htm,read,学校简介-安徽第二医学院,2026-10-01,
4134012925,安徽第二医学院,charter,https://www.ahyz.edu.cn/xxgk/xxzc.htm,https://www.ahyz.edu.cn/xxgk/xxzc.htm,read,学校章程-安徽第二医学院,2026-10-01,
4134012925,安徽第二医学院,visual,https://www.ahyz.edu.cn/xywh/yzjs.htm,https://www.ahyz.edu.cn/xywh/yzjs.htm,read,医专精神-安徽第二医学院,2026-10-01,
4134012925,安徽第二医学院,culture,https://www.ahyz.edu.cn/xywh/yzjs/xg.htm,https://www.ahyz.edu.cn/xywh/yzjs/xg.htm,read,校歌-安徽第二医学院,2026-10-01,
4134012925,安徽第二医学院,history,https://www.ahyz.edu.cn/xxgk/lsyg.htm,https://www.ahyz.edu.cn/xxgk/lsyg.htm,read,历史沿革-安徽第二医学院,2026-10-01,
4134012925,安徽第二医学院,navigation,https://www.ahyz.edu.cn/info/1060/21311.htm,https://www.ahyz.edu.cn/info/1060/21311.htm,read,寓见星实践——星火志愿服务队走进双语幼儿园开展“电”亮童心主题宣讲活动-安徽第二医学院,2026-10-01,
4134012925,安徽第二医学院,visual,https://www.ahyz.edu.cn/xywh/yzjs/xh.htm,https://www.ahyz.edu.cn/xywh/yzjs/xh.htm,read,校徽-安徽第二医学院,2026-10-01,
4134012925,安徽第二医学院,culture,https://www.ahyz.edu.cn/system/_content/download.jsp?urltype=news.DownloadAttachUrl&owner=1381744307&wbfileid=3881736,https://www.ahyz.edu.cn/system/_content/download.jsp?urltype=news.DownloadAttachUrl&owner=1381744307&wbfileid=3881736,insufficient_text,附件下载,2026-10-01,
4134012925,安徽第二医学院,navigation,https://www.ahyz.edu.cn/info/1060/21312.htm,https://www.ahyz.edu.cn/info/1060/21312.htm,read,寓见星实践——星火志愿服务队走进广岩村开展“戏韵满乡村，志愿暖夕阳”活动-安徽第二医学院,2026-10-01,
4134012925,安徽第二医学院,charter,https://www.ahyz.edu.cn/xxgk/xxzc.htm,https://www.ahyz.edu.cn/xxgk/xxzc.htm,read,学校章程-安徽第二医学院,2026-10-01,
4134012925,安徽第二医学院,overview,https://www.ahyz.edu.cn/xxgk/xxjj.htm,https://www.ahyz.edu.cn/xxgk/xxjj.htm,read,学校简介-安徽第二医学院,2026-10-01,
4134012925,安徽第二医学院,history,https://www.ahyz.edu.cn/xxgk/lsyg.htm,https://www.ahyz.edu.cn/xxgk/lsyg.htm,read,历史沿革-安徽第二医学院,2026-10-01,
4134012925,安徽第二医学院,culture,https://www.ahyz.edu.cn/xywh/yzjs/xg.htm,https://www.ahyz.edu.cn/xywh/yzjs/xg.htm,read,校歌-安徽第二医学院,2026-10-01,
4135010384,厦门大学,homepage,https://www.xmu.edu.cn/,https://www.xmu.edu.cn/,read,厦门大学,2026-10-01,
4135010384,厦门大学,overview,https://www.xmu.edu.cn/sdgl/xxjj.htm,https://www.xmu.edu.cn/sdgl/xxjj.htm,read,学校简介-厦门大学,2026-10-01,
4135010384,厦门大学,charter,https://www.xmu.edu.cn/sdgl/smdxzc.htm,https://www.xmu.edu.cn/sdgl/smdxzc.htm,read,厦门大学章程-厦门大学,2026-10-01,
4135010384,厦门大学,visual,https://www.xmu.edu.cn/sdgl/xxbs.htm,https://www.xmu.edu.cn/sdgl/xxbs.htm,read,学校标识-厦门大学,2026-10-01,
4135010384,厦门大学,english,https://en.xmu.edu.cn,https://en.xmu.edu.cn,read,Xiamen University,2026-10-01,
4135010384,厦门大学,navigation,http://news.xmu.edu.cn/info/1024/535362.htm,https://news.xmu.edu.cn/info/1024/535362.htm,read,人民网：【书记院长谈立德树人】让校史里的党史走进青年心里-厦门大学新闻网,2026-10-01,
4135010384,厦门大学,visual,https://www.xmu.edu.cn/system/_content/download.jsp?urltype=news.DownloadAttachUrl&owner=1885466072&wbfileid=FC95E973DFE38833A67D801074F19C51,https://www.xmu.edu.cn/system/_content/download.jsp?urltype=news.DownloadAttachUrl&owner=1885466072&wbfileid=FC95E973DFE38833A67D801074F19C51,insufficient_text,附件下载,2026-10-01,
4135010384,厦门大学,charter,https://www.xmu.edu.cn/sdgl/smdxzc.htm,https://www.xmu.edu.cn/sdgl/smdxzc.htm,read,厦门大学章程-厦门大学,2026-10-01,
4135010384,厦门大学,overview,https://www.xmu.edu.cn/sdgl/xxjj.htm,https://www.xmu.edu.cn/sdgl/xxjj.htm,read,学校简介-厦门大学,2026-10-01,
4135010385,华侨大学,homepage,https://www.hqu.edu.cn,https://www.hqu.edu.cn,read,华侨大学,2026-10-01,
4135010385,华侨大学,overview,https://www.hqu.edu.cn/hdgk/xxjj.htm,https://www.hqu.edu.cn/hdgk/xxjj.htm,read,学校简介-华侨大学,2026-10-01,
4135010385,华侨大学,visual,https://www.hqu.edu.cn/whcc.htm#whcc6,https://www.hqu.edu.cn/whcc.htm#whcc6,read,文化传承-华侨大学,2026-10-01,
4135010385,华侨大学,culture,https://www.hqu.edu.cn/whcc.htm,https://www.hqu.edu.cn/whcc.htm,read,文化传承-华侨大学,2026-10-01,
4135010385,华侨大学,navigation,https://www.hqu.edu.cn/info/1067/730963.htm,,access_limited,,2026-10-01,URLError
4135010385,华侨大学,overview,https://www.hqu.edu.cn/hdgk/xxjj.htm,,access_limited,,2026-10-01,URLError
4135010385,华侨大学,culture,https://www.hqu.edu.cn/whcc.htm,https://www.hqu.edu.cn/whcc.htm,read,文化传承-华侨大学,2026-10-01,
4135010385,华侨大学,overview,https://www.hqu.edu.cn/hdgk/xxjj.htm,https://www.hqu.edu.cn/hdgk/xxjj.htm,read,学校简介-华侨大学,2026-10-01,
4135010386,福州大学,homepage,https://www.fzu.edu.cn/,https://www.fzu.edu.cn/,read,福州大学,2026-10-01,
4135010386,福州大学,overview,https://www.fzu.edu.cn/xxgk/xxjj.htm,https://www.fzu.edu.cn/xxgk/xxjj.htm,read,学校简介-福州大学,2026-10-01,
4135010386,福州大学,charter,https://www.fzu.edu.cn/xxgk/xxzc.htm,https://www.fzu.edu.cn/xxgk/xxzc.htm,read,学校章程-福州大学,2026-10-01,
4135010386,福州大学,visual,https://www.fzu.edu.cn/xxgk/xbxx.htm,https://www.fzu.edu.cn/xxgk/xbxx.htm,read,校标校训-福州大学,2026-10-01,
4135010386,福州大学,history,https://news.fzu.edu.cn/info/1013/33699.htm,https://news.fzu.edu.cn/info/1013/33699.htm,read,福州大学校史馆-福州大学新闻网,2026-10-01,
4135010386,福州大学,culture,https://news.fzu.edu.cn/info/1013/31667.htm,https://news.fzu.edu.cn/info/1013/31667.htm,read,福州大学校歌-福州大学新闻网,2026-10-01,
4135010386,福州大学,english,https://en.fzu.edu.cn/,https://en.fzu.edu.cn/,read,Welcome to Fuzhou University!,2026-10-01,
4135010386,福州大学,navigation,https://www.fzu.edu.cn/zjfd.htm,https://www.fzu.edu.cn/zjfd.htm,read,走进福大-福州大学,2026-10-01,
4135010386,福州大学,charter,https://www.fzu.edu.cn/xxgk/xxzc.htm,https://www.fzu.edu.cn/xxgk/xxzc.htm,read,学校章程-福州大学,2026-10-01,
4135010386,福州大学,overview,https://www.fzu.edu.cn/xxgk/xxjj.htm,https://www.fzu.edu.cn/xxgk/xxjj.htm,read,学校简介-福州大学,2026-10-01,
4135010386,福州大学,history,https://news.fzu.edu.cn/info/1013/33699.htm,https://news.fzu.edu.cn/info/1013/33699.htm,read,福州大学校史馆-福州大学新闻网,2026-10-01,
4135010386,福州大学,culture,https://news.fzu.edu.cn/info/1013/31667.htm,https://news.fzu.edu.cn/info/1013/31667.htm,read,福州大学校歌-福州大学新闻网,2026-10-01,
4135010388,福建理工大学,homepage,https://www.fjut.edu.cn,https://www.fjut.edu.cn,read,福建理工大学,2026-10-01,
4135010388,福建理工大学,overview,https://www.fjut.edu.cn/403/list.htm,https://www.fjut.edu.cn/403/list.htm,read,学校简介,2026-10-01,
4135010388,福建理工大学,charter,https://www.fjut.edu.cn/xxzc/list.htm,https://www.fjut.edu.cn/xxzc/list.htm,read,学校章程,2026-10-01,
4135010388,福建理工大学,visual,https://www.fjut.edu.cn/426/list.htm,https://www.fjut.edu.cn/426/list.htm,read,校标校训校歌,2026-10-01,
4135010388,福建理工大学,history,https://www.fjut.edu.cn/541/list.htm,https://www.fjut.edu.cn/541/list.htm,read,历史沿革,2026-10-01,
4135010388,福建理工大学,overview,https://www.fjut.edu.cn/401/list.htm,https://www.fjut.edu.cn/401/list.htm,read,学校简介,2026-10-01,
4135010388,福建理工大学,visual,https://www.fjut.edu.cn/sjsbxt/list.htm,https://www.fjut.edu.cn/sjsbxt/list.htm,read,视觉识别系统,2026-10-01,
4135010388,福建理工大学,overview,https://www.fjut.edu.cn/2023/1130/c403a225856/page.htm,https://www.fjut.edu.cn/2023/1130/c403a225856/page.htm,read,学校简介,2026-10-01,
4135010388,福建理工大学,visual,https://www.fjut.edu.cn/_upload/article/files/3a/d9/587b42284b7fb0c3fe152e20d02e/946cf26f-5bae-4974-b67e-616dddc9832a.pdf,,access_limited,,2026-10-01,ValueError
4135010388,福建理工大学,charter,https://www.fjut.edu.cn/xxzc/list.htm,https://www.fjut.edu.cn/xxzc/list.htm,read,学校章程,2026-10-01,
4135010388,福建理工大学,overview,https://www.fjut.edu.cn/403/list.htm,https://www.fjut.edu.cn/403/list.htm,read,学校简介,2026-10-01,
4135010388,福建理工大学,overview,https://www.fjut.edu.cn/401/list.htm,https://www.fjut.edu.cn/401/list.htm,read,学校简介,2026-10-01,
4135010388,福建理工大学,overview,https://www.fjut.edu.cn/2023/1130/c403a225856/page.htm,https://www.fjut.edu.cn/2023/1130/c403a225856/page.htm,read,学校简介,2026-10-01,
4135010388,福建理工大学,history,https://www.fjut.edu.cn/541/list.htm,https://www.fjut.edu.cn/541/list.htm,read,历史沿革,2026-10-01,
4135010389,福建农林大学,homepage,https://www.fafu.edu.cn/,https://www.fafu.edu.cn/,read,福建农林大学(新版),2026-10-01,
4135010389,福建农林大学,overview,https://www.fafu.edu.cn/5244/list.htm,https://www.fafu.edu.cn/5244/list.htm,read,学校简介,2026-10-01,
4135010389,福建农林大学,charter,https://www.fafu.edu.cn/xxzc/list.htm,https://www.fafu.edu.cn/xxzc/list.htm,read,学校章程,2026-10-01,
4135010389,福建农林大学,visual,https://www.fafu.edu.cn/5250/list.htm,https://www.fafu.edu.cn/5250/list.htm,read,校徽,2026-10-01,
4135010389,福建农林大学,culture,https://www.fafu.edu.cn/xg/list.htm,https://www.fafu.edu.cn/xg/list.htm,read,校歌,2026-10-01,
4135010389,福建农林大学,history,https://www.fafu.edu.cn/5245/list.htm,https://www.fafu.edu.cn/5245/list.htm,read,历史沿革,2026-10-01,
4135010389,福建农林大学,english,http://english.fafu.edu.cn/,https://english.fafu.edu.cn/,read,福建农林大学（英文版）,2026-10-01,
4135010389,福建农林大学,overview,https://www.fafu.edu.cn/5243/list.htm,https://www.fafu.edu.cn/5243/list.htm,read,学校简介,2026-10-01,
4135010389,福建农林大学,culture,https://www.fafu.edu.cn/5251/list.htm,https://www.fafu.edu.cn/5251/list.htm,read,校训,2026-10-01,
4135010389,福建农林大学,charter,https://www.fafu.edu.cn/xxzc/list.htm,https://www.fafu.edu.cn/xxzc/list.htm,read,学校章程,2026-10-01,
4135010389,福建农林大学,overview,https://www.fafu.edu.cn/5244/list.htm,https://www.fafu.edu.cn/5244/list.htm,read,学校简介,2026-10-01,
4135010389,福建农林大学,overview,https://www.fafu.edu.cn/5243/list.htm,https://www.fafu.edu.cn/5243/list.htm,read,学校简介,2026-10-01,
4135010389,福建农林大学,history,https://www.fafu.edu.cn/5245/list.htm,https://www.fafu.edu.cn/5245/list.htm,read,历史沿革,2026-10-01,
4135010389,福建农林大学,culture,https://www.fafu.edu.cn/xg/list.htm,https://www.fafu.edu.cn/xg/list.htm,read,校歌,2026-10-01,
4135010390,集美大学,homepage,https://english.jmu.edu.cn/,https://english.jmu.edu.cn/,read,集美大学英文站,2026-10-01,
4135010392,福建医科大学,homepage,https://www.fjmu.edu.cn,https://www.fjmu.edu.cn,read,福建医科大学,2026-10-01,
4135010392,福建医科大学,overview,https://www.fjmu.edu.cn/9/list.htm,https://www.fjmu.edu.cn/9/list.htm,read,学校简介,2026-10-01,
4135010392,福建医科大学,charter,https://www.fjmu.edu.cn/xxzc/list.htm,https://www.fjmu.edu.cn/xxzc/list.htm,read,学校章程,2026-10-01,
4135010392,福建医科大学,visual,https://www.fjmu.edu.cn/12/list.htm,https://www.fjmu.edu.cn/12/list.htm,read,学校校标,2026-10-01,
4135010392,福建医科大学,culture,https://www.fjmu.edu.cn/xxxx/list.htm,https://www.fjmu.edu.cn/xxxx/list.htm,read,学校校训,2026-10-01,
4135010392,福建医科大学,english,http://en.fjmu.edu.cn,https://en.fjmu.edu.cn/,read,福建医科大学英文版,2026-10-01,
4135010392,福建医科大学,overview,https://www.fjmu.edu.cn/8/list.htm,https://www.fjmu.edu.cn/8/list.htm,read,学校简介,2026-10-01,
4135010392,福建医科大学,english,https://en.fjmu.edu.cn/2023/1215/c1482a188724/page.htm,https://en.fjmu.edu.cn/2023/1215/c1482a188724/page.htm,read,Recruitment: English Language Teaching Positions at Fujian Medical University,2026-10-01,
4135010392,福建医科大学,charter,https://www.fjmu.edu.cn/xxzc/list.htm,https://www.fjmu.edu.cn/xxzc/list.htm,read,学校章程,2026-10-01,
4135010392,福建医科大学,overview,https://www.fjmu.edu.cn/9/list.htm,https://www.fjmu.edu.cn/9/list.htm,read,学校简介,2026-10-01,
4135010392,福建医科大学,overview,https://www.fjmu.edu.cn/8/list.htm,https://www.fjmu.edu.cn/8/list.htm,read,学校简介,2026-10-01,
4135010392,福建医科大学,culture,https://www.fjmu.edu.cn/xxxx/list.htm,https://www.fjmu.edu.cn/xxxx/list.htm,read,学校校训,2026-10-01,
4135010393,福建中医药大学,homepage,https://www.fjtcm.edu.cn/,https://www.fjtcm.edu.cn/,read,福建中医药大学,2026-10-01,
4135010393,福建中医药大学,overview,https://www.fjtcm.edu.cn/1294/list.htm,https://www.fjtcm.edu.cn/1294/list.htm,read,学校简介,2026-10-01,
4135010393,福建中医药大学,visual,https://www.fjtcm.edu.cn/1336/list.htm,https://www.fjtcm.edu.cn/1336/list.htm,read,校标,2026-10-01,
4135010393,福建中医药大学,culture,https://www.fjtcm.edu.cn/1337/list.htm,https://www.fjtcm.edu.cn/1337/list.htm,read,校训,2026-10-01,
4135010393,福建中医药大学,overview,https://www.fjtcm.edu.cn/1284/list.htm,https://www.fjtcm.edu.cn/1284/list.htm,read,学校简介,2026-10-01,
4135010393,福建中医药大学,visual,https://www.fjtcm.edu.cn/1297/list.htm,https://www.fjtcm.edu.cn/1297/list.htm,read,校标,2026-10-01,
4135010393,福建中医药大学,overview,https://www.fjtcm.edu.cn/1294/list.htm,https://www.fjtcm.edu.cn/1294/list.htm,read,学校简介,2026-10-01,
4135010393,福建中医药大学,overview,https://www.fjtcm.edu.cn/1284/list.htm,https://www.fjtcm.edu.cn/1284/list.htm,read,学校简介,2026-10-01,
4135010393,福建中医药大学,culture,https://www.fjtcm.edu.cn/1337/list.htm,https://www.fjtcm.edu.cn/1337/list.htm,read,校训,2026-10-01,
4135010394,福建师范大学,homepage,https://www.fjnu.edu.cn/main.htm,https://www.fjnu.edu.cn/main.htm,read,福建师范大学,2026-10-01,
4135010394,福建师范大学,overview,https://www.fjnu.edu.cn/20/list.htm,https://www.fjnu.edu.cn/20/list.htm,read,师大简介,2026-10-01,
4135010394,福建师范大学,charter,https://www.fjnu.edu.cn/xxzc/list.htm,https://www.fjnu.edu.cn/xxzc/list.htm,read,学校章程,2026-10-01,
4135010394,福建师范大学,visual,https://www.fjnu.edu.cn/29/list.htm,https://www.fjnu.edu.cn/29/list.htm,read,校标,2026-10-01,
4135010394,福建师范大学,culture,https://www.fjnu.edu.cn/30/list.htm,https://www.fjnu.edu.cn/30/list.htm,read,校训,2026-10-01,
4135010394,福建师范大学,english,http://www.fjnu.edu.cn/english,https://www.fjnu.edu.cn/english/main.htm,read,福建师范大学英文网,2026-10-01,
4135010394,福建师范大学,culture,https://www.fjnu.edu.cn/31/list.htm,https://www.fjnu.edu.cn/31/list.htm,read,校歌,2026-10-01,
4135010394,福建师范大学,charter,https://www.fjnu.edu.cn/xxzc/list.htm,https://www.fjnu.edu.cn/xxzc/list.htm,read,学校章程,2026-10-01,
4135010394,福建师范大学,overview,https://www.fjnu.edu.cn/20/list.htm,https://www.fjnu.edu.cn/20/list.htm,read,师大简介,2026-10-01,
4135010394,福建师范大学,culture,https://www.fjnu.edu.cn/30/list.htm,https://www.fjnu.edu.cn/30/list.htm,read,校训,2026-10-01,
4135010394,福建师范大学,culture,https://www.fjnu.edu.cn/31/list.htm,https://www.fjnu.edu.cn/31/list.htm,read,校歌,2026-10-01,
4135010395,闽江大学,homepage,http://www1.mju.edu.cn/,,fetch_error,,2026-10-01,timeout
4135010395,闽江大学,overview,https://www.mju.edu.cn/,https://www.mju.edu.cn/,read,闽江大学校园网,2026-10-01,
4135010395,闽江大学,overview,https://www.mju.edu.cn/?gkfrom=card,,access_limited,,2026-10-01,URLError
4135010395,闽江大学,overview,https://www.mju.edu.cn/?gkfrom=card,https://www.mju.edu.cn/?gkfrom=card,read,闽江大学校园网,2026-10-01,
4135010395,闽江大学,overview,https://www.mju.edu.cn/1401/list.htm,https://www.mju.edu.cn/1401/list.htm,read,学校简介,2026-10-01,
4135010395,闽江大学,overview,https://www.mju.edu.cn/,,robots_disallowed,,2026-10-01,
4135010395,闽江大学,overview,https://www.mju.edu.cn/?gkfrom=card,,robots_disallowed,,2026-10-01,
4135010395,闽江大学,overview,https://www.mju.edu.cn/1401/list.htm,,robots_disallowed,,2026-10-01,
4135010397,武夷学院,homepage,https://www.wuyiu.edu.cn,https://www.wuyiu.edu.cn,read,武夷学院,2026-10-01,
4135010397,武夷学院,overview,https://www.wuyiu.edu.cn/3180/main.htm,https://www.wuyiu.edu.cn/3180/main.htm,read,学校概况,2026-10-01,
4135010397,武夷学院,visual,https://www.wuyiu.edu.cn/713/list.htm,https://www.wuyiu.edu.cn/713/list.htm,read,校 徽,2026-10-01,
4135010397,武夷学院,culture,https://www.wuyiu.edu.cn/715/list.htm,https://www.wuyiu.edu.cn/715/list.htm,read,校 歌,2026-10-01,
4135010397,武夷学院,history,https://www.wuyiu.edu.cn/lsyg/list.htm,https://www.wuyiu.edu.cn/lsyg/list.htm,read,历史沿革,2026-10-01,
4135010397,武夷学院,overview,https://www.wuyiu.edu.cn/684/list.htm,https://www.wuyiu.edu.cn/684/list.htm,read,学校简介,2026-10-01,
4135010397,武夷学院,culture,https://www.wuyiu.edu.cn/712/list.htm,https://www.wuyiu.edu.cn/712/list.htm,read,校 训,2026-10-01,
4135010397,武夷学院,overview,https://www.wuyiu.edu.cn/3180/list.htm,https://www.wuyiu.edu.cn/3180/list.htm,read,学校概况,2026-10-01,
4135010397,武夷学院,overview,https://www.wuyiu.edu.cn/684/list.htm,https://www.wuyiu.edu.cn/684/list.htm,read,学校简介,2026-10-01,
4135010397,武夷学院,overview,https://www.wuyiu.edu.cn/3180/main.htm,https://www.wuyiu.edu.cn/3180/main.htm,read,学校概况,2026-10-01,
4135010397,武夷学院,overview,https://www.wuyiu.edu.cn/3180/list.htm,https://www.wuyiu.edu.cn/3180/list.htm,read,学校概况,2026-10-01,
4135010397,武夷学院,history,https://www.wuyiu.edu.cn/lsyg/list.htm,https://www.wuyiu.edu.cn/lsyg/list.htm,read,历史沿革,2026-10-01,
4135010397,武夷学院,culture,https://www.wuyiu.edu.cn/715/list.htm,https://www.wuyiu.edu.cn/715/list.htm,read,校 歌,2026-10-01,
4135010398,宁德师范学院,homepage,https://www.ndnu.edu.cn/,https://www.ndnu.edu.cn/,read,宁德师范学院,2026-10-01,
4135010398,宁德师范学院,overview,https://www.ndnu.edu.cn/xxgk/xxjj.htm,https://www.ndnu.edu.cn/xxgk/xxjj.htm,read,学校简介-宁德师范学院,2026-10-01,
4135010398,宁德师范学院,overview,https://www.ndnu.edu.cn/xxgk/xxjj.htm,https://www.ndnu.edu.cn/xxgk/xxjj.htm,read,学校简介-宁德师范学院,2026-10-01,
4135010399,泉州师范学院,homepage,https://www.qztc.edu.cn/,https://www.qztc.edu.cn/,read,泉州师范学院-Quanzhou Normal University,2026-10-01,
4135010399,泉州师范学院,overview,https://www.qztc.edu.cn/2134/list.htm,https://www.qztc.edu.cn/2134/list.htm,read,学校简介,2026-10-01,
4135010399,泉州师范学院,visual,http://www.qztc.edu.cn/2099/list.htm,https://www.qztc.edu.cn/2099/list.htm,read,校园文化,2026-10-01,
4135010399,泉州师范学院,culture,https://www.qztc.edu.cn/2099/list.htm,https://www.qztc.edu.cn/2099/list.htm,read,校园文化,2026-10-01,
4135010399,泉州师范学院,english,http://www.qztc.edu.cn/english/,https://www.qztc.edu.cn/english/,read,Quanzhou Normal University,2026-10-01,
4135010399,泉州师范学院,overview,http://www.qztc.edu.cn/2134/list.htm,https://www.qztc.edu.cn/2134/list.htm,read,学校简介,2026-10-01,
4135010399,泉州师范学院,visual,https://www.qztc.edu.cn/2135/list.htm,https://www.qztc.edu.cn/2135/list.htm,read,校标校训,2026-10-01,
4135010399,泉州师范学院,overview,https://www.qztc.edu.cn/2134/list.htm,https://www.qztc.edu.cn/2134/list.htm,read,学校简介,2026-10-01,
4135010399,泉州师范学院,culture,https://www.qztc.edu.cn/2099/list.htm,https://www.qztc.edu.cn/2099/list.htm,read,校园文化,2026-10-01,
4135010402,闽南师范大学,homepage,https://www.mnnu.edu.cn/,https://www.mnnu.edu.cn/,read,闽南师范大学,2026-10-01,
4135010402,闽南师范大学,overview,https://www.mnnu.edu.cn/xxgk/xxjj.htm,https://www.mnnu.edu.cn/xxgk/xxjj.htm,read,学校简介-闽南师范大学,2026-10-01,
4135010402,闽南师范大学,charter,https://www.mnnu.edu.cn/xxgk/xxzc.htm,https://www.mnnu.edu.cn/xxgk/xxzc.htm,read,学校章程-闽南师范大学,2026-10-01,
4135010402,闽南师范大学,visual,https://www.mnnu.edu.cn/xydl/xh.htm,https://www.mnnu.edu.cn/xydl/xh.htm,read,校徽-闽南师范大学,2026-10-01,
4135010402,闽南师范大学,culture,https://www.mnnu.edu.cn/xydl/xx.htm,https://www.mnnu.edu.cn/xydl/xx.htm,read,校训-闽南师范大学,2026-10-01,
4135010402,闽南师范大学,english,https://www.mnnu.edu.cn/english/AboutUs.htm,https://www.mnnu.edu.cn/english/AboutUs.htm,read,AboutUs-闽南师范大学,2026-10-01,
4135010402,闽南师范大学,navigation,https://www.mnnu.edu.cn/info/1441/173091.htm,https://www.mnnu.edu.cn/info/1441/173091.htm,read,闽南网：农行芗城支行走进闽南师范大学开展“进校园 办掌银”金融服务暨消费者权益保护宣传活动-闽南师范大学,2026-10-01,
4135010402,闽南师范大学,visual,https://www.mnnu.edu.cn/xxgk/xbsy.htm,https://www.mnnu.edu.cn/xxgk/xbsy.htm,read,校标释义-闽南师范大学,2026-10-01,
4135010402,闽南师范大学,culture,https://www.mnnu.edu.cn/xydl/xg.htm,https://www.mnnu.edu.cn/xydl/xg.htm,read,校歌-闽南师范大学,2026-10-01,
4135010402,闽南师范大学,charter,https://www.mnnu.edu.cn/xxgk/xxzc.htm,https://www.mnnu.edu.cn/xxgk/xxzc.htm,read,学校章程-闽南师范大学,2026-10-01,
4135010402,闽南师范大学,overview,https://www.mnnu.edu.cn/xxgk/xxjj.htm,https://www.mnnu.edu.cn/xxgk/xxjj.htm,read,学校简介-闽南师范大学,2026-10-01,
4135010402,闽南师范大学,culture,https://www.mnnu.edu.cn/xydl/xx.htm,https://www.mnnu.edu.cn/xydl/xx.htm,read,校训-闽南师范大学,2026-10-01,
4135010402,闽南师范大学,culture,https://www.mnnu.edu.cn/xydl/xg.htm,https://www.mnnu.edu.cn/xydl/xg.htm,read,校歌-闽南师范大学,2026-10-01,
4135011062,厦门理工学院,homepage,https://www.xmut.edu.cn/,https://www.xmut.edu.cn/,read,厦门理工学院,2026-10-01,
4135011062,厦门理工学院,overview,https://www.xmut.edu.cn/xxgk/xxjj.htm,https://www.xmut.edu.cn/xxgk/xxjj.htm,read,学校简介-厦门理工学院,2026-10-01,
4135011062,厦门理工学院,visual,https://www.xmut.edu.cn/xxgk/xxbs.htm,https://www.xmut.edu.cn/xxgk/xxbs.htm,read,学校标识-厦门理工学院,2026-10-01,
4135011062,厦门理工学院,english,https://english.xmut.edu.cn/,https://english.xmut.edu.cn/,read,Xiamen University Of Technology,2026-10-01,
4135011062,厦门理工学院,english,https://english.xmut.edu.cn/index.htm,https://english.xmut.edu.cn/index.htm,read,Xiamen University Of Technology,2026-10-01,
4135011062,厦门理工学院,overview,https://www.xmut.edu.cn/xxgk/xxjj.htm,https://www.xmut.edu.cn/xxgk/xxjj.htm,read,学校简介-厦门理工学院,2026-10-01,
4135011311,三明学院,homepage,https://www.fjsmu.edu.cn/,https://www.fjsmu.edu.cn/,read,三明学院,2026-10-01,
4135011311,三明学院,overview,https://www.fjsmu.edu.cn/xxjj/list.htm,https://www.fjsmu.edu.cn/xxjj/list.htm,read,学校简介,2026-10-01,
4135011311,三明学院,charter,https://www.fjsmu.edu.cn/xxzc/list.htm,https://www.fjsmu.edu.cn/xxzc/list.htm,read,学校章程,2026-10-01,
4135011311,三明学院,visual,https://www.fjsmu.edu.cn/xywh/list.htm,https://www.fjsmu.edu.cn/xywh/list.htm,read,校园文化,2026-10-01,
4135011311,三明学院,culture,https://www.fjsmu.edu.cn/xg/list.htm,https://www.fjsmu.edu.cn/xg/list.htm,read,校歌,2026-10-01,
4135011311,三明学院,history,https://www.fjsmu.edu.cn/xsyg/list.htm,https://www.fjsmu.edu.cn/xsyg/list.htm,read,校史沿革,2026-10-01,
4135011311,三明学院,overview,https://www.fjsmu.edu.cn/xxgk/list.htm,https://www.fjsmu.edu.cn/xxgk/list.htm,read,学校简介,2026-10-01,
4135011311,三明学院,visual,https://www.fjsmu.edu.cn/xb/list.htm,https://www.fjsmu.edu.cn/xb/list.htm,read,校标,2026-10-01,
4135011311,三明学院,culture,https://www.fjsmu.edu.cn/xx_161/list.htm,https://www.fjsmu.edu.cn/xx_161/list.htm,read,校训,2026-10-01,
4135011311,三明学院,charter,https://www.fjsmu.edu.cn/xxzc/list.htm,https://www.fjsmu.edu.cn/xxzc/list.htm,read,学校章程,2026-10-01,
4135011311,三明学院,overview,https://www.fjsmu.edu.cn/xxjj/list.htm,https://www.fjsmu.edu.cn/xxjj/list.htm,read,学校简介,2026-10-01,
4135011311,三明学院,overview,https://www.fjsmu.edu.cn/xxgk/list.htm,https://www.fjsmu.edu.cn/xxgk/list.htm,read,学校简介,2026-10-01,
4135011311,三明学院,history,https://www.fjsmu.edu.cn/xsyg/list.htm,https://www.fjsmu.edu.cn/xsyg/list.htm,read,校史沿革,2026-10-01,
4135011311,三明学院,culture,https://www.fjsmu.edu.cn/xg/list.htm,https://www.fjsmu.edu.cn/xg/list.htm,read,校歌,2026-10-01,
4135011312,龙岩学院,homepage,http://www.lyun.edu.cn,,fetch_error,,2026-10-01,timeout
4135011312,龙岩学院,charter,https://jyt.fujian.gov.cn/xxgk/zywj/202305/t20230510_6166197.htm,https://jyt.fujian.gov.cn/xxgk/zywj/202305/t20230510_6166197.htm,read,"福建省教育厅关于同意龙岩学院章程修正案的批复_
		重要文件_
		福建省教育厅",2026-10-01,
4135011312,龙岩学院,charter,https://jyt.fujian.gov.cn/xxgk/zywj/202305/t20230510_6166197.htm,https://jyt.fujian.gov.cn/xxgk/zywj/202305/t20230510_6166197.htm,read,"福建省教育厅关于同意龙岩学院章程修正案的批复_
		重要文件_
		福建省教育厅",2026-10-01,
4135011313,福建商学院,homepage,https://www.fjbu.edu.cn/,https://www.fjbu.edu.cn/,read,福建商学院,2026-10-01,
4135011313,福建商学院,overview,https://www.fjbu.edu.cn/xygk/xxjj.htm,https://www.fjbu.edu.cn/xygk/xxjj.htm,read,学校简介-福建商学院,2026-10-01,
4135011313,福建商学院,charter,https://www.fjbu.edu.cn/xygk/xxzc.htm,https://www.fjbu.edu.cn/xygk/xxzc.htm,read,学校章程-福建商学院,2026-10-01,
4135011313,福建商学院,visual,https://www.fjbu.edu.cn/xygk/xh.htm,https://www.fjbu.edu.cn/xygk/xh.htm,read,校徽-福建商学院,2026-10-01,
4135011313,福建商学院,culture,https://www.fjbu.edu.cn/xygk/xx2.htm,https://www.fjbu.edu.cn/xygk/xx2.htm,read,校训-福建商学院,2026-10-01,
4135011313,福建商学院,history,https://www.fjbu.edu.cn/xygk/xsyg.htm,https://www.fjbu.edu.cn/xygk/xsyg.htm,read,校史沿革-福建商学院,2026-10-01,
4135011313,福建商学院,navigation,https://www.fjbu.edu.cn/info/1026/65401.htm,https://www.fjbu.edu.cn/info/1026/65401.htm,read,校长程灵一行调研留学生教育管理工作-福建商学院,2026-10-01,
4135011313,福建商学院,history,https://www.fjbu.edu.cn/info/1026/65361.htm,https://www.fjbu.edu.cn/info/1026/65361.htm,foreign_school_article_excluded,校领导带队到重庆工商大学调研交流-福建商学院,2026-10-01,
4135011313,福建商学院,charter,https://www.fjbu.edu.cn/xygk/xxzc.htm,https://www.fjbu.edu.cn/xygk/xxzc.htm,read,学校章程-福建商学院,2026-10-01,
4135011313,福建商学院,overview,https://www.fjbu.edu.cn/xygk/xxjj.htm,https://www.fjbu.edu.cn/xygk/xxjj.htm,read,学校简介-福建商学院,2026-10-01,
4135011313,福建商学院,history,https://www.fjbu.edu.cn/xygk/xsyg.htm,https://www.fjbu.edu.cn/xygk/xsyg.htm,read,校史沿革-福建商学院,2026-10-01,
4135011313,福建商学院,history,https://www.fjbu.edu.cn/info/1026/65361.htm,https://www.fjbu.edu.cn/info/1026/65361.htm,foreign_school_article_excluded,校领导带队到重庆工商大学调研交流-福建商学院,2026-10-01,
4135011313,福建商学院,culture,https://www.fjbu.edu.cn/xygk/xx2.htm,https://www.fjbu.edu.cn/xygk/xx2.htm,read,校训-福建商学院,2026-10-01,
4135011495,福建警察学院,homepage,https://www.fjpsc.edu.cn/,https://www.fjpsc.edu.cn/,read,福建警察学院,2026-10-01,
4135011495,福建警察学院,overview,https://www.fjpsc.edu.cn/index.php/home/show_webpage/5,,access_limited,,2026-10-01,URLError
4135011495,福建警察学院,visual,https://www.fjpsc.edu.cn/index.php/home/cate/35,https://www.fjpsc.edu.cn/index.php/home/cate/35,read,福建警察学院,2026-10-01,
4135011495,福建警察学院,culture,https://www.fjpsc.edu.cn/index.php/home/article/31319,https://www.fjpsc.edu.cn/index.php/home/article/31319,read,福建警察学院,2026-10-01,
4135011495,福建警察学院,overview,https://www.fjpsc.edu.cn/index.php/home/show_webpage/4,https://www.fjpsc.edu.cn/index.php/home/show_webpage/4,read,福建警察学院,2026-10-01,
4135011495,福建警察学院,visual,https://www.fjpsc.edu.cn/index.php/home/article/31318,,access_limited,,2026-10-01,URLError
4135011495,福建警察学院,culture,https://www.fjpsc.edu.cn/index.php/home/article/31317,https://www.fjpsc.edu.cn/index.php/home/article/31317,read,福建警察学院,2026-10-01,
4135011495,福建警察学院,overview,https://www.fjpsc.edu.cn/index.php/home/show_webpage/4,https://www.fjpsc.edu.cn/index.php/home/show_webpage/4,read,福建警察学院,2026-10-01,
4135011495,福建警察学院,culture,https://www.fjpsc.edu.cn/index.php/home/article/31319,https://www.fjpsc.edu.cn/index.php/home/article/31319,read,福建警察学院,2026-10-01,
4135011495,福建警察学院,culture,https://www.fjpsc.edu.cn/index.php/home/article/31317,https://www.fjpsc.edu.cn/index.php/home/article/31317,read,福建警察学院,2026-10-01,
4135011495,福建警察学院,overview,https://www.fjpsc.edu.cn/index.php/home/show_webpage/4,,access_limited,,2026-10-01,URLError
4135011498,莆田学院,homepage,https://www.ptu.edu.cn/,https://www.ptu.edu.cn/,read,莆田学院,2026-10-01,
4135011498,莆田学院,overview,https://www.ptu.edu.cn/newxxgk/newxxgk.htm,https://www.ptu.edu.cn/newxxgk/newxxgk.htm,read,学校概况-莆田学院,2026-10-01,
4135011498,莆田学院,charter,https://www.ptu.edu.cn/newxxgk/xyzc.htm,https://www.ptu.edu.cn/newxxgk/xyzc.htm,read,学院章程-莆田学院,2026-10-01,
4135011498,莆田学院,visual,https://www.ptu.edu.cn/newxxgk/xbxg.htm,https://www.ptu.edu.cn/newxxgk/xbxg.htm,read,校标校歌-莆田学院,2026-10-01,
4135011498,莆田学院,charter,https://www.ptu.edu.cn/newxxgk/xyzc.htm,https://www.ptu.edu.cn/newxxgk/xyzc.htm,read,学院章程-莆田学院,2026-10-01,
4135011498,莆田学院,overview,https://www.ptu.edu.cn/newxxgk/newxxgk.htm,https://www.ptu.edu.cn/newxxgk/newxxgk.htm,read,学校概况-莆田学院,2026-10-01,
4135011784,仰恩大学,homepage,https://www.yeu.edu.cn/,,robots_disallowed,,2026-10-01,
4135011784,仰恩大学,overview,https://www.yeu.edu.cn/1290/list.htm,,robots_disallowed,,2026-10-01,
4135012631,厦门医学院,homepage,https://www.xmmc.edu.cn/,https://www.xmmc.edu.cn/,read,厦门医学院,2026-10-01,
4135012631,厦门医学院,overview,https://www.xmmc.edu.cn/xxgk1/xxjj.htm,https://www.xmmc.edu.cn/xxgk1/xxjj.htm,read,学校简介-厦门医学院,2026-10-01,
4135012631,厦门医学院,visual,https://www.xmmc.edu.cn/xxgk1/xywh/xx.htm,https://www.xmmc.edu.cn/xxgk1/xywh/xx.htm,read,校训-厦门医学院,2026-10-01,
4135012631,厦门医学院,culture,https://www.xmmc.edu.cn/info/1122/11329.htm,https://www.xmmc.edu.cn/info/1122/11329.htm,read,【光明日报】凝练特色育人理念 培育卓越医学人才-厦门医学院,2026-10-01,
4135012631,厦门医学院,history,https://www.xmmc.edu.cn/xxgk1/lsyg.htm,https://www.xmmc.edu.cn/xxgk1/lsyg.htm,read,历史沿革-厦门医学院,2026-10-01,
4135012631,厦门医学院,english,https://www.xmmc.edu.cn/index/English.htm,https://www.xmmc.edu.cn/index/English.htm,read,English-厦门医学院,2026-10-01,
4135012631,厦门医学院,navigation,https://www.xmmc.edu.cn/info/1122/12173.htm,https://www.xmmc.edu.cn/info/1122/12173.htm,read,【经济日报】教地共营夯实人才根基 校城共生支撑产业发展-厦门医学院,2026-10-01,
4135012631,厦门医学院,visual,https://www.xmmc.edu.cn/xxgk1/xywh/xh.htm,https://www.xmmc.edu.cn/xxgk1/xywh/xh.htm,read,校徽-厦门医学院,2026-10-01,
4135012631,厦门医学院,overview,https://www.xmmc.edu.cn/xxgk1/xxjj.htm,https://www.xmmc.edu.cn/xxgk1/xxjj.htm,read,学校简介-厦门医学院,2026-10-01,
4135012631,厦门医学院,history,https://www.xmmc.edu.cn/xxgk1/lsyg.htm,https://www.xmmc.edu.cn/xxgk1/lsyg.htm,read,历史沿革-厦门医学院,2026-10-01,
4135012631,厦门医学院,culture,https://www.xmmc.edu.cn/info/1122/11329.htm,https://www.xmmc.edu.cn/info/1122/11329.htm,read,【光明日报】凝练特色育人理念 培育卓越医学人才-厦门医学院,2026-10-01,
4135013115,厦门工学院,homepage,https://www.xit.edu.cn/,,robots_disallowed,,2026-10-01,
4135013115,厦门工学院,overview,https://www.xit.edu.cn/xxjj/list.htm,,robots_disallowed,,2026-10-01,
4135013468,阳光学院,homepage,https://www.ygu.edu.cn/,https://www.ygu.edu.cn/,read,阳光学院,2026-10-01,
4135013468,阳光学院,overview,https://www.ygu.edu.cn/xxgk/xxjj.htm,https://www.ygu.edu.cn/xxgk/xxjj.htm,read,学校简介-阳光学院,2026-10-01,
4135013468,阳光学院,charter,https://www.ygu.edu.cn/xxgk/xxzc.htm,https://www.ygu.edu.cn/xxgk/xxzc.htm,read,学校章程-阳光学院,2026-10-01,
4135013468,阳光学院,visual,https://www.ygu.edu.cn/xywh.htm,https://www.ygu.edu.cn/xywh.htm,read,校园文化-阳光学院,2026-10-01,
4135013468,阳光学院,culture,https://www.ygu.edu.cn/xxgk/xxxg.htm,https://www.ygu.edu.cn/xxgk/xxxg.htm,read,学校校歌-阳光学院,2026-10-01,
4135013468,阳光学院,english,https://yangoenglish.ygu.edu.cn/,https://yangoenglish.ygu.edu.cn/,read,阳光学院英文网,2026-10-01,
4135013468,阳光学院,overview,https://www.ygu.edu.cn/xxgk.htm,https://www.ygu.edu.cn/xxgk.htm,read,学校概况-阳光学院,2026-10-01,
4135013468,阳光学院,visual,https://www.ygu.edu.cn/xxgk/xxlnybs.htm,https://www.ygu.edu.cn/xxgk/xxlnybs.htm,read,学校理念与标识-阳光学院,2026-10-01,
4135013468,阳光学院,culture,https://www.ygu.edu.cn/info/1026/3395.htm,https://www.ygu.edu.cn/info/1026/3395.htm,read,校训-阳光学院,2026-10-01,
4135013468,阳光学院,english,https://yangoenglish.ygu.edu.cn/info/1157/1012.htm,https://yangoenglish.ygu.edu.cn/info/1157/1012.htm,read,“Tell the story of non-heritage in English and promote Chinese culture.” English Speech Contest Successfully Concludes-阳光学院英文网,2026-10-01,
4135013468,阳光学院,charter,https://www.ygu.edu.cn/xxgk/xxzc.htm,https://www.ygu.edu.cn/xxgk/xxzc.htm,read,学校章程-阳光学院,2026-10-01,
4135013468,阳光学院,overview,https://www.ygu.edu.cn/xxgk.htm,https://www.ygu.edu.cn/xxgk.htm,read,学校概况-阳光学院,2026-10-01,
4135013468,阳光学院,overview,https://www.ygu.edu.cn/xxgk/xxjj.htm,https://www.ygu.edu.cn/xxgk/xxjj.htm,read,学校简介-阳光学院,2026-10-01,
4135013468,阳光学院,culture,https://www.ygu.edu.cn/xxgk/xxxg.htm,https://www.ygu.edu.cn/xxgk/xxxg.htm,read,学校校歌-阳光学院,2026-10-01,
4135013468,阳光学院,culture,https://www.ygu.edu.cn/info/1026/3395.htm,https://www.ygu.edu.cn/info/1026/3395.htm,read,校训-阳光学院,2026-10-01,
4135013763,福建江夏学院,homepage,http://en.fjjxu.edu.cn/,,robots_disallowed,,2026-10-01,
4135013763,福建江夏学院,charter,https://jyt.fj.gov.cn/xxgk/zywj/202301/t20230118_6096588.htm,https://jyt.fj.gov.cn/xxgk/zywj/202301/t20230118_6096588.htm,read,"福建省教育厅关于同意福建江夏学院章程修正案的批复_
		重要文件_
		福建省教育厅",2026-10-01,
4135013763,福建江夏学院,overview,https://fjjxu.edu.cn/,https://fjjxu.edu.cn/,read,福建江夏学院,2026-10-01,
4135013763,福建江夏学院,overview,https://www.fjjxu.edu.cn/?ad_check=1,,robots_disallowed,,2026-10-01,
4135013763,福建江夏学院,charter,https://jyt.fj.gov.cn/xxgk/zywj/202301/t20230118_6096588.htm,https://jyt.fj.gov.cn/xxgk/zywj/202301/t20230118_6096588.htm,read,"福建省教育厅关于同意福建江夏学院章程修正案的批复_
		重要文件_
		福建省教育厅",2026-10-01,
4135013763,福建江夏学院,overview,https://fjjxu.edu.cn/,https://fjjxu.edu.cn/,read,福建江夏学院,2026-10-01,
4135014683,福建技术师范学院,homepage,https://www.fpnu.edu.cn/,https://www.fpnu.edu.cn/,read,福建技术师范学院,2026-10-01,
4135014683,福建技术师范学院,overview,https://www.fpnu.edu.cn/xxgk1/lsyg.htm,https://www.fpnu.edu.cn/xxgk1/lsyg.htm,read,历史沿革-福建技术师范学院,2026-10-01,
4135014683,福建技术师范学院,charter,https://www.fpnu.edu.cn/xxgk1/xxzc.htm,https://www.fpnu.edu.cn/xxgk1/xxzc.htm,read,学校章程-福建技术师范学院,2026-10-01,
4135014683,福建技术师范学院,visual,https://www.fpnu.edu.cn/xxgk1/xbxx.htm,https://www.fpnu.edu.cn/xxgk1/xbxx.htm,read,校标校训-福建技术师范学院,2026-10-01,
4135014683,福建技术师范学院,culture,https://www.fpnu.edu.cn/xxgk1/xg.htm,https://www.fpnu.edu.cn/xxgk1/xg.htm,read,校歌-福建技术师范学院,2026-10-01,
4135014683,福建技术师范学院,english,http://en.fpnu.edu.cn/,http://en.fpnu.edu.cn/,read,福建技术师范学院外文,2026-10-01,
4135014683,福建技术师范学院,overview,https://www.fpnu.edu.cn/xxgk1/xxgk.htm,https://www.fpnu.edu.cn/xxgk1/xxgk.htm,read,学校概况-福建技术师范学院,2026-10-01,
4135014683,福建技术师范学院,charter,https://www.fpnu.edu.cn/xxgk1/xxzc.htm,https://www.fpnu.edu.cn/xxgk1/xxzc.htm,read,学校章程-福建技术师范学院,2026-10-01,
4135014683,福建技术师范学院,overview,https://www.fpnu.edu.cn/xxgk1/lsyg.htm,https://www.fpnu.edu.cn/xxgk1/lsyg.htm,read,历史沿革-福建技术师范学院,2026-10-01,
4135014683,福建技术师范学院,overview,https://www.fpnu.edu.cn/xxgk1/xxgk.htm,https://www.fpnu.edu.cn/xxgk1/xxgk.htm,read,学校概况-福建技术师范学院,2026-10-01,
4135014683,福建技术师范学院,culture,https://www.fpnu.edu.cn/xxgk1/xg.htm,https://www.fpnu.edu.cn/xxgk1/xg.htm,read,校歌-福建技术师范学院,2026-10-01,
4135014896,福建福耀科技大学,homepage,https://fyust.edu.cn,,title_mismatch,,2026-10-01,
4135014896,福建福耀科技大学,charter,https://jyt.fujian.gov.cn/xxgk/zywj/202601/t20260106_7072070.htm,https://jyt.fujian.gov.cn/xxgk/zywj/202601/t20260106_7072070.htm,read,"福建省教育厅关于同意福建福耀科技大学章程修正案的批复_
		重要文件_
		福建省教育厅",2026-10-01,
4135014896,福建福耀科技大学,charter,https://jyt.fujian.gov.cn/xxgk/zywj/202601/t20260106_7072070.htm,https://jyt.fujian.gov.cn/xxgk/zywj/202601/t20260106_7072070.htm,read,"福建省教育厅关于同意福建福耀科技大学章程修正案的批复_
		重要文件_
		福建省教育厅",2026-10-01,
4135014896,福建福耀科技大学,overview,https://www.fj.gov.cn/zwgk/zxwj/szfbgtwj/202503/t20250311_6777723.htm,https://www.fj.gov.cn/zwgk/zxwj/szfbgtwj/202503/t20250311_6777723.htm,read,"福建省人民政府办公厅关于设置福建福耀科技大学的通知_
		省政府办公厅文件_
		福建省人民政府门户网站",2026-10-01,
4136010403,南昌大学,homepage,https://www.ncu.edu.cn/,https://www.ncu.edu.cn/,read,南昌大学,2026-10-01,
4136010403,南昌大学,overview,https://www.ncu.edu.cn/xxgk/xxjj.htm,https://www.ncu.edu.cn/xxgk/xxjj.htm,read,学校简介-南昌大学,2026-10-01,
4136010403,南昌大学,charter,https://www.ncu.edu.cn/xxgk/xxzc.htm,https://www.ncu.edu.cn/xxgk/xxzc.htm,read,学校章程-南昌大学,2026-10-01,
4136010403,南昌大学,visual,https://www.ncu.edu.cn/xxgk/xxxh.htm,https://www.ncu.edu.cn/xxgk/xxxh.htm,read,校训校徽-南昌大学,2026-10-01,
4136010403,南昌大学,history,https://www.ncu.edu.cn/xxgk/lsyg.htm,https://www.ncu.edu.cn/xxgk/lsyg.htm,read,历史沿革-南昌大学,2026-10-01,
4136010403,南昌大学,charter,https://www.ncu.edu.cn/xxgk/xxzc.htm,https://www.ncu.edu.cn/xxgk/xxzc.htm,read,学校章程-南昌大学,2026-10-01,
4136010403,南昌大学,overview,https://www.ncu.edu.cn/xxgk/xxjj.htm,https://www.ncu.edu.cn/xxgk/xxjj.htm,read,学校简介-南昌大学,2026-10-01,
4136010403,南昌大学,history,https://www.ncu.edu.cn/xxgk/lsyg.htm,https://www.ncu.edu.cn/xxgk/lsyg.htm,read,历史沿革-南昌大学,2026-10-01,
4136010403,南昌大学,history,https://www.ncu.edu.cn/xxgk/lsyg.htm,,access_limited,,2026-10-01,RemoteDisconnected
4136010404,华东交通大学,homepage,http://www.ecjtu.jx.cn,,robots_disallowed,,2026-10-01,URLError
4136010404,华东交通大学,overview,https://www.ecjtu.edu.cn/__local/2/B3/75/D991F4B39185AEABBDADD79B039_E2FC0EE3_52B62.pdf,https://www.ecjtu.edu.cn/__local/2/B3/75/D991F4B39185AEABBDADD79B039_E2FC0EE3_52B62.pdf,read,,2026-10-01,
4136010404,华东交通大学,navigation,https://www.ecjtu.edu.cn/__local/8/0A/3F/DA1208D36A96BBBEE3C24C18565_AD8FF733_31FE1.pdf,https://www.ecjtu.edu.cn/__local/8/0A/3F/DA1208D36A96BBBEE3C24C18565_AD8FF733_31FE1.pdf,read,,2026-10-01,
4136010404,华东交通大学,overview,https://www.ecjtu.edu.cn/gyjd/xxjj1.htm,https://www.ecjtu.edu.cn/gyjd/xxjj1.htm,read,学校简介-华东交通大学,2026-10-01,
4136010404,华东交通大学,overview,https://www.ecjtu.edu.cn/__local/2/B3/75/D991F4B39185AEABBDADD79B039_E2FC0EE3_52B62.pdf,https://www.ecjtu.edu.cn/__local/2/B3/75/D991F4B39185AEABBDADD79B039_E2FC0EE3_52B62.pdf,read,,2026-10-01,
4136010405,东华理工大学,homepage,https://www.ecut.edu.cn/main.htm,https://www.ecut.edu.cn/main.htm,read,东华理工大学,2026-10-01,
4136010405,东华理工大学,overview,https://www.ecut.edu.cn/7563/list.htm,https://www.ecut.edu.cn/7563/list.htm,read,学校简介,2026-10-01,
4136010405,东华理工大学,charter,https://www.ecut.edu.cn/7621/list.htm,https://www.ecut.edu.cn/7621/list.htm,read,大学章程,2026-10-01,
4136010405,东华理工大学,history,http://vr.ecut.edu.cn,,access_limited,,2026-10-01,timeout
4136010405,东华理工大学,english,https://eng.ecut.edu.cn/,https://eng.ecut.edu.cn/main.htm,read,东华理工大学,2026-10-01,
4136010405,东华理工大学,navigation,https://www.ecut.edu.cn/33/4f/c7532a144207/page.htm,https://www.ecut.edu.cn/33/4f/c7532a144207/page.htm,read,​【人民网】中核集团“两弹一星”精神及核工业精神宣讲团走进东华理工大学,2026-10-01,
4136010405,东华理工大学,overview,https://www.ecut.edu.cn/7560/list.htm,https://www.ecut.edu.cn/7560/list.htm,read,学校简介,2026-10-01,
4136010405,东华理工大学,navigation,https://www.ecut.edu.cn/33/64/c7532a144228/page.htm,https://www.ecut.edu.cn/33/64/c7532a144228/page.htm,read,【学习强国】中核集团“两弹一星”精神及核工业精神宣讲团走进东华理工大学,2026-10-01,
4136010405,东华理工大学,charter,https://www.ecut.edu.cn/7621/list.htm,https://www.ecut.edu.cn/7621/list.htm,read,大学章程,2026-10-01,
4136010405,东华理工大学,overview,https://www.ecut.edu.cn/7563/list.htm,https://www.ecut.edu.cn/7563/list.htm,read,学校简介,2026-10-01,
4136010405,东华理工大学,overview,https://www.ecut.edu.cn/7560/list.htm,https://www.ecut.edu.cn/7560/list.htm,read,学校简介,2026-10-01,
4136010406,南昌航空大学,homepage,https://www.nchu.edu.cn/,https://www.nchu.edu.cn/,read,南昌航空大学,2026-10-01,
4136010406,南昌航空大学,overview,https://www.nchu.edu.cn/xxgk/xxjj,https://www.nchu.edu.cn/xxgk/xxjj,read,学校简介_学校概况_南昌航空大学,2026-10-01,
4136010406,南昌航空大学,charter,https://www.nchu.edu.cn/xxgk/xxzc,https://www.nchu.edu.cn/xxgk/xxzc,read,学校章程_学校概况_南昌航空大学,2026-10-01,
4136010406,南昌航空大学,visual,https://www.nchu.edu.cn/xxgk/xxbs,https://www.nchu.edu.cn/xxgk/xxbs,read,学校标识_学校概况_南昌航空大学,2026-10-01,
4136010406,南昌航空大学,navigation,https://www.nchu.edu.cn/xxgk/xxls,https://www.nchu.edu.cn/xxgk/xxls,read,学校历史_学校概况_南昌航空大学,2026-10-01,
4136010406,南昌航空大学,navigation,https://www.nchu.edu.cn/xwzx/chyw/content_196184,https://www.nchu.edu.cn/xwzx/chyw/content_196184,read,学校开展2026年“我与书记校长面对面”——走进新进教师交流活动_南航要闻_新闻中心_南昌航空大学,2026-10-01,
4136010406,南昌航空大学,charter,https://www.nchu.edu.cn/xxgk/xxzc,https://www.nchu.edu.cn/xxgk/xxzc,read,学校章程_学校概况_南昌航空大学,2026-10-01,
4136010406,南昌航空大学,overview,https://www.nchu.edu.cn/xxgk/xxjj,https://www.nchu.edu.cn/xxgk/xxjj,read,学校简介_学校概况_南昌航空大学,2026-10-01,
4136010407,江西理工大学,homepage,https://www.jxust.edu.cn/,https://www.jxust.edu.cn/,read,江西理工大学 - JiangXi University of Science and Technology,2026-10-01,
4136010407,江西理工大学,overview,https://www.jxust.edu.cn/jxustn/xxgk/xxjj.htm,https://www.jxust.edu.cn/jxustn/xxgk/xxjj.htm,read,学校简介-江西理工大学 - JiangXi University of Science and Technology,2026-10-01,
4136010407,江西理工大学,charter,https://www.jxust.edu.cn/jxustn/xxgk/xxzc.htm,https://www.jxust.edu.cn/jxustn/xxgk/xxzc.htm,read,学校章程-江西理工大学 - JiangXi University of Science and Technology,2026-10-01,
4136010407,江西理工大学,visual,https://www.jxust.edu.cn/jxustn/zjjl/xxbs.htm,https://www.jxust.edu.cn/jxustn/zjjl/xxbs.htm,read,学校标识-江西理工大学 - JiangXi University of Science and Technology,2026-10-01,
4136010407,江西理工大学,history,https://www.jxust.edu.cn/jxustn/xxgk/lsyg.htm,https://www.jxust.edu.cn/jxustn/xxgk/lsyg.htm,read,历史沿革-江西理工大学 - JiangXi University of Science and Technology,2026-10-01,
4136010407,江西理工大学,charter,https://www.jxust.edu.cn/jxustn/xxgk/xxzc.htm,https://www.jxust.edu.cn/jxustn/xxgk/xxzc.htm,read,学校章程-江西理工大学 - JiangXi University of Science and Technology,2026-10-01,
4136010407,江西理工大学,overview,https://www.jxust.edu.cn/jxustn/xxgk/xxjj.htm,https://www.jxust.edu.cn/jxustn/xxgk/xxjj.htm,read,学校简介-江西理工大学 - JiangXi University of Science and Technology,2026-10-01,
4136010407,江西理工大学,history,https://www.jxust.edu.cn/jxustn/xxgk/lsyg.htm,https://www.jxust.edu.cn/jxustn/xxgk/lsyg.htm,read,历史沿革-江西理工大学 - JiangXi University of Science and Technology,2026-10-01,
4136010408,景德镇陶瓷大学,homepage,https://www.jci.edu.cn/,https://www.jci.edu.cn/,insufficient_text,景德镇陶瓷大学官方网站,2026-10-01,
4136010410,江西农业大学,homepage,https://www.jxau.edu.cn/,https://www.jxau.edu.cn/,read,江西农业大学,2026-10-01,
4136010410,江西农业大学,overview,https://www.jxau.edu.cn/xqzl/xxjj.htm,https://www.jxau.edu.cn/xqzl/xxjj.htm,read,学校简介-江西农业大学,2026-10-01,
4136010410,江西农业大学,visual,https://www.jxau.edu.cn/xqzl/xxbs.htm,https://www.jxau.edu.cn/xqzl/xxbs.htm,read,学校标识-江西农业大学,2026-10-01,
4136010410,江西农业大学,culture,https://www.jxau.edu.cn/fj/1.pdf,https://www.jxau.edu.cn/fj/1.pdf,read,,2026-10-01,
4136010410,江西农业大学,overview,https://www.jxau.edu.cn/xqzl/xxjj.htm,https://www.jxau.edu.cn/xqzl/xxjj.htm,read,学校简介-江西农业大学,2026-10-01,
4136010410,江西农业大学,culture,https://www.jxau.edu.cn/fj/1.pdf,https://www.jxau.edu.cn/fj/1.pdf,read,,2026-10-01,
4136010412,江西中医药大学,homepage,https://www.jxutcm.edu.cn/,https://www.jxutcm.edu.cn/,read,江西中医药大学,2026-10-01,
4136010412,江西中医药大学,overview,https://www.jxutcm.edu.cn/info/1050/16932.htm,https://www.jxutcm.edu.cn/info/1050/16932.htm,read,江西中医药大学简介-江西中医药大学,2026-10-01,
4136010412,江西中医药大学,visual,https://www.jxutcm.edu.cn/info/1063/1371.htm,https://www.jxutcm.edu.cn/info/1063/1371.htm,read,形象识别-江西中医药大学,2026-10-01,
4136010412,江西中医药大学,navigation,https://www.jxutcm.edu.cn/info/1010/93300.htm,https://www.jxutcm.edu.cn/info/1010/93300.htm,read,于都长征源宣讲团走进江西中医药大学-江西中医药大学,2026-10-01,
4136010412,江西中医药大学,overview,https://www.jxutcm.edu.cn/xxgk.htm,https://www.jxutcm.edu.cn/xxgk.htm,read,学校概况-江西中医药大学,2026-10-01,
4136010412,江西中医药大学,visual,https://www.jxutcm.edu.cn/system/_content/download.jsp?urltype=news.DownloadAttachUrl&owner=1244723289&wbfileid=E2450A17AA9D58F63B80FEBC32521737,https://www.jxutcm.edu.cn/system/_content/download.jsp?urltype=news.DownloadAttachUrl&owner=1244723289&wbfileid=E2450A17AA9D58F63B80FEBC32521737,insufficient_text,附件下载,2026-10-01,
4136010412,江西中医药大学,overview,https://www.jxutcm.edu.cn/xxgk.htm,https://www.jxutcm.edu.cn/xxgk.htm,read,学校概况-江西中医药大学,2026-10-01,
4136010412,江西中医药大学,overview,https://www.jxutcm.edu.cn/info/1050/16932.htm,https://www.jxutcm.edu.cn/info/1050/16932.htm,read,江西中医药大学简介-江西中医药大学,2026-10-01,
4136010412,江西中医药大学,overview,https://www.jxutcm.edu.cn/xxgk.htm,https://www.jxutcm.edu.cn/xxgk.htm,read,学校概况-江西中医药大学,2026-10-01,
4136010413,赣南医科大学,homepage,https://www.gmu.cn/,,robots_disallowed,,2026-10-01,
4136010413,赣南医科大学,overview,https://www.gmu.edu.cn/,https://www.gmu.edu.cn/,read,赣南医科大学-Gannan Medical University,2026-10-01,
4136010413,赣南医科大学,overview,https://gmu.edu.cn/xxgk1/xxjj.htm,https://gmu.edu.cn/xxgk1/xxjj.htm,read,学校简介-赣南医科大学-Gannan Medical University,2026-10-01,
4136010413,赣南医科大学,overview,https://www.gmu.edu.cn/,https://www.gmu.edu.cn/,read,赣南医科大学-Gannan Medical University,2026-10-01,
4136010413,赣南医科大学,overview,https://gmu.edu.cn/xxgk1/xxjj.htm,https://gmu.edu.cn/xxgk1/xxjj.htm,read,学校简介-赣南医科大学-Gannan Medical University,2026-10-01,
4136010414,江西师范大学,homepage,https://www.jxnu.edu.cn/,https://www.jxnu.edu.cn/,read,江西师范大学主页,2026-10-01,
4136010414,江西师范大学,overview,https://www.jxnu.edu.cn/xxjj/list.htm,https://www.jxnu.edu.cn/xxjj/list.htm,read,学校简介,2026-10-01,
4136010414,江西师范大学,charter,https://www.jxnu.edu.cn/xxzc_13114/list.htm,https://www.jxnu.edu.cn/xxzc_13114/list.htm,read,学校章程,2026-10-01,
4136010414,江西师范大学,history,https://www.jxnu.edu.cn/lsyg/list.htm,https://www.jxnu.edu.cn/lsyg/list.htm,read,历史沿革,2026-10-01,
4136010414,江西师范大学,navigation,https://www.jxnu.edu.cn/zjsd/list.htm,https://www.jxnu.edu.cn/zjsd/list.htm,read,实用信息,2026-10-01,
4136010414,江西师范大学,visual,https://www.jxnu.edu.cn/2025/1020/c13361a282987/page.htm,https://www.jxnu.edu.cn/2025/1020/c13361a282987/page.htm,read,视觉形象识别系统,2026-10-01,
4136010414,江西师范大学,overview,http://www.jxnu.edu.cn/xxjj/list.htm,https://www.jxnu.edu.cn/xxjj/list.htm,read,学校简介,2026-10-01,
4136010414,江西师范大学,navigation,https://www.jxnu.edu.cn/2026/0922/c13125a297733/page.htm,https://www.jxnu.edu.cn/2026/0922/c13125a297733/page.htm,read,【大江新闻】厚植家国情，淬砺强军志：走进第26个全民国防教育日暨“胜战・英雄”军校开放日活动,2026-10-01,
4136010414,江西师范大学,charter,https://www.jxnu.edu.cn/xxzc_13114/list.htm,https://www.jxnu.edu.cn/xxzc_13114/list.htm,read,学校章程,2026-10-01,
4136010414,江西师范大学,overview,https://www.jxnu.edu.cn/xxjj/list.htm,https://www.jxnu.edu.cn/xxjj/list.htm,read,学校简介,2026-10-01,
4136010414,江西师范大学,history,https://www.jxnu.edu.cn/lsyg/list.htm,https://www.jxnu.edu.cn/lsyg/list.htm,read,历史沿革,2026-10-01,
4136010416,上饶师范学院,homepage,http://jwc.sru.jx.cn/,,fetch_error,,2026-10-01,URLError
4136010417,宜春学院,homepage,https://www.jxycu.edu.cn/,https://www.jxycu.edu.cn/,read,宜春学院,2026-10-01,
4136010417,宜春学院,overview,https://www.jxycu.edu.cn/4220/list.htm,https://www.jxycu.edu.cn/4220/list.htm,read,学校简介,2026-10-01,
4136010417,宜春学院,charter,https://www.jxycu.edu.cn/xxzc_5069/list.htm,https://www.jxycu.edu.cn/xxzc_5069/list.htm,read,学校章程,2026-10-01,
4136010417,宜春学院,visual,https://www.jxycu.edu.cn/4222/list.htm,https://www.jxycu.edu.cn/4222/list.htm,read,学校标识,2026-10-01,
4136010417,宜春学院,history,https://www.jxycu.edu.cn/4225/list.htm,https://www.jxycu.edu.cn/4225/list.htm,read,学校沿革,2026-10-01,
4136010417,宜春学院,overview,https://www.jxycu.edu.cn/4199/list.htm,https://www.jxycu.edu.cn/4199/list.htm,read,学校简介,2026-10-01,
4136010417,宜春学院,charter,https://www.jxycu.edu.cn/xxzc_5069/list.htm,https://www.jxycu.edu.cn/xxzc_5069/list.htm,read,学校章程,2026-10-01,
4136010417,宜春学院,overview,https://www.jxycu.edu.cn/4220/list.htm,https://www.jxycu.edu.cn/4220/list.htm,read,学校简介,2026-10-01,
4136010417,宜春学院,overview,https://www.jxycu.edu.cn/4199/list.htm,https://www.jxycu.edu.cn/4199/list.htm,read,学校简介,2026-10-01,
4136010417,宜春学院,history,https://www.jxycu.edu.cn/4225/list.htm,https://www.jxycu.edu.cn/4225/list.htm,read,学校沿革,2026-10-01,
4136010418,赣南师范大学,homepage,https://www.gnnu.edu.cn/,https://www.gnnu.edu.cn/,read,赣南师范大学|Gannan Normal University,2026-10-01,
4136010418,赣南师范大学,overview,https://www.gnnu.edu.cn/xxgk/xxjj.htm,https://www.gnnu.edu.cn/xxgk/xxjj.htm,read,学校简介-赣南师范大学|Gannan Normal University,2026-10-01,
4136010418,赣南师范大学,visual,https://www.gnnu.edu.cn/xxgk/xxsjsbxt.htm,https://www.gnnu.edu.cn/xxgk/xxsjsbxt.htm,read,学校视觉识别系统-赣南师范大学|Gannan Normal University,2026-10-01,
4136010418,赣南师范大学,history,https://www.gnnu.edu.cn/xxgk/lsyg.htm,https://www.gnnu.edu.cn/xxgk/lsyg.htm,read,历史沿革-赣南师范大学|Gannan Normal University,2026-10-01,
4136010418,赣南师范大学,overview,https://www.gnnu.edu.cn/xxgk/xxjj.htm,https://www.gnnu.edu.cn/xxgk/xxjj.htm,read,学校简介-赣南师范大学|Gannan Normal University,2026-10-01,
4136010418,赣南师范大学,history,https://www.gnnu.edu.cn/xxgk/lsyg.htm,https://www.gnnu.edu.cn/xxgk/lsyg.htm,read,历史沿革-赣南师范大学|Gannan Normal University,2026-10-01,
4136010419,井冈山大学,homepage,https://www.jgsu.edu.cn,https://www.jgsu.edu.cn,read,井冈山大学,2026-10-01,
4136010419,井冈山大学,overview,https://www.jgsu.edu.cn/xxgk/xygk/xxjj.htm,https://www.jgsu.edu.cn/xxgk/xygk/xxjj.htm,read,学校简介-井冈山大学,2026-10-01,
4136010419,井冈山大学,charter,https://www.jgsu.edu.cn/xxgk/xygk/xxzc.htm,https://www.jgsu.edu.cn/xxgk/xygk/xxzc.htm,read,学校章程-井冈山大学,2026-10-01,
4136010419,井冈山大学,visual,http://xgc.jgsu.edu.cn/,http://xgc.jgsu.edu.cn/,read,井冈山大学学生工作部（处）,2026-10-01,
4136010419,井冈山大学,culture,https://www.jgsu.edu.cn/xxgk/jdbs/xxxg.htm,https://www.jgsu.edu.cn/xxgk/jdbs/xxxg.htm,read,学校校歌-井冈山大学,2026-10-01,
4136010419,井冈山大学,history,https://www.jgsu.edu.cn/xxgk/xygk/xsyg.htm,https://www.jgsu.edu.cn/xxgk/xygk/xsyg.htm,read,校史沿革-井冈山大学,2026-10-01,
4136010419,井冈山大学,navigation,https://slxy.jgsu.edu.cn/,https://slxy.jgsu.edu.cn/,read,井冈山大学·数理学院,2026-10-01,
4136010419,井冈山大学,overview,https://slxy.jgsu.edu.cn/xygk.htm,https://slxy.jgsu.edu.cn/xygk.htm,read,学院概况-井冈山大学·数理学院,2026-10-01,
4136010419,井冈山大学,charter,https://www.jgsu.edu.cn/system/_content/download.jsp?urltype=news.DownloadAttachUrl&owner=1914154470&wbfileid=A1BAB2082A9E13282B3700C5600DF92D,https://www.jgsu.edu.cn/system/_content/download.jsp?urltype=news.DownloadAttachUrl&owner=1914154470&wbfileid=A1BAB2082A9E13282B3700C5600DF92D,insufficient_text,附件下载,2026-10-01,
4136010419,井冈山大学,visual,https://www.jgsu.edu.cn/xxgk/jdbs/xhxx.htm,https://www.jgsu.edu.cn/xxgk/jdbs/xhxx.htm,read,校徽校训-井冈山大学,2026-10-01,
4136010419,井冈山大学,charter,https://www.jgsu.edu.cn/xxgk/xygk/xxzc.htm,https://www.jgsu.edu.cn/xxgk/xygk/xxzc.htm,read,学校章程-井冈山大学,2026-10-01,
4136010419,井冈山大学,overview,https://slxy.jgsu.edu.cn/xygk.htm,https://slxy.jgsu.edu.cn/xygk.htm,read,学院概况-井冈山大学·数理学院,2026-10-01,
4136010419,井冈山大学,overview,https://www.jgsu.edu.cn/xxgk/xygk/xxjj.htm,https://www.jgsu.edu.cn/xxgk/xygk/xxjj.htm,read,学校简介-井冈山大学,2026-10-01,
4136010419,井冈山大学,history,https://www.jgsu.edu.cn/xxgk/xygk/xsyg.htm,https://www.jgsu.edu.cn/xxgk/xygk/xsyg.htm,read,校史沿革-井冈山大学,2026-10-01,
4136010419,井冈山大学,culture,https://www.jgsu.edu.cn/xxgk/jdbs/xxxg.htm,https://www.jgsu.edu.cn/xxgk/jdbs/xxxg.htm,read,学校校歌-井冈山大学,2026-10-01,
4136010421,江西财经大学,homepage,http://www.jxufe.edu.cn/,,robots_disallowed,,2026-10-01,
4136010421,江西财经大学,overview,https://www.jxufe.edu.cn/,,robots_disallowed,,2026-10-01,
4136010421,江西财经大学,overview,https://www.jxufe.edu.cn//,,robots_disallowed,,2026-10-01,
4136010421,江西财经大学,overview,https://www.jxufe.edu.cn/news-list-xxjj.html,,robots_disallowed,,2026-10-01,
4136010421,江西财经大学,overview,https://xiaoban.jxufe.edu.cn/news-show-918.html,,robots_disallowed,,2026-10-01,
4136010894,景德镇学院,homepage,https://www.jdzu.edu.cn/,https://www.jdzu.edu.cn/,read,景德镇学院,2026-10-01,
4136010894,景德镇学院,overview,https://www.jdzu.edu.cn/xxgk/xxgk.htm,https://www.jdzu.edu.cn/xxgk/xxgk.htm,read,学校概况-景德镇学院,2026-10-01,
4136010894,景德镇学院,history,https://www.jdzu.edu.cn/xxgk/xxyg.htm,https://www.jdzu.edu.cn/xxgk/xxyg.htm,read,学校沿革-景德镇学院,2026-10-01,
4136010894,景德镇学院,navigation,https://www.jdzu.edu.cn/9.41 复制打开抖音，看看【景德镇学院的作品】,,access_limited,,2026-10-01,InvalidURL
4136010894,景德镇学院,navigation,https://www.jdzu.edu.cn/5.84 复制打开抖音，看看【景德镇学院的作品】,,access_limited,,2026-10-01,InvalidURL
4136010894,景德镇学院,overview,https://www.jdzu.edu.cn/xxgk/xxgk.htm,https://www.jdzu.edu.cn/xxgk/xxgk.htm,read,学校概况-景德镇学院,2026-10-01,
4136010894,景德镇学院,history,https://www.jdzu.edu.cn/xxgk/xxyg.htm,https://www.jdzu.edu.cn/xxgk/xxyg.htm,read,学校沿革-景德镇学院,2026-10-01,
4136010895,萍乡学院,homepage,https://www.pxc.jx.cn/,https://www.pxc.jx.cn/,read,萍乡学院 pxu.edu.cn,2026-10-01,
4136010895,萍乡学院,overview,https://www.pxc.jx.cn/xygk.htm,https://www.pxc.jx.cn/xygk.htm,read,学院概况-萍乡学院 pxu.edu.cn,2026-10-01,
4136010895,萍乡学院,charter,https://www.pxc.jx.cn/xygk/xyzc.htm,https://www.pxc.jx.cn/xygk/xyzc.htm,read,学院章程-萍乡学院 pxu.edu.cn,2026-10-01,
4136010895,萍乡学院,visual,https://www.pxc.jx.cn/xygk/xxxh.htm,https://www.pxc.jx.cn/xygk/xxxh.htm,read,校训校徽-萍乡学院 pxu.edu.cn,2026-10-01,
4136010895,萍乡学院,english,https://gjzx.pxc.jx.cn/,https://gjzx.pxc.jx.cn/,read,萍乡学院国际教育与交流中心（港澳台事务办公室）,2026-10-01,
4136010895,萍乡学院,culture,https://gjzx.pxc.jx.cn/info/1092/3751.htm,https://gjzx.pxc.jx.cn/info/1092/3751.htm,read,我校留学生亮相校园文化艺术节文艺汇演-萍乡学院国际教育与交流中心（港澳台事务办公室）,2026-10-01,
4136010895,萍乡学院,history,https://gjzx.pxc.jx.cn/bmjj/lsyg.htm,https://gjzx.pxc.jx.cn/bmjj/lsyg.htm,read,历史沿革-萍乡学院国际教育与交流中心（港澳台事务办公室）,2026-10-01,
4136010895,萍乡学院,charter,https://www.pxc.jx.cn/xygk/xyzc.htm,https://www.pxc.jx.cn/xygk/xyzc.htm,read,学院章程-萍乡学院 pxu.edu.cn,2026-10-01,
4136010895,萍乡学院,overview,https://www.pxc.jx.cn/xygk.htm,https://www.pxc.jx.cn/xygk.htm,read,学院概况-萍乡学院 pxu.edu.cn,2026-10-01,
4136010895,萍乡学院,history,https://gjzx.pxc.jx.cn/bmjj/lsyg.htm,https://gjzx.pxc.jx.cn/bmjj/lsyg.htm,read,历史沿革-萍乡学院国际教育与交流中心（港澳台事务办公室）,2026-10-01,
4136010895,萍乡学院,culture,https://gjzx.pxc.jx.cn/info/1092/3751.htm,https://gjzx.pxc.jx.cn/info/1092/3751.htm,read,我校留学生亮相校园文化艺术节文艺汇演-萍乡学院国际教育与交流中心（港澳台事务办公室）,2026-10-01,
4136011318,江西科技师范大学,homepage,http://www.jxstnu.cn/,,fetch_error,,2026-10-01,URLError
4136011318,江西科技师范大学,overview,https://www.jxstnu.edu.cn/,https://www.jxstnu.edu.cn/,read,江西科技师范大学,2026-10-01,
4136011318,江西科技师范大学,overview,https://www.jxstnu.edu.cn/xxgk/xxjj.htm,https://www.jxstnu.edu.cn/xxgk/xxjj.htm,read,学校简介-江西科技师范大学,2026-10-01,
4136011318,江西科技师范大学,overview,https://www.jxstnu.edu.cn/,https://www.jxstnu.edu.cn/,read,江西科技师范大学,2026-10-01,
4136011318,江西科技师范大学,overview,https://www.jxstnu.edu.cn/xxgk/xxjj.htm,https://www.jxstnu.edu.cn/xxgk/xxjj.htm,read,学校简介-江西科技师范大学,2026-10-01,
4136011319,江西水利电力大学,homepage,https://en.juwp.edu.cn,,fetch_error,,2026-10-01,URLError
4136011319,江西水利电力大学,overview,https://www.juwp.edu.cn/,,access_limited,,2026-10-01,URLError
4136011319,江西水利电力大学,overview,https://www.juwp.edu.cn/wzdh.htm,,access_limited,,2026-10-01,URLError
4136011319,江西水利电力大学,overview,https://www.juwp.edu.cn/xxgk/xxjj20260129.htm,,access_limited,,2026-10-01,URLError
4136011319,江西水利电力大学,overview,https://finance.juwp.edu.cn/__local/A/11/4B/BA7203D86EC34ACACC23340CE2E_37869836_96AD1.pdf,,access_limited,,2026-10-01,URLError
4136011319,江西水利电力大学,charter,https://gaokao.chsi.com.cn/zsgs/zhangcheng/listVerifedZszc--method-view%2CschId-769%2CinfoId-7622024096.dhtml,,access_limited,,2026-10-01,HTTPError
4136011319,江西水利电力大学,overview,https://jw.juwp.edu.cn/,,access_limited,,2026-10-01,URLError
4136011504,江西警察学院,homepage,http://www.jxga.com/,,fetch_error,,2026-10-01,timeout
4136011504,江西警察学院,overview,https://gaj.ganzhou.gov.cn/gszgaj/c102811/202606/4a2db17ebfdf4c29a20de1033d424027.shtml,,robots_disallowed,,2026-10-01,
4136011504,江西警察学院,overview,https://www.moe.gov.cn/srcsite/A03/s181/201004/t20100408_91720.html,http://www.moe.gov.cn/srcsite/A03/s181/201004/t20100408_91720.html,read,教育部关于同意在江西公安专科学校基础上建立江西警察学院的通知 - 中华人民共和国教育部政府门户网站,2026-10-01,
4136011508,新余学院,homepage,https://www.xyc.edu.cn/,https://www.xyc.edu.cn/,read,新余学院,2026-10-01,
4136011508,新余学院,overview,https://www.xyc.edu.cn/xxgk/xxjj.htm,https://www.xyc.edu.cn/xxgk/xxjj.htm,read,学校简介-新余学院,2026-10-01,
4136011508,新余学院,charter,https://www.xyc.edu.cn/xxgk/xxzc.htm,https://www.xyc.edu.cn/xxgk/xxzc.htm,read,学校章程-新余学院,2026-10-01,
4136011508,新余学院,visual,https://www.xyc.edu.cn/xxgk/xxbs.htm,https://www.xyc.edu.cn/xxgk/xxbs.htm,read,学校标识-新余学院,2026-10-01,
4136011508,新余学院,history,https://xq.xyc.edu.cn/xshm.htm,https://xq.xyc.edu.cn/xshm.htm,read,校史回眸-建校40周年专题网站,2026-10-01,
4136011508,新余学院,navigation,https://www.xyc.edu.cn/info/1791/105161.htm,https://www.xyc.edu.cn/info/1791/105161.htm,read,我校举办高校星火馆科普研学活动-新余学院,2026-10-01,
4136011508,新余学院,visual,https://www.xyc.edu.cn/info/1801/105181.htm,https://www.xyc.edu.cn/info/1801/105181.htm,read,新能源科学与工程学院举行2026级新生开学典礼暨开学思政第一课-新余学院,2026-10-01,
4136011508,新余学院,navigation,https://www.xyc.edu.cn/info/1801/104981.htm,https://www.xyc.edu.cn/info/1801/104981.htm,read,校保卫处联合市区公安开展安全宣传教育-新余学院,2026-10-01,
4136011508,新余学院,visual,https://www.xyc.edu.cn/system/_content/download.jsp?urltype=news.DownloadAttachUrl&owner=2104879615&wbfileid=8F96212D501D5F9BDE9AAF5497F491B9,,access_limited,,2026-10-01,URLError
4136011508,新余学院,charter,https://www.xyc.edu.cn/xxgk/xxzc.htm,https://www.xyc.edu.cn/xxgk/xxzc.htm,read,学校章程-新余学院,2026-10-01,
4136011508,新余学院,overview,https://www.xyc.edu.cn/xxgk/xxjj.htm,https://www.xyc.edu.cn/xxgk/xxjj.htm,read,学校简介-新余学院,2026-10-01,
4136011508,新余学院,history,https://xq.xyc.edu.cn/xshm.htm,https://xq.xyc.edu.cn/xshm.htm,read,校史回眸-建校40周年专题网站,2026-10-01,
4136011508,新余学院,charter,https://www.xyc.edu.cn/xxgk/xxzc.htm,,access_limited,,2026-10-01,IncompleteRead
4136011843,九江学院,homepage,https://www.jju.edu.cn,https://www.jju.edu.cn,read,九江学院校园网,2026-10-01,
4136011843,九江学院,overview,https://www.jju.edu.cn/xxgk/xxjj.htm,https://www.jju.edu.cn/xxgk/xxjj.htm,read,学校简介-九江学院校园网,2026-10-01,
4136011843,九江学院,charter,https://www.jju.edu.cn/xxgk/jjxyzc.htm,https://www.jju.edu.cn/xxgk/jjxyzc.htm,read,九江学院章程-九江学院校园网,2026-10-01,
4136011843,九江学院,visual,https://www.jju.edu.cn/xxgk/xx1.htm,https://www.jju.edu.cn/xxgk/xx1.htm,read,校训'校徽'校歌-九江学院校园网,2026-10-01,
4136011843,九江学院,english,https://www.jju.edu.cn/English_.htm,https://www.jju.edu.cn/English_.htm,read,English -九江学院校园网,2026-10-01,
4136011843,九江学院,navigation,https://www.jju.edu.cn/info/1048/93236.htm,https://www.jju.edu.cn/info/1048/93236.htm,read,九江学院“语你同行”服务队走进双峰小学开展共同体意识主题实践活动-九江学院校园网,2026-10-01,
4136011843,九江学院,overview,https://www.jju.edu.cn/xxgk.htm,https://www.jju.edu.cn/xxgk.htm,read,学校概况-九江学院校园网,2026-10-01,
4136011843,九江学院,english,https://gjjlxy.jju.edu.cn/Intl_Stu_Affairs.htm,,access_limited,,2026-10-01,HTTPError
4136011843,九江学院,charter,https://www.jju.edu.cn/xxgk/jjxyzc.htm,https://www.jju.edu.cn/xxgk/jjxyzc.htm,read,九江学院章程-九江学院校园网,2026-10-01,
4136011843,九江学院,overview,https://www.jju.edu.cn/xxgk.htm,https://www.jju.edu.cn/xxgk.htm,read,学校概况-九江学院校园网,2026-10-01,
4136011843,九江学院,overview,https://www.jju.edu.cn/xxgk/xxjj.htm,https://www.jju.edu.cn/xxgk/xxjj.htm,read,学校简介-九江学院校园网,2026-10-01,
4136013421,南昌工学院,homepage,https://www.ncpu.edu.cn/index.html,https://www.ncpu.edu.cn/index.html,read,南昌工学院,2026-10-01,
4136013421,南昌工学院,overview,https://www.ncpu.edu.cn/news/38500.html,https://www.ncpu.edu.cn/news/38500.html,read,江西省委党校省直单位处级干部进修班走进我校开展现场教学,2026-10-01,
4136013421,南昌工学院,navigation,https://www.ncpu.edu.cn/news/38463.html,https://www.ncpu.edu.cn/news/38463.html,read,中国青年报报道我校教育学院笃行服务队走进赣江源头入户宣讲长江保护法,2026-10-01,
4136013421,南昌工学院,overview,https://www.ncpu.edu.cn/news/38500.html,https://www.ncpu.edu.cn/news/38500.html,read,江西省委党校省直单位处级干部进修班走进我校开展现场教学,2026-10-01,
4136013432,赣东学院,homepage,https://www.gdc.edu.cn/,https://www.gdc.edu.cn/,read,赣东学院,2026-10-01,
4136013432,赣东学院,overview,https://www.gdc.edu.cn/30/list.htm,https://www.gdc.edu.cn/30/list.htm,read,学校简介,2026-10-01,
4136013432,赣东学院,charter,https://www.gdc.edu.cn/xxzc/list.htm,https://www.gdc.edu.cn/xxzc/list.htm,read,学校章程,2026-10-01,
4136013432,赣东学院,visual,https://www.gdc.edu.cn/50/list.htm,https://www.gdc.edu.cn/50/list.htm,read,校训校徽校歌校旗,2026-10-01,
4136013432,赣东学院,navigation,https://www.gdc.edu.cn/2026/0926/c25a19530/page.htm,https://www.gdc.edu.cn/2026/0926/c25a19530/page.htm,read,籽籽同心进畲乡 青春聚力话团结｜赣东学院“大思政”实践队走进金溪对桥开展民族团结进步宣传活动,2026-10-01,
4136013432,赣东学院,overview,https://www.gdc.edu.cn/7/list.htm,https://www.gdc.edu.cn/7/list.htm,read,学校简介,2026-10-01,
4136013432,赣东学院,visual,https://www.gdc.edu.cn/_upload/article/files/50/76/6a0e9dc94e1796058d41f4321bcf/d9742b9a-e781-45d3-b138-cff980d01cb0.pdf,https://www.gdc.edu.cn/_upload/article/files/50/76/6a0e9dc94e1796058d41f4321bcf/d9742b9a-e781-45d3-b138-cff980d01cb0.pdf,read,,2026-10-01,
4136013432,赣东学院,charter,https://www.gdc.edu.cn/xxzc/list.htm,https://www.gdc.edu.cn/xxzc/list.htm,read,学校章程,2026-10-01,
4136013432,赣东学院,overview,https://www.gdc.edu.cn/7/list.htm,https://www.gdc.edu.cn/7/list.htm,read,学校简介,2026-10-01,
4136013432,赣东学院,overview,https://www.gdc.edu.cn/30/list.htm,https://www.gdc.edu.cn/30/list.htm,read,学校简介,2026-10-01,
4136013434,赣南科技学院,homepage,https://www.gnust.edu.cn/,https://www.gnust.edu.cn/,read,赣南科技学院,2026-10-01,
4136013434,赣南科技学院,overview,https://www.gnust.edu.cn/xygk/xxjj.htm,https://www.gnust.edu.cn/xygk/xxjj.htm,read,学校简介-赣南科技学院,2026-10-01,
4136013434,赣南科技学院,visual,https://www.gnust.edu.cn/xygk/xxxh.htm,https://www.gnust.edu.cn/xygk/xxxh.htm,read,校训校徽-赣南科技学院,2026-10-01,
4136013434,赣南科技学院,overview,https://www.gnust.edu.cn/xygk/xxjj.htm,https://www.gnust.edu.cn/xygk/xxjj.htm,read,学校简介-赣南科技学院,2026-10-01,
4136013437,南昌医学院,homepage,https://www.ncmc.edu.cn/,https://www.ncmc.edu.cn/,read,南昌医学院,2026-10-01,
4136013437,南昌医学院,overview,https://www.ncmc.edu.cn/newxxgk/xxjj.htm,https://www.ncmc.edu.cn/newxxgk/xxjj.htm,read,学校简介-南昌医学院,2026-10-01,
4136013437,南昌医学院,charter,https://www.ncmc.edu.cn/newxxgk/xxzc.htm,https://www.ncmc.edu.cn/newxxgk/xxzc.htm,read,学校章程-南昌医学院,2026-10-01,
4136013437,南昌医学院,visual,https://www.ncmc.edu.cn/newxxgk/xhxx.htm,https://www.ncmc.edu.cn/newxxgk/xhxx.htm,read,校徽校训-南昌医学院,2026-10-01,
4136013437,南昌医学院,history,http://www.ncmc.edu.cn/dang/,https://www.ncmc.edu.cn/dang/index.htm,read,南昌医学院-档案馆（校史馆）,2026-10-01,
4136013437,南昌医学院,history,https://www.ncmc.edu.cn/dang/xsg/lsyg.htm,https://www.ncmc.edu.cn/dang/xsg/lsyg.htm,read,历史沿革-南昌医学院-档案馆（校史馆）,2026-10-01,
4136013437,南昌医学院,charter,https://www.ncmc.edu.cn/newxxgk/xxzc.htm,https://www.ncmc.edu.cn/newxxgk/xxzc.htm,read,学校章程-南昌医学院,2026-10-01,
4136013437,南昌医学院,overview,https://www.ncmc.edu.cn/newxxgk/xxjj.htm,https://www.ncmc.edu.cn/newxxgk/xxjj.htm,read,学校简介-南昌医学院,2026-10-01,
4136013437,南昌医学院,history,https://www.ncmc.edu.cn/dang/index.htm,https://www.ncmc.edu.cn/dang/index.htm,read,南昌医学院-档案馆（校史馆）,2026-10-01,
4136013437,南昌医学院,history,https://www.ncmc.edu.cn/dang/xsg/lsyg.htm,https://www.ncmc.edu.cn/dang/xsg/lsyg.htm,read,历史沿革-南昌医学院-档案馆（校史馆）,2026-10-01,
4136013774,豫章师范学院,homepage,http://www.yuznu.edu.cn/,,fetch_error,,2026-10-01,timeout
4136013774,豫章师范学院,overview,https://www.yuznu.edu.cn/,,access_limited,,2026-10-01,URLError
4136013774,豫章师范学院,overview,https://www.yuznu.edu.cn/html2/index1.html,,access_limited,,2026-10-01,URLError
4136013774,豫章师范学院,overview,https://czj.nc.gov.cn/ncczj/2024bmysgk/202402/ab18eb9722f44e5b884b760894aff13d/files/206%E8%B1%AB%E7%AB%A0%E5%B8%88%E8%8C%83%E5%AD%A6%E9%99%A22024%E5%B9%B4%E9%83%A8%E9%97%A8%E9%A2%84%E7%AE%97%E5%85%AC%E5%BC%80.pdf,,access_limited,,2026-10-01,URLError
4136013774,豫章师范学院,overview,https://www.yuznu.edu.cn/html3/201809141527319162.html,,access_limited,,2026-10-01,URLError
4136014437,南昌师范学院,homepage,http://www.jxie.edu.cn/,,fetch_error,,2026-10-01,URLError
4136014839,江西飞行学院,homepage,https://www.jxfu.edu.cn/,https://www.jxfu.edu.cn/,read,江西飞行学院官网,2026-10-01,
4136014839,江西飞行学院,overview,https://www.jxfu.edu.cn/xygk/xxjj.htm,https://www.jxfu.edu.cn/xygk/xxjj.htm,read,学校简介-江西飞行学院官网,2026-10-01,
4136014839,江西飞行学院,visual,https://www.jxfu.edu.cn/xygk/xh.htm,https://www.jxfu.edu.cn/xygk/xh.htm,read,校徽-江西飞行学院官网,2026-10-01,
4136014839,江西飞行学院,overview,https://www.jxfu.edu.cn/xygk/xxjj.htm,https://www.jxfu.edu.cn/xygk/xxjj.htm,read,学校简介-江西飞行学院官网,2026-10-01,
4136013775,抚州医药学院,homepage,https://www.jxtcms.net/,,fetch_error,,2026-10-01,URLError
4136013775,抚州医药学院,overview,https://gaokao.chsi.com.cn/sch/schoolInfo--schId-2014%2CcategoryId-39519.dhtml,,access_limited,,2026-10-01,HTTPError
4136013775,抚州医药学院,overview,https://hudong.moe.gov.cn/srcsite/A03/s181/202506/t20250619_1194821.html,https://hudong.moe.gov.cn/srcsite/A03/s181/202506/t20250619_1194821.html,read,教育部关于同意设置抚州医药学院的函 - 中华人民共和国教育部政府门户网站,2026-10-01,
4137010422,山东大学,homepage,https://www.sdu.edu.cn/,https://www.sdu.edu.cn/,read,山东大学 SHANDONG UNIVERSITY,2026-10-01,
4137010422,山东大学,history,https://www.sdu.edu.cn/sdgk/lsyg.htm,https://www.sdu.edu.cn/sdgk/lsyg.htm,read,历史沿革-山东大学 SHANDONG UNIVERSITY,2026-10-01,
4137010422,山东大学,overview,https://www.sdu.edu.cn/info/1009/33994.htm,https://www.sdu.edu.cn/info/1009/33994.htm,read,原山东医科大学简介-山东大学 SHANDONG UNIVERSITY,2026-10-01,
4137010422,山东大学,english,http://www.en.sdu.edu.cn/,https://www.en.sdu.edu.cn/index.htm,read,Shandong University,2026-10-01,
4137010422,山东大学,overview,https://www.sdu.edu.cn/info/1009/33993.htm,https://www.sdu.edu.cn/info/1009/33993.htm,read,原山东工业大学简介-山东大学 SHANDONG UNIVERSITY,2026-10-01,
4137010422,山东大学,overview,https://www.sdu.edu.cn/info/1009/33994.htm,https://www.sdu.edu.cn/info/1009/33994.htm,read,原山东医科大学简介-山东大学 SHANDONG UNIVERSITY,2026-10-01,
4137010422,山东大学,overview,https://www.sdu.edu.cn/info/1009/33993.htm,https://www.sdu.edu.cn/info/1009/33993.htm,read,原山东工业大学简介-山东大学 SHANDONG UNIVERSITY,2026-10-01,
4137010422,山东大学,history,https://www.sdu.edu.cn/sdgk/lsyg.htm,https://www.sdu.edu.cn/sdgk/lsyg.htm,read,历史沿革-山东大学 SHANDONG UNIVERSITY,2026-10-01,
4137010423,中国海洋大学,homepage,http://www.ouc.edu.cn/,http://www.ouc.edu.cn/,read,中国海洋大学,2026-10-01,
4137010423,中国海洋大学,overview,http://www.ouc.edu.cn/31000/list.htm,http://www.ouc.edu.cn/31000/list.htm,read,学校简介,2026-10-01,
4137010423,中国海洋大学,charter,http://www.ouc.edu.cn/31001/list.htm,http://www.ouc.edu.cn/31001/list.htm,read,学校章程,2026-10-01,
4137010423,中国海洋大学,visual,https://news.ouc.edu.cn/15268/list.htm,https://news.ouc.edu.cn/15268/list.htm,read,中国海洋大学形象识别系统,2026-10-01,
4137010423,中国海洋大学,culture,https://news.ouc.edu.cn/2021/0610/c321a105823/page.htm,https://news.ouc.edu.cn/2021/0610/c321a105823/page.htm,read,标准字,2026-10-01,
4137010423,中国海洋大学,history,http://www.ouc.edu.cn/31005/list.htm,http://www.ouc.edu.cn/31005/list.htm,read,历史沿革,2026-10-01,
4137010423,中国海洋大学,templates,https://news.ouc.edu.cn/2021/1209/c321a107950/page.htm,https://news.ouc.edu.cn/2021/1209/c321a107950/page.htm,read,办公系统,2026-10-01,
4137010423,中国海洋大学,navigation,http://www.ouc.edu.cn/zjhy/list.htm,http://www.ouc.edu.cn/zjhy/list.htm,read,走进海洋,2026-10-01,
4137010423,中国海洋大学,visual,http://www.ouc.edu.cn/31235/list.htm,http://www.ouc.edu.cn/31235/list.htm,read,学校徽标,2026-10-01,
4137010423,中国海洋大学,culture,https://news.ouc.edu.cn/2021/0610/c321a105826/page.htm,https://news.ouc.edu.cn/2021/0610/c321a105826/page.htm,read,辅助图形,2026-10-01,
4137010423,中国海洋大学,charter,http://www.ouc.edu.cn/31001/list.htm,http://www.ouc.edu.cn/31001/list.htm,read,学校章程,2026-10-01,
4137010423,中国海洋大学,overview,http://www.ouc.edu.cn/31000/list.htm,http://www.ouc.edu.cn/31000/list.htm,read,学校简介,2026-10-01,
4137010423,中国海洋大学,history,http://www.ouc.edu.cn/31005/list.htm,http://www.ouc.edu.cn/31005/list.htm,read,历史沿革,2026-10-01,
4137010423,中国海洋大学,culture,https://news.ouc.edu.cn/2021/0610/c321a105823/page.htm,https://news.ouc.edu.cn/2021/0610/c321a105823/page.htm,read,标准字,2026-10-01,
4137010423,中国海洋大学,culture,https://news.ouc.edu.cn/2021/0610/c321a105826/page.htm,https://news.ouc.edu.cn/2021/0610/c321a105826/page.htm,read,辅助图形,2026-10-01,
4137010424,山东科技大学,homepage,https://www.sdust.edu.cn,https://www.sdust.edu.cn,read,山东科技大学,2026-10-01,
4137010424,山东科技大学,overview,https://www.sdust.edu.cn/xxgk/xxjj.htm,https://www.sdust.edu.cn/xxgk/xxjj.htm,read,学校简介-山东科技大学,2026-10-01,
4137010424,山东科技大学,charter,https://www.sdust.edu.cn/xxgk/dxzc.htm,https://www.sdust.edu.cn/xxgk/dxzc.htm,read,大学章程-山东科技大学,2026-10-01,
4137010424,山东科技大学,history,https://www.sdust.edu.cn/xxgk/lsyg.htm,https://www.sdust.edu.cn/xxgk/lsyg.htm,read,历史沿革-山东科技大学,2026-10-01,
4137010424,山东科技大学,english,http://en.sdust.edu.cn,https://en.sdust.edu.cn/,read,Shandong University of Science and Technology,2026-10-01,
4137010424,山东科技大学,navigation,https://www.sdust.edu.cn/xfxxzcdh/xx.htm,https://www.sdust.edu.cn/xfxxzcdh/xx.htm,read,校训-山东科技大学,2026-10-01,
4137010424,山东科技大学,culture,https://www.sdust.edu.cn/info/1154/2082.htm,https://www.sdust.edu.cn/info/1154/2082.htm,read,山东科技大学校歌（合唱版）-山东科技大学,2026-10-01,
4137010424,山东科技大学,culture,https://www.sdust.edu.cn/xfxxzcdh/xg1/xg.htm,https://www.sdust.edu.cn/xfxxzcdh/xg1/xg.htm,read,校歌-山东科技大学,2026-10-01,
4137010424,山东科技大学,charter,https://www.sdust.edu.cn/xxgk/dxzc.htm,https://www.sdust.edu.cn/xxgk/dxzc.htm,read,大学章程-山东科技大学,2026-10-01,
4137010424,山东科技大学,overview,https://www.sdust.edu.cn/xxgk/xxjj.htm,https://www.sdust.edu.cn/xxgk/xxjj.htm,read,学校简介-山东科技大学,2026-10-01,
4137010424,山东科技大学,history,https://www.sdust.edu.cn/xxgk/lsyg.htm,https://www.sdust.edu.cn/xxgk/lsyg.htm,read,历史沿革-山东科技大学,2026-10-01,
4137010424,山东科技大学,culture,https://www.sdust.edu.cn/info/1154/2082.htm,https://www.sdust.edu.cn/info/1154/2082.htm,read,山东科技大学校歌（合唱版）-山东科技大学,2026-10-01,
4137010424,山东科技大学,culture,https://www.sdust.edu.cn/xfxxzcdh/xg1/xg.htm,https://www.sdust.edu.cn/xfxxzcdh/xg1/xg.htm,read,校歌-山东科技大学,2026-10-01,
4137010425,中国石油大学(华东),homepage,https://www.upc.edu.cn/,https://www.upc.edu.cn/,read,中国石油大学,2026-10-01,
4137010425,中国石油大学(华东),overview,https://www.upc.edu.cn/xygk/xxjj.htm,https://www.upc.edu.cn/xygk/xxjj.htm,read,学校简介-中国石油大学,2026-10-01,
4137010425,中国石油大学(华东),visual,https://www.upc.edu.cn/xygk/xywh/xb1.htm,https://www.upc.edu.cn/xygk/xywh/xb1.htm,read,校标-中国石油大学,2026-10-01,
4137010425,中国石油大学(华东),culture,https://www.upc.edu.cn/xygk/xywh/xx1.htm,https://www.upc.edu.cn/xygk/xywh/xx1.htm,read,校训-中国石油大学,2026-10-01,
4137010425,中国石油大学(华东),english,http://english.upc.edu.cn/,https://english.upc.edu.cn/index.htm,read,english,2026-10-01,
4137010425,中国石油大学(华东),culture,https://www.upc.edu.cn/xygk/xywh/xg1.htm,https://www.upc.edu.cn/xygk/xywh/xg1.htm,read,校歌-中国石油大学,2026-10-01,
4137010425,中国石油大学(华东),overview,https://www.upc.edu.cn/xygk/xxjj.htm,https://www.upc.edu.cn/xygk/xxjj.htm,read,学校简介-中国石油大学,2026-10-01,
4137010425,中国石油大学(华东),culture,https://www.upc.edu.cn/xygk/xywh/xx1.htm,https://www.upc.edu.cn/xygk/xywh/xx1.htm,read,校训-中国石油大学,2026-10-01,
4137010425,中国石油大学(华东),culture,https://www.upc.edu.cn/xygk/xywh/xg1.htm,https://www.upc.edu.cn/xygk/xywh/xg1.htm,read,校歌-中国石油大学,2026-10-01,
4137010426,青岛科技大学,homepage,https://www.qust.edu.cn/,https://www.qust.edu.cn/,read,青岛科技大学,2026-10-01,
4137010426,青岛科技大学,overview,https://www.qust.edu.cn/xxgk/xxjj_.htm,https://www.qust.edu.cn/xxgk/xxjj_.htm,read,学校简介 -青岛科技大学,2026-10-01,
4137010426,青岛科技大学,charter,https://www.qust.edu.cn/xxgk/xxzc_.htm,https://www.qust.edu.cn/xxgk/xxzc_.htm,read,学校章程 -青岛科技大学,2026-10-01,
4137010426,青岛科技大学,visual,https://www.qust.edu.cn/xywh.htm,https://www.qust.edu.cn/xywh.htm,read,校园文化-青岛科技大学,2026-10-01,
4137010426,青岛科技大学,history,https://www.qust.edu.cn/xxgk/lsyg_.htm,https://www.qust.edu.cn/xxgk/lsyg_.htm,read,历史沿革 -青岛科技大学,2026-10-01,
4137010426,青岛科技大学,english,https://en.qust.edu.cn/,https://en.qust.edu.cn/,read,青岛科技大学英文主站,2026-10-01,
4137010426,青岛科技大学,navigation,https://www.qust.edu.cn/info/1553/32858.htm,https://www.qust.edu.cn/info/1553/32858.htm,read,关于学校学生跨校组队参加第十五届“挑战杯”中国大学生创业计划竞赛东北振兴产业升级专项赛作品名单的公示-青岛科技大学,2026-10-01,
4137010426,青岛科技大学,overview,https://www.qust.edu.cn/xxgk.htm,https://www.qust.edu.cn/xxgk.htm,read,学校概况-青岛科技大学,2026-10-01,
4137010426,青岛科技大学,charter,https://www.qust.edu.cn/system/_content/download.jsp?urltype=news.DownloadAttachUrl&owner=1123067776&wbfileid=7572120,,access_limited,,2026-10-01,ValueError
4137010426,青岛科技大学,english,https://en.qust.edu.cn/info/1007/1614.htm,https://en.qust.edu.cn/info/1007/1614.htm,read,"QUST Establishes Editorial Board for PolyChem, its First English-Language Journal-青岛科技大学英文主站",2026-10-01,
4137010426,青岛科技大学,charter,https://www.qust.edu.cn/xxgk/xxzc_.htm,https://www.qust.edu.cn/xxgk/xxzc_.htm,read,学校章程 -青岛科技大学,2026-10-01,
4137010426,青岛科技大学,overview,https://www.qust.edu.cn/xxgk.htm,https://www.qust.edu.cn/xxgk.htm,read,学校概况-青岛科技大学,2026-10-01,
4137010426,青岛科技大学,overview,https://www.qust.edu.cn/xxgk/xxjj_.htm,https://www.qust.edu.cn/xxgk/xxjj_.htm,read,学校简介 -青岛科技大学,2026-10-01,
4137010426,青岛科技大学,history,https://www.qust.edu.cn/xxgk/lsyg_.htm,https://www.qust.edu.cn/xxgk/lsyg_.htm,read,历史沿革 -青岛科技大学,2026-10-01,
4137010427,济南大学,homepage,https://www.ujn.edu.cn,https://www.ujn.edu.cn,read,济南大学,2026-10-01,
4137010427,济南大学,overview,https://www.ujn.edu.cn/xxgk/xxjj.htm,https://www.ujn.edu.cn/xxgk/xxjj.htm,read,学校简介-济南大学,2026-10-01,
4137010427,济南大学,visual,https://www.ujn.edu.cn/info/1632/346703.htm,https://www.ujn.edu.cn/info/1632/346703.htm,read,民谣赴夏 声动济大｜大冰的小屋·百城百校音乐会济南大学站落幕-济南大学,2026-10-01,
4137010427,济南大学,history,https://www.ujn.edu.cn/xxgk/lsyg.htm,https://www.ujn.edu.cn/xxgk/lsyg.htm,read,历史沿革-济南大学,2026-10-01,
4137010427,济南大学,navigation,https://www.ujn.edu.cn/info/1702/345823.htm,https://www.ujn.edu.cn/info/1702/345823.htm,read,琴弦连鲁蒙 文化跃山河——内蒙古民族大学非遗走进济南大学-济南大学,2026-10-01,
4137010427,济南大学,navigation,https://www.ujn.edu.cn/info/1632/349263.htm,https://www.ujn.edu.cn/info/1632/349263.htm,read,国乐润校园，雅韵沁心田——山东歌舞剧院“文艺三剑客”走进济南大学-济南大学,2026-10-01,
4137010427,济南大学,overview,https://www.ujn.edu.cn/xxgk/xxjj.htm,https://www.ujn.edu.cn/xxgk/xxjj.htm,read,学校简介-济南大学,2026-10-01,
4137010427,济南大学,history,https://www.ujn.edu.cn/xxgk/lsyg.htm,https://www.ujn.edu.cn/xxgk/lsyg.htm,read,历史沿革-济南大学,2026-10-01,
4137010429,青岛理工大学,overview,https://www.qut.edu.cn/sy.htm,,robots_disallowed,,2026-10-01,
4137010429,青岛理工大学,overview,https://info.qut.edu.cn/jbxx/xxgk/xxjj.htm,,robots_disallowed,,2026-10-01,
4137010429,青岛理工大学,navigation,https://info.qut.edu.cn/jbxx.htm,,robots_disallowed,,2026-10-01,
4137010429,青岛理工大学,charter,https://zhanqun.qut.edu.cn/linshi002/info/1028/1825.htm,,robots_disallowed,,2026-10-01,
4137010429,青岛理工大学,overview,https://www.qut.edu.cn/info/1053/4749.htm,,robots_disallowed,,2026-10-01,
4137010430,山东建筑大学,homepage,https://www.sdjzu.edu.cn/,https://www.sdjzu.edu.cn/,read,山东建筑大学,2026-10-01,
4137010430,山东建筑大学,overview,https://www.sdjzu.edu.cn/aboutus/xxjj.htm,https://www.sdjzu.edu.cn/aboutus/xxjj.htm,read,学校简介-山东建筑大学,2026-10-01,
4137010430,山东建筑大学,history,https://www.sdjzu.edu.cn/aboutus/lsyg.htm,https://www.sdjzu.edu.cn/aboutus/lsyg.htm,read,历史沿革-山东建筑大学,2026-10-01,
4137010430,山东建筑大学,english,http://www.sdjzu.edu.cn/english/,https://www.sdjzu.edu.cn/english/,read,Shandong Jianzhu University,2026-10-01,
4137010430,山东建筑大学,english,https://www.sdjzu.edu.cn/english/info/1018/1199.htm,https://www.sdjzu.edu.cn/english/info/1018/1199.htm,read,"""Science and Technology Daily"" (English edition) featured a special report on the progress of cooperation in the field of green energy between Shandong Jianzhu University and South Africa-Shandong Jia",2026-10-01,
4137010430,山东建筑大学,overview,https://www.sdjzu.edu.cn/aboutus/xxjj.htm,https://www.sdjzu.edu.cn/aboutus/xxjj.htm,read,学校简介-山东建筑大学,2026-10-01,
4137010430,山东建筑大学,history,https://www.sdjzu.edu.cn/aboutus/lsyg.htm,https://www.sdjzu.edu.cn/aboutus/lsyg.htm,read,历史沿革-山东建筑大学,2026-10-01,
4137010431,齐鲁工业大学,homepage,https://www.qlu.edu.cn/,https://www.qlu.edu.cn/,read,齐鲁工业大学,2026-10-01,
4137010431,齐鲁工业大学,overview,https://www.qlu.edu.cn/5215/list.htm,https://www.qlu.edu.cn/5215/list.htm,read,学校简介,2026-10-01,
4137010431,齐鲁工业大学,charter,https://www.qlu.edu.cn/dxzc_10784/list.htm,https://www.qlu.edu.cn/dxzc_10784/list.htm,read,大学章程,2026-10-01,
4137010431,齐鲁工业大学,visual,https://www.qlu.edu.cn/5170/list.htm,https://www.qlu.edu.cn/5170/list.htm,read,校园文化,2026-10-01,
4137010431,齐鲁工业大学,culture,https://www.qlu.edu.cn/2026/0915/c11618a283691/page.htm,https://www.qlu.edu.cn/2026/0915/c11618a283691/page.htm,read,【学习强国】等：校园文化｜齐鲁工业大学食品科学与工程学部暑期社会实践|沿黄访企践知行 食安使命系民生,2026-10-01,
4137010431,齐鲁工业大学,history,https://www.qlu.edu.cn/lsyg/list.htm,https://www.qlu.edu.cn/lsyg/list.htm,read,历史沿革,2026-10-01,
4137010431,齐鲁工业大学,english,https://english.qlu.edu.cn/,https://english.qlu.edu.cn/,read,QLU english,2026-10-01,
4137010431,齐鲁工业大学,overview,https://www.qlu.edu.cn/wxxgk/list.htm,https://www.qlu.edu.cn/wxxgk/list.htm,read,学校简介,2026-10-01,
4137010431,齐鲁工业大学,english,https://english.qlu.edu.cn/2024/1217/c5399a250489/page.htm,https://english.qlu.edu.cn/2024/1217/c5399a250489/page.htm,read,2023年留学生招生简章中英文版,2026-10-01,
4137010431,齐鲁工业大学,charter,https://www.qlu.edu.cn/dxzc_10784/list.htm,https://www.qlu.edu.cn/dxzc_10784/list.htm,read,大学章程,2026-10-01,
4137010431,齐鲁工业大学,overview,https://www.qlu.edu.cn/5215/list.htm,https://www.qlu.edu.cn/5215/list.htm,read,学校简介,2026-10-01,
4137010431,齐鲁工业大学,overview,https://www.qlu.edu.cn/wxxgk/list.htm,https://www.qlu.edu.cn/wxxgk/list.htm,read,学校简介,2026-10-01,
4137010431,齐鲁工业大学,history,https://www.qlu.edu.cn/lsyg/list.htm,https://www.qlu.edu.cn/lsyg/list.htm,read,历史沿革,2026-10-01,
4137010431,齐鲁工业大学,culture,https://www.qlu.edu.cn/2026/0915/c11618a283691/page.htm,https://www.qlu.edu.cn/2026/0915/c11618a283691/page.htm,read,【学习强国】等：校园文化｜齐鲁工业大学食品科学与工程学部暑期社会实践|沿黄访企践知行 食安使命系民生,2026-10-01,
4137010433,山东理工大学,homepage,https://www.sdut.edu.cn/,https://www.sdut.edu.cn/,read,山东理工大学,2026-10-01,
4137010433,山东理工大学,overview,https://www.sdut.edu.cn/xxgk/xxjj.htm,https://www.sdut.edu.cn/xxgk/xxjj.htm,read,学校简介-山东理工大学,2026-10-01,
4137010433,山东理工大学,charter,https://www.sdut.edu.cn/xxgk/dxzc.htm,https://www.sdut.edu.cn/xxgk/dxzc.htm,read,大学章程-山东理工大学,2026-10-01,
4137010433,山东理工大学,visual,https://www.sdut.edu.cn/xxgk/dxwh/xxbss/xmxb.htm,https://www.sdut.edu.cn/xxgk/dxwh/xxbss/xmxb.htm,read,校名校标-山东理工大学,2026-10-01,
4137010433,山东理工大学,culture,https://www.sdut.edu.cn/xxgk/dxwh/jswh.htm,https://www.sdut.edu.cn/xxgk/dxwh/jswh.htm,read,精神文化-山东理工大学,2026-10-01,
4137010433,山东理工大学,history,https://www.sdut.edu.cn/xxgk/lsyg.htm,https://www.sdut.edu.cn/xxgk/lsyg.htm,read,历史沿革-山东理工大学,2026-10-01,
4137010433,山东理工大学,english,https://en.sdut.edu.cn/,https://en.sdut.edu.cn/,read,Shandong University Of Technology,2026-10-01,
4137010433,山东理工大学,navigation,https://www.sdut.edu.cn/info/1204/3127.htm,https://www.sdut.edu.cn/info/1204/3127.htm,read,郭栋：问道交通　以“道”育人-山东理工大学,2026-10-01,
4137010433,山东理工大学,visual,https://www.sdut.edu.cn/xxgk/dxwh/xxbss/VIxt.htm,https://www.sdut.edu.cn/xxgk/dxwh/xxbss/VIxt.htm,read,VI系统-山东理工大学,2026-10-01,
4137010433,山东理工大学,charter,https://www.sdut.edu.cn/xxgk/dxzc.htm,https://www.sdut.edu.cn/xxgk/dxzc.htm,read,大学章程-山东理工大学,2026-10-01,
4137010433,山东理工大学,overview,https://www.sdut.edu.cn/xxgk/xxjj.htm,https://www.sdut.edu.cn/xxgk/xxjj.htm,read,学校简介-山东理工大学,2026-10-01,
4137010433,山东理工大学,history,https://www.sdut.edu.cn/xxgk/lsyg.htm,https://www.sdut.edu.cn/xxgk/lsyg.htm,read,历史沿革-山东理工大学,2026-10-01,
4137010433,山东理工大学,culture,https://www.sdut.edu.cn/xxgk/dxwh/jswh.htm,https://www.sdut.edu.cn/xxgk/dxwh/jswh.htm,read,精神文化-山东理工大学,2026-10-01,
4137010434,山东农业大学,homepage,http://www.sdau.edu.cn/,http://www.sdau.edu.cn/,read,山东农业大学,2026-10-01,
4137010434,山东农业大学,overview,http://www.sdau.edu.cn/7/list.htm,http://www.sdau.edu.cn/7/list.htm,read,学校简介,2026-10-01,
4137010434,山东农业大学,history,http://www.sdau.edu.cn/8/list.htm,http://www.sdau.edu.cn/8/list.htm,read,校史沿革,2026-10-01,
4137010434,山东农业大学,english,http://english.sdau.edu.cn,http://english.sdau.edu.cn,read,SDAU(Shandong Agricultural University),2026-10-01,
4137010434,山东农业大学,overview,http://www.sdau.edu.cn/6/list.htm,http://www.sdau.edu.cn/6/list.htm,read,学校简介,2026-10-01,
4137010434,山东农业大学,overview,http://www.sdau.edu.cn/7/list.htm,,access_limited,,2026-10-01,timeout
4137010434,山东农业大学,overview,http://www.sdau.edu.cn/6/list.htm,,access_limited,,2026-10-01,timeout
4137010434,山东农业大学,history,http://www.sdau.edu.cn/8/list.htm,http://www.sdau.edu.cn/8/list.htm,read,校史沿革,2026-10-01,
4137010434,山东农业大学,overview,http://www.sdau.edu.cn/7/list.htm,http://www.sdau.edu.cn/7/list.htm,read,学校简介,2026-10-01,
4137010434,山东农业大学,overview,http://www.sdau.edu.cn/6/list.htm,http://www.sdau.edu.cn/6/list.htm,read,学校简介,2026-10-01,
4137010435,青岛农业大学,homepage,https://www.qau.edu.cn/,https://www.qau.edu.cn/,read,青岛农业大学_Qingdao Agricultural University,2026-10-01,
4137010435,青岛农业大学,overview,https://www.qau.edu.cn/channel/xuexiaogaikuang,https://www.qau.edu.cn/channel/xuexiaogaikuang,read,学校简介_青岛农业大学_Qingdao Agricultural University,2026-10-01,
4137010435,青岛农业大学,charter,http://www.qau.edu.cn/channel/dxzhangcheng,https://www.qau.edu.cn/channel/dxzhangcheng,read,大学章程附件_青岛农业大学_Qingdao Agricultural University,2026-10-01,
4137010435,青岛农业大学,visual,https://www.qau.edu.cn/channel/xiaobiao,https://www.qau.edu.cn/channel/xiaobiao,read,校标校徽_青岛农业大学_Qingdao Agricultural University,2026-10-01,
4137010435,青岛农业大学,culture,https://www.qau.edu.cn/channel/xiaoxunxiaofeng,https://www.qau.edu.cn/channel/xiaoxunxiaofeng,read,校训校风_青岛农业大学_Qingdao Agricultural University,2026-10-01,
4137010435,青岛农业大学,history,https://www.qau.edu.cn/channel/lishiyange,https://www.qau.edu.cn/channel/lishiyange,read,校史沿革_青岛农业大学_Qingdao Agricultural University,2026-10-01,
4137010435,青岛农业大学,navigation,https://www.qau.edu.cn/contentlink?id=d6ea4be862cf4af1ba6a6bc89755ce3f&modelid=1,https://news.qau.edu.cn/content/zonghe/a22b894f4da84685a813cdaca939d1d6,read,中国大学生广告艺术节学院奖2026秋季校园巡讲走进学校_综合资讯_新闻网_,2026-10-01,
4137010435,青岛农业大学,overview,https://www.qau.edu.cn/channel/gaikuang,https://www.qau.edu.cn/channel/gaikuang,read,学校概况_青岛农业大学_Qingdao Agricultural University,2026-10-01,
4137010435,青岛农业大学,charter,https://www.qau.edu.cn/channel/dxzhangcheng,https://www.qau.edu.cn/channel/dxzhangcheng,read,大学章程附件_青岛农业大学_Qingdao Agricultural University,2026-10-01,
4137010435,青岛农业大学,visual,https://www.qau.edu.cn/channel/vis,https://www.qau.edu.cn/channel/vis,read,视觉识别系统_青岛农业大学_Qingdao Agricultural University,2026-10-01,
4137010435,青岛农业大学,charter,https://www.qau.edu.cn/channel/dxzhangcheng,https://www.qau.edu.cn/channel/dxzhangcheng,read,大学章程附件_青岛农业大学_Qingdao Agricultural University,2026-10-01,
4137010435,青岛农业大学,overview,https://www.qau.edu.cn/channel/gaikuang,https://www.qau.edu.cn/channel/gaikuang,read,学校概况_青岛农业大学_Qingdao Agricultural University,2026-10-01,
4137010435,青岛农业大学,overview,https://www.qau.edu.cn/channel/xuexiaogaikuang,https://www.qau.edu.cn/channel/xuexiaogaikuang,read,学校简介_青岛农业大学_Qingdao Agricultural University,2026-10-01,
4137010435,青岛农业大学,history,https://www.qau.edu.cn/channel/lishiyange,https://www.qau.edu.cn/channel/lishiyange,read,校史沿革_青岛农业大学_Qingdao Agricultural University,2026-10-01,
4137010435,青岛农业大学,culture,https://www.qau.edu.cn/channel/xiaoxunxiaofeng,https://www.qau.edu.cn/channel/xiaoxunxiaofeng,read,校训校风_青岛农业大学_Qingdao Agricultural University,2026-10-01,
4137010438,山东第二医科大学,homepage,https://www.sdsmu.edu.cn/,https://www.sdsmu.edu.cn/,read,山东第二医科大学,2026-10-01,
4137010438,山东第二医科大学,overview,https://www.sdsmu.edu.cn/4227/list.htm,https://www.sdsmu.edu.cn/4227/list.htm,read,学校简介,2026-10-01,
4137010438,山东第二医科大学,charter,https://www.sdsmu.edu.cn/4230/list.htm,https://www.sdsmu.edu.cn/4230/list.htm,read,学校章程,2026-10-01,
4137010438,山东第二医科大学,visual,https://www.sdsmu.edu.cn/4229/list.htm,https://www.sdsmu.edu.cn/4229/list.htm,read,学校标识,2026-10-01,
4137010438,山东第二医科大学,english,https://www.sdsmu.edu.cn/en/,https://www.sdsmu.edu.cn/en/,read,Shandong Second Medical University,2026-10-01,
4137010438,山东第二医科大学,navigation,https://www.sdsmu.edu.cn/2026/0924/c13a180626/page.htm,https://www.sdsmu.edu.cn/2026/0924/c13a180626/page.htm,read,劳模工匠进校园！全省示范宣讲活动走进山二医,2026-10-01,
4137010438,山东第二医科大学,charter,https://www.sdsmu.edu.cn/4230/list.htm,https://www.sdsmu.edu.cn/4230/list.htm,read,学校章程,2026-10-01,
4137010438,山东第二医科大学,overview,https://www.sdsmu.edu.cn/4227/list.htm,https://www.sdsmu.edu.cn/4227/list.htm,read,学校简介,2026-10-01,
4137010439,山东第一医科大学,homepage,https://www.sdfmu.edu.cn,https://www.sdfmu.edu.cn,read,山东第一医科大学,2026-10-01,
4137010439,山东第一医科大学,overview,https://www.sdfmu.edu.cn/xxgk1/xxjj.htm,https://www.sdfmu.edu.cn/xxgk1/xxjj.htm,read,学校简介-山东第一医科大学,2026-10-01,
4137010439,山东第一医科大学,charter,https://www.sdfmu.edu.cn/xxgk1/dxzc.htm,https://www.sdfmu.edu.cn/xxgk1/dxzc.htm,read,大学章程-山东第一医科大学,2026-10-01,
4137010439,山东第一医科大学,visual,https://vi.sdfmu.edu.cn/,https://vi.sdfmu.edu.cn/,read,视觉形象识别系统,2026-10-01,
4137010439,山东第一医科大学,english,http://english.sdfmu.edu.cn,https://english.sdfmu.edu.cn/index.htm,read,Shandong First Medical University & Shandong Academy of Medical Sciences,2026-10-01,
4137010439,山东第一医科大学,navigation,https://dxwh.sdfmu.edu.cn/,https://dxwh.sdfmu.edu.cn/,read,文化网,2026-10-01,
4137010439,山东第一医科大学,culture,https://dxwh.sdfmu.edu.cn/jsln/xx.htm,https://dxwh.sdfmu.edu.cn/jsln/xx.htm,read,校训-文化网,2026-10-01,
4137010439,山东第一医科大学,charter,https://dxwh.sdfmu.edu.cn/jsln/dxzc.htm,https://dxwh.sdfmu.edu.cn/jsln/dxzc.htm,read,大学章程-文化网,2026-10-01,
4137010439,山东第一医科大学,visual,http://vi.sdfmu.edu.cn,https://vi.sdfmu.edu.cn/index.htm,read,视觉形象识别系统,2026-10-01,
4137010439,山东第一医科大学,culture,https://propaganda.sdfmu.edu.cn/,,access_limited,,2026-10-01,RemoteDisconnected
4137010439,山东第一医科大学,charter,https://www.sdfmu.edu.cn/xxgk1/dxzc.htm,https://www.sdfmu.edu.cn/xxgk1/dxzc.htm,read,大学章程-山东第一医科大学,2026-10-01,
4137010439,山东第一医科大学,charter,https://dxwh.sdfmu.edu.cn/jsln/dxzc.htm,https://dxwh.sdfmu.edu.cn/jsln/dxzc.htm,read,大学章程-文化网,2026-10-01,
4137010439,山东第一医科大学,overview,https://www.sdfmu.edu.cn/xxgk1/xxjj.htm,https://www.sdfmu.edu.cn/xxgk1/xxjj.htm,read,学校简介-山东第一医科大学,2026-10-01,
4137010439,山东第一医科大学,culture,https://dxwh.sdfmu.edu.cn/jsln/xx.htm,https://dxwh.sdfmu.edu.cn/jsln/xx.htm,read,校训-文化网,2026-10-01,
4137010440,山东医药大学,homepage,https://www.sdmpu.edu.cn/,https://www.sdmpu.edu.cn/,read,山东医药大学,2026-10-01,
4137010440,山东医药大学,overview,https://www.sdmpu.edu.cn/1776/list.htm,https://www.sdmpu.edu.cn/1776/list.htm,read,学校简介,2026-10-01,
4137010440,山东医药大学,visual,https://www.sdmpu.edu.cn/1779/list.htm,https://www.sdmpu.edu.cn/1779/list.htm,read,学校标识,2026-10-01,
4137010440,山东医药大学,culture,https://www.sdmpu.edu.cn/2026/0924/c1810a148914/page.htm,https://www.sdmpu.edu.cn/2026/0924/c1810a148914/page.htm,read,学校首届校园文化美食节圆满收官,2026-10-01,
4137010440,山东医药大学,history,https://www.sdmpu.edu.cn/2026/0615/c1811a146625/page.htm,https://www.sdmpu.edu.cn/2026/0615/c1811a146625/page.htm,read,山东医药大学高质量发展系列论坛生物医药前沿专题论坛举行,2026-10-01,
4137010440,山东医药大学,overview,https://www.sdmpu.edu.cn/1754/list.htm,https://www.sdmpu.edu.cn/1754/list.htm,read,学校简介,2026-10-01,
4137010440,山东医药大学,culture,https://www.sdmpu.edu.cn/2026/0924/c7142a148905/page.htm,https://www.sdmpu.edu.cn/2026/0924/c7142a148905/page.htm,read,外国语与国际交流学院举办留学生中秋文化体验活动,2026-10-01,
4137010440,山东医药大学,history,https://www.sdmpu.edu.cn/2026/0629/c1811a146887/page.htm,https://www.sdmpu.edu.cn/2026/0629/c1811a146887/page.htm,read,山东医药大学高质量发展系列论坛中国药理学会海洋药物药理学研究技术研讨会举行,2026-10-01,
4137010440,山东医药大学,overview,https://www.sdmpu.edu.cn/1776/list.htm,https://www.sdmpu.edu.cn/1776/list.htm,read,学校简介,2026-10-01,
4137010440,山东医药大学,overview,https://www.sdmpu.edu.cn/1754/list.htm,https://www.sdmpu.edu.cn/1754/list.htm,read,学校简介,2026-10-01,
4137010440,山东医药大学,history,https://www.sdmpu.edu.cn/2026/0615/c1811a146625/page.htm,https://www.sdmpu.edu.cn/2026/0615/c1811a146625/page.htm,read,山东医药大学高质量发展系列论坛生物医药前沿专题论坛举行,2026-10-01,
4137010440,山东医药大学,history,https://www.sdmpu.edu.cn/2026/0629/c1811a146887/page.htm,https://www.sdmpu.edu.cn/2026/0629/c1811a146887/page.htm,read,山东医药大学高质量发展系列论坛中国药理学会海洋药物药理学研究技术研讨会举行,2026-10-01,
4137010440,山东医药大学,culture,https://www.sdmpu.edu.cn/2026/0924/c1810a148914/page.htm,https://www.sdmpu.edu.cn/2026/0924/c1810a148914/page.htm,read,学校首届校园文化美食节圆满收官,2026-10-01,
4137010441,山东中医药大学,homepage,https://www.sdutcm.edu.cn/,https://www.sdutcm.edu.cn/,read,山东中医药大学,2026-10-01,
4137010441,山东中医药大学,overview,https://www.sdutcm.edu.cn/xxgk1/xxjj.htm,https://www.sdutcm.edu.cn/xxgk1/xxjj.htm,read,学校简介-山东中医药大学,2026-10-01,
4137010441,山东中医药大学,overview,https://www.sdutcm.edu.cn/xxgk1/xxjj.htm,https://www.sdutcm.edu.cn/xxgk1/xxjj.htm,read,学校简介-山东中医药大学,2026-10-01,
4137010443,济宁医学院,homepage,https://www.jnmc.edu.cn/,https://www.jnmc.edu.cn/,read,济宁医学院-Jining Medical University 官网,2026-10-01,
4137010443,济宁医学院,overview,http://www.jnmc.edu.cn/4578/list.htm,https://www.jnmc.edu.cn/4578/list.htm,read,学校简介,2026-10-01,
4137010443,济宁医学院,english,https://www.jnmc.edu.cn/4578/list.htm,https://www.jnmc.edu.cn/4578/list.htm,read,学校简介,2026-10-01,
4137010443,济宁医学院,overview,https://www.jnmc.edu.cn/4578/list.htm,https://www.jnmc.edu.cn/4578/list.htm,read,学校简介,2026-10-01,
4137010445,山东师范大学,homepage,https://www.sdnu.edu.cn,https://www.sdnu.edu.cn,read,山东师范大学,2026-10-01,
4137010445,山东师范大学,overview,http://www.sdnu.edu.cn/overview/introduction.htm,http://www.sdnu.edu.cn/overview/introduction.htm,read,学校简介-山东师范大学,2026-10-01,
4137010445,山东师范大学,visual,http://www.sdnu.edu.cn/overview/logo.htm,http://www.sdnu.edu.cn/overview/logo.htm,read,学校标识-山东师范大学,2026-10-01,
4137010445,山东师范大学,history,http://www.sdnu.edu.cn/overview/history.htm,http://www.sdnu.edu.cn/overview/history.htm,read,历史沿革-山东师范大学,2026-10-01,
4137010445,山东师范大学,english,http://english.sdnu.edu.cn,http://english.sdnu.edu.cn,read,Shandong Normal University,2026-10-01,
4137010445,山东师范大学,navigation,http://www.qlshx.sdnu.edu.cn/info/10445/239954.htm,http://www.qlshx.sdnu.edu.cn/info/10445/239954.htm,read,学校参加“中非善治对话·走进山东”活动-师大新闻网,2026-10-01,
4137010445,山东师范大学,english,http://english.sdnu.edu.cn/,http://english.sdnu.edu.cn/,read,Shandong Normal University,2026-10-01,
4137010445,山东师范大学,overview,http://www.sdnu.edu.cn/overview/introduction.htm,http://www.sdnu.edu.cn/overview/introduction.htm,read,学校简介-山东师范大学,2026-10-01,
4137010445,山东师范大学,history,http://www.sdnu.edu.cn/overview/history.htm,http://www.sdnu.edu.cn/overview/history.htm,read,历史沿革-山东师范大学,2026-10-01,
4137010446,曲阜师范大学,homepage,https://www.qfnu.edu.cn,https://www.qfnu.edu.cn,read,曲阜师范大学,2026-10-01,
4137010446,曲阜师范大学,overview,https://www.qfnu.edu.cn/ljxx/xxjj.htm,https://www.qfnu.edu.cn/ljxx/xxjj.htm,read,学校简介-曲阜师范大学,2026-10-01,
4137010446,曲阜师范大学,visual,https://www.qfnu.edu.cn/ljxx/xxbs.htm,https://www.qfnu.edu.cn/ljxx/xxbs.htm,read,学校标识-曲阜师范大学,2026-10-01,
4137010446,曲阜师范大学,culture,https://www.qfnu.edu.cn/files/2019xg.pdf,https://www.qfnu.edu.cn/files/2019xg.pdf,read,,2026-10-01,
4137010446,曲阜师范大学,english,https://english.qfnu.edu.cn/,https://english.qfnu.edu.cn/,read,QFNU,2026-10-01,
4137010446,曲阜师范大学,visual,https://www.qfnu.edu.cn/files/2019bs.pdf,,access_limited,,2026-10-01,ValueError
4137010446,曲阜师范大学,overview,https://www.qfnu.edu.cn/ljxx/xxjj.htm,https://www.qfnu.edu.cn/ljxx/xxjj.htm,read,学校简介-曲阜师范大学,2026-10-01,
4137010446,曲阜师范大学,culture,https://www.qfnu.edu.cn/files/2019xg.pdf,https://www.qfnu.edu.cn/files/2019xg.pdf,read,,2026-10-01,
4137010447,聊城大学,homepage,https://www.lcu.edu.cn/,https://www.lcu.edu.cn/,read,聊城大学,2026-10-01,
4137010447,聊城大学,overview,https://www.lcu.edu.cn/xxgk/index.htm,https://www.lcu.edu.cn/xxgk/index.htm,insufficient_text,,2026-10-01,
4137010447,聊城大学,charter,https://www.lcu.edu.cn/xxgk/xxzc/index.htm,https://www.lcu.edu.cn/xxgk/xxzc/index.htm,read,学校章程-聊城大学,2026-10-01,
4137010447,聊城大学,culture,https://www.lcu.edu.cn/ztzx/gyld1/fcdedb587bd047269bcb8b9bd08dc924.htm,https://www.lcu.edu.cn/ztzx/gyld1/fcdedb587bd047269bcb8b9bd08dc924.htm,read,校训-光影聊大-聊城大学,2026-10-01,
4137010447,聊城大学,history,https://www.lcu.edu.cn/xxgk/lsyg/index.htm,https://www.lcu.edu.cn/xxgk/lsyg/index.htm,read,历史沿革-聊城大学,2026-10-01,
4137010447,聊城大学,charter,https://www.lcu.edu.cn/xxgk/xxzc/index.htm,https://www.lcu.edu.cn/xxgk/xxzc/index.htm,read,学校章程-聊城大学,2026-10-01,
4137010447,聊城大学,history,https://www.lcu.edu.cn/xxgk/lsyg/index.htm,https://www.lcu.edu.cn/xxgk/lsyg/index.htm,read,历史沿革-聊城大学,2026-10-01,
4137010447,聊城大学,culture,https://www.lcu.edu.cn/ztzx/gyld1/fcdedb587bd047269bcb8b9bd08dc924.htm,https://www.lcu.edu.cn/ztzx/gyld1/fcdedb587bd047269bcb8b9bd08dc924.htm,read,校训-光影聊大-聊城大学,2026-10-01,
4137010448,德州学院,homepage,https://www.dzu.edu.cn/,https://www.dzu.edu.cn/,read,德州学院,2026-10-01,
4137010448,德州学院,overview,https://www.dzu.edu.cn/xxgk/xxjj.htm,https://www.dzu.edu.cn/xxgk/xxjj.htm,read,学校简介-德州学院,2026-10-01,
4137010448,德州学院,visual,https://www.dzu.edu.cn/xywh.htm,https://www.dzu.edu.cn/xywh.htm,read,校园文化-德州学院,2026-10-01,
4137010448,德州学院,english,http://eng.dzu.edu.cn/,https://eng.dzu.edu.cn/,read,Dezhou University,2026-10-01,
4137010448,德州学院,navigation,https://www.dzu.edu.cn/info/1102/12915.htm,https://www.dzu.edu.cn/info/1102/12915.htm,read,校关工委“五老”宣讲团走进市老干部活动中心开展专题宣讲-德州学院,2026-10-01,
4137010448,德州学院,navigation,https://www.dzu.edu.cn/info/1101/3064.htm,https://www.dzu.edu.cn/info/1101/3064.htm,read,​德州学院召开干部会议宣布省委关于学校领导班子调整的决定-德州学院,2026-10-01,
4137010448,德州学院,overview,https://www.dzu.edu.cn/xxgk/xxjj.htm,https://www.dzu.edu.cn/xxgk/xxjj.htm,read,学校简介-德州学院,2026-10-01,
4137010449,山东航空学院,homepage,http://www.bztc.edu.cn/,,fetch_error,,2026-10-01,URLError
4137010449,山东航空学院,overview,https://www.sdua.edu.cn/main.htm,https://www.sdua.edu.cn/main.htm,read,山东航空学院,2026-10-01,
4137010449,山东航空学院,overview,https://www.sdua.edu.cn/4956/list.htm,https://www.sdua.edu.cn/4956/list.htm,read,学校简介,2026-10-01,
4137010449,山东航空学院,overview,https://yjs.sdua.edu.cn/xxjj/list.htm,https://yjs.sdua.edu.cn/xxjj/list.htm,read,学校简介,2026-10-01,
4137010449,山东航空学院,overview,https://sthj.sdua.edu.cn/_upload/article/files/4e/1f/417acff241e2bfb648c2ab033a00/f61df3aa-178d-4f53-93f7-56df3ead32ca.pdf,,access_limited,,2026-10-01,HTTPError
4137010449,山东航空学院,overview,https://www.sdua.edu.cn/main.htm,https://www.sdua.edu.cn/main.htm,read,山东航空学院,2026-10-01,
4137010449,山东航空学院,overview,https://www.sdua.edu.cn/4956/list.htm,https://www.sdua.edu.cn/4956/list.htm,read,学校简介,2026-10-01,
4137010449,山东航空学院,overview,https://yjs.sdua.edu.cn/xxjj/list.htm,https://yjs.sdua.edu.cn/xxjj/list.htm,read,学校简介,2026-10-01,
4137010451,鲁东大学,homepage,https://www.ldu.edu.cn/,https://www.ldu.edu.cn/,read,鲁东大学,2026-10-01,
4137010451,鲁东大学,overview,https://www.ldu.edu.cn/xxgk/xxjj.htm,https://www.ldu.edu.cn/xxgk/xxjj.htm,read,学校简介-鲁东大学,2026-10-01,
4137010451,鲁东大学,charter,https://www.ldu.edu.cn/xxgk/xxzc.htm,https://www.ldu.edu.cn/xxgk/xxzc.htm,read,学校章程-鲁东大学,2026-10-01,
4137010451,鲁东大学,history,https://www.ldu.edu.cn/xxgk/lsyg.htm,https://www.ldu.edu.cn/xxgk/lsyg.htm,read,历史沿革-鲁东大学,2026-10-01,
4137010451,鲁东大学,navigation,https://www.ldu.edu.cn/info/1023/14699.htm,https://www.ldu.edu.cn/info/1023/14699.htm,read,2026年“涉外法治开学第一课”活动走进我校-鲁东大学,2026-10-01,
4137010451,鲁东大学,charter,https://www.ldu.edu.cn/xxgk/xxzc.htm,https://www.ldu.edu.cn/xxgk/xxzc.htm,read,学校章程-鲁东大学,2026-10-01,
4137010451,鲁东大学,overview,https://www.ldu.edu.cn/xxgk/xxjj.htm,https://www.ldu.edu.cn/xxgk/xxjj.htm,read,学校简介-鲁东大学,2026-10-01,
4137010451,鲁东大学,history,https://www.ldu.edu.cn/xxgk/lsyg.htm,https://www.ldu.edu.cn/xxgk/lsyg.htm,read,历史沿革-鲁东大学,2026-10-01,
4137010452,临沂大学,homepage,https://www.lyu.edu.cn/,https://www.lyu.edu.cn/,read,临沂大学,2026-10-01,
4137010452,临沂大学,overview,https://www.lyu.edu.cn/xxjj/list.htm,https://www.lyu.edu.cn/xxjj/list.htm,read,学校简介,2026-10-01,
4137010452,临沂大学,culture,https://www.lyu.edu.cn/2025/0625/c13114a245824/page.htm,https://www.lyu.edu.cn/2025/0625/c13114a245824/page.htm,read,【学子】王浩宇：十年求“实”路，从青涩学子成长为基层“星火”,2026-10-01,
4137010452,临沂大学,navigation,https://www.lyu.edu.cn/2026/0113/c13112a256163/page.htm,https://www.lyu.edu.cn/2026/0113/c13112a256163/page.htm,read,【师者】宋希芝：在文学与人生间，为学生点灯,2026-10-01,
4137010452,临沂大学,overview,https://www.lyu.edu.cn/xxjj/main.htm,https://www.lyu.edu.cn/xxjj/main.htm,read,学校简介,2026-10-01,
4137010452,临沂大学,navigation,https://www.lyu.edu.cn/2026/0909/c14098a265278/page.htm,https://www.lyu.edu.cn/2026/0909/c14098a265278/page.htm,read,党委书记许双庆慰问军训参训师生,2026-10-01,
4137010452,临沂大学,overview,https://www.lyu.edu.cn/8117/list.htm,https://www.lyu.edu.cn/8117/list.htm,read,学校简介,2026-10-01,
4137010452,临沂大学,overview,https://www.lyu.edu.cn/xxjj/list.htm,https://www.lyu.edu.cn/xxjj/list.htm,read,学校简介,2026-10-01,
4137010452,临沂大学,overview,https://www.lyu.edu.cn/xxjj/main.htm,https://www.lyu.edu.cn/xxjj/main.htm,read,学校简介,2026-10-01,
4137010452,临沂大学,overview,https://www.lyu.edu.cn/8117/list.htm,https://www.lyu.edu.cn/8117/list.htm,read,学校简介,2026-10-01,
4137010452,临沂大学,culture,https://www.lyu.edu.cn/2025/0625/c13114a245824/page.htm,https://www.lyu.edu.cn/2025/0625/c13114a245824/page.htm,read,【学子】王浩宇：十年求“实”路，从青涩学子成长为基层“星火”,2026-10-01,
4137010453,泰山学院,homepage,https://www.tsu.edu.cn/,https://www.tsu.edu.cn/,read,泰山学院,2026-10-01,
4137010453,泰山学院,overview,https://www.tsu.edu.cn/8334/list.htm,https://www.tsu.edu.cn/8334/list.htm,read,学校简介,2026-10-01,
4137010453,泰山学院,visual,https://www.tsu.edu.cn/8337/list.htm,https://www.tsu.edu.cn/8337/list.htm,read,学校标识,2026-10-01,
4137010453,泰山学院,history,http://www-720yun-com-s.vpn.tsu.edu.cn:8118/vr/1e7jerektn2,https://vpn.tsu.edu.cn:443/?redirect_uri=http%3A%2F%2Fwww-720yun-com-s.vpn.tsu.edu.cn%3A8118%2Fvr%2F1e7jerektn2,insufficient_text,,2026-10-01,
4137010453,泰山学院,overview,https://www.tsu.edu.cn/8323/list.htm,https://www.tsu.edu.cn/8323/list.htm,read,学校简介,2026-10-01,
4137010453,泰山学院,overview,https://www.tsu.edu.cn/8334/list.htm,https://www.tsu.edu.cn/8334/list.htm,read,学校简介,2026-10-01,
4137010453,泰山学院,overview,https://www.tsu.edu.cn/8323/list.htm,https://www.tsu.edu.cn/8323/list.htm,read,学校简介,2026-10-01,
4137010454,济宁学院,homepage,https://www.jnxy.edu.cn/,https://www.jnxy.edu.cn/,read,济宁学院,2026-10-01,
4137010454,济宁学院,overview,https://www.jnxy.edu.cn/xxgk/xxjj.htm,https://www.jnxy.edu.cn/xxgk/xxjj.htm,read,学校简介-济宁学院,2026-10-01,
4137010454,济宁学院,charter,https://www.jnxy.edu.cn/xxgk/xxzc.htm,https://www.jnxy.edu.cn/xxgk/xxzc.htm,read,学校章程-济宁学院,2026-10-01,
4137010454,济宁学院,visual,https://www.jnxy.edu.cn/xxgk/xbxg.htm,https://www.jnxy.edu.cn/xxgk/xbxg.htm,read,校标校歌-济宁学院,2026-10-01,
4137010454,济宁学院,culture,https://www.jnxy.edu.cn/xxgk/xxxf.htm,https://www.jnxy.edu.cn/xxgk/xxxf.htm,read,校训校风-济宁学院,2026-10-01,
4137010454,济宁学院,navigation,https://www.jnxy.edu.cn/info/1022/46693.htm,https://www.jnxy.edu.cn/info/1022/46693.htm,read,关于组织参加意识形态工作专题培训暨“好Young济宁 走进济宁学院”集中宣讲活动的通知-济宁学院,2026-10-01,
4137010454,济宁学院,overview,https://www.jnxy.edu.cn/xxgk.htm,https://www.jnxy.edu.cn/xxgk.htm,read,学校概况-济宁学院,2026-10-01,
4137010454,济宁学院,charter,https://www.jnxy.edu.cn/system/_content/download.jsp?urltype=news.DownloadAttachUrl&owner=1321025205&wbfileid=3831482,https://www.jnxy.edu.cn/system/_content/download.jsp?urltype=news.DownloadAttachUrl&owner=1321025205&wbfileid=3831482,insufficient_text,附件下载,2026-10-01,
4137010454,济宁学院,overview,https://www.jnxy.edu.cn/info/1002/1001.htm,https://www.jnxy.edu.cn/info/1002/1001.htm,read,济宁学院简介-济宁学院,2026-10-01,
4137010454,济宁学院,charter,https://www.jnxy.edu.cn/xxgk/xxzc.htm,https://www.jnxy.edu.cn/xxgk/xxzc.htm,read,学校章程-济宁学院,2026-10-01,
4137010454,济宁学院,overview,https://www.jnxy.edu.cn/xxgk.htm,https://www.jnxy.edu.cn/xxgk.htm,read,学校概况-济宁学院,2026-10-01,
4137010454,济宁学院,overview,https://www.jnxy.edu.cn/xxgk/xxjj.htm,https://www.jnxy.edu.cn/xxgk/xxjj.htm,read,学校简介-济宁学院,2026-10-01,
4137010454,济宁学院,overview,https://www.jnxy.edu.cn/info/1002/1001.htm,https://www.jnxy.edu.cn/info/1002/1001.htm,read,济宁学院简介-济宁学院,2026-10-01,
4137010454,济宁学院,culture,https://www.jnxy.edu.cn/xxgk/xxxf.htm,https://www.jnxy.edu.cn/xxgk/xxxf.htm,read,校训校风-济宁学院,2026-10-01,
4137010455,菏泽学院,homepage,https://www.hezeu.edu.cn/,https://www.hezeu.edu.cn/,read,菏泽学院,2026-10-01,
4137010455,菏泽学院,overview,https://www.hezeu.edu.cn/xxkk/xxjj.htm,https://www.hezeu.edu.cn/xxkk/xxjj.htm,read,学校简介-菏泽学院,2026-10-01,
4137010455,菏泽学院,visual,https://www.hezeu.edu.cn/xxkk/bsxt.htm,https://www.hezeu.edu.cn/xxkk/bsxt.htm,read,标识系统-菏泽学院,2026-10-01,
4137010455,菏泽学院,culture,https://www.hezeu.edu.cn/xxkk/xxxfxg.htm,https://www.hezeu.edu.cn/xxkk/xxxfxg.htm,read,校训校风校歌-菏泽学院,2026-10-01,
4137010455,菏泽学院,history,https://www.hezeu.edu.cn/xxkk/lsyg.htm,https://www.hezeu.edu.cn/xxkk/lsyg.htm,read,历史沿革-菏泽学院,2026-10-01,
4137010455,菏泽学院,culture,https://www.hezeu.edu.cn/info/1045/85391.htm,https://www.hezeu.edu.cn/info/1045/85391.htm,read,赓续校训精神 启航青春新程 我校举行2026年开学典礼暨军训动员大会-菏泽学院,2026-10-01,
4137010455,菏泽学院,overview,https://www.hezeu.edu.cn/xxkk/xxjj.htm,https://www.hezeu.edu.cn/xxkk/xxjj.htm,read,学校简介-菏泽学院,2026-10-01,
4137010455,菏泽学院,history,https://www.hezeu.edu.cn/xxkk/lsyg.htm,https://www.hezeu.edu.cn/xxkk/lsyg.htm,read,历史沿革-菏泽学院,2026-10-01,
4137010455,菏泽学院,culture,https://www.hezeu.edu.cn/xxkk/xxxfxg.htm,https://www.hezeu.edu.cn/xxkk/xxxfxg.htm,read,校训校风校歌-菏泽学院,2026-10-01,
4137010455,菏泽学院,culture,https://www.hezeu.edu.cn/info/1045/85391.htm,https://www.hezeu.edu.cn/info/1045/85391.htm,read,赓续校训精神 启航青春新程 我校举行2026年开学典礼暨军训动员大会-菏泽学院,2026-10-01,
4137010456,山东财经大学,homepage,https://www.sdufe.edu.cn/,https://www.sdufe.edu.cn/,read,山东财经大学,2026-10-01,
4137010456,山东财经大学,overview,https://www.sdufe.edu.cn/xxgk_/xxjj.htm,https://www.sdufe.edu.cn/xxgk_/xxjj.htm,read,学校简介-山东财经大学,2026-10-01,
4137010456,山东财经大学,english,http://en.sdufe.edu.cn,,access_limited,,2026-10-01,timeout
4137010456,山东财经大学,overview,https://www.sdufe.edu.cn/info/1004/14896.htm,https://www.sdufe.edu.cn/info/1004/14896.htm,read,学校领导-山东财经大学,2026-10-01,
4137010456,山东财经大学,overview,https://www.sdufe.edu.cn/xxgk_/xxjj.htm,https://www.sdufe.edu.cn/xxgk_/xxjj.htm,read,学校简介-山东财经大学,2026-10-01,
4137010456,山东财经大学,overview,https://www.sdufe.edu.cn/info/1004/14896.htm,https://www.sdufe.edu.cn/info/1004/14896.htm,read,学校领导-山东财经大学,2026-10-01,
4137010456,山东财经大学,overview,https://www.sdufe.edu.cn/xxgk_/xxjj.htm,https://www.sdufe.edu.cn/xxgk_/xxjj.htm,read,学校简介-山东财经大学,2026-10-01,
4137010456,山东财经大学,overview,https://www.sdufe.edu.cn/info/1004/14896.htm,https://www.sdufe.edu.cn/info/1004/14896.htm,read,学校领导-山东财经大学,2026-10-01,
4137010457,山东体育学院,homepage,https://www.sdpei.edu.cn,https://www.sdpei.edu.cn,read,山东体育学院,2026-10-01,
4137010457,山东体育学院,overview,https://www.sdpei.edu.cn/385/list.htm,https://www.sdpei.edu.cn/385/list.htm,read,学校简介,2026-10-01,
4137010457,山东体育学院,history,https://www.sdpei.edu.cn/386/list.htm,https://www.sdpei.edu.cn/386/list.htm,read,历史沿革,2026-10-01,
4137010457,山东体育学院,english,http://www.sdpei.edu.cn/english,https://www.sdpei.edu.cn/english/,read,山东体育学院英文,2026-10-01,
4137010457,山东体育学院,overview,http://www.sdpei.edu.cn/385/list.htm,https://www.sdpei.edu.cn/385/list.htm,read,学校简介,2026-10-01,
4137010457,山东体育学院,overview,https://www.sdpei.edu.cn/385/list.htm,https://www.sdpei.edu.cn/385/list.htm,read,学校简介,2026-10-01,
4137010457,山东体育学院,history,https://www.sdpei.edu.cn/386/list.htm,https://www.sdpei.edu.cn/386/list.htm,read,历史沿革,2026-10-01,
4137010458,山东艺术学院,homepage,https://www.sdca.edu.cn/,https://www.sdca.edu.cn/,read,山东艺术学院SHANDONG UNIVERSITY OF ARTS,2026-10-01,
4137010458,山东艺术学院,overview,https://www.sdca.edu.cn/sygk/xxjj.htm,https://www.sdca.edu.cn/sygk/xxjj.htm,read,学校简介-山东艺术学院SHANDONG UNIVERSITY OF ARTS,2026-10-01,
4137010458,山东艺术学院,visual,https://www.sdca.edu.cn/sygk/xxbs.htm,https://www.sdca.edu.cn/sygk/xxbs.htm,read,学校标识-山东艺术学院SHANDONG UNIVERSITY OF ARTS,2026-10-01,
4137010458,山东艺术学院,english,https://www.sdca.edu.cn/en/,https://www.sdca.edu.cn/en/,read,Shandong University of Arts,2026-10-01,
4137010458,山东艺术学院,navigation,https://www.sdca.edu.cn/info/1036/207741.htm,https://www.sdca.edu.cn/info/1036/207741.htm,read,【暑期社会实践】书法学院开展暑期“三下乡”社会实践活动-山东艺术学院SHANDONG UNIVERSITY OF ARTS,2026-10-01,
4137010458,山东艺术学院,navigation,https://www.sdca.edu.cn/info/1037/209311.htm,https://www.sdca.edu.cn/info/1037/209311.htm,read,第十七届山东省大学生文化创意科创大赛优秀作品巡回展走进山东艺术学院-山东艺术学院SHANDONG UNIVERSITY OF ARTS,2026-10-01,
4137010458,山东艺术学院,overview,https://www.sdca.edu.cn/sygk/xxjj.htm,https://www.sdca.edu.cn/sygk/xxjj.htm,read,学校简介-山东艺术学院SHANDONG UNIVERSITY OF ARTS,2026-10-01,
4137010904,枣庄学院,homepage,https://www.uzz.edu.cn/,https://www.uzz.edu.cn/,read,枣庄学院,2026-10-01,
4137010904,枣庄学院,overview,https://www.uzz.edu.cn/xxgk/xxjj.htm,https://www.uzz.edu.cn/xxgk/xxjj.htm,read,学校简介-枣庄学院,2026-10-01,
4137010904,枣庄学院,charter,https://www.uzz.edu.cn/xxzc.htm,https://www.uzz.edu.cn/xxzc.htm,read,学校章程-枣庄学院,2026-10-01,
4137010904,枣庄学院,culture,https://www.uzz.edu.cn/xxgk/xfxx.htm,https://www.uzz.edu.cn/xxgk/xfxx.htm,read,校风校训-枣庄学院,2026-10-01,
4137010904,枣庄学院,history,https://www.uzz.edu.cn/info/1026/27512.htm,https://www.uzz.edu.cn/info/1026/27512.htm,read,我校召开校史馆工作汇报会-枣庄学院,2026-10-01,
4137010904,枣庄学院,english,https://english.uzz.edu.cn/index.htm,https://english.uzz.edu.cn/index.htm,read,Zaozhuang University,2026-10-01,
4137010904,枣庄学院,charter,https://www.uzz.edu.cn/xxzc.htm,https://www.uzz.edu.cn/xxzc.htm,read,学校章程-枣庄学院,2026-10-01,
4137010904,枣庄学院,overview,https://www.uzz.edu.cn/xxgk/xxjj.htm,https://www.uzz.edu.cn/xxgk/xxjj.htm,read,学校简介-枣庄学院,2026-10-01,
4137010904,枣庄学院,history,https://www.uzz.edu.cn/info/1026/27512.htm,https://www.uzz.edu.cn/info/1026/27512.htm,read,我校召开校史馆工作汇报会-枣庄学院,2026-10-01,
4137010904,枣庄学院,culture,https://www.uzz.edu.cn/xxgk/xfxx.htm,https://www.uzz.edu.cn/xxgk/xfxx.htm,read,校风校训-枣庄学院,2026-10-01,
4137010908,山东工艺美术学院,homepage,https://www.sdada.edu.cn/,https://www.sdada.edu.cn/,read,山东工艺美术学院 SHANDONG UNIVERSITY OF ART & DESIGN 设计大学,2026-10-01,
4137010908,山东工艺美术学院,overview,https://www.sdada.edu.cn/zjxy/xydh.htm,https://www.sdada.edu.cn/zjxy/xydh.htm,read,校园导航-山东工艺美术学院 SHANDONG UNIVERSITY OF ART & DESIGN 设计大学,2026-10-01,
4137010908,山东工艺美术学院,english,http://en.sdada.edu.cn/,http://en.sdada.edu.cn/,read,山东工艺美术学院英文版,2026-10-01,
4137010908,山东工艺美术学院,overview,https://www.sdada.edu.cn/xygk/xyjj.htm,https://www.sdada.edu.cn/xygk/xyjj.htm,read,学院简介-山东工艺美术学院 SHANDONG UNIVERSITY OF ART & DESIGN 设计大学,2026-10-01,
4137010908,山东工艺美术学院,overview,https://www.sdada.edu.cn/zjxy/xydh.htm,https://www.sdada.edu.cn/zjxy/xydh.htm,read,校园导航-山东工艺美术学院 SHANDONG UNIVERSITY OF ART & DESIGN 设计大学,2026-10-01,
4137010908,山东工艺美术学院,overview,https://www.sdada.edu.cn/xygk/xyjj.htm,https://www.sdada.edu.cn/xygk/xyjj.htm,read,学院简介-山东工艺美术学院 SHANDONG UNIVERSITY OF ART & DESIGN 设计大学,2026-10-01,
4137011065,青岛大学,homepage,https://www.qdu.edu.cn/,https://www.qdu.edu.cn/,read,青岛大学 QINGDAO UNIVERSITY,2026-10-01,
4137011065,青岛大学,overview,https://www.qdu.edu.cn/xxgk/xxjj.htm,https://www.qdu.edu.cn/xxgk/xxjj.htm,read,学校简介-青岛大学 QINGDAO UNIVERSITY,2026-10-01,
4137011065,青岛大学,charter,https://www.qdu.edu.cn/xxgk/dxzc.htm,https://www.qdu.edu.cn/xxgk/dxzc.htm,read,大学章程-青岛大学 QINGDAO UNIVERSITY,2026-10-01,
4137011065,青岛大学,visual,https://www.qdu.edu.cn/xxgk/xhxx.htm,https://www.qdu.edu.cn/xxgk/xhxx.htm,read,校徽校训-青岛大学 QINGDAO UNIVERSITY,2026-10-01,
4137011065,青岛大学,history,https://www.qdu.edu.cn/xxgk/lsyg.htm,https://www.qdu.edu.cn/xxgk/lsyg.htm,read,历史沿革-青岛大学 QINGDAO UNIVERSITY,2026-10-01,
4137011065,青岛大学,english,https://english.qdu.edu.cn/,https://back.qdu.edu.cn/,insufficient_text,信息提示页,2026-10-01,
4137011065,青岛大学,charter,https://www.qdu.edu.cn/xxgk/dxzc.htm,https://www.qdu.edu.cn/xxgk/dxzc.htm,read,大学章程-青岛大学 QINGDAO UNIVERSITY,2026-10-01,
4137011065,青岛大学,overview,https://www.qdu.edu.cn/xxgk/xxjj.htm,https://www.qdu.edu.cn/xxgk/xxjj.htm,read,学校简介-青岛大学 QINGDAO UNIVERSITY,2026-10-01,
4137011065,青岛大学,history,https://www.qdu.edu.cn/xxgk/lsyg.htm,https://www.qdu.edu.cn/xxgk/lsyg.htm,read,历史沿革-青岛大学 QINGDAO UNIVERSITY,2026-10-01,
4137011066,烟台大学,homepage,https://www.ytu.edu.cn/,https://www.ytu.edu.cn/,read,烟台大学|YanTai University,2026-10-01,
4137011066,烟台大学,overview,https://www.ytu.edu.cn/xxgk/xxjj.htm,https://www.ytu.edu.cn/xxgk/xxjj.htm,read,学校简介-烟台大学|YanTai University,2026-10-01,
4137011066,烟台大学,overview,https://www.ytu.edu.cn/xxgk/xxjj.htm,https://www.ytu.edu.cn/xxgk/xxjj.htm,read,学校简介-烟台大学|YanTai University,2026-10-01,
4137011067,潍坊学院,homepage,https://www.wfu.edu.cn/,https://www.wfu.edu.cn/,read,潍坊学院,2026-10-01,
4137011067,潍坊学院,overview,https://www.wfu.edu.cn/6/list.htm,https://www.wfu.edu.cn/6/list.htm,read,学校简介,2026-10-01,
4137011067,潍坊学院,navigation,https://www.wfu.edu.cn/8/list.htm,https://www.wfu.edu.cn/8/list.htm,read,走进校园,2026-10-01,
4137011067,潍坊学院,overview,https://www.wfu.edu.cn/6/list.htm,https://www.wfu.edu.cn/6/list.htm,read,学校简介,2026-10-01,
4137011324,山东警察学院,homepage,https://www.sdpc.edu.cn,https://www.sdpc.edu.cn,read,山东警察学院,2026-10-01,
4137011324,山东警察学院,overview,https://www.sdpc.edu.cn/xxgk/xxjj.htm,https://www.sdpc.edu.cn/xxgk/xxjj.htm,read,学校简介-山东警察学院,2026-10-01,
4137011324,山东警察学院,history,https://www.sdpc.edu.cn/xxgk/lsyg.htm,https://www.sdpc.edu.cn/xxgk/lsyg.htm,read,历史沿革-山东警察学院,2026-10-01,
4137011324,山东警察学院,overview,https://www.sdpc.edu.cn/xxgk/<span style='color:red;font-size:9pt'>转换链接错误</span>,,access_limited,,2026-10-01,InvalidURL
4137011324,山东警察学院,overview,https://www.sdpc.edu.cn/xxgk/xxjj.htm,https://www.sdpc.edu.cn/xxgk/xxjj.htm,read,学校简介-山东警察学院,2026-10-01,
4137011324,山东警察学院,history,https://www.sdpc.edu.cn/xxgk/lsyg.htm,https://www.sdpc.edu.cn/xxgk/lsyg.htm,read,历史沿革-山东警察学院,2026-10-01,
4137011510,山东交通学院,homepage,https://www.sdjtu.edu.cn/,https://www.sdjtu.edu.cn/,read,山东交通学院,2026-10-01,
4137011510,山东交通学院,overview,https://www.sdjtu.edu.cn/xygk/xxjj.htm,https://www.sdjtu.edu.cn/xygk/xxjj.htm,read,学校简介-山东交通学院,2026-10-01,
4137011510,山东交通学院,charter,https://www.sdjtu.edu.cn/xygk/xxzc.htm,https://www.sdjtu.edu.cn/xygk/xxzc.htm,read,学校章程-山东交通学院,2026-10-01,
4137011510,山东交通学院,visual,https://www.sdjtu.edu.cn/xygk/xxbs.htm,https://www.sdjtu.edu.cn/xygk/xxbs.htm,read,学校标识-山东交通学院,2026-10-01,
4137011510,山东交通学院,history,https://www.sdjtu.edu.cn/xygk/lsyg.htm,https://www.sdjtu.edu.cn/xygk/lsyg.htm,read,历史沿革-山东交通学院,2026-10-01,
4137011510,山东交通学院,navigation,https://www.sdjtu.edu.cn/info/1050/62648.htm,https://www.sdjtu.edu.cn/info/1050/62648.htm,read,【同庆七秩】全国重点新闻媒体调研行走进山东交通学院活动成功举办-山东交通学院,2026-10-01,
4137011510,山东交通学院,charter,https://www.sdjtu.edu.cn/xygk/xxzc.htm,https://www.sdjtu.edu.cn/xygk/xxzc.htm,read,学校章程-山东交通学院,2026-10-01,
4137011510,山东交通学院,overview,https://www.sdjtu.edu.cn/xygk/xxjj.htm,https://www.sdjtu.edu.cn/xygk/xxjj.htm,read,学校简介-山东交通学院,2026-10-01,
4137011510,山东交通学院,history,https://www.sdjtu.edu.cn/xygk/lsyg.htm,https://www.sdjtu.edu.cn/xygk/lsyg.htm,read,历史沿革-山东交通学院,2026-10-01,
4137011688,山东工商学院,homepage,https://www.sdtbu.edu.cn/,https://www.sdtbu.edu.cn/,read,山东工商学院,2026-10-01,
4137011688,山东工商学院,overview,https://www.sdtbu.edu.cn/xxgk/ssjj.htm,https://www.sdtbu.edu.cn/xxgk/ssjj.htm,read,山商简介-山东工商学院,2026-10-01,
4137011688,山东工商学院,history,https://www.sdtbu.edu.cn/xxgk/lsyg.htm,https://www.sdtbu.edu.cn/xxgk/lsyg.htm,read,历史沿革-山东工商学院,2026-10-01,
4137011688,山东工商学院,navigation,https://www.sdtbu.edu.cn/info/1045/291791.htm,https://www.sdtbu.edu.cn/info/1045/291791.htm,read,关于学校参加第十五届“挑战杯”全国大学生创业计划竞赛东北振兴产业升级专项赛拟推荐项目的公示-山东工商学院,2026-10-01,
4137011688,山东工商学院,navigation,https://www.sdtbu.edu.cn/info/1044/294041.htm,https://www.sdtbu.edu.cn/info/1044/294041.htm,read,【图文】人文与传播学院开展红色阅读志愿服务活动-山东工商学院,2026-10-01,
4137011688,山东工商学院,overview,https://www.sdtbu.edu.cn/xxgk/ssjj.htm,https://www.sdtbu.edu.cn/xxgk/ssjj.htm,read,山商简介-山东工商学院,2026-10-01,
4137011688,山东工商学院,history,https://www.sdtbu.edu.cn/xxgk/lsyg.htm,https://www.sdtbu.edu.cn/xxgk/lsyg.htm,read,历史沿革-山东工商学院,2026-10-01,
4137012331,山东女子学院,homepage,https://www.sdwu.edu.cn/,https://www.sdwu.edu.cn/,read,山东女子学院,2026-10-01,
4137012331,山东女子学院,overview,https://www.sdwu.edu.cn/xxgk/xxjj.htm,https://www.sdwu.edu.cn/xxgk/xxjj.htm,read,学校简介-山东女子学院,2026-10-01,
4137012331,山东女子学院,charter,https://www.sdwu.edu.cn/xxgk/xxzc.htm,https://www.sdwu.edu.cn/xxgk/xxzc.htm,read,学校章程-山东女子学院,2026-10-01,
4137012331,山东女子学院,visual,https://www.sdwu.edu.cn/xxgk/xxbs.htm,https://www.sdwu.edu.cn/xxgk/xxbs.htm,read,学校标识-山东女子学院,2026-10-01,
4137012331,山东女子学院,culture,https://www.sdwu.edu.cn/system/_content/download.jsp?urltype=news.DownloadAttachUrl&owner=1271623546&wbfileid=A6033C8409335B0328B4EE4CDA39A465,https://www.sdwu.edu.cn/system/_content/download.jsp?urltype=news.DownloadAttachUrl&owner=1271623546&wbfileid=A6033C8409335B0328B4EE4CDA39A465,insufficient_text,附件下载,2026-10-01,
4137012331,山东女子学院,history,https://www.sdwu.edu.cn/xxgk/lsyg.htm,https://www.sdwu.edu.cn/xxgk/lsyg.htm,read,历史沿革-山东女子学院,2026-10-01,
4137012331,山东女子学院,charter,https://www.sdwu.edu.cn/xxgk/xxzc/sdnzxyzc.htm,https://www.sdwu.edu.cn/xxgk/xxzc/sdnzxyzc.htm,read,山东女子学院章程-山东女子学院,2026-10-01,
4137012331,山东女子学院,charter,https://www.sdwu.edu.cn/xxgk/xxzc.htm,https://www.sdwu.edu.cn/xxgk/xxzc.htm,read,学校章程-山东女子学院,2026-10-01,
4137012331,山东女子学院,charter,https://www.sdwu.edu.cn/xxgk/xxzc/sdnzxyzc.htm,https://www.sdwu.edu.cn/xxgk/xxzc/sdnzxyzc.htm,read,山东女子学院章程-山东女子学院,2026-10-01,
4137012331,山东女子学院,overview,https://www.sdwu.edu.cn/xxgk/xxjj.htm,https://www.sdwu.edu.cn/xxgk/xxjj.htm,read,学校简介-山东女子学院,2026-10-01,
4137012331,山东女子学院,history,https://www.sdwu.edu.cn/xxgk/lsyg.htm,https://www.sdwu.edu.cn/xxgk/lsyg.htm,read,历史沿革-山东女子学院,2026-10-01,
4137013386,山东石油化工学院,homepage,https://www.sdipct.edu.cn/,https://www.sdipct.edu.cn/,read,山东石油化工学院,2026-10-01,
4137013386,山东石油化工学院,overview,https://www.sdipct.edu.cn/xxgk/xxjj.htm,https://www.sdipct.edu.cn/xxgk/xxjj.htm,read,学校简介-山东石油化工学院,2026-10-01,
4137013386,山东石油化工学院,visual,https://www.sdipct.edu.cn/xxgk/xywh.htm,https://www.sdipct.edu.cn/xxgk/xywh.htm,read,校园文化-山东石油化工学院,2026-10-01,
4137013386,山东石油化工学院,overview,https://www.sdipct.edu.cn/xxgk.htm,https://www.sdipct.edu.cn/xxgk.htm,read,学校概况-山东石油化工学院,2026-10-01,
4137013386,山东石油化工学院,overview,https://www.sdipct.edu.cn/xxgk.htm,https://www.sdipct.edu.cn/xxgk.htm,read,学校概况-山东石油化工学院,2026-10-01,
4137013386,山东石油化工学院,overview,https://www.sdipct.edu.cn/xxgk/xxjj.htm,https://www.sdipct.edu.cn/xxgk/xxjj.htm,read,学校简介-山东石油化工学院,2026-10-01,
4137013995,青岛工学院,homepage,https://www.qit.edu.cn/,https://www.qit.edu.cn/,read,青岛工学院,2026-10-01,
4137013995,青岛工学院,overview,https://www.qit.edu.cn/xxgk/xxjj.htm,https://www.qit.edu.cn/xxgk/xxjj.htm,read,学校简介-青岛工学院,2026-10-01,
4137013995,青岛工学院,charter,https://www.qit.edu.cn/xxgk/xxzc.htm,https://www.qit.edu.cn/xxgk/xxzc.htm,read,学校章程-青岛工学院,2026-10-01,
4137013995,青岛工学院,navigation,https://www.qit.edu.cn/info/1029/111071.htm,https://www.qit.edu.cn/info/1029/111071.htm,read,敬业润童心 责任伴成长——青岛工学院走进胶西娄敬小学开展大中小学思政课一体化活动-青岛工学院,2026-10-01,
4137013995,青岛工学院,navigation,https://www.qit.edu.cn/info/1014/105411.htm,https://www.qit.edu.cn/info/1014/105411.htm,read,赓续红色薪火 聚力思政育人 青岛工学院大中小思政一体化走进大同社区开展长征精神主题宣讲活动-青岛工学院,2026-10-01,
4137013995,青岛工学院,charter,https://www.qit.edu.cn/xxgk/xxzc.htm,https://www.qit.edu.cn/xxgk/xxzc.htm,read,学校章程-青岛工学院,2026-10-01,
4137013995,青岛工学院,overview,https://www.qit.edu.cn/xxgk/xxjj.htm,https://www.qit.edu.cn/xxgk/xxjj.htm,read,学校简介-青岛工学院,2026-10-01,
4137014100,山东政法学院,homepage,https://www.sdupsl.edu.cn,https://www.sdupsl.edu.cn,read,山东政法学院,2026-10-01,
4137014100,山东政法学院,overview,https://www.sdupsl.edu.cn/xxgk/xyjj.htm,https://www.sdupsl.edu.cn/xxgk/xyjj.htm,read,学院简介-山东政法学院,2026-10-01,
4137014100,山东政法学院,history,https://www.sdupsl.edu.cn/xxgk/lsyg.htm,https://www.sdupsl.edu.cn/xxgk/lsyg.htm,read,历史沿革-山东政法学院,2026-10-01,
4137014100,山东政法学院,overview,https://www.sdupsl.edu.cn/xxgk/xyjj.htm,https://www.sdupsl.edu.cn/xxgk/xyjj.htm,read,学院简介-山东政法学院,2026-10-01,
4137014100,山东政法学院,history,https://www.sdupsl.edu.cn/xxgk/lsyg.htm,https://www.sdupsl.edu.cn/xxgk/lsyg.htm,read,历史沿革-山东政法学院,2026-10-01,
4137014276,齐鲁师范学院,homepage,https://www.qlnu.edu.cn/,https://www.qlnu.edu.cn/,read,齐鲁师范学院︱Qilu Normal University,2026-10-01,
4137014276,齐鲁师范学院,overview,https://www.qlnu.edu.cn/xxgk/xxjj.htm,https://www.qlnu.edu.cn/xxgk/xxjj.htm,read,学校简介-齐鲁师范学院︱Qilu Normal University,2026-10-01,
4137014276,齐鲁师范学院,visual,https://www.qlnu.edu.cn/info/1511/225669.htm,https://www.qlnu.edu.cn/info/1511/225669.htm,read,图书馆开展“墨香伴书香，笔尖悟经典”硬笔书法比赛-齐鲁师范学院︱Qilu Normal University,2026-10-01,
4137014276,齐鲁师范学院,culture,https://www.qlnu.edu.cn/xxgk/xxxg.htm,https://www.qlnu.edu.cn/xxgk/xxxg.htm,read,校训校歌-齐鲁师范学院︱Qilu Normal University,2026-10-01,
4137014276,齐鲁师范学院,history,https://www.qlnu.edu.cn/xxgk/lsyg.htm,https://www.qlnu.edu.cn/xxgk/lsyg.htm,read,历史沿革-齐鲁师范学院︱Qilu Normal University,2026-10-01,
4137014276,齐鲁师范学院,culture,https://www.qlnu.edu.cn/info/1511/230099.htm,https://www.qlnu.edu.cn/info/1511/230099.htm,read,图书馆举办“漱玉流芳・词韵清照”读书分享会-齐鲁师范学院︱Qilu Normal University,2026-10-01,
4137014276,齐鲁师范学院,overview,https://www.qlnu.edu.cn/xxgk/xxjj.htm,https://www.qlnu.edu.cn/xxgk/xxjj.htm,read,学校简介-齐鲁师范学院︱Qilu Normal University,2026-10-01,
4137014276,齐鲁师范学院,history,https://www.qlnu.edu.cn/xxgk/lsyg.htm,https://www.qlnu.edu.cn/xxgk/lsyg.htm,read,历史沿革-齐鲁师范学院︱Qilu Normal University,2026-10-01,
4137014276,齐鲁师范学院,culture,https://www.qlnu.edu.cn/xxgk/xxxg.htm,https://www.qlnu.edu.cn/xxgk/xxxg.htm,read,校训校歌-齐鲁师范学院︱Qilu Normal University,2026-10-01,
4137014276,齐鲁师范学院,culture,https://www.qlnu.edu.cn/info/1511/230099.htm,https://www.qlnu.edu.cn/info/1511/230099.htm,read,图书馆举办“漱玉流芳・词韵清照”读书分享会-齐鲁师范学院︱Qilu Normal University,2026-10-01,
4137014277,山东青年政治学院,homepage,https://www.sdyu.edu.cn,https://www.sdyu.edu.cn,read,欢迎访问山东青年政治学院,2026-10-01,
4137014277,山东青年政治学院,overview,https://www.sdyu.edu.cn/xxgk/xxjj.htm,https://www.sdyu.edu.cn/xxgk/xxjj.htm,read,学校简介-欢迎访问山东青年政治学院,2026-10-01,
4137014277,山东青年政治学院,culture,https://www.sdyu.edu.cn/info/1004/34231.htm,https://www.sdyu.edu.cn/info/1004/34231.htm,read,关于组织开展“校风校训润心·山青精神铸魂”主题教育活动的通知-欢迎访问山东青年政治学院,2026-10-01,
4137014277,山东青年政治学院,navigation,https://www.sdyu.edu.cn/info/1005/34313.htm,https://www.sdyu.edu.cn/info/1005/34313.htm,read,以善治为桥，共赴中非合作新程——学校公共外交研究院研究成果亮相“中非善治对话·走进山东”活动-欢迎访问山东青年政治学院,2026-10-01,
4137014277,山东青年政治学院,overview,https://www.sdyu.edu.cn/xxgk/xxjj.htm,https://www.sdyu.edu.cn/xxgk/xxjj.htm,read,学校简介-欢迎访问山东青年政治学院,2026-10-01,
4137014277,山东青年政治学院,culture,https://www.sdyu.edu.cn/info/1004/34231.htm,https://www.sdyu.edu.cn/info/1004/34231.htm,read,关于组织开展“校风校训润心·山青精神铸魂”主题教育活动的通知-欢迎访问山东青年政治学院,2026-10-01,
4137014438,山东管理学院,homepage,https://www.sdmu.edu.cn/,https://www.sdmu.edu.cn/,read,山东管理学院,2026-10-01,
4137014438,山东管理学院,overview,https://www.sdmu.edu.cn/xygk/xxjj_.htm,https://www.sdmu.edu.cn/xygk/xxjj_.htm,read,学校简介 -山东管理学院,2026-10-01,
4137014438,山东管理学院,charter,https://www.sdmu.edu.cn/xygk/xxzc.htm,https://www.sdmu.edu.cn/xygk/xxzc.htm,read,学校章程-山东管理学院,2026-10-01,
4137014438,山东管理学院,visual,https://www.sdmu.edu.cn/xygk/xxbs.htm,https://www.sdmu.edu.cn/xygk/xxbs.htm,read,学校标识-山东管理学院,2026-10-01,
4137014438,山东管理学院,english,https://www.sdmu.edu.cn/ywb/About_us.htm,https://www.sdmu.edu.cn/ywb/About_us.htm,read,About us-山东管理学院,2026-10-01,
4137014438,山东管理学院,charter,https://www.sdmu.edu.cn/xygk/xxzc.htm,https://www.sdmu.edu.cn/xygk/xxzc.htm,read,学校章程-山东管理学院,2026-10-01,
4137014438,山东管理学院,overview,https://www.sdmu.edu.cn/xygk/xxjj_.htm,https://www.sdmu.edu.cn/xygk/xxjj_.htm,read,学校简介 -山东管理学院,2026-10-01,
4137014439,山东农业工程学院,homepage,https://www.sdaeu.edu.cn/,https://www.sdaeu.edu.cn/,read,山东农业工程学院,2026-10-01,
4137014439,山东农业工程学院,overview,https://www.sdaeu.edu.cn/xxgk/xxjj.htm,https://www.sdaeu.edu.cn/xxgk/xxjj.htm,read,学校简介-山东农业工程学院,2026-10-01,
4137014439,山东农业工程学院,charter,https://www.sdaeu.edu.cn/xxgk/xxzc.htm,https://www.sdaeu.edu.cn/xxgk/xxzc.htm,read,学校章程-山东农业工程学院,2026-10-01,
4137014439,山东农业工程学院,visual,https://www.sdaeu.edu.cn/xxgk/xxbs.htm,https://www.sdaeu.edu.cn/xxgk/xxbs.htm,read,学校标识-山东农业工程学院,2026-10-01,
4137014439,山东农业工程学院,charter,https://www.sdaeu.edu.cn/xxgk/xxzc.htm,https://www.sdaeu.edu.cn/xxgk/xxzc.htm,read,学校章程-山东农业工程学院,2026-10-01,
4137014439,山东农业工程学院,overview,https://www.sdaeu.edu.cn/xxgk/xxjj.htm,https://www.sdaeu.edu.cn/xxgk/xxjj.htm,read,学校简介-山东农业工程学院,2026-10-01,
4137014878,康复大学,homepage,https://www.uhrs.edu.cn/,,fetch_error,,2026-10-01,URLError
4137014878,康复大学,overview,https://www.uhrs.edu.cn/,,access_limited,,2026-10-01,URLError
4137014878,康复大学,overview,https://www.uhrs.edu.cn/xxgk/xxjj.htm,,access_limited,,2026-10-01,URLError
4137014878,康复大学,overview,https://www.uhrs.edu.cn/info/1050/8216.htm,,access_limited,,2026-10-01,URLError
4141010078,华北水利水电大学,homepage,https://www.ncwu.edu.cn/,https://www.ncwu.edu.cn/,read,欢迎访问华北水利水电大学,2026-10-01,
4141010078,华北水利水电大学,overview,https://www.ncwu.edu.cn/xxgk/xxjj.htm,https://www.ncwu.edu.cn/xxgk/xxjj.htm,read,学校简介-欢迎访问华北水利水电大学,2026-10-01,
4141010078,华北水利水电大学,history,https://www.ncwu.edu.cn/xxgk/lsyg.htm,https://www.ncwu.edu.cn/xxgk/lsyg.htm,read,历史沿革-欢迎访问华北水利水电大学,2026-10-01,
4141010078,华北水利水电大学,english,https://www2.ncwu.edu.cn/ncwuenglish/,https://www2.ncwu.edu.cn/ncwuenglish/,read,华水英文官网,2026-10-01,
4141010078,华北水利水电大学,overview,https://www.ncwu.edu.cn/xxgk/xxjj.htm,https://www.ncwu.edu.cn/xxgk/xxjj.htm,read,学校简介-欢迎访问华北水利水电大学,2026-10-01,
4141010078,华北水利水电大学,history,https://www.ncwu.edu.cn/xxgk/lsyg.htm,https://www.ncwu.edu.cn/xxgk/lsyg.htm,read,历史沿革-欢迎访问华北水利水电大学,2026-10-01,
4141010459,郑州大学,homepage,https://www.zzu.edu.cn/index.htm,https://www.zzu.edu.cn/index.htm,read,郑州大学,2026-10-01,
4141010459,郑州大学,overview,https://www.zzu.edu.cn/xxgk/xxjj.htm,https://www.zzu.edu.cn/xxgk/xxjj.htm,read,学校简介-郑州大学,2026-10-01,
4141010459,郑州大学,history,https://www.zzu.edu.cn/xxgk/lsyg.htm,https://www.zzu.edu.cn/xxgk/lsyg.htm,read,历史沿革-郑州大学,2026-10-01,
4141010459,郑州大学,english,http://english.zzu.edu.cn/,https://english.zzu.edu.cn/,read,Zhengzhou University,2026-10-01,
4141010459,郑州大学,overview,https://www.zzu.edu.cn/xxgk/xxjj.htm,https://www.zzu.edu.cn/xxgk/xxjj.htm,read,学校简介-郑州大学,2026-10-01,
4141010459,郑州大学,history,https://www.zzu.edu.cn/xxgk/lsyg.htm,https://www.zzu.edu.cn/xxgk/lsyg.htm,read,历史沿革-郑州大学,2026-10-01,
4141010460,河南理工大学,homepage,https://www.hpu.edu.cn/,https://www.hpu.edu.cn/,read,河南理工大学,2026-10-01,
4141010460,河南理工大学,overview,https://www.hpu.edu.cn/xxgk/xxjj.htm,https://www.hpu.edu.cn/xxgk/xxjj.htm,read,学校简介-河南理工大学,2026-10-01,
4141010460,河南理工大学,charter,https://www.hpu.edu.cn/xxgk/xxzc.htm,https://www.hpu.edu.cn/xxgk/xxzc.htm,read,学校章程-河南理工大学,2026-10-01,
4141010460,河南理工大学,history,https://www.hpu.edu.cn/xxgk/lsyg.htm,https://www.hpu.edu.cn/xxgk/lsyg.htm,read,历史沿革-河南理工大学,2026-10-01,
4141010460,河南理工大学,english,http://en.hpu.edu.cn,http://en.hpu.edu.cn,read,Henan Polytechnic University,2026-10-01,
4141010460,河南理工大学,charter,https://www.hpu.edu.cn/xxgk/xxzc.htm,https://www.hpu.edu.cn/xxgk/xxzc.htm,read,学校章程-河南理工大学,2026-10-01,
4141010460,河南理工大学,overview,https://www.hpu.edu.cn/xxgk/xxjj.htm,https://www.hpu.edu.cn/xxgk/xxjj.htm,read,学校简介-河南理工大学,2026-10-01,
4141010460,河南理工大学,history,https://www.hpu.edu.cn/xxgk/lsyg.htm,https://www.hpu.edu.cn/xxgk/lsyg.htm,read,历史沿革-河南理工大学,2026-10-01,
4141010462,郑州轻工业大学,homepage,https://www.zzuli.edu.cn,https://www.zzuli.edu.cn,read,郑州轻工业大学欢迎您,2026-10-01,
4141010462,郑州轻工业大学,overview,https://www.zzuli.edu.cn/160/list.htm,https://www.zzuli.edu.cn/160/list.htm,read,学校简介,2026-10-01,
4141010462,郑州轻工业大学,charter,https://www.zzuli.edu.cn/xxzc/list.htm,https://www.zzuli.edu.cn/xxzc/list.htm,read,学校章程,2026-10-01,
4141010462,郑州轻工业大学,visual,https://www.zzuli.edu.cn/234/list.htm,https://www.zzuli.edu.cn/234/list.htm,read,校园文化,2026-10-01,
4141010462,郑州轻工业大学,culture,https://www.zzuli.edu.cn/xg/list.htm,https://www.zzuli.edu.cn/xg/list.htm,read,校歌,2026-10-01,
4141010462,郑州轻工业大学,english,http://en.zzuli.edu.cn/,http://en.zzuli.edu.cn/,read,English-Home,2026-10-01,
4141010462,郑州轻工业大学,overview,https://www.zzuli.edu.cn/159/list.htm,https://www.zzuli.edu.cn/159/list.htm,read,学校简介,2026-10-01,
4141010462,郑州轻工业大学,visual,https://www.zzuli.edu.cn/161/list.htm,https://www.zzuli.edu.cn/161/list.htm,read,校徽校训,2026-10-01,
4141010462,郑州轻工业大学,charter,https://www.zzuli.edu.cn/xxzc/list.htm,https://www.zzuli.edu.cn/xxzc/list.htm,read,学校章程,2026-10-01,
4141010462,郑州轻工业大学,overview,https://www.zzuli.edu.cn/160/list.htm,https://www.zzuli.edu.cn/160/list.htm,read,学校简介,2026-10-01,
4141010462,郑州轻工业大学,overview,https://www.zzuli.edu.cn/159/list.htm,https://www.zzuli.edu.cn/159/list.htm,read,学校简介,2026-10-01,
4141010462,郑州轻工业大学,culture,https://www.zzuli.edu.cn/xg/list.htm,https://www.zzuli.edu.cn/xg/list.htm,read,校歌,2026-10-01,
4141010463,河南工业大学,homepage,https://www.haut.edu.cn/,https://www.haut.edu.cn/,read,河南工业大学,2026-10-01,
4141010463,河南工业大学,overview,https://www.haut.edu.cn/xxgk/xxjj.htm,https://www.haut.edu.cn/xxgk/xxjj.htm,read,学校简介-河南工业大学,2026-10-01,
4141010463,河南工业大学,visual,https://www.haut.edu.cn/xywh1.htm,https://www.haut.edu.cn/xywh1.htm,read,校园文化-河南工业大学,2026-10-01,
4141010463,河南工业大学,culture,https://www.haut.edu.cn/xywh1/whzt.htm,https://www.haut.edu.cn/xywh1/whzt.htm,read,文化载体-河南工业大学,2026-10-01,
4141010463,河南工业大学,history,https://www.haut.edu.cn/xxgk/lsyg.htm,https://www.haut.edu.cn/xxgk/lsyg.htm,read,历史沿革-河南工业大学,2026-10-01,
4141010463,河南工业大学,english,https://www.haut.edu.cn/International.htm,https://www.haut.edu.cn/International.htm,read,International-河南工业大学,2026-10-01,
4141010463,河南工业大学,navigation,https://www.haut.edu.cn/xywh1/whcs.htm,https://www.haut.edu.cn/xywh1/whcs.htm,read,文化场所-河南工业大学,2026-10-01,
4141010463,河南工业大学,overview,https://www.haut.edu.cn/xxgk/xxjj.htm,https://www.haut.edu.cn/xxgk/xxjj.htm,read,学校简介-河南工业大学,2026-10-01,
4141010463,河南工业大学,history,https://www.haut.edu.cn/xxgk/lsyg.htm,https://www.haut.edu.cn/xxgk/lsyg.htm,read,历史沿革-河南工业大学,2026-10-01,
4141010463,河南工业大学,culture,https://www.haut.edu.cn/xywh1/whzt.htm,https://www.haut.edu.cn/xywh1/whzt.htm,read,文化载体-河南工业大学,2026-10-01,
4141010464,河南科技大学,homepage,https://www.haust.edu.cn/,https://www.haust.edu.cn/,read,河南科技大学,2026-10-01,
4141010464,河南科技大学,overview,https://www.haust.edu.cn/about-jj.jsp?urltype=tree.TreeTempUrl&wbtreeid=1053,https://www.haust.edu.cn/about-jj.jsp?urltype=tree.TreeTempUrl&wbtreeid=1053,read,科大简介-河南科技大学,2026-10-01,
4141010464,河南科技大学,culture,https://www.haust.edu.cn/danye.jsp?urltype=tree.TreeTempUrl&wbtreeid=1015,https://www.haust.edu.cn/danye.jsp?urltype=tree.TreeTempUrl&wbtreeid=1015,read,校训校歌-河南科技大学,2026-10-01,
4141010464,河南科技大学,english,https://english.haust.edu.cn/,https://english.haust.edu.cn/,read,河南科技大学英文版,2026-10-01,
4141010464,河南科技大学,culture,https://www.haust.edu.cn/system/_content/download.jsp?urltype=news.DownloadAttachUrl&owner=2101968408&wbfileid=3E4245BD030D511F24EB01E3E3EBF352,https://www.haust.edu.cn/system/_content/download.jsp?urltype=news.DownloadAttachUrl&owner=2101968408&wbfileid=3E4245BD030D511F24EB01E3E3EBF352,insufficient_text,附件下载,2026-10-01,
4141010464,河南科技大学,overview,https://www.haust.edu.cn/about-jj.jsp?urltype=tree.TreeTempUrl&wbtreeid=1053,https://www.haust.edu.cn/about-jj.jsp?urltype=tree.TreeTempUrl&wbtreeid=1053,read,科大简介-河南科技大学,2026-10-01,
4141010464,河南科技大学,culture,https://www.haust.edu.cn/danye.jsp?urltype=tree.TreeTempUrl&wbtreeid=1015,https://www.haust.edu.cn/danye.jsp?urltype=tree.TreeTempUrl&wbtreeid=1015,read,校训校歌-河南科技大学,2026-10-01,
4141010465,中原工学院,homepage,https://www.zut.edu.cn/,https://www.zut.edu.cn/,read,中原工学院,2026-10-01,
4141010465,中原工学院,overview,https://www.zut.edu.cn/xxgk.htm,https://www.zut.edu.cn/xxgk.htm,read,学校概况-中原工学院,2026-10-01,
4141010465,中原工学院,culture,https://www.zut.edu.cn/xxgk/xzxx.htm,https://www.zut.edu.cn/xxgk/xzxx.htm,read,校训校风-中原工学院,2026-10-01,
4141010465,中原工学院,history,https://www.zut.edu.cn/xxgk/xxls.htm,https://www.zut.edu.cn/xxgk/xxls.htm,read,历史沿革-中原工学院,2026-10-01,
4141010465,中原工学院,english,https://www.zut.edu.cn/index/english.htm,https://www.zut.edu.cn/index/english.htm,insufficient_text,english-中原工学院,2026-10-01,
4141010465,中原工学院,overview,https://www.zut.edu.cn/xxgk/xxjj.htm,https://www.zut.edu.cn/xxgk/xxjj.htm,read,学校简介-中原工学院,2026-10-01,
4141010465,中原工学院,overview,https://www.zut.edu.cn/xxgk.htm,https://www.zut.edu.cn/xxgk.htm,read,学校概况-中原工学院,2026-10-01,
4141010465,中原工学院,overview,https://www.zut.edu.cn/xxgk/xxjj.htm,https://www.zut.edu.cn/xxgk/xxjj.htm,read,学校简介-中原工学院,2026-10-01,
4141010465,中原工学院,history,https://www.zut.edu.cn/xxgk/xxls.htm,https://www.zut.edu.cn/xxgk/xxls.htm,read,历史沿革-中原工学院,2026-10-01,
4141010465,中原工学院,culture,https://www.zut.edu.cn/xxgk/xzxx.htm,https://www.zut.edu.cn/xxgk/xzxx.htm,read,校训校风-中原工学院,2026-10-01,
4141010466,河南农业大学,homepage,https://www.henau.edu.cn/,https://www.henau.edu.cn/,read,河南农业大学,2026-10-01,
4141010466,河南农业大学,overview,https://www.henau.edu.cn/gaikuang/xxjj.htm,https://www.henau.edu.cn/gaikuang/xxjj.htm,read,学校简介-河南农业大学,2026-10-01,
4141010466,河南农业大学,history,https://www.henau.edu.cn/gaikuang/lsyg.htm,https://www.henau.edu.cn/gaikuang/lsyg.htm,read,历史沿革-河南农业大学,2026-10-01,
4141010466,河南农业大学,english,http://en.henau.edu.cn/,https://en.henau.edu.cn/,read,河南农业大学英文网,2026-10-01,
4141010466,河南农业大学,navigation,https://www.henau.edu.cn/gaikuang/zjxy/whbs.htm,https://www.henau.edu.cn/gaikuang/zjxy/whbs.htm,read,文化标识-河南农业大学,2026-10-01,
4141010466,河南农业大学,overview,https://www.henau.edu.cn/gaikuang/xxjj.htm,https://www.henau.edu.cn/gaikuang/xxjj.htm,read,学校简介-河南农业大学,2026-10-01,
4141010466,河南农业大学,history,https://www.henau.edu.cn/gaikuang/lsyg.htm,https://www.henau.edu.cn/gaikuang/lsyg.htm,read,历史沿革-河南农业大学,2026-10-01,
4141010467,河南科技学院,homepage,https://www.hist.edu.cn,https://www.hist.edu.cn,read,河南科技学院,2026-10-01,
4141010467,河南科技学院,overview,https://www.hist.edu.cn/xxgk1/xxjj.htm,https://www.hist.edu.cn/xxgk1/xxjj.htm,read,学校简介-河南科技学院,2026-10-01,
4141010467,河南科技学院,charter,https://www.hist.edu.cn/xxgk1/xxzc.htm,https://www.hist.edu.cn/xxgk1/xxzc.htm,read,学校章程-河南科技学院,2026-10-01,
4141010467,河南科技学院,visual,https://www.hist.edu.cn/xxgk1/whbs/xhxg.htm,https://www.hist.edu.cn/xxgk1/whbs/xhxg.htm,read,校徽校歌-河南科技学院,2026-10-01,
4141010467,河南科技学院,culture,https://www.hist.edu.cn/xxgk1/whbs/xxxf.htm,https://www.hist.edu.cn/xxgk1/whbs/xxxf.htm,read,校训校风-河南科技学院,2026-10-01,
4141010467,河南科技学院,history,https://www.hist.edu.cn/xxgk1/lsyg.htm,https://www.hist.edu.cn/xxgk1/lsyg.htm,read,历史沿革-河南科技学院,2026-10-01,
4141010467,河南科技学院,navigation,https://www.hist.edu.cn/info/1011/425161.htm,https://www.hist.edu.cn/info/1011/425161.htm,read,“高阶前沿科普河南行”走进河南科技学院-河南科技学院,2026-10-01,
4141010467,河南科技学院,visual,https://www.hist.edu.cn/xxgk1/whbs/sjsbxt.htm,https://www.hist.edu.cn/xxgk1/whbs/sjsbxt.htm,read,视觉识别系统-河南科技学院,2026-10-01,
4141010467,河南科技学院,culture,https://www.hist.edu.cn/index/xywh/pplm.htm,https://www.hist.edu.cn/index/xywh/pplm.htm,read,品牌栏目-河南科技学院,2026-10-01,
4141010467,河南科技学院,visual,https://www.hist.edu.cn/system/_content/download.jsp?urltype=news.DownloadAttachUrl&owner=2142374468&wbfileid=8F252F95F52C62354E3F938FC60AEB53,,access_limited,,2026-10-01,ValueError
4141010467,河南科技学院,charter,https://www.hist.edu.cn/xxgk1/xxzc.htm,https://www.hist.edu.cn/xxgk1/xxzc.htm,read,学校章程-河南科技学院,2026-10-01,
4141010467,河南科技学院,overview,https://www.hist.edu.cn/xxgk1/xxjj.htm,https://www.hist.edu.cn/xxgk1/xxjj.htm,read,学校简介-河南科技学院,2026-10-01,
4141010467,河南科技学院,history,https://www.hist.edu.cn/xxgk1/lsyg.htm,https://www.hist.edu.cn/xxgk1/lsyg.htm,read,历史沿革-河南科技学院,2026-10-01,
4141010467,河南科技学院,culture,https://www.hist.edu.cn/xxgk1/whbs/xxxf.htm,https://www.hist.edu.cn/xxgk1/whbs/xxxf.htm,read,校训校风-河南科技学院,2026-10-01,
4141010467,河南科技学院,culture,https://www.hist.edu.cn/index/xywh/pplm.htm,https://www.hist.edu.cn/index/xywh/pplm.htm,read,品牌栏目-河南科技学院,2026-10-01,
4141010471,河南中医药大学,homepage,https://www.hactcm.edu.cn,https://www.hactcm.edu.cn,read,河南中医药大学,2026-10-01,
4141010471,河南中医药大学,overview,https://www.hactcm.edu.cn/xxgk/xxjj.htm,https://www.hactcm.edu.cn/xxgk/xxjj.htm,read,学校简介-河南中医药大学,2026-10-01,
4141010471,河南中医药大学,visual,https://www.hactcm.edu.cn/xxgk/xxxh.htm,https://www.hactcm.edu.cn/xxgk/xxxh.htm,read,校训校徽-河南中医药大学,2026-10-01,
4141010471,河南中医药大学,culture,https://www.hactcm.edu.cn/xxgk/xg.htm,https://www.hactcm.edu.cn/xxgk/xg.htm,read,校歌-河南中医药大学,2026-10-01,
4141010471,河南中医药大学,overview,https://www.hactcm.edu.cn/xxgk/xxjj.htm,https://www.hactcm.edu.cn/xxgk/xxjj.htm,read,学校简介-河南中医药大学,2026-10-01,
4141010471,河南中医药大学,culture,https://www.hactcm.edu.cn/xxgk/xg.htm,https://www.hactcm.edu.cn/xxgk/xg.htm,read,校歌-河南中医药大学,2026-10-01,
4141010472,河南医药大学,homepage,https://www.xxmu.edu.cn/,https://www.xxmu.edu.cn/,read,河南医药大学,2026-10-01,
4141010472,河南医药大学,overview,https://www.xxmu.edu.cn/xxgk1/xxjj.htm,https://www.xxmu.edu.cn/xxgk1/xxjj.htm,read,学校简介-河南医药大学,2026-10-01,
4141010472,河南医药大学,charter,https://www.xxmu.edu.cn/xxgk1/xxzc.htm,https://www.xxmu.edu.cn/xxgk1/xxzc.htm,read,学校章程-河南医药大学,2026-10-01,
4141010472,河南医药大学,visual,https://www.xxmu.edu.cn/xxgk1/xywhhxln1.htm,https://www.xxmu.edu.cn/xxgk1/xywhhxln1.htm,read,校园文化核心理念-河南医药大学,2026-10-01,
4141010472,河南医药大学,culture,https://www.xxmu.edu.cn/xxgk1/xg.htm,https://www.xxmu.edu.cn/xxgk1/xg.htm,read,校歌-河南医药大学,2026-10-01,
4141010472,河南医药大学,history,https://www.xxmu.edu.cn/xxgk1/lsyg.htm,https://www.xxmu.edu.cn/xxgk1/lsyg.htm,read,历史沿革-河南医药大学,2026-10-01,
4141010472,河南医药大学,navigation,https://www.xxmu.edu.cn/info/1697/27662.htm,https://www.xxmu.edu.cn/info/1697/27662.htm,read,关于学校2026年10-12月份总值班工作安排的通知-河南医药大学,2026-10-01,
4141010472,河南医药大学,navigation,https://www.xxmu.edu.cn/info/1697/27656.htm,https://www.xxmu.edu.cn/info/1697/27656.htm,read,关于学校2026年10月份入住学生宿舍值班工作安排的通知-河南医药大学,2026-10-01,
4141010472,河南医药大学,charter,https://www.xxmu.edu.cn/xxgk1/xxzc.htm,https://www.xxmu.edu.cn/xxgk1/xxzc.htm,read,学校章程-河南医药大学,2026-10-01,
4141010472,河南医药大学,overview,https://www.xxmu.edu.cn/xxgk1/xxjj.htm,https://www.xxmu.edu.cn/xxgk1/xxjj.htm,read,学校简介-河南医药大学,2026-10-01,
4141010472,河南医药大学,history,https://www.xxmu.edu.cn/xxgk1/lsyg.htm,https://www.xxmu.edu.cn/xxgk1/lsyg.htm,read,历史沿革-河南医药大学,2026-10-01,
4141010472,河南医药大学,culture,https://www.xxmu.edu.cn/xxgk1/xg.htm,https://www.xxmu.edu.cn/xxgk1/xg.htm,read,校歌-河南医药大学,2026-10-01,
4141010475,河南大学,homepage,http://www.henu.edu.cn,http://www.henu.edu.cn,read,河南大学,2026-10-01,
4141010475,河南大学,overview,http://www.henu.edu.cn/xxgk.htm,http://www.henu.edu.cn/xxgk.htm,read,学校概况-河南大学,2026-10-01,
4141010475,河南大学,visual,http://www.henu.edu.cn/zjhd/xhxxxf.htm,http://www.henu.edu.cn/zjhd/xhxxxf.htm,read,校徽校训校风-河南大学,2026-10-01,
4141010475,河南大学,culture,http://www.henu.edu.cn/zjhd/hndxxg.htm,http://www.henu.edu.cn/zjhd/hndxxg.htm,read,河南大学校歌-河南大学,2026-10-01,
4141010475,河南大学,english,https://iao.henu.edu.cn/yw/Home.htm,https://iao.henu.edu.cn/yw/Home.htm,read,Home-河南大学国际合作与交流处暨港澳台事务办公室,2026-10-01,
4141010475,河南大学,navigation,http://www.henu.edu.cn/zjhd.htm,http://www.henu.edu.cn/zjhd.htm,read,走进河大-河南大学,2026-10-01,
4141010475,河南大学,navigation,http://news.henu.edu.cn/info/1083/200547.htm,http://news.henu.edu.cn/info/1083/200547.htm,read,岳杰勇调研推进党建引领基层高效能治理工作-河南大学新闻网,2026-10-01,
4141010475,河南大学,overview,http://www.henu.edu.cn/xxgk.htm,http://www.henu.edu.cn/xxgk.htm,read,学校概况-河南大学,2026-10-01,
4141010475,河南大学,culture,http://www.henu.edu.cn/zjhd/hndxxg.htm,http://www.henu.edu.cn/zjhd/hndxxg.htm,read,河南大学校歌-河南大学,2026-10-01,
4141010476,河南师范大学,homepage,https://www.htu.edu.cn/,https://www.htu.edu.cn/,read,河南师范大学主页,2026-10-01,
4141010476,河南师范大学,overview,https://www.htu.edu.cn/20999/list.htm,https://www.htu.edu.cn/20999/list.htm,read,学校简介,2026-10-01,
4141010476,河南师范大学,visual,http://www.htu.edu.cn/2020/1224/c8959a186265/page.htm,https://www.htu.edu.cn/2020/1224/c8959a186265/page.psp,insufficient_text,提示信息,2026-10-01,
4141010476,河南师范大学,history,https://www.htu.edu.cn/21000/list.htm,https://www.htu.edu.cn/21000/list.htm,read,历史沿革,2026-10-01,
4141010476,河南师范大学,charter,https://www.htu.edu.cn/2024/0202/c21000a297564/page.htm,https://www.htu.edu.cn/2024/0202/c21000a297564/page.htm,read,河南师范大学,2026-10-01,
4141010476,河南师范大学,navigation,http://www.htu.edu.cn/2026/0922/c8957a405390/page.htm,https://www.htu.edu.cn/2026/0922/c8957a405390/page.htm,read,音乐舞蹈学院“音为党旗红”志愿服务团走进驻新某部队开展文艺演出志愿服务活动,2026-10-01,
4141010476,河南师范大学,navigation,https://www.htu.edu.cn/2024/0202/c21000a297565/page.htm,https://www.htu.edu.cn/2024/0202/c21000a297565/page.htm,read,新乡师范学院,2026-10-01,
4141010476,河南师范大学,charter,https://www.htu.edu.cn/2024/0202/c21000a297564/page.htm,https://www.htu.edu.cn/2024/0202/c21000a297564/page.htm,read,河南师范大学,2026-10-01,
4141010476,河南师范大学,overview,https://www.htu.edu.cn/20999/list.htm,https://www.htu.edu.cn/20999/list.htm,read,学校简介,2026-10-01,
4141010476,河南师范大学,history,https://www.htu.edu.cn/21000/list.htm,https://www.htu.edu.cn/21000/list.htm,read,历史沿革,2026-10-01,
4141010477,信阳师范大学,homepage,https://www.xynu.edu.cn/,https://www.xynu.edu.cn/,read,信阳师范大学,2026-10-01,
4141010477,信阳师范大学,overview,https://www.xynu.edu.cn/xxgk/xxjj.htm,https://www.xynu.edu.cn/xxgk/xxjj.htm,read,学校简介-信阳师范大学,2026-10-01,
4141010477,信阳师范大学,charter,https://www.xynu.edu.cn/xxgk/dxzc.htm,https://www.xynu.edu.cn/xxgk/dxzc.htm,read,大学章程-信阳师范大学,2026-10-01,
4141010477,信阳师范大学,charter,https://www.xynu.edu.cn/xxgk/dxzc.htm,https://www.xynu.edu.cn/xxgk/dxzc.htm,read,大学章程-信阳师范大学,2026-10-01,
4141010477,信阳师范大学,overview,https://www.xynu.edu.cn/xxgk/xxjj.htm,https://www.xynu.edu.cn/xxgk/xxjj.htm,read,学校简介-信阳师范大学,2026-10-01,
4141010478,周口师范学院,homepage,https://www.zknu.edu.cn/,https://www.zknu.edu.cn/,read,周口师范学院,2026-10-01,
4141010478,周口师范学院,overview,https://www.zknu.edu.cn/5775/list.htm,https://www.zknu.edu.cn/5775/list.htm,read,校情简介,2026-10-01,
4141010478,周口师范学院,charter,https://www.zknu.edu.cn/5789/list.htm,https://www.zknu.edu.cn/5789/list.htm,read,学校章程,2026-10-01,
4141010478,周口师范学院,visual,https://www.zknu.edu.cn/5782/list.htm,https://www.zknu.edu.cn/5782/list.htm,read,人文环境,2026-10-01,
4141010478,周口师范学院,english,http://english.zknu.edu.cn/,http://english.zknu.edu.cn/,read,Zhoukou Normal University,2026-10-01,
4141010478,周口师范学院,visual,https://www.zknu.edu.cn/5791/list.htm,https://www.zknu.edu.cn/5791/list.htm,read,校徽、校训、校歌,2026-10-01,
4141010478,周口师范学院,charter,https://www.zknu.edu.cn/5789/list.htm,https://www.zknu.edu.cn/5789/list.htm,read,学校章程,2026-10-01,
4141010478,周口师范学院,overview,https://www.zknu.edu.cn/5775/list.htm,https://www.zknu.edu.cn/5775/list.htm,read,校情简介,2026-10-01,
4141010479,安阳师范学院,homepage,https://www.aynu.edu.cn,https://www.aynu.edu.cn,read,安阳师范学院,2026-10-01,
4141010479,安阳师范学院,overview,https://www.aynu.edu.cn/xxgk1/xxjj.htm,https://www.aynu.edu.cn/xxgk1/xxjj.htm,read,学校简介-安阳师范学院,2026-10-01,
4141010479,安阳师范学院,visual,https://www.aynu.edu.cn/xxgk1/xxbs.htm,https://www.aynu.edu.cn/xxgk1/xxbs.htm,read,学校标识-安阳师范学院,2026-10-01,
4141010479,安阳师范学院,culture,https://www.aynu.edu.cn/system/_content/download.jsp?urltype=news.DownloadAttachUrl&owner=1925800108&wbfileid=12088499,https://www.aynu.edu.cn/system/_content/download.jsp?urltype=news.DownloadAttachUrl&owner=1925800108&wbfileid=12088499,insufficient_text,附件下载,2026-10-01,
4141010479,安阳师范学院,overview,https://www.aynu.edu.cn/xxgk1.htm,https://www.aynu.edu.cn/xxgk1.htm,read,学校概况-安阳师范学院,2026-10-01,
4141010479,安阳师范学院,overview,https://www.aynu.edu.cn/xxgk1.htm,https://www.aynu.edu.cn/xxgk1.htm,read,学校概况-安阳师范学院,2026-10-01,
4141010479,安阳师范学院,overview,https://www.aynu.edu.cn/xxgk1/xxjj.htm,https://www.aynu.edu.cn/xxgk1/xxjj.htm,read,学校简介-安阳师范学院,2026-10-01,
4141010480,许昌学院,homepage,https://www.xcu.edu.cn/,https://www.xcu.edu.cn/,read,许昌学院,2026-10-01,
4141010480,许昌学院,overview,https://www.xcu.edu.cn/xxgk/xxjj.htm,https://www.xcu.edu.cn/xxgk/xxjj.htm,read,学校简介-许昌学院,2026-10-01,
4141010480,许昌学院,charter,https://www.xcu.edu.cn/xxgk/dxzc.htm,https://www.xcu.edu.cn/xxgk/dxzc.htm,read,大学章程-许昌学院,2026-10-01,
4141010480,许昌学院,visual,https://www.xcu.edu.cn/xxgk/dxzc/xxbs.htm,https://www.xcu.edu.cn/xxgk/dxzc/xxbs.htm,read,学校标识-许昌学院,2026-10-01,
4141010480,许昌学院,history,https://www.xcu.edu.cn/xxgk/lsyg.htm,https://www.xcu.edu.cn/xxgk/lsyg.htm,read,历史沿革-许昌学院,2026-10-01,
4141010480,许昌学院,overview,https://www.xcu.edu.cn/xxgk.htm,https://www.xcu.edu.cn/xxgk.htm,read,学校概况-许昌学院,2026-10-01,
4141010480,许昌学院,charter,https://www.xcu.edu.cn/info/1113/189428.htm,https://www.xcu.edu.cn/info/1113/189428.htm,read,许昌学院章程（2025年）-许昌学院,2026-10-01,
4141010480,许昌学院,overview,https://www.xcu.edu.cn/xxgk1/jbxx/xxgk.htm,https://www.xcu.edu.cn/xxgk1/jbxx/xxgk.htm,read,学校概况-许昌学院,2026-10-01,
4141010480,许昌学院,charter,https://www.xcu.edu.cn/xxgk1/jbxx/xxzc_gzzd.htm,https://www.xcu.edu.cn/xxgk1/jbxx/xxzc_gzzd.htm,read,学校章程、规章制度-许昌学院,2026-10-01,
4141010480,许昌学院,charter,https://www.xcu.edu.cn/xxgk/dxzc.htm,https://www.xcu.edu.cn/xxgk/dxzc.htm,read,大学章程-许昌学院,2026-10-01,
4141010480,许昌学院,charter,https://www.xcu.edu.cn/info/1113/189428.htm,https://www.xcu.edu.cn/info/1113/189428.htm,read,许昌学院章程（2025年）-许昌学院,2026-10-01,
4141010480,许昌学院,charter,https://www.xcu.edu.cn/xxgk1/jbxx/xxzc_gzzd.htm,https://www.xcu.edu.cn/xxgk1/jbxx/xxzc_gzzd.htm,read,学校章程、规章制度-许昌学院,2026-10-01,
4141010480,许昌学院,overview,https://www.xcu.edu.cn/xxgk.htm,https://www.xcu.edu.cn/xxgk.htm,read,学校概况-许昌学院,2026-10-01,
4141010480,许昌学院,overview,https://www.xcu.edu.cn/xxgk/xxjj.htm,https://www.xcu.edu.cn/xxgk/xxjj.htm,read,学校简介-许昌学院,2026-10-01,
4141010481,南阳师范学院,homepage,https://www.nynu.edu.cn/,https://www.nynu.edu.cn/,read,南阳师范学院,2026-10-01,
4141010481,南阳师范学院,overview,https://www.nynu.edu.cn/xxgk1/xkzs.htm,https://www.nynu.edu.cn/xxgk1/xkzs.htm,read,校况综述-南阳师范学院,2026-10-01,
4141010481,南阳师范学院,history,https://www.nynu.edu.cn/xxgk1/xsyg.htm,https://www.nynu.edu.cn/xxgk1/xsyg.htm,read,校史沿革-南阳师范学院,2026-10-01,
4141010481,南阳师范学院,english,https://www2.nynu.edu.cn/ennysfgwen/,https://www2.nynu.edu.cn/ennysfgwen/,read,Nanyang Normal University,2026-10-01,
4141010481,南阳师范学院,english,https://www2.nynu.edu.cn/ennysfgwen/Recruitment/English_Language_Instructors.htm,https://www2.nynu.edu.cn/ennysfgwen/Recruitment/English_Language_Instructors.htm,read,English Language Instructors-Nanyang Normal University,2026-10-01,
4141010481,南阳师范学院,overview,https://www.nynu.edu.cn/xxgk1/xkzs.htm,https://www.nynu.edu.cn/xxgk1/xkzs.htm,read,校况综述-南阳师范学院,2026-10-01,
4141010481,南阳师范学院,history,https://www.nynu.edu.cn/xxgk1/xsyg.htm,https://www.nynu.edu.cn/xxgk1/xsyg.htm,read,校史沿革-南阳师范学院,2026-10-01,
4141010482,洛阳师范学院,homepage,https://www.lynu.edu.cn,https://www.lynu.edu.cn,read,洛阳师范学院,2026-10-01,
4141010482,洛阳师范学院,overview,https://www.lynu.edu.cn/xxgk/xxjj.htm,https://www.lynu.edu.cn/xxgk/xxjj.htm,read,学校简介-洛阳师范学院,2026-10-01,
4141010482,洛阳师范学院,culture,https://www.lynu.edu.cn/xxgk/xxxg.htm,https://www.lynu.edu.cn/xxgk/xxxg.htm,read,学校校歌-洛阳师范学院,2026-10-01,
4141010482,洛阳师范学院,navigation,https://www.lynu.edu.cn/info/1005/21630.htm,https://www.lynu.edu.cn/info/1005/21630.htm,read,“同心反诈 携手护家”反诈主题宣传活动走进我校-洛阳师范学院,2026-10-01,
4141010482,洛阳师范学院,overview,https://www.lynu.edu.cn/xxgk.htm,https://www.lynu.edu.cn/xxgk.htm,read,学校概况-洛阳师范学院,2026-10-01,
4141010482,洛阳师范学院,overview,https://www.lynu.edu.cn/xxgk.htm,https://www.lynu.edu.cn/xxgk.htm,read,学校概况-洛阳师范学院,2026-10-01,
4141010482,洛阳师范学院,overview,https://www.lynu.edu.cn/xxgk/xxjj.htm,https://www.lynu.edu.cn/xxgk/xxjj.htm,read,学校简介-洛阳师范学院,2026-10-01,
4141010482,洛阳师范学院,culture,https://www.lynu.edu.cn/xxgk/xxxg.htm,https://www.lynu.edu.cn/xxgk/xxxg.htm,read,学校校歌-洛阳师范学院,2026-10-01,
4141010483,商丘师范学院,homepage,https://www.sqnu.edu.cn/,https://www.sqnu.edu.cn/,read,商丘师范学院,2026-10-01,
4141010483,商丘师范学院,overview,https://www.sqnu.edu.cn/xxgk1/xyjj.htm,https://www.sqnu.edu.cn/xxgk1/xyjj.htm,read,学院简介-商丘师范学院,2026-10-01,
4141010483,商丘师范学院,visual,https://www.sqnu.edu.cn/<span style='color:red;font-size:9pt'>转换链接错误</span>,,access_limited,,2026-10-01,InvalidURL
4141010483,商丘师范学院,visual,https://www.sqnu.edu.cn/xxgk1/<span style='color:red;font-size:9pt'>转换链接错误</span>,,access_limited,,2026-10-01,InvalidURL
4141010483,商丘师范学院,visual,https://www.sqnu.edu.cn/xxgk1/xxxg.htm,https://www.sqnu.edu.cn/xxgk1/xxxg.htm,read,校训校歌校徽-商丘师范学院,2026-10-01,
4141010483,商丘师范学院,culture,https://www.sqnu.edu.cn/xxgk1/xywh.htm,https://www.sqnu.edu.cn/xxgk1/xywh.htm,read,校园文化-商丘师范学院,2026-10-01,
4141010483,商丘师范学院,culture,https://www.sqnu.edu.cn/info/1141/5396.htm,https://www.sqnu.edu.cn/info/1141/5396.htm,read,商丘师范学院校训-商丘师范学院,2026-10-01,
4141010483,商丘师范学院,overview,https://www.sqnu.edu.cn/xxgk1/xyjj.htm,https://www.sqnu.edu.cn/xxgk1/xyjj.htm,read,学院简介-商丘师范学院,2026-10-01,
4141010483,商丘师范学院,culture,https://www.sqnu.edu.cn/xxgk1/xywh.htm,https://www.sqnu.edu.cn/xxgk1/xywh.htm,read,校园文化-商丘师范学院,2026-10-01,
4141010483,商丘师范学院,culture,https://www.sqnu.edu.cn/info/1141/5396.htm,https://www.sqnu.edu.cn/info/1141/5396.htm,read,商丘师范学院校训-商丘师范学院,2026-10-01,
4141010484,河南财经政法大学,homepage,https://www.huel.edu.cn/,https://www.huel.edu.cn/,read,河南财经政法大学,2026-10-01,
4141010484,河南财经政法大学,overview,https://www.huel.edu.cn/xxgk/xxjj.htm,https://www.huel.edu.cn/xxgk/xxjj.htm,read,学校简介-河南财经政法大学,2026-10-01,
4141010484,河南财经政法大学,charter,https://www.huel.edu.cn/xxgk/xxzc.htm,https://www.huel.edu.cn/xxgk/xxzc.htm,read,学校章程-河南财经政法大学,2026-10-01,
4141010484,河南财经政法大学,visual,https://www.huel.edu.cn/xxgk/xxbs.htm,https://www.huel.edu.cn/xxgk/xxbs.htm,read,学校标识-河南财经政法大学,2026-10-01,
4141010484,河南财经政法大学,culture,https://www.huel.edu.cn/xxgk/xxxg.htm,https://www.huel.edu.cn/xxgk/xxxg.htm,read,校训校歌-河南财经政法大学,2026-10-01,
4141010484,河南财经政法大学,history,https://www.huel.edu.cn/xxgk/lsyg.htm,https://www.huel.edu.cn/xxgk/lsyg.htm,read,历史沿革-河南财经政法大学,2026-10-01,
4141010484,河南财经政法大学,navigation,https://www.huel.edu.cn/info/1407/9377.htm,https://www.huel.edu.cn/info/1407/9377.htm,read,打通粮、地、人协同发展新路径——走进关付新教授的国家社科基金重点项目-河南财经政法大学,2026-10-01,
4141010484,河南财经政法大学,overview,https://www.huel.edu.cn/info/1401/9461.htm,,access_limited,,2026-10-01,URLError
4141010484,河南财经政法大学,charter,https://www.huel.edu.cn/xxgk/xxzc.htm,https://www.huel.edu.cn/xxgk/xxzc.htm,read,学校章程-河南财经政法大学,2026-10-01,
4141010484,河南财经政法大学,overview,https://www.huel.edu.cn/xxgk/xxjj.htm,https://www.huel.edu.cn/xxgk/xxjj.htm,read,学校简介-河南财经政法大学,2026-10-01,
4141010484,河南财经政法大学,history,https://www.huel.edu.cn/xxgk/lsyg.htm,https://www.huel.edu.cn/xxgk/lsyg.htm,read,历史沿革-河南财经政法大学,2026-10-01,
4141010484,河南财经政法大学,culture,https://www.huel.edu.cn/xxgk/xxxg.htm,https://www.huel.edu.cn/xxgk/xxxg.htm,read,校训校歌-河南财经政法大学,2026-10-01,
4141010485,郑州航空工业管理学院,homepage,https://www.zua.edu.cn/,https://www.zua.edu.cn/,read,郑州航空工业管理学院-Zhengzhou University of Aeronautics-ZUA,2026-10-01,
4141010485,郑州航空工业管理学院,overview,https://www.zua.edu.cn/xxgk/xxjj.htm,https://www.zua.edu.cn/xxgk/xxjj.htm,read,学校简介-郑州航空工业管理学院-Zhengzhou University of Aeronautics-ZUA,2026-10-01,
4141010485,郑州航空工业管理学院,visual,https://www.zua.edu.cn/dpzw.jsp?urltype=tree.TreeTempUrl&wbtreeid=1007,https://www.zua.edu.cn/system/resource/code/auth/ipauth.htm,insufficient_text,系统提示,2026-10-01,
4141010485,郑州航空工业管理学院,overview,https://www.zua.edu.cn/xxgk/xxjj.htm,https://www.zua.edu.cn/xxgk/xxjj.htm,read,学校简介-郑州航空工业管理学院-Zhengzhou University of Aeronautics-ZUA,2026-10-01,
4141010918,黄淮学院,homepage,http://www.ihuanghuai.com/,,robots_disallowed,,2026-10-01,RemoteDisconnected
4141010918,黄淮学院,overview,https://www1.huanghuai.edu.cn/,,robots_disallowed,,2026-10-01,
4141010918,黄淮学院,overview,https://www.scfai.edu.cn/xsc/info/1015/9032.htm,https://www.scfai.edu.cn/xsc/info/1015/9032.htm,read,黄淮学院2025年诚聘高层次人才公告-学生处,2026-10-01,
4141010918,黄淮学院,overview,https://hdyjy.hfut.edu.cn/xsgz/2016/0203/c8658a177742/page.psp,https://hdyjy.hfut.edu.cn/xsgz/2016/0203/c8658a177742/page.psp,read,黄淮学院,2026-10-01,
4141010919,平顶山学院,homepage,https://www.pdsu.edu.cn/,https://www.pdsu.edu.cn/,read,平顶山学院欢迎您！,2026-10-01,
4141010919,平顶山学院,overview,https://www.pdsu.edu.cn/xxgk/xxjj.htm,https://www.pdsu.edu.cn/xxgk/xxjj.htm,read,学校简介-平顶山学院欢迎您！,2026-10-01,
4141010919,平顶山学院,charter,https://www.pdsu.edu.cn/xxgk/xxzc.htm,https://www.pdsu.edu.cn/xxgk/xxzc.htm,read,学校章程-平顶山学院欢迎您！,2026-10-01,
4141010919,平顶山学院,charter,https://www.pdsu.edu.cn/xxgk/xxzc.htm,https://www.pdsu.edu.cn/xxgk/xxzc.htm,read,学校章程-平顶山学院欢迎您！,2026-10-01,
4141010919,平顶山学院,overview,https://www.pdsu.edu.cn/xxgk/xxjj.htm,https://www.pdsu.edu.cn/xxgk/xxjj.htm,read,学校简介-平顶山学院欢迎您！,2026-10-01,
4141011068,郑州工程技术学院,homepage,https://english.zzut.edu.cn/,,robots_disallowed,,2026-10-01,
4141011070,洛阳理工学院,homepage,https://www.lit.edu.cn/,,robots_disallowed,,2026-10-01,
4141011070,洛阳理工学院,overview,https://www.lit.edu.cn/,,robots_disallowed,,2026-10-01,
4141011070,洛阳理工学院,overview,https://www.lit.edu.cn/index.htm,,robots_disallowed,,2026-10-01,
4141011070,洛阳理工学院,overview,https://www.lit.edu.cn/xxgk/xxjj.htm,,robots_disallowed,,2026-10-01,
4141011070,洛阳理工学院,charter,https://www.lit.edu.cn/info/1005/1077.htm,,robots_disallowed,,2026-10-01,
4141011070,洛阳理工学院,charter,https://www.lit.edu.cn/dwzzb/info/1032/1815.htm,,robots_disallowed,,2026-10-01,
4141011071,新乡学院,homepage,https://www.xxu.edu.cn/,https://www.xxu.edu.cn/,read,新乡学院,2026-10-01,
4141011071,新乡学院,overview,https://www.xxu.edu.cn/xygk1/xyjj.htm,https://www.xxu.edu.cn/xygk1/xyjj.htm,read,学校简介-新乡学院,2026-10-01,
4141011071,新乡学院,english,https://english.xxu.edu.cn,https://english.xxu.edu.cn,read,国际版主页,2026-10-01,
4141011071,新乡学院,navigation,https://www.xxu.edu.cn/list.jsp?urltype=tree.TreeTempUrl&wbtreeid=1162,https://www.xxu.edu.cn/list.jsp?urltype=tree.TreeTempUrl&wbtreeid=1162,read,学校文化-新乡学院,2026-10-01,
4141011071,新乡学院,visual,https://www.xxu.edu.cn/info/1162/11550.htm,https://www.xxu.edu.cn/info/1162/11550.htm,read,校徽-新乡学院,2026-10-01,
4141011071,新乡学院,culture,https://www.xxu.edu.cn/info/1162/11598.htm,https://www.xxu.edu.cn/info/1162/11598.htm,read,校训-新乡学院,2026-10-01,
4141011071,新乡学院,overview,https://www.xxu.edu.cn/xygk1.htm,https://www.xxu.edu.cn/xygk1.htm,read,学院概况-新乡学院,2026-10-01,
4141011071,新乡学院,visual,https://www.xxu.edu.cn/info/1162/11552.htm,https://www.xxu.edu.cn/info/1162/11552.htm,read,标准色-新乡学院,2026-10-01,
4141011071,新乡学院,culture,https://www.xxu.edu.cn/info/1162/11546.htm,https://www.xxu.edu.cn/info/1162/11546.htm,read,校歌-新乡学院,2026-10-01,
4141011071,新乡学院,overview,https://www.xxu.edu.cn/xygk1.htm,https://www.xxu.edu.cn/xygk1.htm,read,学院概况-新乡学院,2026-10-01,
4141011071,新乡学院,overview,https://www.xxu.edu.cn/xygk1/xyjj.htm,https://www.xxu.edu.cn/xygk1/xyjj.htm,read,学校简介-新乡学院,2026-10-01,
4141011071,新乡学院,culture,https://www.xxu.edu.cn/info/1162/11598.htm,https://www.xxu.edu.cn/info/1162/11598.htm,read,校训-新乡学院,2026-10-01,
4141011071,新乡学院,culture,https://www.xxu.edu.cn/info/1162/11546.htm,https://www.xxu.edu.cn/info/1162/11546.htm,read,校歌-新乡学院,2026-10-01,
4141011326,信阳农林学院,homepage,https://www.xyafu.edu.cn/,https://www.xyafu.edu.cn/,read,信阳农林学院,2026-10-01,
4141011326,信阳农林学院,overview,https://www.xyafu.edu.cn/xxgk/xxjj.htm,https://www.xyafu.edu.cn/xxgk/xxjj.htm,read,学校简介-信阳农林学院,2026-10-01,
4141011326,信阳农林学院,history,https://www.xyafu.edu.cn/xxgk/lsyg1.htm,https://www.xyafu.edu.cn/xxgk/lsyg1.htm,read,历史沿革-信阳农林学院,2026-10-01,
4141011326,信阳农林学院,english,https://www.xyafu.edu.cn/en/,https://www.xyafu.edu.cn/en/,read,信阳农林外网,2026-10-01,
4141011326,信阳农林学院,overview,https://www.xyafu.edu.cn/xxgk/xxjj.htm,https://www.xyafu.edu.cn/xxgk/xxjj.htm,read,学校简介-信阳农林学院,2026-10-01,
4141011326,信阳农林学院,history,https://www.xyafu.edu.cn/xxgk/lsyg1.htm,https://www.xyafu.edu.cn/xxgk/lsyg1.htm,read,历史沿革-信阳农林学院,2026-10-01,
4141011329,河南工学院,homepage,https://www.hait.edu.cn/,https://www.hait.edu.cn/,read,欢迎访问河南工学院,2026-10-01,
4141011329,河南工学院,overview,https://www.hait.edu.cn/xxgk/xxgk.htm,https://www.hait.edu.cn/xxgk/xxgk.htm,read,学校概况-欢迎访问河南工学院,2026-10-01,
4141011329,河南工学院,navigation,https://www.hait.edu.cn/info/1039/18903.htm,https://www.hait.edu.cn/info/1039/18903.htm,read,红旗区人民检察院走进我校开展法治宣讲活动-欢迎访问河南工学院,2026-10-01,
4141011329,河南工学院,overview,https://www.hait.edu.cn/xxgk/xxgk.htm,https://www.hait.edu.cn/xxgk/xxgk.htm,read,学校概况-欢迎访问河南工学院,2026-10-01,
4141011330,安阳工学院,homepage,https://www.ayit.edu.cn/,https://www.ayit.edu.cn/,read,安阳工学院,2026-10-01,
4141011330,安阳工学院,overview,https://www.ayit.edu.cn/xxgk/xxjj.htm,https://www.ayit.edu.cn/xxgk/xxjj.htm,read,学校简介-安阳工学院,2026-10-01,
4141011330,安阳工学院,visual,https://www.ayit.edu.cn/xxgk/xhxxxg.htm,https://www.ayit.edu.cn/xxgk/xhxxxg.htm,read,校徽校训校歌-安阳工学院,2026-10-01,
4141011330,安阳工学院,culture,https://www.ayit.edu.cn/system/_content/download.jsp?urltype=news.DownloadAttachUrl&owner=1507839377&wbfileid=13069463,https://www.ayit.edu.cn/system/_content/download.jsp?urltype=news.DownloadAttachUrl&owner=1507839377&wbfileid=13069463,insufficient_text,附件下载,2026-10-01,
4141011330,安阳工学院,navigation,https://www.ayit.edu.cn/xxgk/zjjs.htm,https://www.ayit.edu.cn/xxgk/zjjs.htm,read,走进教室-安阳工学院,2026-10-01,
4141011330,安阳工学院,navigation,https://www.ayit.edu.cn/xxgk/zjsys.htm,https://www.ayit.edu.cn/xxgk/zjsys.htm,read,走进实验室-安阳工学院,2026-10-01,
4141011330,安阳工学院,overview,https://www.ayit.edu.cn/xxgk/xxjj.htm,https://www.ayit.edu.cn/xxgk/xxjj.htm,read,学校简介-安阳工学院,2026-10-01,
4141011517,河南工程学院,homepage,http://www.haue.edu.cn,http://www.haue.edu.cn,read,河南工程学院,2026-10-01,
4141011517,河南工程学院,overview,http://www.haue.edu.cn/xxgkxxgk/xxjj.htm,http://www.haue.edu.cn/xxgkxxgk/xxjj.htm,read,学校简介-河南工程学院,2026-10-01,
4141011517,河南工程学院,culture,http://www.haue.edu.cn/zjhg/xxxf.htm,http://www.haue.edu.cn/zjhg/xxxf.htm,read,校训校风-河南工程学院,2026-10-01,
4141011517,河南工程学院,navigation,http://www.haue.edu.cn/zjhg/xyfg.htm,http://www.haue.edu.cn/zjhg/xyfg.htm,read,校园风光-河南工程学院,2026-10-01,
4141011517,河南工程学院,culture,http://www.haue.edu.cn/zjhg/xxxg.htm,http://www.haue.edu.cn/zjhg/xxxg.htm,read,学校校歌-河南工程学院,2026-10-01,
4141011517,河南工程学院,overview,http://www.haue.edu.cn/xxgkxxgk/xxjj.htm,http://www.haue.edu.cn/xxgkxxgk/xxjj.htm,read,学校简介-河南工程学院,2026-10-01,
4141011517,河南工程学院,culture,http://www.haue.edu.cn/zjhg/xxxf.htm,http://www.haue.edu.cn/zjhg/xxxf.htm,read,校训校风-河南工程学院,2026-10-01,
4141011517,河南工程学院,culture,http://www.haue.edu.cn/zjhg/xxxg.htm,http://www.haue.edu.cn/zjhg/xxxg.htm,read,学校校歌-河南工程学院,2026-10-01,
4141011652,河南财政金融学院,homepage,http://www.hacz.edu.cn/,,fetch_error,,2026-10-01,URLError
4141011652,河南财政金融学院,overview,https://cwc.hafu.edu.cn/__local/9/F4/9C/D19D88A08E2BAD5A69C463A617D_CE4E7853_29F96.pdf,https://cwc.hafu.edu.cn/__local/9/F4/9C/D19D88A08E2BAD5A69C463A617D_CE4E7853_29F96.pdf,read,,2026-10-01,
4141011652,河南财政金融学院,overview,https://zsjyc.hafu.edu.cn/__local/F/A1/A5/8F2F4F058DB8150139E9C32237C_DED703E0_4FB94.pdf,https://zsjyc.hafu.edu.cn/__local/F/A1/A5/8F2F4F058DB8150139E9C32237C_DED703E0_4FB94.pdf,read,,2026-10-01,
4141011652,河南财政金融学院,overview,https://cwc.hafu.edu.cn/__local/9/F4/9C/D19D88A08E2BAD5A69C463A617D_CE4E7853_29F96.pdf,https://cwc.hafu.edu.cn/__local/9/F4/9C/D19D88A08E2BAD5A69C463A617D_CE4E7853_29F96.pdf,read,,2026-10-01,
4141011652,河南财政金融学院,overview,https://zsjyc.hafu.edu.cn/__local/F/A1/A5/8F2F4F058DB8150139E9C32237C_DED703E0_4FB94.pdf,https://zsjyc.hafu.edu.cn/__local/F/A1/A5/8F2F4F058DB8150139E9C32237C_DED703E0_4FB94.pdf,read,,2026-10-01,
4141011653,南阳理工学院,homepage,https://www.nyist.edu.cn,https://www.nyist.edu.cn,read,南阳理工学院,2026-10-01,
4141011653,南阳理工学院,overview,https://www.nyist.edu.cn/xxgk/xxjj.htm,https://www.nyist.edu.cn/xxgk/xxjj.htm,read,学校简介-南阳理工学院,2026-10-01,
4141011653,南阳理工学院,charter,https://www.nyist.edu.cn/xxgk/xxzc.htm,https://www.nyist.edu.cn/xxgk/xxzc.htm,read,学校章程-南阳理工学院,2026-10-01,
4141011653,南阳理工学院,visual,https://www.nyist.edu.cn/xxgk/xxbs.htm,https://www.nyist.edu.cn/xxgk/xxbs.htm,read,学校标识-南阳理工学院,2026-10-01,
4141011653,南阳理工学院,culture,https://www.nyist.edu.cn/info/1004/1096.htm,https://www.nyist.edu.cn/info/1004/1096.htm,read,校训解读-南阳理工学院,2026-10-01,
4141011653,南阳理工学院,history,https://www.nyist.edu.cn/tsda/xsg.htm,https://www.nyist.edu.cn/tsda/xsg.htm,read,校史馆-南阳理工学院,2026-10-01,
4141011653,南阳理工学院,visual,https://www.nyist.edu.cn/info/1004/1095.htm,https://www.nyist.edu.cn/info/1004/1095.htm,read,校徽解读-南阳理工学院,2026-10-01,
4141011653,南阳理工学院,charter,https://www.nyist.edu.cn/xxgk/xxzc.htm,https://www.nyist.edu.cn/xxgk/xxzc.htm,read,学校章程-南阳理工学院,2026-10-01,
4141011653,南阳理工学院,overview,https://www.nyist.edu.cn/xxgk/xxjj.htm,https://www.nyist.edu.cn/xxgk/xxjj.htm,read,学校简介-南阳理工学院,2026-10-01,
4141011653,南阳理工学院,history,https://www.nyist.edu.cn/tsda/xsg.htm,https://www.nyist.edu.cn/tsda/xsg.htm,read,校史馆-南阳理工学院,2026-10-01,
4141011653,南阳理工学院,culture,https://www.nyist.edu.cn/info/1004/1096.htm,https://www.nyist.edu.cn/info/1004/1096.htm,read,校训解读-南阳理工学院,2026-10-01,
4141011765,河南城建学院,homepage,http://www.hncj.edu.cn/,,fetch_error,,2026-10-01,URLError
4141011765,河南城建学院,overview,https://zs.huuc.edu.cn/,https://zs.huuc.edu.cn/,read,河南城建学院招生信息网,2026-10-01,
4141011765,河南城建学院,overview,https://www.huuc.edu.cn/,https://www.huuc.edu.cn/,read,河南城建学院,2026-10-01,
4141011765,河南城建学院,overview,https://www.huuc.edu.cn/xxgk/xxjj1.htm,https://www.huuc.edu.cn/xxgk/xxjj1.htm,read,学校简介-河南城建学院,2026-10-01,
4141011765,河南城建学院,overview,https://www.huuc.edu.cn/hncj/xxgk/xxjj.htm,https://www.huuc.edu.cn/hncj/xxgk/xxjj.htm,read,学校简介-河南城建学院,2026-10-01,
4141011765,河南城建学院,overview,https://zs.huuc.edu.cn/,https://zs.huuc.edu.cn/,read,河南城建学院招生信息网,2026-10-01,
4141011765,河南城建学院,overview,https://www.huuc.edu.cn/,https://www.huuc.edu.cn/,read,河南城建学院,2026-10-01,
4141011765,河南城建学院,overview,https://www.huuc.edu.cn/xxgk/xxjj1.htm,https://www.huuc.edu.cn/xxgk/xxjj1.htm,read,学校简介-河南城建学院,2026-10-01,
4141011788,河南警察学院,homepage,http://www.hngazk.edu.cn/,,fetch_error,,2026-10-01,URLError
4141011788,河南警察学院,overview,https://ruzhou.zfcg.henan.gov.cn/cmsweb81e27e/henan/rootfiles/2025/07/29/e8f55e891341436ab267c32ed483fa21.pdf,,access_limited,,2026-10-01,ValueError
4141011788,河南警察学院,charter,https://jyt.henan.gov.cn/2023/06-29/2769404.html,,robots_disallowed,,2026-10-01,
4141012735,郑州警察学院,homepage,http://www.rpc.edu.cn/,,fetch_error,,2026-10-01,timeout
4141012735,郑州警察学院,overview,https://zzga.zhengzhou.gov.cn/jwzx/8384540.jhtml,https://zzga.zhengzhou.gov.cn/jwzx/8384540.jhtml,read,郑州警察学院在新密市局举行教学基地揭牌仪式 - 郑州市公安局,2026-10-01,
4141012735,郑州警察学院,overview,https://jdjyw.jlu.edu.cn/mportal/company/details?id=7875,https://jdjyw.jlu.edu.cn/mportal/company/details?id=7875,read,郑州警察学院 - 吉林大学就业网,2026-10-01,
4141012949,郑州师范学院,homepage,http://www.zztc.com.cn/,,fetch_error,,2026-10-01,timeout
4141012949,郑州师范学院,overview,https://www.zznu.edu.cn/,,robots_disallowed,,2026-10-01,
4141012949,郑州师范学院,overview,https://www.zznu.edu.cn/xygk/xxjj.htm,,robots_disallowed,,2026-10-01,
4141012949,郑州师范学院,overview,https://www.zznu.edu.cn/virtual_attach_file.vsb?afc=5M4ACVLzlPLRCZLQmMVnznVnllDUz7qYM8UPUzWVLl-8LNC0gihFp2hmCIa0U1yaMky8LYhkMzr2Mmf2nzLaLmMkUm74U4V2oRrknzLsMNMFL4GbM7W2nNVFM7CbL7-Jv2nto4OeoDiw6sw0qIbtpYyxLYyxLYbw62p8c&e=.pdf,,robots_disallowed,,2026-10-01,
4141012949,郑州师范学院,overview,https://cwc.zznu.edu.cn/virtual_attach_file.vsb?afc=VM4N2aU4lZL7C4Md87boRUaM7nkM8U-snm98LNVfoRvanz90gihFp2hmCIa0L1yaUYhfoShVLRvYLNV7U8n2LRM7MzLPMmUan7UiU4-bM8VFLmU4MR-8LmAFMz-DMl-Jv2nto4OeoDMsC4GaLShXptQ0g47YLR70Lm9PMkbw62W8c&e=.pdf&nid=2814&tid=1201,,robots_disallowed,,2026-10-01,
4141012949,郑州师范学院,charter,https://wlxy.zznu.edu.cn/info/1471/22691.htm,,robots_disallowed,,2026-10-01,
4141013500,商丘工学院,homepage,https://www.sqgxy.edu.cn/,https://www.sqgxy.edu.cn/,read,商丘工学院,2026-10-01,
4141013500,商丘工学院,overview,https://www.sqgxy.edu.cn/21/list.htm,https://www.sqgxy.edu.cn/21/list.htm,read,学校简介,2026-10-01,
4141013500,商丘工学院,charter,https://www.sqgxy.edu.cn/22/list.htm,https://www.sqgxy.edu.cn/22/list.htm,read,学校章程,2026-10-01,
4141013500,商丘工学院,culture,https://www.sqgxy.edu.cn/20/list.htm,https://www.sqgxy.edu.cn/20/list.htm,read,校园风光,2026-10-01,
4141013500,商丘工学院,charter,https://www.sqgxy.edu.cn/22/list.htm,https://www.sqgxy.edu.cn/22/list.htm,read,学校章程,2026-10-01,
4141013500,商丘工学院,overview,https://www.sqgxy.edu.cn/21/list.htm,https://www.sqgxy.edu.cn/21/list.htm,read,学校简介,2026-10-01,
4141013500,商丘工学院,culture,https://www.sqgxy.edu.cn/20/list.htm,https://www.sqgxy.edu.cn/20/list.htm,read,校园风光,2026-10-01,
4141013503,信阳学院,overview,https://www.xyu.edu.cn/,,access_limited,,2026-10-01,ValueError
4141013503,信阳学院,overview,https://www.xyu.edu.cn/xxgk/xxjj.htm,,access_limited,,2026-10-01,ValueError
4141013503,信阳学院,overview,https://www.xyu.edu.cn/xxgk/xxgk.htm,https://www.xyu.edu.cn/xxgk/xxgk.htm,read,学校概况-信阳学院,2026-10-01,
4141013503,信阳学院,overview,https://www.xyu.edu.cn/xbsy/xxgk/xxjj.htm,https://www.xyu.edu.cn/xbsy/xxgk/xxjj.htm,read,学校简介-信阳学院,2026-10-01,
4141013503,信阳学院,overview,https://www.xyu.edu.cn/xxgk/xxgk.htm,https://www.xyu.edu.cn/xxgk/xxgk.htm,read,学校概况-信阳学院,2026-10-01,
4141013504,安阳学院,homepage,https://www.ayxy.edu.cn/,https://www.ayxy.edu.cn/,read,安阳学院,2026-10-01,
4141013504,安阳学院,overview,http://www.ayxy.edu.cn/contents/11/1333.html,https://www.ayxy.edu.cn/contents/11/1333.html,read,安阳学院简介,2026-10-01,
4141013504,安阳学院,navigation,https://www.ayxy.edu.cn/contents/4/18062.html,https://www.ayxy.edu.cn/contents/4/18062.html,read,河南省“红色九月”英烈事迹巡回宣讲活动 走进安阳学院,2026-10-01,
4141013504,安阳学院,overview,https://www.ayxy.edu.cn/contents/11/1333.html,https://www.ayxy.edu.cn/contents/11/1333.html,read,安阳学院简介,2026-10-01,
4141013504,安阳学院,overview,https://www.ayxy.edu.cn/contents/11/1333.html,https://www.ayxy.edu.cn/contents/11/1333.html,read,安阳学院简介,2026-10-01,
4141013505,豫北医学院,homepage,https://www.nhmu.edu.cn/,https://www.nhmu.edu.cn/,read,豫北医学院,2026-10-01,
4141013505,豫北医学院,overview,https://www.nhmu.edu.cn/3179/list.htm,https://www.nhmu.edu.cn/3179/list.htm,read,学校简介,2026-10-01,
4141013505,豫北医学院,visual,http://sjxxsb.nhmu.edu.cn,https://sjxxsb.nhmu.edu.cn/,read,视觉形象识别,2026-10-01,
4141013505,豫北医学院,overview,https://www.nhmu.edu.cn/3156/list.htm,https://www.nhmu.edu.cn/3156/list.htm,read,学校简介,2026-10-01,
4141013505,豫北医学院,visual,https://sjxxsb.nhmu.edu.cn/2021/0106/c7018a84507/page.htm,https://sjxxsb.nhmu.edu.cn/2021/0106/c7018a84507/page.htm,read,豫北医学院视觉形象识别系统的管理原则,2026-10-01,
4141013505,豫北医学院,visual,https://sjxxsb.nhmu.edu.cn/main.htm,https://sjxxsb.nhmu.edu.cn/main.htm,read,视觉形象识别,2026-10-01,
4141013505,豫北医学院,overview,https://www.nhmu.edu.cn/3179/list.htm,https://www.nhmu.edu.cn/3179/list.htm,read,学校简介,2026-10-01,
4141013505,豫北医学院,overview,https://www.nhmu.edu.cn/3156/list.htm,https://www.nhmu.edu.cn/3156/list.htm,read,学校简介,2026-10-01,
4141014003,商丘学院,homepage,http://www.squ.net.cn/,,fetch_error,,2026-10-01,URLError
4141014003,商丘学院,overview,https://job.sqxy.edu.cn/,https://job.sqxy.edu.cn/,read,商丘学院 就业信息网,2026-10-01,
4141014003,商丘学院,overview,https://www.sqxy.edu.cn/squ_zsb/,https://www.sqxy.edu.cn/squ_zsb/,read,商丘学院 招生信息网,2026-10-01,
4141014003,商丘学院,overview,https://www.sqxy.edu.cn/contents/43/7256.html,https://www.sqxy.edu.cn/contents/43/7256.html,read,商丘学院-->>教育部批准的普通本科高校,2026-10-01,
4141014003,商丘学院,overview,https://job.sqxy.edu.cn/,https://job.sqxy.edu.cn/,read,商丘学院 就业信息网,2026-10-01,
4141014003,商丘学院,overview,https://www.sqxy.edu.cn/squ_zsb/,https://www.sqxy.edu.cn/squ_zsb/,read,商丘学院 招生信息网,2026-10-01,
4141014003,商丘学院,overview,https://www.sqxy.edu.cn/contents/43/7256.html,https://www.sqxy.edu.cn/contents/43/7256.html,read,商丘学院-->>教育部批准的普通本科高校,2026-10-01,
4141014040,郑州商学院,homepage,https://www.zbu.edu.cn/,https://www.zbu.edu.cn/,read,郑州商学院,2026-10-01,
4141014040,郑州商学院,overview,https://www.zbu.edu.cn/xxjj/list.htm,https://www.zbu.edu.cn/xxjj/list.htm,read,学校简介,2026-10-01,
4141014040,郑州商学院,overview,https://www.zbu.edu.cn/xxgk/list.htm,https://www.zbu.edu.cn/xxgk/list.htm,read,学校简介,2026-10-01,
4141014040,郑州商学院,overview,https://www.zbu.edu.cn/xxjj/list.htm,https://www.zbu.edu.cn/xxjj/list.htm,read,学校简介,2026-10-01,
4141014040,郑州商学院,overview,https://www.zbu.edu.cn/xxgk/list.htm,https://www.zbu.edu.cn/xxgk/list.htm,read,学校简介,2026-10-01,
4141014879,河南体育学院,homepage,https://www.peczzu.edu.cn/,,fetch_error,,2026-10-01,URLError
4141014949,河南信息科技学院,overview,https://www.moe.gov.cn/srcsite/A03/s181/202603/t20260324_1431948.html,http://www.moe.gov.cn/srcsite/A03/s181/202603/t20260324_1431948.html,read,教育部关于同意设置河南信息科技学院的函 - 中华人民共和国教育部政府门户网站,2026-10-01,
4141014949,河南信息科技学院,overview,https://hebi.zfcg.henan.gov.cn/cmsweb35rc67w/hebi/rootfiles/2026/06/08/92bf62cc57e041bfbb18d170a05c87a7.pdf,,access_limited,,2026-10-01,ValueError
4141014949,河南信息科技学院,overview,http://www.moe.gov.cn/srcsite/A03/s181/202603/t20260324_1431948.html,http://www.moe.gov.cn/srcsite/A03/s181/202603/t20260324_1431948.html,read,教育部关于同意设置河南信息科技学院的函 - 中华人民共和国教育部政府门户网站,2026-10-01,
4141014982,河南应用工程学院,homepage,https://hyg.smxpt.edu.cn/,https://hyg.smxpt.edu.cn/,read,河南应用工程学院,2026-10-01,
4141014982,河南应用工程学院,overview,https://hyg.smxpt.edu.cn/xygk/list.htm,https://hyg.smxpt.edu.cn/xygk/list.htm,read,学院简介,2026-10-01,
4141014982,河南应用工程学院,overview,https://hyg.smxpt.edu.cn/xyjj/list.htm,https://hyg.smxpt.edu.cn/xyjj/list.htm,read,学院简介,2026-10-01,
4141014982,河南应用工程学院,overview,https://hyg.smxpt.edu.cn/2026/0627/c108a1816/page.htm,https://hyg.smxpt.edu.cn/2026/0627/c108a1816/page.htm,read,河南应用工程学院 2026年全日制普通本科招生章程,2026-10-01,
4141014982,河南应用工程学院,overview,https://hyg.smxpt.edu.cn/xygk/list.htm,https://hyg.smxpt.edu.cn/xygk/list.htm,read,学院简介,2026-10-01,
4141014982,河南应用工程学院,overview,https://hyg.smxpt.edu.cn/xyjj/list.htm,https://hyg.smxpt.edu.cn/xyjj/list.htm,read,学院简介,2026-10-01,
4141014982,河南应用工程学院,overview,https://hyg.smxpt.edu.cn/2026/0627/c108a1816/page.htm,https://hyg.smxpt.edu.cn/2026/0627/c108a1816/page.htm,read,河南应用工程学院 2026年全日制普通本科招生章程,2026-10-01,
4141014981,河南国医学院,homepage,https://www.hcccm.edu.cn/,https://www.hcccm.edu.cn/,read,河南国医学院,2026-10-01,
4141014981,河南国医学院,overview,https://www.hcccm.edu.cn/648/list.htm,https://www.hcccm.edu.cn/648/list.htm,read,学校简介,2026-10-01,
4141014981,河南国医学院,visual,https://www.hcccm.edu.cn/2026/0928/c20a4316/page.htm,https://www.hcccm.edu.cn/2026/0928/c20a4316/page.htm,read,月满中秋暖校园  同心共话家国情,2026-10-01,
4141014981,河南国医学院,history,https://www.hcccm.edu.cn/2026/0922/c20a4254/page.htm,https://www.hcccm.edu.cn/2026/0922/c20a4254/page.htm,read,河南国医学院隆重举行2026年首届新生开学典礼暨开学第一课,2026-10-01,
4141014981,河南国医学院,overview,https://www.hcccm.edu.cn/977/list.htm,https://www.hcccm.edu.cn/977/list.htm,read,学校概况,2026-10-01,
4141014981,河南国医学院,visual,https://www.hcccm.edu.cn/650/list.htm,https://www.hcccm.edu.cn/650/list.htm,read,校训校徽,2026-10-01,
4141014981,河南国医学院,visual,https://www.hcccm.edu.cn/2026/0925/c20a4281/page.htm,https://www.hcccm.edu.cn/2026/0925/c20a4281/page.htm,read,河南国医学院隆重举行2026年学生军事技能成果展示暨总结表彰大会,2026-10-01,
4141014981,河南国医学院,overview,https://www.hcccm.edu.cn/648/list.htm,https://www.hcccm.edu.cn/648/list.htm,read,学校简介,2026-10-01,
4141014981,河南国医学院,overview,https://www.hcccm.edu.cn/977/list.htm,https://www.hcccm.edu.cn/977/list.htm,read,学校概况,2026-10-01,
4141014981,河南国医学院,history,https://www.hcccm.edu.cn/2026/0922/c20a4254/page.htm,https://www.hcccm.edu.cn/2026/0922/c20a4254/page.htm,read,河南国医学院隆重举行2026年首届新生开学典礼暨开学第一课,2026-10-01,
4141014980,河南能源化工学院,overview,https://www.moe.gov.cn/srcsite/A03/s181/202606/t20260616_1440834.html,http://www.moe.gov.cn/srcsite/A03/s181/202606/t20260616_1440834.html,read,教育部关于同意设置河南能源化工学院的函 - 中华人民共和国教育部政府门户网站,2026-10-01,
4141014980,河南能源化工学院,overview,http://www.moe.gov.cn/srcsite/A03/s181/202606/t20260616_1440834.html,http://www.moe.gov.cn/srcsite/A03/s181/202606/t20260616_1440834.html,read,教育部关于同意设置河南能源化工学院的函 - 中华人民共和国教育部政府门户网站,2026-10-01,
4142010486,武汉大学,homepage,https://www.whu.edu.cn/,https://www.whu.edu.cn/,read,武汉大学,2026-10-01,
4142010486,武汉大学,overview,https://www.whu.edu.cn/xxgk/xxjj.htm,https://www.whu.edu.cn/xxgk/xxjj.htm,read,学校简介-武汉大学,2026-10-01,
4142010486,武汉大学,visual,https://www.whu.edu.cn/xxgk/wdbs.htm,https://www.whu.edu.cn/xxgk/wdbs.htm,read,武大标识-武汉大学,2026-10-01,
4142010486,武汉大学,overview,https://www.whu.edu.cn/xxgk/xxjj.htm,https://www.whu.edu.cn/xxgk/xxjj.htm,read,学校简介-武汉大学,2026-10-01,
4142010487,华中科技大学,homepage,https://www.hust.edu.cn:443/,https://www.hust.edu.cn:443/,read,华中科技大学,2026-10-01,
4142010487,华中科技大学,overview,https://www.hust.edu.cn:443/xxgk/xxjj.htm,https://www.hust.edu.cn:443/xxgk/xxjj.htm,read,学校简介-华中科技大学,2026-10-01,
4142010487,华中科技大学,charter,https://www.hust.edu.cn:443/xxgk/xxzc.htm,https://www.hust.edu.cn:443/xxgk/xxzc.htm,read,学校章程-华中科技大学,2026-10-01,
4142010487,华中科技大学,visual,http://vi.hust.edu.cn/,http://vi.hust.edu.cn/,read,华科大-标识系统,2026-10-01,
4142010487,华中科技大学,culture,https://www.hust.edu.cn:443/xmxhxg.htm,https://www.hust.edu.cn:443/xmxhxg.htm,read,校歌与标识系统-华中科技大学,2026-10-01,
4142010487,华中科技大学,history,https://www.hust.edu.cn:443/xxgk/lsyg.htm,https://www.hust.edu.cn:443/xxgk/lsyg.htm,read,历史沿革-华中科技大学,2026-10-01,
4142010487,华中科技大学,navigation,https://www.hust.edu.cn:443/zjhkd.htm,https://www.hust.edu.cn:443/zjhkd.htm,read,走进华科大-华中科技大学,2026-10-01,
4142010487,华中科技大学,overview,https://www.hust.edu.cn:443/xxgk.htm,https://www.hust.edu.cn:443/xxgk.htm,read,学校概况-华中科技大学,2026-10-01,
4142010487,华中科技大学,culture,https://www.hust.edu.cn:443/xg/xgjp.pdf,https://www.hust.edu.cn:443/xg/xgjp.pdf,insufficient_text,,2026-10-01,
4142010487,华中科技大学,navigation,http://news.hust.edu.cn/info/1004/59635.htm,http://news.hust.edu.cn/info/1004/59635.htm,read,“赓续文脉”传统文化课程走进古籍展-华中科技大学新闻网,2026-10-01,
4142010487,华中科技大学,charter,https://www.hust.edu.cn:443/xxgk/xxzc.htm,https://www.hust.edu.cn:443/xxgk/xxzc.htm,read,学校章程-华中科技大学,2026-10-01,
4142010487,华中科技大学,overview,https://www.hust.edu.cn:443/xxgk.htm,https://www.hust.edu.cn:443/xxgk.htm,read,学校概况-华中科技大学,2026-10-01,
4142010487,华中科技大学,overview,https://www.hust.edu.cn:443/xxgk/xxjj.htm,https://www.hust.edu.cn:443/xxgk/xxjj.htm,read,学校简介-华中科技大学,2026-10-01,
4142010487,华中科技大学,history,https://www.hust.edu.cn:443/xxgk/lsyg.htm,https://www.hust.edu.cn:443/xxgk/lsyg.htm,read,历史沿革-华中科技大学,2026-10-01,
4142010487,华中科技大学,culture,https://www.hust.edu.cn:443/xmxhxg.htm,https://www.hust.edu.cn:443/xmxhxg.htm,read,校歌与标识系统-华中科技大学,2026-10-01,
4142010488,武汉科技大学,homepage,https://www.wust.edu.cn,https://www.wust.edu.cn,read,武汉科技大学,2026-10-01,
4142010488,武汉科技大学,overview,https://www.wust.edu.cn/xxgk/xxjj.htm,https://www.wust.edu.cn/xxgk/xxjj.htm,read,学校简介-武汉科技大学,2026-10-01,
4142010488,武汉科技大学,visual,https://www.wust.edu.cn/xywh.htm,https://www.wust.edu.cn/xywh.htm,read,校园文化-武汉科技大学,2026-10-01,
4142010488,武汉科技大学,culture,https://www.wust.edu.cn/xywh/xg.htm,https://www.wust.edu.cn/xywh/xg.htm,read,校歌-武汉科技大学,2026-10-01,
4142010488,武汉科技大学,history,https://www.wust.edu.cn/xxgk/xsyg.htm,https://www.wust.edu.cn/xxgk/xsyg.htm,read,校史沿革-武汉科技大学,2026-10-01,
4142010488,武汉科技大学,navigation,https://zhxxw.wust.edu.cn,https://auth.wust.edu.cn/lyuapServer/login?service=http%3A%2F%2Fzhxxw.wust.edu.cn%2Fsystem%2Fresource%2Fcode%2Fauth%2Fcaslogin.jsp,insufficient_text,,2026-10-01,
4142010488,武汉科技大学,navigation,https://www.wust.edu.cn/info/1561/471832.htm,https://www.wust.edu.cn/info/1561/471832.htm,read,钒资源清洁利用团队：向高而攀，摘取满天“钒”星-武汉科技大学,2026-10-01,
4142010488,武汉科技大学,overview,https://www.wust.edu.cn/xxgk.htm,https://www.wust.edu.cn/xxgk.htm,read,学校概况-武汉科技大学,2026-10-01,
4142010488,武汉科技大学,visual,https://www.wust.edu.cn/xywh/xh.htm,https://www.wust.edu.cn/xywh/xh.htm,read,校徽-武汉科技大学,2026-10-01,
4142010488,武汉科技大学,culture,https://www.wust.edu.cn/xywh/xx1.htm,https://www.wust.edu.cn/xywh/xx1.htm,read,校训-武汉科技大学,2026-10-01,
4142010488,武汉科技大学,overview,https://www.wust.edu.cn/xxgk.htm,https://www.wust.edu.cn/xxgk.htm,read,学校概况-武汉科技大学,2026-10-01,
4142010488,武汉科技大学,overview,https://www.wust.edu.cn/xxgk/xxjj.htm,https://www.wust.edu.cn/xxgk/xxjj.htm,read,学校简介-武汉科技大学,2026-10-01,
4142010488,武汉科技大学,history,https://www.wust.edu.cn/xxgk/xsyg.htm,https://www.wust.edu.cn/xxgk/xsyg.htm,read,校史沿革-武汉科技大学,2026-10-01,
4142010488,武汉科技大学,culture,https://www.wust.edu.cn/xywh/xg.htm,https://www.wust.edu.cn/xywh/xg.htm,read,校歌-武汉科技大学,2026-10-01,
4142010488,武汉科技大学,culture,https://www.wust.edu.cn/xywh/xx1.htm,https://www.wust.edu.cn/xywh/xx1.htm,read,校训-武汉科技大学,2026-10-01,
4142010489,长江大学,homepage,https://www.yangtzeu.edu.cn/,https://www.yangtzeu.edu.cn/,read,长江大学,2026-10-01,
4142010489,长江大学,overview,https://www.yangtzeu.edu.cn/xxgk/xxjj.htm,https://www.yangtzeu.edu.cn/xxgk/xxjj.htm,read,学校简介-长江大学,2026-10-01,
4142010489,长江大学,visual,https://vis.yangtzeu.edu.cn/,https://vis.yangtzeu.edu.cn/,read,视觉形象识别,2026-10-01,
4142010489,长江大学,culture,http://news.yangtzeu.edu.cn/info/1021/38143.htm,https://news.yangtzeu.edu.cn/info/1021/38143.htm,read,校歌嘹亮启新程 校史铸魂育新人——学校组织2026级研究生上好“研途”第一课-长江大学新闻网,2026-10-01,
4142010489,长江大学,history,https://www.yangtzeu.edu.cn/xxgk/lsyg1.htm,https://www.yangtzeu.edu.cn/xxgk/lsyg1.htm,read,历史沿革-长江大学,2026-10-01,
4142010489,长江大学,english,https://english.yangtzeu.edu.cn/,https://english.yangtzeu.edu.cn/,read,长江大学英文网,2026-10-01,
4142010489,长江大学,navigation,http://news.yangtzeu.edu.cn/info/1021/38170.htm,https://news.yangtzeu.edu.cn/info/1021/38170.htm,read,品月饼、AI作画、5G连线海外家人 国际学生沉浸式迎双节-长江大学新闻网,2026-10-01,
4142010489,长江大学,overview,https://www.yangtzeu.edu.cn/xxgk.htm,https://www.yangtzeu.edu.cn/xxgk.htm,read,学校概况-长江大学,2026-10-01,
4142010489,长江大学,visual,https://vis.yangtzeu.edu.cn/jcbf/xbgf.htm,https://vis.yangtzeu.edu.cn/jcbf/xbgf.htm,read,校标规范-视觉形象识别,2026-10-01,
4142010489,长江大学,culture,https://vis.yangtzeu.edu.cn/jcbf/xggf.htm,https://vis.yangtzeu.edu.cn/jcbf/xggf.htm,read,校歌规范-视觉形象识别,2026-10-01,
4142010489,长江大学,overview,https://www.yangtzeu.edu.cn/xxgk.htm,https://www.yangtzeu.edu.cn/xxgk.htm,read,学校概况-长江大学,2026-10-01,
4142010489,长江大学,overview,https://www.yangtzeu.edu.cn/xxgk/xxjj.htm,https://www.yangtzeu.edu.cn/xxgk/xxjj.htm,read,学校简介-长江大学,2026-10-01,
4142010489,长江大学,history,https://www.yangtzeu.edu.cn/xxgk/lsyg1.htm,https://www.yangtzeu.edu.cn/xxgk/lsyg1.htm,read,历史沿革-长江大学,2026-10-01,
4142010489,长江大学,culture,https://vis.yangtzeu.edu.cn/jcbf/xggf.htm,https://vis.yangtzeu.edu.cn/jcbf/xggf.htm,read,校歌规范-视觉形象识别,2026-10-01,
4142010489,长江大学,culture,https://news.yangtzeu.edu.cn/info/1021/38143.htm,https://news.yangtzeu.edu.cn/info/1021/38143.htm,read,校歌嘹亮启新程 校史铸魂育新人——学校组织2026级研究生上好“研途”第一课-长江大学新闻网,2026-10-01,
4142010490,武汉工程大学,homepage,https://www.wit.edu.cn/,https://www.wit.edu.cn/,read,武汉工程大学,2026-10-01,
4142010490,武汉工程大学,overview,https://www.wit.edu.cn/xxgk2/xxjj.htm,https://www.wit.edu.cn/xxgk2/xxjj.htm,read,学校简介-武汉工程大学,2026-10-01,
4142010490,武汉工程大学,culture,https://www.wit.edu.cn/xywh1.htm,https://www.wit.edu.cn/xywh1.htm,read,校园文化-武汉工程大学,2026-10-01,
4142010490,武汉工程大学,history,https://www.wit.edu.cn/xxgk2/lsyg.htm,https://www.wit.edu.cn/xxgk2/lsyg.htm,read,历史沿革-武汉工程大学,2026-10-01,
4142010490,武汉工程大学,english,https://www.wit.edu.cn/english.htm,https://www.wit.edu.cn/english.htm,read,english-武汉工程大学,2026-10-01,
4142010490,武汉工程大学,overview,https://www.wit.edu.cn/xxgk2/xxjj.htm,https://www.wit.edu.cn/xxgk2/xxjj.htm,read,学校简介-武汉工程大学,2026-10-01,
4142010490,武汉工程大学,history,https://www.wit.edu.cn/xxgk2/lsyg.htm,https://www.wit.edu.cn/xxgk2/lsyg.htm,read,历史沿革-武汉工程大学,2026-10-01,
4142010490,武汉工程大学,culture,https://www.wit.edu.cn/xywh1.htm,https://www.wit.edu.cn/xywh1.htm,read,校园文化-武汉工程大学,2026-10-01,
4142010491,中国地质大学(武汉),homepage,https://www.cug.edu.cn/,https://www.cug.edu.cn/,read,欢迎访问中国地质大学！,2026-10-01,
4142010491,中国地质大学(武汉),overview,https://www.cug.edu.cn/xxgk.htm,https://www.cug.edu.cn/xxgk.htm,read,学校概况-欢迎访问中国地质大学！,2026-10-01,
4142010491,中国地质大学(武汉),history,https://www.cug.edu.cn/xxgk/lsyg.htm,https://www.cug.edu.cn/xxgk/lsyg.htm,read,历史沿革-欢迎访问中国地质大学！,2026-10-01,
4142010491,中国地质大学(武汉),english,https://en.cug.edu.cn/,https://en.cug.edu.cn/,read,China University of Geosciences,2026-10-01,
4142010491,中国地质大学(武汉),overview,https://www.cug.edu.cn/xxgk.htm,https://www.cug.edu.cn/xxgk.htm,read,学校概况-欢迎访问中国地质大学！,2026-10-01,
4142010491,中国地质大学(武汉),history,https://www.cug.edu.cn/xxgk/lsyg.htm,https://www.cug.edu.cn/xxgk/lsyg.htm,read,历史沿革-欢迎访问中国地质大学！,2026-10-01,
4142010495,武汉纺织大学,homepage,https://www.wtu.edu.cn/,https://www.wtu.edu.cn/,read,武汉纺织大学官方主页,2026-10-01,
4142010495,武汉纺织大学,overview,https://www.wtu.edu.cn/xxgk/xxjj.htm,https://www.wtu.edu.cn/xxgk/xxjj.htm,read,学校简介-武汉纺织大学官方主页,2026-10-01,
4142010495,武汉纺织大学,charter,https://www.wtu.edu.cn/xxgk/xxzc.htm,https://www.wtu.edu.cn/xxgk/xxzc.htm,read,学校章程-武汉纺织大学官方主页,2026-10-01,
4142010495,武汉纺织大学,visual,http://vi.wtu.edu.cn,https://vi.wtu.edu.cn/index.htm,read,武汉纺织vi视觉识别系统,2026-10-01,
4142010495,武汉纺织大学,culture,https://www.wtu.edu.cn/xywh/xxxg.htm,https://www.wtu.edu.cn/xywh/xxxg.htm,read,校训校歌-武汉纺织大学官方主页,2026-10-01,
4142010495,武汉纺织大学,history,https://www.wtu.edu.cn/xxgk/lsyg.htm,https://www.wtu.edu.cn/xxgk/lsyg.htm,read,历史沿革-武汉纺织大学官方主页,2026-10-01,
4142010495,武汉纺织大学,visual,https://vi.wtu.edu.cn/index.htm,https://vi.wtu.edu.cn/index.htm,read,武汉纺织vi视觉识别系统,2026-10-01,
4142010495,武汉纺织大学,visual,https://vi.wtu.edu.cn/zyxz/sjsbxtsc.htm,https://vi.wtu.edu.cn/zyxz/sjsbxtsc.htm,read,视觉识别系统手册-武汉纺织vi视觉识别系统,2026-10-01,
4142010495,武汉纺织大学,charter,https://www.wtu.edu.cn/xxgk/xxzc.htm,https://www.wtu.edu.cn/xxgk/xxzc.htm,read,学校章程-武汉纺织大学官方主页,2026-10-01,
4142010495,武汉纺织大学,overview,https://www.wtu.edu.cn/xxgk/xxjj.htm,https://www.wtu.edu.cn/xxgk/xxjj.htm,read,学校简介-武汉纺织大学官方主页,2026-10-01,
4142010495,武汉纺织大学,history,https://www.wtu.edu.cn/xxgk/lsyg.htm,https://www.wtu.edu.cn/xxgk/lsyg.htm,read,历史沿革-武汉纺织大学官方主页,2026-10-01,
4142010495,武汉纺织大学,culture,https://www.wtu.edu.cn/xywh/xxxg.htm,https://www.wtu.edu.cn/xywh/xxxg.htm,read,校训校歌-武汉纺织大学官方主页,2026-10-01,
4142010496,武汉轻工大学,homepage,https://www.whpu.edu.cn,https://www.whpu.edu.cn,read,武汉轻工大学,2026-10-01,
4142010496,武汉轻工大学,overview,https://www.whpu.edu.cn/xxgk/xxjj.htm,https://www.whpu.edu.cn/xxgk/xxjj.htm,read,学校简介-武汉轻工大学,2026-10-01,
4142010496,武汉轻工大学,charter,https://www.whpu.edu.cn/xxgk/xxzc.htm,https://www.whpu.edu.cn/xxgk/xxzc.htm,read,学校章程-武汉轻工大学,2026-10-01,
4142010496,武汉轻工大学,visual,https://www.whpu.edu.cn/xywh/sjsbxt.htm,https://www.whpu.edu.cn/xywh/sjsbxt.htm,read,视觉识别系统-武汉轻工大学,2026-10-01,
4142010496,武汉轻工大学,culture,https://www.whpu.edu.cn/ xywh/sjsbxt.htm,,access_limited,,2026-10-01,InvalidURL
4142010496,武汉轻工大学,culture,https://www.whpu.edu.cn/xxgk/ ../xywh/sjsbxt.htm,,access_limited,,2026-10-01,InvalidURL
4142010496,武汉轻工大学,overview,https://www.whpu.edu.cn/ xxgk/xxjj.htm,,access_limited,,2026-10-01,InvalidURL
4142010496,武汉轻工大学,overview,https://www.whpu.edu.cn/xxgk/ xxjj.htm,,access_limited,,2026-10-01,InvalidURL
4142010496,武汉轻工大学,visual,http://news.whpu.edu.cn/xy/VIS.htm,https://news.whpu.edu.cn/xy/VIS.htm,read,VIS-武汉轻工大学新闻网,2026-10-01,
4142010496,武汉轻工大学,visual,https://news.whpu.edu.cn/system/_content/download.jsp?urltype=news.DownloadAttachUrl&owner=1310939652&wbfileid=7702414EDBF869F3FFFE6660FE2D843F,https://news.whpu.edu.cn/system/_content/download.jsp?urltype=news.DownloadAttachUrl&owner=1310939652&wbfileid=7702414EDBF869F3FFFE6660FE2D843F,insufficient_text,附件下载,2026-10-01,
4142010496,武汉轻工大学,charter,https://www.whpu.edu.cn/xxgk/xxzc.htm,https://www.whpu.edu.cn/xxgk/xxzc.htm,read,学校章程-武汉轻工大学,2026-10-01,
4142010496,武汉轻工大学,overview,https://www.whpu.edu.cn/xxgk/xxjj.htm,https://www.whpu.edu.cn/xxgk/xxjj.htm,read,学校简介-武汉轻工大学,2026-10-01,
4142010497,武汉理工大学,homepage,http://www.whut.edu.cn,http://www.whut.edu.cn,read,武汉理工大学欢迎您,2026-10-01,
4142010497,武汉理工大学,overview,http://www.whut.edu.cn/xuexiaogaikuang/xxjj/,http://www.whut.edu.cn/xuexiaogaikuang/xxjj/,read,武汉理工大学欢迎您,2026-10-01,
4142010497,武汉理工大学,visual,https://www.whut.edu.cn/xiaoyuanwenhua/,https://www.whut.edu.cn/xiaoyuanwenhua/,insufficient_text,,2026-10-01,
4142010497,武汉理工大学,history,http://www.whut.edu.cn/xuexiaogaikuang/lsyg/,http://www.whut.edu.cn/xuexiaogaikuang/lsyg/,read,武汉理工大学欢迎您,2026-10-01,
4142010497,武汉理工大学,english,http://english.whut.edu.cn/,http://english.whut.edu.cn/,read,Wuhan University of Technology,2026-10-01,
4142010497,武汉理工大学,navigation,https://www.whut.edu.cn/zj/,https://www.whut.edu.cn/zj/,read,自动跳转页面,2026-10-01,
4142010497,武汉理工大学,overview,https://www.whut.edu.cn/xuexiaogaikuang/,https://www.whut.edu.cn/xuexiaogaikuang/,insufficient_text,,2026-10-01,
4142010497,武汉理工大学,overview,http://www.whut.edu.cn/xuexiaogaikuang/,http://www.whut.edu.cn/xuexiaogaikuang/,insufficient_text,,2026-10-01,
4142010497,武汉理工大学,history,https://www.whut.edu.cn/xuexiaogaikuang/lsyg/,https://www.whut.edu.cn/xuexiaogaikuang/lsyg/,read,武汉理工大学欢迎您,2026-10-01,
4142010497,武汉理工大学,overview,http://www.whut.edu.cn/xuexiaogaikuang/xxjj/,http://www.whut.edu.cn/xuexiaogaikuang/xxjj/,read,武汉理工大学欢迎您,2026-10-01,
4142010497,武汉理工大学,history,http://www.whut.edu.cn/xuexiaogaikuang/lsyg/,http://www.whut.edu.cn/xuexiaogaikuang/lsyg/,read,武汉理工大学欢迎您,2026-10-01,
4142010497,武汉理工大学,history,https://www.whut.edu.cn/xuexiaogaikuang/lsyg/,https://www.whut.edu.cn/xuexiaogaikuang/lsyg/,read,武汉理工大学欢迎您,2026-10-01,
4142010500,湖北工业大学,homepage,https://www.hbut.edu.cn/,https://www.hbut.edu.cn/,read,湖北工业大学,2026-10-01,
4142010500,湖北工业大学,overview,https://www.hbut.edu.cn/xxgk/xxjj.htm,https://www.hbut.edu.cn/xxgk/xxjj.htm,read,学校简介-湖北工业大学,2026-10-01,
4142010500,湖北工业大学,charter,https://www.hbut.edu.cn/xxgk/xxzc.htm,https://www.hbut.edu.cn/xxgk/xxzc.htm,read,学校章程-湖北工业大学,2026-10-01,
4142010500,湖北工业大学,visual,https://www.hbut.edu.cn/xxgk/xxbs.htm,https://www.hbut.edu.cn/xxgk/xxbs.htm,read,学校标识-湖北工业大学,2026-10-01,
4142010500,湖北工业大学,history,https://museum.hbut.edu.cn/xsg/index.html,,access_limited,,2026-10-01,URLError
4142010500,湖北工业大学,english,http://en.hbut.edu.cn/,http://en.hbut.edu.cn/,read,湖北工业大学（英文）,2026-10-01,
4142010500,湖北工业大学,charter,https://www.hbut.edu.cn/xxgk/xxzc.htm,https://www.hbut.edu.cn/xxgk/xxzc.htm,read,学校章程-湖北工业大学,2026-10-01,
4142010500,湖北工业大学,overview,https://www.hbut.edu.cn/xxgk/xxjj.htm,https://www.hbut.edu.cn/xxgk/xxjj.htm,read,学校简介-湖北工业大学,2026-10-01,
4142010504,华中农业大学,homepage,https://www.hzau.edu.cn/index.htm,,robots_disallowed,,2026-10-01,
4142010504,华中农业大学,overview,https://www.hzau.edu.cn/xxgk/xxjj.htm,,robots_disallowed,,2026-10-01,
4142010504,华中农业大学,history,https://www.hzau.edu.cn/xxgk/lsyg.htm,,robots_disallowed,,2026-10-01,
4142010507,湖北中医药大学,homepage,http://www.hbtcm.edu.cn,,fetch_error,,2026-10-01,URLError
4142010507,湖北中医药大学,charter,https://www.hbucm.edu.cn/xxgk/xxzc.htm,https://www.hbucm.edu.cn/xxgk/xxzc.htm,read,学校章程-湖北中医药大学,2026-10-01,
4142010507,湖北中医药大学,overview,https://www.hbucm.edu.cn/xxgk.htm,https://www.hbucm.edu.cn/xxgk.htm,read,学校概况-湖北中医药大学,2026-10-01,
4142010507,湖北中医药大学,overview,https://www.hbucm.edu.cn/info/1302/14724.htm,https://www.hbucm.edu.cn/info/1302/14724.htm,read,学校简介-湖北中医药大学,2026-10-01,
4142010507,湖北中医药大学,navigation,https://xxgk.hbucm.edu.cn/info/1006/46291.htm,https://xxgk.hbucm.edu.cn/info/1006/46291.htm,read,湖北中医药大学2024-2025年度信息公开工作报告-信息公开,2026-10-01,
4142010507,湖北中医药大学,charter,https://www.hbucm.edu.cn/xxgk/xxzc.htm,https://www.hbucm.edu.cn/xxgk/xxzc.htm,read,学校章程-湖北中医药大学,2026-10-01,
4142010507,湖北中医药大学,overview,https://www.hbucm.edu.cn/xxgk.htm,https://www.hbucm.edu.cn/xxgk.htm,read,学校概况-湖北中医药大学,2026-10-01,
4142010507,湖北中医药大学,overview,https://www.hbucm.edu.cn/info/1302/14724.htm,https://www.hbucm.edu.cn/info/1302/14724.htm,read,学校简介-湖北中医药大学,2026-10-01,
4142010511,华中师范大学,homepage,https://www.ccnu.edu.cn/,https://www.ccnu.edu.cn/,read,华中师范大学,2026-10-01,
4142010511,华中师范大学,overview,https://www.ccnu.edu.cn/xxgk/xxjj.htm,https://www.ccnu.edu.cn/xxgk/xxjj.htm,read,学校简介-华中师范大学,2026-10-01,
4142010511,华中师范大学,english,http://english.ccnu.edu.cn,http://english.ccnu.edu.cn,read,Central China Normal University,2026-10-01,
4142010511,华中师范大学,overview,https://www.ccnu.edu.cn/xxgk/xxjj.htm,https://www.ccnu.edu.cn/xxgk/xxjj.htm,read,学校简介-华中师范大学,2026-10-01,
4142010512,湖北大学,homepage,https://www.hubu.edu.cn/,https://www.hubu.edu.cn/,read,湖北大学,2026-10-01,
4142010512,湖北大学,visual,http://vi.hubu.edu.cn/,http://vi.hubu.edu.cn/,read,湖大视觉,2026-10-01,
4142010512,湖北大学,culture,https://www.hubu.edu.cn/index/xywh.htm,https://www.hubu.edu.cn/index/xywh.htm,read,校园文化-湖北大学,2026-10-01,
4142010512,湖北大学,english,https://eng.hubu.edu.cn/,https://eng.hubu.edu.cn/,read,Hubei University,2026-10-01,
4142010512,湖北大学,navigation,https://www.hubu.edu.cn/index/qgzlrmzjhd.htm,https://www.hubu.edu.cn/index/qgzlrmzjhd.htm,read,全国主流融媒走进湖大-湖北大学,2026-10-01,
4142010512,湖北大学,visual,https://www.hubu.edu.cn/xxgk/xbxx.htm,https://www.hubu.edu.cn/xxgk/xbxx.htm,read,校标校训-湖北大学,2026-10-01,
4142010512,湖北大学,culture,https://www.hubu.edu.cn/system/_content/download.jsp?urltype=news.DownloadAttachUrl&owner=1907134021&wbfileid=11969412,https://www.hubu.edu.cn/system/_content/download.jsp?urltype=news.DownloadAttachUrl&owner=1907134021&wbfileid=11969412,insufficient_text,附件下载,2026-10-01,
4142010512,湖北大学,visual,http://vi.hubu.edu.cn/info/1003/1004.htm,http://vi.hubu.edu.cn/info/1003/1004.htm,read,标准色-湖大视觉,2026-10-01,
4142010512,湖北大学,culture,https://www.hubu.edu.cn/index/xywh.htm,https://www.hubu.edu.cn/index/xywh.htm,read,校园文化-湖北大学,2026-10-01,
4142010513,湖北师范大学,homepage,https://www.hbnu.edu.cn/,https://www.hbnu.edu.cn/,read,湖北师范大学,2026-10-01,
4142010513,湖北师范大学,overview,https://www.hbnu.edu.cn/2518/list.htm,https://www.hbnu.edu.cn/2518/list.htm,read,学校简介,2026-10-01,
4142010513,湖北师范大学,visual,https://www.hbnu.edu.cn/2528/list.htm,https://www.hbnu.edu.cn/2528/list.htm,read,学校标识,2026-10-01,
4142010513,湖北师范大学,culture,https://www.hbnu.edu.cn/2522/list.htm,https://www.hbnu.edu.cn/2522/list.htm,read,学生天地,2026-10-01,
4142010513,湖北师范大学,history,https://www.hbnu.edu.cn/2525/list.htm,https://www.hbnu.edu.cn/2525/list.htm,read,历史沿革,2026-10-01,
4142010513,湖北师范大学,english,https://en.hbnu.edu.cn/,https://en.hbnu.edu.cn/,read,Hubei Normal University (HBNU) - 湖北师范大学,2026-10-01,
4142010513,湖北师范大学,overview,https://www.hbnu.edu.cn/2524/list.htm,https://www.hbnu.edu.cn/2524/list.htm,read,学校简介,2026-10-01,
4142010513,湖北师范大学,overview,https://www.hbnu.edu.cn/2518/list.htm,https://www.hbnu.edu.cn/2518/list.htm,read,学校简介,2026-10-01,
4142010513,湖北师范大学,overview,https://www.hbnu.edu.cn/2524/list.htm,https://www.hbnu.edu.cn/2524/list.htm,read,学校简介,2026-10-01,
4142010513,湖北师范大学,history,https://www.hbnu.edu.cn/2525/list.htm,https://www.hbnu.edu.cn/2525/list.htm,read,历史沿革,2026-10-01,
4142010513,湖北师范大学,culture,https://www.hbnu.edu.cn/2522/list.htm,https://www.hbnu.edu.cn/2522/list.htm,read,学生天地,2026-10-01,
4142010514,黄冈师范学院,homepage,http://www.hgnc.net/,,fetch_error,,2026-10-01,timeout
4142010514,黄冈师范学院,overview,https://www.hgnu.edu.cn/,https://www.hgnu.edu.cn/,read,黄冈师范学院,2026-10-01,
4142010514,黄冈师范学院,overview,https://www.hgnu.edu.cn/,https://www.hgnu.edu.cn/,read,黄冈师范学院,2026-10-01,
4142010517,湖北民族大学,homepage,https://www.hbmzu.edu.cn/,https://www.hbmzu.edu.cn/,read,湖北民族大学官网,2026-10-01,
4142010517,湖北民族大学,overview,https://www.hbmzu.edu.cn/xxgk/xxjj1.htm,https://www.hbmzu.edu.cn/xxgk/xxjj1.htm,read,学校简介-湖北民族大学官网,2026-10-01,
4142010517,湖北民族大学,charter,https://www.hbmzu.edu.cn/xxgk/xxzc.htm,https://www.hbmzu.edu.cn/xxgk/xxzc.htm,read,学校章程-湖北民族大学官网,2026-10-01,
4142010517,湖北民族大学,visual,https://www.hbmzu.edu.cn/xxgk/xxbs1.htm,https://www.hbmzu.edu.cn/xxgk/xxbs1.htm,read,学校标识-湖北民族大学官网,2026-10-01,
4142010517,湖北民族大学,culture,https://www.hbmzu.edu.cn/xxgk/xxxx.htm,https://www.hbmzu.edu.cn/xxgk/xxxx.htm,read,学校校训-湖北民族大学官网,2026-10-01,
4142010517,湖北民族大学,history,https://www.hbmzu.edu.cn/xxgk/lsyg.htm,https://www.hbmzu.edu.cn/xxgk/lsyg.htm,read,历史沿革-湖北民族大学官网,2026-10-01,
4142010517,湖北民族大学,navigation,http://www.hbmzu.edu.cn/gyzx/info/1100/33364.htm,https://www.hbmzu.edu.cn/gyzx/info/1100/33364.htm,read,行走的思政课｜湖北民族大学大“藓”身手团队开展湿地科普研学实践活动-新闻网,2026-10-01,
4142010517,湖北民族大学,visual,https://www.hbmzu.edu.cn/info/1467/94540.htm,https://www.hbmzu.edu.cn/info/1467/94540.htm,read,严正声明-湖北民族大学官网,2026-10-01,
4142010517,湖北民族大学,history,http://www.hbmzu.edu.cn/gyzx/info/1012/32998.htm,https://www.hbmzu.edu.cn/gyzx/info/1012/32998.htm,read,恩施州委书记张忠军来学校调研-新闻网,2026-10-01,
4142010517,湖北民族大学,navigation,http://www.hbmzu.edu.cn/gyzx/info/1101/34544.htm,https://www.hbmzu.edu.cn/gyzx/info/1101/34544.htm,read,《人民日报》点赞！民大学子把“天安门”搬进深山，为乡亲定格“首都梦”-新闻网,2026-10-01,
4142010517,湖北民族大学,charter,https://www.hbmzu.edu.cn/xxgk/xxzc.htm,https://www.hbmzu.edu.cn/xxgk/xxzc.htm,read,学校章程-湖北民族大学官网,2026-10-01,
4142010517,湖北民族大学,overview,https://www.hbmzu.edu.cn/xxgk/xxjj1.htm,https://www.hbmzu.edu.cn/xxgk/xxjj1.htm,read,学校简介-湖北民族大学官网,2026-10-01,
4142010517,湖北民族大学,history,https://www.hbmzu.edu.cn/xxgk/lsyg.htm,https://www.hbmzu.edu.cn/xxgk/lsyg.htm,read,历史沿革-湖北民族大学官网,2026-10-01,
4142010517,湖北民族大学,history,https://www.hbmzu.edu.cn/gyzx/info/1012/32998.htm,https://www.hbmzu.edu.cn/gyzx/info/1012/32998.htm,read,恩施州委书记张忠军来学校调研-新闻网,2026-10-01,
4142010517,湖北民族大学,culture,https://www.hbmzu.edu.cn/xxgk/xxxx.htm,https://www.hbmzu.edu.cn/xxgk/xxxx.htm,read,学校校训-湖北民族大学官网,2026-10-01,
4142010518,汉江师范学院,homepage,https://www.hjnu.edu.cn/,https://www.hjnu.edu.cn/,read,汉江师范学院,2026-10-01,
4142010518,汉江师范学院,overview,https://www.hjnu.edu.cn/xxgk1/xxjj.htm,https://www.hjnu.edu.cn/xxgk1/xxjj.htm,read,学校简介-汉江师范学院,2026-10-01,
4142010518,汉江师范学院,charter,https://www.hjnu.edu.cn/xxgk1/xxzc.htm,https://www.hjnu.edu.cn/xxgk1/xxzc.htm,read,学校章程-汉江师范学院,2026-10-01,
4142010518,汉江师范学院,visual,https://www.hjnu.edu.cn/xxgk1/xxbs.htm,https://www.hjnu.edu.cn/xxgk1/xxbs.htm,read,学校标识-汉江师范学院,2026-10-01,
4142010518,汉江师范学院,history,https://www.hjnu.edu.cn/xxgk1/lsyg.htm,https://www.hjnu.edu.cn/xxgk1/lsyg.htm,read,历史沿革-汉江师范学院,2026-10-01,
4142010518,汉江师范学院,navigation,https://www.hjnu.edu.cn/info/1044/11823.htm,https://www.hjnu.edu.cn/info/1044/11823.htm,read,青春护生态 分类润童心——外国语志愿服务队走进杏花村开展生态文明科普实践-汉江师范学院,2026-10-01,
4142010518,汉江师范学院,overview,https://www.hjnu.edu.cn/xxgk1.htm,https://www.hjnu.edu.cn/xxgk1.htm,read,学校概况-汉江师范学院,2026-10-01,
4142010518,汉江师范学院,navigation,https://www.hjnu.edu.cn/info/1044/11833.htm,https://www.hjnu.edu.cn/info/1044/11833.htm,read,以舞润心 以艺释情｜教育学院“创意舞动”实践队赴社区开展美育志愿活动-汉江师范学院,2026-10-01,
4142010518,汉江师范学院,charter,https://www.hjnu.edu.cn/xxgk1/xxzc.htm,https://www.hjnu.edu.cn/xxgk1/xxzc.htm,read,学校章程-汉江师范学院,2026-10-01,
4142010518,汉江师范学院,overview,https://www.hjnu.edu.cn/xxgk1.htm,https://www.hjnu.edu.cn/xxgk1.htm,read,学校概况-汉江师范学院,2026-10-01,
4142010518,汉江师范学院,overview,https://www.hjnu.edu.cn/xxgk1/xxjj.htm,https://www.hjnu.edu.cn/xxgk1/xxjj.htm,read,学校简介-汉江师范学院,2026-10-01,
4142010518,汉江师范学院,history,https://www.hjnu.edu.cn/xxgk1/lsyg.htm,https://www.hjnu.edu.cn/xxgk1/lsyg.htm,read,历史沿革-汉江师范学院,2026-10-01,
4142010519,湖北文理学院,homepage,https://www.hbuas.edu.cn/,https://www.hbuas.edu.cn/,read,湖北文理学院,2026-10-01,
4142010519,湖北文理学院,overview,https://www.hbuas.edu.cn/xxgk/xxjj.htm,https://www.hbuas.edu.cn/xxgk/xxjj.htm,read,学校简介-湖北文理学院,2026-10-01,
4142010519,湖北文理学院,charter,https://www.hbuas.edu.cn/xxgk/xxzc.htm,https://www.hbuas.edu.cn/xxgk/xxzc.htm,read,学校章程-湖北文理学院,2026-10-01,
4142010519,湖北文理学院,history,https://www.hbuas.edu.cn/xxgk/lsyg.htm,https://www.hbuas.edu.cn/xxgk/lsyg.htm,read,历史沿革-湖北文理学院,2026-10-01,
4142010519,湖北文理学院,charter,https://www.hbuas.edu.cn/xxgk/xxzc.htm,https://www.hbuas.edu.cn/xxgk/xxzc.htm,read,学校章程-湖北文理学院,2026-10-01,
4142010519,湖北文理学院,overview,https://www.hbuas.edu.cn/xxgk/xxjj.htm,https://www.hbuas.edu.cn/xxgk/xxjj.htm,read,学校简介-湖北文理学院,2026-10-01,
4142010519,湖北文理学院,history,https://www.hbuas.edu.cn/xxgk/lsyg.htm,https://www.hbuas.edu.cn/xxgk/lsyg.htm,read,历史沿革-湖北文理学院,2026-10-01,
4142010520,中南财经政法大学,homepage,https://www.zuel.edu.cn/,https://www.zuel.edu.cn/,read,中南财经政法大学,2026-10-01,
4142010520,中南财经政法大学,overview,https://www.zuel.edu.cn/about/,https://www.zuel.edu.cn/about/,read,学校简介,2026-10-01,
4142010520,中南财经政法大学,charter,https://www.zuel.edu.cn/dxzc/,https://www.zuel.edu.cn/dxzc/,read,大学章程,2026-10-01,
4142010520,中南财经政法大学,visual,https://www.zuel.edu.cn/motto_ui/,https://www.zuel.edu.cn/motto_ui/,read,校训校徽,2026-10-01,
4142010520,中南财经政法大学,history,https://www.zuel.edu.cn/history/,https://www.zuel.edu.cn/history/,read,历史沿革,2026-10-01,
4142010520,中南财经政法大学,english,https://english.zuel.edu.cn,https://english.zuel.edu.cn,read,Zhongnan University of Economics and Law,2026-10-01,
4142010520,中南财经政法大学,charter,https://www.zuel.edu.cn/dxzc/,https://www.zuel.edu.cn/dxzc/,read,大学章程,2026-10-01,
4142010520,中南财经政法大学,overview,https://www.zuel.edu.cn/about/,https://www.zuel.edu.cn/about/,read,学校简介,2026-10-01,
4142010520,中南财经政法大学,history,https://www.zuel.edu.cn/history/,https://www.zuel.edu.cn/history/,read,历史沿革,2026-10-01,
4142010522,武汉体育学院,homepage,https://www.whsu.edu.cn,https://www.whsu.edu.cn,read,武汉体育学院,2026-10-01,
4142010522,武汉体育学院,overview,https://www.whsu.edu.cn/xxgk/xxjj.htm,https://www.whsu.edu.cn/xxgk/xxjj.htm,read,学校简介-武汉体育学院,2026-10-01,
4142010522,武汉体育学院,history,https://www.whsu.edu.cn/xxgk/lsyg.htm,https://www.whsu.edu.cn/xxgk/lsyg.htm,read,历史沿革-武汉体育学院,2026-10-01,
4142010522,武汉体育学院,english,https://en.whsu.edu.cn/,,access_limited,,2026-10-01,timeout
4142010522,武汉体育学院,overview,https://www.whsu.edu.cn/xxgk/xxjj.htm,https://www.whsu.edu.cn/xxgk/xxjj.htm,read,学校简介-武汉体育学院,2026-10-01,
4142010522,武汉体育学院,history,https://www.whsu.edu.cn/xxgk/lsyg.htm,https://www.whsu.edu.cn/xxgk/lsyg.htm,read,历史沿革-武汉体育学院,2026-10-01,
4142010523,湖北美术学院,homepage,https://www.hifa.edu.cn,https://www.hifa.edu.cn,read,湖北美术学院,2026-10-01,
4142010523,湖北美术学院,overview,https://www.hifa.edu.cn/xxgk/xxjj.htm,https://www.hifa.edu.cn/xxgk/xxjj.htm,read,学校简介-湖北美术学院,2026-10-01,
4142010523,湖北美术学院,charter,https://www.hifa.edu.cn/xxgk/xxzc.htm,https://www.hifa.edu.cn/xxgk/xxzc.htm,read,学校章程-湖北美术学院,2026-10-01,
4142010523,湖北美术学院,culture,https://www.hifa.edu.cn/xxgk/xxcs.htm,https://www.hifa.edu.cn/xxgk/xxcs.htm,read,校训阐释-湖北美术学院,2026-10-01,
4142010523,湖北美术学院,history,https://www.hifa.edu.cn/xxgk/lsyg.htm,https://www.hifa.edu.cn/xxgk/lsyg.htm,read,历史沿革-湖北美术学院,2026-10-01,
4142010523,湖北美术学院,navigation,https://www.hifa.edu.cn/info/1028/37225.htm,https://www.hifa.edu.cn/info/1028/37225.htm,read,2026年9月学校文化活动一栏-湖北美术学院,2026-10-01,
4142010523,湖北美术学院,charter,https://www.hifa.edu.cn/xxgk/xxzc.htm,https://www.hifa.edu.cn/xxgk/xxzc.htm,read,学校章程-湖北美术学院,2026-10-01,
4142010523,湖北美术学院,overview,https://www.hifa.edu.cn/xxgk/xxjj.htm,https://www.hifa.edu.cn/xxgk/xxjj.htm,read,学校简介-湖北美术学院,2026-10-01,
4142010523,湖北美术学院,history,https://www.hifa.edu.cn/xxgk/lsyg.htm,https://www.hifa.edu.cn/xxgk/lsyg.htm,read,历史沿革-湖北美术学院,2026-10-01,
4142010523,湖北美术学院,culture,https://www.hifa.edu.cn/xxgk/xxcs.htm,https://www.hifa.edu.cn/xxgk/xxcs.htm,read,校训阐释-湖北美术学院,2026-10-01,
4142010524,中南民族大学,homepage,https://www.scuec.edu.cn,https://www.scuec.edu.cn,read,中南民族大学,2026-10-01,
4142010524,中南民族大学,overview,https://www.scuec.edu.cn/xxkg/xxjj1.htm,https://www.scuec.edu.cn/xxkg/xxjj1.htm,read,学校简介-中南民族大学,2026-10-01,
4142010524,中南民族大学,charter,https://www.scuec.edu.cn/xxkg/dxzc.htm,https://www.scuec.edu.cn/xxkg/dxzc.htm,read,大学章程-中南民族大学,2026-10-01,
4142010524,中南民族大学,visual,https://www.scuec.edu.cn/xxkg/xxbs.htm,https://www.scuec.edu.cn/xxkg/xxbs.htm,read,学校标识-中南民族大学,2026-10-01,
4142010524,中南民族大学,navigation,http://www.scuec.edu.cn/xww/info/1004/20893.htm,https://www.scuec.edu.cn/xww/info/1004/20893.htm,read,民族团结进步宣传周 | 民族学博物馆志愿者走进光谷第十小学 -中南民族大学新闻网,2026-10-01,
4142010524,中南民族大学,english,https://english.scuec.edu.cn/,https://english.scuec.edu.cn/,read,South-Central Minzu University For Nationalities,2026-10-01,
4142010524,中南民族大学,navigation,https://www.scuec.edu.cn/xww/info/1004/20893.htm,https://www.scuec.edu.cn/xww/info/1004/20893.htm,read,民族团结进步宣传周 | 民族学博物馆志愿者走进光谷第十小学 -中南民族大学新闻网,2026-10-01,
4142010524,中南民族大学,charter,https://www.scuec.edu.cn/xxkg/dxzc.htm,https://www.scuec.edu.cn/xxkg/dxzc.htm,read,大学章程-中南民族大学,2026-10-01,
4142010524,中南民族大学,overview,https://www.scuec.edu.cn/xxkg/xxjj1.htm,https://www.scuec.edu.cn/xxkg/xxjj1.htm,read,学校简介-中南民族大学,2026-10-01,
4142010525,湖北汽车工业学院,homepage,https://www.huat.edu.cn/,https://www.huat.edu.cn/,read,湖北汽车工业学院,2026-10-01,
4142010525,湖北汽车工业学院,overview,https://www.huat.edu.cn/xxgk/xxjj.htm,https://www.huat.edu.cn/xxgk/xxjj.htm,read,学校简介-湖北汽车工业学院,2026-10-01,
4142010525,湖北汽车工业学院,charter,https://www.huat.edu.cn/xxgk/xxzc.htm,https://www.huat.edu.cn/xxgk/xxzc.htm,read,学校章程-湖北汽车工业学院,2026-10-01,
4142010525,湖北汽车工业学院,visual,https://www.huat.edu.cn/info/1042/24586.htm,https://www.huat.edu.cn/info/1042/24586.htm,read,9月份“第二课堂”主要校园文化活动安排表-湖北汽车工业学院,2026-10-01,
4142010525,湖北汽车工业学院,culture,https://www.huat.edu.cn/xxgk/xxsy.htm,https://www.huat.edu.cn/xxgk/xxsy.htm,read,校训释义-湖北汽车工业学院,2026-10-01,
4142010525,湖北汽车工业学院,english,http://en.huat.edu.cn/,https://en.huat.edu.cn/index.htm,read,Hubei University of Automotive Technology,2026-10-01,
4142010525,湖北汽车工业学院,visual,https://www.huat.edu.cn/xxgk/xhsy.htm,https://www.huat.edu.cn/xxgk/xhsy.htm,read,校徽释义-湖北汽车工业学院,2026-10-01,
4142010525,湖北汽车工业学院,culture,https://www.huat.edu.cn/info/1042/24711.htm,https://www.huat.edu.cn/info/1042/24711.htm,read,10月份“第二课堂”主要校园文化活动安排表-湖北汽车工业学院,2026-10-01,
4142010525,湖北汽车工业学院,charter,https://www.huat.edu.cn/xxgk/xxzc.htm,https://www.huat.edu.cn/xxgk/xxzc.htm,read,学校章程-湖北汽车工业学院,2026-10-01,
4142010525,湖北汽车工业学院,overview,https://www.huat.edu.cn/xxgk/xxjj.htm,https://www.huat.edu.cn/xxgk/xxjj.htm,read,学校简介-湖北汽车工业学院,2026-10-01,
4142010525,湖北汽车工业学院,culture,https://www.huat.edu.cn/xxgk/xxsy.htm,https://www.huat.edu.cn/xxgk/xxsy.htm,read,校训释义-湖北汽车工业学院,2026-10-01,
4142010525,湖北汽车工业学院,culture,https://www.huat.edu.cn/info/1042/24711.htm,https://www.huat.edu.cn/info/1042/24711.htm,read,10月份“第二课堂”主要校园文化活动安排表-湖北汽车工业学院,2026-10-01,
4142010528,湖北工程学院,homepage,http://www.hbeu.cn/,,fetch_error,,2026-10-01,URLError
4142010528,湖北工程学院,charter,https://hbeu.edu.cn/xxgk/xxzc.htm,,robots_disallowed,,2026-10-01,
4142010528,湖北工程学院,overview,https://hbeu.edu.cn/index.htm,,robots_disallowed,,2026-10-01,
4142010528,湖北工程学院,overview,https://www.hbeu.edu.cn/xxgk/xxjj.htm,https://www.hbeu.edu.cn/xxgk/xxjj.htm,read,学校简介-湖北工程学院,2026-10-01,
4142010528,湖北工程学院,navigation,https://xxgk.hbeu.edu.cn/,,robots_disallowed,,2026-10-01,
4142010528,湖北工程学院,overview,https://www.hbeu.edu.cn/xxgk/xxjj.htm,https://www.hbeu.edu.cn/xxgk/xxjj.htm,read,学校简介-湖北工程学院,2026-10-01,
4142010920,湖北理工学院,homepage,https://www.hbpu.edu.cn/,https://www.hbpu.edu.cn/,read,湖北理工学院,2026-10-01,
4142010920,湖北理工学院,overview,https://www.hbpu.edu.cn/xxgk/xxjj.htm,https://www.hbpu.edu.cn/xxgk/xxjj.htm,read,学校简介-湖北理工学院,2026-10-01,
4142010920,湖北理工学院,charter,https://www.hbpu.edu.cn/xxgk/xxzc.htm,https://www.hbpu.edu.cn/xxgk/xxzc.htm,read,学校章程-湖北理工学院,2026-10-01,
4142010920,湖北理工学院,visual,https://www.hbpu.edu.cn/xxgk/xxbs.htm,https://www.hbpu.edu.cn/xxgk/xxbs.htm,read,学校标识-湖北理工学院,2026-10-01,
4142010920,湖北理工学院,culture,https://www.hbpu.edu.cn/xywh.htm,https://www.hbpu.edu.cn/xywh.htm,read,校园文化-湖北理工学院,2026-10-01,
4142010920,湖北理工学院,english,https://en.hbpu.edu.cn,https://en.hbpu.edu.cn,read,Hubei Polytechnic University,2026-10-01,
4142010920,湖北理工学院,navigation,https://www.hbpu.edu.cn/info/1022/38655.htm,https://www.hbpu.edu.cn/info/1022/38655.htm,read,“山川毓秀 故纸含情”中华优秀传统文化走进学校-湖北理工学院,2026-10-01,
4142010920,湖北理工学院,charter,https://www.hbpu.edu.cn/xxgk/xxzc.htm,https://www.hbpu.edu.cn/xxgk/xxzc.htm,read,学校章程-湖北理工学院,2026-10-01,
4142010920,湖北理工学院,overview,https://www.hbpu.edu.cn/xxgk/xxjj.htm,https://www.hbpu.edu.cn/xxgk/xxjj.htm,read,学校简介-湖北理工学院,2026-10-01,
4142010920,湖北理工学院,culture,https://www.hbpu.edu.cn/xywh.htm,https://www.hbpu.edu.cn/xywh.htm,read,校园文化-湖北理工学院,2026-10-01,
4142010927,湖北科技学院,homepage,https://www.hbust.edu.cn/,https://www.hbust.edu.cn/,read,湖北科技学院,2026-10-01,
4142010927,湖北科技学院,overview,https://www.hbust.edu.cn/xxgk/xxjj1.htm,https://www.hbust.edu.cn/xxgk/xxjj1.htm,read,学校简介-湖北科技学院,2026-10-01,
4142010927,湖北科技学院,visual,https://www.hbust.edu.cn/xywh1.htm,https://www.hbust.edu.cn/xywh1.htm,read,校园文化-湖北科技学院,2026-10-01,
4142010927,湖北科技学院,history,https://www.hbust.edu.cn/xxgk/lsyg1.htm,https://www.hbust.edu.cn/xxgk/lsyg1.htm,read,历史沿革-湖北科技学院,2026-10-01,
4142010927,湖北科技学院,overview,https://www.hbust.edu.cn/xxgk/xxjj1.htm,https://www.hbust.edu.cn/xxgk/xxjj1.htm,read,学校简介-湖北科技学院,2026-10-01,
4142010927,湖北科技学院,history,https://www.hbust.edu.cn/xxgk/lsyg1.htm,https://www.hbust.edu.cn/xxgk/lsyg1.htm,read,历史沿革-湖北科技学院,2026-10-01,
4142010929,湖北医药学院,homepage,https://www.hbmu.edu.cn/,https://www.hbmu.edu.cn/,read,湖北医药学院,2026-10-01,
4142010929,湖北医药学院,overview,https://www.hbmu.edu.cn/854/list.htm,https://www.hbmu.edu.cn/854/list.htm,read,学校简介,2026-10-01,
4142010929,湖北医药学院,charter,https://www.hbmu.edu.cn/856/list.htm,https://www.hbmu.edu.cn/856/list.htm,read,学校章程,2026-10-01,
4142010929,湖北医药学院,history,https://www.hbmu.edu.cn/857/list.htm,https://www.hbmu.edu.cn/857/list.htm,read,历史沿革,2026-10-01,
4142010929,湖北医药学院,navigation,https://www.hbmu.edu.cn/2026/0907/c1052a172069/page.htm,https://www.hbmu.edu.cn/2026/0907/c1052a172069/page.htm,read,【湖北日报】湖北医药学院“杏林红”健康集市首次走进西藏琼结,2026-10-01,
4142010929,湖北医药学院,overview,https://www.hbmu.edu.cn/834/list.htm,https://www.hbmu.edu.cn/834/list.htm,read,学校简介,2026-10-01,
4142010929,湖北医药学院,charter,https://www.hbmu.edu.cn/2025/0612/c856a8907/page.htm,https://www.hbmu.edu.cn/2025/0612/c856a8907/page.htm,read,学校章程,2026-10-01,
4142010929,湖北医药学院,history,https://www.hbmu.edu.cn/2025/0612/c857a8908/page.htm,https://www.hbmu.edu.cn/2025/0612/c857a8908/page.htm,read,历史沿革,2026-10-01,
4142010929,湖北医药学院,overview,https://www.hbmu.edu.cn/2026/0304/c854a163129/page.htm,https://www.hbmu.edu.cn/2026/0304/c854a163129/page.htm,read,学校简介,2026-10-01,
4142010929,湖北医药学院,charter,https://www.hbmu.edu.cn/856/list.htm,https://www.hbmu.edu.cn/856/list.htm,read,学校章程,2026-10-01,
4142010929,湖北医药学院,charter,https://www.hbmu.edu.cn/2025/0612/c856a8907/page.htm,https://www.hbmu.edu.cn/2025/0612/c856a8907/page.htm,read,学校章程,2026-10-01,
4142010929,湖北医药学院,overview,https://www.hbmu.edu.cn/854/list.htm,https://www.hbmu.edu.cn/854/list.htm,read,学校简介,2026-10-01,
4142010929,湖北医药学院,overview,https://www.hbmu.edu.cn/834/list.htm,https://www.hbmu.edu.cn/834/list.htm,read,学校简介,2026-10-01,
4142010929,湖北医药学院,overview,https://www.hbmu.edu.cn/2026/0304/c854a163129/page.htm,https://www.hbmu.edu.cn/2026/0304/c854a163129/page.htm,read,学校简介,2026-10-01,
4142011072,江汉大学,homepage,https://www.jhun.edu.cn/,https://www.jhun.edu.cn/,read,江汉大学,2026-10-01,
4142011072,江汉大学,overview,https://www.jhun.edu.cn/7558/list.htm,https://www.jhun.edu.cn/7558/list.htm,read,学校简介,2026-10-01,
4142011072,江汉大学,charter,https://www.jhun.edu.cn/7559/list.htm,https://www.jhun.edu.cn/7559/list.htm,read,学校章程,2026-10-01,
4142011072,江汉大学,visual,https://www.jhun.edu.cn/7562/list.htm,https://www.jhun.edu.cn/7562/list.htm,read,学校标识,2026-10-01,
4142011072,江汉大学,navigation,https://www.jhun.edu.cn/7557/list.htm,https://www.jhun.edu.cn/7557/list.htm,read,走进江大,2026-10-01,
4142011072,江汉大学,overview,https://www.jhun.edu.cn/7551/list.htm,https://www.jhun.edu.cn/7551/list.htm,read,学校概况,2026-10-01,
4142011072,江汉大学,charter,http://www.jhun.edu.cn/7559/list.htm,http://www.jhun.edu.cn/7559/list.htm,read,学校章程,2026-10-01,
4142011072,江汉大学,visual,http://www.jhun.edu.cn/7562/list.htm,http://www.jhun.edu.cn/7562/list.htm,read,学校标识,2026-10-01,
4142011072,江汉大学,navigation,http://www.jhun.edu.cn/7557/list.htm,http://www.jhun.edu.cn/7557/list.htm,read,走进江大,2026-10-01,
4142011072,江汉大学,overview,http://www.jhun.edu.cn/7558/list.htm,http://www.jhun.edu.cn/7558/list.htm,read,学校简介,2026-10-01,
4142011072,江汉大学,charter,http://www.jhun.edu.cn/7559/list.htm,http://www.jhun.edu.cn/7559/list.htm,read,学校章程,2026-10-01,
4142011072,江汉大学,charter,https://www.jhun.edu.cn/7559/list.htm,https://www.jhun.edu.cn/7559/list.htm,read,学校章程,2026-10-01,
4142011072,江汉大学,overview,http://www.jhun.edu.cn/7558/list.htm,http://www.jhun.edu.cn/7558/list.htm,read,学校简介,2026-10-01,
4142011072,江汉大学,overview,https://www.jhun.edu.cn/7558/list.htm,https://www.jhun.edu.cn/7558/list.htm,read,学校简介,2026-10-01,
4142011072,江汉大学,overview,https://www.jhun.edu.cn/7551/list.htm,https://www.jhun.edu.cn/7551/list.htm,read,学校概况,2026-10-01,
4142011075,三峡大学,homepage,https://www.ctgu.edu.cn,https://www.ctgu.edu.cn,read,三峡大学,2026-10-01,
4142011075,三峡大学,overview,https://www.ctgu.edu.cn/xxgk2/xxjj.htm,https://www.ctgu.edu.cn/xxgk2/xxjj.htm,read,学校简介-三峡大学,2026-10-01,
4142011075,三峡大学,charter,https://www.ctgu.edu.cn/xxgk2/dxzc.htm,https://www.ctgu.edu.cn/xxgk2/dxzc.htm,read,大学章程-三峡大学,2026-10-01,
4142011075,三峡大学,charter,https://www.ctgu.edu.cn/xxgk2/dxzc.htm,https://www.ctgu.edu.cn/xxgk2/dxzc.htm,read,大学章程-三峡大学,2026-10-01,
4142011075,三峡大学,overview,https://www.ctgu.edu.cn/xxgk2/xxjj.htm,https://www.ctgu.edu.cn/xxgk2/xxjj.htm,read,学校简介-三峡大学,2026-10-01,
4142011332,湖北警官学院,homepage,https://www.hbpa.edu.cn/,https://www.hbpa.edu.cn/,read,湖北警官学院,2026-10-01,
4142011332,湖北警官学院,culture,https://www.hbpa.edu.cn/list.jsp?urltype=tree.TreeTempUrl&wbtreeid=1213,https://www.hbpa.edu.cn/system/resource/code/auth/ipauth.htm,insufficient_text,系统提示,2026-10-01,
4142011336,荆楚理工学院,homepage,https://www.jcut.edu.cn/,https://www.jcut.edu.cn/,read,荆楚理工学院,2026-10-01,
4142011336,荆楚理工学院,overview,https://www.jcut.edu.cn/xygk/xyjj.htm,https://www.jcut.edu.cn/xygk/xyjj.htm,read,学院简介-荆楚理工学院,2026-10-01,
4142011336,荆楚理工学院,charter,https://www.jcut.edu.cn/xygk/xyzc.htm,https://www.jcut.edu.cn/xygk/xyzc.htm,read,学院章程-荆楚理工学院,2026-10-01,
4142011336,荆楚理工学院,visual,https://www.jcut.edu.cn/xywh/xxxt.htm,https://www.jcut.edu.cn/xywh/xxxt.htm,read,形象系统-荆楚理工学院,2026-10-01,
4142011336,荆楚理工学院,history,https://www.jcut.edu.cn/info/1062/14600.htm,https://www.jcut.edu.cn/info/1062/14600.htm,read,校史馆开展新生入学教育活动-荆楚理工学院,2026-10-01,
4142011336,荆楚理工学院,charter,https://www.jcut.edu.cn/xygk/xyzc.htm,https://www.jcut.edu.cn/xygk/xyzc.htm,read,学院章程-荆楚理工学院,2026-10-01,
4142011336,荆楚理工学院,overview,https://www.jcut.edu.cn/xygk/xyjj.htm,https://www.jcut.edu.cn/xygk/xyjj.htm,read,学院简介-荆楚理工学院,2026-10-01,
4142011336,荆楚理工学院,history,https://www.jcut.edu.cn/info/1062/14600.htm,https://www.jcut.edu.cn/info/1062/14600.htm,read,校史馆开展新生入学教育活动-荆楚理工学院,2026-10-01,
4142011524,武汉音乐学院,homepage,http://www.whcm.edu.cn,,fetch_error,,2026-10-01,timeout
4142011524,武汉音乐学院,overview,https://jyt.hubei.gov.cn/bmdt/ztzl/hbsxxcy/whcm/,https://jyt.hubei.gov.cn/bmdt/ztzl/hbsxxcy/whcm/,read,武汉音乐学院-湖北省教育厅,2026-10-01,
4142011524,武汉音乐学院,overview,https://jyt.hubei.gov.cn/bmdt/ztzl/hbsxxcy/whcm/,https://jyt.hubei.gov.cn/bmdt/ztzl/hbsxxcy/whcm/,read,武汉音乐学院-湖北省教育厅,2026-10-01,
4142011600,湖北经济学院,homepage,https://www.hbue.edu.cn,https://www.hbue.edu.cn,read,湖北经济学院,2026-10-01,
4142011600,湖北经济学院,overview,https://www.hbue.edu.cn/432/list.htm,https://www.hbue.edu.cn/432/list.htm,read,学校简介,2026-10-01,
4142011600,湖北经济学院,visual,http://www.hbue.edu.cn/xywh/list.htm,https://www.hbue.edu.cn/xywh/list.htm,read,校园文化,2026-10-01,
4142011600,湖北经济学院,culture,https://www.hbue.edu.cn/xywh/list.htm,https://www.hbue.edu.cn/xywh/list.htm,read,校园文化,2026-10-01,
4142011600,湖北经济学院,history,https://www.hbue.edu.cn/433/list.htm,https://www.hbue.edu.cn/433/list.htm,read,历史沿革,2026-10-01,
4142011600,湖北经济学院,english,http://english.hbue.edu.cn,https://english.hbue.edu.cn/,read,湖北经济学院英文站,2026-10-01,
4142011600,湖北经济学院,overview,https://www.hbue.edu.cn/421/list.htm,https://www.hbue.edu.cn/421/list.htm,read,学校简介,2026-10-01,
4142011600,湖北经济学院,visual,https://www.hbue.edu.cn/435/list.htm,https://www.hbue.edu.cn/435/list.htm,read,校名、校徽、校训,2026-10-01,
4142011600,湖北经济学院,visual,https://www.hbue.edu.cn/xxsbxt/list.htm,https://www.hbue.edu.cn/xxsbxt/list.htm,read,形象识别系统,2026-10-01,
4142011600,湖北经济学院,overview,https://www.hbue.edu.cn/432/list.htm,https://www.hbue.edu.cn/432/list.htm,read,学校简介,2026-10-01,
4142011600,湖北经济学院,overview,https://www.hbue.edu.cn/421/list.htm,https://www.hbue.edu.cn/421/list.htm,read,学校简介,2026-10-01,
4142011600,湖北经济学院,history,https://www.hbue.edu.cn/433/list.htm,https://www.hbue.edu.cn/433/list.htm,read,历史沿革,2026-10-01,
4142011600,湖北经济学院,culture,https://www.hbue.edu.cn/xywh/list.htm,https://www.hbue.edu.cn/xywh/list.htm,read,校园文化,2026-10-01,
4142011654,武汉商学院,homepage,https://www.wbu.edu.cn/,https://www.wbu.edu.cn/,read,武汉商学院,2026-10-01,
4142011654,武汉商学院,overview,https://www.wbu.edu.cn/7/list.htm,https://www.wbu.edu.cn/7/list.htm,read,学校简介,2026-10-01,
4142011654,武汉商学院,history,https://www.wbu.edu.cn/8/list.htm,https://www.wbu.edu.cn/8/list.htm,read,历史沿革,2026-10-01,
4142011654,武汉商学院,navigation,https://www.wbu.edu.cn/2026/0926/c124a91193/page.htm,https://www.wbu.edu.cn/2026/0926/c124a91193/page.htm,read,巾帼大宣讲走进我校  用同龄人奋斗故事讲活思政课,2026-10-01,
4142011654,武汉商学院,overview,https://www.wbu.edu.cn/5/list.htm,https://www.wbu.edu.cn/5/list.htm,read,学校简介,2026-10-01,
4142011654,武汉商学院,overview,https://www.wbu.edu.cn/7/list.htm,https://www.wbu.edu.cn/7/list.htm,read,学校简介,2026-10-01,
4142011654,武汉商学院,overview,https://www.wbu.edu.cn/5/list.htm,https://www.wbu.edu.cn/5/list.htm,read,学校简介,2026-10-01,
4142011654,武汉商学院,history,https://www.wbu.edu.cn/8/list.htm,https://www.wbu.edu.cn/8/list.htm,read,历史沿革,2026-10-01,
4142011800,汉口学院,homepage,https://www.hkxy.edu.cn/,https://www.hkxy.edu.cn/,read,汉口学院官方网站,2026-10-01,
4142011800,汉口学院,overview,http://www.hkxy.edu.cn/html/1023/,https://www.hkxy.edu.cn/html/1023/,read,学校简介_汉口学院官方网站,2026-10-01,
4142011800,汉口学院,visual,http://www.hkxy.edu.cn/html/948/,https://www.hkxy.edu.cn/html/948/,read,校徽校训_汉口学院官方网站,2026-10-01,
4142011800,汉口学院,overview,https://www.hkxy.edu.cn/html/1023/,https://www.hkxy.edu.cn/html/1023/,read,学校简介_汉口学院官方网站,2026-10-01,
4142011800,汉口学院,visual,https://www.hkxy.edu.cn/html/948/,https://www.hkxy.edu.cn/html/948/,read,校徽校训_汉口学院官方网站,2026-10-01,
4142011800,汉口学院,overview,https://www.hkxy.edu.cn/html/1023/,https://www.hkxy.edu.cn/html/1023/,read,学校简介_汉口学院官方网站,2026-10-01,
4142013241,武昌工学院,homepage,https://www.wpuic.net.cn/,,fetch_error,,2026-10-01,URLError
4142013245,荆州学院,homepage,https://www.jzun.edu.cn/,https://www.jzun.edu.cn/,read,荆州学院,2026-10-01,
4142013245,荆州学院,overview,https://www.jzun.edu.cn/info/164/6008.htm,https://www.jzun.edu.cn/info/164/6008.htm,read,学校简介-荆州学院,2026-10-01,
4142013245,荆州学院,visual,https://www.jzun.edu.cn/visual,http://www.jzun.edu.cn/visual/,read,荆州学院视觉形象管理系统,2026-10-01,
4142013245,荆州学院,culture,https://www.jzun.edu.cn/info/683/16574.htm,https://www.jzun.edu.cn/info/683/16574.htm,read,校训-荆州学院,2026-10-01,
4142013245,荆州学院,visual,http://www.jzun.edu.cn/visual/channels/1426.htm,http://www.jzun.edu.cn/visual/channels/1426.htm,read,荆州学院视觉形象管理系统,2026-10-01,
4142013245,荆州学院,overview,https://www.jzun.edu.cn/info/164/6008.htm,https://www.jzun.edu.cn/info/164/6008.htm,read,学校简介-荆州学院,2026-10-01,
4142013245,荆州学院,culture,https://www.jzun.edu.cn/info/683/16574.htm,https://www.jzun.edu.cn/info/683/16574.htm,read,校训-荆州学院,2026-10-01,
4142013262,文华学院,homepage,https://www.hustwenhua.net/,https://www.hustwenhua.net/,read,文华学院官网,2026-10-01,
4142013262,文华学院,overview,https://www.hustwenhua.net/xxgk/xxjj/xxjs.htm,,access_limited,,2026-10-01,HTTPError
4142013262,文华学院,overview,https://www.hustwenhua.net/xxgk.htm,,access_limited,,2026-10-01,HTTPError
4142013262,文华学院,navigation,https://www.hustwenhua.net/zjwh.htm,https://www.hustwenhua.net/zjwh.htm,read,走进文华-文华学院官网,2026-10-01,
4142013262,文华学院,navigation,https://www.hustwenhua.net/xxgk/xxwh.htm,,access_limited,,2026-10-01,HTTPError
4142013634,武汉学院,homepage,https://www.whxy.edu.cn/,,access_limited,,2026-10-01,URLError
4142013634,武汉学院,overview,https://www.whxy.edu.cn/xxgk/xxjj.htm,,access_limited,,2026-10-01,URLError
4142014099,湖北第二师范学院,homepage,https://www.hue.edu.cn,https://www.hue.edu.cn,read,湖北第二师范学院,2026-10-01,
4142014099,湖北第二师范学院,overview,https://www.hue.edu.cn/14806/list.htm,https://www.hue.edu.cn/14806/list.htm,read,学校简介,2026-10-01,
4142014099,湖北第二师范学院,visual,https://vis.hue.edu.cn/,https://vis.hue.edu.cn/,read,校园视觉形象,2026-10-01,
4142014099,湖北第二师范学院,history,https://www.hue.edu.cn/14807/list.htm,https://www.hue.edu.cn/14807/list.htm,read,历史沿革,2026-10-01,
4142014099,湖北第二师范学院,english,https://www.hue.edu.cn/14841/list.htm,https://www.hue.edu.cn/14841/list.htm,read,English Version,2026-10-01,
4142014099,湖北第二师范学院,overview,https://www.hue.edu.cn/14799/list.htm,https://www.hue.edu.cn/14799/list.htm,read,学院概况,2026-10-01,
4142014099,湖北第二师范学院,visual,http://vis.hue.edu.cn/23779/list.htm,https://vis.hue.edu.cn/23779/list.htm,read,校园视觉形象,2026-10-01,
4142014099,湖北第二师范学院,visual,https://vis.hue.edu.cn/2024/0307/c23775a171791/page.htm,https://vis.hue.edu.cn/2024/0307/c23775a171791/page.htm,read,视觉形象识别系统解读说明,2026-10-01,
4142014099,湖北第二师范学院,overview,https://www.hue.edu.cn/14806/list.htm,https://www.hue.edu.cn/14806/list.htm,read,学校简介,2026-10-01,
4142014099,湖北第二师范学院,overview,https://www.hue.edu.cn/14799/list.htm,https://www.hue.edu.cn/14799/list.htm,read,学院概况,2026-10-01,
4142014099,湖北第二师范学院,history,https://www.hue.edu.cn/14807/list.htm,https://www.hue.edu.cn/14807/list.htm,read,历史沿革,2026-10-01,
4142014950,网络空间安全学院,homepage,https://www.csuc.edu.cn,,fetch_error,,2026-10-01,URLError
4142014950,网络空间安全学院,overview,https://cyber.seu.edu.cn/,https://cyber.seu.edu.cn/,read,网络空间安全学院,2026-10-01,
4142014950,网络空间安全学院,overview,https://cse.nuist.edu.cn/main.htm,https://cse.nuist.edu.cn/main.htm,read,网络空间安全学院,2026-10-01,
4142014950,网络空间安全学院,overview,https://cybersec.xjtu.edu.cn/xygk/xyjj.htm,https://cybersec.xjtu.edu.cn/xygk/xyjj.htm,read,学院简介-网络空间安全学院,2026-10-01,
4142014950,网络空间安全学院,overview,https://cse.cwxu.edu.cn/,https://cse.cwxu.edu.cn/,read,网络空间安全学院,2026-10-01,
4142014950,网络空间安全学院,overview,https://cyber.seu.edu.cn/,https://cyber.seu.edu.cn/,read,网络空间安全学院,2026-10-01,
4142014950,网络空间安全学院,overview,https://cse.nuist.edu.cn/main.htm,https://cse.nuist.edu.cn/main.htm,read,网络空间安全学院,2026-10-01,
4143010530,湘潭大学,homepage,https://www.xtu.edu.cn/,https://www.xtu.edu.cn/,read,湘潭大学,2026-10-01,
4143010530,湘潭大学,overview,https://www.xtu.edu.cn/xdgk/xxjj.htm,https://www.xtu.edu.cn/xdgk/xxjj.htm,read,学校简介-湘潭大学,2026-10-01,
4143010530,湘潭大学,charter,https://www.xtu.edu.cn/xdgk/xxzc.htm,https://www.xtu.edu.cn/xdgk/xxzc.htm,read,学校章程-湘潭大学,2026-10-01,
4143010530,湘潭大学,visual,https://www.xtu.edu.cn/xysh/xywh.htm,https://www.xtu.edu.cn/xysh/xywh.htm,read,校园文化-湘潭大学,2026-10-01,
4143010530,湘潭大学,culture,https://www.xtu.edu.cn/xdgk/whbs/xx.htm,https://www.xtu.edu.cn/xdgk/whbs/xx.htm,read,校训-湘潭大学,2026-10-01,
4143010530,湘潭大学,english,https://en.xtu.edu.cn,https://en.xtu.edu.cn,read,Xiangtan University,2026-10-01,
4143010530,湘潭大学,charter,https://www.xtu.edu.cn/system/_content/download.jsp?urltype=news.DownloadAttachUrl&owner=1954957442&wbfileid=18180055,https://www.xtu.edu.cn/system/_content/download.jsp?urltype=news.DownloadAttachUrl&owner=1954957442&wbfileid=18180055,insufficient_text,附件下载,2026-10-01,
4143010530,湘潭大学,visual,https://www.xtu.edu.cn/xdgk/whbs/xh.htm,https://www.xtu.edu.cn/xdgk/whbs/xh.htm,read,校徽-湘潭大学,2026-10-01,
4143010530,湘潭大学,culture,https://www.xtu.edu.cn/xdgk/whbs/xg.htm,https://www.xtu.edu.cn/xdgk/whbs/xg.htm,read,校歌-湘潭大学,2026-10-01,
4143010530,湘潭大学,visual,https://www.xtu.edu.cn/system/_content/download.jsp?urltype=news.DownloadAttachUrl&owner=1954957442&wbfileid=12068391,https://www.xtu.edu.cn/system/_content/download.jsp?urltype=news.DownloadAttachUrl&owner=1954957442&wbfileid=12068391,insufficient_text,附件下载,2026-10-01,
4143010530,湘潭大学,charter,https://www.xtu.edu.cn/xdgk/xxzc.htm,https://www.xtu.edu.cn/xdgk/xxzc.htm,read,学校章程-湘潭大学,2026-10-01,
4143010530,湘潭大学,overview,https://www.xtu.edu.cn/xdgk/xxjj.htm,https://www.xtu.edu.cn/xdgk/xxjj.htm,read,学校简介-湘潭大学,2026-10-01,
4143010530,湘潭大学,culture,https://www.xtu.edu.cn/xdgk/whbs/xx.htm,https://www.xtu.edu.cn/xdgk/whbs/xx.htm,read,校训-湘潭大学,2026-10-01,
4143010530,湘潭大学,culture,https://www.xtu.edu.cn/xdgk/whbs/xg.htm,https://www.xtu.edu.cn/xdgk/whbs/xg.htm,read,校歌-湘潭大学,2026-10-01,
4143010531,吉首大学,homepage,http://www.jsu.edu.cn/,http://www.jsu.edu.cn/,read,吉首大学,2026-10-01,
4143010531,吉首大学,overview,http://www.jsu.edu.cn/xxgk/xxjj/index.htm,http://www.jsu.edu.cn/xxgk/xxjj/index.htm,read,学校简介 - 吉首大学,2026-10-01,
4143010531,吉首大学,charter,http://www.jsu.edu.cn/xxgk/xxzc/index.htm,http://www.jsu.edu.cn/xxgk/xxzc/index.htm,read,学校章程 - 吉首大学,2026-10-01,
4143010531,吉首大学,navigation,http://news.jsu.edu.cn/ybcz/3efb9fba752b4ff5aab86eb55a1321e5.htm,https://news.jsu.edu.cn/ybcz/3efb9fba752b4ff5aab86eb55a1321e5.htm,read,"校社协同育新人 实践淬炼真本领
——我校“从文班”与团结报社联合开展暑期集中实习 - 院部传真 - 吉首大学新闻网",2026-10-01,
4143010531,吉首大学,charter,http://www.jsu.edu.cn/xxgk/xxzc/index.htm,http://www.jsu.edu.cn/xxgk/xxzc/index.htm,read,学校章程 - 吉首大学,2026-10-01,
4143010531,吉首大学,overview,http://www.jsu.edu.cn/xxgk/xxjj/index.htm,http://www.jsu.edu.cn/xxgk/xxjj/index.htm,read,学校简介 - 吉首大学,2026-10-01,
4143010532,湖南大学,homepage,https://www.hnu.edu.cn,https://www.hnu.edu.cn,read,湖南大学,2026-10-01,
4143010532,湖南大学,overview,https://www.hnu.edu.cn/hdgk/xxjj.htm,https://www.hnu.edu.cn/hdgk/xxjj.htm,read,学校简介-湖南大学,2026-10-01,
4143010532,湖南大学,visual,https://www.hnu.edu.cn/hdgk/xywh.htm,https://www.hnu.edu.cn/hdgk/xywh.htm,read,校园文化-湖南大学,2026-10-01,
4143010532,湖南大学,culture,https://www.hnu.edu.cn/hdgk/xywh/xg.htm,https://www.hnu.edu.cn/hdgk/xywh/xg.htm,read,校歌-湖南大学,2026-10-01,
4143010532,湖南大学,history,https://www.hnu.edu.cn/hdgk/lsyg.htm,https://www.hnu.edu.cn/hdgk/lsyg.htm,read,历史沿革-湖南大学,2026-10-01,
4143010532,湖南大学,english,http://www-en.hnu.edu.cn/,http://www-en.hnu.edu.cn/,read,湖南大学英文网,2026-10-01,
4143010532,湖南大学,visual,https://www.hnu.edu.cn/hdgk/xywh/xh.htm,https://www.hnu.edu.cn/hdgk/xywh/xh.htm,read,校徽-湖南大学,2026-10-01,
4143010532,湖南大学,culture,https://www.hnu.edu.cn/hdgk/xywh/xx.htm,https://www.hnu.edu.cn/hdgk/xywh/xx.htm,read,校训-湖南大学,2026-10-01,
4143010532,湖南大学,overview,https://www.hnu.edu.cn/hdgk/xxjj.htm,https://www.hnu.edu.cn/hdgk/xxjj.htm,read,学校简介-湖南大学,2026-10-01,
4143010532,湖南大学,history,https://www.hnu.edu.cn/hdgk/lsyg.htm,https://www.hnu.edu.cn/hdgk/lsyg.htm,read,历史沿革-湖南大学,2026-10-01,
4143010532,湖南大学,culture,https://www.hnu.edu.cn/hdgk/xywh/xg.htm,https://www.hnu.edu.cn/hdgk/xywh/xg.htm,read,校歌-湖南大学,2026-10-01,
4143010532,湖南大学,culture,https://www.hnu.edu.cn/hdgk/xywh/xx.htm,https://www.hnu.edu.cn/hdgk/xywh/xx.htm,read,校训-湖南大学,2026-10-01,
4143010533,中南大学,homepage,https://www.csu.edu.cn/,https://www.csu.edu.cn/,read,中南大学,2026-10-01,
4143010533,中南大学,overview,https://www.csu.edu.cn/zjzn/xxgk.htm,https://www.csu.edu.cn/zjzn/xxgk.htm,read,学校概况-中南大学,2026-10-01,
4143010533,中南大学,charter,https://www.csu.edu.cn/zjzn/xxzc.htm,https://www.csu.edu.cn/zjzn/xxzc.htm,read,学校章程-中南大学,2026-10-01,
4143010533,中南大学,visual,https://www.csu.edu.cn/zjzn/xxbs/xm.htm,https://www.csu.edu.cn/zjzn/xxbs/xm.htm,read,校名-中南大学,2026-10-01,
4143010533,中南大学,culture,https://www.csu.edu.cn/zjzn/xxbs/xx.htm,https://www.csu.edu.cn/zjzn/xxbs/xx.htm,read,校训-中南大学,2026-10-01,
4143010533,中南大学,history,https://www.csu.edu.cn/zjzn/lsyg.htm,https://www.csu.edu.cn/zjzn/lsyg.htm,read,历史沿革-中南大学,2026-10-01,
4143010533,中南大学,english,http://en.csu.edu.cn,https://en.csu.edu.cn/,read,Central South University,2026-10-01,
4143010533,中南大学,navigation,https://www.csu.edu.cn/zjzn.htm,https://www.csu.edu.cn/zjzn.htm,read,走进中南-中南大学,2026-10-01,
4143010533,中南大学,visual,https://www.csu.edu.cn/zjzn/xxbs/xh.htm,https://www.csu.edu.cn/zjzn/xxbs/xh.htm,read,校徽-中南大学,2026-10-01,
4143010533,中南大学,visual,https://www.csu.edu.cn/zjzn/xxbs/bzs.htm,https://www.csu.edu.cn/zjzn/xxbs/bzs.htm,read,标准色-中南大学,2026-10-01,
4143010533,中南大学,charter,https://www.csu.edu.cn/zjzn/xxzc.htm,https://www.csu.edu.cn/zjzn/xxzc.htm,read,学校章程-中南大学,2026-10-01,
4143010533,中南大学,overview,https://www.csu.edu.cn/zjzn/xxgk.htm,https://www.csu.edu.cn/zjzn/xxgk.htm,read,学校概况-中南大学,2026-10-01,
4143010533,中南大学,history,https://www.csu.edu.cn/zjzn/lsyg.htm,https://www.csu.edu.cn/zjzn/lsyg.htm,read,历史沿革-中南大学,2026-10-01,
4143010533,中南大学,culture,https://www.csu.edu.cn/zjzn/xxbs/xx.htm,https://www.csu.edu.cn/zjzn/xxbs/xx.htm,read,校训-中南大学,2026-10-01,
4143010534,湖南科技大学,homepage,https://www.hnust.edu.cn/,https://www.hnust.edu.cn/,read,湖南科技大学,2026-10-01,
4143010534,湖南科技大学,overview,https://www.hnust.edu.cn/xxgk/xxjj/index.htm,https://www.hnust.edu.cn/xxgk/xxjj/index.htm,read,学校简介 - 湖南科技大学,2026-10-01,
4143010534,湖南科技大学,charter,https://www.hnust.edu.cn/xxgk/xxzc/index.htm,https://www.hnust.edu.cn/xxgk/xxzc/index.htm,read,学校章程 - 湖南科技大学,2026-10-01,
4143010534,湖南科技大学,visual,https://www.hnust.edu.cn/xxgk/xxbz/index.htm,https://www.hnust.edu.cn/xxgk/xxbz/index.htm,insufficient_text,,2026-10-01,
4143010534,湖南科技大学,history,https://dag.hnust.edu.cn/?from=kdocs_link,https://dag.hnust.edu.cn/?from=kdocs_link,read,湖南科技大学档案馆,2026-10-01,
4143010534,湖南科技大学,english,https://english.hnust.edu.cn/,https://english.hnust.edu.cn/,read,Hunan University of Science and Technology,2026-10-01,
4143010534,湖南科技大学,navigation,https://www.hnust.edu.cn/zjkd/index.htm,https://www.hnust.edu.cn/zjkd/index.htm,insufficient_text,,2026-10-01,
4143010534,湖南科技大学,overview,https://www.hnust.edu.cn/xxgk/index.htm,https://www.hnust.edu.cn/xxgk/index.htm,insufficient_text,,2026-10-01,
4143010534,湖南科技大学,charter,https://www.hnust.edu.cn/xxgk/xxzc/index.htm,https://www.hnust.edu.cn/xxgk/xxzc/index.htm,read,学校章程 - 湖南科技大学,2026-10-01,
4143010534,湖南科技大学,overview,https://www.hnust.edu.cn/xxgk/xxjj/index.htm,https://www.hnust.edu.cn/xxgk/xxjj/index.htm,read,学校简介 - 湖南科技大学,2026-10-01,
4143010534,湖南科技大学,history,https://dag.hnust.edu.cn/?from=kdocs_link,https://dag.hnust.edu.cn/?from=kdocs_link,read,湖南科技大学档案馆,2026-10-01,
4143010536,长沙理工大学,homepage,https://www.csust.edu.cn/,https://www.csust.edu.cn/,read,长沙理工大学,2026-10-01,
4143010536,长沙理工大学,overview,https://www.csust.edu.cn/xxgk/xxjj.htm,https://www.csust.edu.cn/xxgk/xxjj.htm,read,学校简介-长沙理工大学,2026-10-01,
4143010536,长沙理工大学,charter,https://www.csust.edu.cn/xxgk/xxzc.htm,https://www.csust.edu.cn/xxgk/xxzc.htm,read,学校章程-长沙理工大学,2026-10-01,
4143010536,长沙理工大学,culture,https://www.csust.edu.cn/xywh/jswh.htm,https://www.csust.edu.cn/xywh/jswh.htm,read,精神文化-长沙理工大学,2026-10-01,
4143010536,长沙理工大学,visual,https://www.csust.edu.cn/xywh/jswh/xhxm.htm,https://www.csust.edu.cn/xywh/jswh/xhxm.htm,read,校徽校名-长沙理工大学,2026-10-01,
4143010536,长沙理工大学,history,https://www.csust.edu.cn/xxgk/lsyg.htm,https://www.csust.edu.cn/xxgk/lsyg.htm,read,历史沿革-长沙理工大学,2026-10-01,
4143010536,长沙理工大学,overview,https://www.csust.edu.cn/xxgk.htm,https://www.csust.edu.cn/xxgk.htm,read,学校概况-长沙理工大学,2026-10-01,
4143010536,长沙理工大学,english,https://www.csust.edu.cn/pub/wwwz/index.htm,,access_limited,,2026-10-01,HTTPError
4143010536,长沙理工大学,visual,https://www.csust.edu.cn/system/_content/download.jsp?urltype=news.DownloadAttachUrl&owner=1352677379&wbfileid=1766462,https://www.csust.edu.cn/system/_content/download.jsp?urltype=news.DownloadAttachUrl&owner=1352677379&wbfileid=1766462,insufficient_text,附件下载,2026-10-01,
4143010536,长沙理工大学,culture,https://www.csust.edu.cn/xywh.htm,https://www.csust.edu.cn/xywh.htm,read,校园文化-长沙理工大学,2026-10-01,
4143010536,长沙理工大学,charter,https://www.csust.edu.cn/xxgk/xxzc.htm,https://www.csust.edu.cn/xxgk/xxzc.htm,read,学校章程-长沙理工大学,2026-10-01,
4143010536,长沙理工大学,overview,https://www.csust.edu.cn/xxgk.htm,https://www.csust.edu.cn/xxgk.htm,read,学校概况-长沙理工大学,2026-10-01,
4143010536,长沙理工大学,overview,https://www.csust.edu.cn/xxgk/xxjj.htm,https://www.csust.edu.cn/xxgk/xxjj.htm,read,学校简介-长沙理工大学,2026-10-01,
4143010536,长沙理工大学,history,https://www.csust.edu.cn/xxgk/lsyg.htm,https://www.csust.edu.cn/xxgk/lsyg.htm,read,历史沿革-长沙理工大学,2026-10-01,
4143010536,长沙理工大学,culture,https://www.csust.edu.cn/xywh.htm,https://www.csust.edu.cn/xywh.htm,read,校园文化-长沙理工大学,2026-10-01,
4143010537,湖南农业大学,homepage,https://www.hunau.edu.cn/,https://www.hunau.edu.cn/,read,湖南农业大学欢迎您! Hunan Agricultural University (HUNAU),2026-10-01,
4143010537,湖南农业大学,overview,https://www.hunau.edu.cn/zjnd/,https://www.hunau.edu.cn/zjnd/,insufficient_text,,2026-10-01,
4143010537,湖南农业大学,charter,https://www.hunau.edu.cn/zjnd/dxzc/,https://www.hunau.edu.cn/zjnd/dxzc/,insufficient_text,,2026-10-01,
4143010537,湖南农业大学,visual,https://www.hunau.edu.cn/yxndsss/whbs/sjxxsbxt/index.html,https://www.hunau.edu.cn/yxndsss/whbs/sjxxsbxt/index.html,read,湖南农业大学视觉形象识别系统,2026-10-01,
4143010537,湖南农业大学,english,https://en.hunau.edu.cn/,https://en.hunau.edu.cn/,read,Hunan Agricultural University (HUNAU),2026-10-01,
4143010537,湖南农业大学,navigation,https://www.hunau.edu.cn/yxndsss/whbs/sjxxsbxt/xxwh/,https://www.hunau.edu.cn/yxndsss/whbs/sjxxsbxt/xxwh/,read,湖南农业大学视觉形象识别系统,2026-10-01,
4143010537,湖南农业大学,culture,https://www.hunau.edu.cn/yxndsss/whbs/sjxxsbxt/xxwh/index.html,https://www.hunau.edu.cn/yxndsss/whbs/sjxxsbxt/xxwh/index.html,read,湖南农业大学视觉形象识别系统,2026-10-01,
4143010537,湖南农业大学,visual,https://www.hunau.edu.cn/yxndsss/whbs/sjxxsbxt/xxbs/,https://www.hunau.edu.cn/yxndsss/whbs/sjxxsbxt/xxbs/,read,湖南农业大学视觉形象识别系统,2026-10-01,
4143010537,湖南农业大学,visual,https://www.hunau.edu.cn/yxndsss/whbs/sjxxsbxt/xxbs/index.html,https://www.hunau.edu.cn/yxndsss/whbs/sjxxsbxt/xxbs/index.html,read,湖南农业大学视觉形象识别系统,2026-10-01,
4143010537,湖南农业大学,culture,https://www.hunau.edu.cn/yxndsss/whbs/sjxxsbxt/xxwh/index.html,https://www.hunau.edu.cn/yxndsss/whbs/sjxxsbxt/xxwh/index.html,read,湖南农业大学视觉形象识别系统,2026-10-01,
4143010538,中南林业科技大学,homepage,https://www.csuft.edu.cn/,https://www.csuft.edu.cn/,read,中南林业科技大学,2026-10-01,
4143010538,中南林业科技大学,overview,https://www.csuft.edu.cn/xxgk/xxjj.htm,https://www.csuft.edu.cn/xxgk/xxjj.htm,read,学校简介-中南林业科技大学,2026-10-01,
4143010538,中南林业科技大学,charter,https://www.csuft.edu.cn/xxgk/xxzc.htm,https://www.csuft.edu.cn/xxgk/xxzc.htm,read,学校章程-中南林业科技大学,2026-10-01,
4143010538,中南林业科技大学,visual,https://www.csuft.edu.cn/xywh/xxsb.htm,https://www.csuft.edu.cn/xywh/xxsb.htm,read,形象识别-中南林业科技大学,2026-10-01,
4143010538,中南林业科技大学,history,https://www.csuft.edu.cn/xxgk/lsyg.htm,https://www.csuft.edu.cn/xxgk/lsyg.htm,read,历史沿革-中南林业科技大学,2026-10-01,
4143010538,中南林业科技大学,english,http://io.csuft.edu.cn,https://io.csuft.edu.cn:443/,read,国际交流与合作处（港澳台办公室）,2026-10-01,
4143010538,中南林业科技大学,navigation,http://xww.csuft.edu.cn/info/1011/107371.htm,https://xww.csuft.edu.cn:443/info/1011/107371.htm,read,计算与智能教指委“走进高校”（第一期）活动在我校举行-新闻网,2026-10-01,
4143010538,中南林业科技大学,english,https://io.csuft.edu.cn:443/,https://io.csuft.edu.cn:443/,read,国际交流与合作处（港澳台办公室）,2026-10-01,
4143010538,中南林业科技大学,navigation,https://xww.csuft.edu.cn:443/info/1011/107371.htm,https://xww.csuft.edu.cn:443/info/1011/107371.htm,read,计算与智能教指委“走进高校”（第一期）活动在我校举行-新闻网,2026-10-01,
4143010538,中南林业科技大学,charter,https://www.csuft.edu.cn/xxgk/xxzc.htm,https://www.csuft.edu.cn/xxgk/xxzc.htm,read,学校章程-中南林业科技大学,2026-10-01,
4143010538,中南林业科技大学,overview,https://www.csuft.edu.cn/xxgk/xxjj.htm,https://www.csuft.edu.cn/xxgk/xxjj.htm,read,学校简介-中南林业科技大学,2026-10-01,
4143010538,中南林业科技大学,history,https://www.csuft.edu.cn/xxgk/lsyg.htm,https://www.csuft.edu.cn/xxgk/lsyg.htm,read,历史沿革-中南林业科技大学,2026-10-01,
4143010541,湖南中医药大学,homepage,http://www.hnctcm.edu.cn/,,fetch_error,,2026-10-01,URLError
4143010541,湖南中医药大学,overview,https://www.hnucm.edu.cn/,https://www.hnucm.edu.cn/,read,湖南中医药大学,2026-10-01,
4143010541,湖南中医药大学,overview,https://www.hnucm.edu.cn/xxgk/xxjj.htm,https://www.hnucm.edu.cn/xxgk/xxjj.htm,read,学校简介-湖南中医药大学,2026-10-01,
4143010541,湖南中医药大学,overview,https://gjjy.hnucm.edu.cn/__local/C/D0/05/FC68E0AC73EF959059A52C99B33_12998242_18EE00B.pdf,,access_limited,,2026-10-01,ValueError
4143010541,湖南中医药大学,overview,https://www.hnucm.edu.cn/,https://www.hnucm.edu.cn/,read,湖南中医药大学,2026-10-01,
4143010541,湖南中医药大学,overview,https://www.hnucm.edu.cn/xxgk/xxjj.htm,https://www.hnucm.edu.cn/xxgk/xxjj.htm,read,学校简介-湖南中医药大学,2026-10-01,
4143010542,湖南师范大学,homepage,https://www.hunnu.edu.cn/,https://www.hunnu.edu.cn/,read,湖南师范大学,2026-10-01,
4143010542,湖南师范大学,overview,https://www.hunnu.edu.cn/xxgk1/xxjj.htm,https://www.hunnu.edu.cn/xxgk1/xxjj.htm,read,学校简介-湖南师范大学,2026-10-01,
4143010542,湖南师范大学,charter,https://www.hunnu.edu.cn/xxgk1/xxzc.htm,https://www.hunnu.edu.cn/xxgk1/xxzc.htm,read,学校章程-湖南师范大学,2026-10-01,
4143010542,湖南师范大学,visual,https://www.hunnu.edu.cn/xxgk1/xxbs1.htm,https://www.hunnu.edu.cn/xxgk1/xxbs1.htm,read,学校标识-湖南师范大学,2026-10-01,
4143010542,湖南师范大学,culture,https://www.hunnu.edu.cn/xxgk1/xxxg1.htm,https://www.hunnu.edu.cn/xxgk1/xxxg1.htm,read,校训校歌-湖南师范大学,2026-10-01,
4143010542,湖南师范大学,history,https://www.hunnu.edu.cn/xxgk1/xxyg1.htm,https://www.hunnu.edu.cn/xxgk1/xxyg1.htm,read,学校沿革-湖南师范大学,2026-10-01,
4143010542,湖南师范大学,english,http://english.hunnu.edu.cn/,http://english.hunnu.edu.cn/,read,Hunan Normal University,2026-10-01,
4143010542,湖南师范大学,overview,https://www.hunnu.edu.cn/xxgk1.htm,https://www.hunnu.edu.cn/xxgk1.htm,read,学校概况-湖南师范大学,2026-10-01,
4143010542,湖南师范大学,charter,https://www.hunnu.edu.cn/xxgk1/xxzc.htm,https://www.hunnu.edu.cn/xxgk1/xxzc.htm,read,学校章程-湖南师范大学,2026-10-01,
4143010542,湖南师范大学,overview,https://www.hunnu.edu.cn/xxgk1.htm,https://www.hunnu.edu.cn/xxgk1.htm,read,学校概况-湖南师范大学,2026-10-01,
4143010542,湖南师范大学,overview,https://www.hunnu.edu.cn/xxgk1/xxjj.htm,https://www.hunnu.edu.cn/xxgk1/xxjj.htm,read,学校简介-湖南师范大学,2026-10-01,
4143010542,湖南师范大学,history,https://www.hunnu.edu.cn/xxgk1/xxyg1.htm,https://www.hunnu.edu.cn/xxgk1/xxyg1.htm,read,学校沿革-湖南师范大学,2026-10-01,
4143010542,湖南师范大学,culture,https://www.hunnu.edu.cn/xxgk1/xxxg1.htm,https://www.hunnu.edu.cn/xxgk1/xxxg1.htm,read,校训校歌-湖南师范大学,2026-10-01,
4143010543,湖南理工大学,homepage,https://www.hnist.edu.cn/,https://www.hnist.edu.cn/,read,湖南理工大学,2026-10-01,
4143010543,湖南理工大学,overview,https://www.hnist.edu.cn/xxgk/xxjj.htm,https://www.hnist.edu.cn/xxgk/xxjj.htm,read,学校简介-湖南理工大学,2026-10-01,
4143010543,湖南理工大学,charter,https://www.hnist.edu.cn/xxgk/xxzc.htm,https://www.hnist.edu.cn/xxgk/xxzc.htm,read,学校章程-湖南理工大学,2026-10-01,
4143010543,湖南理工大学,visual,https://www.hnist.edu.cn/xxgk/xxbz.htm,https://www.hnist.edu.cn/xxgk/xxbz.htm,read,学校标志-湖南理工大学,2026-10-01,
4143010543,湖南理工大学,culture,https://www.hnist.edu.cn/info/1013/1903.htm,https://www.hnist.edu.cn/info/1013/1903.htm,read,湖南理工大学校歌-湖南理工大学,2026-10-01,
4143010543,湖南理工大学,history,https://www.hnist.edu.cn/xxgk/lsyg.htm,https://www.hnist.edu.cn/xxgk/lsyg.htm,read,历史沿革-湖南理工大学,2026-10-01,
4143010543,湖南理工大学,visual,https://www.hnist.edu.cn/info/1013/1749.htm,https://www.hnist.edu.cn/info/1013/1749.htm,read,湖南理工大学校徽校名-湖南理工大学,2026-10-01,
4143010543,湖南理工大学,culture,https://www.hnist.edu.cn/info/1013/1750.htm,https://www.hnist.edu.cn/info/1013/1750.htm,read,湖南理工大学校训-湖南理工大学,2026-10-01,
4143010543,湖南理工大学,visual,https://www.hnist.edu.cn/system/_content/download.jsp?urltype=news.DownloadAttachUrl&owner=2051977945&wbfileid=16091905,https://www.hnist.edu.cn/system/_content/download.jsp?urltype=news.DownloadAttachUrl&owner=2051977945&wbfileid=16091905,insufficient_text,附件下载,2026-10-01,
4143010543,湖南理工大学,charter,https://www.hnist.edu.cn/xxgk/xxzc.htm,https://www.hnist.edu.cn/xxgk/xxzc.htm,read,学校章程-湖南理工大学,2026-10-01,
4143010543,湖南理工大学,overview,https://www.hnist.edu.cn/xxgk/xxjj.htm,https://www.hnist.edu.cn/xxgk/xxjj.htm,read,学校简介-湖南理工大学,2026-10-01,
4143010543,湖南理工大学,history,https://www.hnist.edu.cn/xxgk/lsyg.htm,https://www.hnist.edu.cn/xxgk/lsyg.htm,read,历史沿革-湖南理工大学,2026-10-01,
4143010543,湖南理工大学,culture,https://www.hnist.edu.cn/info/1013/1903.htm,https://www.hnist.edu.cn/info/1013/1903.htm,read,湖南理工大学校歌-湖南理工大学,2026-10-01,
4143010543,湖南理工大学,culture,https://www.hnist.edu.cn/info/1013/1750.htm,https://www.hnist.edu.cn/info/1013/1750.htm,read,湖南理工大学校训-湖南理工大学,2026-10-01,
4143010545,湘南学院,homepage,https://www.xnu.edu.cn/,https://www.xnu.edu.cn/,read,湘南学院,2026-10-01,
4143010545,湘南学院,overview,https://www.xnu.edu.cn/html/781/,https://www.xnu.edu.cn/html/781/,read,学校简介_湘南学院,2026-10-01,
4143010545,湘南学院,charter,https://www.xnu.edu.cn/html/985/,https://www.xnu.edu.cn/html/985/,read,学校章程_湘南学院,2026-10-01,
4143010545,湘南学院,visual,https://www.xnu.edu.cn/html/783/,https://www.xnu.edu.cn/html/783/,read,视觉形象识别系统_湘南学院,2026-10-01,
4143010545,湘南学院,history,https://www.xnu.edu.cn/html/825/,https://www.xnu.edu.cn/html/825/,read,历史沿革_湘南学院,2026-10-01,
4143010545,湘南学院,visual,https://atta.xnu.edu.cn/attachment/userfiles/湘南学院2021.12.18(基础部分).pdf,,access_limited,,2026-10-01,UnicodeEncodeError
4143010545,湘南学院,visual,https://atta.xnu.edu.cn/attachment/userfiles/湘南学院2021.12.7扩展)基础部分.ai,,access_limited,,2026-10-01,UnicodeEncodeError
4143010545,湘南学院,charter,https://www.xnu.edu.cn/html/985/,https://www.xnu.edu.cn/html/985/,read,学校章程_湘南学院,2026-10-01,
4143010545,湘南学院,overview,https://www.xnu.edu.cn/html/781/,https://www.xnu.edu.cn/html/781/,read,学校简介_湘南学院,2026-10-01,
4143010545,湘南学院,history,https://www.xnu.edu.cn/html/825/,https://www.xnu.edu.cn/html/825/,read,历史沿革_湘南学院,2026-10-01,
4143010545,湘南学院,charter,https://www.xnu.edu.cn/html/985/,,access_limited,,2026-10-01,URLError
4143010546,衡阳师范学院,homepage,https://www.hynu.edu.cn/,https://www.hynu.edu.cn/,read,衡阳师范学院欢迎你！,2026-10-01,
4143010546,衡阳师范学院,overview,https://www.hynu.edu.cn/xxgk.htm,https://www.hynu.edu.cn/xxgk.htm,read,学校概况-衡阳师范学院欢迎你！,2026-10-01,
4143010546,衡阳师范学院,charter,https://www.hynu.edu.cn/xxgk/xxzc.htm,https://www.hynu.edu.cn/xxgk/xxzc.htm,read,学校章程-衡阳师范学院欢迎你！,2026-10-01,
4143010546,衡阳师范学院,visual,https://www.hynu.edu.cn/xxgk/xxxgxh.htm,https://www.hynu.edu.cn/xxgk/xxxgxh.htm,read,校训校歌校徽-衡阳师范学院欢迎你！,2026-10-01,
4143010546,衡阳师范学院,culture,https://www.hynu.edu.cn/info/1027/3903.htm,https://www.hynu.edu.cn/info/1027/3903.htm,read,衡阳师范学院校歌MV （2019）-衡阳师范学院欢迎你！,2026-10-01,
4143010546,衡阳师范学院,history,https://www.hynu.edu.cn/xxgk/lsyg.htm,https://www.hynu.edu.cn/xxgk/lsyg.htm,read,历史沿革-衡阳师范学院欢迎你！,2026-10-01,
4143010546,衡阳师范学院,navigation,https://www.hynu.edu.cn/info/1033/32714.htm,https://www.hynu.edu.cn/info/1033/32714.htm,read,关于学校数据中心机房断电维护的通知-衡阳师范学院欢迎你！,2026-10-01,
4143010546,衡阳师范学院,overview,https://www.hynu.edu.cn/xxgk/xxjj.htm,https://www.hynu.edu.cn/xxgk/xxjj.htm,read,学校简介-衡阳师范学院欢迎你！,2026-10-01,
4143010546,衡阳师范学院,charter,https://www.hynu.edu.cn/info/1026/1005.htm,https://www.hynu.edu.cn/info/1026/1005.htm,read,衡阳师范学院章程-衡阳师范学院欢迎你！,2026-10-01,
4143010546,衡阳师范学院,visual,https://www.hynu.edu.cn/info/1027/5770.htm,https://www.hynu.edu.cn/info/1027/5770.htm,read,衡阳师范学院校徽校训-衡阳师范学院欢迎你！,2026-10-01,
4143010546,衡阳师范学院,charter,https://www.hynu.edu.cn/xxgk/xxzc.htm,https://www.hynu.edu.cn/xxgk/xxzc.htm,read,学校章程-衡阳师范学院欢迎你！,2026-10-01,
4143010546,衡阳师范学院,charter,https://www.hynu.edu.cn/info/1026/1005.htm,https://www.hynu.edu.cn/info/1026/1005.htm,read,衡阳师范学院章程-衡阳师范学院欢迎你！,2026-10-01,
4143010546,衡阳师范学院,overview,https://www.hynu.edu.cn/xxgk.htm,https://www.hynu.edu.cn/xxgk.htm,read,学校概况-衡阳师范学院欢迎你！,2026-10-01,
4143010546,衡阳师范学院,overview,https://www.hynu.edu.cn/xxgk/xxjj.htm,https://www.hynu.edu.cn/xxgk/xxjj.htm,read,学校简介-衡阳师范学院欢迎你！,2026-10-01,
4143010546,衡阳师范学院,history,https://www.hynu.edu.cn/xxgk/lsyg.htm,https://www.hynu.edu.cn/xxgk/lsyg.htm,read,历史沿革-衡阳师范学院欢迎你！,2026-10-01,
4143010547,邵阳学院,homepage,https://www.hnsyu.edu.cn/,https://www.hnsyu.edu.cn/,read,邵阳学院,2026-10-01,
4143010547,邵阳学院,overview,https://www.hnsyu.edu.cn/xygk/xxjj.htm,https://www.hnsyu.edu.cn/xygk/xxjj.htm,read,学校简介-邵阳学院,2026-10-01,
4143010547,邵阳学院,charter,https://www.hnsyu.edu.cn/xygk/xxzc.htm,https://www.hnsyu.edu.cn/xygk/xxzc.htm,read,学校章程-邵阳学院,2026-10-01,
4143010547,邵阳学院,visual,https://www.hnsyu.edu.cn/xygk/xxbz.htm,https://www.hnsyu.edu.cn/xygk/xxbz.htm,read,学校标志-邵阳学院,2026-10-01,
4143010547,邵阳学院,culture,https://www.hnsyu.edu.cn/system/_content/download.jsp?urltype=news.DownloadAttachUrl&owner=2130375562&wbfileid=90E8985969E0663DBDC3C7DBCEEA6594,https://www.hnsyu.edu.cn/system/_content/download.jsp?urltype=news.DownloadAttachUrl&owner=2130375562&wbfileid=90E8985969E0663DBDC3C7DBCEEA6594,insufficient_text,附件下载,2026-10-01,
4143010547,邵阳学院,history,https://www.hnsyu.edu.cn/xygk/lsyg.htm,https://www.hnsyu.edu.cn/xygk/lsyg.htm,read,历史沿革-邵阳学院,2026-10-01,
4143010547,邵阳学院,visual,https://www.hnsyu.edu.cn/info/1003/163801.htm,https://www.hnsyu.edu.cn/info/1003/163801.htm,read,邵阳学院印制校徽、学生证采购项目中标公示-邵阳学院,2026-10-01,
4143010547,邵阳学院,visual,https://www.hnsyu.edu.cn/system/_content/download.jsp?urltype=news.DownloadAttachUrl&owner=2130375562&wbfileid=9170A315D9DE3C81CACE048C84C4A25C,https://www.hnsyu.edu.cn/system/_content/download.jsp?urltype=news.DownloadAttachUrl&owner=2130375562&wbfileid=9170A315D9DE3C81CACE048C84C4A25C,insufficient_text,附件下载,2026-10-01,
4143010547,邵阳学院,charter,https://www.hnsyu.edu.cn/xygk/xxzc.htm,https://www.hnsyu.edu.cn/xygk/xxzc.htm,read,学校章程-邵阳学院,2026-10-01,
4143010547,邵阳学院,overview,https://www.hnsyu.edu.cn/xygk/xxjj.htm,https://www.hnsyu.edu.cn/xygk/xxjj.htm,read,学校简介-邵阳学院,2026-10-01,
4143010547,邵阳学院,history,https://www.hnsyu.edu.cn/xygk/lsyg.htm,https://www.hnsyu.edu.cn/xygk/lsyg.htm,read,历史沿革-邵阳学院,2026-10-01,
4143010548,怀化学院,homepage,https://www.hhtc.edu.cn/,https://www.hhtc.edu.cn/,read,怀化学院,2026-10-01,
4143010548,怀化学院,overview,https://www.hhtc.edu.cn/xygk.htm,https://www.hhtc.edu.cn/xygk.htm,read,学院概况-怀化学院,2026-10-01,
4143010548,怀化学院,visual,https://www.hhtc.edu.cn/xygk/xxbs1/xx.htm,https://www.hhtc.edu.cn/xygk/xxbs1/xx.htm,read,校训-怀化学院,2026-10-01,
4143010548,怀化学院,culture,https://www.hhtc.edu.cn/xygk/xxbs1/xg.htm,https://www.hhtc.edu.cn/xygk/xxbs1/xg.htm,read,校歌-怀化学院,2026-10-01,
4143010548,怀化学院,history,https://www.hhtc.edu.cn/xygk/lsyg.htm,https://www.hhtc.edu.cn/xygk/lsyg.htm,read,历史沿革-怀化学院,2026-10-01,
4143010548,怀化学院,overview,https://www.hhtc.edu.cn/xygk/xyjj.htm,https://www.hhtc.edu.cn/xygk/xyjj.htm,read,学院简介-怀化学院,2026-10-01,
4143010548,怀化学院,visual,https://www.hhtc.edu.cn/xygk/xxbs1/xh.htm,https://www.hhtc.edu.cn/xygk/xxbs1/xh.htm,read,校徽-怀化学院,2026-10-01,
4143010548,怀化学院,culture,https://www.hhtc.edu.cn/xygk/xyly/xywh.htm,https://www.hhtc.edu.cn/xygk/xyly/xywh.htm,read,校园文化-怀化学院,2026-10-01,
4143010548,怀化学院,overview,https://www.hhtc.edu.cn/xygk.htm,https://www.hhtc.edu.cn/xygk.htm,read,学院概况-怀化学院,2026-10-01,
4143010548,怀化学院,overview,https://www.hhtc.edu.cn/xygk/xyjj.htm,https://www.hhtc.edu.cn/xygk/xyjj.htm,read,学院简介-怀化学院,2026-10-01,
4143010548,怀化学院,history,https://www.hhtc.edu.cn/xygk/lsyg.htm,https://www.hhtc.edu.cn/xygk/lsyg.htm,read,历史沿革-怀化学院,2026-10-01,
4143010548,怀化学院,culture,https://www.hhtc.edu.cn/xygk/xxbs1/xg.htm,https://www.hhtc.edu.cn/xygk/xxbs1/xg.htm,read,校歌-怀化学院,2026-10-01,
4143010548,怀化学院,culture,https://www.hhtc.edu.cn/xygk/xyly/xywh.htm,https://www.hhtc.edu.cn/xygk/xyly/xywh.htm,read,校园文化-怀化学院,2026-10-01,
4143010549,湖南文理学院,homepage,https://www.huas.edu.cn/,https://www.huas.edu.cn/,read,湖南文理学院,2026-10-01,
4143010549,湖南文理学院,overview,https://www.huas.edu.cn/xxgk.htm,https://www.huas.edu.cn/xxgk.htm,read,学校概况-湖南文理学院,2026-10-01,
4143010549,湖南文理学院,charter,https://www.huas.edu.cn/xxgk/xxzc.htm,https://www.huas.edu.cn/xxgk/xxzc.htm,read,学校章程-湖南文理学院,2026-10-01,
4143010549,湖南文理学院,visual,https://www.huas.edu.cn/xxgk/wlxh.htm,https://www.huas.edu.cn/xxgk/wlxh.htm,read,文理校徽-湖南文理学院,2026-10-01,
4143010549,湖南文理学院,culture,https://www.huas.edu.cn/xywh.htm,https://www.huas.edu.cn/xywh.htm,read,校园文化-湖南文理学院,2026-10-01,
4143010549,湖南文理学院,history,https://www.huas.edu.cn/xxgk/lsyg.htm,https://www.huas.edu.cn/xxgk/lsyg.htm,read,历史沿革-湖南文理学院,2026-10-01,
4143010549,湖南文理学院,overview,https://www.huas.edu.cn/xxgk/xxjs.htm,https://www.huas.edu.cn/xxgk/xxjs.htm,read,学校概况-湖南文理学院,2026-10-01,
4143010549,湖南文理学院,culture,https://www.huas.edu.cn/xxgk/wlxx.htm,https://www.huas.edu.cn/xxgk/wlxx.htm,read,文理校训-湖南文理学院,2026-10-01,
4143010549,湖南文理学院,charter,https://www.huas.edu.cn/xxgk/xxzc.htm,https://www.huas.edu.cn/xxgk/xxzc.htm,read,学校章程-湖南文理学院,2026-10-01,
4143010549,湖南文理学院,overview,https://www.huas.edu.cn/xxgk.htm,https://www.huas.edu.cn/xxgk.htm,read,学校概况-湖南文理学院,2026-10-01,
4143010549,湖南文理学院,overview,https://www.huas.edu.cn/xxgk/xxjs.htm,https://www.huas.edu.cn/xxgk/xxjs.htm,read,学校概况-湖南文理学院,2026-10-01,
4143010549,湖南文理学院,history,https://www.huas.edu.cn/xxgk/lsyg.htm,https://www.huas.edu.cn/xxgk/lsyg.htm,read,历史沿革-湖南文理学院,2026-10-01,
4143010549,湖南文理学院,culture,https://www.huas.edu.cn/xywh.htm,https://www.huas.edu.cn/xywh.htm,read,校园文化-湖南文理学院,2026-10-01,
4143010551,湖南科技学院,homepage,https://www.huse.edu.cn/,https://www.huse.edu.cn/,read,湖南科技学院,2026-10-01,
4143010551,湖南科技学院,overview,https://www.huse.edu.cn/xxgk/xxjj.htm,https://www.huse.edu.cn/xxgk/xxjj.htm,read,学校简介-湖南科技学院,2026-10-01,
4143010551,湖南科技学院,visual,https://www.huse.edu.cn/xxgk/xywh.htm,https://www.huse.edu.cn/xxgk/xywh.htm,read,校园文化-湖南科技学院,2026-10-01,
4143010551,湖南科技学院,visual,https://www.huse.edu.cn/system/_content/download.jsp?urltype=news.DownloadAttachUrl&owner=1989189243&wbfileid=20D76D0A65F2569BFB628CFE448BE727,https://www.huse.edu.cn/system/_content/download.jsp?urltype=news.DownloadAttachUrl&owner=1989189243&wbfileid=20D76D0A65F2569BFB628CFE448BE727,insufficient_text,附件下载,2026-10-01,
4143010551,湖南科技学院,overview,https://www.huse.edu.cn/xxgk/xxjj.htm,https://www.huse.edu.cn/xxgk/xxjj.htm,read,学校简介-湖南科技学院,2026-10-01,
4143010553,湖南人文科技学院,homepage,https://www.huhst.edu.cn/,https://www.huhst.edu.cn/,read,湖南人文科技学院,2026-10-01,
4143010553,湖南人文科技学院,overview,https://www.huhst.edu.cn/xxjs/xxgk.htm,https://www.huhst.edu.cn/xxjs/xxgk.htm,read,学校概况-湖南人文科技学院,2026-10-01,
4143010553,湖南人文科技学院,charter,https://www.huhst.edu.cn/xxjs/xxzc.htm,https://www.huhst.edu.cn/xxjs/xxzc.htm,read,学校章程-湖南人文科技学院,2026-10-01,
4143010553,湖南人文科技学院,visual,https://www.huhst.edu.cn/xxjs/xxxfxgxh.htm,https://www.huhst.edu.cn/xxjs/xxxfxgxh.htm,read,校训校风校歌校徽-湖南人文科技学院,2026-10-01,
4143010553,湖南人文科技学院,english,http://www.huhst.edu.cn/hnrwen,https://www.huhst.edu.cn/hnrwen/,read,"Hunan College of Humanities, Science and Technology",2026-10-01,
4143010553,湖南人文科技学院,overview,https://www.huhst.edu.cn/info/3234/184525.htm,https://www.huhst.edu.cn/info/3234/184525.htm,read,学校概况-湖南人文科技学院,2026-10-01,
4143010553,湖南人文科技学院,charter,https://www.huhst.edu.cn/xxjs/xxzc.htm,https://www.huhst.edu.cn/xxjs/xxzc.htm,read,学校章程-湖南人文科技学院,2026-10-01,
4143010553,湖南人文科技学院,overview,https://www.huhst.edu.cn/xxjs/xxgk.htm,https://www.huhst.edu.cn/xxjs/xxgk.htm,read,学校概况-湖南人文科技学院,2026-10-01,
4143010553,湖南人文科技学院,overview,https://www.huhst.edu.cn/info/3234/184525.htm,https://www.huhst.edu.cn/info/3234/184525.htm,read,学校概况-湖南人文科技学院,2026-10-01,
4143010554,湖南工商大学,homepage,http://www.hnuc.edu.cn/index.html,,fetch_error,,2026-10-01,URLError
4143010554,湖南工商大学,overview,https://hutb.edu.cn/,https://hutb.edu.cn/,read,湖南工商大学湖南工商大学,2026-10-01,
4143010554,湖南工商大学,overview,https://www.hutb.edu.cn/xxgk1/,https://www.hutb.edu.cn/xxgk1/,insufficient_text,学校概况,2026-10-01,
4143010554,湖南工商大学,navigation,https://xxgk.hutb.edu.cn/,https://xxgk.hutb.edu.cn/,read,信息公开网,2026-10-01,
4143010554,湖南工商大学,overview,https://hutb.edu.cn/,https://hutb.edu.cn/,read,湖南工商大学湖南工商大学,2026-10-01,
4143010554,湖南工商大学,navigation,https://xxgk.hutb.edu.cn/,https://xxgk.hutb.edu.cn/,read,信息公开网,2026-10-01,
4143010555,南华大学,homepage,https://www.usc.edu.cn/,https://www.usc.edu.cn/,read,南华大学,2026-10-01,
4143010555,南华大学,overview,https://www.usc.edu.cn/xxgk/xxjj.htm,https://www.usc.edu.cn/xxgk/xxjj.htm,read,学校简介-南华大学,2026-10-01,
4143010555,南华大学,charter,https://www.usc.edu.cn/xxgk/xxzc.htm,https://www.usc.edu.cn/xxgk/xxzc.htm,read,学校章程-南华大学,2026-10-01,
4143010555,南华大学,visual,https://www.usc.edu.cn/xxgk/xywh/xcp.htm,https://www.usc.edu.cn/xxgk/xywh/xcp.htm,read,宣传片-南华大学,2026-10-01,
4143010555,南华大学,culture,https://www.usc.edu.cn/xxgk/xywh/xg.htm,https://www.usc.edu.cn/xxgk/xywh/xg.htm,read,校歌-南华大学,2026-10-01,
4143010555,南华大学,history,https://www.usc.edu.cn/xxgk/lsyg.htm,https://www.usc.edu.cn/xxgk/lsyg.htm,read,历史沿革-南华大学,2026-10-01,
4143010555,南华大学,english,https://english.usc.edu.cn/,https://english.usc.edu.cn/,read,UNIVERSITY OF SOUTH CHINA,2026-10-01,
4143010555,南华大学,visual,https://www.usc.edu.cn/xxgk/xywh/xh.htm,https://www.usc.edu.cn/xxgk/xywh/xh.htm,read,校徽-南华大学,2026-10-01,
4143010555,南华大学,culture,https://www.usc.edu.cn/system/_content/download.jsp?urltype=news.DownloadAttachUrl&owner=999043118&wbfileid=13067137,https://www.usc.edu.cn/system/_content/download.jsp?urltype=news.DownloadAttachUrl&owner=999043118&wbfileid=13067137,insufficient_text,附件下载,2026-10-01,
4143010555,南华大学,charter,https://www.usc.edu.cn/xxgk/xxzc.htm,https://www.usc.edu.cn/xxgk/xxzc.htm,read,学校章程-南华大学,2026-10-01,
4143010555,南华大学,overview,https://www.usc.edu.cn/xxgk/xxjj.htm,https://www.usc.edu.cn/xxgk/xxjj.htm,read,学校简介-南华大学,2026-10-01,
4143010555,南华大学,history,https://www.usc.edu.cn/xxgk/lsyg.htm,https://www.usc.edu.cn/xxgk/lsyg.htm,read,历史沿革-南华大学,2026-10-01,
4143010555,南华大学,culture,https://www.usc.edu.cn/xxgk/xywh/xg.htm,https://www.usc.edu.cn/xxgk/xywh/xg.htm,read,校歌-南华大学,2026-10-01,
4143010823,长沙医学院,homepage,http://www.csmu.edu.cn/index.asp,,fetch_error,,2026-10-01,HTTPError
4143010823,长沙医学院,charter,https://www.csmu.edu.cn/zjcys.html?id=1765650997369147394,https://www.csmu.edu.cn/zjcys.html?id=1765650997369147394,read,学校概况-长沙医学院,2026-10-01,
4143010823,长沙医学院,charter,https://zs.csmu.edu.cn/content/2062008362144904716?categoryId=&categoryName=%E6%8B%9B%E7%94%9F%E4%BF%A1%E6%81%AF,https://zs.csmu.edu.cn/content/2062008362144904716?categoryId=&categoryName=%E6%8B%9B%E7%94%9F%E4%BF%A1%E6%81%AF,read,长沙医学院2025年招生章程 - 长沙医学院招生网,2026-10-01,
4143010823,长沙医学院,overview,https://jcc.csmu.edu.cn/,https://jcc.csmu.edu.cn/,read,长沙医学院-监察处,2026-10-01,
4143010823,长沙医学院,overview,https://www.csmu.edu.cn/index.html,https://www.csmu.edu.cn/index.html,read,长沙医学院,2026-10-01,
4143010823,长沙医学院,charter,https://www.csmu.edu.cn/zjcys.html?id=1765650997369147394,https://www.csmu.edu.cn/zjcys.html?id=1765650997369147394,read,学校概况-长沙医学院,2026-10-01,
4143010823,长沙医学院,charter,https://jyt.hunan.gov.cn/jyt/sjyt/xxgk/qzqd1/xzzq/xzxk/202403/t20240315_33250370.html,https://jyt.hunan.gov.cn/jyt/sjyt/xxgk/qzqd1/xzzq/xzxk/202403/t20240315_33250370.html,read,《长沙医学院章程》核准书 - 湖南省教育厅,2026-10-01,
4143010823,长沙医学院,charter,https://zs.csmu.edu.cn/content/2062008362144904716?categoryId=&categoryName=%E6%8B%9B%E7%94%9F%E4%BF%A1%E6%81%AF,https://zs.csmu.edu.cn/content/2062008362144904716?categoryId=&categoryName=%E6%8B%9B%E7%94%9F%E4%BF%A1%E6%81%AF,read,长沙医学院2025年招生章程 - 长沙医学院招生网,2026-10-01,
4143011077,长沙学院,homepage,https://www.ccsu.cn/,https://www.ccsu.cn/,read,长沙学院,2026-10-01,
4143011077,长沙学院,overview,https://www.ccsu.cn/xxgk/xxjj.htm,https://www.ccsu.cn/xxgk/xxjj.htm,read,学校简介-长沙学院,2026-10-01,
4143011077,长沙学院,visual,https://www.ccsu.cn/xxgk/xywh/xhxx.htm,https://www.ccsu.cn/xxgk/xywh/xhxx.htm,read,校徽校训-长沙学院,2026-10-01,
4143011077,长沙学院,culture,https://www.ccsu.cn/xxgk/xywh.htm,https://www.ccsu.cn/xxgk/xywh.htm,read,校园文化-长沙学院,2026-10-01,
4143011077,长沙学院,history,https://www.ccsu.cn/xxgk/lsyg.htm,https://www.ccsu.cn/xxgk/lsyg.htm,read,历史沿革-长沙学院,2026-10-01,
4143011077,长沙学院,navigation,https://www.ccsu.cn/info/1402/228464.htm,https://www.ccsu.cn/info/1402/228464.htm,read,《欢迎来龙餐馆》校园放映暨主创交流活动走进长沙学院-长沙学院,2026-10-01,
4143011077,长沙学院,culture,https://www.ccsu.cn/info/1402/228494.htm,https://www.ccsu.cn/info/1402/228494.htm,read,长沙学院荣获2026年湖南省大中小学校歌比赛高校组一等奖-长沙学院,2026-10-01,
4143011077,长沙学院,overview,https://www.ccsu.cn/xxgk/xxjj.htm,https://www.ccsu.cn/xxgk/xxjj.htm,read,学校简介-长沙学院,2026-10-01,
4143011077,长沙学院,history,https://www.ccsu.cn/xxgk/lsyg.htm,https://www.ccsu.cn/xxgk/lsyg.htm,read,历史沿革-长沙学院,2026-10-01,
4143011077,长沙学院,culture,https://www.ccsu.cn/xxgk/xywh.htm,https://www.ccsu.cn/xxgk/xywh.htm,read,校园文化-长沙学院,2026-10-01,
4143011077,长沙学院,culture,https://www.ccsu.cn/info/1402/228494.htm,https://www.ccsu.cn/info/1402/228494.htm,read,长沙学院荣获2026年湖南省大中小学校歌比赛高校组一等奖-长沙学院,2026-10-01,
4143011342,湖南工程学院,homepage,http://www.hnie.edu.cn/web/guest/home,,robots_disallowed,,2026-10-01,HTTPError
4143011342,湖南工程学院,overview,https://www.hnie.edu.cn/,https://www.hnie.edu.cn/,read,湖南工程学院,2026-10-01,
4143011342,湖南工程学院,overview,https://www.hnie.edu.cn/xxgk/xxjj.htm?urltype=tree.TreeTempUrl&wbtreeid=1008,https://www.hnie.edu.cn/xxgk/xxjj.htm?urltype=tree.TreeTempUrl&wbtreeid=1008,read,学校简介-湖南工程学院,2026-10-01,
4143011342,湖南工程学院,overview,https://www.hnie.edu.cn/,https://www.hnie.edu.cn/,read,湖南工程学院,2026-10-01,
4143011342,湖南工程学院,overview,https://www.hnie.edu.cn/xxgk/xxjj.htm?urltype=tree.TreeTempUrl&wbtreeid=1008,https://www.hnie.edu.cn/xxgk/xxjj.htm?urltype=tree.TreeTempUrl&wbtreeid=1008,read,学校简介-湖南工程学院,2026-10-01,
4143011527,湖南城市学院,homepage,https://www.hncu.edu.cn/,https://www.hncu.edu.cn/,read,湖南城市学院,2026-10-01,
4143011527,湖南城市学院,overview,https://www.hncu.edu.cn/cygk/xxgk.htm,https://www.hncu.edu.cn/cygk/xxgk.htm,read,学校概况-湖南城市学院,2026-10-01,
4143011527,湖南城市学院,visual,https://www.hncu.edu.cn/cygk/xxbs.htm,https://www.hncu.edu.cn/cygk/xxbs.htm,read,学校标识-湖南城市学院,2026-10-01,
4143011527,湖南城市学院,history,https://www.hncu.edu.cn/cygk/lsyg.htm,https://www.hncu.edu.cn/cygk/lsyg.htm,read,历史沿革-湖南城市学院,2026-10-01,
4143011527,湖南城市学院,navigation,https://www.hncu.edu.cn/zjcy/cysh.htm,https://www.hncu.edu.cn/zjcy/cysh.htm,read,城院生活-湖南城市学院,2026-10-01,
4143011527,湖南城市学院,overview,https://www.hncu.edu.cn/cygk/xxgk.htm,https://www.hncu.edu.cn/cygk/xxgk.htm,read,学校概况-湖南城市学院,2026-10-01,
4143011527,湖南城市学院,history,https://www.hncu.edu.cn/cygk/lsyg.htm,https://www.hncu.edu.cn/cygk/lsyg.htm,read,历史沿革-湖南城市学院,2026-10-01,
4143011528,湖南工学院,homepage,https://www.hnit.edu.cn,https://www.hnit.edu.cn,read,湖南工学院,2026-10-01,
4143011528,湖南工学院,overview,https://www.hnit.edu.cn/hggk/xxjj.htm,https://www.hnit.edu.cn/hggk/xxjj.htm,read,学校简介-湖南工学院,2026-10-01,
4143011528,湖南工学院,visual,https://www.hnit.edu.cn/xywh/xxxx.htm,https://www.hnit.edu.cn/xywh/xxxx.htm,read,学校校训-湖南工学院,2026-10-01,
4143011528,湖南工学院,culture,https://www.hnit.edu.cn/info/1343/87823.htm,https://www.hnit.edu.cn/info/1343/87823.htm,read,五育融合 青春唱响 6000余名新生同上“奋进青春”思政课-湖南工学院,2026-10-01,
4143011528,湖南工学院,history,https://www.hnit.edu.cn/hggk/lsyg.htm,https://www.hnit.edu.cn/hggk/lsyg.htm,read,历史沿革-湖南工学院,2026-10-01,
4143011528,湖南工学院,english,http://www.hnit.edu.cn/hnit/,https://www.hnit.edu.cn/hnit/index.htm,read,湖南工学院英文,2026-10-01,
4143011528,湖南工学院,overview,https://www.hnit.edu.cn/hggk/xxjj.htm,https://www.hnit.edu.cn/hggk/xxjj.htm,read,学校简介-湖南工学院,2026-10-01,
4143011528,湖南工学院,history,https://www.hnit.edu.cn/hggk/lsyg.htm,https://www.hnit.edu.cn/hggk/lsyg.htm,read,历史沿革-湖南工学院,2026-10-01,
4143011528,湖南工学院,culture,https://www.hnit.edu.cn/info/1343/87823.htm,https://www.hnit.edu.cn/info/1343/87823.htm,read,五育融合 青春唱响 6000余名新生同上“奋进青春”思政课-湖南工学院,2026-10-01,
4143011532,湖南财政经济学院,homepage,https://www.hufe.edu.cn/,https://www.hufe.edu.cn/,read,湖南财政经济学院,2026-10-01,
4143011532,湖南财政经济学院,overview,https://www.hufe.edu.cn/xxgk/xxjj.htm,https://www.hufe.edu.cn/xxgk/xxjj.htm,read,学校简介-湖南财政经济学院,2026-10-01,
4143011532,湖南财政经济学院,visual,https://www.hufe.edu.cn/xxgk/xxbs.htm,https://www.hufe.edu.cn/xxgk/xxbs.htm,read,学校标识-湖南财政经济学院,2026-10-01,
4143011532,湖南财政经济学院,navigation,https://www.hufe.edu.cn/xxgk/xxls.htm,https://www.hufe.edu.cn/xxgk/xxls.htm,read,学校历史-湖南财政经济学院,2026-10-01,
4143011532,湖南财政经济学院,overview,https://www.hufe.edu.cn/xxgk/xxjj.htm,https://www.hufe.edu.cn/xxgk/xxjj.htm,read,学校简介-湖南财政经济学院,2026-10-01,
4143011534,湖南警察学院,homepage,https://www.hnpolice.com/,,site_unverified,,2026-10-01,
4143011535,湖南工业大学,homepage,https://www.hut.edu.cn/,https://www.hut.edu.cn/,read,"湖南工业大学官方网站—湖南工大,湖南工业大学,工业大学官网,湖南工业大学门户",2026-10-01,
4143011535,湖南工业大学,overview,https://www.hut.edu.cn/xxgk/xxjj.htm,https://www.hut.edu.cn/xxgk/xxjj.htm,read,"学校简介-湖南工业大学官方网站—湖南工大,湖南工业大学,工业大学官网,湖南工业大学门户",2026-10-01,
4143011535,湖南工业大学,charter,https://www.hut.edu.cn/xxgk/xxzc.htm,https://www.hut.edu.cn/xxgk/xxzc.htm,read,"学校章程-湖南工业大学官方网站—湖南工大,湖南工业大学,工业大学官网,湖南工业大学门户",2026-10-01,
4143011535,湖南工业大学,visual,https://www.hut.edu.cn/index/sjxxsbxt.htm,https://www.hut.edu.cn/index/sjxxsbxt.htm,read,"视觉形象识别系统-湖南工业大学官方网站—湖南工大,湖南工业大学,工业大学官网,湖南工业大学门户",2026-10-01,
4143011535,湖南工业大学,culture,https://www.hut.edu.cn/xxgk/xxxf.htm,https://www.hut.edu.cn/xxgk/xxxf.htm,read,"校训校风-湖南工业大学官方网站—湖南工大,湖南工业大学,工业大学官网,湖南工业大学门户",2026-10-01,
4143011535,湖南工业大学,history,https://www.hut.edu.cn/info/1290/104936.htm,https://www.hut.edu.cn/info/1290/104936.htm,read,"北京零重空间技术有限公司来校开展校企合作交流-湖南工业大学官方网站—湖南工大,湖南工业大学,工业大学官网,湖南工业大学门户",2026-10-01,
4143011535,湖南工业大学,navigation,https://www.hut.edu.cn/info/1210/103846.htm,https://www.hut.edu.cn/info/1210/103846.htm,read,"以笔绘乡韵 以智兴沃土 “青绘逐梦”深耕火田赋能特色产业出圈-湖南工业大学官方网站—湖南工大,湖南工业大学,工业大学官网,湖南工业大学门户",2026-10-01,
4143011535,湖南工业大学,culture,https://www.hut.edu.cn/info/1300/105126.htm,https://www.hut.edu.cn/info/1300/105126.htm,read,"我校老年大学合唱团荣获“银龄交响•美在金秋”湖南省离退休人员“沃德杯”合唱大赛（株洲赛区）金奖-湖南工业大学官方网站—湖南工大,湖南工业大学,工业大学官网,湖南工业大学门户",2026-10-01,
4143011535,湖南工业大学,charter,https://www.hut.edu.cn/xxgk/xxzc.htm,https://www.hut.edu.cn/xxgk/xxzc.htm,read,"学校章程-湖南工业大学官方网站—湖南工大,湖南工业大学,工业大学官网,湖南工业大学门户",2026-10-01,
4143011535,湖南工业大学,overview,https://www.hut.edu.cn/xxgk/xxjj.htm,https://www.hut.edu.cn/xxgk/xxjj.htm,read,"学校简介-湖南工业大学官方网站—湖南工大,湖南工业大学,工业大学官网,湖南工业大学门户",2026-10-01,
4143011535,湖南工业大学,history,https://www.hut.edu.cn/info/1290/104936.htm,https://www.hut.edu.cn/info/1290/104936.htm,read,"北京零重空间技术有限公司来校开展校企合作交流-湖南工业大学官方网站—湖南工大,湖南工业大学,工业大学官网,湖南工业大学门户",2026-10-01,
4143011535,湖南工业大学,culture,https://www.hut.edu.cn/xxgk/xxxf.htm,https://www.hut.edu.cn/xxgk/xxxf.htm,read,"校训校风-湖南工业大学官方网站—湖南工大,湖南工业大学,工业大学官网,湖南工业大学门户",2026-10-01,
4143011535,湖南工业大学,culture,https://www.hut.edu.cn/info/1300/105126.htm,https://www.hut.edu.cn/info/1300/105126.htm,read,"我校老年大学合唱团荣获“银龄交响•美在金秋”湖南省离退休人员“沃德杯”合唱大赛（株洲赛区）金奖-湖南工业大学官方网站—湖南工大,湖南工业大学,工业大学官网,湖南工业大学门户",2026-10-01,
4143011538,湖南女子学院,homepage,http://www.hnnd.com.cn/english/,,fetch_error,,2026-10-01,RemoteDisconnected
4143011538,湖南女子学院,overview,https://xqwz.hnwu.edu.cn/,,access_limited,,2026-10-01,URLError
4143011538,湖南女子学院,overview,https://www.hnwu.edu.cn/index.php,,access_limited,,2026-10-01,URLError
4143011538,湖南女子学院,overview,https://www.hnwu.edu.cn/index.html,,access_limited,,2026-10-01,URLError
4143011538,湖南女子学院,overview,https://www.hnwu.edu.cn/html/jianjie.html,,access_limited,,2026-10-01,URLError
4143012034,湖南第一师范学院,homepage,https://www.hnfnu.edu.cn,https://www.hnfnu.edu.cn,read,湖南第一师范学院,2026-10-01,
4143012034,湖南第一师范学院,overview,https://www.hnfnu.edu.cn/xxgk/xxjj.htm,https://www.hnfnu.edu.cn/xxgk/xxjj.htm,read,学校简介-湖南第一师范学院,2026-10-01,
4143012034,湖南第一师范学院,visual,https://www.hnfnu.edu.cn/sysc2.pdf,,access_limited,,2026-10-01,ValueError
4143012034,湖南第一师范学院,visual,https://www.hnfnu.edu.cn/xxgk/xhxg.htm,https://www.hnfnu.edu.cn/xxgk/xhxg.htm,read,校徽校歌-湖南第一师范学院,2026-10-01,
4143012034,湖南第一师范学院,culture,https://www.hnfnu.edu.cn/xxgk/xxxf.htm,https://www.hnfnu.edu.cn/xxgk/xxxf.htm,read,校训校风-湖南第一师范学院,2026-10-01,
4143012034,湖南第一师范学院,history,https://www.hnfnu.edu.cn/xxgk/lsyg.htm,https://www.hnfnu.edu.cn/xxgk/lsyg.htm,read,历史沿革-湖南第一师范学院,2026-10-01,
4143012034,湖南第一师范学院,english,http://english.hnfnu.edu.cn,http://english.hnfnu.edu.cn,read,Hunan First Normal University,2026-10-01,
4143012034,湖南第一师范学院,english,http://english.hnfnu.edu.cn/index.htm,http://english.hnfnu.edu.cn/index.htm,read,Hunan First Normal University,2026-10-01,
4143012034,湖南第一师范学院,visual,https://www.hnfnu.edu.cn/xxgk/sjsbxt.htm,https://www.hnfnu.edu.cn/xxgk/sjsbxt.htm,read,视觉识别系统-湖南第一师范学院,2026-10-01,
4143012034,湖南第一师范学院,overview,https://www.hnfnu.edu.cn/xxgk/xxjj.htm,https://www.hnfnu.edu.cn/xxgk/xxjj.htm,read,学校简介-湖南第一师范学院,2026-10-01,
4143012034,湖南第一师范学院,history,https://www.hnfnu.edu.cn/xxgk/lsyg.htm,https://www.hnfnu.edu.cn/xxgk/lsyg.htm,read,历史沿革-湖南第一师范学院,2026-10-01,
4143012034,湖南第一师范学院,culture,https://www.hnfnu.edu.cn/xxgk/xxxf.htm,https://www.hnfnu.edu.cn/xxgk/xxxf.htm,read,校训校风-湖南第一师范学院,2026-10-01,
4143012214,湖南医药学院,homepage,http://www.hnmu.com.cn/,,fetch_error,,2026-10-01,timeout
4143012214,湖南医药学院,overview,https://www.hnmu.edu.cn/__local/E/40/C0/681779B070DBFC8DF4F940400D0_8BAEA105_DFDEF.pdf,https://www.hnmu.edu.cn/__local/E/40/C0/681779B070DBFC8DF4F940400D0_8BAEA105_DFDEF.pdf,read,,2026-10-01,
4143012214,湖南医药学院,overview,https://www.hnmu.edu.cn/__local/E/40/C0/681779B070DBFC8DF4F940400D0_8BAEA105_DFDEF.pdf,,access_limited,,2026-10-01,timeout
4143012214,湖南医药学院,overview,https://www.hnmu.edu.cn/__local/E/53/89/221F4D516218F38170ADF962559_16F0D7F3_1342CC.pdf,,access_limited,,2026-10-01,timeout
4143012652,长沙工业学院,homepage,https://www.hncsut.cn/,,fetch_error,,2026-10-01,URLError
4143012652,长沙工业学院,charter,https://www.ccsut.edu.cn/html/45/20250620/770.html,https://www.ccsut.edu.cn/html/45/20250620/770.html,read,长沙工业学院2025年普通高校招生章程-长沙工业学院,2026-10-01,
4143012652,长沙工业学院,overview,https://www.ccsut.edu.cn/,https://www.ccsut.edu.cn/,read,长沙工业学院,2026-10-01,
4143012652,长沙工业学院,overview,https://jwc.ccsut.edu.cn/,https://jwc.ccsut.edu.cn/,read,长沙工业学院教务处,2026-10-01,
4143012652,长沙工业学院,charter,https://www.ccsut.edu.cn/html/45/20250620/770.html,https://www.ccsut.edu.cn/html/45/20250620/770.html,read,长沙工业学院2025年普通高校招生章程-长沙工业学院,2026-10-01,
4143012652,长沙工业学院,overview,https://www.ccsut.edu.cn/,https://www.ccsut.edu.cn/,read,长沙工业学院,2026-10-01,
4143012652,长沙工业学院,overview,https://jwc.ccsut.edu.cn/,https://jwc.ccsut.edu.cn/,read,长沙工业学院教务处,2026-10-01,
4143012657,常德学院,homepage,https://www.changdecollege.cn/,https://www.changdecollege.cn/,read,常德学院,2026-10-01,
4143012657,常德学院,overview,https://www.changdecollege.cn/xxgk.htm,https://www.changdecollege.cn/xxgk.htm,read,学校概况-常德学院,2026-10-01,
4143012657,常德学院,charter,https://www.changdecollege.cn/xxgk/xxzc.htm,https://www.changdecollege.cn/xxgk/xxzc.htm,read,学校章程-常德学院,2026-10-01,
4143012657,常德学院,visual,https://www.changdecollege.cn/xxgk/xhxx.htm,https://www.changdecollege.cn/xxgk/xhxx.htm,read,校徽校训-常德学院,2026-10-01,
4143012657,常德学院,navigation,https://www.changdecollege.cn/xxgk/zjcy.htm,https://www.changdecollege.cn/xxgk/zjcy.htm,read,走进常院-常德学院,2026-10-01,
4143012657,常德学院,culture,https://www.changdecollege.cn/info/1161/2951.htm,https://www.changdecollege.cn/info/1161/2951.htm,read,校园文化（9张）-常德学院,2026-10-01,
4143012657,常德学院,overview,https://www.changdecollege.cn/xxgk/xxjj.htm,https://www.changdecollege.cn/xxgk/xxjj.htm,read,学校简介-常德学院,2026-10-01,
4143012657,常德学院,charter,https://www.changdecollege.cn/xxgk/xxzc.htm,https://www.changdecollege.cn/xxgk/xxzc.htm,read,学校章程-常德学院,2026-10-01,
4143012657,常德学院,overview,https://www.changdecollege.cn/xxgk.htm,https://www.changdecollege.cn/xxgk.htm,read,学校概况-常德学院,2026-10-01,
4143012657,常德学院,overview,https://www.changdecollege.cn/xxgk/xxjj.htm,https://www.changdecollege.cn/xxgk/xxjj.htm,read,学校简介-常德学院,2026-10-01,
4143012657,常德学院,culture,https://www.changdecollege.cn/info/1161/2951.htm,https://www.changdecollege.cn/info/1161/2951.htm,read,校园文化（9张）-常德学院,2026-10-01,
4143012658,岳阳学院,homepage,https://nh.hnist.cn/,,title_mismatch,,2026-10-01,
4143012658,岳阳学院,charter,https://www.yyu.edu.cn/p1/xxzc.html,https://www.yyu.edu.cn/p1/xxzc.html,read,岳阳学院-学校章程,2026-10-01,
4143012658,岳阳学院,overview,https://xb.yyu.edu.cn/,https://xb.yyu.edu.cn/p64/index.html,read,学校办公室,2026-10-01,
4143012658,岳阳学院,overview,https://www.yyu.edu.cn/p1/xyjj.html,https://www.yyu.edu.cn/p1/xyjj.html,read,岳阳学院-学校简介,2026-10-01,
4143012658,岳阳学院,charter,https://www.yyu.edu.cn/p1/xxzc.html,https://www.yyu.edu.cn/p1/xxzc.html,read,岳阳学院-学校章程,2026-10-01,
4143012658,岳阳学院,overview,https://www.yyu.edu.cn/p1/xyjj.html,https://www.yyu.edu.cn/p1/xyjj.html,read,岳阳学院-学校简介,2026-10-01,
4143012662,张家界学院,homepage,https://www.zjjc.edu.cn/p1/index.html,https://www.zjjc.edu.cn/p1/index.html,read,张家界学院,2026-10-01,
4143012662,张家界学院,overview,https://www.zjjc.edu.cn/p1/xyjj.html,https://www.zjjc.edu.cn/p1/xyjj.html,read,学校简介,2026-10-01,
4143012662,张家界学院,charter,https://www.zjjc.edu.cn/p1/xxzc.html,https://www.zjjc.edu.cn/p1/xxzc.html,read,学校章程,2026-10-01,
4143012662,张家界学院,charter,https://www.zjjc.edu.cn/p1/xxzc.html,https://www.zjjc.edu.cn/p1/xxzc.html,read,学校章程,2026-10-01,
4143012662,张家界学院,overview,https://www.zjjc.edu.cn/p1/xyjj.html,https://www.zjjc.edu.cn/p1/xyjj.html,read,学校简介,2026-10-01,
4143013806,长沙师范学院,homepage,http://www.cssf.cn/,http://www.cssf.cn/,read,长沙师范学院,2026-10-01,
4143013806,长沙师范学院,overview,http://www.cssf.cn/xxgk,http://www.cssf.cn/xxgk/xxjj/content_85142,read,长沙师范学院简介_学校简介_学校概况_长沙师范学院,2026-10-01,
4143013806,长沙师范学院,charter,http://www.cssf.cn/xxgk/xxzc,http://www.cssf.cn/xxgk/xxzc/content_85143,read,长沙师范学院章程_学校章程_学校概况_长沙师范学院,2026-10-01,
4143013806,长沙师范学院,history,http://www.cssf.cn/xxgk/lsyg,http://www.cssf.cn/xxgk/lsyg/content_85160,read,历史沿革_历史沿革_学校概况_长沙师范学院,2026-10-01,
4143013806,长沙师范学院,english,http://english.cssf.cn/,http://english.cssf.cn/,read,Changsha Normal University,2026-10-01,
4143013806,长沙师范学院,navigation,http://www.cssf.cn/zjxy/xyjy,http://www.cssf.cn/zjxy/xyjy,read,校园剪影_走进校园_长沙师范学院,2026-10-01,
4143013806,长沙师范学院,overview,http://www.cssf.cn/xxgk/xxjj,http://www.cssf.cn/xxgk/xxjj/content_85142,read,长沙师范学院简介_学校简介_学校概况_长沙师范学院,2026-10-01,
4143013806,长沙师范学院,charter,http://www.cssf.cn/xxgk/xxzc/content_85143,http://www.cssf.cn/xxgk/xxzc/content_85143,read,长沙师范学院章程_学校章程_学校概况_长沙师范学院,2026-10-01,
4143013806,长沙师范学院,overview,http://www.cssf.cn/xxgk/xxjj/content_85142,http://www.cssf.cn/xxgk/xxjj/content_85142,read,长沙师范学院简介_学校简介_学校概况_长沙师范学院,2026-10-01,
4143013806,长沙师范学院,history,http://www.cssf.cn/xxgk/lsyg/content_85160,http://www.cssf.cn/xxgk/lsyg/content_85160,read,历史沿革_历史沿革_学校概况_长沙师范学院,2026-10-01,
4144010558,中山大学,homepage,https://www.sysu.edu.cn/,https://www.sysu.edu.cn/,read,中山大学 SUN YAT-SEN UNIVERSITY,2026-10-01,
4144010558,中山大学,overview,https://www.sysu.edu.cn/xxg/zdjj1.htm,https://www.sysu.edu.cn/xxg/zdjj1.htm,read,中大简介-中山大学 SUN YAT-SEN UNIVERSITY,2026-10-01,
4144010558,中山大学,visual,http://home3.sysu.edu.cn/sysuvi/,,robots_disallowed,,2026-10-01,
4144010558,中山大学,culture,https://www.sysu.edu.cn/zdkd1/xywh1.htm,https://www.sysu.edu.cn/zdkd1/xywh1.htm,read,校园文化-中山大学 SUN YAT-SEN UNIVERSITY,2026-10-01,
4144010558,中山大学,history,https://bwgxsg.sysu.edu.cn,,robots_disallowed,,2026-10-01,
4144010558,中山大学,overview,https://www.sysu.edu.cn/xxg/zdjj1.htm,https://www.sysu.edu.cn/xxg/zdjj1.htm,read,中大简介-中山大学 SUN YAT-SEN UNIVERSITY,2026-10-01,
4144010558,中山大学,culture,https://www.sysu.edu.cn/zdkd1/xywh1.htm,https://www.sysu.edu.cn/zdkd1/xywh1.htm,read,校园文化-中山大学 SUN YAT-SEN UNIVERSITY,2026-10-01,
4144010559,暨南大学,homepage,https://www.jnu.edu.cn/main.htm,https://www.jnu.edu.cn/main.htm,read,暨南大学-华侨最高学府-国家“双一流”建设高校,2026-10-01,
4144010559,暨南大学,overview,https://www.jnu.edu.cn/2561/list.htm,https://www.jnu.edu.cn/2561/list.htm,read,学校简介 - 暨南大学 - 华侨最高学府-国家“双一流”建设高校,2026-10-01,
4144010559,暨南大学,charter,https://www.jnu.edu.cn/2566/list.htm,https://www.jnu.edu.cn/2566/list.htm,read,学校章程 - 暨南大学 - 华侨最高学府-国家“双一流”建设高校,2026-10-01,
4144010559,暨南大学,english,https://english.jnu.edu.cn/,https://english.jnu.edu.cn/,read,Jinan University,2026-10-01,
4144010559,暨南大学,english,http://english.jnu.edu.cn/2016/1015/c1880a18300/page.htm,https://english.jnu.edu.cn/2016/1015/c1880a18300/page.psp,read,Programs in English - Jinan University,2026-10-01,
4144010559,暨南大学,charter,https://www.jnu.edu.cn/2566/list.htm,https://www.jnu.edu.cn/2566/list.htm,read,学校章程 - 暨南大学 - 华侨最高学府-国家“双一流”建设高校,2026-10-01,
4144010559,暨南大学,overview,https://www.jnu.edu.cn/2561/list.htm,https://www.jnu.edu.cn/2561/list.htm,read,学校简介 - 暨南大学 - 华侨最高学府-国家“双一流”建设高校,2026-10-01,
4144010559,暨南大学,charter,https://www.jnu.edu.cn/2566/list.htm,https://www.jnu.edu.cn/2566/list.htm,read,学校章程 - 暨南大学 - 华侨最高学府-国家“双一流”建设高校,2026-10-01,
4144010559,暨南大学,overview,https://www.jnu.edu.cn/2561/list.htm,https://www.jnu.edu.cn/2561/list.htm,read,学校简介 - 暨南大学 - 华侨最高学府-国家“双一流”建设高校,2026-10-01,
4144010560,汕头大学,homepage,https://www.stu.edu.cn,https://www.stu.edu.cn,read,汕头大学 Shantou University,2026-10-01,
4144010561,华南理工大学,homepage,http://www.scut.edu.cn/,http://www.scut.edu.cn/,insufficient_text,华南理工大学,2026-10-01,
4144010564,华南农业大学,homepage,https://www.scau.edu.cn/,https://www.scau.edu.cn/,read,华南农业大学,2026-10-01,
4144010564,华南农业大学,overview,https://www.scau.edu.cn/17830/list.htm,https://www.scau.edu.cn/17830/list.htm,read,学校简介,2026-10-01,
4144010564,华南农业大学,charter,https://www.scau.edu.cn/17834/list.htm,https://www.scau.edu.cn/17834/list.htm,read,学校章程,2026-10-01,
4144010564,华南农业大学,visual,https://www.scau.edu.cn/xxbs_17923/list.htm,https://www.scau.edu.cn/xxbs_17923/list.htm,read,学校标识,2026-10-01,
4144010564,华南农业大学,culture,https://www.scau.edu.cn/xywhlx/list.htm,https://www.scau.edu.cn/xywhlx/list.htm,read,校园文化路线,2026-10-01,
4144010564,华南农业大学,history,https://www.scau.edu.cn/17833/list.htm,https://www.scau.edu.cn/17833/list.htm,read,历史沿革,2026-10-01,
4144010564,华南农业大学,english,http://english.scau.edu.cn/,https://english.scau.edu.cn/,read,South China Agricultural University,2026-10-01,
4144010564,华南农业大学,overview,https://www.scau.edu.cn/17623/list.htm,https://www.scau.edu.cn/17623/list.htm,read,学校简介,2026-10-01,
4144010564,华南农业大学,culture,https://www.scau.edu.cn/2025/0220/c18771a399502/page.htm,https://www.scau.edu.cn/2025/0220/c18771a399502/page.htm,read,校园文化路线,2026-10-01,
4144010564,华南农业大学,history,https://www.scau.edu.cn/2025/0225/c18776a399809/page.htm,https://www.scau.edu.cn/2025/0225/c18776a399809/page.htm,read,党员教育中心廉洁教育基地,2026-10-01,
4144010564,华南农业大学,charter,https://www.scau.edu.cn/17834/list.htm,https://www.scau.edu.cn/17834/list.htm,read,学校章程,2026-10-01,
4144010564,华南农业大学,overview,https://www.scau.edu.cn/17830/list.htm,https://www.scau.edu.cn/17830/list.htm,read,学校简介,2026-10-01,
4144010564,华南农业大学,overview,https://www.scau.edu.cn/17623/list.htm,https://www.scau.edu.cn/17623/list.htm,read,学校简介,2026-10-01,
4144010564,华南农业大学,history,https://www.scau.edu.cn/17833/list.htm,https://www.scau.edu.cn/17833/list.htm,read,历史沿革,2026-10-01,
4144010564,华南农业大学,history,https://www.scau.edu.cn/2025/0225/c18776a399809/page.htm,https://www.scau.edu.cn/2025/0225/c18776a399809/page.htm,read,党员教育中心廉洁教育基地,2026-10-01,
4144010566,广东海洋大学,homepage,https://www.gdou.edu.cn,https://www.gdou.edu.cn,read,广东海洋大学,2026-10-01,
4144010566,广东海洋大学,overview,https://www.gdou.edu.cn/xxgk/xxjj.htm,https://www.gdou.edu.cn/xxgk/xxjj.htm,read,学校简介-广东海洋大学,2026-10-01,
4144010566,广东海洋大学,charter,https://www.gdou.edu.cn/xxgk/xxzc.htm,https://www.gdou.edu.cn/xxgk/xxzc.htm,read,学校章程-广东海洋大学,2026-10-01,
4144010566,广东海洋大学,visual,https://www.gdou.edu.cn/xxgk/xxbs.htm,https://www.gdou.edu.cn/xxgk/xxbs.htm,read,学校标识-广东海洋大学,2026-10-01,
4144010566,广东海洋大学,culture,https://www.gdou.edu.cn/xywh1.htm,https://www.gdou.edu.cn/xywh1.htm,read,校园文化-广东海洋大学,2026-10-01,
4144010566,广东海洋大学,history,https://www.gdou.edu.cn/xxgk/lsyg.htm,https://www.gdou.edu.cn/xxgk/lsyg.htm,read,历史沿革-广东海洋大学,2026-10-01,
4144010566,广东海洋大学,visual,https://www.gdou.edu.cn/system/_content/download.jsp?urltype=news.DownloadAttachUrl&owner=1986871033&wbfileid=B00BDE1229C8E76FCD64C27C4B920D6E,https://www.gdou.edu.cn/system/_content/download.jsp?urltype=news.DownloadAttachUrl&owner=1986871033&wbfileid=B00BDE1229C8E76FCD64C27C4B920D6E,insufficient_text,附件下载,2026-10-01,
4144010566,广东海洋大学,culture,https://www.gdou.edu.cn/system/_content/download.jsp?urltype=news.DownloadAttachUrl&owner=1986871033&wbfileid=A4C89E6B55E8F5F8B6C30CF321768B40,https://www.gdou.edu.cn/system/_content/download.jsp?urltype=news.DownloadAttachUrl&owner=1986871033&wbfileid=A4C89E6B55E8F5F8B6C30CF321768B40,insufficient_text,附件下载,2026-10-01,
4144010566,广东海洋大学,charter,https://www.gdou.edu.cn/xxgk/xxzc.htm,https://www.gdou.edu.cn/xxgk/xxzc.htm,read,学校章程-广东海洋大学,2026-10-01,
4144010566,广东海洋大学,overview,https://www.gdou.edu.cn/xxgk/xxjj.htm,https://www.gdou.edu.cn/xxgk/xxjj.htm,read,学校简介-广东海洋大学,2026-10-01,
4144010566,广东海洋大学,history,https://www.gdou.edu.cn/xxgk/lsyg.htm,https://www.gdou.edu.cn/xxgk/lsyg.htm,read,历史沿革-广东海洋大学,2026-10-01,
4144010566,广东海洋大学,culture,https://www.gdou.edu.cn/xywh1.htm,https://www.gdou.edu.cn/xywh1.htm,read,校园文化-广东海洋大学,2026-10-01,
4144010570,广州医科大学,homepage,https://www.gzhmu.edu.cn/,https://www.gzhmu.edu.cn/,read,广州医科大学,2026-10-01,
4144010570,广州医科大学,overview,https://www.gzhmu.edu.cn/xxgk/xxjj.htm,https://www.gzhmu.edu.cn/xxgk/xxjj.htm,read,学校简介-广州医科大学,2026-10-01,
4144010570,广州医科大学,history,https://www.gzhmu.edu.cn/xxgk/lsyg.htm,https://www.gzhmu.edu.cn/xxgk/lsyg.htm,read,历史沿革-广州医科大学,2026-10-01,
4144010570,广州医科大学,navigation,https://www.gzhmu.edu.cn/info/1192/56221.htm,https://www.gzhmu.edu.cn/info/1192/56221.htm,read,广医呼吸介入“中国方案”走进哈萨克斯坦-广州医科大学,2026-10-01,
4144010570,广州医科大学,navigation,https://www.gzhmu.edu.cn/info/2491/56171.htm,https://www.gzhmu.edu.cn/info/2491/56171.htm,read,广医海外医学培训中心携呼吸介入“中国方案”再次走进哈萨克斯坦-广州医科大学,2026-10-01,
4144010570,广州医科大学,overview,https://www.gzhmu.edu.cn/xxgk/xxjj.htm,https://www.gzhmu.edu.cn/xxgk/xxjj.htm,read,学校简介-广州医科大学,2026-10-01,
4144010570,广州医科大学,history,https://www.gzhmu.edu.cn/xxgk/lsyg.htm,https://www.gzhmu.edu.cn/xxgk/lsyg.htm,read,历史沿革-广州医科大学,2026-10-01,
4144010571,广东医科大学,homepage,https://www.gdmu.edu.cn/,https://www.gdmu.edu.cn/,read,广东医科大学,2026-10-01,
4144010571,广东医科大学,overview,https://www.gdmu.edu.cn/xxgk/gdyjj.htm,https://www.gdmu.edu.cn/xxgk/gdyjj.htm,read,学校简介-广东医科大学,2026-10-01,
4144010571,广东医科大学,charter,https://www.gdmu.edu.cn/xxgk/xxzc.htm,https://www.gdmu.edu.cn/xxgk/xxzc.htm,read,学校章程-广东医科大学,2026-10-01,
4144010571,广东医科大学,visual,https://www.gdmu.edu.cn/xxgk/xg_xx_xh.htm,https://www.gdmu.edu.cn/xxgk/xg_xx_xh.htm,read,校歌、校训、校徽-广东医科大学,2026-10-01,
4144010571,广东医科大学,history,https://www.gdmu.edu.cn/info/1406/74382.htm,https://www.gdmu.edu.cn/info/1406/74382.htm,read,我校与湛江海关举行联系配合机制签署仪式-广东医科大学,2026-10-01,
4144010571,广东医科大学,charter,https://www.gdmu.edu.cn/xxgk/xxzc.htm,https://www.gdmu.edu.cn/xxgk/xxzc.htm,read,学校章程-广东医科大学,2026-10-01,
4144010571,广东医科大学,overview,https://www.gdmu.edu.cn/xxgk/gdyjj.htm,https://www.gdmu.edu.cn/xxgk/gdyjj.htm,read,学校简介-广东医科大学,2026-10-01,
4144010571,广东医科大学,history,https://www.gdmu.edu.cn/info/1406/74382.htm,https://www.gdmu.edu.cn/info/1406/74382.htm,read,我校与湛江海关举行联系配合机制签署仪式-广东医科大学,2026-10-01,
4144010572,广州中医药大学,homepage,http://www.gzucm.edu.cn,http://www.gzucm.edu.cn,read,广州中医药大学,2026-10-01,
4144010572,广州中医药大学,overview,http://www.gzucm.edu.cn/xxgk/xxjj.htm,http://www.gzucm.edu.cn/xxgk/xxjj.htm,read,学校简介-广州中医药大学,2026-10-01,
4144010572,广州中医药大学,charter,http://www.gzucm.edu.cn/xxgk/xxzc.htm,http://www.gzucm.edu.cn/xxgk/xxzc.htm,read,学校章程-广州中医药大学,2026-10-01,
4144010572,广州中医药大学,navigation,http://www.gzucm.edu.cn/qmtpt1.htm,http://www.gzucm.edu.cn/qmtpt1.htm,read,全媒体平台-广州中医药大学,2026-10-01,
4144010572,广州中医药大学,charter,http://www.gzucm.edu.cn/xxgk/xxzc.htm,http://www.gzucm.edu.cn/xxgk/xxzc.htm,read,学校章程-广州中医药大学,2026-10-01,
4144010572,广州中医药大学,overview,http://www.gzucm.edu.cn/xxgk/xxjj.htm,http://www.gzucm.edu.cn/xxgk/xxjj.htm,read,学校简介-广州中医药大学,2026-10-01,
4144010573,广东药科大学,homepage,https://www.gdpu.edu.cn,https://www.gdpu.edu.cn,read,广东药科大学 GUANGDONG PHARMACEUTICAL UNIVERSITY,2026-10-01,
4144010573,广东药科大学,overview,https://www.gdpu.edu.cn/xygk/xxjj.htm,https://www.gdpu.edu.cn/xygk/xxjj.htm,read,学校简介-广东药科大学 GUANGDONG PHARMACEUTICAL UNIVERSITY,2026-10-01,
4144010573,广东药科大学,charter,https://www.gdpu.edu.cn/xygk/xxzc.htm,https://www.gdpu.edu.cn/xygk/xxzc.htm,read,学校章程-广东药科大学 GUANGDONG PHARMACEUTICAL UNIVERSITY,2026-10-01,
4144010573,广东药科大学,visual,https://www.gdpu.edu.cn/xygk/xhxgxfxx.htm,https://www.gdpu.edu.cn/xygk/xhxgxfxx.htm,read,校徽校歌校风校训-广东药科大学 GUANGDONG PHARMACEUTICAL UNIVERSITY,2026-10-01,
4144010573,广东药科大学,history,https://www.gdpu.edu.cn/xygk/lsyg.htm,https://www.gdpu.edu.cn/xygk/lsyg.htm,read,历史沿革-广东药科大学 GUANGDONG PHARMACEUTICAL UNIVERSITY,2026-10-01,
4144010573,广东药科大学,charter,https://www.gdpu.edu.cn/xygk/xxzc.htm,https://www.gdpu.edu.cn/xygk/xxzc.htm,read,学校章程-广东药科大学 GUANGDONG PHARMACEUTICAL UNIVERSITY,2026-10-01,
4144010573,广东药科大学,overview,https://www.gdpu.edu.cn/xygk/xxjj.htm,https://www.gdpu.edu.cn/xygk/xxjj.htm,read,学校简介-广东药科大学 GUANGDONG PHARMACEUTICAL UNIVERSITY,2026-10-01,
4144010573,广东药科大学,history,https://www.gdpu.edu.cn/xygk/lsyg.htm,https://www.gdpu.edu.cn/xygk/lsyg.htm,read,历史沿革-广东药科大学 GUANGDONG PHARMACEUTICAL UNIVERSITY,2026-10-01,
4144010574,华南师范大学,homepage,http://www.scnu.edu.cn/,http://www.scnu.edu.cn/,read,华南师范大学,2026-10-01,
4144010574,华南师范大学,overview,https://www.scnu.edu.cn/a/20161025/1.html,https://www.scnu.edu.cn/a/20161025/1.html,read,学校简介 - 学校概况 - 华南师范大学,2026-10-01,
4144010574,华南师范大学,charter,https://www.scnu.edu.cn/a/20150907/6.html,https://www.scnu.edu.cn/a/20150907/6.html,read,学校章程 - 学校概况 - 华南师范大学,2026-10-01,
4144010574,华南师范大学,visual,http://news.scnu.edu.cn/t/9,http://news.scnu.edu.cn/t/9,read,华南师范大学新闻网,2026-10-01,
4144010574,华南师范大学,history,https://www.scnu.edu.cn/a/20150906/4.html,https://www.scnu.edu.cn/a/20150906/4.html,read,校史沿革 - 学校概况 - 华南师范大学,2026-10-01,
4144010574,华南师范大学,templates,http://news.scnu.edu.cn/72730/1,,access_limited,,2026-10-01,ValueError
4144010574,华南师范大学,english,http://english.scnu.edu.cn/,http://english.scnu.edu.cn/,read,South China Normal University,2026-10-01,
4144010574,华南师范大学,charter,https://statics.scnu.edu.cn/pics/scnuportal/2023/0308/1678281650568572.pdf,https://statics.scnu.edu.cn/pics/scnuportal/2023/0308/1678281650568572.pdf,read,,2026-10-01,
4144010574,华南师范大学,visual,https://www.scnu.edu.cn/a/20150906/2.html,https://www.scnu.edu.cn/a/20150906/2.html,read,校徽校训校歌 - 学校概况 - 华南师范大学,2026-10-01,
4144010574,华南师范大学,english,https://english.scnu.edu.cn/,https://english.scnu.edu.cn/,read,South China Normal University,2026-10-01,
4144010574,华南师范大学,charter,https://www.scnu.edu.cn/a/20150907/6.html,https://www.scnu.edu.cn/a/20150907/6.html,read,学校章程 - 学校概况 - 华南师范大学,2026-10-01,
4144010574,华南师范大学,charter,https://statics.scnu.edu.cn/pics/scnuportal/2023/0308/1678281650568572.pdf,https://statics.scnu.edu.cn/pics/scnuportal/2023/0308/1678281650568572.pdf,read,,2026-10-01,
4144010574,华南师范大学,overview,https://www.scnu.edu.cn/a/20161025/1.html,https://www.scnu.edu.cn/a/20161025/1.html,read,学校简介 - 学校概况 - 华南师范大学,2026-10-01,
4144010574,华南师范大学,history,https://www.scnu.edu.cn/a/20150906/4.html,https://www.scnu.edu.cn/a/20150906/4.html,read,校史沿革 - 学校概况 - 华南师范大学,2026-10-01,
4144010576,韶关学院,homepage,https://www.sgu.edu.cn/,https://www.sgu.edu.cn/,read,韶关学院,2026-10-01,
4144010576,韶关学院,overview,https://www.sgu.edu.cn/sygk/xxjj.htm,https://www.sgu.edu.cn/sygk/xxjj.htm,read,学校简介-韶关学院,2026-10-01,
4144010576,韶关学院,charter,https://www.sgu.edu.cn/sygk/xxzc.htm,https://www.sgu.edu.cn/sygk/xxzc.htm,read,学校章程-韶关学院,2026-10-01,
4144010576,韶关学院,history,https://www.sgu.edu.cn/sygk/lsyg.htm,https://www.sgu.edu.cn/sygk/lsyg.htm,read,历史沿革-韶关学院,2026-10-01,
4144010576,韶关学院,navigation,https://www.sgu.edu.cn/zjsy/yysy1/xydt.htm,https://www.sgu.edu.cn/zjsy/yysy1/xydt.htm,read,校园地图-韶关学院,2026-10-01,
4144010576,韶关学院,charter,https://www.sgu.edu.cn/sygk/xxzc.htm,https://www.sgu.edu.cn/sygk/xxzc.htm,read,学校章程-韶关学院,2026-10-01,
4144010576,韶关学院,overview,https://www.sgu.edu.cn/sygk/xxjj.htm,https://www.sgu.edu.cn/sygk/xxjj.htm,read,学校简介-韶关学院,2026-10-01,
4144010576,韶关学院,history,https://www.sgu.edu.cn/sygk/lsyg.htm,https://www.sgu.edu.cn/sygk/lsyg.htm,read,历史沿革-韶关学院,2026-10-01,
4144010577,惠州学院,homepage,https://www.hzu.edu.cn/,https://www.hzu.edu.cn/,read,惠州学院Huizhou University,2026-10-01,
4144010577,惠州学院,overview,https://www.hzu.edu.cn/550/list.htm,https://www.hzu.edu.cn/550/list.htm,read,学校简介,2026-10-01,
4144010577,惠州学院,visual,https://www.hzu.edu.cn/554/list.htm,https://www.hzu.edu.cn/554/list.htm,read,学校标识,2026-10-01,
4144010577,惠州学院,history,https://www.hzu.edu.cn/551/list.htm,https://www.hzu.edu.cn/551/list.htm,read,学校沿革,2026-10-01,
4144010577,惠州学院,english,http://en.hzu.edu.cn/,https://en.hzu.edu.cn/,read,Huizhou University,2026-10-01,
4144010577,惠州学院,overview,http://www.hzu.edu.cn/2017/0227/c10351a240805/page.htm,https://www.hzu.edu.cn/2017/0227/c10351a240805/page.htm,read,学校简介,2026-10-01,
4144010577,惠州学院,overview,https://www.hzu.edu.cn/550/list.htm,https://www.hzu.edu.cn/550/list.htm,read,学校简介,2026-10-01,
4144010577,惠州学院,overview,https://www.hzu.edu.cn/2017/0227/c10351a240805/page.htm,https://www.hzu.edu.cn/2017/0227/c10351a240805/page.htm,read,学校简介,2026-10-01,
4144010577,惠州学院,history,https://www.hzu.edu.cn/551/list.htm,https://www.hzu.edu.cn/551/list.htm,read,学校沿革,2026-10-01,
4144010578,韩山师范学院,homepage,http://www.hstc.edu.cn/2013/,,fetch_error,,2026-10-01,HTTPError
4144010578,韩山师范学院,overview,https://www.moe.gov.cn/jyb_xwfb/s5147/201310/t20131014_158298.html,http://www.moe.gov.cn/jyb_xwfb/s5147/201310/t20131014_158298.html,read,百年学府韩山师范学院的本土化办学之路 - 中华人民共和国教育部政府门户网站,2026-10-01,
4144010579,岭南师范学院,homepage,https://www.lingnan.edu.cn/,https://www.lingnan.edu.cn/,read,岭南师范学院,2026-10-01,
4144010579,岭南师范学院,overview,https://www.lingnan.edu.cn/xxgk/xxjj.htm,https://www.lingnan.edu.cn/xxgk/xxjj.htm,read,学校简介-岭南师范学院,2026-10-01,
4144010579,岭南师范学院,charter,https://www.lingnan.edu.cn/xxgk/xxzc.htm,https://www.lingnan.edu.cn/xxgk/xxzc.htm,read,学校章程-岭南师范学院,2026-10-01,
4144010579,岭南师范学院,visual,https://www.lingnan.edu.cn/xxgk/xxbs.htm,https://www.lingnan.edu.cn/xxgk/xxbs.htm,read,学校标识-岭南师范学院,2026-10-01,
4144010579,岭南师范学院,history,https://www.lingnan.edu.cn/xxgk/xsyg.htm,https://www.lingnan.edu.cn/xxgk/xsyg.htm,read,校史沿革-岭南师范学院,2026-10-01,
4144010579,岭南师范学院,english,http://d.lingnan.edu.cn/lnu/,https://d.lingnan.edu.cn/lnu/index.htm,read,Lingnan Normal  University•Chinses,2026-10-01,
4144010579,岭南师范学院,overview,https://www.lingnan.edu.cn/xxgk.htm,https://www.lingnan.edu.cn/xxgk.htm,read,学校概况-岭南师范学院,2026-10-01,
4144010579,岭南师范学院,charter,https://www.lingnan.edu.cn/xxgk/xxzc.htm,https://www.lingnan.edu.cn/xxgk/xxzc.htm,read,学校章程-岭南师范学院,2026-10-01,
4144010579,岭南师范学院,overview,https://www.lingnan.edu.cn/xxgk.htm,https://www.lingnan.edu.cn/xxgk.htm,read,学校概况-岭南师范学院,2026-10-01,
4144010579,岭南师范学院,overview,https://www.lingnan.edu.cn/xxgk/xxjj.htm,https://www.lingnan.edu.cn/xxgk/xxjj.htm,read,学校简介-岭南师范学院,2026-10-01,
4144010579,岭南师范学院,history,https://www.lingnan.edu.cn/xxgk/xsyg.htm,https://www.lingnan.edu.cn/xxgk/xsyg.htm,read,校史沿革-岭南师范学院,2026-10-01,
4144010580,肇庆学院,homepage,https://www.zqu.edu.cn/,https://www.zqu.edu.cn/,read,肇庆学院,2026-10-01,
4144010580,肇庆学院,overview,https://www.zqu.edu.cn/xxgk/xxjj.htm,https://www.zqu.edu.cn/xxgk/xxjj.htm,read,学校简介-肇庆学院,2026-10-01,
4144010580,肇庆学院,charter,https://www.zqu.edu.cn/xxgk/xxzc.htm,https://www.zqu.edu.cn/xxgk/xxzc.htm,read,学校章程-肇庆学院,2026-10-01,
4144010580,肇庆学院,visual,https://www.zqu.edu.cn/xxgk/xybsxt.htm,https://www.zqu.edu.cn/xxgk/xybsxt.htm,read,校园标识系统-肇庆学院,2026-10-01,
4144010580,肇庆学院,culture,https://www.zqu.edu.cn/xxgk/xxxx.htm,https://www.zqu.edu.cn/xxgk/xxxx.htm,read,学校校训-肇庆学院,2026-10-01,
4144010580,肇庆学院,history,https://www.zqu.edu.cn/xxgk/lsyg.htm,https://www.zqu.edu.cn/xxgk/lsyg.htm,read,历史沿革-肇庆学院,2026-10-01,
4144010580,肇庆学院,navigation,https://www.zqu.edu.cn/info/1401/140751.htm,https://www.zqu.edu.cn/info/1401/140751.htm,read,双百行动：学校专家团队走进四会精准对接产业-肇庆学院,2026-10-01,
4144010580,肇庆学院,charter,https://www.zqu.edu.cn/xxgk/xxzc.htm,https://www.zqu.edu.cn/xxgk/xxzc.htm,read,学校章程-肇庆学院,2026-10-01,
4144010580,肇庆学院,overview,https://www.zqu.edu.cn/xxgk/xxjj.htm,https://www.zqu.edu.cn/xxgk/xxjj.htm,read,学校简介-肇庆学院,2026-10-01,
4144010580,肇庆学院,history,https://www.zqu.edu.cn/xxgk/lsyg.htm,https://www.zqu.edu.cn/xxgk/lsyg.htm,read,历史沿革-肇庆学院,2026-10-01,
4144010580,肇庆学院,culture,https://www.zqu.edu.cn/xxgk/xxxx.htm,https://www.zqu.edu.cn/xxgk/xxxx.htm,read,学校校训-肇庆学院,2026-10-01,
4144010582,嘉应学院,homepage,http://www.jyu.edu.cn,,fetch_error,,2026-10-01,timeout
4144010582,嘉应学院,overview,https://jwc.jyu.edu.cn/,,access_limited,,2026-10-01,URLError
4144010582,嘉应学院,overview,https://www.jyu.edu.cn/xxgk/xxjj.htm,,access_limited,,2026-10-01,URLError
4144010582,嘉应学院,charter,https://gaokao.chsi.com.cn/zsgs/zhangcheng/listVerifedZszc--method-view%2CschId-445%2CinfoId-7658335717.dhtml,,access_limited,,2026-10-01,HTTPError
4144010582,嘉应学院,overview,https://www.jyu.edu.cn/xxgk.htm,,access_limited,,2026-10-01,URLError
4144010585,广州体育学院,homepage,https://www.gzsport.edu.cn/,https://www.gzsport.edu.cn/,read,广州体育学院,2026-10-01,
4144010585,广州体育学院,english,http://en.gzsport.edu.cn,https://en.gzsport.edu.cn/,read,Guangzhou Sport University (GSU),2026-10-01,
4144010586,广州美术学院,homepage,https://www.gzarts.edu.cn/,https://www.gzarts.edu.cn/,read,广州美术学院官网,2026-10-01,
4144010586,广州美术学院,overview,https://www.gzarts.edu.cn/index/xxgk/xxjj.htm,https://www.gzarts.edu.cn/index/xxgk/xxjj.htm,read,学校简介-广州美术学院官网,2026-10-01,
4144010586,广州美术学院,charter,https://www.gzarts.edu.cn/index/xxgk/dxzc.htm,https://www.gzarts.edu.cn/index/xxgk/dxzc.htm,read,大学章程-广州美术学院官网,2026-10-01,
4144010586,广州美术学院,culture,https://www.gzarts.edu.cn/info/3450/58874.htm,https://www.gzarts.edu.cn/info/3450/58874.htm,read,吉祥物诞生记-广州美术学院官网,2026-10-01,
4144010586,广州美术学院,history,https://www.gzarts.edu.cn/index/xxgk/lsyg.htm,https://www.gzarts.edu.cn/index/xxgk/lsyg.htm,read,历史沿革-广州美术学院官网,2026-10-01,
4144010586,广州美术学院,navigation,https://www.gzarts.edu.cn/info/3430/183454.htm,https://www.gzarts.edu.cn/info/3430/183454.htm,read,大美公益课堂系列活动走进潮州——为教师赋能为美育播种-广州美术学院官网,2026-10-01,
4144010586,广州美术学院,overview,https://www.gzarts.edu.cn/index/xxgk.htm,https://www.gzarts.edu.cn/index/xxgk.htm,read,学校概况-广州美术学院官网,2026-10-01,
4144010586,广州美术学院,charter,https://www.gzarts.edu.cn/index/xxgk/dxzc.htm,https://www.gzarts.edu.cn/index/xxgk/dxzc.htm,read,大学章程-广州美术学院官网,2026-10-01,
4144010586,广州美术学院,overview,https://www.gzarts.edu.cn/index/xxgk.htm,https://www.gzarts.edu.cn/index/xxgk.htm,read,学校概况-广州美术学院官网,2026-10-01,
4144010586,广州美术学院,overview,https://www.gzarts.edu.cn/index/xxgk/xxjj.htm,https://www.gzarts.edu.cn/index/xxgk/xxjj.htm,read,学校简介-广州美术学院官网,2026-10-01,
4144010586,广州美术学院,history,https://www.gzarts.edu.cn/index/xxgk/lsyg.htm,https://www.gzarts.edu.cn/index/xxgk/lsyg.htm,read,历史沿革-广州美术学院官网,2026-10-01,
4144010586,广州美术学院,culture,https://www.gzarts.edu.cn/info/3450/58874.htm,https://www.gzarts.edu.cn/info/3450/58874.htm,read,吉祥物诞生记-广州美术学院官网,2026-10-01,
4144010587,星海音乐学院,homepage,https://www.xhcom.edu.cn,https://www.xhcom.edu.cn,read,星海音乐学院,2026-10-01,
4144010587,星海音乐学院,overview,https://www.xhcom.edu.cn/xxgk/xxjj.htm,https://www.xhcom.edu.cn/xxgk/xxjj.htm,read,学校简介-星海音乐学院,2026-10-01,
4144010587,星海音乐学院,charter,https://www.xhcom.edu.cn/xxzc1.htm,https://www.xhcom.edu.cn/xxzc1.htm,read,学校章程-星海音乐学院,2026-10-01,
4144010587,星海音乐学院,charter,https://www.xhcom.edu.cn/system/_content/download.jsp?urltype=news.DownloadAttachUrl&owner=1322874255&wbfileid=15909414,https://www.xhcom.edu.cn/system/_content/download.jsp?urltype=news.DownloadAttachUrl&owner=1322874255&wbfileid=15909414,insufficient_text,附件下载,2026-10-01,
4144010587,星海音乐学院,charter,https://www.xhcom.edu.cn/xxzc1.htm,https://www.xhcom.edu.cn/xxzc1.htm,read,学校章程-星海音乐学院,2026-10-01,
4144010587,星海音乐学院,overview,https://www.xhcom.edu.cn/xxgk/xxjj.htm,https://www.xhcom.edu.cn/xxgk/xxjj.htm,read,学校简介-星海音乐学院,2026-10-01,
4144010588,广东技术师范大学,homepage,https://www.gpnu.edu.cn/,https://www.gpnu.edu.cn/,read,广东技术师范大学,2026-10-01,
4144010588,广东技术师范大学,overview,https://www.gpnu.edu.cn/xxgk/xxjj.htm,https://www.gpnu.edu.cn/xxgk/xxjj.htm,read,学校简介-广东技术师范大学,2026-10-01,
4144010588,广东技术师范大学,charter,https://www.gpnu.edu.cn/xxgk/xxzc.htm,https://www.gpnu.edu.cn/xxgk/xxzc.htm,read,学校章程-广东技术师范大学,2026-10-01,
4144010588,广东技术师范大学,visual,https://www.gpnu.edu.cn/xxgk/xhxxxg.htm,https://www.gpnu.edu.cn/xxgk/xhxxxg.htm,read,校徽校训校歌-广东技术师范大学,2026-10-01,
4144010588,广东技术师范大学,history,https://www.gpnu.edu.cn/xxgk/lsyg.htm,https://www.gpnu.edu.cn/xxgk/lsyg.htm,read,历史沿革-广东技术师范大学,2026-10-01,
4144010588,广东技术师范大学,english,http://en.gpnu.edu.cn,https://en.gpnu.edu.cn/,read,Guangdong Polytechnic Normal University,2026-10-01,
4144010588,广东技术师范大学,charter,https://www.gpnu.edu.cn/xxgk/xxzc.htm,https://www.gpnu.edu.cn/xxgk/xxzc.htm,read,学校章程-广东技术师范大学,2026-10-01,
4144010588,广东技术师范大学,overview,https://www.gpnu.edu.cn/xxgk/xxjj.htm,https://www.gpnu.edu.cn/xxgk/xxjj.htm,read,学校简介-广东技术师范大学,2026-10-01,
4144010588,广东技术师范大学,history,https://www.gpnu.edu.cn/xxgk/lsyg.htm,https://www.gpnu.edu.cn/xxgk/lsyg.htm,read,历史沿革-广东技术师范大学,2026-10-01,
4144010590,深圳大学,homepage,https://www.szu.edu.cn,,fetch_error,,2026-10-01,URLError
4144010590,深圳大学,overview,https://www.szu.edu.cn/,,access_limited,,2026-10-01,URLError
4144010590,深圳大学,overview,https://www.szu.edu.cn/xxgk/xxjj.htm,,access_limited,,2026-10-01,URLError
4144010590,深圳大学,overview,https://www.szu.edu.cn/jyjx1/bksjy.htm,,access_limited,,2026-10-01,URLError
4144010592,广东财经大学,homepage,https://www.gdufe.edu.cn,https://www.gdufe.edu.cn,read,广东财经大学,2026-10-01,
4144010592,广东财经大学,overview,https://www.gdufe.edu.cn/xxgk/list.htm,https://www.gdufe.edu.cn/xxgk/list.htm,read,广财简介,2026-10-01,
4144010592,广东财经大学,charter,https://www.gdufe.edu.cn/xxzc_11003/list.htm,https://www.gdufe.edu.cn/xxzc_11003/list.htm,read,学校章程,2026-10-01,
4144010592,广东财经大学,visual,https://www.gdufe.edu.cn/xxxgxh/list.htm,https://www.gdufe.edu.cn/xxxgxh/list.htm,read,校训校歌校徽,2026-10-01,
4144010592,广东财经大学,charter,https://www.gdufe.edu.cn/xxzc_11003/list.htm,https://www.gdufe.edu.cn/xxzc_11003/list.htm,read,学校章程,2026-10-01,
4144010592,广东财经大学,overview,https://www.gdufe.edu.cn/xxgk/list.htm,https://www.gdufe.edu.cn/xxgk/list.htm,read,广财简介,2026-10-01,
4144011078,广州大学,homepage,http://www.gzhu.edu.cn,http://www.gzhu.edu.cn,read,广州大学,2026-10-01,
4144011078,广州大学,overview,http://www.gzhu.edu.cn/xxgk/xxjj.htm,http://www.gzhu.edu.cn/xxgk/xxjj.htm,read,学校简介-广州大学,2026-10-01,
4144011078,广州大学,charter,http://www.gzhu.edu.cn/xxgk/xxzc.htm,http://www.gzhu.edu.cn/xxgk/xxzc.htm,read,学校章程-广州大学,2026-10-01,
4144011078,广州大学,visual,http://www.gzhu.edu.cn/xxgk/xxxhxg.htm,http://www.gzhu.edu.cn/xxgk/xxxhxg.htm,read,校训校徽校歌-广州大学,2026-10-01,
4144011078,广州大学,culture,http://www.gzhu.edu.cn/info/1024/6028.htm,http://www.gzhu.edu.cn/info/1024/6028.htm,read,广州大学校歌校园民谣版-广州大学,2026-10-01,
4144011078,广州大学,english,http://english.gzhu.edu.cn/,http://english.gzhu.edu.cn/,read,Guangzhou University,2026-10-01,
4144011078,广州大学,charter,http://www.gzhu.edu.cn/system/_content/download.jsp?urltype=news.DownloadAttachUrl&owner=1596814580&wbfileid=76C739ED56316C5B3FFD3B459EB92DF8,http://www.gzhu.edu.cn/system/_content/download.jsp?urltype=news.DownloadAttachUrl&owner=1596814580&wbfileid=76C739ED56316C5B3FFD3B459EB92DF8,insufficient_text,附件下载,2026-10-01,
4144011078,广州大学,culture,http://www.gzhu.edu.cn/info/1024/6030.htm,http://www.gzhu.edu.cn/info/1024/6030.htm,read,广州大学校歌标准版（伴奏）-广州大学,2026-10-01,
4144011078,广州大学,charter,http://www.gzhu.edu.cn/xxgk/xxzc.htm,http://www.gzhu.edu.cn/xxgk/xxzc.htm,read,学校章程-广州大学,2026-10-01,
4144011078,广州大学,overview,http://www.gzhu.edu.cn/xxgk/xxjj.htm,http://www.gzhu.edu.cn/xxgk/xxjj.htm,read,学校简介-广州大学,2026-10-01,
4144011078,广州大学,culture,http://www.gzhu.edu.cn/info/1024/6028.htm,http://www.gzhu.edu.cn/info/1024/6028.htm,read,广州大学校歌校园民谣版-广州大学,2026-10-01,
4144011078,广州大学,culture,http://www.gzhu.edu.cn/info/1024/6030.htm,http://www.gzhu.edu.cn/info/1024/6030.htm,read,广州大学校歌标准版（伴奏）-广州大学,2026-10-01,
4144011106,广州航海学院,homepage,https://www.gzmtu.edu.cn/,https://www.gzmtu.edu.cn/,read,广州航海学院,2026-10-01,
4144011106,广州航海学院,overview,https://www.gzmtu.edu.cn/xxgk.htm,https://www.gzmtu.edu.cn/xxgk.htm,read,学校概况-广州航海学院,2026-10-01,
4144011106,广州航海学院,charter,https://www.gzmtu.edu.cn/xxgk/xxzc.htm,https://www.gzmtu.edu.cn/xxgk/xxzc.htm,read,学校章程-广州航海学院,2026-10-01,
4144011106,广州航海学院,culture,https://www.gzmtu.edu.cn/xxgk/xxxg.htm,https://www.gzmtu.edu.cn/xxgk/xxxg.htm,read,校训校歌-广州航海学院,2026-10-01,
4144011106,广州航海学院,history,https://www.gzmtu.edu.cn/xxgk/lsyg.htm,https://www.gzmtu.edu.cn/xxgk/lsyg.htm,read,历史沿革-广州航海学院,2026-10-01,
4144011106,广州航海学院,overview,https://www.gzmtu.edu.cn/xxgk/xxgk.htm,https://www.gzmtu.edu.cn/xxgk/xxgk.htm,read,学校概况-广州航海学院,2026-10-01,
4144011106,广州航海学院,charter,https://www.gzmtu.edu.cn/xxgk/xxzc.htm,https://www.gzmtu.edu.cn/xxgk/xxzc.htm,read,学校章程-广州航海学院,2026-10-01,
4144011106,广州航海学院,overview,https://www.gzmtu.edu.cn/xxgk.htm,https://www.gzmtu.edu.cn/xxgk.htm,read,学校概况-广州航海学院,2026-10-01,
4144011106,广州航海学院,overview,https://www.gzmtu.edu.cn/xxgk/xxgk.htm,https://www.gzmtu.edu.cn/xxgk/xxgk.htm,read,学校概况-广州航海学院,2026-10-01,
4144011106,广州航海学院,history,https://www.gzmtu.edu.cn/xxgk/lsyg.htm,https://www.gzmtu.edu.cn/xxgk/lsyg.htm,read,历史沿革-广州航海学院,2026-10-01,
4144011106,广州航海学院,culture,https://www.gzmtu.edu.cn/xxgk/xxxg.htm,https://www.gzmtu.edu.cn/xxgk/xxxg.htm,read,校训校歌-广州航海学院,2026-10-01,
4144011110,广东警官学院,homepage,http://www.gdppla.edu.cn/default.html,,fetch_error,,2026-10-01,URLError
4144011110,广东警官学院,charter,https://gaokao.chsi.com.cn/zsgs/zhangcheng/listVerifedZszc--method-view%2CschId-733%2CinfoId-7657139708.dhtml,,access_limited,,2026-10-01,HTTPError
4144011110,广东警官学院,overview,https://www.cppu.edu.cn/wdpdf/1.pdf,,access_limited,,2026-10-01,ValueError
4144011347,仲恺农业工程学院,homepage,http://www.zhku.edu.cn/,,robots_disallowed,,2026-10-01,
4144011347,仲恺农业工程学院,overview,https://www.zhku.edu.cn/,,robots_disallowed,,2026-10-01,
4144011347,仲恺农业工程学院,overview,https://www.zhku.edu.cn/index.htm,,robots_disallowed,,2026-10-01,
4144011347,仲恺农业工程学院,overview,https://www.zhku.edu.cn/xxgk/xxjs.htm,,robots_disallowed,,2026-10-01,
4144011347,仲恺农业工程学院,navigation,https://xxgk.zhku.edu.cn/,https://xxgk.zhku.edu.cn/,read,仲恺农业工程学院信息公开,2026-10-01,
4144011349,五邑大学,homepage,https://www.wyu.edu.cn,https://www.wyu.edu.cn,read,五邑大学,2026-10-01,
4144011349,五邑大学,overview,https://www.wyu.edu.cn/xuxgk/xxjj.htm,https://www.wyu.edu.cn/xuxgk/xxjj.htm,read,学校简介-五邑大学,2026-10-01,
4144011349,五邑大学,charter,https://www.wyu.edu.cn/xuxgk/xxzc.htm,https://www.wyu.edu.cn/xuxgk/xxzc.htm,read,学校章程-五邑大学,2026-10-01,
4144011349,五邑大学,visual,https://www.wyu.edu.cn/xuxgk/xx_xh_xg.htm,https://www.wyu.edu.cn/xuxgk/xx_xh_xg.htm,read,校训 校徽 校歌-五邑大学,2026-10-01,
4144011349,五邑大学,english,https://www.wyu.edu.cn/english,https://www.wyu.edu.cn/english/,read,WUYI University,2026-10-01,
4144011349,五邑大学,navigation,https://www.wyu.edu.cn/xnzx_content.jsp?urltype=news.NewsContentUrl&wbtreeid=1116&wbnewsid=426651,https://authserver.wyu.edu.cn/authserver/login?service=https%3A%2F%2Fwww.wyu.edu.cn%2Fsystem%2Fresource%2Fcode%2Fauth%2Fclogin.jsp%3Fowner%3D1973814348,read,统一身份认证平台,2026-10-01,
4144011349,五邑大学,charter,https://www.wyu.edu.cn/xuxgk/xxzc.htm,https://www.wyu.edu.cn/xuxgk/xxzc.htm,read,学校章程-五邑大学,2026-10-01,
4144011349,五邑大学,overview,https://www.wyu.edu.cn/xuxgk/xxjj.htm,https://www.wyu.edu.cn/xuxgk/xxjj.htm,read,学校简介-五邑大学,2026-10-01,
4144011540,广东金融学院,homepage,https://www.gduf.edu.cn/,https://www.gduf.edu.cn/,read,广东金融学院,2026-10-01,
4144011540,广东金融学院,visual,https://www.gduf.edu.cn/index/xywh.htm,https://www.gduf.edu.cn/index/xywh.htm,read,校园文化-广东金融学院,2026-10-01,
4144011656,广东石油化工学院,homepage,https://www.gdupt.edu.cn,https://www.gdupt.edu.cn,read,广东石油化工学院,2026-10-01,
4144011656,广东石油化工学院,overview,https://www.gdupt.edu.cn/xxjj/xxjj.htm,https://www.gdupt.edu.cn/xxjj/xxjj.htm,read,学校简介-广东石油化工学院,2026-10-01,
4144011656,广东石油化工学院,charter,https://www.gdupt.edu.cn/xxjj/xxzc.htm,https://www.gdupt.edu.cn/xxjj/xxzc.htm,read,学校章程-广东石油化工学院,2026-10-01,
4144011656,广东石油化工学院,visual,https://www.gdupt.edu.cn/xysh/xxsjxxsbxt.htm,https://www.gdupt.edu.cn/xysh/xxsjxxsbxt.htm,read,学校视觉形象识别系统-广东石油化工学院,2026-10-01,
4144011656,广东石油化工学院,history,https://www.gdupt.edu.cn/xxjj/lsyg.htm,https://www.gdupt.edu.cn/xxjj/lsyg.htm,read,历史沿革-广东石油化工学院,2026-10-01,
4144011656,广东石油化工学院,charter,https://www.gdupt.edu.cn/system/_content/download.jsp?urltype=news.DownloadAttachUrl&owner=1594805750&wbfileid=11403945,https://www.gdupt.edu.cn/system/_content/download.jsp?urltype=news.DownloadAttachUrl&owner=1594805750&wbfileid=11403945,insufficient_text,附件下载,2026-10-01,
4144011656,广东石油化工学院,charter,https://www.gdupt.edu.cn/system/_content/download.jsp?urltype=news.DownloadAttachUrl&owner=1594805750&wbfileid=11403946,https://www.gdupt.edu.cn/system/_content/download.jsp?urltype=news.DownloadAttachUrl&owner=1594805750&wbfileid=11403946,insufficient_text,附件下载,2026-10-01,
4144011656,广东石油化工学院,charter,https://www.gdupt.edu.cn/xxjj/xxzc.htm,https://www.gdupt.edu.cn/xxjj/xxzc.htm,read,学校章程-广东石油化工学院,2026-10-01,
4144011656,广东石油化工学院,overview,https://www.gdupt.edu.cn/xxjj/xxjj.htm,https://www.gdupt.edu.cn/xxjj/xxjj.htm,read,学校简介-广东石油化工学院,2026-10-01,
4144011656,广东石油化工学院,history,https://www.gdupt.edu.cn/xxjj/lsyg.htm,https://www.gdupt.edu.cn/xxjj/lsyg.htm,read,历史沿革-广东石油化工学院,2026-10-01,
4144011819,东莞理工学院,homepage,https://www.dgut.edu.cn,https://www.dgut.edu.cn,read,东莞理工学院,2026-10-01,
4144011819,东莞理工学院,overview,https://www.dgut.edu.cn/info/1012/76772.htm,https://www.dgut.edu.cn/info/1012/76772.htm,read,东莞理工学院简介-东莞理工学院,2026-10-01,
4144011819,东莞理工学院,charter,https://www.dgut.edu.cn/info/1065/32892.htm,https://www.dgut.edu.cn/info/1065/32892.htm,read,东莞理工学院章程-东莞理工学院,2026-10-01,
4144011819,东莞理工学院,visual,https://www.dgut.edu.cn/xwzx/xywh.htm,https://www.dgut.edu.cn/xwzx/xywh.htm,read,校园文化-东莞理工学院,2026-10-01,
4144011819,东莞理工学院,history,https://xsg.dgut.edu.cn/,https://xsg.dgut.edu.cn/,read,东莞理工学院校史馆,2026-10-01,
4144011819,东莞理工学院,overview,https://www.dgut.edu.cn/xxgk/xxjj1.htm,https://www.dgut.edu.cn/xxgk/xxjj1.htm,read,学校简介-东莞理工学院,2026-10-01,
4144011819,东莞理工学院,visual,https://www.dgut.edu.cn/xxgk/xhxx.htm,https://www.dgut.edu.cn/xxgk/xhxx.htm,read,校徽校训-东莞理工学院,2026-10-01,
4144011819,东莞理工学院,visual,https://www.dgut.edu.cn/info/1019/96852.htm,https://www.dgut.edu.cn/info/1019/96852.htm,read,5000余名新生开学  同上第一堂思政课-东莞理工学院,2026-10-01,
4144011819,东莞理工学院,charter,https://www.dgut.edu.cn/info/1065/32892.htm,https://www.dgut.edu.cn/info/1065/32892.htm,read,东莞理工学院章程-东莞理工学院,2026-10-01,
4144011819,东莞理工学院,overview,https://www.dgut.edu.cn/xxgk/xxjj1.htm,https://www.dgut.edu.cn/xxgk/xxjj1.htm,read,学校简介-东莞理工学院,2026-10-01,
4144011819,东莞理工学院,overview,https://www.dgut.edu.cn/info/1012/76772.htm,https://www.dgut.edu.cn/info/1012/76772.htm,read,东莞理工学院简介-东莞理工学院,2026-10-01,
4144011819,东莞理工学院,history,https://xsg.dgut.edu.cn/,https://xsg.dgut.edu.cn/,read,东莞理工学院校史馆,2026-10-01,
4144011845,广东工业大学,homepage,https://www.gdut.edu.cn,https://www.gdut.edu.cn,read,广东工业大学广东工业大学,2026-10-01,
4144011845,广东工业大学,overview,https://www.gdut.edu.cn/xxgk/xxjj.htm,https://www.gdut.edu.cn/xxgk/xxjj.htm,read,学校简介-广东工业大学广东工业大学,2026-10-01,
4144011845,广东工业大学,charter,https://xxgk.gdut.edu.cn/info/10084/87134.htm,https://xxgk.gdut.edu.cn/info/10084/87134.htm,read,广东工业大学章程-广东工业大学信息公开网,2026-10-01,
4144011845,广东工业大学,visual,https://www.gdut.edu.cn/xxgk/xhxxxg.htm,https://www.gdut.edu.cn/xxgk/xhxxxg.htm,read,校徽校训校歌-广东工业大学广东工业大学,2026-10-01,
4144011845,广东工业大学,history,https://www.gdut.edu.cn/xxgk/xxyg.htm,https://www.gdut.edu.cn/xxgk/xxyg.htm,read,学校沿革-广东工业大学广东工业大学,2026-10-01,
4144011845,广东工业大学,english,http://english.gdut.edu.cn/,https://english.gdut.edu.cn/,read,Guangdong University of Technology,2026-10-01,
4144011845,广东工业大学,navigation,https://www.gdut.edu.cn/info/1709/23942.htm,https://www.gdut.edu.cn/info/1709/23942.htm,read,劳模工匠走进广工宣讲传递榜样力量-广东工业大学广东工业大学,2026-10-01,
4144011845,广东工业大学,visual,https://photo.gdut.edu.cn/index.htm,https://photo.gdut.edu.cn/index.htm,read,广东工业大学图库,2026-10-01,
4144011845,广东工业大学,charter,https://xxgk.gdut.edu.cn/info/10084/87134.htm,https://xxgk.gdut.edu.cn/info/10084/87134.htm,read,广东工业大学章程-广东工业大学信息公开网,2026-10-01,
4144011845,广东工业大学,overview,https://www.gdut.edu.cn/xxgk/xxjj.htm,https://www.gdut.edu.cn/xxgk/xxjj.htm,read,学校简介-广东工业大学广东工业大学,2026-10-01,
4144011845,广东工业大学,history,https://www.gdut.edu.cn/xxgk/xxyg.htm,https://www.gdut.edu.cn/xxgk/xxyg.htm,read,学校沿革-广东工业大学广东工业大学,2026-10-01,
4144011846,广东外语外贸大学,homepage,https://www.gdufs.edu.cn,https://www.gdufs.edu.cn,read,广东外语外贸大学,2026-10-01,
4144011846,广东外语外贸大学,overview,https://www.gdufs.edu.cn/AboutGDUFS/xxjj2.htm,https://www.gdufs.edu.cn/AboutGDUFS/xxjj2.htm,read,学校简介-广东外语外贸大学,2026-10-01,
4144011846,广东外语外贸大学,charter,https://www.gdufs.edu.cn/AboutGDUFS/xxzc.htm,https://www.gdufs.edu.cn/AboutGDUFS/xxzc.htm,read,学校章程-广东外语外贸大学,2026-10-01,
4144011846,广东外语外贸大学,visual,https://www.gdufs.edu.cn/AboutGDUFS/LogoandMotto.htm,https://www.gdufs.edu.cn/AboutGDUFS/LogoandMotto.htm,read,校徽校训-广东外语外贸大学,2026-10-01,
4144011846,广东外语外贸大学,culture,https://www.gdufs.edu.cn/AboutGDUFS/Anthem.htm,https://www.gdufs.edu.cn/AboutGDUFS/Anthem.htm,read,校 歌-广东外语外贸大学,2026-10-01,
4144011846,广东外语外贸大学,visual,https://www.gdufs.edu.cn/system/_content/download.jsp?urltype=news.DownloadAttachUrl&owner=1892682409&wbfileid=BDFF791A4BECB44836D7C7E10E169578,https://www.gdufs.edu.cn/system/_content/download.jsp?urltype=news.DownloadAttachUrl&owner=1892682409&wbfileid=BDFF791A4BECB44836D7C7E10E169578,insufficient_text,附件下载,2026-10-01,
4144011846,广东外语外贸大学,charter,https://www.gdufs.edu.cn/AboutGDUFS/xxzc.htm,https://www.gdufs.edu.cn/AboutGDUFS/xxzc.htm,read,学校章程-广东外语外贸大学,2026-10-01,
4144011846,广东外语外贸大学,overview,https://www.gdufs.edu.cn/AboutGDUFS/xxjj2.htm,https://www.gdufs.edu.cn/AboutGDUFS/xxjj2.htm,read,学校简介-广东外语外贸大学,2026-10-01,
4144011846,广东外语外贸大学,culture,https://www.gdufs.edu.cn/AboutGDUFS/Anthem.htm,https://www.gdufs.edu.cn/AboutGDUFS/Anthem.htm,read,校 歌-广东外语外贸大学,2026-10-01,
4144011847,佛山大学,homepage,https://www.fosu.edu.cn/english/,,robots_disallowed,,2026-10-01,
4144011847,佛山大学,overview,https://gaokao.chsi.com.cn/sch/schoolInfo--schId-942%2CcategoryId-5323940%2Cmindex-1.dhtml,,access_limited,,2026-10-01,HTTPError
4144012121,南方医科大学,homepage,https://www.smu.edu.cn,https://www.smu.edu.cn,read,南方医科大学,2026-10-01,
4144012121,南方医科大学,overview,https://www.smu.edu.cn/xygk/xxjj.htm,https://www.smu.edu.cn/xygk/xxjj.htm,read,学校简介-南方医科大学,2026-10-01,
4144012121,南方医科大学,charter,https://www.smu.edu.cn/xygk/xxzc.htm,https://www.smu.edu.cn/xygk/xxzc.htm,read,学校章程-南方医科大学,2026-10-01,
4144012121,南方医科大学,visual,https://www.smu.edu.cn/xygk/xxbs.htm,https://www.smu.edu.cn/xygk/xxbs.htm,read,学校标识-南方医科大学,2026-10-01,
4144012121,南方医科大学,history,http://news.smu.edu.cn/info/1279/107416.htm,https://news.smu.edu.cn/info/1279/107416.htm,read,历史沿革-南方医科大学新闻中心,2026-10-01,
4144012121,南方医科大学,english,http://portal.smu.edu.cn/en/,https://www.smu.edu.cn/english/,read,Southern Medical University,2026-10-01,
4144012121,南方医科大学,navigation,http://news.smu.edu.cn/info/1014/139906.htm,https://news.smu.edu.cn/info/1014/139906.htm,read,三维融合培训为基层健康守门人添本领-南方医科大学新闻中心,2026-10-01,
4144012121,南方医科大学,charter,https://www.smu.edu.cn/xygk/xxzc.htm,https://www.smu.edu.cn/xygk/xxzc.htm,read,学校章程-南方医科大学,2026-10-01,
4144012121,南方医科大学,overview,https://www.smu.edu.cn/xygk/xxjj.htm,https://www.smu.edu.cn/xygk/xxjj.htm,read,学校简介-南方医科大学,2026-10-01,
4144012121,南方医科大学,history,https://news.smu.edu.cn/info/1279/107416.htm,https://news.smu.edu.cn/info/1279/107416.htm,read,历史沿革-南方医科大学新闻中心,2026-10-01,
4144013667,广州商学院,homepage,https://www.gcc.edu.cn/,https://www.gcc.edu.cn/,read,广州商学院,2026-10-01,
4144013667,广州商学院,overview,https://www.gcc.edu.cn/xxgk/xxjj/index.htm,https://www.gcc.edu.cn/xxgk/xxjj/index.htm,read,学校简介 - 广州商学院,2026-10-01,
4144013667,广州商学院,visual,https://www.gcc.edu.cn/xxgk/xhxxxq/index.htm,https://www.gcc.edu.cn/xxgk/xhxxxq/index.htm,read,校徽校训 - 广州商学院,2026-10-01,
4144013667,广州商学院,overview,https://www.gcc.edu.cn/xxgk/index.htm,https://www.gcc.edu.cn/xxgk/index.htm,insufficient_text,,2026-10-01,
4144013667,广州商学院,overview,https://www.gcc.edu.cn/xxgk/xxjj/index.htm,https://www.gcc.edu.cn/xxgk/xxjj/index.htm,read,学校简介 - 广州商学院,2026-10-01,
4144014278,广东第二师范学院,homepage,https://www.gdei.edu.cn,https://www.gdei.edu.cn,read,广东第二师范学院,2026-10-01,
4144014278,广东第二师范学院,overview,https://www.gdei.edu.cn/3952/list.htm,https://www.gdei.edu.cn/3952/list.htm,read,学校简介,2026-10-01,
4144014278,广东第二师范学院,charter,https://www.gdei.edu.cn/xxzc/list.htm,https://www.gdei.edu.cn/xxzc/list.htm,read,学校章程及制定的各项规章制度,2026-10-01,
4144014278,广东第二师范学院,visual,https://www.gdei.edu.cn/xxxh/list.htm,https://www.gdei.edu.cn/xxxh/list.htm,read,校训校徽,2026-10-01,
4144014278,广东第二师范学院,culture,https://www.gdei.edu.cn/2026/0929/c1324a109025/page.htm,https://www.gdei.edu.cn/2026/0929/c1324a109025/page.htm,read,学校花都校区匹克球场正式启用,2026-10-01,
4144014278,广东第二师范学院,navigation,https://www.gdei.edu.cn/xjldgbshjz/list.htm,https://www.gdei.edu.cn/xjldgbshjz/list.htm,read,综合信息,2026-10-01,
4144014278,广东第二师范学院,overview,https://www.gdei.edu.cn/1313/list.htm,https://www.gdei.edu.cn/1313/list.htm,read,学校简介,2026-10-01,
4144014278,广东第二师范学院,charter,https://www.gdei.edu.cn/xxzc/list.htm,https://www.gdei.edu.cn/xxzc/list.htm,read,学校章程及制定的各项规章制度,2026-10-01,
4144014278,广东第二师范学院,overview,https://www.gdei.edu.cn/3952/list.htm,https://www.gdei.edu.cn/3952/list.htm,read,学校简介,2026-10-01,
4144014278,广东第二师范学院,overview,https://www.gdei.edu.cn/1313/list.htm,https://www.gdei.edu.cn/1313/list.htm,read,学校简介,2026-10-01,
4144014278,广东第二师范学院,culture,https://www.gdei.edu.cn/2026/0929/c1324a109025/page.htm,https://www.gdei.edu.cn/2026/0929/c1324a109025/page.htm,read,学校花都校区匹克球场正式启用,2026-10-01,
4144014325,南方科技大学,homepage,https://sustech.edu.cn,https://sustech.edu.cn,read,南方科技大学,2026-10-01,
4144014325,南方科技大学,overview,https://sustech.edu.cn/zh/about.html,https://sustech.edu.cn/zh/about.html,read,学校概况 - 南方科技大学,2026-10-01,
4144014325,南方科技大学,visual,https://sustech.edu.cn/zh/school_logo.html,https://sustech.edu.cn/zh/school_logo.html,read,学校标识 - 南方科技大学,2026-10-01,
4144014325,南方科技大学,overview,https://sustech.edu.cn/zh/about.html,https://sustech.edu.cn/zh/about.html,read,学校概况 - 南方科技大学,2026-10-01,
4144014655,深圳技术大学,homepage,https://www.sztu.edu.cn/,https://www.sztu.edu.cn/,read,深圳技术大学,2026-10-01,
4144014655,深圳技术大学,overview,https://www.sztu.edu.cn/xxgk/xxjj.htm,https://www.sztu.edu.cn/xxgk/xxjj.htm,read,学校简介-深圳技术大学,2026-10-01,
4144014655,深圳技术大学,history,https://www.sztu.edu.cn/info/1003/4481.htm,https://www.sztu.edu.cn/info/1003/4481.htm,read,深圳技术大学与电子科技大学中山学院签署党建和思想政治工作结对共建协议-深圳技术大学,2026-10-01,
4144014655,深圳技术大学,overview,https://www.sztu.edu.cn/xxgk/xxjj.htm,https://www.sztu.edu.cn/xxgk/xxjj.htm,read,学校简介-深圳技术大学,2026-10-01,
4144014655,深圳技术大学,history,https://www.sztu.edu.cn/info/1003/4481.htm,https://www.sztu.edu.cn/info/1003/4481.htm,read,深圳技术大学与电子科技大学中山学院签署党建和思想政治工作结对共建协议-深圳技术大学,2026-10-01,
4144016401,北师香港浸会大学,homepage,https://www.bnbu.edu.cn/index.htm,https://www.bnbu.edu.cn/index.htm,read,北师香港浸会大学,2026-10-01,
4144016401,北师香港浸会大学,overview,https://www.bnbu.edu.cn/about_us/overview/introducing.htm,https://www.bnbu.edu.cn/about_us/overview/introducing.htm,read,学校简介-北师香港浸会大学,2026-10-01,
4144016401,北师香港浸会大学,culture,https://www.bnbu.edu.cn/about_us/overview/motto_and_anthema.htm,https://www.bnbu.edu.cn/about_us/overview/motto_and_anthema.htm,read,校训校歌-北师香港浸会大学,2026-10-01,
4144016401,北师香港浸会大学,english,http://www.bnbu.edu.cn/en,https://www.bnbu.edu.cn/en/,read,Beijing Normal-Hong Kong Baptist University,2026-10-01,
4144016401,北师香港浸会大学,english,http://www.bnbu.edu.cn/en/about_us/overview/introducing.htm,https://www.bnbu.edu.cn/en/about_us/overview/introducing.htm,read,Introducing BNBU-Beijing Normal-Hong Kong Baptist University,2026-10-01,
4144016401,北师香港浸会大学,overview,https://www.bnbu.edu.cn/about_us/overview/introducing.htm,https://www.bnbu.edu.cn/about_us/overview/introducing.htm,read,学校简介-北师香港浸会大学,2026-10-01,
4144016401,北师香港浸会大学,culture,https://www.bnbu.edu.cn/about_us/overview/motto_and_anthema.htm,https://www.bnbu.edu.cn/about_us/overview/motto_and_anthema.htm,read,校训校歌-北师香港浸会大学,2026-10-01,
4144016412,香港科技大学(广州),homepage,https://www.hkust-gz.edu.cn/zh/,https://www.hkust-gz.edu.cn/zh/,read,香港科技大学（广州）,2026-10-01,
4144016407,香港中文大学(深圳),homepage,https://www.cuhk.edu.cn/zh-hans,https://www.cuhk.edu.cn/zh-hans,read,首页 | 香港中文大学（深圳）,2026-10-01,
4144016407,香港中文大学(深圳),english,https://www.cuhk.edu.cn/en,https://www.cuhk.edu.cn/en,read,Home | CUHK-Shenzhen,2026-10-01,
4144016409,深圳北理莫斯科大学,homepage,https://ru.smbu.edu.cn/,,title_mismatch,,2026-10-01,
4144016409,深圳北理莫斯科大学,overview,https://zsb.smbu.edu.cn/,https://zsb.smbu.edu.cn/,read,深圳北理莫斯科大学招生网,2026-10-01,
4144016409,深圳北理莫斯科大学,overview,https://www.smbu.edu.cn/index.htm,https://www.smbu.edu.cn/index.htm,read,深圳北理莫斯科大学,2026-10-01,
4144016409,深圳北理莫斯科大学,overview,https://admission.smbu.edu.cn/jz/xxjj.htm,https://admission.smbu.edu.cn/jz/xxjj.htm,read,学校简介-深圳北理莫斯科大学招生网,2026-10-01,
4144016409,深圳北理莫斯科大学,overview,https://gradadmissions.smbu.edu.cn/info/1018/3021.htm,https://gradadmissions.smbu.edu.cn/info/1018/3021.htm,read,深圳北理莫斯科大学2026年硕士研究生招生简章-深圳北理莫斯科大学招生网,2026-10-01,
4144016409,深圳北理莫斯科大学,overview,https://zsb.smbu.edu.cn/,https://zsb.smbu.edu.cn/,read,深圳北理莫斯科大学招生网,2026-10-01,
4144016409,深圳北理莫斯科大学,overview,https://www.smbu.edu.cn/index.htm,https://www.smbu.edu.cn/index.htm,read,深圳北理莫斯科大学,2026-10-01,
4144016409,深圳北理莫斯科大学,overview,https://admission.smbu.edu.cn/jz/xxjj.htm,https://admission.smbu.edu.cn/jz/xxjj.htm,read,学校简介-深圳北理莫斯科大学招生网,2026-10-01,
4144016410,广东以色列理工学院,homepage,https://www.gtiit.edu.cn/index.aspx,https://www.gtiit.edu.cn/index.aspx,read,广东以色列理工学院,2026-10-01,
4144016410,广东以色列理工学院,overview,https://www.gtiit.edu.cn/about-us.aspx,https://www.gtiit.edu.cn/about-us.aspx,read,学校概况 - 认识广以 - 广东以色列理工学院,2026-10-01,
4144016410,广东以色列理工学院,english,https://www.gtiit.edu.cn/en/index.aspx,https://www.gtiit.edu.cn/en/index.aspx,read,GUANGDONG TECHNION-ISRAEL INSTITUTE OF TECHNOLOGY,2026-10-01,
4144016410,广东以色列理工学院,english,https://www.gtiit.edu.cn/en/about-us.aspx,https://www.gtiit.edu.cn/en/about-us.aspx,read,FAST FACTS - ABOUT - GUANGDONG TECHNION-ISRAEL INSTITUTE OF TECHNOLOGY,2026-10-01,
4144016410,广东以色列理工学院,overview,https://www.gtiit.edu.cn/about-us.aspx,https://www.gtiit.edu.cn/about-us.aspx,read,学校概况 - 认识广以 - 广东以色列理工学院,2026-10-01,
4144014851,香港城市大学(东莞),homepage,https://www.cityu-dg.edu.cn/zh/home.html,https://www.cityu-dg.edu.cn/zh/home.html,read,香港城市大学（东莞）,2026-10-01,
4144014851,香港城市大学(东莞),history,https://www.cityu-dg.edu.cn/zh/milestones.html,https://www.cityu-dg.edu.cn/zh/milestones.html,read,建校历程 - 香港城市大学（东莞）,2026-10-01,
4144014851,香港城市大学(东莞),history,https://www.cityu-dg.edu.cn/zh/milestones.html,https://www.cityu-dg.edu.cn/zh/milestones.html,read,建校历程 - 香港城市大学（东莞）,2026-10-01,
4144014851,香港城市大学(东莞),history,https://www.cityu-dg.edu.cn/zh/milestones.html,https://www.cityu-dg.edu.cn/zh/milestones.html,read,建校历程 - 香港城市大学（东莞）,2026-10-01,
4144014880,深圳理工大学,homepage,https://www.suat-sz.edu.cn,https://www.suat-sz.edu.cn,read,深圳理工大学,2026-10-01,
4144014880,深圳理工大学,overview,https://www.suat-sz.edu.cn/xxgk.htm,https://www.suat-sz.edu.cn/xxgk.htm,read,学校概况-深圳理工大学,2026-10-01,
4144014880,深圳理工大学,visual,https://www.suat-sz.edu.cn/xxgk/xywh.htm,https://www.suat-sz.edu.cn/xxgk/xywh.htm,read,校园文化-深圳理工大学,2026-10-01,
4144014880,深圳理工大学,overview,https://www.suat-sz.edu.cn/xxgk/xxjs.htm,https://www.suat-sz.edu.cn/xxgk/xxjs.htm,read,学校介绍-深圳理工大学,2026-10-01,
4144014880,深圳理工大学,overview,https://www.suat-sz.edu.cn/xxgk.htm,https://www.suat-sz.edu.cn/xxgk.htm,read,学校概况-深圳理工大学,2026-10-01,
4144014880,深圳理工大学,overview,https://www.suat-sz.edu.cn/xxgk/xxjs.htm,https://www.suat-sz.edu.cn/xxgk/xxjs.htm,read,学校介绍-深圳理工大学,2026-10-01,
4144013810,肇庆医学院,homepage,https://www.zqmc.edu.cn/,https://www.zqmc.edu.cn/,read,肇庆医学院,2026-10-01,
4144013810,肇庆医学院,overview,https://www.zqmc.edu.cn/xxgk.htm,https://www.zqmc.edu.cn/xxgk.htm,read,学校概况-肇庆医学院,2026-10-01,
4144013810,肇庆医学院,charter,https://www.zqmc.edu.cn/xxgk/xxzc.htm,https://www.zqmc.edu.cn/xxgk/xxzc.htm,read,学校章程-肇庆医学院,2026-10-01,
4144013810,肇庆医学院,history,https://www.zqmc.edu.cn/xxgk/lsyg.htm,https://www.zqmc.edu.cn/xxgk/lsyg.htm,read,历史沿革-肇庆医学院,2026-10-01,
4144013810,肇庆医学院,overview,https://www.zqmc.edu.cn/xxgk/xxjj.htm,https://www.zqmc.edu.cn/xxgk/xxjj.htm,read,学校简介-肇庆医学院,2026-10-01,
4144013810,肇庆医学院,charter,https://www.zqmc.edu.cn/xxgk/xxzc.htm,https://www.zqmc.edu.cn/xxgk/xxzc.htm,read,学校章程-肇庆医学院,2026-10-01,
4144013810,肇庆医学院,overview,https://www.zqmc.edu.cn/xxgk.htm,https://www.zqmc.edu.cn/xxgk.htm,read,学校概况-肇庆医学院,2026-10-01,
4144013810,肇庆医学院,overview,https://www.zqmc.edu.cn/xxgk/xxjj.htm,https://www.zqmc.edu.cn/xxgk/xxjj.htm,read,学校简介-肇庆医学院,2026-10-01,
4144013810,肇庆医学院,history,https://www.zqmc.edu.cn/xxgk/lsyg.htm,https://www.zqmc.edu.cn/xxgk/lsyg.htm,read,历史沿革-肇庆医学院,2026-10-01,
4144014942,大湾区大学,homepage,https://www.gbu.edu.cn,https://www.gbu.edu.cn,read,大湾区大学,2026-10-01,
4144014942,大湾区大学,overview,https://www.gbu.edu.cn/about_us.html#xxjj,https://www.gbu.edu.cn/about_us.html#xxjj,read,走进湾大-大湾区大学,2026-10-01,
4144014942,大湾区大学,visual,https://www.gbu.edu.cn/about_us.html#bsxt,https://www.gbu.edu.cn/about_us.html#bsxt,read,走进湾大-大湾区大学,2026-10-01,
4144014942,大湾区大学,navigation,https://www.gbu.edu.cn/about_us.html,https://www.gbu.edu.cn/about_us.html,read,走进湾大-大湾区大学,2026-10-01,
4144014942,大湾区大学,overview,https://www.gbu.edu.cn/about_us.html#xxjj,https://www.gbu.edu.cn/about_us.html#xxjj,read,走进湾大-大湾区大学,2026-10-01,
4145010593,广西大学,homepage,https://www.gxu.edu.cn/,https://www.gxu.edu.cn/,read,广西大学,2026-10-01,
4145010593,广西大学,overview,https://www.gxu.edu.cn/xdgl1/xxgk1.htm,https://www.gxu.edu.cn/xdgl1/xxgk1.htm,read,学校概况-广西大学,2026-10-01,
4145010593,广西大学,visual,https://www.gxu.edu.cn/xdgl1/xxbs1.htm,https://www.gxu.edu.cn/xdgl1/xxbs1.htm,read,学校标识-广西大学,2026-10-01,
4145010593,广西大学,culture,https://www.gxu.edu.cn/xywh.htm,https://www.gxu.edu.cn/xywh.htm,read,校园文化-广西大学,2026-10-01,
4145010593,广西大学,history,https://xdxsg.gxu.edu.cn,,robots_disallowed,,2026-10-01,
4145010593,广西大学,english,https://www.gxu.edu.cn/en/,https://www.gxu.edu.cn/en/,read,GuangXi University,2026-10-01,
4145010593,广西大学,navigation,https://www.gxu.edu.cn/xdgl1/zjxd1.htm,https://www.gxu.edu.cn/xdgl1/zjxd1.htm,read,走进西大-广西大学,2026-10-01,
4145010593,广西大学,overview,https://www.gxu.edu.cn/xdgl1/xxgk1.htm,https://www.gxu.edu.cn/xdgl1/xxgk1.htm,read,学校概况-广西大学,2026-10-01,
4145010593,广西大学,culture,https://www.gxu.edu.cn/xywh.htm,https://www.gxu.edu.cn/xywh.htm,read,校园文化-广西大学,2026-10-01,
4145010594,广西科技大学,homepage,https://www.gxust.edu.cn/,https://www.gxust.edu.cn/,read,广西科技大学,2026-10-01,
4145010594,广西科技大学,overview,https://www.gxust.edu.cn/xxgkuang/xxjj.htm,https://www.gxust.edu.cn/xxgkuang/xxjj.htm,read,学校简介-广西科技大学,2026-10-01,
4145010594,广西科技大学,charter,https://www.gxust.edu.cn/xxgkuang/gxkjdxzc.htm,https://www.gxust.edu.cn/xxgkuang/gxkjdxzc.htm,read,广西科技大学章程-广西科技大学,2026-10-01,
4145010594,广西科技大学,visual,https://www.gxust.edu.cn/xxgkuang/VISxt.htm,https://www.gxust.edu.cn/xxgkuang/VISxt.htm,read,VIS系统-广西科技大学,2026-10-01,
4145010594,广西科技大学,culture,https://www.gxust.edu.cn/xxgkuang/xg.htm,https://www.gxust.edu.cn/xxgkuang/xg.htm,read,校歌-广西科技大学,2026-10-01,
4145010594,广西科技大学,history,https://www.gxust.edu.cn/xxgkuang/lsyg.htm,https://www.gxust.edu.cn/xxgkuang/lsyg.htm,read,历史沿革-广西科技大学,2026-10-01,
4145010594,广西科技大学,english,http://www.gxust.edu.cn/english,https://www.gxust.edu.cn/english/,read,Guangxi University of Science and Technology,2026-10-01,
4145010594,广西科技大学,visual,https://www.gxust.edu.cn/system/_content/download.jsp?urltype=news.DownloadAttachUrl&owner=1738488273&wbfileid=7602640,https://www.gxust.edu.cn/system/_content/download.jsp?urltype=news.DownloadAttachUrl&owner=1738488273&wbfileid=7602640,insufficient_text,附件下载,2026-10-01,
4145010594,广西科技大学,visual,https://www.gxust.edu.cn/system/_content/download.jsp?urltype=news.DownloadAttachUrl&owner=1738488273&wbfileid=11335591,https://www.gxust.edu.cn/system/_content/download.jsp?urltype=news.DownloadAttachUrl&owner=1738488273&wbfileid=11335591,insufficient_text,附件下载,2026-10-01,
4145010594,广西科技大学,culture,https://www.gxust.edu.cn/xxgkuang/xx1.htm,https://www.gxust.edu.cn/xxgkuang/xx1.htm,read,校训-广西科技大学,2026-10-01,
4145010594,广西科技大学,charter,https://www.gxust.edu.cn/xxgkuang/gxkjdxzc.htm,https://www.gxust.edu.cn/xxgkuang/gxkjdxzc.htm,read,广西科技大学章程-广西科技大学,2026-10-01,
4145010594,广西科技大学,overview,https://www.gxust.edu.cn/xxgkuang/xxjj.htm,https://www.gxust.edu.cn/xxgkuang/xxjj.htm,read,学校简介-广西科技大学,2026-10-01,
4145010594,广西科技大学,history,https://www.gxust.edu.cn/xxgkuang/lsyg.htm,https://www.gxust.edu.cn/xxgkuang/lsyg.htm,read,历史沿革-广西科技大学,2026-10-01,
4145010594,广西科技大学,culture,https://www.gxust.edu.cn/xxgkuang/xg.htm,https://www.gxust.edu.cn/xxgkuang/xg.htm,read,校歌-广西科技大学,2026-10-01,
4145010594,广西科技大学,culture,https://www.gxust.edu.cn/xxgkuang/xx1.htm,https://www.gxust.edu.cn/xxgkuang/xx1.htm,read,校训-广西科技大学,2026-10-01,
4145010594,广西科技大学,history,https://www.gxust.edu.cn/xxgkuang/lsyg.htm,,access_limited,,2026-10-01,URLError
4145010595,桂林电子科技大学,homepage,https://www.guet.edu.cn,https://www.guet.edu.cn,read,桂林电子科技大学,2026-10-01,
4145010595,桂林电子科技大学,overview,http://www.guet.edu.cn/xxgk/list.htm,https://www.guet.edu.cn/xxgk/list.htm,read,学校概况,2026-10-01,
4145010595,桂林电子科技大学,charter,https://www.guet.edu.cn/xxzc_6460/list.htm,https://www.guet.edu.cn/xxzc_6460/list.htm,read,学校章程,2026-10-01,
4145010595,桂林电子科技大学,visual,http://www.guet.edu.cn/xxsb/list.htm,https://www.guet.edu.cn/xxsb/list.htm,read,形象识别,2026-10-01,
4145010595,桂林电子科技大学,culture,https://www.guet.edu.cn/xg/list.htm,https://www.guet.edu.cn/xg/list.htm,read,校歌,2026-10-01,
4145010595,桂林电子科技大学,history,https://www.guet.edu.cn/lsyg/list.htm,https://www.guet.edu.cn/lsyg/list.htm,read,历史沿革,2026-10-01,
4145010595,桂林电子科技大学,navigation,https://www.guet.edu.cn/2026/0930/c6357a160497/page.htm,https://www.guet.edu.cn/2026/0930/c6357a160497/page.htm,read,CCF集成电路设计专委会与IEEE电路与系统协会“走进高校”交流活动在桂林举行（图）,2026-10-01,
4145010595,桂林电子科技大学,overview,https://www.guet.edu.cn/xxgk/list.htm,https://www.guet.edu.cn/xxgk/list.htm,read,学校概况,2026-10-01,
4145010595,桂林电子科技大学,charter,https://www.guet.edu.cn/_upload/article/files/74/ab/d47d3b1b4b9b9734746e40e54b6a/ce0c0d4a-be28-408b-a0b5-44ec50e1e691.pdf,,access_limited,,2026-10-01,ValueError
4145010595,桂林电子科技大学,visual,https://www.guet.edu.cn/xxsb/list.htm,https://www.guet.edu.cn/xxsb/list.htm,read,形象识别,2026-10-01,
4145010595,桂林电子科技大学,charter,https://www.guet.edu.cn/xxzc_6460/list.htm,https://www.guet.edu.cn/xxzc_6460/list.htm,read,学校章程,2026-10-01,
4145010595,桂林电子科技大学,overview,https://www.guet.edu.cn/xxgk/list.htm,https://www.guet.edu.cn/xxgk/list.htm,read,学校概况,2026-10-01,
4145010595,桂林电子科技大学,history,https://www.guet.edu.cn/lsyg/list.htm,https://www.guet.edu.cn/lsyg/list.htm,read,历史沿革,2026-10-01,
4145010595,桂林电子科技大学,culture,https://www.guet.edu.cn/xg/list.htm,https://www.guet.edu.cn/xg/list.htm,read,校歌,2026-10-01,
4145010596,桂林理工大学,homepage,https://www.glut.edu.cn,https://www.glut.edu.cn,read,欢迎访问桂林理工大学,2026-10-01,
4145010596,桂林理工大学,overview,https://www.glut.edu.cn/xxgk/xxjj.htm,https://www.glut.edu.cn/xxgk/xxjj.htm,read,学校简介-欢迎访问桂林理工大学,2026-10-01,
4145010596,桂林理工大学,charter,https://www.glut.edu.cn/xxgk/xxzc.htm,https://www.glut.edu.cn/xxgk/xxzc.htm,read,学校章程-欢迎访问桂林理工大学,2026-10-01,
4145010596,桂林理工大学,visual,https://www.glut.edu.cn/xxgk/xxbs.htm,https://www.glut.edu.cn/xxgk/xxbs.htm,read,学校标识-欢迎访问桂林理工大学,2026-10-01,
4145010596,桂林理工大学,culture,https://www.glut.edu.cn/system/_content/download.jsp?urltype=news.DownloadAttachUrl&owner=1860243556&wbfileid=14771424,https://www.glut.edu.cn/system/_content/download.jsp?urltype=news.DownloadAttachUrl&owner=1860243556&wbfileid=14771424,insufficient_text,附件下载,2026-10-01,
4145010596,桂林理工大学,culture,https://www.glut.edu.cn/system/_content/download.jsp?urltype=news.DownloadAttachUrl&owner=1860243556&wbfileid=7716750,https://www.glut.edu.cn/system/_content/download.jsp?urltype=news.DownloadAttachUrl&owner=1860243556&wbfileid=7716750,insufficient_text,附件下载,2026-10-01,
4145010596,桂林理工大学,history,https://www.glut.edu.cn/xxgk/lsyg.htm,https://www.glut.edu.cn/xxgk/lsyg.htm,read,历史沿革-欢迎访问桂林理工大学,2026-10-01,
4145010596,桂林理工大学,charter,https://www.glut.edu.cn/xxgk/xxzc.htm,https://www.glut.edu.cn/xxgk/xxzc.htm,read,学校章程-欢迎访问桂林理工大学,2026-10-01,
4145010596,桂林理工大学,overview,https://www.glut.edu.cn/xxgk/xxjj.htm,https://www.glut.edu.cn/xxgk/xxjj.htm,read,学校简介-欢迎访问桂林理工大学,2026-10-01,
4145010596,桂林理工大学,history,https://www.glut.edu.cn/xxgk/lsyg.htm,https://www.glut.edu.cn/xxgk/lsyg.htm,read,历史沿革-欢迎访问桂林理工大学,2026-10-01,
4145010598,广西医科大学,homepage,https://www.gxmu.edu.cn/,https://www.gxmu.edu.cn/,read,广西医科大学（Guangxi Medical University）,2026-10-01,
4145010598,广西医科大学,overview,https://www.gxmu.edu.cn/x_xxgk/x_xxjj/,https://www.gxmu.edu.cn/x_xxgk/x_xxjj/,read,学校简介-广西医科大学,2026-10-01,
4145010598,广西医科大学,charter,https://www.gxmu.edu.cn/x_xxgk/x_xxzc/,https://www.gxmu.edu.cn/x_xxgk/x_xxzc/,read,学校章程-广西医科大学,2026-10-01,
4145010598,广西医科大学,visual,https://www.gxmu.edu.cn/zjyd/xxbs/,https://www.gxmu.edu.cn/zjyd/xxbs/,read,广西医科大学（Guangxi Medical University）,2026-10-01,
4145010598,广西医科大学,history,https://www.gxmu.edu.cn/x_xxgk/x_lsyg/,https://www.gxmu.edu.cn/x_xxgk/x_lsyg/,read,历史沿革-广西医科大学,2026-10-01,
4145010598,广西医科大学,overview,https://www.gxmu.edu.cn/x_xxgk/,https://www.gxmu.edu.cn/x_xxgk/,read,学校概况-广西医科大学,2026-10-01,
4145010598,广西医科大学,charter,https://www.gxmu.edu.cn/x_xxgk/x_xxzc/,https://www.gxmu.edu.cn/x_xxgk/x_xxzc/,read,学校章程-广西医科大学,2026-10-01,
4145010598,广西医科大学,overview,https://www.gxmu.edu.cn/x_xxgk/,https://www.gxmu.edu.cn/x_xxgk/,read,学校概况-广西医科大学,2026-10-01,
4145010598,广西医科大学,overview,https://www.gxmu.edu.cn/x_xxgk/x_xxjj/,https://www.gxmu.edu.cn/x_xxgk/x_xxjj/,read,学校简介-广西医科大学,2026-10-01,
4145010598,广西医科大学,history,https://www.gxmu.edu.cn/x_xxgk/x_lsyg/,https://www.gxmu.edu.cn/x_xxgk/x_lsyg/,read,历史沿革-广西医科大学,2026-10-01,
4145010599,右江民族医学院,homepage,http://www.ymcn.gx.cn/,,title_mismatch,,2026-10-01,
4145010599,右江民族医学院,overview,https://www.ymun.edu.cn/index.htm,,access_limited,,2026-10-01,RemoteDisconnected
4145010599,右江民族医学院,overview,https://www.ymun.edu.cn/newxxgk/xxgk.htm,,access_limited,,2026-10-01,RemoteDisconnected
4145010599,右江民族医学院,overview,https://www.ymun.edu.cn/info/1212/13065.htm,,access_limited,,2026-10-01,RemoteDisconnected
4145010600,广西中医药大学,homepage,https://www.gxtcmu.edu.cn/,https://www.gxtcmu.edu.cn/,read,广西中医药大学,2026-10-01,
4145010600,广西中医药大学,overview,https://www.gxtcmu.edu.cn/xxgk/xxjj,https://www.gxtcmu.edu.cn/xxgk/xxjj,read,学校简介_学校概况_广西中医药大学,2026-10-01,
4145010600,广西中医药大学,visual,https://www.gxtcmu.edu.cn/xywh,https://www.gxtcmu.edu.cn/xywh,read,校园文化_广西中医药大学,2026-10-01,
4145010600,广西中医药大学,culture,https://www.gxtcmu.edu.cn/xywh/xywh1,https://www.gxtcmu.edu.cn/xywh/xywh1,read,校园文化_校园文化_广西中医药大学,2026-10-01,
4145010600,广西中医药大学,history,https://www.gxtcmu.edu.cn/xxgk/lsyg,https://www.gxtcmu.edu.cn/xxgk/lsyg,read,历史沿革_学校概况_广西中医药大学,2026-10-01,
4145010600,广西中医药大学,navigation,https://www.gxtcmu.edu.cn/xwzx/mtgz/content_89783,https://www.gxtcmu.edu.cn/xwzx/mtgz/content_89783,read,【人民网】金融宣教走进广西中医药大学_媒体关注_新闻中心_广西中医药大学,2026-10-01,
4145010600,广西中医药大学,overview,https://www.gxtcmu.edu.cn/xxgk,https://www.gxtcmu.edu.cn/xxgk/xxjj,read,学校简介_学校概况_广西中医药大学,2026-10-01,
4145010600,广西中医药大学,culture,https://www.gxtcmu.edu.cn/xywh/xywh1/content_66700,https://www.gxtcmu.edu.cn/xywh/xywh1/content_66700,read,古塑奕奕 千载神交——广西中医药大学校园文化雕塑概览_校园文化_校园文化_广西中医药大学,2026-10-01,
4145010600,广西中医药大学,navigation,https://www.gxtcmu.edu.cn/xwzx/xyxw/xxyw/content_89900,https://www.gxtcmu.edu.cn/xwzx/xyxw/xxyw/content_89900,read,广西军区抢险救灾先进典型走进学校讲述感人事迹_学校要闻_校园新闻_新闻中心_广西中医药大学,2026-10-01,
4145010600,广西中医药大学,overview,https://www.gxtcmu.edu.cn/xxgk/xxjj,https://www.gxtcmu.edu.cn/xxgk/xxjj,read,学校简介_学校概况_广西中医药大学,2026-10-01,
4145010600,广西中医药大学,history,https://www.gxtcmu.edu.cn/xxgk/lsyg,https://www.gxtcmu.edu.cn/xxgk/lsyg,read,历史沿革_学校概况_广西中医药大学,2026-10-01,
4145010600,广西中医药大学,culture,https://www.gxtcmu.edu.cn/xywh/xywh1,https://www.gxtcmu.edu.cn/xywh/xywh1,read,校园文化_校园文化_广西中医药大学,2026-10-01,
4145010600,广西中医药大学,culture,https://www.gxtcmu.edu.cn/xywh/xywh1/content_66700,https://www.gxtcmu.edu.cn/xywh/xywh1/content_66700,read,古塑奕奕 千载神交——广西中医药大学校园文化雕塑概览_校园文化_校园文化_广西中医药大学,2026-10-01,
4145010601,桂林医科大学,homepage,https://www.glmu.edu.cn,,access_limited,,2026-10-01,URLError
4145010601,桂林医科大学,overview,https://www.glmu.edu.cn/gygk/xxjs.htm,https://www.glmu.edu.cn/gygk/xxjs.htm,read,学校介绍-桂林医科大学官网,2026-10-01,
4145010601,桂林医科大学,charter,https://www.glmu.edu.cn/gygk/xxzc.htm,https://www.glmu.edu.cn/gygk/xxzc.htm,read,学校章程-桂林医科大学官网,2026-10-01,
4145010601,桂林医科大学,visual,https://www.glmu.edu.cn/gygk/xhxq.htm,https://www.glmu.edu.cn/gygk/xhxq.htm,read,校徽校旗-桂林医科大学官网,2026-10-01,
4145010601,桂林医科大学,culture,https://www.glmu.edu.cn/gygk/xgxx.htm,https://www.glmu.edu.cn/gygk/xgxx.htm,read,校歌校训-桂林医科大学官网,2026-10-01,
4145010601,桂林医科大学,history,https://www.glmu.edu.cn/gygk/lsyg.htm,https://www.glmu.edu.cn/gygk/lsyg.htm,read,历史沿革-桂林医科大学官网,2026-10-01,
4145010601,桂林医科大学,charter,https://www.glmu.edu.cn/gygk/xxzc.htm,https://www.glmu.edu.cn/gygk/xxzc.htm,read,学校章程-桂林医科大学官网,2026-10-01,
4145010601,桂林医科大学,overview,https://www.glmu.edu.cn/gygk/xxjs.htm,,access_limited,,2026-10-01,URLError
4145010601,桂林医科大学,history,https://www.glmu.edu.cn/gygk/lsyg.htm,https://www.glmu.edu.cn/gygk/lsyg.htm,read,历史沿革-桂林医科大学官网,2026-10-01,
4145010601,桂林医科大学,culture,https://www.glmu.edu.cn/gygk/xgxx.htm,https://www.glmu.edu.cn/gygk/xgxx.htm,read,校歌校训-桂林医科大学官网,2026-10-01,
4145010601,桂林医科大学,overview,https://www.glmu.edu.cn/gygk/xxjs.htm,https://www.glmu.edu.cn/gygk/xxjs.htm,read,学校介绍-桂林医科大学官网,2026-10-01,
4145010602,广西师范大学,homepage,https://www.gxnu.edu.cn/,https://www.gxnu.edu.cn/,read,广西师范大学网站,2026-10-01,
4145010602,广西师范大学,overview,https://www.gxnu.edu.cn/1365/list.htm,https://www.gxnu.edu.cn/1365/list.htm,read,学校简介,2026-10-01,
4145010602,广西师范大学,charter,https://www.gxnu.edu.cn/xxzc/list.htm,https://www.gxnu.edu.cn/xxzc/list.htm,read,学校章程,2026-10-01,
4145010602,广西师范大学,visual,https://www.gxnu.edu.cn/1374/list.htm,https://www.gxnu.edu.cn/1374/list.htm,read,学校视觉形象识别系统,2026-10-01,
4145010602,广西师范大学,history,https://www.gxnu.edu.cn/1366/list.htm,https://www.gxnu.edu.cn/1366/list.htm,read,学校沿革,2026-10-01,
4145010602,广西师范大学,english,http://english.gxnu.edu.cn/,http://english.gxnu.edu.cn/,read,Guangxi Normal University,2026-10-01,
4145010602,广西师范大学,navigation,http://news.gxnu.edu.cn/2026/0929/c1330a350637/page.htm,http://news.gxnu.edu.cn/2026/0929/c1330a350637/page.htm,read,数学课栈“睿小π”智能体走进崇左边境校园，赋能国门数学教育提质增效,2026-10-01,
4145010602,广西师范大学,overview,https://www.gxnu.edu.cn/1353/list.htm,https://www.gxnu.edu.cn/1353/list.htm,read,学校简介,2026-10-01,
4145010602,广西师范大学,visual,https://www.gxnu.edu.cn/1371/list.htm,https://www.gxnu.edu.cn/1371/list.htm,read,校歌 校训 校徽,2026-10-01,
4145010602,广西师范大学,culture,https://www.gxnu.edu.cn/2018/1213/c1371a108435/page.htm,https://www.gxnu.edu.cn/2018/1213/c1371a108435/page.htm,read,校 训,2026-10-01,
4145010602,广西师范大学,charter,https://www.gxnu.edu.cn/xxzc/list.htm,https://www.gxnu.edu.cn/xxzc/list.htm,read,学校章程,2026-10-01,
4145010602,广西师范大学,overview,https://www.gxnu.edu.cn/1365/list.htm,https://www.gxnu.edu.cn/1365/list.htm,read,学校简介,2026-10-01,
4145010602,广西师范大学,overview,https://www.gxnu.edu.cn/1353/list.htm,https://www.gxnu.edu.cn/1353/list.htm,read,学校简介,2026-10-01,
4145010602,广西师范大学,history,https://www.gxnu.edu.cn/1366/list.htm,https://www.gxnu.edu.cn/1366/list.htm,read,学校沿革,2026-10-01,
4145010602,广西师范大学,culture,https://www.gxnu.edu.cn/2018/1213/c1371a108435/page.htm,https://www.gxnu.edu.cn/2018/1213/c1371a108435/page.htm,read,校 训,2026-10-01,
4145010603,南宁师范大学,homepage,https://www.nnnu.edu.cn,https://www.nnnu.edu.cn,read,南宁师范大学,2026-10-01,
4145010603,南宁师范大学,overview,https://www.nnnu.edu.cn/xxgk/xxjj.htm,https://www.nnnu.edu.cn/xxgk/xxjj.htm,read,学校简介-南宁师范大学,2026-10-01,
4145010603,南宁师范大学,charter,https://www.nnnu.edu.cn/xxgk/xxzc.htm,https://www.nnnu.edu.cn/xxgk/xxzc.htm,read,学校章程-南宁师范大学,2026-10-01,
4145010603,南宁师范大学,visual,https://www.nnnu.edu.cn/xxgk/xxbs.htm,https://www.nnnu.edu.cn/xxgk/xxbs.htm,read,学校标识-南宁师范大学,2026-10-01,
4145010603,南宁师范大学,culture,https://www.nnnu.edu.cn/xxgk/xg.htm,https://www.nnnu.edu.cn/xxgk/xg.htm,read,校歌-南宁师范大学,2026-10-01,
4145010603,南宁师范大学,history,https://www.nnnu.edu.cn/xxgk/lsyg.htm,https://www.nnnu.edu.cn/xxgk/lsyg.htm,read,历史沿革-南宁师范大学,2026-10-01,
4145010603,南宁师范大学,english,https://english.nnnu.edu.cn,https://english.nnnu.edu.cn,read,Nanning Normal University  International Affairs Division,2026-10-01,
4145010603,南宁师范大学,navigation,https://www.nnnu.edu.cn/info/1115/51951.htm,https://www.nnnu.edu.cn/info/1115/51951.htm,read,【中国旅游协会】中国旅游协会“开学第一课”活动走进南宁师范大学-南宁师范大学,2026-10-01,
4145010603,南宁师范大学,overview,https://www.nnnu.edu.cn/xxgk.htm,https://www.nnnu.edu.cn/xxgk.htm,read,学校概况-南宁师范大学,2026-10-01,
4145010603,南宁师范大学,visual,https://www.nnnu.edu.cn/system/_content/download.jsp?urltype=news.DownloadAttachUrl&owner=1659659064&wbfileid=4602387,https://www.nnnu.edu.cn/system/_content/download.jsp?urltype=news.DownloadAttachUrl&owner=1659659064&wbfileid=4602387,insufficient_text,附件下载,2026-10-01,
4145010603,南宁师范大学,charter,https://www.nnnu.edu.cn/xxgk/xxzc.htm,https://www.nnnu.edu.cn/xxgk/xxzc.htm,read,学校章程-南宁师范大学,2026-10-01,
4145010603,南宁师范大学,overview,https://www.nnnu.edu.cn/xxgk.htm,https://www.nnnu.edu.cn/xxgk.htm,read,学校概况-南宁师范大学,2026-10-01,
4145010603,南宁师范大学,overview,https://www.nnnu.edu.cn/xxgk/xxjj.htm,https://www.nnnu.edu.cn/xxgk/xxjj.htm,read,学校简介-南宁师范大学,2026-10-01,
4145010603,南宁师范大学,history,https://www.nnnu.edu.cn/xxgk/lsyg.htm,https://www.nnnu.edu.cn/xxgk/lsyg.htm,read,历史沿革-南宁师范大学,2026-10-01,
4145010603,南宁师范大学,culture,https://www.nnnu.edu.cn/xxgk/xg.htm,https://www.nnnu.edu.cn/xxgk/xg.htm,read,校歌-南宁师范大学,2026-10-01,
4145010604,广西民族师范学院,homepage,https://www.gxnun.edu.cn/,https://www.gxnun.edu.cn/,read,广西民族师范学院,2026-10-01,
4145010604,广西民族师范学院,overview,https://www.gxnun.edu.cn/xxgk/xxjs.htm,https://www.gxnun.edu.cn/xxgk/xxjs.htm,read,学校介绍-广西民族师范学院,2026-10-01,
4145010604,广西民族师范学院,charter,https://www.gxnun.edu.cn/xxgk/xxzc.htm,https://www.gxnun.edu.cn/xxgk/xxzc.htm,read,学校章程-广西民族师范学院,2026-10-01,
4145010604,广西民族师范学院,history,https://www.gxnun.edu.cn/xxgk/xxjs2.htm,https://www.gxnun.edu.cn/xxgk/xxjs2.htm,read,历史沿革-广西民族师范学院,2026-10-01,
4145010604,广西民族师范学院,charter,https://www.gxnun.edu.cn/xxgk/xxzc.htm,https://www.gxnun.edu.cn/xxgk/xxzc.htm,read,学校章程-广西民族师范学院,2026-10-01,
4145010604,广西民族师范学院,overview,https://www.gxnun.edu.cn/xxgk/xxjs.htm,https://www.gxnun.edu.cn/xxgk/xxjs.htm,read,学校介绍-广西民族师范学院,2026-10-01,
4145010604,广西民族师范学院,history,https://www.gxnun.edu.cn/xxgk/xxjs2.htm,https://www.gxnun.edu.cn/xxgk/xxjs2.htm,read,历史沿革-广西民族师范学院,2026-10-01,
4145010605,河池学院,homepage,https://www.hcnu.edu.cn/,https://www.hcnu.edu.cn/,read,河池学院官方网站,2026-10-01,
4145010605,河池学院,overview,https://www.hcnu.edu.cn/xxgk/xxjj.htm,https://www.hcnu.edu.cn/xxgk/xxjj.htm,read,学校简介-河池学院官方网站,2026-10-01,
4145010605,河池学院,charter,https://www.hcnu.edu.cn/xxgk/xxzc.htm,https://www.hcnu.edu.cn/xxgk/xxzc.htm,read,学校章程-河池学院官方网站,2026-10-01,
4145010605,河池学院,visual,https://www.hcnu.edu.cn/xxgk/xxbs.htm,https://www.hcnu.edu.cn/xxgk/xxbs.htm,read,学校标识-河池学院官方网站,2026-10-01,
4145010605,河池学院,culture,https://news.hcnu.edu.cn/xywh/whhd.htm,https://news.hcnu.edu.cn/xywh/whhd.htm,read,文化活动-欢迎光临河池学院新闻网,2026-10-01,
4145010605,河池学院,history,https://www.hcnu.edu.cn/xxgk/lsyg.htm,https://www.hcnu.edu.cn/xxgk/lsyg.htm,read,历史沿革-河池学院官方网站,2026-10-01,
4145010605,河池学院,english,https://en.hcnu.edu.cn/,https://en.hcnu.edu.cn/,read,English website of Hechi University,2026-10-01,
4145010605,河池学院,navigation,http://news.hcnu.edu.cn/info/1155/39964.htm,http://news.hcnu.edu.cn/info/1155/39964.htm,read,把养蚕技术送到家门口——化生学院学生党支部开展桑蚕科技助农服务-欢迎光临河池学院新闻网,2026-10-01,
4145010605,河池学院,overview,https://www.hcnu.edu.cn/xxgk.htm,,access_limited,,2026-10-01,IncompleteRead
4145010605,河池学院,charter,https://www.hcnu.edu.cn/system/_content/download.jsp?urltype=news.DownloadAttachUrl&owner=1422006539&wbfileid=5164712,https://www.hcnu.edu.cn/system/_content/download.jsp?urltype=news.DownloadAttachUrl&owner=1422006539&wbfileid=5164712,insufficient_text,附件下载,2026-10-01,
4145010605,河池学院,charter,https://www.hcnu.edu.cn/xxgk/xxzc.htm,https://www.hcnu.edu.cn/xxgk/xxzc.htm,read,学校章程-河池学院官方网站,2026-10-01,
4145010605,河池学院,overview,https://www.hcnu.edu.cn/xxgk/xxjj.htm,https://www.hcnu.edu.cn/xxgk/xxjj.htm,read,学校简介-河池学院官方网站,2026-10-01,
4145010605,河池学院,history,https://www.hcnu.edu.cn/xxgk/lsyg.htm,https://www.hcnu.edu.cn/xxgk/lsyg.htm,read,历史沿革-河池学院官方网站,2026-10-01,
4145010605,河池学院,culture,https://news.hcnu.edu.cn/xywh/whhd.htm,https://news.hcnu.edu.cn/xywh/whhd.htm,read,文化活动-欢迎光临河池学院新闻网,2026-10-01,
4145010606,玉林师范学院,homepage,https://www.ylu.edu.cn/,https://www.ylu.edu.cn/,read,玉林师范学院,2026-10-01,
4145010606,玉林师范学院,overview,https://www.ylu.edu.cn/xxgk/xxjj.htm,https://www.ylu.edu.cn/xxgk/xxjj.htm,read,学校简介-玉林师范学院,2026-10-01,
4145010606,玉林师范学院,charter,https://www.ylu.edu.cn/xxgk/xxzc.htm,https://www.ylu.edu.cn/xxgk/xxzc.htm,read,学校章程-玉林师范学院,2026-10-01,
4145010606,玉林师范学院,culture,https://www.ylu.edu.cn/xxgk/xxxg.htm,https://www.ylu.edu.cn/xxgk/xxxg.htm,read,校训校歌-玉林师范学院,2026-10-01,
4145010606,玉林师范学院,overview,https://www.ylu.edu.cn/xxgk.htm,https://www.ylu.edu.cn/xxgk.htm,read,学校概况-玉林师范学院,2026-10-01,
4145010606,玉林师范学院,charter,https://www.ylu.edu.cn/xxgk/xxzc.htm,https://www.ylu.edu.cn/xxgk/xxzc.htm,read,学校章程-玉林师范学院,2026-10-01,
4145010606,玉林师范学院,overview,https://www.ylu.edu.cn/xxgk.htm,https://www.ylu.edu.cn/xxgk.htm,read,学校概况-玉林师范学院,2026-10-01,
4145010606,玉林师范学院,overview,https://www.ylu.edu.cn/xxgk/xxjj.htm,https://www.ylu.edu.cn/xxgk/xxjj.htm,read,学校简介-玉林师范学院,2026-10-01,
4145010606,玉林师范学院,culture,https://www.ylu.edu.cn/xxgk/xxxg.htm,https://www.ylu.edu.cn/xxgk/xxxg.htm,read,校训校歌-玉林师范学院,2026-10-01,
4145010607,广西艺术学院,homepage,https://www.gxau.edu.cn/,https://www.gxau.edu.cn/,read,广西艺术学院,2026-10-01,
4145010607,广西艺术学院,overview,https://www.gxau.edu.cn/xygk/xxjj,https://www.gxau.edu.cn/xygk/xxjj,read,学校简介_学校概况_广西艺术学院,2026-10-01,
4145010607,广西艺术学院,visual,https://www.gxau.edu.cn/xygk/xxbs,https://www.gxau.edu.cn/xygk/xxbs,read,学校标识_学校概况_广西艺术学院,2026-10-01,
4145010607,广西艺术学院,history,https://www.gxau.edu.cn/xygk/lsyg,https://www.gxau.edu.cn/xygk/lsyg,read,历史沿革_学校概况_广西艺术学院,2026-10-01,
4145010607,广西艺术学院,overview,https://www.gxau.edu.cn/xygk,https://www.gxau.edu.cn/xygk/xxjj,read,学校简介_学校概况_广西艺术学院,2026-10-01,
4145010607,广西艺术学院,overview,https://www.gxau.edu.cn/xygk/xxjj,https://www.gxau.edu.cn/xygk/xxjj,read,学校简介_学校概况_广西艺术学院,2026-10-01,
4145010607,广西艺术学院,history,https://www.gxau.edu.cn/xygk/lsyg,https://www.gxau.edu.cn/xygk/lsyg,read,历史沿革_学校概况_广西艺术学院,2026-10-01,
4145010608,广西民族大学,homepage,https://www.gxmzu.edu.cn/,https://www.gxmzu.edu.cn/,read,广西民族大学网站,2026-10-01,
4145010608,广西民族大学,overview,https://www.gxmzu.edu.cn/xxgk1/xxgk1.htm,https://www.gxmzu.edu.cn/xxgk1/xxgk1.htm,read,学校概况-广西民族大学网站,2026-10-01,
4145010608,广西民族大学,charter,https://www.gxmzu.edu.cn/xxgk1/xxzc.htm,https://www.gxmzu.edu.cn/xxgk1/xxzc.htm,read,学校章程-广西民族大学网站,2026-10-01,
4145010608,广西民族大学,visual,https://www.gxmzu.edu.cn/info/1358/212462.htm,https://www.gxmzu.edu.cn/info/1358/212462.htm,read,广西民族大学举行2026年新生开学典礼-广西民族大学网站,2026-10-01,
4145010608,广西民族大学,culture,https://www.gxmzu.edu.cn/xxgk1/xxxg1.htm,https://www.gxmzu.edu.cn/xxgk1/xxxg1.htm,read,校训校歌-广西民族大学网站,2026-10-01,
4145010608,广西民族大学,english,https://english.gxmzu.edu.cn/,https://english.gxmzu.edu.cn/,read,GUANGXI MINZU UNIVERSITY,2026-10-01,
4145010608,广西民族大学,navigation,https://www.gxmzu.edu.cn/info/1882/211132.htm,https://www.gxmzu.edu.cn/info/1882/211132.htm,read,东盟“新面孔”到访！东帝汶媒体从业者走进广西民大，探讨国际传播新路径-广西民族大学网站,2026-10-01,
4145010608,广西民族大学,overview,https://www.gxmzu.edu.cn/xxgk1.htm,https://www.gxmzu.edu.cn/xxgk1.htm,insufficient_text,学校概况-广西民族大学网站,2026-10-01,
4145010608,广西民族大学,visual,https://www.gxmzu.edu.cn/shijueshibie/vi0.html,https://www.gxmzu.edu.cn/shijueshibie/vi0.html,read,广西民族大学视觉识别系统,2026-10-01,
4145010608,广西民族大学,culture,https://www.gxmzu.edu.cn/xywh1.htm,https://www.gxmzu.edu.cn/xywh1.htm,insufficient_text,校园文化-广西民族大学网站,2026-10-01,
4145010608,广西民族大学,charter,https://www.gxmzu.edu.cn/xxgk1/xxzc.htm,https://www.gxmzu.edu.cn/xxgk1/xxzc.htm,read,学校章程-广西民族大学网站,2026-10-01,
4145010608,广西民族大学,overview,https://www.gxmzu.edu.cn/xxgk1/xxgk1.htm,https://www.gxmzu.edu.cn/xxgk1/xxgk1.htm,read,学校概况-广西民族大学网站,2026-10-01,
4145010608,广西民族大学,culture,https://www.gxmzu.edu.cn/xxgk1/xxxg1.htm,https://www.gxmzu.edu.cn/xxgk1/xxxg1.htm,read,校训校歌-广西民族大学网站,2026-10-01,
4145010609,百色学院,homepage,http://www.bsuc.cn/,,fetch_error,,2026-10-01,timeout
4145010609,百色学院,overview,https://fzghc.squ.edu.cn/info/1053/1903.htm,https://fzghc.squ.edu.cn/info/1053/1903.htm,read,百色学院：培养具有百色精神的高水平应用型人才-江苏省宿迁学院-发展规划处,2026-10-01,
4145010609,百色学院,overview,https://www.xcc.edu.cn/fzghc/zhgg/zxfz/724521/index.html,,robots_disallowed,,2026-10-01,
4145011354,梧州学院,homepage,https://www.gxuwz.edu.cn,https://www.gxuwz.edu.cn,read,梧州学院,2026-10-01,
4145011354,梧州学院,overview,https://www.gxuwz.edu.cn/xygk/xxjj.htm,https://www.gxuwz.edu.cn/xygk/xxjj.htm,read,学校简介-梧州学院,2026-10-01,
4145011354,梧州学院,visual,https://www.gxuwz.edu.cn#s5,https://www.gxuwz.edu.cn#s5,read,梧州学院,2026-10-01,
4145011354,梧州学院,culture,https://www.gxuwz.edu.cn/info/1035/327522.htm,https://www.gxuwz.edu.cn/info/1035/327522.htm,read,学校举行2026年秋季参军入伍学生欢送会-梧州学院,2026-10-01,
4145011354,梧州学院,navigation,https://www.gxuwz.edu.cn/info/1034/327782.htm,https://www.gxuwz.edu.cn/info/1034/327782.htm,read,自治区教育工会“劳模工匠进校园 思政教师进企业”宣讲活动走进梧州学院-梧州学院,2026-10-01,
4145011354,梧州学院,navigation,https://www.gxuwz.edu.cn/info/1035/327072.htm,https://www.gxuwz.edu.cn/info/1035/327072.htm,read,泰国庄甲盛皇家大学代表团到我校交流访问-梧州学院,2026-10-01,
4145011354,梧州学院,overview,https://www.gxuwz.edu.cn/xygk/xxjj.htm,https://www.gxuwz.edu.cn/xygk/xxjj.htm,read,学校简介-梧州学院,2026-10-01,
4145011354,梧州学院,culture,https://www.gxuwz.edu.cn/info/1035/327522.htm,https://www.gxuwz.edu.cn/info/1035/327522.htm,read,学校举行2026年秋季参军入伍学生欢送会-梧州学院,2026-10-01,
4145011546,广西科技师范学院,homepage,https://www.gxstnu.edu.cn/,https://www.gxstnu.edu.cn/,read,广西科技师范学院,2026-10-01,
4145011546,广西科技师范学院,overview,https://www.gxstnu.edu.cn/xxgk/xxjj.htm,https://www.gxstnu.edu.cn/xxgk/xxjj.htm,read,学校简介-广西科技师范学院,2026-10-01,
4145011546,广西科技师范学院,visual,https://www.gxstnu.edu.cn/xxgk/xx_xh.htm,https://www.gxstnu.edu.cn/xxgk/xx_xh.htm,read,校训、校徽-广西科技师范学院,2026-10-01,
4145011546,广西科技师范学院,culture,https://www.gxstnu.edu.cn/xxgk/xg.htm,https://www.gxstnu.edu.cn/xxgk/xg.htm,read,校歌-广西科技师范学院,2026-10-01,
4145011546,广西科技师范学院,english,http://en.gxstnu.edu.cn/,https://en.gxstnu.edu.cn/,read,广西科技师范学院英文网,2026-10-01,
4145011546,广西科技师范学院,culture,https://www.gxstnu.edu.cn/system/_content/download.jsp?urltype=news.DownloadAttachUrl&owner=1437323247&wbfileid=35AA53E8BD8D291EC4A1767463750F44,https://www.gxstnu.edu.cn/system/_content/download.jsp?urltype=news.DownloadAttachUrl&owner=1437323247&wbfileid=35AA53E8BD8D291EC4A1767463750F44,insufficient_text,附件下载,2026-10-01,
4145011546,广西科技师范学院,overview,https://www.gxstnu.edu.cn/xxgk/xxjj.htm,https://www.gxstnu.edu.cn/xxgk/xxjj.htm,read,学校简介-广西科技师范学院,2026-10-01,
4145011546,广西科技师范学院,culture,https://www.gxstnu.edu.cn/xxgk/xg.htm,https://www.gxstnu.edu.cn/xxgk/xg.htm,read,校歌-广西科技师范学院,2026-10-01,
4145011548,广西财经学院,homepage,https://www.gxufe.edu.cn/,,title_mismatch,,2026-10-01,
4145011548,广西财经学院,overview,https://www.gxufe.edu.cn/www/subWebSites/jsfzzx/,https://www.gxufe.edu.cn/www/subWebSites/jsfzzx/,read,广西财经学院--教学发展中心,2026-10-01,
4145011548,广西财经学院,overview,https://www.gxufe.edu.cn/www/subWebSites/jsfzzx/,https://www.gxufe.edu.cn/www/subWebSites/jsfzzx/,read,广西财经学院--教学发展中心,2026-10-01,
4145011549,南宁学院,homepage,https://unn.edu.cn/,,fetch_error,,2026-10-01,URLError
4145011549,南宁学院,overview,https://zs.unn.edu.cn/__local/A/F1/43/41390F55386FB68B5AA492E882D_91BAB935_6EB89C.pdf,,access_limited,,2026-10-01,HTTPError
4145011549,南宁学院,navigation,https://unn.edu.cn/__local/8/1C/44/8B606FF4195CEE4946C1C414A86_CC098A97_5469E.pdf,,access_limited,,2026-10-01,URLError
4145011549,南宁学院,overview,https://myjob.dlmu.edu.cn/company/view/id/956092,https://myjob.dlmu.edu.cn/company/view/id/956092,read,南宁学院,2026-10-01,
4145011549,南宁学院,overview,https://www.moe.gov.cn/srcsite/A03/s181/201211/t20121130_145013.html,http://www.moe.gov.cn/srcsite/A03/s181/201211/t20121130_145013.html,read,教育部关于同意在邕江大学基础上建立南宁学院的通知 - 中华人民共和国教育部政府门户网站,2026-10-01,
4145011607,北部湾大学,homepage,https://www.bbgu.edu.cn/,https://www.bbgu.edu.cn/,read,北部湾大学,2026-10-01,
4145011607,北部湾大学,overview,https://www.bbgu.edu.cn/xxgk/xxjj.htm,https://www.bbgu.edu.cn/xxgk/xxjj.htm,read,学校简介-北部湾大学,2026-10-01,
4145011607,北部湾大学,charter,https://www.bbgu.edu.cn/xxgk/xxzc.htm,https://www.bbgu.edu.cn/xxgk/xxzc.htm,read,学校章程-北部湾大学,2026-10-01,
4145011607,北部湾大学,visual,https://www.bbgu.edu.cn/xxgk/xxbs.htm,https://www.bbgu.edu.cn/xxgk/xxbs.htm,read,学校标识-北部湾大学,2026-10-01,
4145011607,北部湾大学,culture,https://www.bbgu.edu.cn/xxgk/xxxg.htm,https://www.bbgu.edu.cn/xxgk/xxxg.htm,read,学校校歌-北部湾大学,2026-10-01,
4145011607,北部湾大学,culture,https://www.bbgu.edu.cn/info/1032/266651.htm,https://www.bbgu.edu.cn/info/1032/266651.htm,read,运河通江达海 青春奋楫启航——学校举办2026年庆国庆迎新生主题艺术思政课-北部湾大学,2026-10-01,
4145011607,北部湾大学,charter,https://www.bbgu.edu.cn/xxgk/xxzc.htm,https://www.bbgu.edu.cn/xxgk/xxzc.htm,read,学校章程-北部湾大学,2026-10-01,
4145011607,北部湾大学,overview,https://www.bbgu.edu.cn/xxgk/xxjj.htm,https://www.bbgu.edu.cn/xxgk/xxjj.htm,read,学校简介-北部湾大学,2026-10-01,
4145011607,北部湾大学,culture,https://www.bbgu.edu.cn/xxgk/xxxg.htm,https://www.bbgu.edu.cn/xxgk/xxxg.htm,read,学校校歌-北部湾大学,2026-10-01,
4145011607,北部湾大学,culture,https://www.bbgu.edu.cn/info/1032/266651.htm,https://www.bbgu.edu.cn/info/1032/266651.htm,read,运河通江达海 青春奋楫启航——学校举办2026年庆国庆迎新生主题艺术思政课-北部湾大学,2026-10-01,
4145011825,桂林航天工业学院,homepage,https://www.guat.edu.cn/,https://www.guat.edu.cn/,read,桂林航天工业学院,2026-10-01,
4145011825,桂林航天工业学院,overview,https://www.guat.edu.cn/ghgk/xxjj.htm,https://www.guat.edu.cn/ghgk/xxjj.htm,read,学校简介-桂林航天工业学院,2026-10-01,
4145011825,桂林航天工业学院,charter,https://www.guat.edu.cn/ghgk/xxzc.htm,https://www.guat.edu.cn/ghgk/xxzc.htm,read,学校章程-桂林航天工业学院,2026-10-01,
4145011825,桂林航天工业学院,charter,https://www.guat.edu.cn/2021_x/images/glhtgyxyzc.pdf,https://www.guat.edu.cn/2021_x/images/glhtgyxyzc.pdf,read,,2026-10-01,
4145011825,桂林航天工业学院,charter,https://www.guat.edu.cn/ghgk/xxzc.htm,https://www.guat.edu.cn/ghgk/xxzc.htm,read,学校章程-桂林航天工业学院,2026-10-01,
4145011825,桂林航天工业学院,charter,https://www.guat.edu.cn/2021_x/images/glhtgyxyzc.pdf,https://www.guat.edu.cn/2021_x/images/glhtgyxyzc.pdf,read,,2026-10-01,
4145011825,桂林航天工业学院,overview,https://www.guat.edu.cn/ghgk/xxjj.htm,https://www.guat.edu.cn/ghgk/xxjj.htm,read,学校简介-桂林航天工业学院,2026-10-01,
4145011837,桂林旅游学院,homepage,http://www.gltu.cn,,fetch_error,,2026-10-01,URLError
4145011837,桂林旅游学院,overview,https://www.mct.gov.cn/whzx/whyw/202110/t20211015_928347.htm,https://www.mct.gov.cn/whzx/whyw/202110/t20211015_928347.htm,read,广西壮族自治区政府、文化和旅游部共建桂林旅游学院2019年文化部banner嵌入,2026-10-01,
4145011837,桂林旅游学院,overview,https://www.moe.gov.cn/srcsite/A03/s181/201504/t20150429_189515.html,http://www.moe.gov.cn/srcsite/A03/s181/201504/t20150429_189515.html,read,教育部关于同意在桂林旅游高等专科学校基础上建立桂林旅游学院的函 - 中华人民共和国教育部政府门户网站,2026-10-01,
4145011838,贺州学院,homepage,https://www.hzxy.edu.cn/,https://www.hzxy.edu.cn/,read,贺州学院,2026-10-01,
4145011838,贺州学院,overview,https://www.hzxy.edu.cn/hygk/xxjj.htm,https://www.hzxy.edu.cn/hygk/xxjj.htm,read,学校简介-贺州学院,2026-10-01,
4145011838,贺州学院,visual,https://www.hzxy.edu.cn/hygk/xxxg.htm,https://www.hzxy.edu.cn/hygk/xxxg.htm,read,校徽校训校旗-贺州学院,2026-10-01,
4145011838,贺州学院,culture,https://www.hzxy.edu.cn/info/1151/9963.htm,https://www.hzxy.edu.cn/info/1151/9963.htm,read,贺州学院校歌-贺州学院,2026-10-01,
4145011838,贺州学院,history,https://www.hzxy.edu.cn/hygk/lsyg.htm,https://www.hzxy.edu.cn/hygk/lsyg.htm,read,历史沿革-贺州学院,2026-10-01,
4145011838,贺州学院,visual,https://www.hzxy.edu.cn/info/1151/9961.htm,https://www.hzxy.edu.cn/info/1151/9961.htm,read,贺州学院校徽-贺州学院,2026-10-01,
4145011838,贺州学院,culture,https://www.hzxy.edu.cn/info/1151/9962.htm,https://www.hzxy.edu.cn/info/1151/9962.htm,read,贺州学院校训-贺州学院,2026-10-01,
4145011838,贺州学院,visual,https://www.hzxy.edu.cn/info/1151/9960.htm,https://www.hzxy.edu.cn/info/1151/9960.htm,read,贺州学院校旗-贺州学院,2026-10-01,
4145011838,贺州学院,overview,https://www.hzxy.edu.cn/hygk/xxjj.htm,https://www.hzxy.edu.cn/hygk/xxjj.htm,read,学校简介-贺州学院,2026-10-01,
4145011838,贺州学院,history,https://www.hzxy.edu.cn/hygk/lsyg.htm,https://www.hzxy.edu.cn/hygk/lsyg.htm,read,历史沿革-贺州学院,2026-10-01,
4145011838,贺州学院,culture,https://www.hzxy.edu.cn/info/1151/9963.htm,https://www.hzxy.edu.cn/info/1151/9963.htm,read,贺州学院校歌-贺州学院,2026-10-01,
4145011838,贺州学院,culture,https://www.hzxy.edu.cn/info/1151/9962.htm,https://www.hzxy.edu.cn/info/1151/9962.htm,read,贺州学院校训-贺州学院,2026-10-01,
4145013520,广西警察学院,homepage,https://www.gxjcxy.edu.cn/,https://www.gxjcxy.edu.cn/,read,广西警察学院,2026-10-01,
4145013520,广西警察学院,overview,https://www.gxjcxy.edu.cn/xxgk,https://www.gxjcxy.edu.cn/xxgk/xxjj,read,学校简介_学校概况_广西警察学院,2026-10-01,
4145013520,广西警察学院,charter,https://www.gxjcxy.edu.cn/xxgk/gzzd,https://www.gxjcxy.edu.cn/xxgk/gzzd,read,学校章程_学校概况_广西警察学院,2026-10-01,
4145013520,广西警察学院,visual,https://www.gxjcxy.edu.cn/xxgk/xxbs,https://www.gxjcxy.edu.cn/xxgk/xxbs,read,学校标识_学校概况_广西警察学院,2026-10-01,
4145013520,广西警察学院,history,https://www.gxjcxy.edu.cn/xxgk/xxyg,https://www.gxjcxy.edu.cn/xxgk/xxyg,read,学校沿革_学校概况_广西警察学院,2026-10-01,
4145013520,广西警察学院,overview,https://www.gxjcxy.edu.cn/xxgk/xxjj,https://www.gxjcxy.edu.cn/xxgk/xxjj,read,学校简介_学校概况_广西警察学院,2026-10-01,
4145013520,广西警察学院,charter,https://www.gxjcxy.edu.cn/xxgk/gzzd/content_623,https://www.gxjcxy.edu.cn/xxgk/gzzd/content_623,read,广西警察学院章程_学校章程_学校概况_广西警察学院,2026-10-01,
4145013520,广西警察学院,charter,https://www.gxjcxy.edu.cn/xxgk/gzzd,https://www.gxjcxy.edu.cn/xxgk/gzzd,read,学校章程_学校概况_广西警察学院,2026-10-01,
4145013520,广西警察学院,charter,https://www.gxjcxy.edu.cn/xxgk/gzzd/content_623,https://www.gxjcxy.edu.cn/xxgk/gzzd/content_623,read,广西警察学院章程_学校章程_学校概况_广西警察学院,2026-10-01,
4145013520,广西警察学院,overview,https://www.gxjcxy.edu.cn/xxgk/xxjj,https://www.gxjcxy.edu.cn/xxgk/xxjj,read,学校简介_学校概况_广西警察学院,2026-10-01,
4145013520,广西警察学院,history,https://www.gxjcxy.edu.cn/xxgk/xxyg,https://www.gxjcxy.edu.cn/xxgk/xxyg,read,学校沿革_学校概况_广西警察学院,2026-10-01,
4145013639,柳州工学院,homepage,https://www.lzhit.edu.cn/,https://www.lzhit.edu.cn/,read,柳州工学院,2026-10-01,
4145013639,柳州工学院,overview,https://www.lzhit.edu.cn/xxgk1/xxjj.htm,https://www.lzhit.edu.cn/xxgk1/xxjj.htm,read,学校简介-柳州工学院,2026-10-01,
4145013639,柳州工学院,charter,https://www.lzhit.edu.cn/xxgk1/xxzc.htm,https://www.lzhit.edu.cn/xxgk1/xxzc.htm,read,学校章程-柳州工学院,2026-10-01,
4145013639,柳州工学院,visual,https://www.lzhit.edu.cn/xxgk1/xxbs.htm,https://www.lzhit.edu.cn/xxgk1/xxbs.htm,read,学校标识-柳州工学院,2026-10-01,
4145013639,柳州工学院,culture,https://www.lzhit.edu.cn/xxgk1/xg.htm,https://www.lzhit.edu.cn/xxgk1/xg.htm,read,校歌-柳州工学院,2026-10-01,
4145013639,柳州工学院,culture,https://www.lzhit.edu.cn/xxgk1/xx.htm,https://www.lzhit.edu.cn/xxgk1/xx.htm,read,校训-柳州工学院,2026-10-01,
4145013639,柳州工学院,charter,https://www.lzhit.edu.cn/xxgk1/xxzc.htm,https://www.lzhit.edu.cn/xxgk1/xxzc.htm,read,学校章程-柳州工学院,2026-10-01,
4145013639,柳州工学院,overview,https://www.lzhit.edu.cn/xxgk1/xxjj.htm,https://www.lzhit.edu.cn/xxgk1/xxjj.htm,read,学校简介-柳州工学院,2026-10-01,
4145013639,柳州工学院,culture,https://www.lzhit.edu.cn/xxgk1/xg.htm,https://www.lzhit.edu.cn/xxgk1/xg.htm,read,校歌-柳州工学院,2026-10-01,
4145013639,柳州工学院,culture,https://www.lzhit.edu.cn/xxgk1/xx.htm,https://www.lzhit.edu.cn/xxgk1/xx.htm,read,校训-柳州工学院,2026-10-01,
4145013641,桂林学院,homepage,https://www.glc.edu.cn/,https://www.glc.edu.cn/,read,桂林学院官方网站,2026-10-01,
4145013641,桂林学院,overview,https://www.glc.edu.cn/xxgl/xxjj.htm,https://www.glc.edu.cn/xxgl/xxjj.htm,read,学校简介-桂林学院官方网站,2026-10-01,
4145013641,桂林学院,charter,https://www.glc.edu.cn/info/1374/36198.htm,https://www.glc.edu.cn/info/1374/36198.htm,read,【学校办公室】关于公布《桂林学院章程（2022年核准稿）》的通告-桂林学院官方网站,2026-10-01,
4145013641,桂林学院,history,https://www.glc.edu.cn/xxgl/xxyg.htm,https://www.glc.edu.cn/xxgl/xxyg.htm,read,学校沿革-桂林学院官方网站,2026-10-01,
4145013641,桂林学院,english,http://www.glc.edu.cn/global_en,http://www.glc.edu.cn/global_en/,read,国际合作与交流处,2026-10-01,
4145013641,桂林学院,navigation,https://www.glc.edu.cn/info/1094/80168.htm,https://www.glc.edu.cn/info/1094/80168.htm,read,学校师生文艺志愿者走进猴背村百香果节-桂林学院官方网站,2026-10-01,
4145013641,桂林学院,overview,https://www.glc.edu.cn/xxgl.htm,https://www.glc.edu.cn/xxgl.htm,read,学校概览-桂林学院官方网站,2026-10-01,
4145013641,桂林学院,charter,https://www.glc.edu.cn/info/1374/36198.htm,https://www.glc.edu.cn/info/1374/36198.htm,read,【学校办公室】关于公布《桂林学院章程（2022年核准稿）》的通告-桂林学院官方网站,2026-10-01,
4145013641,桂林学院,overview,https://www.glc.edu.cn/xxgl.htm,https://www.glc.edu.cn/xxgl.htm,read,学校概览-桂林学院官方网站,2026-10-01,
4145013641,桂林学院,overview,https://www.glc.edu.cn/xxgl/xxjj.htm,https://www.glc.edu.cn/xxgl/xxjj.htm,read,学校简介-桂林学院官方网站,2026-10-01,
4145013641,桂林学院,history,https://www.glc.edu.cn/xxgl/xxyg.htm,https://www.glc.edu.cn/xxgl/xxyg.htm,read,学校沿革-桂林学院官方网站,2026-10-01,
4145013890,广西工业学院,homepage,https://www.gxtu.edu.cn/,,fetch_error,,2026-10-01,URLError
4145013890,广西工业学院,charter,https://gaokao.chsi.com.cn/zsgs/zhangcheng/listVerifedZszc--infoId-7715873688%2Cmethod-view%2CschId-391319.dhtml,,access_limited,,2026-10-01,HTTPError
4145014684,广西职业师范学院,homepage,https://www.gxvnu.edu.cn/,https://www.gxvnu.edu.cn/,read,广西职业师范学院,2026-10-01,
4145014684,广西职业师范学院,overview,https://www.gxvnu.edu.cn/xxgk/xxjj.htm,https://www.gxvnu.edu.cn/xxgk/xxjj.htm,read,学校简介-广西职业师范学院,2026-10-01,
4145014684,广西职业师范学院,charter,https://www.gxvnu.edu.cn/xxgk/xxzc.htm,https://www.gxvnu.edu.cn/xxgk/xxzc.htm,read,学校章程-广西职业师范学院,2026-10-01,
4145014684,广西职业师范学院,visual,https://www.gxvnu.edu.cn/xxgk/xxbs.htm,https://www.gxvnu.edu.cn/xxgk/xxbs.htm,read,学校标识-广西职业师范学院,2026-10-01,
4145014684,广西职业师范学院,culture,https://www.gxvnu.edu.cn/xxgk/xxxfjfxf.htm,https://www.gxvnu.edu.cn/xxgk/xxxfjfxf.htm,read,校训、校风、教风、学风-广西职业师范学院,2026-10-01,
4145014684,广西职业师范学院,history,https://www.gxvnu.edu.cn/xxgk/lsyg.htm,https://www.gxvnu.edu.cn/xxgk/lsyg.htm,read,历史沿革-广西职业师范学院,2026-10-01,
4145014684,广西职业师范学院,culture,https://www.gxvnu.edu.cn/info/1069/16602.htm,https://www.gxvnu.edu.cn/info/1069/16602.htm,foreign_school_article_excluded,周鸿率队赴广西民族师范学院开展调研交流-广西职业师范学院,2026-10-01,
4145014684,广西职业师范学院,charter,https://www.gxvnu.edu.cn/xxgk/xxzc.htm,https://www.gxvnu.edu.cn/xxgk/xxzc.htm,read,学校章程-广西职业师范学院,2026-10-01,
4145014684,广西职业师范学院,overview,https://www.gxvnu.edu.cn/xxgk/xxjj.htm,https://www.gxvnu.edu.cn/xxgk/xxjj.htm,read,学校简介-广西职业师范学院,2026-10-01,
4145014684,广西职业师范学院,history,https://www.gxvnu.edu.cn/xxgk/lsyg.htm,https://www.gxvnu.edu.cn/xxgk/lsyg.htm,read,历史沿革-广西职业师范学院,2026-10-01,
4145014684,广西职业师范学院,culture,https://www.gxvnu.edu.cn/xxgk/xxxfjfxf.htm,https://www.gxvnu.edu.cn/xxgk/xxxfjfxf.htm,read,校训、校风、教风、学风-广西职业师范学院,2026-10-01,
4145014684,广西职业师范学院,culture,https://www.gxvnu.edu.cn/info/1069/16602.htm,https://www.gxvnu.edu.cn/info/1069/16602.htm,foreign_school_article_excluded,周鸿率队赴广西民族师范学院开展调研交流-广西职业师范学院,2026-10-01,
4145011671,桂林师范学院,homepage,https://www.glnc.edu.cn/,https://www.glnc.edu.cn/,read,桂林师范学院官网,2026-10-01,
4145011671,桂林师范学院,overview,https://www.glnc.edu.cn/xxgk1/xxjj.htm,https://www.glnc.edu.cn/xxgk1/xxjj.htm,read,学校简介-桂林师范学院官网,2026-10-01,
4145011671,桂林师范学院,charter,https://www.glnc.edu.cn/xxgk1/xxzc.htm,https://www.glnc.edu.cn/xxgk1/xxzc.htm,read,学校章程-桂林师范学院官网,2026-10-01,
4145011671,桂林师范学院,history,https://www.glnc.edu.cn/xxgk1/lsyg.htm,https://www.glnc.edu.cn/xxgk1/lsyg.htm,read,历史沿革-桂林师范学院官网,2026-10-01,
4145011671,桂林师范学院,history,https://www.glnc.edu.cn/info/1063/24120.htm,https://www.glnc.edu.cn/info/1063/24120.htm,foreign_school_article_excluded,校党委书记冯华清带队赴北京物资学院考察交流-桂林师范学院官网,2026-10-01,
4145011671,桂林师范学院,charter,https://www.glnc.edu.cn/xxgk1/xxzc.htm,https://www.glnc.edu.cn/xxgk1/xxzc.htm,read,学校章程-桂林师范学院官网,2026-10-01,
4145011671,桂林师范学院,overview,https://www.glnc.edu.cn/xxgk1/xxjj.htm,https://www.glnc.edu.cn/xxgk1/xxjj.htm,read,学校简介-桂林师范学院官网,2026-10-01,
4145011671,桂林师范学院,history,https://www.glnc.edu.cn/xxgk1/lsyg.htm,https://www.glnc.edu.cn/xxgk1/lsyg.htm,read,历史沿革-桂林师范学院官网,2026-10-01,
4145011671,桂林师范学院,history,https://www.glnc.edu.cn/info/1063/24120.htm,https://www.glnc.edu.cn/info/1063/24120.htm,foreign_school_article_excluded,校党委书记冯华清带队赴北京物资学院考察交流-桂林师范学院官网,2026-10-01,
4146010589,海南大学,homepage,https://www.hainanu.edu.cn/,https://www.hainanu.edu.cn/,read,海南大学 | Hainan University,2026-10-01,
4146010589,海南大学,overview,https://www.hainanu.edu.cn/zjhd/hdjj.htm,https://www.hainanu.edu.cn/zjhd/hdjj.htm,read,海大简介-海南大学 | Hainan University,2026-10-01,
4146010589,海南大学,visual,https://www.hainanu.edu.cn/xywh.htm,https://www.hainanu.edu.cn/xywh.htm,read,校园文化-海南大学 | Hainan University,2026-10-01,
4146010589,海南大学,culture,https://www.hainanu.edu.cn/xywh/xyhd/xywhj.htm,https://www.hainanu.edu.cn/xywh/xyhd/xywhj.htm,read,校园文化角-海南大学 | Hainan University,2026-10-01,
4146010589,海南大学,history,https://www.hainanu.edu.cn/zjhd/lsyg.htm,https://www.hainanu.edu.cn/zjhd/lsyg.htm,read,历史沿革-海南大学 | Hainan University,2026-10-01,
4146010589,海南大学,english,https://en.hainanu.edu.cn/,https://en.hainanu.edu.cn/,read,Hainan UniversityDocument,2026-10-01,
4146010589,海南大学,visual,https://www.hainanu.edu.cn/xywh/hdVI.htm,https://www.hainanu.edu.cn/xywh/hdVI.htm,read,海大VI-海南大学 | Hainan University,2026-10-01,
4146010589,海南大学,culture,https://www.hainanu.edu.cn/info/1811/72611.htm,https://www.hainanu.edu.cn/info/1811/72611.htm,read,校训-海南大学 | Hainan University,2026-10-01,
4146010589,海南大学,visual,https://www.hainanu.edu.cn/info/1811/72621.htm,https://www.hainanu.edu.cn/info/1811/72621.htm,read,校徽-海南大学 | Hainan University,2026-10-01,
4146010589,海南大学,overview,https://www.hainanu.edu.cn/zjhd/hdjj.htm,https://www.hainanu.edu.cn/zjhd/hdjj.htm,read,海大简介-海南大学 | Hainan University,2026-10-01,
4146010589,海南大学,history,https://www.hainanu.edu.cn/zjhd/lsyg.htm,https://www.hainanu.edu.cn/zjhd/lsyg.htm,read,历史沿革-海南大学 | Hainan University,2026-10-01,
4146010589,海南大学,culture,https://www.hainanu.edu.cn/xywh/xyhd/xywhj.htm,https://www.hainanu.edu.cn/xywh/xyhd/xywhj.htm,read,校园文化角-海南大学 | Hainan University,2026-10-01,
4146010589,海南大学,culture,https://www.hainanu.edu.cn/info/1811/72611.htm,https://www.hainanu.edu.cn/info/1811/72611.htm,read,校训-海南大学 | Hainan University,2026-10-01,
4146011100,海南热带海洋学院,homepage,https://www.hntou.edu.cn/,https://www.hntou.edu.cn/,read,海南热带海洋学院欢迎您,2026-10-01,
4146011100,海南热带海洋学院,overview,https://www.hntou.edu.cn/xygk_2699/xxjj/,https://www.hntou.edu.cn/xygk_2699/xxjj/,read,海南热带海洋学院欢迎您,2026-10-01,
4146011100,海南热带海洋学院,charter,https://www.hntou.edu.cn/xygk_2699/xxzc/,https://www.hntou.edu.cn/xygk_2699/xxzc/,read,海南热带海洋学院欢迎您,2026-10-01,
4146011100,海南热带海洋学院,visual,https://www.hntou.edu.cn/xygk_2699/xxbs/,https://www.hntou.edu.cn/xygk_2699/xxbs/,read,海南热带海洋学院欢迎您,2026-10-01,
4146011100,海南热带海洋学院,culture,https://www.hntou.edu.cn/xwzx/xywh/,https://www.hntou.edu.cn/xwzx/xywh/,read,海南热带海洋学院欢迎您,2026-10-01,
4146011100,海南热带海洋学院,overview,https://www.hntou.edu.cn/xygk_2699/,,access_limited,,2026-10-01,HTTPError
4146011100,海南热带海洋学院,visual,https://www.hntou.edu.cn/xygk_2699/xxbs/jcbf/202307/t20230711_78119.html,https://www.hntou.edu.cn/xygk_2699/xxbs/jcbf/202307/t20230711_78119.html,read,海南热带海洋学院欢迎您,2026-10-01,
4146011100,海南热带海洋学院,culture,https://www.hntou.edu.cn/xygk_2699/xxbs/jcbf/202307/t20230711_78116.html,https://www.hntou.edu.cn/xygk_2699/xxbs/jcbf/202307/t20230711_78116.html,read,海南热带海洋学院欢迎您,2026-10-01,
4146011100,海南热带海洋学院,visual,https://www.hntou.edu.cn/xygk_2699/xxbs/jcbf/202307/t20230711_78114.html,https://www.hntou.edu.cn/xygk_2699/xxbs/jcbf/202307/t20230711_78114.html,read,海南热带海洋学院欢迎您,2026-10-01,
4146011100,海南热带海洋学院,charter,https://www.hntou.edu.cn/xygk_2699/xxzc/,https://www.hntou.edu.cn/xygk_2699/xxzc/,read,海南热带海洋学院欢迎您,2026-10-01,
4146011100,海南热带海洋学院,overview,https://www.hntou.edu.cn/xygk_2699/xxjj/,https://www.hntou.edu.cn/xygk_2699/xxjj/,read,海南热带海洋学院欢迎您,2026-10-01,
4146011100,海南热带海洋学院,culture,https://www.hntou.edu.cn/xwzx/xywh/,https://www.hntou.edu.cn/xwzx/xywh/,read,海南热带海洋学院欢迎您,2026-10-01,
4146011100,海南热带海洋学院,culture,https://www.hntou.edu.cn/xygk_2699/xxbs/jcbf/202307/t20230711_78116.html,https://www.hntou.edu.cn/xygk_2699/xxbs/jcbf/202307/t20230711_78116.html,read,海南热带海洋学院欢迎您,2026-10-01,
4146011658,海南师范大学,homepage,https://www.hainnu.edu.cn,https://www.hainnu.edu.cn,read,海南师范大学,2026-10-01,
4146011658,海南师范大学,overview,https://www.hainnu.edu.cn/xxjj/list.htm,https://www.hainnu.edu.cn/xxjj/list.htm,read,学校简介,2026-10-01,
4146011658,海南师范大学,visual,https://www.hainnu.edu.cn/xywh/list.htm,https://www.hainnu.edu.cn/xywh/list.htm,read,校园文化,2026-10-01,
4146011658,海南师范大学,culture,https://www.hainnu.edu.cn/2026/0910/c1619a169278/page.htm,https://www.hainnu.edu.cn/2026/0910/c1619a169278/page.htm,read,“榕聚青春”校园文化角｜师恩如海 青衿寄情,2026-10-01,
4146011658,海南师范大学,english,https://eng.hainnu.edu.cn/,https://eng.hainnu.edu.cn/,read,英文网,2026-10-01,
4146011658,海南师范大学,navigation,https://www.hainnu.edu.cn/2026/0828/c517a168841/page.htm,https://www.hainnu.edu.cn/2026/0828/c517a168841/page.htm,read,【项目申报】关于申报2026年国家社会科学基金高校思想政治理论课研究专项的通知,2026-10-01,
4146011658,海南师范大学,overview,http://www.hainnu.edu.cn/xxjj/list.htm,https://www.hainnu.edu.cn/xxjj/list.htm,read,学校简介,2026-10-01,
4146011658,海南师范大学,culture,https://www.hainnu.edu.cn/2026/0918/c1619a169593/page.htm,https://www.hainnu.edu.cn/2026/0918/c1619a169593/page.htm,read,我校举办第二期“榕聚青春”校园文化角,2026-10-01,
4146011658,海南师范大学,navigation,https://www.hainnu.edu.cn/2026/0603/c1619a165850/page.htm,https://www.hainnu.edu.cn/2026/0603/c1619a165850/page.htm,read,科技点亮非遗，美育滋养童心——海南非遗数字体验装置进校园系列活动走进白沙黎族自治县,2026-10-01,
4146011658,海南师范大学,overview,https://www.hainnu.edu.cn/xxjj/list.htm,https://www.hainnu.edu.cn/xxjj/list.htm,read,学校简介,2026-10-01,
4146011658,海南师范大学,culture,https://www.hainnu.edu.cn/2026/0910/c1619a169278/page.htm,https://www.hainnu.edu.cn/2026/0910/c1619a169278/page.htm,read,“榕聚青春”校园文化角｜师恩如海 青衿寄情,2026-10-01,
4146011658,海南师范大学,culture,https://www.hainnu.edu.cn/2026/0918/c1619a169593/page.htm,https://www.hainnu.edu.cn/2026/0918/c1619a169593/page.htm,read,我校举办第二期“榕聚青春”校园文化角,2026-10-01,
4146011810,海南医科大学,homepage,https://www.muhn.edu.cn,https://www.muhn.edu.cn,read,海南医科大学（海南省医学科学院）,2026-10-01,
4146011810,海南医科大学,overview,https://www.muhn.edu.cn/xxgk/xxjj.htm,https://www.muhn.edu.cn/xxgk/xxjj.htm,read,学校简介-海南医科大学（海南省医学科学院）,2026-10-01,
4146011810,海南医科大学,charter,https://www.muhn.edu.cn/xxgk/xxzc.htm,https://www.muhn.edu.cn/xxgk/xxzc.htm,read,学校章程-海南医科大学（海南省医学科学院）,2026-10-01,
4146011810,海南医科大学,visual,https://www.muhn.edu.cn/xxgk/xxbs.htm,https://www.muhn.edu.cn/xxgk/xxbs.htm,read,学校标识-海南医科大学（海南省医学科学院）,2026-10-01,
4146011810,海南医科大学,history,https://www.muhn.edu.cn/xxgk/lsyg.htm,https://www.muhn.edu.cn/xxgk/lsyg.htm,read,历史沿革-海南医科大学（海南省医学科学院）,2026-10-01,
4146011810,海南医科大学,visual,https://www.muhn.edu.cn/system/_content/download.jsp?urltype=news.DownloadAttachUrl&owner=1381228035&wbfileid=6E4BB01DAF460740F9CF74CAECB22EA9,https://www.muhn.edu.cn/system/_content/download.jsp?urltype=news.DownloadAttachUrl&owner=1381228035&wbfileid=6E4BB01DAF460740F9CF74CAECB22EA9,insufficient_text,附件下载,2026-10-01,
4146011810,海南医科大学,charter,https://www.muhn.edu.cn/xxgk/xxzc.htm,https://www.muhn.edu.cn/xxgk/xxzc.htm,read,学校章程-海南医科大学（海南省医学科学院）,2026-10-01,
4146011810,海南医科大学,overview,https://www.muhn.edu.cn/xxgk/xxjj.htm,https://www.muhn.edu.cn/xxgk/xxjj.htm,read,学校简介-海南医科大学（海南省医学科学院）,2026-10-01,
4146011810,海南医科大学,history,https://www.muhn.edu.cn/xxgk/lsyg.htm,https://www.muhn.edu.cn/xxgk/lsyg.htm,read,历史沿革-海南医科大学（海南省医学科学院）,2026-10-01,
4146013811,琼台师范学院,homepage,https://www.qtnu.edu.cn/,https://www.qtnu.edu.cn/,read,琼台师范学院,2026-10-01,
4146013811,琼台师范学院,overview,https://www.qtnu.edu.cn/xxgk/xxjj.htm,https://www.qtnu.edu.cn/xxgk/xxjj.htm,read,学校简介-琼台师范学院,2026-10-01,
4146013811,琼台师范学院,visual,https://www.qtnu.edu.cn/xxgk/xxbs.htm,https://www.qtnu.edu.cn/xxgk/xxbs.htm,read,学校标识-琼台师范学院,2026-10-01,
4146013811,琼台师范学院,overview,https://www.qtnu.edu.cn/xxgk/xxjj.htm,https://www.qtnu.edu.cn/xxgk/xxjj.htm,read,学校简介-琼台师范学院,2026-10-01,
4146013892,三亚学院,homepage,https://www.sanyau.edu.cn,https://www.sanyau.edu.cn,read,三亚学院,2026-10-01,
4146013892,三亚学院,overview,https://www.sanyau.edu.cn/539/list.htm,https://www.sanyau.edu.cn/539/list.htm,read,学校简介,2026-10-01,
4146013892,三亚学院,culture,https://www.sanyau.edu.cn/543/list.htm,https://www.sanyau.edu.cn/543/list.htm,read,校风与校训,2026-10-01,
4146013892,三亚学院,english,http://www.sanyau.edu.cn/en/,https://www.sanyau.edu.cn/en/,read,University of Sanya,2026-10-01,
4146013892,三亚学院,navigation,https://www.sanyau.edu.cn/2026/0922/c568a459248/page.htm,https://www.sanyau.edu.cn/2026/0922/c568a459248/page.htm,read,我校科协急救技能培训走进海棠湾青田大社区,2026-10-01,
4146013892,三亚学院,navigation,https://www.sanyau.edu.cn/2026/0916/c568a459114/page.htm,https://www.sanyau.edu.cn/2026/0916/c568a459114/page.htm,read,校地协同聚科普合力 我校扎实开展全国科普月系列活动,2026-10-01,
4146013892,三亚学院,overview,https://www.sanyau.edu.cn/539/list.htm,https://www.sanyau.edu.cn/539/list.htm,read,学校简介,2026-10-01,
4146013892,三亚学院,culture,https://www.sanyau.edu.cn/543/list.htm,https://www.sanyau.edu.cn/543/list.htm,read,校风与校训,2026-10-01,
4146014829,海南比勒费尔德应用科学大学,charter,https://www.hainan-biuh.edu.cn/wp-content/uploads/2024/05/%E6%8B%9B%E7%94%9F%E7%AB%A0%E7%A8%8B.pdf,,access_limited,,2026-10-01,URLError
4146014829,海南比勒费尔德应用科学大学,overview,https://www.hainan-biuh.edu.cn/,,access_limited,,2026-10-01,URLError
4146014829,海南比勒费尔德应用科学大学,overview,https://www.hainan-biuh.edu.cn/2024/11/15/%E6%B5%B7%E5%8D%97%E6%AF%94%E5%8B%92%E8%B4%B9%E5%B0%94%E5%BE%B7%E5%BA%94%E7%94%A8%E7%A7%91%E5%AD%A6%E5%A4%A7%E5%AD%A62025-2026%E5%AD%A6%E5%B9%B4%E5%9B%BD%E9%99%85%E5%AD%A6%E7%94%9F%E6%9C%AC%E7%A7%91/,https://www.hainan-biuh.edu.cn/2024/11/15/%E6%B5%B7%E5%8D%97%E6%AF%94%E5%8B%92%E8%B4%B9%E5%B0%94%E5%BE%B7%E5%BA%94%E7%94%A8%E7%A7%91%E5%AD%A6%E5%A4%A7%E5%AD%A62025-2026%E5%AD%A6%E5%B9%B4%E5%9B%BD%E9%99%85%E5%AD%A6%E7%94%9F%E6%9C%AC%E7%A7%91/,read,海南比勒费尔德应用科学大学2025-2026学年国际学生本科生项目招生简章 – 海南比勒费尔德应用科学大学,2026-10-01,
4146014829,海南比勒费尔德应用科学大学,navigation,https://www.hainan-biuh.edu.cn/%E5%85%B3%E4%BA%8E%E6%B5%B7%E5%8D%97%E6%AF%94%E7%A7%91%E5%A4%A7/,https://www.hainan-biuh.edu.cn/%E5%85%B3%E4%BA%8E%E6%B5%B7%E5%8D%97%E6%AF%94%E7%A7%91%E5%A4%A7/,read,关于学校 – 海南比勒费尔德应用科学大学,2026-10-01,
4146014829,海南比勒费尔德应用科学大学,overview,https://www.hainan-biuh.edu.cn/,https://www.hainan-biuh.edu.cn/,read,海南比勒费尔德应用科学大学,2026-10-01,
4146014829,海南比勒费尔德应用科学大学,overview,https://www.hainan-biuh.edu.cn/2024/11/15/%E6%B5%B7%E5%8D%97%E6%AF%94%E5%8B%92%E8%B4%B9%E5%B0%94%E5%BE%B7%E5%BA%94%E7%94%A8%E7%A7%91%E5%AD%A6%E5%A4%A7%E5%AD%A62025-2026%E5%AD%A6%E5%B9%B4%E5%9B%BD%E9%99%85%E5%AD%A6%E7%94%9F%E6%9C%AC%E7%A7%91/,https://www.hainan-biuh.edu.cn/2024/11/15/%E6%B5%B7%E5%8D%97%E6%AF%94%E5%8B%92%E8%B4%B9%E5%B0%94%E5%BE%B7%E5%BA%94%E7%94%A8%E7%A7%91%E5%AD%A6%E5%A4%A7%E5%AD%A62025-2026%E5%AD%A6%E5%B9%B4%E5%9B%BD%E9%99%85%E5%AD%A6%E7%94%9F%E6%9C%AC%E7%A7%91/,read,海南比勒费尔德应用科学大学2025-2026学年国际学生本科生项目招生简章 – 海南比勒费尔德应用科学大学,2026-10-01,
4146014944,海南警察学院,homepage,https://www.hipolice.edu.cn,https://www.hipolice.edu.cn,read,海南警察学院,2026-10-01,
4146014944,海南警察学院,overview,https://www.hipolice.edu.cn/xygk/xyjj.htm,https://www.hipolice.edu.cn/xygk/xyjj.htm,read,学院简介-海南警察学院,2026-10-01,
4146014944,海南警察学院,visual,https://www.hipolice.edu.cn/xywh.htm,https://www.hipolice.edu.cn/xywh.htm,read,校园文化-海南警察学院,2026-10-01,
4146014944,海南警察学院,overview,https://www.hipolice.edu.cn/xygk/xyjj.htm,https://www.hipolice.edu.cn/xygk/xyjj.htm,read,学院简介-海南警察学院,2026-10-01,
4146014948,海南洛桑旅游大学,homepage,https://www.hi-hltu.edu.cn/,https://www.hi-hltu.edu.cn/,read,海南洛桑旅游大学 | Hainan Lausanne Tourism University,2026-10-01,
4146014948,海南洛桑旅游大学,english,https://www.hi-hltu.edu.cn/en/homepage-en/,https://www.hi-hltu.edu.cn/en/homepage-en/,read,Homepage - 海南洛桑旅游大学 | Hainan Lausanne Tourism University,2026-10-01,
4150010611,重庆大学,homepage,https://www.cqu.edu.cn,https://www.cqu.edu.cn,read,重庆大学,2026-10-01,
4150010611,重庆大学,overview,https://www.cqu.edu.cn/xqgk/xxjj.htm,https://www.cqu.edu.cn/xqgk/xxjj.htm,read,学校简介-重庆大学,2026-10-01,
4150010611,重庆大学,visual,https://www.cqu.edu.cn/zhongqingdaxueshijuexingxiangshibiexitongguanlibanfa.pdf,https://www.cqu.edu.cn/zhongqingdaxueshijuexingxiangshibiexitongguanlibanfa.pdf,read,,2026-10-01,
4150010611,重庆大学,navigation,https://www.cqu.edu.cn/zjzd.htm,https://www.cqu.edu.cn/zjzd.htm,read,走进重大-重庆大学,2026-10-01,
4150010611,重庆大学,visual,https://www.cqu.edu.cn/__local/F/67/13/91F381501973A4F9D10D3340792_2136FE11_3D39D20.pdf?e=.pdf,,access_limited,,2026-10-01,ValueError
4150010611,重庆大学,navigation,https://www.cqu.edu.cn/info/1611/68931.htm,https://www.cqu.edu.cn/info/1611/68931.htm,read,中国航天科技集团于登云院士走进重庆大学作专题学术报告-重庆大学,2026-10-01,
4150010611,重庆大学,overview,https://www.cqu.edu.cn/xqgk/xxjj.htm,https://www.cqu.edu.cn/xqgk/xxjj.htm,read,学校简介-重庆大学,2026-10-01,
4150010617,重庆邮电大学,homepage,https://www.cqupt.edu.cn,https://www.cqupt.edu.cn,read,重庆邮电大学,2026-10-01,
4150010617,重庆邮电大学,overview,https://www.cqupt.edu.cn/xxgk/xxjj.htm,,access_limited,,2026-10-01,HTTPError
4150010617,重庆邮电大学,charter,https://www.cqupt.edu.cn/xxgk/xxzc.htm,,access_limited,,2026-10-01,HTTPError
4150010617,重庆邮电大学,visual,https://www.cqupt.edu.cn/xywh/xyfg.htm,,access_limited,,2026-10-01,HTTPError
4150010617,重庆邮电大学,history,https://www.cqupt.edu.cn/xxgk/lsyg.htm,,access_limited,,2026-10-01,HTTPError
4150010617,重庆邮电大学,navigation,https://news.cqupt.edu.cn/,https://news.cqupt.edu.cn/,insufficient_text,重庆邮电大学新闻网,2026-10-01,
4150010618,重庆交通大学,homepage,https://www.cqjtu.edu.cn,https://www.cqjtu.edu.cn,read,重庆交通大学--Welcome to Chongqing Jiaotong University !,2026-10-01,
4150010618,重庆交通大学,overview,https://www.cqjtu.edu.cn/xxgk/xxjj.htm,https://www.cqjtu.edu.cn/xxgk/xxjj.htm,read,学校简介-重庆交通大学--Welcome to Chongqing Jiaotong University !,2026-10-01,
4150010618,重庆交通大学,visual,https://www.cqjtu.edu.cn/xxgk/xpxh.htm,https://www.cqjtu.edu.cn/xxgk/xpxh.htm,read,形象识别-重庆交通大学--Welcome to Chongqing Jiaotong University !,2026-10-01,
4150010618,重庆交通大学,culture,https://www.cqjtu.edu.cn/xxgk/xxxg.htm,https://www.cqjtu.edu.cn/xxgk/xxxg.htm,read,学校校歌-重庆交通大学--Welcome to Chongqing Jiaotong University !,2026-10-01,
4150010618,重庆交通大学,history,https://www.cqjtu.edu.cn/xxgk/lsyg.htm,https://www.cqjtu.edu.cn/xxgk/lsyg.htm,read,历史沿革-重庆交通大学--Welcome to Chongqing Jiaotong University !,2026-10-01,
4150010618,重庆交通大学,english,https://www.cqjtu.edu.cn/en.htm,https://www.cqjtu.edu.cn/en.htm,read,英文版-重庆交通大学--Welcome to Chongqing Jiaotong University !,2026-10-01,
4150010618,重庆交通大学,overview,https://www.cqjtu.edu.cn/xxgk.htm,https://www.cqjtu.edu.cn/xxgk.htm,insufficient_text,学校概况-重庆交通大学--Welcome to Chongqing Jiaotong University !,2026-10-01,
4150010618,重庆交通大学,culture,https://www.cqjtu.edu.cn/system/_content/download.jsp?urltype=news.DownloadAttachUrl&owner=1309598030&wbfileid=15033817,https://www.cqjtu.edu.cn/system/_content/download.jsp?urltype=news.DownloadAttachUrl&owner=1309598030&wbfileid=15033817,insufficient_text,附件下载,2026-10-01,
4150010618,重庆交通大学,english,https://www.cqjtu.edu.cn/info/1178/2034.htm,https://www.cqjtu.edu.cn/info/1178/2034.htm,read,Chongqing Jiaotong University Launches First English Journal Extreme Environments and Engineering-重庆交通大学--Welcome to Chongqing Jiaotong University !,2026-10-01,
4150010618,重庆交通大学,overview,https://www.cqjtu.edu.cn/xxgk/xxjj.htm,https://www.cqjtu.edu.cn/xxgk/xxjj.htm,read,学校简介-重庆交通大学--Welcome to Chongqing Jiaotong University !,2026-10-01,
4150010618,重庆交通大学,history,https://www.cqjtu.edu.cn/xxgk/lsyg.htm,https://www.cqjtu.edu.cn/xxgk/lsyg.htm,read,历史沿革-重庆交通大学--Welcome to Chongqing Jiaotong University !,2026-10-01,
4150010618,重庆交通大学,culture,https://www.cqjtu.edu.cn/xxgk/xxxg.htm,https://www.cqjtu.edu.cn/xxgk/xxxg.htm,read,学校校歌-重庆交通大学--Welcome to Chongqing Jiaotong University !,2026-10-01,
4150010631,重庆医科大学,homepage,http://www.cqmu.edu.cn/,,fetch_error,,2026-10-01,URLError
4150010631,重庆医科大学,charter,https://admin.cq.gov.cn/zwgk/zfxxgkml/zdlyxxgk/jy1/jyzt/gz2026nqggk/zsjz/202606/t20260602_15720224.html,,robots_disallowed,,2026-10-01,
4150010631,重庆医科大学,overview,https://cqgxsz.swu.edu.cn/info/1029/6302.htm,https://cqgxsz.swu.edu.cn/info/1029/6302.htm,read,重庆医科大学：打造“红岩思政”经典案例——坚持用“西迁精神”培养时代新人-重庆市高校思想政治工作网,2026-10-01,
4150010631,重庆医科大学,overview,https://www.edu.cn/xiao_zhang_ft_1802/20100609/t20100609_484453.shtml,https://www.edu.cn/xiao_zhang_ft_1802/20100609/t20100609_484453.shtml,read,2010年重庆医科大学校长访谈实录-中国教育,2026-10-01,
4150010635,西南大学,homepage,http://www.swu.edu.cn/,http://www.swu.edu.cn/,read,西南大学,2026-10-01,
4150010635,西南大学,overview,http://www.swu.edu.cn/xxgk/xxjj.htm,http://www.swu.edu.cn/xxgk/xxjj.htm,read,学校简介-西南大学,2026-10-01,
4150010635,西南大学,charter,http://www.swu.edu.cn/xxgk/dxzc.htm,http://www.swu.edu.cn/xxgk/dxzc.htm,read,大学章程-西南大学,2026-10-01,
4150010635,西南大学,visual,http://www.swu.edu.cn/xxgk/xxbs.htm,http://www.swu.edu.cn/xxgk/xxbs.htm,read,学校标识-西南大学,2026-10-01,
4150010635,西南大学,culture,http://www.swu.edu.cn/whxd/jswh5.htm,http://www.swu.edu.cn/whxd/jswh5.htm,read,精神文化-西南大学,2026-10-01,
4150010635,西南大学,history,http://www.swu.edu.cn/xxgk/lsyg.htm,http://www.swu.edu.cn/xxgk/lsyg.htm,read,历史沿革-西南大学,2026-10-01,
4150010635,西南大学,visual,http://www.swu.edu.cn/info/1009/1050.htm,http://www.swu.edu.cn/info/1009/1050.htm,read,学校标识-西南大学,2026-10-01,
4150010635,西南大学,culture,http://www.swu.edu.cn/info/1140/2044.htm,http://www.swu.edu.cn/info/1140/2044.htm,read,校歌-西南大学,2026-10-01,
4150010635,西南大学,charter,http://www.swu.edu.cn/xxgk/dxzc.htm,http://www.swu.edu.cn/xxgk/dxzc.htm,read,大学章程-西南大学,2026-10-01,
4150010635,西南大学,overview,http://www.swu.edu.cn/xxgk/xxjj.htm,http://www.swu.edu.cn/xxgk/xxjj.htm,read,学校简介-西南大学,2026-10-01,
4150010635,西南大学,history,http://www.swu.edu.cn/xxgk/lsyg.htm,http://www.swu.edu.cn/xxgk/lsyg.htm,read,历史沿革-西南大学,2026-10-01,
4150010635,西南大学,culture,http://www.swu.edu.cn/whxd/jswh5.htm,http://www.swu.edu.cn/whxd/jswh5.htm,read,精神文化-西南大学,2026-10-01,
4150010635,西南大学,culture,http://www.swu.edu.cn/info/1140/2044.htm,http://www.swu.edu.cn/info/1140/2044.htm,read,校歌-西南大学,2026-10-01,
4150010637,重庆师范大学,homepage,https://www.cqnu.edu.cn,https://www.cqnu.edu.cn,read,重庆师范大学,2026-10-01,
4150010637,重庆师范大学,overview,https://www.cqnu.edu.cn/xxgl1/xxjj.htm,https://www.cqnu.edu.cn/xxgl1/xxjj.htm,read,学校简介-重庆师范大学,2026-10-01,
4150010637,重庆师范大学,charter,https://www.cqnu.edu.cn/xxgl1/xxzc.htm,https://www.cqnu.edu.cn/xxgl1/xxzc.htm,read,学校章程-重庆师范大学,2026-10-01,
4150010637,重庆师范大学,visual,https://www.cqnu.edu.cn/xxgl1/xhxg.htm,https://www.cqnu.edu.cn/xxgl1/xhxg.htm,read,校徽校歌-重庆师范大学,2026-10-01,
4150010637,重庆师范大学,culture,https://www.cqnu.edu.cn/system/_content/download.jsp?urltype=news.DownloadAttachUrl&owner=1492027149&wbfileid=5205803,https://www.cqnu.edu.cn/system/_content/download.jsp?urltype=news.DownloadAttachUrl&owner=1492027149&wbfileid=5205803,insufficient_text,附件下载,2026-10-01,
4150010637,重庆师范大学,navigation,https://www.cqnu.edu.cn/info/1209/25103.htm,https://www.cqnu.edu.cn/info/1209/25103.htm,read,2026年多粒度智能计算学术研讨会暨中国人工智能学会粒计算与知识发现专委会走进重庆师范大学学术交流活动-重庆师范大学,2026-10-01,
4150010637,重庆师范大学,visual,https://www.cqnu.edu.cn/system/_content/download.jsp?urltype=news.DownloadAttachUrl&owner=1492027149&wbfileid=5328048,,access_limited,,2026-10-01,HTTPError
4150010637,重庆师范大学,charter,https://www.cqnu.edu.cn/xxgl1/xxzc.htm,https://www.cqnu.edu.cn/xxgl1/xxzc.htm,read,学校章程-重庆师范大学,2026-10-01,
4150010637,重庆师范大学,overview,https://www.cqnu.edu.cn/xxgl1/xxjj.htm,https://www.cqnu.edu.cn/xxgl1/xxjj.htm,read,学校简介-重庆师范大学,2026-10-01,
4150010642,重庆文理学院,homepage,https://www.cqwu.edu.cn/,https://www.cqwu.edu.cn/,read,重庆文理学院,2026-10-01,
4150010642,重庆文理学院,overview,https://www.cqwu.edu.cn/channel_25601.html,https://www.cqwu.edu.cn/channel_25601.html,read,重庆文理学院,2026-10-01,
4150010642,重庆文理学院,charter,https://www.cqwu.edu.cn/channel_25605.html,https://www.cqwu.edu.cn/channel_25605.html,read,重庆文理学院,2026-10-01,
4150010642,重庆文理学院,visual,https://www.cqwu.edu.cn/channel_25606.html,https://www.cqwu.edu.cn/channel_25606.html,read,重庆文理学院,2026-10-01,
4150010642,重庆文理学院,history,https://www.cqwu.edu.cn/channel_25602.html,https://www.cqwu.edu.cn/channel_25602.html,read,重庆文理学院,2026-10-01,
4150010642,重庆文理学院,navigation,https://www.cqwu.edu.cn/article_429402.html,https://www.cqwu.edu.cn/article_429402.html,read,重庆文理学院,2026-10-01,
4150010642,重庆文理学院,overview,https://www.cqwu.edu.cn/channel_25600.html,http://www.cqwu.edu.cn/channel_25601.html,insufficient_text,Nginx,2026-10-01,
4150010642,重庆文理学院,charter,https://www.cqwu.edu.cn/channel_25605.html,https://www.cqwu.edu.cn/channel_25605.html,read,重庆文理学院,2026-10-01,
4150010642,重庆文理学院,overview,https://www.cqwu.edu.cn/channel_25601.html,https://www.cqwu.edu.cn/channel_25601.html,read,重庆文理学院,2026-10-01,
4150010642,重庆文理学院,history,https://www.cqwu.edu.cn/channel_25602.html,https://www.cqwu.edu.cn/channel_25602.html,read,重庆文理学院,2026-10-01,
4150010643,重庆三峡科技大学,homepage,http://www.sanxiau.edu.cn/default.html,,fetch_error,,2026-10-01,HTTPError
4150010643,重庆三峡科技大学,charter,https://www.cq.gov.cn/zwgk/zfxxgkml/zdlyxxgk/jy1/jyzt/gz2026nqggk/zsjz/202606/t20260602_15720279.html,,robots_disallowed,,2026-10-01,
4150010643,重庆三峡科技大学,overview,https://zsb.sanxiau.edu.cn/,https://zsb.sanxiau.edu.cn/,read,招生信息网,2026-10-01,
4150010643,重庆三峡科技大学,overview,https://www.sanxiau.edu.cn/xxgk3/xxjj.htm,https://www.sanxiau.edu.cn/xxgk3/xxjj.htm,read,学校简介-重庆三峡科技大学,2026-10-01,
4150010643,重庆三峡科技大学,overview,https://zsb.sanxiau.edu.cn/,https://zsb.sanxiau.edu.cn/,read,招生信息网,2026-10-01,
4150010643,重庆三峡科技大学,overview,https://www.sanxiau.edu.cn/xxgk3/xxjj.htm,https://www.sanxiau.edu.cn/xxgk3/xxjj.htm,read,学校简介-重庆三峡科技大学,2026-10-01,
4150010647,长江师范学院,homepage,https://www.yznu.cn,https://www.yznu.cn,read,长江师范学院,2026-10-01,
4150010647,长江师范学院,overview,https://www.yznu.cn/8336/list.htm,https://www.yznu.cn/8336/list.htm,read,学院概况,2026-10-01,
4150010647,长江师范学院,charter,https://www.yznu.cn/8337/list.htm,https://www.yznu.cn/8337/list.htm,read,学院章程,2026-10-01,
4150010647,长江师范学院,history,https://www.yznu.cn/8342/list.htm,https://www.yznu.cn/8342/list.htm,read,校史沿革,2026-10-01,
4150010647,长江师范学院,charter,https://www.yznu.cn/8337/list.htm,https://www.yznu.cn/8337/list.htm,read,学院章程,2026-10-01,
4150010647,长江师范学院,overview,https://www.yznu.cn/8336/list.htm,https://www.yznu.cn/8336/list.htm,read,学院概况,2026-10-01,
4150010647,长江师范学院,history,https://www.yznu.cn/8342/list.htm,https://www.yznu.cn/8342/list.htm,read,校史沿革,2026-10-01,
4150010650,四川外国语大学,homepage,https://www.sisu.edu.cn/,https://www.sisu.edu.cn/,read,四川外国语大学校园网,2026-10-01,
4150010650,四川外国语大学,overview,https://www.sisu.edu.cn/xxgk/xxjj/index.htm,https://www.sisu.edu.cn/xxgk/xxjj/index.htm,read,四川外国语大学校园网,2026-10-01,
4150010650,四川外国语大学,visual,https://www.sisu.edu.cn/xxgk/xxbz/index.htm,https://www.sisu.edu.cn/xxgk/xxbz/index.htm,read,四川外国语大学校园网,2026-10-01,
4150010650,四川外国语大学,history,https://www.sisu.edu.cn/xxgk/lsyg/index.htm,https://www.sisu.edu.cn/xxgk/lsyg/index.htm,read,四川外国语大学校园网,2026-10-01,
4150010650,四川外国语大学,english,http://en.sisu.edu.cn,https://en.sisu.edu.cn/,read,宣传部-多语种门户网站_英语,2026-10-01,
4150010650,四川外国语大学,english,https://en.sisu.edu.cn/,https://en.sisu.edu.cn/,read,宣传部-多语种门户网站_英语,2026-10-01,
4150010650,四川外国语大学,overview,https://www.sisu.edu.cn/xxgk/xxjj/index.htm,https://www.sisu.edu.cn/xxgk/xxjj/index.htm,read,四川外国语大学校园网,2026-10-01,
4150010650,四川外国语大学,history,https://www.sisu.edu.cn/xxgk/lsyg/index.htm,https://www.sisu.edu.cn/xxgk/lsyg/index.htm,read,四川外国语大学校园网,2026-10-01,
4150010652,西南政法大学,homepage,https://www.swupl.edu.cn/,https://www.swupl.edu.cn/,read,西南政法大学,2026-10-01,
4150010652,西南政法大学,overview,https://www.swupl.edu.cn/xxgk/xxjj/index.htm,,access_limited,,2026-10-01,HTTPError
4150010652,西南政法大学,overview,https://www.swupl.edu.cn/xxgk/index.htm,,access_limited,,2026-10-01,HTTPError
4150010652,西南政法大学,charter,https://www.swupl.edu.cn/xxgk/xxzc/index.htm,,access_limited,,2026-10-01,HTTPError
4150010652,西南政法大学,navigation,https://www.swupl.edu.cn/zjxz/index.htm,,access_limited,,2026-10-01,HTTPError
4150010655,四川美术学院,homepage,http://www.scfai.edu.cn/english/,,title_mismatch,,2026-10-01,
4150010655,四川美术学院,charter,https://www.scfai.edu.cn/zsb/info/1002/4546.htm,https://www.scfai.edu.cn/zsb/info/1002/4546.htm,read,四川美术学院2026年本科招生章程-四川美术学院招生处,2026-10-01,
4150010655,四川美术学院,overview,https://www.scfai.edu.cn/,https://www.scfai.edu.cn/,read,四川美术学院,2026-10-01,
4150010655,四川美术学院,overview,https://www.scfai.edu.cn/xygk.htm,https://www.scfai.edu.cn/xygk.htm,read,学校概况-四川美术学院,2026-10-01,
4150010655,四川美术学院,overview,https://www.scfai.edu.cn/info/1012/1031.htm,https://www.scfai.edu.cn/info/1012/1031.htm,read,学校简介-四川美术学院,2026-10-01,
4150010655,四川美术学院,charter,https://www.scfai.edu.cn/zsb/info/1002/4546.htm,https://www.scfai.edu.cn/zsb/info/1002/4546.htm,read,四川美术学院2026年本科招生章程-四川美术学院招生处,2026-10-01,
4150010655,四川美术学院,overview,https://www.scfai.edu.cn/,https://www.scfai.edu.cn/,read,四川美术学院,2026-10-01,
4150010655,四川美术学院,overview,https://www.scfai.edu.cn/xygk.htm,https://www.scfai.edu.cn/xygk.htm,read,学校概况-四川美术学院,2026-10-01,
4150011551,重庆科技大学,homepage,https://www.cqust.edu.cn,https://www.cqust.edu.cn,read,重庆科技大学,2026-10-01,
4150011551,重庆科技大学,overview,https://www.cqust.edu.cn/sy/xxgk/xxjj.htm,https://www.cqust.edu.cn/sy/xxgk/xxjj.htm,read,学校简介-重庆科技大学,2026-10-01,
4150011551,重庆科技大学,visual,https://www.cqust.edu.cn/sy/dxwh/xywh.htm,https://www.cqust.edu.cn/sy/dxwh/xywh.htm,read,校园文化-重庆科技大学,2026-10-01,
4150011551,重庆科技大学,history,https://www.cqust.edu.cn/sy/xxgk/lsyg.htm,https://www.cqust.edu.cn/sy/xxgk/lsyg.htm,read,历史沿革-重庆科技大学,2026-10-01,
4150011551,重庆科技大学,overview,https://www.cqust.edu.cn/sy/xxgk/xxjj.htm,https://www.cqust.edu.cn/sy/xxgk/xxjj.htm,read,学校简介-重庆科技大学,2026-10-01,
4150011551,重庆科技大学,history,https://www.cqust.edu.cn/sy/xxgk/lsyg.htm,https://www.cqust.edu.cn/sy/xxgk/lsyg.htm,read,历史沿革-重庆科技大学,2026-10-01,
4150011660,重庆理工大学,homepage,http://www.cqut.edu.cn/,,title_mismatch,,2026-10-01,
4150011660,重庆理工大学,overview,https://tce.cqie.edu.cn/html/67/zkexl/zkyx/,,access_limited,,2026-10-01,RemoteDisconnected
4150011660,重庆理工大学,overview,https://shpg.cqut.edu.cn/__local/4/5E/39/5140EB00146A03D4E056810A1DD_C23F873C_62C02.pdf?e=.pdf,https://shpg.cqut.edu.cn/__local/4/5E/39/5140EB00146A03D4E056810A1DD_C23F873C_62C02.pdf?e=.pdf,read,,2026-10-01,
4150011799,重庆工商大学,homepage,https://www.ctbu.edu.cn,https://www.ctbu.edu.cn,read,重庆工商大学,2026-10-01,
4150011799,重庆工商大学,overview,https://www.ctbu.edu.cn/xxgk/xxjj.htm,https://www.ctbu.edu.cn/xxgk/xxjj.htm,read,学校简介-重庆工商大学,2026-10-01,
4150011799,重庆工商大学,charter,https://www.ctbu.edu.cn/xxgk/xxzc.htm,https://www.ctbu.edu.cn/xxgk/xxzc.htm,read,学校章程-重庆工商大学,2026-10-01,
4150011799,重庆工商大学,visual,https://www.ctbu.edu.cn/xxgk/xhxxxg.htm,https://www.ctbu.edu.cn/xxgk/xhxxxg.htm,read,校徽校训校歌-重庆工商大学,2026-10-01,
4150011799,重庆工商大学,culture,https://www.ctbu.edu.cn/info/1514/12861.htm,https://www.ctbu.edu.cn/info/1514/12861.htm,read,重庆工商大学校歌-重庆工商大学,2026-10-01,
4150011799,重庆工商大学,history,https://www.ctbu.edu.cn/xxgk/xsyg.htm,https://www.ctbu.edu.cn/xxgk/xsyg.htm,read,校史沿革-重庆工商大学,2026-10-01,
4150011799,重庆工商大学,english,http://en2014.ctbu.edu.cn/,https://en2014.ctbu.edu.cn/,read,English,2026-10-01,
4150011799,重庆工商大学,navigation,https://www.ctbu.edu.cn/info/1494/20887.htm,https://www.ctbu.edu.cn/info/1494/20887.htm,read,人民网、光明网等国家级权威主流媒体报道我校“理论+实践”课堂走进摩博会-重庆工商大学,2026-10-01,
4150011799,重庆工商大学,charter,https://www.ctbu.edu.cn/xxgk/xxzc.htm,https://www.ctbu.edu.cn/xxgk/xxzc.htm,read,学校章程-重庆工商大学,2026-10-01,
4150011799,重庆工商大学,overview,https://www.ctbu.edu.cn/xxgk/xxjj.htm,https://www.ctbu.edu.cn/xxgk/xxjj.htm,read,学校简介-重庆工商大学,2026-10-01,
4150011799,重庆工商大学,history,https://www.ctbu.edu.cn/xxgk/xsyg.htm,https://www.ctbu.edu.cn/xxgk/xsyg.htm,read,校史沿革-重庆工商大学,2026-10-01,
4150011799,重庆工商大学,culture,https://www.ctbu.edu.cn/info/1514/12861.htm,https://www.ctbu.edu.cn/info/1514/12861.htm,read,重庆工商大学校歌-重庆工商大学,2026-10-01,
4150012757,重庆警察学院,charter,https://www.cq.gov.cn/zwgk/zfxxgkml/zdlyxxgk/jy1/jyzt/gz2026nqggk/zsjz/202606/t20260602_15722516.html,,robots_disallowed,,2026-10-01,
4150012757,重庆警察学院,overview,https://czj.cq.gov.cn/cslm/bmys_2025/zqsgaj_485460/202502/P020250226642569420351.pdf,,robots_disallowed,,2026-10-01,
4150014388,重庆第二师范学院,homepage,https://www.cque.edu.cn/,https://www.cque.edu.cn/,read,重庆第二师范学院,2026-10-01,
4150014388,重庆第二师范学院,overview,https://www.cque.edu.cn/xqzl/xxjj.htm,https://www.cque.edu.cn/xqzl/xxjj.htm,read,学校简介-重庆第二师范学院,2026-10-01,
4150014388,重庆第二师范学院,charter,https://www.cque.edu.cn/xqzl/xxzc.htm,https://www.cque.edu.cn/xqzl/xxzc.htm,read,学校章程-重庆第二师范学院,2026-10-01,
4150014388,重庆第二师范学院,history,https://www.cque.edu.cn/xqzl/lsyg.htm,https://www.cque.edu.cn/xqzl/lsyg.htm,read,历史沿革-重庆第二师范学院,2026-10-01,
4150014388,重庆第二师范学院,charter,https://www.cque.edu.cn/xqzl/xxzc.htm,https://www.cque.edu.cn/xqzl/xxzc.htm,read,学校章程-重庆第二师范学院,2026-10-01,
4150014388,重庆第二师范学院,overview,https://www.cque.edu.cn/xqzl/xxjj.htm,https://www.cque.edu.cn/xqzl/xxjj.htm,read,学校简介-重庆第二师范学院,2026-10-01,
4150014388,重庆第二师范学院,history,https://www.cque.edu.cn/xqzl/lsyg.htm,https://www.cque.edu.cn/xqzl/lsyg.htm,read,历史沿革-重庆第二师范学院,2026-10-01,
4150014830,重庆中医药学院,homepage,https://www.cqctcm.edu.cn/,https://www.cqctcm.edu.cn/,read,重庆中医药学院,2026-10-01,
4150014830,重庆中医药学院,overview,https://www.cqctcm.edu.cn/12/list.htm,https://www.cqctcm.edu.cn/12/list.htm,read,学校简介,2026-10-01,
4150014830,重庆中医药学院,charter,https://www.cqctcm.edu.cn/14/list.htm,https://www.cqctcm.edu.cn/14/list.htm,read,学校章程,2026-10-01,
4150014830,重庆中医药学院,culture,https://www.cqctcm.edu.cn/2024/0419/c106a3927/page.htm,https://www.cqctcm.edu.cn/2024/0419/c106a3927/page.htm,read,重庆中医药学院古琴音乐会师生共享“精神文化盛宴”,2026-10-01,
4150014830,重庆中医药学院,overview,https://www.cqctcm.edu.cn/3/list.htm,https://www.cqctcm.edu.cn/3/list.htm,read,学校简介,2026-10-01,
4150014830,重庆中医药学院,charter,https://www.cqctcm.edu.cn/14/list.htm,https://www.cqctcm.edu.cn/14/list.htm,read,学校章程,2026-10-01,
4150014830,重庆中医药学院,overview,https://www.cqctcm.edu.cn/3/list.htm,https://www.cqctcm.edu.cn/3/list.htm,read,学校简介,2026-10-01,
4150014830,重庆中医药学院,overview,https://www.cqctcm.edu.cn/12/list.htm,https://www.cqctcm.edu.cn/12/list.htm,read,学校简介,2026-10-01,
4150014830,重庆中医药学院,culture,https://www.cqctcm.edu.cn/2024/0419/c106a3927/page.htm,https://www.cqctcm.edu.cn/2024/0419/c106a3927/page.htm,read,重庆中医药学院古琴音乐会师生共享“精神文化盛宴”,2026-10-01,
4151010610,四川大学,homepage,https://www.scu.edu.cn,https://www.scu.edu.cn,read,四川大学 Sichuan University,2026-10-01,
4151010610,四川大学,overview,https://www.scu.edu.cn/xxgk/xxjj.htm,https://www.scu.edu.cn/xxgk/xxjj.htm,read,学校简介-四川大学 Sichuan University,2026-10-01,
4151010610,四川大学,visual,https://www.scu.edu.cn/xxgk/cdbs.htm,https://www.scu.edu.cn/xxgk/cdbs.htm,read,川大标识-四川大学 Sichuan University,2026-10-01,
4151010610,四川大学,history,https://www.scu.edu.cn/xxgk/lsyg.htm,https://www.scu.edu.cn/xxgk/lsyg.htm,read,历史沿革-四川大学 Sichuan University,2026-10-01,
4151010610,四川大学,overview,https://www.scu.edu.cn/xxgk/xxjj.htm,https://www.scu.edu.cn/xxgk/xxjj.htm,read,学校简介-四川大学 Sichuan University,2026-10-01,
4151010610,四川大学,history,https://www.scu.edu.cn/xxgk/lsyg.htm,https://www.scu.edu.cn/xxgk/lsyg.htm,read,历史沿革-四川大学 Sichuan University,2026-10-01,
4151010613,西南交通大学,homepage,https://www.swjtu.edu.cn,https://www.swjtu.edu.cn,read,西南交通大学,2026-10-01,
4151010613,西南交通大学,overview,https://www.swjtu.edu.cn/xxgk.htm,https://www.swjtu.edu.cn/xxgk.htm,read,学校概况-西南交通大学,2026-10-01,
4151010613,西南交通大学,visual,http://news.swjtu.edu.cn/info/7851/201196.htm,http://news.swjtu.edu.cn/info/7851/201196.htm,read,闫学东、王平赴峨眉校区看望第二学士学位学生并慰问沈志云院士-西南交通大学新闻网,2026-10-01,
4151010613,西南交通大学,history,http://news.swjtu.edu.cn/info/1020/201076.htm,http://news.swjtu.edu.cn/info/1020/201076.htm,read,继续教育学院面向全体师生、校友征集办学历史照片及实物的公告-西南交通大学新闻网,2026-10-01,
4151010613,西南交通大学,navigation,http://news.swjtu.edu.cn/info/7851/202466.htm,http://news.swjtu.edu.cn/info/7851/202466.htm,read,闫学东率团赴西班牙、德国访问交流-西南交通大学新闻网,2026-10-01,
4151010613,西南交通大学,visual,https://www.swjtu.edu.cn/,https://www.swjtu.edu.cn/,read,西南交通大学,2026-10-01,
4151010613,西南交通大学,visual,https://news.swjtu.edu.cn/gywm/zlxz.htm,,access_limited,,2026-10-01,HTTPError
4151010613,西南交通大学,overview,https://www.swjtu.edu.cn/xxgk.htm,https://www.swjtu.edu.cn/xxgk.htm,read,学校概况-西南交通大学,2026-10-01,
4151010613,西南交通大学,history,http://news.swjtu.edu.cn/info/1020/201076.htm,http://news.swjtu.edu.cn/info/1020/201076.htm,read,继续教育学院面向全体师生、校友征集办学历史照片及实物的公告-西南交通大学新闻网,2026-10-01,
4151010614,电子科技大学,homepage,https://www.uestc.edu.cn/,https://www.uestc.edu.cn/,read,电子科技大学,2026-10-01,
4151010614,电子科技大学,overview,https://www.uestc.edu.cn/xxgk/xxjj.htm,https://www.uestc.edu.cn/xxgk/xxjj.htm,read,学校简介-电子科技大学,2026-10-01,
4151010614,电子科技大学,visual,http://vi.uestc.edu.cn/,,robots_disallowed,,2026-10-01,
4151010614,电子科技大学,visual,https://vi.uestc.edu.cn/,,robots_disallowed,,2026-10-01,
4151010614,电子科技大学,culture,http://news.uestc.edu.cn/info/1011/40762.htm,https://news.uestc.edu.cn/info/1011/40762.htm,read,【天下成电人】中国科学院院士李陟：铸盾空天守国安，求实求真践初心-电子科技大学 成电新闻网,2026-10-01,
4151010614,电子科技大学,history,http://news.uestc.edu.cn/info/1017/44108.htm,https://news.uestc.edu.cn/info/1017/44108.htm,read,校史馆国庆期间闭馆公告-电子科技大学 成电新闻网,2026-10-01,
4151010614,电子科技大学,english,https://en.uestc.edu.cn/,https://en.uestc.edu.cn/,read,University of Electronic Science and Technology of China,2026-10-01,
4151010614,电子科技大学,navigation,https://www.uestc.edu.cn/xxgk/xxls.htm,https://www.uestc.edu.cn/xxgk/xxls.htm,read,学校历史-电子科技大学,2026-10-01,
4151010614,电子科技大学,english,https://en.uestc.edu.cn/UESTC_Admission_Brochure-EN.pdf,,access_limited,,2026-10-01,ValueError
4151010614,电子科技大学,overview,https://www.uestc.edu.cn/xxgk/xxjj.htm,https://www.uestc.edu.cn/xxgk/xxjj.htm,read,学校简介-电子科技大学,2026-10-01,
4151010614,电子科技大学,history,https://news.uestc.edu.cn/info/1017/44108.htm,https://news.uestc.edu.cn/info/1017/44108.htm,read,校史馆国庆期间闭馆公告-电子科技大学 成电新闻网,2026-10-01,
4151010614,电子科技大学,culture,https://news.uestc.edu.cn/info/1011/40762.htm,https://news.uestc.edu.cn/info/1011/40762.htm,read,【天下成电人】中国科学院院士李陟：铸盾空天守国安，求实求真践初心-电子科技大学 成电新闻网,2026-10-01,
4151010614,电子科技大学,history,https://news.uestc.edu.cn/info/1017/44108.htm,https://news.uestc.edu.cn/info/1017/44108.htm,read,校史馆国庆期间闭馆公告-电子科技大学 成电新闻网,2026-10-01,
4151010614,电子科技大学,culture,https://news.uestc.edu.cn/info/1011/40762.htm,https://news.uestc.edu.cn/info/1011/40762.htm,read,【天下成电人】中国科学院院士李陟：铸盾空天守国安，求实求真践初心-电子科技大学 成电新闻网,2026-10-01,
4151010615,西南石油大学,homepage,https://www.swpu.edu.cn/,https://www.swpu.edu.cn/,read,西南石油大学门户网站,2026-10-01,
4151010615,西南石油大学,overview,https://www.swpu.edu.cn/xqzl/xxgk.htm,https://www.swpu.edu.cn/xqzl/xxgk.htm,read,学校概况-西南石油大学门户网站,2026-10-01,
4151010615,西南石油大学,charter,https://www.swpu.edu.cn/xqzl/xxzc.htm,https://www.swpu.edu.cn/xqzl/xxzc.htm,read,学校章程-西南石油大学门户网站,2026-10-01,
4151010615,西南石油大学,visual,https://www.swpu.edu.cn/xqzl/xxgk/xh.htm,https://www.swpu.edu.cn/xqzl/xxgk/xh.htm,read,校徽-西南石油大学门户网站,2026-10-01,
4151010615,西南石油大学,culture,https://www.swpu.edu.cn/xqzl/xxgk/xg.htm,https://www.swpu.edu.cn/xqzl/xxgk/xg.htm,read,校歌-西南石油大学门户网站,2026-10-01,
4151010615,西南石油大学,history,https://www.swpu.edu.cn/xqzl/lsyg.htm,https://www.swpu.edu.cn/xqzl/lsyg.htm,read,历史沿革-西南石油大学门户网站,2026-10-01,
4151010615,西南石油大学,english,https://www.swpu.edu.cn/en/,https://www.swpu.edu.cn/en/,read,Welcome to Southwest Petroleum University,2026-10-01,
4151010615,西南石油大学,english,https://www.swpu.edu.cn/news/info/2520/37290.htm,https://www.swpu.edu.cn/news/info/2520/37290.htm,read,"Oil industry symposium draws 2,000 experts to Southwest Petroleum University-西南石油大学新闻资讯",2026-10-01,
4151010615,西南石油大学,charter,https://www.swpu.edu.cn/xqzl/xxzc.htm,https://www.swpu.edu.cn/xqzl/xxzc.htm,read,学校章程-西南石油大学门户网站,2026-10-01,
4151010615,西南石油大学,overview,https://www.swpu.edu.cn/xqzl/xxgk.htm,https://www.swpu.edu.cn/xqzl/xxgk.htm,read,学校概况-西南石油大学门户网站,2026-10-01,
4151010615,西南石油大学,history,https://www.swpu.edu.cn/xqzl/lsyg.htm,https://www.swpu.edu.cn/xqzl/lsyg.htm,read,历史沿革-西南石油大学门户网站,2026-10-01,
4151010615,西南石油大学,culture,https://www.swpu.edu.cn/xqzl/xxgk/xg.htm,https://www.swpu.edu.cn/xqzl/xxgk/xg.htm,read,校歌-西南石油大学门户网站,2026-10-01,
4151010616,成都理工大学,homepage,https://www.cdut.edu.cn/,,access_limited,,2026-10-01,HTTPError
4151010616,成都理工大学,visual,https://www.cdut.edu.cn/xygk/clbs.htm,,access_limited,,2026-10-01,HTTPError
4151010619,西南科技大学,homepage,http://www.swust.edu.cn/,,fetch_error,,2026-10-01,timeout
4151010619,西南科技大学,overview,https://www.swust.edu.cn/,,access_limited,,2026-10-01,URLError
4151010619,西南科技大学,overview,https://czt.sc.gov.cn/scczt/c111967/2024/3/13/8ed3df24ee7e4ca7b401ca3c5e6580bb/files/%E8%A5%BF%E5%8D%97%E7%A7%91%E6%8A%80%E5%A4%A7%E5%AD%A62024%E5%B9%B4%E5%8D%95%E4%BD%8D%E9%A2%84%E7%AE%97-20240318161537118.pdf,https://czt.sc.gov.cn/scczt/c111967/2024/3/13/8ed3df24ee7e4ca7b401ca3c5e6580bb/files/%E8%A5%BF%E5%8D%97%E7%A7%91%E6%8A%80%E5%A4%A7%E5%AD%A62024%E5%B9%B4%E5%8D%95%E4%BD%8D%E9%A2%84%E7%AE%97-20240318161537118.pdf,read,,2026-10-01,
4151010619,西南科技大学,charter,https://www.cafuc.edu.cn/zt/info/1425/2187.htm,https://www.cafuc.edu.cn/zt/info/1425/2187.htm,read,西南科技大学章程-中国民用航空飞行学院,2026-10-01,
4151010619,西南科技大学,overview,https://sieec.sc.edu.cn/p/6/?StId=st_app_news_i_x639045989249572880,https://sieec.sc.edu.cn/p/6/?StId=st_app_news_i_x639045989249572880,read,西南科技大学,2026-10-01,
4151010621,成都信息工程大学,homepage,https://www.cuit.edu.cn/,https://www.cuit.edu.cn/,read,成都信息工程大学,2026-10-01,
4151010621,成都信息工程大学,overview,https://www.cuit.edu.cn/xygk/xxjj.htm,https://www.cuit.edu.cn/xygk/xxjj.htm,read,学校简介-成都信息工程大学,2026-10-01,
4151010621,成都信息工程大学,visual,https://www.cuit.edu.cn/index/cxwh/xxxb.htm,https://www.cuit.edu.cn/index/cxwh/xxxb.htm,read,学校校标-成都信息工程大学,2026-10-01,
4151010621,成都信息工程大学,culture,https://www.cuit.edu.cn/info/1082/13499.htm,https://www.cuit.edu.cn/info/1082/13499.htm,read,成信大校歌《有我担当》-成都信息工程大学,2026-10-01,
4151010621,成都信息工程大学,english,https://english.cuit.edu.cn/,https://english.cuit.edu.cn/,read,成都信息工程大学英文网站,2026-10-01,
4151010621,成都信息工程大学,navigation,https://www.cuit.edu.cn/xygk/xxls.htm,https://www.cuit.edu.cn/xygk/xxls.htm,read,学校历史-成都信息工程大学,2026-10-01,
4151010621,成都信息工程大学,visual,https://www.cuit.edu.cn/system/_content/download.jsp?urltype=news.DownloadAttachUrl&owner=2050111851&wbfileid=E5012E94A613E8E1EB77EA4A263F43D1,https://www.cuit.edu.cn/system/_content/download.jsp?urltype=news.DownloadAttachUrl&owner=2050111851&wbfileid=E5012E94A613E8E1EB77EA4A263F43D1,insufficient_text,附件下载,2026-10-01,
4151010621,成都信息工程大学,culture,https://www.cuit.edu.cn/index/cxwh/cxyx.htm,https://www.cuit.edu.cn/index/cxwh/cxyx.htm,read,成信印象-成都信息工程大学,2026-10-01,
4151010621,成都信息工程大学,navigation,https://www.cuit.edu.cn/info/1009/17080.htm,https://www.cuit.edu.cn/info/1009/17080.htm,read,我校师生走进天味食品开展就业实践企业行活动-成都信息工程大学,2026-10-01,
4151010621,成都信息工程大学,overview,https://www.cuit.edu.cn/xygk/xxjj.htm,https://www.cuit.edu.cn/xygk/xxjj.htm,read,学校简介-成都信息工程大学,2026-10-01,
4151010621,成都信息工程大学,culture,https://www.cuit.edu.cn/info/1082/13499.htm,https://www.cuit.edu.cn/info/1082/13499.htm,read,成信大校歌《有我担当》-成都信息工程大学,2026-10-01,
4151010621,成都信息工程大学,culture,https://www.cuit.edu.cn/index/cxwh/cxyx.htm,https://www.cuit.edu.cn/index/cxwh/cxyx.htm,read,成信印象-成都信息工程大学,2026-10-01,
4151010622,四川轻化工大学,homepage,https://www.suse.edu.cn/,https://www.suse.edu.cn/,read,四川轻化工大学,2026-10-01,
4151010622,四川轻化工大学,overview,https://www.suse.edu.cn/14/list.htm,https://www.suse.edu.cn/14/list.htm,read,学校概况,2026-10-01,
4151010622,四川轻化工大学,charter,https://www.suse.edu.cn/15/list.htm,https://www.suse.edu.cn/15/list.htm,read,学校章程,2026-10-01,
4151010622,四川轻化工大学,visual,https://www.suse.edu.cn/xxbs/list.htm,https://www.suse.edu.cn/xxbs/list.htm,read,学校标识,2026-10-01,
4151010622,四川轻化工大学,culture,https://www.suse.edu.cn/2026/0610/c4057a210910/page.htm,https://www.suse.edu.cn/2026/0610/c4057a210910/page.htm,read,三项桂冠！我校排舞代表队勇夺全国冠军，彰显体育美育育人实效,2026-10-01,
4151010622,四川轻化工大学,navigation,http://www.suse.edu.cn/zjqhg/list.htm,https://www.suse.edu.cn/zjqhg/list.htm,read,川轻化标识,2026-10-01,
4151010622,四川轻化工大学,visual,https://www.suse.edu.cn/2024/0705/c114a39575/page.htm,https://www.suse.edu.cn/2024/0705/c114a39575/page.htm,read,学校徽章,2026-10-01,
4151010622,四川轻化工大学,navigation,https://www.suse.edu.cn/2025/0919/c4056a199862/page.htm,https://www.suse.edu.cn/2025/0919/c4056a199862/page.htm,read,教师节特稿 | 蓝集明：从攀钢技术员到国家级一流本科课程负责人,2026-10-01,
4151010622,四川轻化工大学,visual,https://www.suse.edu.cn/2024/0703/c114a39354/page.htm,https://www.suse.edu.cn/2024/0703/c114a39354/page.htm,read,大学校标,2026-10-01,
4151010622,四川轻化工大学,charter,https://www.suse.edu.cn/15/list.htm,https://www.suse.edu.cn/15/list.htm,read,学校章程,2026-10-01,
4151010622,四川轻化工大学,overview,https://www.suse.edu.cn/14/list.htm,https://www.suse.edu.cn/14/list.htm,read,学校概况,2026-10-01,
4151010622,四川轻化工大学,culture,https://www.suse.edu.cn/2026/0610/c4057a210910/page.htm,https://www.suse.edu.cn/2026/0610/c4057a210910/page.htm,read,三项桂冠！我校排舞代表队勇夺全国冠军，彰显体育美育育人实效,2026-10-01,
4151010623,西华大学,homepage,http://www.xhu.edu.cn/,,fetch_error,,2026-10-01,HTTPError
4151010623,西华大学,overview,https://english.xhu.edu.cn/_upload/article/files/d5/26/2e79681f46a38cbbe2fd74a6ec0f/efe88243-b039-489d-aa58-aa50ae8c8e09.pdf,https://english.xhu.edu.cn/_upload/article/files/d5/26/2e79681f46a38cbbe2fd74a6ec0f/efe88243-b039-489d-aa58-aa50ae8c8e09.pdf,read,,2026-10-01,
4151010623,西华大学,navigation,https://xxgk.xhu.edu.cn/_upload/article/files/dd/13/2f53c6da4b9390359b8fd3daadd3/f5c84696-a762-4f0b-b1af-994307a38e53.pdf,https://xxgk.xhu.edu.cn/_upload/article/files/dd/13/2f53c6da4b9390359b8fd3daadd3/f5c84696-a762-4f0b-b1af-994307a38e53.pdf,read,,2026-10-01,
4151010623,西华大学,overview,https://www.xhu.edu.cn/_t1159/c6/84/c8318a50820/page.htm,,access_limited,,2026-10-01,HTTPError
4151010623,西华大学,overview,https://www.xhu.edu.cn/_t1159/e8/47/c8640a190535/page.htm,,access_limited,,2026-10-01,HTTPError
4151010623,西华大学,overview,https://english.xhu.edu.cn/_upload/article/files/d5/26/2e79681f46a38cbbe2fd74a6ec0f/efe88243-b039-489d-aa58-aa50ae8c8e09.pdf,https://english.xhu.edu.cn/_upload/article/files/d5/26/2e79681f46a38cbbe2fd74a6ec0f/efe88243-b039-489d-aa58-aa50ae8c8e09.pdf,read,,2026-10-01,
4151010624,中国民用航空飞行学院,homepage,https://www.cafuc.edu.cn/,https://www.cafuc.edu.cn/,read,中国民用航空飞行学院,2026-10-01,
4151010624,中国民用航空飞行学院,overview,https://www.cafuc.edu.cn/xxgk/xxjj.htm,https://www.cafuc.edu.cn/xxgk/xxjj.htm,read,学校简介-中国民用航空飞行学院,2026-10-01,
4151010624,中国民用航空飞行学院,charter,https://www.cafuc.edu.cn/zt/dxzcjs.htm,https://www.cafuc.edu.cn/zt/dxzcjs.htm,read,大学章程建设-中国民用航空飞行学院,2026-10-01,
4151010624,中国民用航空飞行学院,visual,https://vi.cafuc.edu.cn,https://vi.cafuc.edu.cn,read,视觉形象识别系统-中国民用航空飞行学院,2026-10-01,
4151010624,中国民用航空飞行学院,culture,https://vi.cafuc.edu.cn/jcxt/xxhbysbgf.htm,https://vi.cafuc.edu.cn/jcxt/xxhbysbgf.htm,read,校训横版与竖版规范-视觉形象识别系统-中国民用航空飞行学院,2026-10-01,
4151010624,中国民用航空飞行学院,templates,https://vi.cafuc.edu.cn/info/1007/1124.htm,https://vi.cafuc.edu.cn/info/1007/1124.htm,read,PPT模板-视觉形象识别系统-中国民用航空飞行学院,2026-10-01,
4151010624,中国民用航空飞行学院,english,https://www.cafuc.edu.cn/english1/Home.htm,https://www.cafuc.edu.cn/english1/Home.htm,read,Home-中国民用航空飞行学院,2026-10-01,
4151010624,中国民用航空飞行学院,overview,https://www.cafuc.edu.cn/xxgk.htm,https://www.cafuc.edu.cn/xxgk.htm,read,学校概况-中国民用航空飞行学院,2026-10-01,
4151010624,中国民用航空飞行学院,charter,https://www.cafuc.edu.cn/zt/info/1425/2192.htm,https://www.cafuc.edu.cn/zt/info/1425/2192.htm,foreign_school_article_excluded,北京大学章程-中国民用航空飞行学院,2026-10-01,
4151010624,中国民用航空飞行学院,visual,https://vi.cafuc.edu.cn/jcxt/xxbz.htm,https://vi.cafuc.edu.cn/jcxt/xxbz.htm,read,学校标志-视觉形象识别系统-中国民用航空飞行学院,2026-10-01,
4151010624,中国民用航空飞行学院,charter,https://www.cafuc.edu.cn/zt/dxzcjs.htm,https://www.cafuc.edu.cn/zt/dxzcjs.htm,read,大学章程建设-中国民用航空飞行学院,2026-10-01,
4151010624,中国民用航空飞行学院,charter,https://www.cafuc.edu.cn/zt/info/1425/2192.htm,https://www.cafuc.edu.cn/zt/info/1425/2192.htm,foreign_school_article_excluded,北京大学章程-中国民用航空飞行学院,2026-10-01,
4151010624,中国民用航空飞行学院,overview,https://www.cafuc.edu.cn/xxgk.htm,https://www.cafuc.edu.cn/xxgk.htm,read,学校概况-中国民用航空飞行学院,2026-10-01,
4151010624,中国民用航空飞行学院,overview,https://www.cafuc.edu.cn/xxgk/xxjj.htm,https://www.cafuc.edu.cn/xxgk/xxjj.htm,read,学校简介-中国民用航空飞行学院,2026-10-01,
4151010624,中国民用航空飞行学院,culture,https://vi.cafuc.edu.cn/jcxt/xxhbysbgf.htm,https://vi.cafuc.edu.cn/jcxt/xxhbysbgf.htm,read,校训横版与竖版规范-视觉形象识别系统-中国民用航空飞行学院,2026-10-01,
4151010626,四川农业大学,homepage,https://www.sicau.edu.cn/,https://www.sicau.edu.cn/,read,四川农业大学,2026-10-01,
4151010626,四川农业大学,overview,https://www.sicau.edu.cn/xxgk/xxjj.htm,https://www.sicau.edu.cn/xxgk/xxjj.htm,read,学校简介-四川农业大学,2026-10-01,
4151010626,四川农业大学,charter,https://www.sicau.edu.cn/xxgk/dxzc.htm,https://www.sicau.edu.cn/xxgk/dxzc.htm,read,大学章程-四川农业大学,2026-10-01,
4151010626,四川农业大学,history,https://www.sicau.edu.cn/xxgk/lsyg.htm,https://www.sicau.edu.cn/xxgk/lsyg.htm,read,历史沿革-四川农业大学,2026-10-01,
4151010626,四川农业大学,english,https://ic.sicau.edu.cn/,https://ic.sicau.edu.cn/,read,International College of SAU,2026-10-01,
4151010626,四川农业大学,charter,https://www.sicau.edu.cn/xxgk/dxzc.htm,https://www.sicau.edu.cn/xxgk/dxzc.htm,read,大学章程-四川农业大学,2026-10-01,
4151010626,四川农业大学,overview,https://www.sicau.edu.cn/xxgk/xxjj.htm,https://www.sicau.edu.cn/xxgk/xxjj.htm,read,学校简介-四川农业大学,2026-10-01,
4151010626,四川农业大学,history,https://www.sicau.edu.cn/xxgk/lsyg.htm,https://www.sicau.edu.cn/xxgk/lsyg.htm,read,历史沿革-四川农业大学,2026-10-01,
4151010628,西昌学院,homepage,https://www.xcc.edu.cn/,,robots_disallowed,,2026-10-01,
4151010628,西昌学院,overview,https://xcc.edu.cn/,,robots_disallowed,,2026-10-01,
4151010628,西昌学院,overview,https://www.xcc.edu.cn/,,robots_disallowed,,2026-10-01,
4151010628,西昌学院,overview,https://xcc.edu.cn/xcxy/index/index.html,,robots_disallowed,,2026-10-01,
4151010632,西南医科大学,homepage,https://www.swmu.edu.cn/,https://www.swmu.edu.cn/,read,西南医科大学,2026-10-01,
4151010632,西南医科大学,overview,https://www.swmu.edu.cn/xqzl/xxgk.htm,https://www.swmu.edu.cn/xqzl/xxgk.htm,read,学校概况-西南医科大学,2026-10-01,
4151010632,西南医科大学,charter,https://www.swmu.edu.cn/xqzl/dxzc.htm,https://www.swmu.edu.cn/xqzl/dxzc.htm,read,大学章程-西南医科大学,2026-10-01,
4151010632,西南医科大学,visual,https://www.swmu.edu.cn/xywh/xx.htm,https://www.swmu.edu.cn/xywh/xx.htm,read,校训-西南医科大学,2026-10-01,
4151010632,西南医科大学,culture,https://www.swmu.edu.cn/xywh/xg.htm,https://www.swmu.edu.cn/xywh/xg.htm,read,校歌-西南医科大学,2026-10-01,
4151010632,西南医科大学,history,https://www.swmu.edu.cn/xqzl/lsyg.htm,https://www.swmu.edu.cn/xqzl/lsyg.htm,read,历史沿革-西南医科大学,2026-10-01,
4151010632,西南医科大学,templates,https://www.swmu.edu.cn/info/1078/62981.htm,https://www.swmu.edu.cn/info/1078/62981.htm,read,关于发布学校新版PPT模板的通知-西南医科大学,2026-10-01,
4151010632,西南医科大学,english,http://en.swmu.edu.cn,https://en.swmu.edu.cn/index.htm,read,SOUTHWEST MEDICAL UNIVERSITY,2026-10-01,
4151010632,西南医科大学,visual,https://www.swmu.edu.cn/xywh/xh.htm,https://www.swmu.edu.cn/xywh/xh.htm,read,校徽-西南医科大学,2026-10-01,
4151010632,西南医科大学,templates,https://www.swmu.edu.cn/system/_content/download.jsp?urltype=news.DownloadAttachUrl&owner=1321041197&wbfileid=496BCB11C9AAB3FE99C19CC0C6703C8C,https://www.swmu.edu.cn/system/_content/download.jsp?urltype=news.DownloadAttachUrl&owner=1321041197&wbfileid=496BCB11C9AAB3FE99C19CC0C6703C8C,insufficient_text,附件下载,2026-10-01,
4151010632,西南医科大学,charter,https://www.swmu.edu.cn/xqzl/dxzc.htm,https://www.swmu.edu.cn/xqzl/dxzc.htm,read,大学章程-西南医科大学,2026-10-01,
4151010632,西南医科大学,overview,https://www.swmu.edu.cn/xqzl/xxgk.htm,https://www.swmu.edu.cn/xqzl/xxgk.htm,read,学校概况-西南医科大学,2026-10-01,
4151010632,西南医科大学,history,https://www.swmu.edu.cn/xqzl/lsyg.htm,https://www.swmu.edu.cn/xqzl/lsyg.htm,read,历史沿革-西南医科大学,2026-10-01,
4151010632,西南医科大学,culture,https://www.swmu.edu.cn/xywh/xg.htm,https://www.swmu.edu.cn/xywh/xg.htm,read,校歌-西南医科大学,2026-10-01,
4151010633,成都中医药大学,homepage,https://www.cdutcm.edu.cn/index.htm,https://www.cdutcm.edu.cn/index.htm,read,成都中医药大学,2026-10-01,
4151010633,成都中医药大学,overview,https://www.cdutcm.edu.cn/xxgk/xxjj.htm,https://www.cdutcm.edu.cn/xxgk/xxjj.htm,read,学校简介-成都中医药大学,2026-10-01,
4151010633,成都中医药大学,charter,https://www.cdutcm.edu.cn/xxgk/xxzc.htm,https://www.cdutcm.edu.cn/xxgk/xxzc.htm,read,学校章程-成都中医药大学,2026-10-01,
4151010633,成都中医药大学,visual,https://www.cdutcm.edu.cn/xxgk/xxbs.htm,https://www.cdutcm.edu.cn/xxgk/xxbs.htm,read,学校标识-成都中医药大学,2026-10-01,
4151010633,成都中医药大学,english,https://zyd.cdutcm.edu.cn/gjjy,,robots_disallowed,,2026-10-01,
4151010633,成都中医药大学,charter,https://www.cdutcm.edu.cn/system/_content/download.jsp?urltype=news.DownloadAttachUrl&owner=2106461856&wbfileid=558BA3794BD6568BB36CFCBB57C935A6,https://www.cdutcm.edu.cn/system/_content/download.jsp?urltype=news.DownloadAttachUrl&owner=2106461856&wbfileid=558BA3794BD6568BB36CFCBB57C935A6,insufficient_text,附件下载,2026-10-01,
4151010633,成都中医药大学,charter,https://www.cdutcm.edu.cn/xxgk/xxzc.htm,https://www.cdutcm.edu.cn/xxgk/xxzc.htm,read,学校章程-成都中医药大学,2026-10-01,
4151010633,成都中医药大学,overview,https://www.cdutcm.edu.cn/xxgk/xxjj.htm,https://www.cdutcm.edu.cn/xxgk/xxjj.htm,read,学校简介-成都中医药大学,2026-10-01,
4151010634,川北医学院,homepage,http://www.nsmc.edu.cn,,fetch_error,,2026-10-01,timeout
4151010634,川北医学院,charter,https://gaokao.chsi.com.cn/zsgs/zhangcheng/listVerifedZszc--method-view%2CschId-488%2CinfoId-7619416377.dhtml,,access_limited,,2026-10-01,HTTPError
4151010636,四川师范大学,homepage,https://www.sicnu.edu.cn/,https://www.sicnu.edu.cn/,read,四川师范大学,2026-10-01,
4151010636,四川师范大学,overview,https://www.sicnu.edu.cn/xxgk/sdjj.htm,https://www.sicnu.edu.cn/xxgk/sdjj.htm,read,师大简介-四川师范大学,2026-10-01,
4151010636,四川师范大学,culture,https://www.sicnu.edu.cn/info/1101/1271.htm,https://www.sicnu.edu.cn/info/1101/1271.htm,read,学校举办树立和践行正确政绩观学习教育读书班学习心得交流会-四川师范大学,2026-10-01,
4151010636,四川师范大学,history,https://www.sicnu.edu.cn/xxgk/lsyg.htm,https://www.sicnu.edu.cn/xxgk/lsyg.htm,read,历史沿革-四川师范大学,2026-10-01,
4151010636,四川师范大学,navigation,https://www.sicnu.edu.cn/info/1611/83321.htm,https://www.sicnu.edu.cn/info/1611/83321.htm,read,筑牢校园网络安全防线，你我皆是主角-四川师范大学,2026-10-01,
4151010636,四川师范大学,history,https://www.sicnu.edu.cn/info/1601/259121.htm,https://www.sicnu.edu.cn/info/1601/259121.htm,read,以匠心致初心 以创新育英才——记化学与材料科学学院史英博老师-四川师范大学,2026-10-01,
4151010636,四川师范大学,navigation,https://www.sicnu.edu.cn/info/1121/324031.htm,https://www.sicnu.edu.cn/info/1121/324031.htm,read,人民网：四川师大宣讲队开展“从长征路到强国梦”主题社会实践-四川师范大学,2026-10-01,
4151010636,四川师范大学,overview,https://www.sicnu.edu.cn/xxgk/sdjj.htm,https://www.sicnu.edu.cn/xxgk/sdjj.htm,read,师大简介-四川师范大学,2026-10-01,
4151010636,四川师范大学,history,https://www.sicnu.edu.cn/xxgk/lsyg.htm,https://www.sicnu.edu.cn/xxgk/lsyg.htm,read,历史沿革-四川师范大学,2026-10-01,
4151010636,四川师范大学,history,https://www.sicnu.edu.cn/info/1601/259121.htm,https://www.sicnu.edu.cn/info/1601/259121.htm,read,以匠心致初心 以创新育英才——记化学与材料科学学院史英博老师-四川师范大学,2026-10-01,
4151010636,四川师范大学,culture,https://www.sicnu.edu.cn/info/1101/1271.htm,https://www.sicnu.edu.cn/info/1101/1271.htm,read,学校举办树立和践行正确政绩观学习教育读书班学习心得交流会-四川师范大学,2026-10-01,
4151010638,西华师范大学,homepage,https://www.cwnu.edu.cn,https://www.cwnu.edu.cn,read,西华师范大学,2026-10-01,
4151010638,西华师范大学,overview,https://www.cwnu.edu.cn/xxgk/xxjj.htm,https://www.cwnu.edu.cn/xxgk/xxjj.htm,read,学校简介-西华师范大学,2026-10-01,
4151010638,西华师范大学,charter,https://www.cwnu.edu.cn/xxgk/dxzc.htm,https://www.cwnu.edu.cn/xxgk/dxzc.htm,read,大学章程-西华师范大学,2026-10-01,
4151010638,西华师范大学,visual,https://www.cwnu.edu.cn/xywh/dxjs.htm,https://www.cwnu.edu.cn/xywh/dxjs.htm,read,大学精神-西华师范大学,2026-10-01,
4151010638,西华师范大学,culture,https://www.cwnu.edu.cn/xywh/xg.htm,https://www.cwnu.edu.cn/xywh/xg.htm,read,校歌-西华师范大学,2026-10-01,
4151010638,西华师范大学,history,https://www.cwnu.edu.cn/xxgk/lsyg.htm,https://www.cwnu.edu.cn/xxgk/lsyg.htm,read,历史沿革-西华师范大学,2026-10-01,
4151010638,西华师范大学,visual,https://www.cwnu.edu.cn/xywh/VIxt.htm,https://www.cwnu.edu.cn/xywh/VIxt.htm,read,VI系统-西华师范大学,2026-10-01,
4151010638,西华师范大学,culture,https://www.cwnu.edu.cn/xywh/xx.htm,https://www.cwnu.edu.cn/xywh/xx.htm,read,校训-西华师范大学,2026-10-01,
4151010638,西华师范大学,history,https://www.cwnu.edu.cn/info/2121/101261.htm,https://www.cwnu.edu.cn/info/2121/101261.htm,read,陈涛书记带队赴广州开展访企拓岗专项行动-西华师范大学,2026-10-01,
4151010638,西华师范大学,charter,https://www.cwnu.edu.cn/xxgk/dxzc.htm,https://www.cwnu.edu.cn/xxgk/dxzc.htm,read,大学章程-西华师范大学,2026-10-01,
4151010638,西华师范大学,overview,https://www.cwnu.edu.cn/xxgk/xxjj.htm,https://www.cwnu.edu.cn/xxgk/xxjj.htm,read,学校简介-西华师范大学,2026-10-01,
4151010638,西华师范大学,history,https://www.cwnu.edu.cn/xxgk/lsyg.htm,https://www.cwnu.edu.cn/xxgk/lsyg.htm,read,历史沿革-西华师范大学,2026-10-01,
4151010638,西华师范大学,history,https://www.cwnu.edu.cn/info/2121/101261.htm,https://www.cwnu.edu.cn/info/2121/101261.htm,read,陈涛书记带队赴广州开展访企拓岗专项行动-西华师范大学,2026-10-01,
4151010638,西华师范大学,culture,https://www.cwnu.edu.cn/xywh/xg.htm,https://www.cwnu.edu.cn/xywh/xg.htm,read,校歌-西华师范大学,2026-10-01,
4151010639,绵阳师范学院,homepage,https://www.mtc.edu.cn/,https://www.mtc.edu.cn/,read,绵阳师范学院,2026-10-01,
4151010639,绵阳师范学院,overview,https://www.mtc.edu.cn/xxgk/xxjj.htm,https://www.mtc.edu.cn/xxgk/xxjj.htm,read,学校简介-绵阳师范学院,2026-10-01,
4151010639,绵阳师范学院,charter,https://www.mtc.edu.cn/xxgk/xxzc.htm,https://www.mtc.edu.cn/xxgk/xxzc.htm,read,学校章程-绵阳师范学院,2026-10-01,
4151010639,绵阳师范学院,navigation,https://www.mtc.edu.cn/info/1030/50684.htm,https://www.mtc.edu.cn/info/1030/50684.htm,read,“一带一路·乡村振兴·文化交融”驻华大使走进绵阳师范学院中外文艺汇演圆满举行-绵阳师范学院,2026-10-01,
4151010639,绵阳师范学院,navigation,https://www.mtc.edu.cn/info/1041/50691.htm,https://www.mtc.edu.cn/info/1041/50691.htm,read,“一带一路·乡村振兴·文化交融”驻华大使走进绵阳师范学院中外文艺汇演圆满举行-绵阳师范学院,2026-10-01,
4151010639,绵阳师范学院,charter,https://www.mtc.edu.cn/xxgk/xxzc.htm,https://www.mtc.edu.cn/xxgk/xxzc.htm,read,学校章程-绵阳师范学院,2026-10-01,
4151010639,绵阳师范学院,overview,https://www.mtc.edu.cn/xxgk/xxjj.htm,https://www.mtc.edu.cn/xxgk/xxjj.htm,read,学校简介-绵阳师范学院,2026-10-01,
4151010640,内江师范学院,homepage,https://www.njtc.edu.cn/,https://www.njtc.edu.cn/,read,内江师范学院,2026-10-01,
4151010640,内江师范学院,overview,https://www.njtc.edu.cn/xxgk/xxjj.htm,https://www.njtc.edu.cn/xxgk/xxjj.htm,read,学校简介-内江师范学院,2026-10-01,
4151010640,内江师范学院,charter,https://xxgk.njtc.edu.cn/info/1231/1121.htm,https://xxgk.njtc.edu.cn/info/1231/1121.htm,read,中共内江师范学院委员会 内江师范学院关于印发《内江师范学院章程修正案》的通知-内江师范学院-信息公开网,2026-10-01,
4151010640,内江师范学院,history,https://www.njtc.edu.cn/xxgk/lsyg.htm,https://www.njtc.edu.cn/xxgk/lsyg.htm,read,历史沿革-内江师范学院,2026-10-01,
4151010640,内江师范学院,navigation,https://www.njtc.edu.cn/info/1023/316981.htm,https://www.njtc.edu.cn/info/1023/316981.htm,read,[图文]学校承办“四川社科基层行”红色宣讲  走进阿坝理县校园-内江师范学院,2026-10-01,
4151010640,内江师范学院,charter,https://xxgk.njtc.edu.cn/info/1231/1121.htm,https://xxgk.njtc.edu.cn/info/1231/1121.htm,read,中共内江师范学院委员会 内江师范学院关于印发《内江师范学院章程修正案》的通知-内江师范学院-信息公开网,2026-10-01,
4151010640,内江师范学院,overview,https://www.njtc.edu.cn/xxgk/xxjj.htm,https://www.njtc.edu.cn/xxgk/xxjj.htm,read,学校简介-内江师范学院,2026-10-01,
4151010640,内江师范学院,history,https://www.njtc.edu.cn/xxgk/lsyg.htm,https://www.njtc.edu.cn/xxgk/lsyg.htm,read,历史沿革-内江师范学院,2026-10-01,
4151010641,宜宾学院,homepage,https://www.yibinu.edu.cn/ENGLISH/Home.htm,,robots_disallowed,,2026-10-01,
4151010641,宜宾学院,overview,https://nm.yibinu.edu.cn/,https://nm.yibinu.edu.cn/,read,宜宾学院信息中心,2026-10-01,
4151010641,宜宾学院,overview,https://www.yibinu.edu.cn/,,robots_disallowed,,2026-10-01,
4151010641,宜宾学院,overview,https://xxgk.yibinu.edu.cn/info/1054/1173.htm,https://xxgk.yibinu.edu.cn/info/1054/1173.htm,read,学校简介-宜宾学院 信息公开网,2026-10-01,
4151010641,宜宾学院,navigation,https://xxgk.yibinu.edu.cn/,https://xxgk.yibinu.edu.cn/,read,宜宾学院 信息公开网,2026-10-01,
4151010641,宜宾学院,overview,https://nm.yibinu.edu.cn/,https://nm.yibinu.edu.cn/,read,宜宾学院信息中心,2026-10-01,
4151010641,宜宾学院,overview,https://www.yibinu.edu.cn/,,access_limited,,2026-10-01,HTTPError
4151010641,宜宾学院,overview,https://zsw.yibinu.edu.cn/xygk.htm,https://zsw.yibinu.edu.cn/xygk.htm,read,学院概况-宜宾学院招生信息网,2026-10-01,
4151010644,四川文理学院,homepage,https://www.sasu.edu.cn/,https://www.sasu.edu.cn/,read,四川文理学院欢迎您！,2026-10-01,
4151010644,四川文理学院,overview,https://www.sasu.edu.cn/xxgk/xxjj.htm,https://www.sasu.edu.cn/xxgk/xxjj.htm,read,学校简介-四川文理学院欢迎您！,2026-10-01,
4151010644,四川文理学院,visual,https://www.sasu.edu.cn/xywh1.htm,https://www.sasu.edu.cn/xywh1.htm,read,校园文化-四川文理学院欢迎您！,2026-10-01,
4151010644,四川文理学院,culture,https://www.sasu.edu.cn/xywh1/xg.htm,https://www.sasu.edu.cn/xywh1/xg.htm,read,校歌-四川文理学院欢迎您！,2026-10-01,
4151010644,四川文理学院,history,https://www.sasu.edu.cn/xxgk/lsyg.htm,https://www.sasu.edu.cn/xxgk/lsyg.htm,read,历史沿革-四川文理学院欢迎您！,2026-10-01,
4151010644,四川文理学院,navigation,https://www.sasu.edu.cn/info/1371/21410.htm,https://www.sasu.edu.cn/info/1371/21410.htm,read,文理有学人｜朱仕金：一位法学学者的十年求索之路-四川文理学院欢迎您！,2026-10-01,
4151010644,四川文理学院,visual,https://www.sasu.edu.cn/xywh1/xmxh.htm,https://www.sasu.edu.cn/xywh1/xmxh.htm,read,校名校徽-四川文理学院欢迎您！,2026-10-01,
4151010644,四川文理学院,culture,https://www.sasu.edu.cn/xywh1/xx.htm,https://www.sasu.edu.cn/xywh1/xx.htm,read,校训-四川文理学院欢迎您！,2026-10-01,
4151010644,四川文理学院,navigation,https://www.sasu.edu.cn/info/1027/22530.htm,https://www.sasu.edu.cn/info/1027/22530.htm,read,关于学校各单位二级网站内容更新的通知-四川文理学院欢迎您！,2026-10-01,
4151010644,四川文理学院,overview,https://www.sasu.edu.cn/xxgk/xxjj.htm,https://www.sasu.edu.cn/xxgk/xxjj.htm,read,学校简介-四川文理学院欢迎您！,2026-10-01,
4151010644,四川文理学院,history,https://www.sasu.edu.cn/xxgk/lsyg.htm,https://www.sasu.edu.cn/xxgk/lsyg.htm,read,历史沿革-四川文理学院欢迎您！,2026-10-01,
4151010644,四川文理学院,culture,https://www.sasu.edu.cn/xywh1/xg.htm,https://www.sasu.edu.cn/xywh1/xg.htm,read,校歌-四川文理学院欢迎您！,2026-10-01,
4151010644,四川文理学院,culture,https://www.sasu.edu.cn/xywh1/xx.htm,https://www.sasu.edu.cn/xywh1/xx.htm,read,校训-四川文理学院欢迎您！,2026-10-01,
4151010646,阿坝师范学院,homepage,https://www.abtu.edu.cn/,https://www.abtu.edu.cn/,read,阿坝师范学院,2026-10-01,
4151010646,阿坝师范学院,overview,https://www.abtu.edu.cn/xxjs/xxjj.htm,https://www.abtu.edu.cn/xxjs/xxjj.htm,read,学校简介-阿坝师范学院,2026-10-01,
4151010646,阿坝师范学院,culture,https://www.abtu.edu.cn/xywh/yxas1.htm,https://www.abtu.edu.cn/xywh/yxas1.htm,read,印象阿师-阿坝师范学院,2026-10-01,
4151010646,阿坝师范学院,navigation,https://www.abtu.edu.cn/info/1068/21763.htm,https://www.abtu.edu.cn/info/1068/21763.htm,read,校长陈槐走进思政课堂 推动思政课建设内涵式发展-阿坝师范学院,2026-10-01,
4151010646,阿坝师范学院,overview,https://www.abtu.edu.cn/xxjs/xxjj.htm,https://www.abtu.edu.cn/xxjs/xxjj.htm,read,学校简介-阿坝师范学院,2026-10-01,
4151010646,阿坝师范学院,culture,https://www.abtu.edu.cn/xywh/yxas1.htm,https://www.abtu.edu.cn/xywh/yxas1.htm,read,印象阿师-阿坝师范学院,2026-10-01,
4151010649,乐山师范学院,homepage,http://www.lstc.edu.cn/,,fetch_error,,2026-10-01,URLError
4151010649,乐山师范学院,overview,https://zs.lsnu.edu.cn/,https://zs.lsnu.edu.cn/,read,乐山师范学院本科招生信息网,2026-10-01,
4151010649,乐山师范学院,overview,https://www.lsnu.edu.cn/,https://www.lsnu.edu.cn/,read,乐山师范学院,2026-10-01,
4151010649,乐山师范学院,overview,https://www.lsnu.edu.cn/xxgk/xxjj.htm,https://www.lsnu.edu.cn/xxgk/xxjj.htm,read,学校简介-乐山师范学院,2026-10-01,
4151010649,乐山师范学院,overview,https://zs.lsnu.edu.cn/,https://zs.lsnu.edu.cn/,read,乐山师范学院本科招生信息网,2026-10-01,
4151010649,乐山师范学院,overview,https://www.lsnu.edu.cn/,https://www.lsnu.edu.cn/,read,乐山师范学院,2026-10-01,
4151010649,乐山师范学院,overview,https://www.lsnu.edu.cn/xxgk/xxjj.htm,https://www.lsnu.edu.cn/xxgk/xxjj.htm,read,学校简介-乐山师范学院,2026-10-01,
4151010651,西南财经大学,homepage,http://www.swufe.edu.cn/,http://www.swufe.edu.cn/,read,西南财经大学,2026-10-01,
4151010651,西南财经大学,overview,http://www.swufe.edu.cn/xxgk/xxjj.htm,http://www.swufe.edu.cn/xxgk/xxjj.htm,read,学校简介-西南财经大学,2026-10-01,
4151010651,西南财经大学,visual,http://www.swufe.edu.cn/xywh.htm,http://www.swufe.edu.cn/xywh.htm,read,校园文化-西南财经大学,2026-10-01,
4151010651,西南财经大学,culture,http://www.swufe.edu.cn/xywh/xg.htm,http://www.swufe.edu.cn/xywh/xg.htm,read,校歌-西南财经大学,2026-10-01,
4151010651,西南财经大学,history,http://www.swufe.edu.cn/xxgk/lsyg.htm,http://www.swufe.edu.cn/xxgk/lsyg.htm,read,历史沿革-西南财经大学,2026-10-01,
4151010651,西南财经大学,navigation,http://www.swufe.edu.cn/info/1051/51712.htm,http://www.swufe.edu.cn/info/1051/51712.htm,read,四川省2027届急需紧缺专业选调生宣讲推介会走进我校-西南财经大学,2026-10-01,
4151010651,西南财经大学,overview,http://www.swufe.edu.cn/xxgk.htm,http://www.swufe.edu.cn/xxgk.htm,read,学校概况-西南财经大学,2026-10-01,
4151010651,西南财经大学,visual,https://www.swufe.edu.cn/xywh.htm,https://www.swufe.edu.cn/xywh.htm,read,校园文化-西南财经大学,2026-10-01,
4151010651,西南财经大学,culture,http://www.swufe.edu.cn/xywh/xx.htm,http://www.swufe.edu.cn/xywh/xx.htm,read,校训-西南财经大学,2026-10-01,
4151010651,西南财经大学,history,https://www.swufe.edu.cn/xxgk/lsyg.htm,https://www.swufe.edu.cn/xxgk/lsyg.htm,read,历史沿革-西南财经大学,2026-10-01,
4151010651,西南财经大学,overview,http://www.swufe.edu.cn/xxgk.htm,http://www.swufe.edu.cn/xxgk.htm,read,学校概况-西南财经大学,2026-10-01,
4151010651,西南财经大学,overview,http://www.swufe.edu.cn/xxgk/xxjj.htm,http://www.swufe.edu.cn/xxgk/xxjj.htm,read,学校简介-西南财经大学,2026-10-01,
4151010651,西南财经大学,history,http://www.swufe.edu.cn/xxgk/lsyg.htm,http://www.swufe.edu.cn/xxgk/lsyg.htm,read,历史沿革-西南财经大学,2026-10-01,
4151010651,西南财经大学,history,https://www.swufe.edu.cn/xxgk/lsyg.htm,https://www.swufe.edu.cn/xxgk/lsyg.htm,read,历史沿革-西南财经大学,2026-10-01,
4151010651,西南财经大学,culture,http://www.swufe.edu.cn/xywh/xg.htm,http://www.swufe.edu.cn/xywh/xg.htm,read,校歌-西南财经大学,2026-10-01,
4151010653,成都体育学院,homepage,https://www.cdsu.edu.cn/,,title_mismatch,,2026-10-01,
4151010653,成都体育学院,overview,https://sieec.sc.edu.cn/p/8/?StId=st_app_news_i_x639045962637708312,https://sieec.sc.edu.cn/p/8/?StId=st_app_news_i_x639045962637708312,read,成都体育学院,2026-10-01,
4151010653,成都体育学院,overview,https://sieec.sc.edu.cn/p/8/?StId=st_app_news_i_x639045962637708312,https://sieec.sc.edu.cn/p/8/?StId=st_app_news_i_x639045962637708312,read,成都体育学院,2026-10-01,
4151010654,四川音乐学院,homepage,https://www.sccm.edu.cn/,https://www.sccm.edu.cn/,read,四川音乐学院--首页,2026-10-01,
4151010654,四川音乐学院,overview,https://www.sccm.edu.cn/xwzx/show-5762.html,https://www.sccm.edu.cn/xwzx/show-5762.html,read,赋能小学美育，手风琴与现代器乐系师生走进锦官新城小学，-四川音乐学院,2026-10-01,
4151010654,四川音乐学院,history,https://www.sccm.edu.cn/xyjj/show-21.html,https://www.sccm.edu.cn/xyjj/show-21.html,read,历史沿革-四川音乐学院,2026-10-01,
4151010654,四川音乐学院,overview,https://www.sccm.edu.cn/xyjj/showo-1.html,https://www.sccm.edu.cn/xyjj/showo-1.html,read,学院简介-四川音乐学院,2026-10-01,
4151010654,四川音乐学院,history,https://www.sccm.edu.cn/xwzx/xyjj/show-21.html,,access_limited,,2026-10-01,HTTPError
4151010654,四川音乐学院,overview,https://www.sccm.edu.cn/xyjj.html,https://www.sccm.edu.cn/xyjj.html,read,学院简介-四川音乐学院,2026-10-01,
4151010654,四川音乐学院,overview,https://www.sccm.edu.cn/xyjj.html,https://www.sccm.edu.cn/xyjj.html,read,学院简介-四川音乐学院,2026-10-01,
4151010654,四川音乐学院,overview,https://www.sccm.edu.cn/xyjj/showo-1.html,https://www.sccm.edu.cn/xyjj/showo-1.html,read,学院简介-四川音乐学院,2026-10-01,
4151010654,四川音乐学院,overview,https://www.sccm.edu.cn/xwzx/show-5762.html,https://www.sccm.edu.cn/xwzx/show-5762.html,read,赋能小学美育，手风琴与现代器乐系师生走进锦官新城小学，-四川音乐学院,2026-10-01,
4151010654,四川音乐学院,history,https://www.sccm.edu.cn/xyjj/show-21.html,https://www.sccm.edu.cn/xyjj/show-21.html,read,历史沿革-四川音乐学院,2026-10-01,
4151010656,西南民族大学,homepage,http://www.swun.edu.cn,,fetch_error,,2026-10-01,HTTPError
4151010656,西南民族大学,charter,https://www.moe.gov.cn/srcsite/A02/zfs_gdxxzc/201702/t20170207_295830.html,http://www.moe.gov.cn/srcsite/A02/zfs_gdxxzc/201702/t20170207_295830.html,read,中华人民共和国教育部高等学校章程核准书第95号（西南民族大学） - 中华人民共和国教育部政府门户网站,2026-10-01,
4151010656,西南民族大学,charter,http://www.moe.gov.cn/srcsite/A02/zfs_gdxxzc/201702/t20170207_295830.html,http://www.moe.gov.cn/srcsite/A02/zfs_gdxxzc/201702/t20170207_295830.html,read,中华人民共和国教育部高等学校章程核准书第95号（西南民族大学） - 中华人民共和国教育部政府门户网站,2026-10-01,
4151011079,成都大学,homepage,https://www.cdu.edu.cn/,https://www.cdu.edu.cn/,read,成都大学,2026-10-01,
4151011079,成都大学,overview,https://www.cdu.edu.cn/xxgk/xxjj.htm,https://www.cdu.edu.cn/xxgk/xxjj.htm,read,学校简介-成都大学,2026-10-01,
4151011079,成都大学,charter,https://www.cdu.edu.cn/xxgk/xxzc.htm,https://www.cdu.edu.cn/xxgk/xxzc.htm,read,学校章程-成都大学,2026-10-01,
4151011079,成都大学,navigation,http://news.cdu.edu.cn/info/1004/49626.htm,https://news.cdu.edu.cn/info/1004/49626.htm,read,学工系统进社区开展中秋慰问和安全检查-成都大学-新闻网,2026-10-01,
4151011079,成都大学,overview,https://www.cdu.edu.cn/xxgk.htm,https://www.cdu.edu.cn/xxgk.htm,read,学校概况-成都大学,2026-10-01,
4151011079,成都大学,navigation,http://news.cdu.edu.cn/info/1002/49607.htm,https://news.cdu.edu.cn/info/1002/49607.htm,read,【一平台一专业】抗生素创制与耐药性防控四川省重点实验室：传承川抗西迁精神 接续抗生素时代使命-成都大学-新闻网,2026-10-01,
4151011079,成都大学,charter,https://www.cdu.edu.cn/xxgk/xxzc.htm,https://www.cdu.edu.cn/xxgk/xxzc.htm,read,学校章程-成都大学,2026-10-01,
4151011079,成都大学,overview,https://www.cdu.edu.cn/xxgk.htm,https://www.cdu.edu.cn/xxgk.htm,read,学校概况-成都大学,2026-10-01,
4151011079,成都大学,overview,https://www.cdu.edu.cn/xxgk/xxjj.htm,https://www.cdu.edu.cn/xxgk/xxjj.htm,read,学校简介-成都大学,2026-10-01,
4151011116,成都工业学院,homepage,https://www.cdtu.edu.cn/,,fetch_error,,2026-10-01,HTTPError
4151011116,成都工业学院,overview,https://sieec.sc.edu.cn/p/8/?StId=st_app_news_i_x639005474797783752,https://sieec.sc.edu.cn/p/8/?StId=st_app_news_i_x639005474797783752,read,成都工业学院,2026-10-01,
4151011116,成都工业学院,overview,https://sieec.sc.edu.cn/p/8/?StId=st_app_news_i_x639005474797783752,https://sieec.sc.edu.cn/p/8/?StId=st_app_news_i_x639005474797783752,read,成都工业学院,2026-10-01,
4151011360,攀枝花学院,homepage,https://www.pzhu.edu.cn/,https://www.pzhu.edu.cn/,read,攀枝花学院官网,2026-10-01,
4151011360,攀枝花学院,overview,https://www.pzhu.edu.cn/xxgk/xxjj.htm,https://www.pzhu.edu.cn/xxgk/xxjj.htm,read,学校简介-攀枝花学院官网,2026-10-01,
4151011360,攀枝花学院,charter,https://www.pzhu.edu.cn/xxgk/xxzc.htm,https://www.pzhu.edu.cn/xxgk/xxzc.htm,read,学校章程-攀枝花学院官网,2026-10-01,
4151011360,攀枝花学院,visual,https://www.pzhu.edu.cn/xywh/ygpd.htm,https://www.pzhu.edu.cn/xywh/ygpd.htm,read,阳光攀大-攀枝花学院官网,2026-10-01,
4151011360,攀枝花学院,culture,https://www.pzhu.edu.cn/info/1441/109591.htm,https://www.pzhu.edu.cn/info/1441/109591.htm,read,共青团中央“团建头条”微信公众号报道我校共青团工作-攀枝花学院官网,2026-10-01,
4151011360,攀枝花学院,history,https://www.pzhu.edu.cn/xxgk/lsyg.htm,https://www.pzhu.edu.cn/xxgk/lsyg.htm,read,历史沿革-攀枝花学院官网,2026-10-01,
4151011360,攀枝花学院,charter,https://www.pzhu.edu.cn/xxgk/xxzc.htm,https://www.pzhu.edu.cn/xxgk/xxzc.htm,read,学校章程-攀枝花学院官网,2026-10-01,
4151011360,攀枝花学院,overview,https://www.pzhu.edu.cn/xxgk/xxjj.htm,https://www.pzhu.edu.cn/xxgk/xxjj.htm,read,学校简介-攀枝花学院官网,2026-10-01,
4151011360,攀枝花学院,history,https://www.pzhu.edu.cn/xxgk/lsyg.htm,https://www.pzhu.edu.cn/xxgk/lsyg.htm,read,历史沿革-攀枝花学院官网,2026-10-01,
4151011360,攀枝花学院,culture,https://www.pzhu.edu.cn/info/1441/109591.htm,https://www.pzhu.edu.cn/info/1441/109591.htm,read,共青团中央“团建头条”微信公众号报道我校共青团工作-攀枝花学院官网,2026-10-01,
4151011552,四川旅游学院,homepage,https://www.sctu.edu.cn,https://www.sctu.edu.cn,read,四川旅游学院,2026-10-01,
4151011552,四川旅游学院,overview,https://www.sctu.edu.cn/xxgk2/xxjj1.htm,https://www.sctu.edu.cn/xxgk2/xxjj1.htm,read,学校简介-四川旅游学院,2026-10-01,
4151011552,四川旅游学院,charter,https://www.sctu.edu.cn/xxgk2/xxzc1.htm,https://www.sctu.edu.cn/xxgk2/xxzc1.htm,read,学校章程-四川旅游学院,2026-10-01,
4151011552,四川旅游学院,visual,https://www.sctu.edu.cn/xywh1/xxbs.htm,https://www.sctu.edu.cn/xywh1/xxbs.htm,read,学校标识-四川旅游学院,2026-10-01,
4151011552,四川旅游学院,culture,https://www.sctu.edu.cn/xywh1/xg.htm,https://www.sctu.edu.cn/xywh1/xg.htm,read,校歌-四川旅游学院,2026-10-01,
4151011552,四川旅游学院,history,https://www.sctu.edu.cn/xxgk2/lsyg1.htm,https://www.sctu.edu.cn/xxgk2/lsyg1.htm,read,历史沿革-四川旅游学院,2026-10-01,
4151011552,四川旅游学院,overview,https://www.sctu.edu.cn/xxgk2.htm,https://www.sctu.edu.cn/xxgk2.htm,read,学校概况-四川旅游学院,2026-10-01,
4151011552,四川旅游学院,charter,https://www.sctu.edu.cn/xxgk2/xxzc1.htm,https://www.sctu.edu.cn/xxgk2/xxzc1.htm,read,学校章程-四川旅游学院,2026-10-01,
4151011552,四川旅游学院,overview,https://www.sctu.edu.cn/xxgk2.htm,https://www.sctu.edu.cn/xxgk2.htm,read,学校概况-四川旅游学院,2026-10-01,
4151011552,四川旅游学院,overview,https://www.sctu.edu.cn/xxgk2/xxjj1.htm,https://www.sctu.edu.cn/xxgk2/xxjj1.htm,read,学校简介-四川旅游学院,2026-10-01,
4151011552,四川旅游学院,history,https://www.sctu.edu.cn/xxgk2/lsyg1.htm,https://www.sctu.edu.cn/xxgk2/lsyg1.htm,read,历史沿革-四川旅游学院,2026-10-01,
4151011552,四川旅游学院,culture,https://www.sctu.edu.cn/xywh1/xg.htm,https://www.sctu.edu.cn/xywh1/xg.htm,read,校歌-四川旅游学院,2026-10-01,
4151011661,四川民族学院,homepage,http://www.scun.edu.cn/,,fetch_error,,2026-10-01,HTTPError
4151011661,四川民族学院,overview,https://czt.sc.gov.cn/scczt/c111967/2024/3/13/8ed3df24ee7e4ca7b401ca3c5e6580bb/files/%E5%9B%9B%E5%B7%9D%E6%B0%91%E6%97%8F%E5%AD%A6%E9%99%A22024%E5%B9%B4%E9%A2%84%E7%AE%97-20240328103428429.pdf,https://czt.sc.gov.cn/scczt/c111967/2024/3/13/8ed3df24ee7e4ca7b401ca3c5e6580bb/files/%E5%9B%9B%E5%B7%9D%E6%B0%91%E6%97%8F%E5%AD%A6%E9%99%A22024%E5%B9%B4%E9%A2%84%E7%AE%97-20240328103428429.pdf,read,,2026-10-01,
4151011661,四川民族学院,overview,https://czt.sc.gov.cn/scczt/c111967/2024/3/13/8ed3df24ee7e4ca7b401ca3c5e6580bb/files/%E5%9B%9B%E5%B7%9D%E6%B0%91%E6%97%8F%E5%AD%A6%E9%99%A22024%E5%B9%B4%E9%A2%84%E7%AE%97-20240328103428429.pdf,https://czt.sc.gov.cn/scczt/c111967/2024/3/13/8ed3df24ee7e4ca7b401ca3c5e6580bb/files/%E5%9B%9B%E5%B7%9D%E6%B0%91%E6%97%8F%E5%AD%A6%E9%99%A22024%E5%B9%B4%E9%A2%84%E7%AE%97-20240328103428429.pdf,read,,2026-10-01,
4151012212,四川警察学院,homepage,https://www.scpolicec.edu.cn/,https://www.scpolicec.edu.cn/,read,四川警察学院,2026-10-01,
4151012212,四川警察学院,overview,https://www.scpolicec.edu.cn/xxgk1/xxjj.htm,https://www.scpolicec.edu.cn/xxgk1/xxjj.htm,read,学校简介-四川警察学院,2026-10-01,
4151012212,四川警察学院,charter,https://www.scpolicec.edu.cn/xxgk1/xxzc.htm,https://www.scpolicec.edu.cn/xxgk1/xxzc.htm,read,学校章程-四川警察学院,2026-10-01,
4151012212,四川警察学院,visual,https://www.scpolicec.edu.cn/xxgk1/xxbs.htm,https://www.scpolicec.edu.cn/xxgk1/xxbs.htm,read,学校标识-四川警察学院,2026-10-01,
4151012212,四川警察学院,history,https://www.scpolicec.edu.cn/xxgk1/xsyg.htm,https://www.scpolicec.edu.cn/xxgk1/xsyg.htm,read,校史沿革-四川警察学院,2026-10-01,
4151012212,四川警察学院,charter,https://www.scpolicec.edu.cn/xxgk1/xxzc.htm,https://www.scpolicec.edu.cn/xxgk1/xxzc.htm,read,学校章程-四川警察学院,2026-10-01,
4151012212,四川警察学院,overview,https://www.scpolicec.edu.cn/xxgk1/xxjj.htm,https://www.scpolicec.edu.cn/xxgk1/xxjj.htm,read,学校简介-四川警察学院,2026-10-01,
4151012212,四川警察学院,history,https://www.scpolicec.edu.cn/xxgk1/xsyg.htm,https://www.scpolicec.edu.cn/xxgk1/xsyg.htm,read,校史沿革-四川警察学院,2026-10-01,
4151013705,成都医学院,homepage,https://www.cmc.edu.cn,https://www.cmc.edu.cn,read,成都医学院,2026-10-01,
4151013705,成都医学院,overview,http://news.cmc.edu.cn/info/1004/33336.htm,http://news.cmc.edu.cn/info/1004/33336.htm,read,殷墟考古专家走进成医 讲解中华文明探源的基石-成医新闻网,2026-10-01,
4151013705,成都医学院,culture,http://xcb.cmc.edu.cn/list.jsp?urltype=tree.TreeTempUrl&wbtreeid=1006,http://xcb.cmc.edu.cn/list.jsp?urltype=tree.TreeTempUrl&wbtreeid=1006,read,校园文化-宣传统战部,2026-10-01,
4151013705,成都医学院,overview,http://news.cmc.edu.cn/info/1004/33336.htm,http://news.cmc.edu.cn/info/1004/33336.htm,read,殷墟考古专家走进成医 讲解中华文明探源的基石-成医新闻网,2026-10-01,
4151013705,成都医学院,culture,http://xcb.cmc.edu.cn/list.jsp?urltype=tree.TreeTempUrl&wbtreeid=1006,http://xcb.cmc.edu.cn/list.jsp?urltype=tree.TreeTempUrl&wbtreeid=1006,read,校园文化-宣传统战部,2026-10-01,
4151013705,成都医学院,culture,http://xcb.cmc.edu.cn/list.jsp?urltype=tree.TreeTempUrl&wbtreeid=1006,http://xcb.cmc.edu.cn/list.jsp?urltype=tree.TreeTempUrl&wbtreeid=1006,read,校园文化-宣传统战部,2026-10-01,
4151014389,成都师范学院,homepage,https://www.cdnu.edu.cn/,https://www.cdnu.edu.cn/,read,成都师范学院,2026-10-01,
4151014389,成都师范学院,overview,https://www.cdnu.edu.cn/xygk/xyjj.htm,,access_limited,,2026-10-01,RemoteDisconnected
4151014389,成都师范学院,visual,https://www.cdnu.edu.cn/xywh/sscsewm_csxxblx.htm,,access_limited,,2026-10-01,URLError
4151014389,成都师范学院,visual,https://www.cdnu.edu.cn/xywh/xhxx.htm,,access_limited,,2026-10-01,HTTPError
4151014389,成都师范学院,history,https://www.cdnu.edu.cn/xygk/xsyg.htm,,access_limited,,2026-10-01,HTTPError
4151014389,成都师范学院,english,http://www.cdnu.edu.cn/english,,access_limited,,2026-10-01,HTTPError
4111012802,吉利学院,homepage,http://www.guc.edu.cn/,,title_mismatch,,2026-10-01,
4111012802,吉利学院,overview,https://www.guc.edu.cn/about/chairman/,,access_limited,,2026-10-01,HTTPError
4111012802,吉利学院,overview,https://www.bcu.edu.cn/__local/3/9D/25/8D9C6DB4C552BE4C4D800508C3A_CDB223D6_4EA4B0.pdf?e=.pdf,,access_limited,,2026-10-01,URLError
4151014984,广安理工学院,homepage,https://www.gait.edu.cn/,https://www.gait.edu.cn/,read,广安理工学院,2026-10-01,
4151014984,广安理工学院,overview,https://www.gait.edu.cn/xygk/xxjj.htm,https://www.gait.edu.cn/xygk/xxjj.htm,read,学校简介-广安理工学院,2026-10-01,
4151014984,广安理工学院,visual,https://www.gait.edu.cn/xygk/xxbs.htm,https://www.gait.edu.cn/xygk/xxbs.htm,read,学校标识-广安理工学院,2026-10-01,
4151014984,广安理工学院,navigation,https://www.gait.edu.cn/info/2491/3651.htm,https://www.gait.edu.cn/info/2491/3651.htm,read,走进广安理工学院-广安理工学院,2026-10-01,
4151014984,广安理工学院,visual,https://www.gait.edu.cn/info/1054/5381.htm,https://www.gait.edu.cn/info/1054/5381.htm,read,转载|教育部关于同意设置广安理工学院的函-广安理工学院,2026-10-01,
4151014984,广安理工学院,navigation,https://www.gait.edu.cn/info/2491/3631.htm,https://www.gait.edu.cn/info/2491/3631.htm,read,走进广安理工学院-广安理工学院,2026-10-01,
4151014984,广安理工学院,overview,https://www.gait.edu.cn/xygk/xxjj.htm,https://www.gait.edu.cn/xygk/xxjj.htm,read,学校简介-广安理工学院,2026-10-01,
4151014985,成都美术学院,homepage,https://my.sccm.edu.cn/,,fetch_error,,2026-10-01,URLError
4151014985,成都美术学院,charter,https://my.sccm.edu.cn/index.php?a=show&c=index&id=135&m=special,,access_limited,,2026-10-01,URLError
4151014985,成都美术学院,overview,https://my.sccm.edu.cn/a/xygk/xyjj/,,access_limited,,2026-10-01,URLError
4151014985,成都美术学院,overview,https://my.sccm.edu.cn/,,access_limited,,2026-10-01,URLError
4152010657,贵州大学,homepage,https://www.gzu.edu.cn/,https://www.gzu.edu.cn/,read,贵州大学,2026-10-01,
4152010657,贵州大学,overview,https://www.gzu.edu.cn/6/list.htm,https://www.gzu.edu.cn/6/list.htm,read,学校简介,2026-10-01,
4152010657,贵州大学,culture,https://www.gzu.edu.cn/23/list.htm,https://www.gzu.edu.cn/23/list.htm,read,贵大校歌,2026-10-01,
4152010657,贵州大学,history,https://www.gzu.edu.cn/25/list.htm,https://www.gzu.edu.cn/25/list.htm,read,历史沿革,2026-10-01,
4152010657,贵州大学,navigation,https://www.gzu.edu.cn/2026/0907/c17505a279239/page.htm,https://www.gzu.edu.cn/2026/0907/c17505a279239/page.htm,read,“中西部乡村全面振兴科教联合体”走进西藏林芝,2026-10-01,
4152010657,贵州大学,overview,https://www.gzu.edu.cn/5/list.htm,https://www.gzu.edu.cn/5/list.htm,read,学校简介,2026-10-01,
4152010657,贵州大学,culture,https://www.gzu.edu.cn/24/list.htm,https://www.gzu.edu.cn/24/list.htm,read,标识校训,2026-10-01,
4152010657,贵州大学,overview,https://www.gzu.edu.cn/6/list.htm,https://www.gzu.edu.cn/6/list.htm,read,学校简介,2026-10-01,
4152010657,贵州大学,overview,https://www.gzu.edu.cn/5/list.htm,https://www.gzu.edu.cn/5/list.htm,read,学校简介,2026-10-01,
4152010657,贵州大学,history,https://www.gzu.edu.cn/25/list.htm,https://www.gzu.edu.cn/25/list.htm,read,历史沿革,2026-10-01,
4152010657,贵州大学,culture,https://www.gzu.edu.cn/23/list.htm,https://www.gzu.edu.cn/23/list.htm,read,贵大校歌,2026-10-01,
4152010657,贵州大学,culture,https://www.gzu.edu.cn/24/list.htm,https://www.gzu.edu.cn/24/list.htm,read,标识校训,2026-10-01,
4152010657,贵州大学,overview,https://www.gzu.edu.cn/6/list.htm,https://www.gzu.edu.cn/6/list.htm,read,学校简介,2026-10-01,
4152010657,贵州大学,overview,https://www.gzu.edu.cn/5/list.htm,https://www.gzu.edu.cn/5/list.htm,read,学校简介,2026-10-01,
4152010657,贵州大学,history,https://www.gzu.edu.cn/25/list.htm,https://www.gzu.edu.cn/25/list.htm,read,历史沿革,2026-10-01,
4152010660,贵州医科大学,homepage,https://www.gmc.edu.cn/,https://www.gmc.edu.cn/,read,贵州医科大学,2026-10-01,
4152010660,贵州医科大学,overview,https://www.gmc.edu.cn/xxgk/xxjj.htm,https://www.gmc.edu.cn/xxgk/xxjj.htm,read,学校简介-贵州医科大学,2026-10-01,
4152010660,贵州医科大学,charter,https://www.gmc.edu.cn/xxgk/xxzc.htm,https://www.gmc.edu.cn/xxgk/xxzc.htm,read,学校章程-贵州医科大学,2026-10-01,
4152010660,贵州医科大学,visual,https://www.gmc.edu.cn/xywh/xxbs.htm,https://www.gmc.edu.cn/xywh/xxbs.htm,read,学校标识-贵州医科大学,2026-10-01,
4152010660,贵州医科大学,history,https://www.gmc.edu.cn/xxgk/lsyg.htm,https://www.gmc.edu.cn/xxgk/lsyg.htm,read,历史沿革-贵州医科大学,2026-10-01,
4152010660,贵州医科大学,charter,https://www.gmc.edu.cn/xxgk/xxzc.htm,https://www.gmc.edu.cn/xxgk/xxzc.htm,read,学校章程-贵州医科大学,2026-10-01,
4152010660,贵州医科大学,overview,https://www.gmc.edu.cn/xxgk/xxjj.htm,https://www.gmc.edu.cn/xxgk/xxjj.htm,read,学校简介-贵州医科大学,2026-10-01,
4152010660,贵州医科大学,history,https://www.gmc.edu.cn/xxgk/lsyg.htm,https://www.gmc.edu.cn/xxgk/lsyg.htm,read,历史沿革-贵州医科大学,2026-10-01,
4152010661,遵义医科大学,homepage,https://www.zmu.edu.cn/,https://www.zmu.edu.cn/,read,遵义医科大学,2026-10-01,
4152010661,遵义医科大学,charter,https://www.zmu.edu.cn/zygk/xxzc.htm,https://www.zmu.edu.cn/zygk/xxzc.htm,read,学校章程-遵义医科大学,2026-10-01,
4152010661,遵义医科大学,visual,https://www.zmu.edu.cn/zygk/xhxx.htm,https://www.zmu.edu.cn/zygk/xhxx.htm,read,校徽校训-遵义医科大学,2026-10-01,
4152010661,遵义医科大学,culture,https://www.zmu.edu.cn/zygk/zyxg.htm,https://www.zmu.edu.cn/zygk/zyxg.htm,read,遵医校歌-遵义医科大学,2026-10-01,
4152010661,遵义医科大学,history,https://www.zmu.edu.cn/zygk/lsyg.htm,https://www.zmu.edu.cn/zygk/lsyg.htm,read,历史沿革-遵义医科大学,2026-10-01,
4152010661,遵义医科大学,english,https://english.zmu.edu.cn,,access_limited,,2026-10-01,URLError
4152010661,遵义医科大学,charter,https://www.zmu.edu.cn/zygk/xxzc.htm,https://www.zmu.edu.cn/zygk/xxzc.htm,read,学校章程-遵义医科大学,2026-10-01,
4152010661,遵义医科大学,history,https://www.zmu.edu.cn/zygk/lsyg.htm,https://www.zmu.edu.cn/zygk/lsyg.htm,read,历史沿革-遵义医科大学,2026-10-01,
4152010661,遵义医科大学,culture,https://www.zmu.edu.cn/zygk/zyxg.htm,https://www.zmu.edu.cn/zygk/zyxg.htm,read,遵医校歌-遵义医科大学,2026-10-01,
4152010662,贵州中医药大学,homepage,https://www.gzy.edu.cn/,https://www.gzy.edu.cn/,read,贵州中医药大学,2026-10-01,
4152010662,贵州中医药大学,overview,https://www.gzy.edu.cn/xxgk2/xxjj.htm,https://www.gzy.edu.cn/xxgk2/xxjj.htm,read,学校简介-贵州中医药大学,2026-10-01,
4152010662,贵州中医药大学,charter,https://www.gzy.edu.cn/xxgk2/xxzc.htm,https://www.gzy.edu.cn/xxgk2/xxzc.htm,read,学校章程-贵州中医药大学,2026-10-01,
4152010662,贵州中医药大学,visual,https://www.gzy.edu.cn/xxgk2/xxxg.htm,https://www.gzy.edu.cn/xxgk2/xxxg.htm,read,校训校徽-贵州中医药大学,2026-10-01,
4152010662,贵州中医药大学,culture,https://www.gzy.edu.cn/xxgk2/xg.htm,https://www.gzy.edu.cn/xxgk2/xg.htm,read,校歌-贵州中医药大学,2026-10-01,
4152010662,贵州中医药大学,culture,https://www.gzy.edu.cn/info/1803/11027.htm,https://www.gzy.edu.cn/info/1803/11027.htm,read,第一临床医学院-贵州中医药大学,2026-10-01,
4152010662,贵州中医药大学,overview,https://www.gzy.edu.cn/xyfc/dylcyxy1/xyjj.htm,https://www.gzy.edu.cn/xyfc/dylcyxy1/xyjj.htm,read,学院简介-贵州中医药大学,2026-10-01,
4152010662,贵州中医药大学,charter,https://www.gzy.edu.cn/xxgk2/xxzc.htm,https://www.gzy.edu.cn/xxgk2/xxzc.htm,read,学校章程-贵州中医药大学,2026-10-01,
4152010662,贵州中医药大学,overview,https://www.gzy.edu.cn/xxgk2/xxjj.htm,https://www.gzy.edu.cn/xxgk2/xxjj.htm,read,学校简介-贵州中医药大学,2026-10-01,
4152010662,贵州中医药大学,overview,https://www.gzy.edu.cn/xyfc/dylcyxy1/xyjj.htm,https://www.gzy.edu.cn/xyfc/dylcyxy1/xyjj.htm,read,学院简介-贵州中医药大学,2026-10-01,
4152010662,贵州中医药大学,culture,https://www.gzy.edu.cn/xxgk2/xg.htm,https://www.gzy.edu.cn/xxgk2/xg.htm,read,校歌-贵州中医药大学,2026-10-01,
4152010662,贵州中医药大学,culture,https://www.gzy.edu.cn/info/1803/11027.htm,https://www.gzy.edu.cn/info/1803/11027.htm,read,第一临床医学院-贵州中医药大学,2026-10-01,
4152010663,贵州师范大学,homepage,https://www.gznu.edu.cn,https://www.gznu.edu.cn,read,贵州师范大学,2026-10-01,
4152010663,贵州师范大学,overview,https://www.gznu.edu.cn/xxgk/xxjj.htm,https://www.gznu.edu.cn/xxgk/xxjj.htm,read,学校简介-贵州师范大学,2026-10-01,
4152010663,贵州师范大学,visual,https://www.gznu.edu.cn/xxgk/xxbs/xb.htm,https://www.gznu.edu.cn/xxgk/xxbs/xb.htm,read,校标-贵州师范大学,2026-10-01,
4152010663,贵州师范大学,culture,https://www.gznu.edu.cn/xxgk/xxbs.htm,https://www.gznu.edu.cn/xxgk/xxbs.htm,read,校训标识-贵州师范大学,2026-10-01,
4152010663,贵州师范大学,english,https://egjc.gznu.edu.cn/,https://egjc.gznu.edu.cn/,read,Guizhou Normal University,2026-10-01,
4152010663,贵州师范大学,culture,https://www.gznu.edu.cn/xxgk/xxxg.htm,https://www.gznu.edu.cn/xxgk/xxxg.htm,read,学校校歌-贵州师范大学,2026-10-01,
4152010663,贵州师范大学,overview,https://www.gznu.edu.cn/xxgk/xxjj.htm,https://www.gznu.edu.cn/xxgk/xxjj.htm,read,学校简介-贵州师范大学,2026-10-01,
4152010663,贵州师范大学,culture,https://www.gznu.edu.cn/xxgk/xxbs.htm,https://www.gznu.edu.cn/xxgk/xxbs.htm,read,校训标识-贵州师范大学,2026-10-01,
4152010663,贵州师范大学,culture,https://www.gznu.edu.cn/xxgk/xxxg.htm,https://www.gznu.edu.cn/xxgk/xxxg.htm,read,学校校歌-贵州师范大学,2026-10-01,
4152010664,遵义师范学院,homepage,http://www.en.zync.edu.cn/index.html,,fetch_error,,2026-10-01,URLError
4152010665,铜仁学院,homepage,https://www.gztrc.edu.cn,,access_limited,,2026-10-01,URLError
4152010665,铜仁学院,overview,https://www.gztrc.edu.cn/xygk/xxjj.htm,,access_limited,,2026-10-01,URLError
4152010665,铜仁学院,history,https://www.gztrc.edu.cn/xygk/xsyg.htm,,access_limited,,2026-10-01,URLError
4152010666,兴义民族师范学院,homepage,http://www.xynun.edu.cn/,,fetch_error,,2026-10-01,timeout
4152010666,兴义民族师范学院,overview,https://jyt.guizhou.gov.cn/ztzl/czyjsjsgjf/202503/P020250313580244811799.pdf,,access_limited,,2026-10-01,URLError
4152010667,安顺学院,homepage,https://www.asu.edu.cn/,https://www.asu.edu.cn/,read,安顺学院,2026-10-01,
4152010667,安顺学院,overview,https://www.asu.edu.cn/xygk.htm,https://www.asu.edu.cn/xygk.htm,read,学院概况-安顺学院,2026-10-01,
4152010667,安顺学院,visual,https://www.asu.edu.cn/xygk/xxxh.htm,https://www.asu.edu.cn/xygk/xxxh.htm,read,学校校徽-安顺学院,2026-10-01,
4152010667,安顺学院,culture,https://www.asu.edu.cn/xygk/xxxg.htm,https://www.asu.edu.cn/xygk/xxxg.htm,read,学校校歌-安顺学院,2026-10-01,
4152010667,安顺学院,history,https://www.asu.edu.cn/xygk/lsyg.htm,https://www.asu.edu.cn/xygk/lsyg.htm,read,历史沿革-安顺学院,2026-10-01,
4152010667,安顺学院,overview,https://www.asu.edu.cn/xygk/xyjj.htm,https://www.asu.edu.cn/xygk/xyjj.htm,read,学院简介-安顺学院,2026-10-01,
4152010667,安顺学院,culture,https://www.asu.edu.cn/xygk/xxxx.htm,https://www.asu.edu.cn/xygk/xxxx.htm,read,学校校训-安顺学院,2026-10-01,
4152010667,安顺学院,overview,https://www.asu.edu.cn/xygk.htm,https://www.asu.edu.cn/xygk.htm,read,学院概况-安顺学院,2026-10-01,
4152010667,安顺学院,overview,https://www.asu.edu.cn/xygk/xyjj.htm,https://www.asu.edu.cn/xygk/xyjj.htm,read,学院简介-安顺学院,2026-10-01,
4152010667,安顺学院,history,https://www.asu.edu.cn/xygk/lsyg.htm,https://www.asu.edu.cn/xygk/lsyg.htm,read,历史沿革-安顺学院,2026-10-01,
4152010667,安顺学院,culture,https://www.asu.edu.cn/xygk/xxxg.htm,https://www.asu.edu.cn/xygk/xxxg.htm,read,学校校歌-安顺学院,2026-10-01,
4152010667,安顺学院,culture,https://www.asu.edu.cn/xygk/xxxx.htm,https://www.asu.edu.cn/xygk/xxxx.htm,read,学校校训-安顺学院,2026-10-01,
4152010668,贵州工程应用技术学院,homepage,https://www.gues.edu.cn/,https://www.gues.edu.cn/,read,贵州工程应用技术学院,2026-10-01,
4152010668,贵州工程应用技术学院,overview,https://www.gues.edu.cn/xxgk.htm,https://www.gues.edu.cn/xxgk.htm,read,学校概况-贵州工程应用技术学院,2026-10-01,
4152010668,贵州工程应用技术学院,charter,https://www.gues.edu.cn/xxgk/xxzc.htm,https://www.gues.edu.cn/xxgk/xxzc.htm,read,学校章程-贵州工程应用技术学院,2026-10-01,
4152010668,贵州工程应用技术学院,visual,https://www.gues.edu.cn/xxgk/xhxx.htm,https://www.gues.edu.cn/xxgk/xhxx.htm,read,校徽校训-贵州工程应用技术学院,2026-10-01,
4152010668,贵州工程应用技术学院,culture,https://www.gues.edu.cn/xxgk/xgjj.htm,https://www.gues.edu.cn/xxgk/xgjj.htm,read,校歌简介-贵州工程应用技术学院,2026-10-01,
4152010668,贵州工程应用技术学院,history,https://www.gues.edu.cn/xxgk/lsyg.htm,https://www.gues.edu.cn/xxgk/lsyg.htm,read,历史沿革-贵州工程应用技术学院,2026-10-01,
4152010668,贵州工程应用技术学院,english,https://www.gues.edu.cn/en,https://www.gues.edu.cn/en/,read,Guizhou University of Engineering Science,2026-10-01,
4152010668,贵州工程应用技术学院,overview,https://www.gues.edu.cn/xxgk/xxjj.htm,https://www.gues.edu.cn/xxgk/xxjj.htm,read,学校简介-贵州工程应用技术学院,2026-10-01,
4152010668,贵州工程应用技术学院,culture,https://www.gues.edu.cn/system/_content/download.jsp?urltype=news.DownloadAttachUrl&owner=1087368354&wbfileid=301750,https://www.gues.edu.cn/system/_content/download.jsp?urltype=news.DownloadAttachUrl&owner=1087368354&wbfileid=301750,insufficient_text,附件下载,2026-10-01,
4152010668,贵州工程应用技术学院,charter,https://www.gues.edu.cn/xxgk/xxzc.htm,https://www.gues.edu.cn/xxgk/xxzc.htm,read,学校章程-贵州工程应用技术学院,2026-10-01,
4152010668,贵州工程应用技术学院,overview,https://www.gues.edu.cn/xxgk.htm,https://www.gues.edu.cn/xxgk.htm,read,学校概况-贵州工程应用技术学院,2026-10-01,
4152010668,贵州工程应用技术学院,overview,https://www.gues.edu.cn/xxgk/xxjj.htm,https://www.gues.edu.cn/xxgk/xxjj.htm,read,学校简介-贵州工程应用技术学院,2026-10-01,
4152010668,贵州工程应用技术学院,history,https://www.gues.edu.cn/xxgk/lsyg.htm,https://www.gues.edu.cn/xxgk/lsyg.htm,read,历史沿革-贵州工程应用技术学院,2026-10-01,
4152010668,贵州工程应用技术学院,culture,https://www.gues.edu.cn/xxgk/xgjj.htm,https://www.gues.edu.cn/xxgk/xgjj.htm,read,校歌简介-贵州工程应用技术学院,2026-10-01,
4152010669,凯里学院,homepage,https://www.kluniv.edu.cn/,https://www.kluniv.edu.cn/,read,凯里学院,2026-10-01,
4152010669,凯里学院,overview,https://www.kluniv.edu.cn/xxgk/xxjj.htm,https://www.kluniv.edu.cn/xxgk/xxjj.htm,read,学校简介-凯里学院,2026-10-01,
4152010669,凯里学院,charter,https://www.kluniv.edu.cn/xxgk/xxzc.htm,https://www.kluniv.edu.cn/xxgk/xxzc.htm,read,学校章程-凯里学院,2026-10-01,
4152010669,凯里学院,visual,https://www.kluniv.edu.cn/xxgk/xhxx.htm,https://www.kluniv.edu.cn/xxgk/xhxx.htm,read,校徽校训-凯里学院,2026-10-01,
4152010669,凯里学院,culture,https://www.kluniv.edu.cn/xxgk/kyxg.htm,https://www.kluniv.edu.cn/xxgk/kyxg.htm,read,凯院校歌-凯里学院,2026-10-01,
4152010669,凯里学院,history,https://www.kluniv.edu.cn/xxgk/lsyg.htm,https://www.kluniv.edu.cn/xxgk/lsyg.htm,read,历史沿革-凯里学院,2026-10-01,
4152010669,凯里学院,culture,https://www.kluniv.edu.cn/info/1048/106411.htm,https://www.kluniv.edu.cn/info/1048/106411.htm,read,文化生活-凯里学院,2026-10-01,
4152010669,凯里学院,charter,https://www.kluniv.edu.cn/xxgk/xxzc.htm,https://www.kluniv.edu.cn/xxgk/xxzc.htm,read,学校章程-凯里学院,2026-10-01,
4152010669,凯里学院,overview,https://www.kluniv.edu.cn/xxgk/xxjj.htm,https://www.kluniv.edu.cn/xxgk/xxjj.htm,read,学校简介-凯里学院,2026-10-01,
4152010669,凯里学院,history,https://www.kluniv.edu.cn/xxgk/lsyg.htm,https://www.kluniv.edu.cn/xxgk/lsyg.htm,read,历史沿革-凯里学院,2026-10-01,
4152010669,凯里学院,culture,https://www.kluniv.edu.cn/xxgk/kyxg.htm,https://www.kluniv.edu.cn/xxgk/kyxg.htm,read,凯院校歌-凯里学院,2026-10-01,
4152010669,凯里学院,culture,https://www.kluniv.edu.cn/info/1048/106411.htm,https://www.kluniv.edu.cn/info/1048/106411.htm,read,文化生活-凯里学院,2026-10-01,
4152010670,黔南民族师范学院,homepage,https://www.sgmtu.edu.cn/,https://www.sgmtu.edu.cn/,read,黔南民族师范学院,2026-10-01,
4152010670,黔南民族师范学院,overview,https://www.sgmtu.edu.cn/sjsy/xxjj1/xxjs.htm,https://www.sgmtu.edu.cn/sjsy/xxjj1/xxjs.htm,read,学校介绍-黔南民族师范学院,2026-10-01,
4152010670,黔南民族师范学院,charter,https://www.sgmtu.edu.cn/sjsy/xxjj1/xxzc.htm,https://www.sgmtu.edu.cn/sjsy/xxjj1/xxzc.htm,read,学校章程-黔南民族师范学院,2026-10-01,
4152010670,黔南民族师范学院,visual,https://www.sgmtu.edu.cn/sjsy/xxjj1/xxbs.htm,https://www.sgmtu.edu.cn/sjsy/xxjj1/xxbs.htm,read,学校标识-黔南民族师范学院,2026-10-01,
4152010670,黔南民族师范学院,history,https://www.sgmtu.edu.cn/sjsy/xxjj1/lsyg.htm,https://www.sgmtu.edu.cn/sjsy/xxjj1/lsyg.htm,read,历史沿革-黔南民族师范学院,2026-10-01,
4152010670,黔南民族师范学院,charter,https://www.sgmtu.edu.cn/sjsy/xxjj1/xxzc.htm,https://www.sgmtu.edu.cn/sjsy/xxjj1/xxzc.htm,read,学校章程-黔南民族师范学院,2026-10-01,
4152010670,黔南民族师范学院,overview,https://www.sgmtu.edu.cn/sjsy/xxjj1/xxjs.htm,https://www.sgmtu.edu.cn/sjsy/xxjj1/xxjs.htm,read,学校介绍-黔南民族师范学院,2026-10-01,
4152010670,黔南民族师范学院,history,https://www.sgmtu.edu.cn/sjsy/xxjj1/lsyg.htm,https://www.sgmtu.edu.cn/sjsy/xxjj1/lsyg.htm,read,历史沿革-黔南民族师范学院,2026-10-01,
4152010671,贵州财经大学,homepage,https://www.gufe.edu.cn,https://www.gufe.edu.cn,insufficient_text,贵州财经大学,2026-10-01,
4152010672,贵州民族大学,homepage,https://www.gzmu.edu.cn/,https://www.gzmu.edu.cn/,read,贵州民族大学,2026-10-01,
4152010672,贵州民族大学,overview,https://www.gzmu.edu.cn/xxgk1/xxjj,https://www.gzmu.edu.cn/xxgk1/xxjj/content_4788,read,学校简介_学校简介_学校概况_贵州民族大学,2026-10-01,
4152010672,贵州民族大学,visual,https://www.gzmu.edu.cn/xxgk1/xxxh,https://www.gzmu.edu.cn/xxgk1/xxxh/content_15,read,校训校徽_校训校徽_学校概况_贵州民族大学,2026-10-01,
4152010672,贵州民族大学,history,https://www.gzmu.edu.cn/xxgk1/lsyg,,access_limited,,2026-10-01,HTTPError
4152010672,贵州民族大学,navigation,https://www.gzmu.edu.cn/yygm,https://www.gzmu.edu.cn/yygm/mdbs,read,民大标识_走进贵民_贵州民族大学,2026-10-01,
4152010672,贵州民族大学,overview,https://www.gzmu.edu.cn/xxgk1,https://www.gzmu.edu.cn/xxgk1/xxjj/content_4788,read,学校简介_学校简介_学校概况_贵州民族大学,2026-10-01,
4152010672,贵州民族大学,visual,https://www.gzmu.edu.cn/yygm/mdbs/content_82476,https://www.gzmu.edu.cn/yygm/mdbs/content_82476,read,上新啦！贵州民族大学视觉识别系统正式上线_民大标识_走进贵民_贵州民族大学,2026-10-01,
4152010672,贵州民族大学,overview,https://www.gzmu.edu.cn/xxgk1/xxjj/content_4788,https://www.gzmu.edu.cn/xxgk1/xxjj/content_4788,read,学校简介_学校简介_学校概况_贵州民族大学,2026-10-01,
4152010976,贵阳学院,homepage,http://en.gyu.cn/,,fetch_error,,2026-10-01,URLError
4152010976,贵阳学院,charter,https://www.gyu.edu.cn/info/1057/13671.htm,https://www.gyu.edu.cn/info/1057/13671.htm,read,贵阳学院2026年全日制普通本科招生章程-贵阳学院,2026-10-01,
4152010976,贵阳学院,overview,https://www.gyu.edu.cn/,https://www.gyu.edu.cn/,read,贵阳学院,2026-10-01,
4152010976,贵阳学院,overview,https://zjc.gyu.edu.cn/,https://zjc.gyu.edu.cn/,read,贵阳学院-招生与就业处,2026-10-01,
4152010976,贵阳学院,overview,https://gyu.edu.cn/xxgk/xxjj.htm,https://gyu.edu.cn/xxgk/xxjj.htm,read,学校简介-贵阳学院,2026-10-01,
4152010976,贵阳学院,charter,https://www.gyu.edu.cn/info/1057/13671.htm,https://www.gyu.edu.cn/info/1057/13671.htm,read,贵阳学院2026年全日制普通本科招生章程-贵阳学院,2026-10-01,
4152010976,贵阳学院,overview,https://www.gyu.edu.cn/,https://www.gyu.edu.cn/,read,贵阳学院,2026-10-01,
4152010976,贵阳学院,overview,https://zjc.gyu.edu.cn/,https://zjc.gyu.edu.cn/,read,贵阳学院-招生与就业处,2026-10-01,
4152010977,六盘水师范学院,homepage,https://www.lpssy.edu.cn/,https://www.lpssy.edu.cn/,read,六盘水师范学院,2026-10-01,
4152010977,六盘水师范学院,overview,https://www.lpssy.edu.cn/5920/list.htm,https://www.lpssy.edu.cn/5920/list.htm,read,学校简介,2026-10-01,
4152010977,六盘水师范学院,charter,https://www.lpssy.edu.cn/5921/list.htm,https://www.lpssy.edu.cn/5921/list.htm,read,学校章程,2026-10-01,
4152010977,六盘水师范学院,visual,https://www.lpssy.edu.cn/xxbs/list.htm,https://www.lpssy.edu.cn/xxbs/list.htm,read,学校标识,2026-10-01,
4152010977,六盘水师范学院,culture,https://www.lpssy.edu.cn/2026/0920/c5906a93467/page.htm,https://www.lpssy.edu.cn/2026/0920/c5906a93467/page.htm,read,六盘水师范学院开展第29届推普周“字词语音大挑战”活动,2026-10-01,
4152010977,六盘水师范学院,history,https://www.lpssy.edu.cn/5923/list.htm,https://www.lpssy.edu.cn/5923/list.htm,read,历史沿革,2026-10-01,
4152010977,六盘水师范学院,overview,https://www.lpssy.edu.cn/5896/list.htm,https://www.lpssy.edu.cn/5896/list.htm,read,学校简介,2026-10-01,
4152010977,六盘水师范学院,culture,https://www.lpssy.edu.cn/2026/0923/c5907a93558/page.htm,https://www.lpssy.edu.cn/2026/0923/c5907a93558/page.htm,read,矿业与机械工程学院举办“迎中秋游园会暨迎新草坪音乐会”,2026-10-01,
4152010977,六盘水师范学院,charter,https://www.lpssy.edu.cn/5921/list.htm,https://www.lpssy.edu.cn/5921/list.htm,read,学校章程,2026-10-01,
4152010977,六盘水师范学院,overview,https://www.lpssy.edu.cn/5920/list.htm,https://www.lpssy.edu.cn/5920/list.htm,read,学校简介,2026-10-01,
4152010977,六盘水师范学院,overview,https://www.lpssy.edu.cn/5896/list.htm,https://www.lpssy.edu.cn/5896/list.htm,read,学校简介,2026-10-01,
4152010977,六盘水师范学院,history,https://www.lpssy.edu.cn/5923/list.htm,https://www.lpssy.edu.cn/5923/list.htm,read,历史沿革,2026-10-01,
4152010977,六盘水师范学院,culture,https://www.lpssy.edu.cn/2026/0920/c5906a93467/page.htm,https://www.lpssy.edu.cn/2026/0920/c5906a93467/page.htm,read,六盘水师范学院开展第29届推普周“字词语音大挑战”活动,2026-10-01,
4152011731,贵州商学院,homepage,https://www.gzcc.edu.cn/,https://www.gzcc.edu.cn/,read,贵州商学院,2026-10-01,
4152011731,贵州商学院,overview,https://www.gzcc.edu.cn/contents/4/5915.html,https://www.gzcc.edu.cn/contents/4/5915.html,read,贵州商学院-学校简介,2026-10-01,
4152011731,贵州商学院,visual,https://www.gzcc.edu.cn/channels/97.html,https://www.gzcc.edu.cn/channels/97.html,read,贵州商学院-贵商智库大讲堂,2026-10-01,
4152011731,贵州商学院,culture,https://www.gzcc.edu.cn/contents/97/18604.html,https://www.gzcc.edu.cn/contents/97/18604.html,read,贵州商学院-顾久教授到我校作专题讲座,2026-10-01,
4152011731,贵州商学院,history,https://www.gzcc.edu.cn/contents/12/21801.html,https://www.gzcc.edu.cn/contents/12/21801.html,read,贵州商学院-李炳军到贵州商学院、贵州师范学院调研,2026-10-01,
4152011731,贵州商学院,navigation,https://www.gzcc.edu.cn/contents/12/28640.html,https://www.gzcc.edu.cn/contents/12/28640.html,read,贵州商学院-美育浸润校园 光影传承文脉——“第四届遵义海龙屯国际影像文化周精品展”走进贵州商学院,2026-10-01,
4152011731,贵州商学院,visual,https://www.gzcc.edu.cn/contents/6/2100.html,https://www.gzcc.edu.cn/contents/6/2100.html,read,贵州商学院-校训校徽校歌,2026-10-01,
4152011731,贵州商学院,navigation,https://www.gzcc.edu.cn/contents/45/27363.html,https://www.gzcc.edu.cn/contents/45/27363.html,read,贵州商学院-一堂接地气的乡土思政课！贵州商学院走进凯里花桥村探寻本土文脉,2026-10-01,
4152011731,贵州商学院,overview,https://www.gzcc.edu.cn/contents/4/5915.html,https://www.gzcc.edu.cn/contents/4/5915.html,read,贵州商学院-学校简介,2026-10-01,
4152011731,贵州商学院,history,https://www.gzcc.edu.cn/contents/12/21801.html,https://www.gzcc.edu.cn/contents/12/21801.html,read,贵州商学院-李炳军到贵州商学院、贵州师范学院调研,2026-10-01,
4152011731,贵州商学院,culture,https://www.gzcc.edu.cn/contents/97/18604.html,https://www.gzcc.edu.cn/contents/97/18604.html,read,贵州商学院-顾久教授到我校作专题讲座,2026-10-01,
4152012107,贵州警察学院,overview,https://www.moe.gov.cn/srcsite/A03/s181/201705/t20170519_305236.html,http://www.moe.gov.cn/srcsite/A03/s181/201705/t20170519_305236.html,read,教育部关于同意建立贵州警察学院的函 - 中华人民共和国教育部政府门户网站,2026-10-01,
4152014223,贵州师范学院,homepage,https://www.gznc.edu.cn/,https://www.gznc.edu.cn/,read,贵州师范学院官网,2026-10-01,
4152014223,贵州师范学院,overview,https://www.gznc.edu.cn/xxgk/xxjj.htm,https://www.gznc.edu.cn/xxgk/xxjj.htm,read,学校简介-贵州师范学院官网,2026-10-01,
4152014223,贵州师范学院,charter,https://www.gznc.edu.cn/xxgk/xxzc.htm,https://www.gznc.edu.cn/xxgk/xxzc.htm,read,学校章程-贵州师范学院官网,2026-10-01,
4152014223,贵州师范学院,visual,https://www.gznc.edu.cn/info/1071/27949.htm,https://www.gznc.edu.cn/info/1071/27949.htm,read,2026级新生军训总结表彰大会-贵州师范学院官网,2026-10-01,
4152014223,贵州师范学院,culture,https://www.gznc.edu.cn/info/1102/13855.htm,https://www.gznc.edu.cn/info/1102/13855.htm,read,学校标识-贵州师范学院官网,2026-10-01,
4152014223,贵州师范学院,culture,https://www.gznc.edu.cn/syxw/xykd/xywh.htm,https://www.gznc.edu.cn/syxw/xykd/xywh.htm,read,校园文化-贵州师范学院官网,2026-10-01,
4152014223,贵州师范学院,charter,https://www.gznc.edu.cn/xxgk/xxzc.htm,https://www.gznc.edu.cn/xxgk/xxzc.htm,read,学校章程-贵州师范学院官网,2026-10-01,
4152014223,贵州师范学院,overview,https://www.gznc.edu.cn/xxgk/xxjj.htm,https://www.gznc.edu.cn/xxgk/xxjj.htm,read,学校简介-贵州师范学院官网,2026-10-01,
4152014223,贵州师范学院,culture,https://www.gznc.edu.cn/syxw/xykd/xywh.htm,https://www.gznc.edu.cn/syxw/xykd/xywh.htm,read,校园文化-贵州师范学院官网,2026-10-01,
4152014223,贵州师范学院,culture,https://www.gznc.edu.cn/info/1102/13855.htm,https://www.gznc.edu.cn/info/1102/13855.htm,read,学校标识-贵州师范学院官网,2026-10-01,
4152014440,贵州理工学院,homepage,https://www.git.edu.cn/,https://www.git.edu.cn/,read,贵州理工学院,2026-10-01,
4152014440,贵州理工学院,overview,https://www.git.edu.cn/xxgk2/xxjj.htm,https://www.git.edu.cn/xxgk2/xxjj.htm,read,学校简介-贵州理工学院,2026-10-01,
4152014440,贵州理工学院,charter,https://www.git.edu.cn/xxgk2/xxzc.htm,https://www.git.edu.cn/xxgk2/xxzc.htm,read,学校章程-贵州理工学院,2026-10-01,
4152014440,贵州理工学院,navigation,https://www.git.edu.cn/zjlg/xybs.htm,https://www.git.edu.cn/zjlg/xybs.htm,read,校园标识-贵州理工学院,2026-10-01,
4152014440,贵州理工学院,visual,https://www.git.edu.cn/zjlg/xybs/xh.htm,https://www.git.edu.cn/zjlg/xybs/xh.htm,read,校徽-贵州理工学院,2026-10-01,
4152014440,贵州理工学院,culture,https://www.git.edu.cn/zjlg/xybs/xg.htm,https://www.git.edu.cn/zjlg/xybs/xg.htm,read,校歌-贵州理工学院,2026-10-01,
4152014440,贵州理工学院,visual,https://www.git.edu.cn/system/_content/download.jsp?urltype=news.DownloadAttachUrl&owner=1981929845&wbfileid=18C1332118516024369A6323157C6B25,https://www.git.edu.cn/system/_content/download.jsp?urltype=news.DownloadAttachUrl&owner=1981929845&wbfileid=18C1332118516024369A6323157C6B25,insufficient_text,附件下载,2026-10-01,
4152014440,贵州理工学院,culture,https://www.git.edu.cn/zjlg/xybs/xx.htm,https://www.git.edu.cn/zjlg/xybs/xx.htm,read,校训-贵州理工学院,2026-10-01,
4152014440,贵州理工学院,charter,https://www.git.edu.cn/xxgk2/xxzc.htm,https://www.git.edu.cn/xxgk2/xxzc.htm,read,学校章程-贵州理工学院,2026-10-01,
4152014440,贵州理工学院,overview,https://www.git.edu.cn/xxgk2/xxjj.htm,https://www.git.edu.cn/xxgk2/xxjj.htm,read,学校简介-贵州理工学院,2026-10-01,
4152014440,贵州理工学院,culture,https://www.git.edu.cn/zjlg/xybs/xg.htm,https://www.git.edu.cn/zjlg/xybs/xg.htm,read,校歌-贵州理工学院,2026-10-01,
4152014440,贵州理工学院,culture,https://www.git.edu.cn/zjlg/xybs/xx.htm,https://www.git.edu.cn/zjlg/xybs/xx.htm,read,校训-贵州理工学院,2026-10-01,
4152014625,茅台学院,homepage,https://www.mtxy.edu.cn/,https://www.mtxy.edu.cn/,read,茅台学院,2026-10-01,
4152014625,茅台学院,overview,https://www.mtxy.edu.cn/xxgk/,https://www.mtxy.edu.cn/xxgk/,insufficient_text,,2026-10-01,
4152014625,茅台学院,overview,https://www.mtxy.edu.cn/xxgk/xxjj//,https://www.mtxy.edu.cn/xxgk/xxjj//,read,学校简介 - 茅台学院,2026-10-01,
4152014625,茅台学院,visual,https://www.mtxy.edu.cn/xxgk/xxbs//,https://www.mtxy.edu.cn/xxgk/xxbs//,read,学校标识 - 茅台学院,2026-10-01,
4152014625,茅台学院,english,https://www.mtxy.edu.cn/English/,https://www.mtxy.edu.cn/English/,read,English - 茅台学院,2026-10-01,
4152014625,茅台学院,navigation,https://www.mtxy.edu.cn/zjmy/,https://www.mtxy.edu.cn/zjmy/,read,走进茅院 - 茅台学院,2026-10-01,
4152014625,茅台学院,visual,https://www.mtxy.edu.cn/xxgk/xxbs/,https://www.mtxy.edu.cn/xxgk/xxbs/,read,学校标识 - 茅台学院,2026-10-01,
4152014625,茅台学院,overview,https://www.mtxy.edu.cn/xxgk/xxjj/,https://www.mtxy.edu.cn/xxgk/xxjj/,read,学校简介 - 茅台学院,2026-10-01,
4152014625,茅台学院,overview,https://www.mtxy.edu.cn/xxgk/xxjj/,https://www.mtxy.edu.cn/xxgk/xxjj/,read,学校简介 - 茅台学院,2026-10-01,
4152014625,茅台学院,overview,https://www.mtxy.edu.cn/xxgk/xxjj//,https://www.mtxy.edu.cn/xxgk/xxjj//,read,学校简介 - 茅台学院,2026-10-01,
4153010673,云南大学,homepage,https://www.ynu.edu.cn/,https://www.ynu.edu.cn/,read,云南大学 YunnanUniversity,2026-10-01,
4153010673,云南大学,overview,https://www.ynu.edu.cn/xxgk/xxjj.htm,https://www.ynu.edu.cn/xxgk/xxjj.htm,read,学校简介-云南大学 YunnanUniversity,2026-10-01,
4153010673,云南大学,charter,https://www.ynu.edu.cn/xxgk/dxzc1.htm,https://www.ynu.edu.cn/xxgk/dxzc1.htm,read,大学章程-云南大学 YunnanUniversity,2026-10-01,
4153010673,云南大学,history,https://www.ynu.edu.cn/xxgk/lsyg.htm,https://www.ynu.edu.cn/xxgk/lsyg.htm,read,历史沿革-云南大学 YunnanUniversity,2026-10-01,
4153010673,云南大学,navigation,https://www.ynu.edu.cn/info/1428/39668.htm,https://www.ynu.edu.cn/info/1428/39668.htm,read,云南大学承办“产业兴边·贸易赋能”云南省大学生创业实践训练营-云南大学 YunnanUniversity,2026-10-01,
4153010673,云南大学,charter,https://www.ynu.edu.cn/xxgk/dxzc1.htm,https://www.ynu.edu.cn/xxgk/dxzc1.htm,read,大学章程-云南大学 YunnanUniversity,2026-10-01,
4153010673,云南大学,overview,https://www.ynu.edu.cn/xxgk/xxjj.htm,https://www.ynu.edu.cn/xxgk/xxjj.htm,read,学校简介-云南大学 YunnanUniversity,2026-10-01,
4153010673,云南大学,history,https://www.ynu.edu.cn/xxgk/lsyg.htm,https://www.ynu.edu.cn/xxgk/lsyg.htm,read,历史沿革-云南大学 YunnanUniversity,2026-10-01,
4153010674,昆明理工大学,homepage,https://www.kmust.edu.cn/,https://www.kmust.edu.cn/,read,昆明理工大学,2026-10-01,
4153010674,昆明理工大学,overview,https://www.kmust.edu.cn/xxgk/xxjj.htm,https://www.kmust.edu.cn/xxgk/xxjj.htm,read,学校简介-昆明理工大学,2026-10-01,
4153010674,昆明理工大学,visual,https://www.kmust.edu.cn/info/1020/17379.htm,https://www.kmust.edu.cn/info/1020/17379.htm,read,校园风光-昆明理工大学,2026-10-01,
4153010674,昆明理工大学,culture,https://www.kmust.edu.cn/xywh/xg1.htm,https://www.kmust.edu.cn/xywh/xg1.htm,read,校歌-昆明理工大学,2026-10-01,
4153010674,昆明理工大学,history,https://www.kmust.edu.cn/xxgk/lsyg.htm,https://www.kmust.edu.cn/xxgk/lsyg.htm,read,历史沿革-昆明理工大学,2026-10-01,
4153010674,昆明理工大学,english,http://english.kmust.edu.cn/,http://english.kmust.edu.cn/,read,昆明理工大学英文门户网站,2026-10-01,
4153010674,昆明理工大学,navigation,https://www.kmust.edu.cn/info/1012/57687.htm,https://www.kmust.edu.cn/info/1012/57687.htm,read,七彩云端 短视频展播 | 昆明理工大学“走好当代长征路 挺鹰担当强国梦”传承红色基因实践活动-昆明理工大学,2026-10-01,
4153010674,昆明理工大学,culture,https://www.kmust.edu.cn/info/1042/18923.htm,https://www.kmust.edu.cn/info/1042/18923.htm,read,校歌。。-昆明理工大学,2026-10-01,
4153010674,昆明理工大学,overview,https://www.kmust.edu.cn/xxgk/xxjj.htm,https://www.kmust.edu.cn/xxgk/xxjj.htm,read,学校简介-昆明理工大学,2026-10-01,
4153010674,昆明理工大学,history,https://www.kmust.edu.cn/xxgk/lsyg.htm,https://www.kmust.edu.cn/xxgk/lsyg.htm,read,历史沿革-昆明理工大学,2026-10-01,
4153010674,昆明理工大学,culture,https://www.kmust.edu.cn/xywh/xg1.htm,https://www.kmust.edu.cn/xywh/xg1.htm,read,校歌-昆明理工大学,2026-10-01,
4153010674,昆明理工大学,culture,https://www.kmust.edu.cn/info/1042/18923.htm,https://www.kmust.edu.cn/info/1042/18923.htm,read,校歌。。-昆明理工大学,2026-10-01,
4153010676,云南农业大学,homepage,https://www.ynau.edu.cn/,,fetch_error,,2026-10-01,HTTPError
4153010676,云南农业大学,overview,https://www.ynau.edu.cn/,,access_limited,,2026-10-01,HTTPError
4153010677,西南林业大学,homepage,https://jwc.swfu.edu.cn/,https://jwc.swfu.edu.cn/,read,西南林业大学教务处,2026-10-01,
4153010678,昆明医科大学,homepage,https://www.kmmu.edu.cn/,https://www.kmmu.edu.cn/,read,昆明医科大学,2026-10-01,
4153010678,昆明医科大学,overview,https://www.kmmu.edu.cn/list2588.aspx,https://www.kmmu.edu.cn/pages_2588_54245.aspx,read,昆明医科大学,2026-10-01,
4153010678,昆明医科大学,charter,https://www.kmmu.edu.cn/list2526.aspx,https://www.kmmu.edu.cn/pages_2526_48599.aspx,read,昆明医科大学,2026-10-01,
4153010678,昆明医科大学,history,https://www.kmmu.edu.cn/ /list2529.aspx,,access_limited,,2026-10-01,InvalidURL
4153010678,昆明医科大学,english,https://www.kmmu.edu.cn/english,https://www.kmmu.edu.cn/english,read,KUNMING MEDICAL UNIVERSITY,2026-10-01,
4153010678,昆明医科大学,navigation,https://www.kmmu.edu.cn/Pages_1186_60127.aspx,https://www.kmmu.edu.cn/Pages_1186_60127.aspx,read,昆明医科大学,2026-10-01,
4153010678,昆明医科大学,overview,https://www.kmmu.edu.cn/pages_2588_54245.aspx,https://www.kmmu.edu.cn/pages_2588_54245.aspx,read,昆明医科大学,2026-10-01,
4153010678,昆明医科大学,overview,https://www.kmmu.edu.cn/pages_2526_48599.aspx,https://www.kmmu.edu.cn/pages_2526_48599.aspx,read,昆明医科大学,2026-10-01,
4153010678,昆明医科大学,charter,https://www.kmmu.edu.cn/pages_2526_48599.aspx,https://www.kmmu.edu.cn/pages_2526_48599.aspx,read,昆明医科大学,2026-10-01,
4153010678,昆明医科大学,overview,https://www.kmmu.edu.cn/pages_2588_54245.aspx,https://www.kmmu.edu.cn/pages_2588_54245.aspx,read,昆明医科大学,2026-10-01,
4153010679,大理大学,homepage,https://www.dali.edu.cn/,https://www.dali.edu.cn/,read,大理大学,2026-10-01,
4153010679,大理大学,overview,https://www.dali.edu.cn/xxgk/xxjj/index.htm,https://www.dali.edu.cn/xxgk/xxjj/index.htm,read,大理大学,2026-10-01,
4153010679,大理大学,history,https://www.dali.edu.cn/xxgk/lsyg/index.htm,https://www.dali.edu.cn/xxgk/lsyg/index.htm,read,大理大学,2026-10-01,
4153010679,大理大学,english,http://escis.dali.edu.cn/,,access_limited,,2026-10-01,RemoteDisconnected
4153010679,大理大学,overview,https://www.dali.edu.cn/xxgk/index.htm,https://www.dali.edu.cn/xxgk/index.htm,insufficient_text,,2026-10-01,
4153010679,大理大学,overview,https://www.dali.edu.cn/xxgk/xxjj/index.htm,https://www.dali.edu.cn/xxgk/xxjj/index.htm,read,大理大学,2026-10-01,
4153010679,大理大学,history,https://www.dali.edu.cn/xxgk/lsyg/index.htm,https://www.dali.edu.cn/xxgk/lsyg/index.htm,read,大理大学,2026-10-01,
4153010680,云南中医药大学,homepage,http://www.ynutcm.edu.cn/,,fetch_error,,2026-10-01,URLError
4153010680,云南中医药大学,charter,https://www.ynucm.edu.cn/info/1009/51401.htm,https://www.ynucm.edu.cn/info/1009/51401.htm,read,云南中医药大学章程-云南中医药大学,2026-10-01,
4153010680,云南中医药大学,overview,https://www.ynucm.edu.cn/,https://www.ynucm.edu.cn/,read,云南中医药大学,2026-10-01,
4153010680,云南中医药大学,overview,https://jxjyxy.ynucm.edu.cn/virtual_attach_file.vsb?afc=RLzl7PLz-iM7MfMV4-ZnRMfMR7PLRQ22M8l8oR78nzMVU8C0gihFp2hmCIa0MYysMkhfUSyYozrkLz-PUmvPM4VfM4-Znz67n7l8U8l4nmnFnN7bLR9sLRAFLzGZL7MfgjfNQmOeLmGYLmGiLzGPM4GZMzNbMmLbM4LiokbaQ2CeoDXZqjTZ_ShXptQ0g47aL4L0MRCYLSbw62d8c&e=.pdf&nid=4621&oid=2125953381&tid=1033,https://jxjyxy.ynucm.edu.cn/virtual_attach_file.vsb?afc=RLzl7PLz-iM7MfMV4-ZnRMfMR7PLRQ22M8l8oR78nzMVU8C0gihFp2hmCIa0MYysMkhfUSyYozrkLz-PUmvPM4VfM4-Znz67n7l8U8l4nmnFnN7bLR9sLRAFLzGZL7MfgjfNQmOeLmGYLmGiLzGPM4GZMzNbMmLbM4LiokbaQ2CeoDXZqjTZ_ShXptQ0g47aL4L0MRCYLSbw62d8c&e=.pdf&nid=4621&oid=2125953381&tid=1033,read,,2026-10-01,
4153010680,云南中医药大学,charter,https://www.ynucm.edu.cn/info/1009/51401.htm,https://www.ynucm.edu.cn/info/1009/51401.htm,read,云南中医药大学章程-云南中医药大学,2026-10-01,
4153010680,云南中医药大学,overview,https://www.ynucm.edu.cn/,https://www.ynucm.edu.cn/,read,云南中医药大学,2026-10-01,
4153010680,云南中医药大学,overview,https://jxjyxy.ynucm.edu.cn/virtual_attach_file.vsb?afc=RLzl7PLz-iM7MfMV4-ZnRMfMR7PLRQ22M8l8oR78nzMVU8C0gihFp2hmCIa0MYysMkhfUSyYozrkLz-PUmvPM4VfM4-Znz67n7l8U8l4nmnFnN7bLR9sLRAFLzGZL7MfgjfNQmOeLmGYLmGiLzGPM4GZMzNbMmLbM4LiokbaQ2CeoDXZqjTZ_ShXptQ0g47aL4L0MRCYLSbw62d8c&e=.pdf&nid=4621&oid=2125953381&tid=1033,https://jxjyxy.ynucm.edu.cn/virtual_attach_file.vsb?afc=RLzl7PLz-iM7MfMV4-ZnRMfMR7PLRQ22M8l8oR78nzMVU8C0gihFp2hmCIa0MYysMkhfUSyYozrkLz-PUmvPM4VfM4-Znz67n7l8U8l4nmnFnN7bLR9sLRAFLzGZL7MfgjfNQmOeLmGYLmGiLzGPM4GZMzNbMmLbM4LiokbaQ2CeoDXZqjTZ_ShXptQ0g47aL4L0MRCYLSbw62d8c&e=.pdf&nid=4621&oid=2125953381&tid=1033,read,,2026-10-01,
4153010681,云南师范大学,homepage,https://www.ynnu.edu.cn,https://www.ynnu.edu.cn,read,云南师范大学,2026-10-01,
4153010681,云南师范大学,overview,https://www.ynnu.edu.cn/ysgk/xxjj.htm,https://www.ynnu.edu.cn/ysgk/xxjj.htm,read,学校简介-云南师范大学,2026-10-01,
4153010681,云南师范大学,charter,https://www.ynnu.edu.cn/ysgk/xxzc.htm,https://www.ynnu.edu.cn/ysgk/xxzc.htm,read,学校章程-云南师范大学,2026-10-01,
4153010681,云南师范大学,visual,https://www.ynnu.edu.cn/xywh/xx.htm,https://www.ynnu.edu.cn/xywh/xx.htm,read,校训-云南师范大学,2026-10-01,
4153010681,云南师范大学,culture,https://www.ynnu.edu.cn/info/1049/10198.htm,https://www.ynnu.edu.cn/info/1049/10198.htm,read,校歌-云南师范大学,2026-10-01,
4153010681,云南师范大学,history,https://www.ynnu.edu.cn/ysgk/xxyg.htm,https://www.ynnu.edu.cn/ysgk/xxyg.htm,read,学校沿革-云南师范大学,2026-10-01,
4153010681,云南师范大学,navigation,https://www.ynnu.edu.cn/info/1081/10478.htm,https://www.ynnu.edu.cn/info/1081/10478.htm,read,《西南联大》走进清华-云南师范大学,2026-10-01,
4153010681,云南师范大学,culture,https://www.ynnu.edu.cn/info/1048/10197.htm,https://www.ynnu.edu.cn/info/1048/10197.htm,read,校训-云南师范大学,2026-10-01,
4153010681,云南师范大学,charter,https://www.ynnu.edu.cn/ysgk/xxzc.htm,https://www.ynnu.edu.cn/ysgk/xxzc.htm,read,学校章程-云南师范大学,2026-10-01,
4153010681,云南师范大学,overview,https://www.ynnu.edu.cn/ysgk/xxjj.htm,https://www.ynnu.edu.cn/ysgk/xxjj.htm,read,学校简介-云南师范大学,2026-10-01,
4153010681,云南师范大学,history,https://www.ynnu.edu.cn/ysgk/xxyg.htm,https://www.ynnu.edu.cn/ysgk/xxyg.htm,read,学校沿革-云南师范大学,2026-10-01,
4153010681,云南师范大学,culture,https://www.ynnu.edu.cn/info/1049/10198.htm,https://www.ynnu.edu.cn/info/1049/10198.htm,read,校歌-云南师范大学,2026-10-01,
4153010681,云南师范大学,culture,https://www.ynnu.edu.cn/info/1048/10197.htm,https://www.ynnu.edu.cn/info/1048/10197.htm,read,校训-云南师范大学,2026-10-01,
4153010683,昭通学院,homepage,https://www.ztu.edu.cn/,https://www.ztu.edu.cn/,read,昭通学院,2026-10-01,
4153010683,昭通学院,overview,https://www.ztu.edu.cn/xxgk/xxjj.htm,https://www.ztu.edu.cn/xxgk/xxjj.htm,read,学校简介-昭通学院,2026-10-01,
4153010683,昭通学院,charter,https://www.ztu.edu.cn/xxgk/xxzc.htm,https://www.ztu.edu.cn/xxgk/xxzc.htm,read,学校章程-昭通学院,2026-10-01,
4153010683,昭通学院,visual,https://www.ztu.edu.cn/xxgk/xxbs1/xh.htm,https://www.ztu.edu.cn/xxgk/xxbs1/xh.htm,read,校徽-昭通学院,2026-10-01,
4153010683,昭通学院,culture,https://www.ztu.edu.cn/xxgk/xxbs1/xx.htm,https://www.ztu.edu.cn/xxgk/xxbs1/xx.htm,read,校训-昭通学院,2026-10-01,
4153010683,昭通学院,navigation,https://www.ztu.edu.cn/info/1253/11714.htm,https://www.ztu.edu.cn/info/1253/11714.htm,read,关于学校公共计算服务平台升级的通知-昭通学院,2026-10-01,
4153010683,昭通学院,culture,https://www.ztu.edu.cn/xxgk/xxbs1/xg.htm,https://www.ztu.edu.cn/xxgk/xxbs1/xg.htm,read,校歌-昭通学院,2026-10-01,
4153010683,昭通学院,charter,https://www.ztu.edu.cn/xxgk/xxzc.htm,https://www.ztu.edu.cn/xxgk/xxzc.htm,read,学校章程-昭通学院,2026-10-01,
4153010683,昭通学院,overview,https://www.ztu.edu.cn/xxgk/xxjj.htm,https://www.ztu.edu.cn/xxgk/xxjj.htm,read,学校简介-昭通学院,2026-10-01,
4153010683,昭通学院,culture,https://www.ztu.edu.cn/xxgk/xxbs1/xx.htm,https://www.ztu.edu.cn/xxgk/xxbs1/xx.htm,read,校训-昭通学院,2026-10-01,
4153010683,昭通学院,culture,https://www.ztu.edu.cn/xxgk/xxbs1/xg.htm,https://www.ztu.edu.cn/xxgk/xxbs1/xg.htm,read,校歌-昭通学院,2026-10-01,
4153010684,曲靖师范学院,homepage,https://www.qjnu.edu.cn/,https://www.qjnu.edu.cn/,read,曲靖师范学院,2026-10-01,
4153010684,曲靖师范学院,overview,https://www.qjnu.edu.cn/channels/9279.html,https://www.qjnu.edu.cn/channels/9279.html,read,学校简介 | 曲靖师范学院,2026-10-01,
4153010684,曲靖师范学院,history,https://www.qjnu.edu.cn/channels/9278.html,https://www.qjnu.edu.cn/channels/9278.html,read,校史沿革 | 曲靖师范学院,2026-10-01,
4153010684,曲靖师范学院,overview,https://www.qjnu.edu.cn/channels/9279.html,https://www.qjnu.edu.cn/channels/9279.html,read,学校简介 | 曲靖师范学院,2026-10-01,
4153010684,曲靖师范学院,history,https://www.qjnu.edu.cn/channels/9278.html,https://www.qjnu.edu.cn/channels/9278.html,read,校史沿革 | 曲靖师范学院,2026-10-01,
4153010685,普洱学院,homepage,http://www.peuni.cn/,,fetch_error,,2026-10-01,URLError
4153010685,普洱学院,overview,https://www.peu.edu.cn/,,access_limited,,2026-10-01,URLError
4153010685,普洱学院,overview,https://xxzx.peu.edu.cn/,,access_limited,,2026-10-01,URLError
4153010685,普洱学院,overview,https://www.peu.edu.cn/xygk/xyjj.htm,,access_limited,,2026-10-01,URLError
4153010685,普洱学院,overview,https://stxy.peu.edu.cn/,,access_limited,,2026-10-01,URLError
4153010686,保山学院,homepage,https://www.bsnc.cn/,https://www.bsnc.cn/,read,保山学院,2026-10-01,
4153010686,保山学院,overview,https://www.bsnc.cn/xxgk/xxjj.htm,https://www.bsnc.cn/xxgk/xxjj.htm,read,学校简介-保山学院,2026-10-01,
4153010686,保山学院,visual,https://www.bsnc.cn/xxgk/xxbs.htm,https://www.bsnc.cn/xxgk/xxbs.htm,read,学校标识-保山学院,2026-10-01,
4153010686,保山学院,culture,https://www.bsnc.cn/xxgk/bsxyxg.htm,https://www.bsnc.cn/xxgk/bsxyxg.htm,read,保山学院校歌-保山学院,2026-10-01,
4153010686,保山学院,english,https://en.bsnc.cn/,https://en.bsnc.cn/,read,International Cooperation and Exchange Office of Baoshan University,2026-10-01,
4153010686,保山学院,overview,https://www.bsnc.cn/xxgk/xxjj.htm,https://www.bsnc.cn/xxgk/xxjj.htm,read,学校简介-保山学院,2026-10-01,
4153010686,保山学院,culture,https://www.bsnc.cn/xxgk/bsxyxg.htm,https://www.bsnc.cn/xxgk/bsxyxg.htm,read,保山学院校歌-保山学院,2026-10-01,
4153010687,红河学院,homepage,https://www.uoh.edu.cn/,https://www.uoh.edu.cn/,read,红河学院,2026-10-01,
4153010687,红河学院,overview,https://www.uoh.edu.cn/xqzl/xxgk.htm,https://www.uoh.edu.cn/xqzl/xxgk.htm,read,学校概况-红河学院,2026-10-01,
4153010687,红河学院,visual,https://www.uoh.edu.cn/xqzl/xxbs.htm,https://www.uoh.edu.cn/xqzl/xxbs.htm,read,学校标识-红河学院,2026-10-01,
4153010687,红河学院,culture,https://www.uoh.edu.cn/info/1173/99587.htm,https://www.uoh.edu.cn/info/1173/99587.htm,read,月映红院·情聚经管——经济管理学院中越师生中秋交流会圆满落幕-红河学院,2026-10-01,
4153010687,红河学院,history,https://www.uoh.edu.cn/xqzl/lsyg.htm,https://www.uoh.edu.cn/xqzl/lsyg.htm,read,历史沿革-红河学院,2026-10-01,
4153010687,红河学院,navigation,https://www.uoh.edu.cn/info/1096/99407.htm,https://www.uoh.edu.cn/info/1096/99407.htm,read,红河学院文艺轻骑兵走进边疆国门开展行走的思政课-红河学院,2026-10-01,
4153010687,红河学院,navigation,https://www.uoh.edu.cn/info/1173/95837.htm,https://www.uoh.edu.cn/info/1173/95837.htm,read,行走普洱悟新知 研学笃行聚同心——红河学院2026年“宏志助航计划”研学活动顺利落幕-红河学院,2026-10-01,
4153010687,红河学院,overview,https://www.uoh.edu.cn/xqzl/xxgk.htm,https://www.uoh.edu.cn/xqzl/xxgk.htm,read,学校概况-红河学院,2026-10-01,
4153010687,红河学院,history,https://www.uoh.edu.cn/xqzl/lsyg.htm,https://www.uoh.edu.cn/xqzl/lsyg.htm,read,历史沿革-红河学院,2026-10-01,
4153010687,红河学院,culture,https://www.uoh.edu.cn/info/1173/99587.htm,https://www.uoh.edu.cn/info/1173/99587.htm,read,月映红院·情聚经管——经济管理学院中越师生中秋交流会圆满落幕-红河学院,2026-10-01,
4153010689,云南财经大学,homepage,https://www.ynufe.edu.cn/,https://www.ynufe.edu.cn/,read,云南财经大学,2026-10-01,
4153010689,云南财经大学,overview,https://www.ynufe.edu.cn/xxgk/xxjj.htm,https://www.ynufe.edu.cn/xxgk/xxjj.htm,read,学校简介-云南财经大学,2026-10-01,
4153010689,云南财经大学,history,https://www.ynufe.edu.cn/xxgk/lsyg.htm,https://www.ynufe.edu.cn/xxgk/lsyg.htm,read,历史沿革-云南财经大学,2026-10-01,
4153010689,云南财经大学,english,https://www.ynufe.edu.cn/en/,https://www.ynufe.edu.cn/en/,read,Yunnan University of Finance and Economics,2026-10-01,
4153010689,云南财经大学,overview,https://www.ynufe.edu.cn/xxgk/xxjj.htm,https://www.ynufe.edu.cn/xxgk/xxjj.htm,read,学校简介-云南财经大学,2026-10-01,
4153010689,云南财经大学,history,https://www.ynufe.edu.cn/xxgk/lsyg.htm,https://www.ynufe.edu.cn/xxgk/lsyg.htm,read,历史沿革-云南财经大学,2026-10-01,
4153010690,云南艺术学院,homepage,https://www.ynart.edu.cn,https://www.ynart.edu.cn,read,云南艺术学院,2026-10-01,
4153010690,云南艺术学院,overview,https://www.ynart.edu.cn/xxgk/xxjj.htm,https://www.ynart.edu.cn/xxgk/xxjj.htm,read,学校简介-云南艺术学院,2026-10-01,
4153010690,云南艺术学院,visual,https://www.ynart.edu.cn/xxgk/xxbs.htm,https://www.ynart.edu.cn/xxgk/xxbs.htm,read,学校标识-云南艺术学院,2026-10-01,
4153010690,云南艺术学院,english,https://english.ynart.edu.cn/,https://english.ynart.edu.cn/,read,Yunnan Arts University,2026-10-01,
4153010690,云南艺术学院,overview,https://www.ynart.edu.cn/xxgk/xxjj.htm,https://www.ynart.edu.cn/xxgk/xxjj.htm,read,学校简介-云南艺术学院,2026-10-01,
4153010691,云南民族大学,homepage,https://www.ymu.edu.cn/,https://www.ymu.edu.cn/,read,云南民族大学,2026-10-01,
4153010691,云南民族大学,overview,https://www.ymu.edu.cn/xxgk/xxjj.htm,https://www.ymu.edu.cn/xxgk/xxjj.htm,read,学校简介-云南民族大学,2026-10-01,
4153010691,云南民族大学,navigation,https://www.ymu.edu.cn/info/1231/81931.htm,https://www.ymu.edu.cn/info/1231/81931.htm,read,【中国新闻网】14国留学生走进云南“花都”呈贡 用镜头记录丰收和秋季之美-云南民族大学,2026-10-01,
4153010691,云南民族大学,overview,https://www.ymu.edu.cn/xxgk/xxjj.htm,https://www.ymu.edu.cn/xxgk/xxjj.htm,read,学校简介-云南民族大学,2026-10-01,
4153011390,玉溪师范学院,homepage,https://www.yxnu.edu.cn/,https://www.yxnu.edu.cn/,read,玉溪师范学院,2026-10-01,
4153011390,玉溪师范学院,overview,https://www.yxnu.edu.cn/xxzl/xxjj.htm,https://www.yxnu.edu.cn/xxzl/xxjj.htm,read,学校简介-玉溪师范学院,2026-10-01,
4153011390,玉溪师范学院,overview,https://www.yxnu.edu.cn/info/1003/2518.htm,https://www.yxnu.edu.cn/info/1003/2518.htm,read,玉溪师范学院简介-玉溪师范学院,2026-10-01,
4153011390,玉溪师范学院,overview,https://www.yxnu.edu.cn/xxzl/xxjj.htm,https://www.yxnu.edu.cn/xxzl/xxjj.htm,read,学校简介-玉溪师范学院,2026-10-01,
4153011390,玉溪师范学院,overview,https://www.yxnu.edu.cn/info/1003/2518.htm,https://www.yxnu.edu.cn/info/1003/2518.htm,read,玉溪师范学院简介-玉溪师范学院,2026-10-01,
4153011391,楚雄师范学院,homepage,https://www.cxtc.edu.cn/,https://www.cxtc.edu.cn/,read,欢迎访问楚雄师范学院官网,2026-10-01,
4153011391,楚雄师范学院,overview,https://www.cxtc.edu.cn/xxgk/xxjj.htm,https://www.cxtc.edu.cn/xxgk/xxjj.htm,read,学校简介-欢迎访问楚雄师范学院官网,2026-10-01,
4153011391,楚雄师范学院,charter,https://www.cxtc.edu.cn/xxgk/xxzc.htm,https://www.cxtc.edu.cn/xxgk/xxzc.htm,read,学校章程-欢迎访问楚雄师范学院官网,2026-10-01,
4153011391,楚雄师范学院,visual,https://www.cxtc.edu.cn/xxgk/xxbs.htm,https://www.cxtc.edu.cn/xxgk/xxbs.htm,read,学校标识-欢迎访问楚雄师范学院官网,2026-10-01,
4153011391,楚雄师范学院,culture,https://www.cxtc.edu.cn/xywh.htm,https://www.cxtc.edu.cn/xywh.htm,read,校园文化-欢迎访问楚雄师范学院官网,2026-10-01,
4153011391,楚雄师范学院,navigation,https://www.cxtc.edu.cn/zjys.htm,https://www.cxtc.edu.cn/zjys.htm,read,走进雁山-欢迎访问楚雄师范学院官网,2026-10-01,
4153011391,楚雄师范学院,templates,https://www.cxtc.edu.cn/zjys/PPTmbxz.htm,https://www.cxtc.edu.cn/zjys/PPTmbxz.htm,read,PPT模板下载-欢迎访问楚雄师范学院官网,2026-10-01,
4153011391,楚雄师范学院,overview,https://www.cxtc.edu.cn/xxgk.htm,https://www.cxtc.edu.cn/xxgk.htm,read,学校概况-欢迎访问楚雄师范学院官网,2026-10-01,
4153011391,楚雄师范学院,visual,https://www.cxtc.edu.cn/info/1024/1029.htm,https://www.cxtc.edu.cn/info/1024/1029.htm,read,学校标识-欢迎访问楚雄师范学院官网,2026-10-01,
4153011391,楚雄师范学院,templates,https://www.cxtc.edu.cn/info/1291/5418.htm,https://www.cxtc.edu.cn/info/1291/5418.htm,read,楚雄师范学院PPT模板下载-欢迎访问楚雄师范学院官网,2026-10-01,
4153011391,楚雄师范学院,charter,https://www.cxtc.edu.cn/xxgk/xxzc.htm,https://www.cxtc.edu.cn/xxgk/xxzc.htm,read,学校章程-欢迎访问楚雄师范学院官网,2026-10-01,
4153011391,楚雄师范学院,overview,https://www.cxtc.edu.cn/xxgk.htm,https://www.cxtc.edu.cn/xxgk.htm,read,学校概况-欢迎访问楚雄师范学院官网,2026-10-01,
4153011391,楚雄师范学院,overview,https://www.cxtc.edu.cn/xxgk/xxjj.htm,https://www.cxtc.edu.cn/xxgk/xxjj.htm,read,学校简介-欢迎访问楚雄师范学院官网,2026-10-01,
4153011391,楚雄师范学院,culture,https://www.cxtc.edu.cn/xywh.htm,https://www.cxtc.edu.cn/xywh.htm,read,校园文化-欢迎访问楚雄师范学院官网,2026-10-01,
4153011392,云南警官学院,homepage,https://www.ynpc.edu.cn/,https://www.ynpc.edu.cn/,read,云南警官学院官方网站,2026-10-01,
4153011392,云南警官学院,overview,https://www.ynpc.edu.cn/cnPc/xyjj.html,https://www.ynpc.edu.cn/cnPc/xyjj.html,read,学院简介|云南警官学院官方网站,2026-10-01,
4153011392,云南警官学院,overview,https://www.ynpc.edu.cn/cnPc/xyjj.html,https://www.ynpc.edu.cn/cnPc/xyjj.html,read,学院简介|云南警官学院官方网站,2026-10-01,
4153011393,昆明学院,homepage,https://www.kmu.edu.cn/,,robots_disallowed,,2026-10-01,
4153011393,昆明学院,overview,https://www.kmu.edu.cn/xxgk/xxjj.htm,,robots_disallowed,,2026-10-01,
4153011393,昆明学院,visual,http://new.kmu.edu.cn/content.jsp?urltype=news.NewsContentUrl&wbtreeid=1032&wbnewsid=7086,https://new.kmu.edu.cn/content.jsp?urltype=news.NewsContentUrl&wbtreeid=1032&wbnewsid=7086,read,校园标识-昆明学院--昆明学院官方网站,2026-10-01,
4153011393,昆明学院,charter,https://new.kmu.edu.cn/xxgk/xyzc.htm,https://new.kmu.edu.cn/xxgk/xyzc.htm,read,学院章程-昆明学院--昆明学院官方网站,2026-10-01,
4153011393,昆明学院,overview,https://new.kmu.edu.cn/xxgk.htm,https://new.kmu.edu.cn/xxgk.htm,read,学校概况-昆明学院--昆明学院官方网站,2026-10-01,
4153011393,昆明学院,visual,https://new.kmu.edu.cn/content.jsp?urltype=news.NewsContentUrl&wbtreeid=1032&wbnewsid=7086,https://new.kmu.edu.cn/content.jsp?urltype=news.NewsContentUrl&wbtreeid=1032&wbnewsid=7086,read,校园标识-昆明学院--昆明学院官方网站,2026-10-01,
4153011393,昆明学院,overview,https://new.kmu.edu.cn/xxgk/xxjj.htm,https://new.kmu.edu.cn/xxgk/xxjj.htm,read,学校简介-昆明学院--昆明学院官方网站,2026-10-01,
4153011393,昆明学院,charter,https://new.kmu.edu.cn/xxgk/xyzc.htm,https://new.kmu.edu.cn/xxgk/xyzc.htm,read,学院章程-昆明学院--昆明学院官方网站,2026-10-01,
4153011393,昆明学院,overview,https://new.kmu.edu.cn/xxgk.htm,https://new.kmu.edu.cn/xxgk.htm,read,学校概况-昆明学院--昆明学院官方网站,2026-10-01,
4153011393,昆明学院,overview,https://new.kmu.edu.cn/xxgk/xxjj.htm,https://new.kmu.edu.cn/xxgk/xxjj.htm,read,学校简介-昆明学院--昆明学院官方网站,2026-10-01,
4153011556,文山学院,homepage,https://www.wsu.edu.cn/,https://www.wsu.edu.cn/,read,文山学院,2026-10-01,
4153011556,文山学院,overview,https://www.wsu.edu.cn/xxgk/xxgk.htm,https://www.wsu.edu.cn/xxgk/xxgk.htm,read,学校概况-文山学院,2026-10-01,
4153011556,文山学院,charter,https://www.wsu.edu.cn/wj/zhangcheng.pdf,https://www.wsu.edu.cn/wj/zhangcheng.pdf,read,,2026-10-01,
4153011556,文山学院,visual,https://www.wsu.edu.cn/index/xywh.htm,https://www.wsu.edu.cn/index/xywh.htm,read,校园文化-文山学院,2026-10-01,
4153011556,文山学院,english,http://english.wsu.edu.cn,https://english.wsu.edu.cn/index.htm,read,Wenshan University,2026-10-01,
4153011556,文山学院,charter,https://www.wsu.edu.cn/wj/zhangcheng.pdf,https://www.wsu.edu.cn/wj/zhangcheng.pdf,read,,2026-10-01,
4153011556,文山学院,overview,https://www.wsu.edu.cn/xxgk/xxgk.htm,https://www.wsu.edu.cn/xxgk/xxgk.htm,read,学校概况-文山学院,2026-10-01,
4153013326,滇池学院,homepage,https://www.dcc.edu.cn/,https://www.dcc.edu.cn/,read,滇池学院 官网,2026-10-01,
4153013326,滇池学院,overview,https://www.dcc.edu.cn/news/article/202607/1783067942143/,https://www.dcc.edu.cn/news/article/202607/1783067942143/,read,滇池学院简介 - 滇池学院，云南大学滇池学院,2026-10-01,
4153013326,滇池学院,overview,https://www.dcc.edu.cn/news/article/202607/1783067942143/,https://www.dcc.edu.cn/news/article/202607/1783067942143/,read,滇池学院简介 - 滇池学院，云南大学滇池学院,2026-10-01,
4153014092,滇西科技师范学院,homepage,https://www.wynu.edu.cn/,,access_limited,,2026-10-01,URLError
4153014092,滇西科技师范学院,overview,https://www.wynu.edu.cn/info/1311/204251.htm,,access_limited,,2026-10-01,URLError
4153014092,滇西科技师范学院,visual,https://www.wynu.edu.cn/xxgg/xxbs.htm,,access_limited,,2026-10-01,URLError
4153014623,滇西应用技术大学,homepage,https://www.wyuas.edu.cn/,,fetch_error,,2026-10-01,URLError
4153014623,滇西应用技术大学,charter,https://jyt.yn.gov.cn/zfxxgk/fdzdgknr/xzxk/202310/t20231025_3699152.html,,access_limited,,2026-10-01,timeout
4153014015,丽江师范学院,homepage,https://www.lj-edu.cn/,,fetch_error,,2026-10-01,URLError
4153014015,丽江师范学院,overview,https://rsc.ljnu.edu.cn/,https://rsc.ljnu.edu.cn/,read,人事处,2026-10-01,
4153014015,丽江师范学院,overview,https://jwc.ljnu.edu.cn/,https://jwc.ljnu.edu.cn/,read,教务处、课程中心、创新创业学院,2026-10-01,
4153014015,丽江师范学院,overview,https://www.ljnu.edu.cn/index.htm,https://www.ljnu.edu.cn/index.htm,read,丽江师范学院,2026-10-01,
4153014015,丽江师范学院,overview,https://www.ljnu.edu.cn/xxgk/xxjj.htm,https://www.ljnu.edu.cn/xxgk/xxjj.htm,read,学校简介-丽江师范学院,2026-10-01,
4153014015,丽江师范学院,overview,https://rsc.ljnu.edu.cn/,https://rsc.ljnu.edu.cn/,read,人事处,2026-10-01,
4153014015,丽江师范学院,overview,https://jwc.ljnu.edu.cn/,https://jwc.ljnu.edu.cn/,read,教务处、课程中心、创新创业学院,2026-10-01,
4153014015,丽江师范学院,overview,https://www.ljnu.edu.cn/index.htm,https://www.ljnu.edu.cn/index.htm,read,丽江师范学院,2026-10-01,
4153014016,德宏师范学院,homepage,http://www.dhecw.cn,,fetch_error,,2026-10-01,timeout
4153014016,德宏师范学院,charter,https://gaokao.chsi.com.cn/zsgs/zhangcheng/listVerifedZszc--method-view%2CschId-5374865%2CinfoId-7638071710.dhtml,,access_limited,,2026-10-01,HTTPError
4153014012,曲靖健康医学院,homepage,https://www.qjmc.edu.cn/,,fetch_error,,2026-10-01,URLError
4153014012,曲靖健康医学院,overview,https://www.moe.gov.cn/srcsite/A03/s181/202506/t20250619_1194815.html,http://www.moe.gov.cn/srcsite/A03/s181/202506/t20250619_1194815.html,read,教育部关于同意设置曲靖健康医学院的函 - 中华人民共和国教育部政府门户网站,2026-10-01,
4153014012,曲靖健康医学院,charter,https://gaokao.chsi.com.cn/zsgs/zhangcheng/listVerifedZszc--method-view%2CschId-5357462%2CinfoId-7650913805.dhtml,,access_limited,,2026-10-01,HTTPError
4153014012,曲靖健康医学院,overview,http://www.moe.gov.cn/srcsite/A03/s181/202506/t20250619_1194815.html,http://www.moe.gov.cn/srcsite/A03/s181/202506/t20250619_1194815.html,read,教育部关于同意设置曲靖健康医学院的函 - 中华人民共和国教育部政府门户网站,2026-10-01,
4154010693,西藏农牧大学,homepage,https://www.xza.edu.cn/,https://www.xza.edu.cn/,read,西藏农牧大学,2026-10-01,
4154010693,西藏农牧大学,overview,https://www.xza.edu.cn/xxgkinfo/xxjj.htm,https://www.xza.edu.cn/xxgkinfo/xxjj.htm,read,学校简介-西藏农牧大学,2026-10-01,
4154010693,西藏农牧大学,visual,https://www.xza.edu.cn/xxgkinfo/whbs/xh.htm,https://www.xza.edu.cn/xxgkinfo/whbs/xh.htm,read,校徽-西藏农牧大学,2026-10-01,
4154010693,西藏农牧大学,culture,https://www.xza.edu.cn/xxgkinfo/whbs/xg.htm,https://www.xza.edu.cn/xxgkinfo/whbs/xg.htm,read,校歌-西藏农牧大学,2026-10-01,
4154010693,西藏农牧大学,history,https://www.xza.edu.cn/xxgkinfo/lsyg.htm,https://www.xza.edu.cn/xxgkinfo/lsyg.htm,read,历史沿革-西藏农牧大学,2026-10-01,
4154010693,西藏农牧大学,overview,https://www.xza.edu.cn/xxgkinfo.htm,https://www.xza.edu.cn/xxgkinfo.htm,read,学校概况-西藏农牧大学,2026-10-01,
4154010693,西藏农牧大学,culture,https://www.xza.edu.cn/xxgkinfo/whbs/xxxf.htm,https://www.xza.edu.cn/xxgkinfo/whbs/xxxf.htm,read,校训校风-西藏农牧大学,2026-10-01,
4154010693,西藏农牧大学,overview,https://www.xza.edu.cn/xxgkinfo.htm,https://www.xza.edu.cn/xxgkinfo.htm,read,学校概况-西藏农牧大学,2026-10-01,
4154010693,西藏农牧大学,overview,https://www.xza.edu.cn/xxgkinfo/xxjj.htm,https://www.xza.edu.cn/xxgkinfo/xxjj.htm,read,学校简介-西藏农牧大学,2026-10-01,
4154010693,西藏农牧大学,history,https://www.xza.edu.cn/xxgkinfo/lsyg.htm,https://www.xza.edu.cn/xxgkinfo/lsyg.htm,read,历史沿革-西藏农牧大学,2026-10-01,
4154010693,西藏农牧大学,culture,https://www.xza.edu.cn/xxgkinfo/whbs/xg.htm,https://www.xza.edu.cn/xxgkinfo/whbs/xg.htm,read,校歌-西藏农牧大学,2026-10-01,
4154010693,西藏农牧大学,culture,https://www.xza.edu.cn/xxgkinfo/whbs/xxxf.htm,https://www.xza.edu.cn/xxgkinfo/whbs/xxxf.htm,read,校训校风-西藏农牧大学,2026-10-01,
4154010694,西藏大学,homepage,https://www.xzu.edu.cn/,,access_limited,,2026-10-01,URLError
4154010695,西藏民族大学,homepage,http://www.xzmy.edu.cn,,fetch_error,,2026-10-01,URLError
4154010695,西藏民族大学,overview,https://www.xzmu.edu.cn/,https://www.xzmu.edu.cn/,read,欢迎光临西藏民族大学主页,2026-10-01,
4154010695,西藏民族大学,overview,https://www1.xzmu.edu.cn/index.jsp,https://www1.xzmu.edu.cn/index.jsp,read,西藏民族大学本科招生信息网,2026-10-01,
4154010695,西藏民族大学,overview,https://www.xzmu.edu.cn/xzmu/index,https://www.xzmu.edu.cn/xzmu/index,read,欢迎光临西藏民族大学主页,2026-10-01,
4154010695,西藏民族大学,overview,https://www.xzmu.edu.cn/xzmu/contentlist?d1=1&d2=997&d3=1&per=1&url=xxgk,https://www.xzmu.edu.cn/xzmu/contentlist?d1=1&d2=997&d3=1&per=1&url=xxgk,read,学校简介--学校概况---西藏民族大学,2026-10-01,
4154010695,西藏民族大学,overview,https://www.xzmu.edu.cn/,https://www.xzmu.edu.cn/,read,欢迎光临西藏民族大学主页,2026-10-01,
4154010695,西藏民族大学,overview,https://www1.xzmu.edu.cn/index.jsp,https://www1.xzmu.edu.cn/index.jsp,read,西藏民族大学本科招生信息网,2026-10-01,
4154010695,西藏民族大学,overview,https://www.xzmu.edu.cn/xzmu/index,https://www.xzmu.edu.cn/xzmu/index,read,欢迎光临西藏民族大学主页,2026-10-01,
4154010696,西藏藏医药大学,homepage,http://www.ttmc.edu.cn/,,fetch_error,,2026-10-01,timeout
4154010696,西藏藏医药大学,charter,https://xcb.ttmc.edu.cn/info/1004/11031.htm,,access_limited,,2026-10-01,timeout
4154010696,西藏藏医药大学,overview,https://ttmc.edu.cn/info/1004/9558.htm,,access_limited,,2026-10-01,timeout
4154010696,西藏藏医药大学,overview,https://www.xizang.gov.cn/zwgk/zdxxlygk/czyjsgk/202602/t20260210_524219.html,,access_limited,,2026-10-01,HTTPError
4154012481,拉萨师范学院,homepage,http://www.xzlssf.org/,,site_unverified,,2026-10-01,
4154012481,拉萨师范学院,overview,https://jyj.lasa.gov.cn/jiaoyuju/czys/202603/af8ebde8bb6849fd9576397c46fe8672.shtml,,access_limited,,2026-10-01,URLError
4154012481,拉萨师范学院,overview,https://www.lasa.gov.cn/lasa/ldhd/202508/55f2834951be42c29791d524f55fe318.shtml,https://www.lasa.gov.cn/lasa/ldhd/202508/55f2834951be42c29791d524f55fe318.shtml,read,拉萨师范学院揭牌仪式举行 肖友才出席并致辞_领导活动_拉萨市人民政府,2026-10-01,
4154012481,拉萨师范学院,overview,https://www.lasa.gov.cn/lasa/lsyw/202504/4e59965aaca742198f73af1beac572d7.shtml,https://www.lasa.gov.cn/lasa/lsyw/202504/4e59965aaca742198f73af1beac572d7.shtml,read,践行使命 点亮梦想——拉萨师范高等专科学校“变身”拉萨师范学院_拉萨要闻_拉萨市人民政府,2026-10-01,
4154012481,拉萨师范学院,overview,https://jyj.lasa.gov.cn/jiaoyuju/czys/202603/af8ebde8bb6849fd9576397c46fe8672.shtml,,robots_disallowed,,2026-10-01,
4161010697,西北大学,homepage,http://www.nwu.edu.cn/,http://www.nwu.edu.cn/,read,西北大学,2026-10-01,
4161010697,西北大学,overview,http://www.nwu.edu.cn/xxgk/xxjj.htm,http://www.nwu.edu.cn/xxgk/xxjj.htm,read,学校简介-西北大学,2026-10-01,
4161010697,西北大学,visual,http://www.nwu.edu.cn/xxgk/xxbs.htm,http://www.nwu.edu.cn/xxgk/xxbs.htm,read,学校标识-西北大学,2026-10-01,
4161010697,西北大学,culture,http://www.nwu.edu.cn/azxd/xywh.htm,http://www.nwu.edu.cn/azxd/xywh.htm,read,校园文化-西北大学,2026-10-01,
4161010697,西北大学,history,http://www.nwu.edu.cn/xxgk/lsyg.htm,http://www.nwu.edu.cn/xxgk/lsyg.htm,read,历史沿革-西北大学,2026-10-01,
4161010697,西北大学,navigation,http://www.nwu.edu.cn/info/1067/21816.htm,http://www.nwu.edu.cn/info/1067/21816.htm,read,我校开展“到延安去”·三秦学子圣地行实践活动-西北大学,2026-10-01,
4161010697,西北大学,visual,http://www.nwu.edu.cn/xxgk/xxbs/xb.htm,http://www.nwu.edu.cn/xxgk/xxbs/xb.htm,read,校标-西北大学,2026-10-01,
4161010697,西北大学,culture,http://www.nwu.edu.cn/xxgk/xxbs/xx.htm,http://www.nwu.edu.cn/xxgk/xxbs/xx.htm,read,校训-西北大学,2026-10-01,
4161010697,西北大学,visual,http://www.nwu.edu.cn/xxgk/xxbs/xqxh.htm,http://www.nwu.edu.cn/xxgk/xxbs/xqxh.htm,read,校旗校徽-西北大学,2026-10-01,
4161010697,西北大学,overview,http://www.nwu.edu.cn/xxgk/xxjj.htm,http://www.nwu.edu.cn/xxgk/xxjj.htm,read,学校简介-西北大学,2026-10-01,
4161010697,西北大学,history,http://www.nwu.edu.cn/xxgk/lsyg.htm,http://www.nwu.edu.cn/xxgk/lsyg.htm,read,历史沿革-西北大学,2026-10-01,
4161010697,西北大学,culture,http://www.nwu.edu.cn/azxd/xywh.htm,http://www.nwu.edu.cn/azxd/xywh.htm,read,校园文化-西北大学,2026-10-01,
4161010697,西北大学,culture,http://www.nwu.edu.cn/xxgk/xxbs/xx.htm,http://www.nwu.edu.cn/xxgk/xxbs/xx.htm,read,校训-西北大学,2026-10-01,
4161010698,西安交通大学,homepage,http://www.xjtu.edu.cn/,http://www.xjtu.edu.cn/,read,西安交通大学,2026-10-01,
4161010698,西安交通大学,visual,http://vi.xjtu.edu.cn/,http://vi.xjtu.edu.cn/,read,视觉形象识别系统,2026-10-01,
4161010698,西安交通大学,culture,http://wmw.xjtu.edu.cn/,http://wmw.xjtu.edu.cn/,read,文明网,2026-10-01,
4161010698,西安交通大学,history,http://www.xjtu.edu.cn/jdgk/xsyg.htm,http://www.xjtu.edu.cn/jdgk/xsyg.htm,read,校史沿革-西安交通大学,2026-10-01,
4161010698,西安交通大学,templates,https://vi.xjtu.edu.cn/yybf/PPTmb.htm,https://vi.xjtu.edu.cn/yybf/PPTmb.htm,read,PPT模板-视觉形象识别系统,2026-10-01,
4161010698,西安交通大学,english,http://en.xjtu.edu.cn/,http://en.xjtu.edu.cn/,read,Welcome to Xi'an Jiaotong University!,2026-10-01,
4161010698,西安交通大学,navigation,http://info.xjtu.edu.cn/,https://info.xjtu.edu.cn/,read,交大综合信息,2026-10-01,
4161010698,西安交通大学,visual,http://www.xjtu.edu.cn/jdgk/xxbs.htm,http://www.xjtu.edu.cn/jdgk/xxbs.htm,read,学校标识-西安交通大学,2026-10-01,
4161010698,西安交通大学,culture,http://wmw.xjtu.edu.cn/info/1008/4261.htm,http://wmw.xjtu.edu.cn/info/1008/4261.htm,read,「仙交艺周」好剧推送（第九期）-文明网,2026-10-01,
4161010698,西安交通大学,templates,http://vi.xjtu.edu.cn/yybf/PPTmb.htm,http://vi.xjtu.edu.cn/yybf/PPTmb.htm,read,PPT模板-视觉形象识别系统,2026-10-01,
4161010698,西安交通大学,history,http://www.xjtu.edu.cn/jdgk/xsyg.htm,http://www.xjtu.edu.cn/jdgk/xsyg.htm,read,校史沿革-西安交通大学,2026-10-01,
4161010698,西安交通大学,culture,http://wmw.xjtu.edu.cn/,http://wmw.xjtu.edu.cn/,read,文明网,2026-10-01,
4161010698,西安交通大学,culture,http://wmw.xjtu.edu.cn/info/1008/4261.htm,http://wmw.xjtu.edu.cn/info/1008/4261.htm,read,「仙交艺周」好剧推送（第九期）-文明网,2026-10-01,
4161010699,西北工业大学,homepage,https://www.nwpu.edu.cn/,https://www.nwpu.edu.cn/,read,西北工业大学,2026-10-01,
4161010699,西北工业大学,overview,https://www.nwpu.edu.cn/xxgk/xxjj.htm,https://www.nwpu.edu.cn/xxgk/xxjj.htm,read,学校简介-西北工业大学,2026-10-01,
4161010699,西北工业大学,visual,http://news.nwpu.edu.cn/xcb/index/xxsbxt.htm,https://news.nwpu.edu.cn/xcb/index/xxsbxt.htm,read,形象识别系统-视窗-西北工业大学新闻网,2026-10-01,
4161010699,西北工业大学,culture,https://news.nwpu.edu.cn/info/1210/46716.htm,https://news.nwpu.edu.cn/info/1210/46716.htm,read,西北工业大学校训-视窗-西北工业大学新闻网,2026-10-01,
4161010699,西北工业大学,navigation,https://www.nwpu.edu.cn/xxgk/xxls.htm,https://www.nwpu.edu.cn/xxgk/xxls.htm,read,学校历史-西北工业大学,2026-10-01,
4161010699,西北工业大学,overview,https://www.nwpu.edu.cn/xxgk.htm,https://www.nwpu.edu.cn/xxgk.htm,read,学校概况-西北工业大学,2026-10-01,
4161010699,西北工业大学,visual,https://news.nwpu.edu.cn/xcb/index/xxsbxt.htm,https://news.nwpu.edu.cn/xcb/index/xxsbxt.htm,read,形象识别系统-视窗-西北工业大学新闻网,2026-10-01,
4161010699,西北工业大学,culture,https://news.nwpu.edu.cn/info/1210/46712.htm,https://news.nwpu.edu.cn/info/1210/46712.htm,read,西北工业大学校歌-视窗-西北工业大学新闻网,2026-10-01,
4161010699,西北工业大学,visual,https://news.nwpu.edu.cn/info/1210/46709.htm,https://news.nwpu.edu.cn/info/1210/46709.htm,read,西北工业大学校标-视窗-西北工业大学新闻网,2026-10-01,
4161010699,西北工业大学,overview,https://www.nwpu.edu.cn/xxgk.htm,https://www.nwpu.edu.cn/xxgk.htm,read,学校概况-西北工业大学,2026-10-01,
4161010699,西北工业大学,overview,https://www.nwpu.edu.cn/xxgk/xxjj.htm,https://www.nwpu.edu.cn/xxgk/xxjj.htm,read,学校简介-西北工业大学,2026-10-01,
4161010699,西北工业大学,culture,https://news.nwpu.edu.cn/info/1210/46716.htm,https://news.nwpu.edu.cn/info/1210/46716.htm,read,西北工业大学校训-视窗-西北工业大学新闻网,2026-10-01,
4161010699,西北工业大学,culture,https://news.nwpu.edu.cn/info/1210/46712.htm,https://news.nwpu.edu.cn/info/1210/46712.htm,read,西北工业大学校歌-视窗-西北工业大学新闻网,2026-10-01,
4161010700,西安理工大学,homepage,https://www.xaut.edu.cn/,https://www.xaut.edu.cn/,read,欢迎访问西安理工大学,2026-10-01,
4161010700,西安理工大学,overview,https://www.xaut.edu.cn/xxgk/xxjj.htm,https://www.xaut.edu.cn/xxgk/xxjj.htm,read,学校简介-欢迎访问西安理工大学,2026-10-01,
4161010700,西安理工大学,visual,https://www.xaut.edu.cn/xxgk/xxbs.htm,https://www.xaut.edu.cn/xxgk/xxbs.htm,read,学校标识-欢迎访问西安理工大学,2026-10-01,
4161010700,西安理工大学,culture,https://www.xaut.edu.cn/xxgk/xg.htm,https://www.xaut.edu.cn/xxgk/xg.htm,read,校歌-欢迎访问西安理工大学,2026-10-01,
4161010700,西安理工大学,history,https://www.xaut.edu.cn/info/1385/25330.htm,https://www.xaut.edu.cn/info/1385/25330.htm,read,陕投新兴公司总经理邹一博一行来我校调研交流-欢迎访问西安理工大学,2026-10-01,
4161010700,西安理工大学,english,https://en.xaut.edu.cn/,https://en.xaut.edu.cn/,read,西安理工大学英文网站,2026-10-01,
4161010700,西安理工大学,culture,https://www.xaut.edu.cn/xxgk/xxxf.htm,https://www.xaut.edu.cn/xxgk/xxxf.htm,read,校训校风-欢迎访问西安理工大学,2026-10-01,
4161010700,西安理工大学,overview,https://www.xaut.edu.cn/xxgk/xxjj.htm,https://www.xaut.edu.cn/xxgk/xxjj.htm,read,学校简介-欢迎访问西安理工大学,2026-10-01,
4161010700,西安理工大学,history,https://www.xaut.edu.cn/info/1385/25330.htm,https://www.xaut.edu.cn/info/1385/25330.htm,read,陕投新兴公司总经理邹一博一行来我校调研交流-欢迎访问西安理工大学,2026-10-01,
4161010700,西安理工大学,culture,https://www.xaut.edu.cn/xxgk/xg.htm,https://www.xaut.edu.cn/xxgk/xg.htm,read,校歌-欢迎访问西安理工大学,2026-10-01,
4161010700,西安理工大学,culture,https://www.xaut.edu.cn/xxgk/xxxf.htm,https://www.xaut.edu.cn/xxgk/xxxf.htm,read,校训校风-欢迎访问西安理工大学,2026-10-01,
4161010701,西安电子科技大学,homepage,https://www.xidian.edu.cn/,https://www.xidian.edu.cn/,read,西安电子科技大学,2026-10-01,
4161010701,西安电子科技大学,overview,https://www.xidian.edu.cn/xxgk.htm#A,https://www.xidian.edu.cn/xxgk.htm#A,read,学校概况-西安电子科技大学,2026-10-01,
4161010701,西安电子科技大学,charter,https://www.xidian.edu.cn/xxgk.htm,https://www.xidian.edu.cn/xxgk.htm,read,学校概况-西安电子科技大学,2026-10-01,
4161010701,西安电子科技大学,visual,http://news.xidian.edu.cn/VIS.htm,https://news.xidian.edu.cn/VIS.htm,read,VIS-西安电子科技大学新闻网,2026-10-01,
4161010701,西安电子科技大学,english,http://en.xidian.edu.cn/,https://en.xidian.edu.cn/,read,XIDIAN UNIVERSITY,2026-10-01,
4161010701,西安电子科技大学,navigation,http://info.xidian.edu.cn/,https://info.xidian.edu.cn/,read,西安电子科技大学  综合信息网,2026-10-01,
4161010701,西安电子科技大学,overview,https://www.xidian.edu.cn/xxgk/xxjj.htm,https://www.xidian.edu.cn/xxgk/xxjj.htm,read,学校简介-西安电子科技大学,2026-10-01,
4161010701,西安电子科技大学,charter,https://www.xidian.edu.cn/xxgk/xxjj1.htm,https://www.xidian.edu.cn/xxgk/xxjj1.htm,read,学校章程-西安电子科技大学,2026-10-01,
4161010701,西安电子科技大学,navigation,https://info.xidian.edu.cn/info/1167/116400.htm,https://info.xidian.edu.cn/info/1167/116400.htm,read,“芯企同行·数贸芯场景”活动走进西电杭州研究院-西安电子科技大学  综合信息网,2026-10-01,
4161010701,西安电子科技大学,charter,https://www.xidian.edu.cn/xxgk.htm,https://www.xidian.edu.cn/xxgk.htm,read,学校概况-西安电子科技大学,2026-10-01,
4161010701,西安电子科技大学,charter,https://www.xidian.edu.cn/xxgk/xxjj1.htm,https://www.xidian.edu.cn/xxgk/xxjj1.htm,read,学校章程-西安电子科技大学,2026-10-01,
4161010701,西安电子科技大学,overview,https://www.xidian.edu.cn/xxgk.htm#A,https://www.xidian.edu.cn/xxgk.htm#A,read,学校概况-西安电子科技大学,2026-10-01,
4161010701,西安电子科技大学,overview,https://www.xidian.edu.cn/xxgk/xxjj.htm,https://www.xidian.edu.cn/xxgk/xxjj.htm,read,学校简介-西安电子科技大学,2026-10-01,
4161010702,西安工业大学,homepage,https://www.xatu.edu.cn/,https://www.xatu.edu.cn/,read,西安工业大学,2026-10-01,
4161010702,西安工业大学,overview,https://www.xatu.edu.cn/xxgk/xxjj.htm,https://www.xatu.edu.cn/xxgk/xxjj.htm,read,学校简介-西安工业大学,2026-10-01,
4161010702,西安工业大学,charter,https://www.xatu.edu.cn/xxgk/xxzc.htm,https://www.xatu.edu.cn/xxgk/xxzc.htm,read,学校章程-西安工业大学,2026-10-01,
4161010702,西安工业大学,english,https://en.xatu.edu.cn/,https://en.xatu.edu.cn/,read,门户英文网站,2026-10-01,
4161010702,西安工业大学,navigation,https://www.xatu.edu.cn/info/1034/31776.htm,https://www.xatu.edu.cn/info/1034/31776.htm,read,校企携手促就业 精准对接育英才 ——浙江永盛走进我校机电工程学院开展专场招聘会-西安工业大学,2026-10-01,
4161010702,西安工业大学,english,https://en.xatu.edu.cn/info/1005/1351.htm,https://en.xatu.edu.cn/info/1005/1351.htm,read,Students of Our University Win Grand Prize in 2026 National English Competition for College Students (Shaanxi Region)-门户英文网站,2026-10-01,
4161010702,西安工业大学,charter,https://www.xatu.edu.cn/xxgk/xxzc.htm,https://www.xatu.edu.cn/xxgk/xxzc.htm,read,学校章程-西安工业大学,2026-10-01,
4161010702,西安工业大学,overview,https://www.xatu.edu.cn/xxgk/xxjj.htm,https://www.xatu.edu.cn/xxgk/xxjj.htm,read,学校简介-西安工业大学,2026-10-01,
4161010703,西安建筑科技大学,homepage,https://www.xauat.edu.cn/,https://www.xauat.edu.cn/,read,西安建筑科技大学,2026-10-01,
4161010703,西安建筑科技大学,overview,https://www.xauat.edu.cn/jdgk/xxjj.htm,https://www.xauat.edu.cn/jdgk/xxjj.htm,read,学校简介-西安建筑科技大学,2026-10-01,
4161010703,西安建筑科技大学,charter,https://www.xauat.edu.cn/jdgk/dxzc.htm,https://www.xauat.edu.cn/jdgk/dxzc.htm,read,大学章程-西安建筑科技大学,2026-10-01,
4161010703,西安建筑科技大学,visual,https://www.xauat.edu.cn/xywh/xxbs.htm,https://www.xauat.edu.cn/xywh/xxbs.htm,read,学校标识-西安建筑科技大学,2026-10-01,
4161010703,西安建筑科技大学,history,https://www.xauat.edu.cn/jdgk/xsyg.htm,https://www.xauat.edu.cn/jdgk/xsyg.htm,read,校史沿革-西安建筑科技大学,2026-10-01,
4161010703,西安建筑科技大学,english,https://www.xauat.edu.cn/gwyw/,https://www.xauat.edu.cn/gwyw/,read,Xi'an University of Architecture and Technology,2026-10-01,
4161010703,西安建筑科技大学,visual,https://www.xauat.edu.cn/wj/bssc.pdf,,access_limited,,2026-10-01,ValueError
4161010703,西安建筑科技大学,visual,https://www.xauat.edu.cn/wj/sc0508.pdf,,access_limited,,2026-10-01,ValueError
4161010703,西安建筑科技大学,charter,https://www.xauat.edu.cn/jdgk/dxzc.htm,https://www.xauat.edu.cn/jdgk/dxzc.htm,read,大学章程-西安建筑科技大学,2026-10-01,
4161010703,西安建筑科技大学,overview,https://www.xauat.edu.cn/jdgk/xxjj.htm,https://www.xauat.edu.cn/jdgk/xxjj.htm,read,学校简介-西安建筑科技大学,2026-10-01,
4161010703,西安建筑科技大学,history,https://www.xauat.edu.cn/jdgk/xsyg.htm,https://www.xauat.edu.cn/jdgk/xsyg.htm,read,校史沿革-西安建筑科技大学,2026-10-01,
4161010704,西安科技大学,homepage,https://www.xust.edu.cn,https://www.xust.edu.cn,read,西安科技大学欢迎您！,2026-10-01,
4161010704,西安科技大学,overview,https://www.xust.edu.cn/xyjj/xxgk.htm,https://www.xust.edu.cn/xyjj/xxgk.htm,read,学校概况-西安科技大学欢迎您！,2026-10-01,
4161010704,西安科技大学,charter,https://www.xust.edu.cn/xyjj/xxzc.htm,https://www.xust.edu.cn/xyjj/xxzc.htm,read,学校章程-西安科技大学欢迎您！,2026-10-01,
4161010704,西安科技大学,culture,https://www.xust.edu.cn/xyjj/xfxx.htm,https://www.xust.edu.cn/xyjj/xfxx.htm,read,校风校训 -西安科技大学欢迎您！,2026-10-01,
4161010704,西安科技大学,history,https://www.xust.edu.cn/xyjj/lsyg.htm,https://www.xust.edu.cn/xyjj/lsyg.htm,read,历史沿革-西安科技大学欢迎您！,2026-10-01,
4161010704,西安科技大学,charter,https://www.xust.edu.cn/xyjj/xxzc.htm,https://www.xust.edu.cn/xyjj/xxzc.htm,read,学校章程-西安科技大学欢迎您！,2026-10-01,
4161010704,西安科技大学,overview,https://www.xust.edu.cn/xyjj/xxgk.htm,https://www.xust.edu.cn/xyjj/xxgk.htm,read,学校概况-西安科技大学欢迎您！,2026-10-01,
4161010704,西安科技大学,history,https://www.xust.edu.cn/xyjj/lsyg.htm,https://www.xust.edu.cn/xyjj/lsyg.htm,read,历史沿革-西安科技大学欢迎您！,2026-10-01,
4161010704,西安科技大学,culture,https://www.xust.edu.cn/xyjj/xfxx.htm,https://www.xust.edu.cn/xyjj/xfxx.htm,read,校风校训 -西安科技大学欢迎您！,2026-10-01,
4161010705,西安石油大学,homepage,https://www.xsyu.edu.cn/,https://www.xsyu.edu.cn/,read,西安石油大学,2026-10-01,
4161010705,西安石油大学,overview,https://www.xsyu.edu.cn/xxgk/xxgk.htm,https://www.xsyu.edu.cn/xxgk/xxgk.htm,read,学校概况-西安石油大学,2026-10-01,
4161010705,西安石油大学,visual,https://www.xsyu.edu.cn/xxgk/xhxg.htm,https://www.xsyu.edu.cn/xxgk/xhxg.htm,read,校徽校歌-西安石油大学,2026-10-01,
4161010705,西安石油大学,culture,https://www.xsyu.edu.cn/xxgk/xfxx.htm,https://www.xsyu.edu.cn/xxgk/xfxx.htm,read,校风校训-西安石油大学,2026-10-01,
4161010705,西安石油大学,history,https://www.xsyu.edu.cn/xxgk/lsyg.htm,https://www.xsyu.edu.cn/xxgk/lsyg.htm,read,历史沿革-西安石油大学,2026-10-01,
4161010705,西安石油大学,english,http://english.xsyu.edu.cn/,http://english.xsyu.edu.cn/,read,西安石油大学,2026-10-01,
4161010705,西安石油大学,navigation,https://www.xsyu.edu.cn/zjxy/xywh.htm,https://www.xsyu.edu.cn/zjxy/xywh.htm,read,校园文化-西安石油大学,2026-10-01,
4161010705,西安石油大学,culture,https://www.xsyu.edu.cn/info/1047/42799.htm,https://www.xsyu.edu.cn/info/1047/42799.htm,read,西安石油大学校歌《辉煌明天》-西安石油大学,2026-10-01,
4161010705,西安石油大学,visual,https://www.xsyu.edu.cn/info/1047/21893.htm,https://www.xsyu.edu.cn/info/1047/21893.htm,read,校徽校歌-西安石油大学,2026-10-01,
4161010705,西安石油大学,overview,https://www.xsyu.edu.cn/xxgk/xxgk.htm,https://www.xsyu.edu.cn/xxgk/xxgk.htm,read,学校概况-西安石油大学,2026-10-01,
4161010705,西安石油大学,history,https://www.xsyu.edu.cn/xxgk/lsyg.htm,https://www.xsyu.edu.cn/xxgk/lsyg.htm,read,历史沿革-西安石油大学,2026-10-01,
4161010705,西安石油大学,culture,https://www.xsyu.edu.cn/xxgk/xfxx.htm,https://www.xsyu.edu.cn/xxgk/xfxx.htm,read,校风校训-西安石油大学,2026-10-01,
4161010705,西安石油大学,culture,https://www.xsyu.edu.cn/info/1047/42799.htm,https://www.xsyu.edu.cn/info/1047/42799.htm,read,西安石油大学校歌《辉煌明天》-西安石油大学,2026-10-01,
4161010708,陕西科技大学,homepage,http://www.sust.edu.cn/,,robots_disallowed,,2026-10-01,
4161010709,西安工程大学,homepage,https://www.xpu.edu.cn/,https://www.xpu.edu.cn/,read,西安工程大学,2026-10-01,
4161010709,西安工程大学,overview,https://www.xpu.edu.cn/xue_xiao_gai_kuang/xxjj.htm,https://www.xpu.edu.cn/xue_xiao_gai_kuang/xxjj.htm,read,学校简介-西安工程大学,2026-10-01,
4161010709,西安工程大学,charter,https://www.xpu.edu.cn/xue_xiao_gai_kuang/xxzc.htm,https://www.xpu.edu.cn/xue_xiao_gai_kuang/xxzc.htm,read,学校章程-西安工程大学,2026-10-01,
4161010709,西安工程大学,history,https://www.xpu.edu.cn/xue_xiao_gai_kuang/lsyg.htm,https://www.xpu.edu.cn/xue_xiao_gai_kuang/lsyg.htm,read,历史沿革-西安工程大学,2026-10-01,
4161010709,西安工程大学,charter,https://www.xpu.edu.cn/xue_xiao_gai_kuang/xxzc.htm,https://www.xpu.edu.cn/xue_xiao_gai_kuang/xxzc.htm,read,学校章程-西安工程大学,2026-10-01,
4161010709,西安工程大学,overview,https://www.xpu.edu.cn/xue_xiao_gai_kuang/xxjj.htm,https://www.xpu.edu.cn/xue_xiao_gai_kuang/xxjj.htm,read,学校简介-西安工程大学,2026-10-01,
4161010709,西安工程大学,history,https://www.xpu.edu.cn/xue_xiao_gai_kuang/lsyg.htm,https://www.xpu.edu.cn/xue_xiao_gai_kuang/lsyg.htm,read,历史沿革-西安工程大学,2026-10-01,
4161010710,长安大学,homepage,https://www.chd.edu.cn/,,access_limited,,2026-10-01,URLError
4161010710,长安大学,overview,https://www.chd.edu.cn/xxgk/xxjj.htm,,access_limited,,2026-10-01,URLError
4161010710,长安大学,history,https://www.chd.edu.cn/xxgk/lsyg.htm,https://www.chd.edu.cn/xxgk/lsyg.htm,read,历史沿革-长安大学,2026-10-01,
4161010710,长安大学,history,https://www.chd.edu.cn/xxgk/lsyg.htm,https://www.chd.edu.cn/xxgk/lsyg.htm,read,历史沿革-长安大学,2026-10-01,
4161010710,长安大学,history,https://www.chd.edu.cn/xxgk/lsyg.htm,,access_limited,,2026-10-01,URLError
4161010712,西北农林科技大学,homepage,https://www.nwsuaf.edu.cn/,https://www.nwsuaf.edu.cn/,read,西北农林科技大学全媒体矩阵,2026-10-01,
4161010712,西北农林科技大学,overview,https://www.nwsuaf.edu.cn/xxgk/xxjj/index.htm,https://www.nwsuaf.edu.cn/xxgk/xxjj/index.htm,read,西北农林科技大学学院专任教师在校生本科专业,2026-10-01,
4161010712,西北农林科技大学,charter,https://www.nwsuaf.edu.cn/xxgk/xxzc/index.htm,https://www.nwsuaf.edu.cn/xxgk/xxzc/index.htm,read,西北农林科技大学,2026-10-01,
4161010712,西北农林科技大学,visual,https://www.nwsuaf.edu.cn/xxgk/xxbz/xh/index.htm,https://www.nwsuaf.edu.cn/xxgk/xxbz/xh/index.htm,read,西北农林科技大学,2026-10-01,
4161010712,西北农林科技大学,culture,https://www.nwsuaf.edu.cn/docs/2026-03/e8eedafe7c99475593ed9a71875c2530.wma,,access_limited,,2026-10-01,ValueError
4161010712,西北农林科技大学,history,https://www.nwsuaf.edu.cn/xxgk/lsyg/index.htm,https://www.nwsuaf.edu.cn/xxgk/lsyg/index.htm,read,西北农林科技大学,2026-10-01,
4161010712,西北农林科技大学,english,https://en.nwsuaf.edu.cn/,https://en.nwsuaf.edu.cn/,read,Welcome to Northwest A&F University  Home,2026-10-01,
4161010712,西北农林科技大学,charter,https://www.nwsuaf.edu.cn/xxgk/xxzc/index.htm,https://www.nwsuaf.edu.cn/xxgk/xxzc/index.htm,read,西北农林科技大学,2026-10-01,
4161010712,西北农林科技大学,overview,https://www.nwsuaf.edu.cn/xxgk/xxjj/index.htm,https://www.nwsuaf.edu.cn/xxgk/xxjj/index.htm,read,西北农林科技大学学院专任教师在校生本科专业,2026-10-01,
4161010712,西北农林科技大学,history,https://www.nwsuaf.edu.cn/xxgk/lsyg/index.htm,https://www.nwsuaf.edu.cn/xxgk/lsyg/index.htm,read,西北农林科技大学,2026-10-01,
4161010716,陕西中医药大学,homepage,http://www.sntcm.edu.cn,http://www.sntcm.edu.cn,read,陕西中医药大学,2026-10-01,
4161010716,陕西中医药大学,overview,http://www.sntcm.edu.cn/ /xxgk/xygk/13539.htm ,,access_limited,,2026-10-01,InvalidURL
4161010716,陕西中医药大学,overview,http://www.sntcm.edu.cn/ javascript:void(0); ,,access_limited,,2026-10-01,InvalidURL
4161010716,陕西中医药大学,charter,http://www.sntcm.edu.cn/hjzc/95281.htm,http://www.sntcm.edu.cn/hjzc/95281.htm,read,学校章程 - 陕西中医药大学,2026-10-01,
4161010716,陕西中医药大学,culture,http://www.sntcm.edu.cn/hjzc/ javascript:void(0); ,,access_limited,,2026-10-01,InvalidURL
4161010716,陕西中医药大学,history,http://www.sntcm.edu.cn/ /info/iList.jsp?cat_id=2357 ,,access_limited,,2026-10-01,InvalidURL
4161010716,陕西中医药大学,history,http://www.sntcm.edu.cn/hjzc/ /info/iList.jsp?cat_id=2357 ,,access_limited,,2026-10-01,InvalidURL
4161010716,陕西中医药大学,english,http://enhz.sntcm.edu.cn/,http://enhz.sntcm.edu.cn/,read,School of International Education,2026-10-01,
4161010716,陕西中医药大学,charter,http://www.sntcm.edu.cn/info/iList.jsp?cat_id=5113,http://www.sntcm.edu.cn/info/iList.jsp?cat_id=5113,read,学校章程 - 陕西中医药大学,2026-10-01,
4161010716,陕西中医药大学,culture,http://www.sntcm.edu.cn/info/ javascript:void(0); ,,access_limited,,2026-10-01,InvalidURL
4161010716,陕西中医药大学,charter,http://www.sntcm.edu.cn/hjzc/95281.htm,http://www.sntcm.edu.cn/hjzc/95281.htm,read,学校章程 - 陕西中医药大学,2026-10-01,
4161010716,陕西中医药大学,charter,http://www.sntcm.edu.cn/info/iList.jsp?cat_id=5113,http://www.sntcm.edu.cn/info/iList.jsp?cat_id=5113,read,学校章程 - 陕西中医药大学,2026-10-01,
4161010718,陕西师范大学,homepage,https://www.snnu.edu.cn/,https://www.snnu.edu.cn/,read,陕西师范大学,2026-10-01,
4161010718,陕西师范大学,overview,https://www.snnu.edu.cn/xxgk/xxjj.htm,https://www.snnu.edu.cn/xxgk/xxjj.htm,read,学校简介-陕西师范大学,2026-10-01,
4161010718,陕西师范大学,charter,https://www.snnu.edu.cn/xxgk/xxzc.htm,https://www.snnu.edu.cn/xxgk/xxzc.htm,read,学校章程-陕西师范大学,2026-10-01,
4161010718,陕西师范大学,culture,https://www.snnu.edu.cn/xxgk/sdxg.htm,https://www.snnu.edu.cn/xxgk/sdxg.htm,read,师大校歌-陕西师范大学,2026-10-01,
4161010718,陕西师范大学,navigation,https://www.snnu.edu.cn/info/1233/128384.htm,https://www.snnu.edu.cn/info/1233/128384.htm,read,《陕西日报》丨以文育人书香正浓—走进陕西师范大学图书馆-陕西师范大学,2026-10-01,
4161010718,陕西师范大学,culture,https://www.snnu.edu.cn/xxgk/xxxfxf.htm,https://www.snnu.edu.cn/xxgk/xxxfxf.htm,read,校训校风学风-陕西师范大学,2026-10-01,
4161010718,陕西师范大学,navigation,https://www.snnu.edu.cn/info/1233/128394.htm,https://www.snnu.edu.cn/info/1233/128394.htm,read,新华社丨文脉赓续 书香育人——走进陕西师范大学图书馆-陕西师范大学,2026-10-01,
4161010718,陕西师范大学,charter,https://www.snnu.edu.cn/xxgk/xxzc.htm,https://www.snnu.edu.cn/xxgk/xxzc.htm,read,学校章程-陕西师范大学,2026-10-01,
4161010718,陕西师范大学,overview,https://www.snnu.edu.cn/xxgk/xxjj.htm,https://www.snnu.edu.cn/xxgk/xxjj.htm,read,学校简介-陕西师范大学,2026-10-01,
4161010718,陕西师范大学,culture,https://www.snnu.edu.cn/xxgk/sdxg.htm,https://www.snnu.edu.cn/xxgk/sdxg.htm,read,师大校歌-陕西师范大学,2026-10-01,
4161010718,陕西师范大学,culture,https://www.snnu.edu.cn/xxgk/xxxfxf.htm,https://www.snnu.edu.cn/xxgk/xxxfxf.htm,read,校训校风学风-陕西师范大学,2026-10-01,
4161010719,延安大学,homepage,https://www.yau.edu.cn/,https://www.yau.edu.cn/,read,延安大学,2026-10-01,
4161010719,延安大学,overview,https://www.yau.edu.cn/xqzl/xxjj.htm,https://www.yau.edu.cn/xqzl/xxjj.htm,read,学校简介-延安大学,2026-10-01,
4161010719,延安大学,visual,https://www.yau.edu.cn/xqzl/xxbz.htm,https://www.yau.edu.cn/xqzl/xxbz.htm,read,学校标志-延安大学,2026-10-01,
4161010719,延安大学,culture,https://www.yau.edu.cn/xqzl/ydxx.htm,https://www.yau.edu.cn/xqzl/ydxx.htm,read,延大校训-延安大学,2026-10-01,
4161010719,延安大学,history,https://www.yau.edu.cn/xqzl/lsyg.htm,https://www.yau.edu.cn/xqzl/lsyg.htm,read,历史沿革-延安大学,2026-10-01,
4161010719,延安大学,visual,https://www.yau.edu.cn/system/_content/download.jsp?urltype=news.DownloadAttachUrl&owner=2064896135&wbfileid=80E459FC8B1D8721EE60DD4B6E8549BA,https://www.yau.edu.cn/system/_content/download.jsp?urltype=news.DownloadAttachUrl&owner=2064896135&wbfileid=80E459FC8B1D8721EE60DD4B6E8549BA,insufficient_text,附件下载,2026-10-01,
4161010719,延安大学,culture,https://www.yau.edu.cn/xqzl/ydxg.htm,https://www.yau.edu.cn/xqzl/ydxg.htm,read,延大校歌-延安大学,2026-10-01,
4161010719,延安大学,history,https://www.yau.edu.cn/info/1118/381407.htm,https://www.yau.edu.cn/info/1118/381407.htm,foreign_school_article_excluded,北京化工大学党委书记李楠一行来校调研-延安大学,2026-10-01,
4161010719,延安大学,overview,https://www.yau.edu.cn/xqzl/xxjj.htm,https://www.yau.edu.cn/xqzl/xxjj.htm,read,学校简介-延安大学,2026-10-01,
4161010719,延安大学,history,https://www.yau.edu.cn/xqzl/lsyg.htm,https://www.yau.edu.cn/xqzl/lsyg.htm,read,历史沿革-延安大学,2026-10-01,
4161010719,延安大学,history,https://www.yau.edu.cn/info/1118/381407.htm,https://www.yau.edu.cn/info/1118/381407.htm,foreign_school_article_excluded,北京化工大学党委书记李楠一行来校调研-延安大学,2026-10-01,
4161010719,延安大学,culture,https://www.yau.edu.cn/xqzl/ydxx.htm,https://www.yau.edu.cn/xqzl/ydxx.htm,read,延大校训-延安大学,2026-10-01,
4161010719,延安大学,culture,https://www.yau.edu.cn/xqzl/ydxg.htm,https://www.yau.edu.cn/xqzl/ydxg.htm,read,延大校歌-延安大学,2026-10-01,
4161010720,陕西理工大学,homepage,http://www.snut.edu.cn/,,robots_disallowed,,2026-10-01,
4161010721,宝鸡文理学院,homepage,https://www.bjwlxy.edu.cn/,https://www.bjwlxy.edu.cn/,read,宝鸡文理学院,2026-10-01,
4161010721,宝鸡文理学院,overview,https://www.bjwlxy.edu.cn/xxgk/xxjj1.htm,https://www.bjwlxy.edu.cn/xxgk/xxjj1.htm,read,学校简介-宝鸡文理学院,2026-10-01,
4161010721,宝鸡文理学院,navigation,https://www.bjwlxy.edu.cn/xxgk/xxls.htm,https://www.bjwlxy.edu.cn/xxgk/xxls.htm,read,学校历史-宝鸡文理学院,2026-10-01,
4161010721,宝鸡文理学院,overview,https://www.bjwlxy.edu.cn/xxgk/xxjj1.htm,https://www.bjwlxy.edu.cn/xxgk/xxjj1.htm,read,学校简介-宝鸡文理学院,2026-10-01,
4161010722,咸阳师范学院,homepage,https://www.xync.edu.cn/,https://www.xync.edu.cn/,read,咸阳师范学院主站,2026-10-01,
4161010722,咸阳师范学院,overview,https://www.xync.edu.cn/xxgk/xxjj.htm,https://www.xync.edu.cn/xxgk/xxjj.htm,read,学校简介-咸阳师范学院主站,2026-10-01,
4161010722,咸阳师范学院,visual,https://www.xync.edu.cn/xxgk/xxbs.htm,https://www.xync.edu.cn/xxgk/xxbs.htm,read,学校标识-咸阳师范学院主站,2026-10-01,
4161010722,咸阳师范学院,culture,https://www.xync.edu.cn/info/1371/171401.htm,https://www.xync.edu.cn/info/1371/171401.htm,read,弘扬教育家精神 深耕强师兴校之路 赋能学校高质量发展-咸阳师范学院主站,2026-10-01,
4161010722,咸阳师范学院,history,https://www.xync.edu.cn/xxgk/lsyg.htm,https://www.xync.edu.cn/xxgk/lsyg.htm,read,历史沿革-咸阳师范学院主站,2026-10-01,
4161010722,咸阳师范学院,navigation,https://www.xync.edu.cn/info/1371/171381.htm,https://www.xync.edu.cn/info/1371/171381.htm,read,我校学子暑期社会实践获多方赞誉 以实干担当彰显青春力量-咸阳师范学院主站,2026-10-01,
4161010722,咸阳师范学院,overview,https://www.xync.edu.cn/info/1031/171891.htm,https://www.xync.edu.cn/info/1031/171891.htm,read,咸阳师范学院2027年硕士研究生招生简章-咸阳师范学院主站,2026-10-01,
4161010722,咸阳师范学院,overview,https://www.xync.edu.cn/xxgk/xxjj.htm,https://www.xync.edu.cn/xxgk/xxjj.htm,read,学校简介-咸阳师范学院主站,2026-10-01,
4161010722,咸阳师范学院,overview,https://www.xync.edu.cn/info/1031/171891.htm,https://www.xync.edu.cn/info/1031/171891.htm,read,咸阳师范学院2027年硕士研究生招生简章-咸阳师范学院主站,2026-10-01,
4161010722,咸阳师范学院,history,https://www.xync.edu.cn/xxgk/lsyg.htm,https://www.xync.edu.cn/xxgk/lsyg.htm,read,历史沿革-咸阳师范学院主站,2026-10-01,
4161010722,咸阳师范学院,culture,https://www.xync.edu.cn/info/1371/171401.htm,https://www.xync.edu.cn/info/1371/171401.htm,read,弘扬教育家精神 深耕强师兴校之路 赋能学校高质量发展-咸阳师范学院主站,2026-10-01,
4161010723,渭南师范学院,homepage,https://www.wnu.edu.cn/,https://www.wnu.edu.cn/,read,渭南师范学院,2026-10-01,
4161010723,渭南师范学院,overview,https://www.wnu.edu.cn/xb/xxgk/xxjj.htm,https://www.wnu.edu.cn/xb/xxgk/xxjj.htm,read,学校简介-渭南师范学院,2026-10-01,
4161010723,渭南师范学院,visual,https://www.wnu.edu.cn/xb/xxgk/xxbs.htm,https://www.wnu.edu.cn/xb/xxgk/xxbs.htm,read,学校标识-渭南师范学院,2026-10-01,
4161010723,渭南师范学院,culture,https://www.wnu.edu.cn/info/1678/19042.htm,https://www.wnu.edu.cn/info/1678/19042.htm,read,校训-渭南师范学院,2026-10-01,
4161010723,渭南师范学院,english,http://en.wnu.edu.cn/,http://en.wnu.edu.cn/,read,Weinan Normal University,2026-10-01,
4161010723,渭南师范学院,navigation,https://www.wnu.edu.cn/info/1657/21050.htm,https://www.wnu.edu.cn/info/1657/21050.htm,read,以青春之笔 蘸艺术之墨 绘就成长画卷——全国模范教师郗莉走进莫斯科艺术学院-渭南师范学院,2026-10-01,
4161010723,渭南师范学院,visual,https://www.wnu.edu.cn/info/1678/19039.htm,https://www.wnu.edu.cn/info/1678/19039.htm,read,校徽、校标、校旗、院旗-渭南师范学院,2026-10-01,
4161010723,渭南师范学院,culture,https://www.wnu.edu.cn/system/_content/download.jsp?urltype=news.DownloadAttachUrl&owner=1061575194&wbfileid=2994123,https://www.wnu.edu.cn/system/_content/download.jsp?urltype=news.DownloadAttachUrl&owner=1061575194&wbfileid=2994123,insufficient_text,附件下载,2026-10-01,
4161010723,渭南师范学院,visual,https://www.wnu.edu.cn/system/_content/download.jsp?urltype=news.DownloadAttachUrl&owner=1061575194&wbfileid=2999455,https://www.wnu.edu.cn/system/_content/download.jsp?urltype=news.DownloadAttachUrl&owner=1061575194&wbfileid=2999455,insufficient_text,附件下载,2026-10-01,
4161010723,渭南师范学院,overview,https://www.wnu.edu.cn/xb/xxgk/xxjj.htm,https://www.wnu.edu.cn/xb/xxgk/xxjj.htm,read,学校简介-渭南师范学院,2026-10-01,
4161010723,渭南师范学院,culture,https://www.wnu.edu.cn/info/1678/19042.htm,https://www.wnu.edu.cn/info/1678/19042.htm,read,校训-渭南师范学院,2026-10-01,
4161010724,西安外国语大学,homepage,https://www.xisu.edu.cn/,https://www.xisu.edu.cn/,read,西安外国语大学,2026-10-01,
4161010724,西安外国语大学,overview,https://www.xisu.edu.cn/xxgk1/xxjj.htm,https://www.xisu.edu.cn/xxgk1/xxjj.htm,read,学校简介-西安外国语大学,2026-10-01,
4161010724,西安外国语大学,charter,https://www.xisu.edu.cn/xxgk1/xxzc.htm,https://www.xisu.edu.cn/xxgk1/xxzc.htm,read,学校章程-西安外国语大学,2026-10-01,
4161010724,西安外国语大学,visual,https://www.xisu.edu.cn/xxgk1/xxbs.htm,https://www.xisu.edu.cn/xxgk1/xxbs.htm,read,学校标识-西安外国语大学,2026-10-01,
4161010724,西安外国语大学,culture,https://www.xisu.edu.cn/xxgk1/x__g.htm,https://www.xisu.edu.cn/xxgk1/x__g.htm,read,校　　歌-西安外国语大学,2026-10-01,
4161010724,西安外国语大学,history,https://www.xisu.edu.cn/xxgk1/lsyg.htm,https://www.xisu.edu.cn/xxgk1/lsyg.htm,read,历史沿革-西安外国语大学,2026-10-01,
4161010724,西安外国语大学,charter,https://www.xisu.edu.cn/xxgk1/xxzc.htm,https://www.xisu.edu.cn/xxgk1/xxzc.htm,read,学校章程-西安外国语大学,2026-10-01,
4161010724,西安外国语大学,overview,https://www.xisu.edu.cn/xxgk1/xxjj.htm,https://www.xisu.edu.cn/xxgk1/xxjj.htm,read,学校简介-西安外国语大学,2026-10-01,
4161010724,西安外国语大学,history,https://www.xisu.edu.cn/xxgk1/lsyg.htm,https://www.xisu.edu.cn/xxgk1/lsyg.htm,read,历史沿革-西安外国语大学,2026-10-01,
4161010724,西安外国语大学,culture,https://www.xisu.edu.cn/xxgk1/x__g.htm,https://www.xisu.edu.cn/xxgk1/x__g.htm,read,校　　歌-西安外国语大学,2026-10-01,
4161010726,西北政法大学,homepage,https://www.nwupl.edu.cn/,https://www.nwupl.edu.cn/,read,西北政法大学,2026-10-01,
4161010726,西北政法大学,overview,https://www.nwupl.edu.cn/hjgk/hjjg/66293.htm,https://www.nwupl.edu.cn/hjgk/hjjg/66293.htm,read,西北政法大学简介 - 西北政法大学,2026-10-01,
4161010726,西北政法大学,charter,https://www.nwupl.edu.cn/hjgk/hjjg/63821.htm,https://www.nwupl.edu.cn/hjgk/hjjg/63821.htm,read,西北政法大学章程 - 西北政法大学,2026-10-01,
4161010726,西北政法大学,history,https://www.nwupl.edu.cn/hjgk/hjjg/63819.htm,https://www.nwupl.edu.cn/hjgk/hjjg/63819.htm,read,校史：从陕北公学到西北政法大学 - 西北政法大学,2026-10-01,
4161010726,西北政法大学,english,http://en.nwupl.edu.cn/,https://en.nwupl.edu.cn/,read,Northwest University of Political Science and Law,2026-10-01,
4161010726,西北政法大学,overview,https://www.nwupl.edu.cn/info/iList.jsp?cat_id=11495,https://www.nwupl.edu.cn/info/iList.jsp?cat_id=11495,read,学校简介 - 西北政法大学,2026-10-01,
4161010726,西北政法大学,overview,https://www.nwupl.edu.cn/info/iIndex.jsp?cat_id=11494,https://www.nwupl.edu.cn/info/iIndex.jsp?cat_id=11494,read,学校概况 - 西北政法大学,2026-10-01,
4161010726,西北政法大学,visual,https://www.nwupl.edu.cn/hjgk/whbs/62325.htm,https://www.nwupl.edu.cn/hjgk/whbs/62325.htm,read,校徽释义 - 西北政法大学,2026-10-01,
4161010726,西北政法大学,culture,https://www.nwupl.edu.cn/hjgk/dhjs/62330.htm,https://www.nwupl.edu.cn/hjgk/dhjs/62330.htm,read,校训：严谨 求实 文明 公正 - 西北政法大学,2026-10-01,
4161010726,西北政法大学,culture,https://www.nwupl.edu.cn/hjgk/whbs/64828.htm,https://www.nwupl.edu.cn/hjgk/whbs/64828.htm,read,西北政法大学校歌 - 西北政法大学,2026-10-01,
4161010726,西北政法大学,charter,https://www.nwupl.edu.cn/hjgk/hjjg/63821.htm,https://www.nwupl.edu.cn/hjgk/hjjg/63821.htm,read,西北政法大学章程 - 西北政法大学,2026-10-01,
4161010726,西北政法大学,overview,https://www.nwupl.edu.cn/hjgk/hjjg/66293.htm,https://www.nwupl.edu.cn/hjgk/hjjg/66293.htm,read,西北政法大学简介 - 西北政法大学,2026-10-01,
4161010726,西北政法大学,overview,https://www.nwupl.edu.cn/info/iList.jsp?cat_id=11495,https://www.nwupl.edu.cn/info/iList.jsp?cat_id=11495,read,学校简介 - 西北政法大学,2026-10-01,
4161010726,西北政法大学,overview,https://www.nwupl.edu.cn/info/iIndex.jsp?cat_id=11494,https://www.nwupl.edu.cn/info/iIndex.jsp?cat_id=11494,read,学校概况 - 西北政法大学,2026-10-01,
4161010726,西北政法大学,history,https://www.nwupl.edu.cn/hjgk/hjjg/63819.htm,https://www.nwupl.edu.cn/hjgk/hjjg/63819.htm,read,校史：从陕北公学到西北政法大学 - 西北政法大学,2026-10-01,
4161010727,西安体育学院,homepage,https://www.xaipe.edu.cn/,https://www.xaipe.edu.cn/,read,西安体育学院,2026-10-01,
4161010727,西安体育学院,overview,https://www.xaipe.edu.cn/xtgk1/xxjj.htm,https://www.xaipe.edu.cn/xtgk1/xxjj.htm,read,学校简介-西安体育学院,2026-10-01,
4161010727,西安体育学院,overview,https://www.xaipe.edu.cn/xtgk1/xxjj.htm,https://www.xaipe.edu.cn/xtgk1/xxjj.htm,read,学校简介-西安体育学院,2026-10-01,
4161010728,西安音乐学院,homepage,http://www.xacom.edu.cn,,fetch_error,,2026-10-01,timeout
4161010728,西安音乐学院,overview,https://www.xacom.edu.cn/,,robots_disallowed,,2026-10-01,
4161010728,西安音乐学院,overview,https://zsb.xacom.edu.cn/,,robots_disallowed,,2026-10-01,
4161010728,西安音乐学院,overview,https://www.xacom.edu.cn/main.htm,,robots_disallowed,,2026-10-01,
4161010729,西安美术学院,homepage,https://www.xafa.edu.cn/,https://www.xafa.edu.cn/,insufficient_text,西安美术学院,2026-10-01,
4161011080,西安文理学院,homepage,https://www.xawl.edu.cn/,https://www.xawl.edu.cn/,read,西安文理学院,2026-10-01,
4161011080,西安文理学院,overview,https://www.xawl.edu.cn/aboutus.htm,https://www.xawl.edu.cn/aboutus.htm,read,学校概况-西安文理学院,2026-10-01,
4161011080,西安文理学院,visual,https://www.xawl.edu.cn/aboutus/xxbz.htm,https://www.xawl.edu.cn/aboutus/xxbz.htm,read,学校标志-西安文理学院,2026-10-01,
4161011080,西安文理学院,culture,http://waiyu.xawl.edu.cn/,http://waiyu.xawl.edu.cn/,read,西安文理学院外国语学院,2026-10-01,
4161011080,西安文理学院,history,https://www.xawl.edu.cn/aboutus/lsyg.htm,https://www.xawl.edu.cn/aboutus/lsyg.htm,read,历史沿革-西安文理学院,2026-10-01,
4161011080,西安文理学院,english,http://english.xawl.edu.cn/,http://english.xawl.edu.cn/,read,Xi'an University,2026-10-01,
4161011080,西安文理学院,navigation,https://www.xawl.edu.cn/info/2740/315392.htm,https://www.xawl.edu.cn/info/2740/315392.htm,read,课堂走进城市：广告学专业开展多课程协同实践教学——书院门、大唐不夜城两地专题调研-西安文理学院,2026-10-01,
4161011080,西安文理学院,overview,https://www.xawl.edu.cn/aboutus/xxjj.htm,https://www.xawl.edu.cn/aboutus/xxjj.htm,read,学校简介-西安文理学院,2026-10-01,
4161011080,西安文理学院,visual,https://www.xawl.edu.cn/sjxxsbxt.htm,https://www.xawl.edu.cn/sjxxsbxt.htm,read,视觉形象识别系统-西安文理学院,2026-10-01,
4161011080,西安文理学院,culture,https://www.xawl.edu.cn/info/1200/1071.htm,https://www.xawl.edu.cn/info/1200/1071.htm,read,学校校训-西安文理学院,2026-10-01,
4161011080,西安文理学院,overview,https://www.xawl.edu.cn/aboutus.htm,https://www.xawl.edu.cn/aboutus.htm,read,学校概况-西安文理学院,2026-10-01,
4161011080,西安文理学院,overview,https://www.xawl.edu.cn/aboutus/xxjj.htm,https://www.xawl.edu.cn/aboutus/xxjj.htm,read,学校简介-西安文理学院,2026-10-01,
4161011080,西安文理学院,history,https://www.xawl.edu.cn/aboutus/lsyg.htm,https://www.xawl.edu.cn/aboutus/lsyg.htm,read,历史沿革-西安文理学院,2026-10-01,
4161011080,西安文理学院,culture,http://waiyu.xawl.edu.cn/,http://waiyu.xawl.edu.cn/,read,西安文理学院外国语学院,2026-10-01,
4161011080,西安文理学院,culture,https://www.xawl.edu.cn/info/1200/1071.htm,https://www.xawl.edu.cn/info/1200/1071.htm,read,学校校训-西安文理学院,2026-10-01,
4161011395,榆林大学,homepage,https://www.yulinu.edu.cn,https://www.yulinu.edu.cn,read,榆林大学,2026-10-01,
4161011395,榆林大学,overview,https://www.yulinu.edu.cn/xygk/xxjj.htm,https://www.yulinu.edu.cn/xygk/xxjj.htm,read,学校简介-榆林大学,2026-10-01,
4161011395,榆林大学,culture,https://www.yulinu.edu.cn/xygk/xfxx/xm.htm,https://www.yulinu.edu.cn/xygk/xfxx/xm.htm,read,校名-榆林大学,2026-10-01,
4161011395,榆林大学,visual,https://www.yulinu.edu.cn/xygk/xfxx/xh.htm,https://www.yulinu.edu.cn/xygk/xfxx/xh.htm,read,校徽-榆林大学,2026-10-01,
4161011395,榆林大学,history,https://www.yulinu.edu.cn/xygk/xsyg.htm,https://www.yulinu.edu.cn/xygk/xsyg.htm,read,校史沿革-榆林大学,2026-10-01,
4161011395,榆林大学,english,https://english.yulinu.edu.cn/,https://english.yulinu.edu.cn/,read,Yulin University,2026-10-01,
4161011395,榆林大学,culture,https://www.yulinu.edu.cn/xygk/xfxx/xg.htm,https://www.yulinu.edu.cn/xygk/xfxx/xg.htm,read,校歌-榆林大学,2026-10-01,
4161011395,榆林大学,overview,https://www.yulinu.edu.cn/xygk/xxjj.htm,https://www.yulinu.edu.cn/xygk/xxjj.htm,read,学校简介-榆林大学,2026-10-01,
4161011395,榆林大学,history,https://www.yulinu.edu.cn/xygk/xsyg.htm,https://www.yulinu.edu.cn/xygk/xsyg.htm,read,校史沿革-榆林大学,2026-10-01,
4161011395,榆林大学,culture,https://www.yulinu.edu.cn/xygk/xfxx/xm.htm,https://www.yulinu.edu.cn/xygk/xfxx/xm.htm,read,校名-榆林大学,2026-10-01,
4161011395,榆林大学,culture,https://www.yulinu.edu.cn/xygk/xfxx/xg.htm,https://www.yulinu.edu.cn/xygk/xfxx/xg.htm,read,校歌-榆林大学,2026-10-01,
4161011396,商洛学院,homepage,http://www.slxy.cn/,http://www.slxy.cn/,read,商洛学院,2026-10-01,
4161011396,商洛学院,overview,http://www.slxy.cn/xxgk1/xxjj.htm,http://www.slxy.cn/xxgk1/xxjj.htm,read,学校简介-商洛学院,2026-10-01,
4161011396,商洛学院,charter,http://www.slxy.cn/xxgk1/xxzc.htm,http://www.slxy.cn/xxgk1/xxzc.htm,read,学校章程-商洛学院,2026-10-01,
4161011396,商洛学院,visual,http://www.slxy.cn/xxgk1/xxbs.htm,http://www.slxy.cn/xxgk1/xxbs.htm,read,学校标识-商洛学院,2026-10-01,
4161011396,商洛学院,navigation,http://www.slxy.cn/info/1094/20800.htm,http://www.slxy.cn/info/1094/20800.htm,read,赓续抗美援朝精神 厚植青年家国情怀————95岁抗美援朝老战士走进商洛学院开展国防教育宣讲（2026-09-15）-商洛学院,2026-10-01,
4161011396,商洛学院,charter,http://www.slxy.cn/xxgk1/xxzc.htm,http://www.slxy.cn/xxgk1/xxzc.htm,read,学校章程-商洛学院,2026-10-01,
4161011396,商洛学院,overview,http://www.slxy.cn/xxgk1/xxjj.htm,http://www.slxy.cn/xxgk1/xxjj.htm,read,学校简介-商洛学院,2026-10-01,
4161011397,安康学院,homepage,https://www.aku.edu.cn/,https://www.aku.edu.cn/,read,安康学院,2026-10-01,
4161011397,安康学院,overview,https://www.aku.edu.cn/xxgk.htm,https://www.aku.edu.cn/xxgk.htm,read,学校概况-安康学院,2026-10-01,
4161011397,安康学院,visual,https://www.aku.edu.cn/xxgk/xybs.htm,https://www.aku.edu.cn/xxgk/xybs.htm,read,学校标识-安康学院,2026-10-01,
4161011397,安康学院,culture,https://www.aku.edu.cn/xywh.htm,https://www.aku.edu.cn/xywh.htm,read,校园文化-安康学院,2026-10-01,
4161011397,安康学院,history,https://www.aku.edu.cn/xxgk/us13.htm,https://www.aku.edu.cn/xxgk/us13.htm,read,校史沿革-安康学院,2026-10-01,
4161011397,安康学院,navigation,https://www.aku.edu.cn/info/1021/82690.htm,https://www.aku.edu.cn/info/1021/82690.htm,read,关于学校部分行政办公地点迁至江北校区的通知-安康学院,2026-10-01,
4161011397,安康学院,overview,https://www.aku.edu.cn/xxgk/us11.htm,https://www.aku.edu.cn/xxgk/us11.htm,read,学校简介-安康学院,2026-10-01,
4161011397,安康学院,navigation,https://www.aku.edu.cn/info/1745/81859.htm,https://www.aku.edu.cn/info/1745/81859.htm,read,追光而遇，沐光而行——我校国家奖学金获得者风采录（七）-安康学院,2026-10-01,
4161011397,安康学院,overview,https://www.aku.edu.cn/xxgk.htm,https://www.aku.edu.cn/xxgk.htm,read,学校概况-安康学院,2026-10-01,
4161011397,安康学院,overview,https://www.aku.edu.cn/xxgk/us11.htm,https://www.aku.edu.cn/xxgk/us11.htm,read,学校简介-安康学院,2026-10-01,
4161011397,安康学院,history,https://www.aku.edu.cn/xxgk/us13.htm,https://www.aku.edu.cn/xxgk/us13.htm,read,校史沿革-安康学院,2026-10-01,
4161011397,安康学院,culture,https://www.aku.edu.cn/xywh.htm,https://www.aku.edu.cn/xywh.htm,read,校园文化-安康学院,2026-10-01,
4161011560,西安财经大学,homepage,http://www.xaufe.edu.cn/English/survey.html,,title_mismatch,,2026-10-01,
4161011560,西安财经大学,overview,https://www.xacxz.edu.cn/?wbtreeid=10715,,access_limited,,2026-10-01,ValueError
4161011560,西安财经大学,overview,https://czt.shaanxi.gov.cn/xxgk/zdgk/zdly/snyjsgkpt/bmssdwyjs/bmssdwysml2022/202309/P020250220351211492481.pdf,https://czt.shaanxi.gov.cn/xxgk/zdgk/zdly/snyjsgkpt/bmssdwyjs/bmssdwysml2022/202309/P020250220351211492481.pdf,read,,2026-10-01,
4161011664,西安邮电大学,homepage,https://www.xupt.edu.cn,https://www.xupt.edu.cn,read,西安邮电大学,2026-10-01,
4161011664,西安邮电大学,overview,https://www.xupt.edu.cn/xxgk/about1.htm,https://www.xupt.edu.cn/xxgk/about1.htm,read,学校简介-西安邮电大学,2026-10-01,
4161011664,西安邮电大学,visual,https://www.xupt.edu.cn/xxgk/xxbs1.htm,https://www.xupt.edu.cn/xxgk/xxbs1.htm,read,学校标识-西安邮电大学,2026-10-01,
4161011664,西安邮电大学,culture,https://www.xupt.edu.cn/xysh/xywh1.htm,https://www.xupt.edu.cn/xysh/xywh1.htm,read,校园文化-西安邮电大学,2026-10-01,
4161011664,西安邮电大学,history,https://www.xupt.edu.cn/xxgk/lsyg1.htm,https://www.xupt.edu.cn/xxgk/lsyg1.htm,read,历史沿革-西安邮电大学,2026-10-01,
4161011664,西安邮电大学,english,http://english.xupt.edu.cn/,https://english.xupt.edu.cn/,read,西安邮电大学,2026-10-01,
4161011664,西安邮电大学,overview,https://www.xupt.edu.cn/xxgk/about1.htm,https://www.xupt.edu.cn/xxgk/about1.htm,read,学校简介-西安邮电大学,2026-10-01,
4161011664,西安邮电大学,history,https://www.xupt.edu.cn/xxgk/lsyg1.htm,https://www.xupt.edu.cn/xxgk/lsyg1.htm,read,历史沿革-西安邮电大学,2026-10-01,
4161011664,西安邮电大学,culture,https://www.xupt.edu.cn/xysh/xywh1.htm,https://www.xupt.edu.cn/xysh/xywh1.htm,read,校园文化-西安邮电大学,2026-10-01,
4161011736,西安航空学院,homepage,http://www.xihangzh.com/,,robots_disallowed,,2026-10-01,
4161011736,西安航空学院,overview,https://net.xaau.edu.cn/,https://net.xaau.edu.cn/,read,西安航空学院  网络信息中心,2026-10-01,
4161011736,西安航空学院,overview,https://bgs.xaau.edu.cn/,https://bgs.xaau.edu.cn/,read,西安航空学院党政办公室,2026-10-01,
4161011736,西安航空学院,overview,https://www.xaau.edu.cn/info/1018/1114.htm,https://www.xaau.edu.cn/info/1018/1114.htm,read,西安航空学院简介-西安航空学院,2026-10-01,
4161011736,西安航空学院,history,https://www.xaau.edu.cn/xxgk/lsyg.htm,https://www.xaau.edu.cn/xxgk/lsyg.htm,read,历史沿革-西安航空学院,2026-10-01,
4161011736,西安航空学院,overview,https://net.xaau.edu.cn/,https://net.xaau.edu.cn/,read,西安航空学院  网络信息中心,2026-10-01,
4161011736,西安航空学院,overview,https://bgs.xaau.edu.cn/,https://bgs.xaau.edu.cn/,read,西安航空学院党政办公室,2026-10-01,
4161011736,西安航空学院,overview,https://www.xaau.edu.cn/info/1018/1114.htm,https://www.xaau.edu.cn/info/1018/1114.htm,read,西安航空学院简介-西安航空学院,2026-10-01,
4161011840,西安医学院,homepage,https://www.xiyi.edu.cn,https://www.xiyi.edu.cn,read,西安医学院,2026-10-01,
4161011840,西安医学院,overview,https://www.xiyi.edu.cn/xxgk/xxjj.htm,https://www.xiyi.edu.cn/xxgk/xxjj.htm,read,学校简介-西安医学院,2026-10-01,
4161011840,西安医学院,visual,https://www.xiyi.edu.cn/xywh/sj.htm,https://www.xiyi.edu.cn/xywh/sj.htm,read,视觉形象识别系统-西安医学院,2026-10-01,
4161011840,西安医学院,culture,https://www.xiyi.edu.cn/xywh/xxwh.htm,https://www.xiyi.edu.cn/xywh/xxwh.htm,read,学校文化-西安医学院,2026-10-01,
4161011840,西安医学院,history,https://www.xiyi.edu.cn/xxgk/lsyg.htm,https://www.xiyi.edu.cn/xxgk/lsyg.htm,read,历史沿革-西安医学院,2026-10-01,
4161011840,西安医学院,english,http://english.xiyi.edu.cn/,,robots_disallowed,,2026-10-01,
4161011840,西安医学院,visual,https://www.xiyi.edu.cn/info/1123/19387.htm,https://www.xiyi.edu.cn/info/1123/19387.htm,read,校徽-西安医学院,2026-10-01,
4161011840,西安医学院,culture,https://www.xiyi.edu.cn/info/1121/19399.htm,https://www.xiyi.edu.cn/info/1121/19399.htm,read,校歌-西安医学院,2026-10-01,
4161011840,西安医学院,visual,https://www.xiyi.edu.cn/info/1123/19388.htm,https://www.xiyi.edu.cn/info/1123/19388.htm,read,校徽释义-西安医学院,2026-10-01,
4161011840,西安医学院,overview,https://www.xiyi.edu.cn/xxgk/xxjj.htm,https://www.xiyi.edu.cn/xxgk/xxjj.htm,read,学校简介-西安医学院,2026-10-01,
4161011840,西安医学院,history,https://www.xiyi.edu.cn/xxgk/lsyg.htm,https://www.xiyi.edu.cn/xxgk/lsyg.htm,read,历史沿革-西安医学院,2026-10-01,
4161011840,西安医学院,culture,https://www.xiyi.edu.cn/xywh/xxwh.htm,https://www.xiyi.edu.cn/xywh/xxwh.htm,read,学校文化-西安医学院,2026-10-01,
4161011840,西安医学院,culture,https://www.xiyi.edu.cn/info/1121/19399.htm,https://www.xiyi.edu.cn/info/1121/19399.htm,read,校歌-西安医学院,2026-10-01,
4161012715,西京学院,homepage,http://www.xijing.edu.cn/en/,,fetch_error,,2026-10-01,HTTPError
4161012715,西京学院,overview,https://yx.xijing.edu.cn/,,robots_disallowed,,2026-10-01,
4161012715,西京学院,overview,https://www.xijing.edu.cn/,https://www.xijing.edu.cn/,read,西京学院,2026-10-01,
4161012715,西京学院,overview,https://www.xijing.edu.cn/?gkfrom=card,https://www.xijing.edu.cn/?gkfrom=card,read,西京学院,2026-10-01,
4161012715,西京学院,overview,https://www.xijing.edu.cn/xjgk/xjgk.htm,https://www.xijing.edu.cn/xjgk/xjgk.htm,read,西京概况-西京学院,2026-10-01,
4161012715,西京学院,overview,https://www.xijing.edu.cn/,https://www.xijing.edu.cn/,read,西京学院,2026-10-01,
4161012715,西京学院,overview,https://www.xijing.edu.cn/?gkfrom=card,https://www.xijing.edu.cn/?gkfrom=card,read,西京学院,2026-10-01,
4161014390,陕西学前师范学院,homepage,https://www.snsy.edu.cn/,https://www.snsy.edu.cn/,read,陕西学前师范学院,2026-10-01,
4161014390,陕西学前师范学院,overview,https://www.snsy.edu.cn/xygk/xxjj.htm,https://www.snsy.edu.cn/xygk/xxjj.htm,read,学校简介-陕西学前师范学院,2026-10-01,
4161014390,陕西学前师范学院,charter,https://www.snsy.edu.cn/xygk/xxzc.htm,https://www.snsy.edu.cn/xygk/xxzc.htm,read,学校章程-陕西学前师范学院,2026-10-01,
4161014390,陕西学前师范学院,visual,https://www.snsy.edu.cn/xygk/xxbs.htm,https://www.snsy.edu.cn/xygk/xxbs.htm,read,学校标识-陕西学前师范学院,2026-10-01,
4161014390,陕西学前师范学院,culture,https://www.snsy.edu.cn/xygk/xg.htm,https://www.snsy.edu.cn/xygk/xg.htm,read,校歌-陕西学前师范学院,2026-10-01,
4161014390,陕西学前师范学院,navigation,https://www.snsy.edu.cn/zjsy/xydt.htm,https://www.snsy.edu.cn/zjsy/xydt.htm,read,校园地图-陕西学前师范学院,2026-10-01,
4161014390,陕西学前师范学院,visual,https://www.snsy.edu.cn/system/_content/download.jsp?urltype=news.DownloadAttachUrl&owner=2070318747&wbfileid=3395526,https://www.snsy.edu.cn/system/_content/download.jsp?urltype=news.DownloadAttachUrl&owner=2070318747&wbfileid=3395526,insufficient_text,附件下载,2026-10-01,
4161014390,陕西学前师范学院,visual,https://www.snsy.edu.cn/system/_content/download.jsp?urltype=news.DownloadAttachUrl&owner=2070318747&wbfileid=3396062,https://www.snsy.edu.cn/system/_content/download.jsp?urltype=news.DownloadAttachUrl&owner=2070318747&wbfileid=3396062,insufficient_text,附件下载,2026-10-01,
4161014390,陕西学前师范学院,charter,https://www.snsy.edu.cn/xygk/xxzc.htm,https://www.snsy.edu.cn/xygk/xxzc.htm,read,学校章程-陕西学前师范学院,2026-10-01,
4161014390,陕西学前师范学院,overview,https://www.snsy.edu.cn/xygk/xxjj.htm,https://www.snsy.edu.cn/xygk/xxjj.htm,read,学校简介-陕西学前师范学院,2026-10-01,
4161014390,陕西学前师范学院,culture,https://www.snsy.edu.cn/xygk/xg.htm,https://www.snsy.edu.cn/xygk/xg.htm,read,校歌-陕西学前师范学院,2026-10-01,
4161013819,陕西警察学院,homepage,https://www.sxjgxy.edu.cn/,,fetch_error,,2026-10-01,URLError
4161013819,陕西警察学院,overview,https://www.moe.gov.cn/srcsite/A03/s181/202406/t20240612_1135111.html,http://www.moe.gov.cn/srcsite/A03/s181/202406/t20240612_1135111.html,read,教育部关于同意设置陕西警察学院的函 - 中华人民共和国教育部政府门户网站,2026-10-01,
4161014945,西安戏剧学院,homepage,https://www.xaad.edu.cn/,https://www.xaad.edu.cn/,read,西安戏剧学院,2026-10-01,
4161014945,西安戏剧学院,overview,https://www.xaad.edu.cn/#s1,https://www.xaad.edu.cn/#s1,read,西安戏剧学院,2026-10-01,
4161014945,西安戏剧学院,visual,https://www.xaad.edu.cn/info/1511/7811.htm,https://www.xaad.edu.cn/info/1511/7811.htm,read,戏剧青春绽芳华 | 我校首届文化艺术节圆满落幕-西安戏剧学院,2026-10-01,
4161014945,西安戏剧学院,navigation,https://www.xaad.edu.cn/info/1511/8061.htm,https://www.xaad.edu.cn/info/1511/8061.htm,read,赓续古乐文脉，探寻秦腔匠心——西安戏剧学院非遗保护专业师生开展实践教学活动-西安戏剧学院,2026-10-01,
4161014945,西安戏剧学院,overview,https://www.xaad.edu.cn/xxjs/xxjj.htm,https://www.xaad.edu.cn/xxjs/xxjj.htm,read,学校简介-西安戏剧学院,2026-10-01,
4161014945,西安戏剧学院,overview,https://www.xaad.edu.cn/#s1,https://www.xaad.edu.cn/#s1,read,西安戏剧学院,2026-10-01,
4161014945,西安戏剧学院,overview,https://www.xaad.edu.cn/xxjs/xxjj.htm,https://www.xaad.edu.cn/xxjs/xxjj.htm,read,学校简介-西安戏剧学院,2026-10-01,
4162010730,兰州大学,homepage,https://www.lzu.edu.cn/,https://www.lzu.edu.cn/,read,兰州大学 - 自强不息，独树一帜！,2026-10-01,
4162010730,兰州大学,overview,https://www.lzu.edu.cn/zjld/lxwm.htm,https://www.lzu.edu.cn/zjld/lxwm.htm,read,联系我们-兰州大学 - 自强不息，独树一帜！,2026-10-01,
4162010730,兰州大学,overview,https://www.lzu.edu.cn/zjld/lxwm.htm,https://www.lzu.edu.cn/zjld/lxwm.htm,read,联系我们-兰州大学 - 自强不息，独树一帜！,2026-10-01,
4162010731,兰州理工大学,homepage,https://www.lut.edu.cn/,https://www.lut.edu.cn/,read,兰州理工大学,2026-10-01,
4162010731,兰州理工大学,overview,https://www.lut.edu.cn/xxgk/xxjj.htm,https://www.lut.edu.cn/xxgk/xxjj.htm,read,学校简介-兰州理工大学,2026-10-01,
4162010731,兰州理工大学,charter,https://www.lut.edu.cn/xxgk/xxzc.htm,https://www.lut.edu.cn/xxgk/xxzc.htm,read,学校章程-兰州理工大学,2026-10-01,
4162010731,兰州理工大学,visual,https://www.lut.edu.cn/xxgk/xxbs.htm,https://www.lut.edu.cn/xxgk/xxbs.htm,read,学校标识-兰州理工大学,2026-10-01,
4162010731,兰州理工大学,history,https://www.lut.edu.cn/xxgk/xsyg.htm,https://www.lut.edu.cn/xxgk/xsyg.htm,read,校史沿革-兰州理工大学,2026-10-01,
4162010731,兰州理工大学,navigation,https://www.lut.edu.cn/info/1062/128950.htm,https://www.lut.edu.cn/info/1062/128950.htm,read,党的民族宗教理论政策下基层“百场万人”大宣讲活动走进兰州理工大学-兰州理工大学,2026-10-01,
4162010731,兰州理工大学,visual,https://www.lut.edu.cn/system/_content/download.jsp?urltype=news.DownloadAttachUrl&owner=1504247134&wbfileid=802E32EF84269526AECBB44A7F985AC4,https://www.lut.edu.cn/system/_content/download.jsp?urltype=news.DownloadAttachUrl&owner=1504247134&wbfileid=802E32EF84269526AECBB44A7F985AC4,insufficient_text,附件下载,2026-10-01,
4162010731,兰州理工大学,charter,https://www.lut.edu.cn/xxgk/xxzc.htm,https://www.lut.edu.cn/xxgk/xxzc.htm,read,学校章程-兰州理工大学,2026-10-01,
4162010731,兰州理工大学,overview,https://www.lut.edu.cn/xxgk/xxjj.htm,https://www.lut.edu.cn/xxgk/xxjj.htm,read,学校简介-兰州理工大学,2026-10-01,
4162010731,兰州理工大学,history,https://www.lut.edu.cn/xxgk/xsyg.htm,https://www.lut.edu.cn/xxgk/xsyg.htm,read,校史沿革-兰州理工大学,2026-10-01,
4162010732,兰州交通大学,homepage,https://www.lzjtu.edu.cn/,https://www.lzjtu.edu.cn/,read,兰州交通大学,2026-10-01,
4162010732,兰州交通大学,overview,https://www.lzjtu.edu.cn/jdgk/xxjj.htm,https://www.lzjtu.edu.cn/jdgk/xxjj.htm,insufficient_text,学校简介-兰州交通大学,2026-10-01,
4162010732,兰州交通大学,charter,https://www.lzjtu.edu.cn/jdgk/xxzc1.htm,https://www.lzjtu.edu.cn/jdgk/xxzc1.htm,insufficient_text,学校章程-兰州交通大学,2026-10-01,
4162010732,兰州交通大学,visual,https://www.lzjtu.edu.cn/jdgk/xhxxxg.htm,https://www.lzjtu.edu.cn/jdgk/xhxxxg.htm,insufficient_text,校徽校训校歌-兰州交通大学,2026-10-01,
4162010732,兰州交通大学,history,https://www.lzjtu.edu.cn/jdgk/lsyg.htm,https://www.lzjtu.edu.cn/jdgk/lsyg.htm,insufficient_text,历史沿革-兰州交通大学,2026-10-01,
4162010732,兰州交通大学,english,https://en.lzjtu.edu.cn/,https://en.lzjtu.edu.cn/,read,Lanzhou Jiaotong University,2026-10-01,
4162010733,甘肃农业大学,homepage,https://www.gsau.edu.cn/,https://www.gsau.edu.cn/,read,甘肃农业大学,2026-10-01,
4162010733,甘肃农业大学,overview,https://www.gsau.edu.cn/xxgk/xxjj.htm,https://www.gsau.edu.cn/xxgk/xxjj.htm,read,学校简介-甘肃农业大学,2026-10-01,
4162010733,甘肃农业大学,charter,https://www.gsau.edu.cn/xxgk/xxzc.htm,https://www.gsau.edu.cn/xxgk/xxzc.htm,read,学校章程-甘肃农业大学,2026-10-01,
4162010733,甘肃农业大学,visual,https://www.gsau.edu.cn/xywh1/sjxxsbxt.htm,https://www.gsau.edu.cn/xywh1/sjxxsbxt.htm,read,视觉形象识别系统-甘肃农业大学,2026-10-01,
4162010733,甘肃农业大学,culture,https://www.gsau.edu.cn/xywh1.htm,https://www.gsau.edu.cn/xywh1.htm,read,校园文化-甘肃农业大学,2026-10-01,
4162010733,甘肃农业大学,history,https://www.gsau.edu.cn/xxgk/lsyg.htm,https://www.gsau.edu.cn/xxgk/lsyg.htm,read,历史沿革-甘肃农业大学,2026-10-01,
4162010733,甘肃农业大学,english,https://www.gsau.edu.cn/xxgk/ywjj.htm,https://www.gsau.edu.cn/xxgk/ywjj.htm,read,英文简介-甘肃农业大学,2026-10-01,
4162010733,甘肃农业大学,overview,https://www.gsau.edu.cn/xxgk.htm,https://www.gsau.edu.cn/xxgk.htm,read,学校概况-甘肃农业大学,2026-10-01,
4162010733,甘肃农业大学,visual,https://www.gsau.edu.cn/xywh1/xxbz.htm,https://www.gsau.edu.cn/xywh1/xxbz.htm,read,学校标志-甘肃农业大学,2026-10-01,
4162010733,甘肃农业大学,culture,https://www.gsau.edu.cn/xywh1/xxxf.htm,https://www.gsau.edu.cn/xywh1/xxxf.htm,read,校训校风-甘肃农业大学,2026-10-01,
4162010733,甘肃农业大学,charter,https://www.gsau.edu.cn/xxgk/xxzc.htm,https://www.gsau.edu.cn/xxgk/xxzc.htm,read,学校章程-甘肃农业大学,2026-10-01,
4162010733,甘肃农业大学,overview,https://www.gsau.edu.cn/xxgk.htm,https://www.gsau.edu.cn/xxgk.htm,read,学校概况-甘肃农业大学,2026-10-01,
4162010733,甘肃农业大学,overview,https://www.gsau.edu.cn/xxgk/xxjj.htm,https://www.gsau.edu.cn/xxgk/xxjj.htm,read,学校简介-甘肃农业大学,2026-10-01,
4162010733,甘肃农业大学,history,https://www.gsau.edu.cn/xxgk/lsyg.htm,https://www.gsau.edu.cn/xxgk/lsyg.htm,read,历史沿革-甘肃农业大学,2026-10-01,
4162010733,甘肃农业大学,culture,https://www.gsau.edu.cn/xywh1.htm,https://www.gsau.edu.cn/xywh1.htm,read,校园文化-甘肃农业大学,2026-10-01,
4162010733,甘肃农业大学,charter,https://www.gsau.edu.cn/xxgk/xxzc.htm,https://www.gsau.edu.cn/xxgk/xxzc.htm,read,学校章程-甘肃农业大学,2026-10-01,
4162010733,甘肃农业大学,overview,https://www.gsau.edu.cn/xxgk.htm,https://www.gsau.edu.cn/xxgk.htm,read,学校概况-甘肃农业大学,2026-10-01,
4162010733,甘肃农业大学,overview,https://www.gsau.edu.cn/xxgk/xxjj.htm,https://www.gsau.edu.cn/xxgk/xxjj.htm,read,学校简介-甘肃农业大学,2026-10-01,
4162010735,甘肃中医药大学,homepage,https://www.gszy.edu.cn/reception,https://www.gszy.edu.cn/reception,read,甘肃中医药大学,2026-10-01,
4162010735,甘肃中医药大学,overview,https://www.gszy.edu.cn/reception/school/list/1.htm,https://www.gszy.edu.cn/reception/school/list/1.htm,read,甘肃中医药大学,2026-10-01,
4162010735,甘肃中医药大学,overview,https://www.gszy.edu.cn/reception/school/list/1.htm,https://www.gszy.edu.cn/reception/school/list/1.htm,read,甘肃中医药大学,2026-10-01,
4162010735,甘肃中医药大学,overview,https://www.gszy.edu.cn/reception/school/list/1.htm,https://www.gszy.edu.cn/reception/school/list/1.htm,read,甘肃中医药大学,2026-10-01,
4162010736,西北师范大学,homepage,http://www.nwnu.edu.cn,,fetch_error,,2026-10-01,HTTPError
4162010736,西北师范大学,overview,https://www.nwnu.edu.cn/,,access_limited,,2026-10-01,HTTPError
4162010736,西北师范大学,overview,https://www.nwnu.edu.cn/_t178/main.psp,,access_limited,,2026-10-01,HTTPError
4162010736,西北师范大学,overview,https://www.nwnu.edu.cn/2018/1119/c3329a180016/page.htm,,access_limited,,2026-10-01,HTTPError
4162010737,兰州城市学院,homepage,http://www.lzcu.edu.cn/,,fetch_error,,2026-10-01,HTTPError
4162010737,兰州城市学院,overview,https://www.lzcu.edu.cn/,,access_limited,,2026-10-01,HTTPError
4162010737,兰州城市学院,overview,https://www.lzcu.edu.cn/fangan.pdf,https://www.lzcu.edu.cn/fangan.pdf,read,,2026-10-01,
4162010737,兰州城市学院,overview,https://nic.lzcu.edu.cn/__local/E/68/83/74D87E3E832598899944B10AE89_5CBF7297_64875.pdf,https://nic.lzcu.edu.cn/__local/E/68/83/74D87E3E832598899944B10AE89_5CBF7297_64875.pdf,read,,2026-10-01,
4162010737,兰州城市学院,overview,https://www.lzcu.edu.cn/fangan.pdf,https://www.lzcu.edu.cn/fangan.pdf,read,,2026-10-01,
4162010737,兰州城市学院,overview,https://nic.lzcu.edu.cn/__local/E/68/83/74D87E3E832598899944B10AE89_5CBF7297_64875.pdf,https://nic.lzcu.edu.cn/__local/E/68/83/74D87E3E832598899944B10AE89_5CBF7297_64875.pdf,read,,2026-10-01,
4162010738,陇东学院,homepage,http://www.ldxy.edu.cn/,,fetch_error,,2026-10-01,timeout
4162010738,陇东学院,charter,https://gaokao.chsi.com.cn/zsgs/zhangcheng/listVerifedZszc--method-view%2CschId-578%2CinfoId-7657639527.dhtml,,access_limited,,2026-10-01,HTTPError
4162010738,陇东学院,overview,https://student.ecust.edu.cn/2024/1122/c1050a173530/page.htm,https://student.ecust.edu.cn/2024/1122/c1050a173530/page.htm,read,陇东学院党委常委、副校长闫彦宗一行来访,2026-10-01,
4162010739,天水师范大学,homepage,https://www.tsnu.edu.cn/,https://www.tsnu.edu.cn/,read,天水师范大学欢迎您！,2026-10-01,
4162010739,天水师范大学,overview,https://www.tsnu.edu.cn/xxgk2/xxjj.htm,https://www.tsnu.edu.cn/xxgk2/xxjj.htm,read,学校简介-天水师范大学欢迎您！,2026-10-01,
4162010739,天水师范大学,visual,https://www.tsnu.edu.cn/xxgk2/xxbs.htm,https://www.tsnu.edu.cn/xxgk2/xxbs.htm,read,学校标识-天水师范大学欢迎您！,2026-10-01,
4162010739,天水师范大学,history,https://www.tsnu.edu.cn/xxgk2/lsyg.htm,https://www.tsnu.edu.cn/xxgk2/lsyg.htm,read,历史沿革-天水师范大学欢迎您！,2026-10-01,
4162010739,天水师范大学,overview,https://www.tsnu.edu.cn/xxgk2.htm,https://www.tsnu.edu.cn/xxgk2.htm,read,学校概况-天水师范大学欢迎您！,2026-10-01,
4162010739,天水师范大学,overview,https://www.tsnu.edu.cn/xxgk2.htm,https://www.tsnu.edu.cn/xxgk2.htm,read,学校概况-天水师范大学欢迎您！,2026-10-01,
4162010739,天水师范大学,overview,https://www.tsnu.edu.cn/xxgk2/xxjj.htm,https://www.tsnu.edu.cn/xxgk2/xxjj.htm,read,学校简介-天水师范大学欢迎您！,2026-10-01,
4162010739,天水师范大学,history,https://www.tsnu.edu.cn/xxgk2/lsyg.htm,https://www.tsnu.edu.cn/xxgk2/lsyg.htm,read,历史沿革-天水师范大学欢迎您！,2026-10-01,
4162010740,河西学院,homepage,https://www.hxu.edu.cn/,https://www.hxu.edu.cn/,read,河西学院,2026-10-01,
4162010740,河西学院,overview,https://www.hxu.edu.cn/xxgk/xxjj.htm,https://www.hxu.edu.cn/xxgk/xxjj.htm,read,学校简介-河西学院,2026-10-01,
4162010740,河西学院,visual,https://www.hxu.edu.cn/xxgk/xxbs1.htm,https://www.hxu.edu.cn/xxgk/xxbs1.htm,read,学校标识-河西学院,2026-10-01,
4162010740,河西学院,culture,https://www.hxu.edu.cn/xxgk/xxxf.htm,https://www.hxu.edu.cn/xxgk/xxxf.htm,read,校训校风-河西学院,2026-10-01,
4162010740,河西学院,history,https://www.hxu.edu.cn/xxgk/lsyg.htm,https://www.hxu.edu.cn/xxgk/lsyg.htm,read,历史沿革-河西学院,2026-10-01,
4162010740,河西学院,overview,https://www.hxu.edu.cn/xxgk.htm,https://www.hxu.edu.cn/xxgk.htm,read,学校概况-河西学院,2026-10-01,
4162010740,河西学院,overview,https://www.hxu.edu.cn/xxgk.htm,https://www.hxu.edu.cn/xxgk.htm,read,学校概况-河西学院,2026-10-01,
4162010740,河西学院,overview,https://www.hxu.edu.cn/xxgk/xxjj.htm,,access_limited,,2026-10-01,timeout
4162010740,河西学院,history,https://www.hxu.edu.cn/xxgk/lsyg.htm,https://www.hxu.edu.cn/xxgk/lsyg.htm,read,历史沿革-河西学院,2026-10-01,
4162010740,河西学院,culture,https://www.hxu.edu.cn/xxgk/xxxf.htm,https://www.hxu.edu.cn/xxgk/xxxf.htm,read,校训校风-河西学院,2026-10-01,
4162010740,河西学院,overview,https://www.hxu.edu.cn/xxgk/xxjj.htm,https://www.hxu.edu.cn/xxgk/xxjj.htm,read,学校简介-河西学院,2026-10-01,
4162010741,兰州财经大学,homepage,https://www.lzufe.edu.cn,https://www.lzufe.edu.cn,read,兰州财经大学——Welcome to Lanzhou University of Finance and Economics!,2026-10-01,
4162010741,兰州财经大学,overview,https://www.lzufe.edu.cn/xxgk/xxjj.htm,https://www.lzufe.edu.cn/xxgk/xxjj.htm,read,学校简介-兰州财经大学——Welcome to Lanzhou University of Finance and Economics!,2026-10-01,
4162010741,兰州财经大学,culture,https://www.lzufe.edu.cn/xxgk/xg.htm,https://www.lzufe.edu.cn/xxgk/xg.htm,read,校歌-兰州财经大学——Welcome to Lanzhou University of Finance and Economics!,2026-10-01,
4162010741,兰州财经大学,history,https://www.lzufe.edu.cn/ztzl/xsg.htm,https://www.lzufe.edu.cn/ztzl/xsg.htm,read,校史馆-兰州财经大学——Welcome to Lanzhou University of Finance and Economics!,2026-10-01,
4162010741,兰州财经大学,navigation,https://www.lzufe.edu.cn/zhxx.htm,https://www.lzufe.edu.cn/zhxx.htm,read,综合信息-兰州财经大学——Welcome to Lanzhou University of Finance and Economics!,2026-10-01,
4162010741,兰州财经大学,culture,https://www.lzufe.edu.cn/zhxx/xywh.htm,https://www.lzufe.edu.cn/zhxx/xywh.htm,read,校园文化-兰州财经大学——Welcome to Lanzhou University of Finance and Economics!,2026-10-01,
4162010741,兰州财经大学,overview,https://www.lzufe.edu.cn/xxgk/xxjj.htm,https://www.lzufe.edu.cn/xxgk/xxjj.htm,read,学校简介-兰州财经大学——Welcome to Lanzhou University of Finance and Economics!,2026-10-01,
4162010741,兰州财经大学,history,https://www.lzufe.edu.cn/ztzl/xsg.htm,https://www.lzufe.edu.cn/ztzl/xsg.htm,read,校史馆-兰州财经大学——Welcome to Lanzhou University of Finance and Economics!,2026-10-01,
4162010741,兰州财经大学,culture,https://www.lzufe.edu.cn/xxgk/xg.htm,https://www.lzufe.edu.cn/xxgk/xg.htm,read,校歌-兰州财经大学——Welcome to Lanzhou University of Finance and Economics!,2026-10-01,
4162010741,兰州财经大学,culture,https://www.lzufe.edu.cn/zhxx/xywh.htm,https://www.lzufe.edu.cn/zhxx/xywh.htm,read,校园文化-兰州财经大学——Welcome to Lanzhou University of Finance and Economics!,2026-10-01,
4162010742,西北民族大学,homepage,https://www.xbmu.edu.cn/,https://www.xbmu.edu.cn/,read,西北民族大学,2026-10-01,
4162010742,西北民族大学,overview,https://www.xbmu.edu.cn/xxgk/xxjs.htm,https://www.xbmu.edu.cn/xxgk/xxjs.htm,read,学校介绍-西北民族大学,2026-10-01,
4162010742,西北民族大学,charter,https://www.xbmu.edu.cn/xxgk/xxzhang_c.htm,https://www.xbmu.edu.cn/xxgk/xxzhang_c.htm,read,学校章程-西北民族大学,2026-10-01,
4162010742,西北民族大学,navigation,https://www.xbmu.edu.cn/info/1441/58301.htm,https://www.xbmu.edu.cn/info/1441/58301.htm,read,学校铸牢中华民族共同体意识宣讲团走进团结村爱民小学开展主题宣讲-西北民族大学,2026-10-01,
4162010742,西北民族大学,charter,https://www.xbmu.edu.cn/xxgk/xxzhang_c.htm,https://www.xbmu.edu.cn/xxgk/xxzhang_c.htm,read,学校章程-西北民族大学,2026-10-01,
4162010742,西北民族大学,overview,https://www.xbmu.edu.cn/xxgk/xxjs.htm,https://www.xbmu.edu.cn/xxgk/xxjs.htm,read,学校介绍-西北民族大学,2026-10-01,
4162011406,甘肃政法大学,overview,https://czt.gansu.gov.cn/czt/c110117/202403/173884175/files/ab33975533524c08affa28a74f621e51.pdf,,access_limited,,2026-10-01,HTTPError
4162011406,甘肃政法大学,charter,https://gaokao.chsi.com.cn/zsgs/zhangcheng/listVerifedZszc--method-view%2CschId-432333%2CinfoId-7658474627.dhtml,,access_limited,,2026-10-01,HTTPError
4162011561,甘肃民族师范学院,homepage,http://www.gnun.edu.cn/,,title_mismatch,,2026-10-01,
4162011561,甘肃民族师范学院,charter,https://gaokao.chsi.com.cn/zsgs/zhangcheng/listVerifedZszc--method-view%2CschId-855%2CinfoId-7657109773.dhtml,,access_limited,,2026-10-01,HTTPError
4162011562,兰州文理学院,homepage,https://www.luas.edu.cn/,,title_mismatch,,2026-10-01,
4162011562,兰州文理学院,overview,https://zs.luas.edu.cn/,,access_limited,,2026-10-01,ValueError
4162011562,兰州文理学院,overview,https://www.luas.edu.cn/,,access_limited,,2026-10-01,ValueError
4162011562,兰州文理学院,overview,https://dxb.luas.edu.cn/2023/0726/c1590a107168/pagem.htm,,access_limited,,2026-10-01,ValueError
4162011805,甘肃医学院,homepage,https://www.gsmc.edu.cn/,https://www.gsmc.edu.cn/,read,甘肃医学院,2026-10-01,
4162011805,甘肃医学院,overview,https://www.gsmc.edu.cn/xxgkjj/xyjj.htm,https://www.gsmc.edu.cn/xxgkjj/xyjj.htm,read,学院简介-甘肃医学院,2026-10-01,
4162011805,甘肃医学院,culture,https://www.gsmc.edu.cn/xxgkjj/xyxx.htm,https://www.gsmc.edu.cn/xxgkjj/xyxx.htm,read,学院校训-甘肃医学院,2026-10-01,
4162011805,甘肃医学院,overview,https://www.gsmc.edu.cn/xxgkjj/xyjj.htm,https://www.gsmc.edu.cn/xxgkjj/xyjj.htm,read,学院简介-甘肃医学院,2026-10-01,
4162011805,甘肃医学院,culture,https://www.gsmc.edu.cn/xxgkjj/xyxx.htm,https://www.gsmc.edu.cn/xxgkjj/xyxx.htm,read,学院校训-甘肃医学院,2026-10-01,
4162011807,兰州工业学院,homepage,https://www.lzit.edu.cn/,https://www.lzit.edu.cn/,read,兰州工业学院,2026-10-01,
4162011807,兰州工业学院,overview,https://www.lzit.edu.cn/xxgk/xxjj.htm,https://www.lzit.edu.cn/xxgk/xxjj.htm,read,学校简介-兰州工业学院,2026-10-01,
4162011807,兰州工业学院,charter,https://www.lzit.edu.cn/xxgk/xxzc.htm,https://www.lzit.edu.cn/xxgk/xxzc.htm,read,学校章程-兰州工业学院,2026-10-01,
4162011807,兰州工业学院,visual,https://www.lzit.edu.cn/xxgk/xxbs.htm,https://www.lzit.edu.cn/xxgk/xxbs.htm,read,学校标识-兰州工业学院,2026-10-01,
4162011807,兰州工业学院,culture,https://www.lzit.edu.cn/info/1234/34169.htm,https://www.lzit.edu.cn/info/1234/34169.htm,read,电子信息工程学院开展民族团结主题教育系列活动-兰州工业学院,2026-10-01,
4162011807,兰州工业学院,history,https://www.lzit.edu.cn/xxgk/lsyg.htm,https://www.lzit.edu.cn/xxgk/lsyg.htm,read,历史沿革-兰州工业学院,2026-10-01,
4162011807,兰州工业学院,english,https://www.lzit.edu.cn/info/1314/33462.htm,https://www.lzit.edu.cn/info/1314/33462.htm,read,星火（2026年英文版）-兰州工业学院,2026-10-01,
4162011807,兰州工业学院,navigation,https://www.lzit.edu.cn/info/1339/33645.htm,https://www.lzit.edu.cn/info/1339/33645.htm,read,机电工程学院学生党支部联合山字墩社区开展“五四回信”精神进社区宣讲活动-兰州工业学院,2026-10-01,
4162011807,兰州工业学院,visual,https://www.lzit.edu.cn/system/_content/download.jsp?urltype=news.DownloadAttachUrl&owner=2097748703&wbfileid=4043268,https://www.lzit.edu.cn/system/_content/download.jsp?urltype=news.DownloadAttachUrl&owner=2097748703&wbfileid=4043268,insufficient_text,附件下载,2026-10-01,
4162011807,兰州工业学院,history,https://www.lzit.edu.cn/info/1339/33264.htm,https://www.lzit.edu.cn/info/1339/33264.htm,read,甘肃省教育考试院来校开展专题调研交流-兰州工业学院,2026-10-01,
4162011807,兰州工业学院,charter,https://www.lzit.edu.cn/xxgk/xxzc.htm,https://www.lzit.edu.cn/xxgk/xxzc.htm,read,学校章程-兰州工业学院,2026-10-01,
4162011807,兰州工业学院,overview,https://www.lzit.edu.cn/xxgk/xxjj.htm,https://www.lzit.edu.cn/xxgk/xxjj.htm,read,学校简介-兰州工业学院,2026-10-01,
4162011807,兰州工业学院,history,https://www.lzit.edu.cn/xxgk/lsyg.htm,https://www.lzit.edu.cn/xxgk/lsyg.htm,read,历史沿革-兰州工业学院,2026-10-01,
4162011807,兰州工业学院,history,https://www.lzit.edu.cn/info/1339/33264.htm,https://www.lzit.edu.cn/info/1339/33264.htm,read,甘肃省教育考试院来校开展专题调研交流-兰州工业学院,2026-10-01,
4162011807,兰州工业学院,culture,https://www.lzit.edu.cn/info/1234/34169.htm,https://www.lzit.edu.cn/info/1234/34169.htm,read,电子信息工程学院开展民族团结主题教育系列活动-兰州工业学院,2026-10-01,
4162011806,陇南师范学院,homepage,https://www.lntc.edu.cn/,https://www.lntc.edu.cn/,read,陇南师范学院欢迎您！,2026-10-01,
4162011806,陇南师范学院,overview,https://www.lntc.edu.cn/xxgk.htm,https://www.lntc.edu.cn/xxgk.htm,read,学校概况-陇南师范学院欢迎您！,2026-10-01,
4162011806,陇南师范学院,visual,https://www.lntc.edu.cn/xxgk/xmxh.htm,https://www.lntc.edu.cn/xxgk/xmxh.htm,read,校名校徽-陇南师范学院欢迎您！,2026-10-01,
4162011806,陇南师范学院,culture,https://www.lntc.edu.cn/xxgk/xxsy.htm,https://www.lntc.edu.cn/xxgk/xxsy.htm,read,校训释义-陇南师范学院欢迎您！,2026-10-01,
4162011806,陇南师范学院,history,https://www.lntc.edu.cn/xxgk/lsyg.htm,https://www.lntc.edu.cn/xxgk/lsyg.htm,read,历史沿革-陇南师范学院欢迎您！,2026-10-01,
4162011806,陇南师范学院,visual,https://www.lntc.edu.cn/system/_content/download.jsp?urltype=news.DownloadAttachUrl&owner=1498266539&wbfileid=15732094,https://www.lntc.edu.cn/system/_content/download.jsp?urltype=news.DownloadAttachUrl&owner=1498266539&wbfileid=15732094,insufficient_text,附件下载,2026-10-01,
4162011806,陇南师范学院,culture,https://www.lntc.edu.cn/xxgk/xyxg.htm,https://www.lntc.edu.cn/xxgk/xyxg.htm,read,学院校歌-陇南师范学院欢迎您！,2026-10-01,
4162011806,陇南师范学院,overview,https://www.lntc.edu.cn/xxgk.htm,https://www.lntc.edu.cn/xxgk.htm,read,学校概况-陇南师范学院欢迎您！,2026-10-01,
4162011806,陇南师范学院,history,https://www.lntc.edu.cn/xxgk/lsyg.htm,https://www.lntc.edu.cn/xxgk/lsyg.htm,read,历史沿革-陇南师范学院欢迎您！,2026-10-01,
4162011806,陇南师范学院,culture,https://www.lntc.edu.cn/xxgk/xxsy.htm,https://www.lntc.edu.cn/xxgk/xxsy.htm,read,校训释义-陇南师范学院欢迎您！,2026-10-01,
4162011806,陇南师范学院,culture,https://www.lntc.edu.cn/xxgk/xyxg.htm,https://www.lntc.edu.cn/xxgk/xyxg.htm,read,学院校歌-陇南师范学院欢迎您！,2026-10-01,
4162012834,甘肃警察学院,homepage,https://www.gsjcxy.edu.cn/,https://www.gsjcxy.edu.cn/,read,甘肃警察学院,2026-10-01,
4162012834,甘肃警察学院,overview,https://www.gsjcxy.edu.cn/xygk/xyjj.htm,https://www.gsjcxy.edu.cn/xygk/xyjj.htm,read,学院简介-甘肃警察学院,2026-10-01,
4162012834,甘肃警察学院,visual,https://www.gsjcxy.edu.cn/xygk/xmxh.htm,https://www.gsjcxy.edu.cn/xygk/xmxh.htm,read,校名校徽-甘肃警察学院,2026-10-01,
4162012834,甘肃警察学院,overview,https://www.gsjcxy.edu.cn/xygk/xyjj.htm,https://www.gsjcxy.edu.cn/xygk/xyjj.htm,read,学院简介-甘肃警察学院,2026-10-01,
4163010743,青海大学,homepage,https://www.qhu.edu.cn/,https://www.qhu.edu.cn/,read,首页-青海大学,2026-10-01,
4163010743,青海大学,overview,https://www.qhu.edu.cn/xxgk/xxjj/index.htm,https://www.qhu.edu.cn/xxgk/xxjj/index.htm,read,学校简介-青海大学,2026-10-01,
4163010743,青海大学,visual,https://www.qhu.edu.cn/xysh/xywh/index.htm,https://www.qhu.edu.cn/xysh/xywh/index.htm,read,校园文化-青海大学,2026-10-01,
4163010743,青海大学,history,https://www.qhu.edu.cn/xxgk/lsyg/index.htm,https://www.qhu.edu.cn/xxgk/lsyg/index.htm,read,历史沿革-青海大学,2026-10-01,
4163010743,青海大学,english,https://international.qhu.edu.cn/,https://international.qhu.edu.cn/,read,Global Cooperation & Exchange Study in Q,2026-10-01,
4163010743,青海大学,navigation,https://www.qhu.edu.cn/yhdh/zjqd/index.htm,https://www.qhu.edu.cn/yhdh/zjqd/index.htm,read,走进青大-青海大学,2026-10-01,
4163010743,青海大学,culture,https://www.qhu.edu.cn/yhdh/zjqd/xhxx2/2af1284e2b2d44309ecc9571590b48df.htm,https://www.qhu.edu.cn/yhdh/zjqd/xhxx2/2af1284e2b2d44309ecc9571590b48df.htm,read,校训视频-校徽校训-青海大学,2026-10-01,
4163010743,青海大学,overview,https://www.qhu.edu.cn/xxgk/index.htm,https://www.qhu.edu.cn/xxgk/index.htm,read,学校概况-青海大学,2026-10-01,
4163010743,青海大学,visual,https://www.qhu.edu.cn/xxgk/xhxx/index.htm,https://www.qhu.edu.cn/xxgk/xhxx/index.htm,read,校徽校训-青海大学,2026-10-01,
4163010743,青海大学,history,http://www.qhu.edu.cn/xxgk/lsyg/index.htm,https://www.qhu.edu.cn/xxgk/lsyg/index.htm,read,历史沿革-青海大学,2026-10-01,
4163010743,青海大学,overview,https://www.qhu.edu.cn/xxgk/index.htm,https://www.qhu.edu.cn/xxgk/index.htm,read,学校概况-青海大学,2026-10-01,
4163010743,青海大学,overview,https://www.qhu.edu.cn/xxgk/xxjj/index.htm,https://www.qhu.edu.cn/xxgk/xxjj/index.htm,read,学校简介-青海大学,2026-10-01,
4163010743,青海大学,history,https://www.qhu.edu.cn/xxgk/lsyg/index.htm,https://www.qhu.edu.cn/xxgk/lsyg/index.htm,read,历史沿革-青海大学,2026-10-01,
4163010743,青海大学,culture,https://www.qhu.edu.cn/yhdh/zjqd/xhxx2/2af1284e2b2d44309ecc9571590b48df.htm,https://www.qhu.edu.cn/yhdh/zjqd/xhxx2/2af1284e2b2d44309ecc9571590b48df.htm,read,校训视频-校徽校训-青海大学,2026-10-01,
4163010746,青海师范大学,homepage,https://www.qhnu.edu.cn/,https://www.qhnu.edu.cn/,read,青海师范大学,2026-10-01,
4163010746,青海师范大学,overview,https://www.qhnu.edu.cn/xxgk/xxjj.htm,https://www.qhnu.edu.cn/xxgk/xxjj.htm,read,学校简介-青海师范大学,2026-10-01,
4163010746,青海师范大学,charter,https://www.qhnu.edu.cn/xxgk/xxzc.htm,https://www.qhnu.edu.cn/xxgk/xxzc.htm,read,学校章程-青海师范大学,2026-10-01,
4163010746,青海师范大学,visual,https://www.qhnu.edu.cn/xxgk/xh.htm,https://www.qhnu.edu.cn/xxgk/xh.htm,read,校徽-青海师范大学,2026-10-01,
4163010746,青海师范大学,culture,https://www.qhnu.edu.cn/xxgk/qsxx.htm,https://www.qhnu.edu.cn/xxgk/qsxx.htm,read,青师校训-青海师范大学,2026-10-01,
4163010746,青海师范大学,navigation,https://www.qhnu.edu.cn/info/1036/22699.htm,https://www.qhnu.edu.cn/info/1036/22699.htm,read,首金耀华夏，薪火润师魂——奥运冠军许海峰走进体育学院-青海师范大学,2026-10-01,
4163010746,青海师范大学,charter,https://www.qhnu.edu.cn/xxgk/xxzc.htm,https://www.qhnu.edu.cn/xxgk/xxzc.htm,read,学校章程-青海师范大学,2026-10-01,
4163010746,青海师范大学,overview,https://www.qhnu.edu.cn/xxgk/xxjj.htm,https://www.qhnu.edu.cn/xxgk/xxjj.htm,read,学校简介-青海师范大学,2026-10-01,
4163010746,青海师范大学,culture,https://www.qhnu.edu.cn/xxgk/qsxx.htm,https://www.qhnu.edu.cn/xxgk/qsxx.htm,read,青师校训-青海师范大学,2026-10-01,
4163010748,青海民族大学,charter,https://gaokao.chsi.com.cn/zsgs/zhangcheng/listVerifedZszc--method-view%2CschId-586%2CinfoId-7607343155.dhtml,,access_limited,,2026-10-01,HTTPError
4163010748,青海民族大学,overview,https://www.neac.gov.cn/seac/c103548/201802/1012492.shtml,https://www.neac.gov.cn/seac/c103548/201802/1012492.shtml,read,青海民族大学,2026-10-01,
4163010748,青海民族大学,overview,https://www.moe.gov.cn/jyb_xwfb/xw_zt/moe_357/s6211/s6337/s6343/s6339/201203/t20120321_132760.html,http://www.moe.gov.cn/jyb_xwfb/xw_zt/moe_357/s6211/s6337/s6343/s6339/201203/t20120321_132760.html,read,青海民族大学：深化教学改革 加强内涵建设 全面提高教育教学质量 - 中华人民共和国教育部政府门户网站,2026-10-01,
4163014881,青海理工学院,homepage,https://www.qhit.edu.cn/,,access_limited,,2026-10-01,URLError
4164010749,宁夏大学,homepage,https://www.nxu.edu.cn/,https://www.nxu.edu.cn/,read,宁夏大学,2026-10-01,
4164010749,宁夏大学,overview,https://www.nxu.edu.cn/xxgk/ndjj.htm,https://www.nxu.edu.cn/xxgk/ndjj.htm,read,宁大简介-宁夏大学,2026-10-01,
4164010749,宁夏大学,visual,https://www.nxu.edu.cn/info/1591/35782.htm,https://www.nxu.edu.cn/info/1591/35782.htm,read,宁夏日报客户端：宁夏大学引导青年学子扣好人生第一粒扣子-宁夏大学,2026-10-01,
4164010749,宁夏大学,history,https://dangan.nxu.edu.cn/wsxsg.htm,https://dangan.nxu.edu.cn/wsxsg.htm,insufficient_text,网上校史馆-档案馆,2026-10-01,
4164010749,宁夏大学,navigation,https://www.nxu.edu.cn/info/1591/36061.htm,https://www.nxu.edu.cn/info/1591/36061.htm,read,宁夏日报客户端： 一起到宁夏去看“海”-宁夏大学,2026-10-01,
4164010749,宁夏大学,navigation,https://www.nxu.edu.cn/info/1591/35978.htm,https://www.nxu.edu.cn/info/1591/35978.htm,read,媒体报道：“闽宁同行·塞上向海”海洋文化通识教育传播项目宁夏站落地宁夏大学-宁夏大学,2026-10-01,
4164010749,宁夏大学,culture,https://www.nxu.edu.cn/info/1591/35883.htm,https://www.nxu.edu.cn/info/1591/35883.htm,read,中国民族教育：将中华民族共同体意识融入校园文化建设⑨ 丨构建“六位一体”的校园文化育人模式-宁夏大学,2026-10-01,
4164010749,宁夏大学,overview,https://www.nxu.edu.cn/xxgk/ndjj.htm,https://www.nxu.edu.cn/xxgk/ndjj.htm,read,宁大简介-宁夏大学,2026-10-01,
4164010749,宁夏大学,culture,https://www.nxu.edu.cn/info/1591/35883.htm,https://www.nxu.edu.cn/info/1591/35883.htm,read,中国民族教育：将中华民族共同体意识融入校园文化建设⑨ 丨构建“六位一体”的校园文化育人模式-宁夏大学,2026-10-01,
4164010752,宁夏医科大学,homepage,https://www.nxmu.edu.cn/,https://www.nxmu.edu.cn/,read,宁夏医科大学门户网站,2026-10-01,
4164010752,宁夏医科大学,overview,https://www.nxmu.edu.cn/xxgk/xxjj.htm,https://www.nxmu.edu.cn/xxgk/xxjj.htm,read,学校简介-宁夏医科大学门户网站,2026-10-01,
4164010752,宁夏医科大学,visual,http://www.nxmu.edu.cn/tw/,http://www.nxmu.edu.cn/tw/,read,宁夏医科大学团委,2026-10-01,
4164010752,宁夏医科大学,history,https://www.nxmu.edu.cn/xxgk/fzjlsyg.htm,https://www.nxmu.edu.cn/xxgk/fzjlsyg.htm,read,发展及历史沿革-宁夏医科大学门户网站,2026-10-01,
4164010752,宁夏医科大学,english,http://www.nxmu.edu.cn/nxykdyww/,http://www.nxmu.edu.cn/nxykdyww/,read,Ningxia Medical University,2026-10-01,
4164010752,宁夏医科大学,navigation,https://www.nxmu.edu.cn/info/1197/10079.htm,https://www.nxmu.edu.cn/info/1197/10079.htm,read,学校开展基层党建观摩交流活动暨发展党员工作专题培训-宁夏医科大学门户网站,2026-10-01,
4164010752,宁夏医科大学,visual,https://www.nxmu.edu.cn/xxgk/xxxfxh.htm,https://www.nxmu.edu.cn/xxgk/xxxfxh.htm,read,校训校风校徽-宁夏医科大学门户网站,2026-10-01,
4164010752,宁夏医科大学,navigation,http://www.nxmu.edu.cn/tw/info/1004/2647.htm,http://www.nxmu.edu.cn/tw/info/1004/2647.htm,read,关于学校2025年度五四红旗团委、五四红旗团支部、共青团先进工作者、优秀共青团员、优秀共青团干部评选表彰的公示-宁夏医科大学团委,2026-10-01,
4164010752,宁夏医科大学,overview,https://www.nxmu.edu.cn/xxgk/xxjj.htm,https://www.nxmu.edu.cn/xxgk/xxjj.htm,read,学校简介-宁夏医科大学门户网站,2026-10-01,
4164010752,宁夏医科大学,history,https://www.nxmu.edu.cn/xxgk/fzjlsyg.htm,https://www.nxmu.edu.cn/xxgk/fzjlsyg.htm,read,发展及历史沿革-宁夏医科大学门户网站,2026-10-01,
4164010753,宁夏师范大学,homepage,https://www.nxnu.edu.cn/,,access_limited,,2026-10-01,URLError
4164010753,宁夏师范大学,overview,https://www.nxnu.edu.cn/xxgk/xxjj.htm,https://www.nxnu.edu.cn/xxgk/xxjj.htm,read,学校简介-宁夏师范大学,2026-10-01,
4164010753,宁夏师范大学,history,https://www.nxnu.edu.cn/xxgk/lsyg.htm,https://www.nxnu.edu.cn/xxgk/lsyg.htm,read,历史沿革-宁夏师范大学,2026-10-01,
4164010753,宁夏师范大学,overview,https://www.nxnu.edu.cn/xxgk/xxjj.htm,https://www.nxnu.edu.cn/xxgk/xxjj.htm,read,学校简介-宁夏师范大学,2026-10-01,
4164010753,宁夏师范大学,history,https://www.nxnu.edu.cn/xxgk/lsyg.htm,https://www.nxnu.edu.cn/xxgk/lsyg.htm,read,历史沿革-宁夏师范大学,2026-10-01,
4164010753,宁夏师范大学,history,https://www.nxnu.edu.cn/xxgk/lsyg.htm,,access_limited,,2026-10-01,URLError
4164011407,北方民族大学,homepage,https://en.nmu.edu.cn/,,fetch_error,,2026-10-01,URLError
4164011407,北方民族大学,charter,https://www.moe.gov.cn/srcsite/A02/zfs_gdxxzc/201702/t20170207_295833.html,http://www.moe.gov.cn/srcsite/A02/zfs_gdxxzc/201702/t20170207_295833.html,read,中华人民共和国教育部高等学校章程核准书第97号（北方民族大学） - 中华人民共和国教育部政府门户网站,2026-10-01,
4164011407,北方民族大学,overview,https://www.neac.gov.cn/seac/mwjs/201504/1009156.shtml,https://www.neac.gov.cn/seac/mwjs/201504/1009156.shtml,read,北方民族大学,2026-10-01,
4164011407,北方民族大学,charter,http://www.moe.gov.cn/srcsite/A02/zfs_gdxxzc/201702/t20170207_295833.html,http://www.moe.gov.cn/srcsite/A02/zfs_gdxxzc/201702/t20170207_295833.html,read,中华人民共和国教育部高等学校章程核准书第97号（北方民族大学） - 中华人民共和国教育部政府门户网站,2026-10-01,
4164011407,北方民族大学,overview,https://www.neac.gov.cn/seac/mwjs/201504/1009156.shtml,https://www.neac.gov.cn/seac/mwjs/201504/1009156.shtml,read,北方民族大学,2026-10-01,
4165010755,新疆大学,homepage,https://www.xju.edu.cn,https://www.xju.edu.cn,read,新疆大学,2026-10-01,
4165010755,新疆大学,overview,https://www.xju.edu.cn/xxgk/xdbs.htm,https://www.xju.edu.cn/xxgk/xdbs.htm,read,新大标识-新疆大学,2026-10-01,
4165010755,新疆大学,history,https://www.xju.edu.cn/xxgk/lsyg.htm,https://www.xju.edu.cn/xxgk/lsyg.htm,read,历史沿革-新疆大学,2026-10-01,
4165010755,新疆大学,english,https://english.xju.edu.cn/,https://english.xju.edu.cn/,read,Xinjiang University,2026-10-01,
4165010755,新疆大学,history,https://www.xju.edu.cn/info/1061/28516.htm,https://www.xju.edu.cn/info/1061/28516.htm,read,乌兹别克斯坦总统外交政策副顾问、中亚国际研究所所长贾夫隆·瓦哈博夫一行来访新疆大学-新疆大学,2026-10-01,
4165010755,新疆大学,overview,https://www.xju.edu.cn/xxgk/xdbs.htm,https://www.xju.edu.cn/xxgk/xdbs.htm,read,新大标识-新疆大学,2026-10-01,
4165010755,新疆大学,history,https://www.xju.edu.cn/xxgk/lsyg.htm,https://www.xju.edu.cn/xxgk/lsyg.htm,read,历史沿革-新疆大学,2026-10-01,
4165010755,新疆大学,history,https://www.xju.edu.cn/info/1061/28516.htm,https://www.xju.edu.cn/info/1061/28516.htm,read,乌兹别克斯坦总统外交政策副顾问、中亚国际研究所所长贾夫隆·瓦哈博夫一行来访新疆大学-新疆大学,2026-10-01,
4165010757,塔里木大学,homepage,https://www.taru.edu.cn,https://www.taru.edu.cn,read,塔里木大学,2026-10-01,
4165010757,塔里木大学,overview,https://www.taru.edu.cn/xxgk/xxjj.htm,https://www.taru.edu.cn/xxgk/xxjj.htm,read,学校简介-塔里木大学,2026-10-01,
4165010757,塔里木大学,charter,https://www.taru.edu.cn/xxgk/dxzc.htm,https://www.taru.edu.cn/xxgk/dxzc.htm,read,大学章程-塔里木大学,2026-10-01,
4165010757,塔里木大学,visual,https://www.taru.edu.cn/xxgk/xxbz.htm,https://www.taru.edu.cn/xxgk/xxbz.htm,read,学校标志-塔里木大学,2026-10-01,
4165010757,塔里木大学,overview,https://www.taru.edu.cn/xxgk.htm,https://www.taru.edu.cn/xxgk.htm,read,学校概况-塔里木大学,2026-10-01,
4165010757,塔里木大学,charter,https://www.taru.edu.cn/xxgk/dxzc.htm,https://www.taru.edu.cn/xxgk/dxzc.htm,read,大学章程-塔里木大学,2026-10-01,
4165010757,塔里木大学,overview,https://www.taru.edu.cn/xxgk.htm,https://www.taru.edu.cn/xxgk.htm,read,学校概况-塔里木大学,2026-10-01,
4165010757,塔里木大学,overview,https://www.taru.edu.cn/xxgk/xxjj.htm,https://www.taru.edu.cn/xxgk/xxjj.htm,read,学校简介-塔里木大学,2026-10-01,
4165010758,新疆农业大学,homepage,https://www.xjau.edu.cn/,https://www.xjau.edu.cn/,read,新疆农业大学,2026-10-01,
4165010758,新疆农业大学,overview,https://www.xjau.edu.cn/134/list.htm,https://www.xjau.edu.cn/134/list.htm,read,学校概况,2026-10-01,
4165010758,新疆农业大学,charter,https://www.xjau.edu.cn/143/list.htm,https://www.xjau.edu.cn/143/list.htm,read,章程全文,2026-10-01,
4165010758,新疆农业大学,history,https://www.xjau.edu.cn/xsyg/list.htm,https://www.xjau.edu.cn/xsyg/list.htm,read,校史沿革,2026-10-01,
4165010758,新疆农业大学,english,https://www.xjau.edu.cn/204/list.htm,https://www.xjau.edu.cn/204/list.htm,read,About XJAU,2026-10-01,
4165010758,新疆农业大学,overview,https://www.xjau.edu.cn/xxgk/list.htm,https://www.xjau.edu.cn/xxgk/list.htm,read,学校概况,2026-10-01,
4165010758,新疆农业大学,charter,https://www.xjau.edu.cn/_upload/article/files/40/8e/8189d637457ca040cd188d6acbb7/34aaa7ec-7783-4ba8-9cc5-da86a4c83fdf.pdf,https://www.xjau.edu.cn/_upload/article/files/40/8e/8189d637457ca040cd188d6acbb7/34aaa7ec-7783-4ba8-9cc5-da86a4c83fdf.pdf,read,,2026-10-01,
4165010758,新疆农业大学,charter,https://www.xjau.edu.cn/143/list.htm,https://www.xjau.edu.cn/143/list.htm,read,章程全文,2026-10-01,
4165010758,新疆农业大学,charter,https://www.xjau.edu.cn/_upload/article/files/40/8e/8189d637457ca040cd188d6acbb7/34aaa7ec-7783-4ba8-9cc5-da86a4c83fdf.pdf,https://www.xjau.edu.cn/_upload/article/files/40/8e/8189d637457ca040cd188d6acbb7/34aaa7ec-7783-4ba8-9cc5-da86a4c83fdf.pdf,read,,2026-10-01,
4165010758,新疆农业大学,overview,https://www.xjau.edu.cn/134/list.htm,https://www.xjau.edu.cn/134/list.htm,read,学校概况,2026-10-01,
4165010758,新疆农业大学,overview,https://www.xjau.edu.cn/xxgk/list.htm,https://www.xjau.edu.cn/xxgk/list.htm,read,学校概况,2026-10-01,
4165010758,新疆农业大学,history,https://www.xjau.edu.cn/xsyg/list.htm,https://www.xjau.edu.cn/xsyg/list.htm,read,校史沿革,2026-10-01,
4165010759,石河子大学,homepage,https://www.shzu.edu.cn/,https://www.shzu.edu.cn/,read,石河子大学主页,2026-10-01,
4165010759,石河子大学,overview,https://www.shzu.edu.cn/xxjj/list.htm,https://www.shzu.edu.cn/xxjj/list.htm,read,历史沿革,2026-10-01,
4165010759,石河子大学,charter,https://www.shzu.edu.cn/xxzc_13289/list.htm,https://www.shzu.edu.cn/xxzc_13289/list.htm,read,学校章程,2026-10-01,
4165010759,石河子大学,visual,https://www.shzu.edu.cn/xh/list.htm,https://www.shzu.edu.cn/xh/list.htm,read,校 徽,2026-10-01,
4165010759,石河子大学,culture,https://www.shzu.edu.cn/xfxx/list.htm,https://www.shzu.edu.cn/xfxx/list.htm,read,校风校训,2026-10-01,
4165010759,石河子大学,history,https://www.shzu.edu.cn/13304/list.htm,https://www.shzu.edu.cn/13304/list.htm,read,历史沿革,2026-10-01,
4165010759,石河子大学,navigation,https://www.shzu.edu.cn/zjsd/list.htm,https://www.shzu.edu.cn/zjsd/list.htm,read,常用电话,2026-10-01,
4165010759,石河子大学,charter,https://www.shzu.edu.cn/xxzc_13289/list.htm,https://www.shzu.edu.cn/xxzc_13289/list.htm,read,学校章程,2026-10-01,
4165010759,石河子大学,overview,https://www.shzu.edu.cn/xxjj/list.htm,https://www.shzu.edu.cn/xxjj/list.htm,read,历史沿革,2026-10-01,
4165010759,石河子大学,history,https://www.shzu.edu.cn/13304/list.htm,https://www.shzu.edu.cn/13304/list.htm,read,历史沿革,2026-10-01,
4165010759,石河子大学,culture,https://www.shzu.edu.cn/xfxx/list.htm,https://www.shzu.edu.cn/xfxx/list.htm,read,校风校训,2026-10-01,
4165010760,新疆医科大学,homepage,https://www.xjmu.edu.cn/,https://www.xjmu.edu.cn/,read,新疆医科大学,2026-10-01,
4165010760,新疆医科大学,overview,https://www.xjmu.edu.cn/xqzl1/xxgkxin.htm,https://www.xjmu.edu.cn/xqzl1/xxgkxin.htm,read,学校概况-新疆医科大学,2026-10-01,
4165010760,新疆医科大学,charter,https://www.xjmu.edu.cn/xqzl1/xxzc.htm,https://www.xjmu.edu.cn/xqzl1/xxzc.htm,read,学校章程-新疆医科大学,2026-10-01,
4165010760,新疆医科大学,culture,https://www.xjmu.edu.cn/info/1058/14029.htm,https://www.xjmu.edu.cn/info/1058/14029.htm,read,新疆医科大学校歌-新疆医科大学,2026-10-01,
4165010760,新疆医科大学,navigation,https://www.xjmu.edu.cn/info/1060/15171.htm,https://www.xjmu.edu.cn/info/1060/15171.htm,read,从新疆出发，中医药走进中亚-新疆医科大学,2026-10-01,
4165010760,新疆医科大学,navigation,https://www.xjmu.edu.cn/info/1058/15180.htm,https://www.xjmu.edu.cn/info/1058/15180.htm,read,“没想到，在家门口就能看上大专家”——新疆医科大学“新医七十年 健康新疆行”大型义诊活动走进喀什-新疆医科大学,2026-10-01,
4165010760,新疆医科大学,charter,https://www.xjmu.edu.cn/xqzl1/xxzc.htm,https://www.xjmu.edu.cn/xqzl1/xxzc.htm,read,学校章程-新疆医科大学,2026-10-01,
4165010760,新疆医科大学,overview,https://www.xjmu.edu.cn/xqzl1/xxgkxin.htm,https://www.xjmu.edu.cn/xqzl1/xxgkxin.htm,read,学校概况-新疆医科大学,2026-10-01,
4165010760,新疆医科大学,culture,https://www.xjmu.edu.cn/info/1058/14029.htm,https://www.xjmu.edu.cn/info/1058/14029.htm,read,新疆医科大学校歌-新疆医科大学,2026-10-01,
4165010762,新疆师范大学,homepage,https://www.xjnu.edu.cn/,https://www.xjnu.edu.cn/,read,新疆师范大学,2026-10-01,
4165010762,新疆师范大学,overview,https://www.xjnu.edu.cn/xxgk/xxjj.htm,https://www.xjnu.edu.cn/xxgk/xxjj.htm,read,学校简介-新疆师范大学,2026-10-01,
4165010762,新疆师范大学,charter,https://www.xjnu.edu.cn/xxgk/xxzc.htm,https://www.xjnu.edu.cn/xxgk/xxzc.htm,read,学校章程-新疆师范大学,2026-10-01,
4165010762,新疆师范大学,visual,https://www.xjnu.edu.cn/xxgk/xxbs.htm,https://www.xjnu.edu.cn/xxgk/xxbs.htm,read,学校标识-新疆师范大学,2026-10-01,
4165010762,新疆师范大学,navigation,https://www.xjnu.edu.cn/info/1070/77212.htm,https://www.xjnu.edu.cn/info/1070/77212.htm,read,新视野丨勇担育人使命 聚力科研攻关——走进新疆“全国高校黄大年式教师团队”-新疆师范大学,2026-10-01,
4165010762,新疆师范大学,charter,https://www.xjnu.edu.cn/xxgk/xxzc.htm,https://www.xjnu.edu.cn/xxgk/xxzc.htm,read,学校章程-新疆师范大学,2026-10-01,
4165010762,新疆师范大学,overview,https://www.xjnu.edu.cn/xxgk/xxjj.htm,https://www.xjnu.edu.cn/xxgk/xxjj.htm,read,学校简介-新疆师范大学,2026-10-01,
4165010763,喀什大学,homepage,http://www.ksu.edu.cn,,fetch_error,,2026-10-01,URLError
4165010763,喀什大学,charter,https://xgb.ksu.edu.cn/info/1501/9311.htm,,access_limited,,2026-10-01,URLError
4165010763,喀什大学,overview,https://www.ksu.edu.cn/index.htm,,access_limited,,2026-10-01,URLError
4165010763,喀什大学,overview,https://www.ksu.edu.cn/xxgk/xxjj.htm,,access_limited,,2026-10-01,URLError
4165010763,喀什大学,overview,https://www.ksu.edu.cn/info/1031/33175.htm,,access_limited,,2026-10-01,URLError
4165010764,伊犁师范大学,homepage,https://www.ylnu.edu.cn/,https://www.ylnu.edu.cn/,read,伊犁师范大学,2026-10-01,
4165010764,伊犁师范大学,overview,https://www.ylnu.edu.cn/xygk/dxjj.htm,https://www.ylnu.edu.cn/xygk/dxjj.htm,read,大学简介-伊犁师范大学,2026-10-01,
4165010764,伊犁师范大学,culture,https://www.ylnu.edu.cn/xygk/xfxx.htm,https://www.ylnu.edu.cn/xygk/xfxx.htm,read,校风校训-伊犁师范大学,2026-10-01,
4165010764,伊犁师范大学,navigation,https://www.ylnu.edu.cn/info/2411/166803.htm,https://www.ylnu.edu.cn/info/2411/166803.htm,read,【媒体伊师大】情景歌舞剧《石榴花开别样红》走进伊犁师范大学-伊犁师范大学,2026-10-01,
4165010764,伊犁师范大学,navigation,https://www.ylnu.edu.cn/info/2391/162493.htm,https://www.ylnu.edu.cn/info/2391/162493.htm,read,深耕实践育人 聚力素养提升：小学教育专业举办实践导师进课堂跨学科教学设计专题讲座活动-伊犁师范大学,2026-10-01,
4165010764,伊犁师范大学,overview,https://www.ylnu.edu.cn/xygk/dxjj.htm,https://www.ylnu.edu.cn/xygk/dxjj.htm,read,大学简介-伊犁师范大学,2026-10-01,
4165010764,伊犁师范大学,culture,https://www.ylnu.edu.cn/xygk/xfxx.htm,https://www.ylnu.edu.cn/xygk/xfxx.htm,read,校风校训-伊犁师范大学,2026-10-01,
4165010766,新疆财经大学,homepage,https://www.xjufe.edu.cn,https://www.xjufe.edu.cn,read,首页_新疆财经大学,2026-10-01,
4165010766,新疆财经大学,overview,https://www.xjufe.edu.cn/xxgk/xxjj/index.htm,https://www.xjufe.edu.cn/xxgk/xxjj/index.htm,read,学校简介_新疆财经大学,2026-10-01,
4165010766,新疆财经大学,charter,https://www.xjufe.edu.cn/xxgk/xxzc/index.htm,https://www.xjufe.edu.cn/xxgk/xxzc/index.htm,read,学校章程_新疆财经大学,2026-10-01,
4165010766,新疆财经大学,visual,https://www.xjufe.edu.cn/xxgk/xhxx/index.htm,https://www.xjufe.edu.cn/xxgk/xhxx/index.htm,read,校徽校训_新疆财经大学,2026-10-01,
4165010766,新疆财经大学,overview,https://www.xjufe.edu.cn/xxgk/index.htm,https://www.xjufe.edu.cn/xxgk/index.htm,insufficient_text,,2026-10-01,
4165010766,新疆财经大学,charter,https://www.xjufe.edu.cn/xxgk/xxzc/index.htm,https://www.xjufe.edu.cn/xxgk/xxzc/index.htm,read,学校章程_新疆财经大学,2026-10-01,
4165010766,新疆财经大学,overview,https://www.xjufe.edu.cn/xxgk/xxjj/index.htm,https://www.xjufe.edu.cn/xxgk/xxjj/index.htm,read,学校简介_新疆财经大学,2026-10-01,
4165010768,新疆艺术学院,homepage,https://www.xjart.edu.cn/,https://www.xjart.edu.cn/,read,新疆艺术学院,2026-10-01,
4165010768,新疆艺术学院,overview,https://www.xjart.edu.cn/xxgk/xxjs.htm,https://www.xjart.edu.cn/xxgk/xxjs.htm,read,学校介绍-新疆艺术学院,2026-10-01,
4165010768,新疆艺术学院,charter,https://www.xjart.edu.cn/xxgk/xxzc.htm,https://www.xjart.edu.cn/xxgk/xxzc.htm,read,学校章程-新疆艺术学院,2026-10-01,
4165010768,新疆艺术学院,culture,https://www.xjart.edu.cn/xxgk/xg.htm,https://www.xjart.edu.cn/xxgk/xg.htm,read,校歌-新疆艺术学院,2026-10-01,
4165010768,新疆艺术学院,culture,https://www.xjart.edu.cn/virtual_attach_file.vsb?afc=7nRUVsMNVVnmTkL24Q2UzARnlVRo7WdVMzCDolUZolVkMlL0gihFp2hmCIa0MYhfnSyaMky8UmTfM47Zo7WfUN7YMmTRo7LPLzNbM7UiUmfFMzlsMlWVMmMFM47PMmTRgtiaL4OeMICsozNaQt7xLRUPLk88CtlDgzNYM4LxM2M1MmLDCzUboR9agtiaL4Oe_dAj6YhXptQ0g47aLRv0LzLPLkbw62-8c&oid=2134540083&tid=1007&nid=1310&e=.mp3,,access_limited,,2026-10-01,ValueError
4165010768,新疆艺术学院,charter,https://www.xjart.edu.cn/xxgk/xxzc.htm,https://www.xjart.edu.cn/xxgk/xxzc.htm,read,学校章程-新疆艺术学院,2026-10-01,
4165010768,新疆艺术学院,overview,https://www.xjart.edu.cn/xxgk/xxjs.htm,https://www.xjart.edu.cn/xxgk/xxjs.htm,read,学校介绍-新疆艺术学院,2026-10-01,
4165010768,新疆艺术学院,culture,https://www.xjart.edu.cn/xxgk/xg.htm,https://www.xjart.edu.cn/xxgk/xg.htm,read,校歌-新疆艺术学院,2026-10-01,
4165010994,新疆工程学院,homepage,https://www.xjie.edu.cn/,https://www.xjie.edu.cn/,read,新疆工程学院,2026-10-01,
4165010994,新疆工程学院,overview,https://www.xjie.edu.cn/xxgk/xxjj.htm,https://www.xjie.edu.cn/xxgk/xxjj.htm,read,学校简介-新疆工程学院,2026-10-01,
4165010994,新疆工程学院,charter,https://www.xjie.edu.cn/xxgk/xjxyzc.htm,https://www.xjie.edu.cn/xxgk/xjxyzc.htm,read,学院章程-新疆工程学院,2026-10-01,
4165010994,新疆工程学院,charter,https://www.xjie.edu.cn/xxgk/xjxyzc.htm,https://www.xjie.edu.cn/xxgk/xjxyzc.htm,read,学院章程-新疆工程学院,2026-10-01,
4165010994,新疆工程学院,overview,https://www.xjie.edu.cn/xxgk/xxjj.htm,https://www.xjie.edu.cn/xxgk/xxjj.htm,read,学校简介-新疆工程学院,2026-10-01,
4165010997,昌吉学院,homepage,https://www.cjc.edu.cn/,https://www.cjc.edu.cn/,read,昌吉学院,2026-10-01,
4165010997,昌吉学院,overview,https://www.cjc.edu.cn/xygk/xxjj.htm,https://www.cjc.edu.cn/xygk/xxjj.htm,read,学校简介-昌吉学院,2026-10-01,
4165010997,昌吉学院,overview,http://www.cjc.edu.cn/cjzsw/info/1023/1393.htm,https://www.cjc.edu.cn/cjzsw/info/1023/1393.htm,read,昌吉学院2026年普通高等教育专升本招生简章-昌吉学院招生网,2026-10-01,
4165010997,昌吉学院,overview,https://www.cjc.edu.cn/xygk/xxjj.htm,https://www.cjc.edu.cn/xygk/xxjj.htm,read,学校简介-昌吉学院,2026-10-01,
4165010997,昌吉学院,overview,https://www.cjc.edu.cn/cjzsw/info/1023/1393.htm,https://www.cjc.edu.cn/cjzsw/info/1023/1393.htm,read,昌吉学院2026年普通高等教育专升本招生简章-昌吉学院招生网,2026-10-01,
4165012734,新疆警察学院,homepage,http://www.xjpcedu.cn/,,fetch_error,,2026-10-01,URLError
4165012734,新疆警察学院,overview,https://czt.xinjiang.gov.cn/xjczt/c115519/202502/ca9ebcbdd1b347df942ae3343c4651d7/files/%E6%96%B0%E7%96%86%E8%AD%A6%E5%AF%9F%E5%AD%A6%E9%99%A2%EF%BC%88%E6%96%B0%E7%96%86%E5%85%AC%E5%AE%89%E8%AD%A6%E5%AF%9F%E5%9F%B9%E8%AE%AD%E5%9F%BA%E5%9C%B0%EF%BC%89%EF%BC%88%E6%9C%AC%E7%BA%A7%EF%BC%892025%E5%B9%B4%E9%A2%84%E7%AE%97%E5%85%AC%E5%BC%80%E6%8A%A5%E5%91%8A.pdf,https://czt.xinjiang.gov.cn/xjczt/c115519/202502/ca9ebcbdd1b347df942ae3343c4651d7/files/%E6%96%B0%E7%96%86%E8%AD%A6%E5%AF%9F%E5%AD%A6%E9%99%A2%EF%BC%88%E6%96%B0%E7%96%86%E5%85%AC%E5%AE%89%E8%AD%A6%E5%AF%9F%E5%9F%B9%E8%AE%AD%E5%9F%BA%E5%9C%B0%EF%BC%89%EF%BC%88%E6%9C%AC%E7%BA%A7%EF%BC%892025%E5%B9%B4%E9%A2%84%E7%AE%97%E5%85%AC%E5%BC%80%E6%8A%A5%E5%91%8A.pdf,read,,2026-10-01,
4165012734,新疆警察学院,overview,https://www.xinjiang.gov.cn/xinjiang/gfxwj/201209/9289a02ab4bd4cffb1b615964800ea90.shtml,https://www.xinjiang.gov.cn/xinjiang/gfxwj/201209/9289a02ab4bd4cffb1b615964800ea90.shtml,read,关于建立新疆警察学院的实施意见_政府文件_新疆维吾尔自治区人民政府网,2026-10-01,
4165012734,新疆警察学院,overview,https://czt.xinjiang.gov.cn/xjczt/c115519/202502/ca9ebcbdd1b347df942ae3343c4651d7/files/%E6%96%B0%E7%96%86%E8%AD%A6%E5%AF%9F%E5%AD%A6%E9%99%A2%EF%BC%88%E6%96%B0%E7%96%86%E5%85%AC%E5%AE%89%E8%AD%A6%E5%AF%9F%E5%9F%B9%E8%AE%AD%E5%9F%BA%E5%9C%B0%EF%BC%89%EF%BC%88%E6%9C%AC%E7%BA%A7%EF%BC%892025%E5%B9%B4%E9%A2%84%E7%AE%97%E5%85%AC%E5%BC%80%E6%8A%A5%E5%91%8A.pdf,https://czt.xinjiang.gov.cn/xjczt/c115519/202502/ca9ebcbdd1b347df942ae3343c4651d7/files/%E6%96%B0%E7%96%86%E8%AD%A6%E5%AF%9F%E5%AD%A6%E9%99%A2%EF%BC%88%E6%96%B0%E7%96%86%E5%85%AC%E5%AE%89%E8%AD%A6%E5%AF%9F%E5%9F%B9%E8%AE%AD%E5%9F%BA%E5%9C%B0%EF%BC%89%EF%BC%88%E6%9C%AC%E7%BA%A7%EF%BC%892025%E5%B9%B4%E9%A2%84%E7%AE%97%E5%85%AC%E5%BC%80%E6%8A%A5%E5%91%8A.pdf,read,,2026-10-01,
4165013558,新疆理工学院,homepage,https://www.xjit.edu.cn/,,access_limited,,2026-10-01,URLError
4165013560,新疆第二医学院,homepage,https://www.xjsmc.edu.cn/,https://www.xjsmc.edu.cn/,read,新疆第二医学院,2026-10-01,
4165013560,新疆第二医学院,overview,https://www.xjsmc.edu.cn/xygk/xxjj.htm,https://www.xjsmc.edu.cn/xygk/xxjj.htm,read,学校简介-新疆第二医学院,2026-10-01,
4165013560,新疆第二医学院,charter,https://www.xjsmc.edu.cn/info/1025/3868.htm,https://www.xjsmc.edu.cn/info/1025/3868.htm,read,新疆第二医学院章程-新疆第二医学院,2026-10-01,
4165013560,新疆第二医学院,visual,https://www.xjsmc.edu.cn/xygk/xxbs.htm,https://www.xjsmc.edu.cn/xygk/xxbs.htm,read,学校标识-新疆第二医学院,2026-10-01,
4165013560,新疆第二医学院,culture,https://www.xjsmc.edu.cn/xygk/xxxx.htm,https://www.xjsmc.edu.cn/xygk/xxxx.htm,read,学校校训-新疆第二医学院,2026-10-01,
4165013560,新疆第二医学院,visual,https://www.xjsmc.edu.cn/system/_content/download.jsp?urltype=news.DownloadAttachUrl&owner=1838731481&wbfileid=11993363,https://www.xjsmc.edu.cn/system/_content/download.jsp?urltype=news.DownloadAttachUrl&owner=1838731481&wbfileid=11993363,insufficient_text,附件下载,2026-10-01,
4165013560,新疆第二医学院,charter,https://www.xjsmc.edu.cn/info/1025/3868.htm,https://www.xjsmc.edu.cn/info/1025/3868.htm,read,新疆第二医学院章程-新疆第二医学院,2026-10-01,
4165013560,新疆第二医学院,overview,https://www.xjsmc.edu.cn/xygk/xxjj.htm,https://www.xjsmc.edu.cn/xygk/xxjj.htm,read,学校简介-新疆第二医学院,2026-10-01,
4165013560,新疆第二医学院,culture,https://www.xjsmc.edu.cn/xygk/xxxx.htm,https://www.xjsmc.edu.cn/xygk/xxxx.htm,read,学校校训-新疆第二医学院,2026-10-01,
4165013561,新疆科技学院,homepage,https://www.xjust.edu.cn/cms/kjxy.html,https://www.xjust.edu.cn/cms/kjxy.html,read,新疆科技学院官方网站 - 新疆科技学院官方网站,2026-10-01,
4165013561,新疆科技学院,overview,https://www.xjust.edu.cn/cms/kjxy/document/show/31004,https://www.xjust.edu.cn/cms/kjxy/document/show/31004,read,新疆科技学院简介 - 新疆科技学院官方网站,2026-10-01,
4165013561,新疆科技学院,charter,https://www.xjust.edu.cn/cms/kjxy/document/show/31003,https://www.xjust.edu.cn/cms/kjxy/document/show/31003,read,学校章程 - 新疆科技学院官方网站,2026-10-01,
4165013561,新疆科技学院,visual,https://www.xjust.edu.cn/cms/kjxy/document/show/31005,https://www.xjust.edu.cn/cms/kjxy/document/show/31005,read,学校标识 - 新疆科技学院官方网站,2026-10-01,
4165013561,新疆科技学院,culture,https://www.xjust.edu.cn/cms/kjxy/document/13229,https://www.xjust.edu.cn/cms/kjxy/document/13229,read,校歌校赋 - 新疆科技学院官方网站,2026-10-01,
4165013561,新疆科技学院,overview,https://www.xjust.edu.cn/cms/kjxy/document/show/31002,https://www.xjust.edu.cn/cms/kjxy/document/show/31002,read,学校概况 - 新疆科技学院官方网站,2026-10-01,
4165013561,新疆科技学院,charter,https://www.xjust.edu.cn/cms/kjxy/document/show/31003.html,https://www.xjust.edu.cn/cms/kjxy/document/show/31003.html,read,学校章程 - 新疆科技学院官方网站,2026-10-01,
4165013561,新疆科技学院,visual,https://www.xjust.edu.cn/cms/kjxy/document/show/31005.html,https://www.xjust.edu.cn/cms/kjxy/document/show/31005.html,read,学校标识 - 新疆科技学院官方网站,2026-10-01,
4165013561,新疆科技学院,overview,https://www.xjust.edu.cn/cms/kjxy/document/show/31004.html,https://www.xjust.edu.cn/cms/kjxy/document/show/31004.html,read,新疆科技学院简介 - 新疆科技学院官方网站,2026-10-01,
4165013561,新疆科技学院,visual,https://www.xjust.edu.cn/cms/kjxy/document/13228,https://www.xjust.edu.cn/cms/kjxy/document/13228,read,校徽校训 - 新疆科技学院官方网站,2026-10-01,
4165013561,新疆科技学院,charter,https://www.xjust.edu.cn/cms/kjxy/document/show/31003,https://www.xjust.edu.cn/cms/kjxy/document/show/31003,read,学校章程 - 新疆科技学院官方网站,2026-10-01,
4165013561,新疆科技学院,charter,https://www.xjust.edu.cn/cms/kjxy/document/show/31003.html,https://www.xjust.edu.cn/cms/kjxy/document/show/31003.html,read,学校章程 - 新疆科技学院官方网站,2026-10-01,
4165013561,新疆科技学院,overview,https://www.xjust.edu.cn/cms/kjxy/document/show/31004,https://www.xjust.edu.cn/cms/kjxy/document/show/31004,read,新疆科技学院简介 - 新疆科技学院官方网站,2026-10-01,
4165013561,新疆科技学院,overview,https://www.xjust.edu.cn/cms/kjxy/document/show/31002,https://www.xjust.edu.cn/cms/kjxy/document/show/31002,read,学校概况 - 新疆科技学院官方网站,2026-10-01,
4165013561,新疆科技学院,overview,https://www.xjust.edu.cn/cms/kjxy/document/show/31004.html,https://www.xjust.edu.cn/cms/kjxy/document/show/31004.html,read,新疆科技学院简介 - 新疆科技学院官方网站,2026-10-01,
4165013628,新疆政法学院,homepage,http://www.xjzfu.edu.cn/,,fetch_error,,2026-10-01,timeout
4165013628,新疆政法学院,charter,https://zs.xjzfu.edu.cn/2024/0530/c67a11542/page.htm,,access_limited,,2026-10-01,URLError
4165013628,新疆政法学院,overview,https://gaokao.chsi.com.cn/sch/schoolInfo--schId-1871%2CcategoryId-45548%2Cmindex-1.dhtml,,access_limited,,2026-10-01,HTTPError
4165010765,新疆和田学院,homepage,https://www.htnc.edu.cn/,,fetch_error,,2026-10-01,URLError
4165010765,新疆和田学院,overview,https://www.xjhtc.edu.cn/,https://www.xjhtc.edu.cn/,read,新疆和田学院,2026-10-01,
4165010765,新疆和田学院,overview,https://www.xjhtc.edu.cn/xxgk/xxjj.htm,https://www.xjhtc.edu.cn/xxgk/xxjj.htm,read,学校简介-新疆和田学院,2026-10-01,
4165010765,新疆和田学院,navigation,https://zsw.xjhtc.edu.cn/xxgk1.htm,https://zsw.xjhtc.edu.cn/xxgk1.htm,read,信息公开-新疆和田学院-招生网,2026-10-01,
4165010765,新疆和田学院,overview,https://www.xjhtc.edu.cn/,https://www.xjhtc.edu.cn/,read,新疆和田学院,2026-10-01,
4165010765,新疆和田学院,overview,https://www.xjhtc.edu.cn/xxgk/xxjj.htm,https://www.xjhtc.edu.cn/xxgk/xxjj.htm,read,学校简介-新疆和田学院,2026-10-01,
4165014897,新疆工业学院,homepage,https://www.xjut.edu.cn/,https://www.xjut.edu.cn/,read,新疆工业学院,2026-10-01,
4165014897,新疆工业学院,overview,https://www.xjut.edu.cn/xxgk/xxjj.htm,https://www.xjut.edu.cn/xxgk/xxjj.htm,read,学校简介-新疆工业学院,2026-10-01,
4165014897,新疆工业学院,culture,https://www.xjut.edu.cn/xxgk/xfxx.htm,https://www.xjut.edu.cn/xxgk/xfxx.htm,read,校风校训-新疆工业学院,2026-10-01,
4165014897,新疆工业学院,navigation,https://www.xjut.edu.cn/zjxg/xyfg.htm,https://www.xjut.edu.cn/zjxg/xyfg.htm,read,校园风光-新疆工业学院,2026-10-01,
4165014897,新疆工业学院,culture,https://www.xjut.edu.cn/system/_content/download.jsp?urltype=news.DownloadAttachUrl&owner=2105118367&wbfileid=0CE0EAB555977B4C9055EE4E0CDD0A9B,https://www.xjut.edu.cn/system/_content/download.jsp?urltype=news.DownloadAttachUrl&owner=2105118367&wbfileid=0CE0EAB555977B4C9055EE4E0CDD0A9B,insufficient_text,附件下载,2026-10-01,
4165014897,新疆工业学院,overview,https://www.xjut.edu.cn/xxgk/xxjj.htm,https://www.xjut.edu.cn/xxgk/xxjj.htm,read,学校简介-新疆工业学院,2026-10-01,
4165014897,新疆工业学院,culture,https://www.xjut.edu.cn/xxgk/xfxx.htm,https://www.xjut.edu.cn/xxgk/xfxx.htm,read,校风校训-新疆工业学院,2026-10-01,
