school_code,name_zh,match_status,wikidata_items,candidate_websites,candidate_inception_years,collected_at,query_endpoint
4111010001,北京大学,exact_unique_classed,https://www.wikidata.org/entity/Q16952,https://english.pku.edu.cn|https://pku.edu.cn,1898,2026-10-01,https://query.wikidata.org/sparql
4111010002,中国人民大学,exact_unique_classed,https://www.wikidata.org/entity/Q1074117,https://www.ruc.edu.cn/|https://www.ruc.edu.cn/en,1937,2026-10-01,https://query.wikidata.org/sparql
4111010003,清华大学,exact_unique_classed,https://www.wikidata.org/entity/Q16955,https://www.tsinghua.edu.cn|https://www.tsinghua.edu.cn/en/,1911,2026-10-01,https://query.wikidata.org/sparql
4111010004,北京交通大学,exact_unique_classed,https://www.wikidata.org/entity/Q4587760,http://en.bjtu.edu.cn/|http://www.bjtu.edu.cn/,1896,2026-10-01,https://query.wikidata.org/sparql
4111010005,北京工业大学,exact_unique_classed,https://www.wikidata.org/entity/Q1674548,https://english.bjut.edu.cn/|https://www.bjut.edu.cn/,1960,2026-10-01,https://query.wikidata.org/sparql
4111010006,北京航空航天大学,exact_unique_classed,https://www.wikidata.org/entity/Q2299797,https://buaa.edu.cn|https://ev.buaa.edu.cn/,1952,2026-10-01,https://query.wikidata.org/sparql
4111010007,北京理工大学,exact_unique_classed,https://www.wikidata.org/entity/Q23101,http://www.bit.edu.cn/,1940,2026-10-01,https://query.wikidata.org/sparql
4111010008,北京科技大学,exact_unique_classed,https://www.wikidata.org/entity/Q1510516,http://www.ustb.edu.cn,1952,2026-10-01,https://query.wikidata.org/sparql
4111010009,北方工业大学,exact_unique_classed,https://www.wikidata.org/entity/Q7054813,http://www.ncut.edu.cn/,1946,2026-10-01,https://query.wikidata.org/sparql
4111010010,北京化工大学,exact_unique_classed,https://www.wikidata.org/entity/Q2496210,http://www.buct.edu.cn/,1958,2026-10-01,https://query.wikidata.org/sparql
4111010011,北京工商大学,exact_unique_classed,https://www.wikidata.org/entity/Q4356865,http://www.btbu.edu.cn/,1950,2026-10-01,https://query.wikidata.org/sparql
4111010012,北京服装学院,exact_unique_classed,https://www.wikidata.org/entity/Q10902330,http://www.bift.edu.cn/,1959,2026-10-01,https://query.wikidata.org/sparql
4111010013,北京邮电大学,exact_unique_classed,https://www.wikidata.org/entity/Q4881210,http://www.bupt.edu.cn/,1955,2026-10-01,https://query.wikidata.org/sparql
4111010015,北京印刷学院,exact_unique_label_only,https://www.wikidata.org/entity/Q10902061,http://www.bigc.edu.cn/|http://www.bigc.edu.cn/web/english/,1958,2026-10-01,https://query.wikidata.org/sparql
4111010016,北京建筑大学,exact_unique_classed,https://www.wikidata.org/entity/Q4881206,http://www.bucea.edu.cn/,1936,2026-10-01,https://query.wikidata.org/sparql
4111010017,北京石油化工学院,exact_unique_classed,https://www.wikidata.org/entity/Q4881146,http://www.bipt.edu.cn/,1978,2026-10-01,https://query.wikidata.org/sparql
4111010018,北京电子科技学院,exact_unique_classed,https://www.wikidata.org/entity/Q4881127,https://www.besti.edu.cn/,1947,2026-10-01,https://query.wikidata.org/sparql
4111010019,中国农业大学,exact_unique_classed,https://www.wikidata.org/entity/Q257655,http://www.cau.edu.cn/,1905,2026-10-01,https://query.wikidata.org/sparql
4111010020,北京农学院,exact_unique_label_only,https://www.wikidata.org/entity/Q10902048,http://en.bua.edu.cn/,1956,2026-10-01,https://query.wikidata.org/sparql
4111010022,北京林业大学,exact_unique_classed,https://www.wikidata.org/entity/Q4881133,http://www.bjfu.edu.cn/,1952,2026-10-01,https://query.wikidata.org/sparql
4111010023,北京协和医学院,exact_unique_classed,https://www.wikidata.org/entity/Q3372325,https://www.pumc.edu.cn,1917,2026-10-01,https://query.wikidata.org/sparql
4111010025,首都医科大学,exact_unique_classed,https://www.wikidata.org/entity/Q5035687,http://www.ccmu.edu.cn/,1960,2026-10-01,https://query.wikidata.org/sparql
4111010026,北京中医药大学,exact_unique_classed,https://www.wikidata.org/entity/Q1039400,http://www.bucm.edu.cn/,1956,2026-10-01,https://query.wikidata.org/sparql
4111010027,北京师范大学,exact_unique_classed,https://www.wikidata.org/entity/Q1604022,http://www.bnu.edu.cn/,1902,2026-10-01,https://query.wikidata.org/sparql
4111010028,首都师范大学,exact_unique_classed,https://www.wikidata.org/entity/Q3551814,http://www.cnu.edu.cn,1954,2026-10-01,https://query.wikidata.org/sparql
4111010029,首都体育学院,exact_unique_classed,https://www.wikidata.org/entity/Q15942570,http://www.cupes.edu.cn/|http://www.cupes.edu.cn/cenep/cupes/,1956,2026-10-01,https://query.wikidata.org/sparql
4111010030,北京外国语大学,exact_unique_classed,https://www.wikidata.org/entity/Q1144682,http://global.bfsu.edu.cn/en/|https://global.bfsu.edu.cn/|https://www.bfsu.edu.cn/,1941,2026-10-01,https://query.wikidata.org/sparql
4111010031,北京第二外国语学院,exact_unique_classed,https://www.wikidata.org/entity/Q233300,http://www.bisu.edu.cn/,1964,2026-10-01,https://query.wikidata.org/sparql
4111010032,北京语言大学,exact_unique_classed,https://www.wikidata.org/entity/Q549697,http://www.blcu.edu.cn,1962,2026-10-01,https://query.wikidata.org/sparql
4111010033,中国传媒大学,exact_unique_classed,https://www.wikidata.org/entity/Q1765168,http://www.cuc.edu.cn/|https://en.cuc.edu.cn/,1954,2026-10-01,https://query.wikidata.org/sparql
4111010034,中央财经大学,exact_unique_classed,https://www.wikidata.org/entity/Q5061957,https://en.cufe.edu.cn/|https://www.cufe.edu.cn/,1949,2026-10-01,https://query.wikidata.org/sparql
4111010036,对外经济贸易大学,exact_unique_classed,https://www.wikidata.org/entity/Q835779,http://www.uibe.edu.cn/,1951,2026-10-01,https://query.wikidata.org/sparql
4111010037,北京物资学院,exact_unique_classed,https://www.wikidata.org/entity/Q4881219,http://www.bwu.edu.cn/,1980,2026-10-01,https://query.wikidata.org/sparql
4111010038,首都经济贸易大学,exact_unique_classed,https://www.wikidata.org/entity/Q1589630,http://www.cueb.edu.cn/,1956,2026-10-01,https://query.wikidata.org/sparql
4111010039,中国消防救援学院,exact_unique_label_only,https://www.wikidata.org/entity/Q10872919,https://www.cfri.edu.cn/,2006,2026-10-01,https://query.wikidata.org/sparql
4111010040,外交学院,exact_unique_classed,https://www.wikidata.org/entity/Q2492920,http://www.cfau.edu.cn,1955,2026-10-01,https://query.wikidata.org/sparql
4111010041,中国人民公安大学,exact_unique_classed,https://www.wikidata.org/entity/Q5100590,http://www.ppsuc.edu.cn,1948,2026-10-01,https://query.wikidata.org/sparql
4111010042,国际关系学院,exact_unique_classed,https://www.wikidata.org/entity/Q2492836,http://www.uir.cn/,1949,2026-10-01,https://query.wikidata.org/sparql
4111010043,北京体育大学,exact_unique_classed,https://www.wikidata.org/entity/Q3551745,http://www.bsu.edu.cn/,1953,2026-10-01,https://query.wikidata.org/sparql
4111010045,中央音乐学院,exact_unique_classed,https://www.wikidata.org/entity/Q2994505,http://www.ccom.edu.cn/,1950,2026-10-01,https://query.wikidata.org/sparql
4111010046,中国音乐学院,exact_unique_label_only,https://www.wikidata.org/entity/Q60686,http://www.ccmusic.edu.cn/,1956,2026-10-01,https://query.wikidata.org/sparql
4111010047,中央美术学院,exact_unique_classed,https://www.wikidata.org/entity/Q837873,http://www.cafa.edu.cn/,1950,2026-10-01,https://query.wikidata.org/sparql
4111010048,中央戏剧学院,exact_unique_classed,https://www.wikidata.org/entity/Q2822274,https://chntheatre.edu.cn|https://en.chntheatre.edu.cn,1950,2026-10-01,https://query.wikidata.org/sparql
4111010049,中国戏曲学院,exact_unique_label_only,https://www.wikidata.org/entity/Q10873771,https://www.at0086.com/TNACTA/|https://www.nacta.edu.cn/,1950,2026-10-01,https://query.wikidata.org/sparql
4111010050,北京电影学院,exact_unique_classed,https://www.wikidata.org/entity/Q138182,http://www.bfa.edu.cn,1928,2026-10-01,https://query.wikidata.org/sparql
4111010051,北京舞蹈学院,exact_unique_label_only,https://www.wikidata.org/entity/Q3373875,http://www.bda.edu.cn/,1954,2026-10-01,https://query.wikidata.org/sparql
4111010052,中央民族大学,exact_unique_classed,https://www.wikidata.org/entity/Q190336,https://www.muc.edu.cn/,1951,2026-10-01,https://query.wikidata.org/sparql
4111010053,中国政法大学,exact_unique_classed,https://www.wikidata.org/entity/Q833961,http://en.cupl.edu.cn/|https://www.cupl.edu.cn/,1952,2026-10-01,https://query.wikidata.org/sparql
4111010054,华北电力大学,exact_unique_classed,https://www.wikidata.org/entity/Q7054810,http://www.ncepu.edu.cn/,1958,2026-10-01,https://query.wikidata.org/sparql
4111011149,中华女子学院,exact_unique_classed,https://www.wikidata.org/entity/Q4569544,http://www.cwu.edu.cn/,1949,2026-10-01,https://query.wikidata.org/sparql
4111011232,北京信息科技大学,exact_unique_classed,https://www.wikidata.org/entity/Q957715,http://www.bistu.edu.cn/,1915,2026-10-01,https://query.wikidata.org/sparql
4111011413,中国矿业大学(北京),no_exact_match,,,,2026-10-01,https://query.wikidata.org/sparql
4111011414,中国石油大学(北京),no_exact_match,,,,2026-10-01,https://query.wikidata.org/sparql
4111011415,中国地质大学(北京),no_exact_match,,,,2026-10-01,https://query.wikidata.org/sparql
4111011417,北京联合大学,exact_unique_classed,https://www.wikidata.org/entity/Q4881203,http://www.buu.edu.cn,1985,2026-10-01,https://query.wikidata.org/sparql
4111011418,北京城市学院,exact_unique_classed,https://www.wikidata.org/entity/Q10902145,http://www.bcu.edu.cn/,1984,2026-10-01,https://query.wikidata.org/sparql
4111011625,中国青年政治学院,exact_unique_classed,https://www.wikidata.org/entity/Q5099978,http://www.cyu.edu.cn/,1948,2026-10-01,https://query.wikidata.org/sparql
4111011831,首钢工学院,exact_unique_label_only,https://www.wikidata.org/entity/Q15934603,http://www.sgit.edu.cn/,1978,2026-10-01,https://query.wikidata.org/sparql
4111012453,中国劳动关系学院,exact_unique_classed,https://www.wikidata.org/entity/Q5099732,http://www.culr.edu.cn/,1946,2026-10-01,https://query.wikidata.org/sparql
4111013629,首都师范大学科德学院,exact_unique_label_only,https://www.wikidata.org/entity/Q15954201,http://www.kdcnu.com,2004,2026-10-01,https://query.wikidata.org/sparql
4111013630,北京金融科技学院,exact_unique_label_only,https://www.wikidata.org/entity/Q112676097,,,2026-10-01,https://query.wikidata.org/sparql
4111013901,北京邮电大学世纪学院,exact_unique_label_only,https://www.wikidata.org/entity/Q17163918,http://www.ccbupt.cn/,2005,2026-10-01,https://query.wikidata.org/sparql
4111013904,北京工业大学耿丹学院,exact_unique_label_only,https://www.wikidata.org/entity/Q112676100,http://www.gengdan.cn,2005,2026-10-01,https://query.wikidata.org/sparql
4111014019,北京警察学院,exact_unique_classed,https://www.wikidata.org/entity/Q4881177,http://www.bjpc.edu.cn/,1981,2026-10-01,https://query.wikidata.org/sparql
4111014201,北京第二外国语学院中瑞酒店管理学院,exact_unique_label_only,https://www.wikidata.org/entity/Q112676101,http://www.bhi.edu.cn/,2008,2026-10-01,https://query.wikidata.org/sparql
4111014430,中国科学院大学,exact_unique_classed,https://www.wikidata.org/entity/Q6544465,https://www.ucas.ac.cn,1978,2026-10-01,https://query.wikidata.org/sparql
4111014596,中国社会科学院大学,exact_unique_classed,https://www.wikidata.org/entity/Q30946111,http://www.ucass.edu.cn/,1978,2026-10-01,https://query.wikidata.org/sparql
4111014139,民政职业大学,exact_unique_label_only,https://www.wikidata.org/entity/Q10902379,https://www.bcsa.edu.cn/,1959,2026-10-01,https://query.wikidata.org/sparql
4111010858,北京科技职业大学,exact_unique_label_only,https://www.wikidata.org/entity/Q55453818,https://www.bpi.edu.cn/,1958,2026-10-01,https://query.wikidata.org/sparql
4112010055,南开大学,exact_unique_classed,https://www.wikidata.org/entity/Q254204,https://www.nankai.edu.cn/,1919,2026-10-01,https://query.wikidata.org/sparql
4112010056,天津大学,no_exact_match,,,,2026-10-01,https://query.wikidata.org/sparql
4112010057,天津科技大学,exact_unique_classed,https://www.wikidata.org/entity/Q4467975,http://www.tust.edu.cn/,1958,2026-10-01,https://query.wikidata.org/sparql
4112010058,天津工业大学,exact_unique_classed,https://www.wikidata.org/entity/Q7800203,http://www.tjpu.edu.cn,1912,2026-10-01,https://query.wikidata.org/sparql
4112010059,中国民航大学,exact_unique_classed,https://www.wikidata.org/entity/Q3133583,http://www.cauc.edu.cn,1951,2026-10-01,https://query.wikidata.org/sparql
4112010060,天津理工大学,exact_unique_classed,https://www.wikidata.org/entity/Q7800217,http://www.tjut.edu.cn/,1978,2026-10-01,https://query.wikidata.org/sparql
4112010061,天津农学院,exact_unique_classed,https://www.wikidata.org/entity/Q7800186,http://www.tjac.edu.cn/,1976,2026-10-01,https://query.wikidata.org/sparql
4112010062,天津医科大学,exact_unique_classed,https://www.wikidata.org/entity/Q834827,http://www.tmu.edu.cn,1951,2026-10-01,https://query.wikidata.org/sparql
4112010063,天津中医药大学,exact_unique_classed,https://www.wikidata.org/entity/Q6132057,http://www.tjutcm.edu.cn,1958,2026-10-01,https://query.wikidata.org/sparql
4112010065,天津师范大学,no_exact_match,,,,2026-10-01,https://query.wikidata.org/sparql
4112010066,天津职业技术师范大学,exact_unique_classed,https://www.wikidata.org/entity/Q7800215,http://www.tute.edu.cn,1959|1979,2026-10-01,https://query.wikidata.org/sparql
4112010068,天津外国语大学,exact_unique_classed,https://www.wikidata.org/entity/Q1108042,http://www.tjfsu.edu.cn/zh/,1964,2026-10-01,https://query.wikidata.org/sparql
4112010069,天津商业大学,exact_unique_classed,https://www.wikidata.org/entity/Q7800212,http://www.tjcu.edu.cn,1980,2026-10-01,https://query.wikidata.org/sparql
4112010070,天津财经大学,exact_unique_classed,https://www.wikidata.org/entity/Q7800216,http://www.tjufe.edu.cn/,1958,2026-10-01,https://query.wikidata.org/sparql
4112010071,天津体育学院,exact_unique_classed,https://www.wikidata.org/entity/Q7800195,http://www.tjipe.edu.cn/,1958,2026-10-01,https://query.wikidata.org/sparql
4112010072,天津音乐学院,exact_unique_label_only,https://www.wikidata.org/entity/Q7800189,http://www.tjcm.edu.cn/,1958,2026-10-01,https://query.wikidata.org/sparql
4112010073,天津美术学院,exact_unique_label_only,https://www.wikidata.org/entity/Q7800185,http://www.tjarts.edu.cn,1906,2026-10-01,https://query.wikidata.org/sparql
4112010792,天津城建大学,exact_unique_classed,https://www.wikidata.org/entity/Q3558408,http://www.tcu.edu.cn/,1978,2026-10-01,https://query.wikidata.org/sparql
4112010859,天津天狮学院,exact_unique_label_only,https://www.wikidata.org/entity/Q17023710,http://www.tianshi.edu.cn/,1999,2026-10-01,https://query.wikidata.org/sparql
4112012105,天津中德应用技术大学,exact_unique_classed,https://www.wikidata.org/entity/Q22101066,http://ev.tsguas.edu.cn/|https://www.tsguas.edu.cn/,1984,2026-10-01,https://query.wikidata.org/sparql
4112013658,天津外国语大学滨海外事学院,exact_unique_label_only,https://www.wikidata.org/entity/Q109348313,,,2026-10-01,https://query.wikidata.org/sparql
4112013659,天津传媒学院,exact_unique_label_only,https://www.wikidata.org/entity/Q111188131,,,2026-10-01,https://query.wikidata.org/sparql
4112013660,天津商业大学宝德学院,exact_unique_classed,https://www.wikidata.org/entity/Q4950412,http://www.boustead.edu.cn/,2004,2026-10-01,https://query.wikidata.org/sparql
4112013661,天津医科大学临床医学院,exact_unique_label_only,https://www.wikidata.org/entity/Q110715935,,,2026-10-01,https://query.wikidata.org/sparql
4112013663,南开大学滨海学院,exact_unique_label_only,https://www.wikidata.org/entity/Q10907860,,2004,2026-10-01,https://query.wikidata.org/sparql
4112013896,天津师范大学津沽学院,exact_unique_label_only,https://www.wikidata.org/entity/Q112676122,,2005,2026-10-01,https://query.wikidata.org/sparql
4112013897,天津理工大学中环信息学院,exact_unique_label_only,https://www.wikidata.org/entity/Q112676123,,2005,2026-10-01,https://query.wikidata.org/sparql
4112013898,北京科技大学天津学院,exact_unique_label_only,https://www.wikidata.org/entity/Q97346743,,,2026-10-01,https://query.wikidata.org/sparql
4112014038,天津仁爱学院,no_exact_match,,,,2026-10-01,https://query.wikidata.org/sparql
4112014087,天津财经大学珠江学院,exact_unique_label_only,https://www.wikidata.org/entity/Q97346741,,,2026-10-01,https://query.wikidata.org/sparql
4112012723,天津警察学院,exact_unique_label_only,https://www.wikidata.org/entity/Q10939960,https://www.tjjingyuan.cn/,,2026-10-01,https://query.wikidata.org/sparql
4112011032,天津职业大学,exact_unique_classed,https://www.wikidata.org/entity/Q28412971,https://www.tjtc.edu.cn/,1978,2026-10-01,https://query.wikidata.org/sparql
4113010075,河北大学,exact_unique_classed,https://www.wikidata.org/entity/Q835731,http://www.hebei-university.com|https://hebei-university.com/,1921,2026-10-01,https://query.wikidata.org/sparql
4113010076,河北工程大学,exact_unique_classed,https://www.wikidata.org/entity/Q5695508,http://www.hebeu.edu.cn,2003,2026-10-01,https://query.wikidata.org/sparql
4113010077,河北地质大学,exact_unique_classed,https://www.wikidata.org/entity/Q15904170,http://www.hgu.edu.cn,1953,2026-10-01,https://query.wikidata.org/sparql
4113010080,河北工业大学,exact_unique_classed,https://www.wikidata.org/entity/Q5695527,http://www.hebut.edu.cn/,1903,2026-10-01,https://query.wikidata.org/sparql
4113010081,华北理工大学,exact_unique_classed,https://www.wikidata.org/entity/Q7054811,http://www.ncst.edu.cn/,1895,2026-10-01,https://query.wikidata.org/sparql
4113010082,河北科技大学,exact_unique_classed,https://www.wikidata.org/entity/Q15938742,http://www.hebust.edu.cn/,1996,2026-10-01,https://query.wikidata.org/sparql
4113010084,河北建筑工程学院,no_exact_match,,,,2026-10-01,https://query.wikidata.org/sparql
4113010085,河北水利电力学院,exact_unique_label_only,https://www.wikidata.org/entity/Q50374662,http://www.hbwe.edu.cn/,,2026-10-01,https://query.wikidata.org/sparql
4113010086,河北农业大学,exact_unique_classed,https://www.wikidata.org/entity/Q4693944,http://www.hebau.edu.cn,1902,2026-10-01,https://query.wikidata.org/sparql
4113010089,河北医科大学,exact_unique_classed,https://www.wikidata.org/entity/Q5695499,http://www.hebmu.edu.cn,1894,2026-10-01,https://query.wikidata.org/sparql
4113010092,河北北方学院,exact_unique_classed,https://www.wikidata.org/entity/Q1622134,http://www.hebeinu.edu.cn/,2003,2026-10-01,https://query.wikidata.org/sparql
4113010093,承德医学院,exact_unique_label_only,https://www.wikidata.org/entity/Q5091305,http://chengdemedicaluniversity.com/,1945,2026-10-01,https://query.wikidata.org/sparql
4113010094,河北师范大学,exact_unique_classed,https://www.wikidata.org/entity/Q11141318,http://www.hebtu.edu.cn/,1902,2026-10-01,https://query.wikidata.org/sparql
4113010096,保定学院,exact_unique_label_only,https://www.wikidata.org/entity/Q47462473,http://www.bdu.edu.cn,1904,2026-10-01,https://query.wikidata.org/sparql
4113010098,河北民族师范学院,exact_unique_classed,https://www.wikidata.org/entity/Q55708817,https://www.hbun.edu.cn/,,2026-10-01,https://query.wikidata.org/sparql
4113010099,唐山师范学院,exact_unique_label_only,https://www.wikidata.org/entity/Q7683152,,,2026-10-01,https://query.wikidata.org/sparql
4113010100,廊坊师范学院,exact_unique_label_only,https://www.wikidata.org/entity/Q55708786,,,2026-10-01,https://query.wikidata.org/sparql
4113010101,衡水学院,exact_unique_classed,https://www.wikidata.org/entity/Q5714356,http://www.hsnc.cn/,2004,2026-10-01,https://query.wikidata.org/sparql
4113010102,石家庄学院,exact_unique_classed,https://www.wikidata.org/entity/Q7496506,http://www.sjzc.edu.cn/,1956,2026-10-01,https://query.wikidata.org/sparql
4113010103,邯郸学院,exact_unique_classed,https://www.wikidata.org/entity/Q5647240,http://www.hdc.edu.cn/,1905,2026-10-01,https://query.wikidata.org/sparql
4113010104,邢台学院,exact_unique_classed,https://www.wikidata.org/entity/Q8044567,http://www.xttc.edu.cn,,2026-10-01,https://query.wikidata.org/sparql
4113010105,沧州师范学院,exact_unique_label_only,https://www.wikidata.org/entity/Q52848180,http://www.caztc.edu.cn/s,1958,2026-10-01,https://query.wikidata.org/sparql
4113010107,石家庄铁道大学,exact_unique_classed,https://www.wikidata.org/entity/Q7496504,http://www.stdu.edu.cn,1950,2026-10-01,https://query.wikidata.org/sparql
4113010216,燕山大学,exact_unique_classed,https://www.wikidata.org/entity/Q832792,http://www.ysu.edu.cn,1920,2026-10-01,https://query.wikidata.org/sparql
4113010798,河北科技师范学院,exact_unique_classed,https://www.wikidata.org/entity/Q5695497,http://www.hevttc.edu.cn/,,2026-10-01,https://query.wikidata.org/sparql
4113011033,唐山学院,exact_unique_label_only,https://www.wikidata.org/entity/Q55708769,http://www.tsc.edu.cn,,2026-10-01,https://query.wikidata.org/sparql
4113011104,应急管理大学,exact_unique_label_only,https://www.wikidata.org/entity/Q110376340,https://www.ncist.edu.cn/,,2026-10-01,https://query.wikidata.org/sparql
4113011105,中国人民警察大学,exact_unique_classed,https://www.wikidata.org/entity/Q5100586,https://www.cppu.edu.cn,1981,2026-10-01,https://query.wikidata.org/sparql
4113011236,河北体育学院,exact_unique_label_only,https://www.wikidata.org/entity/Q16924584,http://www.hepec.edu.cn/,1984,2026-10-01,https://query.wikidata.org/sparql
4113011420,河北金融学院,exact_unique_classed,https://www.wikidata.org/entity/Q16924579,https://www.hbfu.edu.cn,1952,2026-10-01,https://query.wikidata.org/sparql
4113011629,北华航天工业学院,exact_unique_label_only,https://www.wikidata.org/entity/Q10902562,http://www.nciae.edu.cn/default.html,1978,2026-10-01,https://query.wikidata.org/sparql
4113011832,河北经贸大学,exact_unique_classed,https://www.wikidata.org/entity/Q11141382,http://www.hueb.edu.cn/,1953,2026-10-01,https://query.wikidata.org/sparql
4113011903,中央司法警官学院,exact_unique_classed,https://www.wikidata.org/entity/Q10875050,http://www.cicp.edu.cn,1956,2026-10-01,https://query.wikidata.org/sparql
4113012784,河北传媒学院,exact_unique_label_only,https://www.wikidata.org/entity/Q11141280,http://www.hebic.cn/,2000,2026-10-01,https://query.wikidata.org/sparql
4113012796,河北工程技术学院,exact_unique_label_only,https://www.wikidata.org/entity/Q112676148,,,2026-10-01,https://query.wikidata.org/sparql
4113013075,河北美术学院,exact_unique_label_only,https://www.wikidata.org/entity/Q111307813,http://www.hbafa.com/,,2026-10-01,https://query.wikidata.org/sparql
4113013391,河北科技学院,exact_unique_label_only,https://www.wikidata.org/entity/Q112676149,http://www.hbkjxy.cn/,,2026-10-01,https://query.wikidata.org/sparql
4113013402,河北外国语学院,exact_unique_label_only,https://www.wikidata.org/entity/Q18165265,http://www.hbwy.com.cn|https://hisu.edu.cn/,2012,2026-10-01,https://query.wikidata.org/sparql
4113013404,河北大学工商学院,exact_unique_label_only,https://www.wikidata.org/entity/Q15930598,http://www.hicc.cn/,2001,2026-10-01,https://query.wikidata.org/sparql
4113013408,华北理工大学轻工学院,no_exact_match,,,,2026-10-01,https://query.wikidata.org/sparql
4113016204,河北工业职业技术大学,exact_unique_label_only,https://www.wikidata.org/entity/Q109413365,https://www.hbcit.edu.cn/,,2026-10-01,https://query.wikidata.org/sparql
4113013411,河北师范大学汇华学院,exact_unique_label_only,https://www.wikidata.org/entity/Q112676150,,,2026-10-01,https://query.wikidata.org/sparql
4113013414,河北经贸大学经济管理学院,exact_unique_label_only,https://www.wikidata.org/entity/Q112676151,,,2026-10-01,https://query.wikidata.org/sparql
4113013415,河北医科大学临床学院,exact_unique_label_only,https://www.wikidata.org/entity/Q112676152,,,2026-10-01,https://query.wikidata.org/sparql
4113016203,河北科技工程职业技术大学,no_exact_match,,,,2026-10-01,https://query.wikidata.org/sparql
4113013578,河北工程大学科信学院,exact_unique_label_only,https://www.wikidata.org/entity/Q112676153,,,2026-10-01,https://query.wikidata.org/sparql
4113016202,河北石油职业技术大学,exact_unique_label_only,https://www.wikidata.org/entity/Q15925839,https://www.cdpc.edu.cn/,2001,2026-10-01,https://query.wikidata.org/sparql
4113013592,燕山大学里仁学院,exact_unique_label_only,https://www.wikidata.org/entity/Q15242451,http://stc.ysu.edu.cn/|https://stc.ysu.edu.cn/,2001,2026-10-01,https://query.wikidata.org/sparql
4113013593,石家庄铁道大学四方学院,exact_unique_label_only,https://www.wikidata.org/entity/Q112676154,,,2026-10-01,https://query.wikidata.org/sparql
4113013594,河北地质大学华信学院,exact_unique_label_only,https://www.wikidata.org/entity/Q112676155,http://www.sjzuehx.cn/,,2026-10-01,https://query.wikidata.org/sparql
4113013595,河北农业大学现代科技学院,exact_unique_label_only,https://www.wikidata.org/entity/Q15927691,http://xianke.hebau.edu.cn/,2001,2026-10-01,https://query.wikidata.org/sparql
4113013596,华北理工大学冀唐学院,exact_unique_label_only,https://www.wikidata.org/entity/Q112676156,,,2026-10-01,https://query.wikidata.org/sparql
4113013891,保定理工学院,exact_unique_label_only,https://www.wikidata.org/entity/Q112676157,,,2026-10-01,https://query.wikidata.org/sparql
4113013895,燕京理工学院,exact_unique_label_only,https://www.wikidata.org/entity/Q112676159,https://www.yit.edu.cn/,,2026-10-01,https://query.wikidata.org/sparql
4113013899,北京中医药大学东方学院,exact_unique_label_only,https://www.wikidata.org/entity/Q112676160,,,2026-10-01,https://query.wikidata.org/sparql
4113014202,沧州交通学院,exact_unique_label_only,https://www.wikidata.org/entity/Q15926191,https://www.czjtu.edu.cn/,,2026-10-01,https://query.wikidata.org/sparql
4113014225,河北东方学院,exact_unique_label_only,https://www.wikidata.org/entity/Q112676161,https://www.hbdfxy.cn/,,2026-10-01,https://query.wikidata.org/sparql
4113014432,河北中医药大学,exact_unique_label_only,https://www.wikidata.org/entity/Q15928245,http://int.hebcm.edu.cn/|http://www.hebcm.edu.cn,1958,2026-10-01,https://query.wikidata.org/sparql
4113014458,张家口学院,exact_unique_label_only,https://www.wikidata.org/entity/Q55708787,https://www.zjku.edu.cn/,2004,2026-10-01,https://query.wikidata.org/sparql
4213051721,河北环境工程学院,exact_unique_label_only,https://www.wikidata.org/entity/Q43896044,http://www.emcc.cn/,1981,2026-10-01,https://query.wikidata.org/sparql
4113012787,唐山工业职业技术大学,exact_unique_label_only,https://www.wikidata.org/entity/Q112676173,https://www.tsgzy.edu.cn/,,2026-10-01,https://query.wikidata.org/sparql
4113012884,邢台医学院,exact_unique_label_only,https://www.wikidata.org/entity/Q112676174,https://www.xtmc.edu.cn/index.htm,,2026-10-01,https://query.wikidata.org/sparql
4114010108,山西大学,exact_unique_classed,https://www.wikidata.org/entity/Q7489128,http://www.sxu.edu.cn,1902,2026-10-01,https://query.wikidata.org/sparql
4114010109,太原科技大学,exact_unique_classed,https://www.wikidata.org/entity/Q7676659,http://www.tyust.edu.cn/,1952,2026-10-01,https://query.wikidata.org/sparql
4114010110,中北大学,exact_unique_classed,https://www.wikidata.org/entity/Q1041978,http://www.nuc.edu.cn/,1941,2026-10-01,https://query.wikidata.org/sparql
4114010112,太原理工大学,exact_unique_classed,https://www.wikidata.org/entity/Q7676661,https://english.tyut.edu.cn/|https://www.tyut.edu.cn/,1902,2026-10-01,https://query.wikidata.org/sparql
4114010113,山西农业大学,exact_unique_classed,https://www.wikidata.org/entity/Q1389327,https://www.sxau.edu.cn/,1907,2026-10-01,https://query.wikidata.org/sparql
4114010114,山西医科大学,exact_unique_label_only,https://www.wikidata.org/entity/Q7489123,http://www.sxmu.edu.cn/,1919,2026-10-01,https://query.wikidata.org/sparql
4114010117,长治医学院,exact_unique_classed,https://www.wikidata.org/entity/Q5072160,http://www.czmc.com/,1946,2026-10-01,https://query.wikidata.org/sparql
4114010118,山西师范大学,exact_unique_classed,https://www.wikidata.org/entity/Q7489125,http://www.sxnu.edu.cn/,1958,2026-10-01,https://query.wikidata.org/sparql
4114010119,太原师范学院,exact_unique_classed,https://www.wikidata.org/entity/Q7676657,http://www.tynu.edu.cn,1999,2026-10-01,https://query.wikidata.org/sparql
4114010120,山西大同大学,exact_unique_classed,https://www.wikidata.org/entity/Q6148696,http://www.sxdtdx.edu.cn/english/|https://www.sxdtdx.edu.cn/,1958,2026-10-01,https://query.wikidata.org/sparql
4114010121,晋中学院,exact_unique_label_only,https://www.wikidata.org/entity/Q6202895,http://www.jzxy.edu.cn/,1958,2026-10-01,https://query.wikidata.org/sparql
4114010122,长治学院,exact_unique_label_only,https://www.wikidata.org/entity/Q5072158,http://www.czc.edu.cn/,1958,2026-10-01,https://query.wikidata.org/sparql
4114010123,运城学院,exact_unique_classed,https://www.wikidata.org/entity/Q8061222,http://www.ycu.edu.cn,1978,2026-10-01,https://query.wikidata.org/sparql
4114010124,忻州师范学院,exact_unique_classed,https://www.wikidata.org/entity/Q8044698,http://www.xztu.edu.cn,,2026-10-01,https://query.wikidata.org/sparql
4114010125,山西财经大学,exact_unique_label_only,https://www.wikidata.org/entity/Q11047231,http://www.sxufe.edu.cn/,1951,2026-10-01,https://query.wikidata.org/sparql
4114010809,山西中医药大学,no_exact_match,,,,2026-10-01,https://query.wikidata.org/sparql
4114010812,吕梁学院,exact_unique_label_only,https://www.wikidata.org/entity/Q48928061,https://www.llu.edu.cn/,1978,2026-10-01,https://query.wikidata.org/sparql
4114011242,太原学院,exact_unique_label_only,https://www.wikidata.org/entity/Q55716113,https://www.tyu.edu.cn/,1984,2026-10-01,https://query.wikidata.org/sparql
4114012111,山西警察学院,exact_unique_label_only,https://www.wikidata.org/entity/Q55716127,,,2026-10-01,https://query.wikidata.org/sparql
4114012779,山西应用科技学院,exact_unique_label_only,https://www.wikidata.org/entity/Q112676220,,,2026-10-01,https://query.wikidata.org/sparql
4114016201,山西工程科技职业大学,exact_unique_label_only,https://www.wikidata.org/entity/Q27963854,https://www.sxgkd.edu.cn/,2001,2026-10-01,https://query.wikidata.org/sparql
4114013534,山西工学院,exact_unique_label_only,https://www.wikidata.org/entity/Q10941060,http://www.sxct.edu.cn/,2001,2026-10-01,https://query.wikidata.org/sparql
4114013535,晋中信息学院,exact_unique_label_only,https://www.wikidata.org/entity/Q112676221,https://www.jzci.edu.cn/,2002,2026-10-01,https://query.wikidata.org/sparql
4114013537,山西电子科技学院,exact_unique_label_only,https://www.wikidata.org/entity/Q112664466,https://www.sxdzkj.edu.cn/,2003,2026-10-01,https://query.wikidata.org/sparql
4114013538,山西晋中理工学院,exact_unique_label_only,https://www.wikidata.org/entity/Q55697375,,,2026-10-01,https://query.wikidata.org/sparql
4114013597,山西科技学院,exact_unique_label_only,https://www.wikidata.org/entity/Q112676222,https://www.sxist.edu.cn/,,2026-10-01,https://query.wikidata.org/sparql
4114013598,晋中健康学院,exact_unique_label_only,https://www.wikidata.org/entity/Q112676223,http://new.sxmu-jcc.com/,,2026-10-01,https://query.wikidata.org/sparql
4114013608,山西财经大学华商学院,exact_unique_label_only,https://www.wikidata.org/entity/Q15932797,http://www.schsxy.com/,2002,2026-10-01,https://query.wikidata.org/sparql
4114013691,山西工商学院,exact_unique_label_only,https://www.wikidata.org/entity/Q112676225,,,2026-10-01,https://query.wikidata.org/sparql
4114014101,太原工业学院,exact_unique_classed,https://www.wikidata.org/entity/Q10941044,http://www.tit.edu.cn,1954,2026-10-01,https://query.wikidata.org/sparql
4114014226,运城职业技术大学,exact_unique_label_only,https://www.wikidata.org/entity/Q112676226,https://www.ycptu.edu.cn/,,2026-10-01,https://query.wikidata.org/sparql
4114014434,山西传媒学院,exact_unique_label_only,https://www.wikidata.org/entity/Q15942479,https://www.cusx.edu.cn/,1983,2026-10-01,https://query.wikidata.org/sparql
4114014527,山西工程技术学院,exact_unique_classed,https://www.wikidata.org/entity/Q15926339,https://www.sxit.edu.cn/,1984,2026-10-01,https://query.wikidata.org/sparql
4214051189,山西能源学院,exact_unique_label_only,https://www.wikidata.org/entity/Q17498833,,2014,2026-10-01,https://query.wikidata.org/sparql
4114014898,山西医药学院,exact_unique_label_only,https://www.wikidata.org/entity/Q133444079,http://www.sxmufyc.edu.cn/,2025,2026-10-01,https://query.wikidata.org/sparql
4114013696,山西文化旅游职业大学,exact_unique_label_only,https://www.wikidata.org/entity/Q134555649,https://www.sxvuct.edu.cn/,2025,2026-10-01,https://query.wikidata.org/sparql
4115010126,内蒙古大学,exact_unique_classed,https://www.wikidata.org/entity/Q834458,https://ndmw.imu.edu.cn/|https://www.imu.edu.cn/|https://www.imu.edu.cn/yw/Home.htm,1957,2026-10-01,https://query.wikidata.org/sparql
4115010127,内蒙古科技大学,exact_unique_classed,https://www.wikidata.org/entity/Q507690,http://www.imust.edu.cn/,,2026-10-01,https://query.wikidata.org/sparql
4115010128,内蒙古工业大学,exact_unique_classed,https://www.wikidata.org/entity/Q6035514,http://www.imut.edu.cn/,1951,2026-10-01,https://query.wikidata.org/sparql
4115010129,内蒙古农业大学,exact_unique_classed,https://www.wikidata.org/entity/Q6035477,http://www.imau.edu.cn/,1952,2026-10-01,https://query.wikidata.org/sparql
4115010132,内蒙古医科大学,exact_unique_classed,https://www.wikidata.org/entity/Q6035481,https://www.immu.edu.cn/,1956,2026-10-01,https://query.wikidata.org/sparql
4115010135,内蒙古师范大学,exact_unique_classed,https://www.wikidata.org/entity/Q10894785,http://www.imnu.edu.cn/,1952,2026-10-01,https://query.wikidata.org/sparql
4115010136,内蒙古民族大学,exact_unique_classed,https://www.wikidata.org/entity/Q22101558,http://www.imun.edu.cn/,,2026-10-01,https://query.wikidata.org/sparql
4115010138,赤峰大学,exact_unique_classed,https://www.wikidata.org/entity/Q5097181,http://www.cfxy.cn,2003,2026-10-01,https://query.wikidata.org/sparql
4115010139,内蒙古财经大学,exact_unique_classed,https://www.wikidata.org/entity/Q6035479,http://www.imufe.edu.cn/,1960,2026-10-01,https://query.wikidata.org/sparql
4115010819,呼伦贝尔学院,exact_unique_label_only,https://www.wikidata.org/entity/Q30294482,http://www.hlbec.edu.cn/,,2026-10-01,https://query.wikidata.org/sparql
4115011427,集宁师范学院,exact_unique_label_only,https://www.wikidata.org/entity/Q30296275,https://www.jnnu.edu.cn/,1931,2026-10-01,https://query.wikidata.org/sparql
4115011631,河套学院,exact_unique_label_only,https://www.wikidata.org/entity/Q48936395,http://www.hetaodaxue.com/,1985,2026-10-01,https://query.wikidata.org/sparql
4115011709,呼和浩特民族学院,exact_unique_label_only,https://www.wikidata.org/entity/Q48936393,http://www.imnc.edu.cn/,1953,2026-10-01,https://query.wikidata.org/sparql
4115014199,内蒙古大学创业学院,exact_unique_label_only,https://www.wikidata.org/entity/Q112676278,,,2026-10-01,https://query.wikidata.org/sparql
4115014205,内蒙古鸿德文理学院,exact_unique_label_only,https://www.wikidata.org/entity/Q112676279,,,2026-10-01,https://query.wikidata.org/sparql
4115014531,内蒙古艺术学院,exact_unique_label_only,https://www.wikidata.org/entity/Q48936392,,,2026-10-01,https://query.wikidata.org/sparql
4115014532,鄂尔多斯应用技术学院,exact_unique_label_only,https://www.wikidata.org/entity/Q30944080,,2015,2026-10-01,https://query.wikidata.org/sparql
4115012797,内蒙古警察学院,exact_unique_label_only,https://www.wikidata.org/entity/Q112676292,https://www.imppc.cn/,,2026-10-01,https://query.wikidata.org/sparql
4115010871,内蒙古建筑职业技术大学,exact_unique_label_only,https://www.wikidata.org/entity/Q112676280,https://www.imaa.edu.cn/,,2026-10-01,https://query.wikidata.org/sparql
4115012443,兴安职业技术大学,exact_unique_label_only,https://www.wikidata.org/entity/Q112676285,https://www.nmxzy.cn/,,2026-10-01,https://query.wikidata.org/sparql
4115012670,呼和浩特职业技术大学,exact_unique_label_only,https://www.wikidata.org/entity/Q10921251,https://www.hhvc.edu.cn/,,2026-10-01,https://query.wikidata.org/sparql
4121010140,辽宁大学,exact_unique_classed,https://www.wikidata.org/entity/Q6132246,https://www.lnu.edu.cn/,1948,2026-10-01,https://query.wikidata.org/sparql
4121010141,大连理工大学,exact_unique_classed,https://www.wikidata.org/entity/Q1477368,http://www.dlut.edu.cn,1949,2026-10-01,https://query.wikidata.org/sparql
4121010142,沈阳工业大学,exact_unique_label_only,https://www.wikidata.org/entity/Q11138930,http://gjxy.sut.edu.cn/,,2026-10-01,https://query.wikidata.org/sparql
4121010143,沈阳航空航天大学,exact_unique_classed,https://www.wikidata.org/entity/Q7494336,http://www.sau.edu.cn,1952,2026-10-01,https://query.wikidata.org/sparql
4121010144,沈阳理工大学,exact_unique_classed,https://www.wikidata.org/entity/Q302940,http://www.sylu.edu.cn/sylusite/,1948,2026-10-01,https://query.wikidata.org/sparql
4121010145,东北大学,exact_unique_classed,https://www.wikidata.org/entity/Q1363559,http://www.neu.edu.cn/,1923,2026-10-01,https://query.wikidata.org/sparql
4121010146,辽宁科技大学,no_exact_match,,,,2026-10-01,https://query.wikidata.org/sparql
4121010147,辽宁工程技术大学,exact_unique_classed,https://www.wikidata.org/entity/Q6540150,http://202.199.224.4/,1949,2026-10-01,https://query.wikidata.org/sparql
4121010148,辽宁石油化工大学,exact_unique_classed,https://www.wikidata.org/entity/Q6540153,http://www.lnpu.edu.cn/,1950,2026-10-01,https://query.wikidata.org/sparql
4121010149,沈阳化工大学,exact_unique_classed,https://www.wikidata.org/entity/Q7494347,http://www.syuct.edu.cn/,,2026-10-01,https://query.wikidata.org/sparql
4121010150,大连交通大学,exact_unique_classed,https://www.wikidata.org/entity/Q3467518,http://www.djtu.edu.cn/,1956,2026-10-01,https://query.wikidata.org/sparql
4121010151,大连海事大学,exact_unique_classed,https://www.wikidata.org/entity/Q3467465,http://www.dlmu.edu.cn/,1909,2026-10-01,https://query.wikidata.org/sparql
4121010152,大连工业大学,exact_unique_classed,https://www.wikidata.org/entity/Q647594,http://en.dlpu.edu.cn/,1958,2026-10-01,https://query.wikidata.org/sparql
4121010153,沈阳建筑大学,exact_unique_classed,https://www.wikidata.org/entity/Q7494352,http://www.sjzu.edu.cn/,1948,2026-10-01,https://query.wikidata.org/sparql
4121010154,辽宁工业大学,exact_unique_classed,https://www.wikidata.org/entity/Q4310105,http://www.lnit.edu.cn/,1951,2026-10-01,https://query.wikidata.org/sparql
4121010157,沈阳农业大学,exact_unique_classed,https://www.wikidata.org/entity/Q7494338,http://en.syau.edu.cn/,,2026-10-01,https://query.wikidata.org/sparql
4121010158,大连海洋大学,exact_unique_classed,https://www.wikidata.org/entity/Q1074363,http://www.dlfu.edu.cn/,1952,2026-10-01,https://query.wikidata.org/sparql
4121010159,中国医科大学,exact_unique_classed,https://www.wikidata.org/entity/Q5099779,http://www.cmu.edu.cn/,1931,2026-10-01,https://query.wikidata.org/sparql
4121010160,锦州医科大学,exact_unique_classed,https://www.wikidata.org/entity/Q6132071,http://www.jzmu.edu.cn/,1946,2026-10-01,https://query.wikidata.org/sparql
4121010161,大连医科大学,exact_unique_label_only,https://www.wikidata.org/entity/Q1002806,http://www.dlmedu.edu.cn/,1947,2026-10-01,https://query.wikidata.org/sparql
4121010162,辽宁中医药大学,exact_unique_classed,https://www.wikidata.org/entity/Q11642649,http://en.lnutcm.edu.cn/home,1958,2026-10-01,https://query.wikidata.org/sparql
4121010163,沈阳药科大学,exact_unique_classed,https://www.wikidata.org/entity/Q7494354,http://www.syphu.edu.cn,1931,2026-10-01,https://query.wikidata.org/sparql
4121010164,沈阳医学院,exact_unique_classed,https://www.wikidata.org/entity/Q7494351,http://www.symc.edu.cn/web/guest/home|https://www.symc.edu.cn/,1949,2026-10-01,https://query.wikidata.org/sparql
4121010165,辽宁师范大学,exact_unique_classed,https://www.wikidata.org/entity/Q837969,http://www.lnnu.edu.cn,1951,2026-10-01,https://query.wikidata.org/sparql
4121010166,沈阳师范大学,exact_unique_classed,https://www.wikidata.org/entity/Q7494353,http://www.synu.edu.cn/,1951,2026-10-01,https://query.wikidata.org/sparql
4121010167,渤海大学,exact_unique_classed,https://www.wikidata.org/entity/Q4937990,http://www.bhu.edu.cn/,1950,2026-10-01,https://query.wikidata.org/sparql
4121010169,鞍山师范学院,exact_unique_classed,https://www.wikidata.org/entity/Q4770656,http://www.asnc.edu.cn/,1958|1978,2026-10-01,https://query.wikidata.org/sparql
4121010172,大连外国语大学,exact_unique_classed,https://www.wikidata.org/entity/Q1027478,https://www.dlufl.edu.cn,1964,2026-10-01,https://query.wikidata.org/sparql
4121010173,东北财经大学,exact_unique_classed,https://www.wikidata.org/entity/Q836014,http://www.dufe.edu.cn,1952,2026-10-01,https://query.wikidata.org/sparql
4121010175,中国刑事警察学院,exact_unique_classed,https://www.wikidata.org/entity/Q4222416,https://www.cipuc.edu.cn/,1948,2026-10-01,https://query.wikidata.org/sparql
4121010176,沈阳体育学院,exact_unique_classed,https://www.wikidata.org/entity/Q11138888,http://www.syty.edu.cn,,2026-10-01,https://query.wikidata.org/sparql
4121010177,沈阳音乐学院,exact_unique_label_only,https://www.wikidata.org/entity/Q6119482,http://www.sycm.com.cn/,1938,2026-10-01,https://query.wikidata.org/sparql
4121010178,鲁迅美术学院,exact_unique_classed,https://www.wikidata.org/entity/Q5930913,http://www.lumei.edu.cn,1938,2026-10-01,https://query.wikidata.org/sparql
4121010841,辽宁对外经贸学院,exact_unique_classed,https://www.wikidata.org/entity/Q6540152,http://www.luibe.edu.cn,1998,2026-10-01,https://query.wikidata.org/sparql
4121011035,沈阳大学,exact_unique_classed,https://www.wikidata.org/entity/Q4528225,http://www.syu.edu.cn/,1906,2026-10-01,https://query.wikidata.org/sparql
4121011258,大连大学,exact_unique_classed,https://www.wikidata.org/entity/Q987022,http://www.dlu.edu.cn/,1987,2026-10-01,https://query.wikidata.org/sparql
4121011430,辽宁科技学院,exact_unique_label_only,https://www.wikidata.org/entity/Q15935810,https://www.lnist.edu.cn/,1948,2026-10-01,https://query.wikidata.org/sparql
4121011432,辽宁警察学院,exact_unique_label_only,https://www.wikidata.org/entity/Q55716179,http://www.lnpc.cn,,2026-10-01,https://query.wikidata.org/sparql
4121011632,沈阳工程学院,exact_unique_label_only,https://www.wikidata.org/entity/Q7494344,http://www.sie.edu.cn,,2026-10-01,https://query.wikidata.org/sparql
4121011779,辽东学院,exact_unique_classed,https://www.wikidata.org/entity/Q5330261,https://www.elnu.edu.cn/,1912,2026-10-01,https://query.wikidata.org/sparql
4121012026,大连民族大学,exact_unique_classed,https://www.wikidata.org/entity/Q1074308,http://www.dlnu.edu.cn,1997,2026-10-01,https://query.wikidata.org/sparql
4121012595,辽宁理工职业大学,exact_unique_label_only,https://www.wikidata.org/entity/Q112676318,https://www.lnvut.edu.cn/,,2026-10-01,https://query.wikidata.org/sparql
4121013198,大连工程学院,exact_unique_label_only,https://www.wikidata.org/entity/Q112676319,http://www.dlutci.edu.cn/,2003,2026-10-01,https://query.wikidata.org/sparql
4121013199,沈阳工业大学工程学院,exact_unique_label_only,https://www.wikidata.org/entity/Q112676320,,,2026-10-01,https://query.wikidata.org/sparql
4121013200,沈阳航空航天大学北方科技学院,exact_unique_label_only,https://www.wikidata.org/entity/Q112676321,,,2026-10-01,https://query.wikidata.org/sparql
4121013201,沈阳工学院,exact_unique_label_only,https://www.wikidata.org/entity/Q18110118,http://www.situ.edu.cn/,,2026-10-01,https://query.wikidata.org/sparql
4121013203,大连工业大学艺术与信息工程学院,exact_unique_label_only,https://www.wikidata.org/entity/Q112676323,,,2026-10-01,https://query.wikidata.org/sparql
4121013207,大连科技学院,exact_unique_label_only,https://www.wikidata.org/entity/Q19847363,https://www.dlust.edu.cn/,2002,2026-10-01,https://query.wikidata.org/sparql
4121013208,沈阳城市建设学院,exact_unique_label_only,https://www.wikidata.org/entity/Q112676324,,,2026-10-01,https://query.wikidata.org/sparql
4121013212,大连医科大学中山学院,exact_unique_label_only,https://www.wikidata.org/entity/Q112676325,,,2026-10-01,https://query.wikidata.org/sparql
4121013213,锦州医科大学医疗学院,exact_unique_label_only,https://www.wikidata.org/entity/Q112676326,https://www.jymu.edu.cn/,,2026-10-01,https://query.wikidata.org/sparql
4121013215,辽宁师范大学海华学院,exact_unique_label_only,https://www.wikidata.org/entity/Q112676327,,,2026-10-01,https://query.wikidata.org/sparql
4121013217,辽宁理工学院,exact_unique_label_only,https://www.wikidata.org/entity/Q112676328,,,2026-10-01,https://query.wikidata.org/sparql
4121013218,大连财经学院,exact_unique_label_only,https://www.wikidata.org/entity/Q65059970,https://www.dlufe.edu.cn/,,2026-10-01,https://query.wikidata.org/sparql
4121013220,沈阳城市学院,exact_unique_label_only,https://www.wikidata.org/entity/Q112676329,,,2026-10-01,https://query.wikidata.org/sparql
4121013599,大连艺术学院,exact_unique_label_only,https://www.wikidata.org/entity/Q10938175,http://www.neudlac.edu.cn,2000,2026-10-01,https://query.wikidata.org/sparql
4121013609,辽宁中医药大学杏林学院,exact_unique_label_only,https://www.wikidata.org/entity/Q112676330,,,2026-10-01,https://query.wikidata.org/sparql
4121013610,辽宁何氏医学院,exact_unique_label_only,https://www.wikidata.org/entity/Q43896398,http://www.huh.edu.cn/,1999,2026-10-01,https://query.wikidata.org/sparql
4121013621,沈阳科技学院,exact_unique_label_only,https://www.wikidata.org/entity/Q112676331,,,2026-10-01,https://query.wikidata.org/sparql
4121013631,大连东软信息学院,exact_unique_label_only,https://www.wikidata.org/entity/Q3467210,http://www.neusoft.edu.cn/,2001,2026-10-01,https://query.wikidata.org/sparql
4121013900,辽宁财贸学院,exact_unique_label_only,https://www.wikidata.org/entity/Q6540143,https://www.lncmxy.com/,,2026-10-01,https://query.wikidata.org/sparql
4121013957,辽宁传媒学院,exact_unique_label_only,https://www.wikidata.org/entity/Q17060874,http://www.fzcollege.org/|https://www.lncu.cn/,,2026-10-01,https://query.wikidata.org/sparql
4121014435,营口理工学院,exact_unique_label_only,https://www.wikidata.org/entity/Q30265879,http://www.yku.edu.cn/,1958,2026-10-01,https://query.wikidata.org/sparql
4121010171,朝阳师范学院,exact_unique_label_only,https://www.wikidata.org/entity/Q112676332,https://www.cync.edu.cn/,,2026-10-01,https://query.wikidata.org/sparql
4122010183,吉林大学,exact_ambiguous,https://www.wikidata.org/entity/Q1432030|https://www.wikidata.org/entity/Q85877272,http://www.jlu.edu.cn/,1946,2026-10-01,https://query.wikidata.org/sparql
4122010184,延边大学,exact_unique_classed,https://www.wikidata.org/entity/Q718332,http://www.ybu.edu.cn/,1949,2026-10-01,https://query.wikidata.org/sparql
4122010186,长春理工大学,exact_unique_label_only,https://www.wikidata.org/entity/Q1009991,http://www.cust.edu.cn/,1958,2026-10-01,https://query.wikidata.org/sparql
4122010188,东北电力大学,exact_unique_classed,https://www.wikidata.org/entity/Q7057873,http://www.nedu.edu.cn,1949,2026-10-01,https://query.wikidata.org/sparql
4122010190,长春工业大学,exact_unique_classed,https://www.wikidata.org/entity/Q17030460,http://www.ccut.edu.cn/,1952,2026-10-01,https://query.wikidata.org/sparql
4122010191,吉林建筑大学,exact_unique_classed,https://www.wikidata.org/entity/Q10917240,http://www.jliae.edu.cn,,2026-10-01,https://query.wikidata.org/sparql
4122010192,吉林化工大学,exact_unique_label_only,https://www.wikidata.org/entity/Q10917207,http://www.jlict.edu.cn/,,2026-10-01,https://query.wikidata.org/sparql
4122010193,吉林农业大学,exact_unique_label_only,https://www.wikidata.org/entity/Q10917203,http://www.jlau.edu.cn/,1948,2026-10-01,https://query.wikidata.org/sparql
4122010199,长春中医药大学,exact_unique_classed,https://www.wikidata.org/entity/Q11653025,https://www.ccucm.edu.cn/,,2026-10-01,https://query.wikidata.org/sparql
4122010200,东北师范大学,exact_unique_classed,https://www.wikidata.org/entity/Q4393424,http://en.nenu.edu.cn/,1946,2026-10-01,https://query.wikidata.org/sparql
4122010201,北华大学,exact_unique_classed,https://www.wikidata.org/entity/Q10902560,http://en.beihua.edu.cn,1906,2026-10-01,https://query.wikidata.org/sparql
4122010202,通化师范学院,exact_unique_label_only,https://www.wikidata.org/entity/Q11639552,http://www.thnu.edu.cn,,2026-10-01,https://query.wikidata.org/sparql
4122010203,吉林师范大学,exact_unique_classed,https://www.wikidata.org/entity/Q6192694,http://www.jlnu.edu.cn/,,2026-10-01,https://query.wikidata.org/sparql
4122010204,吉林工程技术师范学院,exact_unique_label_only,https://www.wikidata.org/entity/Q30294467,https://www.jlenu.edu.cn/,,2026-10-01,https://query.wikidata.org/sparql
4122010205,长春师范大学,exact_unique_classed,https://www.wikidata.org/entity/Q5071739,http://www.cncnc.edu.cn/,1958,2026-10-01,https://query.wikidata.org/sparql
4122010206,白城师范学院,exact_unique_label_only,https://www.wikidata.org/entity/Q30294455,http://www.bcsfxy.com/,,2026-10-01,https://query.wikidata.org/sparql
4122010207,吉林财经大学,exact_unique_classed,https://www.wikidata.org/entity/Q5071741,https://www.jlufe.edu.cn/,,2026-10-01,https://query.wikidata.org/sparql
4122010208,吉林体育学院,exact_unique_classed,https://www.wikidata.org/entity/Q56271960,https://www.jlsu.edu.cn/,,2026-10-01,https://query.wikidata.org/sparql
4122010209,吉林艺术学院,exact_unique_label_only,https://www.wikidata.org/entity/Q6192690,http://www.jlart.edu.cn,1958,2026-10-01,https://query.wikidata.org/sparql
4122010964,吉林外国语大学,exact_unique_classed,https://www.wikidata.org/entity/Q30294466,,1995,2026-10-01,https://query.wikidata.org/sparql
4122011261,吉林工商学院,exact_unique_label_only,https://www.wikidata.org/entity/Q56271958,http://www.jlbtc.edu.cn/,,2026-10-01,https://query.wikidata.org/sparql
4122011437,长春工程学院,exact_unique_classed,https://www.wikidata.org/entity/Q17030469,http://www.ccit.edu.cn,1951,2026-10-01,https://query.wikidata.org/sparql
4122011439,吉林农业科技学院,exact_unique_label_only,https://www.wikidata.org/entity/Q10917204,http://www.jlnku.com/,2004,2026-10-01,https://query.wikidata.org/sparql
4122011441,吉林警察学院,exact_unique_label_only,https://www.wikidata.org/entity/Q10917270,http://www.jlgazk.cn/,1949,2026-10-01,https://query.wikidata.org/sparql
4122011726,长春大学,exact_unique_classed,https://www.wikidata.org/entity/Q5071743,http://www.ccu.edu.cn/,1946,2026-10-01,https://query.wikidata.org/sparql
4122013600,长春光华学院,exact_unique_label_only,https://www.wikidata.org/entity/Q112676387,https://www.ghu.edu.cn/,2000,2026-10-01,https://query.wikidata.org/sparql
4122013601,长春工业大学人文信息学院,exact_unique_label_only,https://www.wikidata.org/entity/Q112676388,,,2026-10-01,https://query.wikidata.org/sparql
4122013602,长春电子科技学院,exact_unique_label_only,https://www.wikidata.org/entity/Q111731018,http://www.changdian2001.com/,,2026-10-01,https://query.wikidata.org/sparql
4122013603,长春财经学院,exact_unique_label_only,https://www.wikidata.org/entity/Q112676389,,,2026-10-01,https://query.wikidata.org/sparql
4122013604,吉林建筑科技学院,exact_unique_label_only,https://www.wikidata.org/entity/Q109345727,,,2026-10-01,https://query.wikidata.org/sparql
4122013605,长春建筑学院,exact_unique_label_only,https://www.wikidata.org/entity/Q112676390,,,2026-10-01,https://query.wikidata.org/sparql
4122013606,长春科技学院,exact_unique_label_only,https://www.wikidata.org/entity/Q112676391,http://www.cstu.edu.cn/,,2026-10-01,https://query.wikidata.org/sparql
4122013607,吉林动画学院,exact_unique_label_only,https://www.wikidata.org/entity/Q10917206,http://www.jlai.edu.cn/,2000,2026-10-01,https://query.wikidata.org/sparql
4122013622,吉林师范大学博达学院,exact_unique_label_only,https://www.wikidata.org/entity/Q109344578,,,2026-10-01,https://query.wikidata.org/sparql
4122013623,长春大学旅游学院,exact_unique_label_only,https://www.wikidata.org/entity/Q112676392,,,2026-10-01,https://query.wikidata.org/sparql
4122013662,长春人文学院,exact_unique_label_only,https://www.wikidata.org/entity/Q112676393,,,2026-10-01,https://query.wikidata.org/sparql
4122013706,吉林医药学院,exact_unique_label_only,https://www.wikidata.org/entity/Q30941061,http://www.jlmu.cn/,,2026-10-01,https://query.wikidata.org/sparql
4122011436,长春汽车职业技术大学,exact_unique_label_only,https://www.wikidata.org/entity/Q48927672,http://www.caii.edu.cn,,2026-10-01,https://query.wikidata.org/sparql
4122013161,长春职业技术大学,exact_unique_label_only,https://www.wikidata.org/entity/Q112676403,,2001,2026-10-01,https://query.wikidata.org/sparql
4122014052,吉林铁道职业技术大学,exact_unique_label_only,https://www.wikidata.org/entity/Q112676406,,,2026-10-01,https://query.wikidata.org/sparql
4123010212,黑龙江大学,exact_unique_classed,https://www.wikidata.org/entity/Q1058956,http://www.hlju.edu.cn/,1941,2026-10-01,https://query.wikidata.org/sparql
4123010213,哈尔滨工业大学,exact_unique_classed,https://www.wikidata.org/entity/Q632558,http://en.hit.edu.cn|http://www.hit.edu.cn/,1920,2026-10-01,https://query.wikidata.org/sparql
4123010214,哈尔滨理工大学,exact_unique_classed,https://www.wikidata.org/entity/Q5654457,http://www.hrbust.edu.cn/,1950,2026-10-01,https://query.wikidata.org/sparql
4123010217,哈尔滨工程大学,exact_unique_classed,https://www.wikidata.org/entity/Q23102,http://www.hrbeu.edu.cn,1953,2026-10-01,https://query.wikidata.org/sparql
4123010219,黑龙江科技大学,exact_unique_classed,https://www.wikidata.org/entity/Q11179808,http://www.usth.edu.cn/,1947,2026-10-01,https://query.wikidata.org/sparql
4123010220,东北石油大学,exact_unique_label_only,https://www.wikidata.org/entity/Q5221833,http://www.nepu.edu.cn,1960,2026-10-01,https://query.wikidata.org/sparql
4123010222,佳木斯大学,exact_unique_classed,https://www.wikidata.org/entity/Q4475835,http://www.jmsu.org,1947,2026-10-01,https://query.wikidata.org/sparql
4123010223,黑龙江八一农垦大学,exact_unique_classed,https://www.wikidata.org/entity/Q11179769,http://www.hlau.cn,,2026-10-01,https://query.wikidata.org/sparql
4123010224,东北农业大学,exact_unique_classed,https://www.wikidata.org/entity/Q7057807,http://www.neau.edu.cn/,1948,2026-10-01,https://query.wikidata.org/sparql
4123010225,东北林业大学,exact_unique_classed,https://www.wikidata.org/entity/Q10869592,http://www.nefu.edu.cn,1952,2026-10-01,https://query.wikidata.org/sparql
4123010226,哈尔滨医科大学,exact_unique_classed,https://www.wikidata.org/entity/Q10921986,https://www.hrbmu.edu.cn/,1926,2026-10-01,https://query.wikidata.org/sparql
4123010228,黑龙江中医药大学,exact_unique_classed,https://www.wikidata.org/entity/Q5699491,http://www.hljucm.edu.cn/,1959,2026-10-01,https://query.wikidata.org/sparql
4123010229,牡丹江医科大学,exact_unique_label_only,https://www.wikidata.org/entity/Q17039731,http://www.mdjmu.cn/eng/index.htm,1958,2026-10-01,https://query.wikidata.org/sparql
4123010231,哈尔滨师范大学,exact_unique_classed,https://www.wikidata.org/entity/Q5654434,http://www.hrbnu.edu.cn,1951,2026-10-01,https://query.wikidata.org/sparql
4123010232,齐齐哈尔大学,exact_unique_classed,https://www.wikidata.org/entity/Q7267907,http://www.qqhru.edu.cn,1952,2026-10-01,https://query.wikidata.org/sparql
4123010233,牡丹江师范学院,exact_unique_label_only,https://www.wikidata.org/entity/Q15900644,http://www.mdjnu.cn,1958,2026-10-01,https://query.wikidata.org/sparql
4123010234,哈尔滨学院,exact_ambiguous,https://www.wikidata.org/entity/Q106477915|https://www.wikidata.org/entity/Q5654447,http://www.hrbu.edu.cn,1999,2026-10-01,https://query.wikidata.org/sparql
4123010235,大庆师范学院,exact_unique_label_only,https://www.wikidata.org/entity/Q10935333,http://en.dqsy.net/,1965,2026-10-01,https://query.wikidata.org/sparql
4123010236,绥化学院,exact_unique_label_only,https://www.wikidata.org/entity/Q15895846,http://en.shxy.edu.cn/,1953,2026-10-01,https://query.wikidata.org/sparql
4123010240,哈尔滨商业大学,exact_unique_classed,https://www.wikidata.org/entity/Q5654449,http://hrbcu.admissions.cn/,1952,2026-10-01,https://query.wikidata.org/sparql
4123010242,哈尔滨体育学院,exact_unique_label_only,https://www.wikidata.org/entity/Q25080782,https://www.hrbipe.edu.cn/,,2026-10-01,https://query.wikidata.org/sparql
4123010245,哈尔滨金融学院,exact_unique_label_only,https://www.wikidata.org/entity/Q56271941,http://www.hrbfu.edu.cn/,,2026-10-01,https://query.wikidata.org/sparql
4123011230,齐齐哈尔医学院,exact_unique_classed,https://www.wikidata.org/entity/Q7267905,http://www.qqhrmc.cn,1946,2026-10-01,https://query.wikidata.org/sparql
4123011445,黑龙江工业学院,exact_unique_label_only,https://www.wikidata.org/entity/Q11174308,https://www.hljut.edu.cn/,1958,2026-10-01,https://query.wikidata.org/sparql
4123011446,黑龙江东方学院,exact_unique_label_only,https://www.wikidata.org/entity/Q11179761,http://www.dfxy.net/,1992,2026-10-01,https://query.wikidata.org/sparql
4123011635,哈尔滨信息工程学院,exact_unique_label_only,https://www.wikidata.org/entity/Q112676420,,,2026-10-01,https://query.wikidata.org/sparql
4123011802,黑龙江工程学院,exact_unique_label_only,https://www.wikidata.org/entity/Q11179777,http://www.hljit.edu.cn/,1952,2026-10-01,https://query.wikidata.org/sparql
4123012729,齐齐哈尔工程学院,exact_unique_label_only,https://www.wikidata.org/entity/Q11180304,http://www.qqhrit.com/,1958,2026-10-01,https://query.wikidata.org/sparql
4123013296,黑龙江外国语学院,exact_unique_label_only,https://www.wikidata.org/entity/Q11179774,http://www.hiu.edu.cn/|https://www.heilongjiang-international-university.com/,2003,2026-10-01,https://query.wikidata.org/sparql
4123013298,黑龙江财经学院,exact_unique_label_only,https://www.wikidata.org/entity/Q110723835,https://www.hfu.edu.cn/,,2026-10-01,https://query.wikidata.org/sparql
4123013299,哈尔滨石油学院,exact_unique_label_only,https://www.wikidata.org/entity/Q52851134,http://www.hip.edu.cn/,2003,2026-10-01,https://query.wikidata.org/sparql
4123013300,黑龙江工商学院,exact_unique_label_only,https://www.wikidata.org/entity/Q112676421,,,2026-10-01,https://query.wikidata.org/sparql
4123013301,哈尔滨远东理工学院,exact_unique_label_only,https://www.wikidata.org/entity/Q112676422,,,2026-10-01,https://query.wikidata.org/sparql
4123013303,哈尔滨剑桥学院,exact_unique_label_only,https://www.wikidata.org/entity/Q112676424,http://www.hcc.edu.cn,,2026-10-01,https://query.wikidata.org/sparql
4123013304,黑龙江工程学院昆仑旅游学院,exact_unique_label_only,https://www.wikidata.org/entity/Q112676425,https://www.hljkltc.edu.cn/,,2026-10-01,https://query.wikidata.org/sparql
4123013306,哈尔滨广厦学院,exact_unique_label_only,https://www.wikidata.org/entity/Q112676426,,,2026-10-01,https://query.wikidata.org/sparql
4123013307,哈尔滨华德学院,exact_unique_label_only,https://www.wikidata.org/entity/Q52848154,http://eng.hhdu.edu.cn/,1992,2026-10-01,https://query.wikidata.org/sparql
4123013744,黑河学院,exact_unique_label_only,https://www.wikidata.org/entity/Q11179254,http://www.hhhxy.cn/|http://www.hhhxy.cn/Enlish.htm,1958,2026-10-01,https://query.wikidata.org/sparql
4123014560,哈尔滨音乐学院,exact_unique_classed,https://www.wikidata.org/entity/Q56271948,https://www.hrbcm.edu.cn/,2016,2026-10-01,https://query.wikidata.org/sparql
4123012911,哈尔滨职业技术大学,exact_unique_label_only,https://www.wikidata.org/entity/Q10921999,http://www.hrbzy.edu.cn/,2002,2026-10-01,https://query.wikidata.org/sparql
4123012726,黑龙江农业工程职业技术大学,exact_unique_label_only,https://www.wikidata.org/entity/Q112676433,,,2026-10-01,https://query.wikidata.org/sparql
4123012053,哈尔滨建筑科技职业大学,exact_unique_label_only,https://www.wikidata.org/entity/Q112676428,http://www.hict.org.cn/,,2026-10-01,https://query.wikidata.org/sparql
4131010246,复旦大学,exact_unique_classed,https://www.wikidata.org/entity/Q495015,https://www.fudan.edu.cn,1905,2026-10-01,https://query.wikidata.org/sparql
4131010247,同济大学,exact_unique_classed,https://www.wikidata.org/entity/Q16947,https://de.tongji.edu.cn/|https://en.tongji.edu.cn/|https://www.tongji.edu.cn/,1907,2026-10-01,https://query.wikidata.org/sparql
4131010248,上海交通大学,exact_unique_classed,https://www.wikidata.org/entity/Q525169,https://en.sjtu.edu.cn/|https://www.sjtu.edu.cn/,1896,2026-10-01,https://query.wikidata.org/sparql
4131010251,华东理工大学,exact_unique_classed,https://www.wikidata.org/entity/Q2655352,http://www.ecust.edu.cn/,1952,2026-10-01,https://query.wikidata.org/sparql
4131010252,上海理工大学,exact_unique_classed,https://www.wikidata.org/entity/Q864879,https://www.usst.edu.cn/,1906,2026-10-01,https://query.wikidata.org/sparql
4131010254,上海海事大学,exact_unique_classed,https://www.wikidata.org/entity/Q51841,http://www.shmtu.edu.cn,1909,2026-10-01,https://query.wikidata.org/sparql
4131010255,东华大学,exact_unique_classed,https://www.wikidata.org/entity/Q837544,http://www.dhu.edu.cn/,1951,2026-10-01,https://query.wikidata.org/sparql
4131010256,上海电力大学,exact_unique_classed,https://www.wikidata.org/entity/Q7488528,http://www.shiep.edu.cn,1951,2026-10-01,https://query.wikidata.org/sparql
4131010259,上海应用技术大学,no_exact_match,,,,2026-10-01,https://query.wikidata.org/sparql
4131010262,上海健康医学院,exact_unique_label_only,https://www.wikidata.org/entity/Q48936611,http://sumhs.admissions.cn,1950,2026-10-01,https://query.wikidata.org/sparql
4131010264,上海海洋大学,no_exact_match,,,,2026-10-01,https://query.wikidata.org/sparql
4131010268,上海中医药大学,exact_unique_label_only,https://www.wikidata.org/entity/Q10867629,http://www.shutcm.edu.cn|http://www.shutcm.edu.cn/web/guest/index,1956,2026-10-01,https://query.wikidata.org/sparql
4131010269,华东师范大学,exact_unique_classed,https://www.wikidata.org/entity/Q2034790,http://www.ecnu.edu.cn,1951,2026-10-01,https://query.wikidata.org/sparql
4131010270,上海师范大学,exact_unique_classed,https://www.wikidata.org/entity/Q839020,http://www.shnu.edu.cn,1954,2026-10-01,https://query.wikidata.org/sparql
4131010271,上海外国语大学,exact_unique_classed,https://www.wikidata.org/entity/Q1455176,http://hi.shisu.edu.cn/|http://hu.shisu.edu.cn/|http://kk.shisu.edu.cn/|http://sw.shisu.edu.cn/|http://tr.shisu.edu.cn/|http://uz.shisu.edu.cn/|https://ar.shisu.edu.cn/|https://de.shisu.edu.cn/|https://el.shisu.edu.cn/|https://en.shisu.edu.cn/|https://es.shisu.edu.cn/|https://fa.shisu.edu.cn/|https://fr.shisu.edu.cn/|https://he.shisu.edu.cn/|https://id.shisu.edu.cn/|https://it.shisu.edu.cn/|https://ja.shisu.edu.cn/|https://ko.shisu.edu.cn/|https://nl.shisu.edu.cn/|https://pt.shisu.edu.cn/|https://ru.shisu.edu.cn/|https://sv.shisu.edu.cn/|https://th.shisu.edu.cn/|https://uk.shisu.edu.cn/|https://vie.shisu.edu.cn/|https://www.shisu.edu.cn,1949,2026-10-01,https://query.wikidata.org/sparql
4131010272,上海财经大学,exact_unique_classed,https://www.wikidata.org/entity/Q6129947,https://english.sufe.edu.cn/|https://www.sufe.edu.cn,1917,2026-10-01,https://query.wikidata.org/sparql
4131010273,上海对外经贸大学,exact_unique_classed,https://www.wikidata.org/entity/Q3152213,https://eng.suibe.edu.cn/|https://www.suibe.edu.cn,1960,2026-10-01,https://query.wikidata.org/sparql
4131010274,上海海关学院,exact_unique_classed,https://www.wikidata.org/entity/Q10867958,https://www.shcc.edu.cn/,1953,2026-10-01,https://query.wikidata.org/sparql
4131010276,华东政法大学,exact_unique_classed,https://www.wikidata.org/entity/Q5328082,http://www.ecupl.edu.cn/,1952,2026-10-01,https://query.wikidata.org/sparql
4131010277,上海体育大学,exact_unique_classed,https://www.wikidata.org/entity/Q7488458,http://www.sus.edu.cn/,1952,2026-10-01,https://query.wikidata.org/sparql
4131010278,上海音乐学院,exact_unique_label_only,https://www.wikidata.org/entity/Q2994526,https://en.shcmusic.edu.cn/|https://www.shcmusic.edu.cn,1927,2026-10-01,https://query.wikidata.org/sparql
4131010279,上海戏剧学院,exact_unique_classed,https://www.wikidata.org/entity/Q7488523,http://www.sta.edu.cn,1945,2026-10-01,https://query.wikidata.org/sparql
4131010280,上海大学,exact_unique_classed,https://www.wikidata.org/entity/Q1343386,http://www.shu.edu.cn,1994,2026-10-01,https://query.wikidata.org/sparql
4131010283,上海公安学院,exact_unique_label_only,https://www.wikidata.org/entity/Q48936609,https://www.shpc.edu.cn,2017,2026-10-01,https://query.wikidata.org/sparql
4131010856,上海工程技术大学,exact_unique_classed,https://www.wikidata.org/entity/Q5928582,http://www.sues.edu.cn/,1978,2026-10-01,https://query.wikidata.org/sparql
4131011047,上海立信会计金融学院,no_exact_match,,,,2026-10-01,https://query.wikidata.org/sparql
4131011458,上海电机学院,exact_unique_label_only,https://www.wikidata.org/entity/Q24590475,http://www.sdju.edu.cn,1953,2026-10-01,https://query.wikidata.org/sparql
4131011833,上海杉达学院,exact_unique_classed,https://www.wikidata.org/entity/Q7415930,https://www.sandau.edu.cn,1992,2026-10-01,https://query.wikidata.org/sparql
4131011835,上海政法学院,exact_unique_classed,https://www.wikidata.org/entity/Q7488529,http://int.shupl.edu.cn/english/main.psp,1984,2026-10-01,https://query.wikidata.org/sparql
4131012044,上海第二工业大学,exact_unique_classed,https://www.wikidata.org/entity/Q17013222,http://www.sspu.edu.cn/,1960,2026-10-01,https://query.wikidata.org/sparql
4131012050,上海商学院,exact_unique_classed,https://www.wikidata.org/entity/Q7488406,http://www.sbs.edu.cn/en/,1950,2026-10-01,https://query.wikidata.org/sparql
4131012587,上海立达学院,exact_unique_label_only,https://www.wikidata.org/entity/Q55708533,https://www.lidapoly.edu.cn/,,2026-10-01,https://query.wikidata.org/sparql
4131012799,上海建桥学院,exact_unique_label_only,https://www.wikidata.org/entity/Q10867917,http://www.gench.edu.cn/,2000,2026-10-01,https://query.wikidata.org/sparql
4131012914,上海兴伟学院,exact_unique_label_only,https://www.wikidata.org/entity/Q55707730,,2001,2026-10-01,https://query.wikidata.org/sparql
4131012915,上海中侨职业技术大学,exact_unique_label_only,https://www.wikidata.org/entity/Q97183002,https://www.shzq.edu.cn/,,2026-10-01,https://query.wikidata.org/sparql
4131013632,上海视觉艺术学院,exact_unique_classed,https://www.wikidata.org/entity/Q7488457,http://www.siva.edu.cn,2005,2026-10-01,https://query.wikidata.org/sparql
4131013636,上海外国语大学贤达经济人文学院,exact_unique_label_only,https://www.wikidata.org/entity/Q97183031,,,2026-10-01,https://query.wikidata.org/sparql
4131013893,上海师范大学天华学院,exact_unique_label_only,https://www.wikidata.org/entity/Q97183063,,,2026-10-01,https://query.wikidata.org/sparql
4131014423,上海科技大学,exact_unique_classed,https://www.wikidata.org/entity/Q3817847,https://www.shanghaitech.edu.cn|https://www.shanghaitech.edu.cn/eng/,2013,2026-10-01,https://query.wikidata.org/sparql
4131016404,上海纽约大学,exact_unique_classed,https://www.wikidata.org/entity/Q13652966,https://shanghai.nyu.edu|https://shanghai.nyu.edu/cn|https://www.shnyu.edu.cn|https://www.shnyu.edu.cn/cn,2012,2026-10-01,https://query.wikidata.org/sparql
4132010284,南京大学,exact_unique_classed,https://www.wikidata.org/entity/Q683580,https://www.nju.edu.cn/main.htm,1915,2026-10-01,https://query.wikidata.org/sparql
4132010285,苏州大学,exact_unique_classed,https://www.wikidata.org/entity/Q1639978,http://www.suda.edu.cn/,1900,2026-10-01,https://query.wikidata.org/sparql
4132010286,东南大学,exact_unique_classed,https://www.wikidata.org/entity/Q3551770,https://www.seu.edu.cn/,1902,2026-10-01,https://query.wikidata.org/sparql
4132010287,南京航空航天大学,exact_unique_classed,https://www.wikidata.org/entity/Q23110,http://www.nuaa.edu.cn,1952,2026-10-01,https://query.wikidata.org/sparql
4132010288,南京理工大学,exact_unique_classed,https://www.wikidata.org/entity/Q3953805,http://www.njust.edu.cn/,1953,2026-10-01,https://query.wikidata.org/sparql
4132010289,江苏科技大学,exact_unique_classed,https://www.wikidata.org/entity/Q11135052,http://www.just.edu.cn/,1933,2026-10-01,https://query.wikidata.org/sparql
4132010290,中国矿业大学,exact_unique_classed,https://www.wikidata.org/entity/Q1074084,http://www.cumt.edu.cn/,1909,2026-10-01,https://query.wikidata.org/sparql
4132010291,南京工业大学,exact_unique_classed,https://www.wikidata.org/entity/Q10906760,http://www.njtech.edu.cn,1902,2026-10-01,https://query.wikidata.org/sparql
4132010292,常州大学,exact_unique_label_only,https://www.wikidata.org/entity/Q8802965,http://eng.cczu.edu.cn/|http://www.cczu.edu.cn/,1978,2026-10-01,https://query.wikidata.org/sparql
4132010293,南京邮电大学,exact_unique_classed,https://www.wikidata.org/entity/Q6963688,http://www.njupt.edu.cn/en/,1942,2026-10-01,https://query.wikidata.org/sparql
4132010294,河海大学,exact_unique_classed,https://www.wikidata.org/entity/Q662131,http://www.hhu.edu.cn/,1915,2026-10-01,https://query.wikidata.org/sparql
4132010295,江南大学,exact_unique_classed,https://www.wikidata.org/entity/Q6191676,http://www.jiangnan.edu.cn/,1902,2026-10-01,https://query.wikidata.org/sparql
4132010298,南京林业大学,exact_unique_classed,https://www.wikidata.org/entity/Q6963657,http://www.njfu.edu.cn/,1902,2026-10-01,https://query.wikidata.org/sparql
4132010299,江苏大学,exact_unique_classed,https://www.wikidata.org/entity/Q6191740,http://www.ujs.edu.cn,1902,2026-10-01,https://query.wikidata.org/sparql
4132010300,南京信息工程大学,exact_unique_classed,https://www.wikidata.org/entity/Q6963692,http://www.nuist.edu.cn,1960,2026-10-01,https://query.wikidata.org/sparql
4132010304,南通大学,exact_unique_classed,https://www.wikidata.org/entity/Q6964345,https://www.ntu.edu.cn/,1912,2026-10-01,https://query.wikidata.org/sparql
4132010305,盐城工学院,exact_unique_label_only,https://www.wikidata.org/entity/Q15954945,https://www.ycit.edu.cn/,1958,2026-10-01,https://query.wikidata.org/sparql
4132010307,南京农业大学,exact_unique_classed,https://www.wikidata.org/entity/Q1804773,http://www.njau.edu.cn,1902,2026-10-01,https://query.wikidata.org/sparql
4132010312,南京医科大学,exact_unique_classed,https://www.wikidata.org/entity/Q6963668,http://www.njmu.edu.cn/,1934,2026-10-01,https://query.wikidata.org/sparql
4132010313,徐州医科大学,exact_unique_classed,https://www.wikidata.org/entity/Q8045309,http://en.xzhmu.edu.cn/|https://www.xzhmu.edu.cn/,1958,2026-10-01,https://query.wikidata.org/sparql
4132010315,南京中医药大学,exact_unique_classed,https://www.wikidata.org/entity/Q10906639,http://www.njutcm.edu.cn,1954,2026-10-01,https://query.wikidata.org/sparql
4132010316,中国药科大学,exact_unique_classed,https://www.wikidata.org/entity/Q5099853,http://www.cpu.edu.cn/,1936,2026-10-01,https://query.wikidata.org/sparql
4132010319,南京师范大学,exact_unique_classed,https://www.wikidata.org/entity/Q1477812,http://www.njnu.edu.cn/,1902,2026-10-01,https://query.wikidata.org/sparql
4132010320,江苏师范大学,exact_unique_classed,https://www.wikidata.org/entity/Q8045313,http://www.jsnu.edu.cn/,1952,2026-10-01,https://query.wikidata.org/sparql
4132010323,淮阴师范学院,exact_unique_label_only,https://www.wikidata.org/entity/Q11152789,http://www.hytc.edu.cn|http://www1.hytc.edu.cn/en/,1958|1997,2026-10-01,https://query.wikidata.org/sparql
4132010324,盐城师范学院,exact_unique_label_only,https://www.wikidata.org/entity/Q17040171,https://www.yctu.edu.cn/,1958|1999,2026-10-01,https://query.wikidata.org/sparql
4132010327,南京财经大学,exact_unique_classed,https://www.wikidata.org/entity/Q13651860,http://www.njue.edu.cn/,2003,2026-10-01,https://query.wikidata.org/sparql
4132010329,江苏警官学院,exact_unique_label_only,https://www.wikidata.org/entity/Q11135076,http://www.jspi.cn/,1949,2026-10-01,https://query.wikidata.org/sparql
4132010330,南京体育学院,exact_unique_label_only,https://www.wikidata.org/entity/Q10906654,https://www.nsi.edu.cn/,1956,2026-10-01,https://query.wikidata.org/sparql
4132010331,南京艺术学院,exact_unique_classed,https://www.wikidata.org/entity/Q6963694,http://www.nua.edu.cn/,1952,2026-10-01,https://query.wikidata.org/sparql
4132010332,苏州科技大学,exact_unique_classed,https://www.wikidata.org/entity/Q6579566,http://www.usts.edu.cn,1932,2026-10-01,https://query.wikidata.org/sparql
4132010333,苏州工学院,exact_unique_classed,https://www.wikidata.org/entity/Q5072128,https://en.szut.edu.cn/|https://www.szut.edu.cn/,1958,2026-10-01,https://query.wikidata.org/sparql
4132010850,南京工业职业技术大学,exact_unique_label_only,https://www.wikidata.org/entity/Q10906762,https://www.niit.edu.cn/,1918,2026-10-01,https://query.wikidata.org/sparql
4132011049,淮安大学,exact_unique_label_only,https://www.wikidata.org/entity/Q11152786,http://www.hyit.edu.cn|http://wwww.hyit.edu.cn/,1915,2026-10-01,https://query.wikidata.org/sparql
4132011055,常州工学院,exact_unique_label_only,https://www.wikidata.org/entity/Q11060347,https://english.czu.cn/|https://www.czu.cn/,1978,2026-10-01,https://query.wikidata.org/sparql
4132011117,扬州大学,exact_unique_classed,https://www.wikidata.org/entity/Q8048674,http://www.yzu.edu.cn,1902,2026-10-01,https://query.wikidata.org/sparql
4132011122,三江学院,exact_unique_classed,https://www.wikidata.org/entity/Q7418549,http://sju.js.cn,1992,2026-10-01,https://query.wikidata.org/sparql
4132011276,南京工程学院,exact_unique_label_only,https://www.wikidata.org/entity/Q10906763,http://www.njit.edu.cn/,1915,2026-10-01,https://query.wikidata.org/sparql
4132011287,南京审计大学,exact_unique_classed,https://www.wikidata.org/entity/Q10906757,http://www.nau.edu.cn,1983,2026-10-01,https://query.wikidata.org/sparql
4132011460,南京晓庄学院,exact_unique_label_only,https://www.wikidata.org/entity/Q10906846,https://www.njxzc.edu.cn/,1927,2026-10-01,https://query.wikidata.org/sparql
4132011463,江苏理工学院,exact_unique_classed,https://www.wikidata.org/entity/Q11134930,http://www.jstu.edu.cn,1984,2026-10-01,https://query.wikidata.org/sparql
4132011641,江苏海洋大学,exact_unique_classed,https://www.wikidata.org/entity/Q11152732,https://www.jou.edu.cn/,1985,2026-10-01,https://query.wikidata.org/sparql
4132011998,徐州工程学院,exact_unique_classed,https://www.wikidata.org/entity/Q8045301,https://www.xzit.edu.cn/,2002,2026-10-01,https://query.wikidata.org/sparql
4132012048,南京特殊教育师范学院,exact_unique_label_only,https://www.wikidata.org/entity/Q10906869,http://www.njts.edu.cn/,1982,2026-10-01,https://query.wikidata.org/sparql
4132012056,南通理工学院,exact_unique_label_only,https://www.wikidata.org/entity/Q17032384,https://www.ntit.edu.cn/,2000,2026-10-01,https://query.wikidata.org/sparql
4132012213,南京警察学院,exact_unique_classed,https://www.wikidata.org/entity/Q10906861,http://www.forestpolice.net/web/|https://www.forestpolice.net/,1941|2010,2026-10-01,https://query.wikidata.org/sparql
4132012689,东南大学成贤学院,exact_unique_label_only,https://www.wikidata.org/entity/Q10869705,http://cxxy.seu.edu.cn/,2003,2026-10-01,https://query.wikidata.org/sparql
4132012917,泰州学院,exact_unique_label_only,https://www.wikidata.org/entity/Q11145082,https://www.tzu.edu.cn/,,2026-10-01,https://query.wikidata.org/sparql
4132013571,无锡太湖学院,exact_unique_label_only,https://www.wikidata.org/entity/Q11085950,http://www.wxu.edu.cn/,2002,2026-10-01,https://query.wikidata.org/sparql
4132013573,金陵科技学院,exact_unique_label_only,https://www.wikidata.org/entity/Q17040482,http://www.jit.edu.cn/|http://www.jit.edu.cn/english_page.aspx,2002,2026-10-01,https://query.wikidata.org/sparql
4132013579,中国矿业大学徐海学院,exact_unique_label_only,https://www.wikidata.org/entity/Q10874003,http://xhxy.cumt.edu.cn/,1999,2026-10-01,https://query.wikidata.org/sparql
4132013646,南京大学金陵学院,exact_unique_classed,https://www.wikidata.org/entity/Q6202600,http://www.jlxy.nju.edu.cn,1998,2026-10-01,https://query.wikidata.org/sparql
4132013654,南京理工大学紫金学院,exact_unique_label_only,https://www.wikidata.org/entity/Q10906876,http://zj.njust.edu.cn/,1999,2026-10-01,https://query.wikidata.org/sparql
4132013655,南京航空航天大学金城学院,exact_unique_label_only,https://www.wikidata.org/entity/Q10906887,http://jc.nuaa.edu.cn,,2026-10-01,https://query.wikidata.org/sparql
4132013687,南京传媒学院,exact_unique_label_only,https://www.wikidata.org/entity/Q10873146,http://www.cucn.edu.cn,2004,2026-10-01,https://query.wikidata.org/sparql
4132013842,南京理工大学泰州科技学院,exact_unique_label_only,https://www.wikidata.org/entity/Q10906875,http://www.njusttz.edu.cn,2004,2026-10-01,https://query.wikidata.org/sparql
4132013843,南京师范大学泰州学院,exact_unique_label_only,https://www.wikidata.org/entity/Q10906834,http://www.nnutc.edu.cn,2004,2026-10-01,https://query.wikidata.org/sparql
4132013905,南京工业大学浦江学院,exact_unique_label_only,https://www.wikidata.org/entity/Q10906761,http://pjxy.njtech.edu.cn/,,2026-10-01,https://query.wikidata.org/sparql
4132013906,南京师范大学中北学院,exact_unique_label_only,https://www.wikidata.org/entity/Q10906833,http://www.nnudy.edu.cn/,1999,2026-10-01,https://query.wikidata.org/sparql
4132013980,南京医科大学康达学院,exact_unique_label_only,https://www.wikidata.org/entity/Q10906664,https://kdc.njmu.edu.cn/mainm.htm,1999,2026-10-01,https://query.wikidata.org/sparql
4132013981,南京中医药大学翰林学院,exact_unique_label_only,https://www.wikidata.org/entity/Q10906640,http://www.hlxy.edu.cn/,,2026-10-01,https://query.wikidata.org/sparql
4132013982,无锡学院,exact_unique_label_only,https://www.wikidata.org/entity/Q10906657,http://www.bjxy.cn,2002,2026-10-01,https://query.wikidata.org/sparql
4132013983,苏州城市学院,exact_unique_classed,https://www.wikidata.org/entity/Q15935155,https://www.szcu.edu.cn/,1998,2026-10-01,https://query.wikidata.org/sparql
4132013984,苏州大学应用技术学院,exact_unique_label_only,https://www.wikidata.org/entity/Q15912163,https://tec.suda.edu.cn/,1997,2026-10-01,https://query.wikidata.org/sparql
4132013985,苏州科技大学天平学院,exact_unique_label_only,https://www.wikidata.org/entity/Q15934212,http://tpxy.usts.edu.cn,1999,2026-10-01,https://query.wikidata.org/sparql
4132013986,江苏大学京江学院,exact_unique_label_only,https://www.wikidata.org/entity/Q11134913,http://jjxy.ujs.edu.cn,1999,2026-10-01,https://query.wikidata.org/sparql
4132013987,扬州大学广陵学院,exact_unique_label_only,https://www.wikidata.org/entity/Q112676478,https://glxy.yzu.edu.cn/,1998,2026-10-01,https://query.wikidata.org/sparql
4132013988,江苏师范大学科文学院,exact_unique_label_only,https://www.wikidata.org/entity/Q11134918,http://kwxy.xznu.edu.cn,2000,2026-10-01,https://query.wikidata.org/sparql
4132013989,南京邮电大学通达学院,exact_unique_label_only,https://www.wikidata.org/entity/Q10906916,http://tdxy.njupt.edu.cn,1999,2026-10-01,https://query.wikidata.org/sparql
4132013990,南京财经大学红山学院,exact_unique_label_only,https://www.wikidata.org/entity/Q10906901,http://hs.njue.edu.cn,,2026-10-01,https://query.wikidata.org/sparql
4132013991,江苏科技大学苏州理工学院,exact_unique_label_only,https://www.wikidata.org/entity/Q11135054,https://justsit.edu.cn/,2002,2026-10-01,https://query.wikidata.org/sparql
4132013992,常州大学怀德学院,exact_unique_label_only,https://www.wikidata.org/entity/Q11060346,http://hdc.jpu.edu.cn,,2026-10-01,https://query.wikidata.org/sparql
4132013993,南通大学杏林学院,exact_unique_label_only,https://www.wikidata.org/entity/Q10909093,http://xlxy.ntu.edu.cn,1999,2026-10-01,https://query.wikidata.org/sparql
4132013994,南京审计大学金审学院,exact_unique_label_only,https://www.wikidata.org/entity/Q10906758,http://jsxy.nau.edu.cn|http://www.naujsc.edu.cn/,2002,2026-10-01,https://query.wikidata.org/sparql
4132014160,宿迁学院,exact_unique_label_only,https://www.wikidata.org/entity/Q10952382,https://www.squ.edu.cn/,2002,2026-10-01,https://query.wikidata.org/sparql
4132014436,江苏第二师范学院,exact_unique_classed,https://www.wikidata.org/entity/Q6191720,https://www.jssnu.edu.cn,1952,2026-10-01,https://query.wikidata.org/sparql
4132016403,西交利物浦大学,exact_unique_classed,https://www.wikidata.org/entity/Q13562485,http://www.xjtlu.edu.cn/,2006,2026-10-01,https://query.wikidata.org/sparql
4132016406,昆山杜克大学,exact_unique_classed,https://www.wikidata.org/entity/Q1391751,https://dukekunshan.edu.cn,2012,2026-10-01,https://query.wikidata.org/sparql
4132011585,连云港师范学院,exact_unique_label_only,https://www.wikidata.org/entity/Q15908349,https://www.lygsf.edu.cn/,2000,2026-10-01,https://query.wikidata.org/sparql
4132010848,无锡职业技术大学,exact_unique_classed,https://www.wikidata.org/entity/Q8039394,http://www.wxit.edu.cn/,1959,2026-10-01,https://query.wikidata.org/sparql
4132011054,苏州职业技术大学,exact_unique_label_only,https://www.wikidata.org/entity/Q17029824,http://www.jssvc.edu.cn/,1981,2026-10-01,https://query.wikidata.org/sparql
4132011462,扬州职业技术大学,exact_unique_label_only,https://www.wikidata.org/entity/Q11076189,http://www.yzpc.edu.cn/|https://www.yzpc.edu.cn/,2007,2026-10-01,https://query.wikidata.org/sparql
4132010849,江苏建筑职业技术大学,exact_unique_label_only,https://www.wikidata.org/entity/Q11134920,http://www.jsjzi.edu.cn,1979|1983,2026-10-01,https://query.wikidata.org/sparql
4132012317,常州信息职业技术大学,exact_unique_label_only,https://www.wikidata.org/entity/Q11060343,http://czcit.edu.cn/|http://www.ccit.js.cn/,1962,2026-10-01,https://query.wikidata.org/sparql
4133010335,浙江大学,exact_unique_classed,https://www.wikidata.org/entity/Q197543,https://www.zju.edu.cn,1897,2026-10-01,https://query.wikidata.org/sparql
4133010336,杭州电子科技大学,exact_unique_classed,https://www.wikidata.org/entity/Q11102606,https://en.hdu.edu.cn|https://www.hdu.edu.cn/,1956,2026-10-01,https://query.wikidata.org/sparql
4133010337,浙江工业大学,exact_unique_classed,https://www.wikidata.org/entity/Q986087,https://www.zjut.edu.cn/,1953,2026-10-01,https://query.wikidata.org/sparql
4133010338,浙江理工大学,exact_unique_classed,https://www.wikidata.org/entity/Q8070672,http://www.zstu.edu.cn/,1897,2026-10-01,https://query.wikidata.org/sparql
4133010340,浙江海洋大学,no_exact_match,,,,2026-10-01,https://query.wikidata.org/sparql
4133010341,浙江农林大学,exact_unique_classed,https://www.wikidata.org/entity/Q8070661,https://www.zafu.edu.cn/,1958,2026-10-01,https://query.wikidata.org/sparql
4133010343,温州医科大学,exact_unique_classed,https://www.wikidata.org/entity/Q3338511,https://www.wmu.edu.cn/,1958,2026-10-01,https://query.wikidata.org/sparql
4133010344,浙江中医药大学,exact_unique_classed,https://www.wikidata.org/entity/Q263932,https://www.zcmu.edu.cn,1953,2026-10-01,https://query.wikidata.org/sparql
4133010345,浙江师范大学,exact_unique_classed,https://www.wikidata.org/entity/Q11148738,http://zjnu.edu.cn,1956,2026-10-01,https://query.wikidata.org/sparql
4133010346,杭州师范大学,exact_unique_classed,https://www.wikidata.org/entity/Q5648125,http://www.hznu.edu.cn/,1978|2007,2026-10-01,https://query.wikidata.org/sparql
4133010347,湖州师范大学,exact_unique_label_only,https://www.wikidata.org/entity/Q15940681,https://www.huznu.edu.cn/,1916|1958,2026-10-01,https://query.wikidata.org/sparql
4133010349,绍兴大学,exact_unique_classed,https://www.wikidata.org/entity/Q7489192,https://www.usx.edu.cn/,1996,2026-10-01,https://query.wikidata.org/sparql
4133010350,台州学院,exact_unique_classed,https://www.wikidata.org/entity/Q4118964,http://www.tzc.edu.cn/,1907,2026-10-01,https://query.wikidata.org/sparql
4133010351,温州大学,exact_unique_classed,https://www.wikidata.org/entity/Q7983088,https://www.wzu.edu.cn/,1984,2026-10-01,https://query.wikidata.org/sparql
4133010352,丽水学院,exact_unique_label_only,https://www.wikidata.org/entity/Q10877504,http://en.lsu.edu.cn/#|http://www.lsu.edu.cn/,2004,2026-10-01,https://query.wikidata.org/sparql
4133010353,浙江工商大学,exact_unique_classed,https://www.wikidata.org/entity/Q8070664,http://www.zjgsu.edu.cn,1911,2026-10-01,https://query.wikidata.org/sparql
4133010354,嘉兴大学,exact_unique_label_only,https://www.wikidata.org/entity/Q10923945,https://www.zjxu.edu.cn/,,2026-10-01,https://query.wikidata.org/sparql
4133010355,中国美术学院,exact_unique_label_only,https://www.wikidata.org/entity/Q985670,http://www.caa.edu.cn,1928,2026-10-01,https://query.wikidata.org/sparql
4133010356,中国计量大学,exact_unique_classed,https://www.wikidata.org/entity/Q5099749,https://www.cjlu.edu.cn/,1978,2026-10-01,https://query.wikidata.org/sparql
4133010876,浙江万里学院,exact_unique_classed,https://www.wikidata.org/entity/Q19841130,http://en.zwu.edu.cn/|https://www.zwu.edu.cn/,1999,2026-10-01,https://query.wikidata.org/sparql
4133011057,浙江科技大学,exact_unique_classed,https://www.wikidata.org/entity/Q1622235,https://www.zust.edu.cn/,1980,2026-10-01,https://query.wikidata.org/sparql
4133011058,宁波工程学院,exact_unique_classed,https://www.wikidata.org/entity/Q7038668,https://www.nbut.edu.cn/,1983,2026-10-01,https://query.wikidata.org/sparql
4133011481,浙江水利水电学院,exact_unique_label_only,https://www.wikidata.org/entity/Q20063777,http://www.zjweu.edu.cn/353/list.htm,1953,2026-10-01,https://query.wikidata.org/sparql
4133011482,浙江财经大学,exact_unique_classed,https://www.wikidata.org/entity/Q3467737,http://www.zufe.edu.cn/,1974,2026-10-01,https://query.wikidata.org/sparql
4133011483,浙江警察学院,exact_unique_label_only,https://www.wikidata.org/entity/Q11148869,http://www.zjjcxy.cn|http://www.zjjcxy.cn/zjpc/index.html,1949,2026-10-01,https://query.wikidata.org/sparql
4133011488,衢州学院,exact_unique_label_only,https://www.wikidata.org/entity/Q30264914,http://www.qzu.zj.cn/English/|https://www.qzc.edu.cn/,1985,2026-10-01,https://query.wikidata.org/sparql
4133011646,宁波大学,exact_unique_classed,https://www.wikidata.org/entity/Q4391363,https://www.nbu.edu.cn,1986,2026-10-01,https://query.wikidata.org/sparql
4133011647,浙江传媒学院,exact_unique_classed,https://www.wikidata.org/entity/Q11148503,http://eng.cuz.edu.cn/|http://www.cuz.edu.cn/,1978,2026-10-01,https://query.wikidata.org/sparql
4133011842,浙江树人学院,exact_unique_label_only,https://www.wikidata.org/entity/Q11557508,http://www.zjsru.edu.cn/|http://www.zjsru.edu.cn/mt/ywjj/,1984,2026-10-01,https://query.wikidata.org/sparql
4133012792,浙江越秀外国语学院,exact_unique_label_only,https://www.wikidata.org/entity/Q18118745,https://en.zyufl.edu.cn/|https://www.yxc.cn/,,2026-10-01,https://query.wikidata.org/sparql
4133013001,宁波财经学院,exact_unique_label_only,https://www.wikidata.org/entity/Q30264934,https://www.nbufe.edu.cn/,2001,2026-10-01,https://query.wikidata.org/sparql
4133013021,浙大城市学院,exact_unique_label_only,https://www.wikidata.org/entity/Q11148616,https://english.hzcu.edu.cn/|https://www.hzcu.edu.cn/,1999,2026-10-01,https://query.wikidata.org/sparql
4133013022,浙大宁波理工学院,exact_unique_classed,https://www.wikidata.org/entity/Q7038662,http://lib.nbt.edu.cn/,2001,2026-10-01,https://query.wikidata.org/sparql
4133013023,杭州医学院,exact_unique_classed,https://www.wikidata.org/entity/Q28414122,http://www.hmc.edu.cn/|http://www.hzm.edu.cn/,1974,2026-10-01,https://query.wikidata.org/sparql
4133013029,浙江广厦建设职业技术大学,exact_unique_label_only,https://www.wikidata.org/entity/Q55708364,https://www.guangshaxy.com/,,2026-10-01,https://query.wikidata.org/sparql
4133013275,浙江工业大学之江学院,exact_unique_label_only,https://www.wikidata.org/entity/Q17221658,,,2026-10-01,https://query.wikidata.org/sparql
4133013276,浙江师范大学行知学院,exact_unique_label_only,https://www.wikidata.org/entity/Q60994106,,1999,2026-10-01,https://query.wikidata.org/sparql
4133013277,宁波大学科学技术学院,exact_unique_label_only,https://www.wikidata.org/entity/Q85878690,,,2026-10-01,https://query.wikidata.org/sparql
4133013279,杭州电子科技大学信息工程学院,exact_unique_label_only,https://www.wikidata.org/entity/Q28413234,http://www.hziee.edu.cn/,1999,2026-10-01,https://query.wikidata.org/sparql
4133013280,浙江理工大学科技与艺术学院,exact_unique_label_only,https://www.wikidata.org/entity/Q112676490,,,2026-10-01,https://query.wikidata.org/sparql
4133013283,浙江农林大学暨阳学院,exact_unique_label_only,https://www.wikidata.org/entity/Q109411081,,,2026-10-01,https://query.wikidata.org/sparql
4133013284,温州医科大学仁济学院,exact_unique_label_only,https://www.wikidata.org/entity/Q17029969,http://www.wyrj.net/home.jsp/,1999,2026-10-01,https://query.wikidata.org/sparql
4133013285,浙江中医药大学滨江学院,exact_unique_label_only,https://www.wikidata.org/entity/Q112676491,,,2026-10-01,https://query.wikidata.org/sparql
4133013286,杭州师范大学钱江学院,exact_unique_label_only,https://www.wikidata.org/entity/Q112676492,,1999,2026-10-01,https://query.wikidata.org/sparql
4133013287,湖州学院,exact_unique_label_only,https://www.wikidata.org/entity/Q109413363,https://www.zjhzu.edu.cn/,1999,2026-10-01,https://query.wikidata.org/sparql
4133013288,绍兴理工学院,exact_unique_label_only,https://www.wikidata.org/entity/Q97351204,https://www.ypc.edu.cn,2000,2026-10-01,https://query.wikidata.org/sparql
4133013289,温州理工学院,exact_unique_label_only,https://www.wikidata.org/entity/Q17030006,https://www.wzut.edu.cn/,2004,2026-10-01,https://query.wikidata.org/sparql
4133013290,浙江工商大学杭州商学院,exact_unique_label_only,https://www.wikidata.org/entity/Q109346613,,,2026-10-01,https://query.wikidata.org/sparql
4133013291,嘉兴南湖学院,exact_unique_classed,https://www.wikidata.org/entity/Q109348750,https://www.jxnhu.edu.cn/,,2026-10-01,https://query.wikidata.org/sparql
4133013292,中国计量大学现代科技学院,exact_unique_label_only,https://www.wikidata.org/entity/Q20062805,,,2026-10-01,https://query.wikidata.org/sparql
4133013294,浙江财经大学东方学院,exact_unique_label_only,https://www.wikidata.org/entity/Q112676495,https://www.zufedfc.edu.cn/,1999,2026-10-01,https://query.wikidata.org/sparql
4133013637,温州商学院,exact_unique_label_only,https://www.wikidata.org/entity/Q17029997,http://www.wzbc.edu.cn/,1999,2026-10-01,https://query.wikidata.org/sparql
4133014206,同济大学浙江学院,exact_unique_label_only,https://www.wikidata.org/entity/Q15927405,https://www.tjzj.edu.cn/,,2026-10-01,https://query.wikidata.org/sparql
4133014207,上海财经大学浙江学院,exact_unique_label_only,https://www.wikidata.org/entity/Q107168208,,,2026-10-01,https://query.wikidata.org/sparql
4133014275,浙江外国语学院,exact_unique_classed,https://www.wikidata.org/entity/Q16259712,http://www.zisu.edu.cn/,1987,2026-10-01,https://query.wikidata.org/sparql
4133014535,浙江音乐学院,exact_unique_classed,https://www.wikidata.org/entity/Q11148892,http://www.zjcm.edu.cn,2016,2026-10-01,https://query.wikidata.org/sparql
4133014626,西湖大学,exact_unique_classed,https://www.wikidata.org/entity/Q28416699,https://www.westlake.edu.cn/,2016,2026-10-01,https://query.wikidata.org/sparql
4133016207,浙江药科职业大学,exact_unique_label_only,https://www.wikidata.org/entity/Q97190842,https://www.zjpc.net.cn/,,2026-10-01,https://query.wikidata.org/sparql
4133012061,金华职业技术大学,exact_unique_label_only,https://www.wikidata.org/entity/Q15942821,https://www.jhc.edu.cn/,1994,2026-10-01,https://query.wikidata.org/sparql
4133012861,浙江机电职业技术大学,exact_unique_label_only,https://www.wikidata.org/entity/Q11148768,http://www.zime.edu.cn/default.html,1964,2026-10-01,https://query.wikidata.org/sparql
4133016301,宁波诺丁汉大学,exact_unique_classed,https://www.wikidata.org/entity/Q1075625,http://www.nottingham.edu.cn/,2004,2026-10-01,https://query.wikidata.org/sparql
4133016405,温州肯恩大学,no_exact_match,,,,2026-10-01,https://query.wikidata.org/sparql
4133010863,宁波职业技术大学,exact_unique_label_only,https://www.wikidata.org/entity/Q30264930,http://www.nbpt.edu.cn/,1999,2026-10-01,https://query.wikidata.org/sparql
4133012872,杭州职业技术大学,exact_unique_label_only,https://www.wikidata.org/entity/Q19852818,http://www.hzvtc.edu.cn/,1998,2026-10-01,https://query.wikidata.org/sparql
4133014943,宁波东方理工大学,exact_unique_classed,https://www.wikidata.org/entity/Q117406370,https://www.eitech.edu.cn/,2025,2026-10-01,https://query.wikidata.org/sparql
4133010864,温州职业技术大学,exact_unique_label_only,https://www.wikidata.org/entity/Q17038708,https://www.wzpt.edu.cn/,1999,2026-10-01,https://query.wikidata.org/sparql
4134010357,安徽大学,exact_unique_classed,https://www.wikidata.org/entity/Q545540,http://www.ahu.edu.cn/,1928,2026-10-01,https://query.wikidata.org/sparql
4134010358,中国科学技术大学,exact_unique_classed,https://www.wikidata.org/entity/Q1074103,https://ustc.edu.cn,1958,2026-10-01,https://query.wikidata.org/sparql
4134010359,合肥工业大学,exact_unique_classed,https://www.wikidata.org/entity/Q5698213,http://www.hfut.edu.cn,1945,2026-10-01,https://query.wikidata.org/sparql
4134010360,安徽工业大学,exact_unique_classed,https://www.wikidata.org/entity/Q2040973,http://www.ahut.edu.cn/,1958,2026-10-01,https://query.wikidata.org/sparql
4134010361,安徽理工大学,exact_unique_classed,https://www.wikidata.org/entity/Q4764383,http://www.aust.edu.cn,1945,2026-10-01,https://query.wikidata.org/sparql
4134010363,安徽工程大学,exact_unique_classed,https://www.wikidata.org/entity/Q4764381,http://www.ahpu.edu.cn/,1977,2026-10-01,https://query.wikidata.org/sparql
4134010364,安徽农业大学,exact_unique_classed,https://www.wikidata.org/entity/Q4764374,http://www.ahau.edu.cn,1928,2026-10-01,https://query.wikidata.org/sparql
4134010366,安徽医科大学,exact_unique_classed,https://www.wikidata.org/entity/Q4764372,http://www.ahmu.edu.cn/,1926,2026-10-01,https://query.wikidata.org/sparql
4134010367,蚌埠医科大学,exact_unique_label_only,https://www.wikidata.org/entity/Q4887726,https://www.bbmu.edu.cn/,1958,2026-10-01,https://query.wikidata.org/sparql
4134010368,皖南医科大学,exact_unique_label_only,https://www.wikidata.org/entity/Q7968031,http://www.wnmc.edu.cn/,1958,2026-10-01,https://query.wikidata.org/sparql
4134010369,安徽中医药大学,exact_unique_classed,https://www.wikidata.org/entity/Q4764385,http://www.ahtcm.edu.cn,1959,2026-10-01,https://query.wikidata.org/sparql
4134010370,安徽师范大学,exact_unique_classed,https://www.wikidata.org/entity/Q614203,http://www.ahnu.edu.cn,1972,2026-10-01,https://query.wikidata.org/sparql
4134010371,阜阳师范大学,exact_unique_label_only,https://www.wikidata.org/entity/Q19856365,http://www.fync.edu.cn/,1979,2026-10-01,https://query.wikidata.org/sparql
4134010372,安庆师范大学,exact_unique_classed,https://www.wikidata.org/entity/Q4770460,https://www.aqnu.edu.cn/,1898,2026-10-01,https://query.wikidata.org/sparql
4134010373,淮北师范大学,exact_unique_classed,https://www.wikidata.org/entity/Q5925123,http://www.hbcnc.edu.cn/,1974,2026-10-01,https://query.wikidata.org/sparql
4134010375,黄山学院,exact_unique_classed,https://www.wikidata.org/entity/Q11177393,http://www.hsu.edu.cn/,1978,2026-10-01,https://query.wikidata.org/sparql
4134010376,皖西学院,exact_unique_label_only,https://www.wikidata.org/entity/Q28410027,https://www.wxc.edu.cn/,2006,2026-10-01,https://query.wikidata.org/sparql
4134010377,滁州学院,exact_unique_label_only,https://www.wikidata.org/entity/Q19856020,http://www.chzu.edu.cn|http://www.chzu.edu.cn/eng/,1950|2004,2026-10-01,https://query.wikidata.org/sparql
4134010378,安徽财经大学,exact_unique_classed,https://www.wikidata.org/entity/Q4764380,http://www.aufe.edu.cn/,1959,2026-10-01,https://query.wikidata.org/sparql
4134010379,宿州学院,exact_unique_classed,https://www.wikidata.org/entity/Q10952263,https://www.ahszu.edu.cn/,1949,2026-10-01,https://query.wikidata.org/sparql
4134010380,巢湖学院,exact_unique_classed,https://www.wikidata.org/entity/Q5072766,http://www.chu.edu.cn,1977,2026-10-01,https://query.wikidata.org/sparql
4134010381,淮南师范学院,exact_unique_label_only,https://www.wikidata.org/entity/Q21052011,http://www.hnnu.edu.cn/,1958,2026-10-01,https://query.wikidata.org/sparql
4134010383,铜陵学院,exact_unique_label_only,https://www.wikidata.org/entity/Q15940932,http://www.tlc.edu.cn/|http://www.tlu.edu.cn/,2003,2026-10-01,https://query.wikidata.org/sparql
4134010878,安徽建筑大学,exact_unique_classed,https://www.wikidata.org/entity/Q10946795,https://www.ahjzu.edu.cn/,1958,2026-10-01,https://query.wikidata.org/sparql
4134010879,安徽科技工程大学,exact_unique_label_only,https://www.wikidata.org/entity/Q10946828,http://www.ahstu.edu.cn,1950,2026-10-01,https://query.wikidata.org/sparql
4134010959,安徽三联学院,exact_unique_label_only,https://www.wikidata.org/entity/Q10866624,http://www.sanlian.net.cn/,1997,2026-10-01,https://query.wikidata.org/sparql
4134011059,合肥大学,exact_unique_classed,https://www.wikidata.org/entity/Q5698189,https://www.hfuu.edu.cn|https://www.hfuu.edu.cn/english,2002,2026-10-01,https://query.wikidata.org/sparql
4134011305,蚌埠学院,exact_unique_classed,https://www.wikidata.org/entity/Q28410086,http://www.bbc.edu.cn/,1976,2026-10-01,https://query.wikidata.org/sparql
4134011306,池州学院,exact_unique_label_only,https://www.wikidata.org/entity/Q28410028,http://www.czu.edu.cn/,1977,2026-10-01,https://query.wikidata.org/sparql
4134012216,安徽新华学院,exact_unique_label_only,https://www.wikidata.org/entity/Q10946798,http://www.axhu.cn/|http://www.axhu.cn/en/,2000,2026-10-01,https://query.wikidata.org/sparql
4134012810,安徽文达信息工程学院,exact_unique_label_only,https://www.wikidata.org/entity/Q17023857,https://www.wenda.edu.cn/index.html,2001,2026-10-01,https://query.wikidata.org/sparql
4134012926,亳州学院,exact_unique_label_only,https://www.wikidata.org/entity/Q112676519,,,2026-10-01,https://query.wikidata.org/sparql
4134013065,安徽外国语学院,exact_unique_label_only,https://www.wikidata.org/entity/Q10946783,http://www.aisu.edu.cn/,2002,2026-10-01,https://query.wikidata.org/sparql
4134013611,蚌埠工商学院,exact_unique_label_only,https://www.wikidata.org/entity/Q112676520,,,2026-10-01,https://query.wikidata.org/sparql
4134013612,合肥理工学院,exact_unique_label_only,https://www.wikidata.org/entity/Q28410643,https://www.hfit.edu.cn/,2003,2026-10-01,https://query.wikidata.org/sparql
4134013613,安徽信息工程学院,exact_unique_label_only,https://www.wikidata.org/entity/Q10946791,https://www.aiit.edu.cn/,2003|2016,2026-10-01,https://query.wikidata.org/sparql
4134013614,马鞍山学院,exact_unique_label_only,https://www.wikidata.org/entity/Q67932263,https://www.masu.edu.cn/,,2026-10-01,https://query.wikidata.org/sparql
4134013615,合肥城市学院,exact_unique_label_only,https://www.wikidata.org/entity/Q112676521,https://www.cuhf.edu.cn/,,2026-10-01,https://query.wikidata.org/sparql
4134013616,合肥经济学院,exact_unique_label_only,https://www.wikidata.org/entity/Q17023854,,,2026-10-01,https://query.wikidata.org/sparql
4134013617,芜湖学院,exact_unique_label_only,https://www.wikidata.org/entity/Q10946793,https://www.uwh.edu.cn/,2003,2026-10-01,https://query.wikidata.org/sparql
4134013618,安徽医科大学临床医学院,exact_unique_label_only,https://www.wikidata.org/entity/Q10946769,http://cc.ahmu.edu.cn/,2003,2026-10-01,https://query.wikidata.org/sparql
4134013619,阜阳理工学院,exact_unique_label_only,https://www.wikidata.org/entity/Q112676523,http://cie.fynu.edu.cn/|https://fyut.edu.cn/,,2026-10-01,https://query.wikidata.org/sparql
4134013620,淮北理工学院,exact_unique_label_only,https://www.wikidata.org/entity/Q112676525,https://www.hblgxy.edu.cn/,,2026-10-01,https://query.wikidata.org/sparql
4134014098,合肥师范学院,exact_unique_classed,https://www.wikidata.org/entity/Q5698182,http://www.hfnu.edu.cn/,1955,2026-10-01,https://query.wikidata.org/sparql
4134014203,皖江工学院,exact_unique_label_only,https://www.wikidata.org/entity/Q28412552,https://www.wjut.edu.cn/,2008,2026-10-01,https://query.wikidata.org/sparql
4134014682,安徽艺术学院,exact_unique_label_only,https://www.wikidata.org/entity/Q65058030,http://www.ahua.edu.cn/,2013,2026-10-01,https://query.wikidata.org/sparql
4134014840,安徽公安学院,exact_unique_label_only,https://www.wikidata.org/entity/Q126893836,,2024,2026-10-01,https://query.wikidata.org/sparql
4134010869,安徽职业技术大学,exact_unique_label_only,https://www.wikidata.org/entity/Q112676526,,,2026-10-01,https://query.wikidata.org/sparql
4134011061,芜湖职业技术大学,exact_unique_label_only,https://www.wikidata.org/entity/Q15931040,http://www.whit.edu.cn/,,2026-10-01,https://query.wikidata.org/sparql
4134012925,安徽第二医学院,exact_unique_label_only,https://www.wikidata.org/entity/Q10946767,https://www.ahyz.edu.cn/,,2026-10-01,https://query.wikidata.org/sparql
4134012072,安徽应用技术职业大学,exact_unique_label_only,https://www.wikidata.org/entity/Q139908122,https://www.abc.edu.cn/,2026,2026-10-01,https://query.wikidata.org/sparql
4135010384,厦门大学,exact_unique_classed,https://www.wikidata.org/entity/Q1153539,https://www.xmu.edu.cn/,1921,2026-10-01,https://query.wikidata.org/sparql
4135010385,华侨大学,exact_unique_classed,https://www.wikidata.org/entity/Q985755,http://www.hqu.edu.cn,1960,2026-10-01,https://query.wikidata.org/sparql
4135010386,福州大学,exact_unique_classed,https://www.wikidata.org/entity/Q470963,https://www.fzu.edu.cn/,1958,2026-10-01,https://query.wikidata.org/sparql
4135010388,福建理工大学,exact_unique_classed,https://www.wikidata.org/entity/Q5507373,https://www.fjut.edu.cn,2002,2026-10-01,https://query.wikidata.org/sparql
4135010389,福建农林大学,exact_unique_classed,https://www.wikidata.org/entity/Q5507366,https://english.fafu.edu.cn/|https://www.fafu.edu.cn/,2000,2026-10-01,https://query.wikidata.org/sparql
4135010390,集美大学,exact_unique_classed,https://www.wikidata.org/entity/Q6199182,https://english.jmu.edu.cn/|https://www.jmu.edu.cn,1994,2026-10-01,https://query.wikidata.org/sparql
4135010392,福建医科大学,exact_unique_classed,https://www.wikidata.org/entity/Q5507368,http://www.fjmu.edu.cn,1937,2026-10-01,https://query.wikidata.org/sparql
4135010393,福建中医药大学,exact_unique_classed,https://www.wikidata.org/entity/Q5507374,http://www.fjtcm.edu.cn/,1958,2026-10-01,https://query.wikidata.org/sparql
4135010394,福建师范大学,exact_unique_classed,https://www.wikidata.org/entity/Q4570168,http://www.fjnu.edu.cn/,1907,2026-10-01,https://query.wikidata.org/sparql
4135010395,闽江大学,exact_unique_classed,https://www.wikidata.org/entity/Q6867765,http://www1.mju.edu.cn/,2002,2026-10-01,https://query.wikidata.org/sparql
4135010397,武夷学院,exact_unique_classed,https://www.wikidata.org/entity/Q8039410,https://www.wuyiu.edu.cn,1958,2026-10-01,https://query.wikidata.org/sparql
4135010398,宁德师范学院,exact_unique_label_only,https://www.wikidata.org/entity/Q15939928,http://www.ndnu.edu.cn/,1958,2026-10-01,https://query.wikidata.org/sparql
4135010399,泉州师范学院,exact_unique_classed,https://www.wikidata.org/entity/Q7269117,http://www.qztc.edu.cn/,1958,2026-10-01,https://query.wikidata.org/sparql
4135010402,闽南师范大学,exact_unique_classed,https://www.wikidata.org/entity/Q8070488,http://www.mnnu.edu.cn/,1958,2026-10-01,https://query.wikidata.org/sparql
4135011062,厦门理工学院,exact_unique_classed,https://www.wikidata.org/entity/Q8044115,http://www.xmut.edu.cn/,1981,2026-10-01,https://query.wikidata.org/sparql
4135011311,三明学院,exact_unique_label_only,https://www.wikidata.org/entity/Q30293612,https://www.fjsmu.edu.cn/,2000,2026-10-01,https://query.wikidata.org/sparql
4135011312,龙岩学院,exact_unique_classed,https://www.wikidata.org/entity/Q6674566,http://www.lyun.edu.cn,1958,2026-10-01,https://query.wikidata.org/sparql
4135011313,福建商学院,exact_unique_classed,https://www.wikidata.org/entity/Q48900250,https://www.fjbu.edu.cn/,,2026-10-01,https://query.wikidata.org/sparql
4135011495,福建警察学院,exact_unique_label_only,https://www.wikidata.org/entity/Q15913846,http://www.fjpsc.edu.cn/,1949,2026-10-01,https://query.wikidata.org/sparql
4135011498,莆田学院,exact_unique_classed,https://www.wikidata.org/entity/Q7262282,https://www.ptu.edu.cn/,2002,2026-10-01,https://query.wikidata.org/sparql
4135011784,仰恩大学,exact_unique_classed,https://www.wikidata.org/entity/Q8048351,http://www.yeu.edu.cn/,1987,2026-10-01,https://query.wikidata.org/sparql
4135012631,厦门医学院,exact_unique_label_only,https://www.wikidata.org/entity/Q17022954,https://www.xmmc.edu.cn/,1953,2026-10-01,https://query.wikidata.org/sparql
4135012709,厦门华厦学院,exact_unique_label_only,https://www.wikidata.org/entity/Q55697414,https://www.hxxy.edu.cn/,,2026-10-01,https://query.wikidata.org/sparql
4135012710,闽南理工学院,exact_unique_label_only,https://www.wikidata.org/entity/Q52848163,http://www.mnust.cn/,1998,2026-10-01,https://query.wikidata.org/sparql
4135012928,泉州职业技术大学,exact_unique_label_only,https://www.wikidata.org/entity/Q55697514,https://www.qvtu.edu.cn/,,2026-10-01,https://query.wikidata.org/sparql
4135012992,闽南科技学院,exact_unique_label_only,https://www.wikidata.org/entity/Q56271483,http://www.mku.edu.cn/,,2026-10-01,https://query.wikidata.org/sparql
4135012993,福州工商学院,exact_unique_label_only,https://www.wikidata.org/entity/Q55697544,,,2026-10-01,https://query.wikidata.org/sparql
4135013115,厦门工学院,exact_unique_label_only,https://www.wikidata.org/entity/Q10905438,https://www.xit.edu.cn/,,2026-10-01,https://query.wikidata.org/sparql
4135013468,阳光学院,exact_unique_classed,https://www.wikidata.org/entity/Q52146304,http://www.ygu.edu.cn/,,2026-10-01,https://query.wikidata.org/sparql
4135013469,厦门大学嘉庚学院,exact_unique_label_only,https://www.wikidata.org/entity/Q10911430,http://jgxy.xmu.edu.cn,2003,2026-10-01,https://query.wikidata.org/sparql
4135013470,福州大学至诚学院,exact_unique_label_only,https://www.wikidata.org/entity/Q55697535,https://www.fdzcxy.edu.cn/,,2026-10-01,https://query.wikidata.org/sparql
4135013471,集美大学诚毅学院,exact_unique_label_only,https://www.wikidata.org/entity/Q17062512,http://chengyi.jmu.edu.cn,2003,2026-10-01,https://query.wikidata.org/sparql
4135013472,福建师范大学协和学院,exact_unique_label_only,https://www.wikidata.org/entity/Q52158476,,,2026-10-01,https://query.wikidata.org/sparql
4135013762,福州外语外贸学院,exact_unique_label_only,https://www.wikidata.org/entity/Q55697534,http://www.fzfu.com,,2026-10-01,https://query.wikidata.org/sparql
4135013763,福建江夏学院,exact_unique_label_only,https://www.wikidata.org/entity/Q48900245,http://en.fjjxu.edu.cn/|https://www.fjjxu.edu.cn/,2010,2026-10-01,https://query.wikidata.org/sparql
4135013766,泉州信息工程学院,exact_unique_label_only,https://www.wikidata.org/entity/Q55697505,,,2026-10-01,https://query.wikidata.org/sparql
4135013773,福州理工学院,exact_unique_label_only,https://www.wikidata.org/entity/Q55697536,,,2026-10-01,https://query.wikidata.org/sparql
4135014046,福建农林大学金山学院,exact_unique_label_only,https://www.wikidata.org/entity/Q15912020,http://jsxy.fafu.edu.cn,2006,2026-10-01,https://query.wikidata.org/sparql
4135014683,福建技术师范学院,exact_unique_label_only,https://www.wikidata.org/entity/Q56271882,https://www.fpnu.edu.cn/,,2026-10-01,https://query.wikidata.org/sparql
4135014896,福建福耀科技大学,exact_unique_classed,https://www.wikidata.org/entity/Q114957556,https://fyust.edu.cn,2025,2026-10-01,https://query.wikidata.org/sparql
4135011317,黎明职业大学,exact_unique_label_only,https://www.wikidata.org/entity/Q11178778,http://www.lmu.edu.cn/,1984,2026-10-01,https://query.wikidata.org/sparql
4135011502,福州职业技术大学,exact_unique_label_only,https://www.wikidata.org/entity/Q55697538,,,2026-10-01,https://query.wikidata.org/sparql
4136010403,南昌大学,exact_unique_classed,https://www.wikidata.org/entity/Q3497259,http://www.ncu.edu.cn/,1921,2026-10-01,https://query.wikidata.org/sparql
4136010404,华东交通大学,exact_unique_classed,https://www.wikidata.org/entity/Q5328079,http://www.ecjtu.jx.cn,1971,2026-10-01,https://query.wikidata.org/sparql
4136010405,东华理工大学,exact_unique_label_only,https://www.wikidata.org/entity/Q10869680,http://www.ecit.edu.cn/english/about.htm|https://www.ecut.edu.cn/,1956,2026-10-01,https://query.wikidata.org/sparql
4136010406,南昌航空大学,exact_unique_classed,https://www.wikidata.org/entity/Q6962480,http://www.nchu.edu.cn/,1952,2026-10-01,https://query.wikidata.org/sparql
4136010407,江西理工大学,exact_unique_classed,https://www.wikidata.org/entity/Q6191782,http://www.jxust.cn/,1958,2026-10-01,https://query.wikidata.org/sparql
4136010408,景德镇陶瓷大学,exact_unique_classed,https://www.wikidata.org/entity/Q11090044,http://www.jci.edu.cn/,1909,2026-10-01,https://query.wikidata.org/sparql
4136010410,江西农业大学,exact_unique_classed,https://www.wikidata.org/entity/Q11135190,http://www.jxau.edu.cn/,1905,2026-10-01,https://query.wikidata.org/sparql
4136010412,江西中医药大学,exact_unique_classed,https://www.wikidata.org/entity/Q11135170,http://www.jxutcm.edu.cn/,1959,2026-10-01,https://query.wikidata.org/sparql
4136010413,赣南医科大学,exact_unique_label_only,https://www.wikidata.org/entity/Q17039959,https://www.gmu.cn/,,2026-10-01,https://query.wikidata.org/sparql
4136010414,江西师范大学,exact_unique_classed,https://www.wikidata.org/entity/Q6191772,http://www.jxnu.edu.cn/,1940,2026-10-01,https://query.wikidata.org/sparql
4136010416,上饶师范学院,exact_unique_classed,https://www.wikidata.org/entity/Q16499874,http://jwc.sru.jx.cn/,1958,2026-10-01,https://query.wikidata.org/sparql
4136010417,宜春学院,exact_unique_classed,https://www.wikidata.org/entity/Q8053514,https://www.jxycu.edu.cn/,1958,2026-10-01,https://query.wikidata.org/sparql
4136010418,赣南师范大学,exact_unique_classed,https://www.wikidata.org/entity/Q18119211,https://www.gnnu.edu.cn/,1958,2026-10-01,https://query.wikidata.org/sparql
4136010419,井冈山大学,exact_unique_classed,https://www.wikidata.org/entity/Q6202313,http://www.jgsu.edu.cn,1958,2026-10-01,https://query.wikidata.org/sparql
4136010421,江西财经大学,exact_unique_classed,https://www.wikidata.org/entity/Q3496652,http://www.jxufe.edu.cn/,1923,2026-10-01,https://query.wikidata.org/sparql
4136010846,江西科技学院,exact_unique_classed,https://www.wikidata.org/entity/Q6765953,http://www.jxut.edu.cn/,1994,2026-10-01,https://query.wikidata.org/sparql
4136010894,景德镇学院,exact_unique_label_only,https://www.wikidata.org/entity/Q52848172,http://www.jdzu.jx.cn/english/,1977,2026-10-01,https://query.wikidata.org/sparql
4136010895,萍乡学院,exact_unique_label_only,https://www.wikidata.org/entity/Q52848237,http://www.pxc.jx.cn/,1941,2026-10-01,https://query.wikidata.org/sparql
4136011318,江西科技师范大学,exact_unique_classed,https://www.wikidata.org/entity/Q6191778,http://www.jxstnu.cn/,,2026-10-01,https://query.wikidata.org/sparql
4136011319,江西水利电力大学,exact_unique_classed,https://www.wikidata.org/entity/Q10908066,https://en.juwp.edu.cn|https://www.juwp.edu.cn,1958|2008,2026-10-01,https://query.wikidata.org/sparql
4136011504,江西警察学院,exact_unique_label_only,https://www.wikidata.org/entity/Q11135436,http://www.jxga.com/,1951,2026-10-01,https://query.wikidata.org/sparql
4136011508,新余学院,exact_unique_label_only,https://www.wikidata.org/entity/Q11081082,http://www.xyc.edu.cn/,1985,2026-10-01,https://query.wikidata.org/sparql
4136011843,九江学院,exact_unique_classed,https://www.wikidata.org/entity/Q11370417,http://www.jju.edu.cn,1901,2026-10-01,https://query.wikidata.org/sparql
4136012766,江西工程学院,exact_unique_label_only,https://www.wikidata.org/entity/Q18654165,http://www.ygxy.com,1983,2026-10-01,https://query.wikidata.org/sparql
4136012795,南昌理工学院,exact_unique_label_only,https://www.wikidata.org/entity/Q10908076,https://www.nut.edu.cn/,1999,2026-10-01,https://query.wikidata.org/sparql
4136012938,江西应用科技学院,exact_unique_label_only,https://www.wikidata.org/entity/Q112676576,,,2026-10-01,https://query.wikidata.org/sparql
4136013418,江西服装学院,exact_unique_classed,https://www.wikidata.org/entity/Q106474418,http://www.jift.edu.cn/,,2026-10-01,https://query.wikidata.org/sparql
4136013420,南昌职业大学,exact_unique_label_only,https://www.wikidata.org/entity/Q48928257,http://www.nczyxy.com|https://www.nvu.edu.cn/,1993,2026-10-01,https://query.wikidata.org/sparql
4136013421,南昌工学院,exact_unique_label_only,https://www.wikidata.org/entity/Q112676577,https://www.ncpu.edu.cn/,,2026-10-01,https://query.wikidata.org/sparql
4136013429,南昌大学科学技术学院,exact_unique_label_only,https://www.wikidata.org/entity/Q17498766,https://ncuky.edu.cn/,,2026-10-01,https://query.wikidata.org/sparql
4136013430,南昌大学共青学院,exact_unique_label_only,https://www.wikidata.org/entity/Q112676579,https://www.ndgy.cn/,,2026-10-01,https://query.wikidata.org/sparql
4136013431,南昌交通学院,exact_unique_label_only,https://www.wikidata.org/entity/Q112676580,https://www.ecjtuit.edu.cn/,,2026-10-01,https://query.wikidata.org/sparql
4136013432,赣东学院,exact_unique_classed,https://www.wikidata.org/entity/Q109413368,http://www.gdc.edu.cn/,,2026-10-01,https://query.wikidata.org/sparql
4136013433,南昌航空大学科技学院,exact_unique_label_only,https://www.wikidata.org/entity/Q112676581,,,2026-10-01,https://query.wikidata.org/sparql
4136013434,赣南科技学院,exact_unique_classed,https://www.wikidata.org/entity/Q109348752,http://www.gnust.edu.cn/,2001,2026-10-01,https://query.wikidata.org/sparql
4136013435,景德镇艺术职业大学,exact_unique_label_only,https://www.wikidata.org/entity/Q112676582,http://www.jdzvua.edu.cn/,2001,2026-10-01,https://query.wikidata.org/sparql
4136013436,江西农业大学南昌商学院,exact_unique_label_only,https://www.wikidata.org/entity/Q112676583,,,2026-10-01,https://query.wikidata.org/sparql
4136013437,南昌医学院,exact_unique_label_only,https://www.wikidata.org/entity/Q109413364,http://www.ncmc.edu.cn/,,2026-10-01,https://query.wikidata.org/sparql
4136013438,江西师范大学科学技术学院,exact_unique_label_only,https://www.wikidata.org/entity/Q112676584,,,2026-10-01,https://query.wikidata.org/sparql
4136013439,赣南师范大学科技学院,exact_unique_label_only,https://www.wikidata.org/entity/Q112676586,,,2026-10-01,https://query.wikidata.org/sparql
4136013440,南昌应用技术师范学院,exact_unique_label_only,https://www.wikidata.org/entity/Q112676587,https://www.nncat.edu.cn/,,2026-10-01,https://query.wikidata.org/sparql
4136013441,江西财经大学现代经济管理学院,exact_unique_label_only,https://www.wikidata.org/entity/Q112676588,https://xjg.jxufe.edu.cn/,2001,2026-10-01,https://query.wikidata.org/sparql
4136013774,豫章师范学院,exact_unique_label_only,https://www.wikidata.org/entity/Q56271873,http://www.yuznu.edu.cn/,,2026-10-01,https://query.wikidata.org/sparql
4136013776,江西软件职业技术大学,exact_unique_label_only,https://www.wikidata.org/entity/Q112676589,https://www.jxuspt.com/,,2026-10-01,https://query.wikidata.org/sparql
4136014437,南昌师范学院,exact_unique_label_only,https://www.wikidata.org/entity/Q43896083,http://www.jxie.edu.cn/,1952,2026-10-01,https://query.wikidata.org/sparql
4136014839,江西飞行学院,exact_unique_label_only,https://www.wikidata.org/entity/Q124305329,https://www.jxfu.edu.cn/,,2026-10-01,https://query.wikidata.org/sparql
4136011785,江西职业技术大学,exact_unique_label_only,https://www.wikidata.org/entity/Q112676596,https://www.jvtc.jx.cn/index.htm,,2026-10-01,https://query.wikidata.org/sparql
4136013775,抚州医药学院,exact_unique_label_only,https://www.wikidata.org/entity/Q112676620,https://www.jxtcms.net/,,2026-10-01,https://query.wikidata.org/sparql
4136014403,九江科技职业大学,exact_unique_label_only,https://www.wikidata.org/entity/Q112676637,http://www.jjput.edu.cn/,2012,2026-10-01,https://query.wikidata.org/sparql
4136014168,南昌科技职业大学,exact_unique_label_only,https://www.wikidata.org/entity/Q112676631,https://www.thdm.edu.cn/,,2026-10-01,https://query.wikidata.org/sparql
4136013422,江西外语外贸职业大学,exact_unique_label_only,https://www.wikidata.org/entity/Q112676610,http://www.jxcfs.com,,2026-10-01,https://query.wikidata.org/sparql
4137010422,山东大学,exact_unique_classed,https://www.wikidata.org/entity/Q604470,https://www.sdu.edu.cn/,1901,2026-10-01,https://query.wikidata.org/sparql
4137010423,中国海洋大学,exact_unique_classed,https://www.wikidata.org/entity/Q1074015,http://www.ouc.edu.cn/,1924,2026-10-01,https://query.wikidata.org/sparql
4137010424,山东科技大学,exact_unique_classed,https://www.wikidata.org/entity/Q7487936,http://www.sdust.edu.cn,1951,2026-10-01,https://query.wikidata.org/sparql
4137010425,中国石油大学(华东),no_exact_match,,,,2026-10-01,https://query.wikidata.org/sparql
4137010426,青岛科技大学,exact_unique_classed,https://www.wikidata.org/entity/Q873230,http://www.qust.edu.cn/,1950,2026-10-01,https://query.wikidata.org/sparql
4137010427,济南大学,exact_unique_classed,https://www.wikidata.org/entity/Q985775,http://www.ujn.edu.cn,1948,2026-10-01,https://query.wikidata.org/sparql
4137010429,青岛理工大学,exact_unique_classed,https://www.wikidata.org/entity/Q2399342,,1953,2026-10-01,https://query.wikidata.org/sparql
4137010430,山东建筑大学,exact_unique_classed,https://www.wikidata.org/entity/Q7487930,http://www.sdjzu.edu.cn/index.php,1956,2026-10-01,https://query.wikidata.org/sparql
4137010431,齐鲁工业大学,exact_unique_classed,https://www.wikidata.org/entity/Q11180290,https://www.qlu.edu.cn/,1948,2026-10-01,https://query.wikidata.org/sparql
4137010433,山东理工大学,exact_unique_classed,https://www.wikidata.org/entity/Q7487937,http://www.sdut.edu.cn/,1956,2026-10-01,https://query.wikidata.org/sparql
4137010434,山东农业大学,exact_unique_classed,https://www.wikidata.org/entity/Q7487918,http://www.sdau.edu.cn/,1906,2026-10-01,https://query.wikidata.org/sparql
4137010435,青岛农业大学,exact_unique_classed,https://www.wikidata.org/entity/Q7267798,http://www.qau.edu.cn/,1951,2026-10-01,https://query.wikidata.org/sparql
4137010438,山东第二医科大学,exact_unique_label_only,https://www.wikidata.org/entity/Q7979838,https://www.sdsmu.edu.cn/,1951,2026-10-01,https://query.wikidata.org/sparql
4137010439,山东第一医科大学,exact_unique_classed,https://www.wikidata.org/entity/Q11144969,https://www.sdfmu.edu.cn,1891|1958,2026-10-01,https://query.wikidata.org/sparql
4137010440,山东医药大学,exact_unique_label_only,https://www.wikidata.org/entity/Q17039082,https://www.sdmpu.edu.cn/,,2026-10-01,https://query.wikidata.org/sparql
4137010441,山东中医药大学,exact_unique_classed,https://www.wikidata.org/entity/Q11043886,http://www.sdutcm.edu.cn/,1958,2026-10-01,https://query.wikidata.org/sparql
4137010443,济宁医学院,exact_unique_classed,https://www.wikidata.org/entity/Q11148222,https://www.jnmc.edu.cn/,,2026-10-01,https://query.wikidata.org/sparql
4137010445,山东师范大学,exact_unique_classed,https://www.wikidata.org/entity/Q4570128,http://www.sdnu.edu.cn,1950,2026-10-01,https://query.wikidata.org/sparql
4137010446,曲阜师范大学,exact_unique_classed,https://www.wikidata.org/entity/Q3332415,http://www.qfnu.edu.cn,1955,2026-10-01,https://query.wikidata.org/sparql
4137010447,聊城大学,exact_unique_classed,https://www.wikidata.org/entity/Q5959259,http://www.lcu.edu.cn/,1974,2026-10-01,https://query.wikidata.org/sparql
4137010448,德州学院,exact_unique_label_only,https://www.wikidata.org/entity/Q11071646,http://www.dzu.edu.cn/,1971|2000,2026-10-01,https://query.wikidata.org/sparql
4137010449,山东航空学院,exact_unique_label_only,https://www.wikidata.org/entity/Q3551568,http://www.bztc.edu.cn/,1958,2026-10-01,https://query.wikidata.org/sparql
4137010451,鲁东大学,exact_unique_classed,https://www.wikidata.org/entity/Q11172979,http://english.ldu.edu.cn/|http://www.ldu.edu.cn/,,2026-10-01,https://query.wikidata.org/sparql
4137010452,临沂大学,exact_unique_classed,https://www.wikidata.org/entity/Q3249121,http://www.lyu.edu.cn/,1941,2026-10-01,https://query.wikidata.org/sparql
4137010453,泰山学院,exact_unique_classed,https://www.wikidata.org/entity/Q11144979,https://www.tsu.edu.cn/,2002,2026-10-01,https://query.wikidata.org/sparql
4137010454,济宁学院,exact_unique_label_only,https://www.wikidata.org/entity/Q30254000,http://www.jnxy.edu.cn/,1951,2026-10-01,https://query.wikidata.org/sparql
4137010455,菏泽学院,exact_unique_classed,https://www.wikidata.org/entity/Q15941682,http://www.hezeu.edu.cn/,1949,2026-10-01,https://query.wikidata.org/sparql
4137010456,山东财经大学,exact_unique_classed,https://www.wikidata.org/entity/Q7487933,https://www.sdufe.edu.cn/,1952,2026-10-01,https://query.wikidata.org/sparql
4137010457,山东体育学院,exact_unique_label_only,https://www.wikidata.org/entity/Q11043900,http://www.sdpei.edu.cn,,2026-10-01,https://query.wikidata.org/sparql
4137010458,山东艺术学院,exact_unique_classed,https://www.wikidata.org/entity/Q15917097,https://www.sdca.edu.cn/,1958,2026-10-01,https://query.wikidata.org/sparql
4137010825,齐鲁医药学院,exact_unique_label_only,https://www.wikidata.org/entity/Q19854132,http://www.qlmu.net/|https://www.qlmu.edu.cn/,1995,2026-10-01,https://query.wikidata.org/sparql
4137010868,青岛滨海学院,exact_unique_classed,https://www.wikidata.org/entity/Q7267800,,1992,2026-10-01,https://query.wikidata.org/sparql
4137010904,枣庄学院,exact_unique_label_only,https://www.wikidata.org/entity/Q11107588,http://www.uzz.edu.cn/,1971,2026-10-01,https://query.wikidata.org/sparql
4137010908,山东工艺美术学院,exact_unique_label_only,https://www.wikidata.org/entity/Q11044030,http://www.sdada.edu.cn/,1973,2026-10-01,https://query.wikidata.org/sparql
4137011065,青岛大学,exact_unique_classed,https://www.wikidata.org/entity/Q82267,http://www.qdu.edu.cn/,1985,2026-10-01,https://query.wikidata.org/sparql
4137011066,烟台大学,exact_unique_classed,https://www.wikidata.org/entity/Q8048973,http://www.ytu.edu.cn/,1984,2026-10-01,https://query.wikidata.org/sparql
4137011067,潍坊学院,exact_unique_classed,https://www.wikidata.org/entity/Q17033009,http://www.wfu.edu.cn/,1951,2026-10-01,https://query.wikidata.org/sparql
4137011324,山东警察学院,exact_unique_label_only,https://www.wikidata.org/entity/Q11044279,http://www.sdpc.edu.cn,1946,2026-10-01,https://query.wikidata.org/sparql
4137011510,山东交通学院,exact_unique_label_only,https://www.wikidata.org/entity/Q11043892,http://english.sdjtu.edu.cn/|https://www.sdjtu.edu.cn/,1956,2026-10-01,https://query.wikidata.org/sparql
4137011688,山东工商学院,exact_unique_label_only,https://www.wikidata.org/entity/Q7487928,http://www.sdtbu.edu.cn/,1985,2026-10-01,https://query.wikidata.org/sparql
4137012331,山东女子学院,exact_unique_label_only,https://www.wikidata.org/entity/Q11044009,http://www.sdwu.edu.cn/,1952,2026-10-01,https://query.wikidata.org/sparql
4137012332,烟台南山学院,exact_unique_label_only,https://www.wikidata.org/entity/Q22099191,http://en.nanshan.edu.cn/|http://www.nanshan.edu.cn/,1991,2026-10-01,https://query.wikidata.org/sparql
4137012843,潍坊科技学院,exact_unique_label_only,https://www.wikidata.org/entity/Q30260838,http://www.wfkjxy.com.cn/,,2026-10-01,https://query.wikidata.org/sparql
4137013006,山东英才学院,exact_unique_label_only,https://www.wikidata.org/entity/Q30944671,https://www.sdycu.edu.cn/,1998,2026-10-01,https://query.wikidata.org/sparql
4137013015,青岛恒星科技学院,exact_unique_label_only,https://www.wikidata.org/entity/Q30945158,,2001,2026-10-01,https://query.wikidata.org/sparql
4137013320,青岛黄海学院,exact_unique_label_only,https://www.wikidata.org/entity/Q30260658,http://www.huanghaicollege.com/,1996,2026-10-01,https://query.wikidata.org/sparql
4137013322,山东现代学院,exact_unique_label_only,https://www.wikidata.org/entity/Q112676659,http://www.sdxd.edu.cn/,,2026-10-01,https://query.wikidata.org/sparql
4137013324,山东协和学院,exact_unique_label_only,https://www.wikidata.org/entity/Q52848282,http://www.sdxiehe.com/home/,1993,2026-10-01,https://query.wikidata.org/sparql
4137013356,山东工程职业技术大学,exact_unique_label_only,https://www.wikidata.org/entity/Q112676660,https://www.suet.edu.cn/,,2026-10-01,https://query.wikidata.org/sparql
4137013359,烟台理工学院,exact_unique_label_only,https://www.wikidata.org/entity/Q17035380,http://www.yitsd.edu.cn/,,2026-10-01,https://query.wikidata.org/sparql
4137013373,聊城大学东昌学院,exact_unique_label_only,https://www.wikidata.org/entity/Q112676662,https://www.lcudcc.edu.cn/,,2026-10-01,https://query.wikidata.org/sparql
4137013378,青岛城市学院,exact_unique_label_only,https://www.wikidata.org/entity/Q15649450,https://www.qdc.edu.cn/,2004,2026-10-01,https://query.wikidata.org/sparql
4137013379,潍坊理工学院,exact_unique_label_only,https://www.wikidata.org/entity/Q11044034,http://www.wfit.edu.cn/,2005,2026-10-01,https://query.wikidata.org/sparql
4137013383,山东财经大学燕山学院,exact_unique_label_only,https://www.wikidata.org/entity/Q112676665,https://ys.sdufe.edu.cn/,,2026-10-01,https://query.wikidata.org/sparql
4137013386,山东石油化工学院,exact_unique_label_only,https://www.wikidata.org/entity/Q109413362,https://www.sdipct.edu.cn/,,2026-10-01,https://query.wikidata.org/sparql
4137013387,山东外国语职业技术大学,exact_unique_classed,https://www.wikidata.org/entity/Q7487925,http://www.sdflc.com/,2005,2026-10-01,https://query.wikidata.org/sparql
4137013624,泰山科技学院,exact_unique_label_only,https://www.wikidata.org/entity/Q109347844,https://www.tskjxy.edu.cn/,,2026-10-01,https://query.wikidata.org/sparql
4137013857,山东华宇工学院,exact_unique_classed,https://www.wikidata.org/entity/Q85879163,https://www.huayu.edu.cn/,,2026-10-01,https://query.wikidata.org/sparql
4137013874,山东外事职业大学,exact_unique_label_only,https://www.wikidata.org/entity/Q112676667,https://www.sdws.edu.cn/,1999,2026-10-01,https://query.wikidata.org/sparql
4137013995,青岛工学院,exact_ambiguous,https://www.wikidata.org/entity/Q17062740|https://www.wikidata.org/entity/Q23999950|https://www.wikidata.org/entity/Q24835765,http://www.oucqdc.edu.cn|http://www.qit.edu.cn/,2005,2026-10-01,https://query.wikidata.org/sparql
4137013997,青岛农业大学海都学院,exact_unique_label_only,https://www.wikidata.org/entity/Q30942369,,2005,2026-10-01,https://query.wikidata.org/sparql
4137013998,齐鲁理工学院,exact_unique_label_only,https://www.wikidata.org/entity/Q112676669,https://qlit.edu.cn,,2026-10-01,https://query.wikidata.org/sparql
4137013999,山东财经大学东方学院,exact_unique_label_only,https://www.wikidata.org/entity/Q112676671,,,2026-10-01,https://query.wikidata.org/sparql
4137014002,烟台科技学院,exact_unique_label_only,https://www.wikidata.org/entity/Q112676672,https://www.ytkj.edu.cn/,,2026-10-01,https://query.wikidata.org/sparql
4137014100,山东政法学院,exact_unique_label_only,https://www.wikidata.org/entity/Q11044056,http://english.sdupsl.edu.cn/|http://www.sdupsl.edu.cn,1955,2026-10-01,https://query.wikidata.org/sparql
4137014276,齐鲁师范学院,exact_unique_label_only,https://www.wikidata.org/entity/Q11180291,http://www.qlnu.edu.cn/,1948,2026-10-01,https://query.wikidata.org/sparql
4137014277,山东青年政治学院,exact_unique_label_only,https://www.wikidata.org/entity/Q11044319,http://www.sdyu.edu.cn,1949,2026-10-01,https://query.wikidata.org/sparql
4137014327,青岛电影学院,exact_unique_label_only,https://www.wikidata.org/entity/Q15940531,http://www.bfamcmc.edu.cn/,2010,2026-10-01,https://query.wikidata.org/sparql
4137014438,山东管理学院,exact_unique_classed,https://www.wikidata.org/entity/Q17024910,http://www.sdmu.edu.cn/,1938,2026-10-01,https://query.wikidata.org/sparql
4137014439,山东农业工程学院,exact_unique_classed,https://www.wikidata.org/entity/Q19852435,http://www.sdngy.edu.cn/,1971,2026-10-01,https://query.wikidata.org/sparql
4137014878,康复大学,exact_unique_classed,https://www.wikidata.org/entity/Q113558730,https://www.uhrs.edu.cn/,2024,2026-10-01,https://query.wikidata.org/sparql
4137013009,淄博职业技术大学,exact_unique_label_only,https://www.wikidata.org/entity/Q11152120,https://www.zbvc.edu.cn/,2002,2026-10-01,https://query.wikidata.org/sparql
4137012818,滨州职业技术大学,exact_unique_label_only,https://www.wikidata.org/entity/Q112676684,https://www.bzpt.edu.cn/,,2026-10-01,https://query.wikidata.org/sparql
4137012062,日照职业技术大学,exact_unique_label_only,https://www.wikidata.org/entity/Q7339099,https://www.rzpt.cn/,,2026-10-01,https://query.wikidata.org/sparql
4137010832,山东商业职业技术大学,exact_unique_label_only,https://www.wikidata.org/entity/Q52851995,http://www.sict.edu.cn/,1999,2026-10-01,https://query.wikidata.org/sparql
4137014979,临沂工学院,exact_unique_label_only,https://www.wikidata.org/entity/Q139895063,,2026,2026-10-01,https://query.wikidata.org/sparql
4137012819,山东科技职业大学,exact_unique_label_only,https://www.wikidata.org/entity/Q48728480,https://www.sdvcst.edu.cn/,1978,2026-10-01,https://query.wikidata.org/sparql
4141010078,华北水利水电大学,exact_unique_classed,https://www.wikidata.org/entity/Q10905490,http://www.ncwu.edu.cn/,1951,2026-10-01,https://query.wikidata.org/sparql
4141010459,郑州大学,exact_unique_classed,https://www.wikidata.org/entity/Q649895,http://www.zzu.edu.cn,1956,2026-10-01,https://query.wikidata.org/sparql
4141010460,河南理工大学,exact_unique_classed,https://www.wikidata.org/entity/Q6764493,http://www.hpu.edu.cn/|http://www2.hpu.edu.cn/en/,1909,2026-10-01,https://query.wikidata.org/sparql
4141010462,郑州轻工业大学,exact_unique_classed,https://www.wikidata.org/entity/Q8070785,http://www.zzuli.edu.cn,1977,2026-10-01,https://query.wikidata.org/sparql
4141010463,河南工业大学,exact_unique_classed,https://www.wikidata.org/entity/Q5712991,http://www.haut.edu.cn/,1956,2026-10-01,https://query.wikidata.org/sparql
4141010464,河南科技大学,exact_unique_classed,https://www.wikidata.org/entity/Q5712994,https://www.haust.edu.cn/,1952,2026-10-01,https://query.wikidata.org/sparql
4141010465,中原工学院,exact_unique_classed,https://www.wikidata.org/entity/Q8070992,http://depart.zzti.edu.cn/english/,1955,2026-10-01,https://query.wikidata.org/sparql
4141010466,河南农业大学,exact_unique_classed,https://www.wikidata.org/entity/Q3429296,http://www.henau.edu.cn/,1913,2026-10-01,https://query.wikidata.org/sparql
4141010467,河南科技学院,exact_unique_classed,https://www.wikidata.org/entity/Q11141690,http://www.hist.edu.cn,,2026-10-01,https://query.wikidata.org/sparql
4141010469,河南牧业经济学院,no_exact_match,,,,2026-10-01,https://query.wikidata.org/sparql
4141010471,河南中医药大学,exact_unique_classed,https://www.wikidata.org/entity/Q5713005,http://www.hactcm.edu.cn,1958,2026-10-01,https://query.wikidata.org/sparql
4141010472,河南医药大学,exact_unique_classed,https://www.wikidata.org/entity/Q8044666,https://www.xxmu.edu.cn/,1922,2026-10-01,https://query.wikidata.org/sparql
4141010475,河南大学,exact_unique_classed,https://www.wikidata.org/entity/Q391150,http://www.henu.edu.cn,1912,2026-10-01,https://query.wikidata.org/sparql
4141010476,河南师范大学,exact_unique_classed,https://www.wikidata.org/entity/Q11141537,http://www.henannu.edu.cn/|http://www.htu.cn,1923,2026-10-01,https://query.wikidata.org/sparql
4141010477,信阳师范大学,exact_unique_classed,https://www.wikidata.org/entity/Q3896624,https://www.xynu.edu.cn/,1975,2026-10-01,https://query.wikidata.org/sparql
4141010478,周口师范学院,exact_unique_label_only,https://www.wikidata.org/entity/Q10920238,http://cms.zknu.edu.cn/s/65/main.jspy|http://www.zknu.edu.cn/,1973,2026-10-01,https://query.wikidata.org/sparql
4141010479,安阳师范学院,exact_unique_classed,https://www.wikidata.org/entity/Q10947285,http://www.aynu.edu.cn,1908,2026-10-01,https://query.wikidata.org/sparql
4141010480,许昌学院,exact_unique_classed,https://www.wikidata.org/entity/Q15953966,http://www.xcu.edu.cn/,1959,2026-10-01,https://query.wikidata.org/sparql
4141010481,南阳师范学院,exact_unique_label_only,https://www.wikidata.org/entity/Q10909219,http://www.nynu.edu.cn/,1907,2026-10-01,https://query.wikidata.org/sparql
4141010482,洛阳师范学院,exact_unique_label_only,https://www.wikidata.org/entity/Q22101003,https://www.lynu.edu.cn,,2026-10-01,https://query.wikidata.org/sparql
4141010483,商丘师范学院,exact_unique_classed,https://www.wikidata.org/entity/Q7488566,https://www.sqnu.edu.cn/,2000,2026-10-01,https://query.wikidata.org/sparql
4141010484,河南财经政法大学,exact_unique_classed,https://www.wikidata.org/entity/Q27963411,https://www.huel.edu.cn/,1983,2026-10-01,https://query.wikidata.org/sparql
4141010485,郑州航空工业管理学院,exact_unique_label_only,https://www.wikidata.org/entity/Q15910315,http://english.zua.edu.cn/|http://www.zua.edu.cn/,1949,2026-10-01,https://query.wikidata.org/sparql
4141010918,黄淮学院,exact_unique_label_only,https://www.wikidata.org/entity/Q11177952,http://www.huanghuai.edu.cn/|http://www.ihuanghuai.com/,1972,2026-10-01,https://query.wikidata.org/sparql
4141010919,平顶山学院,exact_unique_classed,https://www.wikidata.org/entity/Q7195772,http://www.pdsu.edu.cn/pdsu/en/en.html,1977,2026-10-01,https://query.wikidata.org/sparql
4141011068,郑州工程技术学院,exact_unique_label_only,https://www.wikidata.org/entity/Q10875462,https://english.zzut.edu.cn/|https://www.zzut.edu.cn/,1980,2026-10-01,https://query.wikidata.org/sparql
4141011070,洛阳理工学院,exact_unique_label_only,https://www.wikidata.org/entity/Q11146224,https://www.lit.edu.cn/,,2026-10-01,https://query.wikidata.org/sparql
4141011071,新乡学院,exact_unique_label_only,https://www.wikidata.org/entity/Q11081028,http://www.xxu.edu.cn/,1949|2007,2026-10-01,https://query.wikidata.org/sparql
4141011326,信阳农林学院,exact_unique_classed,https://www.wikidata.org/entity/Q3896631,http://www.xyac.edu.cn/,1901|1910,2026-10-01,https://query.wikidata.org/sparql
4141011329,河南工学院,exact_unique_classed,https://www.wikidata.org/entity/Q30941599,http://www.hait.edu.cn/,,2026-10-01,https://query.wikidata.org/sparql
4141011330,安阳工学院,exact_unique_classed,https://www.wikidata.org/entity/Q10947284,http://www.ayit.edu.cn/,1983,2026-10-01,https://query.wikidata.org/sparql
4141011517,河南工程学院,exact_unique_label_only,https://www.wikidata.org/entity/Q15943892,http://www.haue.edu.cn,,2026-10-01,https://query.wikidata.org/sparql
4141011652,河南财政金融学院,exact_unique_label_only,https://www.wikidata.org/entity/Q22100894,http://www.hacz.edu.cn/,2016,2026-10-01,https://query.wikidata.org/sparql
4141011653,南阳理工学院,exact_unique_label_only,https://www.wikidata.org/entity/Q10909227,https://www.nyist.edu.cn,1987,2026-10-01,https://query.wikidata.org/sparql
4141011765,河南城建学院,exact_unique_label_only,https://www.wikidata.org/entity/Q11141507,http://www.hncj.edu.cn/,1983,2026-10-01,https://query.wikidata.org/sparql
4141011788,河南警察学院,exact_unique_classed,https://www.wikidata.org/entity/Q11141717,http://www.hngazk.edu.cn/,1949,2026-10-01,https://query.wikidata.org/sparql
4141011834,黄河科技学院,exact_unique_label_only,https://www.wikidata.org/entity/Q5925930,http://www.hhstu.edu.cn/,1984,2026-10-01,https://query.wikidata.org/sparql
4141012735,郑州警察学院,exact_unique_classed,https://www.wikidata.org/entity/Q15914809,http://www.rpc.edu.cn/,1950,2026-10-01,https://query.wikidata.org/sparql
4141012746,郑州科技学院,exact_unique_label_only,https://www.wikidata.org/entity/Q15941250,https://www.zit.edu.cn/,1988,2026-10-01,https://query.wikidata.org/sparql
4141012747,郑州工业应用技术学院,exact_unique_label_only,https://www.wikidata.org/entity/Q112676743,,,2026-10-01,https://query.wikidata.org/sparql
4141012949,郑州师范学院,exact_unique_classed,https://www.wikidata.org/entity/Q28414145,http://www.zztc.com.cn/,1949|2010,2026-10-01,https://query.wikidata.org/sparql
4141013497,郑州财经学院,exact_unique_label_only,https://www.wikidata.org/entity/Q112676744,,,2026-10-01,https://query.wikidata.org/sparql
4141013498,黄河交通学院,exact_unique_label_only,https://www.wikidata.org/entity/Q17163744,http://www.zjtu.edu.cn,,2026-10-01,https://query.wikidata.org/sparql
4141013500,商丘工学院,exact_unique_label_only,https://www.wikidata.org/entity/Q97164567,,,2026-10-01,https://query.wikidata.org/sparql
4141013501,河南开封科技传媒学院,exact_unique_label_only,https://www.wikidata.org/entity/Q22100865,https://www.humc.edu.cn/,,2026-10-01,https://query.wikidata.org/sparql
4141013502,中原科技学院,exact_unique_label_only,https://www.wikidata.org/entity/Q18654212,https://www.zykj.edu.cn/,2003,2026-10-01,https://query.wikidata.org/sparql
4141013503,信阳学院,exact_unique_label_only,https://www.wikidata.org/entity/Q112676747,,,2026-10-01,https://query.wikidata.org/sparql
4141013504,安阳学院,exact_unique_label_only,https://www.wikidata.org/entity/Q112676748,,,2026-10-01,https://query.wikidata.org/sparql
4141013505,豫北医学院,exact_unique_label_only,https://www.wikidata.org/entity/Q21405573,,2003,2026-10-01,https://query.wikidata.org/sparql
4141013506,新乡工程学院,exact_unique_label_only,https://www.wikidata.org/entity/Q112676749,http://www.haxk.edu.cn/,,2026-10-01,https://query.wikidata.org/sparql
4141013507,郑州工商学院,exact_unique_label_only,https://www.wikidata.org/entity/Q112676751,,,2026-10-01,https://query.wikidata.org/sparql
4141013508,郑州经贸学院,exact_unique_label_only,https://www.wikidata.org/entity/Q28410479,https://www.zueb.edu.cn/,2003,2026-10-01,https://query.wikidata.org/sparql
4141014003,商丘学院,exact_unique_label_only,https://www.wikidata.org/entity/Q28409012,http://www.squ.net.cn/,2002,2026-10-01,https://query.wikidata.org/sparql
4141014040,郑州商学院,exact_unique_label_only,https://www.wikidata.org/entity/Q15932870,http://www.chenggong.edu.cn/|http://www.zbu.edu.cn/,2005,2026-10-01,https://query.wikidata.org/sparql
4141014169,河南科技职业大学,exact_unique_label_only,https://www.wikidata.org/entity/Q112676753,https://www.havust.edu.cn/,,2026-10-01,https://query.wikidata.org/sparql
4141014333,郑州升达经贸管理学院,exact_unique_classed,https://www.wikidata.org/entity/Q7494261,http://www.shengda.edu.cn/|https://www.shengda.edu.cn/en/,1993|1994,2026-10-01,https://query.wikidata.org/sparql
4141014654,郑州西亚斯学院,exact_unique_classed,https://www.wikidata.org/entity/Q7390268,http://www.sias.edu.cn,1998,2026-10-01,https://query.wikidata.org/sparql
4141014831,郑州美术学院,exact_unique_label_only,https://www.wikidata.org/entity/Q119840716,,,2026-10-01,https://query.wikidata.org/sparql
4141014233,漯河食品工程职业大学,exact_unique_label_only,https://www.wikidata.org/entity/Q67936924,https://www.lsgx.com.cn/,,2026-10-01,https://query.wikidata.org/sparql
4141014879,河南体育学院,exact_unique_classed,https://www.wikidata.org/entity/Q126389764,https://www.peczzu.edu.cn/,2024,2026-10-01,https://query.wikidata.org/sparql
4141012948,郑州健康学院,exact_unique_label_only,https://www.wikidata.org/entity/Q112676764,https://www.zzsqmc.edu.cn/,,2026-10-01,https://query.wikidata.org/sparql
4141012058,黄河水利职业技术大学,exact_unique_label_only,https://www.wikidata.org/entity/Q48885733,http://www.yrcti.edu.cn/,1929,2026-10-01,https://query.wikidata.org/sparql
4141012794,河南工业职业技术大学,exact_unique_label_only,https://www.wikidata.org/entity/Q112676763,,,2026-10-01,https://query.wikidata.org/sparql
4141014949,河南信息科技学院,exact_unique_label_only,https://www.wikidata.org/entity/Q138818583,,2015,2026-10-01,https://query.wikidata.org/sparql
4141014982,河南应用工程学院,exact_unique_label_only,https://www.wikidata.org/entity/Q141248688,,2026,2026-10-01,https://query.wikidata.org/sparql
4141014981,河南国医学院,exact_unique_label_only,https://www.wikidata.org/entity/Q10909229,https://www.hcccm.edu.cn/,1985,2026-10-01,https://query.wikidata.org/sparql
4141010843,郑州铁路职业技术大学,exact_unique_label_only,https://www.wikidata.org/entity/Q77082373,http://www.zzrvtc.edu.cn/,1951,2026-10-01,https://query.wikidata.org/sparql
4141014980,河南能源化工学院,exact_unique_label_only,https://www.wikidata.org/entity/Q139905510,,,2026-10-01,https://query.wikidata.org/sparql
4142010486,武汉大学,exact_unique_classed,https://www.wikidata.org/entity/Q1108197,http://www.whu.edu.cn|https://en.whu.edu.cn/,1926|2000,2026-10-01,https://query.wikidata.org/sparql
4142010487,华中科技大学,exact_unique_classed,https://www.wikidata.org/entity/Q1711196,http://www.hust.edu.cn,1953,2026-10-01,https://query.wikidata.org/sparql
4142010488,武汉科技大学,exact_unique_classed,https://www.wikidata.org/entity/Q6123855,http://www.wust.edu.cn,1898,2026-10-01,https://query.wikidata.org/sparql
4142010489,长江大学,exact_unique_classed,https://www.wikidata.org/entity/Q13527910,https://www.yangtzeu.edu.cn/,2003,2026-10-01,https://query.wikidata.org/sparql
4142010490,武汉工程大学,exact_unique_classed,https://www.wikidata.org/entity/Q5969811,http://fao.wit.edu.cn/mutillanguages/fr1.html,1972,2026-10-01,https://query.wikidata.org/sparql
4142010491,中国地质大学(武汉),no_exact_match,,,,2026-10-01,https://query.wikidata.org/sparql
4142010495,武汉纺织大学,exact_unique_classed,https://www.wikidata.org/entity/Q11124722,http://www.wtu.edu.cn/,1958,2026-10-01,https://query.wikidata.org/sparql
4142010496,武汉轻工大学,exact_unique_classed,https://www.wikidata.org/entity/Q3615960,http://www.whpu.edu.cn,1951,2026-10-01,https://query.wikidata.org/sparql
4142010497,武汉理工大学,exact_unique_classed,https://www.wikidata.org/entity/Q832355,http://www.whut.edu.cn,2000,2026-10-01,https://query.wikidata.org/sparql
4142010500,湖北工业大学,exact_unique_classed,https://www.wikidata.org/entity/Q5927048,http://www.hbut.edu.cn/,1952,2026-10-01,https://query.wikidata.org/sparql
4142010504,华中农业大学,exact_unique_classed,https://www.wikidata.org/entity/Q3429270,http://www.hzau.edu.cn/,1898,2026-10-01,https://query.wikidata.org/sparql
4142010507,湖北中医药大学,exact_unique_classed,https://www.wikidata.org/entity/Q5927051,http://www.hbtcm.edu.cn,1958,2026-10-01,https://query.wikidata.org/sparql
4142010511,华中师范大学,exact_unique_classed,https://www.wikidata.org/entity/Q1397589,https://www.ccnu.edu.cn/,1903,2026-10-01,https://query.wikidata.org/sparql
4142010512,湖北大学,exact_unique_classed,https://www.wikidata.org/entity/Q1022929,http://www.hubu.edu.cn/,1931,2026-10-01,https://query.wikidata.org/sparql
4142010513,湖北师范大学,exact_unique_label_only,https://www.wikidata.org/entity/Q15904883,http://www.hbnu.edu.cn/en/,1973,2026-10-01,https://query.wikidata.org/sparql
4142010514,黄冈师范学院,exact_unique_classed,https://www.wikidata.org/entity/Q11177091,http://www.hgnc.net/,1905,2026-10-01,https://query.wikidata.org/sparql
4142010517,湖北民族大学,exact_unique_label_only,https://www.wikidata.org/entity/Q112676842,,,2026-10-01,https://query.wikidata.org/sparql
4142010518,汉江师范学院,exact_unique_label_only,https://www.wikidata.org/entity/Q48975826,http://www.hjnu.edu.cn/,,2026-10-01,https://query.wikidata.org/sparql
4142010519,湖北文理学院,exact_unique_label_only,https://www.wikidata.org/entity/Q15928983,http://www.hbuas.edu.cn/,1958,2026-10-01,https://query.wikidata.org/sparql
4142010520,中南财经政法大学,exact_unique_classed,https://www.wikidata.org/entity/Q8070947,http://www.znufe.edu.cn,1948,2026-10-01,https://query.wikidata.org/sparql
4142010522,武汉体育学院,exact_unique_classed,https://www.wikidata.org/entity/Q8039083,http://www.whsu.edu.cn|http://www.wipe.edu.cn,1953,2026-10-01,https://query.wikidata.org/sparql
4142010523,湖北美术学院,exact_unique_classed,https://www.wikidata.org/entity/Q1351114,http://www.hifa.edu.cn,1920,2026-10-01,https://query.wikidata.org/sparql
4142010524,中南民族大学,exact_unique_classed,https://www.wikidata.org/entity/Q7566777,http://www.scuec.edu.cn,1951,2026-10-01,https://query.wikidata.org/sparql
4142010525,湖北汽车工业学院,exact_unique_label_only,https://www.wikidata.org/entity/Q15920030,http://en.huat.edu.cn/|http://www.huat.edu.cn/,1972,2026-10-01,https://query.wikidata.org/sparql
4142010528,湖北工程学院,exact_unique_label_only,https://www.wikidata.org/entity/Q15908684,http://www.hbeu.cn/,1943,2026-10-01,https://query.wikidata.org/sparql
4142010920,湖北理工学院,exact_unique_label_only,https://www.wikidata.org/entity/Q17030711,http://www.hbpu.edu.cn/aboutus.asp?title=%D3%A2%CE%C4%BC%F2%BD%E9|http://www.hbpu.edu.cn/index.asp,1975,2026-10-01,https://query.wikidata.org/sparql
4142010927,湖北科技学院,exact_unique_classed,https://www.wikidata.org/entity/Q17030781,https://www.hbust.edu.cn/,1965,2026-10-01,https://query.wikidata.org/sparql
4142010929,湖北医药学院,exact_unique_classed,https://www.wikidata.org/entity/Q18654088,http://www.hbmu.edu.cn/,1965,2026-10-01,https://query.wikidata.org/sparql
4142011072,江汉大学,exact_unique_classed,https://www.wikidata.org/entity/Q6191643,http://www.jhun.edu.cn/,1978,2026-10-01,https://query.wikidata.org/sparql
4142011075,三峡大学,exact_unique_classed,https://www.wikidata.org/entity/Q3431706,http://www.ctgu.edu.cn,1946,2026-10-01,https://query.wikidata.org/sparql
4142011332,湖北警官学院,exact_unique_label_only,https://www.wikidata.org/entity/Q15956516,,1949,2026-10-01,https://query.wikidata.org/sparql
4142011336,荆楚理工学院,exact_unique_label_only,https://www.wikidata.org/entity/Q17066658,http://www.jcut.edu.cn/,1984,2026-10-01,https://query.wikidata.org/sparql
4142011524,武汉音乐学院,exact_unique_label_only,https://www.wikidata.org/entity/Q8039077,http://www.whcm.edu.cn,1965,2026-10-01,https://query.wikidata.org/sparql
4142011600,湖北经济学院,exact_unique_classed,https://www.wikidata.org/entity/Q15903527,http://www.hbue.edu.cn,2002,2026-10-01,https://query.wikidata.org/sparql
4142011654,武汉商学院,exact_unique_label_only,https://www.wikidata.org/entity/Q11124490,http://www.wbu.edu.cn,2013,2026-10-01,https://query.wikidata.org/sparql
4142011798,武汉东湖学院,exact_unique_label_only,https://www.wikidata.org/entity/Q11124426,http://www.wdu.edu.cn/,2000,2026-10-01,https://query.wikidata.org/sparql
4142011800,汉口学院,exact_unique_classed,https://www.wikidata.org/entity/Q11133148,http://www.hkxy.edu.cn/,2000,2026-10-01,https://query.wikidata.org/sparql
4142012309,武昌首义学院,exact_unique_classed,https://www.wikidata.org/entity/Q10905381,http://www.wsyu.edu.cn/,2000,2026-10-01,https://query.wikidata.org/sparql
4142012310,武昌理工学院,exact_unique_label_only,https://www.wikidata.org/entity/Q11124339,http://www.wut.edu.cn/,1997,2026-10-01,https://query.wikidata.org/sparql
4142012362,武汉生物工程学院,exact_unique_label_only,https://www.wikidata.org/entity/Q11124711,http://www.whsw.net/,1993,2026-10-01,https://query.wikidata.org/sparql
4142013188,武汉晴川学院,exact_unique_label_only,https://www.wikidata.org/entity/Q112676843,,,2026-10-01,https://query.wikidata.org/sparql
4142013234,湖北大学知行学院,exact_unique_label_only,https://www.wikidata.org/entity/Q112676844,,,2026-10-01,https://query.wikidata.org/sparql
4142013235,武汉城市学院,exact_unique_label_only,https://www.wikidata.org/entity/Q112676845,http://www.wic.edu.cn/,,2026-10-01,https://query.wikidata.org/sparql
4142013236,三峡大学科技学院,exact_unique_label_only,https://www.wikidata.org/entity/Q112676846,,,2026-10-01,https://query.wikidata.org/sparql
4142013237,武汉文理学院,exact_unique_label_only,https://www.wikidata.org/entity/Q11134641,https://www.whwl.edu.cn/,2002,2026-10-01,https://query.wikidata.org/sparql
4142013238,湖北工业大学工程技术学院,exact_unique_label_only,https://www.wikidata.org/entity/Q112676848,,,2026-10-01,https://query.wikidata.org/sparql
4142013239,武汉工程大学邮电与信息工程学院,exact_unique_label_only,https://www.wikidata.org/entity/Q112676849,,,2026-10-01,https://query.wikidata.org/sparql
4142013240,武汉纺织大学外经贸学院,exact_unique_label_only,https://www.wikidata.org/entity/Q112676850,,,2026-10-01,https://query.wikidata.org/sparql
4142013241,武昌工学院,exact_unique_label_only,https://www.wikidata.org/entity/Q11124312,https://www.wpuic.net.cn/,2002,2026-10-01,https://query.wikidata.org/sparql
4142013242,武汉工商学院,exact_unique_label_only,https://www.wikidata.org/entity/Q11124750,http://www.wtbu.edu.cn/Engcjgs|http://www.wybu.cn/,2002,2026-10-01,https://query.wikidata.org/sparql
4142013245,荆州学院,exact_unique_label_only,https://www.wikidata.org/entity/Q112676853,https://www.jzun.edu.cn/,,2026-10-01,https://query.wikidata.org/sparql
4142013246,长江大学文理学院,exact_unique_label_only,https://www.wikidata.org/entity/Q112676854,https://wlxy.yangtzeu.edu.cn/,2004,2026-10-01,https://query.wikidata.org/sparql
4142013247,湖北商贸学院,exact_unique_label_only,https://www.wikidata.org/entity/Q19853066,http://www.hugsmxy.com/,2003,2026-10-01,https://query.wikidata.org/sparql
4142013248,湖北汽车工业学院科技学院,exact_unique_label_only,https://www.wikidata.org/entity/Q112676855,,,2026-10-01,https://query.wikidata.org/sparql
4142013249,湖北医药学院药护学院,exact_unique_label_only,https://www.wikidata.org/entity/Q112676856,,,2026-10-01,https://query.wikidata.org/sparql
4142013250,湖北恩施学院,exact_unique_label_only,https://www.wikidata.org/entity/Q17030699,https://www.hbesxy.edu.cn/,2003,2026-10-01,https://query.wikidata.org/sparql
4142013251,湖北经济学院法商学院,exact_unique_label_only,https://www.wikidata.org/entity/Q112676858,,,2026-10-01,https://query.wikidata.org/sparql
4142013253,武汉体育学院体育科技学院,exact_unique_label_only,https://www.wikidata.org/entity/Q11124450,https://kjxy.whsu.edu.cn/,2003,2026-10-01,https://query.wikidata.org/sparql
4142013256,湖北师范大学文理学院,exact_unique_label_only,https://www.wikidata.org/entity/Q112676859,,,2026-10-01,https://query.wikidata.org/sparql
4142013257,湖北文理学院理工学院,exact_unique_label_only,https://www.wikidata.org/entity/Q15913953,,,2026-10-01,https://query.wikidata.org/sparql
4142013258,湖北工程学院新技术学院,exact_unique_label_only,https://www.wikidata.org/entity/Q112676861,,,2026-10-01,https://query.wikidata.org/sparql
4142013262,文华学院,exact_ambiguous,https://www.wikidata.org/entity/Q10905382|https://www.wikidata.org/entity/Q117437742,http://www.hustwenhua.net/,2003,2026-10-01,https://query.wikidata.org/sparql
4142013634,武汉学院,exact_unique_label_only,https://www.wikidata.org/entity/Q19852923,https://www.whxy.edu.cn/,2003,2026-10-01,https://query.wikidata.org/sparql
4142013664,武汉工程科技学院,exact_unique_label_only,https://www.wikidata.org/entity/Q10873511,https://www.wuhues.com/,,2026-10-01,https://query.wikidata.org/sparql
4142013666,武汉华夏理工学院,exact_unique_label_only,https://www.wikidata.org/entity/Q28415724,http://www.1957.cn/,2003,2026-10-01,https://query.wikidata.org/sparql
4142013686,武汉传媒学院,exact_unique_label_only,https://www.wikidata.org/entity/Q10905362,http://www.whmc.edu.cn/,2004,2026-10-01,https://query.wikidata.org/sparql
4142014035,武汉设计工程学院,exact_unique_label_only,https://www.wikidata.org/entity/Q10905354,https://www.wids.edu.cn/,2006,2026-10-01,https://query.wikidata.org/sparql
4142014099,湖北第二师范学院,exact_unique_label_only,https://www.wikidata.org/entity/Q15935782,http://www.hue.edu.cn,1931,2026-10-01,https://query.wikidata.org/sparql
4142010834,武汉职业技术大学,exact_unique_label_only,https://www.wikidata.org/entity/Q112676864,https://www.wtc.edu.cn/,,2026-10-01,https://query.wikidata.org/sparql
4142014899,湖北三峡航空学院,exact_unique_label_only,https://www.wikidata.org/entity/Q133447842,https://www.tgai.edu.cn/,2025,2026-10-01,https://query.wikidata.org/sparql
4142010955,黄冈职业技术大学,exact_unique_label_only,https://www.wikidata.org/entity/Q112676865,https://www.hgpu.edu.cn/,,2026-10-01,https://query.wikidata.org/sparql
4142012354,襄阳职业技术大学,exact_unique_label_only,https://www.wikidata.org/entity/Q112676872,http://www.hbxytc.com/,2000,2026-10-01,https://query.wikidata.org/sparql
4142014950,网络空间安全学院,exact_unique_label_only,https://www.wikidata.org/entity/Q138773298,https://www.csuc.edu.cn,2026,2026-10-01,https://query.wikidata.org/sparql
4142012979,湖北三峡职业技术大学,exact_unique_label_only,https://www.wikidata.org/entity/Q28410426,https://www.tgc.edu.cn/,2002,2026-10-01,https://query.wikidata.org/sparql
4143010530,湘潭大学,exact_unique_classed,https://www.wikidata.org/entity/Q8044183,https://www.xtu.edu.cn/,1958,2026-10-01,https://query.wikidata.org/sparql
4143010531,吉首大学,exact_unique_classed,https://www.wikidata.org/entity/Q10917451,http://www.jsu.edu.cn/,1958,2026-10-01,https://query.wikidata.org/sparql
4143010532,湖南大学,exact_unique_classed,https://www.wikidata.org/entity/Q649868,https://www.hnu.edu.cn,0976|1903,2026-10-01,https://query.wikidata.org/sparql
4143010533,中南大学,exact_unique_classed,https://www.wikidata.org/entity/Q5061828,http://www.csu.edu.cn/,2000,2026-10-01,https://query.wikidata.org/sparql
4143010534,湖南科技大学,exact_unique_classed,https://www.wikidata.org/entity/Q5942041,http://www.hnust.edu.cn/,2003,2026-10-01,https://query.wikidata.org/sparql
4143010536,长沙理工大学,exact_unique_classed,https://www.wikidata.org/entity/Q5072117,http://www.csust.edu.cn/,1956,2026-10-01,https://query.wikidata.org/sparql
4143010537,湖南农业大学,exact_unique_classed,https://www.wikidata.org/entity/Q5941995,http://www.hunau.edu.cn/,1951,2026-10-01,https://query.wikidata.org/sparql
4143010538,中南林业科技大学,exact_unique_classed,https://www.wikidata.org/entity/Q10872553,https://english.csuft.edu.cn/,1958,2026-10-01,https://query.wikidata.org/sparql
4143010541,湖南中医药大学,exact_unique_classed,https://www.wikidata.org/entity/Q5942049,http://www.hnctcm.edu.cn/,1934,2026-10-01,https://query.wikidata.org/sparql
4143010542,湖南师范大学,exact_unique_classed,https://www.wikidata.org/entity/Q5942027,http://www.hunnu.edu.cn/,1938,2026-10-01,https://query.wikidata.org/sparql
4143010543,湖南理工大学,exact_unique_classed,https://www.wikidata.org/entity/Q5942002,https://www.hnist.edu.cn/,1903|2004,2026-10-01,https://query.wikidata.org/sparql
4143010545,湘南学院,no_exact_match,,,,2026-10-01,https://query.wikidata.org/sparql
4143010546,衡阳师范学院,exact_unique_classed,https://www.wikidata.org/entity/Q15953222,http://www.hynu.edu.cn/index.jsp,1904,2026-10-01,https://query.wikidata.org/sparql
4143010547,邵阳学院,no_exact_match,,,,2026-10-01,https://query.wikidata.org/sparql
4143010548,怀化学院,exact_unique_classed,https://www.wikidata.org/entity/Q11074301,https://www.hhtc.edu.cn/,1958,2026-10-01,https://query.wikidata.org/sparql
4143010549,湖南文理学院,no_exact_match,,,,2026-10-01,https://query.wikidata.org/sparql
4143010551,湖南科技学院,exact_unique_classed,https://www.wikidata.org/entity/Q15956328,https://www.huse.edu.cn/,1941,2026-10-01,https://query.wikidata.org/sparql
4143010553,湖南人文科技学院,exact_unique_classed,https://www.wikidata.org/entity/Q5942044,http://www.hnrku.net.cn/default.aspx,1978,2026-10-01,https://query.wikidata.org/sparql
4143010554,湖南工商大学,exact_unique_classed,https://www.wikidata.org/entity/Q11174571,http://www.hnuc.edu.cn/index.html,1949,2026-10-01,https://query.wikidata.org/sparql
4143010555,南华大学,exact_unique_classed,https://www.wikidata.org/entity/Q7896327,http://www.usc.edu.cn/,2000,2026-10-01,https://query.wikidata.org/sparql
4143010823,长沙医学院,exact_unique_label_only,https://www.wikidata.org/entity/Q5072113,http://www.csmu.edu.cn/index.asp,1989,2026-10-01,https://query.wikidata.org/sparql
4143011077,长沙学院,exact_unique_classed,https://www.wikidata.org/entity/Q5072115,http://www.ccsu.cn/structure/index.htm,1970|1994,2026-10-01,https://query.wikidata.org/sparql
4143011342,湖南工程学院,exact_unique_classed,https://www.wikidata.org/entity/Q5942010,http://www.hnie.edu.cn/web/guest/home,1951,2026-10-01,https://query.wikidata.org/sparql
4143011527,湖南城市学院,no_exact_match,,,,2026-10-01,https://query.wikidata.org/sparql
4143011528,湖南工学院,exact_unique_label_only,https://www.wikidata.org/entity/Q15961342,http://www.hnit.edu.cn,1975,2026-10-01,https://query.wikidata.org/sparql
4143011532,湖南财政经济学院,exact_unique_label_only,https://www.wikidata.org/entity/Q15963289,http://www.hnczzk.com/index.aspx|http://www.hufe.edu.cn/,1933,2026-10-01,https://query.wikidata.org/sparql
4143011534,湖南警察学院,exact_unique_label_only,https://www.wikidata.org/entity/Q15934439,http://www.hnpolice.com/,1949,2026-10-01,https://query.wikidata.org/sparql
4143011535,湖南工业大学,exact_unique_classed,https://www.wikidata.org/entity/Q15910651,http://www.hut.edu.cn/cn/,1979,2026-10-01,https://query.wikidata.org/sparql
4143011538,湖南女子学院,exact_unique_classed,https://www.wikidata.org/entity/Q15965526,http://www.hnnd.com.cn/english/,1985,2026-10-01,https://query.wikidata.org/sparql
4143012034,湖南第一师范学院,exact_unique_label_only,https://www.wikidata.org/entity/Q4126742,http://www.hnfnu.edu.cn,1161|1903,2026-10-01,https://query.wikidata.org/sparql
4143012214,湖南医药学院,exact_unique_label_only,https://www.wikidata.org/entity/Q11072446,http://www.hnmu.com.cn/,1924,2026-10-01,https://query.wikidata.org/sparql
4143012303,湖南涉外经济学院,exact_unique_classed,https://www.wikidata.org/entity/Q15915004,http://www.hieu.edu.cn/,1997,2026-10-01,https://query.wikidata.org/sparql
4143012599,湘潭大学兴湘学院,exact_unique_label_only,https://www.wikidata.org/entity/Q15936444,http://xxxy.xtu.edu.cn/,2001,2026-10-01,https://query.wikidata.org/sparql
4143012604,湖南工业大学科技学院,exact_unique_label_only,https://www.wikidata.org/entity/Q112676924,http://kjxy.hut.edu.cn/,2001,2026-10-01,https://query.wikidata.org/sparql
4143012649,湖南科技大学潇湘学院,exact_unique_label_only,https://www.wikidata.org/entity/Q15929803,,2001,2026-10-01,https://query.wikidata.org/sparql
4143012650,南华大学船山学院,exact_unique_label_only,https://www.wikidata.org/entity/Q10907069,,2001,2026-10-01,https://query.wikidata.org/sparql
4143012651,湘潭理工学院,exact_unique_label_only,https://www.wikidata.org/entity/Q112676926,http://www.xtit.edu.cn/,2001,2026-10-01,https://query.wikidata.org/sparql
4143012652,长沙工业学院,exact_unique_label_only,https://www.wikidata.org/entity/Q15931261,https://www.hncsut.cn/,,2026-10-01,https://query.wikidata.org/sparql
4143012653,湖南农业大学东方科技学院,exact_unique_label_only,https://www.wikidata.org/entity/Q112676927,,,2026-10-01,https://query.wikidata.org/sparql
4143012656,中南林业科技大学涉外学院,exact_unique_label_only,https://www.wikidata.org/entity/Q112676928,,,2026-10-01,https://query.wikidata.org/sparql
4143012657,常德学院,exact_unique_label_only,https://www.wikidata.org/entity/Q15932927,,2002,2026-10-01,https://query.wikidata.org/sparql
4143012658,岳阳学院,exact_unique_label_only,https://www.wikidata.org/entity/Q15936858,https://nh.hnist.cn/,2002,2026-10-01,https://query.wikidata.org/sparql
4143012659,衡阳师范学院南岳学院,exact_unique_label_only,https://www.wikidata.org/entity/Q15924301,http://nyxy.hynu.cn/,2002,2026-10-01,https://query.wikidata.org/sparql
4143012660,湖南工程学院应用技术学院,exact_unique_label_only,https://www.wikidata.org/entity/Q15927639,,2002,2026-10-01,https://query.wikidata.org/sparql
4143012661,湖南中医药大学湘杏学院,exact_unique_label_only,https://www.wikidata.org/entity/Q112676929,,,2026-10-01,https://query.wikidata.org/sparql
4143012662,张家界学院,exact_unique_label_only,https://www.wikidata.org/entity/Q10917452,https://zjj.jsu.edu.cn/p1/index.html,,2026-10-01,https://query.wikidata.org/sparql
4143013635,长沙理工大学城南学院,exact_unique_label_only,https://www.wikidata.org/entity/Q112676930,,,2026-10-01,https://query.wikidata.org/sparql
4143013806,长沙师范学院,exact_unique_label_only,https://www.wikidata.org/entity/Q15903750,http://www.cssf.cn/index.html,1912,2026-10-01,https://query.wikidata.org/sparql
4143013809,湖南应用技术学院,exact_unique_label_only,https://www.wikidata.org/entity/Q15927051,https://www.hatu.edu.cn/,,2026-10-01,https://query.wikidata.org/sparql
4143013836,湖南信息学院,exact_unique_label_only,https://www.wikidata.org/entity/Q15912153,http://www.hnuit.edu.cn,1997,2026-10-01,https://query.wikidata.org/sparql
4143013924,湖南交通工程学院,exact_unique_label_only,https://www.wikidata.org/entity/Q112676933,,,2026-10-01,https://query.wikidata.org/sparql
4143013925,湖南软件职业技术大学,exact_unique_label_only,https://www.wikidata.org/entity/Q15904557,http://www.hnsoftedu.com/,2001,2026-10-01,https://query.wikidata.org/sparql
4143013937,湖南汽车工程职业大学,no_exact_match,,,,2026-10-01,https://query.wikidata.org/sparql
4143014900,长沙科技学院,exact_unique_label_only,https://www.wikidata.org/entity/Q133514308,https://www.csuse.edu.cn/,2025,2026-10-01,https://query.wikidata.org/sparql
4143014983,长沙健康学院,exact_unique_label_only,https://www.wikidata.org/entity/Q139912838,,,2026-10-01,https://query.wikidata.org/sparql
4143013921,湖南工艺美术职业大学,exact_unique_label_only,https://www.wikidata.org/entity/Q15931976,http://www.hnmeida.com.cn/default.html,,2026-10-01,https://query.wikidata.org/sparql
4143013043,湖南化工职业技术大学,exact_unique_label_only,https://www.wikidata.org/entity/Q15916957,http://www.hnhgzy.com/,1958,2026-10-01,https://query.wikidata.org/sparql
4144010558,中山大学,exact_unique_classed,https://www.wikidata.org/entity/Q178972,http://www.sysu.edu.cn/,1924,2026-10-01,https://query.wikidata.org/sparql
4144010559,暨南大学,exact_unique_classed,https://www.wikidata.org/entity/Q2687517,http://www.jnu.edu.cn/|https://english.jnu.edu.cn/,1906,2026-10-01,https://query.wikidata.org/sparql
4144010560,汕头大学,exact_unique_classed,https://www.wikidata.org/entity/Q835075,http://www.stu.edu.cn,1981,2026-10-01,https://query.wikidata.org/sparql
4144010561,华南理工大学,exact_unique_classed,https://www.wikidata.org/entity/Q835366,http://www.scut.edu.cn/|https://www.scut.edu.cn/en/,1952,2026-10-01,https://query.wikidata.org/sparql
4144010564,华南农业大学,exact_unique_classed,https://www.wikidata.org/entity/Q7566809,https://english.scau.edu.cn/|https://www.scau.edu.cn/,1909,2026-10-01,https://query.wikidata.org/sparql
4144010566,广东海洋大学,exact_unique_classed,https://www.wikidata.org/entity/Q5613641,https://www.gdou.edu.cn,1997,2026-10-01,https://query.wikidata.org/sparql
4144010570,广州医科大学,exact_unique_classed,https://www.wikidata.org/entity/Q11062018,https://www.gzhmu.edu.cn/,1958,2026-10-01,https://query.wikidata.org/sparql
4144010571,广东医科大学,exact_unique_label_only,https://www.wikidata.org/entity/Q11061654,http://www.gdmu.edu.cn/,1958,2026-10-01,https://query.wikidata.org/sparql
4144010572,广州中医药大学,exact_unique_classed,https://www.wikidata.org/entity/Q4251253,http://www.gzucm.edu.cn,1956,2026-10-01,https://query.wikidata.org/sparql
4144010573,广东药科大学,exact_unique_classed,https://www.wikidata.org/entity/Q5613642,http://www.gdpu.edu.cn,1958,2026-10-01,https://query.wikidata.org/sparql
4144010574,华南师范大学,exact_unique_classed,https://www.wikidata.org/entity/Q3551815,http://www.scnu.edu.cn/,1933,2026-10-01,https://query.wikidata.org/sparql
4144010576,韶关学院,exact_unique_label_only,https://www.wikidata.org/entity/Q15903840,http://www.sgu.edu.cn/,1958,2026-10-01,https://query.wikidata.org/sparql
4144010577,惠州学院,exact_unique_classed,https://www.wikidata.org/entity/Q11073383,http://www.hzu.edu.cn/,1921,2026-10-01,https://query.wikidata.org/sparql
4144010578,韩山师范学院,exact_unique_label_only,https://www.wikidata.org/entity/Q15917857,http://www.hstc.edu.cn/2013/,1903,2026-10-01,https://query.wikidata.org/sparql
4144010579,岭南师范学院,exact_unique_classed,https://www.wikidata.org/entity/Q17024978,http://www.lingnan.edu.cn/,1991,2026-10-01,https://query.wikidata.org/sparql
4144010580,肇庆学院,exact_unique_classed,https://www.wikidata.org/entity/Q8070611,http://www.zqu.edu.cn/,1970,2026-10-01,https://query.wikidata.org/sparql
4144010582,嘉应学院,exact_unique_classed,https://www.wikidata.org/entity/Q6191964,http://www.jyu.edu.cn,1913,2026-10-01,https://query.wikidata.org/sparql
4144010585,广州体育学院,exact_unique_classed,https://www.wikidata.org/entity/Q5613743,https://www.gzsport.edu.cn/,,2026-10-01,https://query.wikidata.org/sparql
4144010586,广州美术学院,exact_unique_classed,https://www.wikidata.org/entity/Q5613717,http://www.gzarts.edu.cn/,1953,2026-10-01,https://query.wikidata.org/sparql
4144010587,星海音乐学院,exact_unique_label_only,https://www.wikidata.org/entity/Q8044545,https://www.xhcom.edu.cn,1932,2026-10-01,https://query.wikidata.org/sparql
4144010588,广东技术师范大学,exact_unique_classed,https://www.wikidata.org/entity/Q11061696,http://www.gdin.edu.cn,1957,2026-10-01,https://query.wikidata.org/sparql
4144010590,深圳大学,exact_unique_classed,https://www.wikidata.org/entity/Q1945756,https://www.szu.edu.cn,1983,2026-10-01,https://query.wikidata.org/sparql
4144010592,广东财经大学,exact_unique_classed,https://www.wikidata.org/entity/Q5613646,https://www.gdufe.edu.cn,1983,2026-10-01,https://query.wikidata.org/sparql
4144010822,广东白云学院,exact_unique_label_only,https://www.wikidata.org/entity/Q11061741,http://www.baiyunu.edu.cn/html/home/|http://www.bvtc.edu.cn/,1989,2026-10-01,https://query.wikidata.org/sparql
4144011078,广州大学,exact_unique_classed,https://www.wikidata.org/entity/Q5613747,http://www.gzhu.edu.cn,2000,2026-10-01,https://query.wikidata.org/sparql
4144011106,广州航海学院,exact_unique_classed,https://www.wikidata.org/entity/Q30262628,http://www.gzmtu.edu.cn/,1964,2026-10-01,https://query.wikidata.org/sparql
4144011110,广东警官学院,exact_unique_label_only,https://www.wikidata.org/entity/Q11061798,http://www.gdppla.edu.cn/default.html,,2026-10-01,https://query.wikidata.org/sparql
4144011347,仲恺农业工程学院,exact_unique_classed,https://www.wikidata.org/entity/Q10884585,http://www.zhku.edu.cn/,1927,2026-10-01,https://query.wikidata.org/sparql
4144011349,五邑大学,exact_unique_classed,https://www.wikidata.org/entity/Q10882234,https://www.wyu.edu.cn,1985,2026-10-01,https://query.wikidata.org/sparql
4144011540,广东金融学院,exact_unique_label_only,https://www.wikidata.org/entity/Q11061809,http://www.gduf.edu.cn/,1950,2026-10-01,https://query.wikidata.org/sparql
4144011545,电子科技大学中山学院,exact_unique_classed,https://www.wikidata.org/entity/Q15930295,http://www.zsc.edu.cn,1995,2026-10-01,https://query.wikidata.org/sparql
4144011656,广东石油化工学院,exact_unique_label_only,https://www.wikidata.org/entity/Q11061773,https://www.gdupt.edu.cn,1954,2026-10-01,https://query.wikidata.org/sparql
4144011819,东莞理工学院,exact_unique_classed,https://www.wikidata.org/entity/Q10870909,https://www.dgut.edu.cn,1992,2026-10-01,https://query.wikidata.org/sparql
4144011845,广东工业大学,exact_unique_classed,https://www.wikidata.org/entity/Q716822,https://www.gdut.edu.cn,1958,2026-10-01,https://query.wikidata.org/sparql
4144011846,广东外语外贸大学,exact_unique_classed,https://www.wikidata.org/entity/Q5613648,https://www.gdufs.edu.cn,1995,2026-10-01,https://query.wikidata.org/sparql
4144011847,佛山大学,exact_unique_classed,https://www.wikidata.org/entity/Q676139,https://www.fosu.edu.cn|https://www.fosu.edu.cn/english/,1995,2026-10-01,https://query.wikidata.org/sparql
4144012059,广东培正学院,exact_unique_label_only,https://www.wikidata.org/entity/Q17498859,https://www.peizheng.edu.cn/,1993,2026-10-01,https://query.wikidata.org/sparql
4144012121,南方医科大学,exact_unique_label_only,https://www.wikidata.org/entity/Q7570129,https://www.smu.edu.cn,1951,2026-10-01,https://query.wikidata.org/sparql
4144012574,广东东软学院,exact_unique_label_only,https://www.wikidata.org/entity/Q17499137,http://nig.ciss.org.cn/|https://www.nuit.edu.cn/,2002,2026-10-01,https://query.wikidata.org/sparql
4144012617,广州城市理工学院,exact_unique_label_only,https://www.wikidata.org/entity/Q94253468,https://www.gcu.edu.cn/|https://www.gcu.edu.cn/en/,2006,2026-10-01,https://query.wikidata.org/sparql
4144012618,广州软件学院,exact_unique_label_only,https://www.wikidata.org/entity/Q11062059,https://www.gzus.edu.cn/,2002,2026-10-01,https://query.wikidata.org/sparql
4144012619,广州南方学院,exact_unique_label_only,https://www.wikidata.org/entity/Q15907739,https://www.nfu.edu.cn/,2006,2026-10-01,https://query.wikidata.org/sparql
4144012620,广东外语外贸大学南国商学院,no_exact_match,,,,2026-10-01,https://query.wikidata.org/sparql
4144012621,广州华商学院,exact_unique_label_only,https://www.wikidata.org/entity/Q112676958,https://www.gdhsc.edu.cn/,,2026-10-01,https://query.wikidata.org/sparql
4144012622,湛江科技学院,exact_unique_label_only,https://www.wikidata.org/entity/Q17025074,http://www.gdcjxy.com/,1999,2026-10-01,https://query.wikidata.org/sparql
4144012623,华南农业大学珠江学院,exact_unique_label_only,https://www.wikidata.org/entity/Q15897715,http://www.scauzhujiang.cn,2006,2026-10-01,https://query.wikidata.org/sparql
4144012668,广州理工学院,exact_unique_classed,https://www.wikidata.org/entity/Q112676960,,,2026-10-01,https://query.wikidata.org/sparql
4144013177,北京师范大学珠海分校,exact_unique_classed,https://www.wikidata.org/entity/Q10902302,http://www.bnuz.edu.cn/,2002,2026-10-01,https://query.wikidata.org/sparql
4144013656,广州华立学院,exact_unique_label_only,https://www.wikidata.org/entity/Q112676961,https://www.hualixy.edu.cn/,1999,2026-10-01,https://query.wikidata.org/sparql
4144013657,广州应用科技学院,exact_unique_label_only,https://www.wikidata.org/entity/Q112676962,https://www.gzasc.edu.cn/,,2026-10-01,https://query.wikidata.org/sparql
4144013667,广州商学院,exact_unique_label_only,https://www.wikidata.org/entity/Q32180947,https://www.gcc.edu.cn/,,2026-10-01,https://query.wikidata.org/sparql
4144013675,广东江门南粤学院,exact_unique_label_only,https://www.wikidata.org/entity/Q10902359,http://www.zhbit.com/,2004,2026-10-01,https://query.wikidata.org/sparql
4144013684,珠海科技学院,exact_unique_label_only,https://www.wikidata.org/entity/Q10917215,https://www.jluzh.edu.cn/,2004,2026-10-01,https://query.wikidata.org/sparql
4144013714,广州工商学院,exact_unique_label_only,https://www.wikidata.org/entity/Q85879522,,,2026-10-01,https://query.wikidata.org/sparql
4144013717,广州科技职业技术大学,exact_unique_label_only,https://www.wikidata.org/entity/Q112676964,https://www.gkd.edu.cn/,1999,2026-10-01,https://query.wikidata.org/sparql
4144013719,广东科技学院,exact_unique_label_only,https://www.wikidata.org/entity/Q5613647,https://www.gdust.edu.cn/,2003,2026-10-01,https://query.wikidata.org/sparql
4144013720,广东理工学院,exact_unique_label_only,https://www.wikidata.org/entity/Q85879509,,,2026-10-01,https://query.wikidata.org/sparql
4144013721,广东工商职业技术大学,exact_unique_label_only,https://www.wikidata.org/entity/Q85879506,,,2026-10-01,https://query.wikidata.org/sparql
4144013844,东莞城市学院,exact_unique_label_only,https://www.wikidata.org/entity/Q52848129,https://www.dgcu.edu.cn/,2004,2026-10-01,https://query.wikidata.org/sparql
4144013902,广州新华学院,exact_unique_label_only,https://www.wikidata.org/entity/Q32166318,https://www.xhsysu.edu.cn/,2005,2026-10-01,https://query.wikidata.org/sparql
4144014278,广东第二师范学院,exact_unique_label_only,https://www.wikidata.org/entity/Q18653164,http://www.gdei.edu.cn,1955,2026-10-01,https://query.wikidata.org/sparql
4144014325,南方科技大学,exact_unique_classed,https://www.wikidata.org/entity/Q7568723,https://sustech.edu.cn,2009,2026-10-01,https://query.wikidata.org/sparql
4144014655,深圳技术大学,exact_unique_classed,https://www.wikidata.org/entity/Q53577825,http://www.sztu.edu.cn/,2018,2026-10-01,https://query.wikidata.org/sparql
4144016401,北师香港浸会大学,exact_unique_label_only,https://www.wikidata.org/entity/Q16242349,https://uic.edu.cn|https://uic.edu.cn/en,2005,2026-10-01,https://query.wikidata.org/sparql
4144016412,香港科技大学(广州),no_exact_match,,,,2026-10-01,https://query.wikidata.org/sparql
4144016407,香港中文大学(深圳),no_exact_match,,,,2026-10-01,https://query.wikidata.org/sparql
4144016409,深圳北理莫斯科大学,exact_unique_label_only,https://www.wikidata.org/entity/Q48896669,https://ru.smbu.edu.cn/,2016,2026-10-01,https://query.wikidata.org/sparql
4144016410,广东以色列理工学院,exact_unique_classed,https://www.wikidata.org/entity/Q22079915,http://www.gtiit.edu.cn/en/index.aspx|https://www.gtiit.edu.cn/index.aspx,2015,2026-10-01,https://query.wikidata.org/sparql
4144014851,香港城市大学(东莞),no_exact_match,,,,2026-10-01,https://query.wikidata.org/sparql
4144011113,深圳职业技术大学,exact_unique_classed,https://www.wikidata.org/entity/Q7494381,https://www.szpu.edu.cn/,1993,2026-10-01,https://query.wikidata.org/sparql
4144014880,深圳理工大学,exact_unique_classed,https://www.wikidata.org/entity/Q126371462,https://suat-sz.edu.cn|https://suat-sz.edu.cn/en,2024,2026-10-01,https://query.wikidata.org/sparql
4144013810,肇庆医学院,exact_unique_label_only,https://www.wikidata.org/entity/Q85883598,,,2026-10-01,https://query.wikidata.org/sparql
4144010833,广东轻工职业技术大学,exact_unique_classed,https://www.wikidata.org/entity/Q54914098,https://www.gdipu.edu.cn/,1999,2026-10-01,https://query.wikidata.org/sparql
4144010831,顺德职业技术大学,exact_unique_label_only,https://www.wikidata.org/entity/Q30266677,http://en.sdpt.edu.cn/,1999,2026-10-01,https://query.wikidata.org/sparql
4144012046,广州职业技术大学,exact_unique_label_only,https://www.wikidata.org/entity/Q11062175,http://www.gzpyp.edu.cn/,1993,2026-10-01,https://query.wikidata.org/sparql
4144012957,深圳信息职业技术大学,exact_unique_classed,https://www.wikidata.org/entity/Q7494374,http://www.sziit.com.cn/,2002,2026-10-01,https://query.wikidata.org/sparql
4144014942,大湾区大学,exact_unique_classed,https://www.wikidata.org/entity/Q109258514,https://www.gbu.edu.cn,2025,2026-10-01,https://query.wikidata.org/sparql
4145010593,广西大学,exact_unique_classed,https://www.wikidata.org/entity/Q1552757,https://english.gxu.edu.cn/|https://www.gxu.edu.cn/,1928,2026-10-01,https://query.wikidata.org/sparql
4145010594,广西科技大学,exact_unique_classed,https://www.wikidata.org/entity/Q5613695,https://www.gxust.edu.cn/|https://www.gxust.edu.cn/english/,1958,2026-10-01,https://query.wikidata.org/sparql
4145010595,桂林电子科技大学,exact_unique_classed,https://www.wikidata.org/entity/Q461322,https://www.guet.edu.cn,1960,2026-10-01,https://query.wikidata.org/sparql
4145010596,桂林理工大学,exact_unique_classed,https://www.wikidata.org/entity/Q5615997,http://www.glut.edu.cn,1956,2026-10-01,https://query.wikidata.org/sparql
4145010598,广西医科大学,exact_unique_classed,https://www.wikidata.org/entity/Q5613690,http://www.gxmu.edu.cn/,1934,2026-10-01,https://query.wikidata.org/sparql
4145010599,右江民族医学院,exact_unique_label_only,https://www.wikidata.org/entity/Q30253705,http://www.ymcn.gx.cn/,,2026-10-01,https://query.wikidata.org/sparql
4145010600,广西中医药大学,exact_unique_label_only,https://www.wikidata.org/entity/Q17025083,https://www.gxtcmu.edu.cn/|https://www.gxtcmu.edu.cn/english,1956,2026-10-01,https://query.wikidata.org/sparql
4145010601,桂林医科大学,exact_unique_classed,https://www.wikidata.org/entity/Q5615995,https://www.glmu.edu.cn,1935,2026-10-01,https://query.wikidata.org/sparql
4145010602,广西师范大学,exact_unique_classed,https://www.wikidata.org/entity/Q137006,http://www.gxnu.edu.cn/,1932,2026-10-01,https://query.wikidata.org/sparql
4145010603,南宁师范大学,exact_unique_label_only,https://www.wikidata.org/entity/Q6807573,http://www.nnnu.edu.cn,1953,2026-10-01,https://query.wikidata.org/sparql
4145010604,广西民族师范学院,exact_unique_classed,https://www.wikidata.org/entity/Q43896046,https://www.gxnun.edu.cn/,2009,2026-10-01,https://query.wikidata.org/sparql
4145010605,河池学院,exact_unique_label_only,https://www.wikidata.org/entity/Q30262645,http://www.hcnu.edu.cn/,2003,2026-10-01,https://query.wikidata.org/sparql
4145010606,玉林师范学院,exact_unique_classed,https://www.wikidata.org/entity/Q8060963,http://www.ylu.edu.cn/,1945,2026-10-01,https://query.wikidata.org/sparql
4145010607,广西艺术学院,exact_unique_label_only,https://www.wikidata.org/entity/Q11062502,http://www.gxau.edu.cn/,1938,2026-10-01,https://query.wikidata.org/sparql
4145010608,广西民族大学,exact_unique_classed,https://www.wikidata.org/entity/Q5613699,https://www.gxmzu.edu.cn/,1952,2026-10-01,https://query.wikidata.org/sparql
4145010609,百色学院,exact_unique_label_only,https://www.wikidata.org/entity/Q30293618,http://www.bsuc.cn/,,2026-10-01,https://query.wikidata.org/sparql
4145011354,梧州学院,exact_unique_label_only,https://www.wikidata.org/entity/Q30262772,https://www.gxuwz.edu.cn,1985,2026-10-01,https://query.wikidata.org/sparql
4145011546,广西科技师范学院,exact_unique_label_only,https://www.wikidata.org/entity/Q17026748,http://www.gxstnu.edu.cn/,1958,2026-10-01,https://query.wikidata.org/sparql
4145011548,广西财经学院,exact_unique_classed,https://www.wikidata.org/entity/Q16866504,https://www.gxufe.edu.cn/,2004,2026-10-01,https://query.wikidata.org/sparql
4145011549,南宁学院,exact_unique_label_only,https://www.wikidata.org/entity/Q10907361,https://unn.edu.cn/,1985,2026-10-01,https://query.wikidata.org/sparql
4145011607,北部湾大学,exact_unique_label_only,https://www.wikidata.org/entity/Q43896002,https://en.bbgu.edu.cn/|https://www.bbgu.edu.cn/,1973,2026-10-01,https://query.wikidata.org/sparql
4145011825,桂林航天工业学院,exact_unique_classed,https://www.wikidata.org/entity/Q25105500,http://www.guat.edu.cn/,1979,2026-10-01,https://query.wikidata.org/sparql
4145011837,桂林旅游学院,exact_unique_label_only,https://www.wikidata.org/entity/Q11111580,http://www.gltu.cn,1985,2026-10-01,https://query.wikidata.org/sparql
4145011838,贺州学院,exact_unique_label_only,https://www.wikidata.org/entity/Q15918204,http://hzu.gx.cn/|http://www.hzu.gx.cn/,1943,2026-10-01,https://query.wikidata.org/sparql
4145013520,广西警察学院,exact_unique_label_only,https://www.wikidata.org/entity/Q48936331,,,2026-10-01,https://query.wikidata.org/sparql
4145013524,北海艺术设计学院,exact_unique_classed,https://www.wikidata.org/entity/Q55697406,,,2026-10-01,https://query.wikidata.org/sparql
4145016205,广西农业职业技术大学,exact_unique_label_only,https://www.wikidata.org/entity/Q55697454,https://www.gxnzd.edu.cn/,,2026-10-01,https://query.wikidata.org/sparql
4145013639,柳州工学院,exact_unique_label_only,https://www.wikidata.org/entity/Q55697461,https://www.lzhit.edu.cn/,,2026-10-01,https://query.wikidata.org/sparql
4145013640,广西民族大学相思湖学院,exact_unique_label_only,https://www.wikidata.org/entity/Q55697459,http://www.xshxy.cn/,,2026-10-01,https://query.wikidata.org/sparql
4145013641,桂林学院,exact_unique_classed,https://www.wikidata.org/entity/Q11062423,https://www.glc.edu.cn/,2001,2026-10-01,https://query.wikidata.org/sparql
4145013642,南宁师范大学师园学院,exact_unique_label_only,https://www.wikidata.org/entity/Q55286325,,,2026-10-01,https://query.wikidata.org/sparql
4145013643,广西中医药大学赛恩斯新医药学院,exact_unique_label_only,https://www.wikidata.org/entity/Q55697451,,,2026-10-01,https://query.wikidata.org/sparql
4145013644,桂林信息科技学院,exact_unique_label_only,https://www.wikidata.org/entity/Q11111591,https://www.guit.edu.cn/,,2026-10-01,https://query.wikidata.org/sparql
4145013645,南宁理工学院,exact_unique_label_only,https://www.wikidata.org/entity/Q11111590,https://www.bwgl.cn/,2002,2026-10-01,https://query.wikidata.org/sparql
4145013830,广西外国语学院,exact_unique_label_only,https://www.wikidata.org/entity/Q52110954,,,2026-10-01,https://query.wikidata.org/sparql
4145013890,广西工业学院,exact_unique_label_only,https://www.wikidata.org/entity/Q112677009,https://www.gxtu.edu.cn/,2005,2026-10-01,https://query.wikidata.org/sparql
4145013920,广西城市职业大学,exact_unique_label_only,https://www.wikidata.org/entity/Q55707829,,,2026-10-01,https://query.wikidata.org/sparql
4145014684,广西职业师范学院,exact_unique_label_only,https://www.wikidata.org/entity/Q55708784,https://www.gxvnu.edu.cn/,,2026-10-01,https://query.wikidata.org/sparql
4145011355,南宁职业技术大学,exact_unique_label_only,https://www.wikidata.org/entity/Q112677014,https://www.nncvt.edu.cn/,1984,2026-10-01,https://query.wikidata.org/sparql
4145012104,柳州职业技术大学,exact_unique_label_only,https://www.wikidata.org/entity/Q112677017,https://www.lzzy.edu.cn/,,2026-10-01,https://query.wikidata.org/sparql
4145011671,桂林师范学院,exact_unique_label_only,https://www.wikidata.org/entity/Q11111574,http://www.glnc.edu.cn/,1938,2026-10-01,https://query.wikidata.org/sparql
4145011773,广西职业技术大学,exact_unique_label_only,https://www.wikidata.org/entity/Q112677016,https://www.gxzjy.edu.cn/,,2026-10-01,https://query.wikidata.org/sparql
4146010589,海南大学,exact_unique_classed,https://www.wikidata.org/entity/Q5639382,http://www.hainu.edu.cn/,1983,2026-10-01,https://query.wikidata.org/sparql
4146011100,海南热带海洋学院,exact_unique_classed,https://www.wikidata.org/entity/Q7267904,http://www.hntou.edu.cn/,1977,2026-10-01,https://query.wikidata.org/sparql
4146011658,海南师范大学,exact_unique_classed,https://www.wikidata.org/entity/Q5639373,http://www.hainnu.edu.cn,1949,2026-10-01,https://query.wikidata.org/sparql
4146011810,海南医科大学,exact_unique_label_only,https://www.wikidata.org/entity/Q5639372,https://www.muhn.edu.cn,1993,2026-10-01,https://query.wikidata.org/sparql
4146012308,海口经济学院,exact_unique_label_only,https://www.wikidata.org/entity/Q5639137,http://www.hkc.edu.cn/,1974,2026-10-01,https://query.wikidata.org/sparql
4146013811,琼台师范学院,exact_unique_classed,https://www.wikidata.org/entity/Q30260661,http://www.qttc.edu.cn/,1705,2026-10-01,https://query.wikidata.org/sparql
4146013892,三亚学院,exact_unique_classed,https://www.wikidata.org/entity/Q16259561,http://www.sanyau.edu.cn,2004|2005,2026-10-01,https://query.wikidata.org/sparql
4146014172,海南科技职业大学,exact_unique_label_only,https://www.wikidata.org/entity/Q55071180,https://www.hvust.edu.cn/,,2026-10-01,https://query.wikidata.org/sparql
4146014829,海南比勒费尔德应用科学大学,no_exact_match,,,,2026-10-01,https://query.wikidata.org/sparql
4146014944,海南警察学院,exact_unique_label_only,https://www.wikidata.org/entity/Q112677059,https://www.hipolice.edu.cn,,2026-10-01,https://query.wikidata.org/sparql
4146014948,海南洛桑旅游大学,exact_unique_label_only,https://www.wikidata.org/entity/Q135012472,,2025,2026-10-01,https://query.wikidata.org/sparql
4146013875,海南经贸职业大学,exact_unique_label_only,https://www.wikidata.org/entity/Q112677060,https://www.hceb.edu.cn/,,2026-10-01,https://query.wikidata.org/sparql
4150010611,重庆大学,exact_unique_classed,https://www.wikidata.org/entity/Q834857,https://www.cqu.edu.cn,1929,2026-10-01,https://query.wikidata.org/sparql
4150010617,重庆邮电大学,exact_unique_classed,https://www.wikidata.org/entity/Q5104676,http://www.cqupt.edu.cn,1950,2026-10-01,https://query.wikidata.org/sparql
4150010618,重庆交通大学,exact_unique_classed,https://www.wikidata.org/entity/Q5104660,http://www.cqjtu.edu.cn,1951,2026-10-01,https://query.wikidata.org/sparql
4150010631,重庆医科大学,exact_unique_classed,https://www.wikidata.org/entity/Q5104661,http://www.cqmu.edu.cn/,1956,2026-10-01,https://query.wikidata.org/sparql
4150010635,西南大学,exact_unique_classed,https://www.wikidata.org/entity/Q840443,http://www.swu.edu.cn/,1906,2026-10-01,https://query.wikidata.org/sparql
4150010637,重庆师范大学,exact_unique_classed,https://www.wikidata.org/entity/Q5104666,http://international.cqnu.edu.cn/default-en.asp|https://www.cqnu.edu.cn,1954,2026-10-01,https://query.wikidata.org/sparql
4150010642,重庆文理学院,exact_unique_classed,https://www.wikidata.org/entity/Q7987712,https://www.cqwu.edu.cn/,1976|2005,2026-10-01,https://query.wikidata.org/sparql
4150010643,重庆三峡科技大学,exact_unique_classed,https://www.wikidata.org/entity/Q5104672,http://www.sanxiau.edu.cn/default.html,1956,2026-10-01,https://query.wikidata.org/sparql
4150010647,长江师范学院,exact_unique_classed,https://www.wikidata.org/entity/Q8048658,http://www.yznu.cn,1901|2001,2026-10-01,https://query.wikidata.org/sparql
4150010650,四川外国语大学,exact_unique_classed,https://www.wikidata.org/entity/Q3551746,http://sisu.edu.cn/,1950,2026-10-01,https://query.wikidata.org/sparql
4150010652,西南政法大学,exact_unique_classed,https://www.wikidata.org/entity/Q1323075,https://english.swupl.edu.cn/|https://www.swupl.edu.cn/,1950,2026-10-01,https://query.wikidata.org/sparql
4150010655,四川美术学院,exact_unique_label_only,https://www.wikidata.org/entity/Q1622158,http://www.scfai.edu.cn/english/,1940,2026-10-01,https://query.wikidata.org/sparql
4150011551,重庆科技大学,exact_unique_classed,https://www.wikidata.org/entity/Q15902369,https://www.cqust.edu.cn,1951,2026-10-01,https://query.wikidata.org/sparql
4150011660,重庆理工大学,exact_unique_classed,https://www.wikidata.org/entity/Q15913567,http://www.cqut.edu.cn/,1940,2026-10-01,https://query.wikidata.org/sparql
4150011799,重庆工商大学,exact_unique_label_only,https://www.wikidata.org/entity/Q5104671,http://www.ctbu.edu.cn,,2026-10-01,https://query.wikidata.org/sparql
4150012607,重庆机电职业技术大学,exact_unique_label_only,https://www.wikidata.org/entity/Q112677068,http://www.cqvtu.edu.cn/,,2026-10-01,https://query.wikidata.org/sparql
4150012608,重庆工程学院,exact_unique_label_only,https://www.wikidata.org/entity/Q112677069,,2001,2026-10-01,https://query.wikidata.org/sparql
4150012616,重庆城市科技学院,exact_unique_label_only,https://www.wikidata.org/entity/Q17038870,http://www.cqucc.com.cn/default.html,,2026-10-01,https://query.wikidata.org/sparql
4150012757,重庆警察学院,exact_unique_label_only,https://www.wikidata.org/entity/Q22098677,,1950,2026-10-01,https://query.wikidata.org/sparql
4150013548,重庆人文科技学院,exact_unique_classed,https://www.wikidata.org/entity/Q22100917,http://www.cqrk.edu.cn/swuyc/Index.do,2000,2026-10-01,https://query.wikidata.org/sparql
4150013588,重庆外语外事学院,exact_unique_label_only,https://www.wikidata.org/entity/Q22100340,http://www.tcsisu.com/,2001,2026-10-01,https://query.wikidata.org/sparql
4150013589,重庆对外经贸学院,exact_unique_label_only,https://www.wikidata.org/entity/Q22098658,https://www.ccibe.edu.cn/,2001,2026-10-01,https://query.wikidata.org/sparql
4150013590,重庆财经学院,exact_unique_label_only,https://www.wikidata.org/entity/Q15915274,http://zs.cfec.edu.cn/,2001,2026-10-01,https://query.wikidata.org/sparql
4150013591,重庆工商大学派斯学院,exact_unique_label_only,https://www.wikidata.org/entity/Q22098645,http://www.paisi.edu.cn/index.asp,1999,2026-10-01,https://query.wikidata.org/sparql
4150013627,重庆移通学院,exact_unique_label_only,https://www.wikidata.org/entity/Q22098691,http://www.cqyti.com/index.asp,2000,2026-10-01,https://query.wikidata.org/sparql
4150014388,重庆第二师范学院,exact_unique_label_only,https://www.wikidata.org/entity/Q22098669,http://cque.edu.cn/,1954,2026-10-01,https://query.wikidata.org/sparql
4150014830,重庆中医药学院,exact_unique_label_only,https://www.wikidata.org/entity/Q119291197,https://www.cqctcm.edu.cn/,2023,2026-10-01,https://query.wikidata.org/sparql
4150012609,重庆电子科技职业大学,exact_unique_label_only,https://www.wikidata.org/entity/Q112677081,https://www.cqcet.edu.cn/,,2026-10-01,https://query.wikidata.org/sparql
4150012215,重庆工业职业技术大学,exact_unique_label_only,https://www.wikidata.org/entity/Q112677077,https://www.cqipu.edu.cn/,,2026-10-01,https://query.wikidata.org/sparql
4150012759,重庆工程职业技术大学,exact_unique_label_only,https://www.wikidata.org/entity/Q52850817,https://www.cqvie.edu.cn/,1951,2026-10-01,https://query.wikidata.org/sparql
4150012758,重庆城市管理职业大学,exact_unique_label_only,https://www.wikidata.org/entity/Q112677085,https://www.cswu.cn,,2026-10-01,https://query.wikidata.org/sparql
4151010610,四川大学,exact_unique_classed,https://www.wikidata.org/entity/Q2281517,https://en.scu.edu.cn|https://scu.edu.cn,1896,2026-10-01,https://query.wikidata.org/sparql
4151010613,西南交通大学,exact_unique_classed,https://www.wikidata.org/entity/Q3551422,https://en.swjtu.edu.cn|https://www.swjtu.edu.cn,,2026-10-01,https://query.wikidata.org/sparql
4151010614,电子科技大学,exact_unique_classed,https://www.wikidata.org/entity/Q5971900,http://www.uestc.edu.cn/,1956,2026-10-01,https://query.wikidata.org/sparql
4151010615,西南石油大学,exact_unique_classed,https://www.wikidata.org/entity/Q7571336,http://www.swpu.edu.cn/,1958,2026-10-01,https://query.wikidata.org/sparql
4151010616,成都理工大学,exact_unique_classed,https://www.wikidata.org/entity/Q5091338,http://www.cdut.edu.cn/,1956,2026-10-01,https://query.wikidata.org/sparql
4151010619,西南科技大学,exact_unique_classed,https://www.wikidata.org/entity/Q15919938,http://www.swust.edu.cn/,1952,2026-10-01,https://query.wikidata.org/sparql
4151010621,成都信息工程大学,exact_unique_classed,https://www.wikidata.org/entity/Q5091337,http://www.cuit.edu.cn/|https://english.cuit.edu.cn/,1951,2026-10-01,https://query.wikidata.org/sparql
4151010622,四川轻化工大学,exact_unique_classed,https://www.wikidata.org/entity/Q7507436,http://www.suse.edu.cn/,1965,2026-10-01,https://query.wikidata.org/sparql
4151010623,西华大学,exact_unique_classed,https://www.wikidata.org/entity/Q8044421,http://www.xhu.edu.cn/,1960,2026-10-01,https://query.wikidata.org/sparql
4151010624,中国民用航空飞行学院,exact_unique_classed,https://www.wikidata.org/entity/Q13632376,http://www.cafuc.edu.cn/,1956,2026-10-01,https://query.wikidata.org/sparql
4151010626,四川农业大学,exact_unique_classed,https://www.wikidata.org/entity/Q10924764,http://www.sicau.edu.cn/,1906,2026-10-01,https://query.wikidata.org/sparql
4151010628,西昌学院,exact_unique_classed,https://www.wikidata.org/entity/Q30950448,https://www.xcc.edu.cn/,1939,2026-10-01,https://query.wikidata.org/sparql
4151010632,西南医科大学,exact_unique_classed,https://www.wikidata.org/entity/Q20688250,https://www.swmu.edu.cn/,1951,2026-10-01,https://query.wikidata.org/sparql
4151010633,成都中医药大学,exact_unique_classed,https://www.wikidata.org/entity/Q11074630,http://www.cdutcm.edu.cn/,1956,2026-10-01,https://query.wikidata.org/sparql
4151010634,川北医学院,exact_unique_label_only,https://www.wikidata.org/entity/Q7056731,http://www.nsmc.edu.cn,1951,2026-10-01,https://query.wikidata.org/sparql
4151010636,四川师范大学,exact_unique_classed,https://www.wikidata.org/entity/Q7507438,http://www.sicnu.edu.cn/,1946,2026-10-01,https://query.wikidata.org/sparql
4151010638,西华师范大学,exact_unique_classed,https://www.wikidata.org/entity/Q5099970,http://www.cwnu.edu.cn,1946,2026-10-01,https://query.wikidata.org/sparql
4151010639,绵阳师范学院,exact_unique_classed,https://www.wikidata.org/entity/Q15889779,https://www.mtc.edu.cn/,,2026-10-01,https://query.wikidata.org/sparql
4151010640,内江师范学院,exact_unique_label_only,https://www.wikidata.org/entity/Q30262685,http://www.njtc.edu.cn/,1998,2026-10-01,https://query.wikidata.org/sparql
4151010641,宜宾学院,exact_unique_classed,https://www.wikidata.org/entity/Q30254151,https://www.yibinu.edu.cn|https://www.yibinu.edu.cn/ENGLISH/Home.htm,1978,2026-10-01,https://query.wikidata.org/sparql
4151010644,四川文理学院,exact_unique_classed,https://www.wikidata.org/entity/Q10924832,https://www.sasu.edu.cn/,1821,2026-10-01,https://query.wikidata.org/sparql
4151010646,阿坝师范学院,exact_unique_label_only,https://www.wikidata.org/entity/Q48936598,http://www.abtc.edu.cn/,,2026-10-01,https://query.wikidata.org/sparql
4151010649,乐山师范学院,exact_unique_classed,https://www.wikidata.org/entity/Q10878372,http://www.lstc.edu.cn/,1978,2026-10-01,https://query.wikidata.org/sparql
4151010651,西南财经大学,exact_unique_classed,https://www.wikidata.org/entity/Q1107944,http://www.swufe.edu.cn/,1925,2026-10-01,https://query.wikidata.org/sparql
4151010653,成都体育学院,exact_unique_classed,https://www.wikidata.org/entity/Q5091323,https://www.cdsu.edu.cn/,1942,2026-10-01,https://query.wikidata.org/sparql
4151010654,四川音乐学院,exact_unique_label_only,https://www.wikidata.org/entity/Q6149087,https://www.sccm.edu.cn/,1939,2026-10-01,https://query.wikidata.org/sparql
4151010656,西南民族大学,exact_unique_classed,https://www.wikidata.org/entity/Q920505,http://www.swun.edu.cn,1951,2026-10-01,https://query.wikidata.org/sparql
4151011079,成都大学,exact_unique_classed,https://www.wikidata.org/entity/Q11074647,http://www.cdu.edu.cn/|https://en.cdu.edu.cn/,1978,2026-10-01,https://query.wikidata.org/sparql
4151011116,成都工业学院,exact_unique_classed,https://www.wikidata.org/entity/Q22100490,https://www.cdtu.edu.cn/,1913,2026-10-01,https://query.wikidata.org/sparql
4151011360,攀枝花学院,exact_unique_classed,https://www.wikidata.org/entity/Q11078782,http://www.pzhu.edu.cn/,1983,2026-10-01,https://query.wikidata.org/sparql
4151011552,四川旅游学院,exact_unique_classed,https://www.wikidata.org/entity/Q19852174,http://www.sctu.edu.cn,1985,2026-10-01,https://query.wikidata.org/sparql
4151011661,四川民族学院,exact_unique_label_only,https://www.wikidata.org/entity/Q48936602,http://www.scun.edu.cn/,,2026-10-01,https://query.wikidata.org/sparql
4151012212,四川警察学院,exact_unique_label_only,https://www.wikidata.org/entity/Q48936596,https://www.scpolicec.edu.cn/,,2026-10-01,https://query.wikidata.org/sparql
4151012636,成都东软学院,exact_unique_classed,https://www.wikidata.org/entity/Q11074629,http://en.nsu.edu.cn/|http://www.nsu.edu.cn,2003,2026-10-01,https://query.wikidata.org/sparql
4151012969,成都艺术职业大学,exact_unique_label_only,https://www.wikidata.org/entity/Q112677124,,,2026-10-01,https://query.wikidata.org/sparql
4151013665,电子科技大学成都学院,exact_unique_label_only,https://www.wikidata.org/entity/Q60991538,http://www.cduestc.cn/,2004,2026-10-01,https://query.wikidata.org/sparql
4151013668,成都理工大学工程技术学院,exact_unique_label_only,https://www.wikidata.org/entity/Q112677125,,,2026-10-01,https://query.wikidata.org/sparql
4151013669,四川传媒学院,exact_unique_classed,https://www.wikidata.org/entity/Q11074673,http://www.scmc.edu.cn,1997,2026-10-01,https://query.wikidata.org/sparql
4151013670,成都银杏酒店管理学院,exact_unique_label_only,https://www.wikidata.org/entity/Q112677126,,,2026-10-01,https://query.wikidata.org/sparql
4151013671,成都文理学院,exact_unique_label_only,https://www.wikidata.org/entity/Q28413641,http://www.cdcas.edu.cn/,,2026-10-01,https://query.wikidata.org/sparql
4151013672,四川工商学院,exact_unique_label_only,https://www.wikidata.org/entity/Q60989763,https://www.stbu.edu.cn/,,2026-10-01,https://query.wikidata.org/sparql
4151013673,成都外国语学院,exact_unique_label_only,https://www.wikidata.org/entity/Q112677127,https://www.cisisu.edu.cn/,2000,2026-10-01,https://query.wikidata.org/sparql
4151013705,成都医学院,exact_unique_label_only,https://www.wikidata.org/entity/Q10775943,http://www.cmc.edu.cn,1947,2026-10-01,https://query.wikidata.org/sparql
4151013816,四川工业科技学院,exact_unique_label_only,https://www.wikidata.org/entity/Q112677128,https://www.scit.cn/,2014,2026-10-01,https://query.wikidata.org/sparql
4151013903,成都锦城学院,exact_unique_label_only,https://www.wikidata.org/entity/Q10924802,http://www.scujcc.edu.cn/,2005,2026-10-01,https://query.wikidata.org/sparql
4151014037,西南财经大学天府学院,exact_unique_label_only,https://www.wikidata.org/entity/Q15939124,,2002,2026-10-01,https://query.wikidata.org/sparql
4151014039,四川大学锦江学院,exact_unique_label_only,https://www.wikidata.org/entity/Q21017379,http://www.scujj.com/,2006,2026-10-01,https://query.wikidata.org/sparql
4151014043,四川文化艺术学院,exact_unique_label_only,https://www.wikidata.org/entity/Q10924956,http://www.sca.edu.cn/,2001,2026-10-01,https://query.wikidata.org/sparql
4151014045,绵阳城市学院,exact_unique_label_only,https://www.wikidata.org/entity/Q17066785,https://www.mycc.edu.cn/,2006,2026-10-01,https://query.wikidata.org/sparql
4151014262,西南交通大学希望学院,exact_unique_label_only,https://www.wikidata.org/entity/Q19856238,http://www.swjtuhc.cn/,,2026-10-01,https://query.wikidata.org/sparql
4151014389,成都师范学院,exact_unique_classed,https://www.wikidata.org/entity/Q11074658,http://www.cdnu.edu.cn/,1955,2026-10-01,https://query.wikidata.org/sparql
4151014410,四川电影电视学院,exact_unique_label_only,https://www.wikidata.org/entity/Q109352271,https://www.scftvc.com/,,2026-10-01,https://query.wikidata.org/sparql
4111012802,吉利学院,exact_unique_classed,https://www.wikidata.org/entity/Q10902068,http://www.guc.edu.cn/,2000,2026-10-01,https://query.wikidata.org/sparql
4151012763,四川工程职业技术大学,exact_unique_label_only,https://www.wikidata.org/entity/Q112677147,https://www.scetc.edu.cn/,,2026-10-01,https://query.wikidata.org/sparql
4151012064,成都航空职业技术大学,exact_unique_label_only,https://www.wikidata.org/entity/Q112677134,http://www.cap.edu.cn,,2026-10-01,https://query.wikidata.org/sparql
4151011553,成都轻工职业技术大学,exact_unique_label_only,https://www.wikidata.org/entity/Q112677132,https://www.cdtc.edu.cn/,1939,2026-10-01,https://query.wikidata.org/sparql
4151012764,四川建筑职业技术大学,exact_unique_label_only,https://www.wikidata.org/entity/Q112677148,https://www.scac.edu.cn,,2026-10-01,https://query.wikidata.org/sparql
4151014984,广安理工学院,exact_unique_label_only,https://www.wikidata.org/entity/Q139902426,,,2026-10-01,https://query.wikidata.org/sparql
4151014985,成都美术学院,exact_unique_label_only,https://www.wikidata.org/entity/Q109687709,https://my.sccm.edu.cn/,2026,2026-10-01,https://query.wikidata.org/sparql
4151012761,四川交通职业技术大学,exact_unique_label_only,https://www.wikidata.org/entity/Q48928150,http://www.svtcc.edu.cn/,1952,2026-10-01,https://query.wikidata.org/sparql
4152010657,贵州大学,exact_unique_classed,https://www.wikidata.org/entity/Q461033,http://www.gzu.edu.cn/,1902,2026-10-01,https://query.wikidata.org/sparql
4152010660,贵州医科大学,exact_unique_classed,https://www.wikidata.org/entity/Q5616929,https://www.gmc.edu.cn/,1938,2026-10-01,https://query.wikidata.org/sparql
4152010661,遵义医科大学,exact_unique_classed,https://www.wikidata.org/entity/Q8075310,https://www.zmu.edu.cn/,1947,2026-10-01,https://query.wikidata.org/sparql
4152010662,贵州中医药大学,no_exact_match,,,,2026-10-01,https://query.wikidata.org/sparql
4152010663,贵州师范大学,exact_unique_classed,https://www.wikidata.org/entity/Q5616948,http://www.gznu.edu.cn,1941,2026-10-01,https://query.wikidata.org/sparql
4152010664,遵义师范学院,exact_unique_label_only,https://www.wikidata.org/entity/Q17011924,http://www.en.zync.edu.cn/index.html,1958,2026-10-01,https://query.wikidata.org/sparql
4152010665,铜仁学院,exact_unique_classed,https://www.wikidata.org/entity/Q15901311,http://www.gztrc.edu.cn,,2026-10-01,https://query.wikidata.org/sparql
4152010666,兴义民族师范学院,exact_unique_classed,https://www.wikidata.org/entity/Q10894049,http://www.xynun.edu.cn/,,2026-10-01,https://query.wikidata.org/sparql
4152010667,安顺学院,exact_unique_label_only,https://www.wikidata.org/entity/Q10947328,http://en.asu.edu.cn/,,2026-10-01,https://query.wikidata.org/sparql
4152010668,贵州工程应用技术学院,exact_unique_label_only,https://www.wikidata.org/entity/Q112677216,,,2026-10-01,https://query.wikidata.org/sparql
4152010669,凯里学院,exact_unique_label_only,https://www.wikidata.org/entity/Q10896416,http://www.kluniv.cn/,2000,2026-10-01,https://query.wikidata.org/sparql
4152010670,黔南民族师范学院,exact_unique_label_only,https://www.wikidata.org/entity/Q11179841,http://en.sgmtu.edu.cn/,2000,2026-10-01,https://query.wikidata.org/sparql
4152010671,贵州财经大学,exact_unique_classed,https://www.wikidata.org/entity/Q5616954,http://www.gufe.edu.cn,1958,2026-10-01,https://query.wikidata.org/sparql
4152010672,贵州民族大学,exact_unique_classed,https://www.wikidata.org/entity/Q5616949,http://www.gzmu.edu.cn/,1951,2026-10-01,https://query.wikidata.org/sparql
4152010976,贵阳学院,exact_ambiguous,https://www.wikidata.org/entity/Q112677217|https://www.wikidata.org/entity/Q17039460,http://en.gyu.cn/,2004,2026-10-01,https://query.wikidata.org/sparql
4152010977,六盘水师范学院,exact_unique_label_only,https://www.wikidata.org/entity/Q10893382,http://www.lpssy.edu.cn/|https://www.lpssy.edu.cn/,2009,2026-10-01,https://query.wikidata.org/sparql
4152011731,贵州商学院,exact_unique_classed,https://www.wikidata.org/entity/Q19853748,http://www.gzcc.edu.cn/,1947,2026-10-01,https://query.wikidata.org/sparql
4152012107,贵州警察学院,exact_unique_label_only,https://www.wikidata.org/entity/Q112677218,,,2026-10-01,https://query.wikidata.org/sparql
4152013647,贵州中医药大学时珍学院,exact_unique_label_only,https://www.wikidata.org/entity/Q112677219,,,2026-10-01,https://query.wikidata.org/sparql
4152013648,贵州黔南经济学院,exact_unique_label_only,https://www.wikidata.org/entity/Q112677220,https://www.gzsu.net/,,2026-10-01,https://query.wikidata.org/sparql
4152013649,贵州黔南科技学院,exact_unique_label_only,https://www.wikidata.org/entity/Q112677221,,,2026-10-01,https://query.wikidata.org/sparql
4152013650,贵阳信息科技学院,exact_unique_label_only,https://www.wikidata.org/entity/Q112677222,,,2026-10-01,https://query.wikidata.org/sparql
4152013651,贵阳人文科技学院,exact_unique_label_only,https://www.wikidata.org/entity/Q112677224,,,2026-10-01,https://query.wikidata.org/sparql
4152016206,贵阳康养职业大学,exact_unique_label_only,https://www.wikidata.org/entity/Q112677225,https://gynvc.edu.cn/,,2026-10-01,https://query.wikidata.org/sparql
4152013653,遵义医科大学医学与科技学院,exact_unique_label_only,https://www.wikidata.org/entity/Q112677226,,,2026-10-01,https://query.wikidata.org/sparql
4152013676,贵州医科大学神奇民族医药学院,exact_unique_label_only,https://www.wikidata.org/entity/Q112677227,,,2026-10-01,https://query.wikidata.org/sparql
4152014223,贵州师范学院,exact_unique_classed,https://www.wikidata.org/entity/Q17059964,http://www.gznc.edu.cn/,,2026-10-01,https://query.wikidata.org/sparql
4152014440,贵州理工学院,exact_unique_label_only,https://www.wikidata.org/entity/Q17039377,http://www.git.edu.cn/,2013,2026-10-01,https://query.wikidata.org/sparql
4152014625,茅台学院,exact_unique_label_only,https://www.wikidata.org/entity/Q30689077,,2017,2026-10-01,https://query.wikidata.org/sparql
4152012222,贵州交通职业大学,exact_unique_label_only,https://www.wikidata.org/entity/Q112677229,http://www.gzjtzy.net/,,2026-10-01,https://query.wikidata.org/sparql
4152013055,铜仁职业技术大学,exact_unique_label_only,https://www.wikidata.org/entity/Q55636013,https://www.trzy.edu.cn/,2002,2026-10-01,https://query.wikidata.org/sparql
4152013818,贵州轻工职业大学,exact_unique_label_only,https://www.wikidata.org/entity/Q17039426,https://www.gzqy.cn/,,2026-10-01,https://query.wikidata.org/sparql
4152014412,贵州工商职业大学,exact_unique_label_only,https://www.wikidata.org/entity/Q112677245,https://www.gzgsc.edu.cn/,,2026-10-01,https://query.wikidata.org/sparql
4152013052,贵州工业职业技术大学,exact_unique_label_only,https://www.wikidata.org/entity/Q112677235,https://www.gzky.edu.cn/,,2026-10-01,https://query.wikidata.org/sparql
4153010673,云南大学,no_exact_match,,,,2026-10-01,https://query.wikidata.org/sparql
4153010674,昆明理工大学,exact_unique_classed,https://www.wikidata.org/entity/Q6444900,https://www.kmust.edu.cn/,1954,2026-10-01,https://query.wikidata.org/sparql
4153010676,云南农业大学,exact_unique_classed,https://www.wikidata.org/entity/Q8061321,https://www.ynau.edu.cn/,1938,2026-10-01,https://query.wikidata.org/sparql
4153010677,西南林业大学,exact_unique_classed,https://www.wikidata.org/entity/Q7571277,http://www.swfc.edu.cn/,,2026-10-01,https://query.wikidata.org/sparql
4153010678,昆明医科大学,exact_unique_label_only,https://www.wikidata.org/entity/Q6444884,https://www.kmmu.edu.cn/,1933,2026-10-01,https://query.wikidata.org/sparql
4153010679,大理大学,exact_unique_classed,https://www.wikidata.org/entity/Q1622094,http://escis.dali.edu.cn/|https://www.dali.edu.cn/,1978,2026-10-01,https://query.wikidata.org/sparql
4153010680,云南中医药大学,exact_unique_classed,https://www.wikidata.org/entity/Q8061337,http://www.ynutcm.edu.cn/,1960,2026-10-01,https://query.wikidata.org/sparql
4153010681,云南师范大学,exact_unique_classed,https://www.wikidata.org/entity/Q2120272,http://www.ynnu.edu.cn,1938,2026-10-01,https://query.wikidata.org/sparql
4153010683,昭通学院,exact_unique_label_only,https://www.wikidata.org/entity/Q30265193,http://www.ztu.edu.cn/,1978,2026-10-01,https://query.wikidata.org/sparql
4153010684,曲靖师范学院,exact_unique_label_only,https://www.wikidata.org/entity/Q11090835,https://www.qjnu.edu.cn/,2000,2026-10-01,https://query.wikidata.org/sparql
4153010685,普洱学院,exact_unique_label_only,https://www.wikidata.org/entity/Q28412896,http://www.peuni.cn/,1978,2026-10-01,https://query.wikidata.org/sparql
4153010686,保山学院,exact_unique_label_only,https://www.wikidata.org/entity/Q10887647,http://www.bsnc.cn/|https://www.bsnc.cn/,1978,2026-10-01,https://query.wikidata.org/sparql
4153010687,红河学院,exact_ambiguous,https://www.wikidata.org/entity/Q30294498|https://www.wikidata.org/entity/Q7304839,https://en.uoh.edu.cn/|https://www.rrc.ca/|https://www.uoh.edu.cn/,1938|1978,2026-10-01,https://query.wikidata.org/sparql
4153010689,云南财经大学,exact_unique_classed,https://www.wikidata.org/entity/Q8061339,http://www.ynufe.edu.cn/,1951,2026-10-01,https://query.wikidata.org/sparql
4153010690,云南艺术学院,exact_unique_classed,https://www.wikidata.org/entity/Q8061322,http://www.ynart.edu.cn,1959,2026-10-01,https://query.wikidata.org/sparql
4153010691,云南民族大学,exact_unique_classed,https://www.wikidata.org/entity/Q8061332,http://www.ynni.edu.cn/,1951,2026-10-01,https://query.wikidata.org/sparql
4153011390,玉溪师范学院,exact_unique_label_only,https://www.wikidata.org/entity/Q30262773,http://icec.yxnu.net/|http://www.yxnu.edu.cn/,1902,2026-10-01,https://query.wikidata.org/sparql
4153011391,楚雄师范学院,exact_unique_label_only,https://www.wikidata.org/entity/Q11119894,http://www.cxtc.edu.cn/,2001,2026-10-01,https://query.wikidata.org/sparql
4153011392,云南警官学院,exact_unique_label_only,https://www.wikidata.org/entity/Q48936516,https://www.ynpc.edu.cn/,,2026-10-01,https://query.wikidata.org/sparql
4153011393,昆明学院,exact_unique_classed,https://www.wikidata.org/entity/Q6444899,http://www.kmu.edu.cn/,1984,2026-10-01,https://query.wikidata.org/sparql
4153011556,文山学院,exact_unique_label_only,https://www.wikidata.org/entity/Q11079735,http://english.wsu.edu.cn/|https://www.wsu.edu.cn/,1984,2026-10-01,https://query.wikidata.org/sparql
4153012560,云南经济管理学院,exact_unique_label_only,https://www.wikidata.org/entity/Q112677272,,,2026-10-01,https://query.wikidata.org/sparql
4153013326,滇池学院,exact_unique_label_only,https://www.wikidata.org/entity/Q112677273,,,2026-10-01,https://query.wikidata.org/sparql
4153013328,丽江文化旅游学院,exact_unique_label_only,https://www.wikidata.org/entity/Q112677274,https://www.lywhxy.com/,,2026-10-01,https://query.wikidata.org/sparql
4153013329,昆明理工大学津桥学院,exact_unique_label_only,https://www.wikidata.org/entity/Q55697487,,,2026-10-01,https://query.wikidata.org/sparql
4153013330,昆明城市学院,exact_unique_classed,https://www.wikidata.org/entity/Q8061331,http://www.ynnubs.com/eng/ENG.htm|https://www.kmcc.edu.cn/,2000,2026-10-01,https://query.wikidata.org/sparql
4153013331,昆明文理学院,exact_unique_label_only,https://www.wikidata.org/entity/Q112677276,https://www.caskm.cn/,2000,2026-10-01,https://query.wikidata.org/sparql
4153013332,昆明医科大学海源学院,exact_unique_label_only,https://www.wikidata.org/entity/Q112677277,,,2026-10-01,https://query.wikidata.org/sparql
4153013333,昆明传媒学院,exact_unique_label_only,https://www.wikidata.org/entity/Q10881022,http://www.whxyart.cn/,2004,2026-10-01,https://query.wikidata.org/sparql
4153013909,云南工商学院,exact_unique_label_only,https://www.wikidata.org/entity/Q112677278,,,2026-10-01,https://query.wikidata.org/sparql
4153014092,滇西科技师范学院,exact_unique_classed,https://www.wikidata.org/entity/Q48936353,http://gjjlhzc.wynu.edu.cn/|http://www.wynu.edu.cn/,1978,2026-10-01,https://query.wikidata.org/sparql
4153014623,滇西应用技术大学,exact_unique_label_only,https://www.wikidata.org/entity/Q30946124,https://www.wyuas.edu.cn/,2017,2026-10-01,https://query.wikidata.org/sparql
4153014015,丽江师范学院,exact_unique_label_only,https://www.wikidata.org/entity/Q112677298,https://www.lj-edu.cn/,,2026-10-01,https://query.wikidata.org/sparql
4153014016,德宏师范学院,exact_unique_label_only,https://www.wikidata.org/entity/Q60994734,http://www.dhecw.cn,,2026-10-01,https://query.wikidata.org/sparql
4153014012,曲靖健康医学院,exact_unique_label_only,https://www.wikidata.org/entity/Q48936507,https://www.qjmc.edu.cn/,1958,2026-10-01,https://query.wikidata.org/sparql
4153011557,昆明冶金职业大学,exact_unique_label_only,https://www.wikidata.org/entity/Q6444886,http://www.kmyz.edu.cn/,1952,2026-10-01,https://query.wikidata.org/sparql
4153014212,昆明科技职业大学,exact_unique_label_only,https://www.wikidata.org/entity/Q112677301,,1997,2026-10-01,https://query.wikidata.org/sparql
4153012357,云南交通职业技术大学,exact_unique_label_only,https://www.wikidata.org/entity/Q140367914,https://www.ynjtc.edu.cn/,2026,2026-10-01,https://query.wikidata.org/sparql
4154010693,西藏农牧大学,exact_unique_label_only,https://www.wikidata.org/entity/Q48936328,http://www.xza.edu.cn/,,2026-10-01,https://query.wikidata.org/sparql
4154010694,西藏大学,exact_unique_classed,https://www.wikidata.org/entity/Q1322553,https://www.utibet.edu.cn,1985,2026-10-01,https://query.wikidata.org/sparql
4154010695,西藏民族大学,exact_unique_classed,https://www.wikidata.org/entity/Q2431406,http://www.xzmy.edu.cn,1958,2026-10-01,https://query.wikidata.org/sparql
4154010696,西藏藏医药大学,exact_unique_label_only,https://www.wikidata.org/entity/Q17065828,http://www.ttmc.edu.cn/,1989,2026-10-01,https://query.wikidata.org/sparql
4154012481,拉萨师范学院,exact_unique_label_only,https://www.wikidata.org/entity/Q11077069,http://www.xzlssf.org/,,2026-10-01,https://query.wikidata.org/sparql
4161010697,西北大学,exact_unique_classed,https://www.wikidata.org/entity/Q2496116,http://www.nwu.edu.cn/,1902,2026-10-01,https://query.wikidata.org/sparql
4161010698,西安交通大学,exact_unique_classed,https://www.wikidata.org/entity/Q981237,http://www.xjtu.edu.cn/,,2026-10-01,https://query.wikidata.org/sparql
4161010699,西北工业大学,exact_unique_classed,https://www.wikidata.org/entity/Q832550,http://www.nwpu.edu.cn/,1938,2026-10-01,https://query.wikidata.org/sparql
4161010700,西安理工大学,exact_unique_classed,https://www.wikidata.org/entity/Q11627597,https://www.xaut.edu.cn/,1949,2026-10-01,https://query.wikidata.org/sparql
4161010701,西安电子科技大学,exact_unique_classed,https://www.wikidata.org/entity/Q649906,http://www.xidian.edu.cn/,1931,2026-10-01,https://query.wikidata.org/sparql
4161010702,西安工业大学,exact_unique_label_only,https://www.wikidata.org/entity/Q17066865,http://www.xatu.cn/,1955,2026-10-01,https://query.wikidata.org/sparql
4161010703,西安建筑科技大学,exact_unique_classed,https://www.wikidata.org/entity/Q4418179,http://www.xauat.edu.cn/zh-cn/index.php,1895,2026-10-01,https://query.wikidata.org/sparql
4161010704,西安科技大学,exact_unique_classed,https://www.wikidata.org/entity/Q8044029,http://www.xust.edu.cn,1958,2026-10-01,https://query.wikidata.org/sparql
4161010705,西安石油大学,exact_unique_classed,https://www.wikidata.org/entity/Q8044031,https://english.xsyu.edu.cn/|https://www.xsyu.edu.cn/,1951,2026-10-01,https://query.wikidata.org/sparql
4161010708,陕西科技大学,exact_unique_classed,https://www.wikidata.org/entity/Q7459941,http://www.sust.edu.cn/,1958,2026-10-01,https://query.wikidata.org/sparql
4161010709,西安工程大学,exact_unique_classed,https://www.wikidata.org/entity/Q8044030,http://www.xpu.edu.cn/,1912,2026-10-01,https://query.wikidata.org/sparql
4161010710,长安大学,exact_unique_classed,https://www.wikidata.org/entity/Q5071561,https://www.chd.edu.cn/,2000,2026-10-01,https://query.wikidata.org/sparql
4161010712,西北农林科技大学,exact_unique_classed,https://www.wikidata.org/entity/Q985808,http://www.nwsuaf.edu.cn/,1934,2026-10-01,https://query.wikidata.org/sparql
4161010716,陕西中医药大学,exact_unique_classed,https://www.wikidata.org/entity/Q7459940,http://www.sntcm.edu.cn,1952,2026-10-01,https://query.wikidata.org/sparql
4161010718,陕西师范大学,exact_unique_classed,https://www.wikidata.org/entity/Q5932856,https://www.snnu.edu.cn/,1944,2026-10-01,https://query.wikidata.org/sparql
4161010719,延安大学,exact_unique_label_only,https://www.wikidata.org/entity/Q4538401,http://www.yau.edu.cn/,1941,2026-10-01,https://query.wikidata.org/sparql
4161010720,陕西理工大学,exact_unique_classed,https://www.wikidata.org/entity/Q15902203,http://www.snut.edu.cn/,2001,2026-10-01,https://query.wikidata.org/sparql
4161010721,宝鸡文理学院,exact_unique_classed,https://www.wikidata.org/entity/Q20743752,https://www.bjwlxy.cn/,1958,2026-10-01,https://query.wikidata.org/sparql
4161010722,咸阳师范学院,exact_unique_label_only,https://www.wikidata.org/entity/Q30260694,http://www.xysfxy.cn/,1978,2026-10-01,https://query.wikidata.org/sparql
4161010723,渭南师范学院,exact_unique_classed,https://www.wikidata.org/entity/Q15915466,https://www.wnu.edu.cn/,1923,2026-10-01,https://query.wikidata.org/sparql
4161010724,西安外国语大学,exact_unique_classed,https://www.wikidata.org/entity/Q3551564,https://www.xisu.edu.cn/,1952,2026-10-01,https://query.wikidata.org/sparql
4161010726,西北政法大学,exact_unique_classed,https://www.wikidata.org/entity/Q7060266,https://en.nwupl.edu.cn/|https://www.nwupl.edu.cn/index.html,1937,2026-10-01,https://query.wikidata.org/sparql
4161010727,西安体育学院,exact_unique_label_only,https://www.wikidata.org/entity/Q15902057,http://www.xaipe.edu.cn/,,2026-10-01,https://query.wikidata.org/sparql
4161010728,西安音乐学院,exact_unique_label_only,https://www.wikidata.org/entity/Q8044022,http://www.xacom.edu.cn,1949,2026-10-01,https://query.wikidata.org/sparql
4161010729,西安美术学院,exact_unique_label_only,https://www.wikidata.org/entity/Q15949940,http://www.xafa.edu.cn/,1949,2026-10-01,https://query.wikidata.org/sparql
4161011080,西安文理学院,exact_unique_classed,https://www.wikidata.org/entity/Q15932879,http://english.xawl.org/|http://www.xawl.org/,2003,2026-10-01,https://query.wikidata.org/sparql
4161011395,榆林大学,exact_unique_classed,https://www.wikidata.org/entity/Q27963770,http://english.yulinu.edu.cn|https://www.yulinu.edu.cn/,,2026-10-01,https://query.wikidata.org/sparql
4161011396,商洛学院,exact_unique_label_only,https://www.wikidata.org/entity/Q30273009,http://www.slxy.cn/,1976,2026-10-01,https://query.wikidata.org/sparql
4161011397,安康学院,exact_unique_classed,https://www.wikidata.org/entity/Q15964716,http://www.aku.edu.cn/english/index_en.jsp?wbtreeid=1154,,2026-10-01,https://query.wikidata.org/sparql
4161011400,西安培华学院,exact_unique_label_only,https://www.wikidata.org/entity/Q52848295,http://www.peihua.cn/,1928,2026-10-01,https://query.wikidata.org/sparql
4161011560,西安财经大学,exact_unique_classed,https://www.wikidata.org/entity/Q17499695,http://www.xaufe.edu.cn/English/survey.html,1579,2026-10-01,https://query.wikidata.org/sparql
4161011664,西安邮电大学,exact_unique_label_only,https://www.wikidata.org/entity/Q15898098,http://english.xupt.edu.cn/|http://www.xupt.edu.cn,1950,2026-10-01,https://query.wikidata.org/sparql
4161011736,西安航空学院,exact_unique_label_only,https://www.wikidata.org/entity/Q17066894,http://www.xihangzh.com/,1955,2026-10-01,https://query.wikidata.org/sparql
4161011840,西安医学院,exact_unique_label_only,https://www.wikidata.org/entity/Q17066859,http://www.xiyi.edu.cn,1951,2026-10-01,https://query.wikidata.org/sparql
4161012712,西安欧亚学院,exact_unique_classed,https://www.wikidata.org/entity/Q4418173,http://www.eurasia.edu/,1995,2026-10-01,https://query.wikidata.org/sparql
4161012713,西安外事学院,exact_unique_classed,https://www.wikidata.org/entity/Q15927225,http://www.xaiu.edu.cn/,1992,2026-10-01,https://query.wikidata.org/sparql
4161012714,西安翻译学院,exact_unique_label_only,https://www.wikidata.org/entity/Q15931997,http://www.xafy.edu.cn,,2026-10-01,https://query.wikidata.org/sparql
4161012715,西京学院,exact_unique_label_only,https://www.wikidata.org/entity/Q17062992,http://www.xijing.edu.cn/en/,1935,2026-10-01,https://query.wikidata.org/sparql
4161013121,西安思源学院,exact_unique_label_only,https://www.wikidata.org/entity/Q52848306,http://www.xasyu.cn/english/sy-English.htm,,2026-10-01,https://query.wikidata.org/sparql
4161013123,陕西国际商贸学院,exact_unique_label_only,https://www.wikidata.org/entity/Q52851851,http://www.csiic.com/,1997,2026-10-01,https://query.wikidata.org/sparql
4161013125,陕西服装工程学院,exact_unique_label_only,https://www.wikidata.org/entity/Q112677329,,,2026-10-01,https://query.wikidata.org/sparql
4161013569,西安交通工程学院,exact_unique_label_only,https://www.wikidata.org/entity/Q112677330,,,2026-10-01,https://query.wikidata.org/sparql
4161013677,西安交通大学城市学院,exact_unique_label_only,https://www.wikidata.org/entity/Q15925868,http://www.xjtucc.edu.cn/,,2026-10-01,https://query.wikidata.org/sparql
4161013678,西北大学现代学院,exact_unique_label_only,https://www.wikidata.org/entity/Q112677332,https://www.xdxd.cn/,,2026-10-01,https://query.wikidata.org/sparql
4161013679,西安建筑科技大学华清学院,exact_unique_label_only,https://www.wikidata.org/entity/Q112677333,,,2026-10-01,https://query.wikidata.org/sparql
4161013680,西安财经大学行知学院,exact_unique_label_only,https://www.wikidata.org/entity/Q112677336,,,2026-10-01,https://query.wikidata.org/sparql
4161013681,陕西科技大学镐京学院,exact_unique_label_only,https://www.wikidata.org/entity/Q112677337,,,2026-10-01,https://query.wikidata.org/sparql
4161013682,西安工商学院,exact_unique_label_only,https://www.wikidata.org/entity/Q112677338,,,2026-10-01,https://query.wikidata.org/sparql
4161013683,延安大学西安创新学院,exact_unique_label_only,https://www.wikidata.org/entity/Q112677339,,,2026-10-01,https://query.wikidata.org/sparql
4161013685,西安电子科技大学长安学院,exact_unique_label_only,https://www.wikidata.org/entity/Q112677340,,2004,2026-10-01,https://query.wikidata.org/sparql
4161013738,西安汽车职业大学,exact_unique_label_only,https://www.wikidata.org/entity/Q112677341,https://www.xvua.edu.cn/,,2026-10-01,https://query.wikidata.org/sparql
4161013894,西安明德理工学院,exact_unique_label_only,https://www.wikidata.org/entity/Q112677343,https://www.mdit.edu.cn/,,2026-10-01,https://query.wikidata.org/sparql
4161014030,西安信息职业大学,exact_unique_label_only,https://www.wikidata.org/entity/Q112677344,,,2026-10-01,https://query.wikidata.org/sparql
4161014034,长安大学兴华学院,exact_unique_label_only,https://www.wikidata.org/entity/Q112677345,,,2026-10-01,https://query.wikidata.org/sparql
4161014041,西安理工大学高科学院,exact_unique_label_only,https://www.wikidata.org/entity/Q112677347,,,2026-10-01,https://query.wikidata.org/sparql
4161014042,西安科技大学高新学院,exact_unique_label_only,https://www.wikidata.org/entity/Q112677348,http://www.gaoxinedu.com/,2006,2026-10-01,https://query.wikidata.org/sparql
4161014390,陕西学前师范学院,exact_unique_label_only,https://www.wikidata.org/entity/Q48936493,http://www.snie.edu.cn/,1963,2026-10-01,https://query.wikidata.org/sparql
4161013819,陕西警察学院,exact_unique_label_only,https://www.wikidata.org/entity/Q112677364,https://www.sxjgxy.edu.cn/,,2026-10-01,https://query.wikidata.org/sparql
4161010966,陕西农林职业技术大学,exact_unique_label_only,https://www.wikidata.org/entity/Q15934193,https://www.ylvtc.cn/,,2026-10-01,https://query.wikidata.org/sparql
4161010828,陕西工业职业技术大学,exact_unique_label_only,https://www.wikidata.org/entity/Q17034097,http://www.sxpi.edu.cn/,1999,2026-10-01,https://query.wikidata.org/sparql
4161014945,西安戏剧学院,exact_unique_label_only,https://www.wikidata.org/entity/Q134860224,https://www.xaad.edu.cn/,2025,2026-10-01,https://query.wikidata.org/sparql
4162010730,兰州大学,exact_unique_classed,https://www.wikidata.org/entity/Q4475799,http://www.lzu.edu.cn/,1909,2026-10-01,https://query.wikidata.org/sparql
4162010731,兰州理工大学,exact_unique_classed,https://www.wikidata.org/entity/Q6487721,http://www.lut.edu.cn/,1919,2026-10-01,https://query.wikidata.org/sparql
4162010732,兰州交通大学,exact_unique_classed,https://www.wikidata.org/entity/Q10893606,http://www.lzjtu.cn/,1958,2026-10-01,https://query.wikidata.org/sparql
4162010733,甘肃农业大学,exact_unique_classed,https://www.wikidata.org/entity/Q5521505,http://www.at0086.com/GSAU/,,2026-10-01,https://query.wikidata.org/sparql
4162010735,甘肃中医药大学,exact_unique_label_only,https://www.wikidata.org/entity/Q19853187,http://www.gszy.edu.cn/,1978,2026-10-01,https://query.wikidata.org/sparql
4162010736,西北师范大学,exact_unique_classed,https://www.wikidata.org/entity/Q2120270,http://www.nwnu.edu.cn,1902,2026-10-01,https://query.wikidata.org/sparql
4162010737,兰州城市学院,exact_unique_label_only,https://www.wikidata.org/entity/Q18110694,http://www.lzcu.edu.cn/,2006,2026-10-01,https://query.wikidata.org/sparql
4162010738,陇东学院,exact_unique_classed,https://www.wikidata.org/entity/Q18119361,http://www.ldxy.edu.cn/,1978,2026-10-01,https://query.wikidata.org/sparql
4162010739,天水师范大学,exact_unique_classed,https://www.wikidata.org/entity/Q48936485,https://www.tsnu.edu.cn/,,2026-10-01,https://query.wikidata.org/sparql
4162010740,河西学院,exact_unique_classed,https://www.wikidata.org/entity/Q19855981,http://www.hxu.edu.cn/,1941,2026-10-01,https://query.wikidata.org/sparql
4162010741,兰州财经大学,exact_unique_label_only,https://www.wikidata.org/entity/Q19851895,http://www.lzufe.edu.cn,,2026-10-01,https://query.wikidata.org/sparql
4162010742,西北民族大学,exact_unique_classed,https://www.wikidata.org/entity/Q7060264,http://www.xbmu.edu.cn/,1950,2026-10-01,https://query.wikidata.org/sparql
4162011406,甘肃政法大学,exact_unique_label_only,https://www.wikidata.org/entity/Q112677400,,,2026-10-01,https://query.wikidata.org/sparql
4162011561,甘肃民族师范学院,exact_unique_label_only,https://www.wikidata.org/entity/Q48936487,http://www.gnun.edu.cn/,1984,2026-10-01,https://query.wikidata.org/sparql
4162011562,兰州文理学院,exact_unique_label_only,https://www.wikidata.org/entity/Q17019687,https://www.luas.edu.cn/,,2026-10-01,https://query.wikidata.org/sparql
4162011805,甘肃医学院,exact_unique_classed,https://www.wikidata.org/entity/Q19856085,https://www.gsmc.edu.cn/,2003,2026-10-01,https://query.wikidata.org/sparql
4162011807,兰州工业学院,exact_unique_label_only,https://www.wikidata.org/entity/Q48936483,https://www.lzit.edu.cn/,,2026-10-01,https://query.wikidata.org/sparql
4162016209,兰州石化职业技术大学,exact_unique_label_only,https://www.wikidata.org/entity/Q15891394,,,2026-10-01,https://query.wikidata.org/sparql
4162013511,兰州工商学院,exact_unique_label_only,https://www.wikidata.org/entity/Q112677402,https://www.lanzhoutbc.cn/,2000,2026-10-01,https://query.wikidata.org/sparql
4162016208,兰州资源环境职业技术大学,exact_unique_label_only,https://www.wikidata.org/entity/Q15893422,https://www.lzre.edu.cn/,,2026-10-01,https://query.wikidata.org/sparql
4162013514,兰州博文科技学院,exact_unique_label_only,https://www.wikidata.org/entity/Q109346200,http://www.bowenedu.cn/w/Default.htm,2002,2026-10-01,https://query.wikidata.org/sparql
4162013515,兰州信息科技学院,exact_unique_label_only,https://www.wikidata.org/entity/Q112677404,http://www.lzxk.edu.cn/,2002,2026-10-01,https://query.wikidata.org/sparql
4162011806,陇南师范学院,exact_unique_label_only,https://www.wikidata.org/entity/Q112677405,https://www.lntc.edu.cn/,,2026-10-01,https://query.wikidata.org/sparql
4162012834,甘肃警察学院,exact_unique_label_only,https://www.wikidata.org/entity/Q18718691,https://www.gsjcxy.edu.cn/,,2026-10-01,https://query.wikidata.org/sparql
4162012835,甘肃林业职业技术大学,exact_unique_label_only,https://www.wikidata.org/entity/Q112677413,https://www.gsfc.edu.cn/,,2026-10-01,https://query.wikidata.org/sparql
4162012539,酒泉职业技术大学,exact_unique_label_only,https://www.wikidata.org/entity/Q112677408,https://www.jqzy.edu.cn/,,2026-10-01,https://query.wikidata.org/sparql
4162012836,甘肃工业职业技术大学,exact_unique_label_only,https://www.wikidata.org/entity/Q134555240,,2025,2026-10-01,https://query.wikidata.org/sparql
4162013518,武威职业技术大学,exact_unique_label_only,https://www.wikidata.org/entity/Q112677415,,,2026-10-01,https://query.wikidata.org/sparql
4163010743,青海大学,exact_unique_classed,https://www.wikidata.org/entity/Q7267826,http://www.qhu.edu.cn/,1958,2026-10-01,https://query.wikidata.org/sparql
4163010746,青海师范大学,exact_unique_classed,https://www.wikidata.org/entity/Q7267825,https://www.qhnu.edu.cn/,1956,2026-10-01,https://query.wikidata.org/sparql
4163010748,青海民族大学,exact_unique_classed,https://www.wikidata.org/entity/Q7267828,,1949,2026-10-01,https://query.wikidata.org/sparql
4163013674,青海大学昆仑学院,exact_unique_label_only,https://www.wikidata.org/entity/Q55697588,,,2026-10-01,https://query.wikidata.org/sparql
4163014881,青海理工学院,exact_unique_label_only,https://www.wikidata.org/entity/Q126868970,https://www.qhit.edu.cn/,2024,2026-10-01,https://query.wikidata.org/sparql
4163012973,青海职业技术大学,exact_unique_label_only,https://www.wikidata.org/entity/Q112677436,,,2026-10-01,https://query.wikidata.org/sparql
4164010749,宁夏大学,exact_unique_classed,https://www.wikidata.org/entity/Q4117334,http://www.nxu.edu.cn/,1958,2026-10-01,https://query.wikidata.org/sparql
4164010752,宁夏医科大学,exact_unique_label_only,https://www.wikidata.org/entity/Q10945849,https://www.nxmu.edu.cn/,1958,2026-10-01,https://query.wikidata.org/sparql
4164010753,宁夏师范大学,exact_unique_label_only,https://www.wikidata.org/entity/Q10945865,https://www.nxnu.edu.cn/,,2026-10-01,https://query.wikidata.org/sparql
4164011407,北方民族大学,exact_unique_classed,https://www.wikidata.org/entity/Q10903058,https://en.nmu.edu.cn/,1984,2026-10-01,https://query.wikidata.org/sparql
4164012544,宁夏理工学院,exact_unique_label_only,https://www.wikidata.org/entity/Q10945871,http://www.nist.edu.cn/,,2026-10-01,https://query.wikidata.org/sparql
4164013325,宁夏大学新华学院,exact_unique_label_only,https://www.wikidata.org/entity/Q55697440,https://xinhua.nxu.edu.cn/,2002,2026-10-01,https://query.wikidata.org/sparql
4164013820,银川能源学院,exact_unique_label_only,https://www.wikidata.org/entity/Q55697578,,,2026-10-01,https://query.wikidata.org/sparql
4164014200,银川科技学院,exact_unique_label_only,https://www.wikidata.org/entity/Q55697376,http://www.cumtyc.com.cn/|https://www.ycust.com/,,2026-10-01,https://query.wikidata.org/sparql
4164013086,宁夏职业技术大学,exact_unique_label_only,https://www.wikidata.org/entity/Q10945872,https://www.nxtc.edu.cn/,,2026-10-01,https://query.wikidata.org/sparql
4164013087,宁夏工商职业技术大学,exact_unique_label_only,https://www.wikidata.org/entity/Q112677446,https://www.nxgs.edu.cn/,,2026-10-01,https://query.wikidata.org/sparql
4164014986,宁夏应用技术学院,exact_unique_label_only,https://www.wikidata.org/entity/Q141248325,,2026,2026-10-01,https://query.wikidata.org/sparql
4165010755,新疆大学,exact_unique_classed,https://www.wikidata.org/entity/Q985578,https://www.xju.edu.cn,1924,2026-10-01,https://query.wikidata.org/sparql
4165010757,塔里木大学,exact_unique_classed,https://www.wikidata.org/entity/Q10930950,http://www.taru.edu.cn,1958,2026-10-01,https://query.wikidata.org/sparql
4165010758,新疆农业大学,exact_unique_classed,https://www.wikidata.org/entity/Q8044607,http://www.xjau.edu.cn/,1952,2026-10-01,https://query.wikidata.org/sparql
4165010759,石河子大学,exact_unique_classed,https://www.wikidata.org/entity/Q2578027,https://www.shzuni.com,1949,2026-10-01,https://query.wikidata.org/sparql
4165010760,新疆医科大学,exact_unique_label_only,https://www.wikidata.org/entity/Q5977995,https://www.xjmu.edu.cn/,1956,2026-10-01,https://query.wikidata.org/sparql
4165010762,新疆师范大学,exact_unique_classed,https://www.wikidata.org/entity/Q11083651,https://www.xjnu.edu.cn/,1978,2026-10-01,https://query.wikidata.org/sparql
4165010763,喀什大学,exact_unique_classed,https://www.wikidata.org/entity/Q6840044,http://www.ksu.edu.cn,1962,2026-10-01,https://query.wikidata.org/sparql
4165010764,伊犁师范大学,exact_unique_label_only,https://www.wikidata.org/entity/Q10885058,http://www.ylsy.edu.cn/,1948,2026-10-01,https://query.wikidata.org/sparql
4165010766,新疆财经大学,exact_unique_classed,https://www.wikidata.org/entity/Q8044618,http://www.xjufe.edu.cn,1950,2026-10-01,https://query.wikidata.org/sparql
4165010768,新疆艺术学院,exact_unique_classed,https://www.wikidata.org/entity/Q8044610,https://www.xjart.edu.cn/,1958,2026-10-01,https://query.wikidata.org/sparql
4165010994,新疆工程学院,exact_unique_label_only,https://www.wikidata.org/entity/Q15932909,http://www.xjie.edu.cn/,1958,2026-10-01,https://query.wikidata.org/sparql
4165010997,昌吉学院,exact_unique_label_only,https://www.wikidata.org/entity/Q30266576,http://www.cjc.edu.cn/,1959,2026-10-01,https://query.wikidata.org/sparql
4165012734,新疆警察学院,exact_unique_label_only,https://www.wikidata.org/entity/Q15944394,http://www.xjjz.cn|http://www.xjpcedu.cn/,1950,2026-10-01,https://query.wikidata.org/sparql
4165013558,新疆理工学院,exact_unique_classed,https://www.wikidata.org/entity/Q65058031,http://www.xjistedu.cn/,2002,2026-10-01,https://query.wikidata.org/sparql
4165013559,新疆农业大学科学技术学院,exact_unique_label_only,https://www.wikidata.org/entity/Q112677458,,,2026-10-01,https://query.wikidata.org/sparql
4165013560,新疆第二医学院,exact_unique_label_only,https://www.wikidata.org/entity/Q109258894,http://www.xjsmc.edu.cn/,,2026-10-01,https://query.wikidata.org/sparql
4165013561,新疆科技学院,exact_unique_label_only,https://www.wikidata.org/entity/Q97347483,http://www.xjust.edu.cn/,2004,2026-10-01,https://query.wikidata.org/sparql
4165013628,新疆政法学院,exact_unique_label_only,https://www.wikidata.org/entity/Q48903553,http://www.xjzfu.edu.cn/,,2026-10-01,https://query.wikidata.org/sparql
4165013727,新疆天山职业技术大学,exact_unique_label_only,https://www.wikidata.org/entity/Q17025404,http://www.xjtsxy.cn,1993,2026-10-01,https://query.wikidata.org/sparql
4165010765,新疆和田学院,exact_unique_label_only,https://www.wikidata.org/entity/Q112677464,https://www.htnc.edu.cn/,,2026-10-01,https://query.wikidata.org/sparql
4165010995,新疆农业职业技术大学,exact_unique_label_only,https://www.wikidata.org/entity/Q112677466,https://www.xjnzy.edu.cn/,,2026-10-01,https://query.wikidata.org/sparql
4165014897,新疆工业学院,exact_unique_label_only,https://www.wikidata.org/entity/Q133447944,https://www.xjut.edu.cn/,2025,2026-10-01,https://query.wikidata.org/sparql
4165011565,乌鲁木齐职业大学,exact_unique_label_only,https://www.wikidata.org/entity/Q17015468,http://www.uvu.edu.cn|http://www.uvu.edu.cn/index.htm,1985,2026-10-01,https://query.wikidata.org/sparql
4165013926,新疆交通职业技术大学,exact_unique_label_only,https://www.wikidata.org/entity/Q15924572,http://www.xjjtedu.com,1953,2026-10-01,https://query.wikidata.org/sparql
4165014946,塔里木理工学院,exact_unique_label_only,https://www.wikidata.org/entity/Q134862112,,2025,2026-10-01,https://query.wikidata.org/sparql
4165014947,新疆理工职业大学,exact_unique_label_only,https://www.wikidata.org/entity/Q134862183,,2025,2026-10-01,https://query.wikidata.org/sparql
4165014523,新疆工程职业大学,exact_unique_label_only,https://www.wikidata.org/entity/Q112677483,https://btc.edu.cn/,,2026-10-01,https://query.wikidata.org/sparql
4165014987,新疆昆仑科技学院,exact_unique_label_only,https://www.wikidata.org/entity/Q140723924,,2026,2026-10-01,https://query.wikidata.org/sparql
4165014489,新疆能源铁道职业技术大学,exact_unique_label_only,https://www.wikidata.org/entity/Q141251239,https://www.xjrvtc.edu.cn/,2026,2026-10-01,https://query.wikidata.org/sparql
4165013956,石河子职业技术大学,exact_unique_label_only,https://www.wikidata.org/entity/Q15936006,https://www.shzv.edu.cn/,2004,2026-10-01,https://query.wikidata.org/sparql
4165012514,新疆工业职业技术大学,exact_unique_label_only,https://www.wikidata.org/entity/Q112677501,,,2026-10-01,https://query.wikidata.org/sparql
