school_code,name_zh,kind,title,url,license,commit,source,profile_path
4111010001,北京大学,beamer_theme,北京大学社区Beamer主题,https://github.com/inFaaa/PKU-Beamer-Theme,,bdec7b9a8102a019ffdff670b3f96469ffb094ae,https://github.com/inFaaa/PKU-Beamer-Theme/blob/bdec7b9a8102a019ffdff670b3f96469ffb094ae/README.md,universities/北京市/4111010001/profile.yaml
4111010001,北京大学,logo_reference,社区高校校徽字体索引,https://github.com/lovefc/china_school_badge,Apache-2.0,04f59e07f4b809acc60493324af5ca4aa610153d,https://github.com/lovefc/china_school_badge/blob/04f59e07f4b809acc60493324af5ca4aa610153d/css/fcicon.css,universities/北京市/4111010001/profile.yaml
4111010001,北京大学,history_reference,中国高校校史社区资料与可视化,https://github.com/jtchen2k/hcu,GPL-3.0,8aeab521eb07d38a273318b8123caabf332e66e4,https://github.com/jtchen2k/hcu/blob/8aeab521eb07d38a273318b8123caabf332e66e4/src/data/uni_info.json,universities/北京市/4111010001/profile.yaml
4111010001,北京大学,tikz_logo_source,北京大学社区TikZ矢量标识源码,https://github.com/yuxtech/cnlogo/blob/daca8906123ca61186218ddda7369f95cc65a664/cnlogo/pku.tex,源代码声明AGPL-3.0；LICENSE将Logos/graphics排除在该许可之外,daca8906123ca61186218ddda7369f95cc65a664,https://github.com/yuxtech/cnlogo/blob/daca8906123ca61186218ddda7369f95cc65a664/README.md,universities/北京市/4111010001/profile.yaml
4111010002,中国人民大学,logo_reference,社区高校校徽字体索引,https://github.com/lovefc/china_school_badge,Apache-2.0,04f59e07f4b809acc60493324af5ca4aa610153d,https://github.com/lovefc/china_school_badge/blob/04f59e07f4b809acc60493324af5ca4aa610153d/css/fcicon.css,universities/北京市/4111010002/profile.yaml
4111010002,中国人民大学,history_reference,中国高校校史社区资料与可视化,https://github.com/jtchen2k/hcu,GPL-3.0,8aeab521eb07d38a273318b8123caabf332e66e4,https://github.com/jtchen2k/hcu/blob/8aeab521eb07d38a273318b8123caabf332e66e4/src/data/uni_info.json,universities/北京市/4111010002/profile.yaml
4111010002,中国人民大学,tikz_logo_source,中国人民大学社区TikZ矢量标识源码,https://github.com/yuxtech/cnlogo/blob/daca8906123ca61186218ddda7369f95cc65a664/cnlogo/ruc.tex,源代码声明AGPL-3.0；LICENSE将Logos/graphics排除在该许可之外,daca8906123ca61186218ddda7369f95cc65a664,https://github.com/yuxtech/cnlogo/blob/daca8906123ca61186218ddda7369f95cc65a664/README.md,universities/北京市/4111010002/profile.yaml
4111010003,清华大学,beamer_theme,清华大学社区Beamer主题,https://github.com/tuna/THU-Beamer-Theme,LPPL-1.3c,061f088d1c7e4b2d2f1f581f3745945ecbb63f25,https://github.com/tuna/THU-Beamer-Theme/blob/061f088d1c7e4b2d2f1f581f3745945ecbb63f25/README.md,universities/北京市/4111010003/profile.yaml
4111010003,清华大学,beamer_theme,College Beamer社区高校主题集合,https://github.com/liu-qilong/college-beamer,CC-BY-4.0,b70b18b39752ff327506b5cf012b5011a4e82bd9,https://github.com/liu-qilong/college-beamer/blob/b70b18b39752ff327506b5cf012b5011a4e82bd9/README.md,universities/北京市/4111010003/profile.yaml
4111010003,清华大学,logo_reference,社区高校校徽字体索引,https://github.com/lovefc/china_school_badge,Apache-2.0,04f59e07f4b809acc60493324af5ca4aa610153d,https://github.com/lovefc/china_school_badge/blob/04f59e07f4b809acc60493324af5ca4aa610153d/css/fcicon.css,universities/北京市/4111010003/profile.yaml
4111010003,清华大学,history_reference,中国高校校史社区资料与可视化,https://github.com/jtchen2k/hcu,GPL-3.0,8aeab521eb07d38a273318b8123caabf332e66e4,https://github.com/jtchen2k/hcu/blob/8aeab521eb07d38a273318b8123caabf332e66e4/src/data/uni_info.json,universities/北京市/4111010003/profile.yaml
4111010003,清华大学,tikz_logo_source,清华大学社区TikZ矢量标识源码,https://github.com/yuxtech/cnlogo/blob/daca8906123ca61186218ddda7369f95cc65a664/cnlogo/thu.tex,源代码声明AGPL-3.0；LICENSE将Logos/graphics排除在该许可之外,daca8906123ca61186218ddda7369f95cc65a664,https://github.com/yuxtech/cnlogo/blob/daca8906123ca61186218ddda7369f95cc65a664/README.md,universities/北京市/4111010003/profile.yaml
4111010004,北京交通大学,beamer_theme,College Beamer社区高校主题集合,https://github.com/liu-qilong/college-beamer,CC-BY-4.0,b70b18b39752ff327506b5cf012b5011a4e82bd9,https://github.com/liu-qilong/college-beamer/blob/b70b18b39752ff327506b5cf012b5011a4e82bd9/README.md,universities/北京市/4111010004/profile.yaml
4111010004,北京交通大学,logo_reference,社区高校校徽字体索引,https://github.com/lovefc/china_school_badge,Apache-2.0,04f59e07f4b809acc60493324af5ca4aa610153d,https://github.com/lovefc/china_school_badge/blob/04f59e07f4b809acc60493324af5ca4aa610153d/css/fcicon.css,universities/北京市/4111010004/profile.yaml
4111010004,北京交通大学,history_reference,中国高校校史社区资料与可视化,https://github.com/jtchen2k/hcu,GPL-3.0,8aeab521eb07d38a273318b8123caabf332e66e4,https://github.com/jtchen2k/hcu/blob/8aeab521eb07d38a273318b8123caabf332e66e4/src/data/uni_info.json,universities/北京市/4111010004/profile.yaml
4111010004,北京交通大学,tikz_logo_source,北京交通大学社区TikZ矢量标识源码,https://github.com/yuxtech/cnlogo/blob/daca8906123ca61186218ddda7369f95cc65a664/cnlogo/bjtu.tex,源代码声明AGPL-3.0；LICENSE将Logos/graphics排除在该许可之外,daca8906123ca61186218ddda7369f95cc65a664,https://github.com/yuxtech/cnlogo/blob/daca8906123ca61186218ddda7369f95cc65a664/README.md,universities/北京市/4111010004/profile.yaml
4111010005,北京工业大学,beamer_theme,College Beamer社区高校主题集合,https://github.com/liu-qilong/college-beamer,CC-BY-4.0,b70b18b39752ff327506b5cf012b5011a4e82bd9,https://github.com/liu-qilong/college-beamer/blob/b70b18b39752ff327506b5cf012b5011a4e82bd9/README.md,universities/北京市/4111010005/profile.yaml
4111010005,北京工业大学,history_reference,中国高校校史社区资料与可视化,https://github.com/jtchen2k/hcu,GPL-3.0,8aeab521eb07d38a273318b8123caabf332e66e4,https://github.com/jtchen2k/hcu/blob/8aeab521eb07d38a273318b8123caabf332e66e4/src/data/uni_info.json,universities/北京市/4111010005/profile.yaml
4111010006,北京航空航天大学,logo_reference,社区高校校徽字体索引,https://github.com/lovefc/china_school_badge,Apache-2.0,04f59e07f4b809acc60493324af5ca4aa610153d,https://github.com/lovefc/china_school_badge/blob/04f59e07f4b809acc60493324af5ca4aa610153d/css/fcicon.css,universities/北京市/4111010006/profile.yaml
4111010006,北京航空航天大学,history_reference,中国高校校史社区资料与可视化,https://github.com/jtchen2k/hcu,GPL-3.0,8aeab521eb07d38a273318b8123caabf332e66e4,https://github.com/jtchen2k/hcu/blob/8aeab521eb07d38a273318b8123caabf332e66e4/src/data/uni_info.json,universities/北京市/4111010006/profile.yaml
4111010006,北京航空航天大学,tikz_logo_source,北京航空航天大学社区TikZ矢量标识源码,https://github.com/yuxtech/cnlogo/blob/daca8906123ca61186218ddda7369f95cc65a664/cnlogo/bhu.tex,源代码声明AGPL-3.0；LICENSE将Logos/graphics排除在该许可之外,daca8906123ca61186218ddda7369f95cc65a664,https://github.com/yuxtech/cnlogo/blob/daca8906123ca61186218ddda7369f95cc65a664/README.md,universities/北京市/4111010006/profile.yaml
4111010007,北京理工大学,logo_reference,社区高校校徽字体索引,https://github.com/lovefc/china_school_badge,Apache-2.0,04f59e07f4b809acc60493324af5ca4aa610153d,https://github.com/lovefc/china_school_badge/blob/04f59e07f4b809acc60493324af5ca4aa610153d/css/fcicon.css,universities/北京市/4111010007/profile.yaml
4111010007,北京理工大学,history_reference,中国高校校史社区资料与可视化,https://github.com/jtchen2k/hcu,GPL-3.0,8aeab521eb07d38a273318b8123caabf332e66e4,https://github.com/jtchen2k/hcu/blob/8aeab521eb07d38a273318b8123caabf332e66e4/src/data/uni_info.json,universities/北京市/4111010007/profile.yaml
4111010008,北京科技大学,logo_reference,社区高校校徽字体索引,https://github.com/lovefc/china_school_badge,Apache-2.0,04f59e07f4b809acc60493324af5ca4aa610153d,https://github.com/lovefc/china_school_badge/blob/04f59e07f4b809acc60493324af5ca4aa610153d/css/fcicon.css,universities/北京市/4111010008/profile.yaml
4111010008,北京科技大学,history_reference,中国高校校史社区资料与可视化,https://github.com/jtchen2k/hcu,GPL-3.0,8aeab521eb07d38a273318b8123caabf332e66e4,https://github.com/jtchen2k/hcu/blob/8aeab521eb07d38a273318b8123caabf332e66e4/src/data/uni_info.json,universities/北京市/4111010008/profile.yaml
4111010008,北京科技大学,tikz_logo_source,北京科技大学社区TikZ矢量标识源码,https://github.com/yuxtech/cnlogo/blob/daca8906123ca61186218ddda7369f95cc65a664/cnlogo/ustb.tex,源代码声明AGPL-3.0；LICENSE将Logos/graphics排除在该许可之外,daca8906123ca61186218ddda7369f95cc65a664,https://github.com/yuxtech/cnlogo/blob/daca8906123ca61186218ddda7369f95cc65a664/README.md,universities/北京市/4111010008/profile.yaml
4111010010,北京化工大学,logo_reference,社区高校校徽字体索引,https://github.com/lovefc/china_school_badge,Apache-2.0,04f59e07f4b809acc60493324af5ca4aa610153d,https://github.com/lovefc/china_school_badge/blob/04f59e07f4b809acc60493324af5ca4aa610153d/css/fcicon.css,universities/北京市/4111010010/profile.yaml
4111010011,北京工商大学,logo_reference,社区高校校徽字体索引,https://github.com/lovefc/china_school_badge,Apache-2.0,04f59e07f4b809acc60493324af5ca4aa610153d,https://github.com/lovefc/china_school_badge/blob/04f59e07f4b809acc60493324af5ca4aa610153d/css/fcicon.css,universities/北京市/4111010011/profile.yaml
4111010013,北京邮电大学,logo_reference,社区高校校徽字体索引,https://github.com/lovefc/china_school_badge,Apache-2.0,04f59e07f4b809acc60493324af5ca4aa610153d,https://github.com/lovefc/china_school_badge/blob/04f59e07f4b809acc60493324af5ca4aa610153d/css/fcicon.css,universities/北京市/4111010013/profile.yaml
4111010013,北京邮电大学,history_reference,中国高校校史社区资料与可视化,https://github.com/jtchen2k/hcu,GPL-3.0,8aeab521eb07d38a273318b8123caabf332e66e4,https://github.com/jtchen2k/hcu/blob/8aeab521eb07d38a273318b8123caabf332e66e4/src/data/uni_info.json,universities/北京市/4111010013/profile.yaml
4111010013,北京邮电大学,tikz_logo_source,北京邮电大学社区TikZ矢量标识源码,https://github.com/yuxtech/cnlogo/blob/daca8906123ca61186218ddda7369f95cc65a664/cnlogo/bjydu.tex,源代码声明AGPL-3.0；LICENSE将Logos/graphics排除在该许可之外,daca8906123ca61186218ddda7369f95cc65a664,https://github.com/yuxtech/cnlogo/blob/daca8906123ca61186218ddda7369f95cc65a664/README.md,universities/北京市/4111010013/profile.yaml
4111010019,中国农业大学,logo_reference,社区高校校徽字体索引,https://github.com/lovefc/china_school_badge,Apache-2.0,04f59e07f4b809acc60493324af5ca4aa610153d,https://github.com/lovefc/china_school_badge/blob/04f59e07f4b809acc60493324af5ca4aa610153d/css/fcicon.css,universities/北京市/4111010019/profile.yaml
4111010019,中国农业大学,history_reference,中国高校校史社区资料与可视化,https://github.com/jtchen2k/hcu,GPL-3.0,8aeab521eb07d38a273318b8123caabf332e66e4,https://github.com/jtchen2k/hcu/blob/8aeab521eb07d38a273318b8123caabf332e66e4/src/data/uni_info.json,universities/北京市/4111010019/profile.yaml
4111010019,中国农业大学,tikz_logo_source,中国农业大学社区TikZ矢量标识源码,https://github.com/yuxtech/cnlogo/blob/daca8906123ca61186218ddda7369f95cc65a664/cnlogo/znyu.tex,源代码声明AGPL-3.0；LICENSE将Logos/graphics排除在该许可之外,daca8906123ca61186218ddda7369f95cc65a664,https://github.com/yuxtech/cnlogo/blob/daca8906123ca61186218ddda7369f95cc65a664/README.md,universities/北京市/4111010019/profile.yaml
4111010022,北京林业大学,logo_reference,社区高校校徽字体索引,https://github.com/lovefc/china_school_badge,Apache-2.0,04f59e07f4b809acc60493324af5ca4aa610153d,https://github.com/lovefc/china_school_badge/blob/04f59e07f4b809acc60493324af5ca4aa610153d/css/fcicon.css,universities/北京市/4111010022/profile.yaml
4111010022,北京林业大学,history_reference,中国高校校史社区资料与可视化,https://github.com/jtchen2k/hcu,GPL-3.0,8aeab521eb07d38a273318b8123caabf332e66e4,https://github.com/jtchen2k/hcu/blob/8aeab521eb07d38a273318b8123caabf332e66e4/src/data/uni_info.json,universities/北京市/4111010022/profile.yaml
4111010023,北京协和医学院,history_reference,中国高校校史社区资料与可视化,https://github.com/jtchen2k/hcu,GPL-3.0,8aeab521eb07d38a273318b8123caabf332e66e4,https://github.com/jtchen2k/hcu/blob/8aeab521eb07d38a273318b8123caabf332e66e4/src/data/uni_info.json,universities/北京市/4111010023/profile.yaml
4111010025,首都医科大学,logo_reference,社区高校校徽字体索引,https://github.com/lovefc/china_school_badge,Apache-2.0,04f59e07f4b809acc60493324af5ca4aa610153d,https://github.com/lovefc/china_school_badge/blob/04f59e07f4b809acc60493324af5ca4aa610153d/css/fcicon.css,universities/北京市/4111010025/profile.yaml
4111010026,北京中医药大学,logo_reference,社区高校校徽字体索引,https://github.com/lovefc/china_school_badge,Apache-2.0,04f59e07f4b809acc60493324af5ca4aa610153d,https://github.com/lovefc/china_school_badge/blob/04f59e07f4b809acc60493324af5ca4aa610153d/css/fcicon.css,universities/北京市/4111010026/profile.yaml
4111010026,北京中医药大学,history_reference,中国高校校史社区资料与可视化,https://github.com/jtchen2k/hcu,GPL-3.0,8aeab521eb07d38a273318b8123caabf332e66e4,https://github.com/jtchen2k/hcu/blob/8aeab521eb07d38a273318b8123caabf332e66e4/src/data/uni_info.json,universities/北京市/4111010026/profile.yaml
4111010027,北京师范大学,logo_reference,社区高校校徽字体索引,https://github.com/lovefc/china_school_badge,Apache-2.0,04f59e07f4b809acc60493324af5ca4aa610153d,https://github.com/lovefc/china_school_badge/blob/04f59e07f4b809acc60493324af5ca4aa610153d/css/fcicon.css,universities/北京市/4111010027/profile.yaml
4111010027,北京师范大学,history_reference,中国高校校史社区资料与可视化,https://github.com/jtchen2k/hcu,GPL-3.0,8aeab521eb07d38a273318b8123caabf332e66e4,https://github.com/jtchen2k/hcu/blob/8aeab521eb07d38a273318b8123caabf332e66e4/src/data/uni_info.json,universities/北京市/4111010027/profile.yaml
4111010027,北京师范大学,tikz_logo_source,北京师范大学社区TikZ矢量标识源码,https://github.com/yuxtech/cnlogo/blob/daca8906123ca61186218ddda7369f95cc65a664/cnlogo/bnu.tex,源代码声明AGPL-3.0；LICENSE将Logos/graphics排除在该许可之外,daca8906123ca61186218ddda7369f95cc65a664,https://github.com/yuxtech/cnlogo/blob/daca8906123ca61186218ddda7369f95cc65a664/README.md,universities/北京市/4111010027/profile.yaml
4111010028,首都师范大学,logo_reference,社区高校校徽字体索引,https://github.com/lovefc/china_school_badge,Apache-2.0,04f59e07f4b809acc60493324af5ca4aa610153d,https://github.com/lovefc/china_school_badge/blob/04f59e07f4b809acc60493324af5ca4aa610153d/css/fcicon.css,universities/北京市/4111010028/profile.yaml
4111010028,首都师范大学,history_reference,中国高校校史社区资料与可视化,https://github.com/jtchen2k/hcu,GPL-3.0,8aeab521eb07d38a273318b8123caabf332e66e4,https://github.com/jtchen2k/hcu/blob/8aeab521eb07d38a273318b8123caabf332e66e4/src/data/uni_info.json,universities/北京市/4111010028/profile.yaml
4111010030,北京外国语大学,logo_reference,社区高校校徽字体索引,https://github.com/lovefc/china_school_badge,Apache-2.0,04f59e07f4b809acc60493324af5ca4aa610153d,https://github.com/lovefc/china_school_badge/blob/04f59e07f4b809acc60493324af5ca4aa610153d/css/fcicon.css,universities/北京市/4111010030/profile.yaml
4111010030,北京外国语大学,history_reference,中国高校校史社区资料与可视化,https://github.com/jtchen2k/hcu,GPL-3.0,8aeab521eb07d38a273318b8123caabf332e66e4,https://github.com/jtchen2k/hcu/blob/8aeab521eb07d38a273318b8123caabf332e66e4/src/data/uni_info.json,universities/北京市/4111010030/profile.yaml
4111010033,中国传媒大学,logo_reference,社区高校校徽字体索引,https://github.com/lovefc/china_school_badge,Apache-2.0,04f59e07f4b809acc60493324af5ca4aa610153d,https://github.com/lovefc/china_school_badge/blob/04f59e07f4b809acc60493324af5ca4aa610153d/css/fcicon.css,universities/北京市/4111010033/profile.yaml
4111010033,中国传媒大学,history_reference,中国高校校史社区资料与可视化,https://github.com/jtchen2k/hcu,GPL-3.0,8aeab521eb07d38a273318b8123caabf332e66e4,https://github.com/jtchen2k/hcu/blob/8aeab521eb07d38a273318b8123caabf332e66e4/src/data/uni_info.json,universities/北京市/4111010033/profile.yaml
4111010033,中国传媒大学,tikz_logo_source,中国传媒大学社区TikZ矢量标识源码,https://github.com/yuxtech/cnlogo/blob/daca8906123ca61186218ddda7369f95cc65a664/cnlogo/zcmu.tex,源代码声明AGPL-3.0；LICENSE将Logos/graphics排除在该许可之外,daca8906123ca61186218ddda7369f95cc65a664,https://github.com/yuxtech/cnlogo/blob/daca8906123ca61186218ddda7369f95cc65a664/README.md,universities/北京市/4111010033/profile.yaml
4111010034,中央财经大学,logo_reference,社区高校校徽字体索引,https://github.com/lovefc/china_school_badge,Apache-2.0,04f59e07f4b809acc60493324af5ca4aa610153d,https://github.com/lovefc/china_school_badge/blob/04f59e07f4b809acc60493324af5ca4aa610153d/css/fcicon.css,universities/北京市/4111010034/profile.yaml
4111010036,对外经济贸易大学,logo_reference,社区高校校徽字体索引,https://github.com/lovefc/china_school_badge,Apache-2.0,04f59e07f4b809acc60493324af5ca4aa610153d,https://github.com/lovefc/china_school_badge/blob/04f59e07f4b809acc60493324af5ca4aa610153d/css/fcicon.css,universities/北京市/4111010036/profile.yaml
4111010036,对外经济贸易大学,history_reference,中国高校校史社区资料与可视化,https://github.com/jtchen2k/hcu,GPL-3.0,8aeab521eb07d38a273318b8123caabf332e66e4,https://github.com/jtchen2k/hcu/blob/8aeab521eb07d38a273318b8123caabf332e66e4/src/data/uni_info.json,universities/北京市/4111010036/profile.yaml
4111010038,首都经济贸易大学,logo_reference,社区高校校徽字体索引,https://github.com/lovefc/china_school_badge,Apache-2.0,04f59e07f4b809acc60493324af5ca4aa610153d,https://github.com/lovefc/china_school_badge/blob/04f59e07f4b809acc60493324af5ca4aa610153d/css/fcicon.css,universities/北京市/4111010038/profile.yaml
4111010040,外交学院,history_reference,中国高校校史社区资料与可视化,https://github.com/jtchen2k/hcu,GPL-3.0,8aeab521eb07d38a273318b8123caabf332e66e4,https://github.com/jtchen2k/hcu/blob/8aeab521eb07d38a273318b8123caabf332e66e4/src/data/uni_info.json,universities/北京市/4111010040/profile.yaml
4111010041,中国人民公安大学,history_reference,中国高校校史社区资料与可视化,https://github.com/jtchen2k/hcu,GPL-3.0,8aeab521eb07d38a273318b8123caabf332e66e4,https://github.com/jtchen2k/hcu/blob/8aeab521eb07d38a273318b8123caabf332e66e4/src/data/uni_info.json,universities/北京市/4111010041/profile.yaml
4111010043,北京体育大学,history_reference,中国高校校史社区资料与可视化,https://github.com/jtchen2k/hcu,GPL-3.0,8aeab521eb07d38a273318b8123caabf332e66e4,https://github.com/jtchen2k/hcu/blob/8aeab521eb07d38a273318b8123caabf332e66e4/src/data/uni_info.json,universities/北京市/4111010043/profile.yaml
4111010045,中央音乐学院,logo_reference,社区高校校徽字体索引,https://github.com/lovefc/china_school_badge,Apache-2.0,04f59e07f4b809acc60493324af5ca4aa610153d,https://github.com/lovefc/china_school_badge/blob/04f59e07f4b809acc60493324af5ca4aa610153d/css/fcicon.css,universities/北京市/4111010045/profile.yaml
4111010045,中央音乐学院,history_reference,中国高校校史社区资料与可视化,https://github.com/jtchen2k/hcu,GPL-3.0,8aeab521eb07d38a273318b8123caabf332e66e4,https://github.com/jtchen2k/hcu/blob/8aeab521eb07d38a273318b8123caabf332e66e4/src/data/uni_info.json,universities/北京市/4111010045/profile.yaml
4111010046,中国音乐学院,logo_reference,社区高校校徽字体索引,https://github.com/lovefc/china_school_badge,Apache-2.0,04f59e07f4b809acc60493324af5ca4aa610153d,https://github.com/lovefc/china_school_badge/blob/04f59e07f4b809acc60493324af5ca4aa610153d/css/fcicon.css,universities/北京市/4111010046/profile.yaml
4111010046,中国音乐学院,history_reference,中国高校校史社区资料与可视化,https://github.com/jtchen2k/hcu,GPL-3.0,8aeab521eb07d38a273318b8123caabf332e66e4,https://github.com/jtchen2k/hcu/blob/8aeab521eb07d38a273318b8123caabf332e66e4/src/data/uni_info.json,universities/北京市/4111010046/profile.yaml
4111010047,中央美术学院,history_reference,中国高校校史社区资料与可视化,https://github.com/jtchen2k/hcu,GPL-3.0,8aeab521eb07d38a273318b8123caabf332e66e4,https://github.com/jtchen2k/hcu/blob/8aeab521eb07d38a273318b8123caabf332e66e4/src/data/uni_info.json,universities/北京市/4111010047/profile.yaml
4111010048,中央戏剧学院,history_reference,中国高校校史社区资料与可视化,https://github.com/jtchen2k/hcu,GPL-3.0,8aeab521eb07d38a273318b8123caabf332e66e4,https://github.com/jtchen2k/hcu/blob/8aeab521eb07d38a273318b8123caabf332e66e4/src/data/uni_info.json,universities/北京市/4111010048/profile.yaml
4111010051,北京舞蹈学院,logo_reference,社区高校校徽字体索引,https://github.com/lovefc/china_school_badge,Apache-2.0,04f59e07f4b809acc60493324af5ca4aa610153d,https://github.com/lovefc/china_school_badge/blob/04f59e07f4b809acc60493324af5ca4aa610153d/css/fcicon.css,universities/北京市/4111010051/profile.yaml
4111010052,中央民族大学,logo_reference,社区高校校徽字体索引,https://github.com/lovefc/china_school_badge,Apache-2.0,04f59e07f4b809acc60493324af5ca4aa610153d,https://github.com/lovefc/china_school_badge/blob/04f59e07f4b809acc60493324af5ca4aa610153d/css/fcicon.css,universities/北京市/4111010052/profile.yaml
4111010052,中央民族大学,history_reference,中国高校校史社区资料与可视化,https://github.com/jtchen2k/hcu,GPL-3.0,8aeab521eb07d38a273318b8123caabf332e66e4,https://github.com/jtchen2k/hcu/blob/8aeab521eb07d38a273318b8123caabf332e66e4/src/data/uni_info.json,universities/北京市/4111010052/profile.yaml
4111010052,中央民族大学,tikz_logo_source,中央民族大学社区TikZ矢量标识源码,https://github.com/yuxtech/cnlogo/blob/daca8906123ca61186218ddda7369f95cc65a664/cnlogo/muc.tex,源代码声明AGPL-3.0；LICENSE将Logos/graphics排除在该许可之外,daca8906123ca61186218ddda7369f95cc65a664,https://github.com/yuxtech/cnlogo/blob/daca8906123ca61186218ddda7369f95cc65a664/README.md,universities/北京市/4111010052/profile.yaml
4111010053,中国政法大学,logo_reference,社区高校校徽字体索引,https://github.com/lovefc/china_school_badge,Apache-2.0,04f59e07f4b809acc60493324af5ca4aa610153d,https://github.com/lovefc/china_school_badge/blob/04f59e07f4b809acc60493324af5ca4aa610153d/css/fcicon.css,universities/北京市/4111010053/profile.yaml
4111010053,中国政法大学,history_reference,中国高校校史社区资料与可视化,https://github.com/jtchen2k/hcu,GPL-3.0,8aeab521eb07d38a273318b8123caabf332e66e4,https://github.com/jtchen2k/hcu/blob/8aeab521eb07d38a273318b8123caabf332e66e4/src/data/uni_info.json,universities/北京市/4111010053/profile.yaml
4111010053,中国政法大学,tikz_logo_source,中国政法大学社区TikZ矢量标识源码,https://github.com/yuxtech/cnlogo/blob/daca8906123ca61186218ddda7369f95cc65a664/cnlogo/cupsl.tex,源代码声明AGPL-3.0；LICENSE将Logos/graphics排除在该许可之外,daca8906123ca61186218ddda7369f95cc65a664,https://github.com/yuxtech/cnlogo/blob/daca8906123ca61186218ddda7369f95cc65a664/README.md,universities/北京市/4111010053/profile.yaml
4111010054,华北电力大学,logo_reference,社区高校校徽字体索引,https://github.com/lovefc/china_school_badge,Apache-2.0,04f59e07f4b809acc60493324af5ca4aa610153d,https://github.com/lovefc/china_school_badge/blob/04f59e07f4b809acc60493324af5ca4aa610153d/css/fcicon.css,universities/北京市/4111010054/profile.yaml
4111010054,华北电力大学,history_reference,中国高校校史社区资料与可视化,https://github.com/jtchen2k/hcu,GPL-3.0,8aeab521eb07d38a273318b8123caabf332e66e4,https://github.com/jtchen2k/hcu/blob/8aeab521eb07d38a273318b8123caabf332e66e4/src/data/uni_info.json,universities/北京市/4111010054/profile.yaml
4111011149,中华女子学院,logo_reference,社区高校校徽字体索引,https://github.com/lovefc/china_school_badge,Apache-2.0,04f59e07f4b809acc60493324af5ca4aa610153d,https://github.com/lovefc/china_school_badge/blob/04f59e07f4b809acc60493324af5ca4aa610153d/css/fcicon.css,universities/北京市/4111011149/profile.yaml
4111011414,中国石油大学(北京),logo_reference,社区高校校徽字体索引,https://github.com/lovefc/china_school_badge,Apache-2.0,04f59e07f4b809acc60493324af5ca4aa610153d,https://github.com/lovefc/china_school_badge/blob/04f59e07f4b809acc60493324af5ca4aa610153d/css/fcicon.css,universities/北京市/4111011414/profile.yaml
4111014430,中国科学院大学,beamer_theme,中国科学院大学社区Beamer主题,https://github.com/icgw/ucas-beamer,MIT,cc75a0af0addaed81482af17055b68df47225338,https://github.com/icgw/ucas-beamer/blob/cc75a0af0addaed81482af17055b68df47225338/README.md,universities/北京市/4111014430/profile.yaml
4111014430,中国科学院大学,logo_reference,社区高校校徽字体索引,https://github.com/lovefc/china_school_badge,Apache-2.0,04f59e07f4b809acc60493324af5ca4aa610153d,https://github.com/lovefc/china_school_badge/blob/04f59e07f4b809acc60493324af5ca4aa610153d/css/fcicon.css,universities/北京市/4111014430/profile.yaml
4111014430,中国科学院大学,history_reference,中国高校校史社区资料与可视化,https://github.com/jtchen2k/hcu,GPL-3.0,8aeab521eb07d38a273318b8123caabf332e66e4,https://github.com/jtchen2k/hcu/blob/8aeab521eb07d38a273318b8123caabf332e66e4/src/data/uni_info.json,universities/北京市/4111014430/profile.yaml
4111014430,中国科学院大学,tikz_logo_source,中国科学院大学社区TikZ矢量标识源码,https://github.com/yuxtech/cnlogo/blob/daca8906123ca61186218ddda7369f95cc65a664/cnlogo/zky.tex,源代码声明AGPL-3.0；LICENSE将Logos/graphics排除在该许可之外,daca8906123ca61186218ddda7369f95cc65a664,https://github.com/yuxtech/cnlogo/blob/daca8906123ca61186218ddda7369f95cc65a664/README.md,universities/北京市/4111014430/profile.yaml
4111014596,中国社会科学院大学,logo_reference,社区高校校徽字体索引,https://github.com/lovefc/china_school_badge,Apache-2.0,04f59e07f4b809acc60493324af5ca4aa610153d,https://github.com/lovefc/china_school_badge/blob/04f59e07f4b809acc60493324af5ca4aa610153d/css/fcicon.css,universities/北京市/4111014596/profile.yaml
4112010055,南开大学,logo_reference,社区高校校徽字体索引,https://github.com/lovefc/china_school_badge,Apache-2.0,04f59e07f4b809acc60493324af5ca4aa610153d,https://github.com/lovefc/china_school_badge/blob/04f59e07f4b809acc60493324af5ca4aa610153d/css/fcicon.css,universities/天津市/4112010055/profile.yaml
4112010055,南开大学,history_reference,中国高校校史社区资料与可视化,https://github.com/jtchen2k/hcu,GPL-3.0,8aeab521eb07d38a273318b8123caabf332e66e4,https://github.com/jtchen2k/hcu/blob/8aeab521eb07d38a273318b8123caabf332e66e4/src/data/uni_info.json,universities/天津市/4112010055/profile.yaml
4112010055,南开大学,tikz_logo_source,南开大学社区TikZ矢量标识源码,https://github.com/yuxtech/cnlogo/blob/daca8906123ca61186218ddda7369f95cc65a664/cnlogo/nku.tex,源代码声明AGPL-3.0；LICENSE将Logos/graphics排除在该许可之外,daca8906123ca61186218ddda7369f95cc65a664,https://github.com/yuxtech/cnlogo/blob/daca8906123ca61186218ddda7369f95cc65a664/README.md,universities/天津市/4112010055/profile.yaml
4112010056,天津大学,logo_reference,社区高校校徽字体索引,https://github.com/lovefc/china_school_badge,Apache-2.0,04f59e07f4b809acc60493324af5ca4aa610153d,https://github.com/lovefc/china_school_badge/blob/04f59e07f4b809acc60493324af5ca4aa610153d/css/fcicon.css,universities/天津市/4112010056/profile.yaml
4112010056,天津大学,history_reference,中国高校校史社区资料与可视化,https://github.com/jtchen2k/hcu,GPL-3.0,8aeab521eb07d38a273318b8123caabf332e66e4,https://github.com/jtchen2k/hcu/blob/8aeab521eb07d38a273318b8123caabf332e66e4/src/data/uni_info.json,universities/天津市/4112010056/profile.yaml
4112010056,天津大学,tikz_logo_source,天津大学社区TikZ矢量标识源码,https://github.com/yuxtech/cnlogo/blob/daca8906123ca61186218ddda7369f95cc65a664/cnlogo/tjuu.tex,源代码声明AGPL-3.0；LICENSE将Logos/graphics排除在该许可之外,daca8906123ca61186218ddda7369f95cc65a664,https://github.com/yuxtech/cnlogo/blob/daca8906123ca61186218ddda7369f95cc65a664/README.md,universities/天津市/4112010056/profile.yaml
4112010057,天津科技大学,logo_reference,社区高校校徽字体索引,https://github.com/lovefc/china_school_badge,Apache-2.0,04f59e07f4b809acc60493324af5ca4aa610153d,https://github.com/lovefc/china_school_badge/blob/04f59e07f4b809acc60493324af5ca4aa610153d/css/fcicon.css,universities/天津市/4112010057/profile.yaml
4112010058,天津工业大学,logo_reference,社区高校校徽字体索引,https://github.com/lovefc/china_school_badge,Apache-2.0,04f59e07f4b809acc60493324af5ca4aa610153d,https://github.com/lovefc/china_school_badge/blob/04f59e07f4b809acc60493324af5ca4aa610153d/css/fcicon.css,universities/天津市/4112010058/profile.yaml
4112010058,天津工业大学,history_reference,中国高校校史社区资料与可视化,https://github.com/jtchen2k/hcu,GPL-3.0,8aeab521eb07d38a273318b8123caabf332e66e4,https://github.com/jtchen2k/hcu/blob/8aeab521eb07d38a273318b8123caabf332e66e4/src/data/uni_info.json,universities/天津市/4112010058/profile.yaml
4112010059,中国民航大学,logo_reference,社区高校校徽字体索引,https://github.com/lovefc/china_school_badge,Apache-2.0,04f59e07f4b809acc60493324af5ca4aa610153d,https://github.com/lovefc/china_school_badge/blob/04f59e07f4b809acc60493324af5ca4aa610153d/css/fcicon.css,universities/天津市/4112010059/profile.yaml
4112010060,天津理工大学,logo_reference,社区高校校徽字体索引,https://github.com/lovefc/china_school_badge,Apache-2.0,04f59e07f4b809acc60493324af5ca4aa610153d,https://github.com/lovefc/china_school_badge/blob/04f59e07f4b809acc60493324af5ca4aa610153d/css/fcicon.css,universities/天津市/4112010060/profile.yaml
4112010062,天津医科大学,logo_reference,社区高校校徽字体索引,https://github.com/lovefc/china_school_badge,Apache-2.0,04f59e07f4b809acc60493324af5ca4aa610153d,https://github.com/lovefc/china_school_badge/blob/04f59e07f4b809acc60493324af5ca4aa610153d/css/fcicon.css,universities/天津市/4112010062/profile.yaml
4112010062,天津医科大学,history_reference,中国高校校史社区资料与可视化,https://github.com/jtchen2k/hcu,GPL-3.0,8aeab521eb07d38a273318b8123caabf332e66e4,https://github.com/jtchen2k/hcu/blob/8aeab521eb07d38a273318b8123caabf332e66e4/src/data/uni_info.json,universities/天津市/4112010062/profile.yaml
4112010063,天津中医药大学,history_reference,中国高校校史社区资料与可视化,https://github.com/jtchen2k/hcu,GPL-3.0,8aeab521eb07d38a273318b8123caabf332e66e4,https://github.com/jtchen2k/hcu/blob/8aeab521eb07d38a273318b8123caabf332e66e4/src/data/uni_info.json,universities/天津市/4112010063/profile.yaml
4112010065,天津师范大学,beamer_theme,College Beamer社区高校主题集合,https://github.com/liu-qilong/college-beamer,CC-BY-4.0,b70b18b39752ff327506b5cf012b5011a4e82bd9,https://github.com/liu-qilong/college-beamer/blob/b70b18b39752ff327506b5cf012b5011a4e82bd9/README.md,universities/天津市/4112010065/profile.yaml
4112010065,天津师范大学,logo_reference,社区高校校徽字体索引,https://github.com/lovefc/china_school_badge,Apache-2.0,04f59e07f4b809acc60493324af5ca4aa610153d,https://github.com/lovefc/china_school_badge/blob/04f59e07f4b809acc60493324af5ca4aa610153d/css/fcicon.css,universities/天津市/4112010065/profile.yaml
4112010066,天津职业技术师范大学,logo_reference,社区高校校徽字体索引,https://github.com/lovefc/china_school_badge,Apache-2.0,04f59e07f4b809acc60493324af5ca4aa610153d,https://github.com/lovefc/china_school_badge/blob/04f59e07f4b809acc60493324af5ca4aa610153d/css/fcicon.css,universities/天津市/4112010066/profile.yaml
4113010075,河北大学,logo_reference,社区高校校徽字体索引,https://github.com/lovefc/china_school_badge,Apache-2.0,04f59e07f4b809acc60493324af5ca4aa610153d,https://github.com/lovefc/china_school_badge/blob/04f59e07f4b809acc60493324af5ca4aa610153d/css/fcicon.css,universities/河北省/4113010075/profile.yaml
4113010080,河北工业大学,logo_reference,社区高校校徽字体索引,https://github.com/lovefc/china_school_badge,Apache-2.0,04f59e07f4b809acc60493324af5ca4aa610153d,https://github.com/lovefc/china_school_badge/blob/04f59e07f4b809acc60493324af5ca4aa610153d/css/fcicon.css,universities/河北省/4113010080/profile.yaml
4113010080,河北工业大学,history_reference,中国高校校史社区资料与可视化,https://github.com/jtchen2k/hcu,GPL-3.0,8aeab521eb07d38a273318b8123caabf332e66e4,https://github.com/jtchen2k/hcu/blob/8aeab521eb07d38a273318b8123caabf332e66e4/src/data/uni_info.json,universities/河北省/4113010080/profile.yaml
4113010081,华北理工大学,logo_reference,社区高校校徽字体索引,https://github.com/lovefc/china_school_badge,Apache-2.0,04f59e07f4b809acc60493324af5ca4aa610153d,https://github.com/lovefc/china_school_badge/blob/04f59e07f4b809acc60493324af5ca4aa610153d/css/fcicon.css,universities/河北省/4113010081/profile.yaml
4113010082,河北科技大学,logo_reference,社区高校校徽字体索引,https://github.com/lovefc/china_school_badge,Apache-2.0,04f59e07f4b809acc60493324af5ca4aa610153d,https://github.com/lovefc/china_school_badge/blob/04f59e07f4b809acc60493324af5ca4aa610153d/css/fcicon.css,universities/河北省/4113010082/profile.yaml
4113010086,河北农业大学,logo_reference,社区高校校徽字体索引,https://github.com/lovefc/china_school_badge,Apache-2.0,04f59e07f4b809acc60493324af5ca4aa610153d,https://github.com/lovefc/china_school_badge/blob/04f59e07f4b809acc60493324af5ca4aa610153d/css/fcicon.css,universities/河北省/4113010086/profile.yaml
4113010089,河北医科大学,logo_reference,社区高校校徽字体索引,https://github.com/lovefc/china_school_badge,Apache-2.0,04f59e07f4b809acc60493324af5ca4aa610153d,https://github.com/lovefc/china_school_badge/blob/04f59e07f4b809acc60493324af5ca4aa610153d/css/fcicon.css,universities/河北省/4113010089/profile.yaml
4113010094,河北师范大学,logo_reference,社区高校校徽字体索引,https://github.com/lovefc/china_school_badge,Apache-2.0,04f59e07f4b809acc60493324af5ca4aa610153d,https://github.com/lovefc/china_school_badge/blob/04f59e07f4b809acc60493324af5ca4aa610153d/css/fcicon.css,universities/河北省/4113010094/profile.yaml
4113010216,燕山大学,logo_reference,社区高校校徽字体索引,https://github.com/lovefc/china_school_badge,Apache-2.0,04f59e07f4b809acc60493324af5ca4aa610153d,https://github.com/lovefc/china_school_badge/blob/04f59e07f4b809acc60493324af5ca4aa610153d/css/fcicon.css,universities/河北省/4113010216/profile.yaml
4114010108,山西大学,logo_reference,社区高校校徽字体索引,https://github.com/lovefc/china_school_badge,Apache-2.0,04f59e07f4b809acc60493324af5ca4aa610153d,https://github.com/lovefc/china_school_badge/blob/04f59e07f4b809acc60493324af5ca4aa610153d/css/fcicon.css,universities/山西省/4114010108/profile.yaml
4114010108,山西大学,history_reference,中国高校校史社区资料与可视化,https://github.com/jtchen2k/hcu,GPL-3.0,8aeab521eb07d38a273318b8123caabf332e66e4,https://github.com/jtchen2k/hcu/blob/8aeab521eb07d38a273318b8123caabf332e66e4/src/data/uni_info.json,universities/山西省/4114010108/profile.yaml
4114010109,太原科技大学,logo_reference,社区高校校徽字体索引,https://github.com/lovefc/china_school_badge,Apache-2.0,04f59e07f4b809acc60493324af5ca4aa610153d,https://github.com/lovefc/china_school_badge/blob/04f59e07f4b809acc60493324af5ca4aa610153d/css/fcicon.css,universities/山西省/4114010109/profile.yaml
4114010110,中北大学,logo_reference,社区高校校徽字体索引,https://github.com/lovefc/china_school_badge,Apache-2.0,04f59e07f4b809acc60493324af5ca4aa610153d,https://github.com/lovefc/china_school_badge/blob/04f59e07f4b809acc60493324af5ca4aa610153d/css/fcicon.css,universities/山西省/4114010110/profile.yaml
4114010112,太原理工大学,logo_reference,社区高校校徽字体索引,https://github.com/lovefc/china_school_badge,Apache-2.0,04f59e07f4b809acc60493324af5ca4aa610153d,https://github.com/lovefc/china_school_badge/blob/04f59e07f4b809acc60493324af5ca4aa610153d/css/fcicon.css,universities/山西省/4114010112/profile.yaml
4114010112,太原理工大学,history_reference,中国高校校史社区资料与可视化,https://github.com/jtchen2k/hcu,GPL-3.0,8aeab521eb07d38a273318b8123caabf332e66e4,https://github.com/jtchen2k/hcu/blob/8aeab521eb07d38a273318b8123caabf332e66e4/src/data/uni_info.json,universities/山西省/4114010112/profile.yaml
4115010126,内蒙古大学,logo_reference,社区高校校徽字体索引,https://github.com/lovefc/china_school_badge,Apache-2.0,04f59e07f4b809acc60493324af5ca4aa610153d,https://github.com/lovefc/china_school_badge/blob/04f59e07f4b809acc60493324af5ca4aa610153d/css/fcicon.css,universities/内蒙古自治区/4115010126/profile.yaml
4115010126,内蒙古大学,history_reference,中国高校校史社区资料与可视化,https://github.com/jtchen2k/hcu,GPL-3.0,8aeab521eb07d38a273318b8123caabf332e66e4,https://github.com/jtchen2k/hcu/blob/8aeab521eb07d38a273318b8123caabf332e66e4/src/data/uni_info.json,universities/内蒙古自治区/4115010126/profile.yaml
4121010140,辽宁大学,logo_reference,社区高校校徽字体索引,https://github.com/lovefc/china_school_badge,Apache-2.0,04f59e07f4b809acc60493324af5ca4aa610153d,https://github.com/lovefc/china_school_badge/blob/04f59e07f4b809acc60493324af5ca4aa610153d/css/fcicon.css,universities/辽宁省/4121010140/profile.yaml
4121010140,辽宁大学,history_reference,中国高校校史社区资料与可视化,https://github.com/jtchen2k/hcu,GPL-3.0,8aeab521eb07d38a273318b8123caabf332e66e4,https://github.com/jtchen2k/hcu/blob/8aeab521eb07d38a273318b8123caabf332e66e4/src/data/uni_info.json,universities/辽宁省/4121010140/profile.yaml
4121010141,大连理工大学,logo_reference,社区高校校徽字体索引,https://github.com/lovefc/china_school_badge,Apache-2.0,04f59e07f4b809acc60493324af5ca4aa610153d,https://github.com/lovefc/china_school_badge/blob/04f59e07f4b809acc60493324af5ca4aa610153d/css/fcicon.css,universities/辽宁省/4121010141/profile.yaml
4121010141,大连理工大学,history_reference,中国高校校史社区资料与可视化,https://github.com/jtchen2k/hcu,GPL-3.0,8aeab521eb07d38a273318b8123caabf332e66e4,https://github.com/jtchen2k/hcu/blob/8aeab521eb07d38a273318b8123caabf332e66e4/src/data/uni_info.json,universities/辽宁省/4121010141/profile.yaml
4121010141,大连理工大学,tikz_logo_source,大连理工大学社区TikZ矢量标识源码,https://github.com/yuxtech/cnlogo/blob/daca8906123ca61186218ddda7369f95cc65a664/cnlogo/dllgu.tex,源代码声明AGPL-3.0；LICENSE将Logos/graphics排除在该许可之外,daca8906123ca61186218ddda7369f95cc65a664,https://github.com/yuxtech/cnlogo/blob/daca8906123ca61186218ddda7369f95cc65a664/README.md,universities/辽宁省/4121010141/profile.yaml
4121010145,东北大学,logo_reference,社区高校校徽字体索引,https://github.com/lovefc/china_school_badge,Apache-2.0,04f59e07f4b809acc60493324af5ca4aa610153d,https://github.com/lovefc/china_school_badge/blob/04f59e07f4b809acc60493324af5ca4aa610153d/css/fcicon.css,universities/辽宁省/4121010145/profile.yaml
4121010145,东北大学,history_reference,中国高校校史社区资料与可视化,https://github.com/jtchen2k/hcu,GPL-3.0,8aeab521eb07d38a273318b8123caabf332e66e4,https://github.com/jtchen2k/hcu/blob/8aeab521eb07d38a273318b8123caabf332e66e4/src/data/uni_info.json,universities/辽宁省/4121010145/profile.yaml
4121010145,东北大学,tikz_logo_source,东北大学社区TikZ矢量标识源码,https://github.com/yuxtech/cnlogo/blob/daca8906123ca61186218ddda7369f95cc65a664/cnlogo/neu.tex,源代码声明AGPL-3.0；LICENSE将Logos/graphics排除在该许可之外,daca8906123ca61186218ddda7369f95cc65a664,https://github.com/yuxtech/cnlogo/blob/daca8906123ca61186218ddda7369f95cc65a664/README.md,universities/辽宁省/4121010145/profile.yaml
4121010147,辽宁工程技术大学,logo_reference,社区高校校徽字体索引,https://github.com/lovefc/china_school_badge,Apache-2.0,04f59e07f4b809acc60493324af5ca4aa610153d,https://github.com/lovefc/china_school_badge/blob/04f59e07f4b809acc60493324af5ca4aa610153d/css/fcicon.css,universities/辽宁省/4121010147/profile.yaml
4121010151,大连海事大学,logo_reference,社区高校校徽字体索引,https://github.com/lovefc/china_school_badge,Apache-2.0,04f59e07f4b809acc60493324af5ca4aa610153d,https://github.com/lovefc/china_school_badge/blob/04f59e07f4b809acc60493324af5ca4aa610153d/css/fcicon.css,universities/辽宁省/4121010151/profile.yaml
4121010151,大连海事大学,history_reference,中国高校校史社区资料与可视化,https://github.com/jtchen2k/hcu,GPL-3.0,8aeab521eb07d38a273318b8123caabf332e66e4,https://github.com/jtchen2k/hcu/blob/8aeab521eb07d38a273318b8123caabf332e66e4/src/data/uni_info.json,universities/辽宁省/4121010151/profile.yaml
4121010157,沈阳农业大学,logo_reference,社区高校校徽字体索引,https://github.com/lovefc/china_school_badge,Apache-2.0,04f59e07f4b809acc60493324af5ca4aa610153d,https://github.com/lovefc/china_school_badge/blob/04f59e07f4b809acc60493324af5ca4aa610153d/css/fcicon.css,universities/辽宁省/4121010157/profile.yaml
4121010159,中国医科大学,logo_reference,社区高校校徽字体索引,https://github.com/lovefc/china_school_badge,Apache-2.0,04f59e07f4b809acc60493324af5ca4aa610153d,https://github.com/lovefc/china_school_badge/blob/04f59e07f4b809acc60493324af5ca4aa610153d/css/fcicon.css,universities/辽宁省/4121010159/profile.yaml
4121010161,大连医科大学,logo_reference,社区高校校徽字体索引,https://github.com/lovefc/china_school_badge,Apache-2.0,04f59e07f4b809acc60493324af5ca4aa610153d,https://github.com/lovefc/china_school_badge/blob/04f59e07f4b809acc60493324af5ca4aa610153d/css/fcicon.css,universities/辽宁省/4121010161/profile.yaml
4121010163,沈阳药科大学,logo_reference,社区高校校徽字体索引,https://github.com/lovefc/china_school_badge,Apache-2.0,04f59e07f4b809acc60493324af5ca4aa610153d,https://github.com/lovefc/china_school_badge/blob/04f59e07f4b809acc60493324af5ca4aa610153d/css/fcicon.css,universities/辽宁省/4121010163/profile.yaml
4121010165,辽宁师范大学,logo_reference,社区高校校徽字体索引,https://github.com/lovefc/china_school_badge,Apache-2.0,04f59e07f4b809acc60493324af5ca4aa610153d,https://github.com/lovefc/china_school_badge/blob/04f59e07f4b809acc60493324af5ca4aa610153d/css/fcicon.css,universities/辽宁省/4121010165/profile.yaml
4121010166,沈阳师范大学,logo_reference,社区高校校徽字体索引,https://github.com/lovefc/china_school_badge,Apache-2.0,04f59e07f4b809acc60493324af5ca4aa610153d,https://github.com/lovefc/china_school_badge/blob/04f59e07f4b809acc60493324af5ca4aa610153d/css/fcicon.css,universities/辽宁省/4121010166/profile.yaml
4121010167,渤海大学,logo_reference,社区高校校徽字体索引,https://github.com/lovefc/china_school_badge,Apache-2.0,04f59e07f4b809acc60493324af5ca4aa610153d,https://github.com/lovefc/china_school_badge/blob/04f59e07f4b809acc60493324af5ca4aa610153d/css/fcicon.css,universities/辽宁省/4121010167/profile.yaml
4121010173,东北财经大学,logo_reference,社区高校校徽字体索引,https://github.com/lovefc/china_school_badge,Apache-2.0,04f59e07f4b809acc60493324af5ca4aa610153d,https://github.com/lovefc/china_school_badge/blob/04f59e07f4b809acc60493324af5ca4aa610153d/css/fcicon.css,universities/辽宁省/4121010173/profile.yaml
4121010173,东北财经大学,tikz_logo_source,东北财经大学社区TikZ矢量标识源码,https://github.com/yuxtech/cnlogo/blob/daca8906123ca61186218ddda7369f95cc65a664/cnlogo/dbcju.tex,源代码声明AGPL-3.0；LICENSE将Logos/graphics排除在该许可之外,daca8906123ca61186218ddda7369f95cc65a664,https://github.com/yuxtech/cnlogo/blob/daca8906123ca61186218ddda7369f95cc65a664/README.md,universities/辽宁省/4121010173/profile.yaml
4121011258,大连大学,logo_reference,社区高校校徽字体索引,https://github.com/lovefc/china_school_badge,Apache-2.0,04f59e07f4b809acc60493324af5ca4aa610153d,https://github.com/lovefc/china_school_badge/blob/04f59e07f4b809acc60493324af5ca4aa610153d/css/fcicon.css,universities/辽宁省/4121011258/profile.yaml
4122010183,吉林大学,logo_reference,社区高校校徽字体索引,https://github.com/lovefc/china_school_badge,Apache-2.0,04f59e07f4b809acc60493324af5ca4aa610153d,https://github.com/lovefc/china_school_badge/blob/04f59e07f4b809acc60493324af5ca4aa610153d/css/fcicon.css,universities/吉林省/4122010183/profile.yaml
4122010183,吉林大学,history_reference,中国高校校史社区资料与可视化,https://github.com/jtchen2k/hcu,GPL-3.0,8aeab521eb07d38a273318b8123caabf332e66e4,https://github.com/jtchen2k/hcu/blob/8aeab521eb07d38a273318b8123caabf332e66e4/src/data/uni_info.json,universities/吉林省/4122010183/profile.yaml
4122010183,吉林大学,tikz_logo_source,吉林大学社区TikZ矢量标识源码,https://github.com/yuxtech/cnlogo/blob/daca8906123ca61186218ddda7369f95cc65a664/cnlogo/jlu.tex,源代码声明AGPL-3.0；LICENSE将Logos/graphics排除在该许可之外,daca8906123ca61186218ddda7369f95cc65a664,https://github.com/yuxtech/cnlogo/blob/daca8906123ca61186218ddda7369f95cc65a664/README.md,universities/吉林省/4122010183/profile.yaml
4122010184,延边大学,logo_reference,社区高校校徽字体索引,https://github.com/lovefc/china_school_badge,Apache-2.0,04f59e07f4b809acc60493324af5ca4aa610153d,https://github.com/lovefc/china_school_badge/blob/04f59e07f4b809acc60493324af5ca4aa610153d/css/fcicon.css,universities/吉林省/4122010184/profile.yaml
4122010184,延边大学,history_reference,中国高校校史社区资料与可视化,https://github.com/jtchen2k/hcu,GPL-3.0,8aeab521eb07d38a273318b8123caabf332e66e4,https://github.com/jtchen2k/hcu/blob/8aeab521eb07d38a273318b8123caabf332e66e4/src/data/uni_info.json,universities/吉林省/4122010184/profile.yaml
4122010186,长春理工大学,logo_reference,社区高校校徽字体索引,https://github.com/lovefc/china_school_badge,Apache-2.0,04f59e07f4b809acc60493324af5ca4aa610153d,https://github.com/lovefc/china_school_badge/blob/04f59e07f4b809acc60493324af5ca4aa610153d/css/fcicon.css,universities/吉林省/4122010186/profile.yaml
4122010200,东北师范大学,logo_reference,社区高校校徽字体索引,https://github.com/lovefc/china_school_badge,Apache-2.0,04f59e07f4b809acc60493324af5ca4aa610153d,https://github.com/lovefc/china_school_badge/blob/04f59e07f4b809acc60493324af5ca4aa610153d/css/fcicon.css,universities/吉林省/4122010200/profile.yaml
4122010200,东北师范大学,history_reference,中国高校校史社区资料与可视化,https://github.com/jtchen2k/hcu,GPL-3.0,8aeab521eb07d38a273318b8123caabf332e66e4,https://github.com/jtchen2k/hcu/blob/8aeab521eb07d38a273318b8123caabf332e66e4/src/data/uni_info.json,universities/吉林省/4122010200/profile.yaml
4123010212,黑龙江大学,logo_reference,社区高校校徽字体索引,https://github.com/lovefc/china_school_badge,Apache-2.0,04f59e07f4b809acc60493324af5ca4aa610153d,https://github.com/lovefc/china_school_badge/blob/04f59e07f4b809acc60493324af5ca4aa610153d/css/fcicon.css,universities/黑龙江省/4123010212/profile.yaml
4123010213,哈尔滨工业大学,beamer_theme,College Beamer社区高校主题集合,https://github.com/liu-qilong/college-beamer,CC-BY-4.0,b70b18b39752ff327506b5cf012b5011a4e82bd9,https://github.com/liu-qilong/college-beamer/blob/b70b18b39752ff327506b5cf012b5011a4e82bd9/README.md,universities/黑龙江省/4123010213/profile.yaml
4123010213,哈尔滨工业大学,logo_reference,社区高校校徽字体索引,https://github.com/lovefc/china_school_badge,Apache-2.0,04f59e07f4b809acc60493324af5ca4aa610153d,https://github.com/lovefc/china_school_badge/blob/04f59e07f4b809acc60493324af5ca4aa610153d/css/fcicon.css,universities/黑龙江省/4123010213/profile.yaml
4123010213,哈尔滨工业大学,history_reference,中国高校校史社区资料与可视化,https://github.com/jtchen2k/hcu,GPL-3.0,8aeab521eb07d38a273318b8123caabf332e66e4,https://github.com/jtchen2k/hcu/blob/8aeab521eb07d38a273318b8123caabf332e66e4/src/data/uni_info.json,universities/黑龙江省/4123010213/profile.yaml
4123010213,哈尔滨工业大学,tikz_logo_source,哈尔滨工业大学社区TikZ矢量标识源码,https://github.com/yuxtech/cnlogo/blob/daca8906123ca61186218ddda7369f95cc65a664/cnlogo/hit.tex,源代码声明AGPL-3.0；LICENSE将Logos/graphics排除在该许可之外,daca8906123ca61186218ddda7369f95cc65a664,https://github.com/yuxtech/cnlogo/blob/daca8906123ca61186218ddda7369f95cc65a664/README.md,universities/黑龙江省/4123010213/profile.yaml
4123010213,哈尔滨工业大学,pptx_template,哈工大社区简约PPT模板,https://github.com/huyingjiao/HIT-PPT-Theme/tree/9e9b01db3e11e6e6265bb858c4705a1638614608,,9e9b01db3e11e6e6265bb858c4705a1638614608,https://github.com/huyingjiao/HIT-PPT-Theme/blob/9e9b01db3e11e6e6265bb858c4705a1638614608/README.md,universities/黑龙江省/4123010213/profile.yaml
4123010214,哈尔滨理工大学,logo_reference,社区高校校徽字体索引,https://github.com/lovefc/china_school_badge,Apache-2.0,04f59e07f4b809acc60493324af5ca4aa610153d,https://github.com/lovefc/china_school_badge/blob/04f59e07f4b809acc60493324af5ca4aa610153d/css/fcicon.css,universities/黑龙江省/4123010214/profile.yaml
4123010217,哈尔滨工程大学,beamer_theme,College Beamer社区高校主题集合,https://github.com/liu-qilong/college-beamer,CC-BY-4.0,b70b18b39752ff327506b5cf012b5011a4e82bd9,https://github.com/liu-qilong/college-beamer/blob/b70b18b39752ff327506b5cf012b5011a4e82bd9/README.md,universities/黑龙江省/4123010217/profile.yaml
4123010217,哈尔滨工程大学,history_reference,中国高校校史社区资料与可视化,https://github.com/jtchen2k/hcu,GPL-3.0,8aeab521eb07d38a273318b8123caabf332e66e4,https://github.com/jtchen2k/hcu/blob/8aeab521eb07d38a273318b8123caabf332e66e4/src/data/uni_info.json,universities/黑龙江省/4123010217/profile.yaml
4123010224,东北农业大学,history_reference,中国高校校史社区资料与可视化,https://github.com/jtchen2k/hcu,GPL-3.0,8aeab521eb07d38a273318b8123caabf332e66e4,https://github.com/jtchen2k/hcu/blob/8aeab521eb07d38a273318b8123caabf332e66e4/src/data/uni_info.json,universities/黑龙江省/4123010224/profile.yaml
4123010225,东北林业大学,logo_reference,社区高校校徽字体索引,https://github.com/lovefc/china_school_badge,Apache-2.0,04f59e07f4b809acc60493324af5ca4aa610153d,https://github.com/lovefc/china_school_badge/blob/04f59e07f4b809acc60493324af5ca4aa610153d/css/fcicon.css,universities/黑龙江省/4123010225/profile.yaml
4123010225,东北林业大学,history_reference,中国高校校史社区资料与可视化,https://github.com/jtchen2k/hcu,GPL-3.0,8aeab521eb07d38a273318b8123caabf332e66e4,https://github.com/jtchen2k/hcu/blob/8aeab521eb07d38a273318b8123caabf332e66e4/src/data/uni_info.json,universities/黑龙江省/4123010225/profile.yaml
4123010226,哈尔滨医科大学,logo_reference,社区高校校徽字体索引,https://github.com/lovefc/china_school_badge,Apache-2.0,04f59e07f4b809acc60493324af5ca4aa610153d,https://github.com/lovefc/china_school_badge/blob/04f59e07f4b809acc60493324af5ca4aa610153d/css/fcicon.css,universities/黑龙江省/4123010226/profile.yaml
4123010231,哈尔滨师范大学,logo_reference,社区高校校徽字体索引,https://github.com/lovefc/china_school_badge,Apache-2.0,04f59e07f4b809acc60493324af5ca4aa610153d,https://github.com/lovefc/china_school_badge/blob/04f59e07f4b809acc60493324af5ca4aa610153d/css/fcicon.css,universities/黑龙江省/4123010231/profile.yaml
4131010246,复旦大学,logo_reference,社区高校校徽字体索引,https://github.com/lovefc/china_school_badge,Apache-2.0,04f59e07f4b809acc60493324af5ca4aa610153d,https://github.com/lovefc/china_school_badge/blob/04f59e07f4b809acc60493324af5ca4aa610153d/css/fcicon.css,universities/上海市/4131010246/profile.yaml
4131010246,复旦大学,history_reference,中国高校校史社区资料与可视化,https://github.com/jtchen2k/hcu,GPL-3.0,8aeab521eb07d38a273318b8123caabf332e66e4,https://github.com/jtchen2k/hcu/blob/8aeab521eb07d38a273318b8123caabf332e66e4/src/data/uni_info.json,universities/上海市/4131010246/profile.yaml
4131010246,复旦大学,tikz_logo_source,复旦大学社区TikZ矢量标识源码,https://github.com/yuxtech/cnlogo/blob/daca8906123ca61186218ddda7369f95cc65a664/cnlogo/fdu.tex,源代码声明AGPL-3.0；LICENSE将Logos/graphics排除在该许可之外,daca8906123ca61186218ddda7369f95cc65a664,https://github.com/yuxtech/cnlogo/blob/daca8906123ca61186218ddda7369f95cc65a664/README.md,universities/上海市/4131010246/profile.yaml
4131010247,同济大学,logo_reference,社区高校校徽字体索引,https://github.com/lovefc/china_school_badge,Apache-2.0,04f59e07f4b809acc60493324af5ca4aa610153d,https://github.com/lovefc/china_school_badge/blob/04f59e07f4b809acc60493324af5ca4aa610153d/css/fcicon.css,universities/上海市/4131010247/profile.yaml
4131010247,同济大学,history_reference,中国高校校史社区资料与可视化,https://github.com/jtchen2k/hcu,GPL-3.0,8aeab521eb07d38a273318b8123caabf332e66e4,https://github.com/jtchen2k/hcu/blob/8aeab521eb07d38a273318b8123caabf332e66e4/src/data/uni_info.json,universities/上海市/4131010247/profile.yaml
4131010247,同济大学,tikz_logo_source,同济大学社区TikZ矢量标识源码,https://github.com/yuxtech/cnlogo/blob/daca8906123ca61186218ddda7369f95cc65a664/cnlogo/tju.tex,源代码声明AGPL-3.0；LICENSE将Logos/graphics排除在该许可之外,daca8906123ca61186218ddda7369f95cc65a664,https://github.com/yuxtech/cnlogo/blob/daca8906123ca61186218ddda7369f95cc65a664/README.md,universities/上海市/4131010247/profile.yaml
4131010248,上海交通大学,logo_reference,上海交通大学社区校徽与横幅参考,https://github.com/weijianwen/SJTU-logo-banner,,e3e3378806ae5b6af33cfa4cb0db542efddae798,https://github.com/weijianwen/SJTU-logo-banner/blob/e3e3378806ae5b6af33cfa4cb0db542efddae798/README.mkd,universities/上海市/4131010248/profile.yaml
4131010248,上海交通大学,beamer_theme,上海交通大学社区Beamer主题,https://github.com/sjtug/SJTUBeamer,Apache-2.0,72a76138446137c1090070ba0cf66cbe56b3bd80,https://github.com/sjtug/SJTUBeamer/blob/72a76138446137c1090070ba0cf66cbe56b3bd80/README.md,universities/上海市/4131010248/profile.yaml
4131010248,上海交通大学,logo_reference,社区高校校徽字体索引,https://github.com/lovefc/china_school_badge,Apache-2.0,04f59e07f4b809acc60493324af5ca4aa610153d,https://github.com/lovefc/china_school_badge/blob/04f59e07f4b809acc60493324af5ca4aa610153d/css/fcicon.css,universities/上海市/4131010248/profile.yaml
4131010248,上海交通大学,history_reference,中国高校校史社区资料与可视化,https://github.com/jtchen2k/hcu,GPL-3.0,8aeab521eb07d38a273318b8123caabf332e66e4,https://github.com/jtchen2k/hcu/blob/8aeab521eb07d38a273318b8123caabf332e66e4/src/data/uni_info.json,universities/上海市/4131010248/profile.yaml
4131010248,上海交通大学,tikz_logo_source,上海交通大学社区TikZ矢量标识源码,https://github.com/yuxtech/cnlogo/blob/daca8906123ca61186218ddda7369f95cc65a664/cnlogo/stju.tex,源代码声明AGPL-3.0；LICENSE将Logos/graphics排除在该许可之外,daca8906123ca61186218ddda7369f95cc65a664,https://github.com/yuxtech/cnlogo/blob/daca8906123ca61186218ddda7369f95cc65a664/README.md,universities/上海市/4131010248/profile.yaml
4131010251,华东理工大学,logo_reference,社区高校校徽字体索引,https://github.com/lovefc/china_school_badge,Apache-2.0,04f59e07f4b809acc60493324af5ca4aa610153d,https://github.com/lovefc/china_school_badge/blob/04f59e07f4b809acc60493324af5ca4aa610153d/css/fcicon.css,universities/上海市/4131010251/profile.yaml
4131010251,华东理工大学,history_reference,中国高校校史社区资料与可视化,https://github.com/jtchen2k/hcu,GPL-3.0,8aeab521eb07d38a273318b8123caabf332e66e4,https://github.com/jtchen2k/hcu/blob/8aeab521eb07d38a273318b8123caabf332e66e4/src/data/uni_info.json,universities/上海市/4131010251/profile.yaml
4131010252,上海理工大学,logo_reference,社区高校校徽字体索引,https://github.com/lovefc/china_school_badge,Apache-2.0,04f59e07f4b809acc60493324af5ca4aa610153d,https://github.com/lovefc/china_school_badge/blob/04f59e07f4b809acc60493324af5ca4aa610153d/css/fcicon.css,universities/上海市/4131010252/profile.yaml
4131010255,东华大学,logo_reference,社区高校校徽字体索引,https://github.com/lovefc/china_school_badge,Apache-2.0,04f59e07f4b809acc60493324af5ca4aa610153d,https://github.com/lovefc/china_school_badge/blob/04f59e07f4b809acc60493324af5ca4aa610153d/css/fcicon.css,universities/上海市/4131010255/profile.yaml
4131010255,东华大学,history_reference,中国高校校史社区资料与可视化,https://github.com/jtchen2k/hcu,GPL-3.0,8aeab521eb07d38a273318b8123caabf332e66e4,https://github.com/jtchen2k/hcu/blob/8aeab521eb07d38a273318b8123caabf332e66e4/src/data/uni_info.json,universities/上海市/4131010255/profile.yaml
4131010264,上海海洋大学,logo_reference,社区高校校徽字体索引,https://github.com/lovefc/china_school_badge,Apache-2.0,04f59e07f4b809acc60493324af5ca4aa610153d,https://github.com/lovefc/china_school_badge/blob/04f59e07f4b809acc60493324af5ca4aa610153d/css/fcicon.css,universities/上海市/4131010264/profile.yaml
4131010264,上海海洋大学,history_reference,中国高校校史社区资料与可视化,https://github.com/jtchen2k/hcu,GPL-3.0,8aeab521eb07d38a273318b8123caabf332e66e4,https://github.com/jtchen2k/hcu/blob/8aeab521eb07d38a273318b8123caabf332e66e4/src/data/uni_info.json,universities/上海市/4131010264/profile.yaml
4131010268,上海中医药大学,logo_reference,社区高校校徽字体索引,https://github.com/lovefc/china_school_badge,Apache-2.0,04f59e07f4b809acc60493324af5ca4aa610153d,https://github.com/lovefc/china_school_badge/blob/04f59e07f4b809acc60493324af5ca4aa610153d/css/fcicon.css,universities/上海市/4131010268/profile.yaml
4131010268,上海中医药大学,history_reference,中国高校校史社区资料与可视化,https://github.com/jtchen2k/hcu,GPL-3.0,8aeab521eb07d38a273318b8123caabf332e66e4,https://github.com/jtchen2k/hcu/blob/8aeab521eb07d38a273318b8123caabf332e66e4/src/data/uni_info.json,universities/上海市/4131010268/profile.yaml
4131010269,华东师范大学,logo_reference,社区高校校徽字体索引,https://github.com/lovefc/china_school_badge,Apache-2.0,04f59e07f4b809acc60493324af5ca4aa610153d,https://github.com/lovefc/china_school_badge/blob/04f59e07f4b809acc60493324af5ca4aa610153d/css/fcicon.css,universities/上海市/4131010269/profile.yaml
4131010269,华东师范大学,history_reference,中国高校校史社区资料与可视化,https://github.com/jtchen2k/hcu,GPL-3.0,8aeab521eb07d38a273318b8123caabf332e66e4,https://github.com/jtchen2k/hcu/blob/8aeab521eb07d38a273318b8123caabf332e66e4/src/data/uni_info.json,universities/上海市/4131010269/profile.yaml
4131010269,华东师范大学,tikz_logo_source,华东师范大学社区TikZ矢量标识源码,https://github.com/yuxtech/cnlogo/blob/daca8906123ca61186218ddda7369f95cc65a664/cnlogo/hdsfu.tex,源代码声明AGPL-3.0；LICENSE将Logos/graphics排除在该许可之外,daca8906123ca61186218ddda7369f95cc65a664,https://github.com/yuxtech/cnlogo/blob/daca8906123ca61186218ddda7369f95cc65a664/README.md,universities/上海市/4131010269/profile.yaml
4131010269,华东师范大学,pptx_template,华东师范大学社区PPT模板与风格参考,https://github.com/HFY-aa/ecnu-ppt-style/tree/4f1944ec7b147d9671fa36152926ea6aad6a3479,,4f1944ec7b147d9671fa36152926ea6aad6a3479,https://github.com/HFY-aa/ecnu-ppt-style/blob/4f1944ec7b147d9671fa36152926ea6aad6a3479/README.md,universities/上海市/4131010269/profile.yaml
4131010270,上海师范大学,logo_reference,社区高校校徽字体索引,https://github.com/lovefc/china_school_badge,Apache-2.0,04f59e07f4b809acc60493324af5ca4aa610153d,https://github.com/lovefc/china_school_badge/blob/04f59e07f4b809acc60493324af5ca4aa610153d/css/fcicon.css,universities/上海市/4131010270/profile.yaml
4131010271,上海外国语大学,logo_reference,社区高校校徽字体索引,https://github.com/lovefc/china_school_badge,Apache-2.0,04f59e07f4b809acc60493324af5ca4aa610153d,https://github.com/lovefc/china_school_badge/blob/04f59e07f4b809acc60493324af5ca4aa610153d/css/fcicon.css,universities/上海市/4131010271/profile.yaml
4131010271,上海外国语大学,history_reference,中国高校校史社区资料与可视化,https://github.com/jtchen2k/hcu,GPL-3.0,8aeab521eb07d38a273318b8123caabf332e66e4,https://github.com/jtchen2k/hcu/blob/8aeab521eb07d38a273318b8123caabf332e66e4/src/data/uni_info.json,universities/上海市/4131010271/profile.yaml
4131010272,上海财经大学,logo_reference,社区高校校徽字体索引,https://github.com/lovefc/china_school_badge,Apache-2.0,04f59e07f4b809acc60493324af5ca4aa610153d,https://github.com/lovefc/china_school_badge/blob/04f59e07f4b809acc60493324af5ca4aa610153d/css/fcicon.css,universities/上海市/4131010272/profile.yaml
4131010272,上海财经大学,history_reference,中国高校校史社区资料与可视化,https://github.com/jtchen2k/hcu,GPL-3.0,8aeab521eb07d38a273318b8123caabf332e66e4,https://github.com/jtchen2k/hcu/blob/8aeab521eb07d38a273318b8123caabf332e66e4/src/data/uni_info.json,universities/上海市/4131010272/profile.yaml
4131010273,上海对外经贸大学,logo_reference,社区高校校徽字体索引,https://github.com/lovefc/china_school_badge,Apache-2.0,04f59e07f4b809acc60493324af5ca4aa610153d,https://github.com/lovefc/china_school_badge/blob/04f59e07f4b809acc60493324af5ca4aa610153d/css/fcicon.css,universities/上海市/4131010273/profile.yaml
4131010276,华东政法大学,logo_reference,社区高校校徽字体索引,https://github.com/lovefc/china_school_badge,Apache-2.0,04f59e07f4b809acc60493324af5ca4aa610153d,https://github.com/lovefc/china_school_badge/blob/04f59e07f4b809acc60493324af5ca4aa610153d/css/fcicon.css,universities/上海市/4131010276/profile.yaml
4131010276,华东政法大学,tikz_logo_source,华东政法大学社区TikZ矢量标识源码,https://github.com/yuxtech/cnlogo/blob/daca8906123ca61186218ddda7369f95cc65a664/cnlogo/hdzfu.tex,源代码声明AGPL-3.0；LICENSE将Logos/graphics排除在该许可之外,daca8906123ca61186218ddda7369f95cc65a664,https://github.com/yuxtech/cnlogo/blob/daca8906123ca61186218ddda7369f95cc65a664/README.md,universities/上海市/4131010276/profile.yaml
4131010278,上海音乐学院,logo_reference,社区高校校徽字体索引,https://github.com/lovefc/china_school_badge,Apache-2.0,04f59e07f4b809acc60493324af5ca4aa610153d,https://github.com/lovefc/china_school_badge/blob/04f59e07f4b809acc60493324af5ca4aa610153d/css/fcicon.css,universities/上海市/4131010278/profile.yaml
4131010278,上海音乐学院,history_reference,中国高校校史社区资料与可视化,https://github.com/jtchen2k/hcu,GPL-3.0,8aeab521eb07d38a273318b8123caabf332e66e4,https://github.com/jtchen2k/hcu/blob/8aeab521eb07d38a273318b8123caabf332e66e4/src/data/uni_info.json,universities/上海市/4131010278/profile.yaml
4131010279,上海戏剧学院,logo_reference,社区高校校徽字体索引,https://github.com/lovefc/china_school_badge,Apache-2.0,04f59e07f4b809acc60493324af5ca4aa610153d,https://github.com/lovefc/china_school_badge/blob/04f59e07f4b809acc60493324af5ca4aa610153d/css/fcicon.css,universities/上海市/4131010279/profile.yaml
4131010280,上海大学,logo_reference,社区高校校徽字体索引,https://github.com/lovefc/china_school_badge,Apache-2.0,04f59e07f4b809acc60493324af5ca4aa610153d,https://github.com/lovefc/china_school_badge/blob/04f59e07f4b809acc60493324af5ca4aa610153d/css/fcicon.css,universities/上海市/4131010280/profile.yaml
4131010280,上海大学,history_reference,中国高校校史社区资料与可视化,https://github.com/jtchen2k/hcu,GPL-3.0,8aeab521eb07d38a273318b8123caabf332e66e4,https://github.com/jtchen2k/hcu/blob/8aeab521eb07d38a273318b8123caabf332e66e4/src/data/uni_info.json,universities/上海市/4131010280/profile.yaml
4131010280,上海大学,tikz_logo_source,上海大学社区TikZ矢量标识源码,https://github.com/yuxtech/cnlogo/blob/daca8906123ca61186218ddda7369f95cc65a664/cnlogo/shu.tex,源代码声明AGPL-3.0；LICENSE将Logos/graphics排除在该许可之外,daca8906123ca61186218ddda7369f95cc65a664,https://github.com/yuxtech/cnlogo/blob/daca8906123ca61186218ddda7369f95cc65a664/README.md,universities/上海市/4131010280/profile.yaml
4131014423,上海科技大学,beamer_theme,College Beamer社区高校主题集合,https://github.com/liu-qilong/college-beamer,CC-BY-4.0,b70b18b39752ff327506b5cf012b5011a4e82bd9,https://github.com/liu-qilong/college-beamer/blob/b70b18b39752ff327506b5cf012b5011a4e82bd9/README.md,universities/上海市/4131014423/profile.yaml
4131014423,上海科技大学,logo_reference,社区高校校徽字体索引,https://github.com/lovefc/china_school_badge,Apache-2.0,04f59e07f4b809acc60493324af5ca4aa610153d,https://github.com/lovefc/china_school_badge/blob/04f59e07f4b809acc60493324af5ca4aa610153d/css/fcicon.css,universities/上海市/4131014423/profile.yaml
4131014423,上海科技大学,history_reference,中国高校校史社区资料与可视化,https://github.com/jtchen2k/hcu,GPL-3.0,8aeab521eb07d38a273318b8123caabf332e66e4,https://github.com/jtchen2k/hcu/blob/8aeab521eb07d38a273318b8123caabf332e66e4/src/data/uni_info.json,universities/上海市/4131014423/profile.yaml
4132010284,南京大学,logo_reference,社区高校校徽字体索引,https://github.com/lovefc/china_school_badge,Apache-2.0,04f59e07f4b809acc60493324af5ca4aa610153d,https://github.com/lovefc/china_school_badge/blob/04f59e07f4b809acc60493324af5ca4aa610153d/css/fcicon.css,universities/江苏省/4132010284/profile.yaml
4132010284,南京大学,history_reference,中国高校校史社区资料与可视化,https://github.com/jtchen2k/hcu,GPL-3.0,8aeab521eb07d38a273318b8123caabf332e66e4,https://github.com/jtchen2k/hcu/blob/8aeab521eb07d38a273318b8123caabf332e66e4/src/data/uni_info.json,universities/江苏省/4132010284/profile.yaml
4132010284,南京大学,tikz_logo_source,南京大学社区TikZ矢量标识源码,https://github.com/yuxtech/cnlogo/blob/daca8906123ca61186218ddda7369f95cc65a664/cnlogo/nju.tex,源代码声明AGPL-3.0；LICENSE将Logos/graphics排除在该许可之外,daca8906123ca61186218ddda7369f95cc65a664,https://github.com/yuxtech/cnlogo/blob/daca8906123ca61186218ddda7369f95cc65a664/README.md,universities/江苏省/4132010284/profile.yaml
4132010285,苏州大学,logo_reference,社区高校校徽字体索引,https://github.com/lovefc/china_school_badge,Apache-2.0,04f59e07f4b809acc60493324af5ca4aa610153d,https://github.com/lovefc/china_school_badge/blob/04f59e07f4b809acc60493324af5ca4aa610153d/css/fcicon.css,universities/江苏省/4132010285/profile.yaml
4132010285,苏州大学,history_reference,中国高校校史社区资料与可视化,https://github.com/jtchen2k/hcu,GPL-3.0,8aeab521eb07d38a273318b8123caabf332e66e4,https://github.com/jtchen2k/hcu/blob/8aeab521eb07d38a273318b8123caabf332e66e4/src/data/uni_info.json,universities/江苏省/4132010285/profile.yaml
4132010286,东南大学,beamer_theme,东南大学社区Beamer主题,https://github.com/TouchFishPioneer/SEU-Beamer-Slide,GPL-3.0,a387c719a000956ea47071b30c225f7822203b94,https://github.com/TouchFishPioneer/SEU-Beamer-Slide/blob/a387c719a000956ea47071b30c225f7822203b94/README.md,universities/江苏省/4132010286/profile.yaml
4132010286,东南大学,logo_reference,社区高校校徽字体索引,https://github.com/lovefc/china_school_badge,Apache-2.0,04f59e07f4b809acc60493324af5ca4aa610153d,https://github.com/lovefc/china_school_badge/blob/04f59e07f4b809acc60493324af5ca4aa610153d/css/fcicon.css,universities/江苏省/4132010286/profile.yaml
4132010286,东南大学,history_reference,中国高校校史社区资料与可视化,https://github.com/jtchen2k/hcu,GPL-3.0,8aeab521eb07d38a273318b8123caabf332e66e4,https://github.com/jtchen2k/hcu/blob/8aeab521eb07d38a273318b8123caabf332e66e4/src/data/uni_info.json,universities/江苏省/4132010286/profile.yaml
4132010287,南京航空航天大学,logo_reference,社区高校校徽字体索引,https://github.com/lovefc/china_school_badge,Apache-2.0,04f59e07f4b809acc60493324af5ca4aa610153d,https://github.com/lovefc/china_school_badge/blob/04f59e07f4b809acc60493324af5ca4aa610153d/css/fcicon.css,universities/江苏省/4132010287/profile.yaml
4132010287,南京航空航天大学,history_reference,中国高校校史社区资料与可视化,https://github.com/jtchen2k/hcu,GPL-3.0,8aeab521eb07d38a273318b8123caabf332e66e4,https://github.com/jtchen2k/hcu/blob/8aeab521eb07d38a273318b8123caabf332e66e4/src/data/uni_info.json,universities/江苏省/4132010287/profile.yaml
4132010288,南京理工大学,logo_reference,社区高校校徽字体索引,https://github.com/lovefc/china_school_badge,Apache-2.0,04f59e07f4b809acc60493324af5ca4aa610153d,https://github.com/lovefc/china_school_badge/blob/04f59e07f4b809acc60493324af5ca4aa610153d/css/fcicon.css,universities/江苏省/4132010288/profile.yaml
4132010288,南京理工大学,history_reference,中国高校校史社区资料与可视化,https://github.com/jtchen2k/hcu,GPL-3.0,8aeab521eb07d38a273318b8123caabf332e66e4,https://github.com/jtchen2k/hcu/blob/8aeab521eb07d38a273318b8123caabf332e66e4/src/data/uni_info.json,universities/江苏省/4132010288/profile.yaml
4132010288,南京理工大学,tikz_logo_source,南京理工大学社区TikZ矢量标识源码,https://github.com/yuxtech/cnlogo/blob/daca8906123ca61186218ddda7369f95cc65a664/cnlogo/njust.tex,源代码声明AGPL-3.0；LICENSE将Logos/graphics排除在该许可之外,daca8906123ca61186218ddda7369f95cc65a664,https://github.com/yuxtech/cnlogo/blob/daca8906123ca61186218ddda7369f95cc65a664/README.md,universities/江苏省/4132010288/profile.yaml
4132010289,江苏科技大学,logo_reference,社区高校校徽字体索引,https://github.com/lovefc/china_school_badge,Apache-2.0,04f59e07f4b809acc60493324af5ca4aa610153d,https://github.com/lovefc/china_school_badge/blob/04f59e07f4b809acc60493324af5ca4aa610153d/css/fcicon.css,universities/江苏省/4132010289/profile.yaml
4132010290,中国矿业大学,logo_reference,社区高校校徽字体索引,https://github.com/lovefc/china_school_badge,Apache-2.0,04f59e07f4b809acc60493324af5ca4aa610153d,https://github.com/lovefc/china_school_badge/blob/04f59e07f4b809acc60493324af5ca4aa610153d/css/fcicon.css,universities/江苏省/4132010290/profile.yaml
4132010290,中国矿业大学,history_reference,中国高校校史社区资料与可视化,https://github.com/jtchen2k/hcu,GPL-3.0,8aeab521eb07d38a273318b8123caabf332e66e4,https://github.com/jtchen2k/hcu/blob/8aeab521eb07d38a273318b8123caabf332e66e4/src/data/uni_info.json,universities/江苏省/4132010290/profile.yaml
4132010290,中国矿业大学,tikz_logo_source,中国矿业大学社区TikZ矢量标识源码,https://github.com/yuxtech/cnlogo/blob/daca8906123ca61186218ddda7369f95cc65a664/cnlogo/ckyu.tex,源代码声明AGPL-3.0；LICENSE将Logos/graphics排除在该许可之外,daca8906123ca61186218ddda7369f95cc65a664,https://github.com/yuxtech/cnlogo/blob/daca8906123ca61186218ddda7369f95cc65a664/README.md,universities/江苏省/4132010290/profile.yaml
4132010291,南京工业大学,logo_reference,社区高校校徽字体索引,https://github.com/lovefc/china_school_badge,Apache-2.0,04f59e07f4b809acc60493324af5ca4aa610153d,https://github.com/lovefc/china_school_badge/blob/04f59e07f4b809acc60493324af5ca4aa610153d/css/fcicon.css,universities/江苏省/4132010291/profile.yaml
4132010292,常州大学,logo_reference,社区高校校徽字体索引,https://github.com/lovefc/china_school_badge,Apache-2.0,04f59e07f4b809acc60493324af5ca4aa610153d,https://github.com/lovefc/china_school_badge/blob/04f59e07f4b809acc60493324af5ca4aa610153d/css/fcicon.css,universities/江苏省/4132010292/profile.yaml
4132010293,南京邮电大学,logo_reference,社区高校校徽字体索引,https://github.com/lovefc/china_school_badge,Apache-2.0,04f59e07f4b809acc60493324af5ca4aa610153d,https://github.com/lovefc/china_school_badge/blob/04f59e07f4b809acc60493324af5ca4aa610153d/css/fcicon.css,universities/江苏省/4132010293/profile.yaml
4132010293,南京邮电大学,history_reference,中国高校校史社区资料与可视化,https://github.com/jtchen2k/hcu,GPL-3.0,8aeab521eb07d38a273318b8123caabf332e66e4,https://github.com/jtchen2k/hcu/blob/8aeab521eb07d38a273318b8123caabf332e66e4/src/data/uni_info.json,universities/江苏省/4132010293/profile.yaml
4132010294,河海大学,logo_reference,社区高校校徽字体索引,https://github.com/lovefc/china_school_badge,Apache-2.0,04f59e07f4b809acc60493324af5ca4aa610153d,https://github.com/lovefc/china_school_badge/blob/04f59e07f4b809acc60493324af5ca4aa610153d/css/fcicon.css,universities/江苏省/4132010294/profile.yaml
4132010294,河海大学,history_reference,中国高校校史社区资料与可视化,https://github.com/jtchen2k/hcu,GPL-3.0,8aeab521eb07d38a273318b8123caabf332e66e4,https://github.com/jtchen2k/hcu/blob/8aeab521eb07d38a273318b8123caabf332e66e4/src/data/uni_info.json,universities/江苏省/4132010294/profile.yaml
4132010294,河海大学,tikz_logo_source,河海大学社区TikZ矢量标识源码,https://github.com/yuxtech/cnlogo/blob/daca8906123ca61186218ddda7369f95cc65a664/cnlogo/hhu.tex,源代码声明AGPL-3.0；LICENSE将Logos/graphics排除在该许可之外,daca8906123ca61186218ddda7369f95cc65a664,https://github.com/yuxtech/cnlogo/blob/daca8906123ca61186218ddda7369f95cc65a664/README.md,universities/江苏省/4132010294/profile.yaml
4132010295,江南大学,logo_reference,社区高校校徽字体索引,https://github.com/lovefc/china_school_badge,Apache-2.0,04f59e07f4b809acc60493324af5ca4aa610153d,https://github.com/lovefc/china_school_badge/blob/04f59e07f4b809acc60493324af5ca4aa610153d/css/fcicon.css,universities/江苏省/4132010295/profile.yaml
4132010295,江南大学,history_reference,中国高校校史社区资料与可视化,https://github.com/jtchen2k/hcu,GPL-3.0,8aeab521eb07d38a273318b8123caabf332e66e4,https://github.com/jtchen2k/hcu/blob/8aeab521eb07d38a273318b8123caabf332e66e4/src/data/uni_info.json,universities/江苏省/4132010295/profile.yaml
4132010295,江南大学,tikz_logo_source,江南大学社区TikZ矢量标识源码,https://github.com/yuxtech/cnlogo/blob/daca8906123ca61186218ddda7369f95cc65a664/cnlogo/ju.tex,源代码声明AGPL-3.0；LICENSE将Logos/graphics排除在该许可之外,daca8906123ca61186218ddda7369f95cc65a664,https://github.com/yuxtech/cnlogo/blob/daca8906123ca61186218ddda7369f95cc65a664/README.md,universities/江苏省/4132010295/profile.yaml
4132010298,南京林业大学,logo_reference,社区高校校徽字体索引,https://github.com/lovefc/china_school_badge,Apache-2.0,04f59e07f4b809acc60493324af5ca4aa610153d,https://github.com/lovefc/china_school_badge/blob/04f59e07f4b809acc60493324af5ca4aa610153d/css/fcicon.css,universities/江苏省/4132010298/profile.yaml
4132010298,南京林业大学,history_reference,中国高校校史社区资料与可视化,https://github.com/jtchen2k/hcu,GPL-3.0,8aeab521eb07d38a273318b8123caabf332e66e4,https://github.com/jtchen2k/hcu/blob/8aeab521eb07d38a273318b8123caabf332e66e4/src/data/uni_info.json,universities/江苏省/4132010298/profile.yaml
4132010299,江苏大学,logo_reference,社区高校校徽字体索引,https://github.com/lovefc/china_school_badge,Apache-2.0,04f59e07f4b809acc60493324af5ca4aa610153d,https://github.com/lovefc/china_school_badge/blob/04f59e07f4b809acc60493324af5ca4aa610153d/css/fcicon.css,universities/江苏省/4132010299/profile.yaml
4132010300,南京信息工程大学,logo_reference,社区高校校徽字体索引,https://github.com/lovefc/china_school_badge,Apache-2.0,04f59e07f4b809acc60493324af5ca4aa610153d,https://github.com/lovefc/china_school_badge/blob/04f59e07f4b809acc60493324af5ca4aa610153d/css/fcicon.css,universities/江苏省/4132010300/profile.yaml
4132010300,南京信息工程大学,history_reference,中国高校校史社区资料与可视化,https://github.com/jtchen2k/hcu,GPL-3.0,8aeab521eb07d38a273318b8123caabf332e66e4,https://github.com/jtchen2k/hcu/blob/8aeab521eb07d38a273318b8123caabf332e66e4/src/data/uni_info.json,universities/江苏省/4132010300/profile.yaml
4132010304,南通大学,logo_reference,社区高校校徽字体索引,https://github.com/lovefc/china_school_badge,Apache-2.0,04f59e07f4b809acc60493324af5ca4aa610153d,https://github.com/lovefc/china_school_badge/blob/04f59e07f4b809acc60493324af5ca4aa610153d/css/fcicon.css,universities/江苏省/4132010304/profile.yaml
4132010307,南京农业大学,beamer_theme,College Beamer社区高校主题集合,https://github.com/liu-qilong/college-beamer,CC-BY-4.0,b70b18b39752ff327506b5cf012b5011a4e82bd9,https://github.com/liu-qilong/college-beamer/blob/b70b18b39752ff327506b5cf012b5011a4e82bd9/README.md,universities/江苏省/4132010307/profile.yaml
4132010307,南京农业大学,logo_reference,社区高校校徽字体索引,https://github.com/lovefc/china_school_badge,Apache-2.0,04f59e07f4b809acc60493324af5ca4aa610153d,https://github.com/lovefc/china_school_badge/blob/04f59e07f4b809acc60493324af5ca4aa610153d/css/fcicon.css,universities/江苏省/4132010307/profile.yaml
4132010307,南京农业大学,history_reference,中国高校校史社区资料与可视化,https://github.com/jtchen2k/hcu,GPL-3.0,8aeab521eb07d38a273318b8123caabf332e66e4,https://github.com/jtchen2k/hcu/blob/8aeab521eb07d38a273318b8123caabf332e66e4/src/data/uni_info.json,universities/江苏省/4132010307/profile.yaml
4132010312,南京医科大学,history_reference,中国高校校史社区资料与可视化,https://github.com/jtchen2k/hcu,GPL-3.0,8aeab521eb07d38a273318b8123caabf332e66e4,https://github.com/jtchen2k/hcu/blob/8aeab521eb07d38a273318b8123caabf332e66e4/src/data/uni_info.json,universities/江苏省/4132010312/profile.yaml
4132010315,南京中医药大学,logo_reference,社区高校校徽字体索引,https://github.com/lovefc/china_school_badge,Apache-2.0,04f59e07f4b809acc60493324af5ca4aa610153d,https://github.com/lovefc/china_school_badge/blob/04f59e07f4b809acc60493324af5ca4aa610153d/css/fcicon.css,universities/江苏省/4132010315/profile.yaml
4132010315,南京中医药大学,history_reference,中国高校校史社区资料与可视化,https://github.com/jtchen2k/hcu,GPL-3.0,8aeab521eb07d38a273318b8123caabf332e66e4,https://github.com/jtchen2k/hcu/blob/8aeab521eb07d38a273318b8123caabf332e66e4/src/data/uni_info.json,universities/江苏省/4132010315/profile.yaml
4132010316,中国药科大学,logo_reference,社区高校校徽字体索引,https://github.com/lovefc/china_school_badge,Apache-2.0,04f59e07f4b809acc60493324af5ca4aa610153d,https://github.com/lovefc/china_school_badge/blob/04f59e07f4b809acc60493324af5ca4aa610153d/css/fcicon.css,universities/江苏省/4132010316/profile.yaml
4132010316,中国药科大学,history_reference,中国高校校史社区资料与可视化,https://github.com/jtchen2k/hcu,GPL-3.0,8aeab521eb07d38a273318b8123caabf332e66e4,https://github.com/jtchen2k/hcu/blob/8aeab521eb07d38a273318b8123caabf332e66e4/src/data/uni_info.json,universities/江苏省/4132010316/profile.yaml
4132010319,南京师范大学,logo_reference,社区高校校徽字体索引,https://github.com/lovefc/china_school_badge,Apache-2.0,04f59e07f4b809acc60493324af5ca4aa610153d,https://github.com/lovefc/china_school_badge/blob/04f59e07f4b809acc60493324af5ca4aa610153d/css/fcicon.css,universities/江苏省/4132010319/profile.yaml
4132010319,南京师范大学,history_reference,中国高校校史社区资料与可视化,https://github.com/jtchen2k/hcu,GPL-3.0,8aeab521eb07d38a273318b8123caabf332e66e4,https://github.com/jtchen2k/hcu/blob/8aeab521eb07d38a273318b8123caabf332e66e4/src/data/uni_info.json,universities/江苏省/4132010319/profile.yaml
4132010320,江苏师范大学,logo_reference,社区高校校徽字体索引,https://github.com/lovefc/china_school_badge,Apache-2.0,04f59e07f4b809acc60493324af5ca4aa610153d,https://github.com/lovefc/china_school_badge/blob/04f59e07f4b809acc60493324af5ca4aa610153d/css/fcicon.css,universities/江苏省/4132010320/profile.yaml
4132010327,南京财经大学,logo_reference,社区高校校徽字体索引,https://github.com/lovefc/china_school_badge,Apache-2.0,04f59e07f4b809acc60493324af5ca4aa610153d,https://github.com/lovefc/china_school_badge/blob/04f59e07f4b809acc60493324af5ca4aa610153d/css/fcicon.css,universities/江苏省/4132010327/profile.yaml
4132010331,南京艺术学院,logo_reference,社区高校校徽字体索引,https://github.com/lovefc/china_school_badge,Apache-2.0,04f59e07f4b809acc60493324af5ca4aa610153d,https://github.com/lovefc/china_school_badge/blob/04f59e07f4b809acc60493324af5ca4aa610153d/css/fcicon.css,universities/江苏省/4132010331/profile.yaml
4132011117,扬州大学,logo_reference,社区高校校徽字体索引,https://github.com/lovefc/china_school_badge,Apache-2.0,04f59e07f4b809acc60493324af5ca4aa610153d,https://github.com/lovefc/china_school_badge/blob/04f59e07f4b809acc60493324af5ca4aa610153d/css/fcicon.css,universities/江苏省/4132011117/profile.yaml
4132011117,扬州大学,tikz_logo_source,扬州大学社区TikZ矢量标识源码,https://github.com/yuxtech/cnlogo/blob/daca8906123ca61186218ddda7369f95cc65a664/cnlogo/yzu.tex,源代码声明AGPL-3.0；LICENSE将Logos/graphics排除在该许可之外,daca8906123ca61186218ddda7369f95cc65a664,https://github.com/yuxtech/cnlogo/blob/daca8906123ca61186218ddda7369f95cc65a664/README.md,universities/江苏省/4132011117/profile.yaml
4133010335,浙江大学,marp_theme,浙江大学社区Marp主题,https://github.com/CouesF/marp-theme-zju,,5c5f362b78ac2c899b982af8a110172bacb4265e,https://github.com/CouesF/marp-theme-zju/blob/5c5f362b78ac2c899b982af8a110172bacb4265e/README.md,universities/浙江省/4133010335/profile.yaml
4133010335,浙江大学,logo_reference,社区高校校徽字体索引,https://github.com/lovefc/china_school_badge,Apache-2.0,04f59e07f4b809acc60493324af5ca4aa610153d,https://github.com/lovefc/china_school_badge/blob/04f59e07f4b809acc60493324af5ca4aa610153d/css/fcicon.css,universities/浙江省/4133010335/profile.yaml
4133010335,浙江大学,history_reference,中国高校校史社区资料与可视化,https://github.com/jtchen2k/hcu,GPL-3.0,8aeab521eb07d38a273318b8123caabf332e66e4,https://github.com/jtchen2k/hcu/blob/8aeab521eb07d38a273318b8123caabf332e66e4/src/data/uni_info.json,universities/浙江省/4133010335/profile.yaml
4133010335,浙江大学,tikz_logo_source,浙江大学社区TikZ矢量标识源码,https://github.com/yuxtech/cnlogo/blob/daca8906123ca61186218ddda7369f95cc65a664/cnlogo/zju.tex,源代码声明AGPL-3.0；LICENSE将Logos/graphics排除在该许可之外,daca8906123ca61186218ddda7369f95cc65a664,https://github.com/yuxtech/cnlogo/blob/daca8906123ca61186218ddda7369f95cc65a664/README.md,universities/浙江省/4133010335/profile.yaml
4133010336,杭州电子科技大学,logo_reference,社区高校校徽字体索引,https://github.com/lovefc/china_school_badge,Apache-2.0,04f59e07f4b809acc60493324af5ca4aa610153d,https://github.com/lovefc/china_school_badge/blob/04f59e07f4b809acc60493324af5ca4aa610153d/css/fcicon.css,universities/浙江省/4133010336/profile.yaml
4133010337,浙江工业大学,beamer_theme,College Beamer社区高校主题集合,https://github.com/liu-qilong/college-beamer,CC-BY-4.0,b70b18b39752ff327506b5cf012b5011a4e82bd9,https://github.com/liu-qilong/college-beamer/blob/b70b18b39752ff327506b5cf012b5011a4e82bd9/README.md,universities/浙江省/4133010337/profile.yaml
4133010337,浙江工业大学,logo_reference,社区高校校徽字体索引,https://github.com/lovefc/china_school_badge,Apache-2.0,04f59e07f4b809acc60493324af5ca4aa610153d,https://github.com/lovefc/china_school_badge/blob/04f59e07f4b809acc60493324af5ca4aa610153d/css/fcicon.css,universities/浙江省/4133010337/profile.yaml
4133010338,浙江理工大学,logo_reference,社区高校校徽字体索引,https://github.com/lovefc/china_school_badge,Apache-2.0,04f59e07f4b809acc60493324af5ca4aa610153d,https://github.com/lovefc/china_school_badge/blob/04f59e07f4b809acc60493324af5ca4aa610153d/css/fcicon.css,universities/浙江省/4133010338/profile.yaml
4133010341,浙江农林大学,beamer_theme,College Beamer社区高校主题集合,https://github.com/liu-qilong/college-beamer,CC-BY-4.0,b70b18b39752ff327506b5cf012b5011a4e82bd9,https://github.com/liu-qilong/college-beamer/blob/b70b18b39752ff327506b5cf012b5011a4e82bd9/README.md,universities/浙江省/4133010341/profile.yaml
4133010341,浙江农林大学,logo_reference,社区高校校徽字体索引,https://github.com/lovefc/china_school_badge,Apache-2.0,04f59e07f4b809acc60493324af5ca4aa610153d,https://github.com/lovefc/china_school_badge/blob/04f59e07f4b809acc60493324af5ca4aa610153d/css/fcicon.css,universities/浙江省/4133010341/profile.yaml
4133010343,温州医科大学,logo_reference,社区高校校徽字体索引,https://github.com/lovefc/china_school_badge,Apache-2.0,04f59e07f4b809acc60493324af5ca4aa610153d,https://github.com/lovefc/china_school_badge/blob/04f59e07f4b809acc60493324af5ca4aa610153d/css/fcicon.css,universities/浙江省/4133010343/profile.yaml
4133010344,浙江中医药大学,logo_reference,社区高校校徽字体索引,https://github.com/lovefc/china_school_badge,Apache-2.0,04f59e07f4b809acc60493324af5ca4aa610153d,https://github.com/lovefc/china_school_badge/blob/04f59e07f4b809acc60493324af5ca4aa610153d/css/fcicon.css,universities/浙江省/4133010344/profile.yaml
4133010345,浙江师范大学,logo_reference,社区高校校徽字体索引,https://github.com/lovefc/china_school_badge,Apache-2.0,04f59e07f4b809acc60493324af5ca4aa610153d,https://github.com/lovefc/china_school_badge/blob/04f59e07f4b809acc60493324af5ca4aa610153d/css/fcicon.css,universities/浙江省/4133010345/profile.yaml
4133010346,杭州师范大学,logo_reference,社区高校校徽字体索引,https://github.com/lovefc/china_school_badge,Apache-2.0,04f59e07f4b809acc60493324af5ca4aa610153d,https://github.com/lovefc/china_school_badge/blob/04f59e07f4b809acc60493324af5ca4aa610153d/css/fcicon.css,universities/浙江省/4133010346/profile.yaml
4133010351,温州大学,logo_reference,社区高校校徽字体索引,https://github.com/lovefc/china_school_badge,Apache-2.0,04f59e07f4b809acc60493324af5ca4aa610153d,https://github.com/lovefc/china_school_badge/blob/04f59e07f4b809acc60493324af5ca4aa610153d/css/fcicon.css,universities/浙江省/4133010351/profile.yaml
4133010351,温州大学,tikz_logo_source,温州大学社区TikZ矢量标识源码,https://github.com/yuxtech/cnlogo/blob/daca8906123ca61186218ddda7369f95cc65a664/cnlogo/wzu.tex,源代码声明AGPL-3.0；LICENSE将Logos/graphics排除在该许可之外,daca8906123ca61186218ddda7369f95cc65a664,https://github.com/yuxtech/cnlogo/blob/daca8906123ca61186218ddda7369f95cc65a664/README.md,universities/浙江省/4133010351/profile.yaml
4133010353,浙江工商大学,logo_reference,社区高校校徽字体索引,https://github.com/lovefc/china_school_badge,Apache-2.0,04f59e07f4b809acc60493324af5ca4aa610153d,https://github.com/lovefc/china_school_badge/blob/04f59e07f4b809acc60493324af5ca4aa610153d/css/fcicon.css,universities/浙江省/4133010353/profile.yaml
4133010355,中国美术学院,logo_reference,社区高校校徽字体索引,https://github.com/lovefc/china_school_badge,Apache-2.0,04f59e07f4b809acc60493324af5ca4aa610153d,https://github.com/lovefc/china_school_badge/blob/04f59e07f4b809acc60493324af5ca4aa610153d/css/fcicon.css,universities/浙江省/4133010355/profile.yaml
4133010355,中国美术学院,history_reference,中国高校校史社区资料与可视化,https://github.com/jtchen2k/hcu,GPL-3.0,8aeab521eb07d38a273318b8123caabf332e66e4,https://github.com/jtchen2k/hcu/blob/8aeab521eb07d38a273318b8123caabf332e66e4/src/data/uni_info.json,universities/浙江省/4133010355/profile.yaml
4133010356,中国计量大学,logo_reference,社区高校校徽字体索引,https://github.com/lovefc/china_school_badge,Apache-2.0,04f59e07f4b809acc60493324af5ca4aa610153d,https://github.com/lovefc/china_school_badge/blob/04f59e07f4b809acc60493324af5ca4aa610153d/css/fcicon.css,universities/浙江省/4133010356/profile.yaml
4133010876,浙江万里学院,logo_reference,社区高校校徽字体索引,https://github.com/lovefc/china_school_badge,Apache-2.0,04f59e07f4b809acc60493324af5ca4aa610153d,https://github.com/lovefc/china_school_badge/blob/04f59e07f4b809acc60493324af5ca4aa610153d/css/fcicon.css,universities/浙江省/4133010876/profile.yaml
4133011646,宁波大学,logo_reference,社区高校校徽字体索引,https://github.com/lovefc/china_school_badge,Apache-2.0,04f59e07f4b809acc60493324af5ca4aa610153d,https://github.com/lovefc/china_school_badge/blob/04f59e07f4b809acc60493324af5ca4aa610153d/css/fcicon.css,universities/浙江省/4133011646/profile.yaml
4133011646,宁波大学,history_reference,中国高校校史社区资料与可视化,https://github.com/jtchen2k/hcu,GPL-3.0,8aeab521eb07d38a273318b8123caabf332e66e4,https://github.com/jtchen2k/hcu/blob/8aeab521eb07d38a273318b8123caabf332e66e4/src/data/uni_info.json,universities/浙江省/4133011646/profile.yaml
4133013022,浙大宁波理工学院,logo_reference,社区高校校徽字体索引,https://github.com/lovefc/china_school_badge,Apache-2.0,04f59e07f4b809acc60493324af5ca4aa610153d,https://github.com/lovefc/china_school_badge/blob/04f59e07f4b809acc60493324af5ca4aa610153d/css/fcicon.css,universities/浙江省/4133013022/profile.yaml
4133013023,杭州医学院,logo_reference,社区高校校徽字体索引,https://github.com/lovefc/china_school_badge,Apache-2.0,04f59e07f4b809acc60493324af5ca4aa610153d,https://github.com/lovefc/china_school_badge/blob/04f59e07f4b809acc60493324af5ca4aa610153d/css/fcicon.css,universities/浙江省/4133013023/profile.yaml
4133014535,浙江音乐学院,logo_reference,社区高校校徽字体索引,https://github.com/lovefc/china_school_badge,Apache-2.0,04f59e07f4b809acc60493324af5ca4aa610153d,https://github.com/lovefc/china_school_badge/blob/04f59e07f4b809acc60493324af5ca4aa610153d/css/fcicon.css,universities/浙江省/4133014535/profile.yaml
4134010357,安徽大学,logo_reference,社区高校校徽字体索引,https://github.com/lovefc/china_school_badge,Apache-2.0,04f59e07f4b809acc60493324af5ca4aa610153d,https://github.com/lovefc/china_school_badge/blob/04f59e07f4b809acc60493324af5ca4aa610153d/css/fcicon.css,universities/安徽省/4134010357/profile.yaml
4134010357,安徽大学,history_reference,中国高校校史社区资料与可视化,https://github.com/jtchen2k/hcu,GPL-3.0,8aeab521eb07d38a273318b8123caabf332e66e4,https://github.com/jtchen2k/hcu/blob/8aeab521eb07d38a273318b8123caabf332e66e4/src/data/uni_info.json,universities/安徽省/4134010357/profile.yaml
4134010357,安徽大学,tikz_logo_source,安徽大学社区TikZ矢量标识源码,https://github.com/yuxtech/cnlogo/blob/daca8906123ca61186218ddda7369f95cc65a664/cnlogo/ahu.tex,源代码声明AGPL-3.0；LICENSE将Logos/graphics排除在该许可之外,daca8906123ca61186218ddda7369f95cc65a664,https://github.com/yuxtech/cnlogo/blob/daca8906123ca61186218ddda7369f95cc65a664/README.md,universities/安徽省/4134010357/profile.yaml
4134010358,中国科学技术大学,beamer_theme,中国科学技术大学社区Beamer主题,https://github.com/ustctug/ustcbeamer,LPPL-1.3c,315cd85837074ebda261f6559bffacab6c5973ce,https://github.com/ustctug/ustcbeamer/blob/315cd85837074ebda261f6559bffacab6c5973ce/README.md,universities/安徽省/4134010358/profile.yaml
4134010358,中国科学技术大学,logo_reference,社区高校校徽字体索引,https://github.com/lovefc/china_school_badge,Apache-2.0,04f59e07f4b809acc60493324af5ca4aa610153d,https://github.com/lovefc/china_school_badge/blob/04f59e07f4b809acc60493324af5ca4aa610153d/css/fcicon.css,universities/安徽省/4134010358/profile.yaml
4134010358,中国科学技术大学,history_reference,中国高校校史社区资料与可视化,https://github.com/jtchen2k/hcu,GPL-3.0,8aeab521eb07d38a273318b8123caabf332e66e4,https://github.com/jtchen2k/hcu/blob/8aeab521eb07d38a273318b8123caabf332e66e4/src/data/uni_info.json,universities/安徽省/4134010358/profile.yaml
4134010358,中国科学技术大学,tikz_logo_source,中国科学技术大学社区TikZ矢量标识源码,https://github.com/yuxtech/cnlogo/blob/daca8906123ca61186218ddda7369f95cc65a664/cnlogo/ustc.tex,源代码声明AGPL-3.0；LICENSE将Logos/graphics排除在该许可之外,daca8906123ca61186218ddda7369f95cc65a664,https://github.com/yuxtech/cnlogo/blob/daca8906123ca61186218ddda7369f95cc65a664/README.md,universities/安徽省/4134010358/profile.yaml
4134010359,合肥工业大学,logo_reference,社区高校校徽字体索引,https://github.com/lovefc/china_school_badge,Apache-2.0,04f59e07f4b809acc60493324af5ca4aa610153d,https://github.com/lovefc/china_school_badge/blob/04f59e07f4b809acc60493324af5ca4aa610153d/css/fcicon.css,universities/安徽省/4134010359/profile.yaml
4134010359,合肥工业大学,history_reference,中国高校校史社区资料与可视化,https://github.com/jtchen2k/hcu,GPL-3.0,8aeab521eb07d38a273318b8123caabf332e66e4,https://github.com/jtchen2k/hcu/blob/8aeab521eb07d38a273318b8123caabf332e66e4/src/data/uni_info.json,universities/安徽省/4134010359/profile.yaml
4134010359,合肥工业大学,tikz_logo_source,合肥工业大学社区TikZ矢量标识源码,https://github.com/yuxtech/cnlogo/blob/daca8906123ca61186218ddda7369f95cc65a664/cnlogo/hgyu.tex,源代码声明AGPL-3.0；LICENSE将Logos/graphics排除在该许可之外,daca8906123ca61186218ddda7369f95cc65a664,https://github.com/yuxtech/cnlogo/blob/daca8906123ca61186218ddda7369f95cc65a664/README.md,universities/安徽省/4134010359/profile.yaml
4134010359,合肥工业大学,marp_theme,合肥工业大学社区Marp与AI辅助演示主题,https://github.com/cita-777/hfut-awesome-marp-theme/tree/e0208c1076bf7f9f44531ff42bc45c82cc84d2c6,MIT,e0208c1076bf7f9f44531ff42bc45c82cc84d2c6,https://github.com/cita-777/hfut-awesome-marp-theme/blob/e0208c1076bf7f9f44531ff42bc45c82cc84d2c6/README.md,universities/安徽省/4134010359/profile.yaml
4134010360,安徽工业大学,logo_reference,社区高校校徽字体索引,https://github.com/lovefc/china_school_badge,Apache-2.0,04f59e07f4b809acc60493324af5ca4aa610153d,https://github.com/lovefc/china_school_badge/blob/04f59e07f4b809acc60493324af5ca4aa610153d/css/fcicon.css,universities/安徽省/4134010360/profile.yaml
4134010363,安徽工程大学,logo_reference,社区高校校徽字体索引,https://github.com/lovefc/china_school_badge,Apache-2.0,04f59e07f4b809acc60493324af5ca4aa610153d,https://github.com/lovefc/china_school_badge/blob/04f59e07f4b809acc60493324af5ca4aa610153d/css/fcicon.css,universities/安徽省/4134010363/profile.yaml
4134010364,安徽农业大学,logo_reference,社区高校校徽字体索引,https://github.com/lovefc/china_school_badge,Apache-2.0,04f59e07f4b809acc60493324af5ca4aa610153d,https://github.com/lovefc/china_school_badge/blob/04f59e07f4b809acc60493324af5ca4aa610153d/css/fcicon.css,universities/安徽省/4134010364/profile.yaml
4134010366,安徽医科大学,logo_reference,社区高校校徽字体索引,https://github.com/lovefc/china_school_badge,Apache-2.0,04f59e07f4b809acc60493324af5ca4aa610153d,https://github.com/lovefc/china_school_badge/blob/04f59e07f4b809acc60493324af5ca4aa610153d/css/fcicon.css,universities/安徽省/4134010366/profile.yaml
4134010370,安徽师范大学,logo_reference,社区高校校徽字体索引,https://github.com/lovefc/china_school_badge,Apache-2.0,04f59e07f4b809acc60493324af5ca4aa610153d,https://github.com/lovefc/china_school_badge/blob/04f59e07f4b809acc60493324af5ca4aa610153d/css/fcicon.css,universities/安徽省/4134010370/profile.yaml
4134010371,阜阳师范大学,logo_reference,社区高校校徽字体索引,https://github.com/lovefc/china_school_badge,Apache-2.0,04f59e07f4b809acc60493324af5ca4aa610153d,https://github.com/lovefc/china_school_badge/blob/04f59e07f4b809acc60493324af5ca4aa610153d/css/fcicon.css,universities/安徽省/4134010371/profile.yaml
4134010380,巢湖学院,logo_reference,社区高校校徽字体索引,https://github.com/lovefc/china_school_badge,Apache-2.0,04f59e07f4b809acc60493324af5ca4aa610153d,https://github.com/lovefc/china_school_badge/blob/04f59e07f4b809acc60493324af5ca4aa610153d/css/fcicon.css,universities/安徽省/4134010380/profile.yaml
4134010959,安徽三联学院,logo_reference,社区高校校徽字体索引,https://github.com/lovefc/china_school_badge,Apache-2.0,04f59e07f4b809acc60493324af5ca4aa610153d,https://github.com/lovefc/china_school_badge/blob/04f59e07f4b809acc60493324af5ca4aa610153d/css/fcicon.css,universities/安徽省/4134010959/profile.yaml
4134014682,安徽艺术学院,logo_reference,社区高校校徽字体索引,https://github.com/lovefc/china_school_badge,Apache-2.0,04f59e07f4b809acc60493324af5ca4aa610153d,https://github.com/lovefc/china_school_badge/blob/04f59e07f4b809acc60493324af5ca4aa610153d/css/fcicon.css,universities/安徽省/4134014682/profile.yaml
4135010384,厦门大学,beamer_theme,College Beamer社区高校主题集合,https://github.com/liu-qilong/college-beamer,CC-BY-4.0,b70b18b39752ff327506b5cf012b5011a4e82bd9,https://github.com/liu-qilong/college-beamer/blob/b70b18b39752ff327506b5cf012b5011a4e82bd9/README.md,universities/福建省/4135010384/profile.yaml
4135010384,厦门大学,logo_reference,社区高校校徽字体索引,https://github.com/lovefc/china_school_badge,Apache-2.0,04f59e07f4b809acc60493324af5ca4aa610153d,https://github.com/lovefc/china_school_badge/blob/04f59e07f4b809acc60493324af5ca4aa610153d/css/fcicon.css,universities/福建省/4135010384/profile.yaml
4135010384,厦门大学,history_reference,中国高校校史社区资料与可视化,https://github.com/jtchen2k/hcu,GPL-3.0,8aeab521eb07d38a273318b8123caabf332e66e4,https://github.com/jtchen2k/hcu/blob/8aeab521eb07d38a273318b8123caabf332e66e4/src/data/uni_info.json,universities/福建省/4135010384/profile.yaml
4135010384,厦门大学,tikz_logo_source,厦门大学社区TikZ矢量标识源码,https://github.com/yuxtech/cnlogo/blob/daca8906123ca61186218ddda7369f95cc65a664/cnlogo/xmu.tex,源代码声明AGPL-3.0；LICENSE将Logos/graphics排除在该许可之外,daca8906123ca61186218ddda7369f95cc65a664,https://github.com/yuxtech/cnlogo/blob/daca8906123ca61186218ddda7369f95cc65a664/README.md,universities/福建省/4135010384/profile.yaml
4135010385,华侨大学,logo_reference,社区高校校徽字体索引,https://github.com/lovefc/china_school_badge,Apache-2.0,04f59e07f4b809acc60493324af5ca4aa610153d,https://github.com/lovefc/china_school_badge/blob/04f59e07f4b809acc60493324af5ca4aa610153d/css/fcicon.css,universities/福建省/4135010385/profile.yaml
4135010386,福州大学,logo_reference,社区高校校徽字体索引,https://github.com/lovefc/china_school_badge,Apache-2.0,04f59e07f4b809acc60493324af5ca4aa610153d,https://github.com/lovefc/china_school_badge/blob/04f59e07f4b809acc60493324af5ca4aa610153d/css/fcicon.css,universities/福建省/4135010386/profile.yaml
4135010386,福州大学,history_reference,中国高校校史社区资料与可视化,https://github.com/jtchen2k/hcu,GPL-3.0,8aeab521eb07d38a273318b8123caabf332e66e4,https://github.com/jtchen2k/hcu/blob/8aeab521eb07d38a273318b8123caabf332e66e4/src/data/uni_info.json,universities/福建省/4135010386/profile.yaml
4135010389,福建农林大学,logo_reference,社区高校校徽字体索引,https://github.com/lovefc/china_school_badge,Apache-2.0,04f59e07f4b809acc60493324af5ca4aa610153d,https://github.com/lovefc/china_school_badge/blob/04f59e07f4b809acc60493324af5ca4aa610153d/css/fcicon.css,universities/福建省/4135010389/profile.yaml
4135010390,集美大学,logo_reference,社区高校校徽字体索引,https://github.com/lovefc/china_school_badge,Apache-2.0,04f59e07f4b809acc60493324af5ca4aa610153d,https://github.com/lovefc/china_school_badge/blob/04f59e07f4b809acc60493324af5ca4aa610153d/css/fcicon.css,universities/福建省/4135010390/profile.yaml
4135010392,福建医科大学,logo_reference,社区高校校徽字体索引,https://github.com/lovefc/china_school_badge,Apache-2.0,04f59e07f4b809acc60493324af5ca4aa610153d,https://github.com/lovefc/china_school_badge/blob/04f59e07f4b809acc60493324af5ca4aa610153d/css/fcicon.css,universities/福建省/4135010392/profile.yaml
4135010394,福建师范大学,history_reference,中国高校校史社区资料与可视化,https://github.com/jtchen2k/hcu,GPL-3.0,8aeab521eb07d38a273318b8123caabf332e66e4,https://github.com/jtchen2k/hcu/blob/8aeab521eb07d38a273318b8123caabf332e66e4/src/data/uni_info.json,universities/福建省/4135010394/profile.yaml
4135012992,闽南科技学院,logo_reference,社区高校校徽字体索引,https://github.com/lovefc/china_school_badge,Apache-2.0,04f59e07f4b809acc60493324af5ca4aa610153d,https://github.com/lovefc/china_school_badge/blob/04f59e07f4b809acc60493324af5ca4aa610153d/css/fcicon.css,universities/福建省/4135012992/profile.yaml
4136010403,南昌大学,logo_reference,社区高校校徽字体索引,https://github.com/lovefc/china_school_badge,Apache-2.0,04f59e07f4b809acc60493324af5ca4aa610153d,https://github.com/lovefc/china_school_badge/blob/04f59e07f4b809acc60493324af5ca4aa610153d/css/fcicon.css,universities/江西省/4136010403/profile.yaml
4136010403,南昌大学,history_reference,中国高校校史社区资料与可视化,https://github.com/jtchen2k/hcu,GPL-3.0,8aeab521eb07d38a273318b8123caabf332e66e4,https://github.com/jtchen2k/hcu/blob/8aeab521eb07d38a273318b8123caabf332e66e4/src/data/uni_info.json,universities/江西省/4136010403/profile.yaml
4136010403,南昌大学,tikz_logo_source,南昌大学社区TikZ矢量标识源码,https://github.com/yuxtech/cnlogo/blob/daca8906123ca61186218ddda7369f95cc65a664/cnlogo/ncu.tex,源代码声明AGPL-3.0；LICENSE将Logos/graphics排除在该许可之外,daca8906123ca61186218ddda7369f95cc65a664,https://github.com/yuxtech/cnlogo/blob/daca8906123ca61186218ddda7369f95cc65a664/README.md,universities/江西省/4136010403/profile.yaml
4136010404,华东交通大学,logo_reference,社区高校校徽字体索引,https://github.com/lovefc/china_school_badge,Apache-2.0,04f59e07f4b809acc60493324af5ca4aa610153d,https://github.com/lovefc/china_school_badge/blob/04f59e07f4b809acc60493324af5ca4aa610153d/css/fcicon.css,universities/江西省/4136010404/profile.yaml
4136010408,景德镇陶瓷大学,logo_reference,社区高校校徽字体索引,https://github.com/lovefc/china_school_badge,Apache-2.0,04f59e07f4b809acc60493324af5ca4aa610153d,https://github.com/lovefc/china_school_badge/blob/04f59e07f4b809acc60493324af5ca4aa610153d/css/fcicon.css,universities/江西省/4136010408/profile.yaml
4136010410,江西农业大学,logo_reference,社区高校校徽字体索引,https://github.com/lovefc/china_school_badge,Apache-2.0,04f59e07f4b809acc60493324af5ca4aa610153d,https://github.com/lovefc/china_school_badge/blob/04f59e07f4b809acc60493324af5ca4aa610153d/css/fcicon.css,universities/江西省/4136010410/profile.yaml
4136010414,江西师范大学,logo_reference,社区高校校徽字体索引,https://github.com/lovefc/china_school_badge,Apache-2.0,04f59e07f4b809acc60493324af5ca4aa610153d,https://github.com/lovefc/china_school_badge/blob/04f59e07f4b809acc60493324af5ca4aa610153d/css/fcicon.css,universities/江西省/4136010414/profile.yaml
4136010421,江西财经大学,logo_reference,社区高校校徽字体索引,https://github.com/lovefc/china_school_badge,Apache-2.0,04f59e07f4b809acc60493324af5ca4aa610153d,https://github.com/lovefc/china_school_badge/blob/04f59e07f4b809acc60493324af5ca4aa610153d/css/fcicon.css,universities/江西省/4136010421/profile.yaml
4137010422,山东大学,logo_reference,社区高校校徽字体索引,https://github.com/lovefc/china_school_badge,Apache-2.0,04f59e07f4b809acc60493324af5ca4aa610153d,https://github.com/lovefc/china_school_badge/blob/04f59e07f4b809acc60493324af5ca4aa610153d/css/fcicon.css,universities/山东省/4137010422/profile.yaml
4137010422,山东大学,history_reference,中国高校校史社区资料与可视化,https://github.com/jtchen2k/hcu,GPL-3.0,8aeab521eb07d38a273318b8123caabf332e66e4,https://github.com/jtchen2k/hcu/blob/8aeab521eb07d38a273318b8123caabf332e66e4/src/data/uni_info.json,universities/山东省/4137010422/profile.yaml
4137010422,山东大学,tikz_logo_source,山东大学社区TikZ矢量标识源码,https://github.com/yuxtech/cnlogo/blob/daca8906123ca61186218ddda7369f95cc65a664/cnlogo/sdu.tex,源代码声明AGPL-3.0；LICENSE将Logos/graphics排除在该许可之外,daca8906123ca61186218ddda7369f95cc65a664,https://github.com/yuxtech/cnlogo/blob/daca8906123ca61186218ddda7369f95cc65a664/README.md,universities/山东省/4137010422/profile.yaml
4137010423,中国海洋大学,beamer_theme,College Beamer社区高校主题集合,https://github.com/liu-qilong/college-beamer,CC-BY-4.0,b70b18b39752ff327506b5cf012b5011a4e82bd9,https://github.com/liu-qilong/college-beamer/blob/b70b18b39752ff327506b5cf012b5011a4e82bd9/README.md,universities/山东省/4137010423/profile.yaml
4137010423,中国海洋大学,logo_reference,社区高校校徽字体索引,https://github.com/lovefc/china_school_badge,Apache-2.0,04f59e07f4b809acc60493324af5ca4aa610153d,https://github.com/lovefc/china_school_badge/blob/04f59e07f4b809acc60493324af5ca4aa610153d/css/fcicon.css,universities/山东省/4137010423/profile.yaml
4137010423,中国海洋大学,history_reference,中国高校校史社区资料与可视化,https://github.com/jtchen2k/hcu,GPL-3.0,8aeab521eb07d38a273318b8123caabf332e66e4,https://github.com/jtchen2k/hcu/blob/8aeab521eb07d38a273318b8123caabf332e66e4/src/data/uni_info.json,universities/山东省/4137010423/profile.yaml
4137010423,中国海洋大学,tikz_logo_source,中国海洋大学社区TikZ矢量标识源码,https://github.com/yuxtech/cnlogo/blob/daca8906123ca61186218ddda7369f95cc65a664/cnlogo/zhyu.tex,源代码声明AGPL-3.0；LICENSE将Logos/graphics排除在该许可之外,daca8906123ca61186218ddda7369f95cc65a664,https://github.com/yuxtech/cnlogo/blob/daca8906123ca61186218ddda7369f95cc65a664/README.md,universities/山东省/4137010423/profile.yaml
4137010424,山东科技大学,logo_reference,社区高校校徽字体索引,https://github.com/lovefc/china_school_badge,Apache-2.0,04f59e07f4b809acc60493324af5ca4aa610153d,https://github.com/lovefc/china_school_badge/blob/04f59e07f4b809acc60493324af5ca4aa610153d/css/fcicon.css,universities/山东省/4137010424/profile.yaml
4137010425,中国石油大学(华东),logo_reference,社区高校校徽字体索引,https://github.com/lovefc/china_school_badge,Apache-2.0,04f59e07f4b809acc60493324af5ca4aa610153d,https://github.com/lovefc/china_school_badge/blob/04f59e07f4b809acc60493324af5ca4aa610153d/css/fcicon.css,universities/山东省/4137010425/profile.yaml
4137010427,济南大学,logo_reference,社区高校校徽字体索引,https://github.com/lovefc/china_school_badge,Apache-2.0,04f59e07f4b809acc60493324af5ca4aa610153d,https://github.com/lovefc/china_school_badge/blob/04f59e07f4b809acc60493324af5ca4aa610153d/css/fcicon.css,universities/山东省/4137010427/profile.yaml
4137010429,青岛理工大学,logo_reference,社区高校校徽字体索引,https://github.com/lovefc/china_school_badge,Apache-2.0,04f59e07f4b809acc60493324af5ca4aa610153d,https://github.com/lovefc/china_school_badge/blob/04f59e07f4b809acc60493324af5ca4aa610153d/css/fcicon.css,universities/山东省/4137010429/profile.yaml
4137010433,山东理工大学,logo_reference,社区高校校徽字体索引,https://github.com/lovefc/china_school_badge,Apache-2.0,04f59e07f4b809acc60493324af5ca4aa610153d,https://github.com/lovefc/china_school_badge/blob/04f59e07f4b809acc60493324af5ca4aa610153d/css/fcicon.css,universities/山东省/4137010433/profile.yaml
4137010434,山东农业大学,logo_reference,社区高校校徽字体索引,https://github.com/lovefc/china_school_badge,Apache-2.0,04f59e07f4b809acc60493324af5ca4aa610153d,https://github.com/lovefc/china_school_badge/blob/04f59e07f4b809acc60493324af5ca4aa610153d/css/fcicon.css,universities/山东省/4137010434/profile.yaml
4137010435,青岛农业大学,logo_reference,社区高校校徽字体索引,https://github.com/lovefc/china_school_badge,Apache-2.0,04f59e07f4b809acc60493324af5ca4aa610153d,https://github.com/lovefc/china_school_badge/blob/04f59e07f4b809acc60493324af5ca4aa610153d/css/fcicon.css,universities/山东省/4137010435/profile.yaml
4137010438,山东第二医科大学,logo_reference,社区高校校徽字体索引,https://github.com/lovefc/china_school_badge,Apache-2.0,04f59e07f4b809acc60493324af5ca4aa610153d,https://github.com/lovefc/china_school_badge/blob/04f59e07f4b809acc60493324af5ca4aa610153d/css/fcicon.css,universities/山东省/4137010438/profile.yaml
4137010445,山东师范大学,logo_reference,社区高校校徽字体索引,https://github.com/lovefc/china_school_badge,Apache-2.0,04f59e07f4b809acc60493324af5ca4aa610153d,https://github.com/lovefc/china_school_badge/blob/04f59e07f4b809acc60493324af5ca4aa610153d/css/fcicon.css,universities/山东省/4137010445/profile.yaml
4137010446,曲阜师范大学,logo_reference,社区高校校徽字体索引,https://github.com/lovefc/china_school_badge,Apache-2.0,04f59e07f4b809acc60493324af5ca4aa610153d,https://github.com/lovefc/china_school_badge/blob/04f59e07f4b809acc60493324af5ca4aa610153d/css/fcicon.css,universities/山东省/4137010446/profile.yaml
4137010447,聊城大学,logo_reference,社区高校校徽字体索引,https://github.com/lovefc/china_school_badge,Apache-2.0,04f59e07f4b809acc60493324af5ca4aa610153d,https://github.com/lovefc/china_school_badge/blob/04f59e07f4b809acc60493324af5ca4aa610153d/css/fcicon.css,universities/山东省/4137010447/profile.yaml
4137010448,德州学院,logo_reference,社区高校校徽字体索引,https://github.com/lovefc/china_school_badge,Apache-2.0,04f59e07f4b809acc60493324af5ca4aa610153d,https://github.com/lovefc/china_school_badge/blob/04f59e07f4b809acc60493324af5ca4aa610153d/css/fcicon.css,universities/山东省/4137010448/profile.yaml
4137010451,鲁东大学,logo_reference,社区高校校徽字体索引,https://github.com/lovefc/china_school_badge,Apache-2.0,04f59e07f4b809acc60493324af5ca4aa610153d,https://github.com/lovefc/china_school_badge/blob/04f59e07f4b809acc60493324af5ca4aa610153d/css/fcicon.css,universities/山东省/4137010451/profile.yaml
4137010452,临沂大学,logo_reference,社区高校校徽字体索引,https://github.com/lovefc/china_school_badge,Apache-2.0,04f59e07f4b809acc60493324af5ca4aa610153d,https://github.com/lovefc/china_school_badge/blob/04f59e07f4b809acc60493324af5ca4aa610153d/css/fcicon.css,universities/山东省/4137010452/profile.yaml
4137010456,山东财经大学,logo_reference,社区高校校徽字体索引,https://github.com/lovefc/china_school_badge,Apache-2.0,04f59e07f4b809acc60493324af5ca4aa610153d,https://github.com/lovefc/china_school_badge/blob/04f59e07f4b809acc60493324af5ca4aa610153d/css/fcicon.css,universities/山东省/4137010456/profile.yaml
4137010456,山东财经大学,tikz_logo_source,山东财经大学社区TikZ矢量标识源码,https://github.com/yuxtech/cnlogo/blob/daca8906123ca61186218ddda7369f95cc65a664/cnlogo/sdcju.tex,源代码声明AGPL-3.0；LICENSE将Logos/graphics排除在该许可之外,daca8906123ca61186218ddda7369f95cc65a664,https://github.com/yuxtech/cnlogo/blob/daca8906123ca61186218ddda7369f95cc65a664/README.md,universities/山东省/4137010456/profile.yaml
4137011065,青岛大学,logo_reference,社区高校校徽字体索引,https://github.com/lovefc/china_school_badge,Apache-2.0,04f59e07f4b809acc60493324af5ca4aa610153d,https://github.com/lovefc/china_school_badge/blob/04f59e07f4b809acc60493324af5ca4aa610153d/css/fcicon.css,universities/山东省/4137011065/profile.yaml
4137011510,山东交通学院,logo_reference,社区高校校徽字体索引,https://github.com/lovefc/china_school_badge,Apache-2.0,04f59e07f4b809acc60493324af5ca4aa610153d,https://github.com/lovefc/china_school_badge/blob/04f59e07f4b809acc60493324af5ca4aa610153d/css/fcicon.css,universities/山东省/4137011510/profile.yaml
4137013359,烟台理工学院,logo_reference,社区高校校徽字体索引,https://github.com/lovefc/china_school_badge,Apache-2.0,04f59e07f4b809acc60493324af5ca4aa610153d,https://github.com/lovefc/china_school_badge/blob/04f59e07f4b809acc60493324af5ca4aa610153d/css/fcicon.css,universities/山东省/4137013359/profile.yaml
4137014438,山东管理学院,logo_reference,社区高校校徽字体索引,https://github.com/lovefc/china_school_badge,Apache-2.0,04f59e07f4b809acc60493324af5ca4aa610153d,https://github.com/lovefc/china_school_badge/blob/04f59e07f4b809acc60493324af5ca4aa610153d/css/fcicon.css,universities/山东省/4137014438/profile.yaml
4141010459,郑州大学,beamer_theme,College Beamer社区高校主题集合,https://github.com/liu-qilong/college-beamer,CC-BY-4.0,b70b18b39752ff327506b5cf012b5011a4e82bd9,https://github.com/liu-qilong/college-beamer/blob/b70b18b39752ff327506b5cf012b5011a4e82bd9/README.md,universities/河南省/4141010459/profile.yaml
4141010459,郑州大学,logo_reference,社区高校校徽字体索引,https://github.com/lovefc/china_school_badge,Apache-2.0,04f59e07f4b809acc60493324af5ca4aa610153d,https://github.com/lovefc/china_school_badge/blob/04f59e07f4b809acc60493324af5ca4aa610153d/css/fcicon.css,universities/河南省/4141010459/profile.yaml
4141010459,郑州大学,history_reference,中国高校校史社区资料与可视化,https://github.com/jtchen2k/hcu,GPL-3.0,8aeab521eb07d38a273318b8123caabf332e66e4,https://github.com/jtchen2k/hcu/blob/8aeab521eb07d38a273318b8123caabf332e66e4/src/data/uni_info.json,universities/河南省/4141010459/profile.yaml
4141010459,郑州大学,tikz_logo_source,郑州大学社区TikZ矢量标识源码,https://github.com/yuxtech/cnlogo/blob/daca8906123ca61186218ddda7369f95cc65a664/cnlogo/zzu.tex,源代码声明AGPL-3.0；LICENSE将Logos/graphics排除在该许可之外,daca8906123ca61186218ddda7369f95cc65a664,https://github.com/yuxtech/cnlogo/blob/daca8906123ca61186218ddda7369f95cc65a664/README.md,universities/河南省/4141010459/profile.yaml
4141010460,河南理工大学,logo_reference,社区高校校徽字体索引,https://github.com/lovefc/china_school_badge,Apache-2.0,04f59e07f4b809acc60493324af5ca4aa610153d,https://github.com/lovefc/china_school_badge/blob/04f59e07f4b809acc60493324af5ca4aa610153d/css/fcicon.css,universities/河南省/4141010460/profile.yaml
4141010464,河南科技大学,logo_reference,社区高校校徽字体索引,https://github.com/lovefc/china_school_badge,Apache-2.0,04f59e07f4b809acc60493324af5ca4aa610153d,https://github.com/lovefc/china_school_badge/blob/04f59e07f4b809acc60493324af5ca4aa610153d/css/fcicon.css,universities/河南省/4141010464/profile.yaml
4141010466,河南农业大学,logo_reference,社区高校校徽字体索引,https://github.com/lovefc/china_school_badge,Apache-2.0,04f59e07f4b809acc60493324af5ca4aa610153d,https://github.com/lovefc/china_school_badge/blob/04f59e07f4b809acc60493324af5ca4aa610153d/css/fcicon.css,universities/河南省/4141010466/profile.yaml
4141010467,河南科技学院,logo_reference,社区高校校徽字体索引,https://github.com/lovefc/china_school_badge,Apache-2.0,04f59e07f4b809acc60493324af5ca4aa610153d,https://github.com/lovefc/china_school_badge/blob/04f59e07f4b809acc60493324af5ca4aa610153d/css/fcicon.css,universities/河南省/4141010467/profile.yaml
4141010475,河南大学,logo_reference,社区高校校徽字体索引,https://github.com/lovefc/china_school_badge,Apache-2.0,04f59e07f4b809acc60493324af5ca4aa610153d,https://github.com/lovefc/china_school_badge/blob/04f59e07f4b809acc60493324af5ca4aa610153d/css/fcicon.css,universities/河南省/4141010475/profile.yaml
4141010475,河南大学,history_reference,中国高校校史社区资料与可视化,https://github.com/jtchen2k/hcu,GPL-3.0,8aeab521eb07d38a273318b8123caabf332e66e4,https://github.com/jtchen2k/hcu/blob/8aeab521eb07d38a273318b8123caabf332e66e4/src/data/uni_info.json,universities/河南省/4141010475/profile.yaml
4141010476,河南师范大学,logo_reference,社区高校校徽字体索引,https://github.com/lovefc/china_school_badge,Apache-2.0,04f59e07f4b809acc60493324af5ca4aa610153d,https://github.com/lovefc/china_school_badge/blob/04f59e07f4b809acc60493324af5ca4aa610153d/css/fcicon.css,universities/河南省/4141010476/profile.yaml
4141011070,洛阳理工学院,logo_reference,社区高校校徽字体索引,https://github.com/lovefc/china_school_badge,Apache-2.0,04f59e07f4b809acc60493324af5ca4aa610153d,https://github.com/lovefc/china_school_badge/blob/04f59e07f4b809acc60493324af5ca4aa610153d/css/fcicon.css,universities/河南省/4141011070/profile.yaml
4141011653,南阳理工学院,logo_reference,社区高校校徽字体索引,https://github.com/lovefc/china_school_badge,Apache-2.0,04f59e07f4b809acc60493324af5ca4aa610153d,https://github.com/lovefc/china_school_badge/blob/04f59e07f4b809acc60493324af5ca4aa610153d/css/fcicon.css,universities/河南省/4141011653/profile.yaml
4141011765,河南城建学院,logo_reference,社区高校校徽字体索引,https://github.com/lovefc/china_school_badge,Apache-2.0,04f59e07f4b809acc60493324af5ca4aa610153d,https://github.com/lovefc/china_school_badge/blob/04f59e07f4b809acc60493324af5ca4aa610153d/css/fcicon.css,universities/河南省/4141011765/profile.yaml
4142010486,武汉大学,beamer_theme,College Beamer社区高校主题集合,https://github.com/liu-qilong/college-beamer,CC-BY-4.0,b70b18b39752ff327506b5cf012b5011a4e82bd9,https://github.com/liu-qilong/college-beamer/blob/b70b18b39752ff327506b5cf012b5011a4e82bd9/README.md,universities/湖北省/4142010486/profile.yaml
4142010486,武汉大学,logo_reference,社区高校校徽字体索引,https://github.com/lovefc/china_school_badge,Apache-2.0,04f59e07f4b809acc60493324af5ca4aa610153d,https://github.com/lovefc/china_school_badge/blob/04f59e07f4b809acc60493324af5ca4aa610153d/css/fcicon.css,universities/湖北省/4142010486/profile.yaml
4142010486,武汉大学,history_reference,中国高校校史社区资料与可视化,https://github.com/jtchen2k/hcu,GPL-3.0,8aeab521eb07d38a273318b8123caabf332e66e4,https://github.com/jtchen2k/hcu/blob/8aeab521eb07d38a273318b8123caabf332e66e4/src/data/uni_info.json,universities/湖北省/4142010486/profile.yaml
4142010486,武汉大学,tikz_logo_source,武汉大学社区TikZ矢量标识源码,https://github.com/yuxtech/cnlogo/blob/daca8906123ca61186218ddda7369f95cc65a664/cnlogo/whu.tex,源代码声明AGPL-3.0；LICENSE将Logos/graphics排除在该许可之外,daca8906123ca61186218ddda7369f95cc65a664,https://github.com/yuxtech/cnlogo/blob/daca8906123ca61186218ddda7369f95cc65a664/README.md,universities/湖北省/4142010486/profile.yaml
4142010487,华中科技大学,beamer_theme,College Beamer社区高校主题集合,https://github.com/liu-qilong/college-beamer,CC-BY-4.0,b70b18b39752ff327506b5cf012b5011a4e82bd9,https://github.com/liu-qilong/college-beamer/blob/b70b18b39752ff327506b5cf012b5011a4e82bd9/README.md,universities/湖北省/4142010487/profile.yaml
4142010487,华中科技大学,logo_reference,社区高校校徽字体索引,https://github.com/lovefc/china_school_badge,Apache-2.0,04f59e07f4b809acc60493324af5ca4aa610153d,https://github.com/lovefc/china_school_badge/blob/04f59e07f4b809acc60493324af5ca4aa610153d/css/fcicon.css,universities/湖北省/4142010487/profile.yaml
4142010487,华中科技大学,history_reference,中国高校校史社区资料与可视化,https://github.com/jtchen2k/hcu,GPL-3.0,8aeab521eb07d38a273318b8123caabf332e66e4,https://github.com/jtchen2k/hcu/blob/8aeab521eb07d38a273318b8123caabf332e66e4/src/data/uni_info.json,universities/湖北省/4142010487/profile.yaml
4142010487,华中科技大学,tikz_logo_source,华中科技大学社区TikZ矢量标识源码,https://github.com/yuxtech/cnlogo/blob/daca8906123ca61186218ddda7369f95cc65a664/cnlogo/hustc.tex,源代码声明AGPL-3.0；LICENSE将Logos/graphics排除在该许可之外,daca8906123ca61186218ddda7369f95cc65a664,https://github.com/yuxtech/cnlogo/blob/daca8906123ca61186218ddda7369f95cc65a664/README.md,universities/湖北省/4142010487/profile.yaml
4142010488,武汉科技大学,logo_reference,社区高校校徽字体索引,https://github.com/lovefc/china_school_badge,Apache-2.0,04f59e07f4b809acc60493324af5ca4aa610153d,https://github.com/lovefc/china_school_badge/blob/04f59e07f4b809acc60493324af5ca4aa610153d/css/fcicon.css,universities/湖北省/4142010488/profile.yaml
4142010489,长江大学,logo_reference,社区高校校徽字体索引,https://github.com/lovefc/china_school_badge,Apache-2.0,04f59e07f4b809acc60493324af5ca4aa610153d,https://github.com/lovefc/china_school_badge/blob/04f59e07f4b809acc60493324af5ca4aa610153d/css/fcicon.css,universities/湖北省/4142010489/profile.yaml
4142010497,武汉理工大学,logo_reference,社区高校校徽字体索引,https://github.com/lovefc/china_school_badge,Apache-2.0,04f59e07f4b809acc60493324af5ca4aa610153d,https://github.com/lovefc/china_school_badge/blob/04f59e07f4b809acc60493324af5ca4aa610153d/css/fcicon.css,universities/湖北省/4142010497/profile.yaml
4142010497,武汉理工大学,history_reference,中国高校校史社区资料与可视化,https://github.com/jtchen2k/hcu,GPL-3.0,8aeab521eb07d38a273318b8123caabf332e66e4,https://github.com/jtchen2k/hcu/blob/8aeab521eb07d38a273318b8123caabf332e66e4/src/data/uni_info.json,universities/湖北省/4142010497/profile.yaml
4142010497,武汉理工大学,tikz_logo_source,武汉理工大学社区TikZ矢量标识源码,https://github.com/yuxtech/cnlogo/blob/daca8906123ca61186218ddda7369f95cc65a664/cnlogo/whlgu.tex,源代码声明AGPL-3.0；LICENSE将Logos/graphics排除在该许可之外,daca8906123ca61186218ddda7369f95cc65a664,https://github.com/yuxtech/cnlogo/blob/daca8906123ca61186218ddda7369f95cc65a664/README.md,universities/湖北省/4142010497/profile.yaml
4142010504,华中农业大学,logo_reference,社区高校校徽字体索引,https://github.com/lovefc/china_school_badge,Apache-2.0,04f59e07f4b809acc60493324af5ca4aa610153d,https://github.com/lovefc/china_school_badge/blob/04f59e07f4b809acc60493324af5ca4aa610153d/css/fcicon.css,universities/湖北省/4142010504/profile.yaml
4142010504,华中农业大学,history_reference,中国高校校史社区资料与可视化,https://github.com/jtchen2k/hcu,GPL-3.0,8aeab521eb07d38a273318b8123caabf332e66e4,https://github.com/jtchen2k/hcu/blob/8aeab521eb07d38a273318b8123caabf332e66e4/src/data/uni_info.json,universities/湖北省/4142010504/profile.yaml
4142010511,华中师范大学,logo_reference,社区高校校徽字体索引,https://github.com/lovefc/china_school_badge,Apache-2.0,04f59e07f4b809acc60493324af5ca4aa610153d,https://github.com/lovefc/china_school_badge/blob/04f59e07f4b809acc60493324af5ca4aa610153d/css/fcicon.css,universities/湖北省/4142010511/profile.yaml
4142010511,华中师范大学,history_reference,中国高校校史社区资料与可视化,https://github.com/jtchen2k/hcu,GPL-3.0,8aeab521eb07d38a273318b8123caabf332e66e4,https://github.com/jtchen2k/hcu/blob/8aeab521eb07d38a273318b8123caabf332e66e4/src/data/uni_info.json,universities/湖北省/4142010511/profile.yaml
4142010511,华中师范大学,tikz_logo_source,华中师范大学社区TikZ矢量标识源码,https://github.com/yuxtech/cnlogo/blob/daca8906123ca61186218ddda7369f95cc65a664/cnlogo/hznu.tex,源代码声明AGPL-3.0；LICENSE将Logos/graphics排除在该许可之外,daca8906123ca61186218ddda7369f95cc65a664,https://github.com/yuxtech/cnlogo/blob/daca8906123ca61186218ddda7369f95cc65a664/README.md,universities/湖北省/4142010511/profile.yaml
4142010512,湖北大学,logo_reference,社区高校校徽字体索引,https://github.com/lovefc/china_school_badge,Apache-2.0,04f59e07f4b809acc60493324af5ca4aa610153d,https://github.com/lovefc/china_school_badge/blob/04f59e07f4b809acc60493324af5ca4aa610153d/css/fcicon.css,universities/湖北省/4142010512/profile.yaml
4142010512,湖北大学,tikz_logo_source,湖北大学社区TikZ矢量标识源码,https://github.com/yuxtech/cnlogo/blob/daca8906123ca61186218ddda7369f95cc65a664/cnlogo/hbu.tex,源代码声明AGPL-3.0；LICENSE将Logos/graphics排除在该许可之外,daca8906123ca61186218ddda7369f95cc65a664,https://github.com/yuxtech/cnlogo/blob/daca8906123ca61186218ddda7369f95cc65a664/README.md,universities/湖北省/4142010512/profile.yaml
4142010520,中南财经政法大学,beamer_theme,College Beamer社区高校主题集合,https://github.com/liu-qilong/college-beamer,CC-BY-4.0,b70b18b39752ff327506b5cf012b5011a4e82bd9,https://github.com/liu-qilong/college-beamer/blob/b70b18b39752ff327506b5cf012b5011a4e82bd9/README.md,universities/湖北省/4142010520/profile.yaml
4142010520,中南财经政法大学,logo_reference,社区高校校徽字体索引,https://github.com/lovefc/china_school_badge,Apache-2.0,04f59e07f4b809acc60493324af5ca4aa610153d,https://github.com/lovefc/china_school_badge/blob/04f59e07f4b809acc60493324af5ca4aa610153d/css/fcicon.css,universities/湖北省/4142010520/profile.yaml
4142010520,中南财经政法大学,history_reference,中国高校校史社区资料与可视化,https://github.com/jtchen2k/hcu,GPL-3.0,8aeab521eb07d38a273318b8123caabf332e66e4,https://github.com/jtchen2k/hcu/blob/8aeab521eb07d38a273318b8123caabf332e66e4/src/data/uni_info.json,universities/湖北省/4142010520/profile.yaml
4142010524,中南民族大学,logo_reference,社区高校校徽字体索引,https://github.com/lovefc/china_school_badge,Apache-2.0,04f59e07f4b809acc60493324af5ca4aa610153d,https://github.com/lovefc/china_school_badge/blob/04f59e07f4b809acc60493324af5ca4aa610153d/css/fcicon.css,universities/湖北省/4142010524/profile.yaml
4142011072,江汉大学,logo_reference,社区高校校徽字体索引,https://github.com/lovefc/china_school_badge,Apache-2.0,04f59e07f4b809acc60493324af5ca4aa610153d,https://github.com/lovefc/china_school_badge/blob/04f59e07f4b809acc60493324af5ca4aa610153d/css/fcicon.css,universities/湖北省/4142011072/profile.yaml
4142011075,三峡大学,logo_reference,社区高校校徽字体索引,https://github.com/lovefc/china_school_badge,Apache-2.0,04f59e07f4b809acc60493324af5ca4aa610153d,https://github.com/lovefc/china_school_badge/blob/04f59e07f4b809acc60493324af5ca4aa610153d/css/fcicon.css,universities/湖北省/4142011075/profile.yaml
4142011336,荆楚理工学院,logo_reference,社区高校校徽字体索引,https://github.com/lovefc/china_school_badge,Apache-2.0,04f59e07f4b809acc60493324af5ca4aa610153d,https://github.com/lovefc/china_school_badge/blob/04f59e07f4b809acc60493324af5ca4aa610153d/css/fcicon.css,universities/湖北省/4142011336/profile.yaml
4142011600,湖北经济学院,logo_reference,社区高校校徽字体索引,https://github.com/lovefc/china_school_badge,Apache-2.0,04f59e07f4b809acc60493324af5ca4aa610153d,https://github.com/lovefc/china_school_badge/blob/04f59e07f4b809acc60493324af5ca4aa610153d/css/fcicon.css,universities/湖北省/4142011600/profile.yaml
4142013686,武汉传媒学院,logo_reference,社区高校校徽字体索引,https://github.com/lovefc/china_school_badge,Apache-2.0,04f59e07f4b809acc60493324af5ca4aa610153d,https://github.com/lovefc/china_school_badge/blob/04f59e07f4b809acc60493324af5ca4aa610153d/css/fcicon.css,universities/湖北省/4142013686/profile.yaml
4143010530,湘潭大学,logo_reference,社区高校校徽字体索引,https://github.com/lovefc/china_school_badge,Apache-2.0,04f59e07f4b809acc60493324af5ca4aa610153d,https://github.com/lovefc/china_school_badge/blob/04f59e07f4b809acc60493324af5ca4aa610153d/css/fcicon.css,universities/湖南省/4143010530/profile.yaml
4143010530,湘潭大学,history_reference,中国高校校史社区资料与可视化,https://github.com/jtchen2k/hcu,GPL-3.0,8aeab521eb07d38a273318b8123caabf332e66e4,https://github.com/jtchen2k/hcu/blob/8aeab521eb07d38a273318b8123caabf332e66e4/src/data/uni_info.json,universities/湖南省/4143010530/profile.yaml
4143010532,湖南大学,logo_reference,社区高校校徽字体索引,https://github.com/lovefc/china_school_badge,Apache-2.0,04f59e07f4b809acc60493324af5ca4aa610153d,https://github.com/lovefc/china_school_badge/blob/04f59e07f4b809acc60493324af5ca4aa610153d/css/fcicon.css,universities/湖南省/4143010532/profile.yaml
4143010532,湖南大学,history_reference,中国高校校史社区资料与可视化,https://github.com/jtchen2k/hcu,GPL-3.0,8aeab521eb07d38a273318b8123caabf332e66e4,https://github.com/jtchen2k/hcu/blob/8aeab521eb07d38a273318b8123caabf332e66e4/src/data/uni_info.json,universities/湖南省/4143010532/profile.yaml
4143010532,湖南大学,tikz_logo_source,湖南大学社区TikZ矢量标识源码,https://github.com/yuxtech/cnlogo/blob/daca8906123ca61186218ddda7369f95cc65a664/cnlogo/hnu.tex,源代码声明AGPL-3.0；LICENSE将Logos/graphics排除在该许可之外,daca8906123ca61186218ddda7369f95cc65a664,https://github.com/yuxtech/cnlogo/blob/daca8906123ca61186218ddda7369f95cc65a664/README.md,universities/湖南省/4143010532/profile.yaml
4143010533,中南大学,logo_reference,社区高校校徽字体索引,https://github.com/lovefc/china_school_badge,Apache-2.0,04f59e07f4b809acc60493324af5ca4aa610153d,https://github.com/lovefc/china_school_badge/blob/04f59e07f4b809acc60493324af5ca4aa610153d/css/fcicon.css,universities/湖南省/4143010533/profile.yaml
4143010533,中南大学,history_reference,中国高校校史社区资料与可视化,https://github.com/jtchen2k/hcu,GPL-3.0,8aeab521eb07d38a273318b8123caabf332e66e4,https://github.com/jtchen2k/hcu/blob/8aeab521eb07d38a273318b8123caabf332e66e4/src/data/uni_info.json,universities/湖南省/4143010533/profile.yaml
4143010533,中南大学,tikz_logo_source,中南大学社区TikZ矢量标识源码,https://github.com/yuxtech/cnlogo/blob/daca8906123ca61186218ddda7369f95cc65a664/cnlogo/csu.tex,源代码声明AGPL-3.0；LICENSE将Logos/graphics排除在该许可之外,daca8906123ca61186218ddda7369f95cc65a664,https://github.com/yuxtech/cnlogo/blob/daca8906123ca61186218ddda7369f95cc65a664/README.md,universities/湖南省/4143010533/profile.yaml
4143010534,湖南科技大学,logo_reference,社区高校校徽字体索引,https://github.com/lovefc/china_school_badge,Apache-2.0,04f59e07f4b809acc60493324af5ca4aa610153d,https://github.com/lovefc/china_school_badge/blob/04f59e07f4b809acc60493324af5ca4aa610153d/css/fcicon.css,universities/湖南省/4143010534/profile.yaml
4143010536,长沙理工大学,logo_reference,社区高校校徽字体索引,https://github.com/lovefc/china_school_badge,Apache-2.0,04f59e07f4b809acc60493324af5ca4aa610153d,https://github.com/lovefc/china_school_badge/blob/04f59e07f4b809acc60493324af5ca4aa610153d/css/fcicon.css,universities/湖南省/4143010536/profile.yaml
4143010537,湖南农业大学,logo_reference,社区高校校徽字体索引,https://github.com/lovefc/china_school_badge,Apache-2.0,04f59e07f4b809acc60493324af5ca4aa610153d,https://github.com/lovefc/china_school_badge/blob/04f59e07f4b809acc60493324af5ca4aa610153d/css/fcicon.css,universities/湖南省/4143010537/profile.yaml
4143010542,湖南师范大学,logo_reference,社区高校校徽字体索引,https://github.com/lovefc/china_school_badge,Apache-2.0,04f59e07f4b809acc60493324af5ca4aa610153d,https://github.com/lovefc/china_school_badge/blob/04f59e07f4b809acc60493324af5ca4aa610153d/css/fcicon.css,universities/湖南省/4143010542/profile.yaml
4143010542,湖南师范大学,history_reference,中国高校校史社区资料与可视化,https://github.com/jtchen2k/hcu,GPL-3.0,8aeab521eb07d38a273318b8123caabf332e66e4,https://github.com/jtchen2k/hcu/blob/8aeab521eb07d38a273318b8123caabf332e66e4/src/data/uni_info.json,universities/湖南省/4143010542/profile.yaml
4143010542,湖南师范大学,tikz_logo_source,湖南师范大学社区TikZ矢量标识源码,https://github.com/yuxtech/cnlogo/blob/daca8906123ca61186218ddda7369f95cc65a664/cnlogo/hnnu.tex,源代码声明AGPL-3.0；LICENSE将Logos/graphics排除在该许可之外,daca8906123ca61186218ddda7369f95cc65a664,https://github.com/yuxtech/cnlogo/blob/daca8906123ca61186218ddda7369f95cc65a664/README.md,universities/湖南省/4143010542/profile.yaml
4143010549,湖南文理学院,logo_reference,社区高校校徽字体索引,https://github.com/lovefc/china_school_badge,Apache-2.0,04f59e07f4b809acc60493324af5ca4aa610153d,https://github.com/lovefc/china_school_badge/blob/04f59e07f4b809acc60493324af5ca4aa610153d/css/fcicon.css,universities/湖南省/4143010549/profile.yaml
4143010555,南华大学,logo_reference,社区高校校徽字体索引,https://github.com/lovefc/china_school_badge,Apache-2.0,04f59e07f4b809acc60493324af5ca4aa610153d,https://github.com/lovefc/china_school_badge/blob/04f59e07f4b809acc60493324af5ca4aa610153d/css/fcicon.css,universities/湖南省/4143010555/profile.yaml
4144010558,中山大学,logo_reference,社区高校校徽字体索引,https://github.com/lovefc/china_school_badge,Apache-2.0,04f59e07f4b809acc60493324af5ca4aa610153d,https://github.com/lovefc/china_school_badge/blob/04f59e07f4b809acc60493324af5ca4aa610153d/css/fcicon.css,universities/广东省/4144010558/profile.yaml
4144010558,中山大学,history_reference,中国高校校史社区资料与可视化,https://github.com/jtchen2k/hcu,GPL-3.0,8aeab521eb07d38a273318b8123caabf332e66e4,https://github.com/jtchen2k/hcu/blob/8aeab521eb07d38a273318b8123caabf332e66e4/src/data/uni_info.json,universities/广东省/4144010558/profile.yaml
4144010558,中山大学,tikz_logo_source,中山大学社区TikZ矢量标识源码,https://github.com/yuxtech/cnlogo/blob/daca8906123ca61186218ddda7369f95cc65a664/cnlogo/sysu.tex,源代码声明AGPL-3.0；LICENSE将Logos/graphics排除在该许可之外,daca8906123ca61186218ddda7369f95cc65a664,https://github.com/yuxtech/cnlogo/blob/daca8906123ca61186218ddda7369f95cc65a664/README.md,universities/广东省/4144010558/profile.yaml
4144010559,暨南大学,logo_reference,社区高校校徽字体索引,https://github.com/lovefc/china_school_badge,Apache-2.0,04f59e07f4b809acc60493324af5ca4aa610153d,https://github.com/lovefc/china_school_badge/blob/04f59e07f4b809acc60493324af5ca4aa610153d/css/fcicon.css,universities/广东省/4144010559/profile.yaml
4144010559,暨南大学,history_reference,中国高校校史社区资料与可视化,https://github.com/jtchen2k/hcu,GPL-3.0,8aeab521eb07d38a273318b8123caabf332e66e4,https://github.com/jtchen2k/hcu/blob/8aeab521eb07d38a273318b8123caabf332e66e4/src/data/uni_info.json,universities/广东省/4144010559/profile.yaml
4144010559,暨南大学,tikz_logo_source,暨南大学社区TikZ矢量标识源码,https://github.com/yuxtech/cnlogo/blob/daca8906123ca61186218ddda7369f95cc65a664/cnlogo/jnu.tex,源代码声明AGPL-3.0；LICENSE将Logos/graphics排除在该许可之外,daca8906123ca61186218ddda7369f95cc65a664,https://github.com/yuxtech/cnlogo/blob/daca8906123ca61186218ddda7369f95cc65a664/README.md,universities/广东省/4144010559/profile.yaml
4144010561,华南理工大学,logo_reference,社区高校校徽字体索引,https://github.com/lovefc/china_school_badge,Apache-2.0,04f59e07f4b809acc60493324af5ca4aa610153d,https://github.com/lovefc/china_school_badge/blob/04f59e07f4b809acc60493324af5ca4aa610153d/css/fcicon.css,universities/广东省/4144010561/profile.yaml
4144010561,华南理工大学,history_reference,中国高校校史社区资料与可视化,https://github.com/jtchen2k/hcu,GPL-3.0,8aeab521eb07d38a273318b8123caabf332e66e4,https://github.com/jtchen2k/hcu/blob/8aeab521eb07d38a273318b8123caabf332e66e4/src/data/uni_info.json,universities/广东省/4144010561/profile.yaml
4144010561,华南理工大学,tikz_logo_source,华南理工大学社区TikZ矢量标识源码,https://github.com/yuxtech/cnlogo/blob/daca8906123ca61186218ddda7369f95cc65a664/cnlogo/hnlgu.tex,源代码声明AGPL-3.0；LICENSE将Logos/graphics排除在该许可之外,daca8906123ca61186218ddda7369f95cc65a664,https://github.com/yuxtech/cnlogo/blob/daca8906123ca61186218ddda7369f95cc65a664/README.md,universities/广东省/4144010561/profile.yaml
4144010561,华南理工大学,pptx_template,华南理工大学社区PPT组件与模板4.0,https://github.com/MikeHuang2000/SCUT-PPT-Template-HMK/tree/4fcf55148565ea328bc7102afd12f59a284995d1,,4fcf55148565ea328bc7102afd12f59a284995d1,https://github.com/MikeHuang2000/SCUT-PPT-Template-HMK/blob/4fcf55148565ea328bc7102afd12f59a284995d1/README.md,universities/广东省/4144010561/profile.yaml
4144010564,华南农业大学,logo_reference,社区高校校徽字体索引,https://github.com/lovefc/china_school_badge,Apache-2.0,04f59e07f4b809acc60493324af5ca4aa610153d,https://github.com/lovefc/china_school_badge/blob/04f59e07f4b809acc60493324af5ca4aa610153d/css/fcicon.css,universities/广东省/4144010564/profile.yaml
4144010564,华南农业大学,history_reference,中国高校校史社区资料与可视化,https://github.com/jtchen2k/hcu,GPL-3.0,8aeab521eb07d38a273318b8123caabf332e66e4,https://github.com/jtchen2k/hcu/blob/8aeab521eb07d38a273318b8123caabf332e66e4/src/data/uni_info.json,universities/广东省/4144010564/profile.yaml
4144010566,广东海洋大学,logo_reference,社区高校校徽字体索引,https://github.com/lovefc/china_school_badge,Apache-2.0,04f59e07f4b809acc60493324af5ca4aa610153d,https://github.com/lovefc/china_school_badge/blob/04f59e07f4b809acc60493324af5ca4aa610153d/css/fcicon.css,universities/广东省/4144010566/profile.yaml
4144010570,广州医科大学,logo_reference,社区高校校徽字体索引,https://github.com/lovefc/china_school_badge,Apache-2.0,04f59e07f4b809acc60493324af5ca4aa610153d,https://github.com/lovefc/china_school_badge/blob/04f59e07f4b809acc60493324af5ca4aa610153d/css/fcicon.css,universities/广东省/4144010570/profile.yaml
4144010570,广州医科大学,history_reference,中国高校校史社区资料与可视化,https://github.com/jtchen2k/hcu,GPL-3.0,8aeab521eb07d38a273318b8123caabf332e66e4,https://github.com/jtchen2k/hcu/blob/8aeab521eb07d38a273318b8123caabf332e66e4/src/data/uni_info.json,universities/广东省/4144010570/profile.yaml
4144010571,广东医科大学,logo_reference,社区高校校徽字体索引,https://github.com/lovefc/china_school_badge,Apache-2.0,04f59e07f4b809acc60493324af5ca4aa610153d,https://github.com/lovefc/china_school_badge/blob/04f59e07f4b809acc60493324af5ca4aa610153d/css/fcicon.css,universities/广东省/4144010571/profile.yaml
4144010572,广州中医药大学,logo_reference,社区高校校徽字体索引,https://github.com/lovefc/china_school_badge,Apache-2.0,04f59e07f4b809acc60493324af5ca4aa610153d,https://github.com/lovefc/china_school_badge/blob/04f59e07f4b809acc60493324af5ca4aa610153d/css/fcicon.css,universities/广东省/4144010572/profile.yaml
4144010572,广州中医药大学,history_reference,中国高校校史社区资料与可视化,https://github.com/jtchen2k/hcu,GPL-3.0,8aeab521eb07d38a273318b8123caabf332e66e4,https://github.com/jtchen2k/hcu/blob/8aeab521eb07d38a273318b8123caabf332e66e4/src/data/uni_info.json,universities/广东省/4144010572/profile.yaml
4144010574,华南师范大学,beamer_theme,College Beamer社区高校主题集合,https://github.com/liu-qilong/college-beamer,CC-BY-4.0,b70b18b39752ff327506b5cf012b5011a4e82bd9,https://github.com/liu-qilong/college-beamer/blob/b70b18b39752ff327506b5cf012b5011a4e82bd9/README.md,universities/广东省/4144010574/profile.yaml
4144010574,华南师范大学,logo_reference,社区高校校徽字体索引,https://github.com/lovefc/china_school_badge,Apache-2.0,04f59e07f4b809acc60493324af5ca4aa610153d,https://github.com/lovefc/china_school_badge/blob/04f59e07f4b809acc60493324af5ca4aa610153d/css/fcicon.css,universities/广东省/4144010574/profile.yaml
4144010574,华南师范大学,history_reference,中国高校校史社区资料与可视化,https://github.com/jtchen2k/hcu,GPL-3.0,8aeab521eb07d38a273318b8123caabf332e66e4,https://github.com/jtchen2k/hcu/blob/8aeab521eb07d38a273318b8123caabf332e66e4/src/data/uni_info.json,universities/广东省/4144010574/profile.yaml
4144010590,深圳大学,beamer_theme,College Beamer社区高校主题集合,https://github.com/liu-qilong/college-beamer,CC-BY-4.0,b70b18b39752ff327506b5cf012b5011a4e82bd9,https://github.com/liu-qilong/college-beamer/blob/b70b18b39752ff327506b5cf012b5011a4e82bd9/README.md,universities/广东省/4144010590/profile.yaml
4144010590,深圳大学,logo_reference,社区高校校徽字体索引,https://github.com/lovefc/china_school_badge,Apache-2.0,04f59e07f4b809acc60493324af5ca4aa610153d,https://github.com/lovefc/china_school_badge/blob/04f59e07f4b809acc60493324af5ca4aa610153d/css/fcicon.css,universities/广东省/4144010590/profile.yaml
4144010590,深圳大学,tikz_logo_source,深圳大学社区TikZ矢量标识源码,https://github.com/yuxtech/cnlogo/blob/daca8906123ca61186218ddda7369f95cc65a664/cnlogo/szu.tex,源代码声明AGPL-3.0；LICENSE将Logos/graphics排除在该许可之外,daca8906123ca61186218ddda7369f95cc65a664,https://github.com/yuxtech/cnlogo/blob/daca8906123ca61186218ddda7369f95cc65a664/README.md,universities/广东省/4144010590/profile.yaml
4144010592,广东财经大学,logo_reference,社区高校校徽字体索引,https://github.com/lovefc/china_school_badge,Apache-2.0,04f59e07f4b809acc60493324af5ca4aa610153d,https://github.com/lovefc/china_school_badge/blob/04f59e07f4b809acc60493324af5ca4aa610153d/css/fcicon.css,universities/广东省/4144010592/profile.yaml
4144011078,广州大学,logo_reference,社区高校校徽字体索引,https://github.com/lovefc/china_school_badge,Apache-2.0,04f59e07f4b809acc60493324af5ca4aa610153d,https://github.com/lovefc/china_school_badge/blob/04f59e07f4b809acc60493324af5ca4aa610153d/css/fcicon.css,universities/广东省/4144011078/profile.yaml
4144011347,仲恺农业工程学院,logo_reference,社区高校校徽字体索引,https://github.com/lovefc/china_school_badge,Apache-2.0,04f59e07f4b809acc60493324af5ca4aa610153d,https://github.com/lovefc/china_school_badge/blob/04f59e07f4b809acc60493324af5ca4aa610153d/css/fcicon.css,universities/广东省/4144011347/profile.yaml
4144011349,五邑大学,logo_reference,社区高校校徽字体索引,https://github.com/lovefc/china_school_badge,Apache-2.0,04f59e07f4b809acc60493324af5ca4aa610153d,https://github.com/lovefc/china_school_badge/blob/04f59e07f4b809acc60493324af5ca4aa610153d/css/fcicon.css,universities/广东省/4144011349/profile.yaml
4144011656,广东石油化工学院,logo_reference,社区高校校徽字体索引,https://github.com/lovefc/china_school_badge,Apache-2.0,04f59e07f4b809acc60493324af5ca4aa610153d,https://github.com/lovefc/china_school_badge/blob/04f59e07f4b809acc60493324af5ca4aa610153d/css/fcicon.css,universities/广东省/4144011656/profile.yaml
4144011819,东莞理工学院,beamer_theme,College Beamer社区高校主题集合,https://github.com/liu-qilong/college-beamer,CC-BY-4.0,b70b18b39752ff327506b5cf012b5011a4e82bd9,https://github.com/liu-qilong/college-beamer/blob/b70b18b39752ff327506b5cf012b5011a4e82bd9/README.md,universities/广东省/4144011819/profile.yaml
4144011819,东莞理工学院,logo_reference,社区高校校徽字体索引,https://github.com/lovefc/china_school_badge,Apache-2.0,04f59e07f4b809acc60493324af5ca4aa610153d,https://github.com/lovefc/china_school_badge/blob/04f59e07f4b809acc60493324af5ca4aa610153d/css/fcicon.css,universities/广东省/4144011819/profile.yaml
4144011845,广东工业大学,logo_reference,社区高校校徽字体索引,https://github.com/lovefc/china_school_badge,Apache-2.0,04f59e07f4b809acc60493324af5ca4aa610153d,https://github.com/lovefc/china_school_badge/blob/04f59e07f4b809acc60493324af5ca4aa610153d/css/fcicon.css,universities/广东省/4144011845/profile.yaml
4144011846,广东外语外贸大学,logo_reference,社区高校校徽字体索引,https://github.com/lovefc/china_school_badge,Apache-2.0,04f59e07f4b809acc60493324af5ca4aa610153d,https://github.com/lovefc/china_school_badge/blob/04f59e07f4b809acc60493324af5ca4aa610153d/css/fcicon.css,universities/广东省/4144011846/profile.yaml
4144011846,广东外语外贸大学,tikz_logo_source,广东外语外贸大学社区TikZ矢量标识源码,https://github.com/yuxtech/cnlogo/blob/daca8906123ca61186218ddda7369f95cc65a664/cnlogo/gufs.tex,源代码声明AGPL-3.0；LICENSE将Logos/graphics排除在该许可之外,daca8906123ca61186218ddda7369f95cc65a664,https://github.com/yuxtech/cnlogo/blob/daca8906123ca61186218ddda7369f95cc65a664/README.md,universities/广东省/4144011846/profile.yaml
4144014325,南方科技大学,logo_reference,社区高校校徽字体索引,https://github.com/lovefc/china_school_badge,Apache-2.0,04f59e07f4b809acc60493324af5ca4aa610153d,https://github.com/lovefc/china_school_badge/blob/04f59e07f4b809acc60493324af5ca4aa610153d/css/fcicon.css,universities/广东省/4144014325/profile.yaml
4144014325,南方科技大学,history_reference,中国高校校史社区资料与可视化,https://github.com/jtchen2k/hcu,GPL-3.0,8aeab521eb07d38a273318b8123caabf332e66e4,https://github.com/jtchen2k/hcu/blob/8aeab521eb07d38a273318b8123caabf332e66e4/src/data/uni_info.json,universities/广东省/4144014325/profile.yaml
4144014325,南方科技大学,tikz_logo_source,南方科技大学社区TikZ矢量标识源码,https://github.com/yuxtech/cnlogo/blob/daca8906123ca61186218ddda7369f95cc65a664/cnlogo/sustc.tex,源代码声明AGPL-3.0；LICENSE将Logos/graphics排除在该许可之外,daca8906123ca61186218ddda7369f95cc65a664,https://github.com/yuxtech/cnlogo/blob/daca8906123ca61186218ddda7369f95cc65a664/README.md,universities/广东省/4144014325/profile.yaml
4145010593,广西大学,logo_reference,社区高校校徽字体索引,https://github.com/lovefc/china_school_badge,Apache-2.0,04f59e07f4b809acc60493324af5ca4aa610153d,https://github.com/lovefc/china_school_badge/blob/04f59e07f4b809acc60493324af5ca4aa610153d/css/fcicon.css,universities/广西壮族自治区/4145010593/profile.yaml
4145010593,广西大学,history_reference,中国高校校史社区资料与可视化,https://github.com/jtchen2k/hcu,GPL-3.0,8aeab521eb07d38a273318b8123caabf332e66e4,https://github.com/jtchen2k/hcu/blob/8aeab521eb07d38a273318b8123caabf332e66e4/src/data/uni_info.json,universities/广西壮族自治区/4145010593/profile.yaml
4145010594,广西科技大学,logo_reference,社区高校校徽字体索引,https://github.com/lovefc/china_school_badge,Apache-2.0,04f59e07f4b809acc60493324af5ca4aa610153d,https://github.com/lovefc/china_school_badge/blob/04f59e07f4b809acc60493324af5ca4aa610153d/css/fcicon.css,universities/广西壮族自治区/4145010594/profile.yaml
4145010595,桂林电子科技大学,logo_reference,社区高校校徽字体索引,https://github.com/lovefc/china_school_badge,Apache-2.0,04f59e07f4b809acc60493324af5ca4aa610153d,https://github.com/lovefc/china_school_badge/blob/04f59e07f4b809acc60493324af5ca4aa610153d/css/fcicon.css,universities/广西壮族自治区/4145010595/profile.yaml
4145010598,广西医科大学,logo_reference,社区高校校徽字体索引,https://github.com/lovefc/china_school_badge,Apache-2.0,04f59e07f4b809acc60493324af5ca4aa610153d,https://github.com/lovefc/china_school_badge/blob/04f59e07f4b809acc60493324af5ca4aa610153d/css/fcicon.css,universities/广西壮族自治区/4145010598/profile.yaml
4145010602,广西师范大学,logo_reference,社区高校校徽字体索引,https://github.com/lovefc/china_school_badge,Apache-2.0,04f59e07f4b809acc60493324af5ca4aa610153d,https://github.com/lovefc/china_school_badge/blob/04f59e07f4b809acc60493324af5ca4aa610153d/css/fcicon.css,universities/广西壮族自治区/4145010602/profile.yaml
4146010589,海南大学,logo_reference,社区高校校徽字体索引,https://github.com/lovefc/china_school_badge,Apache-2.0,04f59e07f4b809acc60493324af5ca4aa610153d,https://github.com/lovefc/china_school_badge/blob/04f59e07f4b809acc60493324af5ca4aa610153d/css/fcicon.css,universities/海南省/4146010589/profile.yaml
4146010589,海南大学,history_reference,中国高校校史社区资料与可视化,https://github.com/jtchen2k/hcu,GPL-3.0,8aeab521eb07d38a273318b8123caabf332e66e4,https://github.com/jtchen2k/hcu/blob/8aeab521eb07d38a273318b8123caabf332e66e4/src/data/uni_info.json,universities/海南省/4146010589/profile.yaml
4146011658,海南师范大学,logo_reference,社区高校校徽字体索引,https://github.com/lovefc/china_school_badge,Apache-2.0,04f59e07f4b809acc60493324af5ca4aa610153d,https://github.com/lovefc/china_school_badge/blob/04f59e07f4b809acc60493324af5ca4aa610153d/css/fcicon.css,universities/海南省/4146011658/profile.yaml
4150010611,重庆大学,beamer_theme,College Beamer社区高校主题集合,https://github.com/liu-qilong/college-beamer,CC-BY-4.0,b70b18b39752ff327506b5cf012b5011a4e82bd9,https://github.com/liu-qilong/college-beamer/blob/b70b18b39752ff327506b5cf012b5011a4e82bd9/README.md,universities/重庆市/4150010611/profile.yaml
4150010611,重庆大学,logo_reference,社区高校校徽字体索引,https://github.com/lovefc/china_school_badge,Apache-2.0,04f59e07f4b809acc60493324af5ca4aa610153d,https://github.com/lovefc/china_school_badge/blob/04f59e07f4b809acc60493324af5ca4aa610153d/css/fcicon.css,universities/重庆市/4150010611/profile.yaml
4150010611,重庆大学,history_reference,中国高校校史社区资料与可视化,https://github.com/jtchen2k/hcu,GPL-3.0,8aeab521eb07d38a273318b8123caabf332e66e4,https://github.com/jtchen2k/hcu/blob/8aeab521eb07d38a273318b8123caabf332e66e4/src/data/uni_info.json,universities/重庆市/4150010611/profile.yaml
4150010617,重庆邮电大学,logo_reference,社区高校校徽字体索引,https://github.com/lovefc/china_school_badge,Apache-2.0,04f59e07f4b809acc60493324af5ca4aa610153d,https://github.com/lovefc/china_school_badge/blob/04f59e07f4b809acc60493324af5ca4aa610153d/css/fcicon.css,universities/重庆市/4150010617/profile.yaml
4150010631,重庆医科大学,logo_reference,社区高校校徽字体索引,https://github.com/lovefc/china_school_badge,Apache-2.0,04f59e07f4b809acc60493324af5ca4aa610153d,https://github.com/lovefc/china_school_badge/blob/04f59e07f4b809acc60493324af5ca4aa610153d/css/fcicon.css,universities/重庆市/4150010631/profile.yaml
4150010635,西南大学,beamer_theme,College Beamer社区高校主题集合,https://github.com/liu-qilong/college-beamer,CC-BY-4.0,b70b18b39752ff327506b5cf012b5011a4e82bd9,https://github.com/liu-qilong/college-beamer/blob/b70b18b39752ff327506b5cf012b5011a4e82bd9/README.md,universities/重庆市/4150010635/profile.yaml
4150010635,西南大学,logo_reference,社区高校校徽字体索引,https://github.com/lovefc/china_school_badge,Apache-2.0,04f59e07f4b809acc60493324af5ca4aa610153d,https://github.com/lovefc/china_school_badge/blob/04f59e07f4b809acc60493324af5ca4aa610153d/css/fcicon.css,universities/重庆市/4150010635/profile.yaml
4150010635,西南大学,history_reference,中国高校校史社区资料与可视化,https://github.com/jtchen2k/hcu,GPL-3.0,8aeab521eb07d38a273318b8123caabf332e66e4,https://github.com/jtchen2k/hcu/blob/8aeab521eb07d38a273318b8123caabf332e66e4/src/data/uni_info.json,universities/重庆市/4150010635/profile.yaml
4150010642,重庆文理学院,logo_reference,社区高校校徽字体索引,https://github.com/lovefc/china_school_badge,Apache-2.0,04f59e07f4b809acc60493324af5ca4aa610153d,https://github.com/lovefc/china_school_badge/blob/04f59e07f4b809acc60493324af5ca4aa610153d/css/fcicon.css,universities/重庆市/4150010642/profile.yaml
4150010652,西南政法大学,logo_reference,社区高校校徽字体索引,https://github.com/lovefc/china_school_badge,Apache-2.0,04f59e07f4b809acc60493324af5ca4aa610153d,https://github.com/lovefc/china_school_badge/blob/04f59e07f4b809acc60493324af5ca4aa610153d/css/fcicon.css,universities/重庆市/4150010652/profile.yaml
4150011660,重庆理工大学,logo_reference,社区高校校徽字体索引,https://github.com/lovefc/china_school_badge,Apache-2.0,04f59e07f4b809acc60493324af5ca4aa610153d,https://github.com/lovefc/china_school_badge/blob/04f59e07f4b809acc60493324af5ca4aa610153d/css/fcicon.css,universities/重庆市/4150011660/profile.yaml
4150011799,重庆工商大学,logo_reference,社区高校校徽字体索引,https://github.com/lovefc/china_school_badge,Apache-2.0,04f59e07f4b809acc60493324af5ca4aa610153d,https://github.com/lovefc/china_school_badge/blob/04f59e07f4b809acc60493324af5ca4aa610153d/css/fcicon.css,universities/重庆市/4150011799/profile.yaml
4151010610,四川大学,beamer_theme,四川大学社区Beamer主题,https://github.com/FvNCCR228/SCU-Beamer-Theme,LPPL-1.3c,97a1f1421eec02bdeb3822d8993dc83b1a253f7e,https://github.com/FvNCCR228/SCU-Beamer-Theme/blob/97a1f1421eec02bdeb3822d8993dc83b1a253f7e/README.md,universities/四川省/4151010610/profile.yaml
4151010610,四川大学,logo_reference,社区高校校徽字体索引,https://github.com/lovefc/china_school_badge,Apache-2.0,04f59e07f4b809acc60493324af5ca4aa610153d,https://github.com/lovefc/china_school_badge/blob/04f59e07f4b809acc60493324af5ca4aa610153d/css/fcicon.css,universities/四川省/4151010610/profile.yaml
4151010610,四川大学,history_reference,中国高校校史社区资料与可视化,https://github.com/jtchen2k/hcu,GPL-3.0,8aeab521eb07d38a273318b8123caabf332e66e4,https://github.com/jtchen2k/hcu/blob/8aeab521eb07d38a273318b8123caabf332e66e4/src/data/uni_info.json,universities/四川省/4151010610/profile.yaml
4151010610,四川大学,tikz_logo_source,四川大学社区TikZ矢量标识源码,https://github.com/yuxtech/cnlogo/blob/daca8906123ca61186218ddda7369f95cc65a664/cnlogo/scu.tex,源代码声明AGPL-3.0；LICENSE将Logos/graphics排除在该许可之外,daca8906123ca61186218ddda7369f95cc65a664,https://github.com/yuxtech/cnlogo/blob/daca8906123ca61186218ddda7369f95cc65a664/README.md,universities/四川省/4151010610/profile.yaml
4151010613,西南交通大学,logo_reference,社区高校校徽字体索引,https://github.com/lovefc/china_school_badge,Apache-2.0,04f59e07f4b809acc60493324af5ca4aa610153d,https://github.com/lovefc/china_school_badge/blob/04f59e07f4b809acc60493324af5ca4aa610153d/css/fcicon.css,universities/四川省/4151010613/profile.yaml
4151010613,西南交通大学,history_reference,中国高校校史社区资料与可视化,https://github.com/jtchen2k/hcu,GPL-3.0,8aeab521eb07d38a273318b8123caabf332e66e4,https://github.com/jtchen2k/hcu/blob/8aeab521eb07d38a273318b8123caabf332e66e4/src/data/uni_info.json,universities/四川省/4151010613/profile.yaml
4151010614,电子科技大学,logo_reference,社区高校校徽字体索引,https://github.com/lovefc/china_school_badge,Apache-2.0,04f59e07f4b809acc60493324af5ca4aa610153d,https://github.com/lovefc/china_school_badge/blob/04f59e07f4b809acc60493324af5ca4aa610153d/css/fcicon.css,universities/四川省/4151010614/profile.yaml
4151010614,电子科技大学,history_reference,中国高校校史社区资料与可视化,https://github.com/jtchen2k/hcu,GPL-3.0,8aeab521eb07d38a273318b8123caabf332e66e4,https://github.com/jtchen2k/hcu/blob/8aeab521eb07d38a273318b8123caabf332e66e4/src/data/uni_info.json,universities/四川省/4151010614/profile.yaml
4151010615,西南石油大学,logo_reference,社区高校校徽字体索引,https://github.com/lovefc/china_school_badge,Apache-2.0,04f59e07f4b809acc60493324af5ca4aa610153d,https://github.com/lovefc/china_school_badge/blob/04f59e07f4b809acc60493324af5ca4aa610153d/css/fcicon.css,universities/四川省/4151010615/profile.yaml
4151010615,西南石油大学,history_reference,中国高校校史社区资料与可视化,https://github.com/jtchen2k/hcu,GPL-3.0,8aeab521eb07d38a273318b8123caabf332e66e4,https://github.com/jtchen2k/hcu/blob/8aeab521eb07d38a273318b8123caabf332e66e4/src/data/uni_info.json,universities/四川省/4151010615/profile.yaml
4151010616,成都理工大学,logo_reference,社区高校校徽字体索引,https://github.com/lovefc/china_school_badge,Apache-2.0,04f59e07f4b809acc60493324af5ca4aa610153d,https://github.com/lovefc/china_school_badge/blob/04f59e07f4b809acc60493324af5ca4aa610153d/css/fcicon.css,universities/四川省/4151010616/profile.yaml
4151010616,成都理工大学,history_reference,中国高校校史社区资料与可视化,https://github.com/jtchen2k/hcu,GPL-3.0,8aeab521eb07d38a273318b8123caabf332e66e4,https://github.com/jtchen2k/hcu/blob/8aeab521eb07d38a273318b8123caabf332e66e4/src/data/uni_info.json,universities/四川省/4151010616/profile.yaml
4151010619,西南科技大学,logo_reference,社区高校校徽字体索引,https://github.com/lovefc/china_school_badge,Apache-2.0,04f59e07f4b809acc60493324af5ca4aa610153d,https://github.com/lovefc/china_school_badge/blob/04f59e07f4b809acc60493324af5ca4aa610153d/css/fcicon.css,universities/四川省/4151010619/profile.yaml
4151010621,成都信息工程大学,logo_reference,社区高校校徽字体索引,https://github.com/lovefc/china_school_badge,Apache-2.0,04f59e07f4b809acc60493324af5ca4aa610153d,https://github.com/lovefc/china_school_badge/blob/04f59e07f4b809acc60493324af5ca4aa610153d/css/fcicon.css,universities/四川省/4151010621/profile.yaml
4151010623,西华大学,logo_reference,社区高校校徽字体索引,https://github.com/lovefc/china_school_badge,Apache-2.0,04f59e07f4b809acc60493324af5ca4aa610153d,https://github.com/lovefc/china_school_badge/blob/04f59e07f4b809acc60493324af5ca4aa610153d/css/fcicon.css,universities/四川省/4151010623/profile.yaml
4151010626,四川农业大学,logo_reference,社区高校校徽字体索引,https://github.com/lovefc/china_school_badge,Apache-2.0,04f59e07f4b809acc60493324af5ca4aa610153d,https://github.com/lovefc/china_school_badge/blob/04f59e07f4b809acc60493324af5ca4aa610153d/css/fcicon.css,universities/四川省/4151010626/profile.yaml
4151010626,四川农业大学,history_reference,中国高校校史社区资料与可视化,https://github.com/jtchen2k/hcu,GPL-3.0,8aeab521eb07d38a273318b8123caabf332e66e4,https://github.com/jtchen2k/hcu/blob/8aeab521eb07d38a273318b8123caabf332e66e4/src/data/uni_info.json,universities/四川省/4151010626/profile.yaml
4151010633,成都中医药大学,logo_reference,社区高校校徽字体索引,https://github.com/lovefc/china_school_badge,Apache-2.0,04f59e07f4b809acc60493324af5ca4aa610153d,https://github.com/lovefc/china_school_badge/blob/04f59e07f4b809acc60493324af5ca4aa610153d/css/fcicon.css,universities/四川省/4151010633/profile.yaml
4151010633,成都中医药大学,history_reference,中国高校校史社区资料与可视化,https://github.com/jtchen2k/hcu,GPL-3.0,8aeab521eb07d38a273318b8123caabf332e66e4,https://github.com/jtchen2k/hcu/blob/8aeab521eb07d38a273318b8123caabf332e66e4/src/data/uni_info.json,universities/四川省/4151010633/profile.yaml
4151010636,四川师范大学,logo_reference,社区高校校徽字体索引,https://github.com/lovefc/china_school_badge,Apache-2.0,04f59e07f4b809acc60493324af5ca4aa610153d,https://github.com/lovefc/china_school_badge/blob/04f59e07f4b809acc60493324af5ca4aa610153d/css/fcicon.css,universities/四川省/4151010636/profile.yaml
4151010638,西华师范大学,logo_reference,社区高校校徽字体索引,https://github.com/lovefc/china_school_badge,Apache-2.0,04f59e07f4b809acc60493324af5ca4aa610153d,https://github.com/lovefc/china_school_badge/blob/04f59e07f4b809acc60493324af5ca4aa610153d/css/fcicon.css,universities/四川省/4151010638/profile.yaml
4151010651,西南财经大学,logo_reference,社区高校校徽字体索引,https://github.com/lovefc/china_school_badge,Apache-2.0,04f59e07f4b809acc60493324af5ca4aa610153d,https://github.com/lovefc/china_school_badge/blob/04f59e07f4b809acc60493324af5ca4aa610153d/css/fcicon.css,universities/四川省/4151010651/profile.yaml
4151010651,西南财经大学,history_reference,中国高校校史社区资料与可视化,https://github.com/jtchen2k/hcu,GPL-3.0,8aeab521eb07d38a273318b8123caabf332e66e4,https://github.com/jtchen2k/hcu/blob/8aeab521eb07d38a273318b8123caabf332e66e4/src/data/uni_info.json,universities/四川省/4151010651/profile.yaml
4151011079,成都大学,logo_reference,社区高校校徽字体索引,https://github.com/lovefc/china_school_badge,Apache-2.0,04f59e07f4b809acc60493324af5ca4aa610153d,https://github.com/lovefc/china_school_badge/blob/04f59e07f4b809acc60493324af5ca4aa610153d/css/fcicon.css,universities/四川省/4151011079/profile.yaml
4152010657,贵州大学,logo_reference,社区高校校徽字体索引,https://github.com/lovefc/china_school_badge,Apache-2.0,04f59e07f4b809acc60493324af5ca4aa610153d,https://github.com/lovefc/china_school_badge/blob/04f59e07f4b809acc60493324af5ca4aa610153d/css/fcicon.css,universities/贵州省/4152010657/profile.yaml
4152010657,贵州大学,history_reference,中国高校校史社区资料与可视化,https://github.com/jtchen2k/hcu,GPL-3.0,8aeab521eb07d38a273318b8123caabf332e66e4,https://github.com/jtchen2k/hcu/blob/8aeab521eb07d38a273318b8123caabf332e66e4/src/data/uni_info.json,universities/贵州省/4152010657/profile.yaml
4153010673,云南大学,logo_reference,社区高校校徽字体索引,https://github.com/lovefc/china_school_badge,Apache-2.0,04f59e07f4b809acc60493324af5ca4aa610153d,https://github.com/lovefc/china_school_badge/blob/04f59e07f4b809acc60493324af5ca4aa610153d/css/fcicon.css,universities/云南省/4153010673/profile.yaml
4153010673,云南大学,history_reference,中国高校校史社区资料与可视化,https://github.com/jtchen2k/hcu,GPL-3.0,8aeab521eb07d38a273318b8123caabf332e66e4,https://github.com/jtchen2k/hcu/blob/8aeab521eb07d38a273318b8123caabf332e66e4/src/data/uni_info.json,universities/云南省/4153010673/profile.yaml
4153010674,昆明理工大学,logo_reference,社区高校校徽字体索引,https://github.com/lovefc/china_school_badge,Apache-2.0,04f59e07f4b809acc60493324af5ca4aa610153d,https://github.com/lovefc/china_school_badge/blob/04f59e07f4b809acc60493324af5ca4aa610153d/css/fcicon.css,universities/云南省/4153010674/profile.yaml
4153010679,大理大学,logo_reference,社区高校校徽字体索引,https://github.com/lovefc/china_school_badge,Apache-2.0,04f59e07f4b809acc60493324af5ca4aa610153d,https://github.com/lovefc/china_school_badge/blob/04f59e07f4b809acc60493324af5ca4aa610153d/css/fcicon.css,universities/云南省/4153010679/profile.yaml
4153010681,云南师范大学,logo_reference,社区高校校徽字体索引,https://github.com/lovefc/china_school_badge,Apache-2.0,04f59e07f4b809acc60493324af5ca4aa610153d,https://github.com/lovefc/china_school_badge/blob/04f59e07f4b809acc60493324af5ca4aa610153d/css/fcicon.css,universities/云南省/4153010681/profile.yaml
4153010691,云南民族大学,logo_reference,社区高校校徽字体索引,https://github.com/lovefc/china_school_badge,Apache-2.0,04f59e07f4b809acc60493324af5ca4aa610153d,https://github.com/lovefc/china_school_badge/blob/04f59e07f4b809acc60493324af5ca4aa610153d/css/fcicon.css,universities/云南省/4153010691/profile.yaml
4153011390,玉溪师范学院,logo_reference,社区高校校徽字体索引,https://github.com/lovefc/china_school_badge,Apache-2.0,04f59e07f4b809acc60493324af5ca4aa610153d,https://github.com/lovefc/china_school_badge/blob/04f59e07f4b809acc60493324af5ca4aa610153d/css/fcicon.css,universities/云南省/4153011390/profile.yaml
4154010694,西藏大学,logo_reference,社区高校校徽字体索引,https://github.com/lovefc/china_school_badge,Apache-2.0,04f59e07f4b809acc60493324af5ca4aa610153d,https://github.com/lovefc/china_school_badge/blob/04f59e07f4b809acc60493324af5ca4aa610153d/css/fcicon.css,universities/西藏自治区/4154010694/profile.yaml
4154010694,西藏大学,history_reference,中国高校校史社区资料与可视化,https://github.com/jtchen2k/hcu,GPL-3.0,8aeab521eb07d38a273318b8123caabf332e66e4,https://github.com/jtchen2k/hcu/blob/8aeab521eb07d38a273318b8123caabf332e66e4/src/data/uni_info.json,universities/西藏自治区/4154010694/profile.yaml
4161010697,西北大学,logo_reference,社区高校校徽字体索引,https://github.com/lovefc/china_school_badge,Apache-2.0,04f59e07f4b809acc60493324af5ca4aa610153d,https://github.com/lovefc/china_school_badge/blob/04f59e07f4b809acc60493324af5ca4aa610153d/css/fcicon.css,universities/陕西省/4161010697/profile.yaml
4161010697,西北大学,history_reference,中国高校校史社区资料与可视化,https://github.com/jtchen2k/hcu,GPL-3.0,8aeab521eb07d38a273318b8123caabf332e66e4,https://github.com/jtchen2k/hcu/blob/8aeab521eb07d38a273318b8123caabf332e66e4/src/data/uni_info.json,universities/陕西省/4161010697/profile.yaml
4161010698,西安交通大学,logo_reference,社区高校校徽字体索引,https://github.com/lovefc/china_school_badge,Apache-2.0,04f59e07f4b809acc60493324af5ca4aa610153d,https://github.com/lovefc/china_school_badge/blob/04f59e07f4b809acc60493324af5ca4aa610153d/css/fcicon.css,universities/陕西省/4161010698/profile.yaml
4161010698,西安交通大学,history_reference,中国高校校史社区资料与可视化,https://github.com/jtchen2k/hcu,GPL-3.0,8aeab521eb07d38a273318b8123caabf332e66e4,https://github.com/jtchen2k/hcu/blob/8aeab521eb07d38a273318b8123caabf332e66e4/src/data/uni_info.json,universities/陕西省/4161010698/profile.yaml
4161010698,西安交通大学,tikz_logo_source,西安交通大学社区TikZ矢量标识源码,https://github.com/yuxtech/cnlogo/blob/daca8906123ca61186218ddda7369f95cc65a664/cnlogo/xjtu.tex,源代码声明AGPL-3.0；LICENSE将Logos/graphics排除在该许可之外,daca8906123ca61186218ddda7369f95cc65a664,https://github.com/yuxtech/cnlogo/blob/daca8906123ca61186218ddda7369f95cc65a664/README.md,universities/陕西省/4161010698/profile.yaml
4161010699,西北工业大学,beamer_theme,College Beamer社区高校主题集合,https://github.com/liu-qilong/college-beamer,CC-BY-4.0,b70b18b39752ff327506b5cf012b5011a4e82bd9,https://github.com/liu-qilong/college-beamer/blob/b70b18b39752ff327506b5cf012b5011a4e82bd9/README.md,universities/陕西省/4161010699/profile.yaml
4161010699,西北工业大学,logo_reference,社区高校校徽字体索引,https://github.com/lovefc/china_school_badge,Apache-2.0,04f59e07f4b809acc60493324af5ca4aa610153d,https://github.com/lovefc/china_school_badge/blob/04f59e07f4b809acc60493324af5ca4aa610153d/css/fcicon.css,universities/陕西省/4161010699/profile.yaml
4161010699,西北工业大学,history_reference,中国高校校史社区资料与可视化,https://github.com/jtchen2k/hcu,GPL-3.0,8aeab521eb07d38a273318b8123caabf332e66e4,https://github.com/jtchen2k/hcu/blob/8aeab521eb07d38a273318b8123caabf332e66e4/src/data/uni_info.json,universities/陕西省/4161010699/profile.yaml
4161010700,西安理工大学,logo_reference,社区高校校徽字体索引,https://github.com/lovefc/china_school_badge,Apache-2.0,04f59e07f4b809acc60493324af5ca4aa610153d,https://github.com/lovefc/china_school_badge/blob/04f59e07f4b809acc60493324af5ca4aa610153d/css/fcicon.css,universities/陕西省/4161010700/profile.yaml
4161010701,西安电子科技大学,logo_reference,社区高校校徽字体索引,https://github.com/lovefc/china_school_badge,Apache-2.0,04f59e07f4b809acc60493324af5ca4aa610153d,https://github.com/lovefc/china_school_badge/blob/04f59e07f4b809acc60493324af5ca4aa610153d/css/fcicon.css,universities/陕西省/4161010701/profile.yaml
4161010701,西安电子科技大学,history_reference,中国高校校史社区资料与可视化,https://github.com/jtchen2k/hcu,GPL-3.0,8aeab521eb07d38a273318b8123caabf332e66e4,https://github.com/jtchen2k/hcu/blob/8aeab521eb07d38a273318b8123caabf332e66e4/src/data/uni_info.json,universities/陕西省/4161010701/profile.yaml
4161010701,西安电子科技大学,tikz_logo_source,西安电子科技大学社区TikZ矢量标识源码,https://github.com/yuxtech/cnlogo/blob/daca8906123ca61186218ddda7369f95cc65a664/cnlogo/xdu.tex,源代码声明AGPL-3.0；LICENSE将Logos/graphics排除在该许可之外,daca8906123ca61186218ddda7369f95cc65a664,https://github.com/yuxtech/cnlogo/blob/daca8906123ca61186218ddda7369f95cc65a664/README.md,universities/陕西省/4161010701/profile.yaml
4161010702,西安工业大学,logo_reference,社区高校校徽字体索引,https://github.com/lovefc/china_school_badge,Apache-2.0,04f59e07f4b809acc60493324af5ca4aa610153d,https://github.com/lovefc/china_school_badge/blob/04f59e07f4b809acc60493324af5ca4aa610153d/css/fcicon.css,universities/陕西省/4161010702/profile.yaml
4161010703,西安建筑科技大学,logo_reference,社区高校校徽字体索引,https://github.com/lovefc/china_school_badge,Apache-2.0,04f59e07f4b809acc60493324af5ca4aa610153d,https://github.com/lovefc/china_school_badge/blob/04f59e07f4b809acc60493324af5ca4aa610153d/css/fcicon.css,universities/陕西省/4161010703/profile.yaml
4161010708,陕西科技大学,logo_reference,社区高校校徽字体索引,https://github.com/lovefc/china_school_badge,Apache-2.0,04f59e07f4b809acc60493324af5ca4aa610153d,https://github.com/lovefc/china_school_badge/blob/04f59e07f4b809acc60493324af5ca4aa610153d/css/fcicon.css,universities/陕西省/4161010708/profile.yaml
4161010710,长安大学,logo_reference,社区高校校徽字体索引,https://github.com/lovefc/china_school_badge,Apache-2.0,04f59e07f4b809acc60493324af5ca4aa610153d,https://github.com/lovefc/china_school_badge/blob/04f59e07f4b809acc60493324af5ca4aa610153d/css/fcicon.css,universities/陕西省/4161010710/profile.yaml
4161010710,长安大学,history_reference,中国高校校史社区资料与可视化,https://github.com/jtchen2k/hcu,GPL-3.0,8aeab521eb07d38a273318b8123caabf332e66e4,https://github.com/jtchen2k/hcu/blob/8aeab521eb07d38a273318b8123caabf332e66e4/src/data/uni_info.json,universities/陕西省/4161010710/profile.yaml
4161010710,长安大学,tikz_logo_source,长安大学社区TikZ矢量标识源码,https://github.com/yuxtech/cnlogo/blob/daca8906123ca61186218ddda7369f95cc65a664/cnlogo/chu.tex,源代码声明AGPL-3.0；LICENSE将Logos/graphics排除在该许可之外,daca8906123ca61186218ddda7369f95cc65a664,https://github.com/yuxtech/cnlogo/blob/daca8906123ca61186218ddda7369f95cc65a664/README.md,universities/陕西省/4161010710/profile.yaml
4161010712,西北农林科技大学,logo_reference,社区高校校徽字体索引,https://github.com/lovefc/china_school_badge,Apache-2.0,04f59e07f4b809acc60493324af5ca4aa610153d,https://github.com/lovefc/china_school_badge/blob/04f59e07f4b809acc60493324af5ca4aa610153d/css/fcicon.css,universities/陕西省/4161010712/profile.yaml
4161010712,西北农林科技大学,history_reference,中国高校校史社区资料与可视化,https://github.com/jtchen2k/hcu,GPL-3.0,8aeab521eb07d38a273318b8123caabf332e66e4,https://github.com/jtchen2k/hcu/blob/8aeab521eb07d38a273318b8123caabf332e66e4/src/data/uni_info.json,universities/陕西省/4161010712/profile.yaml
4161010712,西北农林科技大学,tikz_logo_source,西北农林科技大学社区TikZ矢量标识源码,https://github.com/yuxtech/cnlogo/blob/daca8906123ca61186218ddda7369f95cc65a664/cnlogo/xbnlkju.tex,源代码声明AGPL-3.0；LICENSE将Logos/graphics排除在该许可之外,daca8906123ca61186218ddda7369f95cc65a664,https://github.com/yuxtech/cnlogo/blob/daca8906123ca61186218ddda7369f95cc65a664/README.md,universities/陕西省/4161010712/profile.yaml
4161010718,陕西师范大学,logo_reference,社区高校校徽字体索引,https://github.com/lovefc/china_school_badge,Apache-2.0,04f59e07f4b809acc60493324af5ca4aa610153d,https://github.com/lovefc/china_school_badge/blob/04f59e07f4b809acc60493324af5ca4aa610153d/css/fcicon.css,universities/陕西省/4161010718/profile.yaml
4161010718,陕西师范大学,history_reference,中国高校校史社区资料与可视化,https://github.com/jtchen2k/hcu,GPL-3.0,8aeab521eb07d38a273318b8123caabf332e66e4,https://github.com/jtchen2k/hcu/blob/8aeab521eb07d38a273318b8123caabf332e66e4/src/data/uni_info.json,universities/陕西省/4161010718/profile.yaml
4161011400,西安培华学院,logo_reference,社区高校校徽字体索引,https://github.com/lovefc/china_school_badge,Apache-2.0,04f59e07f4b809acc60493324af5ca4aa610153d,https://github.com/lovefc/china_school_badge/blob/04f59e07f4b809acc60493324af5ca4aa610153d/css/fcicon.css,universities/陕西省/4161011400/profile.yaml
4162010730,兰州大学,logo_reference,社区高校校徽字体索引,https://github.com/lovefc/china_school_badge,Apache-2.0,04f59e07f4b809acc60493324af5ca4aa610153d,https://github.com/lovefc/china_school_badge/blob/04f59e07f4b809acc60493324af5ca4aa610153d/css/fcicon.css,universities/甘肃省/4162010730/profile.yaml
4162010730,兰州大学,history_reference,中国高校校史社区资料与可视化,https://github.com/jtchen2k/hcu,GPL-3.0,8aeab521eb07d38a273318b8123caabf332e66e4,https://github.com/jtchen2k/hcu/blob/8aeab521eb07d38a273318b8123caabf332e66e4/src/data/uni_info.json,universities/甘肃省/4162010730/profile.yaml
4162010730,兰州大学,tikz_logo_source,兰州大学社区TikZ矢量标识源码,https://github.com/yuxtech/cnlogo/blob/daca8906123ca61186218ddda7369f95cc65a664/cnlogo/lzu.tex,源代码声明AGPL-3.0；LICENSE将Logos/graphics排除在该许可之外,daca8906123ca61186218ddda7369f95cc65a664,https://github.com/yuxtech/cnlogo/blob/daca8906123ca61186218ddda7369f95cc65a664/README.md,universities/甘肃省/4162010730/profile.yaml
4162010731,兰州理工大学,logo_reference,社区高校校徽字体索引,https://github.com/lovefc/china_school_badge,Apache-2.0,04f59e07f4b809acc60493324af5ca4aa610153d,https://github.com/lovefc/china_school_badge/blob/04f59e07f4b809acc60493324af5ca4aa610153d/css/fcicon.css,universities/甘肃省/4162010731/profile.yaml
4162010732,兰州交通大学,logo_reference,社区高校校徽字体索引,https://github.com/lovefc/china_school_badge,Apache-2.0,04f59e07f4b809acc60493324af5ca4aa610153d,https://github.com/lovefc/china_school_badge/blob/04f59e07f4b809acc60493324af5ca4aa610153d/css/fcicon.css,universities/甘肃省/4162010732/profile.yaml
4162010736,西北师范大学,logo_reference,社区高校校徽字体索引,https://github.com/lovefc/china_school_badge,Apache-2.0,04f59e07f4b809acc60493324af5ca4aa610153d,https://github.com/lovefc/china_school_badge/blob/04f59e07f4b809acc60493324af5ca4aa610153d/css/fcicon.css,universities/甘肃省/4162010736/profile.yaml
4162010738,陇东学院,logo_reference,社区高校校徽字体索引,https://github.com/lovefc/china_school_badge,Apache-2.0,04f59e07f4b809acc60493324af5ca4aa610153d,https://github.com/lovefc/china_school_badge/blob/04f59e07f4b809acc60493324af5ca4aa610153d/css/fcicon.css,universities/甘肃省/4162010738/profile.yaml
4163010743,青海大学,logo_reference,社区高校校徽字体索引,https://github.com/lovefc/china_school_badge,Apache-2.0,04f59e07f4b809acc60493324af5ca4aa610153d,https://github.com/lovefc/china_school_badge/blob/04f59e07f4b809acc60493324af5ca4aa610153d/css/fcicon.css,universities/青海省/4163010743/profile.yaml
4163010743,青海大学,history_reference,中国高校校史社区资料与可视化,https://github.com/jtchen2k/hcu,GPL-3.0,8aeab521eb07d38a273318b8123caabf332e66e4,https://github.com/jtchen2k/hcu/blob/8aeab521eb07d38a273318b8123caabf332e66e4/src/data/uni_info.json,universities/青海省/4163010743/profile.yaml
4164010749,宁夏大学,logo_reference,社区高校校徽字体索引,https://github.com/lovefc/china_school_badge,Apache-2.0,04f59e07f4b809acc60493324af5ca4aa610153d,https://github.com/lovefc/china_school_badge/blob/04f59e07f4b809acc60493324af5ca4aa610153d/css/fcicon.css,universities/宁夏回族自治区/4164010749/profile.yaml
4164010749,宁夏大学,history_reference,中国高校校史社区资料与可视化,https://github.com/jtchen2k/hcu,GPL-3.0,8aeab521eb07d38a273318b8123caabf332e66e4,https://github.com/jtchen2k/hcu/blob/8aeab521eb07d38a273318b8123caabf332e66e4/src/data/uni_info.json,universities/宁夏回族自治区/4164010749/profile.yaml
4165010755,新疆大学,logo_reference,社区高校校徽字体索引,https://github.com/lovefc/china_school_badge,Apache-2.0,04f59e07f4b809acc60493324af5ca4aa610153d,https://github.com/lovefc/china_school_badge/blob/04f59e07f4b809acc60493324af5ca4aa610153d/css/fcicon.css,universities/新疆维吾尔自治区/4165010755/profile.yaml
4165010755,新疆大学,history_reference,中国高校校史社区资料与可视化,https://github.com/jtchen2k/hcu,GPL-3.0,8aeab521eb07d38a273318b8123caabf332e66e4,https://github.com/jtchen2k/hcu/blob/8aeab521eb07d38a273318b8123caabf332e66e4/src/data/uni_info.json,universities/新疆维吾尔自治区/4165010755/profile.yaml
4165010759,石河子大学,logo_reference,社区高校校徽字体索引,https://github.com/lovefc/china_school_badge,Apache-2.0,04f59e07f4b809acc60493324af5ca4aa610153d,https://github.com/lovefc/china_school_badge/blob/04f59e07f4b809acc60493324af5ca4aa610153d/css/fcicon.css,universities/新疆维吾尔自治区/4165010759/profile.yaml
4165010759,石河子大学,history_reference,中国高校校史社区资料与可视化,https://github.com/jtchen2k/hcu,GPL-3.0,8aeab521eb07d38a273318b8123caabf332e66e4,https://github.com/jtchen2k/hcu/blob/8aeab521eb07d38a273318b8123caabf332e66e4/src/data/uni_info.json,universities/新疆维吾尔自治区/4165010759/profile.yaml
