school_code,name_zh,core_fact_count,logo_asset_count,palette_count,profile_view_path,visual_view_path
4131010246,复旦大学,12,6,7,universities/上海市/4131010246/PROFILE.md,universities/上海市/4131010246/VISUAL.md
4131010247,同济大学,12,9,11,universities/上海市/4131010247/PROFILE.md,universities/上海市/4131010247/VISUAL.md
4131010248,上海交通大学,10,8,11,universities/上海市/4131010248/PROFILE.md,universities/上海市/4131010248/VISUAL.md
4131010251,华东理工大学,10,5,9,universities/上海市/4131010251/PROFILE.md,universities/上海市/4131010251/VISUAL.md
4131010252,上海理工大学,10,8,9,universities/上海市/4131010252/PROFILE.md,universities/上海市/4131010252/VISUAL.md
4131010254,上海海事大学,9,7,6,universities/上海市/4131010254/PROFILE.md,universities/上海市/4131010254/VISUAL.md
4131010255,东华大学,12,5,7,universities/上海市/4131010255/PROFILE.md,universities/上海市/4131010255/VISUAL.md
4131010256,上海电力大学,7,2,3,universities/上海市/4131010256/PROFILE.md,universities/上海市/4131010256/VISUAL.md
4131010259,上海应用技术大学,6,3,3,universities/上海市/4131010259/PROFILE.md,universities/上海市/4131010259/VISUAL.md
4131010262,上海健康医学院,5,2,6,universities/上海市/4131010262/PROFILE.md,universities/上海市/4131010262/VISUAL.md
4131010264,上海海洋大学,6,2,3,universities/上海市/4131010264/PROFILE.md,universities/上海市/4131010264/VISUAL.md
4131010268,上海中医药大学,8,3,4,universities/上海市/4131010268/PROFILE.md,universities/上海市/4131010268/VISUAL.md
4131010269,华东师范大学,12,8,19,universities/上海市/4131010269/PROFILE.md,universities/上海市/4131010269/VISUAL.md
4131010270,上海师范大学,7,3,3,universities/上海市/4131010270/PROFILE.md,universities/上海市/4131010270/VISUAL.md
4131010271,上海外国语大学,15,3,6,universities/上海市/4131010271/PROFILE.md,universities/上海市/4131010271/VISUAL.md
4131010272,上海财经大学,12,5,7,universities/上海市/4131010272/PROFILE.md,universities/上海市/4131010272/VISUAL.md
4131010273,上海对外经贸大学,6,2,3,universities/上海市/4131010273/PROFILE.md,universities/上海市/4131010273/VISUAL.md
4131010274,上海海关学院,6,2,3,universities/上海市/4131010274/PROFILE.md,universities/上海市/4131010274/VISUAL.md
4131010276,华东政法大学,11,4,8,universities/上海市/4131010276/PROFILE.md,universities/上海市/4131010276/VISUAL.md
4131010277,上海体育大学,8,1,1,universities/上海市/4131010277/PROFILE.md,universities/上海市/4131010277/VISUAL.md
4131010278,上海音乐学院,8,2,2,universities/上海市/4131010278/PROFILE.md,universities/上海市/4131010278/VISUAL.md
4131010279,上海戏剧学院,8,2,4,universities/上海市/4131010279/PROFILE.md,universities/上海市/4131010279/VISUAL.md
4131010280,上海大学,10,6,9,universities/上海市/4131010280/PROFILE.md,universities/上海市/4131010280/VISUAL.md
4131010283,上海公安学院,6,1,2,universities/上海市/4131010283/PROFILE.md,universities/上海市/4131010283/VISUAL.md
4131010856,上海工程技术大学,9,4,3,universities/上海市/4131010856/PROFILE.md,universities/上海市/4131010856/VISUAL.md
4131011047,上海立信会计金融学院,6,1,3,universities/上海市/4131011047/PROFILE.md,universities/上海市/4131011047/VISUAL.md
4131011458,上海电机学院,8,3,1,universities/上海市/4131011458/PROFILE.md,universities/上海市/4131011458/VISUAL.md
4131011833,上海杉达学院,4,1,2,universities/上海市/4131011833/PROFILE.md,universities/上海市/4131011833/VISUAL.md
4131011835,上海政法学院,6,2,3,universities/上海市/4131011835/PROFILE.md,universities/上海市/4131011835/VISUAL.md
4131012044,上海第二工业大学,4,2,3,universities/上海市/4131012044/PROFILE.md,universities/上海市/4131012044/VISUAL.md
4131012050,上海商学院,6,3,8,universities/上海市/4131012050/PROFILE.md,universities/上海市/4131012050/VISUAL.md
4131012587,上海立达学院,5,1,2,universities/上海市/4131012587/PROFILE.md,universities/上海市/4131012587/VISUAL.md
4131012799,上海建桥学院,6,3,2,universities/上海市/4131012799/PROFILE.md,universities/上海市/4131012799/VISUAL.md
4131012914,上海兴伟学院,4,1,2,universities/上海市/4131012914/PROFILE.md,universities/上海市/4131012914/VISUAL.md
4131012915,上海中侨职业技术大学,6,1,2,universities/上海市/4131012915/PROFILE.md,universities/上海市/4131012915/VISUAL.md
4131013632,上海视觉艺术学院,6,2,2,universities/上海市/4131013632/PROFILE.md,universities/上海市/4131013632/VISUAL.md
4131013636,上海外国语大学贤达经济人文学院,6,1,1,universities/上海市/4131013636/PROFILE.md,universities/上海市/4131013636/VISUAL.md
4131013893,上海师范大学天华学院,5,1,2,universities/上海市/4131013893/PROFILE.md,universities/上海市/4131013893/VISUAL.md
4131014423,上海科技大学,7,7,9,universities/上海市/4131014423/PROFILE.md,universities/上海市/4131014423/VISUAL.md
4131016404,上海纽约大学,5,1,3,universities/上海市/4131016404/PROFILE.md,universities/上海市/4131016404/VISUAL.md
4153010673,云南大学,10,8,14,universities/云南省/4153010673/PROFILE.md,universities/云南省/4153010673/VISUAL.md
4153010674,昆明理工大学,8,4,4,universities/云南省/4153010674/PROFILE.md,universities/云南省/4153010674/VISUAL.md
4153010676,云南农业大学,5,2,3,universities/云南省/4153010676/PROFILE.md,universities/云南省/4153010676/VISUAL.md
4153010677,西南林业大学,6,3,3,universities/云南省/4153010677/PROFILE.md,universities/云南省/4153010677/VISUAL.md
4153010678,昆明医科大学,7,1,4,universities/云南省/4153010678/PROFILE.md,universities/云南省/4153010678/VISUAL.md
4153010679,大理大学,6,4,8,universities/云南省/4153010679/PROFILE.md,universities/云南省/4153010679/VISUAL.md
4153010680,云南中医药大学,7,1,3,universities/云南省/4153010680/PROFILE.md,universities/云南省/4153010680/VISUAL.md
4153010681,云南师范大学,7,4,3,universities/云南省/4153010681/PROFILE.md,universities/云南省/4153010681/VISUAL.md
4153010683,昭通学院,9,4,8,universities/云南省/4153010683/PROFILE.md,universities/云南省/4153010683/VISUAL.md
4153010684,曲靖师范学院,5,3,5,universities/云南省/4153010684/PROFILE.md,universities/云南省/4153010684/VISUAL.md
4153010685,普洱学院,5,2,3,universities/云南省/4153010685/PROFILE.md,universities/云南省/4153010685/VISUAL.md
4153010686,保山学院,7,3,6,universities/云南省/4153010686/PROFILE.md,universities/云南省/4153010686/VISUAL.md
4153010687,红河学院,7,3,3,universities/云南省/4153010687/PROFILE.md,universities/云南省/4153010687/VISUAL.md
4153010689,云南财经大学,6,2,3,universities/云南省/4153010689/PROFILE.md,universities/云南省/4153010689/VISUAL.md
4153010690,云南艺术学院,7,2,2,universities/云南省/4153010690/PROFILE.md,universities/云南省/4153010690/VISUAL.md
4153010691,云南民族大学,6,3,6,universities/云南省/4153010691/PROFILE.md,universities/云南省/4153010691/VISUAL.md
4153011390,玉溪师范学院,7,4,6,universities/云南省/4153011390/PROFILE.md,universities/云南省/4153011390/VISUAL.md
4153011391,楚雄师范学院,9,4,8,universities/云南省/4153011391/PROFILE.md,universities/云南省/4153011391/VISUAL.md
4153011392,云南警官学院,6,2,3,universities/云南省/4153011392/PROFILE.md,universities/云南省/4153011392/VISUAL.md
4153011393,昆明学院,7,2,3,universities/云南省/4153011393/PROFILE.md,universities/云南省/4153011393/VISUAL.md
4153011556,文山学院,6,3,3,universities/云南省/4153011556/PROFILE.md,universities/云南省/4153011556/VISUAL.md
4153011557,昆明冶金职业大学,6,2,2,universities/云南省/4153011557/PROFILE.md,universities/云南省/4153011557/VISUAL.md
4153012357,云南交通职业技术大学,6,1,1,universities/云南省/4153012357/PROFILE.md,universities/云南省/4153012357/VISUAL.md
4153012560,云南经济管理学院,6,1,2,universities/云南省/4153012560/PROFILE.md,universities/云南省/4153012560/VISUAL.md
4153013326,滇池学院,5,2,2,universities/云南省/4153013326/PROFILE.md,universities/云南省/4153013326/VISUAL.md
4153013328,丽江文化旅游学院,4,1,2,universities/云南省/4153013328/PROFILE.md,universities/云南省/4153013328/VISUAL.md
4153013329,昆明理工大学津桥学院,6,1,2,universities/云南省/4153013329/PROFILE.md,universities/云南省/4153013329/VISUAL.md
4153013330,昆明城市学院,5,3,2,universities/云南省/4153013330/PROFILE.md,universities/云南省/4153013330/VISUAL.md
4153013331,昆明文理学院,5,1,2,universities/云南省/4153013331/PROFILE.md,universities/云南省/4153013331/VISUAL.md
4153013332,昆明医科大学海源学院,6,1,2,universities/云南省/4153013332/PROFILE.md,universities/云南省/4153013332/VISUAL.md
4153013333,昆明传媒学院,5,1,2,universities/云南省/4153013333/PROFILE.md,universities/云南省/4153013333/VISUAL.md
4153013909,云南工商学院,4,1,2,universities/云南省/4153013909/PROFILE.md,universities/云南省/4153013909/VISUAL.md
4153014012,曲靖健康医学院,4,1,2,universities/云南省/4153014012/PROFILE.md,universities/云南省/4153014012/VISUAL.md
4153014015,丽江师范学院,5,1,3,universities/云南省/4153014015/PROFILE.md,universities/云南省/4153014015/VISUAL.md
4153014016,德宏师范学院,4,1,2,universities/云南省/4153014016/PROFILE.md,universities/云南省/4153014016/VISUAL.md
4153014092,滇西科技师范学院,8,3,3,universities/云南省/4153014092/PROFILE.md,universities/云南省/4153014092/VISUAL.md
4153014212,昆明科技职业大学,7,2,2,universities/云南省/4153014212/PROFILE.md,universities/云南省/4153014212/VISUAL.md
4153014623,滇西应用技术大学,4,1,2,universities/云南省/4153014623/PROFILE.md,universities/云南省/4153014623/VISUAL.md
4115010126,内蒙古大学,8,4,7,universities/内蒙古自治区/4115010126/PROFILE.md,universities/内蒙古自治区/4115010126/VISUAL.md
4115010127,内蒙古科技大学,6,3,3,universities/内蒙古自治区/4115010127/PROFILE.md,universities/内蒙古自治区/4115010127/VISUAL.md
4115010128,内蒙古工业大学,7,3,3,universities/内蒙古自治区/4115010128/PROFILE.md,universities/内蒙古自治区/4115010128/VISUAL.md
4115010129,内蒙古农业大学,6,5,8,universities/内蒙古自治区/4115010129/PROFILE.md,universities/内蒙古自治区/4115010129/VISUAL.md
4115010132,内蒙古医科大学,5,1,3,universities/内蒙古自治区/4115010132/PROFILE.md,universities/内蒙古自治区/4115010132/VISUAL.md
4115010135,内蒙古师范大学,7,6,11,universities/内蒙古自治区/4115010135/PROFILE.md,universities/内蒙古自治区/4115010135/VISUAL.md
4115010136,内蒙古民族大学,6,3,3,universities/内蒙古自治区/4115010136/PROFILE.md,universities/内蒙古自治区/4115010136/VISUAL.md
4115010138,赤峰大学,5,1,2,universities/内蒙古自治区/4115010138/PROFILE.md,universities/内蒙古自治区/4115010138/VISUAL.md
4115010139,内蒙古财经大学,7,3,6,universities/内蒙古自治区/4115010139/PROFILE.md,universities/内蒙古自治区/4115010139/VISUAL.md
4115010819,呼伦贝尔学院,6,3,3,universities/内蒙古自治区/4115010819/PROFILE.md,universities/内蒙古自治区/4115010819/VISUAL.md
4115010871,内蒙古建筑职业技术大学,8,2,2,universities/内蒙古自治区/4115010871/PROFILE.md,universities/内蒙古自治区/4115010871/VISUAL.md
4115011427,集宁师范学院,7,3,6,universities/内蒙古自治区/4115011427/PROFILE.md,universities/内蒙古自治区/4115011427/VISUAL.md
4115011631,河套学院,9,3,5,universities/内蒙古自治区/4115011631/PROFILE.md,universities/内蒙古自治区/4115011631/VISUAL.md
4115011709,呼和浩特民族学院,7,2,3,universities/内蒙古自治区/4115011709/PROFILE.md,universities/内蒙古自治区/4115011709/VISUAL.md
4115012443,兴安职业技术大学,5,3,2,universities/内蒙古自治区/4115012443/PROFILE.md,universities/内蒙古自治区/4115012443/VISUAL.md
4115012670,呼和浩特职业技术大学,6,1,2,universities/内蒙古自治区/4115012670/PROFILE.md,universities/内蒙古自治区/4115012670/VISUAL.md
4115012797,内蒙古警察学院,5,1,3,universities/内蒙古自治区/4115012797/PROFILE.md,universities/内蒙古自治区/4115012797/VISUAL.md
4115014199,内蒙古大学创业学院,5,1,2,universities/内蒙古自治区/4115014199/PROFILE.md,universities/内蒙古自治区/4115014199/VISUAL.md
4115014205,内蒙古鸿德文理学院,6,1,3,universities/内蒙古自治区/4115014205/PROFILE.md,universities/内蒙古自治区/4115014205/VISUAL.md
4115014531,内蒙古艺术学院,6,1,3,universities/内蒙古自治区/4115014531/PROFILE.md,universities/内蒙古自治区/4115014531/VISUAL.md
4115014532,鄂尔多斯应用技术学院,8,3,3,universities/内蒙古自治区/4115014532/PROFILE.md,universities/内蒙古自治区/4115014532/VISUAL.md
4111010001,北京大学,13,7,20,universities/北京市/4111010001/PROFILE.md,universities/北京市/4111010001/VISUAL.md
4111010002,中国人民大学,12,8,9,universities/北京市/4111010002/PROFILE.md,universities/北京市/4111010002/VISUAL.md
4111010003,清华大学,16,7,15,universities/北京市/4111010003/PROFILE.md,universities/北京市/4111010003/VISUAL.md
4111010004,北京交通大学,12,7,8,universities/北京市/4111010004/PROFILE.md,universities/北京市/4111010004/VISUAL.md
4111010005,北京工业大学,11,7,5,universities/北京市/4111010005/PROFILE.md,universities/北京市/4111010005/VISUAL.md
4111010006,北京航空航天大学,10,7,10,universities/北京市/4111010006/PROFILE.md,universities/北京市/4111010006/VISUAL.md
4111010007,北京理工大学,11,7,17,universities/北京市/4111010007/PROFILE.md,universities/北京市/4111010007/VISUAL.md
4111010008,北京科技大学,14,11,27,universities/北京市/4111010008/PROFILE.md,universities/北京市/4111010008/VISUAL.md
4111010009,北方工业大学,10,5,8,universities/北京市/4111010009/PROFILE.md,universities/北京市/4111010009/VISUAL.md
4111010010,北京化工大学,10,7,5,universities/北京市/4111010010/PROFILE.md,universities/北京市/4111010010/VISUAL.md
4111010011,北京工商大学,6,1,3,universities/北京市/4111010011/PROFILE.md,universities/北京市/4111010011/VISUAL.md
4111010012,北京服装学院,8,2,2,universities/北京市/4111010012/PROFILE.md,universities/北京市/4111010012/VISUAL.md
4111010013,北京邮电大学,11,5,7,universities/北京市/4111010013/PROFILE.md,universities/北京市/4111010013/VISUAL.md
4111010015,北京印刷学院,8,3,3,universities/北京市/4111010015/PROFILE.md,universities/北京市/4111010015/VISUAL.md
4111010016,北京建筑大学,8,3,1,universities/北京市/4111010016/PROFILE.md,universities/北京市/4111010016/VISUAL.md
4111010017,北京石油化工学院,8,2,4,universities/北京市/4111010017/PROFILE.md,universities/北京市/4111010017/VISUAL.md
4111010018,北京电子科技学院,6,3,6,universities/北京市/4111010018/PROFILE.md,universities/北京市/4111010018/VISUAL.md
4111010019,中国农业大学,10,7,6,universities/北京市/4111010019/PROFILE.md,universities/北京市/4111010019/VISUAL.md
4111010020,北京农学院,9,3,3,universities/北京市/4111010020/PROFILE.md,universities/北京市/4111010020/VISUAL.md
4111010022,北京林业大学,11,8,6,universities/北京市/4111010022/PROFILE.md,universities/北京市/4111010022/VISUAL.md
4111010023,北京协和医学院,8,3,7,universities/北京市/4111010023/PROFILE.md,universities/北京市/4111010023/VISUAL.md
4111010025,首都医科大学,9,2,5,universities/北京市/4111010025/PROFILE.md,universities/北京市/4111010025/VISUAL.md
4111010026,北京中医药大学,10,5,12,universities/北京市/4111010026/PROFILE.md,universities/北京市/4111010026/VISUAL.md
4111010027,北京师范大学,10,6,8,universities/北京市/4111010027/PROFILE.md,universities/北京市/4111010027/VISUAL.md
4111010028,首都师范大学,8,9,10,universities/北京市/4111010028/PROFILE.md,universities/北京市/4111010028/VISUAL.md
4111010029,首都体育学院,7,10,10,universities/北京市/4111010029/PROFILE.md,universities/北京市/4111010029/VISUAL.md
4111010030,北京外国语大学,11,5,7,universities/北京市/4111010030/PROFILE.md,universities/北京市/4111010030/VISUAL.md
4111010031,北京第二外国语学院,6,1,3,universities/北京市/4111010031/PROFILE.md,universities/北京市/4111010031/VISUAL.md
4111010032,北京语言大学,11,3,7,universities/北京市/4111010032/PROFILE.md,universities/北京市/4111010032/VISUAL.md
4111010033,中国传媒大学,9,6,11,universities/北京市/4111010033/PROFILE.md,universities/北京市/4111010033/VISUAL.md
4111010034,中央财经大学,12,5,8,universities/北京市/4111010034/PROFILE.md,universities/北京市/4111010034/VISUAL.md
4111010036,对外经济贸易大学,10,4,7,universities/北京市/4111010036/PROFILE.md,universities/北京市/4111010036/VISUAL.md
4111010037,北京物资学院,8,2,4,universities/北京市/4111010037/PROFILE.md,universities/北京市/4111010037/VISUAL.md
4111010038,首都经济贸易大学,7,2,3,universities/北京市/4111010038/PROFILE.md,universities/北京市/4111010038/VISUAL.md
4111010039,中国消防救援学院,6,1,2,universities/北京市/4111010039/PROFILE.md,universities/北京市/4111010039/VISUAL.md
4111010040,外交学院,7,3,6,universities/北京市/4111010040/PROFILE.md,universities/北京市/4111010040/VISUAL.md
4111010041,中国人民公安大学,8,3,6,universities/北京市/4111010041/PROFILE.md,universities/北京市/4111010041/VISUAL.md
4111010042,国际关系学院,6,3,6,universities/北京市/4111010042/PROFILE.md,universities/北京市/4111010042/VISUAL.md
4111010043,北京体育大学,9,5,5,universities/北京市/4111010043/PROFILE.md,universities/北京市/4111010043/VISUAL.md
4111010045,中央音乐学院,9,4,11,universities/北京市/4111010045/PROFILE.md,universities/北京市/4111010045/VISUAL.md
4111010046,中国音乐学院,8,3,6,universities/北京市/4111010046/PROFILE.md,universities/北京市/4111010046/VISUAL.md
4111010047,中央美术学院,9,6,7,universities/北京市/4111010047/PROFILE.md,universities/北京市/4111010047/VISUAL.md
4111010048,中央戏剧学院,8,2,1,universities/北京市/4111010048/PROFILE.md,universities/北京市/4111010048/VISUAL.md
4111010049,中国戏曲学院,6,2,5,universities/北京市/4111010049/PROFILE.md,universities/北京市/4111010049/VISUAL.md
4111010050,北京电影学院,6,1,2,universities/北京市/4111010050/PROFILE.md,universities/北京市/4111010050/VISUAL.md
4111010051,北京舞蹈学院,6,1,3,universities/北京市/4111010051/PROFILE.md,universities/北京市/4111010051/VISUAL.md
4111010052,中央民族大学,9,12,19,universities/北京市/4111010052/PROFILE.md,universities/北京市/4111010052/VISUAL.md
4111010053,中国政法大学,9,2,3,universities/北京市/4111010053/PROFILE.md,universities/北京市/4111010053/VISUAL.md
4111010054,华北电力大学,12,5,7,universities/北京市/4111010054/PROFILE.md,universities/北京市/4111010054/VISUAL.md
4111010858,北京科技职业大学,5,2,2,universities/北京市/4111010858/PROFILE.md,universities/北京市/4111010858/VISUAL.md
4111011149,中华女子学院,9,2,3,universities/北京市/4111011149/PROFILE.md,universities/北京市/4111011149/VISUAL.md
4111011232,北京信息科技大学,8,3,3,universities/北京市/4111011232/PROFILE.md,universities/北京市/4111011232/VISUAL.md
4111011413,中国矿业大学(北京),8,7,6,universities/北京市/4111011413/PROFILE.md,universities/北京市/4111011413/VISUAL.md
4111011414,中国石油大学(北京),9,8,7,universities/北京市/4111011414/PROFILE.md,universities/北京市/4111011414/VISUAL.md
4111011415,中国地质大学(北京),11,4,6,universities/北京市/4111011415/PROFILE.md,universities/北京市/4111011415/VISUAL.md
4111011417,北京联合大学,6,2,3,universities/北京市/4111011417/PROFILE.md,universities/北京市/4111011417/VISUAL.md
4111011418,北京城市学院,4,1,2,universities/北京市/4111011418/PROFILE.md,universities/北京市/4111011418/VISUAL.md
4111011625,中国青年政治学院,5,2,4,universities/北京市/4111011625/PROFILE.md,universities/北京市/4111011625/VISUAL.md
4111011831,首钢工学院,8,1,3,universities/北京市/4111011831/PROFILE.md,universities/北京市/4111011831/VISUAL.md
4111012453,中国劳动关系学院,7,1,3,universities/北京市/4111012453/PROFILE.md,universities/北京市/4111012453/VISUAL.md
4111013629,首都师范大学科德学院,7,2,2,universities/北京市/4111013629/PROFILE.md,universities/北京市/4111013629/VISUAL.md
4111013630,北京金融科技学院,7,2,2,universities/北京市/4111013630/PROFILE.md,universities/北京市/4111013630/VISUAL.md
4111013901,北京邮电大学世纪学院,5,2,2,universities/北京市/4111013901/PROFILE.md,universities/北京市/4111013901/VISUAL.md
4111013904,北京工业大学耿丹学院,6,1,2,universities/北京市/4111013904/PROFILE.md,universities/北京市/4111013904/VISUAL.md
4111014019,北京警察学院,7,2,6,universities/北京市/4111014019/PROFILE.md,universities/北京市/4111014019/VISUAL.md
4111014139,民政职业大学,4,1,2,universities/北京市/4111014139/PROFILE.md,universities/北京市/4111014139/VISUAL.md
4111014201,北京第二外国语学院中瑞酒店管理学院,5,2,2,universities/北京市/4111014201/PROFILE.md,universities/北京市/4111014201/VISUAL.md
4111014430,中国科学院大学,8,5,3,universities/北京市/4111014430/PROFILE.md,universities/北京市/4111014430/VISUAL.md
4111014596,中国社会科学院大学,6,1,2,universities/北京市/4111014596/PROFILE.md,universities/北京市/4111014596/VISUAL.md
4122010183,吉林大学,10,6,8,universities/吉林省/4122010183/PROFILE.md,universities/吉林省/4122010183/VISUAL.md
4122010184,延边大学,10,3,8,universities/吉林省/4122010184/PROFILE.md,universities/吉林省/4122010184/VISUAL.md
4122010186,长春理工大学,6,3,6,universities/吉林省/4122010186/PROFILE.md,universities/吉林省/4122010186/VISUAL.md
4122010188,东北电力大学,6,2,3,universities/吉林省/4122010188/PROFILE.md,universities/吉林省/4122010188/VISUAL.md
4122010190,长春工业大学,8,3,6,universities/吉林省/4122010190/PROFILE.md,universities/吉林省/4122010190/VISUAL.md
4122010191,吉林建筑大学,6,3,3,universities/吉林省/4122010191/PROFILE.md,universities/吉林省/4122010191/VISUAL.md
4122010192,吉林化工大学,6,0,1,universities/吉林省/4122010192/PROFILE.md,universities/吉林省/4122010192/VISUAL.md
4122010193,吉林农业大学,8,4,5,universities/吉林省/4122010193/PROFILE.md,universities/吉林省/4122010193/VISUAL.md
4122010199,长春中医药大学,5,1,3,universities/吉林省/4122010199/PROFILE.md,universities/吉林省/4122010199/VISUAL.md
4122010200,东北师范大学,9,6,10,universities/吉林省/4122010200/PROFILE.md,universities/吉林省/4122010200/VISUAL.md
4122010201,北华大学,6,4,7,universities/吉林省/4122010201/PROFILE.md,universities/吉林省/4122010201/VISUAL.md
4122010202,通化师范学院,5,2,3,universities/吉林省/4122010202/PROFILE.md,universities/吉林省/4122010202/VISUAL.md
4122010203,吉林师范大学,7,5,8,universities/吉林省/4122010203/PROFILE.md,universities/吉林省/4122010203/VISUAL.md
4122010204,吉林工程技术师范学院,6,3,3,universities/吉林省/4122010204/PROFILE.md,universities/吉林省/4122010204/VISUAL.md
4122010205,长春师范大学,5,2,3,universities/吉林省/4122010205/PROFILE.md,universities/吉林省/4122010205/VISUAL.md
4122010206,白城师范学院,5,2,3,universities/吉林省/4122010206/PROFILE.md,universities/吉林省/4122010206/VISUAL.md
4122010207,吉林财经大学,9,3,3,universities/吉林省/4122010207/PROFILE.md,universities/吉林省/4122010207/VISUAL.md
4122010208,吉林体育学院,7,1,3,universities/吉林省/4122010208/PROFILE.md,universities/吉林省/4122010208/VISUAL.md
4122010209,吉林艺术学院,6,1,1,universities/吉林省/4122010209/PROFILE.md,universities/吉林省/4122010209/VISUAL.md
4122010964,吉林外国语大学,5,2,2,universities/吉林省/4122010964/PROFILE.md,universities/吉林省/4122010964/VISUAL.md
4122011261,吉林工商学院,7,6,8,universities/吉林省/4122011261/PROFILE.md,universities/吉林省/4122011261/VISUAL.md
4122011436,长春汽车职业技术大学,5,1,0,universities/吉林省/4122011436/PROFILE.md,universities/吉林省/4122011436/VISUAL.md
4122011437,长春工程学院,9,4,5,universities/吉林省/4122011437/PROFILE.md,universities/吉林省/4122011437/VISUAL.md
4122011439,吉林农业科技学院,8,3,3,universities/吉林省/4122011439/PROFILE.md,universities/吉林省/4122011439/VISUAL.md
4122011441,吉林警察学院,5,2,3,universities/吉林省/4122011441/PROFILE.md,universities/吉林省/4122011441/VISUAL.md
4122011726,长春大学,5,3,4,universities/吉林省/4122011726/PROFILE.md,universities/吉林省/4122011726/VISUAL.md
4122013161,长春职业技术大学,6,2,2,universities/吉林省/4122013161/PROFILE.md,universities/吉林省/4122013161/VISUAL.md
4122013600,长春光华学院,4,1,2,universities/吉林省/4122013600/PROFILE.md,universities/吉林省/4122013600/VISUAL.md
4122013601,长春工业大学人文信息学院,5,1,1,universities/吉林省/4122013601/PROFILE.md,universities/吉林省/4122013601/VISUAL.md
4122013602,长春电子科技学院,4,1,2,universities/吉林省/4122013602/PROFILE.md,universities/吉林省/4122013602/VISUAL.md
4122013603,长春财经学院,5,4,2,universities/吉林省/4122013603/PROFILE.md,universities/吉林省/4122013603/VISUAL.md
4122013604,吉林建筑科技学院,5,1,2,universities/吉林省/4122013604/PROFILE.md,universities/吉林省/4122013604/VISUAL.md
4122013605,长春建筑学院,6,2,2,universities/吉林省/4122013605/PROFILE.md,universities/吉林省/4122013605/VISUAL.md
4122013606,长春科技学院,7,3,2,universities/吉林省/4122013606/PROFILE.md,universities/吉林省/4122013606/VISUAL.md
4122013607,吉林动画学院,7,2,4,universities/吉林省/4122013607/PROFILE.md,universities/吉林省/4122013607/VISUAL.md
4122013622,吉林师范大学博达学院,7,2,4,universities/吉林省/4122013622/PROFILE.md,universities/吉林省/4122013622/VISUAL.md
4122013623,长春大学旅游学院,7,2,2,universities/吉林省/4122013623/PROFILE.md,universities/吉林省/4122013623/VISUAL.md
4122013662,长春人文学院,4,1,2,universities/吉林省/4122013662/PROFILE.md,universities/吉林省/4122013662/VISUAL.md
4122013706,吉林医药学院,6,2,6,universities/吉林省/4122013706/PROFILE.md,universities/吉林省/4122013706/VISUAL.md
4122014052,吉林铁道职业技术大学,5,2,2,universities/吉林省/4122014052/PROFILE.md,universities/吉林省/4122014052/VISUAL.md
4111012802,吉利学院,6,2,2,universities/四川省/4111012802/PROFILE.md,universities/四川省/4111012802/VISUAL.md
4151010610,四川大学,12,7,13,universities/四川省/4151010610/PROFILE.md,universities/四川省/4151010610/VISUAL.md
4151010613,西南交通大学,11,6,11,universities/四川省/4151010613/PROFILE.md,universities/四川省/4151010613/VISUAL.md
4151010614,电子科技大学,9,5,9,universities/四川省/4151010614/PROFILE.md,universities/四川省/4151010614/VISUAL.md
4151010615,西南石油大学,9,2,4,universities/四川省/4151010615/PROFILE.md,universities/四川省/4151010615/VISUAL.md
4151010616,成都理工大学,9,5,5,universities/四川省/4151010616/PROFILE.md,universities/四川省/4151010616/VISUAL.md
4151010619,西南科技大学,5,2,3,universities/四川省/4151010619/PROFILE.md,universities/四川省/4151010619/VISUAL.md
4151010621,成都信息工程大学,6,3,7,universities/四川省/4151010621/PROFILE.md,universities/四川省/4151010621/VISUAL.md
4151010622,四川轻化工大学,8,8,5,universities/四川省/4151010622/PROFILE.md,universities/四川省/4151010622/VISUAL.md
4151010623,西华大学,5,2,3,universities/四川省/4151010623/PROFILE.md,universities/四川省/4151010623/VISUAL.md
4151010624,中国民用航空飞行学院,9,5,29,universities/四川省/4151010624/PROFILE.md,universities/四川省/4151010624/VISUAL.md
4151010626,四川农业大学,11,6,8,universities/四川省/4151010626/PROFILE.md,universities/四川省/4151010626/VISUAL.md
4151010628,西昌学院,6,2,3,universities/四川省/4151010628/PROFILE.md,universities/四川省/4151010628/VISUAL.md
4151010632,西南医科大学,11,2,6,universities/四川省/4151010632/PROFILE.md,universities/四川省/4151010632/VISUAL.md
4151010633,成都中医药大学,10,3,9,universities/四川省/4151010633/PROFILE.md,universities/四川省/4151010633/VISUAL.md
4151010634,川北医学院,5,1,3,universities/四川省/4151010634/PROFILE.md,universities/四川省/4151010634/VISUAL.md
4151010636,四川师范大学,6,3,3,universities/四川省/4151010636/PROFILE.md,universities/四川省/4151010636/VISUAL.md
4151010638,西华师范大学,6,4,6,universities/四川省/4151010638/PROFILE.md,universities/四川省/4151010638/VISUAL.md
4151010639,绵阳师范学院,7,3,4,universities/四川省/4151010639/PROFILE.md,universities/四川省/4151010639/VISUAL.md
4151010640,内江师范学院,6,3,3,universities/四川省/4151010640/PROFILE.md,universities/四川省/4151010640/VISUAL.md
4151010641,宜宾学院,5,2,3,universities/四川省/4151010641/PROFILE.md,universities/四川省/4151010641/VISUAL.md
4151010644,四川文理学院,8,3,6,universities/四川省/4151010644/PROFILE.md,universities/四川省/4151010644/VISUAL.md
4151010646,阿坝师范学院,5,3,3,universities/四川省/4151010646/PROFILE.md,universities/四川省/4151010646/VISUAL.md
4151010649,乐山师范学院,6,3,4,universities/四川省/4151010649/PROFILE.md,universities/四川省/4151010649/VISUAL.md
4151010651,西南财经大学,12,6,7,universities/四川省/4151010651/PROFILE.md,universities/四川省/4151010651/VISUAL.md
4151010653,成都体育学院,4,1,3,universities/四川省/4151010653/PROFILE.md,universities/四川省/4151010653/VISUAL.md
4151010654,四川音乐学院,6,1,1,universities/四川省/4151010654/PROFILE.md,universities/四川省/4151010654/VISUAL.md
4151010656,西南民族大学,8,5,12,universities/四川省/4151010656/PROFILE.md,universities/四川省/4151010656/VISUAL.md
4151011079,成都大学,8,3,3,universities/四川省/4151011079/PROFILE.md,universities/四川省/4151011079/VISUAL.md
4151011116,成都工业学院,5,3,6,universities/四川省/4151011116/PROFILE.md,universities/四川省/4151011116/VISUAL.md
4151011360,攀枝花学院,8,3,3,universities/四川省/4151011360/PROFILE.md,universities/四川省/4151011360/VISUAL.md
4151011552,四川旅游学院,7,4,6,universities/四川省/4151011552/PROFILE.md,universities/四川省/4151011552/VISUAL.md
4151011553,成都轻工职业技术大学,6,1,2,universities/四川省/4151011553/PROFILE.md,universities/四川省/4151011553/VISUAL.md
4151011661,四川民族学院,5,2,3,universities/四川省/4151011661/PROFILE.md,universities/四川省/4151011661/VISUAL.md
4151012064,成都航空职业技术大学,6,3,2,universities/四川省/4151012064/PROFILE.md,universities/四川省/4151012064/VISUAL.md
4151012212,四川警察学院,6,1,4,universities/四川省/4151012212/PROFILE.md,universities/四川省/4151012212/VISUAL.md
4151012636,成都东软学院,5,2,2,universities/四川省/4151012636/PROFILE.md,universities/四川省/4151012636/VISUAL.md
4151012761,四川交通职业技术大学,7,1,1,universities/四川省/4151012761/PROFILE.md,universities/四川省/4151012761/VISUAL.md
4151012763,四川工程职业技术大学,5,1,2,universities/四川省/4151012763/PROFILE.md,universities/四川省/4151012763/VISUAL.md
4151012764,四川建筑职业技术大学,5,1,0,universities/四川省/4151012764/PROFILE.md,universities/四川省/4151012764/VISUAL.md
4151012969,成都艺术职业大学,4,1,2,universities/四川省/4151012969/PROFILE.md,universities/四川省/4151012969/VISUAL.md
4151013665,电子科技大学成都学院,5,2,2,universities/四川省/4151013665/PROFILE.md,universities/四川省/4151013665/VISUAL.md
4151013668,成都理工大学工程技术学院,4,1,2,universities/四川省/4151013668/PROFILE.md,universities/四川省/4151013668/VISUAL.md
4151013669,四川传媒学院,6,2,2,universities/四川省/4151013669/PROFILE.md,universities/四川省/4151013669/VISUAL.md
4151013670,成都银杏酒店管理学院,5,1,2,universities/四川省/4151013670/PROFILE.md,universities/四川省/4151013670/VISUAL.md
4151013671,成都文理学院,7,1,2,universities/四川省/4151013671/PROFILE.md,universities/四川省/4151013671/VISUAL.md
4151013672,四川工商学院,6,2,4,universities/四川省/4151013672/PROFILE.md,universities/四川省/4151013672/VISUAL.md
4151013673,成都外国语学院,6,2,2,universities/四川省/4151013673/PROFILE.md,universities/四川省/4151013673/VISUAL.md
4151013705,成都医学院,5,1,3,universities/四川省/4151013705/PROFILE.md,universities/四川省/4151013705/VISUAL.md
4151013816,四川工业科技学院,6,1,2,universities/四川省/4151013816/PROFILE.md,universities/四川省/4151013816/VISUAL.md
4151013903,成都锦城学院,6,2,2,universities/四川省/4151013903/PROFILE.md,universities/四川省/4151013903/VISUAL.md
4151014037,西南财经大学天府学院,6,1,2,universities/四川省/4151014037/PROFILE.md,universities/四川省/4151014037/VISUAL.md
4151014039,四川大学锦江学院,5,1,2,universities/四川省/4151014039/PROFILE.md,universities/四川省/4151014039/VISUAL.md
4151014043,四川文化艺术学院,7,3,2,universities/四川省/4151014043/PROFILE.md,universities/四川省/4151014043/VISUAL.md
4151014045,绵阳城市学院,6,1,1,universities/四川省/4151014045/PROFILE.md,universities/四川省/4151014045/VISUAL.md
4151014262,西南交通大学希望学院,5,1,2,universities/四川省/4151014262/PROFILE.md,universities/四川省/4151014262/VISUAL.md
4151014389,成都师范学院,5,3,3,universities/四川省/4151014389/PROFILE.md,universities/四川省/4151014389/VISUAL.md
4151014410,四川电影电视学院,6,1,2,universities/四川省/4151014410/PROFILE.md,universities/四川省/4151014410/VISUAL.md
4151014984,广安理工学院,8,1,3,universities/四川省/4151014984/PROFILE.md,universities/四川省/4151014984/VISUAL.md
4151014985,成都美术学院,3,0,0,universities/四川省/4151014985/PROFILE.md,universities/四川省/4151014985/VISUAL.md
4112010055,南开大学,10,6,5,universities/天津市/4112010055/PROFILE.md,universities/天津市/4112010055/VISUAL.md
4112010056,天津大学,9,8,10,universities/天津市/4112010056/PROFILE.md,universities/天津市/4112010056/VISUAL.md
4112010057,天津科技大学,8,3,3,universities/天津市/4112010057/PROFILE.md,universities/天津市/4112010057/VISUAL.md
4112010058,天津工业大学,8,4,7,universities/天津市/4112010058/PROFILE.md,universities/天津市/4112010058/VISUAL.md
4112010059,中国民航大学,5,2,3,universities/天津市/4112010059/PROFILE.md,universities/天津市/4112010059/VISUAL.md
4112010060,天津理工大学,8,6,10,universities/天津市/4112010060/PROFILE.md,universities/天津市/4112010060/VISUAL.md
4112010061,天津农学院,7,3,6,universities/天津市/4112010061/PROFILE.md,universities/天津市/4112010061/VISUAL.md
4112010062,天津医科大学,8,3,7,universities/天津市/4112010062/PROFILE.md,universities/天津市/4112010062/VISUAL.md
4112010063,天津中医药大学,10,4,8,universities/天津市/4112010063/PROFILE.md,universities/天津市/4112010063/VISUAL.md
4112010065,天津师范大学,8,3,6,universities/天津市/4112010065/PROFILE.md,universities/天津市/4112010065/VISUAL.md
4112010066,天津职业技术师范大学,9,3,3,universities/天津市/4112010066/PROFILE.md,universities/天津市/4112010066/VISUAL.md
4112010068,天津外国语大学,7,2,3,universities/天津市/4112010068/PROFILE.md,universities/天津市/4112010068/VISUAL.md
4112010069,天津商业大学,8,4,7,universities/天津市/4112010069/PROFILE.md,universities/天津市/4112010069/VISUAL.md
4112010070,天津财经大学,8,1,3,universities/天津市/4112010070/PROFILE.md,universities/天津市/4112010070/VISUAL.md
4112010071,天津体育学院,6,2,3,universities/天津市/4112010071/PROFILE.md,universities/天津市/4112010071/VISUAL.md
4112010072,天津音乐学院,5,1,1,universities/天津市/4112010072/PROFILE.md,universities/天津市/4112010072/VISUAL.md
4112010073,天津美术学院,6,2,1,universities/天津市/4112010073/PROFILE.md,universities/天津市/4112010073/VISUAL.md
4112010792,天津城建大学,8,2,4,universities/天津市/4112010792/PROFILE.md,universities/天津市/4112010792/VISUAL.md
4112010859,天津天狮学院,5,1,2,universities/天津市/4112010859/PROFILE.md,universities/天津市/4112010859/VISUAL.md
4112011032,天津职业大学,4,1,2,universities/天津市/4112011032/PROFILE.md,universities/天津市/4112011032/VISUAL.md
4112012105,天津中德应用技术大学,6,1,4,universities/天津市/4112012105/PROFILE.md,universities/天津市/4112012105/VISUAL.md
4112012723,天津警察学院,3,0,0,universities/天津市/4112012723/PROFILE.md,universities/天津市/4112012723/VISUAL.md
4112013658,天津外国语大学滨海外事学院,5,1,2,universities/天津市/4112013658/PROFILE.md,universities/天津市/4112013658/VISUAL.md
4112013659,天津传媒学院,5,1,2,universities/天津市/4112013659/PROFILE.md,universities/天津市/4112013659/VISUAL.md
4112013660,天津商业大学宝德学院,5,1,2,universities/天津市/4112013660/PROFILE.md,universities/天津市/4112013660/VISUAL.md
4112013661,天津医科大学临床医学院,4,1,2,universities/天津市/4112013661/PROFILE.md,universities/天津市/4112013661/VISUAL.md
4112013663,南开大学滨海学院,4,1,2,universities/天津市/4112013663/PROFILE.md,universities/天津市/4112013663/VISUAL.md
4112013896,天津师范大学津沽学院,4,1,2,universities/天津市/4112013896/PROFILE.md,universities/天津市/4112013896/VISUAL.md
4112013897,天津理工大学中环信息学院,4,1,2,universities/天津市/4112013897/PROFILE.md,universities/天津市/4112013897/VISUAL.md
4112013898,北京科技大学天津学院,5,2,2,universities/天津市/4112013898/PROFILE.md,universities/天津市/4112013898/VISUAL.md
4112014038,天津仁爱学院,7,3,2,universities/天津市/4112014038/PROFILE.md,universities/天津市/4112014038/VISUAL.md
4112014087,天津财经大学珠江学院,5,1,2,universities/天津市/4112014087/PROFILE.md,universities/天津市/4112014087/VISUAL.md
4164010749,宁夏大学,9,6,7,universities/宁夏回族自治区/4164010749/PROFILE.md,universities/宁夏回族自治区/4164010749/VISUAL.md
4164010752,宁夏医科大学,7,2,3,universities/宁夏回族自治区/4164010752/PROFILE.md,universities/宁夏回族自治区/4164010752/VISUAL.md
4164010753,宁夏师范大学,6,2,3,universities/宁夏回族自治区/4164010753/PROFILE.md,universities/宁夏回族自治区/4164010753/VISUAL.md
4164011407,北方民族大学,6,1,3,universities/宁夏回族自治区/4164011407/PROFILE.md,universities/宁夏回族自治区/4164011407/VISUAL.md
4164012544,宁夏理工学院,4,1,2,universities/宁夏回族自治区/4164012544/PROFILE.md,universities/宁夏回族自治区/4164012544/VISUAL.md
4164013086,宁夏职业技术大学,7,2,1,universities/宁夏回族自治区/4164013086/PROFILE.md,universities/宁夏回族自治区/4164013086/VISUAL.md
4164013087,宁夏工商职业技术大学,7,2,4,universities/宁夏回族自治区/4164013087/PROFILE.md,universities/宁夏回族自治区/4164013087/VISUAL.md
4164013325,宁夏大学新华学院,5,1,2,universities/宁夏回族自治区/4164013325/PROFILE.md,universities/宁夏回族自治区/4164013325/VISUAL.md
4164013820,银川能源学院,6,1,2,universities/宁夏回族自治区/4164013820/PROFILE.md,universities/宁夏回族自治区/4164013820/VISUAL.md
4164014200,银川科技学院,7,1,2,universities/宁夏回族自治区/4164014200/PROFILE.md,universities/宁夏回族自治区/4164014200/VISUAL.md
4164014986,宁夏应用技术学院,4,1,2,universities/宁夏回族自治区/4164014986/PROFILE.md,universities/宁夏回族自治区/4164014986/VISUAL.md
4134010357,安徽大学,11,6,8,universities/安徽省/4134010357/PROFILE.md,universities/安徽省/4134010357/VISUAL.md
4134010358,中国科学技术大学,9,5,7,universities/安徽省/4134010358/PROFILE.md,universities/安徽省/4134010358/VISUAL.md
4134010359,合肥工业大学,11,6,8,universities/安徽省/4134010359/PROFILE.md,universities/安徽省/4134010359/VISUAL.md
4134010360,安徽工业大学,8,3,4,universities/安徽省/4134010360/PROFILE.md,universities/安徽省/4134010360/VISUAL.md
4134010361,安徽理工大学,8,3,3,universities/安徽省/4134010361/PROFILE.md,universities/安徽省/4134010361/VISUAL.md
4134010363,安徽工程大学,8,3,3,universities/安徽省/4134010363/PROFILE.md,universities/安徽省/4134010363/VISUAL.md
4134010364,安徽农业大学,6,3,6,universities/安徽省/4134010364/PROFILE.md,universities/安徽省/4134010364/VISUAL.md
4134010366,安徽医科大学,6,1,3,universities/安徽省/4134010366/PROFILE.md,universities/安徽省/4134010366/VISUAL.md
4134010367,蚌埠医科大学,7,2,5,universities/安徽省/4134010367/PROFILE.md,universities/安徽省/4134010367/VISUAL.md
4134010368,皖南医科大学,6,1,3,universities/安徽省/4134010368/PROFILE.md,universities/安徽省/4134010368/VISUAL.md
4134010369,安徽中医药大学,9,3,6,universities/安徽省/4134010369/PROFILE.md,universities/安徽省/4134010369/VISUAL.md
4134010370,安徽师范大学,8,3,10,universities/安徽省/4134010370/PROFILE.md,universities/安徽省/4134010370/VISUAL.md
4134010371,阜阳师范大学,6,3,3,universities/安徽省/4134010371/PROFILE.md,universities/安徽省/4134010371/VISUAL.md
4134010372,安庆师范大学,6,4,6,universities/安徽省/4134010372/PROFILE.md,universities/安徽省/4134010372/VISUAL.md
4134010373,淮北师范大学,7,3,11,universities/安徽省/4134010373/PROFILE.md,universities/安徽省/4134010373/VISUAL.md
4134010375,黄山学院,5,3,3,universities/安徽省/4134010375/PROFILE.md,universities/安徽省/4134010375/VISUAL.md
4134010376,皖西学院,8,3,4,universities/安徽省/4134010376/PROFILE.md,universities/安徽省/4134010376/VISUAL.md
4134010377,滁州学院,5,2,3,universities/安徽省/4134010377/PROFILE.md,universities/安徽省/4134010377/VISUAL.md
4134010378,安徽财经大学,7,4,7,universities/安徽省/4134010378/PROFILE.md,universities/安徽省/4134010378/VISUAL.md
4134010379,宿州学院,7,6,8,universities/安徽省/4134010379/PROFILE.md,universities/安徽省/4134010379/VISUAL.md
4134010380,巢湖学院,5,4,6,universities/安徽省/4134010380/PROFILE.md,universities/安徽省/4134010380/VISUAL.md
4134010381,淮南师范学院,6,3,3,universities/安徽省/4134010381/PROFILE.md,universities/安徽省/4134010381/VISUAL.md
4134010383,铜陵学院,5,1,4,universities/安徽省/4134010383/PROFILE.md,universities/安徽省/4134010383/VISUAL.md
4134010869,安徽职业技术大学,5,3,2,universities/安徽省/4134010869/PROFILE.md,universities/安徽省/4134010869/VISUAL.md
4134010878,安徽建筑大学,8,3,3,universities/安徽省/4134010878/PROFILE.md,universities/安徽省/4134010878/VISUAL.md
4134010879,安徽科技工程大学,8,1,3,universities/安徽省/4134010879/PROFILE.md,universities/安徽省/4134010879/VISUAL.md
4134010959,安徽三联学院,6,2,2,universities/安徽省/4134010959/PROFILE.md,universities/安徽省/4134010959/VISUAL.md
4134011059,合肥大学,7,2,2,universities/安徽省/4134011059/PROFILE.md,universities/安徽省/4134011059/VISUAL.md
4134011061,芜湖职业技术大学,5,2,2,universities/安徽省/4134011061/PROFILE.md,universities/安徽省/4134011061/VISUAL.md
4134011305,蚌埠学院,8,3,3,universities/安徽省/4134011305/PROFILE.md,universities/安徽省/4134011305/VISUAL.md
4134011306,池州学院,7,4,8,universities/安徽省/4134011306/PROFILE.md,universities/安徽省/4134011306/VISUAL.md
4134012072,安徽应用技术职业大学,5,2,2,universities/安徽省/4134012072/PROFILE.md,universities/安徽省/4134012072/VISUAL.md
4134012216,安徽新华学院,5,2,2,universities/安徽省/4134012216/PROFILE.md,universities/安徽省/4134012216/VISUAL.md
4134012810,安徽文达信息工程学院,7,1,2,universities/安徽省/4134012810/PROFILE.md,universities/安徽省/4134012810/VISUAL.md
4134012925,安徽第二医学院,8,3,2,universities/安徽省/4134012925/PROFILE.md,universities/安徽省/4134012925/VISUAL.md
4134012926,亳州学院,8,4,3,universities/安徽省/4134012926/PROFILE.md,universities/安徽省/4134012926/VISUAL.md
4134013065,安徽外国语学院,5,1,2,universities/安徽省/4134013065/PROFILE.md,universities/安徽省/4134013065/VISUAL.md
4134013611,蚌埠工商学院,6,2,2,universities/安徽省/4134013611/PROFILE.md,universities/安徽省/4134013611/VISUAL.md
4134013612,合肥理工学院,7,2,5,universities/安徽省/4134013612/PROFILE.md,universities/安徽省/4134013612/VISUAL.md
4134013613,安徽信息工程学院,5,1,2,universities/安徽省/4134013613/PROFILE.md,universities/安徽省/4134013613/VISUAL.md
4134013614,马鞍山学院,5,1,2,universities/安徽省/4134013614/PROFILE.md,universities/安徽省/4134013614/VISUAL.md
4134013615,合肥城市学院,7,2,2,universities/安徽省/4134013615/PROFILE.md,universities/安徽省/4134013615/VISUAL.md
4134013616,合肥经济学院,4,1,2,universities/安徽省/4134013616/PROFILE.md,universities/安徽省/4134013616/VISUAL.md
4134013617,芜湖学院,5,2,3,universities/安徽省/4134013617/PROFILE.md,universities/安徽省/4134013617/VISUAL.md
4134013618,安徽医科大学临床医学院,4,1,2,universities/安徽省/4134013618/PROFILE.md,universities/安徽省/4134013618/VISUAL.md
4134013619,阜阳理工学院,5,3,2,universities/安徽省/4134013619/PROFILE.md,universities/安徽省/4134013619/VISUAL.md
4134013620,淮北理工学院,6,2,4,universities/安徽省/4134013620/PROFILE.md,universities/安徽省/4134013620/VISUAL.md
4134014098,合肥师范学院,8,6,8,universities/安徽省/4134014098/PROFILE.md,universities/安徽省/4134014098/VISUAL.md
4134014203,皖江工学院,5,2,2,universities/安徽省/4134014203/PROFILE.md,universities/安徽省/4134014203/VISUAL.md
4134014682,安徽艺术学院,8,2,2,universities/安徽省/4134014682/PROFILE.md,universities/安徽省/4134014682/VISUAL.md
4134014840,安徽公安学院,3,0,0,universities/安徽省/4134014840/PROFILE.md,universities/安徽省/4134014840/VISUAL.md
4137010422,山东大学,8,6,5,universities/山东省/4137010422/PROFILE.md,universities/山东省/4137010422/VISUAL.md
4137010423,中国海洋大学,11,16,16,universities/山东省/4137010423/PROFILE.md,universities/山东省/4137010423/VISUAL.md
4137010424,山东科技大学,9,5,10,universities/山东省/4137010424/PROFILE.md,universities/山东省/4137010424/VISUAL.md
4137010425,中国石油大学(华东),11,7,9,universities/山东省/4137010425/PROFILE.md,universities/山东省/4137010425/VISUAL.md
4137010426,青岛科技大学,6,4,8,universities/山东省/4137010426/PROFILE.md,universities/山东省/4137010426/VISUAL.md
4137010427,济南大学,6,7,7,universities/山东省/4137010427/PROFILE.md,universities/山东省/4137010427/VISUAL.md
4137010429,青岛理工大学,6,2,3,universities/山东省/4137010429/PROFILE.md,universities/山东省/4137010429/VISUAL.md
4137010430,山东建筑大学,7,3,3,universities/山东省/4137010430/PROFILE.md,universities/山东省/4137010430/VISUAL.md
4137010431,齐鲁工业大学,6,3,3,universities/山东省/4137010431/PROFILE.md,universities/山东省/4137010431/VISUAL.md
4137010433,山东理工大学,9,16,9,universities/山东省/4137010433/PROFILE.md,universities/山东省/4137010433/VISUAL.md
4137010434,山东农业大学,8,3,4,universities/山东省/4137010434/PROFILE.md,universities/山东省/4137010434/VISUAL.md
4137010435,青岛农业大学,8,3,11,universities/山东省/4137010435/PROFILE.md,universities/山东省/4137010435/VISUAL.md
4137010438,山东第二医科大学,7,2,2,universities/山东省/4137010438/PROFILE.md,universities/山东省/4137010438/VISUAL.md
4137010439,山东第一医科大学,9,2,18,universities/山东省/4137010439/PROFILE.md,universities/山东省/4137010439/VISUAL.md
4137010440,山东医药大学,7,2,2,universities/山东省/4137010440/PROFILE.md,universities/山东省/4137010440/VISUAL.md
4137010441,山东中医药大学,8,3,9,universities/山东省/4137010441/PROFILE.md,universities/山东省/4137010441/VISUAL.md
4137010443,济宁医学院,6,3,4,universities/山东省/4137010443/PROFILE.md,universities/山东省/4137010443/VISUAL.md
4137010445,山东师范大学,8,4,7,universities/山东省/4137010445/PROFILE.md,universities/山东省/4137010445/VISUAL.md
4137010446,曲阜师范大学,9,5,13,universities/山东省/4137010446/PROFILE.md,universities/山东省/4137010446/VISUAL.md
4137010447,聊城大学,8,4,6,universities/山东省/4137010447/PROFILE.md,universities/山东省/4137010447/VISUAL.md
4137010448,德州学院,6,3,6,universities/山东省/4137010448/PROFILE.md,universities/山东省/4137010448/VISUAL.md
4137010449,山东航空学院,8,1,5,universities/山东省/4137010449/PROFILE.md,universities/山东省/4137010449/VISUAL.md
4137010451,鲁东大学,7,3,3,universities/山东省/4137010451/PROFILE.md,universities/山东省/4137010451/VISUAL.md
4137010452,临沂大学,6,4,6,universities/山东省/4137010452/PROFILE.md,universities/山东省/4137010452/VISUAL.md
4137010453,泰山学院,7,4,6,universities/山东省/4137010453/PROFILE.md,universities/山东省/4137010453/VISUAL.md
4137010454,济宁学院,7,3,3,universities/山东省/4137010454/PROFILE.md,universities/山东省/4137010454/VISUAL.md
4137010455,菏泽学院,8,3,4,universities/山东省/4137010455/PROFILE.md,universities/山东省/4137010455/VISUAL.md
4137010456,山东财经大学,8,2,5,universities/山东省/4137010456/PROFILE.md,universities/山东省/4137010456/VISUAL.md
4137010457,山东体育学院,5,2,6,universities/山东省/4137010457/PROFILE.md,universities/山东省/4137010457/VISUAL.md
4137010458,山东艺术学院,7,2,2,universities/山东省/4137010458/PROFILE.md,universities/山东省/4137010458/VISUAL.md
4137010825,齐鲁医药学院,7,1,2,universities/山东省/4137010825/PROFILE.md,universities/山东省/4137010825/VISUAL.md
4137010832,山东商业职业技术大学,5,3,2,universities/山东省/4137010832/PROFILE.md,universities/山东省/4137010832/VISUAL.md
4137010868,青岛滨海学院,5,1,2,universities/山东省/4137010868/PROFILE.md,universities/山东省/4137010868/VISUAL.md
4137010904,枣庄学院,7,3,6,universities/山东省/4137010904/PROFILE.md,universities/山东省/4137010904/VISUAL.md
4137010908,山东工艺美术学院,6,1,3,universities/山东省/4137010908/PROFILE.md,universities/山东省/4137010908/VISUAL.md
4137011065,青岛大学,8,5,6,universities/山东省/4137011065/PROFILE.md,universities/山东省/4137011065/VISUAL.md
4137011066,烟台大学,6,3,6,universities/山东省/4137011066/PROFILE.md,universities/山东省/4137011066/VISUAL.md
4137011067,潍坊学院,6,3,6,universities/山东省/4137011067/PROFILE.md,universities/山东省/4137011067/VISUAL.md
4137011324,山东警察学院,5,2,6,universities/山东省/4137011324/PROFILE.md,universities/山东省/4137011324/VISUAL.md
4137011510,山东交通学院,9,3,3,universities/山东省/4137011510/PROFILE.md,universities/山东省/4137011510/VISUAL.md
4137011688,山东工商学院,6,2,6,universities/山东省/4137011688/PROFILE.md,universities/山东省/4137011688/VISUAL.md
4137012062,日照职业技术大学,7,1,1,universities/山东省/4137012062/PROFILE.md,universities/山东省/4137012062/VISUAL.md
4137012331,山东女子学院,8,4,6,universities/山东省/4137012331/PROFILE.md,universities/山东省/4137012331/VISUAL.md
4137012332,烟台南山学院,5,2,2,universities/山东省/4137012332/PROFILE.md,universities/山东省/4137012332/VISUAL.md
4137012818,滨州职业技术大学,4,1,0,universities/山东省/4137012818/PROFILE.md,universities/山东省/4137012818/VISUAL.md
4137012819,山东科技职业大学,6,2,1,universities/山东省/4137012819/PROFILE.md,universities/山东省/4137012819/VISUAL.md
4137012843,潍坊科技学院,4,1,2,universities/山东省/4137012843/PROFILE.md,universities/山东省/4137012843/VISUAL.md
4137013006,山东英才学院,6,1,2,universities/山东省/4137013006/PROFILE.md,universities/山东省/4137013006/VISUAL.md
4137013009,淄博职业技术大学,5,2,2,universities/山东省/4137013009/PROFILE.md,universities/山东省/4137013009/VISUAL.md
4137013015,青岛恒星科技学院,4,1,2,universities/山东省/4137013015/PROFILE.md,universities/山东省/4137013015/VISUAL.md
4137013320,青岛黄海学院,8,3,7,universities/山东省/4137013320/PROFILE.md,universities/山东省/4137013320/VISUAL.md
4137013322,山东现代学院,7,2,2,universities/山东省/4137013322/PROFILE.md,universities/山东省/4137013322/VISUAL.md
4137013324,山东协和学院,6,1,2,universities/山东省/4137013324/PROFILE.md,universities/山东省/4137013324/VISUAL.md
4137013356,山东工程职业技术大学,5,1,2,universities/山东省/4137013356/PROFILE.md,universities/山东省/4137013356/VISUAL.md
4137013359,烟台理工学院,6,1,2,universities/山东省/4137013359/PROFILE.md,universities/山东省/4137013359/VISUAL.md
4137013373,聊城大学东昌学院,5,2,2,universities/山东省/4137013373/PROFILE.md,universities/山东省/4137013373/VISUAL.md
4137013378,青岛城市学院,4,1,2,universities/山东省/4137013378/PROFILE.md,universities/山东省/4137013378/VISUAL.md
4137013379,潍坊理工学院,6,1,2,universities/山东省/4137013379/PROFILE.md,universities/山东省/4137013379/VISUAL.md
4137013383,山东财经大学燕山学院,6,3,2,universities/山东省/4137013383/PROFILE.md,universities/山东省/4137013383/VISUAL.md
4137013386,山东石油化工学院,6,3,3,universities/山东省/4137013386/PROFILE.md,universities/山东省/4137013386/VISUAL.md
4137013387,山东外国语职业技术大学,5,3,6,universities/山东省/4137013387/PROFILE.md,universities/山东省/4137013387/VISUAL.md
4137013624,泰山科技学院,4,1,2,universities/山东省/4137013624/PROFILE.md,universities/山东省/4137013624/VISUAL.md
4137013857,山东华宇工学院,5,1,2,universities/山东省/4137013857/PROFILE.md,universities/山东省/4137013857/VISUAL.md
4137013874,山东外事职业大学,6,2,2,universities/山东省/4137013874/PROFILE.md,universities/山东省/4137013874/VISUAL.md
4137013995,青岛工学院,6,1,3,universities/山东省/4137013995/PROFILE.md,universities/山东省/4137013995/VISUAL.md
4137013997,青岛农业大学海都学院,4,1,2,universities/山东省/4137013997/PROFILE.md,universities/山东省/4137013997/VISUAL.md
4137013998,齐鲁理工学院,5,2,2,universities/山东省/4137013998/PROFILE.md,universities/山东省/4137013998/VISUAL.md
4137013999,山东财经大学东方学院,6,2,2,universities/山东省/4137013999/PROFILE.md,universities/山东省/4137013999/VISUAL.md
4137014002,烟台科技学院,5,2,2,universities/山东省/4137014002/PROFILE.md,universities/山东省/4137014002/VISUAL.md
4137014100,山东政法学院,6,1,3,universities/山东省/4137014100/PROFILE.md,universities/山东省/4137014100/VISUAL.md
4137014276,齐鲁师范学院,6,3,3,universities/山东省/4137014276/PROFILE.md,universities/山东省/4137014276/VISUAL.md
4137014277,山东青年政治学院,6,4,6,universities/山东省/4137014277/PROFILE.md,universities/山东省/4137014277/VISUAL.md
4137014327,青岛电影学院,5,1,2,universities/山东省/4137014327/PROFILE.md,universities/山东省/4137014327/VISUAL.md
4137014438,山东管理学院,7,3,3,universities/山东省/4137014438/PROFILE.md,universities/山东省/4137014438/VISUAL.md
4137014439,山东农业工程学院,8,4,8,universities/山东省/4137014439/PROFILE.md,universities/山东省/4137014439/VISUAL.md
4137014878,康复大学,5,1,2,universities/山东省/4137014878/PROFILE.md,universities/山东省/4137014878/VISUAL.md
4137014979,临沂工学院,4,0,0,universities/山东省/4137014979/PROFILE.md,universities/山东省/4137014979/VISUAL.md
4114010108,山西大学,9,6,12,universities/山西省/4114010108/PROFILE.md,universities/山西省/4114010108/VISUAL.md
4114010109,太原科技大学,9,5,6,universities/山西省/4114010109/PROFILE.md,universities/山西省/4114010109/VISUAL.md
4114010110,中北大学,7,3,3,universities/山西省/4114010110/PROFILE.md,universities/山西省/4114010110/VISUAL.md
4114010112,太原理工大学,9,6,7,universities/山西省/4114010112/PROFILE.md,universities/山西省/4114010112/VISUAL.md
4114010113,山西农业大学,5,4,3,universities/山西省/4114010113/PROFILE.md,universities/山西省/4114010113/VISUAL.md
4114010114,山西医科大学,6,1,3,universities/山西省/4114010114/PROFILE.md,universities/山西省/4114010114/VISUAL.md
4114010117,长治医学院,8,2,6,universities/山西省/4114010117/PROFILE.md,universities/山西省/4114010117/VISUAL.md
4114010118,山西师范大学,5,2,3,universities/山西省/4114010118/PROFILE.md,universities/山西省/4114010118/VISUAL.md
4114010119,太原师范学院,5,2,3,universities/山西省/4114010119/PROFILE.md,universities/山西省/4114010119/VISUAL.md
4114010120,山西大同大学,7,2,3,universities/山西省/4114010120/PROFILE.md,universities/山西省/4114010120/VISUAL.md
4114010121,晋中学院,5,3,6,universities/山西省/4114010121/PROFILE.md,universities/山西省/4114010121/VISUAL.md
4114010122,长治学院,8,3,3,universities/山西省/4114010122/PROFILE.md,universities/山西省/4114010122/VISUAL.md
4114010123,运城学院,5,2,3,universities/山西省/4114010123/PROFILE.md,universities/山西省/4114010123/VISUAL.md
4114010124,忻州师范学院,8,4,9,universities/山西省/4114010124/PROFILE.md,universities/山西省/4114010124/VISUAL.md
4114010125,山西财经大学,8,2,4,universities/山西省/4114010125/PROFILE.md,universities/山西省/4114010125/VISUAL.md
4114010809,山西中医药大学,7,2,6,universities/山西省/4114010809/PROFILE.md,universities/山西省/4114010809/VISUAL.md
4114010812,吕梁学院,6,2,2,universities/山西省/4114010812/PROFILE.md,universities/山西省/4114010812/VISUAL.md
4114011242,太原学院,8,4,3,universities/山西省/4114011242/PROFILE.md,universities/山西省/4114011242/VISUAL.md
4114012111,山西警察学院,4,1,3,universities/山西省/4114012111/PROFILE.md,universities/山西省/4114012111/VISUAL.md
4114012779,山西应用科技学院,6,2,4,universities/山西省/4114012779/PROFILE.md,universities/山西省/4114012779/VISUAL.md
4114013534,山西工学院,5,1,2,universities/山西省/4114013534/PROFILE.md,universities/山西省/4114013534/VISUAL.md
4114013535,晋中信息学院,7,1,1,universities/山西省/4114013535/PROFILE.md,universities/山西省/4114013535/VISUAL.md
4114013537,山西电子科技学院,6,2,1,universities/山西省/4114013537/PROFILE.md,universities/山西省/4114013537/VISUAL.md
4114013538,山西晋中理工学院,5,1,2,universities/山西省/4114013538/PROFILE.md,universities/山西省/4114013538/VISUAL.md
4114013597,山西科技学院,8,2,4,universities/山西省/4114013597/PROFILE.md,universities/山西省/4114013597/VISUAL.md
4114013598,晋中健康学院,5,1,2,universities/山西省/4114013598/PROFILE.md,universities/山西省/4114013598/VISUAL.md
4114013608,山西财经大学华商学院,3,0,0,universities/山西省/4114013608/PROFILE.md,universities/山西省/4114013608/VISUAL.md
4114013691,山西工商学院,6,2,2,universities/山西省/4114013691/PROFILE.md,universities/山西省/4114013691/VISUAL.md
4114013696,山西文化旅游职业大学,4,1,2,universities/山西省/4114013696/PROFILE.md,universities/山西省/4114013696/VISUAL.md
4114014101,太原工业学院,6,4,3,universities/山西省/4114014101/PROFILE.md,universities/山西省/4114014101/VISUAL.md
4114014226,运城职业技术大学,4,1,2,universities/山西省/4114014226/PROFILE.md,universities/山西省/4114014226/VISUAL.md
4114014434,山西传媒学院,7,1,3,universities/山西省/4114014434/PROFILE.md,universities/山西省/4114014434/VISUAL.md
4114014527,山西工程技术学院,5,2,3,universities/山西省/4114014527/PROFILE.md,universities/山西省/4114014527/VISUAL.md
4114014898,山西医药学院,5,1,3,universities/山西省/4114014898/PROFILE.md,universities/山西省/4114014898/VISUAL.md
4114016201,山西工程科技职业大学,4,1,3,universities/山西省/4114016201/PROFILE.md,universities/山西省/4114016201/VISUAL.md
4214051189,山西能源学院,6,3,3,universities/山西省/4214051189/PROFILE.md,universities/山西省/4214051189/VISUAL.md
4144010558,中山大学,10,7,8,universities/广东省/4144010558/PROFILE.md,universities/广东省/4144010558/VISUAL.md
4144010559,暨南大学,9,7,9,universities/广东省/4144010559/PROFILE.md,universities/广东省/4144010559/VISUAL.md
4144010560,汕头大学,6,3,3,universities/广东省/4144010560/PROFILE.md,universities/广东省/4144010560/VISUAL.md
4144010561,华南理工大学,10,8,11,universities/广东省/4144010561/PROFILE.md,universities/广东省/4144010561/VISUAL.md
4144010564,华南农业大学,12,7,11,universities/广东省/4144010564/PROFILE.md,universities/广东省/4144010564/VISUAL.md
4144010566,广东海洋大学,10,3,8,universities/广东省/4144010566/PROFILE.md,universities/广东省/4144010566/VISUAL.md
4144010570,广州医科大学,8,3,4,universities/广东省/4144010570/PROFILE.md,universities/广东省/4144010570/VISUAL.md
4144010571,广东医科大学,11,3,9,universities/广东省/4144010571/PROFILE.md,universities/广东省/4144010571/VISUAL.md
4144010572,广州中医药大学,11,7,9,universities/广东省/4144010572/PROFILE.md,universities/广东省/4144010572/VISUAL.md
4144010573,广东药科大学,9,1,4,universities/广东省/4144010573/PROFILE.md,universities/广东省/4144010573/VISUAL.md
4144010574,华南师范大学,12,9,18,universities/广东省/4144010574/PROFILE.md,universities/广东省/4144010574/VISUAL.md
4144010576,韶关学院,8,3,3,universities/广东省/4144010576/PROFILE.md,universities/广东省/4144010576/VISUAL.md
4144010577,惠州学院,8,3,3,universities/广东省/4144010577/PROFILE.md,universities/广东省/4144010577/VISUAL.md
4144010578,韩山师范学院,5,2,3,universities/广东省/4144010578/PROFILE.md,universities/广东省/4144010578/VISUAL.md
4144010579,岭南师范学院,8,2,4,universities/广东省/4144010579/PROFILE.md,universities/广东省/4144010579/VISUAL.md
4144010580,肇庆学院,8,5,8,universities/广东省/4144010580/PROFILE.md,universities/广东省/4144010580/VISUAL.md
4144010582,嘉应学院,5,2,3,universities/广东省/4144010582/PROFILE.md,universities/广东省/4144010582/VISUAL.md
4144010585,广州体育学院,6,2,6,universities/广东省/4144010585/PROFILE.md,universities/广东省/4144010585/VISUAL.md
4144010586,广州美术学院,8,2,1,universities/广东省/4144010586/PROFILE.md,universities/广东省/4144010586/VISUAL.md
4144010587,星海音乐学院,6,1,3,universities/广东省/4144010587/PROFILE.md,universities/广东省/4144010587/VISUAL.md
4144010588,广东技术师范大学,9,4,8,universities/广东省/4144010588/PROFILE.md,universities/广东省/4144010588/VISUAL.md
4144010590,深圳大学,7,7,9,universities/广东省/4144010590/PROFILE.md,universities/广东省/4144010590/VISUAL.md
4144010592,广东财经大学,7,3,4,universities/广东省/4144010592/PROFILE.md,universities/广东省/4144010592/VISUAL.md
4144010822,广东白云学院,6,2,2,universities/广东省/4144010822/PROFILE.md,universities/广东省/4144010822/VISUAL.md
4144010831,顺德职业技术大学,6,2,2,universities/广东省/4144010831/PROFILE.md,universities/广东省/4144010831/VISUAL.md
4144010833,广东轻工职业技术大学,6,1,2,universities/广东省/4144010833/PROFILE.md,universities/广东省/4144010833/VISUAL.md
4144011078,广州大学,8,3,7,universities/广东省/4144011078/PROFILE.md,universities/广东省/4144011078/VISUAL.md
4144011106,广州航海学院,7,4,8,universities/广东省/4144011106/PROFILE.md,universities/广东省/4144011106/VISUAL.md
4144011110,广东警官学院,5,1,3,universities/广东省/4144011110/PROFILE.md,universities/广东省/4144011110/VISUAL.md
4144011113,深圳职业技术大学,6,1,2,universities/广东省/4144011113/PROFILE.md,universities/广东省/4144011113/VISUAL.md
4144011347,仲恺农业工程学院,5,4,7,universities/广东省/4144011347/PROFILE.md,universities/广东省/4144011347/VISUAL.md
4144011349,五邑大学,8,3,3,universities/广东省/4144011349/PROFILE.md,universities/广东省/4144011349/VISUAL.md
4144011540,广东金融学院,6,2,5,universities/广东省/4144011540/PROFILE.md,universities/广东省/4144011540/VISUAL.md
4144011545,电子科技大学中山学院,6,1,2,universities/广东省/4144011545/PROFILE.md,universities/广东省/4144011545/VISUAL.md
4144011656,广东石油化工学院,7,3,3,universities/广东省/4144011656/PROFILE.md,universities/广东省/4144011656/VISUAL.md
4144011819,东莞理工学院,8,5,10,universities/广东省/4144011819/PROFILE.md,universities/广东省/4144011819/VISUAL.md
4144011845,广东工业大学,10,4,7,universities/广东省/4144011845/PROFILE.md,universities/广东省/4144011845/VISUAL.md
4144011846,广东外语外贸大学,9,3,8,universities/广东省/4144011846/PROFILE.md,universities/广东省/4144011846/VISUAL.md
4144011847,佛山大学,6,2,4,universities/广东省/4144011847/PROFILE.md,universities/广东省/4144011847/VISUAL.md
4144012046,广州职业技术大学,6,2,2,universities/广东省/4144012046/PROFILE.md,universities/广东省/4144012046/VISUAL.md
4144012059,广东培正学院,6,1,2,universities/广东省/4144012059/PROFILE.md,universities/广东省/4144012059/VISUAL.md
4144012121,南方医科大学,11,4,11,universities/广东省/4144012121/PROFILE.md,universities/广东省/4144012121/VISUAL.md
4144012574,广东东软学院,7,2,2,universities/广东省/4144012574/PROFILE.md,universities/广东省/4144012574/VISUAL.md
4144012617,广州城市理工学院,5,1,2,universities/广东省/4144012617/PROFILE.md,universities/广东省/4144012617/VISUAL.md
4144012618,广州软件学院,7,2,3,universities/广东省/4144012618/PROFILE.md,universities/广东省/4144012618/VISUAL.md
4144012619,广州南方学院,6,2,2,universities/广东省/4144012619/PROFILE.md,universities/广东省/4144012619/VISUAL.md
4144012620,广东外语外贸大学南国商学院,6,1,2,universities/广东省/4144012620/PROFILE.md,universities/广东省/4144012620/VISUAL.md
4144012621,广州华商学院,6,2,2,universities/广东省/4144012621/PROFILE.md,universities/广东省/4144012621/VISUAL.md
4144012622,湛江科技学院,6,2,2,universities/广东省/4144012622/PROFILE.md,universities/广东省/4144012622/VISUAL.md
4144012623,华南农业大学珠江学院,5,1,1,universities/广东省/4144012623/PROFILE.md,universities/广东省/4144012623/VISUAL.md
4144012668,广州理工学院,6,1,2,universities/广东省/4144012668/PROFILE.md,universities/广东省/4144012668/VISUAL.md
4144012957,深圳信息职业技术大学,5,1,2,universities/广东省/4144012957/PROFILE.md,universities/广东省/4144012957/VISUAL.md
4144013177,北京师范大学珠海分校,6,1,1,universities/广东省/4144013177/PROFILE.md,universities/广东省/4144013177/VISUAL.md
4144013656,广州华立学院,6,2,2,universities/广东省/4144013656/PROFILE.md,universities/广东省/4144013656/VISUAL.md
4144013657,广州应用科技学院,7,2,1,universities/广东省/4144013657/PROFILE.md,universities/广东省/4144013657/VISUAL.md
4144013667,广州商学院,8,2,5,universities/广东省/4144013667/PROFILE.md,universities/广东省/4144013667/VISUAL.md
4144013675,广东江门南粤学院,4,1,2,universities/广东省/4144013675/PROFILE.md,universities/广东省/4144013675/VISUAL.md
4144013684,珠海科技学院,6,1,2,universities/广东省/4144013684/PROFILE.md,universities/广东省/4144013684/VISUAL.md
4144013714,广州工商学院,7,2,2,universities/广东省/4144013714/PROFILE.md,universities/广东省/4144013714/VISUAL.md
4144013717,广州科技职业技术大学,5,2,2,universities/广东省/4144013717/PROFILE.md,universities/广东省/4144013717/VISUAL.md
4144013719,广东科技学院,7,1,2,universities/广东省/4144013719/PROFILE.md,universities/广东省/4144013719/VISUAL.md
4144013720,广东理工学院,6,1,2,universities/广东省/4144013720/PROFILE.md,universities/广东省/4144013720/VISUAL.md
4144013721,广东工商职业技术大学,7,2,4,universities/广东省/4144013721/PROFILE.md,universities/广东省/4144013721/VISUAL.md
4144013810,肇庆医学院,6,1,3,universities/广东省/4144013810/PROFILE.md,universities/广东省/4144013810/VISUAL.md
4144013844,东莞城市学院,7,2,2,universities/广东省/4144013844/PROFILE.md,universities/广东省/4144013844/VISUAL.md
4144013902,广州新华学院,5,1,1,universities/广东省/4144013902/PROFILE.md,universities/广东省/4144013902/VISUAL.md
4144014278,广东第二师范学院,7,3,3,universities/广东省/4144014278/PROFILE.md,universities/广东省/4144014278/VISUAL.md
4144014325,南方科技大学,10,8,10,universities/广东省/4144014325/PROFILE.md,universities/广东省/4144014325/VISUAL.md
4144014655,深圳技术大学,6,2,4,universities/广东省/4144014655/PROFILE.md,universities/广东省/4144014655/VISUAL.md
4144014851,香港城市大学(东莞),7,3,6,universities/广东省/4144014851/PROFILE.md,universities/广东省/4144014851/VISUAL.md
4144014880,深圳理工大学,6,3,4,universities/广东省/4144014880/PROFILE.md,universities/广东省/4144014880/VISUAL.md
4144014942,大湾区大学,5,2,2,universities/广东省/4144014942/PROFILE.md,universities/广东省/4144014942/VISUAL.md
4144016401,北师香港浸会大学,8,1,1,universities/广东省/4144016401/PROFILE.md,universities/广东省/4144016401/VISUAL.md
4144016407,香港中文大学(深圳),7,3,9,universities/广东省/4144016407/PROFILE.md,universities/广东省/4144016407/VISUAL.md
4144016409,深圳北理莫斯科大学,6,2,1,universities/广东省/4144016409/PROFILE.md,universities/广东省/4144016409/VISUAL.md
4144016410,广东以色列理工学院,5,2,5,universities/广东省/4144016410/PROFILE.md,universities/广东省/4144016410/VISUAL.md
4144016412,香港科技大学(广州),7,2,2,universities/广东省/4144016412/PROFILE.md,universities/广东省/4144016412/VISUAL.md
4145010593,广西大学,9,6,5,universities/广西壮族自治区/4145010593/PROFILE.md,universities/广西壮族自治区/4145010593/VISUAL.md
4145010594,广西科技大学,9,3,4,universities/广西壮族自治区/4145010594/PROFILE.md,universities/广西壮族自治区/4145010594/VISUAL.md
4145010595,桂林电子科技大学,10,7,14,universities/广西壮族自治区/4145010595/PROFILE.md,universities/广西壮族自治区/4145010595/VISUAL.md
4145010596,桂林理工大学,7,5,7,universities/广西壮族自治区/4145010596/PROFILE.md,universities/广西壮族自治区/4145010596/VISUAL.md
4145010598,广西医科大学,9,4,6,universities/广西壮族自治区/4145010598/PROFILE.md,universities/广西壮族自治区/4145010598/VISUAL.md
4145010599,右江民族医学院,5,1,3,universities/广西壮族自治区/4145010599/PROFILE.md,universities/广西壮族自治区/4145010599/VISUAL.md
4145010600,广西中医药大学,6,3,8,universities/广西壮族自治区/4145010600/PROFILE.md,universities/广西壮族自治区/4145010600/VISUAL.md
4145010601,桂林医科大学,7,1,3,universities/广西壮族自治区/4145010601/PROFILE.md,universities/广西壮族自治区/4145010601/VISUAL.md
4145010602,广西师范大学,7,6,10,universities/广西壮族自治区/4145010602/PROFILE.md,universities/广西壮族自治区/4145010602/VISUAL.md
4145010603,南宁师范大学,7,3,4,universities/广西壮族自治区/4145010603/PROFILE.md,universities/广西壮族自治区/4145010603/VISUAL.md
4145010604,广西民族师范学院,5,2,3,universities/广西壮族自治区/4145010604/PROFILE.md,universities/广西壮族自治区/4145010604/VISUAL.md
4145010605,河池学院,7,4,3,universities/广西壮族自治区/4145010605/PROFILE.md,universities/广西壮族自治区/4145010605/VISUAL.md
4145010606,玉林师范学院,8,3,6,universities/广西壮族自治区/4145010606/PROFILE.md,universities/广西壮族自治区/4145010606/VISUAL.md
4145010607,广西艺术学院,7,1,3,universities/广西壮族自治区/4145010607/PROFILE.md,universities/广西壮族自治区/4145010607/VISUAL.md
4145010608,广西民族大学,7,1,3,universities/广西壮族自治区/4145010608/PROFILE.md,universities/广西壮族自治区/4145010608/VISUAL.md
4145010609,百色学院,5,2,3,universities/广西壮族自治区/4145010609/PROFILE.md,universities/广西壮族自治区/4145010609/VISUAL.md
4145011354,梧州学院,6,3,3,universities/广西壮族自治区/4145011354/PROFILE.md,universities/广西壮族自治区/4145011354/VISUAL.md
4145011355,南宁职业技术大学,7,1,2,universities/广西壮族自治区/4145011355/PROFILE.md,universities/广西壮族自治区/4145011355/VISUAL.md
4145011546,广西科技师范学院,7,3,6,universities/广西壮族自治区/4145011546/PROFILE.md,universities/广西壮族自治区/4145011546/VISUAL.md
4145011548,广西财经学院,5,1,3,universities/广西壮族自治区/4145011548/PROFILE.md,universities/广西壮族自治区/4145011548/VISUAL.md
4145011549,南宁学院,5,1,2,universities/广西壮族自治区/4145011549/PROFILE.md,universities/广西壮族自治区/4145011549/VISUAL.md
4145011607,北部湾大学,7,3,6,universities/广西壮族自治区/4145011607/PROFILE.md,universities/广西壮族自治区/4145011607/VISUAL.md
4145011671,桂林师范学院,6,2,5,universities/广西壮族自治区/4145011671/PROFILE.md,universities/广西壮族自治区/4145011671/VISUAL.md
4145011773,广西职业技术大学,4,1,2,universities/广西壮族自治区/4145011773/PROFILE.md,universities/广西壮族自治区/4145011773/VISUAL.md
4145011825,桂林航天工业学院,7,3,3,universities/广西壮族自治区/4145011825/PROFILE.md,universities/广西壮族自治区/4145011825/VISUAL.md
4145011837,桂林旅游学院,7,3,7,universities/广西壮族自治区/4145011837/PROFILE.md,universities/广西壮族自治区/4145011837/VISUAL.md
4145011838,贺州学院,8,3,5,universities/广西壮族自治区/4145011838/PROFILE.md,universities/广西壮族自治区/4145011838/VISUAL.md
4145012104,柳州职业技术大学,5,2,2,universities/广西壮族自治区/4145012104/PROFILE.md,universities/广西壮族自治区/4145012104/VISUAL.md
4145013520,广西警察学院,7,2,6,universities/广西壮族自治区/4145013520/PROFILE.md,universities/广西壮族自治区/4145013520/VISUAL.md
4145013524,北海艺术设计学院,6,2,5,universities/广西壮族自治区/4145013524/PROFILE.md,universities/广西壮族自治区/4145013524/VISUAL.md
4145013639,柳州工学院,8,1,3,universities/广西壮族自治区/4145013639/PROFILE.md,universities/广西壮族自治区/4145013639/VISUAL.md
4145013640,广西民族大学相思湖学院,4,1,2,universities/广西壮族自治区/4145013640/PROFILE.md,universities/广西壮族自治区/4145013640/VISUAL.md
4145013641,桂林学院,6,1,3,universities/广西壮族自治区/4145013641/PROFILE.md,universities/广西壮族自治区/4145013641/VISUAL.md
4145013642,南宁师范大学师园学院,6,1,2,universities/广西壮族自治区/4145013642/PROFILE.md,universities/广西壮族自治区/4145013642/VISUAL.md
4145013643,广西中医药大学赛恩斯新医药学院,6,2,2,universities/广西壮族自治区/4145013643/PROFILE.md,universities/广西壮族自治区/4145013643/VISUAL.md
4145013644,桂林信息科技学院,6,3,2,universities/广西壮族自治区/4145013644/PROFILE.md,universities/广西壮族自治区/4145013644/VISUAL.md
4145013645,南宁理工学院,5,1,2,universities/广西壮族自治区/4145013645/PROFILE.md,universities/广西壮族自治区/4145013645/VISUAL.md
4145013830,广西外国语学院,6,1,2,universities/广西壮族自治区/4145013830/PROFILE.md,universities/广西壮族自治区/4145013830/VISUAL.md
4145013890,广西工业学院,3,0,0,universities/广西壮族自治区/4145013890/PROFILE.md,universities/广西壮族自治区/4145013890/VISUAL.md
4145013920,广西城市职业大学,7,1,1,universities/广西壮族自治区/4145013920/PROFILE.md,universities/广西壮族自治区/4145013920/VISUAL.md
4145014684,广西职业师范学院,6,1,3,universities/广西壮族自治区/4145014684/PROFILE.md,universities/广西壮族自治区/4145014684/VISUAL.md
4145016205,广西农业职业技术大学,5,1,2,universities/广西壮族自治区/4145016205/PROFILE.md,universities/广西壮族自治区/4145016205/VISUAL.md
4165010755,新疆大学,10,6,6,universities/新疆维吾尔自治区/4165010755/PROFILE.md,universities/新疆维吾尔自治区/4165010755/VISUAL.md
4165010757,塔里木大学,6,3,3,universities/新疆维吾尔自治区/4165010757/PROFILE.md,universities/新疆维吾尔自治区/4165010757/VISUAL.md
4165010758,新疆农业大学,6,3,6,universities/新疆维吾尔自治区/4165010758/PROFILE.md,universities/新疆维吾尔自治区/4165010758/VISUAL.md
4165010759,石河子大学,10,4,6,universities/新疆维吾尔自治区/4165010759/PROFILE.md,universities/新疆维吾尔自治区/4165010759/VISUAL.md
4165010760,新疆医科大学,8,2,3,universities/新疆维吾尔自治区/4165010760/PROFILE.md,universities/新疆维吾尔自治区/4165010760/VISUAL.md
4165010762,新疆师范大学,8,4,3,universities/新疆维吾尔自治区/4165010762/PROFILE.md,universities/新疆维吾尔自治区/4165010762/VISUAL.md
4165010763,喀什大学,5,2,3,universities/新疆维吾尔自治区/4165010763/PROFILE.md,universities/新疆维吾尔自治区/4165010763/VISUAL.md
4165010764,伊犁师范大学,6,3,3,universities/新疆维吾尔自治区/4165010764/PROFILE.md,universities/新疆维吾尔自治区/4165010764/VISUAL.md
4165010765,新疆和田学院,6,4,5,universities/新疆维吾尔自治区/4165010765/PROFILE.md,universities/新疆维吾尔自治区/4165010765/VISUAL.md
4165010766,新疆财经大学,8,2,3,universities/新疆维吾尔自治区/4165010766/PROFILE.md,universities/新疆维吾尔自治区/4165010766/VISUAL.md
4165010768,新疆艺术学院,7,2,3,universities/新疆维吾尔自治区/4165010768/PROFILE.md,universities/新疆维吾尔自治区/4165010768/VISUAL.md
4165010994,新疆工程学院,6,3,6,universities/新疆维吾尔自治区/4165010994/PROFILE.md,universities/新疆维吾尔自治区/4165010994/VISUAL.md
4165010995,新疆农业职业技术大学,6,2,4,universities/新疆维吾尔自治区/4165010995/PROFILE.md,universities/新疆维吾尔自治区/4165010995/VISUAL.md
4165010997,昌吉学院,6,3,6,universities/新疆维吾尔自治区/4165010997/PROFILE.md,universities/新疆维吾尔自治区/4165010997/VISUAL.md
4165011565,乌鲁木齐职业大学,6,1,2,universities/新疆维吾尔自治区/4165011565/PROFILE.md,universities/新疆维吾尔自治区/4165011565/VISUAL.md
4165012514,新疆工业职业技术大学,3,0,0,universities/新疆维吾尔自治区/4165012514/PROFILE.md,universities/新疆维吾尔自治区/4165012514/VISUAL.md
4165012734,新疆警察学院,4,1,3,universities/新疆维吾尔自治区/4165012734/PROFILE.md,universities/新疆维吾尔自治区/4165012734/VISUAL.md
4165013558,新疆理工学院,5,2,3,universities/新疆维吾尔自治区/4165013558/PROFILE.md,universities/新疆维吾尔自治区/4165013558/VISUAL.md
4165013559,新疆农业大学科学技术学院,4,1,2,universities/新疆维吾尔自治区/4165013559/PROFILE.md,universities/新疆维吾尔自治区/4165013559/VISUAL.md
4165013560,新疆第二医学院,7,20,6,universities/新疆维吾尔自治区/4165013560/PROFILE.md,universities/新疆维吾尔自治区/4165013560/VISUAL.md
4165013561,新疆科技学院,7,2,4,universities/新疆维吾尔自治区/4165013561/PROFILE.md,universities/新疆维吾尔自治区/4165013561/VISUAL.md
4165013628,新疆政法学院,5,2,3,universities/新疆维吾尔自治区/4165013628/PROFILE.md,universities/新疆维吾尔自治区/4165013628/VISUAL.md
4165013727,新疆天山职业技术大学,4,1,2,universities/新疆维吾尔自治区/4165013727/PROFILE.md,universities/新疆维吾尔自治区/4165013727/VISUAL.md
4165013926,新疆交通职业技术大学,7,2,2,universities/新疆维吾尔自治区/4165013926/PROFILE.md,universities/新疆维吾尔自治区/4165013926/VISUAL.md
4165013956,石河子职业技术大学,2,0,0,universities/新疆维吾尔自治区/4165013956/PROFILE.md,universities/新疆维吾尔自治区/4165013956/VISUAL.md
4165014489,新疆能源铁道职业技术大学,7,2,4,universities/新疆维吾尔自治区/4165014489/PROFILE.md,universities/新疆维吾尔自治区/4165014489/VISUAL.md
4165014523,新疆工程职业大学,3,0,0,universities/新疆维吾尔自治区/4165014523/PROFILE.md,universities/新疆维吾尔自治区/4165014523/VISUAL.md
4165014897,新疆工业学院,6,2,2,universities/新疆维吾尔自治区/4165014897/PROFILE.md,universities/新疆维吾尔自治区/4165014897/VISUAL.md
4165014946,塔里木理工学院,4,1,2,universities/新疆维吾尔自治区/4165014946/PROFILE.md,universities/新疆维吾尔自治区/4165014946/VISUAL.md
4165014947,新疆理工职业大学,4,1,2,universities/新疆维吾尔自治区/4165014947/PROFILE.md,universities/新疆维吾尔自治区/4165014947/VISUAL.md
4165014987,新疆昆仑科技学院,5,1,2,universities/新疆维吾尔自治区/4165014987/PROFILE.md,universities/新疆维吾尔自治区/4165014987/VISUAL.md
4132010284,南京大学,11,8,15,universities/江苏省/4132010284/PROFILE.md,universities/江苏省/4132010284/VISUAL.md
4132010285,苏州大学,10,3,4,universities/江苏省/4132010285/PROFILE.md,universities/江苏省/4132010285/VISUAL.md
4132010286,东南大学,11,9,20,universities/江苏省/4132010286/PROFILE.md,universities/江苏省/4132010286/VISUAL.md
4132010287,南京航空航天大学,11,5,16,universities/江苏省/4132010287/PROFILE.md,universities/江苏省/4132010287/VISUAL.md
4132010288,南京理工大学,10,6,9,universities/江苏省/4132010288/PROFILE.md,universities/江苏省/4132010288/VISUAL.md
4132010289,江苏科技大学,9,8,10,universities/江苏省/4132010289/PROFILE.md,universities/江苏省/4132010289/VISUAL.md
4132010290,中国矿业大学,9,6,8,universities/江苏省/4132010290/PROFILE.md,universities/江苏省/4132010290/VISUAL.md
4132010291,南京工业大学,8,4,7,universities/江苏省/4132010291/PROFILE.md,universities/江苏省/4132010291/VISUAL.md
4132010292,常州大学,8,3,12,universities/江苏省/4132010292/PROFILE.md,universities/江苏省/4132010292/VISUAL.md
4132010293,南京邮电大学,9,4,4,universities/江苏省/4132010293/PROFILE.md,universities/江苏省/4132010293/VISUAL.md
4132010294,河海大学,12,4,4,universities/江苏省/4132010294/PROFILE.md,universities/江苏省/4132010294/VISUAL.md
4132010295,江南大学,13,4,5,universities/江苏省/4132010295/PROFILE.md,universities/江苏省/4132010295/VISUAL.md
4132010298,南京林业大学,7,4,11,universities/江苏省/4132010298/PROFILE.md,universities/江苏省/4132010298/VISUAL.md
4132010299,江苏大学,9,10,6,universities/江苏省/4132010299/PROFILE.md,universities/江苏省/4132010299/VISUAL.md
4132010300,南京信息工程大学,10,6,5,universities/江苏省/4132010300/PROFILE.md,universities/江苏省/4132010300/VISUAL.md
4132010304,南通大学,6,3,5,universities/江苏省/4132010304/PROFILE.md,universities/江苏省/4132010304/VISUAL.md
4132010305,盐城工学院,7,2,3,universities/江苏省/4132010305/PROFILE.md,universities/江苏省/4132010305/VISUAL.md
4132010307,南京农业大学,11,4,9,universities/江苏省/4132010307/PROFILE.md,universities/江苏省/4132010307/VISUAL.md
4132010312,南京医科大学,7,3,9,universities/江苏省/4132010312/PROFILE.md,universities/江苏省/4132010312/VISUAL.md
4132010313,徐州医科大学,7,1,3,universities/江苏省/4132010313/PROFILE.md,universities/江苏省/4132010313/VISUAL.md
4132010315,南京中医药大学,9,6,5,universities/江苏省/4132010315/PROFILE.md,universities/江苏省/4132010315/VISUAL.md
4132010316,中国药科大学,9,3,4,universities/江苏省/4132010316/PROFILE.md,universities/江苏省/4132010316/VISUAL.md
4132010319,南京师范大学,10,6,5,universities/江苏省/4132010319/PROFILE.md,universities/江苏省/4132010319/VISUAL.md
4132010320,江苏师范大学,7,3,6,universities/江苏省/4132010320/PROFILE.md,universities/江苏省/4132010320/VISUAL.md
4132010323,淮阴师范学院,7,3,3,universities/江苏省/4132010323/PROFILE.md,universities/江苏省/4132010323/VISUAL.md
4132010324,盐城师范学院,6,3,3,universities/江苏省/4132010324/PROFILE.md,universities/江苏省/4132010324/VISUAL.md
4132010327,南京财经大学,6,2,6,universities/江苏省/4132010327/PROFILE.md,universities/江苏省/4132010327/VISUAL.md
4132010329,江苏警官学院,9,2,6,universities/江苏省/4132010329/PROFILE.md,universities/江苏省/4132010329/VISUAL.md
4132010330,南京体育学院,9,3,5,universities/江苏省/4132010330/PROFILE.md,universities/江苏省/4132010330/VISUAL.md
4132010331,南京艺术学院,5,1,3,universities/江苏省/4132010331/PROFILE.md,universities/江苏省/4132010331/VISUAL.md
4132010332,苏州科技大学,6,4,8,universities/江苏省/4132010332/PROFILE.md,universities/江苏省/4132010332/VISUAL.md
4132010333,苏州工学院,8,2,2,universities/江苏省/4132010333/PROFILE.md,universities/江苏省/4132010333/VISUAL.md
4132010848,无锡职业技术大学,5,1,1,universities/江苏省/4132010848/PROFILE.md,universities/江苏省/4132010848/VISUAL.md
4132010849,江苏建筑职业技术大学,5,1,2,universities/江苏省/4132010849/PROFILE.md,universities/江苏省/4132010849/VISUAL.md
4132010850,南京工业职业技术大学,7,2,3,universities/江苏省/4132010850/PROFILE.md,universities/江苏省/4132010850/VISUAL.md
4132011049,淮安大学,6,1,3,universities/江苏省/4132011049/PROFILE.md,universities/江苏省/4132011049/VISUAL.md
4132011054,苏州职业技术大学,5,1,2,universities/江苏省/4132011054/PROFILE.md,universities/江苏省/4132011054/VISUAL.md
4132011055,常州工学院,6,3,4,universities/江苏省/4132011055/PROFILE.md,universities/江苏省/4132011055/VISUAL.md
4132011117,扬州大学,7,3,4,universities/江苏省/4132011117/PROFILE.md,universities/江苏省/4132011117/VISUAL.md
4132011122,三江学院,6,2,2,universities/江苏省/4132011122/PROFILE.md,universities/江苏省/4132011122/VISUAL.md
4132011276,南京工程学院,7,3,3,universities/江苏省/4132011276/PROFILE.md,universities/江苏省/4132011276/VISUAL.md
4132011287,南京审计大学,6,2,3,universities/江苏省/4132011287/PROFILE.md,universities/江苏省/4132011287/VISUAL.md
4132011460,南京晓庄学院,9,12,3,universities/江苏省/4132011460/PROFILE.md,universities/江苏省/4132011460/VISUAL.md
4132011462,扬州职业技术大学,6,2,2,universities/江苏省/4132011462/PROFILE.md,universities/江苏省/4132011462/VISUAL.md
4132011463,江苏理工学院,6,3,6,universities/江苏省/4132011463/PROFILE.md,universities/江苏省/4132011463/VISUAL.md
4132011585,连云港师范学院,5,1,2,universities/江苏省/4132011585/PROFILE.md,universities/江苏省/4132011585/VISUAL.md
4132011641,江苏海洋大学,5,3,6,universities/江苏省/4132011641/PROFILE.md,universities/江苏省/4132011641/VISUAL.md
4132011998,徐州工程学院,7,3,3,universities/江苏省/4132011998/PROFILE.md,universities/江苏省/4132011998/VISUAL.md
4132012048,南京特殊教育师范学院,6,3,3,universities/江苏省/4132012048/PROFILE.md,universities/江苏省/4132012048/VISUAL.md
4132012056,南通理工学院,4,1,2,universities/江苏省/4132012056/PROFILE.md,universities/江苏省/4132012056/VISUAL.md
4132012213,南京警察学院,5,2,2,universities/江苏省/4132012213/PROFILE.md,universities/江苏省/4132012213/VISUAL.md
4132012317,常州信息职业技术大学,5,1,1,universities/江苏省/4132012317/PROFILE.md,universities/江苏省/4132012317/VISUAL.md
4132012689,东南大学成贤学院,6,1,2,universities/江苏省/4132012689/PROFILE.md,universities/江苏省/4132012689/VISUAL.md
4132012917,泰州学院,6,3,3,universities/江苏省/4132012917/PROFILE.md,universities/江苏省/4132012917/VISUAL.md
4132013571,无锡太湖学院,6,4,8,universities/江苏省/4132013571/PROFILE.md,universities/江苏省/4132013571/VISUAL.md
4132013573,金陵科技学院,8,3,3,universities/江苏省/4132013573/PROFILE.md,universities/江苏省/4132013573/VISUAL.md
4132013579,中国矿业大学徐海学院,5,1,1,universities/江苏省/4132013579/PROFILE.md,universities/江苏省/4132013579/VISUAL.md
4132013646,南京大学金陵学院,3,0,0,universities/江苏省/4132013646/PROFILE.md,universities/江苏省/4132013646/VISUAL.md
4132013654,南京理工大学紫金学院,6,1,2,universities/江苏省/4132013654/PROFILE.md,universities/江苏省/4132013654/VISUAL.md
4132013655,南京航空航天大学金城学院,7,1,1,universities/江苏省/4132013655/PROFILE.md,universities/江苏省/4132013655/VISUAL.md
4132013687,南京传媒学院,5,1,2,universities/江苏省/4132013687/PROFILE.md,universities/江苏省/4132013687/VISUAL.md
4132013842,南京理工大学泰州科技学院,7,1,2,universities/江苏省/4132013842/PROFILE.md,universities/江苏省/4132013842/VISUAL.md
4132013843,南京师范大学泰州学院,5,3,2,universities/江苏省/4132013843/PROFILE.md,universities/江苏省/4132013843/VISUAL.md
4132013905,南京工业大学浦江学院,4,0,0,universities/江苏省/4132013905/PROFILE.md,universities/江苏省/4132013905/VISUAL.md
4132013906,南京师范大学中北学院,4,1,2,universities/江苏省/4132013906/PROFILE.md,universities/江苏省/4132013906/VISUAL.md
4132013980,南京医科大学康达学院,5,1,2,universities/江苏省/4132013980/PROFILE.md,universities/江苏省/4132013980/VISUAL.md
4132013981,南京中医药大学翰林学院,3,0,0,universities/江苏省/4132013981/PROFILE.md,universities/江苏省/4132013981/VISUAL.md
4132013982,无锡学院,6,3,3,universities/江苏省/4132013982/PROFILE.md,universities/江苏省/4132013982/VISUAL.md
4132013983,苏州城市学院,6,3,3,universities/江苏省/4132013983/PROFILE.md,universities/江苏省/4132013983/VISUAL.md
4132013984,苏州大学应用技术学院,5,1,2,universities/江苏省/4132013984/PROFILE.md,universities/江苏省/4132013984/VISUAL.md
4132013985,苏州科技大学天平学院,5,2,1,universities/江苏省/4132013985/PROFILE.md,universities/江苏省/4132013985/VISUAL.md
4132013986,江苏大学京江学院,6,2,3,universities/江苏省/4132013986/PROFILE.md,universities/江苏省/4132013986/VISUAL.md
4132013987,扬州大学广陵学院,4,1,2,universities/江苏省/4132013987/PROFILE.md,universities/江苏省/4132013987/VISUAL.md
4132013988,江苏师范大学科文学院,4,1,2,universities/江苏省/4132013988/PROFILE.md,universities/江苏省/4132013988/VISUAL.md
4132013989,南京邮电大学通达学院,6,1,2,universities/江苏省/4132013989/PROFILE.md,universities/江苏省/4132013989/VISUAL.md
4132013990,南京财经大学红山学院,4,1,0,universities/江苏省/4132013990/PROFILE.md,universities/江苏省/4132013990/VISUAL.md
4132013991,江苏科技大学苏州理工学院,4,0,0,universities/江苏省/4132013991/PROFILE.md,universities/江苏省/4132013991/VISUAL.md
4132013992,常州大学怀德学院,5,2,2,universities/江苏省/4132013992/PROFILE.md,universities/江苏省/4132013992/VISUAL.md
4132013993,南通大学杏林学院,4,1,2,universities/江苏省/4132013993/PROFILE.md,universities/江苏省/4132013993/VISUAL.md
4132013994,南京审计大学金审学院,5,3,2,universities/江苏省/4132013994/PROFILE.md,universities/江苏省/4132013994/VISUAL.md
4132014160,宿迁学院,6,2,3,universities/江苏省/4132014160/PROFILE.md,universities/江苏省/4132014160/VISUAL.md
4132014436,江苏第二师范学院,7,4,5,universities/江苏省/4132014436/PROFILE.md,universities/江苏省/4132014436/VISUAL.md
4132016403,西交利物浦大学,7,2,6,universities/江苏省/4132016403/PROFILE.md,universities/江苏省/4132016403/VISUAL.md
4132016406,昆山杜克大学,4,1,2,universities/江苏省/4132016406/PROFILE.md,universities/江苏省/4132016406/VISUAL.md
4136010403,南昌大学,12,19,11,universities/江西省/4136010403/PROFILE.md,universities/江西省/4136010403/VISUAL.md
4136010404,华东交通大学,6,3,5,universities/江西省/4136010404/PROFILE.md,universities/江西省/4136010404/VISUAL.md
4136010405,东华理工大学,5,3,3,universities/江西省/4136010405/PROFILE.md,universities/江西省/4136010405/VISUAL.md
4136010406,南昌航空大学,9,4,5,universities/江西省/4136010406/PROFILE.md,universities/江西省/4136010406/VISUAL.md
4136010407,江西理工大学,8,5,10,universities/江西省/4136010407/PROFILE.md,universities/江西省/4136010407/VISUAL.md
4136010408,景德镇陶瓷大学,5,2,3,universities/江西省/4136010408/PROFILE.md,universities/江西省/4136010408/VISUAL.md
4136010410,江西农业大学,7,4,3,universities/江西省/4136010410/PROFILE.md,universities/江西省/4136010410/VISUAL.md
4136010412,江西中医药大学,9,3,7,universities/江西省/4136010412/PROFILE.md,universities/江西省/4136010412/VISUAL.md
4136010413,赣南医科大学,7,4,4,universities/江西省/4136010413/PROFILE.md,universities/江西省/4136010413/VISUAL.md
4136010414,江西师范大学,7,5,4,universities/江西省/4136010414/PROFILE.md,universities/江西省/4136010414/VISUAL.md
4136010416,上饶师范学院,6,3,5,universities/江西省/4136010416/PROFILE.md,universities/江西省/4136010416/VISUAL.md
4136010417,宜春学院,7,3,3,universities/江西省/4136010417/PROFILE.md,universities/江西省/4136010417/VISUAL.md
4136010418,赣南师范大学,8,4,6,universities/江西省/4136010418/PROFILE.md,universities/江西省/4136010418/VISUAL.md
4136010419,井冈山大学,7,4,8,universities/江西省/4136010419/PROFILE.md,universities/江西省/4136010419/VISUAL.md
4136010421,江西财经大学,9,3,4,universities/江西省/4136010421/PROFILE.md,universities/江西省/4136010421/VISUAL.md
4136010846,江西科技学院,7,2,1,universities/江西省/4136010846/PROFILE.md,universities/江西省/4136010846/VISUAL.md
4136010894,景德镇学院,5,3,6,universities/江西省/4136010894/PROFILE.md,universities/江西省/4136010894/VISUAL.md
4136010895,萍乡学院,8,4,8,universities/江西省/4136010895/PROFILE.md,universities/江西省/4136010895/VISUAL.md
4136011318,江西科技师范大学,6,3,3,universities/江西省/4136011318/PROFILE.md,universities/江西省/4136011318/VISUAL.md
4136011319,江西水利电力大学,5,1,2,universities/江西省/4136011319/PROFILE.md,universities/江西省/4136011319/VISUAL.md
4136011504,江西警察学院,4,1,3,universities/江西省/4136011504/PROFILE.md,universities/江西省/4136011504/VISUAL.md
4136011508,新余学院,9,12,3,universities/江西省/4136011508/PROFILE.md,universities/江西省/4136011508/VISUAL.md
4136011785,江西职业技术大学,7,1,2,universities/江西省/4136011785/PROFILE.md,universities/江西省/4136011785/VISUAL.md
4136011843,九江学院,8,4,8,universities/江西省/4136011843/PROFILE.md,universities/江西省/4136011843/VISUAL.md
4136012766,江西工程学院,7,2,2,universities/江西省/4136012766/PROFILE.md,universities/江西省/4136012766/VISUAL.md
4136012795,南昌理工学院,7,1,2,universities/江西省/4136012795/PROFILE.md,universities/江西省/4136012795/VISUAL.md
4136012938,江西应用科技学院,4,1,2,universities/江西省/4136012938/PROFILE.md,universities/江西省/4136012938/VISUAL.md
4136013418,江西服装学院,6,2,2,universities/江西省/4136013418/PROFILE.md,universities/江西省/4136013418/VISUAL.md
4136013420,南昌职业大学,7,1,2,universities/江西省/4136013420/PROFILE.md,universities/江西省/4136013420/VISUAL.md
4136013421,南昌工学院,5,1,2,universities/江西省/4136013421/PROFILE.md,universities/江西省/4136013421/VISUAL.md
4136013422,江西外语外贸职业大学,4,0,0,universities/江西省/4136013422/PROFILE.md,universities/江西省/4136013422/VISUAL.md
4136013429,南昌大学科学技术学院,5,2,2,universities/江西省/4136013429/PROFILE.md,universities/江西省/4136013429/VISUAL.md
4136013430,南昌大学共青学院,5,1,2,universities/江西省/4136013430/PROFILE.md,universities/江西省/4136013430/VISUAL.md
4136013431,南昌交通学院,4,1,2,universities/江西省/4136013431/PROFILE.md,universities/江西省/4136013431/VISUAL.md
4136013432,赣东学院,8,3,8,universities/江西省/4136013432/PROFILE.md,universities/江西省/4136013432/VISUAL.md
4136013433,南昌航空大学科技学院,4,1,2,universities/江西省/4136013433/PROFILE.md,universities/江西省/4136013433/VISUAL.md
4136013434,赣南科技学院,7,3,8,universities/江西省/4136013434/PROFILE.md,universities/江西省/4136013434/VISUAL.md
4136013435,景德镇艺术职业大学,5,2,2,universities/江西省/4136013435/PROFILE.md,universities/江西省/4136013435/VISUAL.md
4136013436,江西农业大学南昌商学院,6,2,2,universities/江西省/4136013436/PROFILE.md,universities/江西省/4136013436/VISUAL.md
4136013437,南昌医学院,8,3,3,universities/江西省/4136013437/PROFILE.md,universities/江西省/4136013437/VISUAL.md
4136013438,江西师范大学科学技术学院,5,1,1,universities/江西省/4136013438/PROFILE.md,universities/江西省/4136013438/VISUAL.md
4136013439,赣南师范大学科技学院,7,1,2,universities/江西省/4136013439/PROFILE.md,universities/江西省/4136013439/VISUAL.md
4136013440,南昌应用技术师范学院,6,1,2,universities/江西省/4136013440/PROFILE.md,universities/江西省/4136013440/VISUAL.md
4136013441,江西财经大学现代经济管理学院,5,1,2,universities/江西省/4136013441/PROFILE.md,universities/江西省/4136013441/VISUAL.md
4136013774,豫章师范学院,4,2,3,universities/江西省/4136013774/PROFILE.md,universities/江西省/4136013774/VISUAL.md
4136013775,抚州医药学院,4,1,2,universities/江西省/4136013775/PROFILE.md,universities/江西省/4136013775/VISUAL.md
4136013776,江西软件职业技术大学,4,1,2,universities/江西省/4136013776/PROFILE.md,universities/江西省/4136013776/VISUAL.md
4136014168,南昌科技职业大学,4,1,2,universities/江西省/4136014168/PROFILE.md,universities/江西省/4136014168/VISUAL.md
4136014403,九江科技职业大学,6,1,2,universities/江西省/4136014403/PROFILE.md,universities/江西省/4136014403/VISUAL.md
4136014437,南昌师范学院,5,2,3,universities/江西省/4136014437/PROFILE.md,universities/江西省/4136014437/VISUAL.md
4136014839,江西飞行学院,6,1,1,universities/江西省/4136014839/PROFILE.md,universities/江西省/4136014839/VISUAL.md
4113010075,河北大学,8,3,3,universities/河北省/4113010075/PROFILE.md,universities/河北省/4113010075/VISUAL.md
4113010076,河北工程大学,8,3,6,universities/河北省/4113010076/PROFILE.md,universities/河北省/4113010076/VISUAL.md
4113010077,河北地质大学,7,2,3,universities/河北省/4113010077/PROFILE.md,universities/河北省/4113010077/VISUAL.md
4113010080,河北工业大学,10,3,4,universities/河北省/4113010080/PROFILE.md,universities/河北省/4113010080/VISUAL.md
4113010081,华北理工大学,11,5,9,universities/河北省/4113010081/PROFILE.md,universities/河北省/4113010081/VISUAL.md
4113010082,河北科技大学,7,4,9,universities/河北省/4113010082/PROFILE.md,universities/河北省/4113010082/VISUAL.md
4113010084,河北建筑工程学院,5,3,3,universities/河北省/4113010084/PROFILE.md,universities/河北省/4113010084/VISUAL.md
4113010085,河北水利电力学院,6,3,8,universities/河北省/4113010085/PROFILE.md,universities/河北省/4113010085/VISUAL.md
4113010086,河北农业大学,7,4,5,universities/河北省/4113010086/PROFILE.md,universities/河北省/4113010086/VISUAL.md
4113010089,河北医科大学,10,3,8,universities/河北省/4113010089/PROFILE.md,universities/河北省/4113010089/VISUAL.md
4113010092,河北北方学院,5,1,4,universities/河北省/4113010092/PROFILE.md,universities/河北省/4113010092/VISUAL.md
4113010093,承德医学院,6,1,3,universities/河北省/4113010093/PROFILE.md,universities/河北省/4113010093/VISUAL.md
4113010094,河北师范大学,7,3,3,universities/河北省/4113010094/PROFILE.md,universities/河北省/4113010094/VISUAL.md
4113010096,保定学院,6,3,3,universities/河北省/4113010096/PROFILE.md,universities/河北省/4113010096/VISUAL.md
4113010098,河北民族师范学院,6,3,6,universities/河北省/4113010098/PROFILE.md,universities/河北省/4113010098/VISUAL.md
4113010099,唐山师范学院,6,3,2,universities/河北省/4113010099/PROFILE.md,universities/河北省/4113010099/VISUAL.md
4113010100,廊坊师范学院,7,3,5,universities/河北省/4113010100/PROFILE.md,universities/河北省/4113010100/VISUAL.md
4113010101,衡水学院,5,2,3,universities/河北省/4113010101/PROFILE.md,universities/河北省/4113010101/VISUAL.md
4113010102,石家庄学院,7,2,3,universities/河北省/4113010102/PROFILE.md,universities/河北省/4113010102/VISUAL.md
4113010103,邯郸学院,5,2,3,universities/河北省/4113010103/PROFILE.md,universities/河北省/4113010103/VISUAL.md
4113010104,邢台学院,8,2,3,universities/河北省/4113010104/PROFILE.md,universities/河北省/4113010104/VISUAL.md
4113010105,沧州师范学院,6,3,6,universities/河北省/4113010105/PROFILE.md,universities/河北省/4113010105/VISUAL.md
4113010107,石家庄铁道大学,7,5,6,universities/河北省/4113010107/PROFILE.md,universities/河北省/4113010107/VISUAL.md
4113010216,燕山大学,10,5,7,universities/河北省/4113010216/PROFILE.md,universities/河北省/4113010216/VISUAL.md
4113010798,河北科技师范学院,7,3,3,universities/河北省/4113010798/PROFILE.md,universities/河北省/4113010798/VISUAL.md
4113011033,唐山学院,5,2,3,universities/河北省/4113011033/PROFILE.md,universities/河北省/4113011033/VISUAL.md
4113011104,应急管理大学,5,1,3,universities/河北省/4113011104/PROFILE.md,universities/河北省/4113011104/VISUAL.md
4113011105,中国人民警察大学,5,2,6,universities/河北省/4113011105/PROFILE.md,universities/河北省/4113011105/VISUAL.md
4113011236,河北体育学院,6,2,6,universities/河北省/4113011236/PROFILE.md,universities/河北省/4113011236/VISUAL.md
4113011420,河北金融学院,5,2,3,universities/河北省/4113011420/PROFILE.md,universities/河北省/4113011420/VISUAL.md
4113011629,北华航天工业学院,6,3,6,universities/河北省/4113011629/PROFILE.md,universities/河北省/4113011629/VISUAL.md
4113011832,河北经贸大学,7,2,3,universities/河北省/4113011832/PROFILE.md,universities/河北省/4113011832/VISUAL.md
4113011903,中央司法警官学院,6,3,5,universities/河北省/4113011903/PROFILE.md,universities/河北省/4113011903/VISUAL.md
4113012784,河北传媒学院,6,1,1,universities/河北省/4113012784/PROFILE.md,universities/河北省/4113012784/VISUAL.md
4113012787,唐山工业职业技术大学,5,1,2,universities/河北省/4113012787/PROFILE.md,universities/河北省/4113012787/VISUAL.md
4113012796,河北工程技术学院,5,2,2,universities/河北省/4113012796/PROFILE.md,universities/河北省/4113012796/VISUAL.md
4113012884,邢台医学院,8,1,3,universities/河北省/4113012884/PROFILE.md,universities/河北省/4113012884/VISUAL.md
4113013075,河北美术学院,5,1,3,universities/河北省/4113013075/PROFILE.md,universities/河北省/4113013075/VISUAL.md
4113013391,河北科技学院,5,1,2,universities/河北省/4113013391/PROFILE.md,universities/河北省/4113013391/VISUAL.md
4113013402,河北外国语学院,6,1,2,universities/河北省/4113013402/PROFILE.md,universities/河北省/4113013402/VISUAL.md
4113013404,河北大学工商学院,3,0,0,universities/河北省/4113013404/PROFILE.md,universities/河北省/4113013404/VISUAL.md
4113013408,华北理工大学轻工学院,5,2,4,universities/河北省/4113013408/PROFILE.md,universities/河北省/4113013408/VISUAL.md
4113013411,河北师范大学汇华学院,5,1,2,universities/河北省/4113013411/PROFILE.md,universities/河北省/4113013411/VISUAL.md
4113013414,河北经贸大学经济管理学院,6,1,2,universities/河北省/4113013414/PROFILE.md,universities/河北省/4113013414/VISUAL.md
4113013415,河北医科大学临床学院,3,0,0,universities/河北省/4113013415/PROFILE.md,universities/河北省/4113013415/VISUAL.md
4113013578,河北工程大学科信学院,5,2,2,universities/河北省/4113013578/PROFILE.md,universities/河北省/4113013578/VISUAL.md
4113013592,燕山大学里仁学院,3,0,0,universities/河北省/4113013592/PROFILE.md,universities/河北省/4113013592/VISUAL.md
4113013593,石家庄铁道大学四方学院,6,1,2,universities/河北省/4113013593/PROFILE.md,universities/河北省/4113013593/VISUAL.md
4113013594,河北地质大学华信学院,4,1,2,universities/河北省/4113013594/PROFILE.md,universities/河北省/4113013594/VISUAL.md
4113013595,河北农业大学现代科技学院,5,1,2,universities/河北省/4113013595/PROFILE.md,universities/河北省/4113013595/VISUAL.md
4113013596,华北理工大学冀唐学院,5,1,2,universities/河北省/4113013596/PROFILE.md,universities/河北省/4113013596/VISUAL.md
4113013891,保定理工学院,6,2,2,universities/河北省/4113013891/PROFILE.md,universities/河北省/4113013891/VISUAL.md
4113013895,燕京理工学院,9,1,2,universities/河北省/4113013895/PROFILE.md,universities/河北省/4113013895/VISUAL.md
4113013899,北京中医药大学东方学院,5,1,2,universities/河北省/4113013899/PROFILE.md,universities/河北省/4113013899/VISUAL.md
4113014202,沧州交通学院,6,2,2,universities/河北省/4113014202/PROFILE.md,universities/河北省/4113014202/VISUAL.md
4113014225,河北东方学院,5,1,2,universities/河北省/4113014225/PROFILE.md,universities/河北省/4113014225/VISUAL.md
4113014432,河北中医药大学,6,1,2,universities/河北省/4113014432/PROFILE.md,universities/河北省/4113014432/VISUAL.md
4113014458,张家口学院,7,5,5,universities/河北省/4113014458/PROFILE.md,universities/河北省/4113014458/VISUAL.md
4113016202,河北石油职业技术大学,4,2,3,universities/河北省/4113016202/PROFILE.md,universities/河北省/4113016202/VISUAL.md
4113016203,河北科技工程职业技术大学,5,3,3,universities/河北省/4113016203/PROFILE.md,universities/河北省/4113016203/VISUAL.md
4113016204,河北工业职业技术大学,6,3,5,universities/河北省/4113016204/PROFILE.md,universities/河北省/4113016204/VISUAL.md
4213051721,河北环境工程学院,6,3,6,universities/河北省/4213051721/PROFILE.md,universities/河北省/4213051721/VISUAL.md
4141010078,华北水利水电大学,6,3,6,universities/河南省/4141010078/PROFILE.md,universities/河南省/4141010078/VISUAL.md
4141010459,郑州大学,11,9,21,universities/河南省/4141010459/PROFILE.md,universities/河南省/4141010459/VISUAL.md
4141010460,河南理工大学,9,3,6,universities/河南省/4141010460/PROFILE.md,universities/河南省/4141010460/VISUAL.md
4141010462,郑州轻工业大学,8,4,3,universities/河南省/4141010462/PROFILE.md,universities/河南省/4141010462/VISUAL.md
4141010463,河南工业大学,7,4,7,universities/河南省/4141010463/PROFILE.md,universities/河南省/4141010463/VISUAL.md
4141010464,河南科技大学,7,5,6,universities/河南省/4141010464/PROFILE.md,universities/河南省/4141010464/VISUAL.md
4141010465,中原工学院,6,5,8,universities/河南省/4141010465/PROFILE.md,universities/河南省/4141010465/VISUAL.md
4141010466,河南农业大学,6,4,6,universities/河南省/4141010466/PROFILE.md,universities/河南省/4141010466/VISUAL.md
4141010467,河南科技学院,8,3,3,universities/河南省/4141010467/PROFILE.md,universities/河南省/4141010467/VISUAL.md
4141010469,河南牧业经济学院,8,3,6,universities/河南省/4141010469/PROFILE.md,universities/河南省/4141010469/VISUAL.md
4141010471,河南中医药大学,6,2,6,universities/河南省/4141010471/PROFILE.md,universities/河南省/4141010471/VISUAL.md
4141010472,河南医药大学,6,2,2,universities/河南省/4141010472/PROFILE.md,universities/河南省/4141010472/VISUAL.md
4141010475,河南大学,10,6,15,universities/河南省/4141010475/PROFILE.md,universities/河南省/4141010475/VISUAL.md
4141010476,河南师范大学,7,3,3,universities/河南省/4141010476/PROFILE.md,universities/河南省/4141010476/VISUAL.md
4141010477,信阳师范大学,9,2,5,universities/河南省/4141010477/PROFILE.md,universities/河南省/4141010477/VISUAL.md
4141010478,周口师范学院,7,3,6,universities/河南省/4141010478/PROFILE.md,universities/河南省/4141010478/VISUAL.md
4141010479,安阳师范学院,6,3,6,universities/河南省/4141010479/PROFILE.md,universities/河南省/4141010479/VISUAL.md
4141010480,许昌学院,8,3,6,universities/河南省/4141010480/PROFILE.md,universities/河南省/4141010480/VISUAL.md
4141010481,南阳师范学院,5,3,3,universities/河南省/4141010481/PROFILE.md,universities/河南省/4141010481/VISUAL.md
4141010482,洛阳师范学院,6,3,6,universities/河南省/4141010482/PROFILE.md,universities/河南省/4141010482/VISUAL.md
4141010483,商丘师范学院,7,2,4,universities/河南省/4141010483/PROFILE.md,universities/河南省/4141010483/VISUAL.md
4141010484,河南财经政法大学,8,2,6,universities/河南省/4141010484/PROFILE.md,universities/河南省/4141010484/VISUAL.md
4141010485,郑州航空工业管理学院,5,2,3,universities/河南省/4141010485/PROFILE.md,universities/河南省/4141010485/VISUAL.md
4141010843,郑州铁路职业技术大学,5,2,2,universities/河南省/4141010843/PROFILE.md,universities/河南省/4141010843/VISUAL.md
4141010918,黄淮学院,6,3,5,universities/河南省/4141010918/PROFILE.md,universities/河南省/4141010918/VISUAL.md
4141010919,平顶山学院,8,3,6,universities/河南省/4141010919/PROFILE.md,universities/河南省/4141010919/VISUAL.md
4141011068,郑州工程技术学院,4,2,3,universities/河南省/4141011068/PROFILE.md,universities/河南省/4141011068/VISUAL.md
4141011070,洛阳理工学院,5,2,3,universities/河南省/4141011070/PROFILE.md,universities/河南省/4141011070/VISUAL.md
4141011071,新乡学院,7,6,10,universities/河南省/4141011071/PROFILE.md,universities/河南省/4141011071/VISUAL.md
4141011326,信阳农林学院,6,3,3,universities/河南省/4141011326/PROFILE.md,universities/河南省/4141011326/VISUAL.md
4141011329,河南工学院,6,3,6,universities/河南省/4141011329/PROFILE.md,universities/河南省/4141011329/VISUAL.md
4141011330,安阳工学院,7,3,6,universities/河南省/4141011330/PROFILE.md,universities/河南省/4141011330/VISUAL.md
4141011517,河南工程学院,5,5,8,universities/河南省/4141011517/PROFILE.md,universities/河南省/4141011517/VISUAL.md
4141011652,河南财政金融学院,7,3,5,universities/河南省/4141011652/PROFILE.md,universities/河南省/4141011652/VISUAL.md
4141011653,南阳理工学院,9,4,3,universities/河南省/4141011653/PROFILE.md,universities/河南省/4141011653/VISUAL.md
4141011765,河南城建学院,7,3,6,universities/河南省/4141011765/PROFILE.md,universities/河南省/4141011765/VISUAL.md
4141011788,河南警察学院,5,2,5,universities/河南省/4141011788/PROFILE.md,universities/河南省/4141011788/VISUAL.md
4141011834,黄河科技学院,8,2,9,universities/河南省/4141011834/PROFILE.md,universities/河南省/4141011834/VISUAL.md
4141012058,黄河水利职业技术大学,6,1,2,universities/河南省/4141012058/PROFILE.md,universities/河南省/4141012058/VISUAL.md
4141012735,郑州警察学院,5,1,2,universities/河南省/4141012735/PROFILE.md,universities/河南省/4141012735/VISUAL.md
4141012746,郑州科技学院,6,2,2,universities/河南省/4141012746/PROFILE.md,universities/河南省/4141012746/VISUAL.md
4141012747,郑州工业应用技术学院,7,3,4,universities/河南省/4141012747/PROFILE.md,universities/河南省/4141012747/VISUAL.md
4141012794,河南工业职业技术大学,5,1,2,universities/河南省/4141012794/PROFILE.md,universities/河南省/4141012794/VISUAL.md
4141012948,郑州健康学院,6,2,3,universities/河南省/4141012948/PROFILE.md,universities/河南省/4141012948/VISUAL.md
4141012949,郑州师范学院,5,2,3,universities/河南省/4141012949/PROFILE.md,universities/河南省/4141012949/VISUAL.md
4141013497,郑州财经学院,6,1,1,universities/河南省/4141013497/PROFILE.md,universities/河南省/4141013497/VISUAL.md
4141013498,黄河交通学院,7,1,2,universities/河南省/4141013498/PROFILE.md,universities/河南省/4141013498/VISUAL.md
4141013500,商丘工学院,7,2,2,universities/河南省/4141013500/PROFILE.md,universities/河南省/4141013500/VISUAL.md
4141013501,河南开封科技传媒学院,4,1,2,universities/河南省/4141013501/PROFILE.md,universities/河南省/4141013501/VISUAL.md
4141013502,中原科技学院,5,2,2,universities/河南省/4141013502/PROFILE.md,universities/河南省/4141013502/VISUAL.md
4141013503,信阳学院,6,1,2,universities/河南省/4141013503/PROFILE.md,universities/河南省/4141013503/VISUAL.md
4141013504,安阳学院,6,1,1,universities/河南省/4141013504/PROFILE.md,universities/河南省/4141013504/VISUAL.md
4141013505,豫北医学院,6,1,2,universities/河南省/4141013505/PROFILE.md,universities/河南省/4141013505/VISUAL.md
4141013506,新乡工程学院,6,1,2,universities/河南省/4141013506/PROFILE.md,universities/河南省/4141013506/VISUAL.md
4141013507,郑州工商学院,7,3,2,universities/河南省/4141013507/PROFILE.md,universities/河南省/4141013507/VISUAL.md
4141013508,郑州经贸学院,7,3,2,universities/河南省/4141013508/PROFILE.md,universities/河南省/4141013508/VISUAL.md
4141014003,商丘学院,5,1,3,universities/河南省/4141014003/PROFILE.md,universities/河南省/4141014003/VISUAL.md
4141014040,郑州商学院,6,1,2,universities/河南省/4141014040/PROFILE.md,universities/河南省/4141014040/VISUAL.md
4141014169,河南科技职业大学,7,1,2,universities/河南省/4141014169/PROFILE.md,universities/河南省/4141014169/VISUAL.md
4141014233,漯河食品工程职业大学,6,1,2,universities/河南省/4141014233/PROFILE.md,universities/河南省/4141014233/VISUAL.md
4141014333,郑州升达经贸管理学院,6,2,4,universities/河南省/4141014333/PROFILE.md,universities/河南省/4141014333/VISUAL.md
4141014654,郑州西亚斯学院,4,1,2,universities/河南省/4141014654/PROFILE.md,universities/河南省/4141014654/VISUAL.md
4141014831,郑州美术学院,4,1,2,universities/河南省/4141014831/PROFILE.md,universities/河南省/4141014831/VISUAL.md
4141014879,河南体育学院,5,2,4,universities/河南省/4141014879/PROFILE.md,universities/河南省/4141014879/VISUAL.md
4141014949,河南信息科技学院,4,1,2,universities/河南省/4141014949/PROFILE.md,universities/河南省/4141014949/VISUAL.md
4141014980,河南能源化工学院,3,0,0,universities/河南省/4141014980/PROFILE.md,universities/河南省/4141014980/VISUAL.md
4141014981,河南国医学院,8,1,2,universities/河南省/4141014981/PROFILE.md,universities/河南省/4141014981/VISUAL.md
4141014982,河南应用工程学院,5,1,1,universities/河南省/4141014982/PROFILE.md,universities/河南省/4141014982/VISUAL.md
4133010335,浙江大学,13,7,12,universities/浙江省/4133010335/PROFILE.md,universities/浙江省/4133010335/VISUAL.md
4133010336,杭州电子科技大学,10,6,8,universities/浙江省/4133010336/PROFILE.md,universities/浙江省/4133010336/VISUAL.md
4133010337,浙江工业大学,7,7,10,universities/浙江省/4133010337/PROFILE.md,universities/浙江省/4133010337/VISUAL.md
4133010338,浙江理工大学,7,3,6,universities/浙江省/4133010338/PROFILE.md,universities/浙江省/4133010338/VISUAL.md
4133010340,浙江海洋大学,7,4,8,universities/浙江省/4133010340/PROFILE.md,universities/浙江省/4133010340/VISUAL.md
4133010341,浙江农林大学,7,3,6,universities/浙江省/4133010341/PROFILE.md,universities/浙江省/4133010341/VISUAL.md
4133010343,温州医科大学,7,2,3,universities/浙江省/4133010343/PROFILE.md,universities/浙江省/4133010343/VISUAL.md
4133010344,浙江中医药大学,9,4,6,universities/浙江省/4133010344/PROFILE.md,universities/浙江省/4133010344/VISUAL.md
4133010345,浙江师范大学,6,3,6,universities/浙江省/4133010345/PROFILE.md,universities/浙江省/4133010345/VISUAL.md
4133010346,杭州师范大学,6,2,3,universities/浙江省/4133010346/PROFILE.md,universities/浙江省/4133010346/VISUAL.md
4133010347,湖州师范大学,5,1,2,universities/浙江省/4133010347/PROFILE.md,universities/浙江省/4133010347/VISUAL.md
4133010349,绍兴大学,8,2,5,universities/浙江省/4133010349/PROFILE.md,universities/浙江省/4133010349/VISUAL.md
4133010350,台州学院,7,4,8,universities/浙江省/4133010350/PROFILE.md,universities/浙江省/4133010350/VISUAL.md
4133010351,温州大学,8,3,3,universities/浙江省/4133010351/PROFILE.md,universities/浙江省/4133010351/VISUAL.md
4133010352,丽水学院,7,3,6,universities/浙江省/4133010352/PROFILE.md,universities/浙江省/4133010352/VISUAL.md
4133010353,浙江工商大学,5,1,3,universities/浙江省/4133010353/PROFILE.md,universities/浙江省/4133010353/VISUAL.md
4133010354,嘉兴大学,8,2,3,universities/浙江省/4133010354/PROFILE.md,universities/浙江省/4133010354/VISUAL.md
4133010355,中国美术学院,7,4,4,universities/浙江省/4133010355/PROFILE.md,universities/浙江省/4133010355/VISUAL.md
4133010356,中国计量大学,6,2,3,universities/浙江省/4133010356/PROFILE.md,universities/浙江省/4133010356/VISUAL.md
4133010863,宁波职业技术大学,7,1,0,universities/浙江省/4133010863/PROFILE.md,universities/浙江省/4133010863/VISUAL.md
4133010864,温州职业技术大学,5,1,0,universities/浙江省/4133010864/PROFILE.md,universities/浙江省/4133010864/VISUAL.md
4133010876,浙江万里学院,7,3,3,universities/浙江省/4133010876/PROFILE.md,universities/浙江省/4133010876/VISUAL.md
4133011057,浙江科技大学,7,1,3,universities/浙江省/4133011057/PROFILE.md,universities/浙江省/4133011057/VISUAL.md
4133011058,宁波工程学院,9,4,3,universities/浙江省/4133011058/PROFILE.md,universities/浙江省/4133011058/VISUAL.md
4133011481,浙江水利水电学院,5,2,3,universities/浙江省/4133011481/PROFILE.md,universities/浙江省/4133011481/VISUAL.md
4133011482,浙江财经大学,8,2,3,universities/浙江省/4133011482/PROFILE.md,universities/浙江省/4133011482/VISUAL.md
4133011483,浙江警察学院,5,1,3,universities/浙江省/4133011483/PROFILE.md,universities/浙江省/4133011483/VISUAL.md
4133011488,衢州学院,7,4,3,universities/浙江省/4133011488/PROFILE.md,universities/浙江省/4133011488/VISUAL.md
4133011646,宁波大学,12,6,10,universities/浙江省/4133011646/PROFILE.md,universities/浙江省/4133011646/VISUAL.md
4133011647,浙江传媒学院,8,5,12,universities/浙江省/4133011647/PROFILE.md,universities/浙江省/4133011647/VISUAL.md
4133011842,浙江树人学院,7,2,1,universities/浙江省/4133011842/PROFILE.md,universities/浙江省/4133011842/VISUAL.md
4133012061,金华职业技术大学,6,1,4,universities/浙江省/4133012061/PROFILE.md,universities/浙江省/4133012061/VISUAL.md
4133012792,浙江越秀外国语学院,7,2,2,universities/浙江省/4133012792/PROFILE.md,universities/浙江省/4133012792/VISUAL.md
4133012861,浙江机电职业技术大学,7,1,2,universities/浙江省/4133012861/PROFILE.md,universities/浙江省/4133012861/VISUAL.md
4133012872,杭州职业技术大学,5,2,2,universities/浙江省/4133012872/PROFILE.md,universities/浙江省/4133012872/VISUAL.md
4133013001,宁波财经学院,5,1,2,universities/浙江省/4133013001/PROFILE.md,universities/浙江省/4133013001/VISUAL.md
4133013021,浙大城市学院,7,4,6,universities/浙江省/4133013021/PROFILE.md,universities/浙江省/4133013021/VISUAL.md
4133013022,浙大宁波理工学院,8,16,3,universities/浙江省/4133013022/PROFILE.md,universities/浙江省/4133013022/VISUAL.md
4133013023,杭州医学院,7,3,5,universities/浙江省/4133013023/PROFILE.md,universities/浙江省/4133013023/VISUAL.md
4133013029,浙江广厦建设职业技术大学,6,2,2,universities/浙江省/4133013029/PROFILE.md,universities/浙江省/4133013029/VISUAL.md
4133013275,浙江工业大学之江学院,4,1,2,universities/浙江省/4133013275/PROFILE.md,universities/浙江省/4133013275/VISUAL.md
4133013276,浙江师范大学行知学院,5,1,2,universities/浙江省/4133013276/PROFILE.md,universities/浙江省/4133013276/VISUAL.md
4133013277,宁波大学科学技术学院,5,1,2,universities/浙江省/4133013277/PROFILE.md,universities/浙江省/4133013277/VISUAL.md
4133013279,杭州电子科技大学信息工程学院,5,2,2,universities/浙江省/4133013279/PROFILE.md,universities/浙江省/4133013279/VISUAL.md
4133013280,浙江理工大学科技与艺术学院,3,0,0,universities/浙江省/4133013280/PROFILE.md,universities/浙江省/4133013280/VISUAL.md
4133013283,浙江农林大学暨阳学院,5,2,4,universities/浙江省/4133013283/PROFILE.md,universities/浙江省/4133013283/VISUAL.md
4133013284,温州医科大学仁济学院,5,1,2,universities/浙江省/4133013284/PROFILE.md,universities/浙江省/4133013284/VISUAL.md
4133013285,浙江中医药大学滨江学院,3,0,0,universities/浙江省/4133013285/PROFILE.md,universities/浙江省/4133013285/VISUAL.md
4133013286,杭州师范大学钱江学院,5,1,2,universities/浙江省/4133013286/PROFILE.md,universities/浙江省/4133013286/VISUAL.md
4133013287,湖州学院,7,3,3,universities/浙江省/4133013287/PROFILE.md,universities/浙江省/4133013287/VISUAL.md
4133013288,绍兴理工学院,4,1,0,universities/浙江省/4133013288/PROFILE.md,universities/浙江省/4133013288/VISUAL.md
4133013289,温州理工学院,7,3,3,universities/浙江省/4133013289/PROFILE.md,universities/浙江省/4133013289/VISUAL.md
4133013290,浙江工商大学杭州商学院,4,1,2,universities/浙江省/4133013290/PROFILE.md,universities/浙江省/4133013290/VISUAL.md
4133013291,嘉兴南湖学院,7,3,5,universities/浙江省/4133013291/PROFILE.md,universities/浙江省/4133013291/VISUAL.md
4133013292,中国计量大学现代科技学院,6,1,1,universities/浙江省/4133013292/PROFILE.md,universities/浙江省/4133013292/VISUAL.md
4133013294,浙江财经大学东方学院,5,2,2,universities/浙江省/4133013294/PROFILE.md,universities/浙江省/4133013294/VISUAL.md
4133013637,温州商学院,7,3,2,universities/浙江省/4133013637/PROFILE.md,universities/浙江省/4133013637/VISUAL.md
4133014206,同济大学浙江学院,5,1,0,universities/浙江省/4133014206/PROFILE.md,universities/浙江省/4133014206/VISUAL.md
4133014207,上海财经大学浙江学院,7,1,1,universities/浙江省/4133014207/PROFILE.md,universities/浙江省/4133014207/VISUAL.md
4133014275,浙江外国语学院,11,2,6,universities/浙江省/4133014275/PROFILE.md,universities/浙江省/4133014275/VISUAL.md
4133014535,浙江音乐学院,8,1,1,universities/浙江省/4133014535/PROFILE.md,universities/浙江省/4133014535/VISUAL.md
4133014626,西湖大学,7,1,2,universities/浙江省/4133014626/PROFILE.md,universities/浙江省/4133014626/VISUAL.md
4133014943,宁波东方理工大学,6,2,5,universities/浙江省/4133014943/PROFILE.md,universities/浙江省/4133014943/VISUAL.md
4133016207,浙江药科职业大学,3,0,0,universities/浙江省/4133016207/PROFILE.md,universities/浙江省/4133016207/VISUAL.md
4133016301,宁波诺丁汉大学,4,3,3,universities/浙江省/4133016301/PROFILE.md,universities/浙江省/4133016301/VISUAL.md
4133016405,温州肯恩大学,5,2,3,universities/浙江省/4133016405/PROFILE.md,universities/浙江省/4133016405/VISUAL.md
4146010589,海南大学,10,5,10,universities/海南省/4146010589/PROFILE.md,universities/海南省/4146010589/VISUAL.md
4146011100,海南热带海洋学院,8,4,3,universities/海南省/4146011100/PROFILE.md,universities/海南省/4146011100/VISUAL.md
4146011658,海南师范大学,6,5,7,universities/海南省/4146011658/PROFILE.md,universities/海南省/4146011658/VISUAL.md
4146011810,海南医科大学,6,4,4,universities/海南省/4146011810/PROFILE.md,universities/海南省/4146011810/VISUAL.md
4146012308,海口经济学院,5,1,2,universities/海南省/4146012308/PROFILE.md,universities/海南省/4146012308/VISUAL.md
4146013811,琼台师范学院,7,3,4,universities/海南省/4146013811/PROFILE.md,universities/海南省/4146013811/VISUAL.md
4146013875,海南经贸职业大学,5,1,2,universities/海南省/4146013875/PROFILE.md,universities/海南省/4146013875/VISUAL.md
4146013892,三亚学院,6,1,2,universities/海南省/4146013892/PROFILE.md,universities/海南省/4146013892/VISUAL.md
4146014172,海南科技职业大学,6,2,2,universities/海南省/4146014172/PROFILE.md,universities/海南省/4146014172/VISUAL.md
4146014829,海南比勒费尔德应用科学大学,5,2,4,universities/海南省/4146014829/PROFILE.md,universities/海南省/4146014829/VISUAL.md
4146014944,海南警察学院,6,2,5,universities/海南省/4146014944/PROFILE.md,universities/海南省/4146014944/VISUAL.md
4146014948,海南洛桑旅游大学,5,1,1,universities/海南省/4146014948/PROFILE.md,universities/海南省/4146014948/VISUAL.md
4142010486,武汉大学,12,6,19,universities/湖北省/4142010486/PROFILE.md,universities/湖北省/4142010486/VISUAL.md
4142010487,华中科技大学,11,9,13,universities/湖北省/4142010487/PROFILE.md,universities/湖北省/4142010487/VISUAL.md
4142010488,武汉科技大学,8,9,15,universities/湖北省/4142010488/PROFILE.md,universities/湖北省/4142010488/VISUAL.md
4142010489,长江大学,10,13,11,universities/湖北省/4142010489/PROFILE.md,universities/湖北省/4142010489/VISUAL.md
4142010490,武汉工程大学,6,2,4,universities/湖北省/4142010490/PROFILE.md,universities/湖北省/4142010490/VISUAL.md
4142010491,中国地质大学(武汉),10,6,12,universities/湖北省/4142010491/PROFILE.md,universities/湖北省/4142010491/VISUAL.md
4142010495,武汉纺织大学,8,5,14,universities/湖北省/4142010495/PROFILE.md,universities/湖北省/4142010495/VISUAL.md
4142010496,武汉轻工大学,9,3,3,universities/湖北省/4142010496/PROFILE.md,universities/湖北省/4142010496/VISUAL.md
4142010497,武汉理工大学,8,6,8,universities/湖北省/4142010497/PROFILE.md,universities/湖北省/4142010497/VISUAL.md
4142010500,湖北工业大学,7,6,10,universities/湖北省/4142010500/PROFILE.md,universities/湖北省/4142010500/VISUAL.md
4142010504,华中农业大学,10,5,6,universities/湖北省/4142010504/PROFILE.md,universities/湖北省/4142010504/VISUAL.md
4142010507,湖北中医药大学,10,5,5,universities/湖北省/4142010507/PROFILE.md,universities/湖北省/4142010507/VISUAL.md
4142010511,华中师范大学,10,5,6,universities/湖北省/4142010511/PROFILE.md,universities/湖北省/4142010511/VISUAL.md
4142010512,湖北大学,6,6,4,universities/湖北省/4142010512/PROFILE.md,universities/湖北省/4142010512/VISUAL.md
4142010513,湖北师范大学,7,4,3,universities/湖北省/4142010513/PROFILE.md,universities/湖北省/4142010513/VISUAL.md
4142010514,黄冈师范学院,7,3,6,universities/湖北省/4142010514/PROFILE.md,universities/湖北省/4142010514/VISUAL.md
4142010517,湖北民族大学,9,3,15,universities/湖北省/4142010517/PROFILE.md,universities/湖北省/4142010517/VISUAL.md
4142010518,汉江师范学院,8,3,3,universities/湖北省/4142010518/PROFILE.md,universities/湖北省/4142010518/VISUAL.md
4142010519,湖北文理学院,8,4,3,universities/湖北省/4142010519/PROFILE.md,universities/湖北省/4142010519/VISUAL.md
4142010520,中南财经政法大学,12,3,5,universities/湖北省/4142010520/PROFILE.md,universities/湖北省/4142010520/VISUAL.md
4142010522,武汉体育学院,6,1,3,universities/湖北省/4142010522/PROFILE.md,universities/湖北省/4142010522/VISUAL.md
4142010523,湖北美术学院,7,1,3,universities/湖北省/4142010523/PROFILE.md,universities/湖北省/4142010523/VISUAL.md
4142010524,中南民族大学,10,5,10,universities/湖北省/4142010524/PROFILE.md,universities/湖北省/4142010524/VISUAL.md
4142010525,湖北汽车工业学院,9,4,9,universities/湖北省/4142010525/PROFILE.md,universities/湖北省/4142010525/VISUAL.md
4142010528,湖北工程学院,6,3,3,universities/湖北省/4142010528/PROFILE.md,universities/湖北省/4142010528/VISUAL.md
4142010834,武汉职业技术大学,7,2,2,universities/湖北省/4142010834/PROFILE.md,universities/湖北省/4142010834/VISUAL.md
4142010920,湖北理工学院,9,6,8,universities/湖北省/4142010920/PROFILE.md,universities/湖北省/4142010920/VISUAL.md
4142010927,湖北科技学院,7,2,10,universities/湖北省/4142010927/PROFILE.md,universities/湖北省/4142010927/VISUAL.md
4142010929,湖北医药学院,7,2,22,universities/湖北省/4142010929/PROFILE.md,universities/湖北省/4142010929/VISUAL.md
4142010955,黄冈职业技术大学,6,1,2,universities/湖北省/4142010955/PROFILE.md,universities/湖北省/4142010955/VISUAL.md
4142011072,江汉大学,8,3,3,universities/湖北省/4142011072/PROFILE.md,universities/湖北省/4142011072/VISUAL.md
4142011075,三峡大学,6,4,3,universities/湖北省/4142011075/PROFILE.md,universities/湖北省/4142011075/VISUAL.md
4142011332,湖北警官学院,5,2,6,universities/湖北省/4142011332/PROFILE.md,universities/湖北省/4142011332/VISUAL.md
4142011336,荆楚理工学院,8,2,3,universities/湖北省/4142011336/PROFILE.md,universities/湖北省/4142011336/VISUAL.md
4142011524,武汉音乐学院,5,1,2,universities/湖北省/4142011524/PROFILE.md,universities/湖北省/4142011524/VISUAL.md
4142011600,湖北经济学院,9,2,3,universities/湖北省/4142011600/PROFILE.md,universities/湖北省/4142011600/VISUAL.md
4142011654,武汉商学院,7,4,6,universities/湖北省/4142011654/PROFILE.md,universities/湖北省/4142011654/VISUAL.md
4142011798,武汉东湖学院,6,1,2,universities/湖北省/4142011798/PROFILE.md,universities/湖北省/4142011798/VISUAL.md
4142011800,汉口学院,8,2,2,universities/湖北省/4142011800/PROFILE.md,universities/湖北省/4142011800/VISUAL.md
4142012309,武昌首义学院,7,1,1,universities/湖北省/4142012309/PROFILE.md,universities/湖北省/4142012309/VISUAL.md
4142012310,武昌理工学院,6,1,1,universities/湖北省/4142012310/PROFILE.md,universities/湖北省/4142012310/VISUAL.md
4142012354,襄阳职业技术大学,5,1,2,universities/湖北省/4142012354/PROFILE.md,universities/湖北省/4142012354/VISUAL.md
4142012362,武汉生物工程学院,7,1,2,universities/湖北省/4142012362/PROFILE.md,universities/湖北省/4142012362/VISUAL.md
4142012979,湖北三峡职业技术大学,3,0,0,universities/湖北省/4142012979/PROFILE.md,universities/湖北省/4142012979/VISUAL.md
4142013188,武汉晴川学院,6,3,2,universities/湖北省/4142013188/PROFILE.md,universities/湖北省/4142013188/VISUAL.md
4142013234,湖北大学知行学院,3,0,0,universities/湖北省/4142013234/PROFILE.md,universities/湖北省/4142013234/VISUAL.md
4142013235,武汉城市学院,7,2,4,universities/湖北省/4142013235/PROFILE.md,universities/湖北省/4142013235/VISUAL.md
4142013236,三峡大学科技学院,6,1,2,universities/湖北省/4142013236/PROFILE.md,universities/湖北省/4142013236/VISUAL.md
4142013237,武汉文理学院,4,1,2,universities/湖北省/4142013237/PROFILE.md,universities/湖北省/4142013237/VISUAL.md
4142013238,湖北工业大学工程技术学院,7,4,1,universities/湖北省/4142013238/PROFILE.md,universities/湖北省/4142013238/VISUAL.md
4142013239,武汉工程大学邮电与信息工程学院,4,1,2,universities/湖北省/4142013239/PROFILE.md,universities/湖北省/4142013239/VISUAL.md
4142013240,武汉纺织大学外经贸学院,3,0,0,universities/湖北省/4142013240/PROFILE.md,universities/湖北省/4142013240/VISUAL.md
4142013241,武昌工学院,6,1,2,universities/湖北省/4142013241/PROFILE.md,universities/湖北省/4142013241/VISUAL.md
4142013242,武汉工商学院,4,1,2,universities/湖北省/4142013242/PROFILE.md,universities/湖北省/4142013242/VISUAL.md
4142013245,荆州学院,7,3,2,universities/湖北省/4142013245/PROFILE.md,universities/湖北省/4142013245/VISUAL.md
4142013246,长江大学文理学院,6,1,2,universities/湖北省/4142013246/PROFILE.md,universities/湖北省/4142013246/VISUAL.md
4142013247,湖北商贸学院,4,1,2,universities/湖北省/4142013247/PROFILE.md,universities/湖北省/4142013247/VISUAL.md
4142013248,湖北汽车工业学院科技学院,5,1,0,universities/湖北省/4142013248/PROFILE.md,universities/湖北省/4142013248/VISUAL.md
4142013249,湖北医药学院药护学院,5,1,2,universities/湖北省/4142013249/PROFILE.md,universities/湖北省/4142013249/VISUAL.md
4142013250,湖北恩施学院,4,1,2,universities/湖北省/4142013250/PROFILE.md,universities/湖北省/4142013250/VISUAL.md
4142013251,湖北经济学院法商学院,6,1,2,universities/湖北省/4142013251/PROFILE.md,universities/湖北省/4142013251/VISUAL.md
4142013253,武汉体育学院体育科技学院,4,1,2,universities/湖北省/4142013253/PROFILE.md,universities/湖北省/4142013253/VISUAL.md
4142013256,湖北师范大学文理学院,5,1,2,universities/湖北省/4142013256/PROFILE.md,universities/湖北省/4142013256/VISUAL.md
4142013257,湖北文理学院理工学院,6,1,2,universities/湖北省/4142013257/PROFILE.md,universities/湖北省/4142013257/VISUAL.md
4142013258,湖北工程学院新技术学院,6,1,2,universities/湖北省/4142013258/PROFILE.md,universities/湖北省/4142013258/VISUAL.md
4142013262,文华学院,5,1,3,universities/湖北省/4142013262/PROFILE.md,universities/湖北省/4142013262/VISUAL.md
4142013634,武汉学院,5,1,2,universities/湖北省/4142013634/PROFILE.md,universities/湖北省/4142013634/VISUAL.md
4142013664,武汉工程科技学院,7,3,2,universities/湖北省/4142013664/PROFILE.md,universities/湖北省/4142013664/VISUAL.md
4142013666,武汉华夏理工学院,4,1,2,universities/湖北省/4142013666/PROFILE.md,universities/湖北省/4142013666/VISUAL.md
4142013686,武汉传媒学院,6,2,1,universities/湖北省/4142013686/PROFILE.md,universities/湖北省/4142013686/VISUAL.md
4142014035,武汉设计工程学院,5,2,3,universities/湖北省/4142014035/PROFILE.md,universities/湖北省/4142014035/VISUAL.md
4142014099,湖北第二师范学院,7,5,7,universities/湖北省/4142014099/PROFILE.md,universities/湖北省/4142014099/VISUAL.md
4142014899,湖北三峡航空学院,5,1,2,universities/湖北省/4142014899/PROFILE.md,universities/湖北省/4142014899/VISUAL.md
4142014950,网络空间安全学院,4,1,2,universities/湖北省/4142014950/PROFILE.md,universities/湖北省/4142014950/VISUAL.md
4143010530,湘潭大学,9,6,8,universities/湖南省/4143010530/PROFILE.md,universities/湖南省/4143010530/VISUAL.md
4143010531,吉首大学,9,3,6,universities/湖南省/4143010531/PROFILE.md,universities/湖南省/4143010531/VISUAL.md
4143010532,湖南大学,9,8,8,universities/湖南省/4143010532/PROFILE.md,universities/湖南省/4143010532/VISUAL.md
4143010533,中南大学,10,9,12,universities/湖南省/4143010533/PROFILE.md,universities/湖南省/4143010533/VISUAL.md
4143010534,湖南科技大学,6,4,5,universities/湖南省/4143010534/PROFILE.md,universities/湖南省/4143010534/VISUAL.md
4143010536,长沙理工大学,8,4,8,universities/湖南省/4143010536/PROFILE.md,universities/湖南省/4143010536/VISUAL.md
4143010537,湖南农业大学,6,2,4,universities/湖南省/4143010537/PROFILE.md,universities/湖南省/4143010537/VISUAL.md
4143010538,中南林业科技大学,9,3,6,universities/湖南省/4143010538/PROFILE.md,universities/湖南省/4143010538/VISUAL.md
4143010541,湖南中医药大学,6,2,3,universities/湖南省/4143010541/PROFILE.md,universities/湖南省/4143010541/VISUAL.md
4143010542,湖南师范大学,10,6,8,universities/湖南省/4143010542/PROFILE.md,universities/湖南省/4143010542/VISUAL.md
4143010543,湖南理工大学,8,1,1,universities/湖南省/4143010543/PROFILE.md,universities/湖南省/4143010543/VISUAL.md
4143010545,湘南学院,7,3,3,universities/湖南省/4143010545/PROFILE.md,universities/湖南省/4143010545/VISUAL.md
4143010546,衡阳师范学院,9,4,8,universities/湖南省/4143010546/PROFILE.md,universities/湖南省/4143010546/VISUAL.md
4143010547,邵阳学院,9,3,6,universities/湖南省/4143010547/PROFILE.md,universities/湖南省/4143010547/VISUAL.md
4143010548,怀化学院,7,3,6,universities/湖南省/4143010548/PROFILE.md,universities/湖南省/4143010548/VISUAL.md
4143010549,湖南文理学院,8,3,6,universities/湖南省/4143010549/PROFILE.md,universities/湖南省/4143010549/VISUAL.md
4143010551,湖南科技学院,6,3,3,universities/湖南省/4143010551/PROFILE.md,universities/湖南省/4143010551/VISUAL.md
4143010553,湖南人文科技学院,9,3,6,universities/湖南省/4143010553/PROFILE.md,universities/湖南省/4143010553/VISUAL.md
4143010554,湖南工商大学,7,3,6,universities/湖南省/4143010554/PROFILE.md,universities/湖南省/4143010554/VISUAL.md
4143010555,南华大学,7,5,11,universities/湖南省/4143010555/PROFILE.md,universities/湖南省/4143010555/VISUAL.md
4143010823,长沙医学院,5,1,2,universities/湖南省/4143010823/PROFILE.md,universities/湖南省/4143010823/VISUAL.md
4143011077,长沙学院,7,3,3,universities/湖南省/4143011077/PROFILE.md,universities/湖南省/4143011077/VISUAL.md
4143011342,湖南工程学院,7,2,3,universities/湖南省/4143011342/PROFILE.md,universities/湖南省/4143011342/VISUAL.md
4143011527,湖南城市学院,7,3,6,universities/湖南省/4143011527/PROFILE.md,universities/湖南省/4143011527/VISUAL.md
4143011528,湖南工学院,7,3,3,universities/湖南省/4143011528/PROFILE.md,universities/湖南省/4143011528/VISUAL.md
4143011532,湖南财政经济学院,7,2,3,universities/湖南省/4143011532/PROFILE.md,universities/湖南省/4143011532/VISUAL.md
4143011534,湖南警察学院,7,3,8,universities/湖南省/4143011534/PROFILE.md,universities/湖南省/4143011534/VISUAL.md
4143011535,湖南工业大学,7,3,4,universities/湖南省/4143011535/PROFILE.md,universities/湖南省/4143011535/VISUAL.md
4143011538,湖南女子学院,6,1,5,universities/湖南省/4143011538/PROFILE.md,universities/湖南省/4143011538/VISUAL.md
4143012034,湖南第一师范学院,8,2,4,universities/湖南省/4143012034/PROFILE.md,universities/湖南省/4143012034/VISUAL.md
4143012214,湖南医药学院,5,1,3,universities/湖南省/4143012214/PROFILE.md,universities/湖南省/4143012214/VISUAL.md
4143012303,湖南涉外经济学院,6,2,4,universities/湖南省/4143012303/PROFILE.md,universities/湖南省/4143012303/VISUAL.md
4143012599,湘潭大学兴湘学院,6,1,1,universities/湖南省/4143012599/PROFILE.md,universities/湖南省/4143012599/VISUAL.md
4143012604,湖南工业大学科技学院,5,2,2,universities/湖南省/4143012604/PROFILE.md,universities/湖南省/4143012604/VISUAL.md
4143012649,湖南科技大学潇湘学院,5,1,1,universities/湖南省/4143012649/PROFILE.md,universities/湖南省/4143012649/VISUAL.md
4143012650,南华大学船山学院,6,2,2,universities/湖南省/4143012650/PROFILE.md,universities/湖南省/4143012650/VISUAL.md
4143012651,湘潭理工学院,5,2,2,universities/湖南省/4143012651/PROFILE.md,universities/湖南省/4143012651/VISUAL.md
4143012652,长沙工业学院,5,1,3,universities/湖南省/4143012652/PROFILE.md,universities/湖南省/4143012652/VISUAL.md
4143012653,湖南农业大学东方科技学院,5,1,2,universities/湖南省/4143012653/PROFILE.md,universities/湖南省/4143012653/VISUAL.md
4143012656,中南林业科技大学涉外学院,5,1,2,universities/湖南省/4143012656/PROFILE.md,universities/湖南省/4143012656/VISUAL.md
4143012657,常德学院,9,1,1,universities/湖南省/4143012657/PROFILE.md,universities/湖南省/4143012657/VISUAL.md
4143012658,岳阳学院,6,2,2,universities/湖南省/4143012658/PROFILE.md,universities/湖南省/4143012658/VISUAL.md
4143012659,衡阳师范学院南岳学院,6,1,1,universities/湖南省/4143012659/PROFILE.md,universities/湖南省/4143012659/VISUAL.md
4143012660,湖南工程学院应用技术学院,5,1,2,universities/湖南省/4143012660/PROFILE.md,universities/湖南省/4143012660/VISUAL.md
4143012661,湖南中医药大学湘杏学院,6,1,2,universities/湖南省/4143012661/PROFILE.md,universities/湖南省/4143012661/VISUAL.md
4143012662,张家界学院,5,1,3,universities/湖南省/4143012662/PROFILE.md,universities/湖南省/4143012662/VISUAL.md
4143013043,湖南化工职业技术大学,3,0,0,universities/湖南省/4143013043/PROFILE.md,universities/湖南省/4143013043/VISUAL.md
4143013635,长沙理工大学城南学院,5,1,2,universities/湖南省/4143013635/PROFILE.md,universities/湖南省/4143013635/VISUAL.md
4143013806,长沙师范学院,8,2,3,universities/湖南省/4143013806/PROFILE.md,universities/湖南省/4143013806/VISUAL.md
4143013809,湖南应用技术学院,4,1,2,universities/湖南省/4143013809/PROFILE.md,universities/湖南省/4143013809/VISUAL.md
4143013836,湖南信息学院,7,2,4,universities/湖南省/4143013836/PROFILE.md,universities/湖南省/4143013836/VISUAL.md
4143013921,湖南工艺美术职业大学,6,1,0,universities/湖南省/4143013921/PROFILE.md,universities/湖南省/4143013921/VISUAL.md
4143013924,湖南交通工程学院,4,1,2,universities/湖南省/4143013924/PROFILE.md,universities/湖南省/4143013924/VISUAL.md
4143013925,湖南软件职业技术大学,3,0,0,universities/湖南省/4143013925/PROFILE.md,universities/湖南省/4143013925/VISUAL.md
4143013937,湖南汽车工程职业大学,4,1,2,universities/湖南省/4143013937/PROFILE.md,universities/湖南省/4143013937/VISUAL.md
4143014900,长沙科技学院,5,1,2,universities/湖南省/4143014900/PROFILE.md,universities/湖南省/4143014900/VISUAL.md
4143014983,长沙健康学院,3,0,0,universities/湖南省/4143014983/PROFILE.md,universities/湖南省/4143014983/VISUAL.md
4162010730,兰州大学,8,8,9,universities/甘肃省/4162010730/PROFILE.md,universities/甘肃省/4162010730/VISUAL.md
4162010731,兰州理工大学,7,3,6,universities/甘肃省/4162010731/PROFILE.md,universities/甘肃省/4162010731/VISUAL.md
4162010732,兰州交通大学,6,4,6,universities/甘肃省/4162010732/PROFILE.md,universities/甘肃省/4162010732/VISUAL.md
4162010733,甘肃农业大学,8,3,3,universities/甘肃省/4162010733/PROFILE.md,universities/甘肃省/4162010733/VISUAL.md
4162010735,甘肃中医药大学,5,2,6,universities/甘肃省/4162010735/PROFILE.md,universities/甘肃省/4162010735/VISUAL.md
4162010736,西北师范大学,5,2,3,universities/甘肃省/4162010736/PROFILE.md,universities/甘肃省/4162010736/VISUAL.md
4162010737,兰州城市学院,4,2,3,universities/甘肃省/4162010737/PROFILE.md,universities/甘肃省/4162010737/VISUAL.md
4162010738,陇东学院,4,2,3,universities/甘肃省/4162010738/PROFILE.md,universities/甘肃省/4162010738/VISUAL.md
4162010739,天水师范大学,7,2,2,universities/甘肃省/4162010739/PROFILE.md,universities/甘肃省/4162010739/VISUAL.md
4162010740,河西学院,6,4,7,universities/甘肃省/4162010740/PROFILE.md,universities/甘肃省/4162010740/VISUAL.md
4162010741,兰州财经大学,6,3,6,universities/甘肃省/4162010741/PROFILE.md,universities/甘肃省/4162010741/VISUAL.md
4162010742,西北民族大学,8,2,6,universities/甘肃省/4162010742/PROFILE.md,universities/甘肃省/4162010742/VISUAL.md
4162011406,甘肃政法大学,5,1,3,universities/甘肃省/4162011406/PROFILE.md,universities/甘肃省/4162011406/VISUAL.md
4162011561,甘肃民族师范学院,4,2,3,universities/甘肃省/4162011561/PROFILE.md,universities/甘肃省/4162011561/VISUAL.md
4162011562,兰州文理学院,5,2,3,universities/甘肃省/4162011562/PROFILE.md,universities/甘肃省/4162011562/VISUAL.md
4162011805,甘肃医学院,6,2,3,universities/甘肃省/4162011805/PROFILE.md,universities/甘肃省/4162011805/VISUAL.md
4162011806,陇南师范学院,7,2,2,universities/甘肃省/4162011806/PROFILE.md,universities/甘肃省/4162011806/VISUAL.md
4162011807,兰州工业学院,9,3,4,universities/甘肃省/4162011807/PROFILE.md,universities/甘肃省/4162011807/VISUAL.md
4162012539,酒泉职业技术大学,3,0,0,universities/甘肃省/4162012539/PROFILE.md,universities/甘肃省/4162012539/VISUAL.md
4162012834,甘肃警察学院,6,2,5,universities/甘肃省/4162012834/PROFILE.md,universities/甘肃省/4162012834/VISUAL.md
4162012835,甘肃林业职业技术大学,4,0,0,universities/甘肃省/4162012835/PROFILE.md,universities/甘肃省/4162012835/VISUAL.md
4162012836,甘肃工业职业技术大学,5,1,1,universities/甘肃省/4162012836/PROFILE.md,universities/甘肃省/4162012836/VISUAL.md
4162013511,兰州工商学院,5,2,2,universities/甘肃省/4162013511/PROFILE.md,universities/甘肃省/4162013511/VISUAL.md
4162013514,兰州博文科技学院,6,2,2,universities/甘肃省/4162013514/PROFILE.md,universities/甘肃省/4162013514/VISUAL.md
4162013515,兰州信息科技学院,4,1,2,universities/甘肃省/4162013515/PROFILE.md,universities/甘肃省/4162013515/VISUAL.md
4162013518,武威职业技术大学,3,0,0,universities/甘肃省/4162013518/PROFILE.md,universities/甘肃省/4162013518/VISUAL.md
4162016208,兰州资源环境职业技术大学,7,3,2,universities/甘肃省/4162016208/PROFILE.md,universities/甘肃省/4162016208/VISUAL.md
4162016209,兰州石化职业技术大学,5,2,2,universities/甘肃省/4162016209/PROFILE.md,universities/甘肃省/4162016209/VISUAL.md
4135010384,厦门大学,10,7,9,universities/福建省/4135010384/PROFILE.md,universities/福建省/4135010384/VISUAL.md
4135010385,华侨大学,8,4,5,universities/福建省/4135010385/PROFILE.md,universities/福建省/4135010385/VISUAL.md
4135010386,福州大学,12,5,6,universities/福建省/4135010386/PROFILE.md,universities/福建省/4135010386/VISUAL.md
4135010388,福建理工大学,8,3,6,universities/福建省/4135010388/PROFILE.md,universities/福建省/4135010388/VISUAL.md
4135010389,福建农林大学,7,4,7,universities/福建省/4135010389/PROFILE.md,universities/福建省/4135010389/VISUAL.md
4135010390,集美大学,5,3,6,universities/福建省/4135010390/PROFILE.md,universities/福建省/4135010390/VISUAL.md
4135010392,福建医科大学,8,2,6,universities/福建省/4135010392/PROFILE.md,universities/福建省/4135010392/VISUAL.md
4135010393,福建中医药大学,7,2,6,universities/福建省/4135010393/PROFILE.md,universities/福建省/4135010393/VISUAL.md
4135010394,福建师范大学,8,5,7,universities/福建省/4135010394/PROFILE.md,universities/福建省/4135010394/VISUAL.md
4135010395,闽江大学,5,2,2,universities/福建省/4135010395/PROFILE.md,universities/福建省/4135010395/VISUAL.md
4135010397,武夷学院,7,3,6,universities/福建省/4135010397/PROFILE.md,universities/福建省/4135010397/VISUAL.md
4135010398,宁德师范学院,8,3,13,universities/福建省/4135010398/PROFILE.md,universities/福建省/4135010398/VISUAL.md
4135010399,泉州师范学院,8,3,4,universities/福建省/4135010399/PROFILE.md,universities/福建省/4135010399/VISUAL.md
4135010402,闽南师范大学,9,3,3,universities/福建省/4135010402/PROFILE.md,universities/福建省/4135010402/VISUAL.md
4135011062,厦门理工学院,7,4,7,universities/福建省/4135011062/PROFILE.md,universities/福建省/4135011062/VISUAL.md
4135011311,三明学院,6,4,6,universities/福建省/4135011311/PROFILE.md,universities/福建省/4135011311/VISUAL.md
4135011312,龙岩学院,4,2,3,universities/福建省/4135011312/PROFILE.md,universities/福建省/4135011312/VISUAL.md
4135011313,福建商学院,8,2,3,universities/福建省/4135011313/PROFILE.md,universities/福建省/4135011313/VISUAL.md
4135011317,黎明职业大学,5,1,2,universities/福建省/4135011317/PROFILE.md,universities/福建省/4135011317/VISUAL.md
4135011495,福建警察学院,5,2,5,universities/福建省/4135011495/PROFILE.md,universities/福建省/4135011495/VISUAL.md
4135011498,莆田学院,9,4,3,universities/福建省/4135011498/PROFILE.md,universities/福建省/4135011498/VISUAL.md
4135011502,福州职业技术大学,3,0,0,universities/福建省/4135011502/PROFILE.md,universities/福建省/4135011502/VISUAL.md
4135011784,仰恩大学,5,3,2,universities/福建省/4135011784/PROFILE.md,universities/福建省/4135011784/VISUAL.md
4135012631,厦门医学院,8,2,4,universities/福建省/4135012631/PROFILE.md,universities/福建省/4135012631/VISUAL.md
4135012709,厦门华厦学院,8,1,2,universities/福建省/4135012709/PROFILE.md,universities/福建省/4135012709/VISUAL.md
4135012710,闽南理工学院,8,2,2,universities/福建省/4135012710/PROFILE.md,universities/福建省/4135012710/VISUAL.md
4135012928,泉州职业技术大学,7,3,1,universities/福建省/4135012928/PROFILE.md,universities/福建省/4135012928/VISUAL.md
4135012992,闽南科技学院,7,2,2,universities/福建省/4135012992/PROFILE.md,universities/福建省/4135012992/VISUAL.md
4135012993,福州工商学院,6,1,2,universities/福建省/4135012993/PROFILE.md,universities/福建省/4135012993/VISUAL.md
4135013115,厦门工学院,5,3,6,universities/福建省/4135013115/PROFILE.md,universities/福建省/4135013115/VISUAL.md
4135013468,阳光学院,7,1,1,universities/福建省/4135013468/PROFILE.md,universities/福建省/4135013468/VISUAL.md
4135013469,厦门大学嘉庚学院,9,2,5,universities/福建省/4135013469/PROFILE.md,universities/福建省/4135013469/VISUAL.md
4135013470,福州大学至诚学院,5,2,2,universities/福建省/4135013470/PROFILE.md,universities/福建省/4135013470/VISUAL.md
4135013471,集美大学诚毅学院,5,2,1,universities/福建省/4135013471/PROFILE.md,universities/福建省/4135013471/VISUAL.md
4135013472,福建师范大学协和学院,6,1,2,universities/福建省/4135013472/PROFILE.md,universities/福建省/4135013472/VISUAL.md
4135013762,福州外语外贸学院,7,2,2,universities/福建省/4135013762/PROFILE.md,universities/福建省/4135013762/VISUAL.md
4135013763,福建江夏学院,8,2,5,universities/福建省/4135013763/PROFILE.md,universities/福建省/4135013763/VISUAL.md
4135013766,泉州信息工程学院,4,1,2,universities/福建省/4135013766/PROFILE.md,universities/福建省/4135013766/VISUAL.md
4135013773,福州理工学院,7,1,2,universities/福建省/4135013773/PROFILE.md,universities/福建省/4135013773/VISUAL.md
4135014046,福建农林大学金山学院,5,2,4,universities/福建省/4135014046/PROFILE.md,universities/福建省/4135014046/VISUAL.md
4135014683,福建技术师范学院,9,3,6,universities/福建省/4135014683/PROFILE.md,universities/福建省/4135014683/VISUAL.md
4135014896,福建福耀科技大学,8,2,2,universities/福建省/4135014896/PROFILE.md,universities/福建省/4135014896/VISUAL.md
4154010693,西藏农牧大学,6,2,5,universities/西藏自治区/4154010693/PROFILE.md,universities/西藏自治区/4154010693/VISUAL.md
4154010694,西藏大学,8,6,12,universities/西藏自治区/4154010694/PROFILE.md,universities/西藏自治区/4154010694/VISUAL.md
4154010695,西藏民族大学,6,2,6,universities/西藏自治区/4154010695/PROFILE.md,universities/西藏自治区/4154010695/VISUAL.md
4154010696,西藏藏医药大学,4,1,3,universities/西藏自治区/4154010696/PROFILE.md,universities/西藏自治区/4154010696/VISUAL.md
4154012481,拉萨师范学院,5,1,2,universities/西藏自治区/4154012481/PROFILE.md,universities/西藏自治区/4154012481/VISUAL.md
4152010657,贵州大学,9,7,9,universities/贵州省/4152010657/PROFILE.md,universities/贵州省/4152010657/VISUAL.md
4152010660,贵州医科大学,8,2,3,universities/贵州省/4152010660/PROFILE.md,universities/贵州省/4152010660/VISUAL.md
4152010661,遵义医科大学,8,1,4,universities/贵州省/4152010661/PROFILE.md,universities/贵州省/4152010661/VISUAL.md
4152010662,贵州中医药大学,7,2,6,universities/贵州省/4152010662/PROFILE.md,universities/贵州省/4152010662/VISUAL.md
4152010663,贵州师范大学,8,5,5,universities/贵州省/4152010663/PROFILE.md,universities/贵州省/4152010663/VISUAL.md
4152010664,遵义师范学院,5,2,3,universities/贵州省/4152010664/PROFILE.md,universities/贵州省/4152010664/VISUAL.md
4152010665,铜仁学院,6,2,3,universities/贵州省/4152010665/PROFILE.md,universities/贵州省/4152010665/VISUAL.md
4152010666,兴义民族师范学院,5,2,3,universities/贵州省/4152010666/PROFILE.md,universities/贵州省/4152010666/VISUAL.md
4152010667,安顺学院,6,3,6,universities/贵州省/4152010667/PROFILE.md,universities/贵州省/4152010667/VISUAL.md
4152010668,贵州工程应用技术学院,8,3,3,universities/贵州省/4152010668/PROFILE.md,universities/贵州省/4152010668/VISUAL.md
4152010669,凯里学院,8,3,3,universities/贵州省/4152010669/PROFILE.md,universities/贵州省/4152010669/VISUAL.md
4152010670,黔南民族师范学院,9,4,6,universities/贵州省/4152010670/PROFILE.md,universities/贵州省/4152010670/VISUAL.md
4152010671,贵州财经大学,5,1,3,universities/贵州省/4152010671/PROFILE.md,universities/贵州省/4152010671/VISUAL.md
4152010672,贵州民族大学,7,2,3,universities/贵州省/4152010672/PROFILE.md,universities/贵州省/4152010672/VISUAL.md
4152010976,贵阳学院,5,3,4,universities/贵州省/4152010976/PROFILE.md,universities/贵州省/4152010976/VISUAL.md
4152010977,六盘水师范学院,7,3,3,universities/贵州省/4152010977/PROFILE.md,universities/贵州省/4152010977/VISUAL.md
4152011731,贵州商学院,8,2,6,universities/贵州省/4152011731/PROFILE.md,universities/贵州省/4152011731/VISUAL.md
4152012107,贵州警察学院,4,1,3,universities/贵州省/4152012107/PROFILE.md,universities/贵州省/4152012107/VISUAL.md
4152012222,贵州交通职业大学,7,1,2,universities/贵州省/4152012222/PROFILE.md,universities/贵州省/4152012222/VISUAL.md
4152013052,贵州工业职业技术大学,3,0,0,universities/贵州省/4152013052/PROFILE.md,universities/贵州省/4152013052/VISUAL.md
4152013055,铜仁职业技术大学,6,2,2,universities/贵州省/4152013055/PROFILE.md,universities/贵州省/4152013055/VISUAL.md
4152013647,贵州中医药大学时珍学院,7,1,2,universities/贵州省/4152013647/PROFILE.md,universities/贵州省/4152013647/VISUAL.md
4152013648,贵州黔南经济学院,5,1,2,universities/贵州省/4152013648/PROFILE.md,universities/贵州省/4152013648/VISUAL.md
4152013649,贵州黔南科技学院,5,1,2,universities/贵州省/4152013649/PROFILE.md,universities/贵州省/4152013649/VISUAL.md
4152013650,贵阳信息科技学院,6,1,2,universities/贵州省/4152013650/PROFILE.md,universities/贵州省/4152013650/VISUAL.md
4152013651,贵阳人文科技学院,7,2,4,universities/贵州省/4152013651/PROFILE.md,universities/贵州省/4152013651/VISUAL.md
4152013653,遵义医科大学医学与科技学院,6,2,2,universities/贵州省/4152013653/PROFILE.md,universities/贵州省/4152013653/VISUAL.md
4152013676,贵州医科大学神奇民族医药学院,4,1,2,universities/贵州省/4152013676/PROFILE.md,universities/贵州省/4152013676/VISUAL.md
4152013818,贵州轻工职业大学,6,1,2,universities/贵州省/4152013818/PROFILE.md,universities/贵州省/4152013818/VISUAL.md
4152014223,贵州师范学院,8,4,3,universities/贵州省/4152014223/PROFILE.md,universities/贵州省/4152014223/VISUAL.md
4152014412,贵州工商职业大学,4,1,2,universities/贵州省/4152014412/PROFILE.md,universities/贵州省/4152014412/VISUAL.md
4152014440,贵州理工学院,9,3,3,universities/贵州省/4152014440/PROFILE.md,universities/贵州省/4152014440/VISUAL.md
4152014625,茅台学院,8,3,2,universities/贵州省/4152014625/PROFILE.md,universities/贵州省/4152014625/VISUAL.md
4152016206,贵阳康养职业大学,4,1,2,universities/贵州省/4152016206/PROFILE.md,universities/贵州省/4152016206/VISUAL.md
4121010140,辽宁大学,9,4,9,universities/辽宁省/4121010140/PROFILE.md,universities/辽宁省/4121010140/VISUAL.md
4121010141,大连理工大学,9,8,9,universities/辽宁省/4121010141/PROFILE.md,universities/辽宁省/4121010141/VISUAL.md
4121010142,沈阳工业大学,6,5,10,universities/辽宁省/4121010142/PROFILE.md,universities/辽宁省/4121010142/VISUAL.md
4121010143,沈阳航空航天大学,6,5,8,universities/辽宁省/4121010143/PROFILE.md,universities/辽宁省/4121010143/VISUAL.md
4121010144,沈阳理工大学,5,4,8,universities/辽宁省/4121010144/PROFILE.md,universities/辽宁省/4121010144/VISUAL.md
4121010145,东北大学,9,8,11,universities/辽宁省/4121010145/PROFILE.md,universities/辽宁省/4121010145/VISUAL.md
4121010146,辽宁科技大学,7,5,11,universities/辽宁省/4121010146/PROFILE.md,universities/辽宁省/4121010146/VISUAL.md
4121010147,辽宁工程技术大学,6,2,3,universities/辽宁省/4121010147/PROFILE.md,universities/辽宁省/4121010147/VISUAL.md
4121010148,辽宁石油化工大学,7,3,5,universities/辽宁省/4121010148/PROFILE.md,universities/辽宁省/4121010148/VISUAL.md
4121010149,沈阳化工大学,7,3,6,universities/辽宁省/4121010149/PROFILE.md,universities/辽宁省/4121010149/VISUAL.md
4121010150,大连交通大学,7,3,18,universities/辽宁省/4121010150/PROFILE.md,universities/辽宁省/4121010150/VISUAL.md
4121010151,大连海事大学,11,4,4,universities/辽宁省/4121010151/PROFILE.md,universities/辽宁省/4121010151/VISUAL.md
4121010152,大连工业大学,6,2,3,universities/辽宁省/4121010152/PROFILE.md,universities/辽宁省/4121010152/VISUAL.md
4121010153,沈阳建筑大学,6,3,6,universities/辽宁省/4121010153/PROFILE.md,universities/辽宁省/4121010153/VISUAL.md
4121010154,辽宁工业大学,7,4,9,universities/辽宁省/4121010154/PROFILE.md,universities/辽宁省/4121010154/VISUAL.md
4121010157,沈阳农业大学,6,2,4,universities/辽宁省/4121010157/PROFILE.md,universities/辽宁省/4121010157/VISUAL.md
4121010158,大连海洋大学,6,3,3,universities/辽宁省/4121010158/PROFILE.md,universities/辽宁省/4121010158/VISUAL.md
4121010159,中国医科大学,10,3,7,universities/辽宁省/4121010159/PROFILE.md,universities/辽宁省/4121010159/VISUAL.md
4121010160,锦州医科大学,7,2,3,universities/辽宁省/4121010160/PROFILE.md,universities/辽宁省/4121010160/VISUAL.md
4121010161,大连医科大学,8,2,5,universities/辽宁省/4121010161/PROFILE.md,universities/辽宁省/4121010161/VISUAL.md
4121010162,辽宁中医药大学,6,2,5,universities/辽宁省/4121010162/PROFILE.md,universities/辽宁省/4121010162/VISUAL.md
4121010163,沈阳药科大学,7,2,6,universities/辽宁省/4121010163/PROFILE.md,universities/辽宁省/4121010163/VISUAL.md
4121010164,沈阳医学院,6,2,3,universities/辽宁省/4121010164/PROFILE.md,universities/辽宁省/4121010164/VISUAL.md
4121010165,辽宁师范大学,7,2,3,universities/辽宁省/4121010165/PROFILE.md,universities/辽宁省/4121010165/VISUAL.md
4121010166,沈阳师范大学,8,2,3,universities/辽宁省/4121010166/PROFILE.md,universities/辽宁省/4121010166/VISUAL.md
4121010167,渤海大学,5,2,3,universities/辽宁省/4121010167/PROFILE.md,universities/辽宁省/4121010167/VISUAL.md
4121010169,鞍山师范学院,8,3,3,universities/辽宁省/4121010169/PROFILE.md,universities/辽宁省/4121010169/VISUAL.md
4121010171,朝阳师范学院,6,1,3,universities/辽宁省/4121010171/PROFILE.md,universities/辽宁省/4121010171/VISUAL.md
4121010172,大连外国语大学,9,4,9,universities/辽宁省/4121010172/PROFILE.md,universities/辽宁省/4121010172/VISUAL.md
4121010173,东北财经大学,8,2,4,universities/辽宁省/4121010173/PROFILE.md,universities/辽宁省/4121010173/VISUAL.md
4121010175,中国刑事警察学院,8,3,3,universities/辽宁省/4121010175/PROFILE.md,universities/辽宁省/4121010175/VISUAL.md
4121010176,沈阳体育学院,7,1,3,universities/辽宁省/4121010176/PROFILE.md,universities/辽宁省/4121010176/VISUAL.md
4121010177,沈阳音乐学院,8,2,5,universities/辽宁省/4121010177/PROFILE.md,universities/辽宁省/4121010177/VISUAL.md
4121010178,鲁迅美术学院,8,3,2,universities/辽宁省/4121010178/PROFILE.md,universities/辽宁省/4121010178/VISUAL.md
4121010841,辽宁对外经贸学院,7,1,2,universities/辽宁省/4121010841/PROFILE.md,universities/辽宁省/4121010841/VISUAL.md
4121011035,沈阳大学,5,4,6,universities/辽宁省/4121011035/PROFILE.md,universities/辽宁省/4121011035/VISUAL.md
4121011258,大连大学,7,4,3,universities/辽宁省/4121011258/PROFILE.md,universities/辽宁省/4121011258/VISUAL.md
4121011430,辽宁科技学院,9,3,6,universities/辽宁省/4121011430/PROFILE.md,universities/辽宁省/4121011430/VISUAL.md
4121011432,辽宁警察学院,5,1,3,universities/辽宁省/4121011432/PROFILE.md,universities/辽宁省/4121011432/VISUAL.md
4121011632,沈阳工程学院,7,3,6,universities/辽宁省/4121011632/PROFILE.md,universities/辽宁省/4121011632/VISUAL.md
4121011779,辽东学院,4,2,3,universities/辽宁省/4121011779/PROFILE.md,universities/辽宁省/4121011779/VISUAL.md
4121012026,大连民族大学,5,2,6,universities/辽宁省/4121012026/PROFILE.md,universities/辽宁省/4121012026/VISUAL.md
4121012595,辽宁理工职业大学,6,1,1,universities/辽宁省/4121012595/PROFILE.md,universities/辽宁省/4121012595/VISUAL.md
4121013198,大连工程学院,5,2,2,universities/辽宁省/4121013198/PROFILE.md,universities/辽宁省/4121013198/VISUAL.md
4121013199,沈阳工业大学工程学院,3,0,0,universities/辽宁省/4121013199/PROFILE.md,universities/辽宁省/4121013199/VISUAL.md
4121013200,沈阳航空航天大学北方科技学院,3,0,0,universities/辽宁省/4121013200/PROFILE.md,universities/辽宁省/4121013200/VISUAL.md
4121013201,沈阳工学院,7,1,4,universities/辽宁省/4121013201/PROFILE.md,universities/辽宁省/4121013201/VISUAL.md
4121013203,大连工业大学艺术与信息工程学院,6,1,3,universities/辽宁省/4121013203/PROFILE.md,universities/辽宁省/4121013203/VISUAL.md
4121013207,大连科技学院,6,1,2,universities/辽宁省/4121013207/PROFILE.md,universities/辽宁省/4121013207/VISUAL.md
4121013208,沈阳城市建设学院,7,1,2,universities/辽宁省/4121013208/PROFILE.md,universities/辽宁省/4121013208/VISUAL.md
4121013212,大连医科大学中山学院,6,3,2,universities/辽宁省/4121013212/PROFILE.md,universities/辽宁省/4121013212/VISUAL.md
4121013213,锦州医科大学医疗学院,7,4,2,universities/辽宁省/4121013213/PROFILE.md,universities/辽宁省/4121013213/VISUAL.md
4121013215,辽宁师范大学海华学院,7,2,4,universities/辽宁省/4121013215/PROFILE.md,universities/辽宁省/4121013215/VISUAL.md
4121013217,辽宁理工学院,7,2,2,universities/辽宁省/4121013217/PROFILE.md,universities/辽宁省/4121013217/VISUAL.md
4121013218,大连财经学院,6,2,2,universities/辽宁省/4121013218/PROFILE.md,universities/辽宁省/4121013218/VISUAL.md
4121013220,沈阳城市学院,6,2,2,universities/辽宁省/4121013220/PROFILE.md,universities/辽宁省/4121013220/VISUAL.md
4121013599,大连艺术学院,6,2,2,universities/辽宁省/4121013599/PROFILE.md,universities/辽宁省/4121013599/VISUAL.md
4121013609,辽宁中医药大学杏林学院,6,1,2,universities/辽宁省/4121013609/PROFILE.md,universities/辽宁省/4121013609/VISUAL.md
4121013610,辽宁何氏医学院,7,3,4,universities/辽宁省/4121013610/PROFILE.md,universities/辽宁省/4121013610/VISUAL.md
4121013621,沈阳科技学院,7,2,2,universities/辽宁省/4121013621/PROFILE.md,universities/辽宁省/4121013621/VISUAL.md
4121013631,大连东软信息学院,5,2,2,universities/辽宁省/4121013631/PROFILE.md,universities/辽宁省/4121013631/VISUAL.md
4121013900,辽宁财贸学院,4,1,2,universities/辽宁省/4121013900/PROFILE.md,universities/辽宁省/4121013900/VISUAL.md
4121013957,辽宁传媒学院,6,1,2,universities/辽宁省/4121013957/PROFILE.md,universities/辽宁省/4121013957/VISUAL.md
4121014435,营口理工学院,4,2,3,universities/辽宁省/4121014435/PROFILE.md,universities/辽宁省/4121014435/VISUAL.md
4150010611,重庆大学,9,78,15,universities/重庆市/4150010611/PROFILE.md,universities/重庆市/4150010611/VISUAL.md
4150010617,重庆邮电大学,7,5,10,universities/重庆市/4150010617/PROFILE.md,universities/重庆市/4150010617/VISUAL.md
4150010618,重庆交通大学,6,3,5,universities/重庆市/4150010618/PROFILE.md,universities/重庆市/4150010618/VISUAL.md
4150010631,重庆医科大学,8,2,6,universities/重庆市/4150010631/PROFILE.md,universities/重庆市/4150010631/VISUAL.md
4150010635,西南大学,12,4,13,universities/重庆市/4150010635/PROFILE.md,universities/重庆市/4150010635/VISUAL.md
4150010637,重庆师范大学,9,5,3,universities/重庆市/4150010637/PROFILE.md,universities/重庆市/4150010637/VISUAL.md
4150010642,重庆文理学院,7,4,6,universities/重庆市/4150010642/PROFILE.md,universities/重庆市/4150010642/VISUAL.md
4150010643,重庆三峡科技大学,6,2,2,universities/重庆市/4150010643/PROFILE.md,universities/重庆市/4150010643/VISUAL.md
4150010647,长江师范学院,6,4,3,universities/重庆市/4150010647/PROFILE.md,universities/重庆市/4150010647/VISUAL.md
4150010650,四川外国语大学,8,3,8,universities/重庆市/4150010650/PROFILE.md,universities/重庆市/4150010650/VISUAL.md
4150010652,西南政法大学,8,2,4,universities/重庆市/4150010652/PROFILE.md,universities/重庆市/4150010652/VISUAL.md
4150010655,四川美术学院,9,2,4,universities/重庆市/4150010655/PROFILE.md,universities/重庆市/4150010655/VISUAL.md
4150011551,重庆科技大学,6,2,2,universities/重庆市/4150011551/PROFILE.md,universities/重庆市/4150011551/VISUAL.md
4150011660,重庆理工大学,5,4,7,universities/重庆市/4150011660/PROFILE.md,universities/重庆市/4150011660/VISUAL.md
4150011799,重庆工商大学,7,2,3,universities/重庆市/4150011799/PROFILE.md,universities/重庆市/4150011799/VISUAL.md
4150012215,重庆工业职业技术大学,7,1,2,universities/重庆市/4150012215/PROFILE.md,universities/重庆市/4150012215/VISUAL.md
4150012607,重庆机电职业技术大学,7,1,1,universities/重庆市/4150012607/PROFILE.md,universities/重庆市/4150012607/VISUAL.md
4150012608,重庆工程学院,5,2,2,universities/重庆市/4150012608/PROFILE.md,universities/重庆市/4150012608/VISUAL.md
4150012609,重庆电子科技职业大学,7,2,2,universities/重庆市/4150012609/PROFILE.md,universities/重庆市/4150012609/VISUAL.md
4150012616,重庆城市科技学院,5,1,2,universities/重庆市/4150012616/PROFILE.md,universities/重庆市/4150012616/VISUAL.md
4150012757,重庆警察学院,4,1,3,universities/重庆市/4150012757/PROFILE.md,universities/重庆市/4150012757/VISUAL.md
4150012758,重庆城市管理职业大学,6,1,2,universities/重庆市/4150012758/PROFILE.md,universities/重庆市/4150012758/VISUAL.md
4150012759,重庆工程职业技术大学,4,1,2,universities/重庆市/4150012759/PROFILE.md,universities/重庆市/4150012759/VISUAL.md
4150013548,重庆人文科技学院,4,1,2,universities/重庆市/4150013548/PROFILE.md,universities/重庆市/4150013548/VISUAL.md
4150013588,重庆外语外事学院,6,2,2,universities/重庆市/4150013588/PROFILE.md,universities/重庆市/4150013588/VISUAL.md
4150013589,重庆对外经贸学院,6,2,5,universities/重庆市/4150013589/PROFILE.md,universities/重庆市/4150013589/VISUAL.md
4150013590,重庆财经学院,5,1,1,universities/重庆市/4150013590/PROFILE.md,universities/重庆市/4150013590/VISUAL.md
4150013591,重庆工商大学派斯学院,6,2,2,universities/重庆市/4150013591/PROFILE.md,universities/重庆市/4150013591/VISUAL.md
4150013627,重庆移通学院,7,2,2,universities/重庆市/4150013627/PROFILE.md,universities/重庆市/4150013627/VISUAL.md
4150014388,重庆第二师范学院,7,3,3,universities/重庆市/4150014388/PROFILE.md,universities/重庆市/4150014388/VISUAL.md
4150014830,重庆中医药学院,8,2,5,universities/重庆市/4150014830/PROFILE.md,universities/重庆市/4150014830/VISUAL.md
4161010697,西北大学,9,6,5,universities/陕西省/4161010697/PROFILE.md,universities/陕西省/4161010697/VISUAL.md
4161010698,西安交通大学,13,8,14,universities/陕西省/4161010698/PROFILE.md,universities/陕西省/4161010698/VISUAL.md
4161010699,西北工业大学,11,9,12,universities/陕西省/4161010699/PROFILE.md,universities/陕西省/4161010699/VISUAL.md
4161010700,西安理工大学,7,3,6,universities/陕西省/4161010700/PROFILE.md,universities/陕西省/4161010700/VISUAL.md
4161010701,西安电子科技大学,12,13,12,universities/陕西省/4161010701/PROFILE.md,universities/陕西省/4161010701/VISUAL.md
4161010702,西安工业大学,7,3,3,universities/陕西省/4161010702/PROFILE.md,universities/陕西省/4161010702/VISUAL.md
4161010703,西安建筑科技大学,8,3,15,universities/陕西省/4161010703/PROFILE.md,universities/陕西省/4161010703/VISUAL.md
4161010704,西安科技大学,7,2,4,universities/陕西省/4161010704/PROFILE.md,universities/陕西省/4161010704/VISUAL.md
4161010705,西安石油大学,7,3,3,universities/陕西省/4161010705/PROFILE.md,universities/陕西省/4161010705/VISUAL.md
4161010708,陕西科技大学,5,2,3,universities/陕西省/4161010708/PROFILE.md,universities/陕西省/4161010708/VISUAL.md
4161010709,西安工程大学,8,4,6,universities/陕西省/4161010709/PROFILE.md,universities/陕西省/4161010709/VISUAL.md
4161010710,长安大学,10,8,8,universities/陕西省/4161010710/PROFILE.md,universities/陕西省/4161010710/VISUAL.md
4161010712,西北农林科技大学,10,8,10,universities/陕西省/4161010712/PROFILE.md,universities/陕西省/4161010712/VISUAL.md
4161010716,陕西中医药大学,8,2,6,universities/陕西省/4161010716/PROFILE.md,universities/陕西省/4161010716/VISUAL.md
4161010718,陕西师范大学,11,6,5,universities/陕西省/4161010718/PROFILE.md,universities/陕西省/4161010718/VISUAL.md
4161010719,延安大学,7,3,6,universities/陕西省/4161010719/PROFILE.md,universities/陕西省/4161010719/VISUAL.md
4161010720,陕西理工大学,5,2,3,universities/陕西省/4161010720/PROFILE.md,universities/陕西省/4161010720/VISUAL.md
4161010721,宝鸡文理学院,5,3,3,universities/陕西省/4161010721/PROFILE.md,universities/陕西省/4161010721/VISUAL.md
4161010722,咸阳师范学院,7,3,3,universities/陕西省/4161010722/PROFILE.md,universities/陕西省/4161010722/VISUAL.md
4161010723,渭南师范学院,7,4,8,universities/陕西省/4161010723/PROFILE.md,universities/陕西省/4161010723/VISUAL.md
4161010724,西安外国语大学,7,2,3,universities/陕西省/4161010724/PROFILE.md,universities/陕西省/4161010724/VISUAL.md
4161010726,西北政法大学,11,4,6,universities/陕西省/4161010726/PROFILE.md,universities/陕西省/4161010726/VISUAL.md
4161010727,西安体育学院,7,3,8,universities/陕西省/4161010727/PROFILE.md,universities/陕西省/4161010727/VISUAL.md
4161010728,西安音乐学院,6,1,2,universities/陕西省/4161010728/PROFILE.md,universities/陕西省/4161010728/VISUAL.md
4161010729,西安美术学院,6,2,3,universities/陕西省/4161010729/PROFILE.md,universities/陕西省/4161010729/VISUAL.md
4161010828,陕西工业职业技术大学,6,2,2,universities/陕西省/4161010828/PROFILE.md,universities/陕西省/4161010828/VISUAL.md
4161010966,陕西农林职业技术大学,6,1,2,universities/陕西省/4161010966/PROFILE.md,universities/陕西省/4161010966/VISUAL.md
4161011080,西安文理学院,7,5,7,universities/陕西省/4161011080/PROFILE.md,universities/陕西省/4161011080/VISUAL.md
4161011395,榆林大学,7,1,3,universities/陕西省/4161011395/PROFILE.md,universities/陕西省/4161011395/VISUAL.md
4161011396,商洛学院,8,4,8,universities/陕西省/4161011396/PROFILE.md,universities/陕西省/4161011396/VISUAL.md
4161011397,安康学院,8,3,3,universities/陕西省/4161011397/PROFILE.md,universities/陕西省/4161011397/VISUAL.md
4161011400,西安培华学院,5,1,2,universities/陕西省/4161011400/PROFILE.md,universities/陕西省/4161011400/VISUAL.md
4161011560,西安财经大学,5,1,3,universities/陕西省/4161011560/PROFILE.md,universities/陕西省/4161011560/VISUAL.md
4161011664,西安邮电大学,6,3,6,universities/陕西省/4161011664/PROFILE.md,universities/陕西省/4161011664/VISUAL.md
4161011736,西安航空学院,7,4,3,universities/陕西省/4161011736/PROFILE.md,universities/陕西省/4161011736/VISUAL.md
4161011840,西安医学院,6,2,3,universities/陕西省/4161011840/PROFILE.md,universities/陕西省/4161011840/VISUAL.md
4161012712,西安欧亚学院,5,2,2,universities/陕西省/4161012712/PROFILE.md,universities/陕西省/4161012712/VISUAL.md
4161012713,西安外事学院,4,1,2,universities/陕西省/4161012713/PROFILE.md,universities/陕西省/4161012713/VISUAL.md
4161012714,西安翻译学院,6,2,2,universities/陕西省/4161012714/PROFILE.md,universities/陕西省/4161012714/VISUAL.md
4161012715,西京学院,8,1,13,universities/陕西省/4161012715/PROFILE.md,universities/陕西省/4161012715/VISUAL.md
4161013121,西安思源学院,5,2,2,universities/陕西省/4161013121/PROFILE.md,universities/陕西省/4161013121/VISUAL.md
4161013123,陕西国际商贸学院,7,2,2,universities/陕西省/4161013123/PROFILE.md,universities/陕西省/4161013123/VISUAL.md
4161013125,陕西服装工程学院,7,1,2,universities/陕西省/4161013125/PROFILE.md,universities/陕西省/4161013125/VISUAL.md
4161013569,西安交通工程学院,7,2,2,universities/陕西省/4161013569/PROFILE.md,universities/陕西省/4161013569/VISUAL.md
4161013677,西安交通大学城市学院,5,2,2,universities/陕西省/4161013677/PROFILE.md,universities/陕西省/4161013677/VISUAL.md
4161013678,西北大学现代学院,8,1,2,universities/陕西省/4161013678/PROFILE.md,universities/陕西省/4161013678/VISUAL.md
4161013679,西安建筑科技大学华清学院,4,1,2,universities/陕西省/4161013679/PROFILE.md,universities/陕西省/4161013679/VISUAL.md
4161013680,西安财经大学行知学院,4,1,2,universities/陕西省/4161013680/PROFILE.md,universities/陕西省/4161013680/VISUAL.md
4161013681,陕西科技大学镐京学院,6,1,2,universities/陕西省/4161013681/PROFILE.md,universities/陕西省/4161013681/VISUAL.md
4161013682,西安工商学院,6,2,4,universities/陕西省/4161013682/PROFILE.md,universities/陕西省/4161013682/VISUAL.md
4161013683,延安大学西安创新学院,6,4,8,universities/陕西省/4161013683/PROFILE.md,universities/陕西省/4161013683/VISUAL.md
4161013685,西安电子科技大学长安学院,3,0,0,universities/陕西省/4161013685/PROFILE.md,universities/陕西省/4161013685/VISUAL.md
4161013738,西安汽车职业大学,6,2,2,universities/陕西省/4161013738/PROFILE.md,universities/陕西省/4161013738/VISUAL.md
4161013819,陕西警察学院,4,1,2,universities/陕西省/4161013819/PROFILE.md,universities/陕西省/4161013819/VISUAL.md
4161013894,西安明德理工学院,6,2,2,universities/陕西省/4161013894/PROFILE.md,universities/陕西省/4161013894/VISUAL.md
4161014030,西安信息职业大学,7,2,2,universities/陕西省/4161014030/PROFILE.md,universities/陕西省/4161014030/VISUAL.md
4161014034,长安大学兴华学院,3,0,0,universities/陕西省/4161014034/PROFILE.md,universities/陕西省/4161014034/VISUAL.md
4161014041,西安理工大学高科学院,5,1,2,universities/陕西省/4161014041/PROFILE.md,universities/陕西省/4161014041/VISUAL.md
4161014042,西安科技大学高新学院,4,1,2,universities/陕西省/4161014042/PROFILE.md,universities/陕西省/4161014042/VISUAL.md
4161014390,陕西学前师范学院,6,3,3,universities/陕西省/4161014390/PROFILE.md,universities/陕西省/4161014390/VISUAL.md
4161014945,西安戏剧学院,5,1,3,universities/陕西省/4161014945/PROFILE.md,universities/陕西省/4161014945/VISUAL.md
4163010743,青海大学,9,6,10,universities/青海省/4163010743/PROFILE.md,universities/青海省/4163010743/VISUAL.md
4163010746,青海师范大学,9,3,6,universities/青海省/4163010746/PROFILE.md,universities/青海省/4163010746/VISUAL.md
4163010748,青海民族大学,4,1,3,universities/青海省/4163010748/PROFILE.md,universities/青海省/4163010748/VISUAL.md
4163012973,青海职业技术大学,4,1,2,universities/青海省/4163012973/PROFILE.md,universities/青海省/4163012973/VISUAL.md
4163013674,青海大学昆仑学院,6,1,2,universities/青海省/4163013674/PROFILE.md,universities/青海省/4163013674/VISUAL.md
4163014881,青海理工学院,5,2,2,universities/青海省/4163014881/PROFILE.md,universities/青海省/4163014881/VISUAL.md
4123010212,黑龙江大学,8,4,6,universities/黑龙江省/4123010212/PROFILE.md,universities/黑龙江省/4123010212/VISUAL.md
4123010213,哈尔滨工业大学,11,8,6,universities/黑龙江省/4123010213/PROFILE.md,universities/黑龙江省/4123010213/VISUAL.md
4123010214,哈尔滨理工大学,10,5,11,universities/黑龙江省/4123010214/PROFILE.md,universities/黑龙江省/4123010214/VISUAL.md
4123010217,哈尔滨工程大学,9,6,10,universities/黑龙江省/4123010217/PROFILE.md,universities/黑龙江省/4123010217/VISUAL.md
4123010219,黑龙江科技大学,7,3,5,universities/黑龙江省/4123010219/PROFILE.md,universities/黑龙江省/4123010219/VISUAL.md
4123010220,东北石油大学,7,5,3,universities/黑龙江省/4123010220/PROFILE.md,universities/黑龙江省/4123010220/VISUAL.md
4123010222,佳木斯大学,7,4,8,universities/黑龙江省/4123010222/PROFILE.md,universities/黑龙江省/4123010222/VISUAL.md
4123010223,黑龙江八一农垦大学,6,3,6,universities/黑龙江省/4123010223/PROFILE.md,universities/黑龙江省/4123010223/VISUAL.md
4123010224,东北农业大学,10,5,9,universities/黑龙江省/4123010224/PROFILE.md,universities/黑龙江省/4123010224/VISUAL.md
4123010225,东北林业大学,9,6,15,universities/黑龙江省/4123010225/PROFILE.md,universities/黑龙江省/4123010225/VISUAL.md
4123010226,哈尔滨医科大学,8,3,8,universities/黑龙江省/4123010226/PROFILE.md,universities/黑龙江省/4123010226/VISUAL.md
4123010228,黑龙江中医药大学,5,1,3,universities/黑龙江省/4123010228/PROFILE.md,universities/黑龙江省/4123010228/VISUAL.md
4123010229,牡丹江医科大学,8,2,4,universities/黑龙江省/4123010229/PROFILE.md,universities/黑龙江省/4123010229/VISUAL.md
4123010231,哈尔滨师范大学,9,4,6,universities/黑龙江省/4123010231/PROFILE.md,universities/黑龙江省/4123010231/VISUAL.md
4123010232,齐齐哈尔大学,6,3,6,universities/黑龙江省/4123010232/PROFILE.md,universities/黑龙江省/4123010232/VISUAL.md
4123010233,牡丹江师范学院,5,3,3,universities/黑龙江省/4123010233/PROFILE.md,universities/黑龙江省/4123010233/VISUAL.md
4123010234,哈尔滨学院,4,2,3,universities/黑龙江省/4123010234/PROFILE.md,universities/黑龙江省/4123010234/VISUAL.md
4123010235,大庆师范学院,9,3,3,universities/黑龙江省/4123010235/PROFILE.md,universities/黑龙江省/4123010235/VISUAL.md
4123010236,绥化学院,6,3,3,universities/黑龙江省/4123010236/PROFILE.md,universities/黑龙江省/4123010236/VISUAL.md
4123010240,哈尔滨商业大学,6,2,3,universities/黑龙江省/4123010240/PROFILE.md,universities/黑龙江省/4123010240/VISUAL.md
4123010242,哈尔滨体育学院,6,3,8,universities/黑龙江省/4123010242/PROFILE.md,universities/黑龙江省/4123010242/VISUAL.md
4123010245,哈尔滨金融学院,5,2,3,universities/黑龙江省/4123010245/PROFILE.md,universities/黑龙江省/4123010245/VISUAL.md
4123011230,齐齐哈尔医学院,6,4,10,universities/黑龙江省/4123011230/PROFILE.md,universities/黑龙江省/4123011230/VISUAL.md
4123011445,黑龙江工业学院,5,2,3,universities/黑龙江省/4123011445/PROFILE.md,universities/黑龙江省/4123011445/VISUAL.md
4123011446,黑龙江东方学院,4,1,2,universities/黑龙江省/4123011446/PROFILE.md,universities/黑龙江省/4123011446/VISUAL.md
4123011635,哈尔滨信息工程学院,5,2,2,universities/黑龙江省/4123011635/PROFILE.md,universities/黑龙江省/4123011635/VISUAL.md
4123011802,黑龙江工程学院,6,3,4,universities/黑龙江省/4123011802/PROFILE.md,universities/黑龙江省/4123011802/VISUAL.md
4123012053,哈尔滨建筑科技职业大学,4,1,0,universities/黑龙江省/4123012053/PROFILE.md,universities/黑龙江省/4123012053/VISUAL.md
4123012726,黑龙江农业工程职业技术大学,2,0,0,universities/黑龙江省/4123012726/PROFILE.md,universities/黑龙江省/4123012726/VISUAL.md
4123012729,齐齐哈尔工程学院,7,3,4,universities/黑龙江省/4123012729/PROFILE.md,universities/黑龙江省/4123012729/VISUAL.md
4123012911,哈尔滨职业技术大学,5,1,1,universities/黑龙江省/4123012911/PROFILE.md,universities/黑龙江省/4123012911/VISUAL.md
4123013296,黑龙江外国语学院,4,1,2,universities/黑龙江省/4123013296/PROFILE.md,universities/黑龙江省/4123013296/VISUAL.md
4123013298,黑龙江财经学院,5,2,2,universities/黑龙江省/4123013298/PROFILE.md,universities/黑龙江省/4123013298/VISUAL.md
4123013299,哈尔滨石油学院,6,1,2,universities/黑龙江省/4123013299/PROFILE.md,universities/黑龙江省/4123013299/VISUAL.md
4123013300,黑龙江工商学院,8,1,2,universities/黑龙江省/4123013300/PROFILE.md,universities/黑龙江省/4123013300/VISUAL.md
4123013301,哈尔滨远东理工学院,6,1,2,universities/黑龙江省/4123013301/PROFILE.md,universities/黑龙江省/4123013301/VISUAL.md
4123013303,哈尔滨剑桥学院,4,1,2,universities/黑龙江省/4123013303/PROFILE.md,universities/黑龙江省/4123013303/VISUAL.md
4123013304,黑龙江工程学院昆仑旅游学院,4,1,2,universities/黑龙江省/4123013304/PROFILE.md,universities/黑龙江省/4123013304/VISUAL.md
4123013306,哈尔滨广厦学院,5,2,4,universities/黑龙江省/4123013306/PROFILE.md,universities/黑龙江省/4123013306/VISUAL.md
4123013307,哈尔滨华德学院,9,2,2,universities/黑龙江省/4123013307/PROFILE.md,universities/黑龙江省/4123013307/VISUAL.md
4123013744,黑河学院,7,4,9,universities/黑龙江省/4123013744/PROFILE.md,universities/黑龙江省/4123013744/VISUAL.md
4123014560,哈尔滨音乐学院,5,2,2,universities/黑龙江省/4123014560/PROFILE.md,universities/黑龙江省/4123014560/VISUAL.md
