school_code,name_zh,field,value,source,source_type,source_as_of,verified,checked_at
4131010246,复旦大学,identity.short_name_zh,"""复旦""",https://github.com/Magicdover/China-Universities-2026/blob/419bdc7ce6956fc88c2b70b3979f170b6666f111/data/universities.js,community_dataset,2026-06-09,auto,2026-10-01
4131010246,复旦大学,identity.short_name_en,"""FDU""",https://github.com/Magicdover/China-Universities-2026/blob/419bdc7ce6956fc88c2b70b3979f170b6666f111/data/universities.js,community_dataset,2026-06-09,auto,2026-10-01
4131010246,复旦大学,identity.slug_aliases,"[""fudan-university""]",https://github.com/damitheswitch/china-universities-dataset/blob/5eaa2a93f86ac322d53a36da9977d9a4c80f1f56/data/universities.json,community_dataset,2026,auto,2026-10-01
4131010246,复旦大学,institution.school_type,"""综合""",https://github.com/xioajiumi/Chinese_Universities/blob/e088fddc329a6f0148ca72fd3b4d0fe069f13e3a/Chinese_Universities.json,community_dataset,2021,auto,2026-10-01
4131010246,复旦大学,institution.nature,"""公办""",https://github.com/damitheswitch/china-universities-dataset/blob/5eaa2a93f86ac322d53a36da9977d9a4c80f1f56/data/universities.json,community_dataset,2026,auto,2026-10-01
4131010246,复旦大学,institution.country,"""China""",https://github.com/damitheswitch/china-universities-dataset/blob/5eaa2a93f86ac322d53a36da9977d9a4c80f1f56/data/universities.json,community_dataset,2026,auto,2026-10-01
4131010246,复旦大学,institution.languages_of_instruction,"[""Chinese"", ""English""]",https://github.com/damitheswitch/china-universities-dataset/blob/5eaa2a93f86ac322d53a36da9977d9a4c80f1f56/data/universities.json,community_dataset,2026,auto,2026-10-01
4131010246,复旦大学,institution.groups,"[""双一流"", ""985"", ""211""]",https://github.com/damitheswitch/china-universities-dataset/blob/5eaa2a93f86ac322d53a36da9977d9a4c80f1f56/data/universities.json,community_dataset,2026,auto,2026-10-01
4131010246,复旦大学,location.coordinates,"{""longitude"": 121.503, ""latitude"": 31.298, ""crs"": ""unspecified"", ""precision"": ""approximate"", ""location_kind"": ""community_map_point""}",https://github.com/Magicdover/China-Universities-2026/blob/419bdc7ce6956fc88c2b70b3979f170b6666f111/data/universities.js,community_dataset,2026-06-09,auto,2026-10-01
4131010246,复旦大学,academics.double_first_class_disciplines,"[""哲学"", ""理论经济学"", ""中国语言文学"", ""数学"", ""物理学"", ""基础医学"", ""临床医学"", ""新闻传播学""]",https://github.com/Magicdover/China-Universities-2026/blob/419bdc7ce6956fc88c2b70b3979f170b6666f111/data/universities.js,community_dataset,2026-06-09,auto,2026-10-01
4131010246,复旦大学,resources.career_url,"""https://career.fudan.edu.cn/""",https://github.com/PotoYang/UniversityCareerWebPage/blob/0fbc54deee6a4a3aec67ffd77e41bccec898804e/README.md,community_dataset,2019-10-21,auto,2026-10-01
4131010246,复旦大学,resources.english_website,"""https://www.fudan.edu.cn/en/""",https://github.com/damitheswitch/china-universities-dataset/blob/5eaa2a93f86ac322d53a36da9977d9a4c80f1f56/data/universities.json,community_dataset,2026,auto,2026-10-01
4131010247,同济大学,identity.short_name_zh,"""同济""",https://github.com/Magicdover/China-Universities-2026/blob/419bdc7ce6956fc88c2b70b3979f170b6666f111/data/universities.js,community_dataset,2026-06-09,auto,2026-10-01
4131010247,同济大学,identity.short_name_en,"""Tongji""",https://github.com/Magicdover/China-Universities-2026/blob/419bdc7ce6956fc88c2b70b3979f170b6666f111/data/universities.js,community_dataset,2026-06-09,auto,2026-10-01
4131010247,同济大学,identity.slug_aliases,"[""tongji-university""]",https://github.com/damitheswitch/china-universities-dataset/blob/5eaa2a93f86ac322d53a36da9977d9a4c80f1f56/data/universities.json,community_dataset,2026,auto,2026-10-01
4131010247,同济大学,institution.school_type,"""理工""",https://github.com/xioajiumi/Chinese_Universities/blob/e088fddc329a6f0148ca72fd3b4d0fe069f13e3a/Chinese_Universities.json,community_dataset,2021,auto,2026-10-01
4131010247,同济大学,institution.country,"""China""",https://github.com/damitheswitch/china-universities-dataset/blob/5eaa2a93f86ac322d53a36da9977d9a4c80f1f56/data/universities.json,community_dataset,2026,auto,2026-10-01
4131010247,同济大学,institution.groups,"[""双一流"", ""985"", ""211""]",https://github.com/damitheswitch/china-universities-dataset/blob/5eaa2a93f86ac322d53a36da9977d9a4c80f1f56/data/universities.json,community_dataset,2026,auto,2026-10-01
4131010247,同济大学,location.coordinates,"{""longitude"": 121.503, ""latitude"": 31.283, ""crs"": ""unspecified"", ""precision"": ""approximate"", ""location_kind"": ""community_map_point""}",https://github.com/Magicdover/China-Universities-2026/blob/419bdc7ce6956fc88c2b70b3979f170b6666f111/data/universities.js,community_dataset,2026-06-09,auto,2026-10-01
4131010247,同济大学,academics.double_first_class_disciplines,"[""建筑学"", ""土木工程"", ""城乡规划学"", ""风景园林学"", ""环境科学与工程"", ""测绘科学与技术"", ""交通运输工程"", ""设计学""]",https://github.com/Magicdover/China-Universities-2026/blob/419bdc7ce6956fc88c2b70b3979f170b6666f111/data/universities.js,community_dataset,2026-06-09,auto,2026-10-01
4131010247,同济大学,resources.career_url,"""https://tj91.tongji.edu.cn/""",https://github.com/PotoYang/UniversityCareerWebPage/blob/0fbc54deee6a4a3aec67ffd77e41bccec898804e/README.md,community_dataset,2019-10-21,auto,2026-10-01
4131010248,上海交通大学,identity.short_name_zh,"""上交""",https://github.com/Magicdover/China-Universities-2026/blob/419bdc7ce6956fc88c2b70b3979f170b6666f111/data/universities.js,community_dataset,2026-06-09,auto,2026-10-01
4131010248,上海交通大学,identity.short_name_en,"""SJTU""",https://github.com/Magicdover/China-Universities-2026/blob/419bdc7ce6956fc88c2b70b3979f170b6666f111/data/universities.js,community_dataset,2026-06-09,auto,2026-10-01
4131010248,上海交通大学,identity.slug_aliases,"[""shanghai-jiao-tong-university""]",https://github.com/damitheswitch/china-universities-dataset/blob/5eaa2a93f86ac322d53a36da9977d9a4c80f1f56/data/universities.json,community_dataset,2026,auto,2026-10-01
4131010248,上海交通大学,institution.school_type,"""综合""",https://github.com/xioajiumi/Chinese_Universities/blob/e088fddc329a6f0148ca72fd3b4d0fe069f13e3a/Chinese_Universities.json,community_dataset,2021,auto,2026-10-01
4131010248,上海交通大学,institution.nature,"""公办""",https://github.com/damitheswitch/china-universities-dataset/blob/5eaa2a93f86ac322d53a36da9977d9a4c80f1f56/data/universities.json,community_dataset,2026,auto,2026-10-01
4131010248,上海交通大学,institution.country,"""China""",https://github.com/damitheswitch/china-universities-dataset/blob/5eaa2a93f86ac322d53a36da9977d9a4c80f1f56/data/universities.json,community_dataset,2026,auto,2026-10-01
4131010248,上海交通大学,institution.languages_of_instruction,"[""Chinese"", ""English""]",https://github.com/damitheswitch/china-universities-dataset/blob/5eaa2a93f86ac322d53a36da9977d9a4c80f1f56/data/universities.json,community_dataset,2026,auto,2026-10-01
4131010248,上海交通大学,institution.groups,"[""双一流"", ""985"", ""211""]",https://github.com/damitheswitch/china-universities-dataset/blob/5eaa2a93f86ac322d53a36da9977d9a4c80f1f56/data/universities.json,community_dataset,2026,auto,2026-10-01
4131010248,上海交通大学,location.coordinates,"{""longitude"": 121.434, ""latitude"": 31.025, ""crs"": ""unspecified"", ""precision"": ""approximate"", ""location_kind"": ""community_map_point""}",https://github.com/Magicdover/China-Universities-2026/blob/419bdc7ce6956fc88c2b70b3979f170b6666f111/data/universities.js,community_dataset,2026-06-09,auto,2026-10-01
4131010248,上海交通大学,academics.double_first_class_disciplines,"[""机械工程"", ""船舶与海洋工程"", ""生物医学工程"", ""临床医学"", ""计算机科学与技术"", ""工商管理""]",https://github.com/Magicdover/China-Universities-2026/blob/419bdc7ce6956fc88c2b70b3979f170b6666f111/data/universities.js,community_dataset,2026-06-09,auto,2026-10-01
4131010248,上海交通大学,resources.career_url,"""http://www.job.sjtu.edu.cn/""",https://github.com/PotoYang/UniversityCareerWebPage/blob/0fbc54deee6a4a3aec67ffd77e41bccec898804e/README.md,community_dataset,2019-10-21,auto,2026-10-01
4131010251,华东理工大学,identity.short_name_zh,"""华理""",https://github.com/Magicdover/China-Universities-2026/blob/419bdc7ce6956fc88c2b70b3979f170b6666f111/data/uni-211.js,community_dataset,2026-06-09,auto,2026-10-01
4131010251,华东理工大学,identity.short_name_en,"""ECUST""",https://github.com/Magicdover/China-Universities-2026/blob/419bdc7ce6956fc88c2b70b3979f170b6666f111/data/uni-211.js,community_dataset,2026-06-09,auto,2026-10-01
4131010251,华东理工大学,identity.slug_aliases,"[""east-china-university-of-science-and-technology""]",https://github.com/damitheswitch/china-universities-dataset/blob/5eaa2a93f86ac322d53a36da9977d9a4c80f1f56/data/universities.json,community_dataset,2026,auto,2026-10-01
4131010251,华东理工大学,institution.school_type,"""理工""",https://github.com/xioajiumi/Chinese_Universities/blob/e088fddc329a6f0148ca72fd3b4d0fe069f13e3a/Chinese_Universities.json,community_dataset,2021,auto,2026-10-01
4131010251,华东理工大学,institution.country,"""China""",https://github.com/damitheswitch/china-universities-dataset/blob/5eaa2a93f86ac322d53a36da9977d9a4c80f1f56/data/universities.json,community_dataset,2026,auto,2026-10-01
4131010251,华东理工大学,institution.groups,"[""双一流"", ""211""]",https://github.com/damitheswitch/china-universities-dataset/blob/5eaa2a93f86ac322d53a36da9977d9a4c80f1f56/data/universities.json,community_dataset,2026,auto,2026-10-01
4131010251,华东理工大学,location.coordinates,"{""longitude"": 121.425, ""latitude"": 31.158, ""crs"": ""unspecified"", ""precision"": ""approximate"", ""location_kind"": ""community_map_point""}",https://github.com/Magicdover/China-Universities-2026/blob/419bdc7ce6956fc88c2b70b3979f170b6666f111/data/uni-211.js,community_dataset,2026-06-09,auto,2026-10-01
4131010251,华东理工大学,academics.double_first_class_disciplines,"[""化学工程与技术""]",https://github.com/Magicdover/China-Universities-2026/blob/419bdc7ce6956fc88c2b70b3979f170b6666f111/data/uni-211.js,community_dataset,2026-06-09,auto,2026-10-01
4131010251,华东理工大学,resources.career_url,"""https://career.ecust.edu.cn/""",https://github.com/PotoYang/UniversityCareerWebPage/blob/0fbc54deee6a4a3aec67ffd77e41bccec898804e/README.md,community_dataset,2019-10-21,auto,2026-10-01
4131010252,上海理工大学,identity.short_name_zh,"""上理工""",https://github.com/Magicdover/China-Universities-2026/blob/419bdc7ce6956fc88c2b70b3979f170b6666f111/data/uni-extra2.js,community_dataset,2026-06-09,auto,2026-10-01
4131010252,上海理工大学,identity.short_name_en,"""USST""",https://github.com/Magicdover/China-Universities-2026/blob/419bdc7ce6956fc88c2b70b3979f170b6666f111/data/uni-extra2.js,community_dataset,2026-06-09,auto,2026-10-01
4131010252,上海理工大学,identity.slug_aliases,"[""university-of-shanghai-for-science-and-technology""]",https://github.com/damitheswitch/china-universities-dataset/blob/5eaa2a93f86ac322d53a36da9977d9a4c80f1f56/data/universities.json,community_dataset,2026,auto,2026-10-01
4131010252,上海理工大学,institution.school_type,"""理工""",https://github.com/xioajiumi/Chinese_Universities/blob/e088fddc329a6f0148ca72fd3b4d0fe069f13e3a/Chinese_Universities.json,community_dataset,2021,auto,2026-10-01
4131010252,上海理工大学,institution.country,"""China""",https://github.com/damitheswitch/china-universities-dataset/blob/5eaa2a93f86ac322d53a36da9977d9a4c80f1f56/data/universities.json,community_dataset,2026,auto,2026-10-01
4131010252,上海理工大学,location.coordinates,"{""longitude"": 121.502, ""latitude"": 31.293, ""crs"": ""unspecified"", ""precision"": ""approximate"", ""location_kind"": ""community_map_point""}",https://github.com/Magicdover/China-Universities-2026/blob/419bdc7ce6956fc88c2b70b3979f170b6666f111/data/uni-extra2.js,community_dataset,2026-06-09,auto,2026-10-01
4131010252,上海理工大学,resources.career_url,"""https://91.usst.edu.cn/""",https://github.com/PotoYang/UniversityCareerWebPage/blob/0fbc54deee6a4a3aec67ffd77e41bccec898804e/README.md,community_dataset,2019-10-21,auto,2026-10-01
4131010254,上海海事大学,identity.slug_aliases,"[""shanghai-maritime-university""]",https://github.com/damitheswitch/china-universities-dataset/blob/5eaa2a93f86ac322d53a36da9977d9a4c80f1f56/data/universities.json,community_dataset,2026,auto,2026-10-01
4131010254,上海海事大学,institution.school_type,"""理工""",https://github.com/xioajiumi/Chinese_Universities/blob/e088fddc329a6f0148ca72fd3b4d0fe069f13e3a/Chinese_Universities.json,community_dataset,2021,auto,2026-10-01
4131010254,上海海事大学,institution.country,"""China""",https://github.com/damitheswitch/china-universities-dataset/blob/5eaa2a93f86ac322d53a36da9977d9a4c80f1f56/data/universities.json,community_dataset,2026,auto,2026-10-01
4131010254,上海海事大学,resources.career_url,"""http://job.shmtu.edu.cn/""",https://github.com/PotoYang/UniversityCareerWebPage/blob/0fbc54deee6a4a3aec67ffd77e41bccec898804e/README.md,community_dataset,2019-10-21,auto,2026-10-01
4131010255,东华大学,identity.short_name_zh,"""东华""",https://github.com/Magicdover/China-Universities-2026/blob/419bdc7ce6956fc88c2b70b3979f170b6666f111/data/uni-211.js,community_dataset,2026-06-09,auto,2026-10-01
4131010255,东华大学,identity.short_name_en,"""DHU""",https://github.com/Magicdover/China-Universities-2026/blob/419bdc7ce6956fc88c2b70b3979f170b6666f111/data/uni-211.js,community_dataset,2026-06-09,auto,2026-10-01
4131010255,东华大学,identity.slug_aliases,"[""donghua-university""]",https://github.com/damitheswitch/china-universities-dataset/blob/5eaa2a93f86ac322d53a36da9977d9a4c80f1f56/data/universities.json,community_dataset,2026,auto,2026-10-01
4131010255,东华大学,institution.school_type,"""理工""",https://github.com/xioajiumi/Chinese_Universities/blob/e088fddc329a6f0148ca72fd3b4d0fe069f13e3a/Chinese_Universities.json,community_dataset,2021,auto,2026-10-01
4131010255,东华大学,institution.country,"""China""",https://github.com/damitheswitch/china-universities-dataset/blob/5eaa2a93f86ac322d53a36da9977d9a4c80f1f56/data/universities.json,community_dataset,2026,auto,2026-10-01
4131010255,东华大学,institution.groups,"[""双一流"", ""211""]",https://github.com/damitheswitch/china-universities-dataset/blob/5eaa2a93f86ac322d53a36da9977d9a4c80f1f56/data/universities.json,community_dataset,2026,auto,2026-10-01
4131010255,东华大学,location.coordinates,"{""longitude"": 121.351, ""latitude"": 31.201, ""crs"": ""unspecified"", ""precision"": ""approximate"", ""location_kind"": ""community_map_point""}",https://github.com/Magicdover/China-Universities-2026/blob/419bdc7ce6956fc88c2b70b3979f170b6666f111/data/uni-211.js,community_dataset,2026-06-09,auto,2026-10-01
4131010255,东华大学,academics.double_first_class_disciplines,"[""纺织科学与工程""]",https://github.com/Magicdover/China-Universities-2026/blob/419bdc7ce6956fc88c2b70b3979f170b6666f111/data/uni-211.js,community_dataset,2026-06-09,auto,2026-10-01
4131010255,东华大学,resources.career_url,"""http://ejob.dhu.edu.cn/""",https://github.com/PotoYang/UniversityCareerWebPage/blob/0fbc54deee6a4a3aec67ffd77e41bccec898804e/README.md,community_dataset,2019-10-21,auto,2026-10-01
4131010256,上海电力大学,identity.slug_aliases,"[""shanghai-university-of-electric-power""]",https://github.com/damitheswitch/china-universities-dataset/blob/5eaa2a93f86ac322d53a36da9977d9a4c80f1f56/data/universities.json,community_dataset,2026,auto,2026-10-01
4131010256,上海电力大学,institution.school_type,"""理工""",https://github.com/xioajiumi/Chinese_Universities/blob/e088fddc329a6f0148ca72fd3b4d0fe069f13e3a/Chinese_Universities.json,community_dataset,2021,auto,2026-10-01
4131010256,上海电力大学,institution.country,"""China""",https://github.com/damitheswitch/china-universities-dataset/blob/5eaa2a93f86ac322d53a36da9977d9a4c80f1f56/data/universities.json,community_dataset,2026,auto,2026-10-01
4131010259,上海应用技术大学,identity.slug_aliases,"[""shanghai-institute-of-technology""]",https://github.com/damitheswitch/china-universities-dataset/blob/5eaa2a93f86ac322d53a36da9977d9a4c80f1f56/data/universities.json,community_dataset,2026,auto,2026-10-01
4131010259,上海应用技术大学,institution.school_type,"""理工""",https://github.com/xioajiumi/Chinese_Universities/blob/e088fddc329a6f0148ca72fd3b4d0fe069f13e3a/Chinese_Universities.json,community_dataset,2021,auto,2026-10-01
4131010259,上海应用技术大学,institution.country,"""China""",https://github.com/damitheswitch/china-universities-dataset/blob/5eaa2a93f86ac322d53a36da9977d9a4c80f1f56/data/universities.json,community_dataset,2026,auto,2026-10-01
4131010264,上海海洋大学,identity.slug_aliases,"[""shanghai-ocean-university""]",https://github.com/damitheswitch/china-universities-dataset/blob/5eaa2a93f86ac322d53a36da9977d9a4c80f1f56/data/universities.json,community_dataset,2026,auto,2026-10-01
4131010264,上海海洋大学,institution.school_type,"""农业""",https://github.com/xioajiumi/Chinese_Universities/blob/e088fddc329a6f0148ca72fd3b4d0fe069f13e3a/Chinese_Universities.json,community_dataset,2021,auto,2026-10-01
4131010264,上海海洋大学,institution.country,"""China""",https://github.com/damitheswitch/china-universities-dataset/blob/5eaa2a93f86ac322d53a36da9977d9a4c80f1f56/data/universities.json,community_dataset,2026,auto,2026-10-01
4131010264,上海海洋大学,institution.groups,"[""双一流""]",https://github.com/damitheswitch/china-universities-dataset/blob/5eaa2a93f86ac322d53a36da9977d9a4c80f1f56/data/universities.json,community_dataset,2026,auto,2026-10-01
4131010268,上海中医药大学,identity.short_name_zh,"""上中医""",https://github.com/Magicdover/China-Universities-2026/blob/419bdc7ce6956fc88c2b70b3979f170b6666f111/data/uni-extra.js,community_dataset,2026-06-09,auto,2026-10-01
4131010268,上海中医药大学,identity.short_name_en,"""SHUTCM""",https://github.com/Magicdover/China-Universities-2026/blob/419bdc7ce6956fc88c2b70b3979f170b6666f111/data/uni-extra.js,community_dataset,2026-06-09,auto,2026-10-01
4131010268,上海中医药大学,institution.school_type,"""医药""",https://github.com/Magicdover/China-Universities-2026/blob/419bdc7ce6956fc88c2b70b3979f170b6666f111/data/uni-extra.js,community_dataset,2026-06-09,auto,2026-10-01
4131010268,上海中医药大学,institution.groups,"[""双一流""]",https://github.com/Magicdover/China-Universities-2026/blob/419bdc7ce6956fc88c2b70b3979f170b6666f111/data/uni-extra.js,community_dataset,2026-06-09,auto,2026-10-01
4131010268,上海中医药大学,location.coordinates,"{""longitude"": 121.504, ""latitude"": 31.201, ""crs"": ""unspecified"", ""precision"": ""approximate"", ""location_kind"": ""community_map_point""}",https://github.com/Magicdover/China-Universities-2026/blob/419bdc7ce6956fc88c2b70b3979f170b6666f111/data/uni-extra.js,community_dataset,2026-06-09,auto,2026-10-01
4131010268,上海中医药大学,academics.double_first_class_disciplines,"[""中医学"", ""中药学""]",https://github.com/Magicdover/China-Universities-2026/blob/419bdc7ce6956fc88c2b70b3979f170b6666f111/data/uni-extra.js,community_dataset,2026-06-09,auto,2026-10-01
4131010269,华东师范大学,identity.short_name_zh,"""华师大""",https://github.com/Magicdover/China-Universities-2026/blob/419bdc7ce6956fc88c2b70b3979f170b6666f111/data/universities.js,community_dataset,2026-06-09,auto,2026-10-01
4131010269,华东师范大学,identity.short_name_en,"""ECNU""",https://github.com/Magicdover/China-Universities-2026/blob/419bdc7ce6956fc88c2b70b3979f170b6666f111/data/universities.js,community_dataset,2026-06-09,auto,2026-10-01
4131010269,华东师范大学,identity.slug_aliases,"[""east-china-normal-university""]",https://github.com/damitheswitch/china-universities-dataset/blob/5eaa2a93f86ac322d53a36da9977d9a4c80f1f56/data/universities.json,community_dataset,2026,auto,2026-10-01
4131010269,华东师范大学,institution.school_type,"""师范""",https://github.com/xioajiumi/Chinese_Universities/blob/e088fddc329a6f0148ca72fd3b4d0fe069f13e3a/Chinese_Universities.json,community_dataset,2021,auto,2026-10-01
4131010269,华东师范大学,institution.country,"""China""",https://github.com/damitheswitch/china-universities-dataset/blob/5eaa2a93f86ac322d53a36da9977d9a4c80f1f56/data/universities.json,community_dataset,2026,auto,2026-10-01
4131010269,华东师范大学,institution.groups,"[""双一流"", ""985"", ""211""]",https://github.com/damitheswitch/china-universities-dataset/blob/5eaa2a93f86ac322d53a36da9977d9a4c80f1f56/data/universities.json,community_dataset,2026,auto,2026-10-01
4131010269,华东师范大学,location.coordinates,"{""longitude"": 121.405, ""latitude"": 31.228, ""crs"": ""unspecified"", ""precision"": ""approximate"", ""location_kind"": ""community_map_point""}",https://github.com/Magicdover/China-Universities-2026/blob/419bdc7ce6956fc88c2b70b3979f170b6666f111/data/universities.js,community_dataset,2026-06-09,auto,2026-10-01
4131010269,华东师范大学,academics.double_first_class_disciplines,"[""教育学"", ""生态学"", ""统计学"", ""世界史"", ""地理学"", ""软件工程""]",https://github.com/Magicdover/China-Universities-2026/blob/419bdc7ce6956fc88c2b70b3979f170b6666f111/data/universities.js,community_dataset,2026-06-09,auto,2026-10-01
4131010269,华东师范大学,resources.career_url,"""https://career.ecnu.edu.cn/common/index.aspx""",https://github.com/PotoYang/UniversityCareerWebPage/blob/0fbc54deee6a4a3aec67ffd77e41bccec898804e/README.md,community_dataset,2019-10-21,auto,2026-10-01
4131010270,上海师范大学,identity.slug_aliases,"[""shanghai-normal-university""]",https://github.com/damitheswitch/china-universities-dataset/blob/5eaa2a93f86ac322d53a36da9977d9a4c80f1f56/data/universities.json,community_dataset,2026,auto,2026-10-01
4131010270,上海师范大学,institution.school_type,"""师范""",https://github.com/xioajiumi/Chinese_Universities/blob/e088fddc329a6f0148ca72fd3b4d0fe069f13e3a/Chinese_Universities.json,community_dataset,2021,auto,2026-10-01
4131010270,上海师范大学,institution.country,"""China""",https://github.com/damitheswitch/china-universities-dataset/blob/5eaa2a93f86ac322d53a36da9977d9a4c80f1f56/data/universities.json,community_dataset,2026,auto,2026-10-01
4131010270,上海师范大学,resources.career_url,"""http://shnu.jysd.com/""",https://github.com/PotoYang/UniversityCareerWebPage/blob/0fbc54deee6a4a3aec67ffd77e41bccec898804e/README.md,community_dataset,2019-10-21,auto,2026-10-01
4131010271,上海外国语大学,identity.short_name_zh,"""上外""",https://github.com/Magicdover/China-Universities-2026/blob/419bdc7ce6956fc88c2b70b3979f170b6666f111/data/uni-special.js,community_dataset,2026-06-09,auto,2026-10-01
4131010271,上海外国语大学,identity.short_name_en,"""SISU""",https://github.com/Magicdover/China-Universities-2026/blob/419bdc7ce6956fc88c2b70b3979f170b6666f111/data/uni-special.js,community_dataset,2026-06-09,auto,2026-10-01
4131010271,上海外国语大学,institution.school_type,"""语言""",https://github.com/Magicdover/China-Universities-2026/blob/419bdc7ce6956fc88c2b70b3979f170b6666f111/data/uni-special.js,community_dataset,2026-06-09,auto,2026-10-01
4131010271,上海外国语大学,institution.groups,"[""211"", ""双一流""]",https://github.com/Magicdover/China-Universities-2026/blob/419bdc7ce6956fc88c2b70b3979f170b6666f111/data/uni-special.js,community_dataset,2026-06-09,auto,2026-10-01
4131010271,上海外国语大学,location.coordinates,"{""longitude"": 121.512, ""latitude"": 31.302, ""crs"": ""unspecified"", ""precision"": ""approximate"", ""location_kind"": ""community_map_point""}",https://github.com/Magicdover/China-Universities-2026/blob/419bdc7ce6956fc88c2b70b3979f170b6666f111/data/uni-special.js,community_dataset,2026-06-09,auto,2026-10-01
4131010271,上海外国语大学,academics.double_first_class_disciplines,"[""外国语言文学""]",https://github.com/Magicdover/China-Universities-2026/blob/419bdc7ce6956fc88c2b70b3979f170b6666f111/data/uni-special.js,community_dataset,2026-06-09,auto,2026-10-01
4131010271,上海外国语大学,resources.career_url,"""http://career.shisu.edu.cn/""",https://github.com/PotoYang/UniversityCareerWebPage/blob/0fbc54deee6a4a3aec67ffd77e41bccec898804e/README.md,community_dataset,2019-10-21,auto,2026-10-01
4131010272,上海财经大学,identity.short_name_zh,"""上财""",https://github.com/Magicdover/China-Universities-2026/blob/419bdc7ce6956fc88c2b70b3979f170b6666f111/data/uni-special.js,community_dataset,2026-06-09,auto,2026-10-01
4131010272,上海财经大学,identity.short_name_en,"""SUFE""",https://github.com/Magicdover/China-Universities-2026/blob/419bdc7ce6956fc88c2b70b3979f170b6666f111/data/uni-special.js,community_dataset,2026-06-09,auto,2026-10-01
4131010272,上海财经大学,institution.school_type,"""财经""",https://github.com/Magicdover/China-Universities-2026/blob/419bdc7ce6956fc88c2b70b3979f170b6666f111/data/uni-special.js,community_dataset,2026-06-09,auto,2026-10-01
4131010272,上海财经大学,institution.groups,"[""211"", ""双一流"", ""两财一贸""]",https://github.com/Magicdover/China-Universities-2026/blob/419bdc7ce6956fc88c2b70b3979f170b6666f111/data/uni-special.js,community_dataset,2026-06-09,auto,2026-10-01
4131010272,上海财经大学,location.coordinates,"{""longitude"": 121.498, ""latitude"": 31.305, ""crs"": ""unspecified"", ""precision"": ""approximate"", ""location_kind"": ""community_map_point""}",https://github.com/Magicdover/China-Universities-2026/blob/419bdc7ce6956fc88c2b70b3979f170b6666f111/data/uni-special.js,community_dataset,2026-06-09,auto,2026-10-01
4131010272,上海财经大学,academics.double_first_class_disciplines,"[""应用经济学"", ""统计学""]",https://github.com/Magicdover/China-Universities-2026/blob/419bdc7ce6956fc88c2b70b3979f170b6666f111/data/uni-special.js,community_dataset,2026-06-09,auto,2026-10-01
4131010272,上海财经大学,resources.career_url,"""http://career.sufe.edu.cn//""",https://github.com/PotoYang/UniversityCareerWebPage/blob/0fbc54deee6a4a3aec67ffd77e41bccec898804e/README.md,community_dataset,2019-10-21,auto,2026-10-01
4131010274,上海海关学院,identity.slug_aliases,"[""shanghai-customs-college""]",https://github.com/damitheswitch/china-universities-dataset/blob/5eaa2a93f86ac322d53a36da9977d9a4c80f1f56/data/universities.json,community_dataset,2026,auto,2026-10-01
4131010274,上海海关学院,institution.school_type,"""综合""",https://github.com/xioajiumi/Chinese_Universities/blob/e088fddc329a6f0148ca72fd3b4d0fe069f13e3a/Chinese_Universities.json,community_dataset,2021,auto,2026-10-01
4131010274,上海海关学院,institution.country,"""China""",https://github.com/damitheswitch/china-universities-dataset/blob/5eaa2a93f86ac322d53a36da9977d9a4c80f1f56/data/universities.json,community_dataset,2026,auto,2026-10-01
4131010276,华东政法大学,identity.short_name_zh,"""华政""",https://github.com/Magicdover/China-Universities-2026/blob/419bdc7ce6956fc88c2b70b3979f170b6666f111/data/uni-special.js,community_dataset,2026-06-09,auto,2026-10-01
4131010276,华东政法大学,identity.short_name_en,"""ECUPL""",https://github.com/Magicdover/China-Universities-2026/blob/419bdc7ce6956fc88c2b70b3979f170b6666f111/data/uni-special.js,community_dataset,2026-06-09,auto,2026-10-01
4131010276,华东政法大学,institution.school_type,"""政法""",https://github.com/Magicdover/China-Universities-2026/blob/419bdc7ce6956fc88c2b70b3979f170b6666f111/data/uni-special.js,community_dataset,2026-06-09,auto,2026-10-01
4131010276,华东政法大学,institution.groups,"[""政法五院""]",https://github.com/Magicdover/China-Universities-2026/blob/419bdc7ce6956fc88c2b70b3979f170b6666f111/data/uni-special.js,community_dataset,2026-06-09,auto,2026-10-01
4131010276,华东政法大学,location.coordinates,"{""longitude"": 121.401, ""latitude"": 31.221, ""crs"": ""unspecified"", ""precision"": ""approximate"", ""location_kind"": ""community_map_point""}",https://github.com/Magicdover/China-Universities-2026/blob/419bdc7ce6956fc88c2b70b3979f170b6666f111/data/uni-special.js,community_dataset,2026-06-09,auto,2026-10-01
4131010277,上海体育大学,identity.short_name_zh,"""上体""",https://github.com/Magicdover/China-Universities-2026/blob/419bdc7ce6956fc88c2b70b3979f170b6666f111/data/uni-extra.js,community_dataset,2026-06-09,auto,2026-10-01
4131010277,上海体育大学,identity.short_name_en,"""SUS""",https://github.com/Magicdover/China-Universities-2026/blob/419bdc7ce6956fc88c2b70b3979f170b6666f111/data/uni-extra.js,community_dataset,2026-06-09,auto,2026-10-01
4131010277,上海体育大学,institution.school_type,"""体育""",https://github.com/Magicdover/China-Universities-2026/blob/419bdc7ce6956fc88c2b70b3979f170b6666f111/data/uni-extra.js,community_dataset,2026-06-09,auto,2026-10-01
4131010277,上海体育大学,institution.groups,"[""双一流""]",https://github.com/Magicdover/China-Universities-2026/blob/419bdc7ce6956fc88c2b70b3979f170b6666f111/data/uni-extra.js,community_dataset,2026-06-09,auto,2026-10-01
4131010277,上海体育大学,location.coordinates,"{""longitude"": 121.512, ""latitude"": 31.304, ""crs"": ""unspecified"", ""precision"": ""approximate"", ""location_kind"": ""community_map_point""}",https://github.com/Magicdover/China-Universities-2026/blob/419bdc7ce6956fc88c2b70b3979f170b6666f111/data/uni-extra.js,community_dataset,2026-06-09,auto,2026-10-01
4131010277,上海体育大学,academics.double_first_class_disciplines,"[""体育学""]",https://github.com/Magicdover/China-Universities-2026/blob/419bdc7ce6956fc88c2b70b3979f170b6666f111/data/uni-extra.js,community_dataset,2026-06-09,auto,2026-10-01
4131010278,上海音乐学院,identity.short_name_zh,"""上音""",https://github.com/Magicdover/China-Universities-2026/blob/419bdc7ce6956fc88c2b70b3979f170b6666f111/data/uni-extra.js,community_dataset,2026-06-09,auto,2026-10-01
4131010278,上海音乐学院,identity.short_name_en,"""SHCM""",https://github.com/Magicdover/China-Universities-2026/blob/419bdc7ce6956fc88c2b70b3979f170b6666f111/data/uni-extra.js,community_dataset,2026-06-09,auto,2026-10-01
4131010278,上海音乐学院,institution.school_type,"""艺术""",https://github.com/Magicdover/China-Universities-2026/blob/419bdc7ce6956fc88c2b70b3979f170b6666f111/data/uni-extra.js,community_dataset,2026-06-09,auto,2026-10-01
4131010278,上海音乐学院,institution.groups,"[""双一流""]",https://github.com/Magicdover/China-Universities-2026/blob/419bdc7ce6956fc88c2b70b3979f170b6666f111/data/uni-extra.js,community_dataset,2026-06-09,auto,2026-10-01
4131010278,上海音乐学院,location.coordinates,"{""longitude"": 121.461, ""latitude"": 31.209, ""crs"": ""unspecified"", ""precision"": ""approximate"", ""location_kind"": ""community_map_point""}",https://github.com/Magicdover/China-Universities-2026/blob/419bdc7ce6956fc88c2b70b3979f170b6666f111/data/uni-extra.js,community_dataset,2026-06-09,auto,2026-10-01
4131010278,上海音乐学院,academics.double_first_class_disciplines,"[""音乐与舞蹈学""]",https://github.com/Magicdover/China-Universities-2026/blob/419bdc7ce6956fc88c2b70b3979f170b6666f111/data/uni-extra.js,community_dataset,2026-06-09,auto,2026-10-01
4131010278,上海音乐学院,resources.career_url,"""https://xsc.shcmusic.edu.cn/category/stu/jyzp.html""",https://github.com/PotoYang/UniversityCareerWebPage/blob/0fbc54deee6a4a3aec67ffd77e41bccec898804e/README.md,community_dataset,2019-10-21,auto,2026-10-01
4131010279,上海戏剧学院,identity.short_name_zh,"""上戏""",https://github.com/Magicdover/China-Universities-2026/blob/419bdc7ce6956fc88c2b70b3979f170b6666f111/data/uni-extra2.js,community_dataset,2026-06-09,auto,2026-10-01
4131010279,上海戏剧学院,identity.short_name_en,"""STA""",https://github.com/Magicdover/China-Universities-2026/blob/419bdc7ce6956fc88c2b70b3979f170b6666f111/data/uni-extra2.js,community_dataset,2026-06-09,auto,2026-10-01
4131010279,上海戏剧学院,institution.school_type,"""艺术""",https://github.com/Magicdover/China-Universities-2026/blob/419bdc7ce6956fc88c2b70b3979f170b6666f111/data/uni-extra2.js,community_dataset,2026-06-09,auto,2026-10-01
4131010279,上海戏剧学院,institution.groups,"[""双一流""]",https://github.com/Magicdover/China-Universities-2026/blob/419bdc7ce6956fc88c2b70b3979f170b6666f111/data/uni-extra2.js,community_dataset,2026-06-09,auto,2026-10-01
4131010279,上海戏剧学院,location.coordinates,"{""longitude"": 121.461, ""latitude"": 31.271, ""crs"": ""unspecified"", ""precision"": ""approximate"", ""location_kind"": ""community_map_point""}",https://github.com/Magicdover/China-Universities-2026/blob/419bdc7ce6956fc88c2b70b3979f170b6666f111/data/uni-extra2.js,community_dataset,2026-06-09,auto,2026-10-01
4131010279,上海戏剧学院,academics.double_first_class_disciplines,"[""戏剧与影视学""]",https://github.com/Magicdover/China-Universities-2026/blob/419bdc7ce6956fc88c2b70b3979f170b6666f111/data/uni-extra2.js,community_dataset,2026-06-09,auto,2026-10-01
4131010280,上海大学,identity.short_name_zh,"""上大""",https://github.com/Magicdover/China-Universities-2026/blob/419bdc7ce6956fc88c2b70b3979f170b6666f111/data/uni-211.js,community_dataset,2026-06-09,auto,2026-10-01
4131010280,上海大学,identity.short_name_en,"""SHU""",https://github.com/Magicdover/China-Universities-2026/blob/419bdc7ce6956fc88c2b70b3979f170b6666f111/data/uni-211.js,community_dataset,2026-06-09,auto,2026-10-01
4131010280,上海大学,identity.slug_aliases,"[""shanghai-university""]",https://github.com/damitheswitch/china-universities-dataset/blob/5eaa2a93f86ac322d53a36da9977d9a4c80f1f56/data/universities.json,community_dataset,2026,auto,2026-10-01
4131010280,上海大学,institution.school_type,"""综合""",https://github.com/xioajiumi/Chinese_Universities/blob/e088fddc329a6f0148ca72fd3b4d0fe069f13e3a/Chinese_Universities.json,community_dataset,2021,auto,2026-10-01
4131010280,上海大学,institution.country,"""China""",https://github.com/damitheswitch/china-universities-dataset/blob/5eaa2a93f86ac322d53a36da9977d9a4c80f1f56/data/universities.json,community_dataset,2026,auto,2026-10-01
4131010280,上海大学,institution.groups,"[""双一流"", ""211""]",https://github.com/damitheswitch/china-universities-dataset/blob/5eaa2a93f86ac322d53a36da9977d9a4c80f1f56/data/universities.json,community_dataset,2026,auto,2026-10-01
4131010280,上海大学,location.coordinates,"{""longitude"": 121.391, ""latitude"": 31.318, ""crs"": ""unspecified"", ""precision"": ""approximate"", ""location_kind"": ""community_map_point""}",https://github.com/Magicdover/China-Universities-2026/blob/419bdc7ce6956fc88c2b70b3979f170b6666f111/data/uni-211.js,community_dataset,2026-06-09,auto,2026-10-01
4131010280,上海大学,academics.double_first_class_disciplines,"[""机械工程"", ""美术学""]",https://github.com/Magicdover/China-Universities-2026/blob/419bdc7ce6956fc88c2b70b3979f170b6666f111/data/uni-211.js,community_dataset,2026-06-09,auto,2026-10-01
4131010280,上海大学,resources.career_url,"""http://zbb.shu.edu.cn/New/Index.aspx""",https://github.com/PotoYang/UniversityCareerWebPage/blob/0fbc54deee6a4a3aec67ffd77e41bccec898804e/README.md,community_dataset,2019-10-21,auto,2026-10-01
4131010856,上海工程技术大学,identity.slug_aliases,"[""shanghai-university-of-engineering-science""]",https://github.com/damitheswitch/china-universities-dataset/blob/5eaa2a93f86ac322d53a36da9977d9a4c80f1f56/data/universities.json,community_dataset,2026,auto,2026-10-01
4131010856,上海工程技术大学,institution.school_type,"""理工""",https://github.com/xioajiumi/Chinese_Universities/blob/e088fddc329a6f0148ca72fd3b4d0fe069f13e3a/Chinese_Universities.json,community_dataset,2021,auto,2026-10-01
4131010856,上海工程技术大学,institution.country,"""China""",https://github.com/damitheswitch/china-universities-dataset/blob/5eaa2a93f86ac322d53a36da9977d9a4c80f1f56/data/universities.json,community_dataset,2026,auto,2026-10-01
4131011458,上海电机学院,identity.slug_aliases,"[""shanghai-dianji-university""]",https://github.com/damitheswitch/china-universities-dataset/blob/5eaa2a93f86ac322d53a36da9977d9a4c80f1f56/data/universities.json,community_dataset,2026,auto,2026-10-01
4131011458,上海电机学院,institution.school_type,"""理工""",https://github.com/xioajiumi/Chinese_Universities/blob/e088fddc329a6f0148ca72fd3b4d0fe069f13e3a/Chinese_Universities.json,community_dataset,2021,auto,2026-10-01
4131011458,上海电机学院,institution.country,"""China""",https://github.com/damitheswitch/china-universities-dataset/blob/5eaa2a93f86ac322d53a36da9977d9a4c80f1f56/data/universities.json,community_dataset,2026,auto,2026-10-01
4131012044,上海第二工业大学,identity.slug_aliases,"[""shanghai-second-polytechnic-university""]",https://github.com/damitheswitch/china-universities-dataset/blob/5eaa2a93f86ac322d53a36da9977d9a4c80f1f56/data/universities.json,community_dataset,2026,auto,2026-10-01
4131012044,上海第二工业大学,institution.school_type,"""理工""",https://github.com/xioajiumi/Chinese_Universities/blob/e088fddc329a6f0148ca72fd3b4d0fe069f13e3a/Chinese_Universities.json,community_dataset,2021,auto,2026-10-01
4131012044,上海第二工业大学,institution.country,"""China""",https://github.com/damitheswitch/china-universities-dataset/blob/5eaa2a93f86ac322d53a36da9977d9a4c80f1f56/data/universities.json,community_dataset,2026,auto,2026-10-01
4131014423,上海科技大学,identity.short_name_zh,"""上科大""",https://github.com/Magicdover/China-Universities-2026/blob/419bdc7ce6956fc88c2b70b3979f170b6666f111/data/uni-special.js,community_dataset,2026-06-09,auto,2026-10-01
4131014423,上海科技大学,identity.short_name_en,"""SHTECH""",https://github.com/Magicdover/China-Universities-2026/blob/419bdc7ce6956fc88c2b70b3979f170b6666f111/data/uni-special.js,community_dataset,2026-06-09,auto,2026-10-01
4131014423,上海科技大学,identity.slug_aliases,"[""shanghaitech-university""]",https://github.com/damitheswitch/china-universities-dataset/blob/5eaa2a93f86ac322d53a36da9977d9a4c80f1f56/data/universities.json,community_dataset,2026,auto,2026-10-01
4131014423,上海科技大学,institution.school_type,"""综合""",https://github.com/xioajiumi/Chinese_Universities/blob/e088fddc329a6f0148ca72fd3b4d0fe069f13e3a/Chinese_Universities.json,community_dataset,2021,auto,2026-10-01
4131014423,上海科技大学,institution.country,"""China""",https://github.com/damitheswitch/china-universities-dataset/blob/5eaa2a93f86ac322d53a36da9977d9a4c80f1f56/data/universities.json,community_dataset,2026,auto,2026-10-01
4131014423,上海科技大学,institution.groups,"[""双一流""]",https://github.com/damitheswitch/china-universities-dataset/blob/5eaa2a93f86ac322d53a36da9977d9a4c80f1f56/data/universities.json,community_dataset,2026,auto,2026-10-01
4131014423,上海科技大学,location.coordinates,"{""longitude"": 121.591, ""latitude"": 31.182, ""crs"": ""unspecified"", ""precision"": ""approximate"", ""location_kind"": ""community_map_point""}",https://github.com/Magicdover/China-Universities-2026/blob/419bdc7ce6956fc88c2b70b3979f170b6666f111/data/uni-special.js,community_dataset,2026-06-09,auto,2026-10-01
4131014423,上海科技大学,academics.double_first_class_disciplines,"[""物理、生命、信息、材料等前沿小而精""]",https://github.com/Magicdover/China-Universities-2026/blob/419bdc7ce6956fc88c2b70b3979f170b6666f111/data/uni-special.js,community_dataset,2026-06-09,auto,2026-10-01
4153010673,云南大学,identity.short_name_zh,"""云大""",https://github.com/Magicdover/China-Universities-2026/blob/419bdc7ce6956fc88c2b70b3979f170b6666f111/data/uni-211.js,community_dataset,2026-06-09,auto,2026-10-01
4153010673,云南大学,identity.short_name_en,"""YNU""",https://github.com/Magicdover/China-Universities-2026/blob/419bdc7ce6956fc88c2b70b3979f170b6666f111/data/uni-211.js,community_dataset,2026-06-09,auto,2026-10-01
4153010673,云南大学,identity.slug_aliases,"[""yunnan-university""]",https://github.com/damitheswitch/china-universities-dataset/blob/5eaa2a93f86ac322d53a36da9977d9a4c80f1f56/data/universities.json,community_dataset,2026,auto,2026-10-01
4153010673,云南大学,institution.school_type,"""综合""",https://github.com/xioajiumi/Chinese_Universities/blob/e088fddc329a6f0148ca72fd3b4d0fe069f13e3a/Chinese_Universities.json,community_dataset,2021,auto,2026-10-01
4153010673,云南大学,institution.country,"""China""",https://github.com/damitheswitch/china-universities-dataset/blob/5eaa2a93f86ac322d53a36da9977d9a4c80f1f56/data/universities.json,community_dataset,2026,auto,2026-10-01
4153010673,云南大学,institution.groups,"[""双一流"", ""211""]",https://github.com/damitheswitch/china-universities-dataset/blob/5eaa2a93f86ac322d53a36da9977d9a4c80f1f56/data/universities.json,community_dataset,2026,auto,2026-10-01
4153010673,云南大学,location.coordinates,"{""longitude"": 102.689, ""latitude"": 25.06, ""crs"": ""unspecified"", ""precision"": ""approximate"", ""location_kind"": ""community_map_point""}",https://github.com/Magicdover/China-Universities-2026/blob/419bdc7ce6956fc88c2b70b3979f170b6666f111/data/uni-211.js,community_dataset,2026-06-09,auto,2026-10-01
4153010673,云南大学,academics.double_first_class_disciplines,"[""民族学"", ""生态学""]",https://github.com/Magicdover/China-Universities-2026/blob/419bdc7ce6956fc88c2b70b3979f170b6666f111/data/uni-211.js,community_dataset,2026-06-09,auto,2026-10-01
4153010673,云南大学,resources.career_url,"""http://jobs.ynu.edu.cn/""",https://github.com/PotoYang/UniversityCareerWebPage/blob/0fbc54deee6a4a3aec67ffd77e41bccec898804e/README.md,community_dataset,2019-10-21,auto,2026-10-01
4153010674,昆明理工大学,identity.short_name_zh,"""昆工""",https://github.com/Magicdover/China-Universities-2026/blob/419bdc7ce6956fc88c2b70b3979f170b6666f111/data/uni-extra2.js,community_dataset,2026-06-09,auto,2026-10-01
4153010674,昆明理工大学,identity.short_name_en,"""KUST""",https://github.com/Magicdover/China-Universities-2026/blob/419bdc7ce6956fc88c2b70b3979f170b6666f111/data/uni-extra2.js,community_dataset,2026-06-09,auto,2026-10-01
4153010674,昆明理工大学,identity.slug_aliases,"[""kunming-university-of-science-and-technology""]",https://github.com/damitheswitch/china-universities-dataset/blob/5eaa2a93f86ac322d53a36da9977d9a4c80f1f56/data/universities.json,community_dataset,2026,auto,2026-10-01
4153010674,昆明理工大学,institution.school_type,"""理工""",https://github.com/xioajiumi/Chinese_Universities/blob/e088fddc329a6f0148ca72fd3b4d0fe069f13e3a/Chinese_Universities.json,community_dataset,2021,auto,2026-10-01
4153010674,昆明理工大学,institution.country,"""China""",https://github.com/damitheswitch/china-universities-dataset/blob/5eaa2a93f86ac322d53a36da9977d9a4c80f1f56/data/universities.json,community_dataset,2026,auto,2026-10-01
4153010674,昆明理工大学,location.coordinates,"{""longitude"": 102.852, ""latitude"": 24.848, ""crs"": ""unspecified"", ""precision"": ""approximate"", ""location_kind"": ""community_map_point""}",https://github.com/Magicdover/China-Universities-2026/blob/419bdc7ce6956fc88c2b70b3979f170b6666f111/data/uni-extra2.js,community_dataset,2026-06-09,auto,2026-10-01
4153010674,昆明理工大学,resources.career_url,"""http://job.kmust.edu.cn/""",https://github.com/PotoYang/UniversityCareerWebPage/blob/0fbc54deee6a4a3aec67ffd77e41bccec898804e/README.md,community_dataset,2019-10-21,auto,2026-10-01
4153010676,云南农业大学,identity.slug_aliases,"[""yunnan-agricultural-university""]",https://github.com/damitheswitch/china-universities-dataset/blob/5eaa2a93f86ac322d53a36da9977d9a4c80f1f56/data/universities.json,community_dataset,2026,auto,2026-10-01
4153010676,云南农业大学,institution.school_type,"""农业""",https://github.com/xioajiumi/Chinese_Universities/blob/e088fddc329a6f0148ca72fd3b4d0fe069f13e3a/Chinese_Universities.json,community_dataset,2021,auto,2026-10-01
4153010676,云南农业大学,institution.country,"""China""",https://github.com/damitheswitch/china-universities-dataset/blob/5eaa2a93f86ac322d53a36da9977d9a4c80f1f56/data/universities.json,community_dataset,2026,auto,2026-10-01
4153010676,云南农业大学,resources.career_url,"""http://jyw.ynau.edu.cn/""",https://github.com/PotoYang/UniversityCareerWebPage/blob/0fbc54deee6a4a3aec67ffd77e41bccec898804e/README.md,community_dataset,2019-10-21,auto,2026-10-01
4153010677,西南林业大学,identity.slug_aliases,"[""southwest-forestry-university""]",https://github.com/damitheswitch/china-universities-dataset/blob/5eaa2a93f86ac322d53a36da9977d9a4c80f1f56/data/universities.json,community_dataset,2026,auto,2026-10-01
4153010677,西南林业大学,institution.school_type,"""林业""",https://github.com/xioajiumi/Chinese_Universities/blob/e088fddc329a6f0148ca72fd3b4d0fe069f13e3a/Chinese_Universities.json,community_dataset,2021,auto,2026-10-01
4153010677,西南林业大学,institution.country,"""China""",https://github.com/damitheswitch/china-universities-dataset/blob/5eaa2a93f86ac322d53a36da9977d9a4c80f1f56/data/universities.json,community_dataset,2026,auto,2026-10-01
4153010678,昆明医科大学,resources.career_url,"""http://job.kmmc.cn/""",https://github.com/PotoYang/UniversityCareerWebPage/blob/0fbc54deee6a4a3aec67ffd77e41bccec898804e/README.md,community_dataset,2019-10-21,auto,2026-10-01
4153010679,大理大学,identity.slug_aliases,"[""dali-university""]",https://github.com/damitheswitch/china-universities-dataset/blob/5eaa2a93f86ac322d53a36da9977d9a4c80f1f56/data/universities.json,community_dataset,2026,auto,2026-10-01
4153010679,大理大学,institution.school_type,"""综合""",https://github.com/xioajiumi/Chinese_Universities/blob/e088fddc329a6f0148ca72fd3b4d0fe069f13e3a/Chinese_Universities.json,community_dataset,2021,auto,2026-10-01
4153010679,大理大学,institution.country,"""China""",https://github.com/damitheswitch/china-universities-dataset/blob/5eaa2a93f86ac322d53a36da9977d9a4c80f1f56/data/universities.json,community_dataset,2026,auto,2026-10-01
4153010681,云南师范大学,identity.slug_aliases,"[""yunnan-normal-university""]",https://github.com/damitheswitch/china-universities-dataset/blob/5eaa2a93f86ac322d53a36da9977d9a4c80f1f56/data/universities.json,community_dataset,2026,auto,2026-10-01
4153010681,云南师范大学,institution.school_type,"""师范""",https://github.com/xioajiumi/Chinese_Universities/blob/e088fddc329a6f0148ca72fd3b4d0fe069f13e3a/Chinese_Universities.json,community_dataset,2021,auto,2026-10-01
4153010681,云南师范大学,institution.country,"""China""",https://github.com/damitheswitch/china-universities-dataset/blob/5eaa2a93f86ac322d53a36da9977d9a4c80f1f56/data/universities.json,community_dataset,2026,auto,2026-10-01
4153010681,云南师范大学,resources.career_url,"""http://job.ynnu.edu.cn/""",https://github.com/PotoYang/UniversityCareerWebPage/blob/0fbc54deee6a4a3aec67ffd77e41bccec898804e/README.md,community_dataset,2019-10-21,auto,2026-10-01
4153010683,昭通学院,identity.slug_aliases,"[""zhaotong-university""]",https://github.com/damitheswitch/china-universities-dataset/blob/5eaa2a93f86ac322d53a36da9977d9a4c80f1f56/data/universities.json,community_dataset,2026,auto,2026-10-01
4153010683,昭通学院,institution.school_type,"""师范""",https://github.com/xioajiumi/Chinese_Universities/blob/e088fddc329a6f0148ca72fd3b4d0fe069f13e3a/Chinese_Universities.json,community_dataset,2021,auto,2026-10-01
4153010683,昭通学院,institution.country,"""China""",https://github.com/damitheswitch/china-universities-dataset/blob/5eaa2a93f86ac322d53a36da9977d9a4c80f1f56/data/universities.json,community_dataset,2026,auto,2026-10-01
4153010684,曲靖师范学院,identity.slug_aliases,"[""qujing-normal-university""]",https://github.com/damitheswitch/china-universities-dataset/blob/5eaa2a93f86ac322d53a36da9977d9a4c80f1f56/data/universities.json,community_dataset,2026,auto,2026-10-01
4153010684,曲靖师范学院,institution.school_type,"""师范""",https://github.com/xioajiumi/Chinese_Universities/blob/e088fddc329a6f0148ca72fd3b4d0fe069f13e3a/Chinese_Universities.json,community_dataset,2021,auto,2026-10-01
4153010684,曲靖师范学院,institution.country,"""China""",https://github.com/damitheswitch/china-universities-dataset/blob/5eaa2a93f86ac322d53a36da9977d9a4c80f1f56/data/universities.json,community_dataset,2026,auto,2026-10-01
4153010685,普洱学院,identity.slug_aliases,"[""puer-university""]",https://github.com/damitheswitch/china-universities-dataset/blob/5eaa2a93f86ac322d53a36da9977d9a4c80f1f56/data/universities.json,community_dataset,2026,auto,2026-10-01
4153010685,普洱学院,institution.school_type,"""师范""",https://github.com/xioajiumi/Chinese_Universities/blob/e088fddc329a6f0148ca72fd3b4d0fe069f13e3a/Chinese_Universities.json,community_dataset,2021,auto,2026-10-01
4153010685,普洱学院,institution.country,"""China""",https://github.com/damitheswitch/china-universities-dataset/blob/5eaa2a93f86ac322d53a36da9977d9a4c80f1f56/data/universities.json,community_dataset,2026,auto,2026-10-01
4153010686,保山学院,identity.slug_aliases,"[""baoshan-university""]",https://github.com/damitheswitch/china-universities-dataset/blob/5eaa2a93f86ac322d53a36da9977d9a4c80f1f56/data/universities.json,community_dataset,2026,auto,2026-10-01
4153010686,保山学院,institution.school_type,"""师范""",https://github.com/xioajiumi/Chinese_Universities/blob/e088fddc329a6f0148ca72fd3b4d0fe069f13e3a/Chinese_Universities.json,community_dataset,2021,auto,2026-10-01
4153010686,保山学院,institution.country,"""China""",https://github.com/damitheswitch/china-universities-dataset/blob/5eaa2a93f86ac322d53a36da9977d9a4c80f1f56/data/universities.json,community_dataset,2026,auto,2026-10-01
4153010687,红河学院,identity.slug_aliases,"[""honghe-university""]",https://github.com/damitheswitch/china-universities-dataset/blob/5eaa2a93f86ac322d53a36da9977d9a4c80f1f56/data/universities.json,community_dataset,2026,auto,2026-10-01
4153010687,红河学院,institution.school_type,"""综合""",https://github.com/xioajiumi/Chinese_Universities/blob/e088fddc329a6f0148ca72fd3b4d0fe069f13e3a/Chinese_Universities.json,community_dataset,2021,auto,2026-10-01
4153010687,红河学院,institution.country,"""China""",https://github.com/damitheswitch/china-universities-dataset/blob/5eaa2a93f86ac322d53a36da9977d9a4c80f1f56/data/universities.json,community_dataset,2026,auto,2026-10-01
4153010689,云南财经大学,resources.career_url,"""http://jy.ynufe.edu.cn/""",https://github.com/PotoYang/UniversityCareerWebPage/blob/0fbc54deee6a4a3aec67ffd77e41bccec898804e/README.md,community_dataset,2019-10-21,auto,2026-10-01
4153010691,云南民族大学,resources.career_url,"""http://jyb.ynni.edu.cn/index""",https://github.com/PotoYang/UniversityCareerWebPage/blob/0fbc54deee6a4a3aec67ffd77e41bccec898804e/README.md,community_dataset,2019-10-21,auto,2026-10-01
4153011390,玉溪师范学院,identity.slug_aliases,"[""yuxi-normal-university""]",https://github.com/damitheswitch/china-universities-dataset/blob/5eaa2a93f86ac322d53a36da9977d9a4c80f1f56/data/universities.json,community_dataset,2026,auto,2026-10-01
4153011390,玉溪师范学院,institution.school_type,"""师范""",https://github.com/xioajiumi/Chinese_Universities/blob/e088fddc329a6f0148ca72fd3b4d0fe069f13e3a/Chinese_Universities.json,community_dataset,2021,auto,2026-10-01
4153011390,玉溪师范学院,institution.country,"""China""",https://github.com/damitheswitch/china-universities-dataset/blob/5eaa2a93f86ac322d53a36da9977d9a4c80f1f56/data/universities.json,community_dataset,2026,auto,2026-10-01
4153011391,楚雄师范学院,identity.slug_aliases,"[""chuxiong-normal-university""]",https://github.com/damitheswitch/china-universities-dataset/blob/5eaa2a93f86ac322d53a36da9977d9a4c80f1f56/data/universities.json,community_dataset,2026,auto,2026-10-01
4153011391,楚雄师范学院,institution.school_type,"""师范""",https://github.com/xioajiumi/Chinese_Universities/blob/e088fddc329a6f0148ca72fd3b4d0fe069f13e3a/Chinese_Universities.json,community_dataset,2021,auto,2026-10-01
4153011391,楚雄师范学院,institution.country,"""China""",https://github.com/damitheswitch/china-universities-dataset/blob/5eaa2a93f86ac322d53a36da9977d9a4c80f1f56/data/universities.json,community_dataset,2026,auto,2026-10-01
4153011393,昆明学院,identity.slug_aliases,"[""kunming-university""]",https://github.com/damitheswitch/china-universities-dataset/blob/5eaa2a93f86ac322d53a36da9977d9a4c80f1f56/data/universities.json,community_dataset,2026,auto,2026-10-01
4153011393,昆明学院,institution.school_type,"""综合""",https://github.com/xioajiumi/Chinese_Universities/blob/e088fddc329a6f0148ca72fd3b4d0fe069f13e3a/Chinese_Universities.json,community_dataset,2021,auto,2026-10-01
4153011393,昆明学院,institution.country,"""China""",https://github.com/damitheswitch/china-universities-dataset/blob/5eaa2a93f86ac322d53a36da9977d9a4c80f1f56/data/universities.json,community_dataset,2026,auto,2026-10-01
4153011556,文山学院,identity.slug_aliases,"[""wenshan-university""]",https://github.com/damitheswitch/china-universities-dataset/blob/5eaa2a93f86ac322d53a36da9977d9a4c80f1f56/data/universities.json,community_dataset,2026,auto,2026-10-01
4153011556,文山学院,institution.school_type,"""师范""",https://github.com/xioajiumi/Chinese_Universities/blob/e088fddc329a6f0148ca72fd3b4d0fe069f13e3a/Chinese_Universities.json,community_dataset,2021,auto,2026-10-01
4153011556,文山学院,institution.country,"""China""",https://github.com/damitheswitch/china-universities-dataset/blob/5eaa2a93f86ac322d53a36da9977d9a4c80f1f56/data/universities.json,community_dataset,2026,auto,2026-10-01
4153014092,滇西科技师范学院,identity.slug_aliases,"[""west-yunnan-university""]",https://github.com/damitheswitch/china-universities-dataset/blob/5eaa2a93f86ac322d53a36da9977d9a4c80f1f56/data/universities.json,community_dataset,2026,auto,2026-10-01
4153014092,滇西科技师范学院,institution.school_type,"""师范""",https://github.com/xioajiumi/Chinese_Universities/blob/e088fddc329a6f0148ca72fd3b4d0fe069f13e3a/Chinese_Universities.json,community_dataset,2021,auto,2026-10-01
4153014092,滇西科技师范学院,institution.country,"""China""",https://github.com/damitheswitch/china-universities-dataset/blob/5eaa2a93f86ac322d53a36da9977d9a4c80f1f56/data/universities.json,community_dataset,2026,auto,2026-10-01
4115010126,内蒙古大学,identity.short_name_zh,"""内大""",https://github.com/Magicdover/China-Universities-2026/blob/419bdc7ce6956fc88c2b70b3979f170b6666f111/data/uni-211.js,community_dataset,2026-06-09,auto,2026-10-01
4115010126,内蒙古大学,identity.short_name_en,"""IMU""",https://github.com/Magicdover/China-Universities-2026/blob/419bdc7ce6956fc88c2b70b3979f170b6666f111/data/uni-211.js,community_dataset,2026-06-09,auto,2026-10-01
4115010126,内蒙古大学,identity.slug_aliases,"[""inner-mongolia-university""]",https://github.com/damitheswitch/china-universities-dataset/blob/5eaa2a93f86ac322d53a36da9977d9a4c80f1f56/data/universities.json,community_dataset,2026,auto,2026-10-01
4115010126,内蒙古大学,institution.school_type,"""综合""",https://github.com/xioajiumi/Chinese_Universities/blob/e088fddc329a6f0148ca72fd3b4d0fe069f13e3a/Chinese_Universities.json,community_dataset,2021,auto,2026-10-01
4115010126,内蒙古大学,institution.country,"""China""",https://github.com/damitheswitch/china-universities-dataset/blob/5eaa2a93f86ac322d53a36da9977d9a4c80f1f56/data/universities.json,community_dataset,2026,auto,2026-10-01
4115010126,内蒙古大学,institution.groups,"[""双一流"", ""211""]",https://github.com/damitheswitch/china-universities-dataset/blob/5eaa2a93f86ac322d53a36da9977d9a4c80f1f56/data/universities.json,community_dataset,2026,auto,2026-10-01
4115010126,内蒙古大学,location.coordinates,"{""longitude"": 111.661, ""latitude"": 40.819, ""crs"": ""unspecified"", ""precision"": ""approximate"", ""location_kind"": ""community_map_point""}",https://github.com/Magicdover/China-Universities-2026/blob/419bdc7ce6956fc88c2b70b3979f170b6666f111/data/uni-211.js,community_dataset,2026-06-09,auto,2026-10-01
4115010126,内蒙古大学,academics.double_first_class_disciplines,"[""生物学""]",https://github.com/Magicdover/China-Universities-2026/blob/419bdc7ce6956fc88c2b70b3979f170b6666f111/data/uni-211.js,community_dataset,2026-06-09,auto,2026-10-01
4115010126,内蒙古大学,resources.career_url,"""http://job.imu.edu.cn/""",https://github.com/PotoYang/UniversityCareerWebPage/blob/0fbc54deee6a4a3aec67ffd77e41bccec898804e/README.md,community_dataset,2019-10-21,auto,2026-10-01
4115010127,内蒙古科技大学,identity.slug_aliases,"[""inner-mongolia-university-of-science-technology""]",https://github.com/damitheswitch/china-universities-dataset/blob/5eaa2a93f86ac322d53a36da9977d9a4c80f1f56/data/universities.json,community_dataset,2026,auto,2026-10-01
4115010127,内蒙古科技大学,institution.school_type,"""综合""",https://github.com/xioajiumi/Chinese_Universities/blob/e088fddc329a6f0148ca72fd3b4d0fe069f13e3a/Chinese_Universities.json,community_dataset,2021,auto,2026-10-01
4115010127,内蒙古科技大学,institution.country,"""China""",https://github.com/damitheswitch/china-universities-dataset/blob/5eaa2a93f86ac322d53a36da9977d9a4c80f1f56/data/universities.json,community_dataset,2026,auto,2026-10-01
4115010127,内蒙古科技大学,resources.career_url,"""http://dadm.imust.cn/""",https://github.com/PotoYang/UniversityCareerWebPage/blob/0fbc54deee6a4a3aec67ffd77e41bccec898804e/README.md,community_dataset,2019-10-21,auto,2026-10-01
4115010128,内蒙古工业大学,identity.slug_aliases,"[""inner-mongolia-university-of-technology""]",https://github.com/damitheswitch/china-universities-dataset/blob/5eaa2a93f86ac322d53a36da9977d9a4c80f1f56/data/universities.json,community_dataset,2026,auto,2026-10-01
4115010128,内蒙古工业大学,institution.school_type,"""理工""",https://github.com/xioajiumi/Chinese_Universities/blob/e088fddc329a6f0148ca72fd3b4d0fe069f13e3a/Chinese_Universities.json,community_dataset,2021,auto,2026-10-01
4115010128,内蒙古工业大学,institution.country,"""China""",https://github.com/damitheswitch/china-universities-dataset/blob/5eaa2a93f86ac322d53a36da9977d9a4c80f1f56/data/universities.json,community_dataset,2026,auto,2026-10-01
4115010129,内蒙古农业大学,identity.slug_aliases,"[""inner-mongolia-agricultural-university""]",https://github.com/damitheswitch/china-universities-dataset/blob/5eaa2a93f86ac322d53a36da9977d9a4c80f1f56/data/universities.json,community_dataset,2026,auto,2026-10-01
4115010129,内蒙古农业大学,institution.school_type,"""农业""",https://github.com/xioajiumi/Chinese_Universities/blob/e088fddc329a6f0148ca72fd3b4d0fe069f13e3a/Chinese_Universities.json,community_dataset,2021,auto,2026-10-01
4115010129,内蒙古农业大学,institution.country,"""China""",https://github.com/damitheswitch/china-universities-dataset/blob/5eaa2a93f86ac322d53a36da9977d9a4c80f1f56/data/universities.json,community_dataset,2026,auto,2026-10-01
4115010129,内蒙古农业大学,resources.career_url,"""https://job.imau.edu.cn/""",https://github.com/PotoYang/UniversityCareerWebPage/blob/0fbc54deee6a4a3aec67ffd77e41bccec898804e/README.md,community_dataset,2019-10-21,auto,2026-10-01
4115010135,内蒙古师范大学,identity.slug_aliases,"[""inner-mongolia-normal-university""]",https://github.com/damitheswitch/china-universities-dataset/blob/5eaa2a93f86ac322d53a36da9977d9a4c80f1f56/data/universities.json,community_dataset,2026,auto,2026-10-01
4115010135,内蒙古师范大学,institution.school_type,"""师范""",https://github.com/xioajiumi/Chinese_Universities/blob/e088fddc329a6f0148ca72fd3b4d0fe069f13e3a/Chinese_Universities.json,community_dataset,2021,auto,2026-10-01
4115010135,内蒙古师范大学,institution.country,"""China""",https://github.com/damitheswitch/china-universities-dataset/blob/5eaa2a93f86ac322d53a36da9977d9a4c80f1f56/data/universities.json,community_dataset,2026,auto,2026-10-01
4115010135,内蒙古师范大学,resources.career_url,"""http://jy.imnu.edu.cn/""",https://github.com/PotoYang/UniversityCareerWebPage/blob/0fbc54deee6a4a3aec67ffd77e41bccec898804e/README.md,community_dataset,2019-10-21,auto,2026-10-01
4115010136,内蒙古民族大学,institution.school_type,"""综合""",https://github.com/xioajiumi/Chinese_Universities/blob/e088fddc329a6f0148ca72fd3b4d0fe069f13e3a/Chinese_Universities.json,community_dataset,2021,auto,2026-10-01
4115010136,内蒙古民族大学,resources.career_url,"""http://imun.university-hr.cn/""",https://github.com/PotoYang/UniversityCareerWebPage/blob/0fbc54deee6a4a3aec67ffd77e41bccec898804e/README.md,community_dataset,2019-10-21,auto,2026-10-01
4115010819,呼伦贝尔学院,identity.slug_aliases,"[""hulunbuir-university""]",https://github.com/damitheswitch/china-universities-dataset/blob/5eaa2a93f86ac322d53a36da9977d9a4c80f1f56/data/universities.json,community_dataset,2026,auto,2026-10-01
4115010819,呼伦贝尔学院,institution.school_type,"""综合""",https://github.com/xioajiumi/Chinese_Universities/blob/e088fddc329a6f0148ca72fd3b4d0fe069f13e3a/Chinese_Universities.json,community_dataset,2021,auto,2026-10-01
4115010819,呼伦贝尔学院,institution.country,"""China""",https://github.com/damitheswitch/china-universities-dataset/blob/5eaa2a93f86ac322d53a36da9977d9a4c80f1f56/data/universities.json,community_dataset,2026,auto,2026-10-01
4115011427,集宁师范学院,identity.slug_aliases,"[""jining-normal-university""]",https://github.com/damitheswitch/china-universities-dataset/blob/5eaa2a93f86ac322d53a36da9977d9a4c80f1f56/data/universities.json,community_dataset,2026,auto,2026-10-01
4115011427,集宁师范学院,institution.school_type,"""师范""",https://github.com/xioajiumi/Chinese_Universities/blob/e088fddc329a6f0148ca72fd3b4d0fe069f13e3a/Chinese_Universities.json,community_dataset,2021,auto,2026-10-01
4115011427,集宁师范学院,institution.country,"""China""",https://github.com/damitheswitch/china-universities-dataset/blob/5eaa2a93f86ac322d53a36da9977d9a4c80f1f56/data/universities.json,community_dataset,2026,auto,2026-10-01
4115011631,河套学院,identity.slug_aliases,"[""hetao-college""]",https://github.com/damitheswitch/china-universities-dataset/blob/5eaa2a93f86ac322d53a36da9977d9a4c80f1f56/data/universities.json,community_dataset,2026,auto,2026-10-01
4115011631,河套学院,institution.school_type,"""综合""",https://github.com/xioajiumi/Chinese_Universities/blob/e088fddc329a6f0148ca72fd3b4d0fe069f13e3a/Chinese_Universities.json,community_dataset,2021,auto,2026-10-01
4115011631,河套学院,institution.country,"""China""",https://github.com/damitheswitch/china-universities-dataset/blob/5eaa2a93f86ac322d53a36da9977d9a4c80f1f56/data/universities.json,community_dataset,2026,auto,2026-10-01
4115014532,鄂尔多斯应用技术学院,identity.slug_aliases,"[""ordos-institute-of-technology""]",https://github.com/damitheswitch/china-universities-dataset/blob/5eaa2a93f86ac322d53a36da9977d9a4c80f1f56/data/universities.json,community_dataset,2026,auto,2026-10-01
4115014532,鄂尔多斯应用技术学院,institution.school_type,"""综合""",https://github.com/xioajiumi/Chinese_Universities/blob/e088fddc329a6f0148ca72fd3b4d0fe069f13e3a/Chinese_Universities.json,community_dataset,2021,auto,2026-10-01
4115014532,鄂尔多斯应用技术学院,institution.country,"""China""",https://github.com/damitheswitch/china-universities-dataset/blob/5eaa2a93f86ac322d53a36da9977d9a4c80f1f56/data/universities.json,community_dataset,2026,auto,2026-10-01
4111010001,北京大学,identity.short_name_zh,"""北大""",https://github.com/Magicdover/China-Universities-2026/blob/419bdc7ce6956fc88c2b70b3979f170b6666f111/data/universities.js,community_dataset,2026-06-09,auto,2026-10-01
4111010001,北京大学,identity.short_name_en,"""PKU""",https://github.com/Magicdover/China-Universities-2026/blob/419bdc7ce6956fc88c2b70b3979f170b6666f111/data/universities.js,community_dataset,2026-06-09,auto,2026-10-01
4111010001,北京大学,identity.slug_aliases,"[""peking-university""]",https://github.com/damitheswitch/china-universities-dataset/blob/5eaa2a93f86ac322d53a36da9977d9a4c80f1f56/data/universities.json,community_dataset,2026,auto,2026-10-01
4111010001,北京大学,institution.school_type,"""综合""",https://github.com/xioajiumi/Chinese_Universities/blob/e088fddc329a6f0148ca72fd3b4d0fe069f13e3a/Chinese_Universities.json,community_dataset,2021,auto,2026-10-01
4111010001,北京大学,institution.nature,"""公办""",https://github.com/damitheswitch/china-universities-dataset/blob/5eaa2a93f86ac322d53a36da9977d9a4c80f1f56/data/universities.json,community_dataset,2026,auto,2026-10-01
4111010001,北京大学,institution.country,"""China""",https://github.com/damitheswitch/china-universities-dataset/blob/5eaa2a93f86ac322d53a36da9977d9a4c80f1f56/data/universities.json,community_dataset,2026,auto,2026-10-01
4111010001,北京大学,institution.languages_of_instruction,"[""Chinese"", ""English""]",https://github.com/damitheswitch/china-universities-dataset/blob/5eaa2a93f86ac322d53a36da9977d9a4c80f1f56/data/universities.json,community_dataset,2026,auto,2026-10-01
4111010001,北京大学,institution.groups,"[""双一流"", ""985"", ""211""]",https://github.com/damitheswitch/china-universities-dataset/blob/5eaa2a93f86ac322d53a36da9977d9a4c80f1f56/data/universities.json,community_dataset,2026,auto,2026-10-01
4111010001,北京大学,location.coordinates,"{""longitude"": 116.31, ""latitude"": 39.992, ""crs"": ""unspecified"", ""precision"": ""approximate"", ""location_kind"": ""community_map_point""}",https://github.com/Magicdover/China-Universities-2026/blob/419bdc7ce6956fc88c2b70b3979f170b6666f111/data/universities.js,community_dataset,2026-06-09,auto,2026-10-01
4111010001,北京大学,resources.career_url,"""https://scc.pku.edu.cn/home!recruitList.action?category=1""",https://github.com/PotoYang/UniversityCareerWebPage/blob/0fbc54deee6a4a3aec67ffd77e41bccec898804e/README.md,community_dataset,2019-10-21,auto,2026-10-01
4111010001,北京大学,resources.english_website,"""https://english.pku.edu.cn/""",https://github.com/damitheswitch/china-universities-dataset/blob/5eaa2a93f86ac322d53a36da9977d9a4c80f1f56/data/universities.json,community_dataset,2026,auto,2026-10-01
4111010002,中国人民大学,identity.short_name_zh,"""人大""",https://github.com/Magicdover/China-Universities-2026/blob/419bdc7ce6956fc88c2b70b3979f170b6666f111/data/universities.js,community_dataset,2026-06-09,auto,2026-10-01
4111010002,中国人民大学,identity.short_name_en,"""RUC""",https://github.com/Magicdover/China-Universities-2026/blob/419bdc7ce6956fc88c2b70b3979f170b6666f111/data/universities.js,community_dataset,2026-06-09,auto,2026-10-01
4111010002,中国人民大学,identity.slug_aliases,"[""renmin-university-of-china""]",https://github.com/damitheswitch/china-universities-dataset/blob/5eaa2a93f86ac322d53a36da9977d9a4c80f1f56/data/universities.json,community_dataset,2026,auto,2026-10-01
4111010002,中国人民大学,institution.school_type,"""综合""",https://github.com/xioajiumi/Chinese_Universities/blob/e088fddc329a6f0148ca72fd3b4d0fe069f13e3a/Chinese_Universities.json,community_dataset,2021,auto,2026-10-01
4111010002,中国人民大学,institution.country,"""China""",https://github.com/damitheswitch/china-universities-dataset/blob/5eaa2a93f86ac322d53a36da9977d9a4c80f1f56/data/universities.json,community_dataset,2026,auto,2026-10-01
4111010002,中国人民大学,institution.groups,"[""双一流"", ""985"", ""211""]",https://github.com/damitheswitch/china-universities-dataset/blob/5eaa2a93f86ac322d53a36da9977d9a4c80f1f56/data/universities.json,community_dataset,2026,auto,2026-10-01
4111010002,中国人民大学,location.coordinates,"{""longitude"": 116.317, ""latitude"": 39.971, ""crs"": ""unspecified"", ""precision"": ""approximate"", ""location_kind"": ""community_map_point""}",https://github.com/Magicdover/China-Universities-2026/blob/419bdc7ce6956fc88c2b70b3979f170b6666f111/data/universities.js,community_dataset,2026-06-09,auto,2026-10-01
4111010002,中国人民大学,academics.double_first_class_disciplines,"[""理论经济学"", ""应用经济学"", ""法学"", ""社会学"", ""新闻传播学"", ""工商管理"", ""马克思主义理论""]",https://github.com/Magicdover/China-Universities-2026/blob/419bdc7ce6956fc88c2b70b3979f170b6666f111/data/universities.js,community_dataset,2026-06-09,auto,2026-10-01
4111010002,中国人民大学,resources.career_url,"""http://rdjy.ruc.edu.cn/""",https://github.com/PotoYang/UniversityCareerWebPage/blob/0fbc54deee6a4a3aec67ffd77e41bccec898804e/README.md,community_dataset,2019-10-21,auto,2026-10-01
4111010003,清华大学,identity.short_name_zh,"""清华""",https://github.com/Magicdover/China-Universities-2026/blob/419bdc7ce6956fc88c2b70b3979f170b6666f111/data/universities.js,community_dataset,2026-06-09,auto,2026-10-01
4111010003,清华大学,identity.short_name_en,"""THU""",https://github.com/Magicdover/China-Universities-2026/blob/419bdc7ce6956fc88c2b70b3979f170b6666f111/data/universities.js,community_dataset,2026-06-09,auto,2026-10-01
4111010003,清华大学,identity.slug_aliases,"[""tsinghua-university""]",https://github.com/damitheswitch/china-universities-dataset/blob/5eaa2a93f86ac322d53a36da9977d9a4c80f1f56/data/universities.json,community_dataset,2026,auto,2026-10-01
4111010003,清华大学,institution.school_type,"""综合""",https://github.com/xioajiumi/Chinese_Universities/blob/e088fddc329a6f0148ca72fd3b4d0fe069f13e3a/Chinese_Universities.json,community_dataset,2021,auto,2026-10-01
4111010003,清华大学,institution.nature,"""公办""",https://github.com/damitheswitch/china-universities-dataset/blob/5eaa2a93f86ac322d53a36da9977d9a4c80f1f56/data/universities.json,community_dataset,2026,auto,2026-10-01
4111010003,清华大学,institution.country,"""China""",https://github.com/damitheswitch/china-universities-dataset/blob/5eaa2a93f86ac322d53a36da9977d9a4c80f1f56/data/universities.json,community_dataset,2026,auto,2026-10-01
4111010003,清华大学,institution.languages_of_instruction,"[""Chinese"", ""English""]",https://github.com/damitheswitch/china-universities-dataset/blob/5eaa2a93f86ac322d53a36da9977d9a4c80f1f56/data/universities.json,community_dataset,2026,auto,2026-10-01
4111010003,清华大学,institution.groups,"[""双一流"", ""985"", ""211""]",https://github.com/damitheswitch/china-universities-dataset/blob/5eaa2a93f86ac322d53a36da9977d9a4c80f1f56/data/universities.json,community_dataset,2026,auto,2026-10-01
4111010003,清华大学,location.coordinates,"{""longitude"": 116.326, ""latitude"": 40.003, ""crs"": ""unspecified"", ""precision"": ""approximate"", ""location_kind"": ""community_map_point""}",https://github.com/Magicdover/China-Universities-2026/blob/419bdc7ce6956fc88c2b70b3979f170b6666f111/data/universities.js,community_dataset,2026-06-09,auto,2026-10-01
4111010003,清华大学,resources.career_url,"""http://career.tsinghua.edu.cn/""",https://github.com/PotoYang/UniversityCareerWebPage/blob/0fbc54deee6a4a3aec67ffd77e41bccec898804e/README.md,community_dataset,2019-10-21,auto,2026-10-01
4111010003,清华大学,resources.english_website,"""https://www.tsinghua.edu.cn/en/""",https://github.com/damitheswitch/china-universities-dataset/blob/5eaa2a93f86ac322d53a36da9977d9a4c80f1f56/data/universities.json,community_dataset,2026,auto,2026-10-01
4111010004,北京交通大学,identity.short_name_zh,"""北交大""",https://github.com/Magicdover/China-Universities-2026/blob/419bdc7ce6956fc88c2b70b3979f170b6666f111/data/uni-211.js,community_dataset,2026-06-09,auto,2026-10-01
4111010004,北京交通大学,identity.short_name_en,"""BJTU""",https://github.com/Magicdover/China-Universities-2026/blob/419bdc7ce6956fc88c2b70b3979f170b6666f111/data/uni-211.js,community_dataset,2026-06-09,auto,2026-10-01
4111010004,北京交通大学,identity.slug_aliases,"[""beijing-jiaotong-university""]",https://github.com/damitheswitch/china-universities-dataset/blob/5eaa2a93f86ac322d53a36da9977d9a4c80f1f56/data/universities.json,community_dataset,2026,auto,2026-10-01
4111010004,北京交通大学,institution.school_type,"""理工""",https://github.com/xioajiumi/Chinese_Universities/blob/e088fddc329a6f0148ca72fd3b4d0fe069f13e3a/Chinese_Universities.json,community_dataset,2021,auto,2026-10-01
4111010004,北京交通大学,institution.country,"""China""",https://github.com/damitheswitch/china-universities-dataset/blob/5eaa2a93f86ac322d53a36da9977d9a4c80f1f56/data/universities.json,community_dataset,2026,auto,2026-10-01
4111010004,北京交通大学,institution.groups,"[""双一流"", ""211""]",https://github.com/damitheswitch/china-universities-dataset/blob/5eaa2a93f86ac322d53a36da9977d9a4c80f1f56/data/universities.json,community_dataset,2026,auto,2026-10-01
4111010004,北京交通大学,location.coordinates,"{""longitude"": 116.343, ""latitude"": 39.951, ""crs"": ""unspecified"", ""precision"": ""approximate"", ""location_kind"": ""community_map_point""}",https://github.com/Magicdover/China-Universities-2026/blob/419bdc7ce6956fc88c2b70b3979f170b6666f111/data/uni-211.js,community_dataset,2026-06-09,auto,2026-10-01
4111010004,北京交通大学,academics.double_first_class_disciplines,"[""系统科学""]",https://github.com/Magicdover/China-Universities-2026/blob/419bdc7ce6956fc88c2b70b3979f170b6666f111/data/uni-211.js,community_dataset,2026-06-09,auto,2026-10-01
4111010004,北京交通大学,resources.career_url,"""https://job.bjtu.edu.cn/cms/notice/""",https://github.com/PotoYang/UniversityCareerWebPage/blob/0fbc54deee6a4a3aec67ffd77e41bccec898804e/README.md,community_dataset,2019-10-21,auto,2026-10-01
4111010005,北京工业大学,identity.short_name_zh,"""北工大""",https://github.com/Magicdover/China-Universities-2026/blob/419bdc7ce6956fc88c2b70b3979f170b6666f111/data/uni-extra.js,community_dataset,2026-06-09,auto,2026-10-01
4111010005,北京工业大学,identity.short_name_en,"""BJUT""",https://github.com/Magicdover/China-Universities-2026/blob/419bdc7ce6956fc88c2b70b3979f170b6666f111/data/uni-extra.js,community_dataset,2026-06-09,auto,2026-10-01
4111010005,北京工业大学,identity.slug_aliases,"[""beijing-university-of-technology""]",https://github.com/damitheswitch/china-universities-dataset/blob/5eaa2a93f86ac322d53a36da9977d9a4c80f1f56/data/universities.json,community_dataset,2026,auto,2026-10-01
4111010005,北京工业大学,institution.school_type,"""理工""",https://github.com/xioajiumi/Chinese_Universities/blob/e088fddc329a6f0148ca72fd3b4d0fe069f13e3a/Chinese_Universities.json,community_dataset,2021,auto,2026-10-01
4111010005,北京工业大学,institution.country,"""China""",https://github.com/damitheswitch/china-universities-dataset/blob/5eaa2a93f86ac322d53a36da9977d9a4c80f1f56/data/universities.json,community_dataset,2026,auto,2026-10-01
4111010005,北京工业大学,institution.groups,"[""双一流"", ""211""]",https://github.com/damitheswitch/china-universities-dataset/blob/5eaa2a93f86ac322d53a36da9977d9a4c80f1f56/data/universities.json,community_dataset,2026,auto,2026-10-01
4111010005,北京工业大学,location.coordinates,"{""longitude"": 116.483, ""latitude"": 39.874, ""crs"": ""unspecified"", ""precision"": ""approximate"", ""location_kind"": ""community_map_point""}",https://github.com/Magicdover/China-Universities-2026/blob/419bdc7ce6956fc88c2b70b3979f170b6666f111/data/uni-extra.js,community_dataset,2026-06-09,auto,2026-10-01
4111010005,北京工业大学,academics.double_first_class_disciplines,"[""土木工程""]",https://github.com/Magicdover/China-Universities-2026/blob/419bdc7ce6956fc88c2b70b3979f170b6666f111/data/uni-extra.js,community_dataset,2026-06-09,auto,2026-10-01
4111010006,北京航空航天大学,identity.short_name_zh,"""北航""",https://github.com/Magicdover/China-Universities-2026/blob/419bdc7ce6956fc88c2b70b3979f170b6666f111/data/universities.js,community_dataset,2026-06-09,auto,2026-10-01
4111010006,北京航空航天大学,identity.short_name_en,"""BUAA""",https://github.com/Magicdover/China-Universities-2026/blob/419bdc7ce6956fc88c2b70b3979f170b6666f111/data/universities.js,community_dataset,2026-06-09,auto,2026-10-01
4111010006,北京航空航天大学,identity.slug_aliases,"[""beihang-university""]",https://github.com/damitheswitch/china-universities-dataset/blob/5eaa2a93f86ac322d53a36da9977d9a4c80f1f56/data/universities.json,community_dataset,2026,auto,2026-10-01
4111010006,北京航空航天大学,institution.school_type,"""理工""",https://github.com/xioajiumi/Chinese_Universities/blob/e088fddc329a6f0148ca72fd3b4d0fe069f13e3a/Chinese_Universities.json,community_dataset,2021,auto,2026-10-01
4111010006,北京航空航天大学,institution.nature,"""公办""",https://github.com/damitheswitch/china-universities-dataset/blob/5eaa2a93f86ac322d53a36da9977d9a4c80f1f56/data/universities.json,community_dataset,2026,auto,2026-10-01
4111010006,北京航空航天大学,institution.country,"""China""",https://github.com/damitheswitch/china-universities-dataset/blob/5eaa2a93f86ac322d53a36da9977d9a4c80f1f56/data/universities.json,community_dataset,2026,auto,2026-10-01
4111010006,北京航空航天大学,institution.languages_of_instruction,"[""Chinese"", ""English""]",https://github.com/damitheswitch/china-universities-dataset/blob/5eaa2a93f86ac322d53a36da9977d9a4c80f1f56/data/universities.json,community_dataset,2026,auto,2026-10-01
4111010006,北京航空航天大学,institution.groups,"[""双一流"", ""985"", ""211""]",https://github.com/damitheswitch/china-universities-dataset/blob/5eaa2a93f86ac322d53a36da9977d9a4c80f1f56/data/universities.json,community_dataset,2026,auto,2026-10-01
4111010006,北京航空航天大学,location.coordinates,"{""longitude"": 116.347, ""latitude"": 39.981, ""crs"": ""unspecified"", ""precision"": ""approximate"", ""location_kind"": ""community_map_point""}",https://github.com/Magicdover/China-Universities-2026/blob/419bdc7ce6956fc88c2b70b3979f170b6666f111/data/universities.js,community_dataset,2026-06-09,auto,2026-10-01
4111010006,北京航空航天大学,academics.double_first_class_disciplines,"[""航空宇航科学与技术"", ""仪器科学与技术"", ""材料科学与工程"", ""软件工程""]",https://github.com/Magicdover/China-Universities-2026/blob/419bdc7ce6956fc88c2b70b3979f170b6666f111/data/universities.js,community_dataset,2026-06-09,auto,2026-10-01
4111010006,北京航空航天大学,resources.career_url,"""http://career.buaa.edu.cn/homePageAction.dhtml""",https://github.com/PotoYang/UniversityCareerWebPage/blob/0fbc54deee6a4a3aec67ffd77e41bccec898804e/README.md,community_dataset,2019-10-21,auto,2026-10-01
4111010007,北京理工大学,identity.short_name_zh,"""北理工""",https://github.com/Magicdover/China-Universities-2026/blob/419bdc7ce6956fc88c2b70b3979f170b6666f111/data/universities.js,community_dataset,2026-06-09,auto,2026-10-01
4111010007,北京理工大学,identity.short_name_en,"""BIT""",https://github.com/Magicdover/China-Universities-2026/blob/419bdc7ce6956fc88c2b70b3979f170b6666f111/data/universities.js,community_dataset,2026-06-09,auto,2026-10-01
4111010007,北京理工大学,identity.slug_aliases,"[""beijing-institute-of-technology""]",https://github.com/damitheswitch/china-universities-dataset/blob/5eaa2a93f86ac322d53a36da9977d9a4c80f1f56/data/universities.json,community_dataset,2026,auto,2026-10-01
4111010007,北京理工大学,institution.school_type,"""理工""",https://github.com/xioajiumi/Chinese_Universities/blob/e088fddc329a6f0148ca72fd3b4d0fe069f13e3a/Chinese_Universities.json,community_dataset,2021,auto,2026-10-01
4111010007,北京理工大学,institution.country,"""China""",https://github.com/damitheswitch/china-universities-dataset/blob/5eaa2a93f86ac322d53a36da9977d9a4c80f1f56/data/universities.json,community_dataset,2026,auto,2026-10-01
4111010007,北京理工大学,institution.groups,"[""双一流"", ""985"", ""211""]",https://github.com/damitheswitch/china-universities-dataset/blob/5eaa2a93f86ac322d53a36da9977d9a4c80f1f56/data/universities.json,community_dataset,2026,auto,2026-10-01
4111010007,北京理工大学,location.coordinates,"{""longitude"": 116.317, ""latitude"": 39.961, ""crs"": ""unspecified"", ""precision"": ""approximate"", ""location_kind"": ""community_map_point""}",https://github.com/Magicdover/China-Universities-2026/blob/419bdc7ce6956fc88c2b70b3979f170b6666f111/data/universities.js,community_dataset,2026-06-09,auto,2026-10-01
4111010007,北京理工大学,academics.double_first_class_disciplines,"[""兵器科学与技术"", ""机械工程"", ""控制科学与工程"", ""材料科学与工程""]",https://github.com/Magicdover/China-Universities-2026/blob/419bdc7ce6956fc88c2b70b3979f170b6666f111/data/universities.js,community_dataset,2026-06-09,auto,2026-10-01
4111010007,北京理工大学,resources.career_url,"""http://job.bit.edu.cn/portal/home.html""",https://github.com/PotoYang/UniversityCareerWebPage/blob/0fbc54deee6a4a3aec67ffd77e41bccec898804e/README.md,community_dataset,2019-10-21,auto,2026-10-01
4111010008,北京科技大学,identity.short_name_zh,"""北科大""",https://github.com/Magicdover/China-Universities-2026/blob/419bdc7ce6956fc88c2b70b3979f170b6666f111/data/uni-211.js,community_dataset,2026-06-09,auto,2026-10-01
4111010008,北京科技大学,identity.short_name_en,"""USTB""",https://github.com/Magicdover/China-Universities-2026/blob/419bdc7ce6956fc88c2b70b3979f170b6666f111/data/uni-211.js,community_dataset,2026-06-09,auto,2026-10-01
4111010008,北京科技大学,identity.slug_aliases,"[""university-of-science-and-technology-beijing""]",https://github.com/damitheswitch/china-universities-dataset/blob/5eaa2a93f86ac322d53a36da9977d9a4c80f1f56/data/universities.json,community_dataset,2026,auto,2026-10-01
4111010008,北京科技大学,institution.school_type,"""理工""",https://github.com/xioajiumi/Chinese_Universities/blob/e088fddc329a6f0148ca72fd3b4d0fe069f13e3a/Chinese_Universities.json,community_dataset,2021,auto,2026-10-01
4111010008,北京科技大学,institution.country,"""China""",https://github.com/damitheswitch/china-universities-dataset/blob/5eaa2a93f86ac322d53a36da9977d9a4c80f1f56/data/universities.json,community_dataset,2026,auto,2026-10-01
4111010008,北京科技大学,institution.groups,"[""双一流"", ""211""]",https://github.com/damitheswitch/china-universities-dataset/blob/5eaa2a93f86ac322d53a36da9977d9a4c80f1f56/data/universities.json,community_dataset,2026,auto,2026-10-01
4111010008,北京科技大学,location.coordinates,"{""longitude"": 116.359, ""latitude"": 39.991, ""crs"": ""unspecified"", ""precision"": ""approximate"", ""location_kind"": ""community_map_point""}",https://github.com/Magicdover/China-Universities-2026/blob/419bdc7ce6956fc88c2b70b3979f170b6666f111/data/uni-211.js,community_dataset,2026-06-09,auto,2026-10-01
4111010008,北京科技大学,academics.double_first_class_disciplines,"[""科学技术史"", ""冶金工程"", ""材料科学与工程"", ""矿业工程""]",https://github.com/Magicdover/China-Universities-2026/blob/419bdc7ce6956fc88c2b70b3979f170b6666f111/data/uni-211.js,community_dataset,2026-06-09,auto,2026-10-01
4111010008,北京科技大学,resources.career_url,"""http://job.ustb.edu.cn/""",https://github.com/PotoYang/UniversityCareerWebPage/blob/0fbc54deee6a4a3aec67ffd77e41bccec898804e/README.md,community_dataset,2019-10-21,auto,2026-10-01
4111010009,北方工业大学,identity.short_name_en,"""NCUT""",https://github.com/CakeAL/beijing-univs-vis/blob/9d61ae50d24885331c70fdabf796d9bcfcac6e7b/README.md,community_directory,2024-11-15,auto,2026-10-01
4111010009,北方工业大学,identity.slug_aliases,"[""north-china-university-of-technology""]",https://github.com/damitheswitch/china-universities-dataset/blob/5eaa2a93f86ac322d53a36da9977d9a4c80f1f56/data/universities.json,community_dataset,2026,auto,2026-10-01
4111010009,北方工业大学,institution.school_type,"""理工""",https://github.com/xioajiumi/Chinese_Universities/blob/e088fddc329a6f0148ca72fd3b4d0fe069f13e3a/Chinese_Universities.json,community_dataset,2021,auto,2026-10-01
4111010009,北方工业大学,institution.country,"""China""",https://github.com/damitheswitch/china-universities-dataset/blob/5eaa2a93f86ac322d53a36da9977d9a4c80f1f56/data/universities.json,community_dataset,2026,auto,2026-10-01
4111010010,北京化工大学,identity.short_name_zh,"""北化工""",https://github.com/Magicdover/China-Universities-2026/blob/419bdc7ce6956fc88c2b70b3979f170b6666f111/data/uni-211.js,community_dataset,2026-06-09,auto,2026-10-01
4111010010,北京化工大学,identity.short_name_en,"""BUCT""",https://github.com/Magicdover/China-Universities-2026/blob/419bdc7ce6956fc88c2b70b3979f170b6666f111/data/uni-211.js,community_dataset,2026-06-09,auto,2026-10-01
4111010010,北京化工大学,identity.slug_aliases,"[""beijing-university-of-chemical-technology""]",https://github.com/damitheswitch/china-universities-dataset/blob/5eaa2a93f86ac322d53a36da9977d9a4c80f1f56/data/universities.json,community_dataset,2026,auto,2026-10-01
4111010010,北京化工大学,institution.school_type,"""理工""",https://github.com/xioajiumi/Chinese_Universities/blob/e088fddc329a6f0148ca72fd3b4d0fe069f13e3a/Chinese_Universities.json,community_dataset,2021,auto,2026-10-01
4111010010,北京化工大学,institution.country,"""China""",https://github.com/damitheswitch/china-universities-dataset/blob/5eaa2a93f86ac322d53a36da9977d9a4c80f1f56/data/universities.json,community_dataset,2026,auto,2026-10-01
4111010010,北京化工大学,institution.groups,"[""双一流"", ""211""]",https://github.com/damitheswitch/china-universities-dataset/blob/5eaa2a93f86ac322d53a36da9977d9a4c80f1f56/data/universities.json,community_dataset,2026,auto,2026-10-01
4111010010,北京化工大学,location.coordinates,"{""longitude"": 116.349, ""latitude"": 39.951, ""crs"": ""unspecified"", ""precision"": ""approximate"", ""location_kind"": ""community_map_point""}",https://github.com/Magicdover/China-Universities-2026/blob/419bdc7ce6956fc88c2b70b3979f170b6666f111/data/uni-211.js,community_dataset,2026-06-09,auto,2026-10-01
4111010010,北京化工大学,academics.double_first_class_disciplines,"[""化学工程与技术""]",https://github.com/Magicdover/China-Universities-2026/blob/419bdc7ce6956fc88c2b70b3979f170b6666f111/data/uni-211.js,community_dataset,2026-06-09,auto,2026-10-01
4111010010,北京化工大学,resources.career_url,"""http://www.job.buct.edu.cn/""",https://github.com/PotoYang/UniversityCareerWebPage/blob/0fbc54deee6a4a3aec67ffd77e41bccec898804e/README.md,community_dataset,2019-10-21,auto,2026-10-01
4111010011,北京工商大学,identity.short_name_en,"""BTBU""",https://github.com/CakeAL/beijing-univs-vis/blob/9d61ae50d24885331c70fdabf796d9bcfcac6e7b/README.md,community_directory,2024-11-15,auto,2026-10-01
4111010011,北京工商大学,resources.career_url,"""http://gsbys.btbu.edu.cn/""",https://github.com/PotoYang/UniversityCareerWebPage/blob/0fbc54deee6a4a3aec67ffd77e41bccec898804e/README.md,community_dataset,2019-10-21,auto,2026-10-01
4111010012,北京服装学院,identity.short_name_en,"""BIFT""",https://github.com/CakeAL/beijing-univs-vis/blob/9d61ae50d24885331c70fdabf796d9bcfcac6e7b/README.md,community_directory,2024-11-15,auto,2026-10-01
4111010013,北京邮电大学,identity.short_name_zh,"""北邮""",https://github.com/Magicdover/China-Universities-2026/blob/419bdc7ce6956fc88c2b70b3979f170b6666f111/data/uni-211.js,community_dataset,2026-06-09,auto,2026-10-01
4111010013,北京邮电大学,identity.short_name_en,"""BUPT""",https://github.com/Magicdover/China-Universities-2026/blob/419bdc7ce6956fc88c2b70b3979f170b6666f111/data/uni-211.js,community_dataset,2026-06-09,auto,2026-10-01
4111010013,北京邮电大学,identity.slug_aliases,"[""beijing-university-of-posts-and-telecommunications""]",https://github.com/damitheswitch/china-universities-dataset/blob/5eaa2a93f86ac322d53a36da9977d9a4c80f1f56/data/universities.json,community_dataset,2026,auto,2026-10-01
4111010013,北京邮电大学,institution.school_type,"""理工""",https://github.com/xioajiumi/Chinese_Universities/blob/e088fddc329a6f0148ca72fd3b4d0fe069f13e3a/Chinese_Universities.json,community_dataset,2021,auto,2026-10-01
4111010013,北京邮电大学,institution.country,"""China""",https://github.com/damitheswitch/china-universities-dataset/blob/5eaa2a93f86ac322d53a36da9977d9a4c80f1f56/data/universities.json,community_dataset,2026,auto,2026-10-01
4111010013,北京邮电大学,institution.groups,"[""双一流"", ""211""]",https://github.com/damitheswitch/china-universities-dataset/blob/5eaa2a93f86ac322d53a36da9977d9a4c80f1f56/data/universities.json,community_dataset,2026,auto,2026-10-01
4111010013,北京邮电大学,location.coordinates,"{""longitude"": 116.356, ""latitude"": 39.961, ""crs"": ""unspecified"", ""precision"": ""approximate"", ""location_kind"": ""community_map_point""}",https://github.com/Magicdover/China-Universities-2026/blob/419bdc7ce6956fc88c2b70b3979f170b6666f111/data/uni-211.js,community_dataset,2026-06-09,auto,2026-10-01
4111010013,北京邮电大学,academics.double_first_class_disciplines,"[""信息与通信工程"", ""计算机科学与技术""]",https://github.com/Magicdover/China-Universities-2026/blob/419bdc7ce6956fc88c2b70b3979f170b6666f111/data/uni-211.js,community_dataset,2026-06-09,auto,2026-10-01
4111010013,北京邮电大学,resources.career_url,"""https://job.bupt.edu.cn/""",https://github.com/PotoYang/UniversityCareerWebPage/blob/0fbc54deee6a4a3aec67ffd77e41bccec898804e/README.md,community_dataset,2019-10-21,auto,2026-10-01
4111010015,北京印刷学院,identity.short_name_en,"""BIGC""",https://github.com/CakeAL/beijing-univs-vis/blob/9d61ae50d24885331c70fdabf796d9bcfcac6e7b/README.md,community_directory,2024-11-15,auto,2026-10-01
4111010015,北京印刷学院,identity.slug_aliases,"[""beijing-institute-of-graphic-communication""]",https://github.com/damitheswitch/china-universities-dataset/blob/5eaa2a93f86ac322d53a36da9977d9a4c80f1f56/data/universities.json,community_dataset,2026,auto,2026-10-01
4111010015,北京印刷学院,institution.school_type,"""理工""",https://github.com/xioajiumi/Chinese_Universities/blob/e088fddc329a6f0148ca72fd3b4d0fe069f13e3a/Chinese_Universities.json,community_dataset,2021,auto,2026-10-01
4111010015,北京印刷学院,institution.country,"""China""",https://github.com/damitheswitch/china-universities-dataset/blob/5eaa2a93f86ac322d53a36da9977d9a4c80f1f56/data/universities.json,community_dataset,2026,auto,2026-10-01
4111010016,北京建筑大学,identity.short_name_en,"""BUCEA""",https://github.com/CakeAL/beijing-univs-vis/blob/9d61ae50d24885331c70fdabf796d9bcfcac6e7b/README.md,community_directory,2024-11-15,auto,2026-10-01
4111010016,北京建筑大学,identity.slug_aliases,"[""beijing-university-of-civil-engineering-and-architecture""]",https://github.com/damitheswitch/china-universities-dataset/blob/5eaa2a93f86ac322d53a36da9977d9a4c80f1f56/data/universities.json,community_dataset,2026,auto,2026-10-01
4111010016,北京建筑大学,institution.school_type,"""理工""",https://github.com/xioajiumi/Chinese_Universities/blob/e088fddc329a6f0148ca72fd3b4d0fe069f13e3a/Chinese_Universities.json,community_dataset,2021,auto,2026-10-01
4111010016,北京建筑大学,institution.country,"""China""",https://github.com/damitheswitch/china-universities-dataset/blob/5eaa2a93f86ac322d53a36da9977d9a4c80f1f56/data/universities.json,community_dataset,2026,auto,2026-10-01
4111010017,北京石油化工学院,identity.short_name_en,"""BIPT""",https://github.com/CakeAL/beijing-univs-vis/blob/9d61ae50d24885331c70fdabf796d9bcfcac6e7b/README.md,community_directory,2024-11-15,auto,2026-10-01
4111010017,北京石油化工学院,identity.slug_aliases,"[""beijing-institute-of-petrochemical-technology""]",https://github.com/damitheswitch/china-universities-dataset/blob/5eaa2a93f86ac322d53a36da9977d9a4c80f1f56/data/universities.json,community_dataset,2026,auto,2026-10-01
4111010017,北京石油化工学院,institution.school_type,"""理工""",https://github.com/xioajiumi/Chinese_Universities/blob/e088fddc329a6f0148ca72fd3b4d0fe069f13e3a/Chinese_Universities.json,community_dataset,2021,auto,2026-10-01
4111010017,北京石油化工学院,institution.country,"""China""",https://github.com/damitheswitch/china-universities-dataset/blob/5eaa2a93f86ac322d53a36da9977d9a4c80f1f56/data/universities.json,community_dataset,2026,auto,2026-10-01
4111010017,北京石油化工学院,resources.career_url,"""http://jobbipt.jysd.com/""",https://github.com/PotoYang/UniversityCareerWebPage/blob/0fbc54deee6a4a3aec67ffd77e41bccec898804e/README.md,community_dataset,2019-10-21,auto,2026-10-01
4111010018,北京电子科技学院,identity.slug_aliases,"[""beijing-electronic-science-and-technology-institute""]",https://github.com/damitheswitch/china-universities-dataset/blob/5eaa2a93f86ac322d53a36da9977d9a4c80f1f56/data/universities.json,community_dataset,2026,auto,2026-10-01
4111010018,北京电子科技学院,institution.school_type,"""理工""",https://github.com/xioajiumi/Chinese_Universities/blob/e088fddc329a6f0148ca72fd3b4d0fe069f13e3a/Chinese_Universities.json,community_dataset,2021,auto,2026-10-01
4111010018,北京电子科技学院,institution.country,"""China""",https://github.com/damitheswitch/china-universities-dataset/blob/5eaa2a93f86ac322d53a36da9977d9a4c80f1f56/data/universities.json,community_dataset,2026,auto,2026-10-01
4111010019,中国农业大学,identity.short_name_zh,"""中国农大""",https://github.com/Magicdover/China-Universities-2026/blob/419bdc7ce6956fc88c2b70b3979f170b6666f111/data/universities.js,community_dataset,2026-06-09,auto,2026-10-01
4111010019,中国农业大学,identity.short_name_en,"""CAU""",https://github.com/Magicdover/China-Universities-2026/blob/419bdc7ce6956fc88c2b70b3979f170b6666f111/data/universities.js,community_dataset,2026-06-09,auto,2026-10-01
4111010019,中国农业大学,identity.slug_aliases,"[""china-agricultural-university""]",https://github.com/damitheswitch/china-universities-dataset/blob/5eaa2a93f86ac322d53a36da9977d9a4c80f1f56/data/universities.json,community_dataset,2026,auto,2026-10-01
4111010019,中国农业大学,institution.school_type,"""农业""",https://github.com/xioajiumi/Chinese_Universities/blob/e088fddc329a6f0148ca72fd3b4d0fe069f13e3a/Chinese_Universities.json,community_dataset,2021,auto,2026-10-01
4111010019,中国农业大学,institution.country,"""China""",https://github.com/damitheswitch/china-universities-dataset/blob/5eaa2a93f86ac322d53a36da9977d9a4c80f1f56/data/universities.json,community_dataset,2026,auto,2026-10-01
4111010019,中国农业大学,institution.groups,"[""双一流"", ""985"", ""211""]",https://github.com/damitheswitch/china-universities-dataset/blob/5eaa2a93f86ac322d53a36da9977d9a4c80f1f56/data/universities.json,community_dataset,2026,auto,2026-10-01
4111010019,中国农业大学,location.coordinates,"{""longitude"": 116.339, ""latitude"": 40.001, ""crs"": ""unspecified"", ""precision"": ""approximate"", ""location_kind"": ""community_map_point""}",https://github.com/Magicdover/China-Universities-2026/blob/419bdc7ce6956fc88c2b70b3979f170b6666f111/data/universities.js,community_dataset,2026-06-09,auto,2026-10-01
4111010019,中国农业大学,academics.double_first_class_disciplines,"[""作物学"", ""农业资源与环境"", ""植物保护"", ""畜牧学"", ""兽医学"", ""农业工程"", ""食品科学与工程"", ""草学"", ""生物学""]",https://github.com/Magicdover/China-Universities-2026/blob/419bdc7ce6956fc88c2b70b3979f170b6666f111/data/universities.js,community_dataset,2026-06-09,auto,2026-10-01
4111010020,北京农学院,identity.short_name_en,"""BUA""",https://github.com/CakeAL/beijing-univs-vis/blob/9d61ae50d24885331c70fdabf796d9bcfcac6e7b/README.md,community_directory,2024-11-15,auto,2026-10-01
4111010020,北京农学院,identity.slug_aliases,"[""beijing-university-of-agriculture""]",https://github.com/damitheswitch/china-universities-dataset/blob/5eaa2a93f86ac322d53a36da9977d9a4c80f1f56/data/universities.json,community_dataset,2026,auto,2026-10-01
4111010020,北京农学院,institution.school_type,"""农业""",https://github.com/xioajiumi/Chinese_Universities/blob/e088fddc329a6f0148ca72fd3b4d0fe069f13e3a/Chinese_Universities.json,community_dataset,2021,auto,2026-10-01
4111010020,北京农学院,institution.country,"""China""",https://github.com/damitheswitch/china-universities-dataset/blob/5eaa2a93f86ac322d53a36da9977d9a4c80f1f56/data/universities.json,community_dataset,2026,auto,2026-10-01
4111010022,北京林业大学,identity.short_name_zh,"""北林""",https://github.com/Magicdover/China-Universities-2026/blob/419bdc7ce6956fc88c2b70b3979f170b6666f111/data/uni-special.js,community_dataset,2026-06-09,auto,2026-10-01
4111010022,北京林业大学,identity.short_name_en,"""BJFU""",https://github.com/Magicdover/China-Universities-2026/blob/419bdc7ce6956fc88c2b70b3979f170b6666f111/data/uni-special.js,community_dataset,2026-06-09,auto,2026-10-01
4111010022,北京林业大学,identity.slug_aliases,"[""beijing-forestry-university""]",https://github.com/damitheswitch/china-universities-dataset/blob/5eaa2a93f86ac322d53a36da9977d9a4c80f1f56/data/universities.json,community_dataset,2026,auto,2026-10-01
4111010022,北京林业大学,institution.school_type,"""林业""",https://github.com/xioajiumi/Chinese_Universities/blob/e088fddc329a6f0148ca72fd3b4d0fe069f13e3a/Chinese_Universities.json,community_dataset,2021,auto,2026-10-01
4111010022,北京林业大学,institution.country,"""China""",https://github.com/damitheswitch/china-universities-dataset/blob/5eaa2a93f86ac322d53a36da9977d9a4c80f1f56/data/universities.json,community_dataset,2026,auto,2026-10-01
4111010022,北京林业大学,institution.groups,"[""双一流"", ""211""]",https://github.com/damitheswitch/china-universities-dataset/blob/5eaa2a93f86ac322d53a36da9977d9a4c80f1f56/data/universities.json,community_dataset,2026,auto,2026-10-01
4111010022,北京林业大学,location.coordinates,"{""longitude"": 116.348, ""latitude"": 40.001, ""crs"": ""unspecified"", ""precision"": ""approximate"", ""location_kind"": ""community_map_point""}",https://github.com/Magicdover/China-Universities-2026/blob/419bdc7ce6956fc88c2b70b3979f170b6666f111/data/uni-special.js,community_dataset,2026-06-09,auto,2026-10-01
4111010022,北京林业大学,academics.double_first_class_disciplines,"[""风景园林学"", ""林学""]",https://github.com/Magicdover/China-Universities-2026/blob/419bdc7ce6956fc88c2b70b3979f170b6666f111/data/uni-special.js,community_dataset,2026-06-09,auto,2026-10-01
4111010022,北京林业大学,resources.career_url,"""http://job.bjfu.edu.cn/frontpage/bjfu/html/index.html""",https://github.com/PotoYang/UniversityCareerWebPage/blob/0fbc54deee6a4a3aec67ffd77e41bccec898804e/README.md,community_dataset,2019-10-21,auto,2026-10-01
4111010023,北京协和医学院,identity.short_name_zh,"""协和""",https://github.com/Magicdover/China-Universities-2026/blob/419bdc7ce6956fc88c2b70b3979f170b6666f111/data/uni-special.js,community_dataset,2026-06-09,auto,2026-10-01
4111010023,北京协和医学院,identity.short_name_en,"""PUMC""",https://github.com/Magicdover/China-Universities-2026/blob/419bdc7ce6956fc88c2b70b3979f170b6666f111/data/uni-special.js,community_dataset,2026-06-09,auto,2026-10-01
4111010023,北京协和医学院,institution.school_type,"""医药""",https://github.com/Magicdover/China-Universities-2026/blob/419bdc7ce6956fc88c2b70b3979f170b6666f111/data/uni-special.js,community_dataset,2026-06-09,auto,2026-10-01
4111010023,北京协和医学院,institution.groups,"[""双一流""]",https://github.com/Magicdover/China-Universities-2026/blob/419bdc7ce6956fc88c2b70b3979f170b6666f111/data/uni-special.js,community_dataset,2026-06-09,auto,2026-10-01
4111010023,北京协和医学院,location.coordinates,"{""longitude"": 116.413, ""latitude"": 39.917, ""crs"": ""unspecified"", ""precision"": ""approximate"", ""location_kind"": ""community_map_point""}",https://github.com/Magicdover/China-Universities-2026/blob/419bdc7ce6956fc88c2b70b3979f170b6666f111/data/uni-special.js,community_dataset,2026-06-09,auto,2026-10-01
4111010023,北京协和医学院,academics.double_first_class_disciplines,"[""生物学"", ""基础医学"", ""临床医学"", ""药学""]",https://github.com/Magicdover/China-Universities-2026/blob/419bdc7ce6956fc88c2b70b3979f170b6666f111/data/uni-special.js,community_dataset,2026-06-09,auto,2026-10-01
4111010025,首都医科大学,identity.short_name_zh,"""首医""",https://github.com/Magicdover/China-Universities-2026/blob/419bdc7ce6956fc88c2b70b3979f170b6666f111/data/uni-special.js,community_dataset,2026-06-09,auto,2026-10-01
4111010025,首都医科大学,identity.short_name_en,"""CCMU""",https://github.com/Magicdover/China-Universities-2026/blob/419bdc7ce6956fc88c2b70b3979f170b6666f111/data/uni-special.js,community_dataset,2026-06-09,auto,2026-10-01
4111010025,首都医科大学,institution.school_type,"""医药""",https://github.com/Magicdover/China-Universities-2026/blob/419bdc7ce6956fc88c2b70b3979f170b6666f111/data/uni-special.js,community_dataset,2026-06-09,auto,2026-10-01
4111010025,首都医科大学,location.coordinates,"{""longitude"": 116.342, ""latitude"": 39.864, ""crs"": ""unspecified"", ""precision"": ""approximate"", ""location_kind"": ""community_map_point""}",https://github.com/Magicdover/China-Universities-2026/blob/419bdc7ce6956fc88c2b70b3979f170b6666f111/data/uni-special.js,community_dataset,2026-06-09,auto,2026-10-01
4111010025,首都医科大学,resources.career_url,"""http://jy.ccmu.edu.cn/sites/p/01/index.jsp""",https://github.com/PotoYang/UniversityCareerWebPage/blob/0fbc54deee6a4a3aec67ffd77e41bccec898804e/README.md,community_dataset,2019-10-21,auto,2026-10-01
4111010026,北京中医药大学,identity.short_name_zh,"""北中医""",https://github.com/Magicdover/China-Universities-2026/blob/419bdc7ce6956fc88c2b70b3979f170b6666f111/data/uni-special.js,community_dataset,2026-06-09,auto,2026-10-01
4111010026,北京中医药大学,identity.short_name_en,"""BUCM""",https://github.com/Magicdover/China-Universities-2026/blob/419bdc7ce6956fc88c2b70b3979f170b6666f111/data/uni-special.js,community_dataset,2026-06-09,auto,2026-10-01
4111010026,北京中医药大学,institution.school_type,"""医药""",https://github.com/Magicdover/China-Universities-2026/blob/419bdc7ce6956fc88c2b70b3979f170b6666f111/data/uni-special.js,community_dataset,2026-06-09,auto,2026-10-01
4111010026,北京中医药大学,institution.groups,"[""211"", ""双一流""]",https://github.com/Magicdover/China-Universities-2026/blob/419bdc7ce6956fc88c2b70b3979f170b6666f111/data/uni-special.js,community_dataset,2026-06-09,auto,2026-10-01
4111010026,北京中医药大学,location.coordinates,"{""longitude"": 116.503, ""latitude"": 40.031, ""crs"": ""unspecified"", ""precision"": ""approximate"", ""location_kind"": ""community_map_point""}",https://github.com/Magicdover/China-Universities-2026/blob/419bdc7ce6956fc88c2b70b3979f170b6666f111/data/uni-special.js,community_dataset,2026-06-09,auto,2026-10-01
4111010026,北京中医药大学,academics.double_first_class_disciplines,"[""中医学"", ""中西医结合"", ""中药学""]",https://github.com/Magicdover/China-Universities-2026/blob/419bdc7ce6956fc88c2b70b3979f170b6666f111/data/uni-special.js,community_dataset,2026-06-09,auto,2026-10-01
4111010026,北京中医药大学,resources.career_url,"""http://jy.bucm.edu.cn/""",https://github.com/PotoYang/UniversityCareerWebPage/blob/0fbc54deee6a4a3aec67ffd77e41bccec898804e/README.md,community_dataset,2019-10-21,auto,2026-10-01
4111010027,北京师范大学,identity.short_name_zh,"""北师大""",https://github.com/Magicdover/China-Universities-2026/blob/419bdc7ce6956fc88c2b70b3979f170b6666f111/data/universities.js,community_dataset,2026-06-09,auto,2026-10-01
4111010027,北京师范大学,identity.short_name_en,"""BNU""",https://github.com/Magicdover/China-Universities-2026/blob/419bdc7ce6956fc88c2b70b3979f170b6666f111/data/universities.js,community_dataset,2026-06-09,auto,2026-10-01
4111010027,北京师范大学,identity.slug_aliases,"[""beijing-normal-university""]",https://github.com/damitheswitch/china-universities-dataset/blob/5eaa2a93f86ac322d53a36da9977d9a4c80f1f56/data/universities.json,community_dataset,2026,auto,2026-10-01
4111010027,北京师范大学,institution.school_type,"""师范""",https://github.com/xioajiumi/Chinese_Universities/blob/e088fddc329a6f0148ca72fd3b4d0fe069f13e3a/Chinese_Universities.json,community_dataset,2021,auto,2026-10-01
4111010027,北京师范大学,institution.country,"""China""",https://github.com/damitheswitch/china-universities-dataset/blob/5eaa2a93f86ac322d53a36da9977d9a4c80f1f56/data/universities.json,community_dataset,2026,auto,2026-10-01
4111010027,北京师范大学,institution.groups,"[""双一流"", ""985"", ""211""]",https://github.com/damitheswitch/china-universities-dataset/blob/5eaa2a93f86ac322d53a36da9977d9a4c80f1f56/data/universities.json,community_dataset,2026,auto,2026-10-01
4111010027,北京师范大学,location.coordinates,"{""longitude"": 116.366, ""latitude"": 39.961, ""crs"": ""unspecified"", ""precision"": ""approximate"", ""location_kind"": ""community_map_point""}",https://github.com/Magicdover/China-Universities-2026/blob/419bdc7ce6956fc88c2b70b3979f170b6666f111/data/universities.js,community_dataset,2026-06-09,auto,2026-10-01
4111010027,北京师范大学,academics.double_first_class_disciplines,"[""教育学"", ""心理学"", ""中国语言文学"", ""数学"", ""地理学"", ""系统科学"", ""马克思主义理论"", ""环境科学与工程""]",https://github.com/Magicdover/China-Universities-2026/blob/419bdc7ce6956fc88c2b70b3979f170b6666f111/data/universities.js,community_dataset,2026-06-09,auto,2026-10-01
4111010027,北京师范大学,resources.career_url,"""http://career.bnu.edu.cn/front/channel.jspa?channelId=745&parentId=741""",https://github.com/PotoYang/UniversityCareerWebPage/blob/0fbc54deee6a4a3aec67ffd77e41bccec898804e/README.md,community_dataset,2019-10-21,auto,2026-10-01
4111010028,首都师范大学,identity.short_name_zh,"""首师大""",https://github.com/Magicdover/China-Universities-2026/blob/419bdc7ce6956fc88c2b70b3979f170b6666f111/data/uni-special.js,community_dataset,2026-06-09,auto,2026-10-01
4111010028,首都师范大学,identity.short_name_en,"""CNU""",https://github.com/Magicdover/China-Universities-2026/blob/419bdc7ce6956fc88c2b70b3979f170b6666f111/data/uni-special.js,community_dataset,2026-06-09,auto,2026-10-01
4111010028,首都师范大学,identity.slug_aliases,"[""capital-normal-university""]",https://github.com/damitheswitch/china-universities-dataset/blob/5eaa2a93f86ac322d53a36da9977d9a4c80f1f56/data/universities.json,community_dataset,2026,auto,2026-10-01
4111010028,首都师范大学,institution.school_type,"""师范""",https://github.com/xioajiumi/Chinese_Universities/blob/e088fddc329a6f0148ca72fd3b4d0fe069f13e3a/Chinese_Universities.json,community_dataset,2021,auto,2026-10-01
4111010028,首都师范大学,institution.country,"""China""",https://github.com/damitheswitch/china-universities-dataset/blob/5eaa2a93f86ac322d53a36da9977d9a4c80f1f56/data/universities.json,community_dataset,2026,auto,2026-10-01
4111010028,首都师范大学,institution.groups,"[""双一流""]",https://github.com/damitheswitch/china-universities-dataset/blob/5eaa2a93f86ac322d53a36da9977d9a4c80f1f56/data/universities.json,community_dataset,2026,auto,2026-10-01
4111010028,首都师范大学,location.coordinates,"{""longitude"": 116.301, ""latitude"": 39.931, ""crs"": ""unspecified"", ""precision"": ""approximate"", ""location_kind"": ""community_map_point""}",https://github.com/Magicdover/China-Universities-2026/blob/419bdc7ce6956fc88c2b70b3979f170b6666f111/data/uni-special.js,community_dataset,2026-06-09,auto,2026-10-01
4111010028,首都师范大学,academics.double_first_class_disciplines,"[""数学""]",https://github.com/Magicdover/China-Universities-2026/blob/419bdc7ce6956fc88c2b70b3979f170b6666f111/data/uni-special.js,community_dataset,2026-06-09,auto,2026-10-01
4111010028,首都师范大学,resources.career_url,"""https://jy.cnu.edu.cn/""",https://github.com/PotoYang/UniversityCareerWebPage/blob/0fbc54deee6a4a3aec67ffd77e41bccec898804e/README.md,community_dataset,2019-10-21,auto,2026-10-01
4111010029,首都体育学院,identity.short_name_en,"""CUPES""",https://github.com/CakeAL/beijing-univs-vis/blob/9d61ae50d24885331c70fdabf796d9bcfcac6e7b/README.md,community_directory,2024-11-15,auto,2026-10-01
4111010030,北京外国语大学,identity.short_name_zh,"""北外""",https://github.com/Magicdover/China-Universities-2026/blob/419bdc7ce6956fc88c2b70b3979f170b6666f111/data/uni-special.js,community_dataset,2026-06-09,auto,2026-10-01
4111010030,北京外国语大学,identity.short_name_en,"""BFSU""",https://github.com/Magicdover/China-Universities-2026/blob/419bdc7ce6956fc88c2b70b3979f170b6666f111/data/uni-special.js,community_dataset,2026-06-09,auto,2026-10-01
4111010030,北京外国语大学,institution.school_type,"""语言""",https://github.com/Magicdover/China-Universities-2026/blob/419bdc7ce6956fc88c2b70b3979f170b6666f111/data/uni-special.js,community_dataset,2026-06-09,auto,2026-10-01
4111010030,北京外国语大学,institution.groups,"[""211"", ""双一流""]",https://github.com/Magicdover/China-Universities-2026/blob/419bdc7ce6956fc88c2b70b3979f170b6666f111/data/uni-special.js,community_dataset,2026-06-09,auto,2026-10-01
4111010030,北京外国语大学,location.coordinates,"{""longitude"": 116.304, ""latitude"": 39.948, ""crs"": ""unspecified"", ""precision"": ""approximate"", ""location_kind"": ""community_map_point""}",https://github.com/Magicdover/China-Universities-2026/blob/419bdc7ce6956fc88c2b70b3979f170b6666f111/data/uni-special.js,community_dataset,2026-06-09,auto,2026-10-01
4111010030,北京外国语大学,academics.double_first_class_disciplines,"[""外国语言文学""]",https://github.com/Magicdover/China-Universities-2026/blob/419bdc7ce6956fc88c2b70b3979f170b6666f111/data/uni-special.js,community_dataset,2026-06-09,auto,2026-10-01
4111010030,北京外国语大学,resources.career_url,"""https://jyzd.bfsu.edu.cn/""",https://github.com/PotoYang/UniversityCareerWebPage/blob/0fbc54deee6a4a3aec67ffd77e41bccec898804e/README.md,community_dataset,2019-10-21,auto,2026-10-01
4111010031,北京第二外国语学院,identity.short_name_en,"""BISU""",https://github.com/CakeAL/beijing-univs-vis/blob/9d61ae50d24885331c70fdabf796d9bcfcac6e7b/README.md,community_directory,2024-11-15,auto,2026-10-01
4111010032,北京语言大学,identity.short_name_zh,"""北语""",https://github.com/Magicdover/China-Universities-2026/blob/419bdc7ce6956fc88c2b70b3979f170b6666f111/data/uni-special.js,community_dataset,2026-06-09,auto,2026-10-01
4111010032,北京语言大学,identity.short_name_en,"""BLCU""",https://github.com/Magicdover/China-Universities-2026/blob/419bdc7ce6956fc88c2b70b3979f170b6666f111/data/uni-special.js,community_dataset,2026-06-09,auto,2026-10-01
4111010032,北京语言大学,institution.school_type,"""语言""",https://github.com/Magicdover/China-Universities-2026/blob/419bdc7ce6956fc88c2b70b3979f170b6666f111/data/uni-special.js,community_dataset,2026-06-09,auto,2026-10-01
4111010032,北京语言大学,institution.groups,"[""双一流""]",https://github.com/Magicdover/China-Universities-2026/blob/419bdc7ce6956fc88c2b70b3979f170b6666f111/data/uni-special.js,community_dataset,2026-06-09,auto,2026-10-01
4111010032,北京语言大学,location.coordinates,"{""longitude"": 116.351, ""latitude"": 39.961, ""crs"": ""unspecified"", ""precision"": ""approximate"", ""location_kind"": ""community_map_point""}",https://github.com/Magicdover/China-Universities-2026/blob/419bdc7ce6956fc88c2b70b3979f170b6666f111/data/uni-special.js,community_dataset,2026-06-09,auto,2026-10-01
4111010032,北京语言大学,academics.double_first_class_disciplines,"[""中国语言文学（自定）""]",https://github.com/Magicdover/China-Universities-2026/blob/419bdc7ce6956fc88c2b70b3979f170b6666f111/data/uni-special.js,community_dataset,2026-06-09,auto,2026-10-01
4111010033,中国传媒大学,identity.short_name_zh,"""中传""",https://github.com/Magicdover/China-Universities-2026/blob/419bdc7ce6956fc88c2b70b3979f170b6666f111/data/uni-special.js,community_dataset,2026-06-09,auto,2026-10-01
4111010033,中国传媒大学,identity.short_name_en,"""CUC""",https://github.com/Magicdover/China-Universities-2026/blob/419bdc7ce6956fc88c2b70b3979f170b6666f111/data/uni-special.js,community_dataset,2026-06-09,auto,2026-10-01
4111010033,中国传媒大学,institution.school_type,"""艺术""",https://github.com/Magicdover/China-Universities-2026/blob/419bdc7ce6956fc88c2b70b3979f170b6666f111/data/uni-special.js,community_dataset,2026-06-09,auto,2026-10-01
4111010033,中国传媒大学,institution.groups,"[""211"", ""双一流""]",https://github.com/Magicdover/China-Universities-2026/blob/419bdc7ce6956fc88c2b70b3979f170b6666f111/data/uni-special.js,community_dataset,2026-06-09,auto,2026-10-01
4111010033,中国传媒大学,location.coordinates,"{""longitude"": 116.561, ""latitude"": 39.913, ""crs"": ""unspecified"", ""precision"": ""approximate"", ""location_kind"": ""community_map_point""}",https://github.com/Magicdover/China-Universities-2026/blob/419bdc7ce6956fc88c2b70b3979f170b6666f111/data/uni-special.js,community_dataset,2026-06-09,auto,2026-10-01
4111010033,中国传媒大学,academics.double_first_class_disciplines,"[""新闻传播学"", ""戏剧与影视学""]",https://github.com/Magicdover/China-Universities-2026/blob/419bdc7ce6956fc88c2b70b3979f170b6666f111/data/uni-special.js,community_dataset,2026-06-09,auto,2026-10-01
4111010033,中国传媒大学,resources.career_url,"""http://jy.cuc.edu.cn/""",https://github.com/PotoYang/UniversityCareerWebPage/blob/0fbc54deee6a4a3aec67ffd77e41bccec898804e/README.md,community_dataset,2019-10-21,auto,2026-10-01
4111010034,中央财经大学,identity.short_name_zh,"""央财""",https://github.com/Magicdover/China-Universities-2026/blob/419bdc7ce6956fc88c2b70b3979f170b6666f111/data/uni-special.js,community_dataset,2026-06-09,auto,2026-10-01
4111010034,中央财经大学,identity.short_name_en,"""CUFE""",https://github.com/Magicdover/China-Universities-2026/blob/419bdc7ce6956fc88c2b70b3979f170b6666f111/data/uni-special.js,community_dataset,2026-06-09,auto,2026-10-01
4111010034,中央财经大学,institution.school_type,"""财经""",https://github.com/Magicdover/China-Universities-2026/blob/419bdc7ce6956fc88c2b70b3979f170b6666f111/data/uni-special.js,community_dataset,2026-06-09,auto,2026-10-01
4111010034,中央财经大学,institution.groups,"[""211"", ""双一流"", ""两财一贸""]",https://github.com/Magicdover/China-Universities-2026/blob/419bdc7ce6956fc88c2b70b3979f170b6666f111/data/uni-special.js,community_dataset,2026-06-09,auto,2026-10-01
4111010034,中央财经大学,location.coordinates,"{""longitude"": 116.273, ""latitude"": 40.068, ""crs"": ""unspecified"", ""precision"": ""approximate"", ""location_kind"": ""community_map_point""}",https://github.com/Magicdover/China-Universities-2026/blob/419bdc7ce6956fc88c2b70b3979f170b6666f111/data/uni-special.js,community_dataset,2026-06-09,auto,2026-10-01
4111010034,中央财经大学,academics.double_first_class_disciplines,"[""应用经济学""]",https://github.com/Magicdover/China-Universities-2026/blob/419bdc7ce6956fc88c2b70b3979f170b6666f111/data/uni-special.js,community_dataset,2026-06-09,auto,2026-10-01
4111010034,中央财经大学,resources.career_url,"""http://scc.cufe.edu.cn/f/home/index/""",https://github.com/PotoYang/UniversityCareerWebPage/blob/0fbc54deee6a4a3aec67ffd77e41bccec898804e/README.md,community_dataset,2019-10-21,auto,2026-10-01
4111010036,对外经济贸易大学,identity.short_name_zh,"""对外经贸""",https://github.com/Magicdover/China-Universities-2026/blob/419bdc7ce6956fc88c2b70b3979f170b6666f111/data/uni-special.js,community_dataset,2026-06-09,auto,2026-10-01
4111010036,对外经济贸易大学,identity.short_name_en,"""UIBE""",https://github.com/Magicdover/China-Universities-2026/blob/419bdc7ce6956fc88c2b70b3979f170b6666f111/data/uni-special.js,community_dataset,2026-06-09,auto,2026-10-01
4111010036,对外经济贸易大学,institution.school_type,"""财经""",https://github.com/Magicdover/China-Universities-2026/blob/419bdc7ce6956fc88c2b70b3979f170b6666f111/data/uni-special.js,community_dataset,2026-06-09,auto,2026-10-01
4111010036,对外经济贸易大学,institution.groups,"[""211"", ""双一流"", ""两财一贸""]",https://github.com/Magicdover/China-Universities-2026/blob/419bdc7ce6956fc88c2b70b3979f170b6666f111/data/uni-special.js,community_dataset,2026-06-09,auto,2026-10-01
4111010036,对外经济贸易大学,location.coordinates,"{""longitude"": 116.424, ""latitude"": 39.972, ""crs"": ""unspecified"", ""precision"": ""approximate"", ""location_kind"": ""community_map_point""}",https://github.com/Magicdover/China-Universities-2026/blob/419bdc7ce6956fc88c2b70b3979f170b6666f111/data/uni-special.js,community_dataset,2026-06-09,auto,2026-10-01
4111010036,对外经济贸易大学,academics.double_first_class_disciplines,"[""应用经济学""]",https://github.com/Magicdover/China-Universities-2026/blob/419bdc7ce6956fc88c2b70b3979f170b6666f111/data/uni-special.js,community_dataset,2026-06-09,auto,2026-10-01
4111010036,对外经济贸易大学,resources.career_url,"""http://career.uibe.edu.cn/""",https://github.com/PotoYang/UniversityCareerWebPage/blob/0fbc54deee6a4a3aec67ffd77e41bccec898804e/README.md,community_dataset,2019-10-21,auto,2026-10-01
4111010037,北京物资学院,identity.short_name_en,"""BWU""",https://github.com/CakeAL/beijing-univs-vis/blob/9d61ae50d24885331c70fdabf796d9bcfcac6e7b/README.md,community_directory,2024-11-15,auto,2026-10-01
4111010038,首都经济贸易大学,resources.career_url,"""https://jy.cueb.edu.cn/""",https://github.com/PotoYang/UniversityCareerWebPage/blob/0fbc54deee6a4a3aec67ffd77e41bccec898804e/README.md,community_dataset,2019-10-21,auto,2026-10-01
4111010041,中国人民公安大学,identity.short_name_zh,"""公安大学""",https://github.com/Magicdover/China-Universities-2026/blob/419bdc7ce6956fc88c2b70b3979f170b6666f111/data/uni-extra2.js,community_dataset,2026-06-09,auto,2026-10-01
4111010041,中国人民公安大学,identity.short_name_en,"""PPSUC""",https://github.com/Magicdover/China-Universities-2026/blob/419bdc7ce6956fc88c2b70b3979f170b6666f111/data/uni-extra2.js,community_dataset,2026-06-09,auto,2026-10-01
4111010041,中国人民公安大学,institution.school_type,"""政法""",https://github.com/Magicdover/China-Universities-2026/blob/419bdc7ce6956fc88c2b70b3979f170b6666f111/data/uni-extra2.js,community_dataset,2026-06-09,auto,2026-10-01
4111010041,中国人民公安大学,location.coordinates,"{""longitude"": 116.36, ""latitude"": 39.861, ""crs"": ""unspecified"", ""precision"": ""approximate"", ""location_kind"": ""community_map_point""}",https://github.com/Magicdover/China-Universities-2026/blob/419bdc7ce6956fc88c2b70b3979f170b6666f111/data/uni-extra2.js,community_dataset,2026-06-09,auto,2026-10-01
4111010042,国际关系学院,identity.short_name_en,"""UIR""",https://github.com/CakeAL/beijing-univs-vis/blob/9d61ae50d24885331c70fdabf796d9bcfcac6e7b/README.md,community_directory,2024-11-15,auto,2026-10-01
4111010042,国际关系学院,identity.slug_aliases,"[""university-of-international-relations""]",https://github.com/damitheswitch/china-universities-dataset/blob/5eaa2a93f86ac322d53a36da9977d9a4c80f1f56/data/universities.json,community_dataset,2026,auto,2026-10-01
4111010042,国际关系学院,institution.school_type,"""综合""",https://github.com/xioajiumi/Chinese_Universities/blob/e088fddc329a6f0148ca72fd3b4d0fe069f13e3a/Chinese_Universities.json,community_dataset,2021,auto,2026-10-01
4111010042,国际关系学院,institution.country,"""China""",https://github.com/damitheswitch/china-universities-dataset/blob/5eaa2a93f86ac322d53a36da9977d9a4c80f1f56/data/universities.json,community_dataset,2026,auto,2026-10-01
4111010043,北京体育大学,identity.short_name_zh,"""北体""",https://github.com/Magicdover/China-Universities-2026/blob/419bdc7ce6956fc88c2b70b3979f170b6666f111/data/uni-special.js,community_dataset,2026-06-09,auto,2026-10-01
4111010043,北京体育大学,identity.short_name_en,"""BSU""",https://github.com/Magicdover/China-Universities-2026/blob/419bdc7ce6956fc88c2b70b3979f170b6666f111/data/uni-special.js,community_dataset,2026-06-09,auto,2026-10-01
4111010043,北京体育大学,institution.school_type,"""体育""",https://github.com/Magicdover/China-Universities-2026/blob/419bdc7ce6956fc88c2b70b3979f170b6666f111/data/uni-special.js,community_dataset,2026-06-09,auto,2026-10-01
4111010043,北京体育大学,institution.groups,"[""211"", ""双一流""]",https://github.com/Magicdover/China-Universities-2026/blob/419bdc7ce6956fc88c2b70b3979f170b6666f111/data/uni-special.js,community_dataset,2026-06-09,auto,2026-10-01
4111010043,北京体育大学,location.coordinates,"{""longitude"": 116.342, ""latitude"": 40.022, ""crs"": ""unspecified"", ""precision"": ""approximate"", ""location_kind"": ""community_map_point""}",https://github.com/Magicdover/China-Universities-2026/blob/419bdc7ce6956fc88c2b70b3979f170b6666f111/data/uni-special.js,community_dataset,2026-06-09,auto,2026-10-01
4111010043,北京体育大学,academics.double_first_class_disciplines,"[""体育学""]",https://github.com/Magicdover/China-Universities-2026/blob/419bdc7ce6956fc88c2b70b3979f170b6666f111/data/uni-special.js,community_dataset,2026-06-09,auto,2026-10-01
4111010043,北京体育大学,resources.career_url,"""http://jy.bsu.edu.cn/index.jspa""",https://github.com/PotoYang/UniversityCareerWebPage/blob/0fbc54deee6a4a3aec67ffd77e41bccec898804e/README.md,community_dataset,2019-10-21,auto,2026-10-01
4111010045,中央音乐学院,identity.short_name_zh,"""央音""",https://github.com/Magicdover/China-Universities-2026/blob/419bdc7ce6956fc88c2b70b3979f170b6666f111/data/uni-special.js,community_dataset,2026-06-09,auto,2026-10-01
4111010045,中央音乐学院,identity.short_name_en,"""CCOM""",https://github.com/Magicdover/China-Universities-2026/blob/419bdc7ce6956fc88c2b70b3979f170b6666f111/data/uni-special.js,community_dataset,2026-06-09,auto,2026-10-01
4111010045,中央音乐学院,institution.school_type,"""艺术""",https://github.com/Magicdover/China-Universities-2026/blob/419bdc7ce6956fc88c2b70b3979f170b6666f111/data/uni-special.js,community_dataset,2026-06-09,auto,2026-10-01
4111010045,中央音乐学院,institution.groups,"[""双一流""]",https://github.com/Magicdover/China-Universities-2026/blob/419bdc7ce6956fc88c2b70b3979f170b6666f111/data/uni-special.js,community_dataset,2026-06-09,auto,2026-10-01
4111010045,中央音乐学院,location.coordinates,"{""longitude"": 116.323, ""latitude"": 39.901, ""crs"": ""unspecified"", ""precision"": ""approximate"", ""location_kind"": ""community_map_point""}",https://github.com/Magicdover/China-Universities-2026/blob/419bdc7ce6956fc88c2b70b3979f170b6666f111/data/uni-special.js,community_dataset,2026-06-09,auto,2026-10-01
4111010045,中央音乐学院,academics.double_first_class_disciplines,"[""音乐与舞蹈学""]",https://github.com/Magicdover/China-Universities-2026/blob/419bdc7ce6956fc88c2b70b3979f170b6666f111/data/uni-special.js,community_dataset,2026-06-09,auto,2026-10-01
4111010046,中国音乐学院,identity.short_name_zh,"""国音""",https://github.com/Magicdover/China-Universities-2026/blob/419bdc7ce6956fc88c2b70b3979f170b6666f111/data/uni-extra.js,community_dataset,2026-06-09,auto,2026-10-01
4111010046,中国音乐学院,identity.short_name_en,"""CCM""",https://github.com/Magicdover/China-Universities-2026/blob/419bdc7ce6956fc88c2b70b3979f170b6666f111/data/uni-extra.js,community_dataset,2026-06-09,auto,2026-10-01
4111010046,中国音乐学院,institution.school_type,"""艺术""",https://github.com/Magicdover/China-Universities-2026/blob/419bdc7ce6956fc88c2b70b3979f170b6666f111/data/uni-extra.js,community_dataset,2026-06-09,auto,2026-10-01
4111010046,中国音乐学院,institution.groups,"[""双一流""]",https://github.com/Magicdover/China-Universities-2026/blob/419bdc7ce6956fc88c2b70b3979f170b6666f111/data/uni-extra.js,community_dataset,2026-06-09,auto,2026-10-01
4111010046,中国音乐学院,location.coordinates,"{""longitude"": 116.394, ""latitude"": 39.992, ""crs"": ""unspecified"", ""precision"": ""approximate"", ""location_kind"": ""community_map_point""}",https://github.com/Magicdover/China-Universities-2026/blob/419bdc7ce6956fc88c2b70b3979f170b6666f111/data/uni-extra.js,community_dataset,2026-06-09,auto,2026-10-01
4111010046,中国音乐学院,academics.double_first_class_disciplines,"[""音乐与舞蹈学""]",https://github.com/Magicdover/China-Universities-2026/blob/419bdc7ce6956fc88c2b70b3979f170b6666f111/data/uni-extra.js,community_dataset,2026-06-09,auto,2026-10-01
4111010047,中央美术学院,identity.short_name_zh,"""央美""",https://github.com/Magicdover/China-Universities-2026/blob/419bdc7ce6956fc88c2b70b3979f170b6666f111/data/uni-special.js,community_dataset,2026-06-09,auto,2026-10-01
4111010047,中央美术学院,identity.short_name_en,"""CAFA""",https://github.com/Magicdover/China-Universities-2026/blob/419bdc7ce6956fc88c2b70b3979f170b6666f111/data/uni-special.js,community_dataset,2026-06-09,auto,2026-10-01
4111010047,中央美术学院,institution.school_type,"""艺术""",https://github.com/Magicdover/China-Universities-2026/blob/419bdc7ce6956fc88c2b70b3979f170b6666f111/data/uni-special.js,community_dataset,2026-06-09,auto,2026-10-01
4111010047,中央美术学院,institution.groups,"[""双一流""]",https://github.com/Magicdover/China-Universities-2026/blob/419bdc7ce6956fc88c2b70b3979f170b6666f111/data/uni-special.js,community_dataset,2026-06-09,auto,2026-10-01
4111010047,中央美术学院,location.coordinates,"{""longitude"": 116.49, ""latitude"": 40.001, ""crs"": ""unspecified"", ""precision"": ""approximate"", ""location_kind"": ""community_map_point""}",https://github.com/Magicdover/China-Universities-2026/blob/419bdc7ce6956fc88c2b70b3979f170b6666f111/data/uni-special.js,community_dataset,2026-06-09,auto,2026-10-01
4111010047,中央美术学院,academics.double_first_class_disciplines,"[""美术学"", ""设计学""]",https://github.com/Magicdover/China-Universities-2026/blob/419bdc7ce6956fc88c2b70b3979f170b6666f111/data/uni-special.js,community_dataset,2026-06-09,auto,2026-10-01
4111010047,中央美术学院,resources.career_url,"""http://cafa.jysd.com/""",https://github.com/PotoYang/UniversityCareerWebPage/blob/0fbc54deee6a4a3aec67ffd77e41bccec898804e/README.md,community_dataset,2019-10-21,auto,2026-10-01
4111010048,中央戏剧学院,identity.short_name_zh,"""中戏""",https://github.com/Magicdover/China-Universities-2026/blob/419bdc7ce6956fc88c2b70b3979f170b6666f111/data/uni-extra.js,community_dataset,2026-06-09,auto,2026-10-01
4111010048,中央戏剧学院,identity.short_name_en,"""CAD""",https://github.com/Magicdover/China-Universities-2026/blob/419bdc7ce6956fc88c2b70b3979f170b6666f111/data/uni-extra.js,community_dataset,2026-06-09,auto,2026-10-01
4111010048,中央戏剧学院,institution.school_type,"""艺术""",https://github.com/Magicdover/China-Universities-2026/blob/419bdc7ce6956fc88c2b70b3979f170b6666f111/data/uni-extra.js,community_dataset,2026-06-09,auto,2026-10-01
4111010048,中央戏剧学院,institution.groups,"[""双一流""]",https://github.com/Magicdover/China-Universities-2026/blob/419bdc7ce6956fc88c2b70b3979f170b6666f111/data/uni-extra.js,community_dataset,2026-06-09,auto,2026-10-01
4111010048,中央戏剧学院,location.coordinates,"{""longitude"": 116.395, ""latitude"": 39.931, ""crs"": ""unspecified"", ""precision"": ""approximate"", ""location_kind"": ""community_map_point""}",https://github.com/Magicdover/China-Universities-2026/blob/419bdc7ce6956fc88c2b70b3979f170b6666f111/data/uni-extra.js,community_dataset,2026-06-09,auto,2026-10-01
4111010048,中央戏剧学院,academics.double_first_class_disciplines,"[""戏剧与影视学""]",https://github.com/Magicdover/China-Universities-2026/blob/419bdc7ce6956fc88c2b70b3979f170b6666f111/data/uni-extra.js,community_dataset,2026-06-09,auto,2026-10-01
4111010050,北京电影学院,identity.short_name_en,"""BFA""",https://github.com/CakeAL/beijing-univs-vis/blob/9d61ae50d24885331c70fdabf796d9bcfcac6e7b/README.md,community_directory,2024-11-15,auto,2026-10-01
4111010051,北京舞蹈学院,identity.short_name_en,"""BDA""",https://github.com/CakeAL/beijing-univs-vis/blob/9d61ae50d24885331c70fdabf796d9bcfcac6e7b/README.md,community_directory,2024-11-15,auto,2026-10-01
4111010052,中央民族大学,identity.short_name_zh,"""中央民大""",https://github.com/Magicdover/China-Universities-2026/blob/419bdc7ce6956fc88c2b70b3979f170b6666f111/data/universities.js,community_dataset,2026-06-09,auto,2026-10-01
4111010052,中央民族大学,identity.short_name_en,"""MUC""",https://github.com/Magicdover/China-Universities-2026/blob/419bdc7ce6956fc88c2b70b3979f170b6666f111/data/universities.js,community_dataset,2026-06-09,auto,2026-10-01
4111010052,中央民族大学,institution.school_type,"""民族""",https://github.com/Magicdover/China-Universities-2026/blob/419bdc7ce6956fc88c2b70b3979f170b6666f111/data/universities.js,community_dataset,2026-06-09,auto,2026-10-01
4111010052,中央民族大学,institution.groups,"[""985"", ""211"", ""双一流""]",https://github.com/Magicdover/China-Universities-2026/blob/419bdc7ce6956fc88c2b70b3979f170b6666f111/data/universities.js,community_dataset,2026-06-09,auto,2026-10-01
4111010052,中央民族大学,location.coordinates,"{""longitude"": 116.323, ""latitude"": 39.951, ""crs"": ""unspecified"", ""precision"": ""approximate"", ""location_kind"": ""community_map_point""}",https://github.com/Magicdover/China-Universities-2026/blob/419bdc7ce6956fc88c2b70b3979f170b6666f111/data/universities.js,community_dataset,2026-06-09,auto,2026-10-01
4111010052,中央民族大学,academics.double_first_class_disciplines,"[""民族学""]",https://github.com/Magicdover/China-Universities-2026/blob/419bdc7ce6956fc88c2b70b3979f170b6666f111/data/universities.js,community_dataset,2026-06-09,auto,2026-10-01
4111010052,中央民族大学,resources.career_url,"""http://www.career.muc.edu.cn/""",https://github.com/PotoYang/UniversityCareerWebPage/blob/0fbc54deee6a4a3aec67ffd77e41bccec898804e/README.md,community_dataset,2019-10-21,auto,2026-10-01
4111010053,中国政法大学,identity.short_name_zh,"""法大""",https://github.com/Magicdover/China-Universities-2026/blob/419bdc7ce6956fc88c2b70b3979f170b6666f111/data/uni-special.js,community_dataset,2026-06-09,auto,2026-10-01
4111010053,中国政法大学,identity.short_name_en,"""CUPL""",https://github.com/Magicdover/China-Universities-2026/blob/419bdc7ce6956fc88c2b70b3979f170b6666f111/data/uni-special.js,community_dataset,2026-06-09,auto,2026-10-01
4111010053,中国政法大学,institution.school_type,"""政法""",https://github.com/Magicdover/China-Universities-2026/blob/419bdc7ce6956fc88c2b70b3979f170b6666f111/data/uni-special.js,community_dataset,2026-06-09,auto,2026-10-01
4111010053,中国政法大学,institution.groups,"[""211"", ""双一流"", ""政法五院""]",https://github.com/Magicdover/China-Universities-2026/blob/419bdc7ce6956fc88c2b70b3979f170b6666f111/data/uni-special.js,community_dataset,2026-06-09,auto,2026-10-01
4111010053,中国政法大学,location.coordinates,"{""longitude"": 116.205, ""latitude"": 40.181, ""crs"": ""unspecified"", ""precision"": ""approximate"", ""location_kind"": ""community_map_point""}",https://github.com/Magicdover/China-Universities-2026/blob/419bdc7ce6956fc88c2b70b3979f170b6666f111/data/uni-special.js,community_dataset,2026-06-09,auto,2026-10-01
4111010053,中国政法大学,academics.double_first_class_disciplines,"[""法学""]",https://github.com/Magicdover/China-Universities-2026/blob/419bdc7ce6956fc88c2b70b3979f170b6666f111/data/uni-special.js,community_dataset,2026-06-09,auto,2026-10-01
4111010053,中国政法大学,resources.career_url,"""http://career.cupl.edu.cn""",https://github.com/PotoYang/UniversityCareerWebPage/blob/0fbc54deee6a4a3aec67ffd77e41bccec898804e/README.md,community_dataset,2019-10-21,auto,2026-10-01
4111010054,华北电力大学,identity.short_name_zh,"""华电""",https://github.com/Magicdover/China-Universities-2026/blob/419bdc7ce6956fc88c2b70b3979f170b6666f111/data/uni-211.js,community_dataset,2026-06-09,auto,2026-10-01
4111010054,华北电力大学,identity.short_name_en,"""NCEPU""",https://github.com/Magicdover/China-Universities-2026/blob/419bdc7ce6956fc88c2b70b3979f170b6666f111/data/uni-211.js,community_dataset,2026-06-09,auto,2026-10-01
4111010054,华北电力大学,identity.slug_aliases,"[""north-china-electric-power-university""]",https://github.com/damitheswitch/china-universities-dataset/blob/5eaa2a93f86ac322d53a36da9977d9a4c80f1f56/data/universities.json,community_dataset,2026,auto,2026-10-01
4111010054,华北电力大学,institution.school_type,"""理工""",https://github.com/xioajiumi/Chinese_Universities/blob/e088fddc329a6f0148ca72fd3b4d0fe069f13e3a/Chinese_Universities.json,community_dataset,2021,auto,2026-10-01
4111010054,华北电力大学,institution.country,"""China""",https://github.com/damitheswitch/china-universities-dataset/blob/5eaa2a93f86ac322d53a36da9977d9a4c80f1f56/data/universities.json,community_dataset,2026,auto,2026-10-01
4111010054,华北电力大学,institution.groups,"[""双一流"", ""211""]",https://github.com/damitheswitch/china-universities-dataset/blob/5eaa2a93f86ac322d53a36da9977d9a4c80f1f56/data/universities.json,community_dataset,2026,auto,2026-10-01
4111010054,华北电力大学,location.coordinates,"{""longitude"": 116.349, ""latitude"": 40.063, ""crs"": ""unspecified"", ""precision"": ""approximate"", ""location_kind"": ""community_map_point""}",https://github.com/Magicdover/China-Universities-2026/blob/419bdc7ce6956fc88c2b70b3979f170b6666f111/data/uni-211.js,community_dataset,2026-06-09,auto,2026-10-01
4111010054,华北电力大学,academics.double_first_class_disciplines,"[""电气工程""]",https://github.com/Magicdover/China-Universities-2026/blob/419bdc7ce6956fc88c2b70b3979f170b6666f111/data/uni-211.js,community_dataset,2026-06-09,auto,2026-10-01
4111010054,华北电力大学,resources.career_url,"""http://job.ncepu.edu.cn/""",https://github.com/PotoYang/UniversityCareerWebPage/blob/0fbc54deee6a4a3aec67ffd77e41bccec898804e/README.md,community_dataset,2019-10-21,auto,2026-10-01
4111011149,中华女子学院,identity.short_name_en,"""CWU""",https://github.com/CakeAL/beijing-univs-vis/blob/9d61ae50d24885331c70fdabf796d9bcfcac6e7b/README.md,community_directory,2024-11-15,auto,2026-10-01
4111011232,北京信息科技大学,identity.short_name_en,"""BISTU""",https://github.com/CakeAL/beijing-univs-vis/blob/9d61ae50d24885331c70fdabf796d9bcfcac6e7b/README.md,community_directory,2024-11-15,auto,2026-10-01
4111011232,北京信息科技大学,identity.slug_aliases,"[""beijing-information-science-technology-university""]",https://github.com/damitheswitch/china-universities-dataset/blob/5eaa2a93f86ac322d53a36da9977d9a4c80f1f56/data/universities.json,community_dataset,2026,auto,2026-10-01
4111011232,北京信息科技大学,institution.school_type,"""理工""",https://github.com/xioajiumi/Chinese_Universities/blob/e088fddc329a6f0148ca72fd3b4d0fe069f13e3a/Chinese_Universities.json,community_dataset,2021,auto,2026-10-01
4111011232,北京信息科技大学,institution.country,"""China""",https://github.com/damitheswitch/china-universities-dataset/blob/5eaa2a93f86ac322d53a36da9977d9a4c80f1f56/data/universities.json,community_dataset,2026,auto,2026-10-01
4111011413,中国矿业大学(北京),identity.slug_aliases,"[""china-university-of-mining-and-technology-beijing""]",https://github.com/damitheswitch/china-universities-dataset/blob/5eaa2a93f86ac322d53a36da9977d9a4c80f1f56/data/universities.json,community_dataset,2026,auto,2026-10-01
4111011413,中国矿业大学(北京),institution.school_type,"""理工""",https://github.com/xioajiumi/Chinese_Universities/blob/e088fddc329a6f0148ca72fd3b4d0fe069f13e3a/Chinese_Universities.json,community_dataset,2021,auto,2026-10-01
4111011413,中国矿业大学(北京),institution.country,"""China""",https://github.com/damitheswitch/china-universities-dataset/blob/5eaa2a93f86ac322d53a36da9977d9a4c80f1f56/data/universities.json,community_dataset,2026,auto,2026-10-01
4111011413,中国矿业大学(北京),institution.groups,"[""双一流"", ""211""]",https://github.com/damitheswitch/china-universities-dataset/blob/5eaa2a93f86ac322d53a36da9977d9a4c80f1f56/data/universities.json,community_dataset,2026,auto,2026-10-01
4111011413,中国矿业大学(北京),resources.career_url,"""http://jy.cumtb.edu.cn/""",https://github.com/PotoYang/UniversityCareerWebPage/blob/0fbc54deee6a4a3aec67ffd77e41bccec898804e/README.md,community_dataset,2019-10-21,auto,2026-10-01
4111011414,中国石油大学(北京),identity.short_name_zh,"""石大(京)""",https://github.com/Magicdover/China-Universities-2026/blob/419bdc7ce6956fc88c2b70b3979f170b6666f111/data/uni-extra2.js,community_dataset,2026-06-09,auto,2026-10-01
4111011414,中国石油大学(北京),identity.short_name_en,"""CUPB""",https://github.com/Magicdover/China-Universities-2026/blob/419bdc7ce6956fc88c2b70b3979f170b6666f111/data/uni-extra2.js,community_dataset,2026-06-09,auto,2026-10-01
4111011414,中国石油大学(北京),identity.slug_aliases,"[""china-university-of-petroleum-beijing""]",https://github.com/damitheswitch/china-universities-dataset/blob/5eaa2a93f86ac322d53a36da9977d9a4c80f1f56/data/universities.json,community_dataset,2026,auto,2026-10-01
4111011414,中国石油大学(北京),institution.school_type,"""理工""",https://github.com/xioajiumi/Chinese_Universities/blob/e088fddc329a6f0148ca72fd3b4d0fe069f13e3a/Chinese_Universities.json,community_dataset,2021,auto,2026-10-01
4111011414,中国石油大学(北京),institution.country,"""China""",https://github.com/damitheswitch/china-universities-dataset/blob/5eaa2a93f86ac322d53a36da9977d9a4c80f1f56/data/universities.json,community_dataset,2026,auto,2026-10-01
4111011414,中国石油大学(北京),institution.groups,"[""双一流"", ""211""]",https://github.com/damitheswitch/china-universities-dataset/blob/5eaa2a93f86ac322d53a36da9977d9a4c80f1f56/data/universities.json,community_dataset,2026,auto,2026-10-01
4111011414,中国石油大学(北京),location.coordinates,"{""longitude"": 116.202, ""latitude"": 40.181, ""crs"": ""unspecified"", ""precision"": ""approximate"", ""location_kind"": ""community_map_point""}",https://github.com/Magicdover/China-Universities-2026/blob/419bdc7ce6956fc88c2b70b3979f170b6666f111/data/uni-extra2.js,community_dataset,2026-06-09,auto,2026-10-01
4111011414,中国石油大学(北京),academics.double_first_class_disciplines,"[""石油与天然气工程"", ""地质资源与地质工程""]",https://github.com/Magicdover/China-Universities-2026/blob/419bdc7ce6956fc88c2b70b3979f170b6666f111/data/uni-extra2.js,community_dataset,2026-06-09,auto,2026-10-01
4111011414,中国石油大学(北京),resources.career_url,"""http://career.cup.edu.cn/""",https://github.com/PotoYang/UniversityCareerWebPage/blob/0fbc54deee6a4a3aec67ffd77e41bccec898804e/README.md,community_dataset,2019-10-21,auto,2026-10-01
4111011415,中国地质大学(北京),identity.short_name_zh,"""地大(京)""",https://github.com/Magicdover/China-Universities-2026/blob/419bdc7ce6956fc88c2b70b3979f170b6666f111/data/uni-extra2.js,community_dataset,2026-06-09,auto,2026-10-01
4111011415,中国地质大学(北京),identity.short_name_en,"""CUGB""",https://github.com/Magicdover/China-Universities-2026/blob/419bdc7ce6956fc88c2b70b3979f170b6666f111/data/uni-extra2.js,community_dataset,2026-06-09,auto,2026-10-01
4111011415,中国地质大学(北京),institution.school_type,"""理工""",https://github.com/xioajiumi/Chinese_Universities/blob/e088fddc329a6f0148ca72fd3b4d0fe069f13e3a/Chinese_Universities.json,community_dataset,2021,auto,2026-10-01
4111011415,中国地质大学(北京),institution.groups,"[""211"", ""双一流""]",https://github.com/Magicdover/China-Universities-2026/blob/419bdc7ce6956fc88c2b70b3979f170b6666f111/data/uni-extra2.js,community_dataset,2026-06-09,auto,2026-10-01
4111011415,中国地质大学(北京),location.coordinates,"{""longitude"": 116.353, ""latitude"": 39.991, ""crs"": ""unspecified"", ""precision"": ""approximate"", ""location_kind"": ""community_map_point""}",https://github.com/Magicdover/China-Universities-2026/blob/419bdc7ce6956fc88c2b70b3979f170b6666f111/data/uni-extra2.js,community_dataset,2026-06-09,auto,2026-10-01
4111011415,中国地质大学(北京),academics.double_first_class_disciplines,"[""地质学"", ""地质资源与地质工程""]",https://github.com/Magicdover/China-Universities-2026/blob/419bdc7ce6956fc88c2b70b3979f170b6666f111/data/uni-extra2.js,community_dataset,2026-06-09,auto,2026-10-01
4111011415,中国地质大学(北京),resources.career_url,"""http://jiuye.cugb.edu.cn/""",https://github.com/PotoYang/UniversityCareerWebPage/blob/0fbc54deee6a4a3aec67ffd77e41bccec898804e/README.md,community_dataset,2019-10-21,auto,2026-10-01
4111011417,北京联合大学,identity.short_name_en,"""BUU""",https://github.com/CakeAL/beijing-univs-vis/blob/9d61ae50d24885331c70fdabf796d9bcfcac6e7b/README.md,community_directory,2024-11-15,auto,2026-10-01
4111011417,北京联合大学,identity.slug_aliases,"[""beijing-union-university""]",https://github.com/damitheswitch/china-universities-dataset/blob/5eaa2a93f86ac322d53a36da9977d9a4c80f1f56/data/universities.json,community_dataset,2026,auto,2026-10-01
4111011417,北京联合大学,institution.school_type,"""综合""",https://github.com/xioajiumi/Chinese_Universities/blob/e088fddc329a6f0148ca72fd3b4d0fe069f13e3a/Chinese_Universities.json,community_dataset,2021,auto,2026-10-01
4111011417,北京联合大学,institution.country,"""China""",https://github.com/damitheswitch/china-universities-dataset/blob/5eaa2a93f86ac322d53a36da9977d9a4c80f1f56/data/universities.json,community_dataset,2026,auto,2026-10-01
4111011417,北京联合大学,resources.career_url,"""https://jy.buu.edu.cn/""",https://github.com/PotoYang/UniversityCareerWebPage/blob/0fbc54deee6a4a3aec67ffd77e41bccec898804e/README.md,community_dataset,2019-10-21,auto,2026-10-01
4111011831,首钢工学院,identity.short_name_en,"""SGIT""",https://github.com/CakeAL/beijing-univs-vis/blob/9d61ae50d24885331c70fdabf796d9bcfcac6e7b/README.md,community_directory,2024-11-15,auto,2026-10-01
4111012453,中国劳动关系学院,identity.short_name_en,"""CULR""",https://github.com/CakeAL/beijing-univs-vis/blob/9d61ae50d24885331c70fdabf796d9bcfcac6e7b/README.md,community_directory,2024-11-15,auto,2026-10-01
4111013629,首都师范大学科德学院,identity.short_name_en,"""KDCNU""",https://github.com/CakeAL/beijing-univs-vis/blob/9d61ae50d24885331c70fdabf796d9bcfcac6e7b/README.md,community_directory,2024-11-15,auto,2026-10-01
4111014430,中国科学院大学,identity.short_name_zh,"""国科大""",https://github.com/Magicdover/China-Universities-2026/blob/419bdc7ce6956fc88c2b70b3979f170b6666f111/data/uni-special.js,community_dataset,2026-06-09,auto,2026-10-01
4111014430,中国科学院大学,identity.short_name_en,"""UCAS""",https://github.com/Magicdover/China-Universities-2026/blob/419bdc7ce6956fc88c2b70b3979f170b6666f111/data/uni-special.js,community_dataset,2026-06-09,auto,2026-10-01
4111014430,中国科学院大学,institution.school_type,"""理工""",https://github.com/Magicdover/China-Universities-2026/blob/419bdc7ce6956fc88c2b70b3979f170b6666f111/data/uni-special.js,community_dataset,2026-06-09,auto,2026-10-01
4111014430,中国科学院大学,institution.groups,"[""双一流"", ""新型研究型""]",https://github.com/Magicdover/China-Universities-2026/blob/419bdc7ce6956fc88c2b70b3979f170b6666f111/data/uni-special.js,community_dataset,2026-06-09,auto,2026-10-01
4111014430,中国科学院大学,location.coordinates,"{""longitude"": 116.31, ""latitude"": 40.052, ""crs"": ""unspecified"", ""precision"": ""approximate"", ""location_kind"": ""community_map_point""}",https://github.com/Magicdover/China-Universities-2026/blob/419bdc7ce6956fc88c2b70b3979f170b6666f111/data/uni-special.js,community_dataset,2026-06-09,auto,2026-10-01
4111014430,中国科学院大学,academics.double_first_class_disciplines,"[""依托中科院，理科与前沿科技全面顶尖""]",https://github.com/Magicdover/China-Universities-2026/blob/419bdc7ce6956fc88c2b70b3979f170b6666f111/data/uni-special.js,community_dataset,2026-06-09,auto,2026-10-01
4111014596,中国社会科学院大学,identity.short_name_en,"""UCASS""",https://github.com/CakeAL/beijing-univs-vis/blob/9d61ae50d24885331c70fdabf796d9bcfcac6e7b/README.md,community_directory,2024-11-15,auto,2026-10-01
4122010183,吉林大学,identity.short_name_zh,"""吉大""",https://github.com/Magicdover/China-Universities-2026/blob/419bdc7ce6956fc88c2b70b3979f170b6666f111/data/universities.js,community_dataset,2026-06-09,auto,2026-10-01
4122010183,吉林大学,identity.short_name_en,"""JLU""",https://github.com/Magicdover/China-Universities-2026/blob/419bdc7ce6956fc88c2b70b3979f170b6666f111/data/universities.js,community_dataset,2026-06-09,auto,2026-10-01
4122010183,吉林大学,identity.slug_aliases,"[""jilin-university""]",https://github.com/damitheswitch/china-universities-dataset/blob/5eaa2a93f86ac322d53a36da9977d9a4c80f1f56/data/universities.json,community_dataset,2026,auto,2026-10-01
4122010183,吉林大学,institution.school_type,"""综合""",https://github.com/xioajiumi/Chinese_Universities/blob/e088fddc329a6f0148ca72fd3b4d0fe069f13e3a/Chinese_Universities.json,community_dataset,2021,auto,2026-10-01
4122010183,吉林大学,institution.country,"""China""",https://github.com/damitheswitch/china-universities-dataset/blob/5eaa2a93f86ac322d53a36da9977d9a4c80f1f56/data/universities.json,community_dataset,2026,auto,2026-10-01
4122010183,吉林大学,institution.groups,"[""双一流"", ""985"", ""211""]",https://github.com/damitheswitch/china-universities-dataset/blob/5eaa2a93f86ac322d53a36da9977d9a4c80f1f56/data/universities.json,community_dataset,2026,auto,2026-10-01
4122010183,吉林大学,location.coordinates,"{""longitude"": 125.286, ""latitude"": 43.838, ""crs"": ""unspecified"", ""precision"": ""approximate"", ""location_kind"": ""community_map_point""}",https://github.com/Magicdover/China-Universities-2026/blob/419bdc7ce6956fc88c2b70b3979f170b6666f111/data/universities.js,community_dataset,2026-06-09,auto,2026-10-01
4122010183,吉林大学,academics.double_first_class_disciplines,"[""考古学"", ""数学"", ""物理学"", ""化学"", ""材料科学与工程"", ""地质资源与地质工程""]",https://github.com/Magicdover/China-Universities-2026/blob/419bdc7ce6956fc88c2b70b3979f170b6666f111/data/universities.js,community_dataset,2026-06-09,auto,2026-10-01
4122010183,吉林大学,resources.career_url,"""http://jdjyw.jlu.edu.cn/""",https://github.com/PotoYang/UniversityCareerWebPage/blob/0fbc54deee6a4a3aec67ffd77e41bccec898804e/README.md,community_dataset,2019-10-21,auto,2026-10-01
4122010184,延边大学,identity.short_name_zh,"""延大""",https://github.com/Magicdover/China-Universities-2026/blob/419bdc7ce6956fc88c2b70b3979f170b6666f111/data/uni-211.js,community_dataset,2026-06-09,auto,2026-10-01
4122010184,延边大学,identity.short_name_en,"""YBU""",https://github.com/Magicdover/China-Universities-2026/blob/419bdc7ce6956fc88c2b70b3979f170b6666f111/data/uni-211.js,community_dataset,2026-06-09,auto,2026-10-01
4122010184,延边大学,identity.slug_aliases,"[""yanbian-university""]",https://github.com/damitheswitch/china-universities-dataset/blob/5eaa2a93f86ac322d53a36da9977d9a4c80f1f56/data/universities.json,community_dataset,2026,auto,2026-10-01
4122010184,延边大学,institution.school_type,"""综合""",https://github.com/xioajiumi/Chinese_Universities/blob/e088fddc329a6f0148ca72fd3b4d0fe069f13e3a/Chinese_Universities.json,community_dataset,2021,auto,2026-10-01
4122010184,延边大学,institution.country,"""China""",https://github.com/damitheswitch/china-universities-dataset/blob/5eaa2a93f86ac322d53a36da9977d9a4c80f1f56/data/universities.json,community_dataset,2026,auto,2026-10-01
4122010184,延边大学,institution.groups,"[""双一流"", ""211""]",https://github.com/damitheswitch/china-universities-dataset/blob/5eaa2a93f86ac322d53a36da9977d9a4c80f1f56/data/universities.json,community_dataset,2026,auto,2026-10-01
4122010184,延边大学,location.coordinates,"{""longitude"": 129.514, ""latitude"": 42.906, ""crs"": ""unspecified"", ""precision"": ""approximate"", ""location_kind"": ""community_map_point""}",https://github.com/Magicdover/China-Universities-2026/blob/419bdc7ce6956fc88c2b70b3979f170b6666f111/data/uni-211.js,community_dataset,2026-06-09,auto,2026-10-01
4122010184,延边大学,academics.double_first_class_disciplines,"[""外国语言文学（朝鲜语）""]",https://github.com/Magicdover/China-Universities-2026/blob/419bdc7ce6956fc88c2b70b3979f170b6666f111/data/uni-211.js,community_dataset,2026-06-09,auto,2026-10-01
4122010184,延边大学,resources.career_url,"""http://career.ybu.edu.cn/""",https://github.com/PotoYang/UniversityCareerWebPage/blob/0fbc54deee6a4a3aec67ffd77e41bccec898804e/README.md,community_dataset,2019-10-21,auto,2026-10-01
4122010186,长春理工大学,identity.slug_aliases,"[""changchun-university-of-science-and-technology""]",https://github.com/damitheswitch/china-universities-dataset/blob/5eaa2a93f86ac322d53a36da9977d9a4c80f1f56/data/universities.json,community_dataset,2026,auto,2026-10-01
4122010186,长春理工大学,institution.school_type,"""理工""",https://github.com/xioajiumi/Chinese_Universities/blob/e088fddc329a6f0148ca72fd3b4d0fe069f13e3a/Chinese_Universities.json,community_dataset,2021,auto,2026-10-01
4122010186,长春理工大学,institution.country,"""China""",https://github.com/damitheswitch/china-universities-dataset/blob/5eaa2a93f86ac322d53a36da9977d9a4c80f1f56/data/universities.json,community_dataset,2026,auto,2026-10-01
4122010188,东北电力大学,identity.slug_aliases,"[""northeast-electric-power-university""]",https://github.com/damitheswitch/china-universities-dataset/blob/5eaa2a93f86ac322d53a36da9977d9a4c80f1f56/data/universities.json,community_dataset,2026,auto,2026-10-01
4122010188,东北电力大学,institution.school_type,"""理工""",https://github.com/xioajiumi/Chinese_Universities/blob/e088fddc329a6f0148ca72fd3b4d0fe069f13e3a/Chinese_Universities.json,community_dataset,2021,auto,2026-10-01
4122010188,东北电力大学,institution.country,"""China""",https://github.com/damitheswitch/china-universities-dataset/blob/5eaa2a93f86ac322d53a36da9977d9a4c80f1f56/data/universities.json,community_dataset,2026,auto,2026-10-01
4122010190,长春工业大学,identity.slug_aliases,"[""changchun-university-of-technology""]",https://github.com/damitheswitch/china-universities-dataset/blob/5eaa2a93f86ac322d53a36da9977d9a4c80f1f56/data/universities.json,community_dataset,2026,auto,2026-10-01
4122010190,长春工业大学,institution.school_type,"""理工""",https://github.com/xioajiumi/Chinese_Universities/blob/e088fddc329a6f0148ca72fd3b4d0fe069f13e3a/Chinese_Universities.json,community_dataset,2021,auto,2026-10-01
4122010190,长春工业大学,institution.country,"""China""",https://github.com/damitheswitch/china-universities-dataset/blob/5eaa2a93f86ac322d53a36da9977d9a4c80f1f56/data/universities.json,community_dataset,2026,auto,2026-10-01
4122010191,吉林建筑大学,identity.slug_aliases,"[""jilin-jianzhu-university""]",https://github.com/damitheswitch/china-universities-dataset/blob/5eaa2a93f86ac322d53a36da9977d9a4c80f1f56/data/universities.json,community_dataset,2026,auto,2026-10-01
4122010191,吉林建筑大学,institution.school_type,"""理工""",https://github.com/xioajiumi/Chinese_Universities/blob/e088fddc329a6f0148ca72fd3b4d0fe069f13e3a/Chinese_Universities.json,community_dataset,2021,auto,2026-10-01
4122010191,吉林建筑大学,institution.country,"""China""",https://github.com/damitheswitch/china-universities-dataset/blob/5eaa2a93f86ac322d53a36da9977d9a4c80f1f56/data/universities.json,community_dataset,2026,auto,2026-10-01
4122010192,吉林化工大学,identity.slug_aliases,"[""jilin-university-of-chemical-technology""]",https://github.com/damitheswitch/china-universities-dataset/blob/5eaa2a93f86ac322d53a36da9977d9a4c80f1f56/data/universities.json,community_dataset,2026,auto,2026-10-01
4122010192,吉林化工大学,institution.school_type,"""理工""",https://github.com/damitheswitch/china-universities-dataset/blob/5eaa2a93f86ac322d53a36da9977d9a4c80f1f56/data/universities.json,community_dataset,2026,auto,2026-10-01
4122010192,吉林化工大学,institution.country,"""China""",https://github.com/damitheswitch/china-universities-dataset/blob/5eaa2a93f86ac322d53a36da9977d9a4c80f1f56/data/universities.json,community_dataset,2026,auto,2026-10-01
4122010193,吉林农业大学,identity.slug_aliases,"[""jilin-agricultural-university""]",https://github.com/damitheswitch/china-universities-dataset/blob/5eaa2a93f86ac322d53a36da9977d9a4c80f1f56/data/universities.json,community_dataset,2026,auto,2026-10-01
4122010193,吉林农业大学,institution.school_type,"""农业""",https://github.com/xioajiumi/Chinese_Universities/blob/e088fddc329a6f0148ca72fd3b4d0fe069f13e3a/Chinese_Universities.json,community_dataset,2021,auto,2026-10-01
4122010193,吉林农业大学,institution.country,"""China""",https://github.com/damitheswitch/china-universities-dataset/blob/5eaa2a93f86ac322d53a36da9977d9a4c80f1f56/data/universities.json,community_dataset,2026,auto,2026-10-01
4122010200,东北师范大学,identity.short_name_zh,"""东北师大""",https://github.com/Magicdover/China-Universities-2026/blob/419bdc7ce6956fc88c2b70b3979f170b6666f111/data/uni-special.js,community_dataset,2026-06-09,auto,2026-10-01
4122010200,东北师范大学,identity.short_name_en,"""NENU""",https://github.com/Magicdover/China-Universities-2026/blob/419bdc7ce6956fc88c2b70b3979f170b6666f111/data/uni-special.js,community_dataset,2026-06-09,auto,2026-10-01
4122010200,东北师范大学,identity.slug_aliases,"[""northeast-normal-university""]",https://github.com/damitheswitch/china-universities-dataset/blob/5eaa2a93f86ac322d53a36da9977d9a4c80f1f56/data/universities.json,community_dataset,2026,auto,2026-10-01
4122010200,东北师范大学,institution.school_type,"""师范""",https://github.com/xioajiumi/Chinese_Universities/blob/e088fddc329a6f0148ca72fd3b4d0fe069f13e3a/Chinese_Universities.json,community_dataset,2021,auto,2026-10-01
4122010200,东北师范大学,institution.country,"""China""",https://github.com/damitheswitch/china-universities-dataset/blob/5eaa2a93f86ac322d53a36da9977d9a4c80f1f56/data/universities.json,community_dataset,2026,auto,2026-10-01
4122010200,东北师范大学,institution.groups,"[""双一流"", ""211""]",https://github.com/damitheswitch/china-universities-dataset/blob/5eaa2a93f86ac322d53a36da9977d9a4c80f1f56/data/universities.json,community_dataset,2026,auto,2026-10-01
4122010200,东北师范大学,location.coordinates,"{""longitude"": 125.353, ""latitude"": 43.864, ""crs"": ""unspecified"", ""precision"": ""approximate"", ""location_kind"": ""community_map_point""}",https://github.com/Magicdover/China-Universities-2026/blob/419bdc7ce6956fc88c2b70b3979f170b6666f111/data/uni-special.js,community_dataset,2026-06-09,auto,2026-10-01
4122010200,东北师范大学,academics.double_first_class_disciplines,"[""马克思主义理论"", ""世界史"", ""统计学"", ""教育学"", ""生态学""]",https://github.com/Magicdover/China-Universities-2026/blob/419bdc7ce6956fc88c2b70b3979f170b6666f111/data/uni-special.js,community_dataset,2026-06-09,auto,2026-10-01
4122010201,北华大学,identity.slug_aliases,"[""beihua-university""]",https://github.com/damitheswitch/china-universities-dataset/blob/5eaa2a93f86ac322d53a36da9977d9a4c80f1f56/data/universities.json,community_dataset,2026,auto,2026-10-01
4122010201,北华大学,institution.school_type,"""综合""",https://github.com/xioajiumi/Chinese_Universities/blob/e088fddc329a6f0148ca72fd3b4d0fe069f13e3a/Chinese_Universities.json,community_dataset,2021,auto,2026-10-01
4122010201,北华大学,institution.country,"""China""",https://github.com/damitheswitch/china-universities-dataset/blob/5eaa2a93f86ac322d53a36da9977d9a4c80f1f56/data/universities.json,community_dataset,2026,auto,2026-10-01
4122010202,通化师范学院,identity.slug_aliases,"[""tonghua-normal-university""]",https://github.com/damitheswitch/china-universities-dataset/blob/5eaa2a93f86ac322d53a36da9977d9a4c80f1f56/data/universities.json,community_dataset,2026,auto,2026-10-01
4122010202,通化师范学院,institution.school_type,"""师范""",https://github.com/xioajiumi/Chinese_Universities/blob/e088fddc329a6f0148ca72fd3b4d0fe069f13e3a/Chinese_Universities.json,community_dataset,2021,auto,2026-10-01
4122010202,通化师范学院,institution.country,"""China""",https://github.com/damitheswitch/china-universities-dataset/blob/5eaa2a93f86ac322d53a36da9977d9a4c80f1f56/data/universities.json,community_dataset,2026,auto,2026-10-01
4122010203,吉林师范大学,identity.slug_aliases,"[""jilin-normal-university""]",https://github.com/damitheswitch/china-universities-dataset/blob/5eaa2a93f86ac322d53a36da9977d9a4c80f1f56/data/universities.json,community_dataset,2026,auto,2026-10-01
4122010203,吉林师范大学,institution.school_type,"""师范""",https://github.com/xioajiumi/Chinese_Universities/blob/e088fddc329a6f0148ca72fd3b4d0fe069f13e3a/Chinese_Universities.json,community_dataset,2021,auto,2026-10-01
4122010203,吉林师范大学,institution.country,"""China""",https://github.com/damitheswitch/china-universities-dataset/blob/5eaa2a93f86ac322d53a36da9977d9a4c80f1f56/data/universities.json,community_dataset,2026,auto,2026-10-01
4122010204,吉林工程技术师范学院,identity.slug_aliases,"[""jilin-engineering-normal-university""]",https://github.com/damitheswitch/china-universities-dataset/blob/5eaa2a93f86ac322d53a36da9977d9a4c80f1f56/data/universities.json,community_dataset,2026,auto,2026-10-01
4122010204,吉林工程技术师范学院,institution.school_type,"""师范""",https://github.com/xioajiumi/Chinese_Universities/blob/e088fddc329a6f0148ca72fd3b4d0fe069f13e3a/Chinese_Universities.json,community_dataset,2021,auto,2026-10-01
4122010204,吉林工程技术师范学院,institution.country,"""China""",https://github.com/damitheswitch/china-universities-dataset/blob/5eaa2a93f86ac322d53a36da9977d9a4c80f1f56/data/universities.json,community_dataset,2026,auto,2026-10-01
4122010205,长春师范大学,identity.slug_aliases,"[""changchun-normal-university""]",https://github.com/damitheswitch/china-universities-dataset/blob/5eaa2a93f86ac322d53a36da9977d9a4c80f1f56/data/universities.json,community_dataset,2026,auto,2026-10-01
4122010205,长春师范大学,institution.school_type,"""师范""",https://github.com/xioajiumi/Chinese_Universities/blob/e088fddc329a6f0148ca72fd3b4d0fe069f13e3a/Chinese_Universities.json,community_dataset,2021,auto,2026-10-01
4122010205,长春师范大学,institution.country,"""China""",https://github.com/damitheswitch/china-universities-dataset/blob/5eaa2a93f86ac322d53a36da9977d9a4c80f1f56/data/universities.json,community_dataset,2026,auto,2026-10-01
4122010206,白城师范学院,identity.slug_aliases,"[""baicheng-normal-university""]",https://github.com/damitheswitch/china-universities-dataset/blob/5eaa2a93f86ac322d53a36da9977d9a4c80f1f56/data/universities.json,community_dataset,2026,auto,2026-10-01
4122010206,白城师范学院,institution.school_type,"""师范""",https://github.com/xioajiumi/Chinese_Universities/blob/e088fddc329a6f0148ca72fd3b4d0fe069f13e3a/Chinese_Universities.json,community_dataset,2021,auto,2026-10-01
4122010206,白城师范学院,institution.country,"""China""",https://github.com/damitheswitch/china-universities-dataset/blob/5eaa2a93f86ac322d53a36da9977d9a4c80f1f56/data/universities.json,community_dataset,2026,auto,2026-10-01
4122011437,长春工程学院,identity.slug_aliases,"[""changchun-institute-of-technology""]",https://github.com/damitheswitch/china-universities-dataset/blob/5eaa2a93f86ac322d53a36da9977d9a4c80f1f56/data/universities.json,community_dataset,2026,auto,2026-10-01
4122011437,长春工程学院,institution.school_type,"""理工""",https://github.com/xioajiumi/Chinese_Universities/blob/e088fddc329a6f0148ca72fd3b4d0fe069f13e3a/Chinese_Universities.json,community_dataset,2021,auto,2026-10-01
4122011437,长春工程学院,institution.country,"""China""",https://github.com/damitheswitch/china-universities-dataset/blob/5eaa2a93f86ac322d53a36da9977d9a4c80f1f56/data/universities.json,community_dataset,2026,auto,2026-10-01
4122011439,吉林农业科技学院,identity.slug_aliases,"[""jilin-agricultural-science-and-technology-university""]",https://github.com/damitheswitch/china-universities-dataset/blob/5eaa2a93f86ac322d53a36da9977d9a4c80f1f56/data/universities.json,community_dataset,2026,auto,2026-10-01
4122011439,吉林农业科技学院,institution.school_type,"""农业""",https://github.com/xioajiumi/Chinese_Universities/blob/e088fddc329a6f0148ca72fd3b4d0fe069f13e3a/Chinese_Universities.json,community_dataset,2021,auto,2026-10-01
4122011439,吉林农业科技学院,institution.country,"""China""",https://github.com/damitheswitch/china-universities-dataset/blob/5eaa2a93f86ac322d53a36da9977d9a4c80f1f56/data/universities.json,community_dataset,2026,auto,2026-10-01
4122011726,长春大学,identity.slug_aliases,"[""changchun-university""]",https://github.com/damitheswitch/china-universities-dataset/blob/5eaa2a93f86ac322d53a36da9977d9a4c80f1f56/data/universities.json,community_dataset,2026,auto,2026-10-01
4122011726,长春大学,institution.school_type,"""综合""",https://github.com/xioajiumi/Chinese_Universities/blob/e088fddc329a6f0148ca72fd3b4d0fe069f13e3a/Chinese_Universities.json,community_dataset,2021,auto,2026-10-01
4122011726,长春大学,institution.country,"""China""",https://github.com/damitheswitch/china-universities-dataset/blob/5eaa2a93f86ac322d53a36da9977d9a4c80f1f56/data/universities.json,community_dataset,2026,auto,2026-10-01
4122011726,长春大学,resources.career_url,"""http://ccdx.bibibi.net/""",https://github.com/PotoYang/UniversityCareerWebPage/blob/0fbc54deee6a4a3aec67ffd77e41bccec898804e/README.md,community_dataset,2019-10-21,auto,2026-10-01
4151010610,四川大学,identity.short_name_zh,"""川大""",https://github.com/Magicdover/China-Universities-2026/blob/419bdc7ce6956fc88c2b70b3979f170b6666f111/data/universities.js,community_dataset,2026-06-09,auto,2026-10-01
4151010610,四川大学,identity.short_name_en,"""SCU""",https://github.com/Magicdover/China-Universities-2026/blob/419bdc7ce6956fc88c2b70b3979f170b6666f111/data/universities.js,community_dataset,2026-06-09,auto,2026-10-01
4151010610,四川大学,identity.slug_aliases,"[""sichuan-university""]",https://github.com/damitheswitch/china-universities-dataset/blob/5eaa2a93f86ac322d53a36da9977d9a4c80f1f56/data/universities.json,community_dataset,2026,auto,2026-10-01
4151010610,四川大学,institution.school_type,"""综合""",https://github.com/xioajiumi/Chinese_Universities/blob/e088fddc329a6f0148ca72fd3b4d0fe069f13e3a/Chinese_Universities.json,community_dataset,2021,auto,2026-10-01
4151010610,四川大学,institution.nature,"""公办""",https://github.com/damitheswitch/china-universities-dataset/blob/5eaa2a93f86ac322d53a36da9977d9a4c80f1f56/data/universities.json,community_dataset,2026,auto,2026-10-01
4151010610,四川大学,institution.country,"""China""",https://github.com/damitheswitch/china-universities-dataset/blob/5eaa2a93f86ac322d53a36da9977d9a4c80f1f56/data/universities.json,community_dataset,2026,auto,2026-10-01
4151010610,四川大学,institution.languages_of_instruction,"[""Chinese""]",https://github.com/damitheswitch/china-universities-dataset/blob/5eaa2a93f86ac322d53a36da9977d9a4c80f1f56/data/universities.json,community_dataset,2026,auto,2026-10-01
4151010610,四川大学,institution.groups,"[""双一流"", ""985"", ""211""]",https://github.com/damitheswitch/china-universities-dataset/blob/5eaa2a93f86ac322d53a36da9977d9a4c80f1f56/data/universities.json,community_dataset,2026,auto,2026-10-01
4151010610,四川大学,location.coordinates,"{""longitude"": 104.087, ""latitude"": 30.631, ""crs"": ""unspecified"", ""precision"": ""approximate"", ""location_kind"": ""community_map_point""}",https://github.com/Magicdover/China-Universities-2026/blob/419bdc7ce6956fc88c2b70b3979f170b6666f111/data/universities.js,community_dataset,2026-06-09,auto,2026-10-01
4151010610,四川大学,academics.double_first_class_disciplines,"[""数学"", ""口腔医学"", ""基础医学"", ""护理学"", ""材料科学与工程""]",https://github.com/Magicdover/China-Universities-2026/blob/419bdc7ce6956fc88c2b70b3979f170b6666f111/data/universities.js,community_dataset,2026-06-09,auto,2026-10-01
4151010610,四川大学,resources.career_url,"""http://jy.scu.edu.cn/eweb/jygl/index.so""",https://github.com/PotoYang/UniversityCareerWebPage/blob/0fbc54deee6a4a3aec67ffd77e41bccec898804e/README.md,community_dataset,2019-10-21,auto,2026-10-01
4151010613,西南交通大学,identity.short_name_zh,"""西南交大""",https://github.com/Magicdover/China-Universities-2026/blob/419bdc7ce6956fc88c2b70b3979f170b6666f111/data/uni-211.js,community_dataset,2026-06-09,auto,2026-10-01
4151010613,西南交通大学,identity.short_name_en,"""SWJTU""",https://github.com/Magicdover/China-Universities-2026/blob/419bdc7ce6956fc88c2b70b3979f170b6666f111/data/uni-211.js,community_dataset,2026-06-09,auto,2026-10-01
4151010613,西南交通大学,identity.slug_aliases,"[""southwest-jiaotong-university""]",https://github.com/damitheswitch/china-universities-dataset/blob/5eaa2a93f86ac322d53a36da9977d9a4c80f1f56/data/universities.json,community_dataset,2026,auto,2026-10-01
4151010613,西南交通大学,institution.school_type,"""理工""",https://github.com/xioajiumi/Chinese_Universities/blob/e088fddc329a6f0148ca72fd3b4d0fe069f13e3a/Chinese_Universities.json,community_dataset,2021,auto,2026-10-01
4151010613,西南交通大学,institution.country,"""China""",https://github.com/damitheswitch/china-universities-dataset/blob/5eaa2a93f86ac322d53a36da9977d9a4c80f1f56/data/universities.json,community_dataset,2026,auto,2026-10-01
4151010613,西南交通大学,institution.groups,"[""双一流"", ""211""]",https://github.com/damitheswitch/china-universities-dataset/blob/5eaa2a93f86ac322d53a36da9977d9a4c80f1f56/data/universities.json,community_dataset,2026,auto,2026-10-01
4151010613,西南交通大学,location.coordinates,"{""longitude"": 103.987, ""latitude"": 30.762, ""crs"": ""unspecified"", ""precision"": ""approximate"", ""location_kind"": ""community_map_point""}",https://github.com/Magicdover/China-Universities-2026/blob/419bdc7ce6956fc88c2b70b3979f170b6666f111/data/uni-211.js,community_dataset,2026-06-09,auto,2026-10-01
4151010613,西南交通大学,academics.double_first_class_disciplines,"[""交通运输工程""]",https://github.com/Magicdover/China-Universities-2026/blob/419bdc7ce6956fc88c2b70b3979f170b6666f111/data/uni-211.js,community_dataset,2026-06-09,auto,2026-10-01
4151010613,西南交通大学,resources.career_url,"""http://jiuye.swjtu.edu.cn/eweb/jygl/zpfw.so""",https://github.com/PotoYang/UniversityCareerWebPage/blob/0fbc54deee6a4a3aec67ffd77e41bccec898804e/README.md,community_dataset,2019-10-21,auto,2026-10-01
4151010614,电子科技大学,identity.short_name_zh,"""电子科大""",https://github.com/Magicdover/China-Universities-2026/blob/419bdc7ce6956fc88c2b70b3979f170b6666f111/data/universities.js,community_dataset,2026-06-09,auto,2026-10-01
4151010614,电子科技大学,identity.short_name_en,"""UESTC""",https://github.com/Magicdover/China-Universities-2026/blob/419bdc7ce6956fc88c2b70b3979f170b6666f111/data/universities.js,community_dataset,2026-06-09,auto,2026-10-01
4151010614,电子科技大学,identity.slug_aliases,"[""university-of-electronic-science-and-technology-of-china""]",https://github.com/damitheswitch/china-universities-dataset/blob/5eaa2a93f86ac322d53a36da9977d9a4c80f1f56/data/universities.json,community_dataset,2026,auto,2026-10-01
4151010614,电子科技大学,institution.school_type,"""理工""",https://github.com/xioajiumi/Chinese_Universities/blob/e088fddc329a6f0148ca72fd3b4d0fe069f13e3a/Chinese_Universities.json,community_dataset,2021,auto,2026-10-01
4151010614,电子科技大学,institution.country,"""China""",https://github.com/damitheswitch/china-universities-dataset/blob/5eaa2a93f86ac322d53a36da9977d9a4c80f1f56/data/universities.json,community_dataset,2026,auto,2026-10-01
4151010614,电子科技大学,institution.groups,"[""双一流"", ""985"", ""211""]",https://github.com/damitheswitch/china-universities-dataset/blob/5eaa2a93f86ac322d53a36da9977d9a4c80f1f56/data/universities.json,community_dataset,2026,auto,2026-10-01
4151010614,电子科技大学,location.coordinates,"{""longitude"": 104.005, ""latitude"": 30.748, ""crs"": ""unspecified"", ""precision"": ""approximate"", ""location_kind"": ""community_map_point""}",https://github.com/Magicdover/China-Universities-2026/blob/419bdc7ce6956fc88c2b70b3979f170b6666f111/data/universities.js,community_dataset,2026-06-09,auto,2026-10-01
4151010614,电子科技大学,academics.double_first_class_disciplines,"[""电子科学与技术"", ""信息与通信工程"", ""光学工程"", ""计算机科学与技术""]",https://github.com/Magicdover/China-Universities-2026/blob/419bdc7ce6956fc88c2b70b3979f170b6666f111/data/universities.js,community_dataset,2026-06-09,auto,2026-10-01
4151010614,电子科技大学,resources.career_url,"""http://jiuye.uestc.edu.cn/career/index.html""",https://github.com/PotoYang/UniversityCareerWebPage/blob/0fbc54deee6a4a3aec67ffd77e41bccec898804e/README.md,community_dataset,2019-10-21,auto,2026-10-01
4151010615,西南石油大学,identity.slug_aliases,"[""southwest-petroleum-university""]",https://github.com/damitheswitch/china-universities-dataset/blob/5eaa2a93f86ac322d53a36da9977d9a4c80f1f56/data/universities.json,community_dataset,2026,auto,2026-10-01
4151010615,西南石油大学,institution.school_type,"""理工""",https://github.com/xioajiumi/Chinese_Universities/blob/e088fddc329a6f0148ca72fd3b4d0fe069f13e3a/Chinese_Universities.json,community_dataset,2021,auto,2026-10-01
4151010615,西南石油大学,institution.country,"""China""",https://github.com/damitheswitch/china-universities-dataset/blob/5eaa2a93f86ac322d53a36da9977d9a4c80f1f56/data/universities.json,community_dataset,2026,auto,2026-10-01
4151010615,西南石油大学,institution.groups,"[""双一流""]",https://github.com/damitheswitch/china-universities-dataset/blob/5eaa2a93f86ac322d53a36da9977d9a4c80f1f56/data/universities.json,community_dataset,2026,auto,2026-10-01
4151010616,成都理工大学,identity.short_name_zh,"""成理""",https://github.com/Magicdover/China-Universities-2026/blob/419bdc7ce6956fc88c2b70b3979f170b6666f111/data/uni-extra.js,community_dataset,2026-06-09,auto,2026-10-01
4151010616,成都理工大学,identity.short_name_en,"""CDUT""",https://github.com/Magicdover/China-Universities-2026/blob/419bdc7ce6956fc88c2b70b3979f170b6666f111/data/uni-extra.js,community_dataset,2026-06-09,auto,2026-10-01
4151010616,成都理工大学,identity.slug_aliases,"[""chengdu-university-of-technology""]",https://github.com/damitheswitch/china-universities-dataset/blob/5eaa2a93f86ac322d53a36da9977d9a4c80f1f56/data/universities.json,community_dataset,2026,auto,2026-10-01
4151010616,成都理工大学,institution.school_type,"""理工""",https://github.com/xioajiumi/Chinese_Universities/blob/e088fddc329a6f0148ca72fd3b4d0fe069f13e3a/Chinese_Universities.json,community_dataset,2021,auto,2026-10-01
4151010616,成都理工大学,institution.country,"""China""",https://github.com/damitheswitch/china-universities-dataset/blob/5eaa2a93f86ac322d53a36da9977d9a4c80f1f56/data/universities.json,community_dataset,2026,auto,2026-10-01
4151010616,成都理工大学,institution.groups,"[""双一流""]",https://github.com/damitheswitch/china-universities-dataset/blob/5eaa2a93f86ac322d53a36da9977d9a4c80f1f56/data/universities.json,community_dataset,2026,auto,2026-10-01
4151010616,成都理工大学,location.coordinates,"{""longitude"": 104.148, ""latitude"": 30.679, ""crs"": ""unspecified"", ""precision"": ""approximate"", ""location_kind"": ""community_map_point""}",https://github.com/Magicdover/China-Universities-2026/blob/419bdc7ce6956fc88c2b70b3979f170b6666f111/data/uni-extra.js,community_dataset,2026-06-09,auto,2026-10-01
4151010616,成都理工大学,academics.double_first_class_disciplines,"[""地质学""]",https://github.com/Magicdover/China-Universities-2026/blob/419bdc7ce6956fc88c2b70b3979f170b6666f111/data/uni-extra.js,community_dataset,2026-06-09,auto,2026-10-01
4151010616,成都理工大学,resources.career_url,"""http://www.jy.cdut.edu.cn/""",https://github.com/PotoYang/UniversityCareerWebPage/blob/0fbc54deee6a4a3aec67ffd77e41bccec898804e/README.md,community_dataset,2019-10-21,auto,2026-10-01
4151010619,西南科技大学,identity.slug_aliases,"[""southwest-university-of-science-and-technology""]",https://github.com/damitheswitch/china-universities-dataset/blob/5eaa2a93f86ac322d53a36da9977d9a4c80f1f56/data/universities.json,community_dataset,2026,auto,2026-10-01
4151010619,西南科技大学,institution.school_type,"""理工""",https://github.com/xioajiumi/Chinese_Universities/blob/e088fddc329a6f0148ca72fd3b4d0fe069f13e3a/Chinese_Universities.json,community_dataset,2021,auto,2026-10-01
4151010619,西南科技大学,institution.country,"""China""",https://github.com/damitheswitch/china-universities-dataset/blob/5eaa2a93f86ac322d53a36da9977d9a4c80f1f56/data/universities.json,community_dataset,2026,auto,2026-10-01
4151010619,西南科技大学,resources.career_url,"""http://job.swust.edu.cn/""",https://github.com/PotoYang/UniversityCareerWebPage/blob/0fbc54deee6a4a3aec67ffd77e41bccec898804e/README.md,community_dataset,2019-10-21,auto,2026-10-01
4151010621,成都信息工程大学,identity.slug_aliases,"[""chengdu-university-of-information-technology""]",https://github.com/damitheswitch/china-universities-dataset/blob/5eaa2a93f86ac322d53a36da9977d9a4c80f1f56/data/universities.json,community_dataset,2026,auto,2026-10-01
4151010621,成都信息工程大学,institution.school_type,"""理工""",https://github.com/xioajiumi/Chinese_Universities/blob/e088fddc329a6f0148ca72fd3b4d0fe069f13e3a/Chinese_Universities.json,community_dataset,2021,auto,2026-10-01
4151010621,成都信息工程大学,institution.country,"""China""",https://github.com/damitheswitch/china-universities-dataset/blob/5eaa2a93f86ac322d53a36da9977d9a4c80f1f56/data/universities.json,community_dataset,2026,auto,2026-10-01
4151010621,成都信息工程大学,resources.career_url,"""http://cuit.njcdata.com/eweb/login.jsp""",https://github.com/PotoYang/UniversityCareerWebPage/blob/0fbc54deee6a4a3aec67ffd77e41bccec898804e/README.md,community_dataset,2019-10-21,auto,2026-10-01
4151010622,四川轻化工大学,identity.slug_aliases,"[""sichuan-university-of-science-and-engineering""]",https://github.com/damitheswitch/china-universities-dataset/blob/5eaa2a93f86ac322d53a36da9977d9a4c80f1f56/data/universities.json,community_dataset,2026,auto,2026-10-01
4151010622,四川轻化工大学,institution.school_type,"""理工""",https://github.com/xioajiumi/Chinese_Universities/blob/e088fddc329a6f0148ca72fd3b4d0fe069f13e3a/Chinese_Universities.json,community_dataset,2021,auto,2026-10-01
4151010622,四川轻化工大学,institution.country,"""China""",https://github.com/damitheswitch/china-universities-dataset/blob/5eaa2a93f86ac322d53a36da9977d9a4c80f1f56/data/universities.json,community_dataset,2026,auto,2026-10-01
4151010622,四川轻化工大学,resources.career_url,"""http://job.suse.edu.cn/""",https://github.com/PotoYang/UniversityCareerWebPage/blob/0fbc54deee6a4a3aec67ffd77e41bccec898804e/README.md,community_dataset,2019-10-21,auto,2026-10-01
4151010623,西华大学,identity.slug_aliases,"[""xihua-university""]",https://github.com/damitheswitch/china-universities-dataset/blob/5eaa2a93f86ac322d53a36da9977d9a4c80f1f56/data/universities.json,community_dataset,2026,auto,2026-10-01
4151010623,西华大学,institution.school_type,"""综合""",https://github.com/xioajiumi/Chinese_Universities/blob/e088fddc329a6f0148ca72fd3b4d0fe069f13e3a/Chinese_Universities.json,community_dataset,2021,auto,2026-10-01
4151010623,西华大学,institution.country,"""China""",https://github.com/damitheswitch/china-universities-dataset/blob/5eaa2a93f86ac322d53a36da9977d9a4c80f1f56/data/universities.json,community_dataset,2026,auto,2026-10-01
4151010624,中国民用航空飞行学院,identity.slug_aliases,"[""civil-aviation-flight-university-of-china""]",https://github.com/damitheswitch/china-universities-dataset/blob/5eaa2a93f86ac322d53a36da9977d9a4c80f1f56/data/universities.json,community_dataset,2026,auto,2026-10-01
4151010624,中国民用航空飞行学院,institution.school_type,"""理工""",https://github.com/xioajiumi/Chinese_Universities/blob/e088fddc329a6f0148ca72fd3b4d0fe069f13e3a/Chinese_Universities.json,community_dataset,2021,auto,2026-10-01
4151010624,中国民用航空飞行学院,institution.country,"""China""",https://github.com/damitheswitch/china-universities-dataset/blob/5eaa2a93f86ac322d53a36da9977d9a4c80f1f56/data/universities.json,community_dataset,2026,auto,2026-10-01
4151010626,四川农业大学,identity.short_name_zh,"""川农""",https://github.com/Magicdover/China-Universities-2026/blob/419bdc7ce6956fc88c2b70b3979f170b6666f111/data/uni-special.js,community_dataset,2026-06-09,auto,2026-10-01
4151010626,四川农业大学,identity.short_name_en,"""SICAU""",https://github.com/Magicdover/China-Universities-2026/blob/419bdc7ce6956fc88c2b70b3979f170b6666f111/data/uni-special.js,community_dataset,2026-06-09,auto,2026-10-01
4151010626,四川农业大学,identity.slug_aliases,"[""sichuan-agricultural-university""]",https://github.com/damitheswitch/china-universities-dataset/blob/5eaa2a93f86ac322d53a36da9977d9a4c80f1f56/data/universities.json,community_dataset,2026,auto,2026-10-01
4151010626,四川农业大学,institution.school_type,"""农业""",https://github.com/xioajiumi/Chinese_Universities/blob/e088fddc329a6f0148ca72fd3b4d0fe069f13e3a/Chinese_Universities.json,community_dataset,2021,auto,2026-10-01
4151010626,四川农业大学,institution.country,"""China""",https://github.com/damitheswitch/china-universities-dataset/blob/5eaa2a93f86ac322d53a36da9977d9a4c80f1f56/data/universities.json,community_dataset,2026,auto,2026-10-01
4151010626,四川农业大学,institution.groups,"[""双一流"", ""211""]",https://github.com/damitheswitch/china-universities-dataset/blob/5eaa2a93f86ac322d53a36da9977d9a4c80f1f56/data/universities.json,community_dataset,2026,auto,2026-10-01
4151010626,四川农业大学,location.coordinates,"{""longitude"": 103.001, ""latitude"": 29.98, ""crs"": ""unspecified"", ""precision"": ""approximate"", ""location_kind"": ""community_map_point""}",https://github.com/Magicdover/China-Universities-2026/blob/419bdc7ce6956fc88c2b70b3979f170b6666f111/data/uni-special.js,community_dataset,2026-06-09,auto,2026-10-01
4151010626,四川农业大学,academics.double_first_class_disciplines,"[""作物学""]",https://github.com/Magicdover/China-Universities-2026/blob/419bdc7ce6956fc88c2b70b3979f170b6666f111/data/uni-special.js,community_dataset,2026-06-09,auto,2026-10-01
4151010626,四川农业大学,resources.career_url,"""http://job.sicau.edu.cn/""",https://github.com/PotoYang/UniversityCareerWebPage/blob/0fbc54deee6a4a3aec67ffd77e41bccec898804e/README.md,community_dataset,2019-10-21,auto,2026-10-01
4151010628,西昌学院,identity.slug_aliases,"[""xichang-college""]",https://github.com/damitheswitch/china-universities-dataset/blob/5eaa2a93f86ac322d53a36da9977d9a4c80f1f56/data/universities.json,community_dataset,2026,auto,2026-10-01
4151010628,西昌学院,institution.school_type,"""综合""",https://github.com/xioajiumi/Chinese_Universities/blob/e088fddc329a6f0148ca72fd3b4d0fe069f13e3a/Chinese_Universities.json,community_dataset,2021,auto,2026-10-01
4151010628,西昌学院,institution.country,"""China""",https://github.com/damitheswitch/china-universities-dataset/blob/5eaa2a93f86ac322d53a36da9977d9a4c80f1f56/data/universities.json,community_dataset,2026,auto,2026-10-01
4151010632,西南医科大学,resources.career_url,"""https://jy.swmu.edu.cn/""",https://github.com/PotoYang/UniversityCareerWebPage/blob/0fbc54deee6a4a3aec67ffd77e41bccec898804e/README.md,community_dataset,2019-10-21,auto,2026-10-01
4151010633,成都中医药大学,identity.short_name_zh,"""成中医""",https://github.com/Magicdover/China-Universities-2026/blob/419bdc7ce6956fc88c2b70b3979f170b6666f111/data/uni-extra.js,community_dataset,2026-06-09,auto,2026-10-01
4151010633,成都中医药大学,identity.short_name_en,"""CDUTCM""",https://github.com/Magicdover/China-Universities-2026/blob/419bdc7ce6956fc88c2b70b3979f170b6666f111/data/uni-extra.js,community_dataset,2026-06-09,auto,2026-10-01
4151010633,成都中医药大学,institution.school_type,"""医药""",https://github.com/Magicdover/China-Universities-2026/blob/419bdc7ce6956fc88c2b70b3979f170b6666f111/data/uni-extra.js,community_dataset,2026-06-09,auto,2026-10-01
4151010633,成都中医药大学,institution.groups,"[""双一流""]",https://github.com/Magicdover/China-Universities-2026/blob/419bdc7ce6956fc88c2b70b3979f170b6666f111/data/uni-extra.js,community_dataset,2026-06-09,auto,2026-10-01
4151010633,成都中医药大学,location.coordinates,"{""longitude"": 103.992, ""latitude"": 30.715, ""crs"": ""unspecified"", ""precision"": ""approximate"", ""location_kind"": ""community_map_point""}",https://github.com/Magicdover/China-Universities-2026/blob/419bdc7ce6956fc88c2b70b3979f170b6666f111/data/uni-extra.js,community_dataset,2026-06-09,auto,2026-10-01
4151010633,成都中医药大学,academics.double_first_class_disciplines,"[""中药学""]",https://github.com/Magicdover/China-Universities-2026/blob/419bdc7ce6956fc88c2b70b3979f170b6666f111/data/uni-extra.js,community_dataset,2026-06-09,auto,2026-10-01
4151010633,成都中医药大学,resources.career_url,"""http://zsjy.cdutcm.edu.cn/""",https://github.com/PotoYang/UniversityCareerWebPage/blob/0fbc54deee6a4a3aec67ffd77e41bccec898804e/README.md,community_dataset,2019-10-21,auto,2026-10-01
4151010634,川北医学院,resources.career_url,"""http://career.nsmc.edu.cn/""",https://github.com/PotoYang/UniversityCareerWebPage/blob/0fbc54deee6a4a3aec67ffd77e41bccec898804e/README.md,community_dataset,2019-10-21,auto,2026-10-01
4151010636,四川师范大学,identity.slug_aliases,"[""sichuan-normal-university""]",https://github.com/damitheswitch/china-universities-dataset/blob/5eaa2a93f86ac322d53a36da9977d9a4c80f1f56/data/universities.json,community_dataset,2026,auto,2026-10-01
4151010636,四川师范大学,institution.school_type,"""师范""",https://github.com/xioajiumi/Chinese_Universities/blob/e088fddc329a6f0148ca72fd3b4d0fe069f13e3a/Chinese_Universities.json,community_dataset,2021,auto,2026-10-01
4151010636,四川师范大学,institution.country,"""China""",https://github.com/damitheswitch/china-universities-dataset/blob/5eaa2a93f86ac322d53a36da9977d9a4c80f1f56/data/universities.json,community_dataset,2026,auto,2026-10-01
4151010636,四川师范大学,resources.career_url,"""http://jy.sicnu.edu.cn/""",https://github.com/PotoYang/UniversityCareerWebPage/blob/0fbc54deee6a4a3aec67ffd77e41bccec898804e/README.md,community_dataset,2019-10-21,auto,2026-10-01
4151010638,西华师范大学,identity.slug_aliases,"[""china-west-normal-university""]",https://github.com/damitheswitch/china-universities-dataset/blob/5eaa2a93f86ac322d53a36da9977d9a4c80f1f56/data/universities.json,community_dataset,2026,auto,2026-10-01
4151010638,西华师范大学,institution.school_type,"""师范""",https://github.com/xioajiumi/Chinese_Universities/blob/e088fddc329a6f0148ca72fd3b4d0fe069f13e3a/Chinese_Universities.json,community_dataset,2021,auto,2026-10-01
4151010638,西华师范大学,institution.country,"""China""",https://github.com/damitheswitch/china-universities-dataset/blob/5eaa2a93f86ac322d53a36da9977d9a4c80f1f56/data/universities.json,community_dataset,2026,auto,2026-10-01
4151010638,西华师范大学,resources.career_url,"""https://job.cwnu.edu.cn/""",https://github.com/PotoYang/UniversityCareerWebPage/blob/0fbc54deee6a4a3aec67ffd77e41bccec898804e/README.md,community_dataset,2019-10-21,auto,2026-10-01
4151010639,绵阳师范学院,identity.slug_aliases,"[""mianyang-teachers-college""]",https://github.com/damitheswitch/china-universities-dataset/blob/5eaa2a93f86ac322d53a36da9977d9a4c80f1f56/data/universities.json,community_dataset,2026,auto,2026-10-01
4151010639,绵阳师范学院,institution.school_type,"""师范""",https://github.com/xioajiumi/Chinese_Universities/blob/e088fddc329a6f0148ca72fd3b4d0fe069f13e3a/Chinese_Universities.json,community_dataset,2021,auto,2026-10-01
4151010639,绵阳师范学院,institution.country,"""China""",https://github.com/damitheswitch/china-universities-dataset/blob/5eaa2a93f86ac322d53a36da9977d9a4c80f1f56/data/universities.json,community_dataset,2026,auto,2026-10-01
4151010640,内江师范学院,identity.slug_aliases,"[""neijiang-normal-university""]",https://github.com/damitheswitch/china-universities-dataset/blob/5eaa2a93f86ac322d53a36da9977d9a4c80f1f56/data/universities.json,community_dataset,2026,auto,2026-10-01
4151010640,内江师范学院,institution.school_type,"""师范""",https://github.com/xioajiumi/Chinese_Universities/blob/e088fddc329a6f0148ca72fd3b4d0fe069f13e3a/Chinese_Universities.json,community_dataset,2021,auto,2026-10-01
4151010640,内江师范学院,institution.country,"""China""",https://github.com/damitheswitch/china-universities-dataset/blob/5eaa2a93f86ac322d53a36da9977d9a4c80f1f56/data/universities.json,community_dataset,2026,auto,2026-10-01
4151010640,内江师范学院,resources.career_url,"""http://njtc.university-hr.cn/""",https://github.com/PotoYang/UniversityCareerWebPage/blob/0fbc54deee6a4a3aec67ffd77e41bccec898804e/README.md,community_dataset,2019-10-21,auto,2026-10-01
4151010641,宜宾学院,identity.slug_aliases,"[""yibin-university""]",https://github.com/damitheswitch/china-universities-dataset/blob/5eaa2a93f86ac322d53a36da9977d9a4c80f1f56/data/universities.json,community_dataset,2026,auto,2026-10-01
4151010641,宜宾学院,institution.school_type,"""综合""",https://github.com/xioajiumi/Chinese_Universities/blob/e088fddc329a6f0148ca72fd3b4d0fe069f13e3a/Chinese_Universities.json,community_dataset,2021,auto,2026-10-01
4151010641,宜宾学院,institution.country,"""China""",https://github.com/damitheswitch/china-universities-dataset/blob/5eaa2a93f86ac322d53a36da9977d9a4c80f1f56/data/universities.json,community_dataset,2026,auto,2026-10-01
4151010644,四川文理学院,identity.slug_aliases,"[""sichuan-university-of-arts-and-science""]",https://github.com/damitheswitch/china-universities-dataset/blob/5eaa2a93f86ac322d53a36da9977d9a4c80f1f56/data/universities.json,community_dataset,2026,auto,2026-10-01
4151010644,四川文理学院,institution.school_type,"""综合""",https://github.com/xioajiumi/Chinese_Universities/blob/e088fddc329a6f0148ca72fd3b4d0fe069f13e3a/Chinese_Universities.json,community_dataset,2021,auto,2026-10-01
4151010644,四川文理学院,institution.country,"""China""",https://github.com/damitheswitch/china-universities-dataset/blob/5eaa2a93f86ac322d53a36da9977d9a4c80f1f56/data/universities.json,community_dataset,2026,auto,2026-10-01
4151010646,阿坝师范学院,identity.slug_aliases,"[""aba-teachers-university""]",https://github.com/damitheswitch/china-universities-dataset/blob/5eaa2a93f86ac322d53a36da9977d9a4c80f1f56/data/universities.json,community_dataset,2026,auto,2026-10-01
4151010646,阿坝师范学院,institution.school_type,"""师范""",https://github.com/xioajiumi/Chinese_Universities/blob/e088fddc329a6f0148ca72fd3b4d0fe069f13e3a/Chinese_Universities.json,community_dataset,2021,auto,2026-10-01
4151010646,阿坝师范学院,institution.country,"""China""",https://github.com/damitheswitch/china-universities-dataset/blob/5eaa2a93f86ac322d53a36da9977d9a4c80f1f56/data/universities.json,community_dataset,2026,auto,2026-10-01
4151010649,乐山师范学院,identity.slug_aliases,"[""leshan-normal-university""]",https://github.com/damitheswitch/china-universities-dataset/blob/5eaa2a93f86ac322d53a36da9977d9a4c80f1f56/data/universities.json,community_dataset,2026,auto,2026-10-01
4151010649,乐山师范学院,institution.school_type,"""师范""",https://github.com/xioajiumi/Chinese_Universities/blob/e088fddc329a6f0148ca72fd3b4d0fe069f13e3a/Chinese_Universities.json,community_dataset,2021,auto,2026-10-01
4151010649,乐山师范学院,institution.country,"""China""",https://github.com/damitheswitch/china-universities-dataset/blob/5eaa2a93f86ac322d53a36da9977d9a4c80f1f56/data/universities.json,community_dataset,2026,auto,2026-10-01
4151010651,西南财经大学,identity.short_name_zh,"""西南财""",https://github.com/Magicdover/China-Universities-2026/blob/419bdc7ce6956fc88c2b70b3979f170b6666f111/data/uni-special.js,community_dataset,2026-06-09,auto,2026-10-01
4151010651,西南财经大学,identity.short_name_en,"""SWUFE""",https://github.com/Magicdover/China-Universities-2026/blob/419bdc7ce6956fc88c2b70b3979f170b6666f111/data/uni-special.js,community_dataset,2026-06-09,auto,2026-10-01
4151010651,西南财经大学,institution.school_type,"""财经""",https://github.com/Magicdover/China-Universities-2026/blob/419bdc7ce6956fc88c2b70b3979f170b6666f111/data/uni-special.js,community_dataset,2026-06-09,auto,2026-10-01
4151010651,西南财经大学,institution.groups,"[""211"", ""双一流""]",https://github.com/Magicdover/China-Universities-2026/blob/419bdc7ce6956fc88c2b70b3979f170b6666f111/data/uni-special.js,community_dataset,2026-06-09,auto,2026-10-01
4151010651,西南财经大学,location.coordinates,"{""longitude"": 103.931, ""latitude"": 30.762, ""crs"": ""unspecified"", ""precision"": ""approximate"", ""location_kind"": ""community_map_point""}",https://github.com/Magicdover/China-Universities-2026/blob/419bdc7ce6956fc88c2b70b3979f170b6666f111/data/uni-special.js,community_dataset,2026-06-09,auto,2026-10-01
4151010651,西南财经大学,academics.double_first_class_disciplines,"[""应用经济学""]",https://github.com/Magicdover/China-Universities-2026/blob/419bdc7ce6956fc88c2b70b3979f170b6666f111/data/uni-special.js,community_dataset,2026-06-09,auto,2026-10-01
4151010651,西南财经大学,resources.career_url,"""https://jobzpgl.swufe.edu.cn/""",https://github.com/PotoYang/UniversityCareerWebPage/blob/0fbc54deee6a4a3aec67ffd77e41bccec898804e/README.md,community_dataset,2019-10-21,auto,2026-10-01
4151010654,四川音乐学院,resources.career_url,"""http://www.sccm.cn/erl/index.asp""",https://github.com/PotoYang/UniversityCareerWebPage/blob/0fbc54deee6a4a3aec67ffd77e41bccec898804e/README.md,community_dataset,2019-10-21,auto,2026-10-01
4151010656,西南民族大学,identity.short_name_zh,"""西南民大""",https://github.com/Magicdover/China-Universities-2026/blob/419bdc7ce6956fc88c2b70b3979f170b6666f111/data/uni-special.js,community_dataset,2026-06-09,auto,2026-10-01
4151010656,西南民族大学,identity.short_name_en,"""SWUN""",https://github.com/Magicdover/China-Universities-2026/blob/419bdc7ce6956fc88c2b70b3979f170b6666f111/data/uni-special.js,community_dataset,2026-06-09,auto,2026-10-01
4151010656,西南民族大学,institution.school_type,"""民族""",https://github.com/Magicdover/China-Universities-2026/blob/419bdc7ce6956fc88c2b70b3979f170b6666f111/data/uni-special.js,community_dataset,2026-06-09,auto,2026-10-01
4151010656,西南民族大学,location.coordinates,"{""longitude"": 104.061, ""latitude"": 30.654, ""crs"": ""unspecified"", ""precision"": ""approximate"", ""location_kind"": ""community_map_point""}",https://github.com/Magicdover/China-Universities-2026/blob/419bdc7ce6956fc88c2b70b3979f170b6666f111/data/uni-special.js,community_dataset,2026-06-09,auto,2026-10-01
4151010656,西南民族大学,resources.career_url,"""http://jy.swun.edu.cn/Website/""",https://github.com/PotoYang/UniversityCareerWebPage/blob/0fbc54deee6a4a3aec67ffd77e41bccec898804e/README.md,community_dataset,2019-10-21,auto,2026-10-01
4151011079,成都大学,identity.slug_aliases,"[""chengdu-university""]",https://github.com/damitheswitch/china-universities-dataset/blob/5eaa2a93f86ac322d53a36da9977d9a4c80f1f56/data/universities.json,community_dataset,2026,auto,2026-10-01
4151011079,成都大学,institution.school_type,"""综合""",https://github.com/xioajiumi/Chinese_Universities/blob/e088fddc329a6f0148ca72fd3b4d0fe069f13e3a/Chinese_Universities.json,community_dataset,2021,auto,2026-10-01
4151011079,成都大学,institution.country,"""China""",https://github.com/damitheswitch/china-universities-dataset/blob/5eaa2a93f86ac322d53a36da9977d9a4c80f1f56/data/universities.json,community_dataset,2026,auto,2026-10-01
4151011116,成都工业学院,identity.slug_aliases,"[""chengdu-technological-university""]",https://github.com/damitheswitch/china-universities-dataset/blob/5eaa2a93f86ac322d53a36da9977d9a4c80f1f56/data/universities.json,community_dataset,2026,auto,2026-10-01
4151011116,成都工业学院,institution.school_type,"""理工""",https://github.com/xioajiumi/Chinese_Universities/blob/e088fddc329a6f0148ca72fd3b4d0fe069f13e3a/Chinese_Universities.json,community_dataset,2021,auto,2026-10-01
4151011116,成都工业学院,institution.country,"""China""",https://github.com/damitheswitch/china-universities-dataset/blob/5eaa2a93f86ac322d53a36da9977d9a4c80f1f56/data/universities.json,community_dataset,2026,auto,2026-10-01
4151011360,攀枝花学院,identity.slug_aliases,"[""panzhihua-university""]",https://github.com/damitheswitch/china-universities-dataset/blob/5eaa2a93f86ac322d53a36da9977d9a4c80f1f56/data/universities.json,community_dataset,2026,auto,2026-10-01
4151011360,攀枝花学院,institution.school_type,"""综合""",https://github.com/xioajiumi/Chinese_Universities/blob/e088fddc329a6f0148ca72fd3b4d0fe069f13e3a/Chinese_Universities.json,community_dataset,2021,auto,2026-10-01
4151011360,攀枝花学院,institution.country,"""China""",https://github.com/damitheswitch/china-universities-dataset/blob/5eaa2a93f86ac322d53a36da9977d9a4c80f1f56/data/universities.json,community_dataset,2026,auto,2026-10-01
4151011552,四川旅游学院,identity.slug_aliases,"[""sichuan-tourism-university""]",https://github.com/damitheswitch/china-universities-dataset/blob/5eaa2a93f86ac322d53a36da9977d9a4c80f1f56/data/universities.json,community_dataset,2026,auto,2026-10-01
4151011552,四川旅游学院,institution.school_type,"""综合""",https://github.com/xioajiumi/Chinese_Universities/blob/e088fddc329a6f0148ca72fd3b4d0fe069f13e3a/Chinese_Universities.json,community_dataset,2021,auto,2026-10-01
4151011552,四川旅游学院,institution.country,"""China""",https://github.com/damitheswitch/china-universities-dataset/blob/5eaa2a93f86ac322d53a36da9977d9a4c80f1f56/data/universities.json,community_dataset,2026,auto,2026-10-01
4151011661,四川民族学院,identity.slug_aliases,"[""sichuan-university-for-nationalities""]",https://github.com/damitheswitch/china-universities-dataset/blob/5eaa2a93f86ac322d53a36da9977d9a4c80f1f56/data/universities.json,community_dataset,2026,auto,2026-10-01
4151011661,四川民族学院,institution.school_type,"""师范""",https://github.com/xioajiumi/Chinese_Universities/blob/e088fddc329a6f0148ca72fd3b4d0fe069f13e3a/Chinese_Universities.json,community_dataset,2021,auto,2026-10-01
4151011661,四川民族学院,institution.country,"""China""",https://github.com/damitheswitch/china-universities-dataset/blob/5eaa2a93f86ac322d53a36da9977d9a4c80f1f56/data/universities.json,community_dataset,2026,auto,2026-10-01
4151012212,四川警察学院,resources.career_url,"""http://jy.scpolicec.edu.cn/""",https://github.com/PotoYang/UniversityCareerWebPage/blob/0fbc54deee6a4a3aec67ffd77e41bccec898804e/README.md,community_dataset,2019-10-21,auto,2026-10-01
4151013669,四川传媒学院,resources.career_url,"""http://jy.cdysxy.com/""",https://github.com/PotoYang/UniversityCareerWebPage/blob/0fbc54deee6a4a3aec67ffd77e41bccec898804e/README.md,community_dataset,2019-10-21,auto,2026-10-01
4151013671,成都文理学院,resources.career_url,"""http://jyw.cdcas.edu.cn/NewNews/2004""",https://github.com/PotoYang/UniversityCareerWebPage/blob/0fbc54deee6a4a3aec67ffd77e41bccec898804e/README.md,community_dataset,2019-10-21,auto,2026-10-01
4151013705,成都医学院,resources.career_url,"""http://jy.cmc.edu.cn/search/query.action?partId=3""",https://github.com/PotoYang/UniversityCareerWebPage/blob/0fbc54deee6a4a3aec67ffd77e41bccec898804e/README.md,community_dataset,2019-10-21,auto,2026-10-01
4151014389,成都师范学院,identity.slug_aliases,"[""chengdu-normal-university""]",https://github.com/damitheswitch/china-universities-dataset/blob/5eaa2a93f86ac322d53a36da9977d9a4c80f1f56/data/universities.json,community_dataset,2026,auto,2026-10-01
4151014389,成都师范学院,institution.school_type,"""师范""",https://github.com/xioajiumi/Chinese_Universities/blob/e088fddc329a6f0148ca72fd3b4d0fe069f13e3a/Chinese_Universities.json,community_dataset,2021,auto,2026-10-01
4151014389,成都师范学院,institution.country,"""China""",https://github.com/damitheswitch/china-universities-dataset/blob/5eaa2a93f86ac322d53a36da9977d9a4c80f1f56/data/universities.json,community_dataset,2026,auto,2026-10-01
4112010055,南开大学,identity.short_name_zh,"""南开""",https://github.com/Magicdover/China-Universities-2026/blob/419bdc7ce6956fc88c2b70b3979f170b6666f111/data/universities.js,community_dataset,2026-06-09,auto,2026-10-01
4112010055,南开大学,identity.short_name_en,"""NKU""",https://github.com/Magicdover/China-Universities-2026/blob/419bdc7ce6956fc88c2b70b3979f170b6666f111/data/universities.js,community_dataset,2026-06-09,auto,2026-10-01
4112010055,南开大学,identity.slug_aliases,"[""nankai-university""]",https://github.com/damitheswitch/china-universities-dataset/blob/5eaa2a93f86ac322d53a36da9977d9a4c80f1f56/data/universities.json,community_dataset,2026,auto,2026-10-01
4112010055,南开大学,institution.school_type,"""综合""",https://github.com/xioajiumi/Chinese_Universities/blob/e088fddc329a6f0148ca72fd3b4d0fe069f13e3a/Chinese_Universities.json,community_dataset,2021,auto,2026-10-01
4112010055,南开大学,institution.country,"""China""",https://github.com/damitheswitch/china-universities-dataset/blob/5eaa2a93f86ac322d53a36da9977d9a4c80f1f56/data/universities.json,community_dataset,2026,auto,2026-10-01
4112010055,南开大学,institution.groups,"[""双一流"", ""985"", ""211""]",https://github.com/damitheswitch/china-universities-dataset/blob/5eaa2a93f86ac322d53a36da9977d9a4c80f1f56/data/universities.json,community_dataset,2026,auto,2026-10-01
4112010055,南开大学,location.coordinates,"{""longitude"": 117.166, ""latitude"": 39.107, ""crs"": ""unspecified"", ""precision"": ""approximate"", ""location_kind"": ""community_map_point""}",https://github.com/Magicdover/China-Universities-2026/blob/419bdc7ce6956fc88c2b70b3979f170b6666f111/data/universities.js,community_dataset,2026-06-09,auto,2026-10-01
4112010055,南开大学,academics.double_first_class_disciplines,"[""世界史"", ""数学"", ""化学"", ""统计学"", ""理论经济学"", ""应用经济学"", ""材料科学与工程""]",https://github.com/Magicdover/China-Universities-2026/blob/419bdc7ce6956fc88c2b70b3979f170b6666f111/data/universities.js,community_dataset,2026-06-09,auto,2026-10-01
4112010055,南开大学,resources.career_url,"""http://career.nankai.edu.cn/""",https://github.com/PotoYang/UniversityCareerWebPage/blob/0fbc54deee6a4a3aec67ffd77e41bccec898804e/README.md,community_dataset,2019-10-21,auto,2026-10-01
4112010056,天津大学,identity.short_name_zh,"""天大""",https://github.com/Magicdover/China-Universities-2026/blob/419bdc7ce6956fc88c2b70b3979f170b6666f111/data/universities.js,community_dataset,2026-06-09,auto,2026-10-01
4112010056,天津大学,identity.short_name_en,"""TJU""",https://github.com/Magicdover/China-Universities-2026/blob/419bdc7ce6956fc88c2b70b3979f170b6666f111/data/universities.js,community_dataset,2026-06-09,auto,2026-10-01
4112010056,天津大学,identity.slug_aliases,"[""tianjin-university""]",https://github.com/damitheswitch/china-universities-dataset/blob/5eaa2a93f86ac322d53a36da9977d9a4c80f1f56/data/universities.json,community_dataset,2026,auto,2026-10-01
4112010056,天津大学,institution.school_type,"""理工""",https://github.com/xioajiumi/Chinese_Universities/blob/e088fddc329a6f0148ca72fd3b4d0fe069f13e3a/Chinese_Universities.json,community_dataset,2021,auto,2026-10-01
4112010056,天津大学,institution.nature,"""公办""",https://github.com/damitheswitch/china-universities-dataset/blob/5eaa2a93f86ac322d53a36da9977d9a4c80f1f56/data/universities.json,community_dataset,2026,auto,2026-10-01
4112010056,天津大学,institution.country,"""China""",https://github.com/damitheswitch/china-universities-dataset/blob/5eaa2a93f86ac322d53a36da9977d9a4c80f1f56/data/universities.json,community_dataset,2026,auto,2026-10-01
4112010056,天津大学,institution.languages_of_instruction,"[""Chinese"", ""English""]",https://github.com/damitheswitch/china-universities-dataset/blob/5eaa2a93f86ac322d53a36da9977d9a4c80f1f56/data/universities.json,community_dataset,2026,auto,2026-10-01
4112010056,天津大学,institution.groups,"[""双一流"", ""985"", ""211""]",https://github.com/damitheswitch/china-universities-dataset/blob/5eaa2a93f86ac322d53a36da9977d9a4c80f1f56/data/universities.json,community_dataset,2026,auto,2026-10-01
4112010056,天津大学,location.coordinates,"{""longitude"": 117.176, ""latitude"": 39.108, ""crs"": ""unspecified"", ""precision"": ""approximate"", ""location_kind"": ""community_map_point""}",https://github.com/Magicdover/China-Universities-2026/blob/419bdc7ce6956fc88c2b70b3979f170b6666f111/data/universities.js,community_dataset,2026-06-09,auto,2026-10-01
4112010056,天津大学,academics.double_first_class_disciplines,"[""化学工程与技术"", ""仪器科学与技术"", ""建筑学"", ""管理科学与工程"", ""土木工程"", ""水利工程""]",https://github.com/Magicdover/China-Universities-2026/blob/419bdc7ce6956fc88c2b70b3979f170b6666f111/data/universities.js,community_dataset,2026-06-09,auto,2026-10-01
4112010056,天津大学,resources.career_url,"""http://job.twtstudio.com/main""",https://github.com/PotoYang/UniversityCareerWebPage/blob/0fbc54deee6a4a3aec67ffd77e41bccec898804e/README.md,community_dataset,2019-10-21,auto,2026-10-01
4112010057,天津科技大学,identity.slug_aliases,"[""tianjin-university-of-science-and-technology""]",https://github.com/damitheswitch/china-universities-dataset/blob/5eaa2a93f86ac322d53a36da9977d9a4c80f1f56/data/universities.json,community_dataset,2026,auto,2026-10-01
4112010057,天津科技大学,institution.school_type,"""理工""",https://github.com/xioajiumi/Chinese_Universities/blob/e088fddc329a6f0148ca72fd3b4d0fe069f13e3a/Chinese_Universities.json,community_dataset,2021,auto,2026-10-01
4112010057,天津科技大学,institution.country,"""China""",https://github.com/damitheswitch/china-universities-dataset/blob/5eaa2a93f86ac322d53a36da9977d9a4c80f1f56/data/universities.json,community_dataset,2026,auto,2026-10-01
4112010057,天津科技大学,resources.career_url,"""http://jy.tust.edu.cn/""",https://github.com/PotoYang/UniversityCareerWebPage/blob/0fbc54deee6a4a3aec67ffd77e41bccec898804e/README.md,community_dataset,2019-10-21,auto,2026-10-01
4112010058,天津工业大学,identity.short_name_zh,"""天工大""",https://github.com/Magicdover/China-Universities-2026/blob/419bdc7ce6956fc88c2b70b3979f170b6666f111/data/uni-extra.js,community_dataset,2026-06-09,auto,2026-10-01
4112010058,天津工业大学,identity.short_name_en,"""TGU""",https://github.com/Magicdover/China-Universities-2026/blob/419bdc7ce6956fc88c2b70b3979f170b6666f111/data/uni-extra.js,community_dataset,2026-06-09,auto,2026-10-01
4112010058,天津工业大学,identity.slug_aliases,"[""tiangong-university""]",https://github.com/damitheswitch/china-universities-dataset/blob/5eaa2a93f86ac322d53a36da9977d9a4c80f1f56/data/universities.json,community_dataset,2026,auto,2026-10-01
4112010058,天津工业大学,institution.school_type,"""理工""",https://github.com/xioajiumi/Chinese_Universities/blob/e088fddc329a6f0148ca72fd3b4d0fe069f13e3a/Chinese_Universities.json,community_dataset,2021,auto,2026-10-01
4112010058,天津工业大学,institution.country,"""China""",https://github.com/damitheswitch/china-universities-dataset/blob/5eaa2a93f86ac322d53a36da9977d9a4c80f1f56/data/universities.json,community_dataset,2026,auto,2026-10-01
4112010058,天津工业大学,institution.groups,"[""双一流""]",https://github.com/damitheswitch/china-universities-dataset/blob/5eaa2a93f86ac322d53a36da9977d9a4c80f1f56/data/universities.json,community_dataset,2026,auto,2026-10-01
4112010058,天津工业大学,location.coordinates,"{""longitude"": 117.101, ""latitude"": 39.382, ""crs"": ""unspecified"", ""precision"": ""approximate"", ""location_kind"": ""community_map_point""}",https://github.com/Magicdover/China-Universities-2026/blob/419bdc7ce6956fc88c2b70b3979f170b6666f111/data/uni-extra.js,community_dataset,2026-06-09,auto,2026-10-01
4112010058,天津工业大学,academics.double_first_class_disciplines,"[""纺织科学与工程""]",https://github.com/Magicdover/China-Universities-2026/blob/419bdc7ce6956fc88c2b70b3979f170b6666f111/data/uni-extra.js,community_dataset,2026-06-09,auto,2026-10-01
4112010058,天津工业大学,resources.career_url,"""http://job.tjpu.edu.cn/""",https://github.com/PotoYang/UniversityCareerWebPage/blob/0fbc54deee6a4a3aec67ffd77e41bccec898804e/README.md,community_dataset,2019-10-21,auto,2026-10-01
4112010059,中国民航大学,identity.slug_aliases,"[""civil-aviation-university-of-china""]",https://github.com/damitheswitch/china-universities-dataset/blob/5eaa2a93f86ac322d53a36da9977d9a4c80f1f56/data/universities.json,community_dataset,2026,auto,2026-10-01
4112010059,中国民航大学,institution.school_type,"""理工""",https://github.com/xioajiumi/Chinese_Universities/blob/e088fddc329a6f0148ca72fd3b4d0fe069f13e3a/Chinese_Universities.json,community_dataset,2021,auto,2026-10-01
4112010059,中国民航大学,institution.country,"""China""",https://github.com/damitheswitch/china-universities-dataset/blob/5eaa2a93f86ac322d53a36da9977d9a4c80f1f56/data/universities.json,community_dataset,2026,auto,2026-10-01
4112010060,天津理工大学,identity.slug_aliases,"[""tianjin-university-of-technology""]",https://github.com/damitheswitch/china-universities-dataset/blob/5eaa2a93f86ac322d53a36da9977d9a4c80f1f56/data/universities.json,community_dataset,2026,auto,2026-10-01
4112010060,天津理工大学,institution.school_type,"""理工""",https://github.com/xioajiumi/Chinese_Universities/blob/e088fddc329a6f0148ca72fd3b4d0fe069f13e3a/Chinese_Universities.json,community_dataset,2021,auto,2026-10-01
4112010060,天津理工大学,institution.country,"""China""",https://github.com/damitheswitch/china-universities-dataset/blob/5eaa2a93f86ac322d53a36da9977d9a4c80f1f56/data/universities.json,community_dataset,2026,auto,2026-10-01
4112010060,天津理工大学,resources.career_url,"""http://jy.tjut.edu.cn/""",https://github.com/PotoYang/UniversityCareerWebPage/blob/0fbc54deee6a4a3aec67ffd77e41bccec898804e/README.md,community_dataset,2019-10-21,auto,2026-10-01
4112010061,天津农学院,identity.slug_aliases,"[""tianjin-agricultural-university""]",https://github.com/damitheswitch/china-universities-dataset/blob/5eaa2a93f86ac322d53a36da9977d9a4c80f1f56/data/universities.json,community_dataset,2026,auto,2026-10-01
4112010061,天津农学院,institution.school_type,"""农业""",https://github.com/xioajiumi/Chinese_Universities/blob/e088fddc329a6f0148ca72fd3b4d0fe069f13e3a/Chinese_Universities.json,community_dataset,2021,auto,2026-10-01
4112010061,天津农学院,institution.country,"""China""",https://github.com/damitheswitch/china-universities-dataset/blob/5eaa2a93f86ac322d53a36da9977d9a4c80f1f56/data/universities.json,community_dataset,2026,auto,2026-10-01
4112010062,天津医科大学,identity.short_name_zh,"""天医""",https://github.com/Magicdover/China-Universities-2026/blob/419bdc7ce6956fc88c2b70b3979f170b6666f111/data/uni-special.js,community_dataset,2026-06-09,auto,2026-10-01
4112010062,天津医科大学,identity.short_name_en,"""TMU""",https://github.com/Magicdover/China-Universities-2026/blob/419bdc7ce6956fc88c2b70b3979f170b6666f111/data/uni-special.js,community_dataset,2026-06-09,auto,2026-10-01
4112010062,天津医科大学,institution.school_type,"""医药""",https://github.com/Magicdover/China-Universities-2026/blob/419bdc7ce6956fc88c2b70b3979f170b6666f111/data/uni-special.js,community_dataset,2026-06-09,auto,2026-10-01
4112010062,天津医科大学,institution.groups,"[""双一流""]",https://github.com/Magicdover/China-Universities-2026/blob/419bdc7ce6956fc88c2b70b3979f170b6666f111/data/uni-special.js,community_dataset,2026-06-09,auto,2026-10-01
4112010062,天津医科大学,location.coordinates,"{""longitude"": 117.186, ""latitude"": 39.114, ""crs"": ""unspecified"", ""precision"": ""approximate"", ""location_kind"": ""community_map_point""}",https://github.com/Magicdover/China-Universities-2026/blob/419bdc7ce6956fc88c2b70b3979f170b6666f111/data/uni-special.js,community_dataset,2026-06-09,auto,2026-10-01
4112010062,天津医科大学,academics.double_first_class_disciplines,"[""临床医学""]",https://github.com/Magicdover/China-Universities-2026/blob/419bdc7ce6956fc88c2b70b3979f170b6666f111/data/uni-special.js,community_dataset,2026-06-09,auto,2026-10-01
4112010063,天津中医药大学,identity.short_name_zh,"""天中医""",https://github.com/Magicdover/China-Universities-2026/blob/419bdc7ce6956fc88c2b70b3979f170b6666f111/data/uni-extra2.js,community_dataset,2026-06-09,auto,2026-10-01
4112010063,天津中医药大学,identity.short_name_en,"""TJUTCM""",https://github.com/Magicdover/China-Universities-2026/blob/419bdc7ce6956fc88c2b70b3979f170b6666f111/data/uni-extra2.js,community_dataset,2026-06-09,auto,2026-10-01
4112010063,天津中医药大学,institution.school_type,"""医药""",https://github.com/Magicdover/China-Universities-2026/blob/419bdc7ce6956fc88c2b70b3979f170b6666f111/data/uni-extra2.js,community_dataset,2026-06-09,auto,2026-10-01
4112010063,天津中医药大学,institution.groups,"[""双一流""]",https://github.com/Magicdover/China-Universities-2026/blob/419bdc7ce6956fc88c2b70b3979f170b6666f111/data/uni-extra2.js,community_dataset,2026-06-09,auto,2026-10-01
4112010063,天津中医药大学,location.coordinates,"{""longitude"": 117.012, ""latitude"": 38.951, ""crs"": ""unspecified"", ""precision"": ""approximate"", ""location_kind"": ""community_map_point""}",https://github.com/Magicdover/China-Universities-2026/blob/419bdc7ce6956fc88c2b70b3979f170b6666f111/data/uni-extra2.js,community_dataset,2026-06-09,auto,2026-10-01
4112010063,天津中医药大学,academics.double_first_class_disciplines,"[""中药学""]",https://github.com/Magicdover/China-Universities-2026/blob/419bdc7ce6956fc88c2b70b3979f170b6666f111/data/uni-extra2.js,community_dataset,2026-06-09,auto,2026-10-01
4112010065,天津师范大学,identity.slug_aliases,"[""tianjin-normal-university""]",https://github.com/damitheswitch/china-universities-dataset/blob/5eaa2a93f86ac322d53a36da9977d9a4c80f1f56/data/universities.json,community_dataset,2026,auto,2026-10-01
4112010065,天津师范大学,institution.school_type,"""师范""",https://github.com/xioajiumi/Chinese_Universities/blob/e088fddc329a6f0148ca72fd3b4d0fe069f13e3a/Chinese_Universities.json,community_dataset,2021,auto,2026-10-01
4112010065,天津师范大学,institution.country,"""China""",https://github.com/damitheswitch/china-universities-dataset/blob/5eaa2a93f86ac322d53a36da9977d9a4c80f1f56/data/universities.json,community_dataset,2026,auto,2026-10-01
4112010066,天津职业技术师范大学,identity.slug_aliases,"[""tianjin-university-of-technology-and-education""]",https://github.com/damitheswitch/china-universities-dataset/blob/5eaa2a93f86ac322d53a36da9977d9a4c80f1f56/data/universities.json,community_dataset,2026,auto,2026-10-01
4112010066,天津职业技术师范大学,institution.school_type,"""师范""",https://github.com/xioajiumi/Chinese_Universities/blob/e088fddc329a6f0148ca72fd3b4d0fe069f13e3a/Chinese_Universities.json,community_dataset,2021,auto,2026-10-01
4112010066,天津职业技术师范大学,institution.country,"""China""",https://github.com/damitheswitch/china-universities-dataset/blob/5eaa2a93f86ac322d53a36da9977d9a4c80f1f56/data/universities.json,community_dataset,2026,auto,2026-10-01
4112010792,天津城建大学,identity.slug_aliases,"[""tianjin-chengjian-university""]",https://github.com/damitheswitch/china-universities-dataset/blob/5eaa2a93f86ac322d53a36da9977d9a4c80f1f56/data/universities.json,community_dataset,2026,auto,2026-10-01
4112010792,天津城建大学,institution.school_type,"""理工""",https://github.com/xioajiumi/Chinese_Universities/blob/e088fddc329a6f0148ca72fd3b4d0fe069f13e3a/Chinese_Universities.json,community_dataset,2021,auto,2026-10-01
4112010792,天津城建大学,institution.country,"""China""",https://github.com/damitheswitch/china-universities-dataset/blob/5eaa2a93f86ac322d53a36da9977d9a4c80f1f56/data/universities.json,community_dataset,2026,auto,2026-10-01
4164010749,宁夏大学,identity.short_name_zh,"""宁大""",https://github.com/Magicdover/China-Universities-2026/blob/419bdc7ce6956fc88c2b70b3979f170b6666f111/data/uni-211.js,community_dataset,2026-06-09,auto,2026-10-01
4164010749,宁夏大学,identity.short_name_en,"""NXU""",https://github.com/Magicdover/China-Universities-2026/blob/419bdc7ce6956fc88c2b70b3979f170b6666f111/data/uni-211.js,community_dataset,2026-06-09,auto,2026-10-01
4164010749,宁夏大学,identity.slug_aliases,"[""ningxia-university""]",https://github.com/damitheswitch/china-universities-dataset/blob/5eaa2a93f86ac322d53a36da9977d9a4c80f1f56/data/universities.json,community_dataset,2026,auto,2026-10-01
4164010749,宁夏大学,institution.school_type,"""综合""",https://github.com/xioajiumi/Chinese_Universities/blob/e088fddc329a6f0148ca72fd3b4d0fe069f13e3a/Chinese_Universities.json,community_dataset,2021,auto,2026-10-01
4164010749,宁夏大学,institution.country,"""China""",https://github.com/damitheswitch/china-universities-dataset/blob/5eaa2a93f86ac322d53a36da9977d9a4c80f1f56/data/universities.json,community_dataset,2026,auto,2026-10-01
4164010749,宁夏大学,institution.groups,"[""双一流"", ""211""]",https://github.com/damitheswitch/china-universities-dataset/blob/5eaa2a93f86ac322d53a36da9977d9a4c80f1f56/data/universities.json,community_dataset,2026,auto,2026-10-01
4164010749,宁夏大学,location.coordinates,"{""longitude"": 106.149, ""latitude"": 38.5, ""crs"": ""unspecified"", ""precision"": ""approximate"", ""location_kind"": ""community_map_point""}",https://github.com/Magicdover/China-Universities-2026/blob/419bdc7ce6956fc88c2b70b3979f170b6666f111/data/uni-211.js,community_dataset,2026-06-09,auto,2026-10-01
4164010749,宁夏大学,academics.double_first_class_disciplines,"[""化学工程与技术""]",https://github.com/Magicdover/China-Universities-2026/blob/419bdc7ce6956fc88c2b70b3979f170b6666f111/data/uni-211.js,community_dataset,2026-06-09,auto,2026-10-01
4164010749,宁夏大学,resources.career_url,"""https://www.nxujob.com/""",https://github.com/PotoYang/UniversityCareerWebPage/blob/0fbc54deee6a4a3aec67ffd77e41bccec898804e/README.md,community_dataset,2019-10-21,auto,2026-10-01
4164010753,宁夏师范大学,identity.slug_aliases,"[""ningxia-normal-university""]",https://github.com/damitheswitch/china-universities-dataset/blob/5eaa2a93f86ac322d53a36da9977d9a4c80f1f56/data/universities.json,community_dataset,2026,auto,2026-10-01
4164010753,宁夏师范大学,institution.school_type,"""师范""",https://github.com/damitheswitch/china-universities-dataset/blob/5eaa2a93f86ac322d53a36da9977d9a4c80f1f56/data/universities.json,community_dataset,2026,auto,2026-10-01
4164010753,宁夏师范大学,institution.country,"""China""",https://github.com/damitheswitch/china-universities-dataset/blob/5eaa2a93f86ac322d53a36da9977d9a4c80f1f56/data/universities.json,community_dataset,2026,auto,2026-10-01
4164012544,宁夏理工学院,resources.career_url,"""http://www.nxist.com/NXLGJYW/views/index.form""",https://github.com/PotoYang/UniversityCareerWebPage/blob/0fbc54deee6a4a3aec67ffd77e41bccec898804e/README.md,community_dataset,2019-10-21,auto,2026-10-01
4134010357,安徽大学,identity.short_name_zh,"""安大""",https://github.com/Magicdover/China-Universities-2026/blob/419bdc7ce6956fc88c2b70b3979f170b6666f111/data/uni-211.js,community_dataset,2026-06-09,auto,2026-10-01
4134010357,安徽大学,identity.short_name_en,"""AHU""",https://github.com/Magicdover/China-Universities-2026/blob/419bdc7ce6956fc88c2b70b3979f170b6666f111/data/uni-211.js,community_dataset,2026-06-09,auto,2026-10-01
4134010357,安徽大学,identity.slug_aliases,"[""anhui-university""]",https://github.com/damitheswitch/china-universities-dataset/blob/5eaa2a93f86ac322d53a36da9977d9a4c80f1f56/data/universities.json,community_dataset,2026,auto,2026-10-01
4134010357,安徽大学,institution.school_type,"""综合""",https://github.com/xioajiumi/Chinese_Universities/blob/e088fddc329a6f0148ca72fd3b4d0fe069f13e3a/Chinese_Universities.json,community_dataset,2021,auto,2026-10-01
4134010357,安徽大学,institution.country,"""China""",https://github.com/damitheswitch/china-universities-dataset/blob/5eaa2a93f86ac322d53a36da9977d9a4c80f1f56/data/universities.json,community_dataset,2026,auto,2026-10-01
4134010357,安徽大学,institution.groups,"[""双一流"", ""211""]",https://github.com/damitheswitch/china-universities-dataset/blob/5eaa2a93f86ac322d53a36da9977d9a4c80f1f56/data/universities.json,community_dataset,2026,auto,2026-10-01
4134010357,安徽大学,location.coordinates,"{""longitude"": 117.201, ""latitude"": 31.766, ""crs"": ""unspecified"", ""precision"": ""approximate"", ""location_kind"": ""community_map_point""}",https://github.com/Magicdover/China-Universities-2026/blob/419bdc7ce6956fc88c2b70b3979f170b6666f111/data/uni-211.js,community_dataset,2026-06-09,auto,2026-10-01
4134010357,安徽大学,academics.double_first_class_disciplines,"[""材料科学与工程""]",https://github.com/Magicdover/China-Universities-2026/blob/419bdc7ce6956fc88c2b70b3979f170b6666f111/data/uni-211.js,community_dataset,2026-06-09,auto,2026-10-01
4134010357,安徽大学,resources.career_url,"""http://www.job.ahu.edu.cn/""",https://github.com/PotoYang/UniversityCareerWebPage/blob/0fbc54deee6a4a3aec67ffd77e41bccec898804e/README.md,community_dataset,2019-10-21,auto,2026-10-01
4134010358,中国科学技术大学,identity.short_name_zh,"""中科大""",https://github.com/Magicdover/China-Universities-2026/blob/419bdc7ce6956fc88c2b70b3979f170b6666f111/data/universities.js,community_dataset,2026-06-09,auto,2026-10-01
4134010358,中国科学技术大学,identity.short_name_en,"""USTC""",https://github.com/Magicdover/China-Universities-2026/blob/419bdc7ce6956fc88c2b70b3979f170b6666f111/data/universities.js,community_dataset,2026-06-09,auto,2026-10-01
4134010358,中国科学技术大学,identity.slug_aliases,"[""university-of-science-and-technology-of-china""]",https://github.com/damitheswitch/china-universities-dataset/blob/5eaa2a93f86ac322d53a36da9977d9a4c80f1f56/data/universities.json,community_dataset,2026,auto,2026-10-01
4134010358,中国科学技术大学,institution.school_type,"""理工""",https://github.com/xioajiumi/Chinese_Universities/blob/e088fddc329a6f0148ca72fd3b4d0fe069f13e3a/Chinese_Universities.json,community_dataset,2021,auto,2026-10-01
4134010358,中国科学技术大学,institution.country,"""China""",https://github.com/damitheswitch/china-universities-dataset/blob/5eaa2a93f86ac322d53a36da9977d9a4c80f1f56/data/universities.json,community_dataset,2026,auto,2026-10-01
4134010358,中国科学技术大学,institution.groups,"[""双一流"", ""985"", ""211""]",https://github.com/damitheswitch/china-universities-dataset/blob/5eaa2a93f86ac322d53a36da9977d9a4c80f1f56/data/universities.json,community_dataset,2026,auto,2026-10-01
4134010358,中国科学技术大学,location.coordinates,"{""longitude"": 117.265, ""latitude"": 31.84, ""crs"": ""unspecified"", ""precision"": ""approximate"", ""location_kind"": ""community_map_point""}",https://github.com/Magicdover/China-Universities-2026/blob/419bdc7ce6956fc88c2b70b3979f170b6666f111/data/universities.js,community_dataset,2026-06-09,auto,2026-10-01
4134010358,中国科学技术大学,academics.double_first_class_disciplines,"[""数学"", ""物理学"", ""化学"", ""天文学"", ""地球物理学"", ""生物学"", ""科学技术史"", ""核科学与技术""]",https://github.com/Magicdover/China-Universities-2026/blob/419bdc7ce6956fc88c2b70b3979f170b6666f111/data/universities.js,community_dataset,2026-06-09,auto,2026-10-01
4134010359,合肥工业大学,identity.short_name_zh,"""合工大""",https://github.com/Magicdover/China-Universities-2026/blob/419bdc7ce6956fc88c2b70b3979f170b6666f111/data/uni-211.js,community_dataset,2026-06-09,auto,2026-10-01
4134010359,合肥工业大学,identity.short_name_en,"""HFUT""",https://github.com/Magicdover/China-Universities-2026/blob/419bdc7ce6956fc88c2b70b3979f170b6666f111/data/uni-211.js,community_dataset,2026-06-09,auto,2026-10-01
4134010359,合肥工业大学,identity.slug_aliases,"[""hefei-university-of-technology""]",https://github.com/damitheswitch/china-universities-dataset/blob/5eaa2a93f86ac322d53a36da9977d9a4c80f1f56/data/universities.json,community_dataset,2026,auto,2026-10-01
4134010359,合肥工业大学,institution.school_type,"""理工""",https://github.com/xioajiumi/Chinese_Universities/blob/e088fddc329a6f0148ca72fd3b4d0fe069f13e3a/Chinese_Universities.json,community_dataset,2021,auto,2026-10-01
4134010359,合肥工业大学,institution.country,"""China""",https://github.com/damitheswitch/china-universities-dataset/blob/5eaa2a93f86ac322d53a36da9977d9a4c80f1f56/data/universities.json,community_dataset,2026,auto,2026-10-01
4134010359,合肥工业大学,institution.groups,"[""双一流"", ""211""]",https://github.com/damitheswitch/china-universities-dataset/blob/5eaa2a93f86ac322d53a36da9977d9a4c80f1f56/data/universities.json,community_dataset,2026,auto,2026-10-01
4134010359,合肥工业大学,location.coordinates,"{""longitude"": 117.219, ""latitude"": 31.838, ""crs"": ""unspecified"", ""precision"": ""approximate"", ""location_kind"": ""community_map_point""}",https://github.com/Magicdover/China-Universities-2026/blob/419bdc7ce6956fc88c2b70b3979f170b6666f111/data/uni-211.js,community_dataset,2026-06-09,auto,2026-10-01
4134010359,合肥工业大学,academics.double_first_class_disciplines,"[""管理科学与工程""]",https://github.com/Magicdover/China-Universities-2026/blob/419bdc7ce6956fc88c2b70b3979f170b6666f111/data/uni-211.js,community_dataset,2026-06-09,auto,2026-10-01
4134010359,合肥工业大学,resources.career_url,"""http://gdjy.hfut.edu.cn/""",https://github.com/PotoYang/UniversityCareerWebPage/blob/0fbc54deee6a4a3aec67ffd77e41bccec898804e/README.md,community_dataset,2019-10-21,auto,2026-10-01
4134010360,安徽工业大学,identity.slug_aliases,"[""anhui-university-of-technology""]",https://github.com/damitheswitch/china-universities-dataset/blob/5eaa2a93f86ac322d53a36da9977d9a4c80f1f56/data/universities.json,community_dataset,2026,auto,2026-10-01
4134010360,安徽工业大学,institution.school_type,"""理工""",https://github.com/xioajiumi/Chinese_Universities/blob/e088fddc329a6f0148ca72fd3b4d0fe069f13e3a/Chinese_Universities.json,community_dataset,2021,auto,2026-10-01
4134010360,安徽工业大学,institution.country,"""China""",https://github.com/damitheswitch/china-universities-dataset/blob/5eaa2a93f86ac322d53a36da9977d9a4c80f1f56/data/universities.json,community_dataset,2026,auto,2026-10-01
4134010360,安徽工业大学,resources.career_url,"""http://ahut.ahbys.com/Index.html""",https://github.com/PotoYang/UniversityCareerWebPage/blob/0fbc54deee6a4a3aec67ffd77e41bccec898804e/README.md,community_dataset,2019-10-21,auto,2026-10-01
4134010361,安徽理工大学,identity.slug_aliases,"[""anhui-university-of-science-and-technology""]",https://github.com/damitheswitch/china-universities-dataset/blob/5eaa2a93f86ac322d53a36da9977d9a4c80f1f56/data/universities.json,community_dataset,2026,auto,2026-10-01
4134010361,安徽理工大学,institution.school_type,"""理工""",https://github.com/xioajiumi/Chinese_Universities/blob/e088fddc329a6f0148ca72fd3b4d0fe069f13e3a/Chinese_Universities.json,community_dataset,2021,auto,2026-10-01
4134010361,安徽理工大学,institution.country,"""China""",https://github.com/damitheswitch/china-universities-dataset/blob/5eaa2a93f86ac322d53a36da9977d9a4c80f1f56/data/universities.json,community_dataset,2026,auto,2026-10-01
4134010363,安徽工程大学,identity.slug_aliases,"[""anhui-polytechnic-university""]",https://github.com/damitheswitch/china-universities-dataset/blob/5eaa2a93f86ac322d53a36da9977d9a4c80f1f56/data/universities.json,community_dataset,2026,auto,2026-10-01
4134010363,安徽工程大学,institution.school_type,"""理工""",https://github.com/xioajiumi/Chinese_Universities/blob/e088fddc329a6f0148ca72fd3b4d0fe069f13e3a/Chinese_Universities.json,community_dataset,2021,auto,2026-10-01
4134010363,安徽工程大学,institution.country,"""China""",https://github.com/damitheswitch/china-universities-dataset/blob/5eaa2a93f86ac322d53a36da9977d9a4c80f1f56/data/universities.json,community_dataset,2026,auto,2026-10-01
4134010364,安徽农业大学,identity.slug_aliases,"[""anhui-agricultural-university""]",https://github.com/damitheswitch/china-universities-dataset/blob/5eaa2a93f86ac322d53a36da9977d9a4c80f1f56/data/universities.json,community_dataset,2026,auto,2026-10-01
4134010364,安徽农业大学,institution.school_type,"""农业""",https://github.com/xioajiumi/Chinese_Universities/blob/e088fddc329a6f0148ca72fd3b4d0fe069f13e3a/Chinese_Universities.json,community_dataset,2021,auto,2026-10-01
4134010364,安徽农业大学,institution.country,"""China""",https://github.com/damitheswitch/china-universities-dataset/blob/5eaa2a93f86ac322d53a36da9977d9a4c80f1f56/data/universities.json,community_dataset,2026,auto,2026-10-01
4134010366,安徽医科大学,resources.career_url,"""http://ahmu.bysjy.com.cn/""",https://github.com/PotoYang/UniversityCareerWebPage/blob/0fbc54deee6a4a3aec67ffd77e41bccec898804e/README.md,community_dataset,2019-10-21,auto,2026-10-01
4134010369,安徽中医药大学,resources.career_url,"""http://jyxxw.ahtcm.edu.cn/""",https://github.com/PotoYang/UniversityCareerWebPage/blob/0fbc54deee6a4a3aec67ffd77e41bccec898804e/README.md,community_dataset,2019-10-21,auto,2026-10-01
4134010370,安徽师范大学,identity.slug_aliases,"[""anhui-normal-university""]",https://github.com/damitheswitch/china-universities-dataset/blob/5eaa2a93f86ac322d53a36da9977d9a4c80f1f56/data/universities.json,community_dataset,2026,auto,2026-10-01
4134010370,安徽师范大学,institution.school_type,"""师范""",https://github.com/xioajiumi/Chinese_Universities/blob/e088fddc329a6f0148ca72fd3b4d0fe069f13e3a/Chinese_Universities.json,community_dataset,2021,auto,2026-10-01
4134010370,安徽师范大学,institution.country,"""China""",https://github.com/damitheswitch/china-universities-dataset/blob/5eaa2a93f86ac322d53a36da9977d9a4c80f1f56/data/universities.json,community_dataset,2026,auto,2026-10-01
4134010370,安徽师范大学,resources.career_url,"""http://jyw.wjhyfwy.com/""",https://github.com/PotoYang/UniversityCareerWebPage/blob/0fbc54deee6a4a3aec67ffd77e41bccec898804e/README.md,community_dataset,2019-10-21,auto,2026-10-01
4134010371,阜阳师范大学,identity.slug_aliases,"[""fuyang-normal-university""]",https://github.com/damitheswitch/china-universities-dataset/blob/5eaa2a93f86ac322d53a36da9977d9a4c80f1f56/data/universities.json,community_dataset,2026,auto,2026-10-01
4134010371,阜阳师范大学,institution.school_type,"""师范""",https://github.com/xioajiumi/Chinese_Universities/blob/e088fddc329a6f0148ca72fd3b4d0fe069f13e3a/Chinese_Universities.json,community_dataset,2021,auto,2026-10-01
4134010371,阜阳师范大学,institution.country,"""China""",https://github.com/damitheswitch/china-universities-dataset/blob/5eaa2a93f86ac322d53a36da9977d9a4c80f1f56/data/universities.json,community_dataset,2026,auto,2026-10-01
4134010372,安庆师范大学,identity.slug_aliases,"[""anqing-normal-university""]",https://github.com/damitheswitch/china-universities-dataset/blob/5eaa2a93f86ac322d53a36da9977d9a4c80f1f56/data/universities.json,community_dataset,2026,auto,2026-10-01
4134010372,安庆师范大学,institution.school_type,"""师范""",https://github.com/xioajiumi/Chinese_Universities/blob/e088fddc329a6f0148ca72fd3b4d0fe069f13e3a/Chinese_Universities.json,community_dataset,2021,auto,2026-10-01
4134010372,安庆师范大学,institution.country,"""China""",https://github.com/damitheswitch/china-universities-dataset/blob/5eaa2a93f86ac322d53a36da9977d9a4c80f1f56/data/universities.json,community_dataset,2026,auto,2026-10-01
4134010373,淮北师范大学,identity.slug_aliases,"[""huaibei-normal-university""]",https://github.com/damitheswitch/china-universities-dataset/blob/5eaa2a93f86ac322d53a36da9977d9a4c80f1f56/data/universities.json,community_dataset,2026,auto,2026-10-01
4134010373,淮北师范大学,institution.school_type,"""师范""",https://github.com/xioajiumi/Chinese_Universities/blob/e088fddc329a6f0148ca72fd3b4d0fe069f13e3a/Chinese_Universities.json,community_dataset,2021,auto,2026-10-01
4134010373,淮北师范大学,institution.country,"""China""",https://github.com/damitheswitch/china-universities-dataset/blob/5eaa2a93f86ac322d53a36da9977d9a4c80f1f56/data/universities.json,community_dataset,2026,auto,2026-10-01
4134010373,淮北师范大学,resources.career_url,"""http://www.chnu.edu.cn/Category_6724/Index.aspx""",https://github.com/PotoYang/UniversityCareerWebPage/blob/0fbc54deee6a4a3aec67ffd77e41bccec898804e/README.md,community_dataset,2019-10-21,auto,2026-10-01
4134010375,黄山学院,identity.slug_aliases,"[""huangshan-university""]",https://github.com/damitheswitch/china-universities-dataset/blob/5eaa2a93f86ac322d53a36da9977d9a4c80f1f56/data/universities.json,community_dataset,2026,auto,2026-10-01
4134010375,黄山学院,institution.school_type,"""师范""",https://github.com/xioajiumi/Chinese_Universities/blob/e088fddc329a6f0148ca72fd3b4d0fe069f13e3a/Chinese_Universities.json,community_dataset,2021,auto,2026-10-01
4134010375,黄山学院,institution.country,"""China""",https://github.com/damitheswitch/china-universities-dataset/blob/5eaa2a93f86ac322d53a36da9977d9a4c80f1f56/data/universities.json,community_dataset,2026,auto,2026-10-01
4134010376,皖西学院,identity.slug_aliases,"[""west-anhui-university""]",https://github.com/damitheswitch/china-universities-dataset/blob/5eaa2a93f86ac322d53a36da9977d9a4c80f1f56/data/universities.json,community_dataset,2026,auto,2026-10-01
4134010376,皖西学院,institution.school_type,"""师范""",https://github.com/xioajiumi/Chinese_Universities/blob/e088fddc329a6f0148ca72fd3b4d0fe069f13e3a/Chinese_Universities.json,community_dataset,2021,auto,2026-10-01
4134010376,皖西学院,institution.country,"""China""",https://github.com/damitheswitch/china-universities-dataset/blob/5eaa2a93f86ac322d53a36da9977d9a4c80f1f56/data/universities.json,community_dataset,2026,auto,2026-10-01
4134010377,滁州学院,identity.slug_aliases,"[""chuzhou-university""]",https://github.com/damitheswitch/china-universities-dataset/blob/5eaa2a93f86ac322d53a36da9977d9a4c80f1f56/data/universities.json,community_dataset,2026,auto,2026-10-01
4134010377,滁州学院,institution.school_type,"""师范""",https://github.com/xioajiumi/Chinese_Universities/blob/e088fddc329a6f0148ca72fd3b4d0fe069f13e3a/Chinese_Universities.json,community_dataset,2021,auto,2026-10-01
4134010377,滁州学院,institution.country,"""China""",https://github.com/damitheswitch/china-universities-dataset/blob/5eaa2a93f86ac322d53a36da9977d9a4c80f1f56/data/universities.json,community_dataset,2026,auto,2026-10-01
4134010378,安徽财经大学,resources.career_url,"""http://aufe.ahbys.com/""",https://github.com/PotoYang/UniversityCareerWebPage/blob/0fbc54deee6a4a3aec67ffd77e41bccec898804e/README.md,community_dataset,2019-10-21,auto,2026-10-01
4134010379,宿州学院,identity.slug_aliases,"[""suzhou-university""]",https://github.com/damitheswitch/china-universities-dataset/blob/5eaa2a93f86ac322d53a36da9977d9a4c80f1f56/data/universities.json,community_dataset,2026,auto,2026-10-01
4134010379,宿州学院,institution.school_type,"""师范""",https://github.com/xioajiumi/Chinese_Universities/blob/e088fddc329a6f0148ca72fd3b4d0fe069f13e3a/Chinese_Universities.json,community_dataset,2021,auto,2026-10-01
4134010379,宿州学院,institution.country,"""China""",https://github.com/damitheswitch/china-universities-dataset/blob/5eaa2a93f86ac322d53a36da9977d9a4c80f1f56/data/universities.json,community_dataset,2026,auto,2026-10-01
4134010380,巢湖学院,identity.slug_aliases,"[""chaohu-university""]",https://github.com/damitheswitch/china-universities-dataset/blob/5eaa2a93f86ac322d53a36da9977d9a4c80f1f56/data/universities.json,community_dataset,2026,auto,2026-10-01
4134010380,巢湖学院,institution.school_type,"""师范""",https://github.com/xioajiumi/Chinese_Universities/blob/e088fddc329a6f0148ca72fd3b4d0fe069f13e3a/Chinese_Universities.json,community_dataset,2021,auto,2026-10-01
4134010380,巢湖学院,institution.country,"""China""",https://github.com/damitheswitch/china-universities-dataset/blob/5eaa2a93f86ac322d53a36da9977d9a4c80f1f56/data/universities.json,community_dataset,2026,auto,2026-10-01
4134010381,淮南师范学院,identity.slug_aliases,"[""huainan-normal-university""]",https://github.com/damitheswitch/china-universities-dataset/blob/5eaa2a93f86ac322d53a36da9977d9a4c80f1f56/data/universities.json,community_dataset,2026,auto,2026-10-01
4134010381,淮南师范学院,institution.school_type,"""师范""",https://github.com/xioajiumi/Chinese_Universities/blob/e088fddc329a6f0148ca72fd3b4d0fe069f13e3a/Chinese_Universities.json,community_dataset,2021,auto,2026-10-01
4134010381,淮南师范学院,institution.country,"""China""",https://github.com/damitheswitch/china-universities-dataset/blob/5eaa2a93f86ac322d53a36da9977d9a4c80f1f56/data/universities.json,community_dataset,2026,auto,2026-10-01
4134010878,安徽建筑大学,identity.slug_aliases,"[""anhui-jianzhu-university""]",https://github.com/damitheswitch/china-universities-dataset/blob/5eaa2a93f86ac322d53a36da9977d9a4c80f1f56/data/universities.json,community_dataset,2026,auto,2026-10-01
4134010878,安徽建筑大学,institution.school_type,"""理工""",https://github.com/xioajiumi/Chinese_Universities/blob/e088fddc329a6f0148ca72fd3b4d0fe069f13e3a/Chinese_Universities.json,community_dataset,2021,auto,2026-10-01
4134010878,安徽建筑大学,institution.country,"""China""",https://github.com/damitheswitch/china-universities-dataset/blob/5eaa2a93f86ac322d53a36da9977d9a4c80f1f56/data/universities.json,community_dataset,2026,auto,2026-10-01
4134011059,合肥大学,identity.slug_aliases,"[""hefei-university""]",https://github.com/damitheswitch/china-universities-dataset/blob/5eaa2a93f86ac322d53a36da9977d9a4c80f1f56/data/universities.json,community_dataset,2026,auto,2026-10-01
4134011059,合肥大学,institution.school_type,"""理工""",https://github.com/damitheswitch/china-universities-dataset/blob/5eaa2a93f86ac322d53a36da9977d9a4c80f1f56/data/universities.json,community_dataset,2026,auto,2026-10-01
4134011059,合肥大学,institution.country,"""China""",https://github.com/damitheswitch/china-universities-dataset/blob/5eaa2a93f86ac322d53a36da9977d9a4c80f1f56/data/universities.json,community_dataset,2026,auto,2026-10-01
4134011305,蚌埠学院,identity.slug_aliases,"[""bengbu-university""]",https://github.com/damitheswitch/china-universities-dataset/blob/5eaa2a93f86ac322d53a36da9977d9a4c80f1f56/data/universities.json,community_dataset,2026,auto,2026-10-01
4134011305,蚌埠学院,institution.school_type,"""理工""",https://github.com/xioajiumi/Chinese_Universities/blob/e088fddc329a6f0148ca72fd3b4d0fe069f13e3a/Chinese_Universities.json,community_dataset,2021,auto,2026-10-01
4134011305,蚌埠学院,institution.country,"""China""",https://github.com/damitheswitch/china-universities-dataset/blob/5eaa2a93f86ac322d53a36da9977d9a4c80f1f56/data/universities.json,community_dataset,2026,auto,2026-10-01
4134011306,池州学院,identity.slug_aliases,"[""chizhou-university""]",https://github.com/damitheswitch/china-universities-dataset/blob/5eaa2a93f86ac322d53a36da9977d9a4c80f1f56/data/universities.json,community_dataset,2026,auto,2026-10-01
4134011306,池州学院,institution.school_type,"""师范""",https://github.com/xioajiumi/Chinese_Universities/blob/e088fddc329a6f0148ca72fd3b4d0fe069f13e3a/Chinese_Universities.json,community_dataset,2021,auto,2026-10-01
4134011306,池州学院,institution.country,"""China""",https://github.com/damitheswitch/china-universities-dataset/blob/5eaa2a93f86ac322d53a36da9977d9a4c80f1f56/data/universities.json,community_dataset,2026,auto,2026-10-01
4134012926,亳州学院,identity.slug_aliases,"[""bozhou-university""]",https://github.com/damitheswitch/china-universities-dataset/blob/5eaa2a93f86ac322d53a36da9977d9a4c80f1f56/data/universities.json,community_dataset,2026,auto,2026-10-01
4134012926,亳州学院,institution.school_type,"""师范""",https://github.com/xioajiumi/Chinese_Universities/blob/e088fddc329a6f0148ca72fd3b4d0fe069f13e3a/Chinese_Universities.json,community_dataset,2021,auto,2026-10-01
4134012926,亳州学院,institution.country,"""China""",https://github.com/damitheswitch/china-universities-dataset/blob/5eaa2a93f86ac322d53a36da9977d9a4c80f1f56/data/universities.json,community_dataset,2026,auto,2026-10-01
4134014098,合肥师范学院,identity.slug_aliases,"[""hefei-normal-university""]",https://github.com/damitheswitch/china-universities-dataset/blob/5eaa2a93f86ac322d53a36da9977d9a4c80f1f56/data/universities.json,community_dataset,2026,auto,2026-10-01
4134014098,合肥师范学院,institution.school_type,"""师范""",https://github.com/xioajiumi/Chinese_Universities/blob/e088fddc329a6f0148ca72fd3b4d0fe069f13e3a/Chinese_Universities.json,community_dataset,2021,auto,2026-10-01
4134014098,合肥师范学院,institution.country,"""China""",https://github.com/damitheswitch/china-universities-dataset/blob/5eaa2a93f86ac322d53a36da9977d9a4c80f1f56/data/universities.json,community_dataset,2026,auto,2026-10-01
4137010422,山东大学,identity.short_name_zh,"""山大""",https://github.com/Magicdover/China-Universities-2026/blob/419bdc7ce6956fc88c2b70b3979f170b6666f111/data/universities.js,community_dataset,2026-06-09,auto,2026-10-01
4137010422,山东大学,identity.short_name_en,"""SDU""",https://github.com/Magicdover/China-Universities-2026/blob/419bdc7ce6956fc88c2b70b3979f170b6666f111/data/universities.js,community_dataset,2026-06-09,auto,2026-10-01
4137010422,山东大学,identity.slug_aliases,"[""shandong-university""]",https://github.com/damitheswitch/china-universities-dataset/blob/5eaa2a93f86ac322d53a36da9977d9a4c80f1f56/data/universities.json,community_dataset,2026,auto,2026-10-01
4137010422,山东大学,institution.school_type,"""综合""",https://github.com/xioajiumi/Chinese_Universities/blob/e088fddc329a6f0148ca72fd3b4d0fe069f13e3a/Chinese_Universities.json,community_dataset,2021,auto,2026-10-01
4137010422,山东大学,institution.country,"""China""",https://github.com/damitheswitch/china-universities-dataset/blob/5eaa2a93f86ac322d53a36da9977d9a4c80f1f56/data/universities.json,community_dataset,2026,auto,2026-10-01
4137010422,山东大学,institution.groups,"[""双一流"", ""985"", ""211""]",https://github.com/damitheswitch/china-universities-dataset/blob/5eaa2a93f86ac322d53a36da9977d9a4c80f1f56/data/universities.json,community_dataset,2026,auto,2026-10-01
4137010422,山东大学,location.coordinates,"{""longitude"": 117.062, ""latitude"": 36.677, ""crs"": ""unspecified"", ""precision"": ""approximate"", ""location_kind"": ""community_map_point""}",https://github.com/Magicdover/China-Universities-2026/blob/419bdc7ce6956fc88c2b70b3979f170b6666f111/data/universities.js,community_dataset,2026-06-09,auto,2026-10-01
4137010422,山东大学,academics.double_first_class_disciplines,"[""数学"", ""化学"", ""材料科学与工程""]",https://github.com/Magicdover/China-Universities-2026/blob/419bdc7ce6956fc88c2b70b3979f170b6666f111/data/universities.js,community_dataset,2026-06-09,auto,2026-10-01
4137010422,山东大学,resources.career_url,"""http://www.job.sdu.edu.cn/""",https://github.com/PotoYang/UniversityCareerWebPage/blob/0fbc54deee6a4a3aec67ffd77e41bccec898804e/README.md,community_dataset,2019-10-21,auto,2026-10-01
4137010423,中国海洋大学,identity.short_name_zh,"""海大""",https://github.com/Magicdover/China-Universities-2026/blob/419bdc7ce6956fc88c2b70b3979f170b6666f111/data/universities.js,community_dataset,2026-06-09,auto,2026-10-01
4137010423,中国海洋大学,identity.short_name_en,"""OUC""",https://github.com/Magicdover/China-Universities-2026/blob/419bdc7ce6956fc88c2b70b3979f170b6666f111/data/universities.js,community_dataset,2026-06-09,auto,2026-10-01
4137010423,中国海洋大学,identity.slug_aliases,"[""ocean-university-of-china""]",https://github.com/damitheswitch/china-universities-dataset/blob/5eaa2a93f86ac322d53a36da9977d9a4c80f1f56/data/universities.json,community_dataset,2026,auto,2026-10-01
4137010423,中国海洋大学,institution.school_type,"""综合""",https://github.com/xioajiumi/Chinese_Universities/blob/e088fddc329a6f0148ca72fd3b4d0fe069f13e3a/Chinese_Universities.json,community_dataset,2021,auto,2026-10-01
4137010423,中国海洋大学,institution.country,"""China""",https://github.com/damitheswitch/china-universities-dataset/blob/5eaa2a93f86ac322d53a36da9977d9a4c80f1f56/data/universities.json,community_dataset,2026,auto,2026-10-01
4137010423,中国海洋大学,institution.groups,"[""双一流"", ""985"", ""211""]",https://github.com/damitheswitch/china-universities-dataset/blob/5eaa2a93f86ac322d53a36da9977d9a4c80f1f56/data/universities.json,community_dataset,2026,auto,2026-10-01
4137010423,中国海洋大学,location.coordinates,"{""longitude"": 120.339, ""latitude"": 36.16, ""crs"": ""unspecified"", ""precision"": ""approximate"", ""location_kind"": ""community_map_point""}",https://github.com/Magicdover/China-Universities-2026/blob/419bdc7ce6956fc88c2b70b3979f170b6666f111/data/universities.js,community_dataset,2026-06-09,auto,2026-10-01
4137010423,中国海洋大学,academics.double_first_class_disciplines,"[""海洋科学"", ""水产""]",https://github.com/Magicdover/China-Universities-2026/blob/419bdc7ce6956fc88c2b70b3979f170b6666f111/data/universities.js,community_dataset,2026-06-09,auto,2026-10-01
4137010424,山东科技大学,identity.short_name_zh,"""山科大""",https://github.com/Magicdover/China-Universities-2026/blob/419bdc7ce6956fc88c2b70b3979f170b6666f111/data/uni-extra2.js,community_dataset,2026-06-09,auto,2026-10-01
4137010424,山东科技大学,identity.short_name_en,"""SDUST""",https://github.com/Magicdover/China-Universities-2026/blob/419bdc7ce6956fc88c2b70b3979f170b6666f111/data/uni-extra2.js,community_dataset,2026-06-09,auto,2026-10-01
4137010424,山东科技大学,identity.slug_aliases,"[""shandong-university-of-science-and-technology""]",https://github.com/damitheswitch/china-universities-dataset/blob/5eaa2a93f86ac322d53a36da9977d9a4c80f1f56/data/universities.json,community_dataset,2026,auto,2026-10-01
4137010424,山东科技大学,institution.school_type,"""综合""",https://github.com/xioajiumi/Chinese_Universities/blob/e088fddc329a6f0148ca72fd3b4d0fe069f13e3a/Chinese_Universities.json,community_dataset,2021,auto,2026-10-01
4137010424,山东科技大学,institution.country,"""China""",https://github.com/damitheswitch/china-universities-dataset/blob/5eaa2a93f86ac322d53a36da9977d9a4c80f1f56/data/universities.json,community_dataset,2026,auto,2026-10-01
4137010424,山东科技大学,location.coordinates,"{""longitude"": 120.1, ""latitude"": 36.001, ""crs"": ""unspecified"", ""precision"": ""approximate"", ""location_kind"": ""community_map_point""}",https://github.com/Magicdover/China-Universities-2026/blob/419bdc7ce6956fc88c2b70b3979f170b6666f111/data/uni-extra2.js,community_dataset,2026-06-09,auto,2026-10-01
4137010424,山东科技大学,resources.career_url,"""http://career.sdust.edu.cn/""",https://github.com/PotoYang/UniversityCareerWebPage/blob/0fbc54deee6a4a3aec67ffd77e41bccec898804e/README.md,community_dataset,2019-10-21,auto,2026-10-01
4137010425,中国石油大学(华东),identity.short_name_zh,"""石大(华东)""",https://github.com/Magicdover/China-Universities-2026/blob/419bdc7ce6956fc88c2b70b3979f170b6666f111/data/uni-211.js,community_dataset,2026-06-09,auto,2026-10-01
4137010425,中国石油大学(华东),identity.short_name_en,"""UPC""",https://github.com/Magicdover/China-Universities-2026/blob/419bdc7ce6956fc88c2b70b3979f170b6666f111/data/uni-211.js,community_dataset,2026-06-09,auto,2026-10-01
4137010425,中国石油大学(华东),institution.school_type,"""理工""",https://github.com/xioajiumi/Chinese_Universities/blob/e088fddc329a6f0148ca72fd3b4d0fe069f13e3a/Chinese_Universities.json,community_dataset,2021,auto,2026-10-01
4137010425,中国石油大学(华东),institution.groups,"[""211"", ""双一流""]",https://github.com/Magicdover/China-Universities-2026/blob/419bdc7ce6956fc88c2b70b3979f170b6666f111/data/uni-211.js,community_dataset,2026-06-09,auto,2026-10-01
4137010425,中国石油大学(华东),location.coordinates,"{""longitude"": 120.13, ""latitude"": 36.0, ""crs"": ""unspecified"", ""precision"": ""approximate"", ""location_kind"": ""community_map_point""}",https://github.com/Magicdover/China-Universities-2026/blob/419bdc7ce6956fc88c2b70b3979f170b6666f111/data/uni-211.js,community_dataset,2026-06-09,auto,2026-10-01
4137010425,中国石油大学(华东),academics.double_first_class_disciplines,"[""石油与天然气工程"", ""地质资源与地质工程""]",https://github.com/Magicdover/China-Universities-2026/blob/419bdc7ce6956fc88c2b70b3979f170b6666f111/data/uni-211.js,community_dataset,2026-06-09,auto,2026-10-01
4137010426,青岛科技大学,identity.slug_aliases,"[""qingdao-university-of-science-and-technology""]",https://github.com/damitheswitch/china-universities-dataset/blob/5eaa2a93f86ac322d53a36da9977d9a4c80f1f56/data/universities.json,community_dataset,2026,auto,2026-10-01
4137010426,青岛科技大学,institution.school_type,"""理工""",https://github.com/xioajiumi/Chinese_Universities/blob/e088fddc329a6f0148ca72fd3b4d0fe069f13e3a/Chinese_Universities.json,community_dataset,2021,auto,2026-10-01
4137010426,青岛科技大学,institution.country,"""China""",https://github.com/damitheswitch/china-universities-dataset/blob/5eaa2a93f86ac322d53a36da9977d9a4c80f1f56/data/universities.json,community_dataset,2026,auto,2026-10-01
4137010426,青岛科技大学,resources.career_url,"""http://job.qust.edu.cn/""",https://github.com/PotoYang/UniversityCareerWebPage/blob/0fbc54deee6a4a3aec67ffd77e41bccec898804e/README.md,community_dataset,2019-10-21,auto,2026-10-01
4137010427,济南大学,identity.slug_aliases,"[""university-of-jinan""]",https://github.com/damitheswitch/china-universities-dataset/blob/5eaa2a93f86ac322d53a36da9977d9a4c80f1f56/data/universities.json,community_dataset,2026,auto,2026-10-01
4137010427,济南大学,institution.school_type,"""综合""",https://github.com/xioajiumi/Chinese_Universities/blob/e088fddc329a6f0148ca72fd3b4d0fe069f13e3a/Chinese_Universities.json,community_dataset,2021,auto,2026-10-01
4137010427,济南大学,institution.country,"""China""",https://github.com/damitheswitch/china-universities-dataset/blob/5eaa2a93f86ac322d53a36da9977d9a4c80f1f56/data/universities.json,community_dataset,2026,auto,2026-10-01
4137010427,济南大学,resources.career_url,"""http://career.ujn.edu.cn/""",https://github.com/PotoYang/UniversityCareerWebPage/blob/0fbc54deee6a4a3aec67ffd77e41bccec898804e/README.md,community_dataset,2019-10-21,auto,2026-10-01
4137010429,青岛理工大学,identity.slug_aliases,"[""qingdao-university-of-technology""]",https://github.com/damitheswitch/china-universities-dataset/blob/5eaa2a93f86ac322d53a36da9977d9a4c80f1f56/data/universities.json,community_dataset,2026,auto,2026-10-01
4137010429,青岛理工大学,institution.school_type,"""理工""",https://github.com/xioajiumi/Chinese_Universities/blob/e088fddc329a6f0148ca72fd3b4d0fe069f13e3a/Chinese_Universities.json,community_dataset,2021,auto,2026-10-01
4137010429,青岛理工大学,institution.country,"""China""",https://github.com/damitheswitch/china-universities-dataset/blob/5eaa2a93f86ac322d53a36da9977d9a4c80f1f56/data/universities.json,community_dataset,2026,auto,2026-10-01
4137010430,山东建筑大学,identity.slug_aliases,"[""shandong-jianzhu-university""]",https://github.com/damitheswitch/china-universities-dataset/blob/5eaa2a93f86ac322d53a36da9977d9a4c80f1f56/data/universities.json,community_dataset,2026,auto,2026-10-01
4137010430,山东建筑大学,institution.school_type,"""理工""",https://github.com/xioajiumi/Chinese_Universities/blob/e088fddc329a6f0148ca72fd3b4d0fe069f13e3a/Chinese_Universities.json,community_dataset,2021,auto,2026-10-01
4137010430,山东建筑大学,institution.country,"""China""",https://github.com/damitheswitch/china-universities-dataset/blob/5eaa2a93f86ac322d53a36da9977d9a4c80f1f56/data/universities.json,community_dataset,2026,auto,2026-10-01
4137010430,山东建筑大学,resources.career_url,"""http://sdjzu.bibibi.net/""",https://github.com/PotoYang/UniversityCareerWebPage/blob/0fbc54deee6a4a3aec67ffd77e41bccec898804e/README.md,community_dataset,2019-10-21,auto,2026-10-01
4137010431,齐鲁工业大学,identity.slug_aliases,"[""qilu-university-of-technology""]",https://github.com/damitheswitch/china-universities-dataset/blob/5eaa2a93f86ac322d53a36da9977d9a4c80f1f56/data/universities.json,community_dataset,2026,auto,2026-10-01
4137010431,齐鲁工业大学,institution.school_type,"""理工""",https://github.com/xioajiumi/Chinese_Universities/blob/e088fddc329a6f0148ca72fd3b4d0fe069f13e3a/Chinese_Universities.json,community_dataset,2021,auto,2026-10-01
4137010431,齐鲁工业大学,institution.country,"""China""",https://github.com/damitheswitch/china-universities-dataset/blob/5eaa2a93f86ac322d53a36da9977d9a4c80f1f56/data/universities.json,community_dataset,2026,auto,2026-10-01
4137010433,山东理工大学,identity.slug_aliases,"[""shandong-university-of-technology""]",https://github.com/damitheswitch/china-universities-dataset/blob/5eaa2a93f86ac322d53a36da9977d9a4c80f1f56/data/universities.json,community_dataset,2026,auto,2026-10-01
4137010433,山东理工大学,institution.school_type,"""理工""",https://github.com/xioajiumi/Chinese_Universities/blob/e088fddc329a6f0148ca72fd3b4d0fe069f13e3a/Chinese_Universities.json,community_dataset,2021,auto,2026-10-01
4137010433,山东理工大学,institution.country,"""China""",https://github.com/damitheswitch/china-universities-dataset/blob/5eaa2a93f86ac322d53a36da9977d9a4c80f1f56/data/universities.json,community_dataset,2026,auto,2026-10-01
4137010433,山东理工大学,resources.career_url,"""https://sdutjob.sdut.edu.cn/""",https://github.com/PotoYang/UniversityCareerWebPage/blob/0fbc54deee6a4a3aec67ffd77e41bccec898804e/README.md,community_dataset,2019-10-21,auto,2026-10-01
4137010434,山东农业大学,identity.short_name_zh,"""山农大""",https://github.com/Magicdover/China-Universities-2026/blob/419bdc7ce6956fc88c2b70b3979f170b6666f111/data/uni-extra2.js,community_dataset,2026-06-09,auto,2026-10-01
4137010434,山东农业大学,identity.short_name_en,"""SDAU""",https://github.com/Magicdover/China-Universities-2026/blob/419bdc7ce6956fc88c2b70b3979f170b6666f111/data/uni-extra2.js,community_dataset,2026-06-09,auto,2026-10-01
4137010434,山东农业大学,identity.slug_aliases,"[""shandong-agricultural-university""]",https://github.com/damitheswitch/china-universities-dataset/blob/5eaa2a93f86ac322d53a36da9977d9a4c80f1f56/data/universities.json,community_dataset,2026,auto,2026-10-01
4137010434,山东农业大学,institution.school_type,"""农业""",https://github.com/xioajiumi/Chinese_Universities/blob/e088fddc329a6f0148ca72fd3b4d0fe069f13e3a/Chinese_Universities.json,community_dataset,2021,auto,2026-10-01
4137010434,山东农业大学,institution.country,"""China""",https://github.com/damitheswitch/china-universities-dataset/blob/5eaa2a93f86ac322d53a36da9977d9a4c80f1f56/data/universities.json,community_dataset,2026,auto,2026-10-01
4137010434,山东农业大学,location.coordinates,"{""longitude"": 117.101, ""latitude"": 36.201, ""crs"": ""unspecified"", ""precision"": ""approximate"", ""location_kind"": ""community_map_point""}",https://github.com/Magicdover/China-Universities-2026/blob/419bdc7ce6956fc88c2b70b3979f170b6666f111/data/uni-extra2.js,community_dataset,2026-06-09,auto,2026-10-01
4137010434,山东农业大学,resources.career_url,"""http://jyzx.sdau.edu.cn/""",https://github.com/PotoYang/UniversityCareerWebPage/blob/0fbc54deee6a4a3aec67ffd77e41bccec898804e/README.md,community_dataset,2019-10-21,auto,2026-10-01
4137010435,青岛农业大学,identity.slug_aliases,"[""qingdao-agricultural-university""]",https://github.com/damitheswitch/china-universities-dataset/blob/5eaa2a93f86ac322d53a36da9977d9a4c80f1f56/data/universities.json,community_dataset,2026,auto,2026-10-01
4137010435,青岛农业大学,institution.school_type,"""农业""",https://github.com/xioajiumi/Chinese_Universities/blob/e088fddc329a6f0148ca72fd3b4d0fe069f13e3a/Chinese_Universities.json,community_dataset,2021,auto,2026-10-01
4137010435,青岛农业大学,institution.country,"""China""",https://github.com/damitheswitch/china-universities-dataset/blob/5eaa2a93f86ac322d53a36da9977d9a4c80f1f56/data/universities.json,community_dataset,2026,auto,2026-10-01
4137010441,山东中医药大学,identity.short_name_zh,"""山中医""",https://github.com/Magicdover/China-Universities-2026/blob/419bdc7ce6956fc88c2b70b3979f170b6666f111/data/uni-extra2.js,community_dataset,2026-06-09,auto,2026-10-01
4137010441,山东中医药大学,identity.short_name_en,"""SDUTCM""",https://github.com/Magicdover/China-Universities-2026/blob/419bdc7ce6956fc88c2b70b3979f170b6666f111/data/uni-extra2.js,community_dataset,2026-06-09,auto,2026-10-01
4137010441,山东中医药大学,institution.school_type,"""医药""",https://github.com/Magicdover/China-Universities-2026/blob/419bdc7ce6956fc88c2b70b3979f170b6666f111/data/uni-extra2.js,community_dataset,2026-06-09,auto,2026-10-01
4137010441,山东中医药大学,location.coordinates,"{""longitude"": 117.001, ""latitude"": 36.671, ""crs"": ""unspecified"", ""precision"": ""approximate"", ""location_kind"": ""community_map_point""}",https://github.com/Magicdover/China-Universities-2026/blob/419bdc7ce6956fc88c2b70b3979f170b6666f111/data/uni-extra2.js,community_dataset,2026-06-09,auto,2026-10-01
4137010445,山东师范大学,identity.slug_aliases,"[""shandong-normal-university""]",https://github.com/damitheswitch/china-universities-dataset/blob/5eaa2a93f86ac322d53a36da9977d9a4c80f1f56/data/universities.json,community_dataset,2026,auto,2026-10-01
4137010445,山东师范大学,institution.school_type,"""师范""",https://github.com/xioajiumi/Chinese_Universities/blob/e088fddc329a6f0148ca72fd3b4d0fe069f13e3a/Chinese_Universities.json,community_dataset,2021,auto,2026-10-01
4137010445,山东师范大学,institution.country,"""China""",https://github.com/damitheswitch/china-universities-dataset/blob/5eaa2a93f86ac322d53a36da9977d9a4c80f1f56/data/universities.json,community_dataset,2026,auto,2026-10-01
4137010445,山东师范大学,resources.career_url,"""http://www.career.sdnu.edu.cn/cms""",https://github.com/PotoYang/UniversityCareerWebPage/blob/0fbc54deee6a4a3aec67ffd77e41bccec898804e/README.md,community_dataset,2019-10-21,auto,2026-10-01
4137010446,曲阜师范大学,identity.short_name_zh,"""曲师大""",https://github.com/Magicdover/China-Universities-2026/blob/419bdc7ce6956fc88c2b70b3979f170b6666f111/data/uni-extra2.js,community_dataset,2026-06-09,auto,2026-10-01
4137010446,曲阜师范大学,identity.short_name_en,"""QFNU""",https://github.com/Magicdover/China-Universities-2026/blob/419bdc7ce6956fc88c2b70b3979f170b6666f111/data/uni-extra2.js,community_dataset,2026-06-09,auto,2026-10-01
4137010446,曲阜师范大学,identity.slug_aliases,"[""qufu-normal-university""]",https://github.com/damitheswitch/china-universities-dataset/blob/5eaa2a93f86ac322d53a36da9977d9a4c80f1f56/data/universities.json,community_dataset,2026,auto,2026-10-01
4137010446,曲阜师范大学,institution.school_type,"""师范""",https://github.com/xioajiumi/Chinese_Universities/blob/e088fddc329a6f0148ca72fd3b4d0fe069f13e3a/Chinese_Universities.json,community_dataset,2021,auto,2026-10-01
4137010446,曲阜师范大学,institution.country,"""China""",https://github.com/damitheswitch/china-universities-dataset/blob/5eaa2a93f86ac322d53a36da9977d9a4c80f1f56/data/universities.json,community_dataset,2026,auto,2026-10-01
4137010446,曲阜师范大学,location.coordinates,"{""longitude"": 116.991, ""latitude"": 35.581, ""crs"": ""unspecified"", ""precision"": ""approximate"", ""location_kind"": ""community_map_point""}",https://github.com/Magicdover/China-Universities-2026/blob/419bdc7ce6956fc88c2b70b3979f170b6666f111/data/uni-extra2.js,community_dataset,2026-06-09,auto,2026-10-01
4137010447,聊城大学,identity.slug_aliases,"[""liaocheng-university""]",https://github.com/damitheswitch/china-universities-dataset/blob/5eaa2a93f86ac322d53a36da9977d9a4c80f1f56/data/universities.json,community_dataset,2026,auto,2026-10-01
4137010447,聊城大学,institution.school_type,"""综合""",https://github.com/xioajiumi/Chinese_Universities/blob/e088fddc329a6f0148ca72fd3b4d0fe069f13e3a/Chinese_Universities.json,community_dataset,2021,auto,2026-10-01
4137010447,聊城大学,institution.country,"""China""",https://github.com/damitheswitch/china-universities-dataset/blob/5eaa2a93f86ac322d53a36da9977d9a4c80f1f56/data/universities.json,community_dataset,2026,auto,2026-10-01
4137010447,聊城大学,resources.career_url,"""http://lcu.sdbys.com/""",https://github.com/PotoYang/UniversityCareerWebPage/blob/0fbc54deee6a4a3aec67ffd77e41bccec898804e/README.md,community_dataset,2019-10-21,auto,2026-10-01
4137010448,德州学院,identity.slug_aliases,"[""dezhou-university""]",https://github.com/damitheswitch/china-universities-dataset/blob/5eaa2a93f86ac322d53a36da9977d9a4c80f1f56/data/universities.json,community_dataset,2026,auto,2026-10-01
4137010448,德州学院,institution.school_type,"""综合""",https://github.com/xioajiumi/Chinese_Universities/blob/e088fddc329a6f0148ca72fd3b4d0fe069f13e3a/Chinese_Universities.json,community_dataset,2021,auto,2026-10-01
4137010448,德州学院,institution.country,"""China""",https://github.com/damitheswitch/china-universities-dataset/blob/5eaa2a93f86ac322d53a36da9977d9a4c80f1f56/data/universities.json,community_dataset,2026,auto,2026-10-01
4137010449,山东航空学院,identity.slug_aliases,"[""binzhou-university""]",https://github.com/damitheswitch/china-universities-dataset/blob/5eaa2a93f86ac322d53a36da9977d9a4c80f1f56/data/universities.json,community_dataset,2026,auto,2026-10-01
4137010449,山东航空学院,institution.school_type,"""理工""",https://github.com/damitheswitch/china-universities-dataset/blob/5eaa2a93f86ac322d53a36da9977d9a4c80f1f56/data/universities.json,community_dataset,2026,auto,2026-10-01
4137010449,山东航空学院,institution.country,"""China""",https://github.com/damitheswitch/china-universities-dataset/blob/5eaa2a93f86ac322d53a36da9977d9a4c80f1f56/data/universities.json,community_dataset,2026,auto,2026-10-01
4137010451,鲁东大学,identity.slug_aliases,"[""ludong-university""]",https://github.com/damitheswitch/china-universities-dataset/blob/5eaa2a93f86ac322d53a36da9977d9a4c80f1f56/data/universities.json,community_dataset,2026,auto,2026-10-01
4137010451,鲁东大学,institution.school_type,"""综合""",https://github.com/xioajiumi/Chinese_Universities/blob/e088fddc329a6f0148ca72fd3b4d0fe069f13e3a/Chinese_Universities.json,community_dataset,2021,auto,2026-10-01
4137010451,鲁东大学,institution.country,"""China""",https://github.com/damitheswitch/china-universities-dataset/blob/5eaa2a93f86ac322d53a36da9977d9a4c80f1f56/data/universities.json,community_dataset,2026,auto,2026-10-01
4137010452,临沂大学,identity.slug_aliases,"[""linyi-university""]",https://github.com/damitheswitch/china-universities-dataset/blob/5eaa2a93f86ac322d53a36da9977d9a4c80f1f56/data/universities.json,community_dataset,2026,auto,2026-10-01
4137010452,临沂大学,institution.school_type,"""综合""",https://github.com/xioajiumi/Chinese_Universities/blob/e088fddc329a6f0148ca72fd3b4d0fe069f13e3a/Chinese_Universities.json,community_dataset,2021,auto,2026-10-01
4137010452,临沂大学,institution.country,"""China""",https://github.com/damitheswitch/china-universities-dataset/blob/5eaa2a93f86ac322d53a36da9977d9a4c80f1f56/data/universities.json,community_dataset,2026,auto,2026-10-01
4137010453,泰山学院,identity.slug_aliases,"[""taishan-university""]",https://github.com/damitheswitch/china-universities-dataset/blob/5eaa2a93f86ac322d53a36da9977d9a4c80f1f56/data/universities.json,community_dataset,2026,auto,2026-10-01
4137010453,泰山学院,institution.school_type,"""综合""",https://github.com/xioajiumi/Chinese_Universities/blob/e088fddc329a6f0148ca72fd3b4d0fe069f13e3a/Chinese_Universities.json,community_dataset,2021,auto,2026-10-01
4137010453,泰山学院,institution.country,"""China""",https://github.com/damitheswitch/china-universities-dataset/blob/5eaa2a93f86ac322d53a36da9977d9a4c80f1f56/data/universities.json,community_dataset,2026,auto,2026-10-01
4137010454,济宁学院,identity.slug_aliases,"[""jining-university""]",https://github.com/damitheswitch/china-universities-dataset/blob/5eaa2a93f86ac322d53a36da9977d9a4c80f1f56/data/universities.json,community_dataset,2026,auto,2026-10-01
4137010454,济宁学院,institution.school_type,"""师范""",https://github.com/xioajiumi/Chinese_Universities/blob/e088fddc329a6f0148ca72fd3b4d0fe069f13e3a/Chinese_Universities.json,community_dataset,2021,auto,2026-10-01
4137010454,济宁学院,institution.country,"""China""",https://github.com/damitheswitch/china-universities-dataset/blob/5eaa2a93f86ac322d53a36da9977d9a4c80f1f56/data/universities.json,community_dataset,2026,auto,2026-10-01
4137010455,菏泽学院,identity.slug_aliases,"[""heze-university""]",https://github.com/damitheswitch/china-universities-dataset/blob/5eaa2a93f86ac322d53a36da9977d9a4c80f1f56/data/universities.json,community_dataset,2026,auto,2026-10-01
4137010455,菏泽学院,institution.school_type,"""综合""",https://github.com/xioajiumi/Chinese_Universities/blob/e088fddc329a6f0148ca72fd3b4d0fe069f13e3a/Chinese_Universities.json,community_dataset,2021,auto,2026-10-01
4137010455,菏泽学院,institution.country,"""China""",https://github.com/damitheswitch/china-universities-dataset/blob/5eaa2a93f86ac322d53a36da9977d9a4c80f1f56/data/universities.json,community_dataset,2026,auto,2026-10-01
4137010456,山东财经大学,resources.career_url,"""http://job.sdufe.edu.cn/""",https://github.com/PotoYang/UniversityCareerWebPage/blob/0fbc54deee6a4a3aec67ffd77e41bccec898804e/README.md,community_dataset,2019-10-21,auto,2026-10-01
4137010904,枣庄学院,identity.slug_aliases,"[""zaozhuang-university""]",https://github.com/damitheswitch/china-universities-dataset/blob/5eaa2a93f86ac322d53a36da9977d9a4c80f1f56/data/universities.json,community_dataset,2026,auto,2026-10-01
4137010904,枣庄学院,institution.school_type,"""综合""",https://github.com/xioajiumi/Chinese_Universities/blob/e088fddc329a6f0148ca72fd3b4d0fe069f13e3a/Chinese_Universities.json,community_dataset,2021,auto,2026-10-01
4137010904,枣庄学院,institution.country,"""China""",https://github.com/damitheswitch/china-universities-dataset/blob/5eaa2a93f86ac322d53a36da9977d9a4c80f1f56/data/universities.json,community_dataset,2026,auto,2026-10-01
4137011065,青岛大学,identity.slug_aliases,"[""qingdao-university""]",https://github.com/damitheswitch/china-universities-dataset/blob/5eaa2a93f86ac322d53a36da9977d9a4c80f1f56/data/universities.json,community_dataset,2026,auto,2026-10-01
4137011065,青岛大学,institution.school_type,"""综合""",https://github.com/xioajiumi/Chinese_Universities/blob/e088fddc329a6f0148ca72fd3b4d0fe069f13e3a/Chinese_Universities.json,community_dataset,2021,auto,2026-10-01
4137011065,青岛大学,institution.country,"""China""",https://github.com/damitheswitch/china-universities-dataset/blob/5eaa2a93f86ac322d53a36da9977d9a4c80f1f56/data/universities.json,community_dataset,2026,auto,2026-10-01
4137011065,青岛大学,resources.career_url,"""https://job.qdu.edu.cn/""",https://github.com/PotoYang/UniversityCareerWebPage/blob/0fbc54deee6a4a3aec67ffd77e41bccec898804e/README.md,community_dataset,2019-10-21,auto,2026-10-01
4137011066,烟台大学,identity.slug_aliases,"[""yantai-university""]",https://github.com/damitheswitch/china-universities-dataset/blob/5eaa2a93f86ac322d53a36da9977d9a4c80f1f56/data/universities.json,community_dataset,2026,auto,2026-10-01
4137011066,烟台大学,institution.school_type,"""综合""",https://github.com/xioajiumi/Chinese_Universities/blob/e088fddc329a6f0148ca72fd3b4d0fe069f13e3a/Chinese_Universities.json,community_dataset,2021,auto,2026-10-01
4137011066,烟台大学,institution.country,"""China""",https://github.com/damitheswitch/china-universities-dataset/blob/5eaa2a93f86ac322d53a36da9977d9a4c80f1f56/data/universities.json,community_dataset,2026,auto,2026-10-01
4137011066,烟台大学,resources.career_url,"""http://career.ytu.edu.cn/""",https://github.com/PotoYang/UniversityCareerWebPage/blob/0fbc54deee6a4a3aec67ffd77e41bccec898804e/README.md,community_dataset,2019-10-21,auto,2026-10-01
4137011067,潍坊学院,identity.slug_aliases,"[""weifang-university""]",https://github.com/damitheswitch/china-universities-dataset/blob/5eaa2a93f86ac322d53a36da9977d9a4c80f1f56/data/universities.json,community_dataset,2026,auto,2026-10-01
4137011067,潍坊学院,institution.school_type,"""综合""",https://github.com/xioajiumi/Chinese_Universities/blob/e088fddc329a6f0148ca72fd3b4d0fe069f13e3a/Chinese_Universities.json,community_dataset,2021,auto,2026-10-01
4137011067,潍坊学院,institution.country,"""China""",https://github.com/damitheswitch/china-universities-dataset/blob/5eaa2a93f86ac322d53a36da9977d9a4c80f1f56/data/universities.json,community_dataset,2026,auto,2026-10-01
4137011510,山东交通学院,identity.slug_aliases,"[""shandong-jiaotong-university""]",https://github.com/damitheswitch/china-universities-dataset/blob/5eaa2a93f86ac322d53a36da9977d9a4c80f1f56/data/universities.json,community_dataset,2026,auto,2026-10-01
4137011510,山东交通学院,institution.school_type,"""理工""",https://github.com/xioajiumi/Chinese_Universities/blob/e088fddc329a6f0148ca72fd3b4d0fe069f13e3a/Chinese_Universities.json,community_dataset,2021,auto,2026-10-01
4137011510,山东交通学院,institution.country,"""China""",https://github.com/damitheswitch/china-universities-dataset/blob/5eaa2a93f86ac322d53a36da9977d9a4c80f1f56/data/universities.json,community_dataset,2026,auto,2026-10-01
4137012331,山东女子学院,identity.slug_aliases,"[""shandong-womens-university""]",https://github.com/damitheswitch/china-universities-dataset/blob/5eaa2a93f86ac322d53a36da9977d9a4c80f1f56/data/universities.json,community_dataset,2026,auto,2026-10-01
4137012331,山东女子学院,institution.school_type,"""综合""",https://github.com/xioajiumi/Chinese_Universities/blob/e088fddc329a6f0148ca72fd3b4d0fe069f13e3a/Chinese_Universities.json,community_dataset,2021,auto,2026-10-01
4137012331,山东女子学院,institution.country,"""China""",https://github.com/damitheswitch/china-universities-dataset/blob/5eaa2a93f86ac322d53a36da9977d9a4c80f1f56/data/universities.json,community_dataset,2026,auto,2026-10-01
4137013386,山东石油化工学院,identity.slug_aliases,"[""shengli-college-china-university-of-petroleum""]",https://github.com/damitheswitch/china-universities-dataset/blob/5eaa2a93f86ac322d53a36da9977d9a4c80f1f56/data/universities.json,community_dataset,2026,auto,2026-10-01
4137013386,山东石油化工学院,institution.school_type,"""理工""",https://github.com/xioajiumi/Chinese_Universities/blob/e088fddc329a6f0148ca72fd3b4d0fe069f13e3a/Chinese_Universities.json,community_dataset,2021,auto,2026-10-01
4137013386,山东石油化工学院,institution.country,"""China""",https://github.com/damitheswitch/china-universities-dataset/blob/5eaa2a93f86ac322d53a36da9977d9a4c80f1f56/data/universities.json,community_dataset,2026,auto,2026-10-01
4137014276,齐鲁师范学院,identity.slug_aliases,"[""qilu-normal-university""]",https://github.com/damitheswitch/china-universities-dataset/blob/5eaa2a93f86ac322d53a36da9977d9a4c80f1f56/data/universities.json,community_dataset,2026,auto,2026-10-01
4137014276,齐鲁师范学院,institution.school_type,"""师范""",https://github.com/xioajiumi/Chinese_Universities/blob/e088fddc329a6f0148ca72fd3b4d0fe069f13e3a/Chinese_Universities.json,community_dataset,2021,auto,2026-10-01
4137014276,齐鲁师范学院,institution.country,"""China""",https://github.com/damitheswitch/china-universities-dataset/blob/5eaa2a93f86ac322d53a36da9977d9a4c80f1f56/data/universities.json,community_dataset,2026,auto,2026-10-01
4137014277,山东青年政治学院,identity.slug_aliases,"[""shandong-youth-university-of-political-science""]",https://github.com/damitheswitch/china-universities-dataset/blob/5eaa2a93f86ac322d53a36da9977d9a4c80f1f56/data/universities.json,community_dataset,2026,auto,2026-10-01
4137014277,山东青年政治学院,institution.school_type,"""综合""",https://github.com/xioajiumi/Chinese_Universities/blob/e088fddc329a6f0148ca72fd3b4d0fe069f13e3a/Chinese_Universities.json,community_dataset,2021,auto,2026-10-01
4137014277,山东青年政治学院,institution.country,"""China""",https://github.com/damitheswitch/china-universities-dataset/blob/5eaa2a93f86ac322d53a36da9977d9a4c80f1f56/data/universities.json,community_dataset,2026,auto,2026-10-01
4137014438,山东管理学院,identity.slug_aliases,"[""shandong-management-university""]",https://github.com/damitheswitch/china-universities-dataset/blob/5eaa2a93f86ac322d53a36da9977d9a4c80f1f56/data/universities.json,community_dataset,2026,auto,2026-10-01
4137014438,山东管理学院,institution.school_type,"""综合""",https://github.com/xioajiumi/Chinese_Universities/blob/e088fddc329a6f0148ca72fd3b4d0fe069f13e3a/Chinese_Universities.json,community_dataset,2021,auto,2026-10-01
4137014438,山东管理学院,institution.country,"""China""",https://github.com/damitheswitch/china-universities-dataset/blob/5eaa2a93f86ac322d53a36da9977d9a4c80f1f56/data/universities.json,community_dataset,2026,auto,2026-10-01
4137014439,山东农业工程学院,identity.slug_aliases,"[""shandong-agriculture-and-engineering-university""]",https://github.com/damitheswitch/china-universities-dataset/blob/5eaa2a93f86ac322d53a36da9977d9a4c80f1f56/data/universities.json,community_dataset,2026,auto,2026-10-01
4137014439,山东农业工程学院,institution.school_type,"""综合""",https://github.com/xioajiumi/Chinese_Universities/blob/e088fddc329a6f0148ca72fd3b4d0fe069f13e3a/Chinese_Universities.json,community_dataset,2021,auto,2026-10-01
4137014439,山东农业工程学院,institution.country,"""China""",https://github.com/damitheswitch/china-universities-dataset/blob/5eaa2a93f86ac322d53a36da9977d9a4c80f1f56/data/universities.json,community_dataset,2026,auto,2026-10-01
4114010108,山西大学,identity.short_name_zh,"""山大(晋)""",https://github.com/Magicdover/China-Universities-2026/blob/419bdc7ce6956fc88c2b70b3979f170b6666f111/data/uni-extra.js,community_dataset,2026-06-09,auto,2026-10-01
4114010108,山西大学,identity.short_name_en,"""SXU""",https://github.com/Magicdover/China-Universities-2026/blob/419bdc7ce6956fc88c2b70b3979f170b6666f111/data/uni-extra.js,community_dataset,2026-06-09,auto,2026-10-01
4114010108,山西大学,identity.slug_aliases,"[""shanxi-university""]",https://github.com/damitheswitch/china-universities-dataset/blob/5eaa2a93f86ac322d53a36da9977d9a4c80f1f56/data/universities.json,community_dataset,2026,auto,2026-10-01
4114010108,山西大学,institution.school_type,"""综合""",https://github.com/xioajiumi/Chinese_Universities/blob/e088fddc329a6f0148ca72fd3b4d0fe069f13e3a/Chinese_Universities.json,community_dataset,2021,auto,2026-10-01
4114010108,山西大学,institution.country,"""China""",https://github.com/damitheswitch/china-universities-dataset/blob/5eaa2a93f86ac322d53a36da9977d9a4c80f1f56/data/universities.json,community_dataset,2026,auto,2026-10-01
4114010108,山西大学,institution.groups,"[""双一流""]",https://github.com/damitheswitch/china-universities-dataset/blob/5eaa2a93f86ac322d53a36da9977d9a4c80f1f56/data/universities.json,community_dataset,2026,auto,2026-10-01
4114010108,山西大学,location.coordinates,"{""longitude"": 112.58, ""latitude"": 37.802, ""crs"": ""unspecified"", ""precision"": ""approximate"", ""location_kind"": ""community_map_point""}",https://github.com/Magicdover/China-Universities-2026/blob/419bdc7ce6956fc88c2b70b3979f170b6666f111/data/uni-extra.js,community_dataset,2026-06-09,auto,2026-10-01
4114010108,山西大学,academics.double_first_class_disciplines,"[""哲学"", ""物理学""]",https://github.com/Magicdover/China-Universities-2026/blob/419bdc7ce6956fc88c2b70b3979f170b6666f111/data/uni-extra.js,community_dataset,2026-06-09,auto,2026-10-01
4114010108,山西大学,resources.career_url,"""http://sxu.jysd.com/""",https://github.com/PotoYang/UniversityCareerWebPage/blob/0fbc54deee6a4a3aec67ffd77e41bccec898804e/README.md,community_dataset,2019-10-21,auto,2026-10-01
4114010109,太原科技大学,identity.slug_aliases,"[""taiyuan-university-of-science-and-technology""]",https://github.com/damitheswitch/china-universities-dataset/blob/5eaa2a93f86ac322d53a36da9977d9a4c80f1f56/data/universities.json,community_dataset,2026,auto,2026-10-01
4114010109,太原科技大学,institution.school_type,"""理工""",https://github.com/xioajiumi/Chinese_Universities/blob/e088fddc329a6f0148ca72fd3b4d0fe069f13e3a/Chinese_Universities.json,community_dataset,2021,auto,2026-10-01
4114010109,太原科技大学,institution.country,"""China""",https://github.com/damitheswitch/china-universities-dataset/blob/5eaa2a93f86ac322d53a36da9977d9a4c80f1f56/data/universities.json,community_dataset,2026,auto,2026-10-01
4114010109,太原科技大学,resources.career_url,"""http://job.tyust.edu.cn/""",https://github.com/PotoYang/UniversityCareerWebPage/blob/0fbc54deee6a4a3aec67ffd77e41bccec898804e/README.md,community_dataset,2019-10-21,auto,2026-10-01
4114010110,中北大学,identity.slug_aliases,"[""north-university-of-china""]",https://github.com/damitheswitch/china-universities-dataset/blob/5eaa2a93f86ac322d53a36da9977d9a4c80f1f56/data/universities.json,community_dataset,2026,auto,2026-10-01
4114010110,中北大学,institution.school_type,"""理工""",https://github.com/xioajiumi/Chinese_Universities/blob/e088fddc329a6f0148ca72fd3b4d0fe069f13e3a/Chinese_Universities.json,community_dataset,2021,auto,2026-10-01
4114010110,中北大学,institution.country,"""China""",https://github.com/damitheswitch/china-universities-dataset/blob/5eaa2a93f86ac322d53a36da9977d9a4c80f1f56/data/universities.json,community_dataset,2026,auto,2026-10-01
4114010112,太原理工大学,identity.short_name_zh,"""太理工""",https://github.com/Magicdover/China-Universities-2026/blob/419bdc7ce6956fc88c2b70b3979f170b6666f111/data/uni-211.js,community_dataset,2026-06-09,auto,2026-10-01
4114010112,太原理工大学,identity.short_name_en,"""TYUT""",https://github.com/Magicdover/China-Universities-2026/blob/419bdc7ce6956fc88c2b70b3979f170b6666f111/data/uni-211.js,community_dataset,2026-06-09,auto,2026-10-01
4114010112,太原理工大学,identity.slug_aliases,"[""taiyuan-university-of-technology""]",https://github.com/damitheswitch/china-universities-dataset/blob/5eaa2a93f86ac322d53a36da9977d9a4c80f1f56/data/universities.json,community_dataset,2026,auto,2026-10-01
4114010112,太原理工大学,institution.school_type,"""理工""",https://github.com/xioajiumi/Chinese_Universities/blob/e088fddc329a6f0148ca72fd3b4d0fe069f13e3a/Chinese_Universities.json,community_dataset,2021,auto,2026-10-01
4114010112,太原理工大学,institution.country,"""China""",https://github.com/damitheswitch/china-universities-dataset/blob/5eaa2a93f86ac322d53a36da9977d9a4c80f1f56/data/universities.json,community_dataset,2026,auto,2026-10-01
4114010112,太原理工大学,institution.groups,"[""双一流"", ""211""]",https://github.com/damitheswitch/china-universities-dataset/blob/5eaa2a93f86ac322d53a36da9977d9a4c80f1f56/data/universities.json,community_dataset,2026,auto,2026-10-01
4114010112,太原理工大学,location.coordinates,"{""longitude"": 112.523, ""latitude"": 37.864, ""crs"": ""unspecified"", ""precision"": ""approximate"", ""location_kind"": ""community_map_point""}",https://github.com/Magicdover/China-Universities-2026/blob/419bdc7ce6956fc88c2b70b3979f170b6666f111/data/uni-211.js,community_dataset,2026-06-09,auto,2026-10-01
4114010112,太原理工大学,academics.double_first_class_disciplines,"[""化学工程与技术""]",https://github.com/Magicdover/China-Universities-2026/blob/419bdc7ce6956fc88c2b70b3979f170b6666f111/data/uni-211.js,community_dataset,2026-06-09,auto,2026-10-01
4114010112,太原理工大学,resources.career_url,"""http://jiuye.tyut.edu.cn/""",https://github.com/PotoYang/UniversityCareerWebPage/blob/0fbc54deee6a4a3aec67ffd77e41bccec898804e/README.md,community_dataset,2019-10-21,auto,2026-10-01
4114010113,山西农业大学,identity.slug_aliases,"[""shanxi-agricultural-university""]",https://github.com/damitheswitch/china-universities-dataset/blob/5eaa2a93f86ac322d53a36da9977d9a4c80f1f56/data/universities.json,community_dataset,2026,auto,2026-10-01
4114010113,山西农业大学,institution.school_type,"""农业""",https://github.com/xioajiumi/Chinese_Universities/blob/e088fddc329a6f0148ca72fd3b4d0fe069f13e3a/Chinese_Universities.json,community_dataset,2021,auto,2026-10-01
4114010113,山西农业大学,institution.country,"""China""",https://github.com/damitheswitch/china-universities-dataset/blob/5eaa2a93f86ac322d53a36da9977d9a4c80f1f56/data/universities.json,community_dataset,2026,auto,2026-10-01
4114010118,山西师范大学,identity.slug_aliases,"[""shanxi-normal-university""]",https://github.com/damitheswitch/china-universities-dataset/blob/5eaa2a93f86ac322d53a36da9977d9a4c80f1f56/data/universities.json,community_dataset,2026,auto,2026-10-01
4114010118,山西师范大学,institution.school_type,"""师范""",https://github.com/xioajiumi/Chinese_Universities/blob/e088fddc329a6f0148ca72fd3b4d0fe069f13e3a/Chinese_Universities.json,community_dataset,2021,auto,2026-10-01
4114010118,山西师范大学,institution.country,"""China""",https://github.com/damitheswitch/china-universities-dataset/blob/5eaa2a93f86ac322d53a36da9977d9a4c80f1f56/data/universities.json,community_dataset,2026,auto,2026-10-01
4114010119,太原师范学院,identity.slug_aliases,"[""taiyuan-normal-university""]",https://github.com/damitheswitch/china-universities-dataset/blob/5eaa2a93f86ac322d53a36da9977d9a4c80f1f56/data/universities.json,community_dataset,2026,auto,2026-10-01
4114010119,太原师范学院,institution.school_type,"""师范""",https://github.com/xioajiumi/Chinese_Universities/blob/e088fddc329a6f0148ca72fd3b4d0fe069f13e3a/Chinese_Universities.json,community_dataset,2021,auto,2026-10-01
4114010119,太原师范学院,institution.country,"""China""",https://github.com/damitheswitch/china-universities-dataset/blob/5eaa2a93f86ac322d53a36da9977d9a4c80f1f56/data/universities.json,community_dataset,2026,auto,2026-10-01
4114010120,山西大同大学,identity.slug_aliases,"[""shanxi-datong-university""]",https://github.com/damitheswitch/china-universities-dataset/blob/5eaa2a93f86ac322d53a36da9977d9a4c80f1f56/data/universities.json,community_dataset,2026,auto,2026-10-01
4114010120,山西大同大学,institution.school_type,"""综合""",https://github.com/xioajiumi/Chinese_Universities/blob/e088fddc329a6f0148ca72fd3b4d0fe069f13e3a/Chinese_Universities.json,community_dataset,2021,auto,2026-10-01
4114010120,山西大同大学,institution.country,"""China""",https://github.com/damitheswitch/china-universities-dataset/blob/5eaa2a93f86ac322d53a36da9977d9a4c80f1f56/data/universities.json,community_dataset,2026,auto,2026-10-01
4114010121,晋中学院,identity.slug_aliases,"[""jinzhong-university""]",https://github.com/damitheswitch/china-universities-dataset/blob/5eaa2a93f86ac322d53a36da9977d9a4c80f1f56/data/universities.json,community_dataset,2026,auto,2026-10-01
4114010121,晋中学院,institution.school_type,"""师范""",https://github.com/xioajiumi/Chinese_Universities/blob/e088fddc329a6f0148ca72fd3b4d0fe069f13e3a/Chinese_Universities.json,community_dataset,2021,auto,2026-10-01
4114010121,晋中学院,institution.country,"""China""",https://github.com/damitheswitch/china-universities-dataset/blob/5eaa2a93f86ac322d53a36da9977d9a4c80f1f56/data/universities.json,community_dataset,2026,auto,2026-10-01
4114010122,长治学院,identity.slug_aliases,"[""changzhi-university""]",https://github.com/damitheswitch/china-universities-dataset/blob/5eaa2a93f86ac322d53a36da9977d9a4c80f1f56/data/universities.json,community_dataset,2026,auto,2026-10-01
4114010122,长治学院,institution.school_type,"""师范""",https://github.com/xioajiumi/Chinese_Universities/blob/e088fddc329a6f0148ca72fd3b4d0fe069f13e3a/Chinese_Universities.json,community_dataset,2021,auto,2026-10-01
4114010122,长治学院,institution.country,"""China""",https://github.com/damitheswitch/china-universities-dataset/blob/5eaa2a93f86ac322d53a36da9977d9a4c80f1f56/data/universities.json,community_dataset,2026,auto,2026-10-01
4114010123,运城学院,identity.slug_aliases,"[""yuncheng-university""]",https://github.com/damitheswitch/china-universities-dataset/blob/5eaa2a93f86ac322d53a36da9977d9a4c80f1f56/data/universities.json,community_dataset,2026,auto,2026-10-01
4114010123,运城学院,institution.school_type,"""师范""",https://github.com/xioajiumi/Chinese_Universities/blob/e088fddc329a6f0148ca72fd3b4d0fe069f13e3a/Chinese_Universities.json,community_dataset,2021,auto,2026-10-01
4114010123,运城学院,institution.country,"""China""",https://github.com/damitheswitch/china-universities-dataset/blob/5eaa2a93f86ac322d53a36da9977d9a4c80f1f56/data/universities.json,community_dataset,2026,auto,2026-10-01
4114010124,忻州师范学院,identity.slug_aliases,"[""xinzhou-teachers-university""]",https://github.com/damitheswitch/china-universities-dataset/blob/5eaa2a93f86ac322d53a36da9977d9a4c80f1f56/data/universities.json,community_dataset,2026,auto,2026-10-01
4114010124,忻州师范学院,institution.school_type,"""师范""",https://github.com/xioajiumi/Chinese_Universities/blob/e088fddc329a6f0148ca72fd3b4d0fe069f13e3a/Chinese_Universities.json,community_dataset,2021,auto,2026-10-01
4114010124,忻州师范学院,institution.country,"""China""",https://github.com/damitheswitch/china-universities-dataset/blob/5eaa2a93f86ac322d53a36da9977d9a4c80f1f56/data/universities.json,community_dataset,2026,auto,2026-10-01
4114010812,吕梁学院,identity.slug_aliases,"[""luliang-university""]",https://github.com/damitheswitch/china-universities-dataset/blob/5eaa2a93f86ac322d53a36da9977d9a4c80f1f56/data/universities.json,community_dataset,2026,auto,2026-10-01
4114010812,吕梁学院,institution.school_type,"""师范""",https://github.com/xioajiumi/Chinese_Universities/blob/e088fddc329a6f0148ca72fd3b4d0fe069f13e3a/Chinese_Universities.json,community_dataset,2021,auto,2026-10-01
4114010812,吕梁学院,institution.country,"""China""",https://github.com/damitheswitch/china-universities-dataset/blob/5eaa2a93f86ac322d53a36da9977d9a4c80f1f56/data/universities.json,community_dataset,2026,auto,2026-10-01
4114011242,太原学院,identity.slug_aliases,"[""taiyuan-university""]",https://github.com/damitheswitch/china-universities-dataset/blob/5eaa2a93f86ac322d53a36da9977d9a4c80f1f56/data/universities.json,community_dataset,2026,auto,2026-10-01
4114011242,太原学院,institution.school_type,"""理工""",https://github.com/xioajiumi/Chinese_Universities/blob/e088fddc329a6f0148ca72fd3b4d0fe069f13e3a/Chinese_Universities.json,community_dataset,2021,auto,2026-10-01
4114011242,太原学院,institution.country,"""China""",https://github.com/damitheswitch/china-universities-dataset/blob/5eaa2a93f86ac322d53a36da9977d9a4c80f1f56/data/universities.json,community_dataset,2026,auto,2026-10-01
4114014101,太原工业学院,identity.slug_aliases,"[""taiyuan-institute-of-technology""]",https://github.com/damitheswitch/china-universities-dataset/blob/5eaa2a93f86ac322d53a36da9977d9a4c80f1f56/data/universities.json,community_dataset,2026,auto,2026-10-01
4114014101,太原工业学院,institution.school_type,"""理工""",https://github.com/xioajiumi/Chinese_Universities/blob/e088fddc329a6f0148ca72fd3b4d0fe069f13e3a/Chinese_Universities.json,community_dataset,2021,auto,2026-10-01
4114014101,太原工业学院,institution.country,"""China""",https://github.com/damitheswitch/china-universities-dataset/blob/5eaa2a93f86ac322d53a36da9977d9a4c80f1f56/data/universities.json,community_dataset,2026,auto,2026-10-01
4114014527,山西工程技术学院,identity.slug_aliases,"[""shanxi-institute-of-technology""]",https://github.com/damitheswitch/china-universities-dataset/blob/5eaa2a93f86ac322d53a36da9977d9a4c80f1f56/data/universities.json,community_dataset,2026,auto,2026-10-01
4114014527,山西工程技术学院,institution.school_type,"""理工""",https://github.com/xioajiumi/Chinese_Universities/blob/e088fddc329a6f0148ca72fd3b4d0fe069f13e3a/Chinese_Universities.json,community_dataset,2021,auto,2026-10-01
4114014527,山西工程技术学院,institution.country,"""China""",https://github.com/damitheswitch/china-universities-dataset/blob/5eaa2a93f86ac322d53a36da9977d9a4c80f1f56/data/universities.json,community_dataset,2026,auto,2026-10-01
4214051189,山西能源学院,identity.slug_aliases,"[""shanxi-institute-of-energy""]",https://github.com/damitheswitch/china-universities-dataset/blob/5eaa2a93f86ac322d53a36da9977d9a4c80f1f56/data/universities.json,community_dataset,2026,auto,2026-10-01
4214051189,山西能源学院,institution.school_type,"""综合""",https://github.com/xioajiumi/Chinese_Universities/blob/e088fddc329a6f0148ca72fd3b4d0fe069f13e3a/Chinese_Universities.json,community_dataset,2021,auto,2026-10-01
4214051189,山西能源学院,institution.country,"""China""",https://github.com/damitheswitch/china-universities-dataset/blob/5eaa2a93f86ac322d53a36da9977d9a4c80f1f56/data/universities.json,community_dataset,2026,auto,2026-10-01
4144010558,中山大学,identity.short_name_zh,"""中大""",https://github.com/Magicdover/China-Universities-2026/blob/419bdc7ce6956fc88c2b70b3979f170b6666f111/data/universities.js,community_dataset,2026-06-09,auto,2026-10-01
4144010558,中山大学,identity.short_name_en,"""SYSU""",https://github.com/Magicdover/China-Universities-2026/blob/419bdc7ce6956fc88c2b70b3979f170b6666f111/data/universities.js,community_dataset,2026-06-09,auto,2026-10-01
4144010558,中山大学,identity.slug_aliases,"[""sun-yat-sen-university""]",https://github.com/damitheswitch/china-universities-dataset/blob/5eaa2a93f86ac322d53a36da9977d9a4c80f1f56/data/universities.json,community_dataset,2026,auto,2026-10-01
4144010558,中山大学,institution.school_type,"""综合""",https://github.com/xioajiumi/Chinese_Universities/blob/e088fddc329a6f0148ca72fd3b4d0fe069f13e3a/Chinese_Universities.json,community_dataset,2021,auto,2026-10-01
4144010558,中山大学,institution.country,"""China""",https://github.com/damitheswitch/china-universities-dataset/blob/5eaa2a93f86ac322d53a36da9977d9a4c80f1f56/data/universities.json,community_dataset,2026,auto,2026-10-01
4144010558,中山大学,institution.groups,"[""双一流"", ""985"", ""211""]",https://github.com/damitheswitch/china-universities-dataset/blob/5eaa2a93f86ac322d53a36da9977d9a4c80f1f56/data/universities.json,community_dataset,2026,auto,2026-10-01
4144010558,中山大学,location.coordinates,"{""longitude"": 113.297, ""latitude"": 23.097, ""crs"": ""unspecified"", ""precision"": ""approximate"", ""location_kind"": ""community_map_point""}",https://github.com/Magicdover/China-Universities-2026/blob/419bdc7ce6956fc88c2b70b3979f170b6666f111/data/universities.js,community_dataset,2026-06-09,auto,2026-10-01
4144010558,中山大学,academics.double_first_class_disciplines,"[""哲学"", ""工商管理"", ""生态学"", ""生物学"", ""基础医学"", ""临床医学"", ""马克思主义理论""]",https://github.com/Magicdover/China-Universities-2026/blob/419bdc7ce6956fc88c2b70b3979f170b6666f111/data/universities.js,community_dataset,2026-06-09,auto,2026-10-01
4144010558,中山大学,resources.career_url,"""http://career.sysu.edu.cn/""",https://github.com/PotoYang/UniversityCareerWebPage/blob/0fbc54deee6a4a3aec67ffd77e41bccec898804e/README.md,community_dataset,2019-10-21,auto,2026-10-01
4144010559,暨南大学,identity.short_name_zh,"""暨大""",https://github.com/Magicdover/China-Universities-2026/blob/419bdc7ce6956fc88c2b70b3979f170b6666f111/data/uni-211.js,community_dataset,2026-06-09,auto,2026-10-01
4144010559,暨南大学,identity.short_name_en,"""JNU""",https://github.com/Magicdover/China-Universities-2026/blob/419bdc7ce6956fc88c2b70b3979f170b6666f111/data/uni-211.js,community_dataset,2026-06-09,auto,2026-10-01
4144010559,暨南大学,identity.slug_aliases,"[""jinan-university""]",https://github.com/damitheswitch/china-universities-dataset/blob/5eaa2a93f86ac322d53a36da9977d9a4c80f1f56/data/universities.json,community_dataset,2026,auto,2026-10-01
4144010559,暨南大学,institution.school_type,"""综合""",https://github.com/xioajiumi/Chinese_Universities/blob/e088fddc329a6f0148ca72fd3b4d0fe069f13e3a/Chinese_Universities.json,community_dataset,2021,auto,2026-10-01
4144010559,暨南大学,institution.country,"""China""",https://github.com/damitheswitch/china-universities-dataset/blob/5eaa2a93f86ac322d53a36da9977d9a4c80f1f56/data/universities.json,community_dataset,2026,auto,2026-10-01
4144010559,暨南大学,institution.groups,"[""双一流"", ""211""]",https://github.com/damitheswitch/china-universities-dataset/blob/5eaa2a93f86ac322d53a36da9977d9a4c80f1f56/data/universities.json,community_dataset,2026,auto,2026-10-01
4144010559,暨南大学,location.coordinates,"{""longitude"": 113.342, ""latitude"": 23.127, ""crs"": ""unspecified"", ""precision"": ""approximate"", ""location_kind"": ""community_map_point""}",https://github.com/Magicdover/China-Universities-2026/blob/419bdc7ce6956fc88c2b70b3979f170b6666f111/data/uni-211.js,community_dataset,2026-06-09,auto,2026-10-01
4144010559,暨南大学,academics.double_first_class_disciplines,"[""药学""]",https://github.com/Magicdover/China-Universities-2026/blob/419bdc7ce6956fc88c2b70b3979f170b6666f111/data/uni-211.js,community_dataset,2026-06-09,auto,2026-10-01
4144010559,暨南大学,resources.career_url,"""https://career.jnu.edu.cn/eweb/jygl/index.so""",https://github.com/PotoYang/UniversityCareerWebPage/blob/0fbc54deee6a4a3aec67ffd77e41bccec898804e/README.md,community_dataset,2019-10-21,auto,2026-10-01
4144010560,汕头大学,identity.slug_aliases,"[""shantou-university""]",https://github.com/damitheswitch/china-universities-dataset/blob/5eaa2a93f86ac322d53a36da9977d9a4c80f1f56/data/universities.json,community_dataset,2026,auto,2026-10-01
4144010560,汕头大学,institution.school_type,"""综合""",https://github.com/xioajiumi/Chinese_Universities/blob/e088fddc329a6f0148ca72fd3b4d0fe069f13e3a/Chinese_Universities.json,community_dataset,2021,auto,2026-10-01
4144010560,汕头大学,institution.country,"""China""",https://github.com/damitheswitch/china-universities-dataset/blob/5eaa2a93f86ac322d53a36da9977d9a4c80f1f56/data/universities.json,community_dataset,2026,auto,2026-10-01
4144010560,汕头大学,resources.career_url,"""http://gdc.stu.edu.cn/""",https://github.com/PotoYang/UniversityCareerWebPage/blob/0fbc54deee6a4a3aec67ffd77e41bccec898804e/README.md,community_dataset,2019-10-21,auto,2026-10-01
4144010561,华南理工大学,identity.short_name_zh,"""华南理工""",https://github.com/Magicdover/China-Universities-2026/blob/419bdc7ce6956fc88c2b70b3979f170b6666f111/data/universities.js,community_dataset,2026-06-09,auto,2026-10-01
4144010561,华南理工大学,identity.short_name_en,"""SCUT""",https://github.com/Magicdover/China-Universities-2026/blob/419bdc7ce6956fc88c2b70b3979f170b6666f111/data/universities.js,community_dataset,2026-06-09,auto,2026-10-01
4144010561,华南理工大学,identity.slug_aliases,"[""south-china-university-of-technology""]",https://github.com/damitheswitch/china-universities-dataset/blob/5eaa2a93f86ac322d53a36da9977d9a4c80f1f56/data/universities.json,community_dataset,2026,auto,2026-10-01
4144010561,华南理工大学,institution.school_type,"""理工""",https://github.com/xioajiumi/Chinese_Universities/blob/e088fddc329a6f0148ca72fd3b4d0fe069f13e3a/Chinese_Universities.json,community_dataset,2021,auto,2026-10-01
4144010561,华南理工大学,institution.country,"""China""",https://github.com/damitheswitch/china-universities-dataset/blob/5eaa2a93f86ac322d53a36da9977d9a4c80f1f56/data/universities.json,community_dataset,2026,auto,2026-10-01
4144010561,华南理工大学,institution.groups,"[""双一流"", ""985"", ""211""]",https://github.com/damitheswitch/china-universities-dataset/blob/5eaa2a93f86ac322d53a36da9977d9a4c80f1f56/data/universities.json,community_dataset,2026,auto,2026-10-01
4144010561,华南理工大学,location.coordinates,"{""longitude"": 113.348, ""latitude"": 23.155, ""crs"": ""unspecified"", ""precision"": ""approximate"", ""location_kind"": ""community_map_point""}",https://github.com/Magicdover/China-Universities-2026/blob/419bdc7ce6956fc88c2b70b3979f170b6666f111/data/universities.js,community_dataset,2026-06-09,auto,2026-10-01
4144010561,华南理工大学,academics.double_first_class_disciplines,"[""化学工程与技术"", ""轻工技术与工程"", ""材料科学与工程"", ""食品科学与工程"", ""建筑学""]",https://github.com/Magicdover/China-Universities-2026/blob/419bdc7ce6956fc88c2b70b3979f170b6666f111/data/universities.js,community_dataset,2026-06-09,auto,2026-10-01
4144010561,华南理工大学,resources.career_url,"""http://jyzx.6ihnep7.cas.scut.edu.cn/jyzx/""",https://github.com/PotoYang/UniversityCareerWebPage/blob/0fbc54deee6a4a3aec67ffd77e41bccec898804e/README.md,community_dataset,2019-10-21,auto,2026-10-01
4144010564,华南农业大学,identity.short_name_zh,"""华南农大""",https://github.com/Magicdover/China-Universities-2026/blob/419bdc7ce6956fc88c2b70b3979f170b6666f111/data/uni-special.js,community_dataset,2026-06-09,auto,2026-10-01
4144010564,华南农业大学,identity.short_name_en,"""SCAU""",https://github.com/Magicdover/China-Universities-2026/blob/419bdc7ce6956fc88c2b70b3979f170b6666f111/data/uni-special.js,community_dataset,2026-06-09,auto,2026-10-01
4144010564,华南农业大学,identity.slug_aliases,"[""south-china-agricultural-university""]",https://github.com/damitheswitch/china-universities-dataset/blob/5eaa2a93f86ac322d53a36da9977d9a4c80f1f56/data/universities.json,community_dataset,2026,auto,2026-10-01
4144010564,华南农业大学,institution.school_type,"""农业""",https://github.com/xioajiumi/Chinese_Universities/blob/e088fddc329a6f0148ca72fd3b4d0fe069f13e3a/Chinese_Universities.json,community_dataset,2021,auto,2026-10-01
4144010564,华南农业大学,institution.country,"""China""",https://github.com/damitheswitch/china-universities-dataset/blob/5eaa2a93f86ac322d53a36da9977d9a4c80f1f56/data/universities.json,community_dataset,2026,auto,2026-10-01
4144010564,华南农业大学,institution.groups,"[""双一流""]",https://github.com/damitheswitch/china-universities-dataset/blob/5eaa2a93f86ac322d53a36da9977d9a4c80f1f56/data/universities.json,community_dataset,2026,auto,2026-10-01
4144010564,华南农业大学,location.coordinates,"{""longitude"": 113.363, ""latitude"": 23.158, ""crs"": ""unspecified"", ""precision"": ""approximate"", ""location_kind"": ""community_map_point""}",https://github.com/Magicdover/China-Universities-2026/blob/419bdc7ce6956fc88c2b70b3979f170b6666f111/data/uni-special.js,community_dataset,2026-06-09,auto,2026-10-01
4144010564,华南农业大学,academics.double_first_class_disciplines,"[""作物学""]",https://github.com/Magicdover/China-Universities-2026/blob/419bdc7ce6956fc88c2b70b3979f170b6666f111/data/uni-special.js,community_dataset,2026-06-09,auto,2026-10-01
4144010564,华南农业大学,resources.career_url,"""http://jyzx.scau.edu.cn/""",https://github.com/PotoYang/UniversityCareerWebPage/blob/0fbc54deee6a4a3aec67ffd77e41bccec898804e/README.md,community_dataset,2019-10-21,auto,2026-10-01
4144010566,广东海洋大学,identity.slug_aliases,"[""guangdong-ocean-university""]",https://github.com/damitheswitch/china-universities-dataset/blob/5eaa2a93f86ac322d53a36da9977d9a4c80f1f56/data/universities.json,community_dataset,2026,auto,2026-10-01
4144010566,广东海洋大学,institution.school_type,"""农业""",https://github.com/xioajiumi/Chinese_Universities/blob/e088fddc329a6f0148ca72fd3b4d0fe069f13e3a/Chinese_Universities.json,community_dataset,2021,auto,2026-10-01
4144010566,广东海洋大学,institution.country,"""China""",https://github.com/damitheswitch/china-universities-dataset/blob/5eaa2a93f86ac322d53a36da9977d9a4c80f1f56/data/universities.json,community_dataset,2026,auto,2026-10-01
4144010570,广州医科大学,identity.short_name_zh,"""广医""",https://github.com/Magicdover/China-Universities-2026/blob/419bdc7ce6956fc88c2b70b3979f170b6666f111/data/uni-extra.js,community_dataset,2026-06-09,auto,2026-10-01
4144010570,广州医科大学,identity.short_name_en,"""GZHMU""",https://github.com/Magicdover/China-Universities-2026/blob/419bdc7ce6956fc88c2b70b3979f170b6666f111/data/uni-extra.js,community_dataset,2026-06-09,auto,2026-10-01
4144010570,广州医科大学,institution.school_type,"""医药""",https://github.com/Magicdover/China-Universities-2026/blob/419bdc7ce6956fc88c2b70b3979f170b6666f111/data/uni-extra.js,community_dataset,2026-06-09,auto,2026-10-01
4144010570,广州医科大学,institution.groups,"[""双一流""]",https://github.com/Magicdover/China-Universities-2026/blob/419bdc7ce6956fc88c2b70b3979f170b6666f111/data/uni-extra.js,community_dataset,2026-06-09,auto,2026-10-01
4144010570,广州医科大学,location.coordinates,"{""longitude"": 113.342, ""latitude"": 23.131, ""crs"": ""unspecified"", ""precision"": ""approximate"", ""location_kind"": ""community_map_point""}",https://github.com/Magicdover/China-Universities-2026/blob/419bdc7ce6956fc88c2b70b3979f170b6666f111/data/uni-extra.js,community_dataset,2026-06-09,auto,2026-10-01
4144010570,广州医科大学,academics.double_first_class_disciplines,"[""临床医学""]",https://github.com/Magicdover/China-Universities-2026/blob/419bdc7ce6956fc88c2b70b3979f170b6666f111/data/uni-extra.js,community_dataset,2026-06-09,auto,2026-10-01
4144010571,广东医科大学,identity.short_name_zh,"""广东医""",https://github.com/Magicdover/China-Universities-2026/blob/419bdc7ce6956fc88c2b70b3979f170b6666f111/data/uni-extra2.js,community_dataset,2026-06-09,auto,2026-10-01
4144010571,广东医科大学,identity.short_name_en,"""GDMU""",https://github.com/Magicdover/China-Universities-2026/blob/419bdc7ce6956fc88c2b70b3979f170b6666f111/data/uni-extra2.js,community_dataset,2026-06-09,auto,2026-10-01
4144010571,广东医科大学,institution.school_type,"""医药""",https://github.com/Magicdover/China-Universities-2026/blob/419bdc7ce6956fc88c2b70b3979f170b6666f111/data/uni-extra2.js,community_dataset,2026-06-09,auto,2026-10-01
4144010571,广东医科大学,location.coordinates,"{""longitude"": 110.364, ""latitude"": 21.271, ""crs"": ""unspecified"", ""precision"": ""approximate"", ""location_kind"": ""community_map_point""}",https://github.com/Magicdover/China-Universities-2026/blob/419bdc7ce6956fc88c2b70b3979f170b6666f111/data/uni-extra2.js,community_dataset,2026-06-09,auto,2026-10-01
4144010572,广州中医药大学,identity.short_name_zh,"""广中医""",https://github.com/Magicdover/China-Universities-2026/blob/419bdc7ce6956fc88c2b70b3979f170b6666f111/data/uni-extra.js,community_dataset,2026-06-09,auto,2026-10-01
4144010572,广州中医药大学,identity.short_name_en,"""GZUCM""",https://github.com/Magicdover/China-Universities-2026/blob/419bdc7ce6956fc88c2b70b3979f170b6666f111/data/uni-extra.js,community_dataset,2026-06-09,auto,2026-10-01
4144010572,广州中医药大学,institution.school_type,"""医药""",https://github.com/Magicdover/China-Universities-2026/blob/419bdc7ce6956fc88c2b70b3979f170b6666f111/data/uni-extra.js,community_dataset,2026-06-09,auto,2026-10-01
4144010572,广州中医药大学,institution.groups,"[""双一流""]",https://github.com/Magicdover/China-Universities-2026/blob/419bdc7ce6956fc88c2b70b3979f170b6666f111/data/uni-extra.js,community_dataset,2026-06-09,auto,2026-10-01
4144010572,广州中医药大学,location.coordinates,"{""longitude"": 113.411, ""latitude"": 23.16, ""crs"": ""unspecified"", ""precision"": ""approximate"", ""location_kind"": ""community_map_point""}",https://github.com/Magicdover/China-Universities-2026/blob/419bdc7ce6956fc88c2b70b3979f170b6666f111/data/uni-extra.js,community_dataset,2026-06-09,auto,2026-10-01
4144010572,广州中医药大学,academics.double_first_class_disciplines,"[""中医学""]",https://github.com/Magicdover/China-Universities-2026/blob/419bdc7ce6956fc88c2b70b3979f170b6666f111/data/uni-extra.js,community_dataset,2026-06-09,auto,2026-10-01
4144010574,华南师范大学,identity.short_name_zh,"""华南师大""",https://github.com/Magicdover/China-Universities-2026/blob/419bdc7ce6956fc88c2b70b3979f170b6666f111/data/uni-special.js,community_dataset,2026-06-09,auto,2026-10-01
4144010574,华南师范大学,identity.short_name_en,"""SCNU""",https://github.com/Magicdover/China-Universities-2026/blob/419bdc7ce6956fc88c2b70b3979f170b6666f111/data/uni-special.js,community_dataset,2026-06-09,auto,2026-10-01
4144010574,华南师范大学,identity.slug_aliases,"[""south-china-normal-university""]",https://github.com/damitheswitch/china-universities-dataset/blob/5eaa2a93f86ac322d53a36da9977d9a4c80f1f56/data/universities.json,community_dataset,2026,auto,2026-10-01
4144010574,华南师范大学,institution.school_type,"""师范""",https://github.com/xioajiumi/Chinese_Universities/blob/e088fddc329a6f0148ca72fd3b4d0fe069f13e3a/Chinese_Universities.json,community_dataset,2021,auto,2026-10-01
4144010574,华南师范大学,institution.country,"""China""",https://github.com/damitheswitch/china-universities-dataset/blob/5eaa2a93f86ac322d53a36da9977d9a4c80f1f56/data/universities.json,community_dataset,2026,auto,2026-10-01
4144010574,华南师范大学,institution.groups,"[""双一流"", ""211""]",https://github.com/damitheswitch/china-universities-dataset/blob/5eaa2a93f86ac322d53a36da9977d9a4c80f1f56/data/universities.json,community_dataset,2026,auto,2026-10-01
4144010574,华南师范大学,location.coordinates,"{""longitude"": 113.342, ""latitude"": 23.141, ""crs"": ""unspecified"", ""precision"": ""approximate"", ""location_kind"": ""community_map_point""}",https://github.com/Magicdover/China-Universities-2026/blob/419bdc7ce6956fc88c2b70b3979f170b6666f111/data/uni-special.js,community_dataset,2026-06-09,auto,2026-10-01
4144010574,华南师范大学,academics.double_first_class_disciplines,"[""物理学""]",https://github.com/Magicdover/China-Universities-2026/blob/419bdc7ce6956fc88c2b70b3979f170b6666f111/data/uni-special.js,community_dataset,2026-06-09,auto,2026-10-01
4144010574,华南师范大学,resources.career_url,"""http://career.scnu.edu.cn/""",https://github.com/PotoYang/UniversityCareerWebPage/blob/0fbc54deee6a4a3aec67ffd77e41bccec898804e/README.md,community_dataset,2019-10-21,auto,2026-10-01
4144010576,韶关学院,identity.slug_aliases,"[""shaoguan-university""]",https://github.com/damitheswitch/china-universities-dataset/blob/5eaa2a93f86ac322d53a36da9977d9a4c80f1f56/data/universities.json,community_dataset,2026,auto,2026-10-01
4144010576,韶关学院,institution.school_type,"""综合""",https://github.com/xioajiumi/Chinese_Universities/blob/e088fddc329a6f0148ca72fd3b4d0fe069f13e3a/Chinese_Universities.json,community_dataset,2021,auto,2026-10-01
4144010576,韶关学院,institution.country,"""China""",https://github.com/damitheswitch/china-universities-dataset/blob/5eaa2a93f86ac322d53a36da9977d9a4c80f1f56/data/universities.json,community_dataset,2026,auto,2026-10-01
4144010577,惠州学院,identity.slug_aliases,"[""huizhou-university""]",https://github.com/damitheswitch/china-universities-dataset/blob/5eaa2a93f86ac322d53a36da9977d9a4c80f1f56/data/universities.json,community_dataset,2026,auto,2026-10-01
4144010577,惠州学院,institution.school_type,"""综合""",https://github.com/xioajiumi/Chinese_Universities/blob/e088fddc329a6f0148ca72fd3b4d0fe069f13e3a/Chinese_Universities.json,community_dataset,2021,auto,2026-10-01
4144010577,惠州学院,institution.country,"""China""",https://github.com/damitheswitch/china-universities-dataset/blob/5eaa2a93f86ac322d53a36da9977d9a4c80f1f56/data/universities.json,community_dataset,2026,auto,2026-10-01
4144010578,韩山师范学院,identity.slug_aliases,"[""hanshan-normal-university""]",https://github.com/damitheswitch/china-universities-dataset/blob/5eaa2a93f86ac322d53a36da9977d9a4c80f1f56/data/universities.json,community_dataset,2026,auto,2026-10-01
4144010578,韩山师范学院,institution.school_type,"""师范""",https://github.com/xioajiumi/Chinese_Universities/blob/e088fddc329a6f0148ca72fd3b4d0fe069f13e3a/Chinese_Universities.json,community_dataset,2021,auto,2026-10-01
4144010578,韩山师范学院,institution.country,"""China""",https://github.com/damitheswitch/china-universities-dataset/blob/5eaa2a93f86ac322d53a36da9977d9a4c80f1f56/data/universities.json,community_dataset,2026,auto,2026-10-01
4144010579,岭南师范学院,identity.slug_aliases,"[""lingnan-normal-university""]",https://github.com/damitheswitch/china-universities-dataset/blob/5eaa2a93f86ac322d53a36da9977d9a4c80f1f56/data/universities.json,community_dataset,2026,auto,2026-10-01
4144010579,岭南师范学院,institution.school_type,"""师范""",https://github.com/xioajiumi/Chinese_Universities/blob/e088fddc329a6f0148ca72fd3b4d0fe069f13e3a/Chinese_Universities.json,community_dataset,2021,auto,2026-10-01
4144010579,岭南师范学院,institution.country,"""China""",https://github.com/damitheswitch/china-universities-dataset/blob/5eaa2a93f86ac322d53a36da9977d9a4c80f1f56/data/universities.json,community_dataset,2026,auto,2026-10-01
4144010580,肇庆学院,identity.slug_aliases,"[""zhaoqing-university""]",https://github.com/damitheswitch/china-universities-dataset/blob/5eaa2a93f86ac322d53a36da9977d9a4c80f1f56/data/universities.json,community_dataset,2026,auto,2026-10-01
4144010580,肇庆学院,institution.school_type,"""综合""",https://github.com/xioajiumi/Chinese_Universities/blob/e088fddc329a6f0148ca72fd3b4d0fe069f13e3a/Chinese_Universities.json,community_dataset,2021,auto,2026-10-01
4144010580,肇庆学院,institution.country,"""China""",https://github.com/damitheswitch/china-universities-dataset/blob/5eaa2a93f86ac322d53a36da9977d9a4c80f1f56/data/universities.json,community_dataset,2026,auto,2026-10-01
4144010582,嘉应学院,identity.slug_aliases,"[""jiaying-university""]",https://github.com/damitheswitch/china-universities-dataset/blob/5eaa2a93f86ac322d53a36da9977d9a4c80f1f56/data/universities.json,community_dataset,2026,auto,2026-10-01
4144010582,嘉应学院,institution.school_type,"""综合""",https://github.com/xioajiumi/Chinese_Universities/blob/e088fddc329a6f0148ca72fd3b4d0fe069f13e3a/Chinese_Universities.json,community_dataset,2021,auto,2026-10-01
4144010582,嘉应学院,institution.country,"""China""",https://github.com/damitheswitch/china-universities-dataset/blob/5eaa2a93f86ac322d53a36da9977d9a4c80f1f56/data/universities.json,community_dataset,2026,auto,2026-10-01
4144010586,广州美术学院,identity.short_name_zh,"""广美""",https://github.com/Magicdover/China-Universities-2026/blob/419bdc7ce6956fc88c2b70b3979f170b6666f111/data/uni-extra2.js,community_dataset,2026-06-09,auto,2026-10-01
4144010586,广州美术学院,identity.short_name_en,"""GAFA""",https://github.com/Magicdover/China-Universities-2026/blob/419bdc7ce6956fc88c2b70b3979f170b6666f111/data/uni-extra2.js,community_dataset,2026-06-09,auto,2026-10-01
4144010586,广州美术学院,institution.school_type,"""艺术""",https://github.com/Magicdover/China-Universities-2026/blob/419bdc7ce6956fc88c2b70b3979f170b6666f111/data/uni-extra2.js,community_dataset,2026-06-09,auto,2026-10-01
4144010586,广州美术学院,location.coordinates,"{""longitude"": 113.331, ""latitude"": 23.051, ""crs"": ""unspecified"", ""precision"": ""approximate"", ""location_kind"": ""community_map_point""}",https://github.com/Magicdover/China-Universities-2026/blob/419bdc7ce6956fc88c2b70b3979f170b6666f111/data/uni-extra2.js,community_dataset,2026-06-09,auto,2026-10-01
4144010588,广东技术师范大学,identity.slug_aliases,"[""guangdong-polytechnic-normal-university""]",https://github.com/damitheswitch/china-universities-dataset/blob/5eaa2a93f86ac322d53a36da9977d9a4c80f1f56/data/universities.json,community_dataset,2026,auto,2026-10-01
4144010588,广东技术师范大学,institution.school_type,"""师范""",https://github.com/xioajiumi/Chinese_Universities/blob/e088fddc329a6f0148ca72fd3b4d0fe069f13e3a/Chinese_Universities.json,community_dataset,2021,auto,2026-10-01
4144010588,广东技术师范大学,institution.country,"""China""",https://github.com/damitheswitch/china-universities-dataset/blob/5eaa2a93f86ac322d53a36da9977d9a4c80f1f56/data/universities.json,community_dataset,2026,auto,2026-10-01
4144010590,深圳大学,identity.short_name_zh,"""深大""",https://github.com/Magicdover/China-Universities-2026/blob/419bdc7ce6956fc88c2b70b3979f170b6666f111/data/uni-special.js,community_dataset,2026-06-09,auto,2026-10-01
4144010590,深圳大学,identity.short_name_en,"""SZU""",https://github.com/Magicdover/China-Universities-2026/blob/419bdc7ce6956fc88c2b70b3979f170b6666f111/data/uni-special.js,community_dataset,2026-06-09,auto,2026-10-01
4144010590,深圳大学,identity.slug_aliases,"[""shenzhen-university""]",https://github.com/damitheswitch/china-universities-dataset/blob/5eaa2a93f86ac322d53a36da9977d9a4c80f1f56/data/universities.json,community_dataset,2026,auto,2026-10-01
4144010590,深圳大学,institution.school_type,"""综合""",https://github.com/xioajiumi/Chinese_Universities/blob/e088fddc329a6f0148ca72fd3b4d0fe069f13e3a/Chinese_Universities.json,community_dataset,2021,auto,2026-10-01
4144010590,深圳大学,institution.country,"""China""",https://github.com/damitheswitch/china-universities-dataset/blob/5eaa2a93f86ac322d53a36da9977d9a4c80f1f56/data/universities.json,community_dataset,2026,auto,2026-10-01
4144010590,深圳大学,institution.groups,"[""新型研究型""]",https://github.com/Magicdover/China-Universities-2026/blob/419bdc7ce6956fc88c2b70b3979f170b6666f111/data/uni-special.js,community_dataset,2026-06-09,auto,2026-10-01
4144010590,深圳大学,location.coordinates,"{""longitude"": 113.934, ""latitude"": 22.534, ""crs"": ""unspecified"", ""precision"": ""approximate"", ""location_kind"": ""community_map_point""}",https://github.com/Magicdover/China-Universities-2026/blob/419bdc7ce6956fc88c2b70b3979f170b6666f111/data/uni-special.js,community_dataset,2026-06-09,auto,2026-10-01
4144010590,深圳大学,resources.career_url,"""http://job.szu.edu.cn/""",https://github.com/PotoYang/UniversityCareerWebPage/blob/0fbc54deee6a4a3aec67ffd77e41bccec898804e/README.md,community_dataset,2019-10-21,auto,2026-10-01
4144011078,广州大学,identity.short_name_zh,"""广大""",https://github.com/Magicdover/China-Universities-2026/blob/419bdc7ce6956fc88c2b70b3979f170b6666f111/data/uni-extra2.js,community_dataset,2026-06-09,auto,2026-10-01
4144011078,广州大学,identity.short_name_en,"""GZHU""",https://github.com/Magicdover/China-Universities-2026/blob/419bdc7ce6956fc88c2b70b3979f170b6666f111/data/uni-extra2.js,community_dataset,2026-06-09,auto,2026-10-01
4144011078,广州大学,identity.slug_aliases,"[""guangzhou-university""]",https://github.com/damitheswitch/china-universities-dataset/blob/5eaa2a93f86ac322d53a36da9977d9a4c80f1f56/data/universities.json,community_dataset,2026,auto,2026-10-01
4144011078,广州大学,institution.school_type,"""综合""",https://github.com/xioajiumi/Chinese_Universities/blob/e088fddc329a6f0148ca72fd3b4d0fe069f13e3a/Chinese_Universities.json,community_dataset,2021,auto,2026-10-01
4144011078,广州大学,institution.country,"""China""",https://github.com/damitheswitch/china-universities-dataset/blob/5eaa2a93f86ac322d53a36da9977d9a4c80f1f56/data/universities.json,community_dataset,2026,auto,2026-10-01
4144011078,广州大学,location.coordinates,"{""longitude"": 113.371, ""latitude"": 23.041, ""crs"": ""unspecified"", ""precision"": ""approximate"", ""location_kind"": ""community_map_point""}",https://github.com/Magicdover/China-Universities-2026/blob/419bdc7ce6956fc88c2b70b3979f170b6666f111/data/uni-extra2.js,community_dataset,2026-06-09,auto,2026-10-01
4144011078,广州大学,resources.career_url,"""http://jy.gzhu.edu.cn/zpxj.htm""",https://github.com/PotoYang/UniversityCareerWebPage/blob/0fbc54deee6a4a3aec67ffd77e41bccec898804e/README.md,community_dataset,2019-10-21,auto,2026-10-01
4144011106,广州航海学院,identity.slug_aliases,"[""guangzhou-maritime-university""]",https://github.com/damitheswitch/china-universities-dataset/blob/5eaa2a93f86ac322d53a36da9977d9a4c80f1f56/data/universities.json,community_dataset,2026,auto,2026-10-01
4144011106,广州航海学院,institution.school_type,"""理工""",https://github.com/xioajiumi/Chinese_Universities/blob/e088fddc329a6f0148ca72fd3b4d0fe069f13e3a/Chinese_Universities.json,community_dataset,2021,auto,2026-10-01
4144011106,广州航海学院,institution.country,"""China""",https://github.com/damitheswitch/china-universities-dataset/blob/5eaa2a93f86ac322d53a36da9977d9a4c80f1f56/data/universities.json,community_dataset,2026,auto,2026-10-01
4144011347,仲恺农业工程学院,identity.slug_aliases,"[""zhongkai-university-of-agriculture-and-engineering""]",https://github.com/damitheswitch/china-universities-dataset/blob/5eaa2a93f86ac322d53a36da9977d9a4c80f1f56/data/universities.json,community_dataset,2026,auto,2026-10-01
4144011347,仲恺农业工程学院,institution.school_type,"""农业""",https://github.com/xioajiumi/Chinese_Universities/blob/e088fddc329a6f0148ca72fd3b4d0fe069f13e3a/Chinese_Universities.json,community_dataset,2021,auto,2026-10-01
4144011347,仲恺农业工程学院,institution.country,"""China""",https://github.com/damitheswitch/china-universities-dataset/blob/5eaa2a93f86ac322d53a36da9977d9a4c80f1f56/data/universities.json,community_dataset,2026,auto,2026-10-01
4144011349,五邑大学,identity.slug_aliases,"[""wuyi-university-wyu""]",https://github.com/damitheswitch/china-universities-dataset/blob/5eaa2a93f86ac322d53a36da9977d9a4c80f1f56/data/universities.json,community_dataset,2026,auto,2026-10-01
4144011349,五邑大学,institution.school_type,"""综合""",https://github.com/xioajiumi/Chinese_Universities/blob/e088fddc329a6f0148ca72fd3b4d0fe069f13e3a/Chinese_Universities.json,community_dataset,2021,auto,2026-10-01
4144011349,五邑大学,institution.country,"""China""",https://github.com/damitheswitch/china-universities-dataset/blob/5eaa2a93f86ac322d53a36da9977d9a4c80f1f56/data/universities.json,community_dataset,2026,auto,2026-10-01
4144011656,广东石油化工学院,identity.slug_aliases,"[""guangdong-university-of-petrochemical-technology""]",https://github.com/damitheswitch/china-universities-dataset/blob/5eaa2a93f86ac322d53a36da9977d9a4c80f1f56/data/universities.json,community_dataset,2026,auto,2026-10-01
4144011656,广东石油化工学院,institution.school_type,"""综合""",https://github.com/xioajiumi/Chinese_Universities/blob/e088fddc329a6f0148ca72fd3b4d0fe069f13e3a/Chinese_Universities.json,community_dataset,2021,auto,2026-10-01
4144011656,广东石油化工学院,institution.country,"""China""",https://github.com/damitheswitch/china-universities-dataset/blob/5eaa2a93f86ac322d53a36da9977d9a4c80f1f56/data/universities.json,community_dataset,2026,auto,2026-10-01
4144011819,东莞理工学院,identity.slug_aliases,"[""dongguan-university-of-technology""]",https://github.com/damitheswitch/china-universities-dataset/blob/5eaa2a93f86ac322d53a36da9977d9a4c80f1f56/data/universities.json,community_dataset,2026,auto,2026-10-01
4144011819,东莞理工学院,institution.school_type,"""理工""",https://github.com/xioajiumi/Chinese_Universities/blob/e088fddc329a6f0148ca72fd3b4d0fe069f13e3a/Chinese_Universities.json,community_dataset,2021,auto,2026-10-01
4144011819,东莞理工学院,institution.country,"""China""",https://github.com/damitheswitch/china-universities-dataset/blob/5eaa2a93f86ac322d53a36da9977d9a4c80f1f56/data/universities.json,community_dataset,2026,auto,2026-10-01
4144011845,广东工业大学,identity.short_name_zh,"""广工""",https://github.com/Magicdover/China-Universities-2026/blob/419bdc7ce6956fc88c2b70b3979f170b6666f111/data/uni-extra2.js,community_dataset,2026-06-09,auto,2026-10-01
4144011845,广东工业大学,identity.short_name_en,"""GDUT""",https://github.com/Magicdover/China-Universities-2026/blob/419bdc7ce6956fc88c2b70b3979f170b6666f111/data/uni-extra2.js,community_dataset,2026-06-09,auto,2026-10-01
4144011845,广东工业大学,identity.slug_aliases,"[""guangdong-university-of-technology""]",https://github.com/damitheswitch/china-universities-dataset/blob/5eaa2a93f86ac322d53a36da9977d9a4c80f1f56/data/universities.json,community_dataset,2026,auto,2026-10-01
4144011845,广东工业大学,institution.school_type,"""理工""",https://github.com/xioajiumi/Chinese_Universities/blob/e088fddc329a6f0148ca72fd3b4d0fe069f13e3a/Chinese_Universities.json,community_dataset,2021,auto,2026-10-01
4144011845,广东工业大学,institution.country,"""China""",https://github.com/damitheswitch/china-universities-dataset/blob/5eaa2a93f86ac322d53a36da9977d9a4c80f1f56/data/universities.json,community_dataset,2026,auto,2026-10-01
4144011845,广东工业大学,location.coordinates,"{""longitude"": 113.362, ""latitude"": 23.05, ""crs"": ""unspecified"", ""precision"": ""approximate"", ""location_kind"": ""community_map_point""}",https://github.com/Magicdover/China-Universities-2026/blob/419bdc7ce6956fc88c2b70b3979f170b6666f111/data/uni-extra2.js,community_dataset,2026-06-09,auto,2026-10-01
4144011845,广东工业大学,resources.career_url,"""http://job.gdut.edu.cn/unijob/index.php/web/Index/index""",https://github.com/PotoYang/UniversityCareerWebPage/blob/0fbc54deee6a4a3aec67ffd77e41bccec898804e/README.md,community_dataset,2019-10-21,auto,2026-10-01
4144011847,佛山大学,identity.slug_aliases,"[""foshan-university""]",https://github.com/damitheswitch/china-universities-dataset/blob/5eaa2a93f86ac322d53a36da9977d9a4c80f1f56/data/universities.json,community_dataset,2026,auto,2026-10-01
4144011847,佛山大学,institution.school_type,"""理工""",https://github.com/damitheswitch/china-universities-dataset/blob/5eaa2a93f86ac322d53a36da9977d9a4c80f1f56/data/universities.json,community_dataset,2026,auto,2026-10-01
4144011847,佛山大学,institution.country,"""China""",https://github.com/damitheswitch/china-universities-dataset/blob/5eaa2a93f86ac322d53a36da9977d9a4c80f1f56/data/universities.json,community_dataset,2026,auto,2026-10-01
4144012121,南方医科大学,identity.short_name_zh,"""南医大""",https://github.com/Magicdover/China-Universities-2026/blob/419bdc7ce6956fc88c2b70b3979f170b6666f111/data/uni-special.js,community_dataset,2026-06-09,auto,2026-10-01
4144012121,南方医科大学,identity.short_name_en,"""SMU""",https://github.com/Magicdover/China-Universities-2026/blob/419bdc7ce6956fc88c2b70b3979f170b6666f111/data/uni-special.js,community_dataset,2026-06-09,auto,2026-10-01
4144012121,南方医科大学,institution.school_type,"""医药""",https://github.com/Magicdover/China-Universities-2026/blob/419bdc7ce6956fc88c2b70b3979f170b6666f111/data/uni-special.js,community_dataset,2026-06-09,auto,2026-10-01
4144012121,南方医科大学,location.coordinates,"{""longitude"": 113.319, ""latitude"": 23.184, ""crs"": ""unspecified"", ""precision"": ""approximate"", ""location_kind"": ""community_map_point""}",https://github.com/Magicdover/China-Universities-2026/blob/419bdc7ce6956fc88c2b70b3979f170b6666f111/data/uni-special.js,community_dataset,2026-06-09,auto,2026-10-01
4144012121,南方医科大学,resources.career_url,"""http://fimmu.jysd.com/""",https://github.com/PotoYang/UniversityCareerWebPage/blob/0fbc54deee6a4a3aec67ffd77e41bccec898804e/README.md,community_dataset,2019-10-21,auto,2026-10-01
4144014278,广东第二师范学院,identity.slug_aliases,"[""guangdong-university-of-education""]",https://github.com/damitheswitch/china-universities-dataset/blob/5eaa2a93f86ac322d53a36da9977d9a4c80f1f56/data/universities.json,community_dataset,2026,auto,2026-10-01
4144014278,广东第二师范学院,institution.school_type,"""师范""",https://github.com/xioajiumi/Chinese_Universities/blob/e088fddc329a6f0148ca72fd3b4d0fe069f13e3a/Chinese_Universities.json,community_dataset,2021,auto,2026-10-01
4144014278,广东第二师范学院,institution.country,"""China""",https://github.com/damitheswitch/china-universities-dataset/blob/5eaa2a93f86ac322d53a36da9977d9a4c80f1f56/data/universities.json,community_dataset,2026,auto,2026-10-01
4144014325,南方科技大学,identity.short_name_zh,"""南科大""",https://github.com/Magicdover/China-Universities-2026/blob/419bdc7ce6956fc88c2b70b3979f170b6666f111/data/uni-special.js,community_dataset,2026-06-09,auto,2026-10-01
4144014325,南方科技大学,identity.short_name_en,"""SUSTECH""",https://github.com/Magicdover/China-Universities-2026/blob/419bdc7ce6956fc88c2b70b3979f170b6666f111/data/uni-special.js,community_dataset,2026-06-09,auto,2026-10-01
4144014325,南方科技大学,identity.slug_aliases,"[""southern-university-of-science-and-technology""]",https://github.com/damitheswitch/china-universities-dataset/blob/5eaa2a93f86ac322d53a36da9977d9a4c80f1f56/data/universities.json,community_dataset,2026,auto,2026-10-01
4144014325,南方科技大学,institution.school_type,"""综合""",https://github.com/xioajiumi/Chinese_Universities/blob/e088fddc329a6f0148ca72fd3b4d0fe069f13e3a/Chinese_Universities.json,community_dataset,2021,auto,2026-10-01
4144014325,南方科技大学,institution.country,"""China""",https://github.com/damitheswitch/china-universities-dataset/blob/5eaa2a93f86ac322d53a36da9977d9a4c80f1f56/data/universities.json,community_dataset,2026,auto,2026-10-01
4144014325,南方科技大学,institution.groups,"[""双一流""]",https://github.com/damitheswitch/china-universities-dataset/blob/5eaa2a93f86ac322d53a36da9977d9a4c80f1f56/data/universities.json,community_dataset,2026,auto,2026-10-01
4144014325,南方科技大学,location.coordinates,"{""longitude"": 113.991, ""latitude"": 22.603, ""crs"": ""unspecified"", ""precision"": ""approximate"", ""location_kind"": ""community_map_point""}",https://github.com/Magicdover/China-Universities-2026/blob/419bdc7ce6956fc88c2b70b3979f170b6666f111/data/uni-special.js,community_dataset,2026-06-09,auto,2026-10-01
4144014325,南方科技大学,academics.double_first_class_disciplines,"[""数学""]",https://github.com/Magicdover/China-Universities-2026/blob/419bdc7ce6956fc88c2b70b3979f170b6666f111/data/uni-special.js,community_dataset,2026-06-09,auto,2026-10-01
4144014851,香港城市大学(东莞),identity.short_name_zh,"""港城东莞""",https://github.com/Magicdover/China-Universities-2026/blob/419bdc7ce6956fc88c2b70b3979f170b6666f111/data/uni-extra2.js,community_dataset,2026-06-09,auto,2026-10-01
4144014851,香港城市大学(东莞),identity.short_name_en,"""CITYUDG""",https://github.com/Magicdover/China-Universities-2026/blob/419bdc7ce6956fc88c2b70b3979f170b6666f111/data/uni-extra2.js,community_dataset,2026-06-09,auto,2026-10-01
4144014851,香港城市大学(东莞),institution.school_type,"""综合""",https://github.com/Magicdover/China-Universities-2026/blob/419bdc7ce6956fc88c2b70b3979f170b6666f111/data/uni-extra2.js,community_dataset,2026-06-09,auto,2026-10-01
4144014851,香港城市大学(东莞),location.coordinates,"{""longitude"": 113.751, ""latitude"": 23.021, ""crs"": ""unspecified"", ""precision"": ""approximate"", ""location_kind"": ""community_map_point""}",https://github.com/Magicdover/China-Universities-2026/blob/419bdc7ce6956fc88c2b70b3979f170b6666f111/data/uni-extra2.js,community_dataset,2026-06-09,auto,2026-10-01
4144016401,北师香港浸会大学,identity.short_name_zh,"""北师港浸大""",https://github.com/Magicdover/China-Universities-2026/blob/419bdc7ce6956fc88c2b70b3979f170b6666f111/data/uni-extra2.js,community_dataset,2026-06-09,auto,2026-10-01
4144016401,北师香港浸会大学,identity.short_name_en,"""UIC""",https://github.com/Magicdover/China-Universities-2026/blob/419bdc7ce6956fc88c2b70b3979f170b6666f111/data/uni-extra2.js,community_dataset,2026-06-09,auto,2026-10-01
4144016401,北师香港浸会大学,institution.school_type,"""综合""",https://github.com/Magicdover/China-Universities-2026/blob/419bdc7ce6956fc88c2b70b3979f170b6666f111/data/uni-extra2.js,community_dataset,2026-06-09,auto,2026-10-01
4144016401,北师香港浸会大学,location.coordinates,"{""longitude"": 113.592, ""latitude"": 22.361, ""crs"": ""unspecified"", ""precision"": ""approximate"", ""location_kind"": ""community_map_point""}",https://github.com/Magicdover/China-Universities-2026/blob/419bdc7ce6956fc88c2b70b3979f170b6666f111/data/uni-extra2.js,community_dataset,2026-06-09,auto,2026-10-01
4144016407,香港中文大学(深圳),identity.short_name_zh,"""港中深""",https://github.com/Magicdover/China-Universities-2026/blob/419bdc7ce6956fc88c2b70b3979f170b6666f111/data/uni-extra2.js,community_dataset,2026-06-09,auto,2026-10-01
4144016407,香港中文大学(深圳),identity.short_name_en,"""CUHKSZ""",https://github.com/Magicdover/China-Universities-2026/blob/419bdc7ce6956fc88c2b70b3979f170b6666f111/data/uni-extra2.js,community_dataset,2026-06-09,auto,2026-10-01
4144016407,香港中文大学(深圳),institution.school_type,"""综合""",https://github.com/Magicdover/China-Universities-2026/blob/419bdc7ce6956fc88c2b70b3979f170b6666f111/data/uni-extra2.js,community_dataset,2026-06-09,auto,2026-10-01
4144016407,香港中文大学(深圳),location.coordinates,"{""longitude"": 114.205, ""latitude"": 22.691, ""crs"": ""unspecified"", ""precision"": ""approximate"", ""location_kind"": ""community_map_point""}",https://github.com/Magicdover/China-Universities-2026/blob/419bdc7ce6956fc88c2b70b3979f170b6666f111/data/uni-extra2.js,community_dataset,2026-06-09,auto,2026-10-01
4144016412,香港科技大学(广州),identity.short_name_zh,"""港科广""",https://github.com/Magicdover/China-Universities-2026/blob/419bdc7ce6956fc88c2b70b3979f170b6666f111/data/uni-extra2.js,community_dataset,2026-06-09,auto,2026-10-01
4144016412,香港科技大学(广州),identity.short_name_en,"""HKUSTGZ""",https://github.com/Magicdover/China-Universities-2026/blob/419bdc7ce6956fc88c2b70b3979f170b6666f111/data/uni-extra2.js,community_dataset,2026-06-09,auto,2026-10-01
4144016412,香港科技大学(广州),institution.school_type,"""理工""",https://github.com/Magicdover/China-Universities-2026/blob/419bdc7ce6956fc88c2b70b3979f170b6666f111/data/uni-extra2.js,community_dataset,2026-06-09,auto,2026-10-01
4144016412,香港科技大学(广州),location.coordinates,"{""longitude"": 113.601, ""latitude"": 22.761, ""crs"": ""unspecified"", ""precision"": ""approximate"", ""location_kind"": ""community_map_point""}",https://github.com/Magicdover/China-Universities-2026/blob/419bdc7ce6956fc88c2b70b3979f170b6666f111/data/uni-extra2.js,community_dataset,2026-06-09,auto,2026-10-01
4145010593,广西大学,identity.short_name_zh,"""西大(桂)""",https://github.com/Magicdover/China-Universities-2026/blob/419bdc7ce6956fc88c2b70b3979f170b6666f111/data/uni-211.js,community_dataset,2026-06-09,auto,2026-10-01
4145010593,广西大学,identity.short_name_en,"""GXU""",https://github.com/Magicdover/China-Universities-2026/blob/419bdc7ce6956fc88c2b70b3979f170b6666f111/data/uni-211.js,community_dataset,2026-06-09,auto,2026-10-01
4145010593,广西大学,identity.slug_aliases,"[""guangxi-university""]",https://github.com/damitheswitch/china-universities-dataset/blob/5eaa2a93f86ac322d53a36da9977d9a4c80f1f56/data/universities.json,community_dataset,2026,auto,2026-10-01
4145010593,广西大学,institution.school_type,"""综合""",https://github.com/xioajiumi/Chinese_Universities/blob/e088fddc329a6f0148ca72fd3b4d0fe069f13e3a/Chinese_Universities.json,community_dataset,2021,auto,2026-10-01
4145010593,广西大学,institution.country,"""China""",https://github.com/damitheswitch/china-universities-dataset/blob/5eaa2a93f86ac322d53a36da9977d9a4c80f1f56/data/universities.json,community_dataset,2026,auto,2026-10-01
4145010593,广西大学,institution.groups,"[""双一流"", ""211""]",https://github.com/damitheswitch/china-universities-dataset/blob/5eaa2a93f86ac322d53a36da9977d9a4c80f1f56/data/universities.json,community_dataset,2026,auto,2026-10-01
4145010593,广西大学,location.coordinates,"{""longitude"": 108.288, ""latitude"": 22.857, ""crs"": ""unspecified"", ""precision"": ""approximate"", ""location_kind"": ""community_map_point""}",https://github.com/Magicdover/China-Universities-2026/blob/419bdc7ce6956fc88c2b70b3979f170b6666f111/data/uni-211.js,community_dataset,2026-06-09,auto,2026-10-01
4145010593,广西大学,academics.double_first_class_disciplines,"[""土木工程""]",https://github.com/Magicdover/China-Universities-2026/blob/419bdc7ce6956fc88c2b70b3979f170b6666f111/data/uni-211.js,community_dataset,2026-06-09,auto,2026-10-01
4145010593,广西大学,resources.career_url,"""http://zj.gxu.edu.cn/""",https://github.com/PotoYang/UniversityCareerWebPage/blob/0fbc54deee6a4a3aec67ffd77e41bccec898804e/README.md,community_dataset,2019-10-21,auto,2026-10-01
4145010594,广西科技大学,identity.slug_aliases,"[""guangxi-university-of-science-and-technology""]",https://github.com/damitheswitch/china-universities-dataset/blob/5eaa2a93f86ac322d53a36da9977d9a4c80f1f56/data/universities.json,community_dataset,2026,auto,2026-10-01
4145010594,广西科技大学,institution.school_type,"""理工""",https://github.com/xioajiumi/Chinese_Universities/blob/e088fddc329a6f0148ca72fd3b4d0fe069f13e3a/Chinese_Universities.json,community_dataset,2021,auto,2026-10-01
4145010594,广西科技大学,institution.country,"""China""",https://github.com/damitheswitch/china-universities-dataset/blob/5eaa2a93f86ac322d53a36da9977d9a4c80f1f56/data/universities.json,community_dataset,2026,auto,2026-10-01
4145010595,桂林电子科技大学,identity.short_name_zh,"""桂电""",https://github.com/Magicdover/China-Universities-2026/blob/419bdc7ce6956fc88c2b70b3979f170b6666f111/data/uni-extra2.js,community_dataset,2026-06-09,auto,2026-10-01
4145010595,桂林电子科技大学,identity.short_name_en,"""GUET""",https://github.com/Magicdover/China-Universities-2026/blob/419bdc7ce6956fc88c2b70b3979f170b6666f111/data/uni-extra2.js,community_dataset,2026-06-09,auto,2026-10-01
4145010595,桂林电子科技大学,identity.slug_aliases,"[""guilin-university-of-electronic-technology""]",https://github.com/damitheswitch/china-universities-dataset/blob/5eaa2a93f86ac322d53a36da9977d9a4c80f1f56/data/universities.json,community_dataset,2026,auto,2026-10-01
4145010595,桂林电子科技大学,institution.school_type,"""理工""",https://github.com/xioajiumi/Chinese_Universities/blob/e088fddc329a6f0148ca72fd3b4d0fe069f13e3a/Chinese_Universities.json,community_dataset,2021,auto,2026-10-01
4145010595,桂林电子科技大学,institution.country,"""China""",https://github.com/damitheswitch/china-universities-dataset/blob/5eaa2a93f86ac322d53a36da9977d9a4c80f1f56/data/universities.json,community_dataset,2026,auto,2026-10-01
4145010595,桂林电子科技大学,location.coordinates,"{""longitude"": 110.302, ""latitude"": 25.252, ""crs"": ""unspecified"", ""precision"": ""approximate"", ""location_kind"": ""community_map_point""}",https://github.com/Magicdover/China-Universities-2026/blob/419bdc7ce6956fc88c2b70b3979f170b6666f111/data/uni-extra2.js,community_dataset,2026-06-09,auto,2026-10-01
4145010595,桂林电子科技大学,resources.career_url,"""https://job.guet.edu.cn/""",https://github.com/PotoYang/UniversityCareerWebPage/blob/0fbc54deee6a4a3aec67ffd77e41bccec898804e/README.md,community_dataset,2019-10-21,auto,2026-10-01
4145010596,桂林理工大学,identity.slug_aliases,"[""guilin-university-of-technology""]",https://github.com/damitheswitch/china-universities-dataset/blob/5eaa2a93f86ac322d53a36da9977d9a4c80f1f56/data/universities.json,community_dataset,2026,auto,2026-10-01
4145010596,桂林理工大学,institution.school_type,"""理工""",https://github.com/xioajiumi/Chinese_Universities/blob/e088fddc329a6f0148ca72fd3b4d0fe069f13e3a/Chinese_Universities.json,community_dataset,2021,auto,2026-10-01
4145010596,桂林理工大学,institution.country,"""China""",https://github.com/damitheswitch/china-universities-dataset/blob/5eaa2a93f86ac322d53a36da9977d9a4c80f1f56/data/universities.json,community_dataset,2026,auto,2026-10-01
4145010596,桂林理工大学,resources.career_url,"""https://glut.doerjob.com/""",https://github.com/PotoYang/UniversityCareerWebPage/blob/0fbc54deee6a4a3aec67ffd77e41bccec898804e/README.md,community_dataset,2019-10-21,auto,2026-10-01
4145010598,广西医科大学,resources.career_url,"""http://jcy.gxmu.edu.cn/""",https://github.com/PotoYang/UniversityCareerWebPage/blob/0fbc54deee6a4a3aec67ffd77e41bccec898804e/README.md,community_dataset,2019-10-21,auto,2026-10-01
4145010602,广西师范大学,identity.slug_aliases,"[""guangxi-normal-university""]",https://github.com/damitheswitch/china-universities-dataset/blob/5eaa2a93f86ac322d53a36da9977d9a4c80f1f56/data/universities.json,community_dataset,2026,auto,2026-10-01
4145010602,广西师范大学,institution.school_type,"""师范""",https://github.com/xioajiumi/Chinese_Universities/blob/e088fddc329a6f0148ca72fd3b4d0fe069f13e3a/Chinese_Universities.json,community_dataset,2021,auto,2026-10-01
4145010602,广西师范大学,institution.country,"""China""",https://github.com/damitheswitch/china-universities-dataset/blob/5eaa2a93f86ac322d53a36da9977d9a4c80f1f56/data/universities.json,community_dataset,2026,auto,2026-10-01
4145010602,广西师范大学,resources.career_url,"""http://www.cg.gxnu.edu.cn/""",https://github.com/PotoYang/UniversityCareerWebPage/blob/0fbc54deee6a4a3aec67ffd77e41bccec898804e/README.md,community_dataset,2019-10-21,auto,2026-10-01
4145010603,南宁师范大学,identity.slug_aliases,"[""guangxi-teachers-education-university""]",https://github.com/damitheswitch/china-universities-dataset/blob/5eaa2a93f86ac322d53a36da9977d9a4c80f1f56/data/universities.json,community_dataset,2026,auto,2026-10-01
4145010603,南宁师范大学,institution.school_type,"""师范""",https://github.com/xioajiumi/Chinese_Universities/blob/e088fddc329a6f0148ca72fd3b4d0fe069f13e3a/Chinese_Universities.json,community_dataset,2021,auto,2026-10-01
4145010603,南宁师范大学,institution.country,"""China""",https://github.com/damitheswitch/china-universities-dataset/blob/5eaa2a93f86ac322d53a36da9977d9a4c80f1f56/data/universities.json,community_dataset,2026,auto,2026-10-01
4145010604,广西民族师范学院,identity.slug_aliases,"[""guangxi-normal-university-for-nationalities""]",https://github.com/damitheswitch/china-universities-dataset/blob/5eaa2a93f86ac322d53a36da9977d9a4c80f1f56/data/universities.json,community_dataset,2026,auto,2026-10-01
4145010604,广西民族师范学院,institution.school_type,"""师范""",https://github.com/xioajiumi/Chinese_Universities/blob/e088fddc329a6f0148ca72fd3b4d0fe069f13e3a/Chinese_Universities.json,community_dataset,2021,auto,2026-10-01
4145010604,广西民族师范学院,institution.country,"""China""",https://github.com/damitheswitch/china-universities-dataset/blob/5eaa2a93f86ac322d53a36da9977d9a4c80f1f56/data/universities.json,community_dataset,2026,auto,2026-10-01
4145010605,河池学院,identity.slug_aliases,"[""hechi-university""]",https://github.com/damitheswitch/china-universities-dataset/blob/5eaa2a93f86ac322d53a36da9977d9a4c80f1f56/data/universities.json,community_dataset,2026,auto,2026-10-01
4145010605,河池学院,institution.school_type,"""综合""",https://github.com/xioajiumi/Chinese_Universities/blob/e088fddc329a6f0148ca72fd3b4d0fe069f13e3a/Chinese_Universities.json,community_dataset,2021,auto,2026-10-01
4145010605,河池学院,institution.country,"""China""",https://github.com/damitheswitch/china-universities-dataset/blob/5eaa2a93f86ac322d53a36da9977d9a4c80f1f56/data/universities.json,community_dataset,2026,auto,2026-10-01
4145010606,玉林师范学院,identity.slug_aliases,"[""yulin-normal-university""]",https://github.com/damitheswitch/china-universities-dataset/blob/5eaa2a93f86ac322d53a36da9977d9a4c80f1f56/data/universities.json,community_dataset,2026,auto,2026-10-01
4145010606,玉林师范学院,institution.school_type,"""师范""",https://github.com/xioajiumi/Chinese_Universities/blob/e088fddc329a6f0148ca72fd3b4d0fe069f13e3a/Chinese_Universities.json,community_dataset,2021,auto,2026-10-01
4145010606,玉林师范学院,institution.country,"""China""",https://github.com/damitheswitch/china-universities-dataset/blob/5eaa2a93f86ac322d53a36da9977d9a4c80f1f56/data/universities.json,community_dataset,2026,auto,2026-10-01
4145010608,广西民族大学,resources.career_url,"""https://jyb.gxun.edu.cn/""",https://github.com/PotoYang/UniversityCareerWebPage/blob/0fbc54deee6a4a3aec67ffd77e41bccec898804e/README.md,community_dataset,2019-10-21,auto,2026-10-01
4145010609,百色学院,identity.slug_aliases,"[""baise-university""]",https://github.com/damitheswitch/china-universities-dataset/blob/5eaa2a93f86ac322d53a36da9977d9a4c80f1f56/data/universities.json,community_dataset,2026,auto,2026-10-01
4145010609,百色学院,institution.school_type,"""综合""",https://github.com/xioajiumi/Chinese_Universities/blob/e088fddc329a6f0148ca72fd3b4d0fe069f13e3a/Chinese_Universities.json,community_dataset,2021,auto,2026-10-01
4145010609,百色学院,institution.country,"""China""",https://github.com/damitheswitch/china-universities-dataset/blob/5eaa2a93f86ac322d53a36da9977d9a4c80f1f56/data/universities.json,community_dataset,2026,auto,2026-10-01
4145011354,梧州学院,identity.slug_aliases,"[""wuzhou-university""]",https://github.com/damitheswitch/china-universities-dataset/blob/5eaa2a93f86ac322d53a36da9977d9a4c80f1f56/data/universities.json,community_dataset,2026,auto,2026-10-01
4145011354,梧州学院,institution.school_type,"""综合""",https://github.com/xioajiumi/Chinese_Universities/blob/e088fddc329a6f0148ca72fd3b4d0fe069f13e3a/Chinese_Universities.json,community_dataset,2021,auto,2026-10-01
4145011354,梧州学院,institution.country,"""China""",https://github.com/damitheswitch/china-universities-dataset/blob/5eaa2a93f86ac322d53a36da9977d9a4c80f1f56/data/universities.json,community_dataset,2026,auto,2026-10-01
4145011546,广西科技师范学院,identity.slug_aliases,"[""guangxi-science-and-technology-normal-university""]",https://github.com/damitheswitch/china-universities-dataset/blob/5eaa2a93f86ac322d53a36da9977d9a4c80f1f56/data/universities.json,community_dataset,2026,auto,2026-10-01
4145011546,广西科技师范学院,institution.school_type,"""师范""",https://github.com/xioajiumi/Chinese_Universities/blob/e088fddc329a6f0148ca72fd3b4d0fe069f13e3a/Chinese_Universities.json,community_dataset,2021,auto,2026-10-01
4145011546,广西科技师范学院,institution.country,"""China""",https://github.com/damitheswitch/china-universities-dataset/blob/5eaa2a93f86ac322d53a36da9977d9a4c80f1f56/data/universities.json,community_dataset,2026,auto,2026-10-01
4145011607,北部湾大学,identity.slug_aliases,"[""beibu-gulf-university""]",https://github.com/damitheswitch/china-universities-dataset/blob/5eaa2a93f86ac322d53a36da9977d9a4c80f1f56/data/universities.json,community_dataset,2026,auto,2026-10-01
4145011607,北部湾大学,institution.school_type,"""综合""",https://github.com/xioajiumi/Chinese_Universities/blob/e088fddc329a6f0148ca72fd3b4d0fe069f13e3a/Chinese_Universities.json,community_dataset,2021,auto,2026-10-01
4145011607,北部湾大学,institution.country,"""China""",https://github.com/damitheswitch/china-universities-dataset/blob/5eaa2a93f86ac322d53a36da9977d9a4c80f1f56/data/universities.json,community_dataset,2026,auto,2026-10-01
4145011825,桂林航天工业学院,identity.slug_aliases,"[""guilin-university-of-aerospace-technology""]",https://github.com/damitheswitch/china-universities-dataset/blob/5eaa2a93f86ac322d53a36da9977d9a4c80f1f56/data/universities.json,community_dataset,2026,auto,2026-10-01
4145011825,桂林航天工业学院,institution.school_type,"""理工""",https://github.com/xioajiumi/Chinese_Universities/blob/e088fddc329a6f0148ca72fd3b4d0fe069f13e3a/Chinese_Universities.json,community_dataset,2021,auto,2026-10-01
4145011825,桂林航天工业学院,institution.country,"""China""",https://github.com/damitheswitch/china-universities-dataset/blob/5eaa2a93f86ac322d53a36da9977d9a4c80f1f56/data/universities.json,community_dataset,2026,auto,2026-10-01
4145011825,桂林航天工业学院,resources.career_url,"""http://bysjy.guat.edu.cn/""",https://github.com/PotoYang/UniversityCareerWebPage/blob/0fbc54deee6a4a3aec67ffd77e41bccec898804e/README.md,community_dataset,2019-10-21,auto,2026-10-01
4145011838,贺州学院,identity.slug_aliases,"[""hezhou-university""]",https://github.com/damitheswitch/china-universities-dataset/blob/5eaa2a93f86ac322d53a36da9977d9a4c80f1f56/data/universities.json,community_dataset,2026,auto,2026-10-01
4145011838,贺州学院,institution.school_type,"""综合""",https://github.com/xioajiumi/Chinese_Universities/blob/e088fddc329a6f0148ca72fd3b4d0fe069f13e3a/Chinese_Universities.json,community_dataset,2021,auto,2026-10-01
4145011838,贺州学院,institution.country,"""China""",https://github.com/damitheswitch/china-universities-dataset/blob/5eaa2a93f86ac322d53a36da9977d9a4c80f1f56/data/universities.json,community_dataset,2026,auto,2026-10-01
4165010755,新疆大学,identity.short_name_zh,"""新大""",https://github.com/Magicdover/China-Universities-2026/blob/419bdc7ce6956fc88c2b70b3979f170b6666f111/data/uni-211.js,community_dataset,2026-06-09,auto,2026-10-01
4165010755,新疆大学,identity.short_name_en,"""XJU""",https://github.com/Magicdover/China-Universities-2026/blob/419bdc7ce6956fc88c2b70b3979f170b6666f111/data/uni-211.js,community_dataset,2026-06-09,auto,2026-10-01
4165010755,新疆大学,identity.slug_aliases,"[""xinjiang-university""]",https://github.com/damitheswitch/china-universities-dataset/blob/5eaa2a93f86ac322d53a36da9977d9a4c80f1f56/data/universities.json,community_dataset,2026,auto,2026-10-01
4165010755,新疆大学,institution.school_type,"""综合""",https://github.com/xioajiumi/Chinese_Universities/blob/e088fddc329a6f0148ca72fd3b4d0fe069f13e3a/Chinese_Universities.json,community_dataset,2021,auto,2026-10-01
4165010755,新疆大学,institution.country,"""China""",https://github.com/damitheswitch/china-universities-dataset/blob/5eaa2a93f86ac322d53a36da9977d9a4c80f1f56/data/universities.json,community_dataset,2026,auto,2026-10-01
4165010755,新疆大学,institution.groups,"[""双一流"", ""211""]",https://github.com/damitheswitch/china-universities-dataset/blob/5eaa2a93f86ac322d53a36da9977d9a4c80f1f56/data/universities.json,community_dataset,2026,auto,2026-10-01
4165010755,新疆大学,location.coordinates,"{""longitude"": 87.601, ""latitude"": 43.795, ""crs"": ""unspecified"", ""precision"": ""approximate"", ""location_kind"": ""community_map_point""}",https://github.com/Magicdover/China-Universities-2026/blob/419bdc7ce6956fc88c2b70b3979f170b6666f111/data/uni-211.js,community_dataset,2026-06-09,auto,2026-10-01
4165010755,新疆大学,academics.double_first_class_disciplines,"[""马克思主义理论"", ""化学工程与技术""]",https://github.com/Magicdover/China-Universities-2026/blob/419bdc7ce6956fc88c2b70b3979f170b6666f111/data/uni-211.js,community_dataset,2026-06-09,auto,2026-10-01
4165010755,新疆大学,resources.career_url,"""http://job.xju.edu.cn/Web""",https://github.com/PotoYang/UniversityCareerWebPage/blob/0fbc54deee6a4a3aec67ffd77e41bccec898804e/README.md,community_dataset,2019-10-21,auto,2026-10-01
4165010757,塔里木大学,identity.slug_aliases,"[""tarim-university""]",https://github.com/damitheswitch/china-universities-dataset/blob/5eaa2a93f86ac322d53a36da9977d9a4c80f1f56/data/universities.json,community_dataset,2026,auto,2026-10-01
4165010757,塔里木大学,institution.school_type,"""综合""",https://github.com/xioajiumi/Chinese_Universities/blob/e088fddc329a6f0148ca72fd3b4d0fe069f13e3a/Chinese_Universities.json,community_dataset,2021,auto,2026-10-01
4165010757,塔里木大学,institution.country,"""China""",https://github.com/damitheswitch/china-universities-dataset/blob/5eaa2a93f86ac322d53a36da9977d9a4c80f1f56/data/universities.json,community_dataset,2026,auto,2026-10-01
4165010758,新疆农业大学,identity.slug_aliases,"[""xinjiang-agricultural-university""]",https://github.com/damitheswitch/china-universities-dataset/blob/5eaa2a93f86ac322d53a36da9977d9a4c80f1f56/data/universities.json,community_dataset,2026,auto,2026-10-01
4165010758,新疆农业大学,institution.school_type,"""农业""",https://github.com/xioajiumi/Chinese_Universities/blob/e088fddc329a6f0148ca72fd3b4d0fe069f13e3a/Chinese_Universities.json,community_dataset,2021,auto,2026-10-01
4165010758,新疆农业大学,institution.country,"""China""",https://github.com/damitheswitch/china-universities-dataset/blob/5eaa2a93f86ac322d53a36da9977d9a4c80f1f56/data/universities.json,community_dataset,2026,auto,2026-10-01
4165010759,石河子大学,identity.short_name_zh,"""石大""",https://github.com/Magicdover/China-Universities-2026/blob/419bdc7ce6956fc88c2b70b3979f170b6666f111/data/uni-211.js,community_dataset,2026-06-09,auto,2026-10-01
4165010759,石河子大学,identity.short_name_en,"""SHZU""",https://github.com/Magicdover/China-Universities-2026/blob/419bdc7ce6956fc88c2b70b3979f170b6666f111/data/uni-211.js,community_dataset,2026-06-09,auto,2026-10-01
4165010759,石河子大学,identity.slug_aliases,"[""shihezi-university""]",https://github.com/damitheswitch/china-universities-dataset/blob/5eaa2a93f86ac322d53a36da9977d9a4c80f1f56/data/universities.json,community_dataset,2026,auto,2026-10-01
4165010759,石河子大学,institution.school_type,"""综合""",https://github.com/xioajiumi/Chinese_Universities/blob/e088fddc329a6f0148ca72fd3b4d0fe069f13e3a/Chinese_Universities.json,community_dataset,2021,auto,2026-10-01
4165010759,石河子大学,institution.country,"""China""",https://github.com/damitheswitch/china-universities-dataset/blob/5eaa2a93f86ac322d53a36da9977d9a4c80f1f56/data/universities.json,community_dataset,2026,auto,2026-10-01
4165010759,石河子大学,institution.groups,"[""双一流"", ""211""]",https://github.com/damitheswitch/china-universities-dataset/blob/5eaa2a93f86ac322d53a36da9977d9a4c80f1f56/data/universities.json,community_dataset,2026,auto,2026-10-01
4165010759,石河子大学,location.coordinates,"{""longitude"": 86.041, ""latitude"": 44.306, ""crs"": ""unspecified"", ""precision"": ""approximate"", ""location_kind"": ""community_map_point""}",https://github.com/Magicdover/China-Universities-2026/blob/419bdc7ce6956fc88c2b70b3979f170b6666f111/data/uni-211.js,community_dataset,2026-06-09,auto,2026-10-01
4165010759,石河子大学,academics.double_first_class_disciplines,"[""化学工程与技术""]",https://github.com/Magicdover/China-Universities-2026/blob/419bdc7ce6956fc88c2b70b3979f170b6666f111/data/uni-211.js,community_dataset,2026-06-09,auto,2026-10-01
4165010759,石河子大学,resources.career_url,"""http://scc.shzu.edu.cn/""",https://github.com/PotoYang/UniversityCareerWebPage/blob/0fbc54deee6a4a3aec67ffd77e41bccec898804e/README.md,community_dataset,2019-10-21,auto,2026-10-01
4165010762,新疆师范大学,identity.slug_aliases,"[""xinjiang-normal-university""]",https://github.com/damitheswitch/china-universities-dataset/blob/5eaa2a93f86ac322d53a36da9977d9a4c80f1f56/data/universities.json,community_dataset,2026,auto,2026-10-01
4165010762,新疆师范大学,institution.school_type,"""师范""",https://github.com/xioajiumi/Chinese_Universities/blob/e088fddc329a6f0148ca72fd3b4d0fe069f13e3a/Chinese_Universities.json,community_dataset,2021,auto,2026-10-01
4165010762,新疆师范大学,institution.country,"""China""",https://github.com/damitheswitch/china-universities-dataset/blob/5eaa2a93f86ac322d53a36da9977d9a4c80f1f56/data/universities.json,community_dataset,2026,auto,2026-10-01
4165010763,喀什大学,identity.slug_aliases,"[""kashi-university""]",https://github.com/damitheswitch/china-universities-dataset/blob/5eaa2a93f86ac322d53a36da9977d9a4c80f1f56/data/universities.json,community_dataset,2026,auto,2026-10-01
4165010763,喀什大学,institution.school_type,"""师范""",https://github.com/xioajiumi/Chinese_Universities/blob/e088fddc329a6f0148ca72fd3b4d0fe069f13e3a/Chinese_Universities.json,community_dataset,2021,auto,2026-10-01
4165010763,喀什大学,institution.country,"""China""",https://github.com/damitheswitch/china-universities-dataset/blob/5eaa2a93f86ac322d53a36da9977d9a4c80f1f56/data/universities.json,community_dataset,2026,auto,2026-10-01
4165010764,伊犁师范大学,identity.slug_aliases,"[""yili-normal-university""]",https://github.com/damitheswitch/china-universities-dataset/blob/5eaa2a93f86ac322d53a36da9977d9a4c80f1f56/data/universities.json,community_dataset,2026,auto,2026-10-01
4165010764,伊犁师范大学,institution.school_type,"""师范""",https://github.com/xioajiumi/Chinese_Universities/blob/e088fddc329a6f0148ca72fd3b4d0fe069f13e3a/Chinese_Universities.json,community_dataset,2021,auto,2026-10-01
4165010764,伊犁师范大学,institution.country,"""China""",https://github.com/damitheswitch/china-universities-dataset/blob/5eaa2a93f86ac322d53a36da9977d9a4c80f1f56/data/universities.json,community_dataset,2026,auto,2026-10-01
4165010994,新疆工程学院,identity.slug_aliases,"[""xinjiang-institute-of-engineering""]",https://github.com/damitheswitch/china-universities-dataset/blob/5eaa2a93f86ac322d53a36da9977d9a4c80f1f56/data/universities.json,community_dataset,2026,auto,2026-10-01
4165010994,新疆工程学院,institution.school_type,"""理工""",https://github.com/xioajiumi/Chinese_Universities/blob/e088fddc329a6f0148ca72fd3b4d0fe069f13e3a/Chinese_Universities.json,community_dataset,2021,auto,2026-10-01
4165010994,新疆工程学院,institution.country,"""China""",https://github.com/damitheswitch/china-universities-dataset/blob/5eaa2a93f86ac322d53a36da9977d9a4c80f1f56/data/universities.json,community_dataset,2026,auto,2026-10-01
4165010997,昌吉学院,identity.slug_aliases,"[""changji-university""]",https://github.com/damitheswitch/china-universities-dataset/blob/5eaa2a93f86ac322d53a36da9977d9a4c80f1f56/data/universities.json,community_dataset,2026,auto,2026-10-01
4165010997,昌吉学院,institution.school_type,"""师范""",https://github.com/xioajiumi/Chinese_Universities/blob/e088fddc329a6f0148ca72fd3b4d0fe069f13e3a/Chinese_Universities.json,community_dataset,2021,auto,2026-10-01
4165010997,昌吉学院,institution.country,"""China""",https://github.com/damitheswitch/china-universities-dataset/blob/5eaa2a93f86ac322d53a36da9977d9a4c80f1f56/data/universities.json,community_dataset,2026,auto,2026-10-01
4165013558,新疆理工学院,identity.slug_aliases,"[""xinjiang-institute-of-technology""]",https://github.com/damitheswitch/china-universities-dataset/blob/5eaa2a93f86ac322d53a36da9977d9a4c80f1f56/data/universities.json,community_dataset,2026,auto,2026-10-01
4165013558,新疆理工学院,institution.school_type,"""综合""",https://github.com/xioajiumi/Chinese_Universities/blob/e088fddc329a6f0148ca72fd3b4d0fe069f13e3a/Chinese_Universities.json,community_dataset,2021,auto,2026-10-01
4165013558,新疆理工学院,institution.country,"""China""",https://github.com/damitheswitch/china-universities-dataset/blob/5eaa2a93f86ac322d53a36da9977d9a4c80f1f56/data/universities.json,community_dataset,2026,auto,2026-10-01
4165013628,新疆政法学院,identity.slug_aliases,"[""college-of-science-technology-shihezi-university""]",https://github.com/damitheswitch/china-universities-dataset/blob/5eaa2a93f86ac322d53a36da9977d9a4c80f1f56/data/universities.json,community_dataset,2026,auto,2026-10-01
4165013628,新疆政法学院,institution.school_type,"""综合""",https://github.com/xioajiumi/Chinese_Universities/blob/e088fddc329a6f0148ca72fd3b4d0fe069f13e3a/Chinese_Universities.json,community_dataset,2021,auto,2026-10-01
4165013628,新疆政法学院,institution.country,"""China""",https://github.com/damitheswitch/china-universities-dataset/blob/5eaa2a93f86ac322d53a36da9977d9a4c80f1f56/data/universities.json,community_dataset,2026,auto,2026-10-01
4132010284,南京大学,identity.short_name_zh,"""南大""",https://github.com/Magicdover/China-Universities-2026/blob/419bdc7ce6956fc88c2b70b3979f170b6666f111/data/universities.js,community_dataset,2026-06-09,auto,2026-10-01
4132010284,南京大学,identity.short_name_en,"""NJU""",https://github.com/Magicdover/China-Universities-2026/blob/419bdc7ce6956fc88c2b70b3979f170b6666f111/data/universities.js,community_dataset,2026-06-09,auto,2026-10-01
4132010284,南京大学,identity.slug_aliases,"[""nanjing-university""]",https://github.com/damitheswitch/china-universities-dataset/blob/5eaa2a93f86ac322d53a36da9977d9a4c80f1f56/data/universities.json,community_dataset,2026,auto,2026-10-01
4132010284,南京大学,institution.school_type,"""综合""",https://github.com/xioajiumi/Chinese_Universities/blob/e088fddc329a6f0148ca72fd3b4d0fe069f13e3a/Chinese_Universities.json,community_dataset,2021,auto,2026-10-01
4132010284,南京大学,institution.nature,"""公办""",https://github.com/damitheswitch/china-universities-dataset/blob/5eaa2a93f86ac322d53a36da9977d9a4c80f1f56/data/universities.json,community_dataset,2026,auto,2026-10-01
4132010284,南京大学,institution.country,"""China""",https://github.com/damitheswitch/china-universities-dataset/blob/5eaa2a93f86ac322d53a36da9977d9a4c80f1f56/data/universities.json,community_dataset,2026,auto,2026-10-01
4132010284,南京大学,institution.languages_of_instruction,"[""Chinese"", ""English""]",https://github.com/damitheswitch/china-universities-dataset/blob/5eaa2a93f86ac322d53a36da9977d9a4c80f1f56/data/universities.json,community_dataset,2026,auto,2026-10-01
4132010284,南京大学,institution.groups,"[""双一流"", ""985"", ""211""]",https://github.com/damitheswitch/china-universities-dataset/blob/5eaa2a93f86ac322d53a36da9977d9a4c80f1f56/data/universities.json,community_dataset,2026,auto,2026-10-01
4132010284,南京大学,location.coordinates,"{""longitude"": 118.954, ""latitude"": 32.058, ""crs"": ""unspecified"", ""precision"": ""approximate"", ""location_kind"": ""community_map_point""}",https://github.com/Magicdover/China-Universities-2026/blob/419bdc7ce6956fc88c2b70b3979f170b6666f111/data/universities.js,community_dataset,2026-06-09,auto,2026-10-01
4132010284,南京大学,academics.double_first_class_disciplines,"[""物理学"", ""天文学"", ""地质学"", ""大气科学"", ""化学"", ""计算机科学与技术"", ""外国语言文学""]",https://github.com/Magicdover/China-Universities-2026/blob/419bdc7ce6956fc88c2b70b3979f170b6666f111/data/universities.js,community_dataset,2026-06-09,auto,2026-10-01
4132010284,南京大学,resources.career_url,"""http://job.nju.edu.cn/#!/home""",https://github.com/PotoYang/UniversityCareerWebPage/blob/0fbc54deee6a4a3aec67ffd77e41bccec898804e/README.md,community_dataset,2019-10-21,auto,2026-10-01
4132010284,南京大学,resources.english_website,"""https://www.nju.edu.cn/en/""",https://github.com/damitheswitch/china-universities-dataset/blob/5eaa2a93f86ac322d53a36da9977d9a4c80f1f56/data/universities.json,community_dataset,2026,auto,2026-10-01
4132010285,苏州大学,identity.short_name_zh,"""苏大""",https://github.com/Magicdover/China-Universities-2026/blob/419bdc7ce6956fc88c2b70b3979f170b6666f111/data/uni-211.js,community_dataset,2026-06-09,auto,2026-10-01
4132010285,苏州大学,identity.short_name_en,"""SUDA""",https://github.com/Magicdover/China-Universities-2026/blob/419bdc7ce6956fc88c2b70b3979f170b6666f111/data/uni-211.js,community_dataset,2026-06-09,auto,2026-10-01
4132010285,苏州大学,institution.school_type,"""综合""",https://github.com/xioajiumi/Chinese_Universities/blob/e088fddc329a6f0148ca72fd3b4d0fe069f13e3a/Chinese_Universities.json,community_dataset,2021,auto,2026-10-01
4132010285,苏州大学,institution.groups,"[""211"", ""双一流""]",https://github.com/Magicdover/China-Universities-2026/blob/419bdc7ce6956fc88c2b70b3979f170b6666f111/data/uni-211.js,community_dataset,2026-06-09,auto,2026-10-01
4132010285,苏州大学,location.coordinates,"{""longitude"": 120.638, ""latitude"": 31.305, ""crs"": ""unspecified"", ""precision"": ""approximate"", ""location_kind"": ""community_map_point""}",https://github.com/Magicdover/China-Universities-2026/blob/419bdc7ce6956fc88c2b70b3979f170b6666f111/data/uni-211.js,community_dataset,2026-06-09,auto,2026-10-01
4132010285,苏州大学,academics.double_first_class_disciplines,"[""材料科学与工程""]",https://github.com/Magicdover/China-Universities-2026/blob/419bdc7ce6956fc88c2b70b3979f170b6666f111/data/uni-211.js,community_dataset,2026-06-09,auto,2026-10-01
4132010285,苏州大学,resources.career_url,"""http://suda.91job.org.cn/""",https://github.com/PotoYang/UniversityCareerWebPage/blob/0fbc54deee6a4a3aec67ffd77e41bccec898804e/README.md,community_dataset,2019-10-21,auto,2026-10-01
4132010286,东南大学,identity.short_name_zh,"""东南""",https://github.com/Magicdover/China-Universities-2026/blob/419bdc7ce6956fc88c2b70b3979f170b6666f111/data/universities.js,community_dataset,2026-06-09,auto,2026-10-01
4132010286,东南大学,identity.short_name_en,"""SEU""",https://github.com/Magicdover/China-Universities-2026/blob/419bdc7ce6956fc88c2b70b3979f170b6666f111/data/universities.js,community_dataset,2026-06-09,auto,2026-10-01
4132010286,东南大学,identity.slug_aliases,"[""southeast-university""]",https://github.com/damitheswitch/china-universities-dataset/blob/5eaa2a93f86ac322d53a36da9977d9a4c80f1f56/data/universities.json,community_dataset,2026,auto,2026-10-01
4132010286,东南大学,institution.school_type,"""综合""",https://github.com/xioajiumi/Chinese_Universities/blob/e088fddc329a6f0148ca72fd3b4d0fe069f13e3a/Chinese_Universities.json,community_dataset,2021,auto,2026-10-01
4132010286,东南大学,institution.country,"""China""",https://github.com/damitheswitch/china-universities-dataset/blob/5eaa2a93f86ac322d53a36da9977d9a4c80f1f56/data/universities.json,community_dataset,2026,auto,2026-10-01
4132010286,东南大学,institution.groups,"[""双一流"", ""985"", ""211""]",https://github.com/damitheswitch/china-universities-dataset/blob/5eaa2a93f86ac322d53a36da9977d9a4c80f1f56/data/universities.json,community_dataset,2026,auto,2026-10-01
4132010286,东南大学,location.coordinates,"{""longitude"": 118.797, ""latitude"": 32.057, ""crs"": ""unspecified"", ""precision"": ""approximate"", ""location_kind"": ""community_map_point""}",https://github.com/Magicdover/China-Universities-2026/blob/419bdc7ce6956fc88c2b70b3979f170b6666f111/data/universities.js,community_dataset,2026-06-09,auto,2026-10-01
4132010286,东南大学,academics.double_first_class_disciplines,"[""建筑学"", ""土木工程"", ""交通运输工程"", ""生物医学工程"", ""电子科学与技术"", ""信息与通信工程"", ""艺术学理论""]",https://github.com/Magicdover/China-Universities-2026/blob/419bdc7ce6956fc88c2b70b3979f170b6666f111/data/universities.js,community_dataset,2026-06-09,auto,2026-10-01
4132010286,东南大学,resources.career_url,"""http://seu.91job.org.cn/""",https://github.com/PotoYang/UniversityCareerWebPage/blob/0fbc54deee6a4a3aec67ffd77e41bccec898804e/README.md,community_dataset,2019-10-21,auto,2026-10-01
4132010287,南京航空航天大学,identity.short_name_zh,"""南航""",https://github.com/Magicdover/China-Universities-2026/blob/419bdc7ce6956fc88c2b70b3979f170b6666f111/data/uni-211.js,community_dataset,2026-06-09,auto,2026-10-01
4132010287,南京航空航天大学,identity.short_name_en,"""NUAA""",https://github.com/Magicdover/China-Universities-2026/blob/419bdc7ce6956fc88c2b70b3979f170b6666f111/data/uni-211.js,community_dataset,2026-06-09,auto,2026-10-01
4132010287,南京航空航天大学,identity.slug_aliases,"[""nanjing-university-of-aeronautics-and-astronautics""]",https://github.com/damitheswitch/china-universities-dataset/blob/5eaa2a93f86ac322d53a36da9977d9a4c80f1f56/data/universities.json,community_dataset,2026,auto,2026-10-01
4132010287,南京航空航天大学,institution.school_type,"""理工""",https://github.com/xioajiumi/Chinese_Universities/blob/e088fddc329a6f0148ca72fd3b4d0fe069f13e3a/Chinese_Universities.json,community_dataset,2021,auto,2026-10-01
4132010287,南京航空航天大学,institution.country,"""China""",https://github.com/damitheswitch/china-universities-dataset/blob/5eaa2a93f86ac322d53a36da9977d9a4c80f1f56/data/universities.json,community_dataset,2026,auto,2026-10-01
4132010287,南京航空航天大学,institution.groups,"[""双一流"", ""211""]",https://github.com/damitheswitch/china-universities-dataset/blob/5eaa2a93f86ac322d53a36da9977d9a4c80f1f56/data/universities.json,community_dataset,2026,auto,2026-10-01
4132010287,南京航空航天大学,location.coordinates,"{""longitude"": 118.795, ""latitude"": 32.001, ""crs"": ""unspecified"", ""precision"": ""approximate"", ""location_kind"": ""community_map_point""}",https://github.com/Magicdover/China-Universities-2026/blob/419bdc7ce6956fc88c2b70b3979f170b6666f111/data/uni-211.js,community_dataset,2026-06-09,auto,2026-10-01
4132010287,南京航空航天大学,academics.double_first_class_disciplines,"[""航空宇航科学与技术"", ""力学""]",https://github.com/Magicdover/China-Universities-2026/blob/419bdc7ce6956fc88c2b70b3979f170b6666f111/data/uni-211.js,community_dataset,2026-06-09,auto,2026-10-01
4132010287,南京航空航天大学,resources.career_url,"""http://job.nuaa.edu.cn/""",https://github.com/PotoYang/UniversityCareerWebPage/blob/0fbc54deee6a4a3aec67ffd77e41bccec898804e/README.md,community_dataset,2019-10-21,auto,2026-10-01
4132010288,南京理工大学,identity.short_name_zh,"""南理工""",https://github.com/Magicdover/China-Universities-2026/blob/419bdc7ce6956fc88c2b70b3979f170b6666f111/data/uni-211.js,community_dataset,2026-06-09,auto,2026-10-01
4132010288,南京理工大学,identity.short_name_en,"""NJUST""",https://github.com/Magicdover/China-Universities-2026/blob/419bdc7ce6956fc88c2b70b3979f170b6666f111/data/uni-211.js,community_dataset,2026-06-09,auto,2026-10-01
4132010288,南京理工大学,identity.slug_aliases,"[""nanjing-university-of-science-and-technology""]",https://github.com/damitheswitch/china-universities-dataset/blob/5eaa2a93f86ac322d53a36da9977d9a4c80f1f56/data/universities.json,community_dataset,2026,auto,2026-10-01
4132010288,南京理工大学,institution.school_type,"""理工""",https://github.com/xioajiumi/Chinese_Universities/blob/e088fddc329a6f0148ca72fd3b4d0fe069f13e3a/Chinese_Universities.json,community_dataset,2021,auto,2026-10-01
4132010288,南京理工大学,institution.country,"""China""",https://github.com/damitheswitch/china-universities-dataset/blob/5eaa2a93f86ac322d53a36da9977d9a4c80f1f56/data/universities.json,community_dataset,2026,auto,2026-10-01
4132010288,南京理工大学,institution.groups,"[""双一流"", ""211""]",https://github.com/damitheswitch/china-universities-dataset/blob/5eaa2a93f86ac322d53a36da9977d9a4c80f1f56/data/universities.json,community_dataset,2026,auto,2026-10-01
4132010288,南京理工大学,location.coordinates,"{""longitude"": 118.857, ""latitude"": 32.027, ""crs"": ""unspecified"", ""precision"": ""approximate"", ""location_kind"": ""community_map_point""}",https://github.com/Magicdover/China-Universities-2026/blob/419bdc7ce6956fc88c2b70b3979f170b6666f111/data/uni-211.js,community_dataset,2026-06-09,auto,2026-10-01
4132010288,南京理工大学,academics.double_first_class_disciplines,"[""兵器科学与技术""]",https://github.com/Magicdover/China-Universities-2026/blob/419bdc7ce6956fc88c2b70b3979f170b6666f111/data/uni-211.js,community_dataset,2026-06-09,auto,2026-10-01
4132010288,南京理工大学,resources.career_url,"""http://rczp.njust.edu.cn/""",https://github.com/PotoYang/UniversityCareerWebPage/blob/0fbc54deee6a4a3aec67ffd77e41bccec898804e/README.md,community_dataset,2019-10-21,auto,2026-10-01
4132010289,江苏科技大学,identity.slug_aliases,"[""jiangsu-university-of-science-and-technology""]",https://github.com/damitheswitch/china-universities-dataset/blob/5eaa2a93f86ac322d53a36da9977d9a4c80f1f56/data/universities.json,community_dataset,2026,auto,2026-10-01
4132010289,江苏科技大学,institution.school_type,"""理工""",https://github.com/xioajiumi/Chinese_Universities/blob/e088fddc329a6f0148ca72fd3b4d0fe069f13e3a/Chinese_Universities.json,community_dataset,2021,auto,2026-10-01
4132010289,江苏科技大学,institution.country,"""China""",https://github.com/damitheswitch/china-universities-dataset/blob/5eaa2a93f86ac322d53a36da9977d9a4c80f1f56/data/universities.json,community_dataset,2026,auto,2026-10-01
4132010289,江苏科技大学,resources.career_url,"""http://just.91job.org.cn/""",https://github.com/PotoYang/UniversityCareerWebPage/blob/0fbc54deee6a4a3aec67ffd77e41bccec898804e/README.md,community_dataset,2019-10-21,auto,2026-10-01
4132010290,中国矿业大学,identity.short_name_zh,"""矿大""",https://github.com/Magicdover/China-Universities-2026/blob/419bdc7ce6956fc88c2b70b3979f170b6666f111/data/uni-211.js,community_dataset,2026-06-09,auto,2026-10-01
4132010290,中国矿业大学,identity.short_name_en,"""CUMT""",https://github.com/Magicdover/China-Universities-2026/blob/419bdc7ce6956fc88c2b70b3979f170b6666f111/data/uni-211.js,community_dataset,2026-06-09,auto,2026-10-01
4132010290,中国矿业大学,identity.slug_aliases,"[""china-university-of-mining-and-technology-xuzhou""]",https://github.com/damitheswitch/china-universities-dataset/blob/5eaa2a93f86ac322d53a36da9977d9a4c80f1f56/data/universities.json,community_dataset,2026,auto,2026-10-01
4132010290,中国矿业大学,institution.school_type,"""理工""",https://github.com/xioajiumi/Chinese_Universities/blob/e088fddc329a6f0148ca72fd3b4d0fe069f13e3a/Chinese_Universities.json,community_dataset,2021,auto,2026-10-01
4132010290,中国矿业大学,institution.country,"""China""",https://github.com/damitheswitch/china-universities-dataset/blob/5eaa2a93f86ac322d53a36da9977d9a4c80f1f56/data/universities.json,community_dataset,2026,auto,2026-10-01
4132010290,中国矿业大学,institution.groups,"[""双一流"", ""211""]",https://github.com/damitheswitch/china-universities-dataset/blob/5eaa2a93f86ac322d53a36da9977d9a4c80f1f56/data/universities.json,community_dataset,2026,auto,2026-10-01
4132010290,中国矿业大学,location.coordinates,"{""longitude"": 117.142, ""latitude"": 34.218, ""crs"": ""unspecified"", ""precision"": ""approximate"", ""location_kind"": ""community_map_point""}",https://github.com/Magicdover/China-Universities-2026/blob/419bdc7ce6956fc88c2b70b3979f170b6666f111/data/uni-211.js,community_dataset,2026-06-09,auto,2026-10-01
4132010290,中国矿业大学,academics.double_first_class_disciplines,"[""矿业工程"", ""安全科学与工程""]",https://github.com/Magicdover/China-Universities-2026/blob/419bdc7ce6956fc88c2b70b3979f170b6666f111/data/uni-211.js,community_dataset,2026-06-09,auto,2026-10-01
4132010290,中国矿业大学,resources.career_url,"""http://jyzd.cumt.edu.cn/""",https://github.com/PotoYang/UniversityCareerWebPage/blob/0fbc54deee6a4a3aec67ffd77e41bccec898804e/README.md,community_dataset,2019-10-21,auto,2026-10-01
4132010291,南京工业大学,identity.short_name_zh,"""南工大""",https://github.com/Magicdover/China-Universities-2026/blob/419bdc7ce6956fc88c2b70b3979f170b6666f111/data/uni-extra2.js,community_dataset,2026-06-09,auto,2026-10-01
4132010291,南京工业大学,identity.short_name_en,"""NJTECH""",https://github.com/Magicdover/China-Universities-2026/blob/419bdc7ce6956fc88c2b70b3979f170b6666f111/data/uni-extra2.js,community_dataset,2026-06-09,auto,2026-10-01
4132010291,南京工业大学,identity.slug_aliases,"[""nanjing-tech-university""]",https://github.com/damitheswitch/china-universities-dataset/blob/5eaa2a93f86ac322d53a36da9977d9a4c80f1f56/data/universities.json,community_dataset,2026,auto,2026-10-01
4132010291,南京工业大学,institution.school_type,"""理工""",https://github.com/xioajiumi/Chinese_Universities/blob/e088fddc329a6f0148ca72fd3b4d0fe069f13e3a/Chinese_Universities.json,community_dataset,2021,auto,2026-10-01
4132010291,南京工业大学,institution.country,"""China""",https://github.com/damitheswitch/china-universities-dataset/blob/5eaa2a93f86ac322d53a36da9977d9a4c80f1f56/data/universities.json,community_dataset,2026,auto,2026-10-01
4132010291,南京工业大学,location.coordinates,"{""longitude"": 118.703, ""latitude"": 32.101, ""crs"": ""unspecified"", ""precision"": ""approximate"", ""location_kind"": ""community_map_point""}",https://github.com/Magicdover/China-Universities-2026/blob/419bdc7ce6956fc88c2b70b3979f170b6666f111/data/uni-extra2.js,community_dataset,2026-06-09,auto,2026-10-01
4132010291,南京工业大学,resources.career_url,"""http://njtech.91job.org.cn/""",https://github.com/PotoYang/UniversityCareerWebPage/blob/0fbc54deee6a4a3aec67ffd77e41bccec898804e/README.md,community_dataset,2019-10-21,auto,2026-10-01
4132010292,常州大学,identity.slug_aliases,"[""changzhou-university""]",https://github.com/damitheswitch/china-universities-dataset/blob/5eaa2a93f86ac322d53a36da9977d9a4c80f1f56/data/universities.json,community_dataset,2026,auto,2026-10-01
4132010292,常州大学,institution.school_type,"""理工""",https://github.com/xioajiumi/Chinese_Universities/blob/e088fddc329a6f0148ca72fd3b4d0fe069f13e3a/Chinese_Universities.json,community_dataset,2021,auto,2026-10-01
4132010292,常州大学,institution.country,"""China""",https://github.com/damitheswitch/china-universities-dataset/blob/5eaa2a93f86ac322d53a36da9977d9a4c80f1f56/data/universities.json,community_dataset,2026,auto,2026-10-01
4132010293,南京邮电大学,identity.short_name_zh,"""南邮""",https://github.com/Magicdover/China-Universities-2026/blob/419bdc7ce6956fc88c2b70b3979f170b6666f111/data/uni-extra.js,community_dataset,2026-06-09,auto,2026-10-01
4132010293,南京邮电大学,identity.short_name_en,"""NJUPT""",https://github.com/Magicdover/China-Universities-2026/blob/419bdc7ce6956fc88c2b70b3979f170b6666f111/data/uni-extra.js,community_dataset,2026-06-09,auto,2026-10-01
4132010293,南京邮电大学,identity.slug_aliases,"[""nanjing-university-of-posts-and-telecommunications""]",https://github.com/damitheswitch/china-universities-dataset/blob/5eaa2a93f86ac322d53a36da9977d9a4c80f1f56/data/universities.json,community_dataset,2026,auto,2026-10-01
4132010293,南京邮电大学,institution.school_type,"""理工""",https://github.com/xioajiumi/Chinese_Universities/blob/e088fddc329a6f0148ca72fd3b4d0fe069f13e3a/Chinese_Universities.json,community_dataset,2021,auto,2026-10-01
4132010293,南京邮电大学,institution.country,"""China""",https://github.com/damitheswitch/china-universities-dataset/blob/5eaa2a93f86ac322d53a36da9977d9a4c80f1f56/data/universities.json,community_dataset,2026,auto,2026-10-01
4132010293,南京邮电大学,institution.groups,"[""双一流""]",https://github.com/damitheswitch/china-universities-dataset/blob/5eaa2a93f86ac322d53a36da9977d9a4c80f1f56/data/universities.json,community_dataset,2026,auto,2026-10-01
4132010293,南京邮电大学,location.coordinates,"{""longitude"": 118.791, ""latitude"": 32.113, ""crs"": ""unspecified"", ""precision"": ""approximate"", ""location_kind"": ""community_map_point""}",https://github.com/Magicdover/China-Universities-2026/blob/419bdc7ce6956fc88c2b70b3979f170b6666f111/data/uni-extra.js,community_dataset,2026-06-09,auto,2026-10-01
4132010293,南京邮电大学,academics.double_first_class_disciplines,"[""电子科学与技术""]",https://github.com/Magicdover/China-Universities-2026/blob/419bdc7ce6956fc88c2b70b3979f170b6666f111/data/uni-extra.js,community_dataset,2026-06-09,auto,2026-10-01
4132010293,南京邮电大学,resources.career_url,"""http://njupt.91job.org.cn/""",https://github.com/PotoYang/UniversityCareerWebPage/blob/0fbc54deee6a4a3aec67ffd77e41bccec898804e/README.md,community_dataset,2019-10-21,auto,2026-10-01
4132010294,河海大学,identity.short_name_zh,"""河海""",https://github.com/Magicdover/China-Universities-2026/blob/419bdc7ce6956fc88c2b70b3979f170b6666f111/data/uni-211.js,community_dataset,2026-06-09,auto,2026-10-01
4132010294,河海大学,identity.short_name_en,"""HHU""",https://github.com/Magicdover/China-Universities-2026/blob/419bdc7ce6956fc88c2b70b3979f170b6666f111/data/uni-211.js,community_dataset,2026-06-09,auto,2026-10-01
4132010294,河海大学,identity.slug_aliases,"[""hohai-university""]",https://github.com/damitheswitch/china-universities-dataset/blob/5eaa2a93f86ac322d53a36da9977d9a4c80f1f56/data/universities.json,community_dataset,2026,auto,2026-10-01
4132010294,河海大学,institution.school_type,"""理工""",https://github.com/xioajiumi/Chinese_Universities/blob/e088fddc329a6f0148ca72fd3b4d0fe069f13e3a/Chinese_Universities.json,community_dataset,2021,auto,2026-10-01
4132010294,河海大学,institution.country,"""China""",https://github.com/damitheswitch/china-universities-dataset/blob/5eaa2a93f86ac322d53a36da9977d9a4c80f1f56/data/universities.json,community_dataset,2026,auto,2026-10-01
4132010294,河海大学,institution.groups,"[""双一流"", ""211""]",https://github.com/damitheswitch/china-universities-dataset/blob/5eaa2a93f86ac322d53a36da9977d9a4c80f1f56/data/universities.json,community_dataset,2026,auto,2026-10-01
4132010294,河海大学,location.coordinates,"{""longitude"": 118.788, ""latitude"": 32.057, ""crs"": ""unspecified"", ""precision"": ""approximate"", ""location_kind"": ""community_map_point""}",https://github.com/Magicdover/China-Universities-2026/blob/419bdc7ce6956fc88c2b70b3979f170b6666f111/data/uni-211.js,community_dataset,2026-06-09,auto,2026-10-01
4132010294,河海大学,academics.double_first_class_disciplines,"[""水利工程"", ""环境科学与工程""]",https://github.com/Magicdover/China-Universities-2026/blob/419bdc7ce6956fc88c2b70b3979f170b6666f111/data/uni-211.js,community_dataset,2026-06-09,auto,2026-10-01
4132010294,河海大学,resources.career_url,"""http://hhu.91job.org.cn/""",https://github.com/PotoYang/UniversityCareerWebPage/blob/0fbc54deee6a4a3aec67ffd77e41bccec898804e/README.md,community_dataset,2019-10-21,auto,2026-10-01
4132010295,江南大学,identity.short_name_zh,"""江南大""",https://github.com/Magicdover/China-Universities-2026/blob/419bdc7ce6956fc88c2b70b3979f170b6666f111/data/uni-211.js,community_dataset,2026-06-09,auto,2026-10-01
4132010295,江南大学,identity.short_name_en,"""JNU""",https://github.com/Magicdover/China-Universities-2026/blob/419bdc7ce6956fc88c2b70b3979f170b6666f111/data/uni-211.js,community_dataset,2026-06-09,auto,2026-10-01
4132010295,江南大学,identity.slug_aliases,"[""jiangnan-university""]",https://github.com/damitheswitch/china-universities-dataset/blob/5eaa2a93f86ac322d53a36da9977d9a4c80f1f56/data/universities.json,community_dataset,2026,auto,2026-10-01
4132010295,江南大学,institution.school_type,"""综合""",https://github.com/xioajiumi/Chinese_Universities/blob/e088fddc329a6f0148ca72fd3b4d0fe069f13e3a/Chinese_Universities.json,community_dataset,2021,auto,2026-10-01
4132010295,江南大学,institution.country,"""China""",https://github.com/damitheswitch/china-universities-dataset/blob/5eaa2a93f86ac322d53a36da9977d9a4c80f1f56/data/universities.json,community_dataset,2026,auto,2026-10-01
4132010295,江南大学,institution.groups,"[""双一流"", ""211""]",https://github.com/damitheswitch/china-universities-dataset/blob/5eaa2a93f86ac322d53a36da9977d9a4c80f1f56/data/universities.json,community_dataset,2026,auto,2026-10-01
4132010295,江南大学,location.coordinates,"{""longitude"": 120.272, ""latitude"": 31.49, ""crs"": ""unspecified"", ""precision"": ""approximate"", ""location_kind"": ""community_map_point""}",https://github.com/Magicdover/China-Universities-2026/blob/419bdc7ce6956fc88c2b70b3979f170b6666f111/data/uni-211.js,community_dataset,2026-06-09,auto,2026-10-01
4132010295,江南大学,academics.double_first_class_disciplines,"[""轻工技术与工程"", ""食品科学与工程""]",https://github.com/Magicdover/China-Universities-2026/blob/419bdc7ce6956fc88c2b70b3979f170b6666f111/data/uni-211.js,community_dataset,2026-06-09,auto,2026-10-01
4132010295,江南大学,resources.career_url,"""http://zsjyc.jiangnan.edu.cn/""",https://github.com/PotoYang/UniversityCareerWebPage/blob/0fbc54deee6a4a3aec67ffd77e41bccec898804e/README.md,community_dataset,2019-10-21,auto,2026-10-01
4132010298,南京林业大学,identity.slug_aliases,"[""nanjing-forestry-university""]",https://github.com/damitheswitch/china-universities-dataset/blob/5eaa2a93f86ac322d53a36da9977d9a4c80f1f56/data/universities.json,community_dataset,2026,auto,2026-10-01
4132010298,南京林业大学,institution.school_type,"""林业""",https://github.com/xioajiumi/Chinese_Universities/blob/e088fddc329a6f0148ca72fd3b4d0fe069f13e3a/Chinese_Universities.json,community_dataset,2021,auto,2026-10-01
4132010298,南京林业大学,institution.country,"""China""",https://github.com/damitheswitch/china-universities-dataset/blob/5eaa2a93f86ac322d53a36da9977d9a4c80f1f56/data/universities.json,community_dataset,2026,auto,2026-10-01
4132010298,南京林业大学,institution.groups,"[""双一流""]",https://github.com/damitheswitch/china-universities-dataset/blob/5eaa2a93f86ac322d53a36da9977d9a4c80f1f56/data/universities.json,community_dataset,2026,auto,2026-10-01
4132010298,南京林业大学,resources.career_url,"""http://njfu.91job.org.cn/""",https://github.com/PotoYang/UniversityCareerWebPage/blob/0fbc54deee6a4a3aec67ffd77e41bccec898804e/README.md,community_dataset,2019-10-21,auto,2026-10-01
4132010299,江苏大学,identity.short_name_zh,"""江大""",https://github.com/Magicdover/China-Universities-2026/blob/419bdc7ce6956fc88c2b70b3979f170b6666f111/data/uni-extra2.js,community_dataset,2026-06-09,auto,2026-10-01
4132010299,江苏大学,identity.short_name_en,"""UJS""",https://github.com/Magicdover/China-Universities-2026/blob/419bdc7ce6956fc88c2b70b3979f170b6666f111/data/uni-extra2.js,community_dataset,2026-06-09,auto,2026-10-01
4132010299,江苏大学,identity.slug_aliases,"[""jiangsu-university""]",https://github.com/damitheswitch/china-universities-dataset/blob/5eaa2a93f86ac322d53a36da9977d9a4c80f1f56/data/universities.json,community_dataset,2026,auto,2026-10-01
4132010299,江苏大学,institution.school_type,"""综合""",https://github.com/xioajiumi/Chinese_Universities/blob/e088fddc329a6f0148ca72fd3b4d0fe069f13e3a/Chinese_Universities.json,community_dataset,2021,auto,2026-10-01
4132010299,江苏大学,institution.country,"""China""",https://github.com/damitheswitch/china-universities-dataset/blob/5eaa2a93f86ac322d53a36da9977d9a4c80f1f56/data/universities.json,community_dataset,2026,auto,2026-10-01
4132010299,江苏大学,location.coordinates,"{""longitude"": 119.503, ""latitude"": 32.201, ""crs"": ""unspecified"", ""precision"": ""approximate"", ""location_kind"": ""community_map_point""}",https://github.com/Magicdover/China-Universities-2026/blob/419bdc7ce6956fc88c2b70b3979f170b6666f111/data/uni-extra2.js,community_dataset,2026-06-09,auto,2026-10-01
4132010300,南京信息工程大学,identity.short_name_zh,"""南信大""",https://github.com/Magicdover/China-Universities-2026/blob/419bdc7ce6956fc88c2b70b3979f170b6666f111/data/uni-extra.js,community_dataset,2026-06-09,auto,2026-10-01
4132010300,南京信息工程大学,identity.short_name_en,"""NUIST""",https://github.com/Magicdover/China-Universities-2026/blob/419bdc7ce6956fc88c2b70b3979f170b6666f111/data/uni-extra.js,community_dataset,2026-06-09,auto,2026-10-01
4132010300,南京信息工程大学,identity.slug_aliases,"[""nanjing-university-of-information-science-technology""]",https://github.com/damitheswitch/china-universities-dataset/blob/5eaa2a93f86ac322d53a36da9977d9a4c80f1f56/data/universities.json,community_dataset,2026,auto,2026-10-01
4132010300,南京信息工程大学,institution.school_type,"""理工""",https://github.com/xioajiumi/Chinese_Universities/blob/e088fddc329a6f0148ca72fd3b4d0fe069f13e3a/Chinese_Universities.json,community_dataset,2021,auto,2026-10-01
4132010300,南京信息工程大学,institution.country,"""China""",https://github.com/damitheswitch/china-universities-dataset/blob/5eaa2a93f86ac322d53a36da9977d9a4c80f1f56/data/universities.json,community_dataset,2026,auto,2026-10-01
4132010300,南京信息工程大学,institution.groups,"[""双一流""]",https://github.com/damitheswitch/china-universities-dataset/blob/5eaa2a93f86ac322d53a36da9977d9a4c80f1f56/data/universities.json,community_dataset,2026,auto,2026-10-01
4132010300,南京信息工程大学,location.coordinates,"{""longitude"": 118.715, ""latitude"": 32.207, ""crs"": ""unspecified"", ""precision"": ""approximate"", ""location_kind"": ""community_map_point""}",https://github.com/Magicdover/China-Universities-2026/blob/419bdc7ce6956fc88c2b70b3979f170b6666f111/data/uni-extra.js,community_dataset,2026-06-09,auto,2026-10-01
4132010300,南京信息工程大学,academics.double_first_class_disciplines,"[""大气科学""]",https://github.com/Magicdover/China-Universities-2026/blob/419bdc7ce6956fc88c2b70b3979f170b6666f111/data/uni-extra.js,community_dataset,2026-06-09,auto,2026-10-01
4132010300,南京信息工程大学,resources.career_url,"""http://nuist.91job.org.cn/""",https://github.com/PotoYang/UniversityCareerWebPage/blob/0fbc54deee6a4a3aec67ffd77e41bccec898804e/README.md,community_dataset,2019-10-21,auto,2026-10-01
4132010304,南通大学,identity.slug_aliases,"[""nantong-university""]",https://github.com/damitheswitch/china-universities-dataset/blob/5eaa2a93f86ac322d53a36da9977d9a4c80f1f56/data/universities.json,community_dataset,2026,auto,2026-10-01
4132010304,南通大学,institution.school_type,"""综合""",https://github.com/xioajiumi/Chinese_Universities/blob/e088fddc329a6f0148ca72fd3b4d0fe069f13e3a/Chinese_Universities.json,community_dataset,2021,auto,2026-10-01
4132010304,南通大学,institution.country,"""China""",https://github.com/damitheswitch/china-universities-dataset/blob/5eaa2a93f86ac322d53a36da9977d9a4c80f1f56/data/universities.json,community_dataset,2026,auto,2026-10-01
4132010305,盐城工学院,identity.slug_aliases,"[""yancheng-institute-of-technology""]",https://github.com/damitheswitch/china-universities-dataset/blob/5eaa2a93f86ac322d53a36da9977d9a4c80f1f56/data/universities.json,community_dataset,2026,auto,2026-10-01
4132010305,盐城工学院,institution.school_type,"""理工""",https://github.com/xioajiumi/Chinese_Universities/blob/e088fddc329a6f0148ca72fd3b4d0fe069f13e3a/Chinese_Universities.json,community_dataset,2021,auto,2026-10-01
4132010305,盐城工学院,institution.country,"""China""",https://github.com/damitheswitch/china-universities-dataset/blob/5eaa2a93f86ac322d53a36da9977d9a4c80f1f56/data/universities.json,community_dataset,2026,auto,2026-10-01
4132010307,南京农业大学,identity.short_name_zh,"""南农""",https://github.com/Magicdover/China-Universities-2026/blob/419bdc7ce6956fc88c2b70b3979f170b6666f111/data/uni-special.js,community_dataset,2026-06-09,auto,2026-10-01
4132010307,南京农业大学,identity.short_name_en,"""NJAU""",https://github.com/Magicdover/China-Universities-2026/blob/419bdc7ce6956fc88c2b70b3979f170b6666f111/data/uni-special.js,community_dataset,2026-06-09,auto,2026-10-01
4132010307,南京农业大学,identity.slug_aliases,"[""nanjing-agricultural-university""]",https://github.com/damitheswitch/china-universities-dataset/blob/5eaa2a93f86ac322d53a36da9977d9a4c80f1f56/data/universities.json,community_dataset,2026,auto,2026-10-01
4132010307,南京农业大学,institution.school_type,"""农业""",https://github.com/xioajiumi/Chinese_Universities/blob/e088fddc329a6f0148ca72fd3b4d0fe069f13e3a/Chinese_Universities.json,community_dataset,2021,auto,2026-10-01
4132010307,南京农业大学,institution.country,"""China""",https://github.com/damitheswitch/china-universities-dataset/blob/5eaa2a93f86ac322d53a36da9977d9a4c80f1f56/data/universities.json,community_dataset,2026,auto,2026-10-01
4132010307,南京农业大学,institution.groups,"[""双一流"", ""211""]",https://github.com/damitheswitch/china-universities-dataset/blob/5eaa2a93f86ac322d53a36da9977d9a4c80f1f56/data/universities.json,community_dataset,2026,auto,2026-10-01
4132010307,南京农业大学,location.coordinates,"{""longitude"": 118.86, ""latitude"": 32.027, ""crs"": ""unspecified"", ""precision"": ""approximate"", ""location_kind"": ""community_map_point""}",https://github.com/Magicdover/China-Universities-2026/blob/419bdc7ce6956fc88c2b70b3979f170b6666f111/data/uni-special.js,community_dataset,2026-06-09,auto,2026-10-01
4132010307,南京农业大学,academics.double_first_class_disciplines,"[""作物学"", ""农业资源与环境""]",https://github.com/Magicdover/China-Universities-2026/blob/419bdc7ce6956fc88c2b70b3979f170b6666f111/data/uni-special.js,community_dataset,2026-06-09,auto,2026-10-01
4132010307,南京农业大学,resources.career_url,"""http://njau.91job.org.cn/""",https://github.com/PotoYang/UniversityCareerWebPage/blob/0fbc54deee6a4a3aec67ffd77e41bccec898804e/README.md,community_dataset,2019-10-21,auto,2026-10-01
4132010312,南京医科大学,identity.short_name_zh,"""南医大""",https://github.com/Magicdover/China-Universities-2026/blob/419bdc7ce6956fc88c2b70b3979f170b6666f111/data/uni-extra2.js,community_dataset,2026-06-09,auto,2026-10-01
4132010312,南京医科大学,identity.short_name_en,"""NJMU""",https://github.com/Magicdover/China-Universities-2026/blob/419bdc7ce6956fc88c2b70b3979f170b6666f111/data/uni-extra2.js,community_dataset,2026-06-09,auto,2026-10-01
4132010312,南京医科大学,institution.school_type,"""医药""",https://github.com/Magicdover/China-Universities-2026/blob/419bdc7ce6956fc88c2b70b3979f170b6666f111/data/uni-extra2.js,community_dataset,2026-06-09,auto,2026-10-01
4132010312,南京医科大学,institution.groups,"[""双一流""]",https://github.com/Magicdover/China-Universities-2026/blob/419bdc7ce6956fc88c2b70b3979f170b6666f111/data/uni-extra2.js,community_dataset,2026-06-09,auto,2026-10-01
4132010312,南京医科大学,location.coordinates,"{""longitude"": 118.781, ""latitude"": 32.061, ""crs"": ""unspecified"", ""precision"": ""approximate"", ""location_kind"": ""community_map_point""}",https://github.com/Magicdover/China-Universities-2026/blob/419bdc7ce6956fc88c2b70b3979f170b6666f111/data/uni-extra2.js,community_dataset,2026-06-09,auto,2026-10-01
4132010312,南京医科大学,academics.double_first_class_disciplines,"[""公共卫生与预防医学""]",https://github.com/Magicdover/China-Universities-2026/blob/419bdc7ce6956fc88c2b70b3979f170b6666f111/data/uni-extra2.js,community_dataset,2026-06-09,auto,2026-10-01
4132010312,南京医科大学,resources.career_url,"""http://njmu.91job.org.cn/""",https://github.com/PotoYang/UniversityCareerWebPage/blob/0fbc54deee6a4a3aec67ffd77e41bccec898804e/README.md,community_dataset,2019-10-21,auto,2026-10-01
4132010315,南京中医药大学,identity.short_name_zh,"""南中医""",https://github.com/Magicdover/China-Universities-2026/blob/419bdc7ce6956fc88c2b70b3979f170b6666f111/data/uni-extra.js,community_dataset,2026-06-09,auto,2026-10-01
4132010315,南京中医药大学,identity.short_name_en,"""NJUCM""",https://github.com/Magicdover/China-Universities-2026/blob/419bdc7ce6956fc88c2b70b3979f170b6666f111/data/uni-extra.js,community_dataset,2026-06-09,auto,2026-10-01
4132010315,南京中医药大学,institution.school_type,"""医药""",https://github.com/Magicdover/China-Universities-2026/blob/419bdc7ce6956fc88c2b70b3979f170b6666f111/data/uni-extra.js,community_dataset,2026-06-09,auto,2026-10-01
4132010315,南京中医药大学,institution.groups,"[""双一流""]",https://github.com/Magicdover/China-Universities-2026/blob/419bdc7ce6956fc88c2b70b3979f170b6666f111/data/uni-extra.js,community_dataset,2026-06-09,auto,2026-10-01
4132010315,南京中医药大学,location.coordinates,"{""longitude"": 118.903, ""latitude"": 31.923, ""crs"": ""unspecified"", ""precision"": ""approximate"", ""location_kind"": ""community_map_point""}",https://github.com/Magicdover/China-Universities-2026/blob/419bdc7ce6956fc88c2b70b3979f170b6666f111/data/uni-extra.js,community_dataset,2026-06-09,auto,2026-10-01
4132010315,南京中医药大学,academics.double_first_class_disciplines,"[""中药学""]",https://github.com/Magicdover/China-Universities-2026/blob/419bdc7ce6956fc88c2b70b3979f170b6666f111/data/uni-extra.js,community_dataset,2026-06-09,auto,2026-10-01
4132010315,南京中医药大学,resources.career_url,"""http://njucm.91job.org.cn/""",https://github.com/PotoYang/UniversityCareerWebPage/blob/0fbc54deee6a4a3aec67ffd77e41bccec898804e/README.md,community_dataset,2019-10-21,auto,2026-10-01
4132010316,中国药科大学,identity.short_name_zh,"""药大""",https://github.com/Magicdover/China-Universities-2026/blob/419bdc7ce6956fc88c2b70b3979f170b6666f111/data/uni-special.js,community_dataset,2026-06-09,auto,2026-10-01
4132010316,中国药科大学,identity.short_name_en,"""CPU""",https://github.com/Magicdover/China-Universities-2026/blob/419bdc7ce6956fc88c2b70b3979f170b6666f111/data/uni-special.js,community_dataset,2026-06-09,auto,2026-10-01
4132010316,中国药科大学,institution.school_type,"""医药""",https://github.com/Magicdover/China-Universities-2026/blob/419bdc7ce6956fc88c2b70b3979f170b6666f111/data/uni-special.js,community_dataset,2026-06-09,auto,2026-10-01
4132010316,中国药科大学,institution.groups,"[""211"", ""双一流""]",https://github.com/Magicdover/China-Universities-2026/blob/419bdc7ce6956fc88c2b70b3979f170b6666f111/data/uni-special.js,community_dataset,2026-06-09,auto,2026-10-01
4132010316,中国药科大学,location.coordinates,"{""longitude"": 118.923, ""latitude"": 31.932, ""crs"": ""unspecified"", ""precision"": ""approximate"", ""location_kind"": ""community_map_point""}",https://github.com/Magicdover/China-Universities-2026/blob/419bdc7ce6956fc88c2b70b3979f170b6666f111/data/uni-special.js,community_dataset,2026-06-09,auto,2026-10-01
4132010316,中国药科大学,academics.double_first_class_disciplines,"[""中药学"", ""药学""]",https://github.com/Magicdover/China-Universities-2026/blob/419bdc7ce6956fc88c2b70b3979f170b6666f111/data/uni-special.js,community_dataset,2026-06-09,auto,2026-10-01
4132010316,中国药科大学,resources.career_url,"""http://cpu.91job.org.cn/""",https://github.com/PotoYang/UniversityCareerWebPage/blob/0fbc54deee6a4a3aec67ffd77e41bccec898804e/README.md,community_dataset,2019-10-21,auto,2026-10-01
4132010319,南京师范大学,identity.short_name_zh,"""南师大""",https://github.com/Magicdover/China-Universities-2026/blob/419bdc7ce6956fc88c2b70b3979f170b6666f111/data/uni-special.js,community_dataset,2026-06-09,auto,2026-10-01
4132010319,南京师范大学,identity.short_name_en,"""NJNU""",https://github.com/Magicdover/China-Universities-2026/blob/419bdc7ce6956fc88c2b70b3979f170b6666f111/data/uni-special.js,community_dataset,2026-06-09,auto,2026-10-01
4132010319,南京师范大学,identity.slug_aliases,"[""nanjing-normal-university""]",https://github.com/damitheswitch/china-universities-dataset/blob/5eaa2a93f86ac322d53a36da9977d9a4c80f1f56/data/universities.json,community_dataset,2026,auto,2026-10-01
4132010319,南京师范大学,institution.school_type,"""师范""",https://github.com/xioajiumi/Chinese_Universities/blob/e088fddc329a6f0148ca72fd3b4d0fe069f13e3a/Chinese_Universities.json,community_dataset,2021,auto,2026-10-01
4132010319,南京师范大学,institution.country,"""China""",https://github.com/damitheswitch/china-universities-dataset/blob/5eaa2a93f86ac322d53a36da9977d9a4c80f1f56/data/universities.json,community_dataset,2026,auto,2026-10-01
4132010319,南京师范大学,institution.groups,"[""双一流"", ""211""]",https://github.com/damitheswitch/china-universities-dataset/blob/5eaa2a93f86ac322d53a36da9977d9a4c80f1f56/data/universities.json,community_dataset,2026,auto,2026-10-01
4132010319,南京师范大学,location.coordinates,"{""longitude"": 118.63, ""latitude"": 32.1, ""crs"": ""unspecified"", ""precision"": ""approximate"", ""location_kind"": ""community_map_point""}",https://github.com/Magicdover/China-Universities-2026/blob/419bdc7ce6956fc88c2b70b3979f170b6666f111/data/uni-special.js,community_dataset,2026-06-09,auto,2026-10-01
4132010319,南京师范大学,academics.double_first_class_disciplines,"[""地理学""]",https://github.com/Magicdover/China-Universities-2026/blob/419bdc7ce6956fc88c2b70b3979f170b6666f111/data/uni-special.js,community_dataset,2026-06-09,auto,2026-10-01
4132010319,南京师范大学,resources.career_url,"""http://njnu.jysd.com/""",https://github.com/PotoYang/UniversityCareerWebPage/blob/0fbc54deee6a4a3aec67ffd77e41bccec898804e/README.md,community_dataset,2019-10-21,auto,2026-10-01
4132010320,江苏师范大学,identity.slug_aliases,"[""jiangsu-normal-university""]",https://github.com/damitheswitch/china-universities-dataset/blob/5eaa2a93f86ac322d53a36da9977d9a4c80f1f56/data/universities.json,community_dataset,2026,auto,2026-10-01
4132010320,江苏师范大学,institution.school_type,"""师范""",https://github.com/xioajiumi/Chinese_Universities/blob/e088fddc329a6f0148ca72fd3b4d0fe069f13e3a/Chinese_Universities.json,community_dataset,2021,auto,2026-10-01
4132010320,江苏师范大学,institution.country,"""China""",https://github.com/damitheswitch/china-universities-dataset/blob/5eaa2a93f86ac322d53a36da9977d9a4c80f1f56/data/universities.json,community_dataset,2026,auto,2026-10-01
4132010320,江苏师范大学,resources.career_url,"""http://jsnu.91job.org.cn/""",https://github.com/PotoYang/UniversityCareerWebPage/blob/0fbc54deee6a4a3aec67ffd77e41bccec898804e/README.md,community_dataset,2019-10-21,auto,2026-10-01
4132010323,淮阴师范学院,identity.slug_aliases,"[""huaiyin-normal-university""]",https://github.com/damitheswitch/china-universities-dataset/blob/5eaa2a93f86ac322d53a36da9977d9a4c80f1f56/data/universities.json,community_dataset,2026,auto,2026-10-01
4132010323,淮阴师范学院,institution.school_type,"""师范""",https://github.com/xioajiumi/Chinese_Universities/blob/e088fddc329a6f0148ca72fd3b4d0fe069f13e3a/Chinese_Universities.json,community_dataset,2021,auto,2026-10-01
4132010323,淮阴师范学院,institution.country,"""China""",https://github.com/damitheswitch/china-universities-dataset/blob/5eaa2a93f86ac322d53a36da9977d9a4c80f1f56/data/universities.json,community_dataset,2026,auto,2026-10-01
4132010324,盐城师范学院,identity.slug_aliases,"[""yancheng-teachers-university""]",https://github.com/damitheswitch/china-universities-dataset/blob/5eaa2a93f86ac322d53a36da9977d9a4c80f1f56/data/universities.json,community_dataset,2026,auto,2026-10-01
4132010324,盐城师范学院,institution.school_type,"""师范""",https://github.com/xioajiumi/Chinese_Universities/blob/e088fddc329a6f0148ca72fd3b4d0fe069f13e3a/Chinese_Universities.json,community_dataset,2021,auto,2026-10-01
4132010324,盐城师范学院,institution.country,"""China""",https://github.com/damitheswitch/china-universities-dataset/blob/5eaa2a93f86ac322d53a36da9977d9a4c80f1f56/data/universities.json,community_dataset,2026,auto,2026-10-01
4132010327,南京财经大学,resources.career_url,"""http://njue.91job.org.cn/""",https://github.com/PotoYang/UniversityCareerWebPage/blob/0fbc54deee6a4a3aec67ffd77e41bccec898804e/README.md,community_dataset,2019-10-21,auto,2026-10-01
4132010332,苏州科技大学,identity.slug_aliases,"[""suzhou-university-of-science-and-technology""]",https://github.com/damitheswitch/china-universities-dataset/blob/5eaa2a93f86ac322d53a36da9977d9a4c80f1f56/data/universities.json,community_dataset,2026,auto,2026-10-01
4132010332,苏州科技大学,institution.school_type,"""理工""",https://github.com/xioajiumi/Chinese_Universities/blob/e088fddc329a6f0148ca72fd3b4d0fe069f13e3a/Chinese_Universities.json,community_dataset,2021,auto,2026-10-01
4132010332,苏州科技大学,institution.country,"""China""",https://github.com/damitheswitch/china-universities-dataset/blob/5eaa2a93f86ac322d53a36da9977d9a4c80f1f56/data/universities.json,community_dataset,2026,auto,2026-10-01
4132010333,苏州工学院,identity.slug_aliases,"[""changshu-institute-of-technology""]",https://github.com/damitheswitch/china-universities-dataset/blob/5eaa2a93f86ac322d53a36da9977d9a4c80f1f56/data/universities.json,community_dataset,2026,auto,2026-10-01
4132010333,苏州工学院,institution.school_type,"""理工""",https://github.com/damitheswitch/china-universities-dataset/blob/5eaa2a93f86ac322d53a36da9977d9a4c80f1f56/data/universities.json,community_dataset,2026,auto,2026-10-01
4132010333,苏州工学院,institution.country,"""China""",https://github.com/damitheswitch/china-universities-dataset/blob/5eaa2a93f86ac322d53a36da9977d9a4c80f1f56/data/universities.json,community_dataset,2026,auto,2026-10-01
4132011055,常州工学院,identity.slug_aliases,"[""changzhou-institute-of-technology""]",https://github.com/damitheswitch/china-universities-dataset/blob/5eaa2a93f86ac322d53a36da9977d9a4c80f1f56/data/universities.json,community_dataset,2026,auto,2026-10-01
4132011055,常州工学院,institution.school_type,"""理工""",https://github.com/xioajiumi/Chinese_Universities/blob/e088fddc329a6f0148ca72fd3b4d0fe069f13e3a/Chinese_Universities.json,community_dataset,2021,auto,2026-10-01
4132011055,常州工学院,institution.country,"""China""",https://github.com/damitheswitch/china-universities-dataset/blob/5eaa2a93f86ac322d53a36da9977d9a4c80f1f56/data/universities.json,community_dataset,2026,auto,2026-10-01
4132011117,扬州大学,identity.short_name_zh,"""扬大""",https://github.com/Magicdover/China-Universities-2026/blob/419bdc7ce6956fc88c2b70b3979f170b6666f111/data/uni-extra2.js,community_dataset,2026-06-09,auto,2026-10-01
4132011117,扬州大学,identity.short_name_en,"""YZU""",https://github.com/Magicdover/China-Universities-2026/blob/419bdc7ce6956fc88c2b70b3979f170b6666f111/data/uni-extra2.js,community_dataset,2026-06-09,auto,2026-10-01
4132011117,扬州大学,identity.slug_aliases,"[""yangzhou-university""]",https://github.com/damitheswitch/china-universities-dataset/blob/5eaa2a93f86ac322d53a36da9977d9a4c80f1f56/data/universities.json,community_dataset,2026,auto,2026-10-01
4132011117,扬州大学,institution.school_type,"""综合""",https://github.com/xioajiumi/Chinese_Universities/blob/e088fddc329a6f0148ca72fd3b4d0fe069f13e3a/Chinese_Universities.json,community_dataset,2021,auto,2026-10-01
4132011117,扬州大学,institution.country,"""China""",https://github.com/damitheswitch/china-universities-dataset/blob/5eaa2a93f86ac322d53a36da9977d9a4c80f1f56/data/universities.json,community_dataset,2026,auto,2026-10-01
4132011117,扬州大学,location.coordinates,"{""longitude"": 119.421, ""latitude"": 32.394, ""crs"": ""unspecified"", ""precision"": ""approximate"", ""location_kind"": ""community_map_point""}",https://github.com/Magicdover/China-Universities-2026/blob/419bdc7ce6956fc88c2b70b3979f170b6666f111/data/uni-extra2.js,community_dataset,2026-06-09,auto,2026-10-01
4132011117,扬州大学,resources.career_url,"""http://yzu.91job.org.cn/""",https://github.com/PotoYang/UniversityCareerWebPage/blob/0fbc54deee6a4a3aec67ffd77e41bccec898804e/README.md,community_dataset,2019-10-21,auto,2026-10-01
4132011276,南京工程学院,identity.slug_aliases,"[""nanjing-institute-of-technology""]",https://github.com/damitheswitch/china-universities-dataset/blob/5eaa2a93f86ac322d53a36da9977d9a4c80f1f56/data/universities.json,community_dataset,2026,auto,2026-10-01
4132011276,南京工程学院,institution.school_type,"""理工""",https://github.com/xioajiumi/Chinese_Universities/blob/e088fddc329a6f0148ca72fd3b4d0fe069f13e3a/Chinese_Universities.json,community_dataset,2021,auto,2026-10-01
4132011276,南京工程学院,institution.country,"""China""",https://github.com/damitheswitch/china-universities-dataset/blob/5eaa2a93f86ac322d53a36da9977d9a4c80f1f56/data/universities.json,community_dataset,2026,auto,2026-10-01
4132011460,南京晓庄学院,identity.slug_aliases,"[""nanjing-xiaozhuang-university""]",https://github.com/damitheswitch/china-universities-dataset/blob/5eaa2a93f86ac322d53a36da9977d9a4c80f1f56/data/universities.json,community_dataset,2026,auto,2026-10-01
4132011460,南京晓庄学院,institution.school_type,"""师范""",https://github.com/xioajiumi/Chinese_Universities/blob/e088fddc329a6f0148ca72fd3b4d0fe069f13e3a/Chinese_Universities.json,community_dataset,2021,auto,2026-10-01
4132011460,南京晓庄学院,institution.country,"""China""",https://github.com/damitheswitch/china-universities-dataset/blob/5eaa2a93f86ac322d53a36da9977d9a4c80f1f56/data/universities.json,community_dataset,2026,auto,2026-10-01
4132011463,江苏理工学院,identity.slug_aliases,"[""jiangsu-university-of-technology""]",https://github.com/damitheswitch/china-universities-dataset/blob/5eaa2a93f86ac322d53a36da9977d9a4c80f1f56/data/universities.json,community_dataset,2026,auto,2026-10-01
4132011463,江苏理工学院,institution.school_type,"""理工""",https://github.com/xioajiumi/Chinese_Universities/blob/e088fddc329a6f0148ca72fd3b4d0fe069f13e3a/Chinese_Universities.json,community_dataset,2021,auto,2026-10-01
4132011463,江苏理工学院,institution.country,"""China""",https://github.com/damitheswitch/china-universities-dataset/blob/5eaa2a93f86ac322d53a36da9977d9a4c80f1f56/data/universities.json,community_dataset,2026,auto,2026-10-01
4132011641,江苏海洋大学,identity.slug_aliases,"[""huaihai-institute-of-technology""]",https://github.com/damitheswitch/china-universities-dataset/blob/5eaa2a93f86ac322d53a36da9977d9a4c80f1f56/data/universities.json,community_dataset,2026,auto,2026-10-01
4132011641,江苏海洋大学,institution.school_type,"""理工""",https://github.com/xioajiumi/Chinese_Universities/blob/e088fddc329a6f0148ca72fd3b4d0fe069f13e3a/Chinese_Universities.json,community_dataset,2021,auto,2026-10-01
4132011641,江苏海洋大学,institution.country,"""China""",https://github.com/damitheswitch/china-universities-dataset/blob/5eaa2a93f86ac322d53a36da9977d9a4c80f1f56/data/universities.json,community_dataset,2026,auto,2026-10-01
4132011998,徐州工程学院,identity.slug_aliases,"[""xuzhou-institute-of-technology""]",https://github.com/damitheswitch/china-universities-dataset/blob/5eaa2a93f86ac322d53a36da9977d9a4c80f1f56/data/universities.json,community_dataset,2026,auto,2026-10-01
4132011998,徐州工程学院,institution.school_type,"""理工""",https://github.com/xioajiumi/Chinese_Universities/blob/e088fddc329a6f0148ca72fd3b4d0fe069f13e3a/Chinese_Universities.json,community_dataset,2021,auto,2026-10-01
4132011998,徐州工程学院,institution.country,"""China""",https://github.com/damitheswitch/china-universities-dataset/blob/5eaa2a93f86ac322d53a36da9977d9a4c80f1f56/data/universities.json,community_dataset,2026,auto,2026-10-01
4132012048,南京特殊教育师范学院,identity.slug_aliases,"[""nanjing-normal-university-of-special-education""]",https://github.com/damitheswitch/china-universities-dataset/blob/5eaa2a93f86ac322d53a36da9977d9a4c80f1f56/data/universities.json,community_dataset,2026,auto,2026-10-01
4132012048,南京特殊教育师范学院,institution.school_type,"""师范""",https://github.com/xioajiumi/Chinese_Universities/blob/e088fddc329a6f0148ca72fd3b4d0fe069f13e3a/Chinese_Universities.json,community_dataset,2021,auto,2026-10-01
4132012048,南京特殊教育师范学院,institution.country,"""China""",https://github.com/damitheswitch/china-universities-dataset/blob/5eaa2a93f86ac322d53a36da9977d9a4c80f1f56/data/universities.json,community_dataset,2026,auto,2026-10-01
4132012917,泰州学院,identity.slug_aliases,"[""taizhou-university-tzu""]",https://github.com/damitheswitch/china-universities-dataset/blob/5eaa2a93f86ac322d53a36da9977d9a4c80f1f56/data/universities.json,community_dataset,2026,auto,2026-10-01
4132012917,泰州学院,institution.school_type,"""师范""",https://github.com/xioajiumi/Chinese_Universities/blob/e088fddc329a6f0148ca72fd3b4d0fe069f13e3a/Chinese_Universities.json,community_dataset,2021,auto,2026-10-01
4132012917,泰州学院,institution.country,"""China""",https://github.com/damitheswitch/china-universities-dataset/blob/5eaa2a93f86ac322d53a36da9977d9a4c80f1f56/data/universities.json,community_dataset,2026,auto,2026-10-01
4132013573,金陵科技学院,identity.slug_aliases,"[""jinling-institute-of-technology""]",https://github.com/damitheswitch/china-universities-dataset/blob/5eaa2a93f86ac322d53a36da9977d9a4c80f1f56/data/universities.json,community_dataset,2026,auto,2026-10-01
4132013573,金陵科技学院,institution.school_type,"""综合""",https://github.com/xioajiumi/Chinese_Universities/blob/e088fddc329a6f0148ca72fd3b4d0fe069f13e3a/Chinese_Universities.json,community_dataset,2021,auto,2026-10-01
4132013573,金陵科技学院,institution.country,"""China""",https://github.com/damitheswitch/china-universities-dataset/blob/5eaa2a93f86ac322d53a36da9977d9a4c80f1f56/data/universities.json,community_dataset,2026,auto,2026-10-01
4132013982,无锡学院,identity.slug_aliases,"[""nanjing-university-of-information-science-and-technology-binjiang-college""]",https://github.com/damitheswitch/china-universities-dataset/blob/5eaa2a93f86ac322d53a36da9977d9a4c80f1f56/data/universities.json,community_dataset,2026,auto,2026-10-01
4132013982,无锡学院,institution.school_type,"""综合""",https://github.com/xioajiumi/Chinese_Universities/blob/e088fddc329a6f0148ca72fd3b4d0fe069f13e3a/Chinese_Universities.json,community_dataset,2021,auto,2026-10-01
4132013982,无锡学院,institution.country,"""China""",https://github.com/damitheswitch/china-universities-dataset/blob/5eaa2a93f86ac322d53a36da9977d9a4c80f1f56/data/universities.json,community_dataset,2026,auto,2026-10-01
4132013983,苏州城市学院,identity.slug_aliases,"[""wenzheng-college-of-soochow-university""]",https://github.com/damitheswitch/china-universities-dataset/blob/5eaa2a93f86ac322d53a36da9977d9a4c80f1f56/data/universities.json,community_dataset,2026,auto,2026-10-01
4132013983,苏州城市学院,institution.school_type,"""综合""",https://github.com/xioajiumi/Chinese_Universities/blob/e088fddc329a6f0148ca72fd3b4d0fe069f13e3a/Chinese_Universities.json,community_dataset,2021,auto,2026-10-01
4132013983,苏州城市学院,institution.country,"""China""",https://github.com/damitheswitch/china-universities-dataset/blob/5eaa2a93f86ac322d53a36da9977d9a4c80f1f56/data/universities.json,community_dataset,2026,auto,2026-10-01
4132014436,江苏第二师范学院,identity.slug_aliases,"[""jiangsu-second-normal-university""]",https://github.com/damitheswitch/china-universities-dataset/blob/5eaa2a93f86ac322d53a36da9977d9a4c80f1f56/data/universities.json,community_dataset,2026,auto,2026-10-01
4132014436,江苏第二师范学院,institution.school_type,"""师范""",https://github.com/xioajiumi/Chinese_Universities/blob/e088fddc329a6f0148ca72fd3b4d0fe069f13e3a/Chinese_Universities.json,community_dataset,2021,auto,2026-10-01
4132014436,江苏第二师范学院,institution.country,"""China""",https://github.com/damitheswitch/china-universities-dataset/blob/5eaa2a93f86ac322d53a36da9977d9a4c80f1f56/data/universities.json,community_dataset,2026,auto,2026-10-01
4136010403,南昌大学,identity.short_name_zh,"""南大(昌)""",https://github.com/Magicdover/China-Universities-2026/blob/419bdc7ce6956fc88c2b70b3979f170b6666f111/data/uni-211.js,community_dataset,2026-06-09,auto,2026-10-01
4136010403,南昌大学,identity.short_name_en,"""NCU""",https://github.com/Magicdover/China-Universities-2026/blob/419bdc7ce6956fc88c2b70b3979f170b6666f111/data/uni-211.js,community_dataset,2026-06-09,auto,2026-10-01
4136010403,南昌大学,identity.slug_aliases,"[""nanchang-university""]",https://github.com/damitheswitch/china-universities-dataset/blob/5eaa2a93f86ac322d53a36da9977d9a4c80f1f56/data/universities.json,community_dataset,2026,auto,2026-10-01
4136010403,南昌大学,institution.school_type,"""综合""",https://github.com/xioajiumi/Chinese_Universities/blob/e088fddc329a6f0148ca72fd3b4d0fe069f13e3a/Chinese_Universities.json,community_dataset,2021,auto,2026-10-01
4136010403,南昌大学,institution.country,"""China""",https://github.com/damitheswitch/china-universities-dataset/blob/5eaa2a93f86ac322d53a36da9977d9a4c80f1f56/data/universities.json,community_dataset,2026,auto,2026-10-01
4136010403,南昌大学,institution.groups,"[""双一流"", ""211""]",https://github.com/damitheswitch/china-universities-dataset/blob/5eaa2a93f86ac322d53a36da9977d9a4c80f1f56/data/universities.json,community_dataset,2026,auto,2026-10-01
4136010403,南昌大学,location.coordinates,"{""longitude"": 115.799, ""latitude"": 28.659, ""crs"": ""unspecified"", ""precision"": ""approximate"", ""location_kind"": ""community_map_point""}",https://github.com/Magicdover/China-Universities-2026/blob/419bdc7ce6956fc88c2b70b3979f170b6666f111/data/uni-211.js,community_dataset,2026-06-09,auto,2026-10-01
4136010403,南昌大学,academics.double_first_class_disciplines,"[""材料科学与工程""]",https://github.com/Magicdover/China-Universities-2026/blob/419bdc7ce6956fc88c2b70b3979f170b6666f111/data/uni-211.js,community_dataset,2026-06-09,auto,2026-10-01
4136010403,南昌大学,resources.career_url,"""http://jy.ncu.edu.cn/index""",https://github.com/PotoYang/UniversityCareerWebPage/blob/0fbc54deee6a4a3aec67ffd77e41bccec898804e/README.md,community_dataset,2019-10-21,auto,2026-10-01
4136010404,华东交通大学,identity.slug_aliases,"[""east-china-jiaotong-university""]",https://github.com/damitheswitch/china-universities-dataset/blob/5eaa2a93f86ac322d53a36da9977d9a4c80f1f56/data/universities.json,community_dataset,2026,auto,2026-10-01
4136010404,华东交通大学,institution.school_type,"""理工""",https://github.com/xioajiumi/Chinese_Universities/blob/e088fddc329a6f0148ca72fd3b4d0fe069f13e3a/Chinese_Universities.json,community_dataset,2021,auto,2026-10-01
4136010404,华东交通大学,institution.country,"""China""",https://github.com/damitheswitch/china-universities-dataset/blob/5eaa2a93f86ac322d53a36da9977d9a4c80f1f56/data/universities.json,community_dataset,2026,auto,2026-10-01
4136010404,华东交通大学,resources.career_url,"""http://zjc.ecjtu.edu.cn/module/onlines?type_id=5""",https://github.com/PotoYang/UniversityCareerWebPage/blob/0fbc54deee6a4a3aec67ffd77e41bccec898804e/README.md,community_dataset,2019-10-21,auto,2026-10-01
4136010405,东华理工大学,identity.slug_aliases,"[""east-china-university-of-technology""]",https://github.com/damitheswitch/china-universities-dataset/blob/5eaa2a93f86ac322d53a36da9977d9a4c80f1f56/data/universities.json,community_dataset,2026,auto,2026-10-01
4136010405,东华理工大学,institution.school_type,"""理工""",https://github.com/xioajiumi/Chinese_Universities/blob/e088fddc329a6f0148ca72fd3b4d0fe069f13e3a/Chinese_Universities.json,community_dataset,2021,auto,2026-10-01
4136010405,东华理工大学,institution.country,"""China""",https://github.com/damitheswitch/china-universities-dataset/blob/5eaa2a93f86ac322d53a36da9977d9a4c80f1f56/data/universities.json,community_dataset,2026,auto,2026-10-01
4136010406,南昌航空大学,identity.slug_aliases,"[""nanchang-hangkong-university""]",https://github.com/damitheswitch/china-universities-dataset/blob/5eaa2a93f86ac322d53a36da9977d9a4c80f1f56/data/universities.json,community_dataset,2026,auto,2026-10-01
4136010406,南昌航空大学,institution.school_type,"""理工""",https://github.com/xioajiumi/Chinese_Universities/blob/e088fddc329a6f0148ca72fd3b4d0fe069f13e3a/Chinese_Universities.json,community_dataset,2021,auto,2026-10-01
4136010406,南昌航空大学,institution.country,"""China""",https://github.com/damitheswitch/china-universities-dataset/blob/5eaa2a93f86ac322d53a36da9977d9a4c80f1f56/data/universities.json,community_dataset,2026,auto,2026-10-01
4136010406,南昌航空大学,resources.career_url,"""http://jyw.nchu.edu.cn/""",https://github.com/PotoYang/UniversityCareerWebPage/blob/0fbc54deee6a4a3aec67ffd77e41bccec898804e/README.md,community_dataset,2019-10-21,auto,2026-10-01
4136010407,江西理工大学,identity.slug_aliases,"[""jiangxi-university-of-science-and-technology""]",https://github.com/damitheswitch/china-universities-dataset/blob/5eaa2a93f86ac322d53a36da9977d9a4c80f1f56/data/universities.json,community_dataset,2026,auto,2026-10-01
4136010407,江西理工大学,institution.school_type,"""理工""",https://github.com/xioajiumi/Chinese_Universities/blob/e088fddc329a6f0148ca72fd3b4d0fe069f13e3a/Chinese_Universities.json,community_dataset,2021,auto,2026-10-01
4136010407,江西理工大学,institution.country,"""China""",https://github.com/damitheswitch/china-universities-dataset/blob/5eaa2a93f86ac322d53a36da9977d9a4c80f1f56/data/universities.json,community_dataset,2026,auto,2026-10-01
4136010407,江西理工大学,resources.career_url,"""http://jxlg.bysjy.com.cn/""",https://github.com/PotoYang/UniversityCareerWebPage/blob/0fbc54deee6a4a3aec67ffd77e41bccec898804e/README.md,community_dataset,2019-10-21,auto,2026-10-01
4136010408,景德镇陶瓷大学,identity.slug_aliases,"[""jingdezhen-ceramic-institute""]",https://github.com/damitheswitch/china-universities-dataset/blob/5eaa2a93f86ac322d53a36da9977d9a4c80f1f56/data/universities.json,community_dataset,2026,auto,2026-10-01
4136010408,景德镇陶瓷大学,institution.school_type,"""理工""",https://github.com/xioajiumi/Chinese_Universities/blob/e088fddc329a6f0148ca72fd3b4d0fe069f13e3a/Chinese_Universities.json,community_dataset,2021,auto,2026-10-01
4136010408,景德镇陶瓷大学,institution.country,"""China""",https://github.com/damitheswitch/china-universities-dataset/blob/5eaa2a93f86ac322d53a36da9977d9a4c80f1f56/data/universities.json,community_dataset,2026,auto,2026-10-01
4136010410,江西农业大学,identity.slug_aliases,"[""jiangxi-agricultural-university""]",https://github.com/damitheswitch/china-universities-dataset/blob/5eaa2a93f86ac322d53a36da9977d9a4c80f1f56/data/universities.json,community_dataset,2026,auto,2026-10-01
4136010410,江西农业大学,institution.school_type,"""农业""",https://github.com/xioajiumi/Chinese_Universities/blob/e088fddc329a6f0148ca72fd3b4d0fe069f13e3a/Chinese_Universities.json,community_dataset,2021,auto,2026-10-01
4136010410,江西农业大学,institution.country,"""China""",https://github.com/damitheswitch/china-universities-dataset/blob/5eaa2a93f86ac322d53a36da9977d9a4c80f1f56/data/universities.json,community_dataset,2026,auto,2026-10-01
4136010412,江西中医药大学,identity.short_name_zh,"""江中医""",https://github.com/Magicdover/China-Universities-2026/blob/419bdc7ce6956fc88c2b70b3979f170b6666f111/data/uni-extra2.js,community_dataset,2026-06-09,auto,2026-10-01
4136010412,江西中医药大学,identity.short_name_en,"""JXUTCM""",https://github.com/Magicdover/China-Universities-2026/blob/419bdc7ce6956fc88c2b70b3979f170b6666f111/data/uni-extra2.js,community_dataset,2026-06-09,auto,2026-10-01
4136010412,江西中医药大学,institution.school_type,"""医药""",https://github.com/Magicdover/China-Universities-2026/blob/419bdc7ce6956fc88c2b70b3979f170b6666f111/data/uni-extra2.js,community_dataset,2026-06-09,auto,2026-10-01
4136010412,江西中医药大学,location.coordinates,"{""longitude"": 115.891, ""latitude"": 28.681, ""crs"": ""unspecified"", ""precision"": ""approximate"", ""location_kind"": ""community_map_point""}",https://github.com/Magicdover/China-Universities-2026/blob/419bdc7ce6956fc88c2b70b3979f170b6666f111/data/uni-extra2.js,community_dataset,2026-06-09,auto,2026-10-01
4136010414,江西师范大学,identity.slug_aliases,"[""jiangxi-normal-university""]",https://github.com/damitheswitch/china-universities-dataset/blob/5eaa2a93f86ac322d53a36da9977d9a4c80f1f56/data/universities.json,community_dataset,2026,auto,2026-10-01
4136010414,江西师范大学,institution.school_type,"""师范""",https://github.com/xioajiumi/Chinese_Universities/blob/e088fddc329a6f0148ca72fd3b4d0fe069f13e3a/Chinese_Universities.json,community_dataset,2021,auto,2026-10-01
4136010414,江西师范大学,institution.country,"""China""",https://github.com/damitheswitch/china-universities-dataset/blob/5eaa2a93f86ac322d53a36da9977d9a4c80f1f56/data/universities.json,community_dataset,2026,auto,2026-10-01
4136010414,江西师范大学,resources.career_url,"""https://jy.jxnu.edu.cn/f/home/index/""",https://github.com/PotoYang/UniversityCareerWebPage/blob/0fbc54deee6a4a3aec67ffd77e41bccec898804e/README.md,community_dataset,2019-10-21,auto,2026-10-01
4136010416,上饶师范学院,identity.slug_aliases,"[""shangrao-normal-university""]",https://github.com/damitheswitch/china-universities-dataset/blob/5eaa2a93f86ac322d53a36da9977d9a4c80f1f56/data/universities.json,community_dataset,2026,auto,2026-10-01
4136010416,上饶师范学院,institution.school_type,"""师范""",https://github.com/xioajiumi/Chinese_Universities/blob/e088fddc329a6f0148ca72fd3b4d0fe069f13e3a/Chinese_Universities.json,community_dataset,2021,auto,2026-10-01
4136010416,上饶师范学院,institution.country,"""China""",https://github.com/damitheswitch/china-universities-dataset/blob/5eaa2a93f86ac322d53a36da9977d9a4c80f1f56/data/universities.json,community_dataset,2026,auto,2026-10-01
4136010417,宜春学院,identity.slug_aliases,"[""yichun-university""]",https://github.com/damitheswitch/china-universities-dataset/blob/5eaa2a93f86ac322d53a36da9977d9a4c80f1f56/data/universities.json,community_dataset,2026,auto,2026-10-01
4136010417,宜春学院,institution.school_type,"""综合""",https://github.com/xioajiumi/Chinese_Universities/blob/e088fddc329a6f0148ca72fd3b4d0fe069f13e3a/Chinese_Universities.json,community_dataset,2021,auto,2026-10-01
4136010417,宜春学院,institution.country,"""China""",https://github.com/damitheswitch/china-universities-dataset/blob/5eaa2a93f86ac322d53a36da9977d9a4c80f1f56/data/universities.json,community_dataset,2026,auto,2026-10-01
4136010418,赣南师范大学,identity.slug_aliases,"[""gannan-normal-university""]",https://github.com/damitheswitch/china-universities-dataset/blob/5eaa2a93f86ac322d53a36da9977d9a4c80f1f56/data/universities.json,community_dataset,2026,auto,2026-10-01
4136010418,赣南师范大学,institution.school_type,"""师范""",https://github.com/xioajiumi/Chinese_Universities/blob/e088fddc329a6f0148ca72fd3b4d0fe069f13e3a/Chinese_Universities.json,community_dataset,2021,auto,2026-10-01
4136010418,赣南师范大学,institution.country,"""China""",https://github.com/damitheswitch/china-universities-dataset/blob/5eaa2a93f86ac322d53a36da9977d9a4c80f1f56/data/universities.json,community_dataset,2026,auto,2026-10-01
4136010419,井冈山大学,identity.slug_aliases,"[""jinggangshan-university""]",https://github.com/damitheswitch/china-universities-dataset/blob/5eaa2a93f86ac322d53a36da9977d9a4c80f1f56/data/universities.json,community_dataset,2026,auto,2026-10-01
4136010419,井冈山大学,institution.school_type,"""综合""",https://github.com/xioajiumi/Chinese_Universities/blob/e088fddc329a6f0148ca72fd3b4d0fe069f13e3a/Chinese_Universities.json,community_dataset,2021,auto,2026-10-01
4136010419,井冈山大学,institution.country,"""China""",https://github.com/damitheswitch/china-universities-dataset/blob/5eaa2a93f86ac322d53a36da9977d9a4c80f1f56/data/universities.json,community_dataset,2026,auto,2026-10-01
4136010421,江西财经大学,identity.short_name_zh,"""江财""",https://github.com/Magicdover/China-Universities-2026/blob/419bdc7ce6956fc88c2b70b3979f170b6666f111/data/uni-special.js,community_dataset,2026-06-09,auto,2026-10-01
4136010421,江西财经大学,identity.short_name_en,"""JUFE""",https://github.com/Magicdover/China-Universities-2026/blob/419bdc7ce6956fc88c2b70b3979f170b6666f111/data/uni-special.js,community_dataset,2026-06-09,auto,2026-10-01
4136010421,江西财经大学,institution.school_type,"""财经""",https://github.com/Magicdover/China-Universities-2026/blob/419bdc7ce6956fc88c2b70b3979f170b6666f111/data/uni-special.js,community_dataset,2026-06-09,auto,2026-10-01
4136010421,江西财经大学,location.coordinates,"{""longitude"": 115.834, ""latitude"": 28.665, ""crs"": ""unspecified"", ""precision"": ""approximate"", ""location_kind"": ""community_map_point""}",https://github.com/Magicdover/China-Universities-2026/blob/419bdc7ce6956fc88c2b70b3979f170b6666f111/data/uni-special.js,community_dataset,2026-06-09,auto,2026-10-01
4136010421,江西财经大学,resources.career_url,"""http://career.jxufe.edu.cn/""",https://github.com/PotoYang/UniversityCareerWebPage/blob/0fbc54deee6a4a3aec67ffd77e41bccec898804e/README.md,community_dataset,2019-10-21,auto,2026-10-01
4136010894,景德镇学院,identity.slug_aliases,"[""jingdezhen-university""]",https://github.com/damitheswitch/china-universities-dataset/blob/5eaa2a93f86ac322d53a36da9977d9a4c80f1f56/data/universities.json,community_dataset,2026,auto,2026-10-01
4136010894,景德镇学院,institution.school_type,"""综合""",https://github.com/xioajiumi/Chinese_Universities/blob/e088fddc329a6f0148ca72fd3b4d0fe069f13e3a/Chinese_Universities.json,community_dataset,2021,auto,2026-10-01
4136010894,景德镇学院,institution.country,"""China""",https://github.com/damitheswitch/china-universities-dataset/blob/5eaa2a93f86ac322d53a36da9977d9a4c80f1f56/data/universities.json,community_dataset,2026,auto,2026-10-01
4136010895,萍乡学院,identity.slug_aliases,"[""pingxiang-university""]",https://github.com/damitheswitch/china-universities-dataset/blob/5eaa2a93f86ac322d53a36da9977d9a4c80f1f56/data/universities.json,community_dataset,2026,auto,2026-10-01
4136010895,萍乡学院,institution.school_type,"""综合""",https://github.com/xioajiumi/Chinese_Universities/blob/e088fddc329a6f0148ca72fd3b4d0fe069f13e3a/Chinese_Universities.json,community_dataset,2021,auto,2026-10-01
4136010895,萍乡学院,institution.country,"""China""",https://github.com/damitheswitch/china-universities-dataset/blob/5eaa2a93f86ac322d53a36da9977d9a4c80f1f56/data/universities.json,community_dataset,2026,auto,2026-10-01
4136011318,江西科技师范大学,identity.slug_aliases,"[""jiangxi-science-and-technology-normal-university""]",https://github.com/damitheswitch/china-universities-dataset/blob/5eaa2a93f86ac322d53a36da9977d9a4c80f1f56/data/universities.json,community_dataset,2026,auto,2026-10-01
4136011318,江西科技师范大学,institution.school_type,"""师范""",https://github.com/xioajiumi/Chinese_Universities/blob/e088fddc329a6f0148ca72fd3b4d0fe069f13e3a/Chinese_Universities.json,community_dataset,2021,auto,2026-10-01
4136011318,江西科技师范大学,institution.country,"""China""",https://github.com/damitheswitch/china-universities-dataset/blob/5eaa2a93f86ac322d53a36da9977d9a4c80f1f56/data/universities.json,community_dataset,2026,auto,2026-10-01
4136011319,江西水利电力大学,identity.slug_aliases,"[""jiangxi-university-of-water-resources-and-electric-power""]",https://github.com/damitheswitch/china-universities-dataset/blob/5eaa2a93f86ac322d53a36da9977d9a4c80f1f56/data/universities.json,community_dataset,2026,auto,2026-10-01
4136011319,江西水利电力大学,institution.school_type,"""理工""",https://github.com/damitheswitch/china-universities-dataset/blob/5eaa2a93f86ac322d53a36da9977d9a4c80f1f56/data/universities.json,community_dataset,2026,auto,2026-10-01
4136011319,江西水利电力大学,institution.country,"""China""",https://github.com/damitheswitch/china-universities-dataset/blob/5eaa2a93f86ac322d53a36da9977d9a4c80f1f56/data/universities.json,community_dataset,2026,auto,2026-10-01
4136011508,新余学院,identity.slug_aliases,"[""xinyu-university""]",https://github.com/damitheswitch/china-universities-dataset/blob/5eaa2a93f86ac322d53a36da9977d9a4c80f1f56/data/universities.json,community_dataset,2026,auto,2026-10-01
4136011508,新余学院,institution.school_type,"""综合""",https://github.com/xioajiumi/Chinese_Universities/blob/e088fddc329a6f0148ca72fd3b4d0fe069f13e3a/Chinese_Universities.json,community_dataset,2021,auto,2026-10-01
4136011508,新余学院,institution.country,"""China""",https://github.com/damitheswitch/china-universities-dataset/blob/5eaa2a93f86ac322d53a36da9977d9a4c80f1f56/data/universities.json,community_dataset,2026,auto,2026-10-01
4136011843,九江学院,identity.slug_aliases,"[""jiujiang-university""]",https://github.com/damitheswitch/china-universities-dataset/blob/5eaa2a93f86ac322d53a36da9977d9a4c80f1f56/data/universities.json,community_dataset,2026,auto,2026-10-01
4136011843,九江学院,institution.school_type,"""综合""",https://github.com/xioajiumi/Chinese_Universities/blob/e088fddc329a6f0148ca72fd3b4d0fe069f13e3a/Chinese_Universities.json,community_dataset,2021,auto,2026-10-01
4136011843,九江学院,institution.country,"""China""",https://github.com/damitheswitch/china-universities-dataset/blob/5eaa2a93f86ac322d53a36da9977d9a4c80f1f56/data/universities.json,community_dataset,2026,auto,2026-10-01
4136013432,赣东学院,identity.slug_aliases,"[""east-china-institute-of-technology-yangtze-river-college""]",https://github.com/damitheswitch/china-universities-dataset/blob/5eaa2a93f86ac322d53a36da9977d9a4c80f1f56/data/universities.json,community_dataset,2026,auto,2026-10-01
4136013432,赣东学院,institution.school_type,"""理工""",https://github.com/xioajiumi/Chinese_Universities/blob/e088fddc329a6f0148ca72fd3b4d0fe069f13e3a/Chinese_Universities.json,community_dataset,2021,auto,2026-10-01
4136013432,赣东学院,institution.country,"""China""",https://github.com/damitheswitch/china-universities-dataset/blob/5eaa2a93f86ac322d53a36da9977d9a4c80f1f56/data/universities.json,community_dataset,2026,auto,2026-10-01
4136013434,赣南科技学院,identity.slug_aliases,"[""college-of-applied-science-jiangxi-university-of-science-and-technology""]",https://github.com/damitheswitch/china-universities-dataset/blob/5eaa2a93f86ac322d53a36da9977d9a4c80f1f56/data/universities.json,community_dataset,2026,auto,2026-10-01
4136013434,赣南科技学院,institution.school_type,"""理工""",https://github.com/xioajiumi/Chinese_Universities/blob/e088fddc329a6f0148ca72fd3b4d0fe069f13e3a/Chinese_Universities.json,community_dataset,2021,auto,2026-10-01
4136013434,赣南科技学院,institution.country,"""China""",https://github.com/damitheswitch/china-universities-dataset/blob/5eaa2a93f86ac322d53a36da9977d9a4c80f1f56/data/universities.json,community_dataset,2026,auto,2026-10-01
4136013774,豫章师范学院,identity.slug_aliases,"[""yuzhang-normal-university""]",https://github.com/damitheswitch/china-universities-dataset/blob/5eaa2a93f86ac322d53a36da9977d9a4c80f1f56/data/universities.json,community_dataset,2026,auto,2026-10-01
4136013774,豫章师范学院,institution.school_type,"""师范""",https://github.com/xioajiumi/Chinese_Universities/blob/e088fddc329a6f0148ca72fd3b4d0fe069f13e3a/Chinese_Universities.json,community_dataset,2021,auto,2026-10-01
4136013774,豫章师范学院,institution.country,"""China""",https://github.com/damitheswitch/china-universities-dataset/blob/5eaa2a93f86ac322d53a36da9977d9a4c80f1f56/data/universities.json,community_dataset,2026,auto,2026-10-01
4136014437,南昌师范学院,identity.slug_aliases,"[""nanchang-normal-university""]",https://github.com/damitheswitch/china-universities-dataset/blob/5eaa2a93f86ac322d53a36da9977d9a4c80f1f56/data/universities.json,community_dataset,2026,auto,2026-10-01
4136014437,南昌师范学院,institution.school_type,"""师范""",https://github.com/xioajiumi/Chinese_Universities/blob/e088fddc329a6f0148ca72fd3b4d0fe069f13e3a/Chinese_Universities.json,community_dataset,2021,auto,2026-10-01
4136014437,南昌师范学院,institution.country,"""China""",https://github.com/damitheswitch/china-universities-dataset/blob/5eaa2a93f86ac322d53a36da9977d9a4c80f1f56/data/universities.json,community_dataset,2026,auto,2026-10-01
4113010075,河北大学,identity.slug_aliases,"[""hebei-university""]",https://github.com/damitheswitch/china-universities-dataset/blob/5eaa2a93f86ac322d53a36da9977d9a4c80f1f56/data/universities.json,community_dataset,2026,auto,2026-10-01
4113010075,河北大学,institution.school_type,"""综合""",https://github.com/xioajiumi/Chinese_Universities/blob/e088fddc329a6f0148ca72fd3b4d0fe069f13e3a/Chinese_Universities.json,community_dataset,2021,auto,2026-10-01
4113010075,河北大学,institution.country,"""China""",https://github.com/damitheswitch/china-universities-dataset/blob/5eaa2a93f86ac322d53a36da9977d9a4c80f1f56/data/universities.json,community_dataset,2026,auto,2026-10-01
4113010076,河北工程大学,identity.slug_aliases,"[""hebei-university-of-engineering""]",https://github.com/damitheswitch/china-universities-dataset/blob/5eaa2a93f86ac322d53a36da9977d9a4c80f1f56/data/universities.json,community_dataset,2026,auto,2026-10-01
4113010076,河北工程大学,institution.school_type,"""理工""",https://github.com/xioajiumi/Chinese_Universities/blob/e088fddc329a6f0148ca72fd3b4d0fe069f13e3a/Chinese_Universities.json,community_dataset,2021,auto,2026-10-01
4113010076,河北工程大学,institution.country,"""China""",https://github.com/damitheswitch/china-universities-dataset/blob/5eaa2a93f86ac322d53a36da9977d9a4c80f1f56/data/universities.json,community_dataset,2026,auto,2026-10-01
4113010076,河北工程大学,resources.career_url,"""http://jiuye.hebeu.edu.cn/""",https://github.com/PotoYang/UniversityCareerWebPage/blob/0fbc54deee6a4a3aec67ffd77e41bccec898804e/README.md,community_dataset,2019-10-21,auto,2026-10-01
4113010080,河北工业大学,identity.short_name_zh,"""河工大""",https://github.com/Magicdover/China-Universities-2026/blob/419bdc7ce6956fc88c2b70b3979f170b6666f111/data/uni-211.js,community_dataset,2026-06-09,auto,2026-10-01
4113010080,河北工业大学,identity.short_name_en,"""HEBUT""",https://github.com/Magicdover/China-Universities-2026/blob/419bdc7ce6956fc88c2b70b3979f170b6666f111/data/uni-211.js,community_dataset,2026-06-09,auto,2026-10-01
4113010080,河北工业大学,identity.slug_aliases,"[""hebei-university-of-technology""]",https://github.com/damitheswitch/china-universities-dataset/blob/5eaa2a93f86ac322d53a36da9977d9a4c80f1f56/data/universities.json,community_dataset,2026,auto,2026-10-01
4113010080,河北工业大学,institution.school_type,"""理工""",https://github.com/xioajiumi/Chinese_Universities/blob/e088fddc329a6f0148ca72fd3b4d0fe069f13e3a/Chinese_Universities.json,community_dataset,2021,auto,2026-10-01
4113010080,河北工业大学,institution.country,"""China""",https://github.com/damitheswitch/china-universities-dataset/blob/5eaa2a93f86ac322d53a36da9977d9a4c80f1f56/data/universities.json,community_dataset,2026,auto,2026-10-01
4113010080,河北工业大学,institution.groups,"[""双一流"", ""211""]",https://github.com/damitheswitch/china-universities-dataset/blob/5eaa2a93f86ac322d53a36da9977d9a4c80f1f56/data/universities.json,community_dataset,2026,auto,2026-10-01
4113010080,河北工业大学,location.coordinates,"{""longitude"": 117.205, ""latitude"": 39.155, ""crs"": ""unspecified"", ""precision"": ""approximate"", ""location_kind"": ""community_map_point""}",https://github.com/Magicdover/China-Universities-2026/blob/419bdc7ce6956fc88c2b70b3979f170b6666f111/data/uni-211.js,community_dataset,2026-06-09,auto,2026-10-01
4113010080,河北工业大学,academics.double_first_class_disciplines,"[""电气工程""]",https://github.com/Magicdover/China-Universities-2026/blob/419bdc7ce6956fc88c2b70b3979f170b6666f111/data/uni-211.js,community_dataset,2026-06-09,auto,2026-10-01
4113010080,河北工业大学,resources.career_url,"""http://career.hebut.edu.cn/""",https://github.com/PotoYang/UniversityCareerWebPage/blob/0fbc54deee6a4a3aec67ffd77e41bccec898804e/README.md,community_dataset,2019-10-21,auto,2026-10-01
4113010081,华北理工大学,identity.short_name_zh,"""华北理工""",https://github.com/Magicdover/China-Universities-2026/blob/419bdc7ce6956fc88c2b70b3979f170b6666f111/data/uni-extra2.js,community_dataset,2026-06-09,auto,2026-10-01
4113010081,华北理工大学,identity.short_name_en,"""NCST""",https://github.com/Magicdover/China-Universities-2026/blob/419bdc7ce6956fc88c2b70b3979f170b6666f111/data/uni-extra2.js,community_dataset,2026-06-09,auto,2026-10-01
4113010081,华北理工大学,identity.slug_aliases,"[""north-china-university-of-science-and-technology""]",https://github.com/damitheswitch/china-universities-dataset/blob/5eaa2a93f86ac322d53a36da9977d9a4c80f1f56/data/universities.json,community_dataset,2026,auto,2026-10-01
4113010081,华北理工大学,institution.school_type,"""综合""",https://github.com/xioajiumi/Chinese_Universities/blob/e088fddc329a6f0148ca72fd3b4d0fe069f13e3a/Chinese_Universities.json,community_dataset,2021,auto,2026-10-01
4113010081,华北理工大学,institution.country,"""China""",https://github.com/damitheswitch/china-universities-dataset/blob/5eaa2a93f86ac322d53a36da9977d9a4c80f1f56/data/universities.json,community_dataset,2026,auto,2026-10-01
4113010081,华北理工大学,location.coordinates,"{""longitude"": 118.155, ""latitude"": 39.632, ""crs"": ""unspecified"", ""precision"": ""approximate"", ""location_kind"": ""community_map_point""}",https://github.com/Magicdover/China-Universities-2026/blob/419bdc7ce6956fc88c2b70b3979f170b6666f111/data/uni-extra2.js,community_dataset,2026-06-09,auto,2026-10-01
4113010081,华北理工大学,resources.career_url,"""http://zsjyc.ncst.edu.cn/""",https://github.com/PotoYang/UniversityCareerWebPage/blob/0fbc54deee6a4a3aec67ffd77e41bccec898804e/README.md,community_dataset,2019-10-21,auto,2026-10-01
4113010082,河北科技大学,identity.slug_aliases,"[""hebei-university-of-science-and-technology""]",https://github.com/damitheswitch/china-universities-dataset/blob/5eaa2a93f86ac322d53a36da9977d9a4c80f1f56/data/universities.json,community_dataset,2026,auto,2026-10-01
4113010082,河北科技大学,institution.school_type,"""理工""",https://github.com/xioajiumi/Chinese_Universities/blob/e088fddc329a6f0148ca72fd3b4d0fe069f13e3a/Chinese_Universities.json,community_dataset,2021,auto,2026-10-01
4113010082,河北科技大学,institution.country,"""China""",https://github.com/damitheswitch/china-universities-dataset/blob/5eaa2a93f86ac322d53a36da9977d9a4c80f1f56/data/universities.json,community_dataset,2026,auto,2026-10-01
4113010082,河北科技大学,resources.career_url,"""http://job.hebust.edu.cn/""",https://github.com/PotoYang/UniversityCareerWebPage/blob/0fbc54deee6a4a3aec67ffd77e41bccec898804e/README.md,community_dataset,2019-10-21,auto,2026-10-01
4113010084,河北建筑工程学院,identity.slug_aliases,"[""hebei-university-of-architecture""]",https://github.com/damitheswitch/china-universities-dataset/blob/5eaa2a93f86ac322d53a36da9977d9a4c80f1f56/data/universities.json,community_dataset,2026,auto,2026-10-01
4113010084,河北建筑工程学院,institution.school_type,"""理工""",https://github.com/xioajiumi/Chinese_Universities/blob/e088fddc329a6f0148ca72fd3b4d0fe069f13e3a/Chinese_Universities.json,community_dataset,2021,auto,2026-10-01
4113010084,河北建筑工程学院,institution.country,"""China""",https://github.com/damitheswitch/china-universities-dataset/blob/5eaa2a93f86ac322d53a36da9977d9a4c80f1f56/data/universities.json,community_dataset,2026,auto,2026-10-01
4113010086,河北农业大学,identity.slug_aliases,"[""hebei-agricultural-university""]",https://github.com/damitheswitch/china-universities-dataset/blob/5eaa2a93f86ac322d53a36da9977d9a4c80f1f56/data/universities.json,community_dataset,2026,auto,2026-10-01
4113010086,河北农业大学,institution.school_type,"""农业""",https://github.com/xioajiumi/Chinese_Universities/blob/e088fddc329a6f0148ca72fd3b4d0fe069f13e3a/Chinese_Universities.json,community_dataset,2021,auto,2026-10-01
4113010086,河北农业大学,institution.country,"""China""",https://github.com/damitheswitch/china-universities-dataset/blob/5eaa2a93f86ac322d53a36da9977d9a4c80f1f56/data/universities.json,community_dataset,2026,auto,2026-10-01
4113010094,河北师范大学,identity.slug_aliases,"[""hebei-normal-university""]",https://github.com/damitheswitch/china-universities-dataset/blob/5eaa2a93f86ac322d53a36da9977d9a4c80f1f56/data/universities.json,community_dataset,2026,auto,2026-10-01
4113010094,河北师范大学,institution.school_type,"""师范""",https://github.com/xioajiumi/Chinese_Universities/blob/e088fddc329a6f0148ca72fd3b4d0fe069f13e3a/Chinese_Universities.json,community_dataset,2021,auto,2026-10-01
4113010094,河北师范大学,institution.country,"""China""",https://github.com/damitheswitch/china-universities-dataset/blob/5eaa2a93f86ac322d53a36da9977d9a4c80f1f56/data/universities.json,community_dataset,2026,auto,2026-10-01
4113010096,保定学院,identity.slug_aliases,"[""baoding-university""]",https://github.com/damitheswitch/china-universities-dataset/blob/5eaa2a93f86ac322d53a36da9977d9a4c80f1f56/data/universities.json,community_dataset,2026,auto,2026-10-01
4113010096,保定学院,institution.school_type,"""师范""",https://github.com/xioajiumi/Chinese_Universities/blob/e088fddc329a6f0148ca72fd3b4d0fe069f13e3a/Chinese_Universities.json,community_dataset,2021,auto,2026-10-01
4113010096,保定学院,institution.country,"""China""",https://github.com/damitheswitch/china-universities-dataset/blob/5eaa2a93f86ac322d53a36da9977d9a4c80f1f56/data/universities.json,community_dataset,2026,auto,2026-10-01
4113010098,河北民族师范学院,identity.slug_aliases,"[""hebei-normal-university-for-nationalities""]",https://github.com/damitheswitch/china-universities-dataset/blob/5eaa2a93f86ac322d53a36da9977d9a4c80f1f56/data/universities.json,community_dataset,2026,auto,2026-10-01
4113010098,河北民族师范学院,institution.school_type,"""师范""",https://github.com/xioajiumi/Chinese_Universities/blob/e088fddc329a6f0148ca72fd3b4d0fe069f13e3a/Chinese_Universities.json,community_dataset,2021,auto,2026-10-01
4113010098,河北民族师范学院,institution.country,"""China""",https://github.com/damitheswitch/china-universities-dataset/blob/5eaa2a93f86ac322d53a36da9977d9a4c80f1f56/data/universities.json,community_dataset,2026,auto,2026-10-01
4113010099,唐山师范学院,identity.slug_aliases,"[""tangshan-normal-university""]",https://github.com/damitheswitch/china-universities-dataset/blob/5eaa2a93f86ac322d53a36da9977d9a4c80f1f56/data/universities.json,community_dataset,2026,auto,2026-10-01
4113010099,唐山师范学院,institution.school_type,"""师范""",https://github.com/xioajiumi/Chinese_Universities/blob/e088fddc329a6f0148ca72fd3b4d0fe069f13e3a/Chinese_Universities.json,community_dataset,2021,auto,2026-10-01
4113010099,唐山师范学院,institution.country,"""China""",https://github.com/damitheswitch/china-universities-dataset/blob/5eaa2a93f86ac322d53a36da9977d9a4c80f1f56/data/universities.json,community_dataset,2026,auto,2026-10-01
4113010100,廊坊师范学院,identity.slug_aliases,"[""langfang-teachers-university""]",https://github.com/damitheswitch/china-universities-dataset/blob/5eaa2a93f86ac322d53a36da9977d9a4c80f1f56/data/universities.json,community_dataset,2026,auto,2026-10-01
4113010100,廊坊师范学院,institution.school_type,"""师范""",https://github.com/xioajiumi/Chinese_Universities/blob/e088fddc329a6f0148ca72fd3b4d0fe069f13e3a/Chinese_Universities.json,community_dataset,2021,auto,2026-10-01
4113010100,廊坊师范学院,institution.country,"""China""",https://github.com/damitheswitch/china-universities-dataset/blob/5eaa2a93f86ac322d53a36da9977d9a4c80f1f56/data/universities.json,community_dataset,2026,auto,2026-10-01
4113010101,衡水学院,identity.slug_aliases,"[""hengshui-university""]",https://github.com/damitheswitch/china-universities-dataset/blob/5eaa2a93f86ac322d53a36da9977d9a4c80f1f56/data/universities.json,community_dataset,2026,auto,2026-10-01
4113010101,衡水学院,institution.school_type,"""师范""",https://github.com/xioajiumi/Chinese_Universities/blob/e088fddc329a6f0148ca72fd3b4d0fe069f13e3a/Chinese_Universities.json,community_dataset,2021,auto,2026-10-01
4113010101,衡水学院,institution.country,"""China""",https://github.com/damitheswitch/china-universities-dataset/blob/5eaa2a93f86ac322d53a36da9977d9a4c80f1f56/data/universities.json,community_dataset,2026,auto,2026-10-01
4113010102,石家庄学院,identity.slug_aliases,"[""shijiazhuang-university""]",https://github.com/damitheswitch/china-universities-dataset/blob/5eaa2a93f86ac322d53a36da9977d9a4c80f1f56/data/universities.json,community_dataset,2026,auto,2026-10-01
4113010102,石家庄学院,institution.school_type,"""师范""",https://github.com/xioajiumi/Chinese_Universities/blob/e088fddc329a6f0148ca72fd3b4d0fe069f13e3a/Chinese_Universities.json,community_dataset,2021,auto,2026-10-01
4113010102,石家庄学院,institution.country,"""China""",https://github.com/damitheswitch/china-universities-dataset/blob/5eaa2a93f86ac322d53a36da9977d9a4c80f1f56/data/universities.json,community_dataset,2026,auto,2026-10-01
4113010103,邯郸学院,identity.slug_aliases,"[""handan-college""]",https://github.com/damitheswitch/china-universities-dataset/blob/5eaa2a93f86ac322d53a36da9977d9a4c80f1f56/data/universities.json,community_dataset,2026,auto,2026-10-01
4113010103,邯郸学院,institution.school_type,"""师范""",https://github.com/xioajiumi/Chinese_Universities/blob/e088fddc329a6f0148ca72fd3b4d0fe069f13e3a/Chinese_Universities.json,community_dataset,2021,auto,2026-10-01
4113010103,邯郸学院,institution.country,"""China""",https://github.com/damitheswitch/china-universities-dataset/blob/5eaa2a93f86ac322d53a36da9977d9a4c80f1f56/data/universities.json,community_dataset,2026,auto,2026-10-01
4113010104,邢台学院,identity.slug_aliases,"[""xingtai-university""]",https://github.com/damitheswitch/china-universities-dataset/blob/5eaa2a93f86ac322d53a36da9977d9a4c80f1f56/data/universities.json,community_dataset,2026,auto,2026-10-01
4113010104,邢台学院,institution.school_type,"""师范""",https://github.com/xioajiumi/Chinese_Universities/blob/e088fddc329a6f0148ca72fd3b4d0fe069f13e3a/Chinese_Universities.json,community_dataset,2021,auto,2026-10-01
4113010104,邢台学院,institution.country,"""China""",https://github.com/damitheswitch/china-universities-dataset/blob/5eaa2a93f86ac322d53a36da9977d9a4c80f1f56/data/universities.json,community_dataset,2026,auto,2026-10-01
4113010105,沧州师范学院,identity.slug_aliases,"[""cangzhou-normal-university""]",https://github.com/damitheswitch/china-universities-dataset/blob/5eaa2a93f86ac322d53a36da9977d9a4c80f1f56/data/universities.json,community_dataset,2026,auto,2026-10-01
4113010105,沧州师范学院,institution.school_type,"""师范""",https://github.com/xioajiumi/Chinese_Universities/blob/e088fddc329a6f0148ca72fd3b4d0fe069f13e3a/Chinese_Universities.json,community_dataset,2021,auto,2026-10-01
4113010105,沧州师范学院,institution.country,"""China""",https://github.com/damitheswitch/china-universities-dataset/blob/5eaa2a93f86ac322d53a36da9977d9a4c80f1f56/data/universities.json,community_dataset,2026,auto,2026-10-01
4113010107,石家庄铁道大学,identity.slug_aliases,"[""shijiazhuang-tiedao-university""]",https://github.com/damitheswitch/china-universities-dataset/blob/5eaa2a93f86ac322d53a36da9977d9a4c80f1f56/data/universities.json,community_dataset,2026,auto,2026-10-01
4113010107,石家庄铁道大学,institution.school_type,"""理工""",https://github.com/xioajiumi/Chinese_Universities/blob/e088fddc329a6f0148ca72fd3b4d0fe069f13e3a/Chinese_Universities.json,community_dataset,2021,auto,2026-10-01
4113010107,石家庄铁道大学,institution.country,"""China""",https://github.com/damitheswitch/china-universities-dataset/blob/5eaa2a93f86ac322d53a36da9977d9a4c80f1f56/data/universities.json,community_dataset,2026,auto,2026-10-01
4113010107,石家庄铁道大学,resources.career_url,"""http://stdu.bysjy.com.cn/module/careers?menu_id=13797""",https://github.com/PotoYang/UniversityCareerWebPage/blob/0fbc54deee6a4a3aec67ffd77e41bccec898804e/README.md,community_dataset,2019-10-21,auto,2026-10-01
4113010216,燕山大学,identity.short_name_zh,"""燕大""",https://github.com/Magicdover/China-Universities-2026/blob/419bdc7ce6956fc88c2b70b3979f170b6666f111/data/uni-extra2.js,community_dataset,2026-06-09,auto,2026-10-01
4113010216,燕山大学,identity.short_name_en,"""YSU""",https://github.com/Magicdover/China-Universities-2026/blob/419bdc7ce6956fc88c2b70b3979f170b6666f111/data/uni-extra2.js,community_dataset,2026-06-09,auto,2026-10-01
4113010216,燕山大学,identity.slug_aliases,"[""yanshan-university""]",https://github.com/damitheswitch/china-universities-dataset/blob/5eaa2a93f86ac322d53a36da9977d9a4c80f1f56/data/universities.json,community_dataset,2026,auto,2026-10-01
4113010216,燕山大学,institution.school_type,"""理工""",https://github.com/xioajiumi/Chinese_Universities/blob/e088fddc329a6f0148ca72fd3b4d0fe069f13e3a/Chinese_Universities.json,community_dataset,2021,auto,2026-10-01
4113010216,燕山大学,institution.country,"""China""",https://github.com/damitheswitch/china-universities-dataset/blob/5eaa2a93f86ac322d53a36da9977d9a4c80f1f56/data/universities.json,community_dataset,2026,auto,2026-10-01
4113010216,燕山大学,location.coordinates,"{""longitude"": 119.555, ""latitude"": 39.943, ""crs"": ""unspecified"", ""precision"": ""approximate"", ""location_kind"": ""community_map_point""}",https://github.com/Magicdover/China-Universities-2026/blob/419bdc7ce6956fc88c2b70b3979f170b6666f111/data/uni-extra2.js,community_dataset,2026-06-09,auto,2026-10-01
4113010216,燕山大学,resources.career_url,"""http://job.ysu.edu.cn/default.html""",https://github.com/PotoYang/UniversityCareerWebPage/blob/0fbc54deee6a4a3aec67ffd77e41bccec898804e/README.md,community_dataset,2019-10-21,auto,2026-10-01
4113010798,河北科技师范学院,identity.slug_aliases,"[""hebei-normal-university-of-science-and-technology""]",https://github.com/damitheswitch/china-universities-dataset/blob/5eaa2a93f86ac322d53a36da9977d9a4c80f1f56/data/universities.json,community_dataset,2026,auto,2026-10-01
4113010798,河北科技师范学院,institution.school_type,"""师范""",https://github.com/xioajiumi/Chinese_Universities/blob/e088fddc329a6f0148ca72fd3b4d0fe069f13e3a/Chinese_Universities.json,community_dataset,2021,auto,2026-10-01
4113010798,河北科技师范学院,institution.country,"""China""",https://github.com/damitheswitch/china-universities-dataset/blob/5eaa2a93f86ac322d53a36da9977d9a4c80f1f56/data/universities.json,community_dataset,2026,auto,2026-10-01
4113011033,唐山学院,identity.slug_aliases,"[""tangshan-college""]",https://github.com/damitheswitch/china-universities-dataset/blob/5eaa2a93f86ac322d53a36da9977d9a4c80f1f56/data/universities.json,community_dataset,2026,auto,2026-10-01
4113011033,唐山学院,institution.school_type,"""理工""",https://github.com/xioajiumi/Chinese_Universities/blob/e088fddc329a6f0148ca72fd3b4d0fe069f13e3a/Chinese_Universities.json,community_dataset,2021,auto,2026-10-01
4113011033,唐山学院,institution.country,"""China""",https://github.com/damitheswitch/china-universities-dataset/blob/5eaa2a93f86ac322d53a36da9977d9a4c80f1f56/data/universities.json,community_dataset,2026,auto,2026-10-01
4113011629,北华航天工业学院,identity.slug_aliases,"[""north-china-institute-of-aerospace-engineering""]",https://github.com/damitheswitch/china-universities-dataset/blob/5eaa2a93f86ac322d53a36da9977d9a4c80f1f56/data/universities.json,community_dataset,2026,auto,2026-10-01
4113011629,北华航天工业学院,institution.school_type,"""理工""",https://github.com/xioajiumi/Chinese_Universities/blob/e088fddc329a6f0148ca72fd3b4d0fe069f13e3a/Chinese_Universities.json,community_dataset,2021,auto,2026-10-01
4113011629,北华航天工业学院,institution.country,"""China""",https://github.com/damitheswitch/china-universities-dataset/blob/5eaa2a93f86ac322d53a36da9977d9a4c80f1f56/data/universities.json,community_dataset,2026,auto,2026-10-01
4113014458,张家口学院,identity.slug_aliases,"[""zhangjiakou-university""]",https://github.com/damitheswitch/china-universities-dataset/blob/5eaa2a93f86ac322d53a36da9977d9a4c80f1f56/data/universities.json,community_dataset,2026,auto,2026-10-01
4113014458,张家口学院,institution.school_type,"""综合""",https://github.com/xioajiumi/Chinese_Universities/blob/e088fddc329a6f0148ca72fd3b4d0fe069f13e3a/Chinese_Universities.json,community_dataset,2021,auto,2026-10-01
4113014458,张家口学院,institution.country,"""China""",https://github.com/damitheswitch/china-universities-dataset/blob/5eaa2a93f86ac322d53a36da9977d9a4c80f1f56/data/universities.json,community_dataset,2026,auto,2026-10-01
4113016202,河北石油职业技术大学,institution.school_type,"""理工""",https://github.com/xioajiumi/Chinese_Universities/blob/e088fddc329a6f0148ca72fd3b4d0fe069f13e3a/Chinese_Universities.json,community_dataset,2021,auto,2026-10-01
4113016203,河北科技工程职业技术大学,institution.school_type,"""理工""",https://github.com/xioajiumi/Chinese_Universities/blob/e088fddc329a6f0148ca72fd3b4d0fe069f13e3a/Chinese_Universities.json,community_dataset,2021,auto,2026-10-01
4113016204,河北工业职业技术大学,institution.school_type,"""理工""",https://github.com/xioajiumi/Chinese_Universities/blob/e088fddc329a6f0148ca72fd3b4d0fe069f13e3a/Chinese_Universities.json,community_dataset,2021,auto,2026-10-01
4213051721,河北环境工程学院,identity.slug_aliases,"[""hebei-university-of-environmental-engineering""]",https://github.com/damitheswitch/china-universities-dataset/blob/5eaa2a93f86ac322d53a36da9977d9a4c80f1f56/data/universities.json,community_dataset,2026,auto,2026-10-01
4213051721,河北环境工程学院,institution.school_type,"""综合""",https://github.com/xioajiumi/Chinese_Universities/blob/e088fddc329a6f0148ca72fd3b4d0fe069f13e3a/Chinese_Universities.json,community_dataset,2021,auto,2026-10-01
4213051721,河北环境工程学院,institution.country,"""China""",https://github.com/damitheswitch/china-universities-dataset/blob/5eaa2a93f86ac322d53a36da9977d9a4c80f1f56/data/universities.json,community_dataset,2026,auto,2026-10-01
4141010078,华北水利水电大学,identity.slug_aliases,"[""north-china-university-of-water-resources-and-electric-power""]",https://github.com/damitheswitch/china-universities-dataset/blob/5eaa2a93f86ac322d53a36da9977d9a4c80f1f56/data/universities.json,community_dataset,2026,auto,2026-10-01
4141010078,华北水利水电大学,institution.school_type,"""理工""",https://github.com/xioajiumi/Chinese_Universities/blob/e088fddc329a6f0148ca72fd3b4d0fe069f13e3a/Chinese_Universities.json,community_dataset,2021,auto,2026-10-01
4141010078,华北水利水电大学,institution.country,"""China""",https://github.com/damitheswitch/china-universities-dataset/blob/5eaa2a93f86ac322d53a36da9977d9a4c80f1f56/data/universities.json,community_dataset,2026,auto,2026-10-01
4141010078,华北水利水电大学,resources.career_url,"""http://jyxx.ncwu.edu.cn/ncwu/p/page/index.html""",https://github.com/PotoYang/UniversityCareerWebPage/blob/0fbc54deee6a4a3aec67ffd77e41bccec898804e/README.md,community_dataset,2019-10-21,auto,2026-10-01
4141010459,郑州大学,identity.short_name_zh,"""郑大""",https://github.com/Magicdover/China-Universities-2026/blob/419bdc7ce6956fc88c2b70b3979f170b6666f111/data/uni-211.js,community_dataset,2026-06-09,auto,2026-10-01
4141010459,郑州大学,identity.short_name_en,"""ZZU""",https://github.com/Magicdover/China-Universities-2026/blob/419bdc7ce6956fc88c2b70b3979f170b6666f111/data/uni-211.js,community_dataset,2026-06-09,auto,2026-10-01
4141010459,郑州大学,identity.slug_aliases,"[""zhengzhou-university""]",https://github.com/damitheswitch/china-universities-dataset/blob/5eaa2a93f86ac322d53a36da9977d9a4c80f1f56/data/universities.json,community_dataset,2026,auto,2026-10-01
4141010459,郑州大学,institution.school_type,"""综合""",https://github.com/xioajiumi/Chinese_Universities/blob/e088fddc329a6f0148ca72fd3b4d0fe069f13e3a/Chinese_Universities.json,community_dataset,2021,auto,2026-10-01
4141010459,郑州大学,institution.country,"""China""",https://github.com/damitheswitch/china-universities-dataset/blob/5eaa2a93f86ac322d53a36da9977d9a4c80f1f56/data/universities.json,community_dataset,2026,auto,2026-10-01
4141010459,郑州大学,institution.groups,"[""双一流"", ""211""]",https://github.com/damitheswitch/china-universities-dataset/blob/5eaa2a93f86ac322d53a36da9977d9a4c80f1f56/data/universities.json,community_dataset,2026,auto,2026-10-01
4141010459,郑州大学,location.coordinates,"{""longitude"": 113.535, ""latitude"": 34.819, ""crs"": ""unspecified"", ""precision"": ""approximate"", ""location_kind"": ""community_map_point""}",https://github.com/Magicdover/China-Universities-2026/blob/419bdc7ce6956fc88c2b70b3979f170b6666f111/data/uni-211.js,community_dataset,2026-06-09,auto,2026-10-01
4141010459,郑州大学,academics.double_first_class_disciplines,"[""临床医学"", ""材料科学与工程"", ""化学""]",https://github.com/Magicdover/China-Universities-2026/blob/419bdc7ce6956fc88c2b70b3979f170b6666f111/data/uni-211.js,community_dataset,2026-06-09,auto,2026-10-01
4141010459,郑州大学,resources.career_url,"""http://job.zzu.edu.cn/p/page/index.html""",https://github.com/PotoYang/UniversityCareerWebPage/blob/0fbc54deee6a4a3aec67ffd77e41bccec898804e/README.md,community_dataset,2019-10-21,auto,2026-10-01
4141010460,河南理工大学,identity.slug_aliases,"[""henan-polytechnic-university""]",https://github.com/damitheswitch/china-universities-dataset/blob/5eaa2a93f86ac322d53a36da9977d9a4c80f1f56/data/universities.json,community_dataset,2026,auto,2026-10-01
4141010460,河南理工大学,institution.school_type,"""理工""",https://github.com/xioajiumi/Chinese_Universities/blob/e088fddc329a6f0148ca72fd3b4d0fe069f13e3a/Chinese_Universities.json,community_dataset,2021,auto,2026-10-01
4141010460,河南理工大学,institution.country,"""China""",https://github.com/damitheswitch/china-universities-dataset/blob/5eaa2a93f86ac322d53a36da9977d9a4c80f1f56/data/universities.json,community_dataset,2026,auto,2026-10-01
4141010460,河南理工大学,resources.career_url,"""http://hpu.bysjy.com.cn/""",https://github.com/PotoYang/UniversityCareerWebPage/blob/0fbc54deee6a4a3aec67ffd77e41bccec898804e/README.md,community_dataset,2019-10-21,auto,2026-10-01
4141010462,郑州轻工业大学,identity.slug_aliases,"[""zhengzhou-university-of-light-industry""]",https://github.com/damitheswitch/china-universities-dataset/blob/5eaa2a93f86ac322d53a36da9977d9a4c80f1f56/data/universities.json,community_dataset,2026,auto,2026-10-01
4141010462,郑州轻工业大学,institution.school_type,"""理工""",https://github.com/xioajiumi/Chinese_Universities/blob/e088fddc329a6f0148ca72fd3b4d0fe069f13e3a/Chinese_Universities.json,community_dataset,2021,auto,2026-10-01
4141010462,郑州轻工业大学,institution.country,"""China""",https://github.com/damitheswitch/china-universities-dataset/blob/5eaa2a93f86ac322d53a36da9977d9a4c80f1f56/data/universities.json,community_dataset,2026,auto,2026-10-01
4141010463,河南工业大学,identity.slug_aliases,"[""henan-university-of-technology""]",https://github.com/damitheswitch/china-universities-dataset/blob/5eaa2a93f86ac322d53a36da9977d9a4c80f1f56/data/universities.json,community_dataset,2026,auto,2026-10-01
4141010463,河南工业大学,institution.school_type,"""理工""",https://github.com/xioajiumi/Chinese_Universities/blob/e088fddc329a6f0148ca72fd3b4d0fe069f13e3a/Chinese_Universities.json,community_dataset,2021,auto,2026-10-01
4141010463,河南工业大学,institution.country,"""China""",https://github.com/damitheswitch/china-universities-dataset/blob/5eaa2a93f86ac322d53a36da9977d9a4c80f1f56/data/universities.json,community_dataset,2026,auto,2026-10-01
4141010463,河南工业大学,resources.career_url,"""http://job.haut.edu.cn/""",https://github.com/PotoYang/UniversityCareerWebPage/blob/0fbc54deee6a4a3aec67ffd77e41bccec898804e/README.md,community_dataset,2019-10-21,auto,2026-10-01
4141010464,河南科技大学,identity.slug_aliases,"[""henan-university-of-science-and-technology""]",https://github.com/damitheswitch/china-universities-dataset/blob/5eaa2a93f86ac322d53a36da9977d9a4c80f1f56/data/universities.json,community_dataset,2026,auto,2026-10-01
4141010464,河南科技大学,institution.school_type,"""综合""",https://github.com/xioajiumi/Chinese_Universities/blob/e088fddc329a6f0148ca72fd3b4d0fe069f13e3a/Chinese_Universities.json,community_dataset,2021,auto,2026-10-01
4141010464,河南科技大学,institution.country,"""China""",https://github.com/damitheswitch/china-universities-dataset/blob/5eaa2a93f86ac322d53a36da9977d9a4c80f1f56/data/universities.json,community_dataset,2026,auto,2026-10-01
4141010464,河南科技大学,resources.career_url,"""https://zjc.haust.edu.cn/index/jycyzdzx/jysy.htm""",https://github.com/PotoYang/UniversityCareerWebPage/blob/0fbc54deee6a4a3aec67ffd77e41bccec898804e/README.md,community_dataset,2019-10-21,auto,2026-10-01
4141010465,中原工学院,identity.slug_aliases,"[""zhongyuan-university-of-technology""]",https://github.com/damitheswitch/china-universities-dataset/blob/5eaa2a93f86ac322d53a36da9977d9a4c80f1f56/data/universities.json,community_dataset,2026,auto,2026-10-01
4141010465,中原工学院,institution.school_type,"""理工""",https://github.com/xioajiumi/Chinese_Universities/blob/e088fddc329a6f0148ca72fd3b4d0fe069f13e3a/Chinese_Universities.json,community_dataset,2021,auto,2026-10-01
4141010465,中原工学院,institution.country,"""China""",https://github.com/damitheswitch/china-universities-dataset/blob/5eaa2a93f86ac322d53a36da9977d9a4c80f1f56/data/universities.json,community_dataset,2026,auto,2026-10-01
4141010466,河南农业大学,identity.slug_aliases,"[""henan-agricultural-university""]",https://github.com/damitheswitch/china-universities-dataset/blob/5eaa2a93f86ac322d53a36da9977d9a4c80f1f56/data/universities.json,community_dataset,2026,auto,2026-10-01
4141010466,河南农业大学,institution.school_type,"""农业""",https://github.com/xioajiumi/Chinese_Universities/blob/e088fddc329a6f0148ca72fd3b4d0fe069f13e3a/Chinese_Universities.json,community_dataset,2021,auto,2026-10-01
4141010466,河南农业大学,institution.country,"""China""",https://github.com/damitheswitch/china-universities-dataset/blob/5eaa2a93f86ac322d53a36da9977d9a4c80f1f56/data/universities.json,community_dataset,2026,auto,2026-10-01
4141010467,河南科技学院,identity.slug_aliases,"[""henan-institute-of-science-and-technology""]",https://github.com/damitheswitch/china-universities-dataset/blob/5eaa2a93f86ac322d53a36da9977d9a4c80f1f56/data/universities.json,community_dataset,2026,auto,2026-10-01
4141010467,河南科技学院,institution.school_type,"""师范""",https://github.com/xioajiumi/Chinese_Universities/blob/e088fddc329a6f0148ca72fd3b4d0fe069f13e3a/Chinese_Universities.json,community_dataset,2021,auto,2026-10-01
4141010467,河南科技学院,institution.country,"""China""",https://github.com/damitheswitch/china-universities-dataset/blob/5eaa2a93f86ac322d53a36da9977d9a4c80f1f56/data/universities.json,community_dataset,2026,auto,2026-10-01
4141010469,河南牧业经济学院,identity.slug_aliases,"[""henan-university-of-animal-husbandry-and-economy""]",https://github.com/damitheswitch/china-universities-dataset/blob/5eaa2a93f86ac322d53a36da9977d9a4c80f1f56/data/universities.json,community_dataset,2026,auto,2026-10-01
4141010469,河南牧业经济学院,institution.school_type,"""农业""",https://github.com/xioajiumi/Chinese_Universities/blob/e088fddc329a6f0148ca72fd3b4d0fe069f13e3a/Chinese_Universities.json,community_dataset,2021,auto,2026-10-01
4141010469,河南牧业经济学院,institution.country,"""China""",https://github.com/damitheswitch/china-universities-dataset/blob/5eaa2a93f86ac322d53a36da9977d9a4c80f1f56/data/universities.json,community_dataset,2026,auto,2026-10-01
4141010471,河南中医药大学,resources.career_url,"""http://job.hactcm.edu.cn/hactcm/p/page/index.html""",https://github.com/PotoYang/UniversityCareerWebPage/blob/0fbc54deee6a4a3aec67ffd77e41bccec898804e/README.md,community_dataset,2019-10-21,auto,2026-10-01
4141010475,河南大学,identity.short_name_zh,"""河大""",https://github.com/Magicdover/China-Universities-2026/blob/419bdc7ce6956fc88c2b70b3979f170b6666f111/data/uni-211.js,community_dataset,2026-06-09,auto,2026-10-01
4141010475,河南大学,identity.short_name_en,"""HENU""",https://github.com/Magicdover/China-Universities-2026/blob/419bdc7ce6956fc88c2b70b3979f170b6666f111/data/uni-211.js,community_dataset,2026-06-09,auto,2026-10-01
4141010475,河南大学,identity.slug_aliases,"[""henan-university""]",https://github.com/damitheswitch/china-universities-dataset/blob/5eaa2a93f86ac322d53a36da9977d9a4c80f1f56/data/universities.json,community_dataset,2026,auto,2026-10-01
4141010475,河南大学,institution.school_type,"""综合""",https://github.com/xioajiumi/Chinese_Universities/blob/e088fddc329a6f0148ca72fd3b4d0fe069f13e3a/Chinese_Universities.json,community_dataset,2021,auto,2026-10-01
4141010475,河南大学,institution.country,"""China""",https://github.com/damitheswitch/china-universities-dataset/blob/5eaa2a93f86ac322d53a36da9977d9a4c80f1f56/data/universities.json,community_dataset,2026,auto,2026-10-01
4141010475,河南大学,institution.groups,"[""双一流""]",https://github.com/damitheswitch/china-universities-dataset/blob/5eaa2a93f86ac322d53a36da9977d9a4c80f1f56/data/universities.json,community_dataset,2026,auto,2026-10-01
4141010475,河南大学,location.coordinates,"{""longitude"": 114.307, ""latitude"": 34.797, ""crs"": ""unspecified"", ""precision"": ""approximate"", ""location_kind"": ""community_map_point""}",https://github.com/Magicdover/China-Universities-2026/blob/419bdc7ce6956fc88c2b70b3979f170b6666f111/data/uni-211.js,community_dataset,2026-06-09,auto,2026-10-01
4141010475,河南大学,academics.double_first_class_disciplines,"[""生物学""]",https://github.com/Magicdover/China-Universities-2026/blob/419bdc7ce6956fc88c2b70b3979f170b6666f111/data/uni-211.js,community_dataset,2026-06-09,auto,2026-10-01
4141010476,河南师范大学,identity.slug_aliases,"[""henan-normal-university""]",https://github.com/damitheswitch/china-universities-dataset/blob/5eaa2a93f86ac322d53a36da9977d9a4c80f1f56/data/universities.json,community_dataset,2026,auto,2026-10-01
4141010476,河南师范大学,institution.school_type,"""师范""",https://github.com/xioajiumi/Chinese_Universities/blob/e088fddc329a6f0148ca72fd3b4d0fe069f13e3a/Chinese_Universities.json,community_dataset,2021,auto,2026-10-01
4141010476,河南师范大学,institution.country,"""China""",https://github.com/damitheswitch/china-universities-dataset/blob/5eaa2a93f86ac322d53a36da9977d9a4c80f1f56/data/universities.json,community_dataset,2026,auto,2026-10-01
4141010476,河南师范大学,resources.career_url,"""http://jc.htu.edu.cn/p/page/index.html""",https://github.com/PotoYang/UniversityCareerWebPage/blob/0fbc54deee6a4a3aec67ffd77e41bccec898804e/README.md,community_dataset,2019-10-21,auto,2026-10-01
4141010477,信阳师范大学,identity.slug_aliases,"[""xinyang-normal-university""]",https://github.com/damitheswitch/china-universities-dataset/blob/5eaa2a93f86ac322d53a36da9977d9a4c80f1f56/data/universities.json,community_dataset,2026,auto,2026-10-01
4141010477,信阳师范大学,institution.school_type,"""师范""",https://github.com/damitheswitch/china-universities-dataset/blob/5eaa2a93f86ac322d53a36da9977d9a4c80f1f56/data/universities.json,community_dataset,2026,auto,2026-10-01
4141010477,信阳师范大学,institution.country,"""China""",https://github.com/damitheswitch/china-universities-dataset/blob/5eaa2a93f86ac322d53a36da9977d9a4c80f1f56/data/universities.json,community_dataset,2026,auto,2026-10-01
4141010478,周口师范学院,identity.slug_aliases,"[""zhoukou-normal-university""]",https://github.com/damitheswitch/china-universities-dataset/blob/5eaa2a93f86ac322d53a36da9977d9a4c80f1f56/data/universities.json,community_dataset,2026,auto,2026-10-01
4141010478,周口师范学院,institution.school_type,"""师范""",https://github.com/xioajiumi/Chinese_Universities/blob/e088fddc329a6f0148ca72fd3b4d0fe069f13e3a/Chinese_Universities.json,community_dataset,2021,auto,2026-10-01
4141010478,周口师范学院,institution.country,"""China""",https://github.com/damitheswitch/china-universities-dataset/blob/5eaa2a93f86ac322d53a36da9977d9a4c80f1f56/data/universities.json,community_dataset,2026,auto,2026-10-01
4141010479,安阳师范学院,identity.slug_aliases,"[""anyang-normal-university""]",https://github.com/damitheswitch/china-universities-dataset/blob/5eaa2a93f86ac322d53a36da9977d9a4c80f1f56/data/universities.json,community_dataset,2026,auto,2026-10-01
4141010479,安阳师范学院,institution.school_type,"""师范""",https://github.com/xioajiumi/Chinese_Universities/blob/e088fddc329a6f0148ca72fd3b4d0fe069f13e3a/Chinese_Universities.json,community_dataset,2021,auto,2026-10-01
4141010479,安阳师范学院,institution.country,"""China""",https://github.com/damitheswitch/china-universities-dataset/blob/5eaa2a93f86ac322d53a36da9977d9a4c80f1f56/data/universities.json,community_dataset,2026,auto,2026-10-01
4141010480,许昌学院,identity.slug_aliases,"[""xuchang-university""]",https://github.com/damitheswitch/china-universities-dataset/blob/5eaa2a93f86ac322d53a36da9977d9a4c80f1f56/data/universities.json,community_dataset,2026,auto,2026-10-01
4141010480,许昌学院,institution.school_type,"""理工""",https://github.com/xioajiumi/Chinese_Universities/blob/e088fddc329a6f0148ca72fd3b4d0fe069f13e3a/Chinese_Universities.json,community_dataset,2021,auto,2026-10-01
4141010480,许昌学院,institution.country,"""China""",https://github.com/damitheswitch/china-universities-dataset/blob/5eaa2a93f86ac322d53a36da9977d9a4c80f1f56/data/universities.json,community_dataset,2026,auto,2026-10-01
4141010481,南阳师范学院,identity.slug_aliases,"[""nanyang-normal-university""]",https://github.com/damitheswitch/china-universities-dataset/blob/5eaa2a93f86ac322d53a36da9977d9a4c80f1f56/data/universities.json,community_dataset,2026,auto,2026-10-01
4141010481,南阳师范学院,institution.school_type,"""师范""",https://github.com/xioajiumi/Chinese_Universities/blob/e088fddc329a6f0148ca72fd3b4d0fe069f13e3a/Chinese_Universities.json,community_dataset,2021,auto,2026-10-01
4141010481,南阳师范学院,institution.country,"""China""",https://github.com/damitheswitch/china-universities-dataset/blob/5eaa2a93f86ac322d53a36da9977d9a4c80f1f56/data/universities.json,community_dataset,2026,auto,2026-10-01
4141010482,洛阳师范学院,identity.slug_aliases,"[""luoyang-normal-university""]",https://github.com/damitheswitch/china-universities-dataset/blob/5eaa2a93f86ac322d53a36da9977d9a4c80f1f56/data/universities.json,community_dataset,2026,auto,2026-10-01
4141010482,洛阳师范学院,institution.school_type,"""师范""",https://github.com/xioajiumi/Chinese_Universities/blob/e088fddc329a6f0148ca72fd3b4d0fe069f13e3a/Chinese_Universities.json,community_dataset,2021,auto,2026-10-01
4141010482,洛阳师范学院,institution.country,"""China""",https://github.com/damitheswitch/china-universities-dataset/blob/5eaa2a93f86ac322d53a36da9977d9a4c80f1f56/data/universities.json,community_dataset,2026,auto,2026-10-01
4141010483,商丘师范学院,identity.slug_aliases,"[""shangqiu-normal-university""]",https://github.com/damitheswitch/china-universities-dataset/blob/5eaa2a93f86ac322d53a36da9977d9a4c80f1f56/data/universities.json,community_dataset,2026,auto,2026-10-01
4141010483,商丘师范学院,institution.school_type,"""师范""",https://github.com/xioajiumi/Chinese_Universities/blob/e088fddc329a6f0148ca72fd3b4d0fe069f13e3a/Chinese_Universities.json,community_dataset,2021,auto,2026-10-01
4141010483,商丘师范学院,institution.country,"""China""",https://github.com/damitheswitch/china-universities-dataset/blob/5eaa2a93f86ac322d53a36da9977d9a4c80f1f56/data/universities.json,community_dataset,2026,auto,2026-10-01
4141010484,河南财经政法大学,resources.career_url,"""http://job.huel.edu.cn/""",https://github.com/PotoYang/UniversityCareerWebPage/blob/0fbc54deee6a4a3aec67ffd77e41bccec898804e/README.md,community_dataset,2019-10-21,auto,2026-10-01
4141010918,黄淮学院,identity.slug_aliases,"[""huanghuai-university""]",https://github.com/damitheswitch/china-universities-dataset/blob/5eaa2a93f86ac322d53a36da9977d9a4c80f1f56/data/universities.json,community_dataset,2026,auto,2026-10-01
4141010918,黄淮学院,institution.school_type,"""师范""",https://github.com/xioajiumi/Chinese_Universities/blob/e088fddc329a6f0148ca72fd3b4d0fe069f13e3a/Chinese_Universities.json,community_dataset,2021,auto,2026-10-01
4141010918,黄淮学院,institution.country,"""China""",https://github.com/damitheswitch/china-universities-dataset/blob/5eaa2a93f86ac322d53a36da9977d9a4c80f1f56/data/universities.json,community_dataset,2026,auto,2026-10-01
4141010919,平顶山学院,identity.slug_aliases,"[""pingdingshan-university""]",https://github.com/damitheswitch/china-universities-dataset/blob/5eaa2a93f86ac322d53a36da9977d9a4c80f1f56/data/universities.json,community_dataset,2026,auto,2026-10-01
4141010919,平顶山学院,institution.school_type,"""师范""",https://github.com/xioajiumi/Chinese_Universities/blob/e088fddc329a6f0148ca72fd3b4d0fe069f13e3a/Chinese_Universities.json,community_dataset,2021,auto,2026-10-01
4141010919,平顶山学院,institution.country,"""China""",https://github.com/damitheswitch/china-universities-dataset/blob/5eaa2a93f86ac322d53a36da9977d9a4c80f1f56/data/universities.json,community_dataset,2026,auto,2026-10-01
4141011068,郑州工程技术学院,identity.slug_aliases,"[""zhengzhou-institute-of-technology""]",https://github.com/damitheswitch/china-universities-dataset/blob/5eaa2a93f86ac322d53a36da9977d9a4c80f1f56/data/universities.json,community_dataset,2026,auto,2026-10-01
4141011068,郑州工程技术学院,institution.school_type,"""理工""",https://github.com/xioajiumi/Chinese_Universities/blob/e088fddc329a6f0148ca72fd3b4d0fe069f13e3a/Chinese_Universities.json,community_dataset,2021,auto,2026-10-01
4141011068,郑州工程技术学院,institution.country,"""China""",https://github.com/damitheswitch/china-universities-dataset/blob/5eaa2a93f86ac322d53a36da9977d9a4c80f1f56/data/universities.json,community_dataset,2026,auto,2026-10-01
4141011070,洛阳理工学院,identity.slug_aliases,"[""luoyang-institute-of-science-and-technology""]",https://github.com/damitheswitch/china-universities-dataset/blob/5eaa2a93f86ac322d53a36da9977d9a4c80f1f56/data/universities.json,community_dataset,2026,auto,2026-10-01
4141011070,洛阳理工学院,institution.school_type,"""综合""",https://github.com/xioajiumi/Chinese_Universities/blob/e088fddc329a6f0148ca72fd3b4d0fe069f13e3a/Chinese_Universities.json,community_dataset,2021,auto,2026-10-01
4141011070,洛阳理工学院,institution.country,"""China""",https://github.com/damitheswitch/china-universities-dataset/blob/5eaa2a93f86ac322d53a36da9977d9a4c80f1f56/data/universities.json,community_dataset,2026,auto,2026-10-01
4141011071,新乡学院,identity.slug_aliases,"[""xinxiang-university""]",https://github.com/damitheswitch/china-universities-dataset/blob/5eaa2a93f86ac322d53a36da9977d9a4c80f1f56/data/universities.json,community_dataset,2026,auto,2026-10-01
4141011071,新乡学院,institution.school_type,"""理工""",https://github.com/xioajiumi/Chinese_Universities/blob/e088fddc329a6f0148ca72fd3b4d0fe069f13e3a/Chinese_Universities.json,community_dataset,2021,auto,2026-10-01
4141011071,新乡学院,institution.country,"""China""",https://github.com/damitheswitch/china-universities-dataset/blob/5eaa2a93f86ac322d53a36da9977d9a4c80f1f56/data/universities.json,community_dataset,2026,auto,2026-10-01
4141011326,信阳农林学院,identity.slug_aliases,"[""xinyang-agriculture-and-forestry-university""]",https://github.com/damitheswitch/china-universities-dataset/blob/5eaa2a93f86ac322d53a36da9977d9a4c80f1f56/data/universities.json,community_dataset,2026,auto,2026-10-01
4141011326,信阳农林学院,institution.school_type,"""农业""",https://github.com/xioajiumi/Chinese_Universities/blob/e088fddc329a6f0148ca72fd3b4d0fe069f13e3a/Chinese_Universities.json,community_dataset,2021,auto,2026-10-01
4141011326,信阳农林学院,institution.country,"""China""",https://github.com/damitheswitch/china-universities-dataset/blob/5eaa2a93f86ac322d53a36da9977d9a4c80f1f56/data/universities.json,community_dataset,2026,auto,2026-10-01
4141011329,河南工学院,identity.slug_aliases,"[""henan-institute-of-technology""]",https://github.com/damitheswitch/china-universities-dataset/blob/5eaa2a93f86ac322d53a36da9977d9a4c80f1f56/data/universities.json,community_dataset,2026,auto,2026-10-01
4141011329,河南工学院,institution.school_type,"""理工""",https://github.com/xioajiumi/Chinese_Universities/blob/e088fddc329a6f0148ca72fd3b4d0fe069f13e3a/Chinese_Universities.json,community_dataset,2021,auto,2026-10-01
4141011329,河南工学院,institution.country,"""China""",https://github.com/damitheswitch/china-universities-dataset/blob/5eaa2a93f86ac322d53a36da9977d9a4c80f1f56/data/universities.json,community_dataset,2026,auto,2026-10-01
4141011330,安阳工学院,identity.slug_aliases,"[""anyang-institute-of-technology""]",https://github.com/damitheswitch/china-universities-dataset/blob/5eaa2a93f86ac322d53a36da9977d9a4c80f1f56/data/universities.json,community_dataset,2026,auto,2026-10-01
4141011330,安阳工学院,institution.school_type,"""理工""",https://github.com/xioajiumi/Chinese_Universities/blob/e088fddc329a6f0148ca72fd3b4d0fe069f13e3a/Chinese_Universities.json,community_dataset,2021,auto,2026-10-01
4141011330,安阳工学院,institution.country,"""China""",https://github.com/damitheswitch/china-universities-dataset/blob/5eaa2a93f86ac322d53a36da9977d9a4c80f1f56/data/universities.json,community_dataset,2026,auto,2026-10-01
4141011517,河南工程学院,identity.slug_aliases,"[""henan-university-of-engineering""]",https://github.com/damitheswitch/china-universities-dataset/blob/5eaa2a93f86ac322d53a36da9977d9a4c80f1f56/data/universities.json,community_dataset,2026,auto,2026-10-01
4141011517,河南工程学院,institution.school_type,"""理工""",https://github.com/xioajiumi/Chinese_Universities/blob/e088fddc329a6f0148ca72fd3b4d0fe069f13e3a/Chinese_Universities.json,community_dataset,2021,auto,2026-10-01
4141011517,河南工程学院,institution.country,"""China""",https://github.com/damitheswitch/china-universities-dataset/blob/5eaa2a93f86ac322d53a36da9977d9a4c80f1f56/data/universities.json,community_dataset,2026,auto,2026-10-01
4141011653,南阳理工学院,identity.slug_aliases,"[""nanyang-institute-of-technology""]",https://github.com/damitheswitch/china-universities-dataset/blob/5eaa2a93f86ac322d53a36da9977d9a4c80f1f56/data/universities.json,community_dataset,2026,auto,2026-10-01
4141011653,南阳理工学院,institution.school_type,"""理工""",https://github.com/xioajiumi/Chinese_Universities/blob/e088fddc329a6f0148ca72fd3b4d0fe069f13e3a/Chinese_Universities.json,community_dataset,2021,auto,2026-10-01
4141011653,南阳理工学院,institution.country,"""China""",https://github.com/damitheswitch/china-universities-dataset/blob/5eaa2a93f86ac322d53a36da9977d9a4c80f1f56/data/universities.json,community_dataset,2026,auto,2026-10-01
4141011765,河南城建学院,identity.slug_aliases,"[""henan-university-of-urban-construction""]",https://github.com/damitheswitch/china-universities-dataset/blob/5eaa2a93f86ac322d53a36da9977d9a4c80f1f56/data/universities.json,community_dataset,2026,auto,2026-10-01
4141011765,河南城建学院,institution.school_type,"""理工""",https://github.com/xioajiumi/Chinese_Universities/blob/e088fddc329a6f0148ca72fd3b4d0fe069f13e3a/Chinese_Universities.json,community_dataset,2021,auto,2026-10-01
4141011765,河南城建学院,institution.country,"""China""",https://github.com/damitheswitch/china-universities-dataset/blob/5eaa2a93f86ac322d53a36da9977d9a4c80f1f56/data/universities.json,community_dataset,2026,auto,2026-10-01
4141012949,郑州师范学院,identity.slug_aliases,"[""zhengzhou-normal-university""]",https://github.com/damitheswitch/china-universities-dataset/blob/5eaa2a93f86ac322d53a36da9977d9a4c80f1f56/data/universities.json,community_dataset,2026,auto,2026-10-01
4141012949,郑州师范学院,institution.school_type,"""师范""",https://github.com/xioajiumi/Chinese_Universities/blob/e088fddc329a6f0148ca72fd3b4d0fe069f13e3a/Chinese_Universities.json,community_dataset,2021,auto,2026-10-01
4141012949,郑州师范学院,institution.country,"""China""",https://github.com/damitheswitch/china-universities-dataset/blob/5eaa2a93f86ac322d53a36da9977d9a4c80f1f56/data/universities.json,community_dataset,2026,auto,2026-10-01
4133010335,浙江大学,identity.short_name_zh,"""浙大""",https://github.com/Magicdover/China-Universities-2026/blob/419bdc7ce6956fc88c2b70b3979f170b6666f111/data/universities.js,community_dataset,2026-06-09,auto,2026-10-01
4133010335,浙江大学,identity.short_name_en,"""ZJU""",https://github.com/Magicdover/China-Universities-2026/blob/419bdc7ce6956fc88c2b70b3979f170b6666f111/data/universities.js,community_dataset,2026-06-09,auto,2026-10-01
4133010335,浙江大学,identity.slug_aliases,"[""zhejiang"", ""zhejiang-university""]",https://github.com/damitheswitch/china-universities-dataset/blob/5eaa2a93f86ac322d53a36da9977d9a4c80f1f56/data/universities.json,community_dataset,2026,auto,2026-10-01
4133010335,浙江大学,institution.school_type,"""综合""",https://github.com/xioajiumi/Chinese_Universities/blob/e088fddc329a6f0148ca72fd3b4d0fe069f13e3a/Chinese_Universities.json,community_dataset,2021,auto,2026-10-01
4133010335,浙江大学,institution.nature,"""公办""",https://github.com/damitheswitch/china-universities-dataset/blob/5eaa2a93f86ac322d53a36da9977d9a4c80f1f56/data/universities.json,community_dataset,2026,auto,2026-10-01
4133010335,浙江大学,institution.country,"""China""",https://github.com/damitheswitch/china-universities-dataset/blob/5eaa2a93f86ac322d53a36da9977d9a4c80f1f56/data/universities.json,community_dataset,2026,auto,2026-10-01
4133010335,浙江大学,institution.languages_of_instruction,"[""Chinese"", ""English""]",https://github.com/damitheswitch/china-universities-dataset/blob/5eaa2a93f86ac322d53a36da9977d9a4c80f1f56/data/universities.json,community_dataset,2026,auto,2026-10-01
4133010335,浙江大学,institution.groups,"[""双一流"", ""985"", ""211""]",https://github.com/damitheswitch/china-universities-dataset/blob/5eaa2a93f86ac322d53a36da9977d9a4c80f1f56/data/universities.json,community_dataset,2026,auto,2026-10-01
4133010335,浙江大学,location.coordinates,"{""longitude"": 120.124, ""latitude"": 30.263, ""crs"": ""unspecified"", ""precision"": ""approximate"", ""location_kind"": ""community_map_point""}",https://github.com/Magicdover/China-Universities-2026/blob/419bdc7ce6956fc88c2b70b3979f170b6666f111/data/universities.js,community_dataset,2026-06-09,auto,2026-10-01
4133010335,浙江大学,academics.double_first_class_disciplines,"[""化学"", ""光学工程"", ""农业工程"", ""计算机科学与技术"", ""控制科学与工程"", ""园艺学"", ""生态学"", ""软件工程""]",https://github.com/Magicdover/China-Universities-2026/blob/419bdc7ce6956fc88c2b70b3979f170b6666f111/data/universities.js,community_dataset,2026-06-09,auto,2026-10-01
4133010335,浙江大学,resources.career_url,"""http://www.career.zju.edu.cn/jyxt/jyweb/webIndex.zf""",https://github.com/PotoYang/UniversityCareerWebPage/blob/0fbc54deee6a4a3aec67ffd77e41bccec898804e/README.md,community_dataset,2019-10-21,auto,2026-10-01
4133010336,杭州电子科技大学,identity.short_name_zh,"""杭电""",https://github.com/Magicdover/China-Universities-2026/blob/419bdc7ce6956fc88c2b70b3979f170b6666f111/data/uni-extra2.js,community_dataset,2026-06-09,auto,2026-10-01
4133010336,杭州电子科技大学,identity.short_name_en,"""HDU""",https://github.com/Magicdover/China-Universities-2026/blob/419bdc7ce6956fc88c2b70b3979f170b6666f111/data/uni-extra2.js,community_dataset,2026-06-09,auto,2026-10-01
4133010336,杭州电子科技大学,identity.slug_aliases,"[""hangzhou-dianzi-university""]",https://github.com/damitheswitch/china-universities-dataset/blob/5eaa2a93f86ac322d53a36da9977d9a4c80f1f56/data/universities.json,community_dataset,2026,auto,2026-10-01
4133010336,杭州电子科技大学,institution.school_type,"""理工""",https://github.com/xioajiumi/Chinese_Universities/blob/e088fddc329a6f0148ca72fd3b4d0fe069f13e3a/Chinese_Universities.json,community_dataset,2021,auto,2026-10-01
4133010336,杭州电子科技大学,institution.country,"""China""",https://github.com/damitheswitch/china-universities-dataset/blob/5eaa2a93f86ac322d53a36da9977d9a4c80f1f56/data/universities.json,community_dataset,2026,auto,2026-10-01
4133010336,杭州电子科技大学,location.coordinates,"{""longitude"": 120.353, ""latitude"": 30.319, ""crs"": ""unspecified"", ""precision"": ""approximate"", ""location_kind"": ""community_map_point""}",https://github.com/Magicdover/China-Universities-2026/blob/419bdc7ce6956fc88c2b70b3979f170b6666f111/data/uni-extra2.js,community_dataset,2026-06-09,auto,2026-10-01
4133010336,杭州电子科技大学,resources.career_url,"""http://career.hdu.edu.cn/""",https://github.com/PotoYang/UniversityCareerWebPage/blob/0fbc54deee6a4a3aec67ffd77e41bccec898804e/README.md,community_dataset,2019-10-21,auto,2026-10-01
4133010337,浙江工业大学,identity.short_name_zh,"""浙工大""",https://github.com/Magicdover/China-Universities-2026/blob/419bdc7ce6956fc88c2b70b3979f170b6666f111/data/uni-extra2.js,community_dataset,2026-06-09,auto,2026-10-01
4133010337,浙江工业大学,identity.short_name_en,"""ZJUT""",https://github.com/Magicdover/China-Universities-2026/blob/419bdc7ce6956fc88c2b70b3979f170b6666f111/data/uni-extra2.js,community_dataset,2026-06-09,auto,2026-10-01
4133010337,浙江工业大学,identity.slug_aliases,"[""zhejiang-university-of-technology""]",https://github.com/damitheswitch/china-universities-dataset/blob/5eaa2a93f86ac322d53a36da9977d9a4c80f1f56/data/universities.json,community_dataset,2026,auto,2026-10-01
4133010337,浙江工业大学,institution.school_type,"""理工""",https://github.com/xioajiumi/Chinese_Universities/blob/e088fddc329a6f0148ca72fd3b4d0fe069f13e3a/Chinese_Universities.json,community_dataset,2021,auto,2026-10-01
4133010337,浙江工业大学,institution.country,"""China""",https://github.com/damitheswitch/china-universities-dataset/blob/5eaa2a93f86ac322d53a36da9977d9a4c80f1f56/data/universities.json,community_dataset,2026,auto,2026-10-01
4133010337,浙江工业大学,location.coordinates,"{""longitude"": 120.203, ""latitude"": 30.32, ""crs"": ""unspecified"", ""precision"": ""approximate"", ""location_kind"": ""community_map_point""}",https://github.com/Magicdover/China-Universities-2026/blob/419bdc7ce6956fc88c2b70b3979f170b6666f111/data/uni-extra2.js,community_dataset,2026-06-09,auto,2026-10-01
4133010337,浙江工业大学,resources.career_url,"""http://zjut.jysd.com/""",https://github.com/PotoYang/UniversityCareerWebPage/blob/0fbc54deee6a4a3aec67ffd77e41bccec898804e/README.md,community_dataset,2019-10-21,auto,2026-10-01
4133010338,浙江理工大学,identity.slug_aliases,"[""zhejiang-sci-tech-university""]",https://github.com/damitheswitch/china-universities-dataset/blob/5eaa2a93f86ac322d53a36da9977d9a4c80f1f56/data/universities.json,community_dataset,2026,auto,2026-10-01
4133010338,浙江理工大学,institution.school_type,"""理工""",https://github.com/xioajiumi/Chinese_Universities/blob/e088fddc329a6f0148ca72fd3b4d0fe069f13e3a/Chinese_Universities.json,community_dataset,2021,auto,2026-10-01
4133010338,浙江理工大学,institution.country,"""China""",https://github.com/damitheswitch/china-universities-dataset/blob/5eaa2a93f86ac322d53a36da9977d9a4c80f1f56/data/universities.json,community_dataset,2026,auto,2026-10-01
4133010338,浙江理工大学,resources.career_url,"""http://jyb.zstu.edu.cn/""",https://github.com/PotoYang/UniversityCareerWebPage/blob/0fbc54deee6a4a3aec67ffd77e41bccec898804e/README.md,community_dataset,2019-10-21,auto,2026-10-01
4133010340,浙江海洋大学,identity.slug_aliases,"[""zhejiang-ocean-university""]",https://github.com/damitheswitch/china-universities-dataset/blob/5eaa2a93f86ac322d53a36da9977d9a4c80f1f56/data/universities.json,community_dataset,2026,auto,2026-10-01
4133010340,浙江海洋大学,institution.school_type,"""农业""",https://github.com/xioajiumi/Chinese_Universities/blob/e088fddc329a6f0148ca72fd3b4d0fe069f13e3a/Chinese_Universities.json,community_dataset,2021,auto,2026-10-01
4133010340,浙江海洋大学,institution.country,"""China""",https://github.com/damitheswitch/china-universities-dataset/blob/5eaa2a93f86ac322d53a36da9977d9a4c80f1f56/data/universities.json,community_dataset,2026,auto,2026-10-01
4133010341,浙江农林大学,identity.slug_aliases,"[""zhejiang-a-f-university""]",https://github.com/damitheswitch/china-universities-dataset/blob/5eaa2a93f86ac322d53a36da9977d9a4c80f1f56/data/universities.json,community_dataset,2026,auto,2026-10-01
4133010341,浙江农林大学,institution.school_type,"""林业""",https://github.com/xioajiumi/Chinese_Universities/blob/e088fddc329a6f0148ca72fd3b4d0fe069f13e3a/Chinese_Universities.json,community_dataset,2021,auto,2026-10-01
4133010341,浙江农林大学,institution.country,"""China""",https://github.com/damitheswitch/china-universities-dataset/blob/5eaa2a93f86ac322d53a36da9977d9a4c80f1f56/data/universities.json,community_dataset,2026,auto,2026-10-01
4133010341,浙江农林大学,resources.career_url,"""http://jy.zafu.edu.cn/""",https://github.com/PotoYang/UniversityCareerWebPage/blob/0fbc54deee6a4a3aec67ffd77e41bccec898804e/README.md,community_dataset,2019-10-21,auto,2026-10-01
4133010343,温州医科大学,resources.career_url,"""http://job.wmu.edu.cn/""",https://github.com/PotoYang/UniversityCareerWebPage/blob/0fbc54deee6a4a3aec67ffd77e41bccec898804e/README.md,community_dataset,2019-10-21,auto,2026-10-01
4133010344,浙江中医药大学,resources.career_url,"""http://job.zcmu.edu.cn/""",https://github.com/PotoYang/UniversityCareerWebPage/blob/0fbc54deee6a4a3aec67ffd77e41bccec898804e/README.md,community_dataset,2019-10-21,auto,2026-10-01
4133010345,浙江师范大学,identity.slug_aliases,"[""zhejiang-normal-university""]",https://github.com/damitheswitch/china-universities-dataset/blob/5eaa2a93f86ac322d53a36da9977d9a4c80f1f56/data/universities.json,community_dataset,2026,auto,2026-10-01
4133010345,浙江师范大学,institution.school_type,"""师范""",https://github.com/xioajiumi/Chinese_Universities/blob/e088fddc329a6f0148ca72fd3b4d0fe069f13e3a/Chinese_Universities.json,community_dataset,2021,auto,2026-10-01
4133010345,浙江师范大学,institution.country,"""China""",https://github.com/damitheswitch/china-universities-dataset/blob/5eaa2a93f86ac322d53a36da9977d9a4c80f1f56/data/universities.json,community_dataset,2026,auto,2026-10-01
4133010345,浙江师范大学,resources.career_url,"""http://career.zjnu.edu.cn/""",https://github.com/PotoYang/UniversityCareerWebPage/blob/0fbc54deee6a4a3aec67ffd77e41bccec898804e/README.md,community_dataset,2019-10-21,auto,2026-10-01
4133010346,杭州师范大学,identity.slug_aliases,"[""hangzhou-normal-university""]",https://github.com/damitheswitch/china-universities-dataset/blob/5eaa2a93f86ac322d53a36da9977d9a4c80f1f56/data/universities.json,community_dataset,2026,auto,2026-10-01
4133010346,杭州师范大学,institution.school_type,"""师范""",https://github.com/xioajiumi/Chinese_Universities/blob/e088fddc329a6f0148ca72fd3b4d0fe069f13e3a/Chinese_Universities.json,community_dataset,2021,auto,2026-10-01
4133010346,杭州师范大学,institution.country,"""China""",https://github.com/damitheswitch/china-universities-dataset/blob/5eaa2a93f86ac322d53a36da9977d9a4c80f1f56/data/universities.json,community_dataset,2026,auto,2026-10-01
4133010346,杭州师范大学,resources.career_url,"""http://hznu.jysd.com/""",https://github.com/PotoYang/UniversityCareerWebPage/blob/0fbc54deee6a4a3aec67ffd77e41bccec898804e/README.md,community_dataset,2019-10-21,auto,2026-10-01
4133010350,台州学院,identity.slug_aliases,"[""taizhou-university-tzc""]",https://github.com/damitheswitch/china-universities-dataset/blob/5eaa2a93f86ac322d53a36da9977d9a4c80f1f56/data/universities.json,community_dataset,2026,auto,2026-10-01
4133010350,台州学院,institution.school_type,"""综合""",https://github.com/xioajiumi/Chinese_Universities/blob/e088fddc329a6f0148ca72fd3b4d0fe069f13e3a/Chinese_Universities.json,community_dataset,2021,auto,2026-10-01
4133010350,台州学院,institution.country,"""China""",https://github.com/damitheswitch/china-universities-dataset/blob/5eaa2a93f86ac322d53a36da9977d9a4c80f1f56/data/universities.json,community_dataset,2026,auto,2026-10-01
4133010351,温州大学,identity.slug_aliases,"[""wenzhou-university""]",https://github.com/damitheswitch/china-universities-dataset/blob/5eaa2a93f86ac322d53a36da9977d9a4c80f1f56/data/universities.json,community_dataset,2026,auto,2026-10-01
4133010351,温州大学,institution.school_type,"""综合""",https://github.com/xioajiumi/Chinese_Universities/blob/e088fddc329a6f0148ca72fd3b4d0fe069f13e3a/Chinese_Universities.json,community_dataset,2021,auto,2026-10-01
4133010351,温州大学,institution.country,"""China""",https://github.com/damitheswitch/china-universities-dataset/blob/5eaa2a93f86ac322d53a36da9977d9a4c80f1f56/data/universities.json,community_dataset,2026,auto,2026-10-01
4133010351,温州大学,resources.career_url,"""http://job.wzu.edu.cn/""",https://github.com/PotoYang/UniversityCareerWebPage/blob/0fbc54deee6a4a3aec67ffd77e41bccec898804e/README.md,community_dataset,2019-10-21,auto,2026-10-01
4133010352,丽水学院,identity.slug_aliases,"[""lishui-university""]",https://github.com/damitheswitch/china-universities-dataset/blob/5eaa2a93f86ac322d53a36da9977d9a4c80f1f56/data/universities.json,community_dataset,2026,auto,2026-10-01
4133010352,丽水学院,institution.school_type,"""师范""",https://github.com/xioajiumi/Chinese_Universities/blob/e088fddc329a6f0148ca72fd3b4d0fe069f13e3a/Chinese_Universities.json,community_dataset,2021,auto,2026-10-01
4133010352,丽水学院,institution.country,"""China""",https://github.com/damitheswitch/china-universities-dataset/blob/5eaa2a93f86ac322d53a36da9977d9a4c80f1f56/data/universities.json,community_dataset,2026,auto,2026-10-01
4133010353,浙江工商大学,resources.career_url,"""http://jyw.zjgsu.edu.cn/eweb/index.so""",https://github.com/PotoYang/UniversityCareerWebPage/blob/0fbc54deee6a4a3aec67ffd77e41bccec898804e/README.md,community_dataset,2019-10-21,auto,2026-10-01
4133010354,嘉兴大学,identity.slug_aliases,"[""jiaxing-university""]",https://github.com/damitheswitch/china-universities-dataset/blob/5eaa2a93f86ac322d53a36da9977d9a4c80f1f56/data/universities.json,community_dataset,2026,auto,2026-10-01
4133010354,嘉兴大学,institution.school_type,"""综合""",https://github.com/damitheswitch/china-universities-dataset/blob/5eaa2a93f86ac322d53a36da9977d9a4c80f1f56/data/universities.json,community_dataset,2026,auto,2026-10-01
4133010354,嘉兴大学,institution.country,"""China""",https://github.com/damitheswitch/china-universities-dataset/blob/5eaa2a93f86ac322d53a36da9977d9a4c80f1f56/data/universities.json,community_dataset,2026,auto,2026-10-01
4133010355,中国美术学院,identity.short_name_zh,"""国美""",https://github.com/Magicdover/China-Universities-2026/blob/419bdc7ce6956fc88c2b70b3979f170b6666f111/data/uni-special.js,community_dataset,2026-06-09,auto,2026-10-01
4133010355,中国美术学院,identity.short_name_en,"""CAA""",https://github.com/Magicdover/China-Universities-2026/blob/419bdc7ce6956fc88c2b70b3979f170b6666f111/data/uni-special.js,community_dataset,2026-06-09,auto,2026-10-01
4133010355,中国美术学院,institution.school_type,"""艺术""",https://github.com/Magicdover/China-Universities-2026/blob/419bdc7ce6956fc88c2b70b3979f170b6666f111/data/uni-special.js,community_dataset,2026-06-09,auto,2026-10-01
4133010355,中国美术学院,institution.groups,"[""双一流""]",https://github.com/Magicdover/China-Universities-2026/blob/419bdc7ce6956fc88c2b70b3979f170b6666f111/data/uni-special.js,community_dataset,2026-06-09,auto,2026-10-01
4133010355,中国美术学院,location.coordinates,"{""longitude"": 120.133, ""latitude"": 30.212, ""crs"": ""unspecified"", ""precision"": ""approximate"", ""location_kind"": ""community_map_point""}",https://github.com/Magicdover/China-Universities-2026/blob/419bdc7ce6956fc88c2b70b3979f170b6666f111/data/uni-special.js,community_dataset,2026-06-09,auto,2026-10-01
4133010355,中国美术学院,academics.double_first_class_disciplines,"[""美术学""]",https://github.com/Magicdover/China-Universities-2026/blob/419bdc7ce6956fc88c2b70b3979f170b6666f111/data/uni-special.js,community_dataset,2026-06-09,auto,2026-10-01
4133010356,中国计量大学,identity.slug_aliases,"[""china-jiliang-university""]",https://github.com/damitheswitch/china-universities-dataset/blob/5eaa2a93f86ac322d53a36da9977d9a4c80f1f56/data/universities.json,community_dataset,2026,auto,2026-10-01
4133010356,中国计量大学,institution.school_type,"""理工""",https://github.com/xioajiumi/Chinese_Universities/blob/e088fddc329a6f0148ca72fd3b4d0fe069f13e3a/Chinese_Universities.json,community_dataset,2021,auto,2026-10-01
4133010356,中国计量大学,institution.country,"""China""",https://github.com/damitheswitch/china-universities-dataset/blob/5eaa2a93f86ac322d53a36da9977d9a4c80f1f56/data/universities.json,community_dataset,2026,auto,2026-10-01
4133010356,中国计量大学,resources.career_url,"""https://jyb.cjlu.edu.cn/""",https://github.com/PotoYang/UniversityCareerWebPage/blob/0fbc54deee6a4a3aec67ffd77e41bccec898804e/README.md,community_dataset,2019-10-21,auto,2026-10-01
4133010876,浙江万里学院,identity.slug_aliases,"[""zhejiang-wanli-university""]",https://github.com/damitheswitch/china-universities-dataset/blob/5eaa2a93f86ac322d53a36da9977d9a4c80f1f56/data/universities.json,community_dataset,2026,auto,2026-10-01
4133010876,浙江万里学院,institution.school_type,"""理工""",https://github.com/xioajiumi/Chinese_Universities/blob/e088fddc329a6f0148ca72fd3b4d0fe069f13e3a/Chinese_Universities.json,community_dataset,2021,auto,2026-10-01
4133010876,浙江万里学院,institution.country,"""China""",https://github.com/damitheswitch/china-universities-dataset/blob/5eaa2a93f86ac322d53a36da9977d9a4c80f1f56/data/universities.json,community_dataset,2026,auto,2026-10-01
4133011057,浙江科技大学,identity.slug_aliases,"[""zhejiang-university-of-science-and-technology""]",https://github.com/damitheswitch/china-universities-dataset/blob/5eaa2a93f86ac322d53a36da9977d9a4c80f1f56/data/universities.json,community_dataset,2026,auto,2026-10-01
4133011057,浙江科技大学,institution.school_type,"""理工""",https://github.com/damitheswitch/china-universities-dataset/blob/5eaa2a93f86ac322d53a36da9977d9a4c80f1f56/data/universities.json,community_dataset,2026,auto,2026-10-01
4133011057,浙江科技大学,institution.country,"""China""",https://github.com/damitheswitch/china-universities-dataset/blob/5eaa2a93f86ac322d53a36da9977d9a4c80f1f56/data/universities.json,community_dataset,2026,auto,2026-10-01
4133011058,宁波工程学院,identity.slug_aliases,"[""ningbo-university-of-technology""]",https://github.com/damitheswitch/china-universities-dataset/blob/5eaa2a93f86ac322d53a36da9977d9a4c80f1f56/data/universities.json,community_dataset,2026,auto,2026-10-01
4133011058,宁波工程学院,institution.school_type,"""理工""",https://github.com/xioajiumi/Chinese_Universities/blob/e088fddc329a6f0148ca72fd3b4d0fe069f13e3a/Chinese_Universities.json,community_dataset,2021,auto,2026-10-01
4133011058,宁波工程学院,institution.country,"""China""",https://github.com/damitheswitch/china-universities-dataset/blob/5eaa2a93f86ac322d53a36da9977d9a4c80f1f56/data/universities.json,community_dataset,2026,auto,2026-10-01
4133011481,浙江水利水电学院,identity.slug_aliases,"[""zhejiang-university-of-water-resources-and-electric-power""]",https://github.com/damitheswitch/china-universities-dataset/blob/5eaa2a93f86ac322d53a36da9977d9a4c80f1f56/data/universities.json,community_dataset,2026,auto,2026-10-01
4133011481,浙江水利水电学院,institution.school_type,"""理工""",https://github.com/xioajiumi/Chinese_Universities/blob/e088fddc329a6f0148ca72fd3b4d0fe069f13e3a/Chinese_Universities.json,community_dataset,2021,auto,2026-10-01
4133011481,浙江水利水电学院,institution.country,"""China""",https://github.com/damitheswitch/china-universities-dataset/blob/5eaa2a93f86ac322d53a36da9977d9a4c80f1f56/data/universities.json,community_dataset,2026,auto,2026-10-01
4133011488,衢州学院,identity.slug_aliases,"[""quzhou-university""]",https://github.com/damitheswitch/china-universities-dataset/blob/5eaa2a93f86ac322d53a36da9977d9a4c80f1f56/data/universities.json,community_dataset,2026,auto,2026-10-01
4133011488,衢州学院,institution.school_type,"""理工""",https://github.com/xioajiumi/Chinese_Universities/blob/e088fddc329a6f0148ca72fd3b4d0fe069f13e3a/Chinese_Universities.json,community_dataset,2021,auto,2026-10-01
4133011488,衢州学院,institution.country,"""China""",https://github.com/damitheswitch/china-universities-dataset/blob/5eaa2a93f86ac322d53a36da9977d9a4c80f1f56/data/universities.json,community_dataset,2026,auto,2026-10-01
4133011646,宁波大学,identity.short_name_zh,"""宁大""",https://github.com/Magicdover/China-Universities-2026/blob/419bdc7ce6956fc88c2b70b3979f170b6666f111/data/uni-211.js,community_dataset,2026-06-09,auto,2026-10-01
4133011646,宁波大学,identity.short_name_en,"""NBU""",https://github.com/Magicdover/China-Universities-2026/blob/419bdc7ce6956fc88c2b70b3979f170b6666f111/data/uni-211.js,community_dataset,2026-06-09,auto,2026-10-01
4133011646,宁波大学,identity.slug_aliases,"[""ningbo-university""]",https://github.com/damitheswitch/china-universities-dataset/blob/5eaa2a93f86ac322d53a36da9977d9a4c80f1f56/data/universities.json,community_dataset,2026,auto,2026-10-01
4133011646,宁波大学,institution.school_type,"""综合""",https://github.com/xioajiumi/Chinese_Universities/blob/e088fddc329a6f0148ca72fd3b4d0fe069f13e3a/Chinese_Universities.json,community_dataset,2021,auto,2026-10-01
4133011646,宁波大学,institution.country,"""China""",https://github.com/damitheswitch/china-universities-dataset/blob/5eaa2a93f86ac322d53a36da9977d9a4c80f1f56/data/universities.json,community_dataset,2026,auto,2026-10-01
4133011646,宁波大学,institution.groups,"[""双一流""]",https://github.com/damitheswitch/china-universities-dataset/blob/5eaa2a93f86ac322d53a36da9977d9a4c80f1f56/data/universities.json,community_dataset,2026,auto,2026-10-01
4133011646,宁波大学,location.coordinates,"{""longitude"": 121.567, ""latitude"": 29.797, ""crs"": ""unspecified"", ""precision"": ""approximate"", ""location_kind"": ""community_map_point""}",https://github.com/Magicdover/China-Universities-2026/blob/419bdc7ce6956fc88c2b70b3979f170b6666f111/data/uni-211.js,community_dataset,2026-06-09,auto,2026-10-01
4133011646,宁波大学,academics.double_first_class_disciplines,"[""力学""]",https://github.com/Magicdover/China-Universities-2026/blob/419bdc7ce6956fc88c2b70b3979f170b6666f111/data/uni-211.js,community_dataset,2026-06-09,auto,2026-10-01
4133011646,宁波大学,resources.career_url,"""http://ndjy.nbu.edu.cn/""",https://github.com/PotoYang/UniversityCareerWebPage/blob/0fbc54deee6a4a3aec67ffd77e41bccec898804e/README.md,community_dataset,2019-10-21,auto,2026-10-01
4133011647,浙江传媒学院,resources.career_url,"""http://job.cuz.edu.cn/zh/web/14321/1""",https://github.com/PotoYang/UniversityCareerWebPage/blob/0fbc54deee6a4a3aec67ffd77e41bccec898804e/README.md,community_dataset,2019-10-21,auto,2026-10-01
4133013021,浙大城市学院,identity.slug_aliases,"[""zhejiang-university-city-college""]",https://github.com/damitheswitch/china-universities-dataset/blob/5eaa2a93f86ac322d53a36da9977d9a4c80f1f56/data/universities.json,community_dataset,2026,auto,2026-10-01
4133013021,浙大城市学院,institution.school_type,"""理工""",https://github.com/xioajiumi/Chinese_Universities/blob/e088fddc329a6f0148ca72fd3b4d0fe069f13e3a/Chinese_Universities.json,community_dataset,2021,auto,2026-10-01
4133013021,浙大城市学院,institution.country,"""China""",https://github.com/damitheswitch/china-universities-dataset/blob/5eaa2a93f86ac322d53a36da9977d9a4c80f1f56/data/universities.json,community_dataset,2026,auto,2026-10-01
4133013022,浙大宁波理工学院,identity.slug_aliases,"[""ningbotech-university""]",https://github.com/damitheswitch/china-universities-dataset/blob/5eaa2a93f86ac322d53a36da9977d9a4c80f1f56/data/universities.json,community_dataset,2026,auto,2026-10-01
4133013022,浙大宁波理工学院,institution.school_type,"""理工""",https://github.com/xioajiumi/Chinese_Universities/blob/e088fddc329a6f0148ca72fd3b4d0fe069f13e3a/Chinese_Universities.json,community_dataset,2021,auto,2026-10-01
4133013022,浙大宁波理工学院,institution.country,"""China""",https://github.com/damitheswitch/china-universities-dataset/blob/5eaa2a93f86ac322d53a36da9977d9a4c80f1f56/data/universities.json,community_dataset,2026,auto,2026-10-01
4133013287,湖州学院,identity.slug_aliases,"[""huzhou-university-qiuzhen-college""]",https://github.com/damitheswitch/china-universities-dataset/blob/5eaa2a93f86ac322d53a36da9977d9a4c80f1f56/data/universities.json,community_dataset,2026,auto,2026-10-01
4133013287,湖州学院,institution.school_type,"""师范""",https://github.com/xioajiumi/Chinese_Universities/blob/e088fddc329a6f0148ca72fd3b4d0fe069f13e3a/Chinese_Universities.json,community_dataset,2021,auto,2026-10-01
4133013287,湖州学院,institution.country,"""China""",https://github.com/damitheswitch/china-universities-dataset/blob/5eaa2a93f86ac322d53a36da9977d9a4c80f1f56/data/universities.json,community_dataset,2026,auto,2026-10-01
4133013289,温州理工学院,identity.slug_aliases,"[""wenzhou-university-oujiang-college""]",https://github.com/damitheswitch/china-universities-dataset/blob/5eaa2a93f86ac322d53a36da9977d9a4c80f1f56/data/universities.json,community_dataset,2026,auto,2026-10-01
4133013289,温州理工学院,institution.school_type,"""师范""",https://github.com/xioajiumi/Chinese_Universities/blob/e088fddc329a6f0148ca72fd3b4d0fe069f13e3a/Chinese_Universities.json,community_dataset,2021,auto,2026-10-01
4133013289,温州理工学院,institution.country,"""China""",https://github.com/damitheswitch/china-universities-dataset/blob/5eaa2a93f86ac322d53a36da9977d9a4c80f1f56/data/universities.json,community_dataset,2026,auto,2026-10-01
4133014535,浙江音乐学院,identity.short_name_zh,"""浙音""",https://github.com/Magicdover/China-Universities-2026/blob/419bdc7ce6956fc88c2b70b3979f170b6666f111/data/uni-extra2.js,community_dataset,2026-06-09,auto,2026-10-01
4133014535,浙江音乐学院,identity.short_name_en,"""ZJCM""",https://github.com/Magicdover/China-Universities-2026/blob/419bdc7ce6956fc88c2b70b3979f170b6666f111/data/uni-extra2.js,community_dataset,2026-06-09,auto,2026-10-01
4133014535,浙江音乐学院,institution.school_type,"""艺术""",https://github.com/Magicdover/China-Universities-2026/blob/419bdc7ce6956fc88c2b70b3979f170b6666f111/data/uni-extra2.js,community_dataset,2026-06-09,auto,2026-10-01
4133014535,浙江音乐学院,location.coordinates,"{""longitude"": 120.103, ""latitude"": 30.182, ""crs"": ""unspecified"", ""precision"": ""approximate"", ""location_kind"": ""community_map_point""}",https://github.com/Magicdover/China-Universities-2026/blob/419bdc7ce6956fc88c2b70b3979f170b6666f111/data/uni-extra2.js,community_dataset,2026-06-09,auto,2026-10-01
4133014535,浙江音乐学院,resources.career_url,"""http://www.zjcm.edu.cn/a/20191016/5525.shtml""",https://github.com/PotoYang/UniversityCareerWebPage/blob/0fbc54deee6a4a3aec67ffd77e41bccec898804e/README.md,community_dataset,2019-10-21,auto,2026-10-01
4133014626,西湖大学,identity.short_name_zh,"""西湖大""",https://github.com/Magicdover/China-Universities-2026/blob/419bdc7ce6956fc88c2b70b3979f170b6666f111/data/uni-special.js,community_dataset,2026-06-09,auto,2026-10-01
4133014626,西湖大学,identity.short_name_en,"""WLU""",https://github.com/Magicdover/China-Universities-2026/blob/419bdc7ce6956fc88c2b70b3979f170b6666f111/data/uni-special.js,community_dataset,2026-06-09,auto,2026-10-01
4133014626,西湖大学,institution.school_type,"""理工""",https://github.com/Magicdover/China-Universities-2026/blob/419bdc7ce6956fc88c2b70b3979f170b6666f111/data/uni-special.js,community_dataset,2026-06-09,auto,2026-10-01
4133014626,西湖大学,institution.groups,"[""新型研究型""]",https://github.com/Magicdover/China-Universities-2026/blob/419bdc7ce6956fc88c2b70b3979f170b6666f111/data/uni-special.js,community_dataset,2026-06-09,auto,2026-10-01
4133014626,西湖大学,location.coordinates,"{""longitude"": 120.103, ""latitude"": 30.302, ""crs"": ""unspecified"", ""precision"": ""approximate"", ""location_kind"": ""community_map_point""}",https://github.com/Magicdover/China-Universities-2026/blob/419bdc7ce6956fc88c2b70b3979f170b6666f111/data/uni-special.js,community_dataset,2026-06-09,auto,2026-10-01
4133014626,西湖大学,academics.double_first_class_disciplines,"[""生物、物理、化学等前沿研究""]",https://github.com/Magicdover/China-Universities-2026/blob/419bdc7ce6956fc88c2b70b3979f170b6666f111/data/uni-special.js,community_dataset,2026-06-09,auto,2026-10-01
4146010589,海南大学,identity.short_name_zh,"""海大(琼)""",https://github.com/Magicdover/China-Universities-2026/blob/419bdc7ce6956fc88c2b70b3979f170b6666f111/data/uni-211.js,community_dataset,2026-06-09,auto,2026-10-01
4146010589,海南大学,identity.short_name_en,"""HAINU""",https://github.com/Magicdover/China-Universities-2026/blob/419bdc7ce6956fc88c2b70b3979f170b6666f111/data/uni-211.js,community_dataset,2026-06-09,auto,2026-10-01
4146010589,海南大学,identity.slug_aliases,"[""hainan-university""]",https://github.com/damitheswitch/china-universities-dataset/blob/5eaa2a93f86ac322d53a36da9977d9a4c80f1f56/data/universities.json,community_dataset,2026,auto,2026-10-01
4146010589,海南大学,institution.school_type,"""综合""",https://github.com/xioajiumi/Chinese_Universities/blob/e088fddc329a6f0148ca72fd3b4d0fe069f13e3a/Chinese_Universities.json,community_dataset,2021,auto,2026-10-01
4146010589,海南大学,institution.country,"""China""",https://github.com/damitheswitch/china-universities-dataset/blob/5eaa2a93f86ac322d53a36da9977d9a4c80f1f56/data/universities.json,community_dataset,2026,auto,2026-10-01
4146010589,海南大学,institution.groups,"[""双一流"", ""211""]",https://github.com/damitheswitch/china-universities-dataset/blob/5eaa2a93f86ac322d53a36da9977d9a4c80f1f56/data/universities.json,community_dataset,2026,auto,2026-10-01
4146010589,海南大学,location.coordinates,"{""longitude"": 110.317, ""latitude"": 20.06, ""crs"": ""unspecified"", ""precision"": ""approximate"", ""location_kind"": ""community_map_point""}",https://github.com/Magicdover/China-Universities-2026/blob/419bdc7ce6956fc88c2b70b3979f170b6666f111/data/uni-211.js,community_dataset,2026-06-09,auto,2026-10-01
4146010589,海南大学,academics.double_first_class_disciplines,"[""作物学""]",https://github.com/Magicdover/China-Universities-2026/blob/419bdc7ce6956fc88c2b70b3979f170b6666f111/data/uni-211.js,community_dataset,2026-06-09,auto,2026-10-01
4146010589,海南大学,resources.career_url,"""https://www.hainanu.edu.cn/jiuye/""",https://github.com/PotoYang/UniversityCareerWebPage/blob/0fbc54deee6a4a3aec67ffd77e41bccec898804e/README.md,community_dataset,2019-10-21,auto,2026-10-01
4146011100,海南热带海洋学院,identity.slug_aliases,"[""hainan-tropical-ocean-university""]",https://github.com/damitheswitch/china-universities-dataset/blob/5eaa2a93f86ac322d53a36da9977d9a4c80f1f56/data/universities.json,community_dataset,2026,auto,2026-10-01
4146011100,海南热带海洋学院,institution.school_type,"""综合""",https://github.com/xioajiumi/Chinese_Universities/blob/e088fddc329a6f0148ca72fd3b4d0fe069f13e3a/Chinese_Universities.json,community_dataset,2021,auto,2026-10-01
4146011100,海南热带海洋学院,institution.country,"""China""",https://github.com/damitheswitch/china-universities-dataset/blob/5eaa2a93f86ac322d53a36da9977d9a4c80f1f56/data/universities.json,community_dataset,2026,auto,2026-10-01
4146011658,海南师范大学,identity.slug_aliases,"[""hainan-normal-university""]",https://github.com/damitheswitch/china-universities-dataset/blob/5eaa2a93f86ac322d53a36da9977d9a4c80f1f56/data/universities.json,community_dataset,2026,auto,2026-10-01
4146011658,海南师范大学,institution.school_type,"""师范""",https://github.com/xioajiumi/Chinese_Universities/blob/e088fddc329a6f0148ca72fd3b4d0fe069f13e3a/Chinese_Universities.json,community_dataset,2021,auto,2026-10-01
4146011658,海南师范大学,institution.country,"""China""",https://github.com/damitheswitch/china-universities-dataset/blob/5eaa2a93f86ac322d53a36da9977d9a4c80f1f56/data/universities.json,community_dataset,2026,auto,2026-10-01
4146011658,海南师范大学,resources.career_url,"""http://jy.hainnu.edu.cn/unijob/index.php/web/Index/index""",https://github.com/PotoYang/UniversityCareerWebPage/blob/0fbc54deee6a4a3aec67ffd77e41bccec898804e/README.md,community_dataset,2019-10-21,auto,2026-10-01
4146012308,海口经济学院,resources.career_url,"""http://hkc.good-edu.cn/""",https://github.com/PotoYang/UniversityCareerWebPage/blob/0fbc54deee6a4a3aec67ffd77e41bccec898804e/README.md,community_dataset,2019-10-21,auto,2026-10-01
4146013811,琼台师范学院,identity.slug_aliases,"[""qiongtai-normal-university""]",https://github.com/damitheswitch/china-universities-dataset/blob/5eaa2a93f86ac322d53a36da9977d9a4c80f1f56/data/universities.json,community_dataset,2026,auto,2026-10-01
4146013811,琼台师范学院,institution.school_type,"""师范""",https://github.com/xioajiumi/Chinese_Universities/blob/e088fddc329a6f0148ca72fd3b4d0fe069f13e3a/Chinese_Universities.json,community_dataset,2021,auto,2026-10-01
4146013811,琼台师范学院,institution.country,"""China""",https://github.com/damitheswitch/china-universities-dataset/blob/5eaa2a93f86ac322d53a36da9977d9a4c80f1f56/data/universities.json,community_dataset,2026,auto,2026-10-01
4142010486,武汉大学,identity.short_name_zh,"""武大""",https://github.com/Magicdover/China-Universities-2026/blob/419bdc7ce6956fc88c2b70b3979f170b6666f111/data/universities.js,community_dataset,2026-06-09,auto,2026-10-01
4142010486,武汉大学,identity.short_name_en,"""WHU""",https://github.com/Magicdover/China-Universities-2026/blob/419bdc7ce6956fc88c2b70b3979f170b6666f111/data/universities.js,community_dataset,2026-06-09,auto,2026-10-01
4142010486,武汉大学,identity.slug_aliases,"[""wuhan"", ""wuhan-university""]",https://github.com/damitheswitch/china-universities-dataset/blob/5eaa2a93f86ac322d53a36da9977d9a4c80f1f56/data/universities.json,community_dataset,2026,auto,2026-10-01
4142010486,武汉大学,institution.school_type,"""综合""",https://github.com/xioajiumi/Chinese_Universities/blob/e088fddc329a6f0148ca72fd3b4d0fe069f13e3a/Chinese_Universities.json,community_dataset,2021,auto,2026-10-01
4142010486,武汉大学,institution.nature,"""公办""",https://github.com/damitheswitch/china-universities-dataset/blob/5eaa2a93f86ac322d53a36da9977d9a4c80f1f56/data/universities.json,community_dataset,2026,auto,2026-10-01
4142010486,武汉大学,institution.country,"""China""",https://github.com/damitheswitch/china-universities-dataset/blob/5eaa2a93f86ac322d53a36da9977d9a4c80f1f56/data/universities.json,community_dataset,2026,auto,2026-10-01
4142010486,武汉大学,institution.languages_of_instruction,"[""Chinese"", ""English""]",https://github.com/damitheswitch/china-universities-dataset/blob/5eaa2a93f86ac322d53a36da9977d9a4c80f1f56/data/universities.json,community_dataset,2026,auto,2026-10-01
4142010486,武汉大学,institution.groups,"[""双一流"", ""985"", ""211""]",https://github.com/damitheswitch/china-universities-dataset/blob/5eaa2a93f86ac322d53a36da9977d9a4c80f1f56/data/universities.json,community_dataset,2026,auto,2026-10-01
4142010486,武汉大学,location.coordinates,"{""longitude"": 114.367, ""latitude"": 30.539, ""crs"": ""unspecified"", ""precision"": ""approximate"", ""location_kind"": ""community_map_point""}",https://github.com/Magicdover/China-Universities-2026/blob/419bdc7ce6956fc88c2b70b3979f170b6666f111/data/universities.js,community_dataset,2026-06-09,auto,2026-10-01
4142010486,武汉大学,academics.double_first_class_disciplines,"[""测绘科学与技术"", ""地球物理学"", ""马克思主义理论"", ""法学"", ""图书情报与档案管理"", ""口腔医学""]",https://github.com/Magicdover/China-Universities-2026/blob/419bdc7ce6956fc88c2b70b3979f170b6666f111/data/universities.js,community_dataset,2026-06-09,auto,2026-10-01
4142010486,武汉大学,resources.career_url,"""http://www.xsjy.whu.edu.cn/default.html""",https://github.com/PotoYang/UniversityCareerWebPage/blob/0fbc54deee6a4a3aec67ffd77e41bccec898804e/README.md,community_dataset,2019-10-21,auto,2026-10-01
4142010487,华中科技大学,identity.short_name_zh,"""华科""",https://github.com/Magicdover/China-Universities-2026/blob/419bdc7ce6956fc88c2b70b3979f170b6666f111/data/universities.js,community_dataset,2026-06-09,auto,2026-10-01
4142010487,华中科技大学,identity.short_name_en,"""HUST""",https://github.com/Magicdover/China-Universities-2026/blob/419bdc7ce6956fc88c2b70b3979f170b6666f111/data/universities.js,community_dataset,2026-06-09,auto,2026-10-01
4142010487,华中科技大学,identity.slug_aliases,"[""huazhong-university-of-science-and-technology""]",https://github.com/damitheswitch/china-universities-dataset/blob/5eaa2a93f86ac322d53a36da9977d9a4c80f1f56/data/universities.json,community_dataset,2026,auto,2026-10-01
4142010487,华中科技大学,institution.school_type,"""综合""",https://github.com/xioajiumi/Chinese_Universities/blob/e088fddc329a6f0148ca72fd3b4d0fe069f13e3a/Chinese_Universities.json,community_dataset,2021,auto,2026-10-01
4142010487,华中科技大学,institution.country,"""China""",https://github.com/damitheswitch/china-universities-dataset/blob/5eaa2a93f86ac322d53a36da9977d9a4c80f1f56/data/universities.json,community_dataset,2026,auto,2026-10-01
4142010487,华中科技大学,institution.groups,"[""双一流"", ""985"", ""211""]",https://github.com/damitheswitch/china-universities-dataset/blob/5eaa2a93f86ac322d53a36da9977d9a4c80f1f56/data/universities.json,community_dataset,2026,auto,2026-10-01
4142010487,华中科技大学,location.coordinates,"{""longitude"": 114.43, ""latitude"": 30.512, ""crs"": ""unspecified"", ""precision"": ""approximate"", ""location_kind"": ""community_map_point""}",https://github.com/Magicdover/China-Universities-2026/blob/419bdc7ce6956fc88c2b70b3979f170b6666f111/data/universities.js,community_dataset,2026-06-09,auto,2026-10-01
4142010487,华中科技大学,academics.double_first_class_disciplines,"[""机械工程"", ""光学工程"", ""材料科学与工程"", ""动力工程及工程热物理"", ""电气工程"", ""生物医学工程"", ""公共卫生与预防医学""]",https://github.com/Magicdover/China-Universities-2026/blob/419bdc7ce6956fc88c2b70b3979f170b6666f111/data/universities.js,community_dataset,2026-06-09,auto,2026-10-01
4142010487,华中科技大学,resources.career_url,"""http://job.hust.edu.cn/""",https://github.com/PotoYang/UniversityCareerWebPage/blob/0fbc54deee6a4a3aec67ffd77e41bccec898804e/README.md,community_dataset,2019-10-21,auto,2026-10-01
4142010488,武汉科技大学,identity.slug_aliases,"[""wuhan-university-of-science-and-technology""]",https://github.com/damitheswitch/china-universities-dataset/blob/5eaa2a93f86ac322d53a36da9977d9a4c80f1f56/data/universities.json,community_dataset,2026,auto,2026-10-01
4142010488,武汉科技大学,institution.school_type,"""理工""",https://github.com/xioajiumi/Chinese_Universities/blob/e088fddc329a6f0148ca72fd3b4d0fe069f13e3a/Chinese_Universities.json,community_dataset,2021,auto,2026-10-01
4142010488,武汉科技大学,institution.country,"""China""",https://github.com/damitheswitch/china-universities-dataset/blob/5eaa2a93f86ac322d53a36da9977d9a4c80f1f56/data/universities.json,community_dataset,2026,auto,2026-10-01
4142010488,武汉科技大学,resources.career_url,"""http://wust.91wllm.com/""",https://github.com/PotoYang/UniversityCareerWebPage/blob/0fbc54deee6a4a3aec67ffd77e41bccec898804e/README.md,community_dataset,2019-10-21,auto,2026-10-01
4142010489,长江大学,identity.slug_aliases,"[""yangtze-university""]",https://github.com/damitheswitch/china-universities-dataset/blob/5eaa2a93f86ac322d53a36da9977d9a4c80f1f56/data/universities.json,community_dataset,2026,auto,2026-10-01
4142010489,长江大学,institution.school_type,"""综合""",https://github.com/xioajiumi/Chinese_Universities/blob/e088fddc329a6f0148ca72fd3b4d0fe069f13e3a/Chinese_Universities.json,community_dataset,2021,auto,2026-10-01
4142010489,长江大学,institution.country,"""China""",https://github.com/damitheswitch/china-universities-dataset/blob/5eaa2a93f86ac322d53a36da9977d9a4c80f1f56/data/universities.json,community_dataset,2026,auto,2026-10-01
4142010489,长江大学,resources.career_url,"""http://yangtzeu.91wllm.com/""",https://github.com/PotoYang/UniversityCareerWebPage/blob/0fbc54deee6a4a3aec67ffd77e41bccec898804e/README.md,community_dataset,2019-10-21,auto,2026-10-01
4142010490,武汉工程大学,identity.slug_aliases,"[""wuhan-institute-of-technology""]",https://github.com/damitheswitch/china-universities-dataset/blob/5eaa2a93f86ac322d53a36da9977d9a4c80f1f56/data/universities.json,community_dataset,2026,auto,2026-10-01
4142010490,武汉工程大学,institution.school_type,"""理工""",https://github.com/xioajiumi/Chinese_Universities/blob/e088fddc329a6f0148ca72fd3b4d0fe069f13e3a/Chinese_Universities.json,community_dataset,2021,auto,2026-10-01
4142010490,武汉工程大学,institution.country,"""China""",https://github.com/damitheswitch/china-universities-dataset/blob/5eaa2a93f86ac322d53a36da9977d9a4c80f1f56/data/universities.json,community_dataset,2026,auto,2026-10-01
4142010490,武汉工程大学,resources.career_url,"""http://jyb.wit.edu.cn/""",https://github.com/PotoYang/UniversityCareerWebPage/blob/0fbc54deee6a4a3aec67ffd77e41bccec898804e/README.md,community_dataset,2019-10-21,auto,2026-10-01
4142010491,中国地质大学(武汉),identity.short_name_zh,"""地大(汉)""",https://github.com/Magicdover/China-Universities-2026/blob/419bdc7ce6956fc88c2b70b3979f170b6666f111/data/uni-211.js,community_dataset,2026-06-09,auto,2026-10-01
4142010491,中国地质大学(武汉),identity.short_name_en,"""CUG""",https://github.com/Magicdover/China-Universities-2026/blob/419bdc7ce6956fc88c2b70b3979f170b6666f111/data/uni-211.js,community_dataset,2026-06-09,auto,2026-10-01
4142010491,中国地质大学(武汉),institution.school_type,"""理工""",https://github.com/xioajiumi/Chinese_Universities/blob/e088fddc329a6f0148ca72fd3b4d0fe069f13e3a/Chinese_Universities.json,community_dataset,2021,auto,2026-10-01
4142010491,中国地质大学(武汉),institution.groups,"[""211"", ""双一流""]",https://github.com/Magicdover/China-Universities-2026/blob/419bdc7ce6956fc88c2b70b3979f170b6666f111/data/uni-211.js,community_dataset,2026-06-09,auto,2026-10-01
4142010491,中国地质大学(武汉),location.coordinates,"{""longitude"": 114.398, ""latitude"": 30.524, ""crs"": ""unspecified"", ""precision"": ""approximate"", ""location_kind"": ""community_map_point""}",https://github.com/Magicdover/China-Universities-2026/blob/419bdc7ce6956fc88c2b70b3979f170b6666f111/data/uni-211.js,community_dataset,2026-06-09,auto,2026-10-01
4142010491,中国地质大学(武汉),academics.double_first_class_disciplines,"[""地质学"", ""地质资源与地质工程""]",https://github.com/Magicdover/China-Universities-2026/blob/419bdc7ce6956fc88c2b70b3979f170b6666f111/data/uni-211.js,community_dataset,2026-06-09,auto,2026-10-01
4142010495,武汉纺织大学,identity.slug_aliases,"[""wuhan-textile-university""]",https://github.com/damitheswitch/china-universities-dataset/blob/5eaa2a93f86ac322d53a36da9977d9a4c80f1f56/data/universities.json,community_dataset,2026,auto,2026-10-01
4142010495,武汉纺织大学,institution.school_type,"""理工""",https://github.com/xioajiumi/Chinese_Universities/blob/e088fddc329a6f0148ca72fd3b4d0fe069f13e3a/Chinese_Universities.json,community_dataset,2021,auto,2026-10-01
4142010495,武汉纺织大学,institution.country,"""China""",https://github.com/damitheswitch/china-universities-dataset/blob/5eaa2a93f86ac322d53a36da9977d9a4c80f1f56/data/universities.json,community_dataset,2026,auto,2026-10-01
4142010496,武汉轻工大学,identity.slug_aliases,"[""wuhan-polytechnic-university""]",https://github.com/damitheswitch/china-universities-dataset/blob/5eaa2a93f86ac322d53a36da9977d9a4c80f1f56/data/universities.json,community_dataset,2026,auto,2026-10-01
4142010496,武汉轻工大学,institution.school_type,"""理工""",https://github.com/xioajiumi/Chinese_Universities/blob/e088fddc329a6f0148ca72fd3b4d0fe069f13e3a/Chinese_Universities.json,community_dataset,2021,auto,2026-10-01
4142010496,武汉轻工大学,institution.country,"""China""",https://github.com/damitheswitch/china-universities-dataset/blob/5eaa2a93f86ac322d53a36da9977d9a4c80f1f56/data/universities.json,community_dataset,2026,auto,2026-10-01
4142010496,武汉轻工大学,resources.career_url,"""http://whpu.91wllm.com/""",https://github.com/PotoYang/UniversityCareerWebPage/blob/0fbc54deee6a4a3aec67ffd77e41bccec898804e/README.md,community_dataset,2019-10-21,auto,2026-10-01
4142010497,武汉理工大学,identity.short_name_zh,"""武理工""",https://github.com/Magicdover/China-Universities-2026/blob/419bdc7ce6956fc88c2b70b3979f170b6666f111/data/uni-211.js,community_dataset,2026-06-09,auto,2026-10-01
4142010497,武汉理工大学,identity.short_name_en,"""WHUT""",https://github.com/Magicdover/China-Universities-2026/blob/419bdc7ce6956fc88c2b70b3979f170b6666f111/data/uni-211.js,community_dataset,2026-06-09,auto,2026-10-01
4142010497,武汉理工大学,identity.slug_aliases,"[""wuhan-university-of-technology""]",https://github.com/damitheswitch/china-universities-dataset/blob/5eaa2a93f86ac322d53a36da9977d9a4c80f1f56/data/universities.json,community_dataset,2026,auto,2026-10-01
4142010497,武汉理工大学,institution.school_type,"""理工""",https://github.com/xioajiumi/Chinese_Universities/blob/e088fddc329a6f0148ca72fd3b4d0fe069f13e3a/Chinese_Universities.json,community_dataset,2021,auto,2026-10-01
4142010497,武汉理工大学,institution.country,"""China""",https://github.com/damitheswitch/china-universities-dataset/blob/5eaa2a93f86ac322d53a36da9977d9a4c80f1f56/data/universities.json,community_dataset,2026,auto,2026-10-01
4142010497,武汉理工大学,institution.groups,"[""双一流"", ""211""]",https://github.com/damitheswitch/china-universities-dataset/blob/5eaa2a93f86ac322d53a36da9977d9a4c80f1f56/data/universities.json,community_dataset,2026,auto,2026-10-01
4142010497,武汉理工大学,location.coordinates,"{""longitude"": 114.35, ""latitude"": 30.515, ""crs"": ""unspecified"", ""precision"": ""approximate"", ""location_kind"": ""community_map_point""}",https://github.com/Magicdover/China-Universities-2026/blob/419bdc7ce6956fc88c2b70b3979f170b6666f111/data/uni-211.js,community_dataset,2026-06-09,auto,2026-10-01
4142010497,武汉理工大学,academics.double_first_class_disciplines,"[""材料科学与工程""]",https://github.com/Magicdover/China-Universities-2026/blob/419bdc7ce6956fc88c2b70b3979f170b6666f111/data/uni-211.js,community_dataset,2026-06-09,auto,2026-10-01
4142010500,湖北工业大学,identity.slug_aliases,"[""hubei-university-of-technology""]",https://github.com/damitheswitch/china-universities-dataset/blob/5eaa2a93f86ac322d53a36da9977d9a4c80f1f56/data/universities.json,community_dataset,2026,auto,2026-10-01
4142010500,湖北工业大学,institution.school_type,"""理工""",https://github.com/xioajiumi/Chinese_Universities/blob/e088fddc329a6f0148ca72fd3b4d0fe069f13e3a/Chinese_Universities.json,community_dataset,2021,auto,2026-10-01
4142010500,湖北工业大学,institution.country,"""China""",https://github.com/damitheswitch/china-universities-dataset/blob/5eaa2a93f86ac322d53a36da9977d9a4c80f1f56/data/universities.json,community_dataset,2026,auto,2026-10-01
4142010500,湖北工业大学,resources.career_url,"""https://hbut.91wllm.com/""",https://github.com/PotoYang/UniversityCareerWebPage/blob/0fbc54deee6a4a3aec67ffd77e41bccec898804e/README.md,community_dataset,2019-10-21,auto,2026-10-01
4142010504,华中农业大学,identity.short_name_zh,"""华中农大""",https://github.com/Magicdover/China-Universities-2026/blob/419bdc7ce6956fc88c2b70b3979f170b6666f111/data/uni-special.js,community_dataset,2026-06-09,auto,2026-10-01
4142010504,华中农业大学,identity.short_name_en,"""HZAU""",https://github.com/Magicdover/China-Universities-2026/blob/419bdc7ce6956fc88c2b70b3979f170b6666f111/data/uni-special.js,community_dataset,2026-06-09,auto,2026-10-01
4142010504,华中农业大学,identity.slug_aliases,"[""huazhong-agricultural-university""]",https://github.com/damitheswitch/china-universities-dataset/blob/5eaa2a93f86ac322d53a36da9977d9a4c80f1f56/data/universities.json,community_dataset,2026,auto,2026-10-01
4142010504,华中农业大学,institution.school_type,"""农业""",https://github.com/xioajiumi/Chinese_Universities/blob/e088fddc329a6f0148ca72fd3b4d0fe069f13e3a/Chinese_Universities.json,community_dataset,2021,auto,2026-10-01
4142010504,华中农业大学,institution.country,"""China""",https://github.com/damitheswitch/china-universities-dataset/blob/5eaa2a93f86ac322d53a36da9977d9a4c80f1f56/data/universities.json,community_dataset,2026,auto,2026-10-01
4142010504,华中农业大学,institution.groups,"[""双一流"", ""211""]",https://github.com/damitheswitch/china-universities-dataset/blob/5eaa2a93f86ac322d53a36da9977d9a4c80f1f56/data/universities.json,community_dataset,2026,auto,2026-10-01
4142010504,华中农业大学,location.coordinates,"{""longitude"": 114.362, ""latitude"": 30.478, ""crs"": ""unspecified"", ""precision"": ""approximate"", ""location_kind"": ""community_map_point""}",https://github.com/Magicdover/China-Universities-2026/blob/419bdc7ce6956fc88c2b70b3979f170b6666f111/data/uni-special.js,community_dataset,2026-06-09,auto,2026-10-01
4142010504,华中农业大学,academics.double_first_class_disciplines,"[""生物学"", ""园艺学"", ""畜牧学"", ""兽医学"", ""作物学"", ""农业资源与环境""]",https://github.com/Magicdover/China-Universities-2026/blob/419bdc7ce6956fc88c2b70b3979f170b6666f111/data/uni-special.js,community_dataset,2026-06-09,auto,2026-10-01
4142010504,华中农业大学,resources.career_url,"""http://hzau.91wllm.com/""",https://github.com/PotoYang/UniversityCareerWebPage/blob/0fbc54deee6a4a3aec67ffd77e41bccec898804e/README.md,community_dataset,2019-10-21,auto,2026-10-01
4142010507,湖北中医药大学,identity.short_name_zh,"""湖北中医""",https://github.com/Magicdover/China-Universities-2026/blob/419bdc7ce6956fc88c2b70b3979f170b6666f111/data/uni-extra2.js,community_dataset,2026-06-09,auto,2026-10-01
4142010507,湖北中医药大学,identity.short_name_en,"""HBUTCM""",https://github.com/Magicdover/China-Universities-2026/blob/419bdc7ce6956fc88c2b70b3979f170b6666f111/data/uni-extra2.js,community_dataset,2026-06-09,auto,2026-10-01
4142010507,湖北中医药大学,institution.school_type,"""医药""",https://github.com/Magicdover/China-Universities-2026/blob/419bdc7ce6956fc88c2b70b3979f170b6666f111/data/uni-extra2.js,community_dataset,2026-06-09,auto,2026-10-01
4142010507,湖北中医药大学,location.coordinates,"{""longitude"": 114.301, ""latitude"": 30.591, ""crs"": ""unspecified"", ""precision"": ""approximate"", ""location_kind"": ""community_map_point""}",https://github.com/Magicdover/China-Universities-2026/blob/419bdc7ce6956fc88c2b70b3979f170b6666f111/data/uni-extra2.js,community_dataset,2026-06-09,auto,2026-10-01
4142010507,湖北中医药大学,resources.career_url,"""http://hbtcm.91wllm.com/""",https://github.com/PotoYang/UniversityCareerWebPage/blob/0fbc54deee6a4a3aec67ffd77e41bccec898804e/README.md,community_dataset,2019-10-21,auto,2026-10-01
4142010511,华中师范大学,identity.short_name_zh,"""华中师大""",https://github.com/Magicdover/China-Universities-2026/blob/419bdc7ce6956fc88c2b70b3979f170b6666f111/data/uni-special.js,community_dataset,2026-06-09,auto,2026-10-01
4142010511,华中师范大学,identity.short_name_en,"""CCNU""",https://github.com/Magicdover/China-Universities-2026/blob/419bdc7ce6956fc88c2b70b3979f170b6666f111/data/uni-special.js,community_dataset,2026-06-09,auto,2026-10-01
4142010511,华中师范大学,identity.slug_aliases,"[""central-china-normal-university""]",https://github.com/damitheswitch/china-universities-dataset/blob/5eaa2a93f86ac322d53a36da9977d9a4c80f1f56/data/universities.json,community_dataset,2026,auto,2026-10-01
4142010511,华中师范大学,institution.school_type,"""师范""",https://github.com/xioajiumi/Chinese_Universities/blob/e088fddc329a6f0148ca72fd3b4d0fe069f13e3a/Chinese_Universities.json,community_dataset,2021,auto,2026-10-01
4142010511,华中师范大学,institution.country,"""China""",https://github.com/damitheswitch/china-universities-dataset/blob/5eaa2a93f86ac322d53a36da9977d9a4c80f1f56/data/universities.json,community_dataset,2026,auto,2026-10-01
4142010511,华中师范大学,institution.groups,"[""双一流"", ""211""]",https://github.com/damitheswitch/china-universities-dataset/blob/5eaa2a93f86ac322d53a36da9977d9a4c80f1f56/data/universities.json,community_dataset,2026,auto,2026-10-01
4142010511,华中师范大学,location.coordinates,"{""longitude"": 114.362, ""latitude"": 30.531, ""crs"": ""unspecified"", ""precision"": ""approximate"", ""location_kind"": ""community_map_point""}",https://github.com/Magicdover/China-Universities-2026/blob/419bdc7ce6956fc88c2b70b3979f170b6666f111/data/uni-special.js,community_dataset,2026-06-09,auto,2026-10-01
4142010511,华中师范大学,academics.double_first_class_disciplines,"[""政治学"", ""中国语言文学""]",https://github.com/Magicdover/China-Universities-2026/blob/419bdc7ce6956fc88c2b70b3979f170b6666f111/data/uni-special.js,community_dataset,2026-06-09,auto,2026-10-01
4142010512,湖北大学,identity.slug_aliases,"[""hubei-university""]",https://github.com/damitheswitch/china-universities-dataset/blob/5eaa2a93f86ac322d53a36da9977d9a4c80f1f56/data/universities.json,community_dataset,2026,auto,2026-10-01
4142010512,湖北大学,institution.school_type,"""综合""",https://github.com/xioajiumi/Chinese_Universities/blob/e088fddc329a6f0148ca72fd3b4d0fe069f13e3a/Chinese_Universities.json,community_dataset,2021,auto,2026-10-01
4142010512,湖北大学,institution.country,"""China""",https://github.com/damitheswitch/china-universities-dataset/blob/5eaa2a93f86ac322d53a36da9977d9a4c80f1f56/data/universities.json,community_dataset,2026,auto,2026-10-01
4142010512,湖北大学,resources.career_url,"""http://hubu.91wllm.com/""",https://github.com/PotoYang/UniversityCareerWebPage/blob/0fbc54deee6a4a3aec67ffd77e41bccec898804e/README.md,community_dataset,2019-10-21,auto,2026-10-01
4142010513,湖北师范大学,identity.slug_aliases,"[""hubei-normal-university""]",https://github.com/damitheswitch/china-universities-dataset/blob/5eaa2a93f86ac322d53a36da9977d9a4c80f1f56/data/universities.json,community_dataset,2026,auto,2026-10-01
4142010513,湖北师范大学,institution.school_type,"""师范""",https://github.com/xioajiumi/Chinese_Universities/blob/e088fddc329a6f0148ca72fd3b4d0fe069f13e3a/Chinese_Universities.json,community_dataset,2021,auto,2026-10-01
4142010513,湖北师范大学,institution.country,"""China""",https://github.com/damitheswitch/china-universities-dataset/blob/5eaa2a93f86ac322d53a36da9977d9a4c80f1f56/data/universities.json,community_dataset,2026,auto,2026-10-01
4142010513,湖北师范大学,resources.career_url,"""http://hbnu.91wllm.com/""",https://github.com/PotoYang/UniversityCareerWebPage/blob/0fbc54deee6a4a3aec67ffd77e41bccec898804e/README.md,community_dataset,2019-10-21,auto,2026-10-01
4142010514,黄冈师范学院,identity.slug_aliases,"[""huanggang-normal-university""]",https://github.com/damitheswitch/china-universities-dataset/blob/5eaa2a93f86ac322d53a36da9977d9a4c80f1f56/data/universities.json,community_dataset,2026,auto,2026-10-01
4142010514,黄冈师范学院,institution.school_type,"""师范""",https://github.com/xioajiumi/Chinese_Universities/blob/e088fddc329a6f0148ca72fd3b4d0fe069f13e3a/Chinese_Universities.json,community_dataset,2021,auto,2026-10-01
4142010514,黄冈师范学院,institution.country,"""China""",https://github.com/damitheswitch/china-universities-dataset/blob/5eaa2a93f86ac322d53a36da9977d9a4c80f1f56/data/universities.json,community_dataset,2026,auto,2026-10-01
4142010518,汉江师范学院,identity.slug_aliases,"[""hanjiang-normal-university""]",https://github.com/damitheswitch/china-universities-dataset/blob/5eaa2a93f86ac322d53a36da9977d9a4c80f1f56/data/universities.json,community_dataset,2026,auto,2026-10-01
4142010518,汉江师范学院,institution.school_type,"""师范""",https://github.com/xioajiumi/Chinese_Universities/blob/e088fddc329a6f0148ca72fd3b4d0fe069f13e3a/Chinese_Universities.json,community_dataset,2021,auto,2026-10-01
4142010518,汉江师范学院,institution.country,"""China""",https://github.com/damitheswitch/china-universities-dataset/blob/5eaa2a93f86ac322d53a36da9977d9a4c80f1f56/data/universities.json,community_dataset,2026,auto,2026-10-01
4142010519,湖北文理学院,identity.slug_aliases,"[""hubei-university-of-arts-and-science""]",https://github.com/damitheswitch/china-universities-dataset/blob/5eaa2a93f86ac322d53a36da9977d9a4c80f1f56/data/universities.json,community_dataset,2026,auto,2026-10-01
4142010519,湖北文理学院,institution.school_type,"""综合""",https://github.com/xioajiumi/Chinese_Universities/blob/e088fddc329a6f0148ca72fd3b4d0fe069f13e3a/Chinese_Universities.json,community_dataset,2021,auto,2026-10-01
4142010519,湖北文理学院,institution.country,"""China""",https://github.com/damitheswitch/china-universities-dataset/blob/5eaa2a93f86ac322d53a36da9977d9a4c80f1f56/data/universities.json,community_dataset,2026,auto,2026-10-01
4142010520,中南财经政法大学,identity.short_name_zh,"""中南大(财)""",https://github.com/Magicdover/China-Universities-2026/blob/419bdc7ce6956fc88c2b70b3979f170b6666f111/data/uni-special.js,community_dataset,2026-06-09,auto,2026-10-01
4142010520,中南财经政法大学,identity.short_name_en,"""ZUEL""",https://github.com/Magicdover/China-Universities-2026/blob/419bdc7ce6956fc88c2b70b3979f170b6666f111/data/uni-special.js,community_dataset,2026-06-09,auto,2026-10-01
4142010520,中南财经政法大学,institution.school_type,"""财经""",https://github.com/Magicdover/China-Universities-2026/blob/419bdc7ce6956fc88c2b70b3979f170b6666f111/data/uni-special.js,community_dataset,2026-06-09,auto,2026-10-01
4142010520,中南财经政法大学,institution.groups,"[""211"", ""双一流"", ""政法五院""]",https://github.com/Magicdover/China-Universities-2026/blob/419bdc7ce6956fc88c2b70b3979f170b6666f111/data/uni-special.js,community_dataset,2026-06-09,auto,2026-10-01
4142010520,中南财经政法大学,location.coordinates,"{""longitude"": 114.35, ""latitude"": 30.47, ""crs"": ""unspecified"", ""precision"": ""approximate"", ""location_kind"": ""community_map_point""}",https://github.com/Magicdover/China-Universities-2026/blob/419bdc7ce6956fc88c2b70b3979f170b6666f111/data/uni-special.js,community_dataset,2026-06-09,auto,2026-10-01
4142010520,中南财经政法大学,academics.double_first_class_disciplines,"[""法学""]",https://github.com/Magicdover/China-Universities-2026/blob/419bdc7ce6956fc88c2b70b3979f170b6666f111/data/uni-special.js,community_dataset,2026-06-09,auto,2026-10-01
4142010520,中南财经政法大学,resources.career_url,"""http://jyzx.zuel.edu.cn/""",https://github.com/PotoYang/UniversityCareerWebPage/blob/0fbc54deee6a4a3aec67ffd77e41bccec898804e/README.md,community_dataset,2019-10-21,auto,2026-10-01
4142010524,中南民族大学,identity.short_name_zh,"""中南民大""",https://github.com/Magicdover/China-Universities-2026/blob/419bdc7ce6956fc88c2b70b3979f170b6666f111/data/uni-special.js,community_dataset,2026-06-09,auto,2026-10-01
4142010524,中南民族大学,identity.short_name_en,"""SCMU""",https://github.com/Magicdover/China-Universities-2026/blob/419bdc7ce6956fc88c2b70b3979f170b6666f111/data/uni-special.js,community_dataset,2026-06-09,auto,2026-10-01
4142010524,中南民族大学,institution.school_type,"""民族""",https://github.com/Magicdover/China-Universities-2026/blob/419bdc7ce6956fc88c2b70b3979f170b6666f111/data/uni-special.js,community_dataset,2026-06-09,auto,2026-10-01
4142010524,中南民族大学,location.coordinates,"{""longitude"": 114.392, ""latitude"": 30.471, ""crs"": ""unspecified"", ""precision"": ""approximate"", ""location_kind"": ""community_map_point""}",https://github.com/Magicdover/China-Universities-2026/blob/419bdc7ce6956fc88c2b70b3979f170b6666f111/data/uni-special.js,community_dataset,2026-06-09,auto,2026-10-01
4142010524,中南民族大学,resources.career_url,"""http://job.scuec.edu.cn/eweb/login.jsp""",https://github.com/PotoYang/UniversityCareerWebPage/blob/0fbc54deee6a4a3aec67ffd77e41bccec898804e/README.md,community_dataset,2019-10-21,auto,2026-10-01
4142010525,湖北汽车工业学院,identity.slug_aliases,"[""hubei-university-of-automotive-technology""]",https://github.com/damitheswitch/china-universities-dataset/blob/5eaa2a93f86ac322d53a36da9977d9a4c80f1f56/data/universities.json,community_dataset,2026,auto,2026-10-01
4142010525,湖北汽车工业学院,institution.school_type,"""理工""",https://github.com/xioajiumi/Chinese_Universities/blob/e088fddc329a6f0148ca72fd3b4d0fe069f13e3a/Chinese_Universities.json,community_dataset,2021,auto,2026-10-01
4142010525,湖北汽车工业学院,institution.country,"""China""",https://github.com/damitheswitch/china-universities-dataset/blob/5eaa2a93f86ac322d53a36da9977d9a4c80f1f56/data/universities.json,community_dataset,2026,auto,2026-10-01
4142010528,湖北工程学院,identity.slug_aliases,"[""hubei-engineering-university""]",https://github.com/damitheswitch/china-universities-dataset/blob/5eaa2a93f86ac322d53a36da9977d9a4c80f1f56/data/universities.json,community_dataset,2026,auto,2026-10-01
4142010528,湖北工程学院,institution.school_type,"""综合""",https://github.com/xioajiumi/Chinese_Universities/blob/e088fddc329a6f0148ca72fd3b4d0fe069f13e3a/Chinese_Universities.json,community_dataset,2021,auto,2026-10-01
4142010528,湖北工程学院,institution.country,"""China""",https://github.com/damitheswitch/china-universities-dataset/blob/5eaa2a93f86ac322d53a36da9977d9a4c80f1f56/data/universities.json,community_dataset,2026,auto,2026-10-01
4142010920,湖北理工学院,identity.slug_aliases,"[""hubei-polytechnic-university""]",https://github.com/damitheswitch/china-universities-dataset/blob/5eaa2a93f86ac322d53a36da9977d9a4c80f1f56/data/universities.json,community_dataset,2026,auto,2026-10-01
4142010920,湖北理工学院,institution.school_type,"""理工""",https://github.com/xioajiumi/Chinese_Universities/blob/e088fddc329a6f0148ca72fd3b4d0fe069f13e3a/Chinese_Universities.json,community_dataset,2021,auto,2026-10-01
4142010920,湖北理工学院,institution.country,"""China""",https://github.com/damitheswitch/china-universities-dataset/blob/5eaa2a93f86ac322d53a36da9977d9a4c80f1f56/data/universities.json,community_dataset,2026,auto,2026-10-01
4142010927,湖北科技学院,identity.slug_aliases,"[""hubei-university-of-science-and-technology""]",https://github.com/damitheswitch/china-universities-dataset/blob/5eaa2a93f86ac322d53a36da9977d9a4c80f1f56/data/universities.json,community_dataset,2026,auto,2026-10-01
4142010927,湖北科技学院,institution.school_type,"""综合""",https://github.com/xioajiumi/Chinese_Universities/blob/e088fddc329a6f0148ca72fd3b4d0fe069f13e3a/Chinese_Universities.json,community_dataset,2021,auto,2026-10-01
4142010927,湖北科技学院,institution.country,"""China""",https://github.com/damitheswitch/china-universities-dataset/blob/5eaa2a93f86ac322d53a36da9977d9a4c80f1f56/data/universities.json,community_dataset,2026,auto,2026-10-01
4142011072,江汉大学,identity.slug_aliases,"[""jianghan-university""]",https://github.com/damitheswitch/china-universities-dataset/blob/5eaa2a93f86ac322d53a36da9977d9a4c80f1f56/data/universities.json,community_dataset,2026,auto,2026-10-01
4142011072,江汉大学,institution.school_type,"""综合""",https://github.com/xioajiumi/Chinese_Universities/blob/e088fddc329a6f0148ca72fd3b4d0fe069f13e3a/Chinese_Universities.json,community_dataset,2021,auto,2026-10-01
4142011072,江汉大学,institution.country,"""China""",https://github.com/damitheswitch/china-universities-dataset/blob/5eaa2a93f86ac322d53a36da9977d9a4c80f1f56/data/universities.json,community_dataset,2026,auto,2026-10-01
4142011075,三峡大学,identity.slug_aliases,"[""china-three-gorges-university""]",https://github.com/damitheswitch/china-universities-dataset/blob/5eaa2a93f86ac322d53a36da9977d9a4c80f1f56/data/universities.json,community_dataset,2026,auto,2026-10-01
4142011075,三峡大学,institution.school_type,"""综合""",https://github.com/xioajiumi/Chinese_Universities/blob/e088fddc329a6f0148ca72fd3b4d0fe069f13e3a/Chinese_Universities.json,community_dataset,2021,auto,2026-10-01
4142011075,三峡大学,institution.country,"""China""",https://github.com/damitheswitch/china-universities-dataset/blob/5eaa2a93f86ac322d53a36da9977d9a4c80f1f56/data/universities.json,community_dataset,2026,auto,2026-10-01
4142011075,三峡大学,resources.career_url,"""http://jy.ctgu.edu.cn/""",https://github.com/PotoYang/UniversityCareerWebPage/blob/0fbc54deee6a4a3aec67ffd77e41bccec898804e/README.md,community_dataset,2019-10-21,auto,2026-10-01
4142011336,荆楚理工学院,identity.slug_aliases,"[""jingchu-university-of-technology""]",https://github.com/damitheswitch/china-universities-dataset/blob/5eaa2a93f86ac322d53a36da9977d9a4c80f1f56/data/universities.json,community_dataset,2026,auto,2026-10-01
4142011336,荆楚理工学院,institution.school_type,"""理工""",https://github.com/xioajiumi/Chinese_Universities/blob/e088fddc329a6f0148ca72fd3b4d0fe069f13e3a/Chinese_Universities.json,community_dataset,2021,auto,2026-10-01
4142011336,荆楚理工学院,institution.country,"""China""",https://github.com/damitheswitch/china-universities-dataset/blob/5eaa2a93f86ac322d53a36da9977d9a4c80f1f56/data/universities.json,community_dataset,2026,auto,2026-10-01
4142014099,湖北第二师范学院,identity.slug_aliases,"[""hubei-university-of-education""]",https://github.com/damitheswitch/china-universities-dataset/blob/5eaa2a93f86ac322d53a36da9977d9a4c80f1f56/data/universities.json,community_dataset,2026,auto,2026-10-01
4142014099,湖北第二师范学院,institution.school_type,"""师范""",https://github.com/xioajiumi/Chinese_Universities/blob/e088fddc329a6f0148ca72fd3b4d0fe069f13e3a/Chinese_Universities.json,community_dataset,2021,auto,2026-10-01
4142014099,湖北第二师范学院,institution.country,"""China""",https://github.com/damitheswitch/china-universities-dataset/blob/5eaa2a93f86ac322d53a36da9977d9a4c80f1f56/data/universities.json,community_dataset,2026,auto,2026-10-01
4143010530,湘潭大学,identity.short_name_zh,"""湘大""",https://github.com/Magicdover/China-Universities-2026/blob/419bdc7ce6956fc88c2b70b3979f170b6666f111/data/uni-extra.js,community_dataset,2026-06-09,auto,2026-10-01
4143010530,湘潭大学,identity.short_name_en,"""XTU""",https://github.com/Magicdover/China-Universities-2026/blob/419bdc7ce6956fc88c2b70b3979f170b6666f111/data/uni-extra.js,community_dataset,2026-06-09,auto,2026-10-01
4143010530,湘潭大学,identity.slug_aliases,"[""xiangtan-university""]",https://github.com/damitheswitch/china-universities-dataset/blob/5eaa2a93f86ac322d53a36da9977d9a4c80f1f56/data/universities.json,community_dataset,2026,auto,2026-10-01
4143010530,湘潭大学,institution.school_type,"""综合""",https://github.com/xioajiumi/Chinese_Universities/blob/e088fddc329a6f0148ca72fd3b4d0fe069f13e3a/Chinese_Universities.json,community_dataset,2021,auto,2026-10-01
4143010530,湘潭大学,institution.country,"""China""",https://github.com/damitheswitch/china-universities-dataset/blob/5eaa2a93f86ac322d53a36da9977d9a4c80f1f56/data/universities.json,community_dataset,2026,auto,2026-10-01
4143010530,湘潭大学,institution.groups,"[""双一流""]",https://github.com/damitheswitch/china-universities-dataset/blob/5eaa2a93f86ac322d53a36da9977d9a4c80f1f56/data/universities.json,community_dataset,2026,auto,2026-10-01
4143010530,湘潭大学,location.coordinates,"{""longitude"": 112.901, ""latitude"": 27.871, ""crs"": ""unspecified"", ""precision"": ""approximate"", ""location_kind"": ""community_map_point""}",https://github.com/Magicdover/China-Universities-2026/blob/419bdc7ce6956fc88c2b70b3979f170b6666f111/data/uni-extra.js,community_dataset,2026-06-09,auto,2026-10-01
4143010530,湘潭大学,academics.double_first_class_disciplines,"[""数学""]",https://github.com/Magicdover/China-Universities-2026/blob/419bdc7ce6956fc88c2b70b3979f170b6666f111/data/uni-extra.js,community_dataset,2026-06-09,auto,2026-10-01
4143010530,湘潭大学,resources.career_url,"""http://jobs.xtu.edu.cn/index.php""",https://github.com/PotoYang/UniversityCareerWebPage/blob/0fbc54deee6a4a3aec67ffd77e41bccec898804e/README.md,community_dataset,2019-10-21,auto,2026-10-01
4143010531,吉首大学,identity.slug_aliases,"[""jishou-university""]",https://github.com/damitheswitch/china-universities-dataset/blob/5eaa2a93f86ac322d53a36da9977d9a4c80f1f56/data/universities.json,community_dataset,2026,auto,2026-10-01
4143010531,吉首大学,institution.school_type,"""综合""",https://github.com/xioajiumi/Chinese_Universities/blob/e088fddc329a6f0148ca72fd3b4d0fe069f13e3a/Chinese_Universities.json,community_dataset,2021,auto,2026-10-01
4143010531,吉首大学,institution.country,"""China""",https://github.com/damitheswitch/china-universities-dataset/blob/5eaa2a93f86ac322d53a36da9977d9a4c80f1f56/data/universities.json,community_dataset,2026,auto,2026-10-01
4143010532,湖南大学,identity.short_name_zh,"""湖大""",https://github.com/Magicdover/China-Universities-2026/blob/419bdc7ce6956fc88c2b70b3979f170b6666f111/data/universities.js,community_dataset,2026-06-09,auto,2026-10-01
4143010532,湖南大学,identity.short_name_en,"""HNU""",https://github.com/Magicdover/China-Universities-2026/blob/419bdc7ce6956fc88c2b70b3979f170b6666f111/data/universities.js,community_dataset,2026-06-09,auto,2026-10-01
4143010532,湖南大学,identity.slug_aliases,"[""hunan-university""]",https://github.com/damitheswitch/china-universities-dataset/blob/5eaa2a93f86ac322d53a36da9977d9a4c80f1f56/data/universities.json,community_dataset,2026,auto,2026-10-01
4143010532,湖南大学,institution.school_type,"""综合""",https://github.com/xioajiumi/Chinese_Universities/blob/e088fddc329a6f0148ca72fd3b4d0fe069f13e3a/Chinese_Universities.json,community_dataset,2021,auto,2026-10-01
4143010532,湖南大学,institution.nature,"""公办""",https://github.com/damitheswitch/china-universities-dataset/blob/5eaa2a93f86ac322d53a36da9977d9a4c80f1f56/data/universities.json,community_dataset,2026,auto,2026-10-01
4143010532,湖南大学,institution.country,"""China""",https://github.com/damitheswitch/china-universities-dataset/blob/5eaa2a93f86ac322d53a36da9977d9a4c80f1f56/data/universities.json,community_dataset,2026,auto,2026-10-01
4143010532,湖南大学,institution.languages_of_instruction,"[""Chinese""]",https://github.com/damitheswitch/china-universities-dataset/blob/5eaa2a93f86ac322d53a36da9977d9a4c80f1f56/data/universities.json,community_dataset,2026,auto,2026-10-01
4143010532,湖南大学,institution.groups,"[""双一流"", ""985"", ""211""]",https://github.com/damitheswitch/china-universities-dataset/blob/5eaa2a93f86ac322d53a36da9977d9a4c80f1f56/data/universities.json,community_dataset,2026,auto,2026-10-01
4143010532,湖南大学,location.coordinates,"{""longitude"": 112.946, ""latitude"": 28.176, ""crs"": ""unspecified"", ""precision"": ""approximate"", ""location_kind"": ""community_map_point""}",https://github.com/Magicdover/China-Universities-2026/blob/419bdc7ce6956fc88c2b70b3979f170b6666f111/data/universities.js,community_dataset,2026-06-09,auto,2026-10-01
4143010532,湖南大学,academics.double_first_class_disciplines,"[""化学"", ""机械工程"", ""土木工程""]",https://github.com/Magicdover/China-Universities-2026/blob/419bdc7ce6956fc88c2b70b3979f170b6666f111/data/universities.js,community_dataset,2026-06-09,auto,2026-10-01
4143010532,湖南大学,resources.career_url,"""http://hnu.bysjy.com.cn/""",https://github.com/PotoYang/UniversityCareerWebPage/blob/0fbc54deee6a4a3aec67ffd77e41bccec898804e/README.md,community_dataset,2019-10-21,auto,2026-10-01
4143010533,中南大学,identity.short_name_zh,"""中南大""",https://github.com/Magicdover/China-Universities-2026/blob/419bdc7ce6956fc88c2b70b3979f170b6666f111/data/universities.js,community_dataset,2026-06-09,auto,2026-10-01
4143010533,中南大学,identity.short_name_en,"""CSU""",https://github.com/Magicdover/China-Universities-2026/blob/419bdc7ce6956fc88c2b70b3979f170b6666f111/data/universities.js,community_dataset,2026-06-09,auto,2026-10-01
4143010533,中南大学,identity.slug_aliases,"[""central-south-university""]",https://github.com/damitheswitch/china-universities-dataset/blob/5eaa2a93f86ac322d53a36da9977d9a4c80f1f56/data/universities.json,community_dataset,2026,auto,2026-10-01
4143010533,中南大学,institution.school_type,"""综合""",https://github.com/xioajiumi/Chinese_Universities/blob/e088fddc329a6f0148ca72fd3b4d0fe069f13e3a/Chinese_Universities.json,community_dataset,2021,auto,2026-10-01
4143010533,中南大学,institution.country,"""China""",https://github.com/damitheswitch/china-universities-dataset/blob/5eaa2a93f86ac322d53a36da9977d9a4c80f1f56/data/universities.json,community_dataset,2026,auto,2026-10-01
4143010533,中南大学,institution.groups,"[""双一流"", ""985"", ""211""]",https://github.com/damitheswitch/china-universities-dataset/blob/5eaa2a93f86ac322d53a36da9977d9a4c80f1f56/data/universities.json,community_dataset,2026,auto,2026-10-01
4143010533,中南大学,location.coordinates,"{""longitude"": 112.939, ""latitude"": 28.169, ""crs"": ""unspecified"", ""precision"": ""approximate"", ""location_kind"": ""community_map_point""}",https://github.com/Magicdover/China-Universities-2026/blob/419bdc7ce6956fc88c2b70b3979f170b6666f111/data/universities.js,community_dataset,2026-06-09,auto,2026-10-01
4143010533,中南大学,academics.double_first_class_disciplines,"[""数学"", ""材料科学与工程"", ""冶金工程"", ""矿业工程"", ""护理学"", ""机械工程""]",https://github.com/Magicdover/China-Universities-2026/blob/419bdc7ce6956fc88c2b70b3979f170b6666f111/data/universities.js,community_dataset,2026-06-09,auto,2026-10-01
4143010533,中南大学,resources.career_url,"""http://career.csu.edu.cn/""",https://github.com/PotoYang/UniversityCareerWebPage/blob/0fbc54deee6a4a3aec67ffd77e41bccec898804e/README.md,community_dataset,2019-10-21,auto,2026-10-01
4143010534,湖南科技大学,identity.slug_aliases,"[""hunan-university-of-science-and-technology""]",https://github.com/damitheswitch/china-universities-dataset/blob/5eaa2a93f86ac322d53a36da9977d9a4c80f1f56/data/universities.json,community_dataset,2026,auto,2026-10-01
4143010534,湖南科技大学,institution.school_type,"""综合""",https://github.com/xioajiumi/Chinese_Universities/blob/e088fddc329a6f0148ca72fd3b4d0fe069f13e3a/Chinese_Universities.json,community_dataset,2021,auto,2026-10-01
4143010534,湖南科技大学,institution.country,"""China""",https://github.com/damitheswitch/china-universities-dataset/blob/5eaa2a93f86ac322d53a36da9977d9a4c80f1f56/data/universities.json,community_dataset,2026,auto,2026-10-01
4143010534,湖南科技大学,resources.career_url,"""http://jy.hnust.edu.cn/""",https://github.com/PotoYang/UniversityCareerWebPage/blob/0fbc54deee6a4a3aec67ffd77e41bccec898804e/README.md,community_dataset,2019-10-21,auto,2026-10-01
4143010536,长沙理工大学,identity.slug_aliases,"[""changsha-university-of-science-and-technology""]",https://github.com/damitheswitch/china-universities-dataset/blob/5eaa2a93f86ac322d53a36da9977d9a4c80f1f56/data/universities.json,community_dataset,2026,auto,2026-10-01
4143010536,长沙理工大学,institution.school_type,"""理工""",https://github.com/xioajiumi/Chinese_Universities/blob/e088fddc329a6f0148ca72fd3b4d0fe069f13e3a/Chinese_Universities.json,community_dataset,2021,auto,2026-10-01
4143010536,长沙理工大学,institution.country,"""China""",https://github.com/damitheswitch/china-universities-dataset/blob/5eaa2a93f86ac322d53a36da9977d9a4c80f1f56/data/universities.json,community_dataset,2026,auto,2026-10-01
4143010536,长沙理工大学,resources.career_url,"""http://csust.bysjy.com.cn/""",https://github.com/PotoYang/UniversityCareerWebPage/blob/0fbc54deee6a4a3aec67ffd77e41bccec898804e/README.md,community_dataset,2019-10-21,auto,2026-10-01
4143010537,湖南农业大学,identity.slug_aliases,"[""hunan-agricultural-university""]",https://github.com/damitheswitch/china-universities-dataset/blob/5eaa2a93f86ac322d53a36da9977d9a4c80f1f56/data/universities.json,community_dataset,2026,auto,2026-10-01
4143010537,湖南农业大学,institution.school_type,"""农业""",https://github.com/xioajiumi/Chinese_Universities/blob/e088fddc329a6f0148ca72fd3b4d0fe069f13e3a/Chinese_Universities.json,community_dataset,2021,auto,2026-10-01
4143010537,湖南农业大学,institution.country,"""China""",https://github.com/damitheswitch/china-universities-dataset/blob/5eaa2a93f86ac322d53a36da9977d9a4c80f1f56/data/universities.json,community_dataset,2026,auto,2026-10-01
4143010537,湖南农业大学,resources.career_url,"""http://jy.hunau.edu.cn/""",https://github.com/PotoYang/UniversityCareerWebPage/blob/0fbc54deee6a4a3aec67ffd77e41bccec898804e/README.md,community_dataset,2019-10-21,auto,2026-10-01
4143010538,中南林业科技大学,identity.slug_aliases,"[""central-south-university-of-forestry-technology""]",https://github.com/damitheswitch/china-universities-dataset/blob/5eaa2a93f86ac322d53a36da9977d9a4c80f1f56/data/universities.json,community_dataset,2026,auto,2026-10-01
4143010538,中南林业科技大学,institution.school_type,"""林业""",https://github.com/xioajiumi/Chinese_Universities/blob/e088fddc329a6f0148ca72fd3b4d0fe069f13e3a/Chinese_Universities.json,community_dataset,2021,auto,2026-10-01
4143010538,中南林业科技大学,institution.country,"""China""",https://github.com/damitheswitch/china-universities-dataset/blob/5eaa2a93f86ac322d53a36da9977d9a4c80f1f56/data/universities.json,community_dataset,2026,auto,2026-10-01
4143010542,湖南师范大学,identity.short_name_zh,"""湖南师大""",https://github.com/Magicdover/China-Universities-2026/blob/419bdc7ce6956fc88c2b70b3979f170b6666f111/data/uni-special.js,community_dataset,2026-06-09,auto,2026-10-01
4143010542,湖南师范大学,identity.short_name_en,"""HUNNU""",https://github.com/Magicdover/China-Universities-2026/blob/419bdc7ce6956fc88c2b70b3979f170b6666f111/data/uni-special.js,community_dataset,2026-06-09,auto,2026-10-01
4143010542,湖南师范大学,identity.slug_aliases,"[""hunan-normal-university""]",https://github.com/damitheswitch/china-universities-dataset/blob/5eaa2a93f86ac322d53a36da9977d9a4c80f1f56/data/universities.json,community_dataset,2026,auto,2026-10-01
4143010542,湖南师范大学,institution.school_type,"""师范""",https://github.com/xioajiumi/Chinese_Universities/blob/e088fddc329a6f0148ca72fd3b4d0fe069f13e3a/Chinese_Universities.json,community_dataset,2021,auto,2026-10-01
4143010542,湖南师范大学,institution.country,"""China""",https://github.com/damitheswitch/china-universities-dataset/blob/5eaa2a93f86ac322d53a36da9977d9a4c80f1f56/data/universities.json,community_dataset,2026,auto,2026-10-01
4143010542,湖南师范大学,institution.groups,"[""双一流"", ""211""]",https://github.com/damitheswitch/china-universities-dataset/blob/5eaa2a93f86ac322d53a36da9977d9a4c80f1f56/data/universities.json,community_dataset,2026,auto,2026-10-01
4143010542,湖南师范大学,location.coordinates,"{""longitude"": 112.946, ""latitude"": 28.19, ""crs"": ""unspecified"", ""precision"": ""approximate"", ""location_kind"": ""community_map_point""}",https://github.com/Magicdover/China-Universities-2026/blob/419bdc7ce6956fc88c2b70b3979f170b6666f111/data/uni-special.js,community_dataset,2026-06-09,auto,2026-10-01
4143010542,湖南师范大学,academics.double_first_class_disciplines,"[""外国语言文学""]",https://github.com/Magicdover/China-Universities-2026/blob/419bdc7ce6956fc88c2b70b3979f170b6666f111/data/uni-special.js,community_dataset,2026-06-09,auto,2026-10-01
4143010542,湖南师范大学,resources.career_url,"""http://hnsf.bysjy.com.cn/""",https://github.com/PotoYang/UniversityCareerWebPage/blob/0fbc54deee6a4a3aec67ffd77e41bccec898804e/README.md,community_dataset,2019-10-21,auto,2026-10-01
4143010545,湘南学院,identity.slug_aliases,"[""xiangnan-university""]",https://github.com/damitheswitch/china-universities-dataset/blob/5eaa2a93f86ac322d53a36da9977d9a4c80f1f56/data/universities.json,community_dataset,2026,auto,2026-10-01
4143010545,湘南学院,institution.school_type,"""理工""",https://github.com/xioajiumi/Chinese_Universities/blob/e088fddc329a6f0148ca72fd3b4d0fe069f13e3a/Chinese_Universities.json,community_dataset,2021,auto,2026-10-01
4143010545,湘南学院,institution.country,"""China""",https://github.com/damitheswitch/china-universities-dataset/blob/5eaa2a93f86ac322d53a36da9977d9a4c80f1f56/data/universities.json,community_dataset,2026,auto,2026-10-01
4143010546,衡阳师范学院,identity.slug_aliases,"[""hengyang-normal-university""]",https://github.com/damitheswitch/china-universities-dataset/blob/5eaa2a93f86ac322d53a36da9977d9a4c80f1f56/data/universities.json,community_dataset,2026,auto,2026-10-01
4143010546,衡阳师范学院,institution.school_type,"""师范""",https://github.com/xioajiumi/Chinese_Universities/blob/e088fddc329a6f0148ca72fd3b4d0fe069f13e3a/Chinese_Universities.json,community_dataset,2021,auto,2026-10-01
4143010546,衡阳师范学院,institution.country,"""China""",https://github.com/damitheswitch/china-universities-dataset/blob/5eaa2a93f86ac322d53a36da9977d9a4c80f1f56/data/universities.json,community_dataset,2026,auto,2026-10-01
4143010547,邵阳学院,identity.slug_aliases,"[""shaoyang-university""]",https://github.com/damitheswitch/china-universities-dataset/blob/5eaa2a93f86ac322d53a36da9977d9a4c80f1f56/data/universities.json,community_dataset,2026,auto,2026-10-01
4143010547,邵阳学院,institution.school_type,"""理工""",https://github.com/xioajiumi/Chinese_Universities/blob/e088fddc329a6f0148ca72fd3b4d0fe069f13e3a/Chinese_Universities.json,community_dataset,2021,auto,2026-10-01
4143010547,邵阳学院,institution.country,"""China""",https://github.com/damitheswitch/china-universities-dataset/blob/5eaa2a93f86ac322d53a36da9977d9a4c80f1f56/data/universities.json,community_dataset,2026,auto,2026-10-01
4143010548,怀化学院,identity.slug_aliases,"[""huaihua-university""]",https://github.com/damitheswitch/china-universities-dataset/blob/5eaa2a93f86ac322d53a36da9977d9a4c80f1f56/data/universities.json,community_dataset,2026,auto,2026-10-01
4143010548,怀化学院,institution.school_type,"""综合""",https://github.com/xioajiumi/Chinese_Universities/blob/e088fddc329a6f0148ca72fd3b4d0fe069f13e3a/Chinese_Universities.json,community_dataset,2021,auto,2026-10-01
4143010548,怀化学院,institution.country,"""China""",https://github.com/damitheswitch/china-universities-dataset/blob/5eaa2a93f86ac322d53a36da9977d9a4c80f1f56/data/universities.json,community_dataset,2026,auto,2026-10-01
4143010549,湖南文理学院,identity.slug_aliases,"[""hunan-university-of-arts-and-science""]",https://github.com/damitheswitch/china-universities-dataset/blob/5eaa2a93f86ac322d53a36da9977d9a4c80f1f56/data/universities.json,community_dataset,2026,auto,2026-10-01
4143010549,湖南文理学院,institution.school_type,"""综合""",https://github.com/xioajiumi/Chinese_Universities/blob/e088fddc329a6f0148ca72fd3b4d0fe069f13e3a/Chinese_Universities.json,community_dataset,2021,auto,2026-10-01
4143010549,湖南文理学院,institution.country,"""China""",https://github.com/damitheswitch/china-universities-dataset/blob/5eaa2a93f86ac322d53a36da9977d9a4c80f1f56/data/universities.json,community_dataset,2026,auto,2026-10-01
4143010551,湖南科技学院,identity.slug_aliases,"[""hunan-university-of-science-and-engineering""]",https://github.com/damitheswitch/china-universities-dataset/blob/5eaa2a93f86ac322d53a36da9977d9a4c80f1f56/data/universities.json,community_dataset,2026,auto,2026-10-01
4143010551,湖南科技学院,institution.school_type,"""综合""",https://github.com/xioajiumi/Chinese_Universities/blob/e088fddc329a6f0148ca72fd3b4d0fe069f13e3a/Chinese_Universities.json,community_dataset,2021,auto,2026-10-01
4143010551,湖南科技学院,institution.country,"""China""",https://github.com/damitheswitch/china-universities-dataset/blob/5eaa2a93f86ac322d53a36da9977d9a4c80f1f56/data/universities.json,community_dataset,2026,auto,2026-10-01
4143010553,湖南人文科技学院,identity.slug_aliases,"[""hunan-university-of-humanities-science-and-technology""]",https://github.com/damitheswitch/china-universities-dataset/blob/5eaa2a93f86ac322d53a36da9977d9a4c80f1f56/data/universities.json,community_dataset,2026,auto,2026-10-01
4143010553,湖南人文科技学院,institution.school_type,"""师范""",https://github.com/xioajiumi/Chinese_Universities/blob/e088fddc329a6f0148ca72fd3b4d0fe069f13e3a/Chinese_Universities.json,community_dataset,2021,auto,2026-10-01
4143010553,湖南人文科技学院,institution.country,"""China""",https://github.com/damitheswitch/china-universities-dataset/blob/5eaa2a93f86ac322d53a36da9977d9a4c80f1f56/data/universities.json,community_dataset,2026,auto,2026-10-01
4143010554,湖南工商大学,resources.career_url,"""http://job.hnuc.edu.cn/""",https://github.com/PotoYang/UniversityCareerWebPage/blob/0fbc54deee6a4a3aec67ffd77e41bccec898804e/README.md,community_dataset,2019-10-21,auto,2026-10-01
4143010555,南华大学,identity.slug_aliases,"[""university-of-south-china""]",https://github.com/damitheswitch/china-universities-dataset/blob/5eaa2a93f86ac322d53a36da9977d9a4c80f1f56/data/universities.json,community_dataset,2026,auto,2026-10-01
4143010555,南华大学,institution.school_type,"""综合""",https://github.com/xioajiumi/Chinese_Universities/blob/e088fddc329a6f0148ca72fd3b4d0fe069f13e3a/Chinese_Universities.json,community_dataset,2021,auto,2026-10-01
4143010555,南华大学,institution.country,"""China""",https://github.com/damitheswitch/china-universities-dataset/blob/5eaa2a93f86ac322d53a36da9977d9a4c80f1f56/data/universities.json,community_dataset,2026,auto,2026-10-01
4143010555,南华大学,resources.career_url,"""http://nhdx.bibibi.net/""",https://github.com/PotoYang/UniversityCareerWebPage/blob/0fbc54deee6a4a3aec67ffd77e41bccec898804e/README.md,community_dataset,2019-10-21,auto,2026-10-01
4143011077,长沙学院,identity.slug_aliases,"[""changsha-university""]",https://github.com/damitheswitch/china-universities-dataset/blob/5eaa2a93f86ac322d53a36da9977d9a4c80f1f56/data/universities.json,community_dataset,2026,auto,2026-10-01
4143011077,长沙学院,institution.school_type,"""理工""",https://github.com/xioajiumi/Chinese_Universities/blob/e088fddc329a6f0148ca72fd3b4d0fe069f13e3a/Chinese_Universities.json,community_dataset,2021,auto,2026-10-01
4143011077,长沙学院,institution.country,"""China""",https://github.com/damitheswitch/china-universities-dataset/blob/5eaa2a93f86ac322d53a36da9977d9a4c80f1f56/data/universities.json,community_dataset,2026,auto,2026-10-01
4143011342,湖南工程学院,identity.slug_aliases,"[""hunan-institute-of-engineering""]",https://github.com/damitheswitch/china-universities-dataset/blob/5eaa2a93f86ac322d53a36da9977d9a4c80f1f56/data/universities.json,community_dataset,2026,auto,2026-10-01
4143011342,湖南工程学院,institution.school_type,"""理工""",https://github.com/xioajiumi/Chinese_Universities/blob/e088fddc329a6f0148ca72fd3b4d0fe069f13e3a/Chinese_Universities.json,community_dataset,2021,auto,2026-10-01
4143011342,湖南工程学院,institution.country,"""China""",https://github.com/damitheswitch/china-universities-dataset/blob/5eaa2a93f86ac322d53a36da9977d9a4c80f1f56/data/universities.json,community_dataset,2026,auto,2026-10-01
4143011527,湖南城市学院,identity.slug_aliases,"[""hunan-city-university""]",https://github.com/damitheswitch/china-universities-dataset/blob/5eaa2a93f86ac322d53a36da9977d9a4c80f1f56/data/universities.json,community_dataset,2026,auto,2026-10-01
4143011527,湖南城市学院,institution.school_type,"""综合""",https://github.com/xioajiumi/Chinese_Universities/blob/e088fddc329a6f0148ca72fd3b4d0fe069f13e3a/Chinese_Universities.json,community_dataset,2021,auto,2026-10-01
4143011527,湖南城市学院,institution.country,"""China""",https://github.com/damitheswitch/china-universities-dataset/blob/5eaa2a93f86ac322d53a36da9977d9a4c80f1f56/data/universities.json,community_dataset,2026,auto,2026-10-01
4143011528,湖南工学院,identity.slug_aliases,"[""hunan-institute-of-technology""]",https://github.com/damitheswitch/china-universities-dataset/blob/5eaa2a93f86ac322d53a36da9977d9a4c80f1f56/data/universities.json,community_dataset,2026,auto,2026-10-01
4143011528,湖南工学院,institution.school_type,"""理工""",https://github.com/xioajiumi/Chinese_Universities/blob/e088fddc329a6f0148ca72fd3b4d0fe069f13e3a/Chinese_Universities.json,community_dataset,2021,auto,2026-10-01
4143011528,湖南工学院,institution.country,"""China""",https://github.com/damitheswitch/china-universities-dataset/blob/5eaa2a93f86ac322d53a36da9977d9a4c80f1f56/data/universities.json,community_dataset,2026,auto,2026-10-01
4143011535,湖南工业大学,identity.slug_aliases,"[""hunan-university-of-technology""]",https://github.com/damitheswitch/china-universities-dataset/blob/5eaa2a93f86ac322d53a36da9977d9a4c80f1f56/data/universities.json,community_dataset,2026,auto,2026-10-01
4143011535,湖南工业大学,institution.school_type,"""理工""",https://github.com/xioajiumi/Chinese_Universities/blob/e088fddc329a6f0148ca72fd3b4d0fe069f13e3a/Chinese_Universities.json,community_dataset,2021,auto,2026-10-01
4143011535,湖南工业大学,institution.country,"""China""",https://github.com/damitheswitch/china-universities-dataset/blob/5eaa2a93f86ac322d53a36da9977d9a4c80f1f56/data/universities.json,community_dataset,2026,auto,2026-10-01
4143011535,湖南工业大学,resources.career_url,"""http://job.hut.edu.cn/""",https://github.com/PotoYang/UniversityCareerWebPage/blob/0fbc54deee6a4a3aec67ffd77e41bccec898804e/README.md,community_dataset,2019-10-21,auto,2026-10-01
4143012034,湖南第一师范学院,identity.slug_aliases,"[""hunan-first-normal-university""]",https://github.com/damitheswitch/china-universities-dataset/blob/5eaa2a93f86ac322d53a36da9977d9a4c80f1f56/data/universities.json,community_dataset,2026,auto,2026-10-01
4143012034,湖南第一师范学院,institution.school_type,"""师范""",https://github.com/xioajiumi/Chinese_Universities/blob/e088fddc329a6f0148ca72fd3b4d0fe069f13e3a/Chinese_Universities.json,community_dataset,2021,auto,2026-10-01
4143012034,湖南第一师范学院,institution.country,"""China""",https://github.com/damitheswitch/china-universities-dataset/blob/5eaa2a93f86ac322d53a36da9977d9a4c80f1f56/data/universities.json,community_dataset,2026,auto,2026-10-01
4143013806,长沙师范学院,identity.slug_aliases,"[""changsha-normal-university""]",https://github.com/damitheswitch/china-universities-dataset/blob/5eaa2a93f86ac322d53a36da9977d9a4c80f1f56/data/universities.json,community_dataset,2026,auto,2026-10-01
4143013806,长沙师范学院,institution.school_type,"""师范""",https://github.com/xioajiumi/Chinese_Universities/blob/e088fddc329a6f0148ca72fd3b4d0fe069f13e3a/Chinese_Universities.json,community_dataset,2021,auto,2026-10-01
4143013806,长沙师范学院,institution.country,"""China""",https://github.com/damitheswitch/china-universities-dataset/blob/5eaa2a93f86ac322d53a36da9977d9a4c80f1f56/data/universities.json,community_dataset,2026,auto,2026-10-01
4162010730,兰州大学,identity.short_name_zh,"""兰大""",https://github.com/Magicdover/China-Universities-2026/blob/419bdc7ce6956fc88c2b70b3979f170b6666f111/data/universities.js,community_dataset,2026-06-09,auto,2026-10-01
4162010730,兰州大学,identity.short_name_en,"""LZU""",https://github.com/Magicdover/China-Universities-2026/blob/419bdc7ce6956fc88c2b70b3979f170b6666f111/data/universities.js,community_dataset,2026-06-09,auto,2026-10-01
4162010730,兰州大学,identity.slug_aliases,"[""lanzhou-university""]",https://github.com/damitheswitch/china-universities-dataset/blob/5eaa2a93f86ac322d53a36da9977d9a4c80f1f56/data/universities.json,community_dataset,2026,auto,2026-10-01
4162010730,兰州大学,institution.school_type,"""综合""",https://github.com/xioajiumi/Chinese_Universities/blob/e088fddc329a6f0148ca72fd3b4d0fe069f13e3a/Chinese_Universities.json,community_dataset,2021,auto,2026-10-01
4162010730,兰州大学,institution.country,"""China""",https://github.com/damitheswitch/china-universities-dataset/blob/5eaa2a93f86ac322d53a36da9977d9a4c80f1f56/data/universities.json,community_dataset,2026,auto,2026-10-01
4162010730,兰州大学,institution.groups,"[""双一流"", ""985"", ""211""]",https://github.com/damitheswitch/china-universities-dataset/blob/5eaa2a93f86ac322d53a36da9977d9a4c80f1f56/data/universities.json,community_dataset,2026,auto,2026-10-01
4162010730,兰州大学,location.coordinates,"{""longitude"": 103.862, ""latitude"": 36.046, ""crs"": ""unspecified"", ""precision"": ""approximate"", ""location_kind"": ""community_map_point""}",https://github.com/Magicdover/China-Universities-2026/blob/419bdc7ce6956fc88c2b70b3979f170b6666f111/data/universities.js,community_dataset,2026-06-09,auto,2026-10-01
4162010730,兰州大学,academics.double_first_class_disciplines,"[""化学"", ""大气科学"", ""生态学"", ""草学"", ""物理学""]",https://github.com/Magicdover/China-Universities-2026/blob/419bdc7ce6956fc88c2b70b3979f170b6666f111/data/universities.js,community_dataset,2026-06-09,auto,2026-10-01
4162010730,兰州大学,resources.career_url,"""https://job.lzu.edu.cn/""",https://github.com/PotoYang/UniversityCareerWebPage/blob/0fbc54deee6a4a3aec67ffd77e41bccec898804e/README.md,community_dataset,2019-10-21,auto,2026-10-01
4162010731,兰州理工大学,identity.slug_aliases,"[""lanzhou-university-of-technology""]",https://github.com/damitheswitch/china-universities-dataset/blob/5eaa2a93f86ac322d53a36da9977d9a4c80f1f56/data/universities.json,community_dataset,2026,auto,2026-10-01
4162010731,兰州理工大学,institution.school_type,"""理工""",https://github.com/xioajiumi/Chinese_Universities/blob/e088fddc329a6f0148ca72fd3b4d0fe069f13e3a/Chinese_Universities.json,community_dataset,2021,auto,2026-10-01
4162010731,兰州理工大学,institution.country,"""China""",https://github.com/damitheswitch/china-universities-dataset/blob/5eaa2a93f86ac322d53a36da9977d9a4c80f1f56/data/universities.json,community_dataset,2026,auto,2026-10-01
4162010731,兰州理工大学,resources.career_url,"""http://jiuye.lut.cn/""",https://github.com/PotoYang/UniversityCareerWebPage/blob/0fbc54deee6a4a3aec67ffd77e41bccec898804e/README.md,community_dataset,2019-10-21,auto,2026-10-01
4162010732,兰州交通大学,identity.slug_aliases,"[""lanzhou-jiaotong-university""]",https://github.com/damitheswitch/china-universities-dataset/blob/5eaa2a93f86ac322d53a36da9977d9a4c80f1f56/data/universities.json,community_dataset,2026,auto,2026-10-01
4162010732,兰州交通大学,institution.school_type,"""理工""",https://github.com/xioajiumi/Chinese_Universities/blob/e088fddc329a6f0148ca72fd3b4d0fe069f13e3a/Chinese_Universities.json,community_dataset,2021,auto,2026-10-01
4162010732,兰州交通大学,institution.country,"""China""",https://github.com/damitheswitch/china-universities-dataset/blob/5eaa2a93f86ac322d53a36da9977d9a4c80f1f56/data/universities.json,community_dataset,2026,auto,2026-10-01
4162010732,兰州交通大学,resources.career_url,"""http://jyzx.lzjtu.edu.cn/eweb/jygl/index.so""",https://github.com/PotoYang/UniversityCareerWebPage/blob/0fbc54deee6a4a3aec67ffd77e41bccec898804e/README.md,community_dataset,2019-10-21,auto,2026-10-01
4162010733,甘肃农业大学,identity.slug_aliases,"[""gansu-agricultural-university""]",https://github.com/damitheswitch/china-universities-dataset/blob/5eaa2a93f86ac322d53a36da9977d9a4c80f1f56/data/universities.json,community_dataset,2026,auto,2026-10-01
4162010733,甘肃农业大学,institution.school_type,"""农业""",https://github.com/xioajiumi/Chinese_Universities/blob/e088fddc329a6f0148ca72fd3b4d0fe069f13e3a/Chinese_Universities.json,community_dataset,2021,auto,2026-10-01
4162010733,甘肃农业大学,institution.country,"""China""",https://github.com/damitheswitch/china-universities-dataset/blob/5eaa2a93f86ac322d53a36da9977d9a4c80f1f56/data/universities.json,community_dataset,2026,auto,2026-10-01
4162010735,甘肃中医药大学,resources.career_url,"""http://jyzd.gszy.edu.cn/Website/""",https://github.com/PotoYang/UniversityCareerWebPage/blob/0fbc54deee6a4a3aec67ffd77e41bccec898804e/README.md,community_dataset,2019-10-21,auto,2026-10-01
4162010736,西北师范大学,identity.slug_aliases,"[""northwest-normal-university-china""]",https://github.com/damitheswitch/china-universities-dataset/blob/5eaa2a93f86ac322d53a36da9977d9a4c80f1f56/data/universities.json,community_dataset,2026,auto,2026-10-01
4162010736,西北师范大学,institution.school_type,"""师范""",https://github.com/xioajiumi/Chinese_Universities/blob/e088fddc329a6f0148ca72fd3b4d0fe069f13e3a/Chinese_Universities.json,community_dataset,2021,auto,2026-10-01
4162010736,西北师范大学,institution.country,"""China""",https://github.com/damitheswitch/china-universities-dataset/blob/5eaa2a93f86ac322d53a36da9977d9a4c80f1f56/data/universities.json,community_dataset,2026,auto,2026-10-01
4162010736,西北师范大学,resources.career_url,"""https://grad.nwnu.edu.cn/""",https://github.com/PotoYang/UniversityCareerWebPage/blob/0fbc54deee6a4a3aec67ffd77e41bccec898804e/README.md,community_dataset,2019-10-21,auto,2026-10-01
4162010737,兰州城市学院,identity.slug_aliases,"[""lanzhou-city-university""]",https://github.com/damitheswitch/china-universities-dataset/blob/5eaa2a93f86ac322d53a36da9977d9a4c80f1f56/data/universities.json,community_dataset,2026,auto,2026-10-01
4162010737,兰州城市学院,institution.school_type,"""综合""",https://github.com/xioajiumi/Chinese_Universities/blob/e088fddc329a6f0148ca72fd3b4d0fe069f13e3a/Chinese_Universities.json,community_dataset,2021,auto,2026-10-01
4162010737,兰州城市学院,institution.country,"""China""",https://github.com/damitheswitch/china-universities-dataset/blob/5eaa2a93f86ac322d53a36da9977d9a4c80f1f56/data/universities.json,community_dataset,2026,auto,2026-10-01
4162010738,陇东学院,identity.slug_aliases,"[""long-dong-university""]",https://github.com/damitheswitch/china-universities-dataset/blob/5eaa2a93f86ac322d53a36da9977d9a4c80f1f56/data/universities.json,community_dataset,2026,auto,2026-10-01
4162010738,陇东学院,institution.school_type,"""师范""",https://github.com/xioajiumi/Chinese_Universities/blob/e088fddc329a6f0148ca72fd3b4d0fe069f13e3a/Chinese_Universities.json,community_dataset,2021,auto,2026-10-01
4162010738,陇东学院,institution.country,"""China""",https://github.com/damitheswitch/china-universities-dataset/blob/5eaa2a93f86ac322d53a36da9977d9a4c80f1f56/data/universities.json,community_dataset,2026,auto,2026-10-01
4162010739,天水师范大学,identity.slug_aliases,"[""tianshui-normal-university""]",https://github.com/damitheswitch/china-universities-dataset/blob/5eaa2a93f86ac322d53a36da9977d9a4c80f1f56/data/universities.json,community_dataset,2026,auto,2026-10-01
4162010739,天水师范大学,institution.school_type,"""师范""",https://github.com/damitheswitch/china-universities-dataset/blob/5eaa2a93f86ac322d53a36da9977d9a4c80f1f56/data/universities.json,community_dataset,2026,auto,2026-10-01
4162010739,天水师范大学,institution.country,"""China""",https://github.com/damitheswitch/china-universities-dataset/blob/5eaa2a93f86ac322d53a36da9977d9a4c80f1f56/data/universities.json,community_dataset,2026,auto,2026-10-01
4162010740,河西学院,identity.slug_aliases,"[""hexi-university""]",https://github.com/damitheswitch/china-universities-dataset/blob/5eaa2a93f86ac322d53a36da9977d9a4c80f1f56/data/universities.json,community_dataset,2026,auto,2026-10-01
4162010740,河西学院,institution.school_type,"""综合""",https://github.com/xioajiumi/Chinese_Universities/blob/e088fddc329a6f0148ca72fd3b4d0fe069f13e3a/Chinese_Universities.json,community_dataset,2021,auto,2026-10-01
4162010740,河西学院,institution.country,"""China""",https://github.com/damitheswitch/china-universities-dataset/blob/5eaa2a93f86ac322d53a36da9977d9a4c80f1f56/data/universities.json,community_dataset,2026,auto,2026-10-01
4162010742,西北民族大学,resources.career_url,"""http://xbmu.bysjy.com.cn/index""",https://github.com/PotoYang/UniversityCareerWebPage/blob/0fbc54deee6a4a3aec67ffd77e41bccec898804e/README.md,community_dataset,2019-10-21,auto,2026-10-01
4162011561,甘肃民族师范学院,identity.slug_aliases,"[""gansu-normal-university-for-nationalities""]",https://github.com/damitheswitch/china-universities-dataset/blob/5eaa2a93f86ac322d53a36da9977d9a4c80f1f56/data/universities.json,community_dataset,2026,auto,2026-10-01
4162011561,甘肃民族师范学院,institution.school_type,"""师范""",https://github.com/xioajiumi/Chinese_Universities/blob/e088fddc329a6f0148ca72fd3b4d0fe069f13e3a/Chinese_Universities.json,community_dataset,2021,auto,2026-10-01
4162011561,甘肃民族师范学院,institution.country,"""China""",https://github.com/damitheswitch/china-universities-dataset/blob/5eaa2a93f86ac322d53a36da9977d9a4c80f1f56/data/universities.json,community_dataset,2026,auto,2026-10-01
4162011562,兰州文理学院,identity.slug_aliases,"[""lanzhou-university-of-arts-and-science""]",https://github.com/damitheswitch/china-universities-dataset/blob/5eaa2a93f86ac322d53a36da9977d9a4c80f1f56/data/universities.json,community_dataset,2026,auto,2026-10-01
4162011562,兰州文理学院,institution.school_type,"""综合""",https://github.com/xioajiumi/Chinese_Universities/blob/e088fddc329a6f0148ca72fd3b4d0fe069f13e3a/Chinese_Universities.json,community_dataset,2021,auto,2026-10-01
4162011562,兰州文理学院,institution.country,"""China""",https://github.com/damitheswitch/china-universities-dataset/blob/5eaa2a93f86ac322d53a36da9977d9a4c80f1f56/data/universities.json,community_dataset,2026,auto,2026-10-01
4162011807,兰州工业学院,identity.slug_aliases,"[""lanzhou-institute-of-technology""]",https://github.com/damitheswitch/china-universities-dataset/blob/5eaa2a93f86ac322d53a36da9977d9a4c80f1f56/data/universities.json,community_dataset,2026,auto,2026-10-01
4162011807,兰州工业学院,institution.school_type,"""理工""",https://github.com/xioajiumi/Chinese_Universities/blob/e088fddc329a6f0148ca72fd3b4d0fe069f13e3a/Chinese_Universities.json,community_dataset,2021,auto,2026-10-01
4162011807,兰州工业学院,institution.country,"""China""",https://github.com/damitheswitch/china-universities-dataset/blob/5eaa2a93f86ac322d53a36da9977d9a4c80f1f56/data/universities.json,community_dataset,2026,auto,2026-10-01
4135010384,厦门大学,identity.short_name_zh,"""厦大""",https://github.com/Magicdover/China-Universities-2026/blob/419bdc7ce6956fc88c2b70b3979f170b6666f111/data/universities.js,community_dataset,2026-06-09,auto,2026-10-01
4135010384,厦门大学,identity.short_name_en,"""XMU""",https://github.com/Magicdover/China-Universities-2026/blob/419bdc7ce6956fc88c2b70b3979f170b6666f111/data/universities.js,community_dataset,2026-06-09,auto,2026-10-01
4135010384,厦门大学,identity.slug_aliases,"[""xiamen-university""]",https://github.com/damitheswitch/china-universities-dataset/blob/5eaa2a93f86ac322d53a36da9977d9a4c80f1f56/data/universities.json,community_dataset,2026,auto,2026-10-01
4135010384,厦门大学,institution.school_type,"""综合""",https://github.com/xioajiumi/Chinese_Universities/blob/e088fddc329a6f0148ca72fd3b4d0fe069f13e3a/Chinese_Universities.json,community_dataset,2021,auto,2026-10-01
4135010384,厦门大学,institution.nature,"""公办""",https://github.com/damitheswitch/china-universities-dataset/blob/5eaa2a93f86ac322d53a36da9977d9a4c80f1f56/data/universities.json,community_dataset,2026,auto,2026-10-01
4135010384,厦门大学,institution.country,"""China""",https://github.com/damitheswitch/china-universities-dataset/blob/5eaa2a93f86ac322d53a36da9977d9a4c80f1f56/data/universities.json,community_dataset,2026,auto,2026-10-01
4135010384,厦门大学,institution.languages_of_instruction,"[""Chinese"", ""English""]",https://github.com/damitheswitch/china-universities-dataset/blob/5eaa2a93f86ac322d53a36da9977d9a4c80f1f56/data/universities.json,community_dataset,2026,auto,2026-10-01
4135010384,厦门大学,institution.groups,"[""双一流"", ""985"", ""211""]",https://github.com/damitheswitch/china-universities-dataset/blob/5eaa2a93f86ac322d53a36da9977d9a4c80f1f56/data/universities.json,community_dataset,2026,auto,2026-10-01
4135010384,厦门大学,location.coordinates,"{""longitude"": 118.097, ""latitude"": 24.436, ""crs"": ""unspecified"", ""precision"": ""approximate"", ""location_kind"": ""community_map_point""}",https://github.com/Magicdover/China-Universities-2026/blob/419bdc7ce6956fc88c2b70b3979f170b6666f111/data/universities.js,community_dataset,2026-06-09,auto,2026-10-01
4135010384,厦门大学,academics.double_first_class_disciplines,"[""化学"", ""海洋科学"", ""生物学"", ""生态学"", ""统计学"", ""应用经济学"", ""工商管理""]",https://github.com/Magicdover/China-Universities-2026/blob/419bdc7ce6956fc88c2b70b3979f170b6666f111/data/universities.js,community_dataset,2026-06-09,auto,2026-10-01
4135010384,厦门大学,resources.career_url,"""https://jyzd.xmu.edu.cn/""",https://github.com/PotoYang/UniversityCareerWebPage/blob/0fbc54deee6a4a3aec67ffd77e41bccec898804e/README.md,community_dataset,2019-10-21,auto,2026-10-01
4135010385,华侨大学,identity.slug_aliases,"[""huaqiao-university""]",https://github.com/damitheswitch/china-universities-dataset/blob/5eaa2a93f86ac322d53a36da9977d9a4c80f1f56/data/universities.json,community_dataset,2026,auto,2026-10-01
4135010385,华侨大学,institution.school_type,"""综合""",https://github.com/xioajiumi/Chinese_Universities/blob/e088fddc329a6f0148ca72fd3b4d0fe069f13e3a/Chinese_Universities.json,community_dataset,2021,auto,2026-10-01
4135010385,华侨大学,institution.country,"""China""",https://github.com/damitheswitch/china-universities-dataset/blob/5eaa2a93f86ac322d53a36da9977d9a4c80f1f56/data/universities.json,community_dataset,2026,auto,2026-10-01
4135010385,华侨大学,resources.career_url,"""https://bys.hqu.edu.cn/""",https://github.com/PotoYang/UniversityCareerWebPage/blob/0fbc54deee6a4a3aec67ffd77e41bccec898804e/README.md,community_dataset,2019-10-21,auto,2026-10-01
4135010386,福州大学,identity.short_name_zh,"""福大""",https://github.com/Magicdover/China-Universities-2026/blob/419bdc7ce6956fc88c2b70b3979f170b6666f111/data/uni-211.js,community_dataset,2026-06-09,auto,2026-10-01
4135010386,福州大学,identity.short_name_en,"""FZU""",https://github.com/Magicdover/China-Universities-2026/blob/419bdc7ce6956fc88c2b70b3979f170b6666f111/data/uni-211.js,community_dataset,2026-06-09,auto,2026-10-01
4135010386,福州大学,identity.slug_aliases,"[""fuzhou-university""]",https://github.com/damitheswitch/china-universities-dataset/blob/5eaa2a93f86ac322d53a36da9977d9a4c80f1f56/data/universities.json,community_dataset,2026,auto,2026-10-01
4135010386,福州大学,institution.school_type,"""理工""",https://github.com/xioajiumi/Chinese_Universities/blob/e088fddc329a6f0148ca72fd3b4d0fe069f13e3a/Chinese_Universities.json,community_dataset,2021,auto,2026-10-01
4135010386,福州大学,institution.country,"""China""",https://github.com/damitheswitch/china-universities-dataset/blob/5eaa2a93f86ac322d53a36da9977d9a4c80f1f56/data/universities.json,community_dataset,2026,auto,2026-10-01
4135010386,福州大学,institution.groups,"[""双一流"", ""211""]",https://github.com/damitheswitch/china-universities-dataset/blob/5eaa2a93f86ac322d53a36da9977d9a4c80f1f56/data/universities.json,community_dataset,2026,auto,2026-10-01
4135010386,福州大学,location.coordinates,"{""longitude"": 119.197, ""latitude"": 26.062, ""crs"": ""unspecified"", ""precision"": ""approximate"", ""location_kind"": ""community_map_point""}",https://github.com/Magicdover/China-Universities-2026/blob/419bdc7ce6956fc88c2b70b3979f170b6666f111/data/uni-211.js,community_dataset,2026-06-09,auto,2026-10-01
4135010386,福州大学,academics.double_first_class_disciplines,"[""化学""]",https://github.com/Magicdover/China-Universities-2026/blob/419bdc7ce6956fc88c2b70b3979f170b6666f111/data/uni-211.js,community_dataset,2026-06-09,auto,2026-10-01
4135010386,福州大学,resources.career_url,"""http://www.fjrclh.com/""",https://github.com/PotoYang/UniversityCareerWebPage/blob/0fbc54deee6a4a3aec67ffd77e41bccec898804e/README.md,community_dataset,2019-10-21,auto,2026-10-01
4135010388,福建理工大学,identity.slug_aliases,"[""fujian-university-of-technology""]",https://github.com/damitheswitch/china-universities-dataset/blob/5eaa2a93f86ac322d53a36da9977d9a4c80f1f56/data/universities.json,community_dataset,2026,auto,2026-10-01
4135010388,福建理工大学,institution.school_type,"""理工""",https://github.com/damitheswitch/china-universities-dataset/blob/5eaa2a93f86ac322d53a36da9977d9a4c80f1f56/data/universities.json,community_dataset,2026,auto,2026-10-01
4135010388,福建理工大学,institution.country,"""China""",https://github.com/damitheswitch/china-universities-dataset/blob/5eaa2a93f86ac322d53a36da9977d9a4c80f1f56/data/universities.json,community_dataset,2026,auto,2026-10-01
4135010389,福建农林大学,identity.slug_aliases,"[""fujian-agriculture-and-forestry-university""]",https://github.com/damitheswitch/china-universities-dataset/blob/5eaa2a93f86ac322d53a36da9977d9a4c80f1f56/data/universities.json,community_dataset,2026,auto,2026-10-01
4135010389,福建农林大学,institution.school_type,"""农业""",https://github.com/xioajiumi/Chinese_Universities/blob/e088fddc329a6f0148ca72fd3b4d0fe069f13e3a/Chinese_Universities.json,community_dataset,2021,auto,2026-10-01
4135010389,福建农林大学,institution.country,"""China""",https://github.com/damitheswitch/china-universities-dataset/blob/5eaa2a93f86ac322d53a36da9977d9a4c80f1f56/data/universities.json,community_dataset,2026,auto,2026-10-01
4135010389,福建农林大学,resources.career_url,"""http://career.fafu.edu.cn/""",https://github.com/PotoYang/UniversityCareerWebPage/blob/0fbc54deee6a4a3aec67ffd77e41bccec898804e/README.md,community_dataset,2019-10-21,auto,2026-10-01
4135010390,集美大学,identity.slug_aliases,"[""jimei-university""]",https://github.com/damitheswitch/china-universities-dataset/blob/5eaa2a93f86ac322d53a36da9977d9a4c80f1f56/data/universities.json,community_dataset,2026,auto,2026-10-01
4135010390,集美大学,institution.school_type,"""综合""",https://github.com/xioajiumi/Chinese_Universities/blob/e088fddc329a6f0148ca72fd3b4d0fe069f13e3a/Chinese_Universities.json,community_dataset,2021,auto,2026-10-01
4135010390,集美大学,institution.country,"""China""",https://github.com/damitheswitch/china-universities-dataset/blob/5eaa2a93f86ac322d53a36da9977d9a4c80f1f56/data/universities.json,community_dataset,2026,auto,2026-10-01
4135010390,集美大学,resources.career_url,"""http://jyzd.jmu.edu.cn/""",https://github.com/PotoYang/UniversityCareerWebPage/blob/0fbc54deee6a4a3aec67ffd77e41bccec898804e/README.md,community_dataset,2019-10-21,auto,2026-10-01
4135010392,福建医科大学,resources.career_url,"""http://fjyk.bibibi.net/""",https://github.com/PotoYang/UniversityCareerWebPage/blob/0fbc54deee6a4a3aec67ffd77e41bccec898804e/README.md,community_dataset,2019-10-21,auto,2026-10-01
4135010393,福建中医药大学,resources.career_url,"""https://jyzd.fjtcm.edu.cn/""",https://github.com/PotoYang/UniversityCareerWebPage/blob/0fbc54deee6a4a3aec67ffd77e41bccec898804e/README.md,community_dataset,2019-10-21,auto,2026-10-01
4135010394,福建师范大学,identity.slug_aliases,"[""fujian-normal-university""]",https://github.com/damitheswitch/china-universities-dataset/blob/5eaa2a93f86ac322d53a36da9977d9a4c80f1f56/data/universities.json,community_dataset,2026,auto,2026-10-01
4135010394,福建师范大学,institution.school_type,"""师范""",https://github.com/xioajiumi/Chinese_Universities/blob/e088fddc329a6f0148ca72fd3b4d0fe069f13e3a/Chinese_Universities.json,community_dataset,2021,auto,2026-10-01
4135010394,福建师范大学,institution.country,"""China""",https://github.com/damitheswitch/china-universities-dataset/blob/5eaa2a93f86ac322d53a36da9977d9a4c80f1f56/data/universities.json,community_dataset,2026,auto,2026-10-01
4135010397,武夷学院,identity.slug_aliases,"[""wuyi-university-wuyiu""]",https://github.com/damitheswitch/china-universities-dataset/blob/5eaa2a93f86ac322d53a36da9977d9a4c80f1f56/data/universities.json,community_dataset,2026,auto,2026-10-01
4135010397,武夷学院,institution.school_type,"""综合""",https://github.com/xioajiumi/Chinese_Universities/blob/e088fddc329a6f0148ca72fd3b4d0fe069f13e3a/Chinese_Universities.json,community_dataset,2021,auto,2026-10-01
4135010397,武夷学院,institution.country,"""China""",https://github.com/damitheswitch/china-universities-dataset/blob/5eaa2a93f86ac322d53a36da9977d9a4c80f1f56/data/universities.json,community_dataset,2026,auto,2026-10-01
4135010398,宁德师范学院,identity.slug_aliases,"[""ningde-normal-university""]",https://github.com/damitheswitch/china-universities-dataset/blob/5eaa2a93f86ac322d53a36da9977d9a4c80f1f56/data/universities.json,community_dataset,2026,auto,2026-10-01
4135010398,宁德师范学院,institution.school_type,"""师范""",https://github.com/xioajiumi/Chinese_Universities/blob/e088fddc329a6f0148ca72fd3b4d0fe069f13e3a/Chinese_Universities.json,community_dataset,2021,auto,2026-10-01
4135010398,宁德师范学院,institution.country,"""China""",https://github.com/damitheswitch/china-universities-dataset/blob/5eaa2a93f86ac322d53a36da9977d9a4c80f1f56/data/universities.json,community_dataset,2026,auto,2026-10-01
4135010399,泉州师范学院,identity.slug_aliases,"[""quanzhou-normal-university""]",https://github.com/damitheswitch/china-universities-dataset/blob/5eaa2a93f86ac322d53a36da9977d9a4c80f1f56/data/universities.json,community_dataset,2026,auto,2026-10-01
4135010399,泉州师范学院,institution.school_type,"""师范""",https://github.com/xioajiumi/Chinese_Universities/blob/e088fddc329a6f0148ca72fd3b4d0fe069f13e3a/Chinese_Universities.json,community_dataset,2021,auto,2026-10-01
4135010399,泉州师范学院,institution.country,"""China""",https://github.com/damitheswitch/china-universities-dataset/blob/5eaa2a93f86ac322d53a36da9977d9a4c80f1f56/data/universities.json,community_dataset,2026,auto,2026-10-01
4135010402,闽南师范大学,identity.slug_aliases,"[""minnan-normal-university""]",https://github.com/damitheswitch/china-universities-dataset/blob/5eaa2a93f86ac322d53a36da9977d9a4c80f1f56/data/universities.json,community_dataset,2026,auto,2026-10-01
4135010402,闽南师范大学,institution.school_type,"""师范""",https://github.com/xioajiumi/Chinese_Universities/blob/e088fddc329a6f0148ca72fd3b4d0fe069f13e3a/Chinese_Universities.json,community_dataset,2021,auto,2026-10-01
4135010402,闽南师范大学,institution.country,"""China""",https://github.com/damitheswitch/china-universities-dataset/blob/5eaa2a93f86ac322d53a36da9977d9a4c80f1f56/data/universities.json,community_dataset,2026,auto,2026-10-01
4135011062,厦门理工学院,identity.slug_aliases,"[""xiamen-university-of-technology""]",https://github.com/damitheswitch/china-universities-dataset/blob/5eaa2a93f86ac322d53a36da9977d9a4c80f1f56/data/universities.json,community_dataset,2026,auto,2026-10-01
4135011062,厦门理工学院,institution.school_type,"""理工""",https://github.com/xioajiumi/Chinese_Universities/blob/e088fddc329a6f0148ca72fd3b4d0fe069f13e3a/Chinese_Universities.json,community_dataset,2021,auto,2026-10-01
4135011062,厦门理工学院,institution.country,"""China""",https://github.com/damitheswitch/china-universities-dataset/blob/5eaa2a93f86ac322d53a36da9977d9a4c80f1f56/data/universities.json,community_dataset,2026,auto,2026-10-01
4135011311,三明学院,identity.slug_aliases,"[""sanming-university""]",https://github.com/damitheswitch/china-universities-dataset/blob/5eaa2a93f86ac322d53a36da9977d9a4c80f1f56/data/universities.json,community_dataset,2026,auto,2026-10-01
4135011311,三明学院,institution.school_type,"""综合""",https://github.com/xioajiumi/Chinese_Universities/blob/e088fddc329a6f0148ca72fd3b4d0fe069f13e3a/Chinese_Universities.json,community_dataset,2021,auto,2026-10-01
4135011311,三明学院,institution.country,"""China""",https://github.com/damitheswitch/china-universities-dataset/blob/5eaa2a93f86ac322d53a36da9977d9a4c80f1f56/data/universities.json,community_dataset,2026,auto,2026-10-01
4135011312,龙岩学院,identity.slug_aliases,"[""longyan-university""]",https://github.com/damitheswitch/china-universities-dataset/blob/5eaa2a93f86ac322d53a36da9977d9a4c80f1f56/data/universities.json,community_dataset,2026,auto,2026-10-01
4135011312,龙岩学院,institution.school_type,"""综合""",https://github.com/xioajiumi/Chinese_Universities/blob/e088fddc329a6f0148ca72fd3b4d0fe069f13e3a/Chinese_Universities.json,community_dataset,2021,auto,2026-10-01
4135011312,龙岩学院,institution.country,"""China""",https://github.com/damitheswitch/china-universities-dataset/blob/5eaa2a93f86ac322d53a36da9977d9a4c80f1f56/data/universities.json,community_dataset,2026,auto,2026-10-01
4135011498,莆田学院,identity.slug_aliases,"[""putian-university""]",https://github.com/damitheswitch/china-universities-dataset/blob/5eaa2a93f86ac322d53a36da9977d9a4c80f1f56/data/universities.json,community_dataset,2026,auto,2026-10-01
4135011498,莆田学院,institution.school_type,"""综合""",https://github.com/xioajiumi/Chinese_Universities/blob/e088fddc329a6f0148ca72fd3b4d0fe069f13e3a/Chinese_Universities.json,community_dataset,2021,auto,2026-10-01
4135011498,莆田学院,institution.country,"""China""",https://github.com/damitheswitch/china-universities-dataset/blob/5eaa2a93f86ac322d53a36da9977d9a4c80f1f56/data/universities.json,community_dataset,2026,auto,2026-10-01
4135013115,厦门工学院,resources.career_url,"""http://www.xit.edu.cn/zsw/jypd/""",https://github.com/PotoYang/UniversityCareerWebPage/blob/0fbc54deee6a4a3aec67ffd77e41bccec898804e/README.md,community_dataset,2019-10-21,auto,2026-10-01
4135014683,福建技术师范学院,identity.slug_aliases,"[""fujian-polytechnic-normal-university""]",https://github.com/damitheswitch/china-universities-dataset/blob/5eaa2a93f86ac322d53a36da9977d9a4c80f1f56/data/universities.json,community_dataset,2026,auto,2026-10-01
4135014683,福建技术师范学院,institution.school_type,"""师范""",https://github.com/xioajiumi/Chinese_Universities/blob/e088fddc329a6f0148ca72fd3b4d0fe069f13e3a/Chinese_Universities.json,community_dataset,2021,auto,2026-10-01
4135014683,福建技术师范学院,institution.country,"""China""",https://github.com/damitheswitch/china-universities-dataset/blob/5eaa2a93f86ac322d53a36da9977d9a4c80f1f56/data/universities.json,community_dataset,2026,auto,2026-10-01
4154010694,西藏大学,identity.short_name_zh,"""藏大""",https://github.com/Magicdover/China-Universities-2026/blob/419bdc7ce6956fc88c2b70b3979f170b6666f111/data/uni-211.js,community_dataset,2026-06-09,auto,2026-10-01
4154010694,西藏大学,identity.short_name_en,"""XZU""",https://github.com/Magicdover/China-Universities-2026/blob/419bdc7ce6956fc88c2b70b3979f170b6666f111/data/uni-211.js,community_dataset,2026-06-09,auto,2026-10-01
4154010694,西藏大学,identity.slug_aliases,"[""tibet-university""]",https://github.com/damitheswitch/china-universities-dataset/blob/5eaa2a93f86ac322d53a36da9977d9a4c80f1f56/data/universities.json,community_dataset,2026,auto,2026-10-01
4154010694,西藏大学,institution.school_type,"""综合""",https://github.com/xioajiumi/Chinese_Universities/blob/e088fddc329a6f0148ca72fd3b4d0fe069f13e3a/Chinese_Universities.json,community_dataset,2021,auto,2026-10-01
4154010694,西藏大学,institution.country,"""China""",https://github.com/damitheswitch/china-universities-dataset/blob/5eaa2a93f86ac322d53a36da9977d9a4c80f1f56/data/universities.json,community_dataset,2026,auto,2026-10-01
4154010694,西藏大学,institution.groups,"[""双一流"", ""211""]",https://github.com/damitheswitch/china-universities-dataset/blob/5eaa2a93f86ac322d53a36da9977d9a4c80f1f56/data/universities.json,community_dataset,2026,auto,2026-10-01
4154010694,西藏大学,location.coordinates,"{""longitude"": 91.14, ""latitude"": 29.645, ""crs"": ""unspecified"", ""precision"": ""approximate"", ""location_kind"": ""community_map_point""}",https://github.com/Magicdover/China-Universities-2026/blob/419bdc7ce6956fc88c2b70b3979f170b6666f111/data/uni-211.js,community_dataset,2026-06-09,auto,2026-10-01
4154010694,西藏大学,academics.double_first_class_disciplines,"[""生态学""]",https://github.com/Magicdover/China-Universities-2026/blob/419bdc7ce6956fc88c2b70b3979f170b6666f111/data/uni-211.js,community_dataset,2026-06-09,auto,2026-10-01
4154010694,西藏大学,resources.career_url,"""http://www.utibet.edu.cn/news/article_38_137_0.html""",https://github.com/PotoYang/UniversityCareerWebPage/blob/0fbc54deee6a4a3aec67ffd77e41bccec898804e/README.md,community_dataset,2019-10-21,auto,2026-10-01
4152010657,贵州大学,identity.short_name_zh,"""贵大""",https://github.com/Magicdover/China-Universities-2026/blob/419bdc7ce6956fc88c2b70b3979f170b6666f111/data/uni-211.js,community_dataset,2026-06-09,auto,2026-10-01
4152010657,贵州大学,identity.short_name_en,"""GZU""",https://github.com/Magicdover/China-Universities-2026/blob/419bdc7ce6956fc88c2b70b3979f170b6666f111/data/uni-211.js,community_dataset,2026-06-09,auto,2026-10-01
4152010657,贵州大学,identity.slug_aliases,"[""guizhou-university""]",https://github.com/damitheswitch/china-universities-dataset/blob/5eaa2a93f86ac322d53a36da9977d9a4c80f1f56/data/universities.json,community_dataset,2026,auto,2026-10-01
4152010657,贵州大学,institution.school_type,"""综合""",https://github.com/xioajiumi/Chinese_Universities/blob/e088fddc329a6f0148ca72fd3b4d0fe069f13e3a/Chinese_Universities.json,community_dataset,2021,auto,2026-10-01
4152010657,贵州大学,institution.country,"""China""",https://github.com/damitheswitch/china-universities-dataset/blob/5eaa2a93f86ac322d53a36da9977d9a4c80f1f56/data/universities.json,community_dataset,2026,auto,2026-10-01
4152010657,贵州大学,institution.groups,"[""双一流"", ""211""]",https://github.com/damitheswitch/china-universities-dataset/blob/5eaa2a93f86ac322d53a36da9977d9a4c80f1f56/data/universities.json,community_dataset,2026,auto,2026-10-01
4152010657,贵州大学,location.coordinates,"{""longitude"": 106.667, ""latitude"": 26.452, ""crs"": ""unspecified"", ""precision"": ""approximate"", ""location_kind"": ""community_map_point""}",https://github.com/Magicdover/China-Universities-2026/blob/419bdc7ce6956fc88c2b70b3979f170b6666f111/data/uni-211.js,community_dataset,2026-06-09,auto,2026-10-01
4152010657,贵州大学,academics.double_first_class_disciplines,"[""植物保护""]",https://github.com/Magicdover/China-Universities-2026/blob/419bdc7ce6956fc88c2b70b3979f170b6666f111/data/uni-211.js,community_dataset,2026-06-09,auto,2026-10-01
4152010657,贵州大学,resources.career_url,"""http://aoff.gzu.edu.cn/gzujobs/client/index""",https://github.com/PotoYang/UniversityCareerWebPage/blob/0fbc54deee6a4a3aec67ffd77e41bccec898804e/README.md,community_dataset,2019-10-21,auto,2026-10-01
4152010663,贵州师范大学,identity.slug_aliases,"[""guizhou-normal-university""]",https://github.com/damitheswitch/china-universities-dataset/blob/5eaa2a93f86ac322d53a36da9977d9a4c80f1f56/data/universities.json,community_dataset,2026,auto,2026-10-01
4152010663,贵州师范大学,institution.school_type,"""师范""",https://github.com/xioajiumi/Chinese_Universities/blob/e088fddc329a6f0148ca72fd3b4d0fe069f13e3a/Chinese_Universities.json,community_dataset,2021,auto,2026-10-01
4152010663,贵州师范大学,institution.country,"""China""",https://github.com/damitheswitch/china-universities-dataset/blob/5eaa2a93f86ac322d53a36da9977d9a4c80f1f56/data/universities.json,community_dataset,2026,auto,2026-10-01
4152010663,贵州师范大学,resources.career_url,"""https://zjc.gznu.edu.cn:888/""",https://github.com/PotoYang/UniversityCareerWebPage/blob/0fbc54deee6a4a3aec67ffd77e41bccec898804e/README.md,community_dataset,2019-10-21,auto,2026-10-01
4152010664,遵义师范学院,identity.slug_aliases,"[""zunyi-normal-university""]",https://github.com/damitheswitch/china-universities-dataset/blob/5eaa2a93f86ac322d53a36da9977d9a4c80f1f56/data/universities.json,community_dataset,2026,auto,2026-10-01
4152010664,遵义师范学院,institution.school_type,"""师范""",https://github.com/xioajiumi/Chinese_Universities/blob/e088fddc329a6f0148ca72fd3b4d0fe069f13e3a/Chinese_Universities.json,community_dataset,2021,auto,2026-10-01
4152010664,遵义师范学院,institution.country,"""China""",https://github.com/damitheswitch/china-universities-dataset/blob/5eaa2a93f86ac322d53a36da9977d9a4c80f1f56/data/universities.json,community_dataset,2026,auto,2026-10-01
4152010665,铜仁学院,identity.slug_aliases,"[""tongren-university""]",https://github.com/damitheswitch/china-universities-dataset/blob/5eaa2a93f86ac322d53a36da9977d9a4c80f1f56/data/universities.json,community_dataset,2026,auto,2026-10-01
4152010665,铜仁学院,institution.school_type,"""综合""",https://github.com/xioajiumi/Chinese_Universities/blob/e088fddc329a6f0148ca72fd3b4d0fe069f13e3a/Chinese_Universities.json,community_dataset,2021,auto,2026-10-01
4152010665,铜仁学院,institution.country,"""China""",https://github.com/damitheswitch/china-universities-dataset/blob/5eaa2a93f86ac322d53a36da9977d9a4c80f1f56/data/universities.json,community_dataset,2026,auto,2026-10-01
4152010666,兴义民族师范学院,identity.slug_aliases,"[""xingyi-normal-university-for-nationalities""]",https://github.com/damitheswitch/china-universities-dataset/blob/5eaa2a93f86ac322d53a36da9977d9a4c80f1f56/data/universities.json,community_dataset,2026,auto,2026-10-01
4152010666,兴义民族师范学院,institution.school_type,"""师范""",https://github.com/xioajiumi/Chinese_Universities/blob/e088fddc329a6f0148ca72fd3b4d0fe069f13e3a/Chinese_Universities.json,community_dataset,2021,auto,2026-10-01
4152010666,兴义民族师范学院,institution.country,"""China""",https://github.com/damitheswitch/china-universities-dataset/blob/5eaa2a93f86ac322d53a36da9977d9a4c80f1f56/data/universities.json,community_dataset,2026,auto,2026-10-01
4152010667,安顺学院,identity.slug_aliases,"[""anshun-university""]",https://github.com/damitheswitch/china-universities-dataset/blob/5eaa2a93f86ac322d53a36da9977d9a4c80f1f56/data/universities.json,community_dataset,2026,auto,2026-10-01
4152010667,安顺学院,institution.school_type,"""综合""",https://github.com/xioajiumi/Chinese_Universities/blob/e088fddc329a6f0148ca72fd3b4d0fe069f13e3a/Chinese_Universities.json,community_dataset,2021,auto,2026-10-01
4152010667,安顺学院,institution.country,"""China""",https://github.com/damitheswitch/china-universities-dataset/blob/5eaa2a93f86ac322d53a36da9977d9a4c80f1f56/data/universities.json,community_dataset,2026,auto,2026-10-01
4152010668,贵州工程应用技术学院,identity.slug_aliases,"[""guizhou-university-of-engineering-science""]",https://github.com/damitheswitch/china-universities-dataset/blob/5eaa2a93f86ac322d53a36da9977d9a4c80f1f56/data/universities.json,community_dataset,2026,auto,2026-10-01
4152010668,贵州工程应用技术学院,institution.school_type,"""师范""",https://github.com/xioajiumi/Chinese_Universities/blob/e088fddc329a6f0148ca72fd3b4d0fe069f13e3a/Chinese_Universities.json,community_dataset,2021,auto,2026-10-01
4152010668,贵州工程应用技术学院,institution.country,"""China""",https://github.com/damitheswitch/china-universities-dataset/blob/5eaa2a93f86ac322d53a36da9977d9a4c80f1f56/data/universities.json,community_dataset,2026,auto,2026-10-01
4152010669,凯里学院,identity.slug_aliases,"[""kaili-university""]",https://github.com/damitheswitch/china-universities-dataset/blob/5eaa2a93f86ac322d53a36da9977d9a4c80f1f56/data/universities.json,community_dataset,2026,auto,2026-10-01
4152010669,凯里学院,institution.school_type,"""综合""",https://github.com/xioajiumi/Chinese_Universities/blob/e088fddc329a6f0148ca72fd3b4d0fe069f13e3a/Chinese_Universities.json,community_dataset,2021,auto,2026-10-01
4152010669,凯里学院,institution.country,"""China""",https://github.com/damitheswitch/china-universities-dataset/blob/5eaa2a93f86ac322d53a36da9977d9a4c80f1f56/data/universities.json,community_dataset,2026,auto,2026-10-01
4152010670,黔南民族师范学院,identity.slug_aliases,"[""qiannan-normal-college-for-nationalities""]",https://github.com/damitheswitch/china-universities-dataset/blob/5eaa2a93f86ac322d53a36da9977d9a4c80f1f56/data/universities.json,community_dataset,2026,auto,2026-10-01
4152010670,黔南民族师范学院,institution.school_type,"""师范""",https://github.com/xioajiumi/Chinese_Universities/blob/e088fddc329a6f0148ca72fd3b4d0fe069f13e3a/Chinese_Universities.json,community_dataset,2021,auto,2026-10-01
4152010670,黔南民族师范学院,institution.country,"""China""",https://github.com/damitheswitch/china-universities-dataset/blob/5eaa2a93f86ac322d53a36da9977d9a4c80f1f56/data/universities.json,community_dataset,2026,auto,2026-10-01
4152010976,贵阳学院,identity.slug_aliases,"[""guiyang-university""]",https://github.com/damitheswitch/china-universities-dataset/blob/5eaa2a93f86ac322d53a36da9977d9a4c80f1f56/data/universities.json,community_dataset,2026,auto,2026-10-01
4152010976,贵阳学院,institution.school_type,"""综合""",https://github.com/xioajiumi/Chinese_Universities/blob/e088fddc329a6f0148ca72fd3b4d0fe069f13e3a/Chinese_Universities.json,community_dataset,2021,auto,2026-10-01
4152010976,贵阳学院,institution.country,"""China""",https://github.com/damitheswitch/china-universities-dataset/blob/5eaa2a93f86ac322d53a36da9977d9a4c80f1f56/data/universities.json,community_dataset,2026,auto,2026-10-01
4152010977,六盘水师范学院,identity.slug_aliases,"[""liupanshui-normal-university""]",https://github.com/damitheswitch/china-universities-dataset/blob/5eaa2a93f86ac322d53a36da9977d9a4c80f1f56/data/universities.json,community_dataset,2026,auto,2026-10-01
4152010977,六盘水师范学院,institution.school_type,"""师范""",https://github.com/xioajiumi/Chinese_Universities/blob/e088fddc329a6f0148ca72fd3b4d0fe069f13e3a/Chinese_Universities.json,community_dataset,2021,auto,2026-10-01
4152010977,六盘水师范学院,institution.country,"""China""",https://github.com/damitheswitch/china-universities-dataset/blob/5eaa2a93f86ac322d53a36da9977d9a4c80f1f56/data/universities.json,community_dataset,2026,auto,2026-10-01
4152014223,贵州师范学院,identity.slug_aliases,"[""guizhou-normal-college""]",https://github.com/damitheswitch/china-universities-dataset/blob/5eaa2a93f86ac322d53a36da9977d9a4c80f1f56/data/universities.json,community_dataset,2026,auto,2026-10-01
4152014223,贵州师范学院,institution.school_type,"""师范""",https://github.com/xioajiumi/Chinese_Universities/blob/e088fddc329a6f0148ca72fd3b4d0fe069f13e3a/Chinese_Universities.json,community_dataset,2021,auto,2026-10-01
4152014223,贵州师范学院,institution.country,"""China""",https://github.com/damitheswitch/china-universities-dataset/blob/5eaa2a93f86ac322d53a36da9977d9a4c80f1f56/data/universities.json,community_dataset,2026,auto,2026-10-01
4152014440,贵州理工学院,identity.slug_aliases,"[""guizhou-institute-of-technology""]",https://github.com/damitheswitch/china-universities-dataset/blob/5eaa2a93f86ac322d53a36da9977d9a4c80f1f56/data/universities.json,community_dataset,2026,auto,2026-10-01
4152014440,贵州理工学院,institution.school_type,"""理工""",https://github.com/xioajiumi/Chinese_Universities/blob/e088fddc329a6f0148ca72fd3b4d0fe069f13e3a/Chinese_Universities.json,community_dataset,2021,auto,2026-10-01
4152014440,贵州理工学院,institution.country,"""China""",https://github.com/damitheswitch/china-universities-dataset/blob/5eaa2a93f86ac322d53a36da9977d9a4c80f1f56/data/universities.json,community_dataset,2026,auto,2026-10-01
4121010140,辽宁大学,identity.short_name_zh,"""辽大""",https://github.com/Magicdover/China-Universities-2026/blob/419bdc7ce6956fc88c2b70b3979f170b6666f111/data/uni-211.js,community_dataset,2026-06-09,auto,2026-10-01
4121010140,辽宁大学,identity.short_name_en,"""LNU""",https://github.com/Magicdover/China-Universities-2026/blob/419bdc7ce6956fc88c2b70b3979f170b6666f111/data/uni-211.js,community_dataset,2026-06-09,auto,2026-10-01
4121010140,辽宁大学,identity.slug_aliases,"[""liaoning-university""]",https://github.com/damitheswitch/china-universities-dataset/blob/5eaa2a93f86ac322d53a36da9977d9a4c80f1f56/data/universities.json,community_dataset,2026,auto,2026-10-01
4121010140,辽宁大学,institution.school_type,"""综合""",https://github.com/xioajiumi/Chinese_Universities/blob/e088fddc329a6f0148ca72fd3b4d0fe069f13e3a/Chinese_Universities.json,community_dataset,2021,auto,2026-10-01
4121010140,辽宁大学,institution.country,"""China""",https://github.com/damitheswitch/china-universities-dataset/blob/5eaa2a93f86ac322d53a36da9977d9a4c80f1f56/data/universities.json,community_dataset,2026,auto,2026-10-01
4121010140,辽宁大学,institution.groups,"[""双一流"", ""211""]",https://github.com/damitheswitch/china-universities-dataset/blob/5eaa2a93f86ac322d53a36da9977d9a4c80f1f56/data/universities.json,community_dataset,2026,auto,2026-10-01
4121010140,辽宁大学,location.coordinates,"{""longitude"": 123.404, ""latitude"": 41.806, ""crs"": ""unspecified"", ""precision"": ""approximate"", ""location_kind"": ""community_map_point""}",https://github.com/Magicdover/China-Universities-2026/blob/419bdc7ce6956fc88c2b70b3979f170b6666f111/data/uni-211.js,community_dataset,2026-06-09,auto,2026-10-01
4121010140,辽宁大学,academics.double_first_class_disciplines,"[""应用经济学""]",https://github.com/Magicdover/China-Universities-2026/blob/419bdc7ce6956fc88c2b70b3979f170b6666f111/data/uni-211.js,community_dataset,2026-06-09,auto,2026-10-01
4121010140,辽宁大学,resources.career_url,"""http://job.lnu.edu.cn/""",https://github.com/PotoYang/UniversityCareerWebPage/blob/0fbc54deee6a4a3aec67ffd77e41bccec898804e/README.md,community_dataset,2019-10-21,auto,2026-10-01
4121010141,大连理工大学,identity.short_name_zh,"""大工""",https://github.com/Magicdover/China-Universities-2026/blob/419bdc7ce6956fc88c2b70b3979f170b6666f111/data/universities.js,community_dataset,2026-06-09,auto,2026-10-01
4121010141,大连理工大学,identity.short_name_en,"""DUT""",https://github.com/Magicdover/China-Universities-2026/blob/419bdc7ce6956fc88c2b70b3979f170b6666f111/data/universities.js,community_dataset,2026-06-09,auto,2026-10-01
4121010141,大连理工大学,identity.slug_aliases,"[""dalian-university-of-technology""]",https://github.com/damitheswitch/china-universities-dataset/blob/5eaa2a93f86ac322d53a36da9977d9a4c80f1f56/data/universities.json,community_dataset,2026,auto,2026-10-01
4121010141,大连理工大学,institution.school_type,"""理工""",https://github.com/xioajiumi/Chinese_Universities/blob/e088fddc329a6f0148ca72fd3b4d0fe069f13e3a/Chinese_Universities.json,community_dataset,2021,auto,2026-10-01
4121010141,大连理工大学,institution.country,"""China""",https://github.com/damitheswitch/china-universities-dataset/blob/5eaa2a93f86ac322d53a36da9977d9a4c80f1f56/data/universities.json,community_dataset,2026,auto,2026-10-01
4121010141,大连理工大学,institution.groups,"[""双一流"", ""985"", ""211""]",https://github.com/damitheswitch/china-universities-dataset/blob/5eaa2a93f86ac322d53a36da9977d9a4c80f1f56/data/universities.json,community_dataset,2026,auto,2026-10-01
4121010141,大连理工大学,location.coordinates,"{""longitude"": 121.526, ""latitude"": 38.882, ""crs"": ""unspecified"", ""precision"": ""approximate"", ""location_kind"": ""community_map_point""}",https://github.com/Magicdover/China-Universities-2026/blob/419bdc7ce6956fc88c2b70b3979f170b6666f111/data/universities.js,community_dataset,2026-06-09,auto,2026-10-01
4121010141,大连理工大学,academics.double_first_class_disciplines,"[""化学"", ""工程"", ""力学"", ""机械工程"", ""化学工程与技术""]",https://github.com/Magicdover/China-Universities-2026/blob/419bdc7ce6956fc88c2b70b3979f170b6666f111/data/universities.js,community_dataset,2026-06-09,auto,2026-10-01
4121010141,大连理工大学,resources.career_url,"""http://202.118.65.2/app/index.html""",https://github.com/PotoYang/UniversityCareerWebPage/blob/0fbc54deee6a4a3aec67ffd77e41bccec898804e/README.md,community_dataset,2019-10-21,auto,2026-10-01
4121010142,沈阳工业大学,identity.slug_aliases,"[""shenyang-university-of-technology""]",https://github.com/damitheswitch/china-universities-dataset/blob/5eaa2a93f86ac322d53a36da9977d9a4c80f1f56/data/universities.json,community_dataset,2026,auto,2026-10-01
4121010142,沈阳工业大学,institution.school_type,"""理工""",https://github.com/xioajiumi/Chinese_Universities/blob/e088fddc329a6f0148ca72fd3b4d0fe069f13e3a/Chinese_Universities.json,community_dataset,2021,auto,2026-10-01
4121010142,沈阳工业大学,institution.country,"""China""",https://github.com/damitheswitch/china-universities-dataset/blob/5eaa2a93f86ac322d53a36da9977d9a4c80f1f56/data/universities.json,community_dataset,2026,auto,2026-10-01
4121010143,沈阳航空航天大学,identity.slug_aliases,"[""shenyang-aerospace-university""]",https://github.com/damitheswitch/china-universities-dataset/blob/5eaa2a93f86ac322d53a36da9977d9a4c80f1f56/data/universities.json,community_dataset,2026,auto,2026-10-01
4121010143,沈阳航空航天大学,institution.school_type,"""理工""",https://github.com/xioajiumi/Chinese_Universities/blob/e088fddc329a6f0148ca72fd3b4d0fe069f13e3a/Chinese_Universities.json,community_dataset,2021,auto,2026-10-01
4121010143,沈阳航空航天大学,institution.country,"""China""",https://github.com/damitheswitch/china-universities-dataset/blob/5eaa2a93f86ac322d53a36da9977d9a4c80f1f56/data/universities.json,community_dataset,2026,auto,2026-10-01
4121010144,沈阳理工大学,identity.slug_aliases,"[""shenyang-ligong-university""]",https://github.com/damitheswitch/china-universities-dataset/blob/5eaa2a93f86ac322d53a36da9977d9a4c80f1f56/data/universities.json,community_dataset,2026,auto,2026-10-01
4121010144,沈阳理工大学,institution.school_type,"""理工""",https://github.com/xioajiumi/Chinese_Universities/blob/e088fddc329a6f0148ca72fd3b4d0fe069f13e3a/Chinese_Universities.json,community_dataset,2021,auto,2026-10-01
4121010144,沈阳理工大学,institution.country,"""China""",https://github.com/damitheswitch/china-universities-dataset/blob/5eaa2a93f86ac322d53a36da9977d9a4c80f1f56/data/universities.json,community_dataset,2026,auto,2026-10-01
4121010144,沈阳理工大学,resources.career_url,"""http://zsjy.sylu.edu.cn/plus/list.php?tid=6""",https://github.com/PotoYang/UniversityCareerWebPage/blob/0fbc54deee6a4a3aec67ffd77e41bccec898804e/README.md,community_dataset,2019-10-21,auto,2026-10-01
4121010145,东北大学,identity.short_name_zh,"""东大""",https://github.com/Magicdover/China-Universities-2026/blob/419bdc7ce6956fc88c2b70b3979f170b6666f111/data/universities.js,community_dataset,2026-06-09,auto,2026-10-01
4121010145,东北大学,identity.short_name_en,"""NEU""",https://github.com/Magicdover/China-Universities-2026/blob/419bdc7ce6956fc88c2b70b3979f170b6666f111/data/universities.js,community_dataset,2026-06-09,auto,2026-10-01
4121010145,东北大学,identity.slug_aliases,"[""northeastern-university""]",https://github.com/damitheswitch/china-universities-dataset/blob/5eaa2a93f86ac322d53a36da9977d9a4c80f1f56/data/universities.json,community_dataset,2026,auto,2026-10-01
4121010145,东北大学,institution.school_type,"""理工""",https://github.com/xioajiumi/Chinese_Universities/blob/e088fddc329a6f0148ca72fd3b4d0fe069f13e3a/Chinese_Universities.json,community_dataset,2021,auto,2026-10-01
4121010145,东北大学,institution.country,"""China""",https://github.com/damitheswitch/china-universities-dataset/blob/5eaa2a93f86ac322d53a36da9977d9a4c80f1f56/data/universities.json,community_dataset,2026,auto,2026-10-01
4121010145,东北大学,institution.groups,"[""双一流"", ""985"", ""211""]",https://github.com/damitheswitch/china-universities-dataset/blob/5eaa2a93f86ac322d53a36da9977d9a4c80f1f56/data/universities.json,community_dataset,2026,auto,2026-10-01
4121010145,东北大学,location.coordinates,"{""longitude"": 123.43, ""latitude"": 41.766, ""crs"": ""unspecified"", ""precision"": ""approximate"", ""location_kind"": ""community_map_point""}",https://github.com/Magicdover/China-Universities-2026/blob/419bdc7ce6956fc88c2b70b3979f170b6666f111/data/universities.js,community_dataset,2026-06-09,auto,2026-10-01
4121010145,东北大学,academics.double_first_class_disciplines,"[""控制科学与工程"", ""冶金工程"", ""材料科学与工程"", ""计算机科学与技术""]",https://github.com/Magicdover/China-Universities-2026/blob/419bdc7ce6956fc88c2b70b3979f170b6666f111/data/universities.js,community_dataset,2026-06-09,auto,2026-10-01
4121010145,东北大学,resources.career_url,"""http://job.neu.edu.cn/""",https://github.com/PotoYang/UniversityCareerWebPage/blob/0fbc54deee6a4a3aec67ffd77e41bccec898804e/README.md,community_dataset,2019-10-21,auto,2026-10-01
4121010146,辽宁科技大学,identity.slug_aliases,"[""university-of-science-and-technology-liaoning""]",https://github.com/damitheswitch/china-universities-dataset/blob/5eaa2a93f86ac322d53a36da9977d9a4c80f1f56/data/universities.json,community_dataset,2026,auto,2026-10-01
4121010146,辽宁科技大学,institution.school_type,"""理工""",https://github.com/xioajiumi/Chinese_Universities/blob/e088fddc329a6f0148ca72fd3b4d0fe069f13e3a/Chinese_Universities.json,community_dataset,2021,auto,2026-10-01
4121010146,辽宁科技大学,institution.country,"""China""",https://github.com/damitheswitch/china-universities-dataset/blob/5eaa2a93f86ac322d53a36da9977d9a4c80f1f56/data/universities.json,community_dataset,2026,auto,2026-10-01
4121010147,辽宁工程技术大学,identity.slug_aliases,"[""liaoning-technical-university""]",https://github.com/damitheswitch/china-universities-dataset/blob/5eaa2a93f86ac322d53a36da9977d9a4c80f1f56/data/universities.json,community_dataset,2026,auto,2026-10-01
4121010147,辽宁工程技术大学,institution.school_type,"""理工""",https://github.com/xioajiumi/Chinese_Universities/blob/e088fddc329a6f0148ca72fd3b4d0fe069f13e3a/Chinese_Universities.json,community_dataset,2021,auto,2026-10-01
4121010147,辽宁工程技术大学,institution.country,"""China""",https://github.com/damitheswitch/china-universities-dataset/blob/5eaa2a93f86ac322d53a36da9977d9a4c80f1f56/data/universities.json,community_dataset,2026,auto,2026-10-01
4121010148,辽宁石油化工大学,identity.slug_aliases,"[""liaoning-shihua-university""]",https://github.com/damitheswitch/china-universities-dataset/blob/5eaa2a93f86ac322d53a36da9977d9a4c80f1f56/data/universities.json,community_dataset,2026,auto,2026-10-01
4121010148,辽宁石油化工大学,institution.school_type,"""理工""",https://github.com/xioajiumi/Chinese_Universities/blob/e088fddc329a6f0148ca72fd3b4d0fe069f13e3a/Chinese_Universities.json,community_dataset,2021,auto,2026-10-01
4121010148,辽宁石油化工大学,institution.country,"""China""",https://github.com/damitheswitch/china-universities-dataset/blob/5eaa2a93f86ac322d53a36da9977d9a4c80f1f56/data/universities.json,community_dataset,2026,auto,2026-10-01
4121010149,沈阳化工大学,identity.slug_aliases,"[""shenyang-university-of-chemical-technology""]",https://github.com/damitheswitch/china-universities-dataset/blob/5eaa2a93f86ac322d53a36da9977d9a4c80f1f56/data/universities.json,community_dataset,2026,auto,2026-10-01
4121010149,沈阳化工大学,institution.school_type,"""理工""",https://github.com/xioajiumi/Chinese_Universities/blob/e088fddc329a6f0148ca72fd3b4d0fe069f13e3a/Chinese_Universities.json,community_dataset,2021,auto,2026-10-01
4121010149,沈阳化工大学,institution.country,"""China""",https://github.com/damitheswitch/china-universities-dataset/blob/5eaa2a93f86ac322d53a36da9977d9a4c80f1f56/data/universities.json,community_dataset,2026,auto,2026-10-01
4121010150,大连交通大学,identity.slug_aliases,"[""dalian-jiaotong-university""]",https://github.com/damitheswitch/china-universities-dataset/blob/5eaa2a93f86ac322d53a36da9977d9a4c80f1f56/data/universities.json,community_dataset,2026,auto,2026-10-01
4121010150,大连交通大学,institution.school_type,"""理工""",https://github.com/xioajiumi/Chinese_Universities/blob/e088fddc329a6f0148ca72fd3b4d0fe069f13e3a/Chinese_Universities.json,community_dataset,2021,auto,2026-10-01
4121010150,大连交通大学,institution.country,"""China""",https://github.com/damitheswitch/china-universities-dataset/blob/5eaa2a93f86ac322d53a36da9977d9a4c80f1f56/data/universities.json,community_dataset,2026,auto,2026-10-01
4121010151,大连海事大学,identity.short_name_zh,"""海大(连)""",https://github.com/Magicdover/China-Universities-2026/blob/419bdc7ce6956fc88c2b70b3979f170b6666f111/data/uni-211.js,community_dataset,2026-06-09,auto,2026-10-01
4121010151,大连海事大学,identity.short_name_en,"""DMU""",https://github.com/Magicdover/China-Universities-2026/blob/419bdc7ce6956fc88c2b70b3979f170b6666f111/data/uni-211.js,community_dataset,2026-06-09,auto,2026-10-01
4121010151,大连海事大学,identity.slug_aliases,"[""dalian-maritime-university""]",https://github.com/damitheswitch/china-universities-dataset/blob/5eaa2a93f86ac322d53a36da9977d9a4c80f1f56/data/universities.json,community_dataset,2026,auto,2026-10-01
4121010151,大连海事大学,institution.school_type,"""理工""",https://github.com/xioajiumi/Chinese_Universities/blob/e088fddc329a6f0148ca72fd3b4d0fe069f13e3a/Chinese_Universities.json,community_dataset,2021,auto,2026-10-01
4121010151,大连海事大学,institution.country,"""China""",https://github.com/damitheswitch/china-universities-dataset/blob/5eaa2a93f86ac322d53a36da9977d9a4c80f1f56/data/universities.json,community_dataset,2026,auto,2026-10-01
4121010151,大连海事大学,institution.groups,"[""双一流"", ""211""]",https://github.com/damitheswitch/china-universities-dataset/blob/5eaa2a93f86ac322d53a36da9977d9a4c80f1f56/data/universities.json,community_dataset,2026,auto,2026-10-01
4121010151,大连海事大学,location.coordinates,"{""longitude"": 121.534, ""latitude"": 38.871, ""crs"": ""unspecified"", ""precision"": ""approximate"", ""location_kind"": ""community_map_point""}",https://github.com/Magicdover/China-Universities-2026/blob/419bdc7ce6956fc88c2b70b3979f170b6666f111/data/uni-211.js,community_dataset,2026-06-09,auto,2026-10-01
4121010151,大连海事大学,academics.double_first_class_disciplines,"[""交通运输工程""]",https://github.com/Magicdover/China-Universities-2026/blob/419bdc7ce6956fc88c2b70b3979f170b6666f111/data/uni-211.js,community_dataset,2026-06-09,auto,2026-10-01
4121010151,大连海事大学,resources.career_url,"""http://myjob.dlmu.edu.cn/portal/home.html""",https://github.com/PotoYang/UniversityCareerWebPage/blob/0fbc54deee6a4a3aec67ffd77e41bccec898804e/README.md,community_dataset,2019-10-21,auto,2026-10-01
4121010152,大连工业大学,identity.slug_aliases,"[""dalian-polytechnic-university""]",https://github.com/damitheswitch/china-universities-dataset/blob/5eaa2a93f86ac322d53a36da9977d9a4c80f1f56/data/universities.json,community_dataset,2026,auto,2026-10-01
4121010152,大连工业大学,institution.school_type,"""理工""",https://github.com/xioajiumi/Chinese_Universities/blob/e088fddc329a6f0148ca72fd3b4d0fe069f13e3a/Chinese_Universities.json,community_dataset,2021,auto,2026-10-01
4121010152,大连工业大学,institution.country,"""China""",https://github.com/damitheswitch/china-universities-dataset/blob/5eaa2a93f86ac322d53a36da9977d9a4c80f1f56/data/universities.json,community_dataset,2026,auto,2026-10-01
4121010153,沈阳建筑大学,identity.slug_aliases,"[""shenyang-jianzhu-university""]",https://github.com/damitheswitch/china-universities-dataset/blob/5eaa2a93f86ac322d53a36da9977d9a4c80f1f56/data/universities.json,community_dataset,2026,auto,2026-10-01
4121010153,沈阳建筑大学,institution.school_type,"""理工""",https://github.com/xioajiumi/Chinese_Universities/blob/e088fddc329a6f0148ca72fd3b4d0fe069f13e3a/Chinese_Universities.json,community_dataset,2021,auto,2026-10-01
4121010153,沈阳建筑大学,institution.country,"""China""",https://github.com/damitheswitch/china-universities-dataset/blob/5eaa2a93f86ac322d53a36da9977d9a4c80f1f56/data/universities.json,community_dataset,2026,auto,2026-10-01
4121010154,辽宁工业大学,identity.slug_aliases,"[""liaoning-university-of-technology""]",https://github.com/damitheswitch/china-universities-dataset/blob/5eaa2a93f86ac322d53a36da9977d9a4c80f1f56/data/universities.json,community_dataset,2026,auto,2026-10-01
4121010154,辽宁工业大学,institution.school_type,"""理工""",https://github.com/xioajiumi/Chinese_Universities/blob/e088fddc329a6f0148ca72fd3b4d0fe069f13e3a/Chinese_Universities.json,community_dataset,2021,auto,2026-10-01
4121010154,辽宁工业大学,institution.country,"""China""",https://github.com/damitheswitch/china-universities-dataset/blob/5eaa2a93f86ac322d53a36da9977d9a4c80f1f56/data/universities.json,community_dataset,2026,auto,2026-10-01
4121010157,沈阳农业大学,identity.slug_aliases,"[""shenyang-agricultural-university""]",https://github.com/damitheswitch/china-universities-dataset/blob/5eaa2a93f86ac322d53a36da9977d9a4c80f1f56/data/universities.json,community_dataset,2026,auto,2026-10-01
4121010157,沈阳农业大学,institution.school_type,"""农业""",https://github.com/xioajiumi/Chinese_Universities/blob/e088fddc329a6f0148ca72fd3b4d0fe069f13e3a/Chinese_Universities.json,community_dataset,2021,auto,2026-10-01
4121010157,沈阳农业大学,institution.country,"""China""",https://github.com/damitheswitch/china-universities-dataset/blob/5eaa2a93f86ac322d53a36da9977d9a4c80f1f56/data/universities.json,community_dataset,2026,auto,2026-10-01
4121010158,大连海洋大学,identity.slug_aliases,"[""dalian-ocean-university""]",https://github.com/damitheswitch/china-universities-dataset/blob/5eaa2a93f86ac322d53a36da9977d9a4c80f1f56/data/universities.json,community_dataset,2026,auto,2026-10-01
4121010158,大连海洋大学,institution.school_type,"""农业""",https://github.com/xioajiumi/Chinese_Universities/blob/e088fddc329a6f0148ca72fd3b4d0fe069f13e3a/Chinese_Universities.json,community_dataset,2021,auto,2026-10-01
4121010158,大连海洋大学,institution.country,"""China""",https://github.com/damitheswitch/china-universities-dataset/blob/5eaa2a93f86ac322d53a36da9977d9a4c80f1f56/data/universities.json,community_dataset,2026,auto,2026-10-01
4121010158,大连海洋大学,resources.career_url,"""http://job.dlou.edu.cn/""",https://github.com/PotoYang/UniversityCareerWebPage/blob/0fbc54deee6a4a3aec67ffd77e41bccec898804e/README.md,community_dataset,2019-10-21,auto,2026-10-01
4121010159,中国医科大学,identity.short_name_zh,"""中国医大""",https://github.com/Magicdover/China-Universities-2026/blob/419bdc7ce6956fc88c2b70b3979f170b6666f111/data/uni-extra2.js,community_dataset,2026-06-09,auto,2026-10-01
4121010159,中国医科大学,identity.short_name_en,"""CMU""",https://github.com/Magicdover/China-Universities-2026/blob/419bdc7ce6956fc88c2b70b3979f170b6666f111/data/uni-extra2.js,community_dataset,2026-06-09,auto,2026-10-01
4121010159,中国医科大学,institution.school_type,"""医药""",https://github.com/Magicdover/China-Universities-2026/blob/419bdc7ce6956fc88c2b70b3979f170b6666f111/data/uni-extra2.js,community_dataset,2026-06-09,auto,2026-10-01
4121010159,中国医科大学,location.coordinates,"{""longitude"": 123.421, ""latitude"": 41.771, ""crs"": ""unspecified"", ""precision"": ""approximate"", ""location_kind"": ""community_map_point""}",https://github.com/Magicdover/China-Universities-2026/blob/419bdc7ce6956fc88c2b70b3979f170b6666f111/data/uni-extra2.js,community_dataset,2026-06-09,auto,2026-10-01
4121010159,中国医科大学,resources.career_url,"""http://jy.cmu.edu.cn/""",https://github.com/PotoYang/UniversityCareerWebPage/blob/0fbc54deee6a4a3aec67ffd77e41bccec898804e/README.md,community_dataset,2019-10-21,auto,2026-10-01
4121010161,大连医科大学,resources.career_url,"""http://dmu.bysjy.com.cn/""",https://github.com/PotoYang/UniversityCareerWebPage/blob/0fbc54deee6a4a3aec67ffd77e41bccec898804e/README.md,community_dataset,2019-10-21,auto,2026-10-01
4121010164,沈阳医学院,resources.career_url,"""http://symc.bysjy.com.cn/""",https://github.com/PotoYang/UniversityCareerWebPage/blob/0fbc54deee6a4a3aec67ffd77e41bccec898804e/README.md,community_dataset,2019-10-21,auto,2026-10-01
4121010165,辽宁师范大学,identity.slug_aliases,"[""liaoning-normal-university""]",https://github.com/damitheswitch/china-universities-dataset/blob/5eaa2a93f86ac322d53a36da9977d9a4c80f1f56/data/universities.json,community_dataset,2026,auto,2026-10-01
4121010165,辽宁师范大学,institution.school_type,"""师范""",https://github.com/xioajiumi/Chinese_Universities/blob/e088fddc329a6f0148ca72fd3b4d0fe069f13e3a/Chinese_Universities.json,community_dataset,2021,auto,2026-10-01
4121010165,辽宁师范大学,institution.country,"""China""",https://github.com/damitheswitch/china-universities-dataset/blob/5eaa2a93f86ac322d53a36da9977d9a4c80f1f56/data/universities.json,community_dataset,2026,auto,2026-10-01
4121010166,沈阳师范大学,identity.slug_aliases,"[""shenyang-normal-university""]",https://github.com/damitheswitch/china-universities-dataset/blob/5eaa2a93f86ac322d53a36da9977d9a4c80f1f56/data/universities.json,community_dataset,2026,auto,2026-10-01
4121010166,沈阳师范大学,institution.school_type,"""师范""",https://github.com/xioajiumi/Chinese_Universities/blob/e088fddc329a6f0148ca72fd3b4d0fe069f13e3a/Chinese_Universities.json,community_dataset,2021,auto,2026-10-01
4121010166,沈阳师范大学,institution.country,"""China""",https://github.com/damitheswitch/china-universities-dataset/blob/5eaa2a93f86ac322d53a36da9977d9a4c80f1f56/data/universities.json,community_dataset,2026,auto,2026-10-01
4121010167,渤海大学,identity.slug_aliases,"[""bohai-university""]",https://github.com/damitheswitch/china-universities-dataset/blob/5eaa2a93f86ac322d53a36da9977d9a4c80f1f56/data/universities.json,community_dataset,2026,auto,2026-10-01
4121010167,渤海大学,institution.school_type,"""综合""",https://github.com/xioajiumi/Chinese_Universities/blob/e088fddc329a6f0148ca72fd3b4d0fe069f13e3a/Chinese_Universities.json,community_dataset,2021,auto,2026-10-01
4121010167,渤海大学,institution.country,"""China""",https://github.com/damitheswitch/china-universities-dataset/blob/5eaa2a93f86ac322d53a36da9977d9a4c80f1f56/data/universities.json,community_dataset,2026,auto,2026-10-01
4121010169,鞍山师范学院,identity.slug_aliases,"[""anshan-normal-university-liaoning-china""]",https://github.com/damitheswitch/china-universities-dataset/blob/5eaa2a93f86ac322d53a36da9977d9a4c80f1f56/data/universities.json,community_dataset,2026,auto,2026-10-01
4121010169,鞍山师范学院,institution.school_type,"""师范""",https://github.com/xioajiumi/Chinese_Universities/blob/e088fddc329a6f0148ca72fd3b4d0fe069f13e3a/Chinese_Universities.json,community_dataset,2021,auto,2026-10-01
4121010169,鞍山师范学院,institution.country,"""China""",https://github.com/damitheswitch/china-universities-dataset/blob/5eaa2a93f86ac322d53a36da9977d9a4c80f1f56/data/universities.json,community_dataset,2026,auto,2026-10-01
4121010173,东北财经大学,identity.short_name_zh,"""东北财""",https://github.com/Magicdover/China-Universities-2026/blob/419bdc7ce6956fc88c2b70b3979f170b6666f111/data/uni-special.js,community_dataset,2026-06-09,auto,2026-10-01
4121010173,东北财经大学,identity.short_name_en,"""DUFE""",https://github.com/Magicdover/China-Universities-2026/blob/419bdc7ce6956fc88c2b70b3979f170b6666f111/data/uni-special.js,community_dataset,2026-06-09,auto,2026-10-01
4121010173,东北财经大学,institution.school_type,"""财经""",https://github.com/Magicdover/China-Universities-2026/blob/419bdc7ce6956fc88c2b70b3979f170b6666f111/data/uni-special.js,community_dataset,2026-06-09,auto,2026-10-01
4121010173,东北财经大学,location.coordinates,"{""longitude"": 121.553, ""latitude"": 38.889, ""crs"": ""unspecified"", ""precision"": ""approximate"", ""location_kind"": ""community_map_point""}",https://github.com/Magicdover/China-Universities-2026/blob/419bdc7ce6956fc88c2b70b3979f170b6666f111/data/uni-special.js,community_dataset,2026-06-09,auto,2026-10-01
4121010173,东北财经大学,academics.double_first_class_disciplines,"[""应用经济学（自定）""]",https://github.com/Magicdover/China-Universities-2026/blob/419bdc7ce6956fc88c2b70b3979f170b6666f111/data/uni-special.js,community_dataset,2026-06-09,auto,2026-10-01
4121010177,沈阳音乐学院,identity.short_name_zh,"""沈音""",https://github.com/Magicdover/China-Universities-2026/blob/419bdc7ce6956fc88c2b70b3979f170b6666f111/data/uni-extra2.js,community_dataset,2026-06-09,auto,2026-10-01
4121010177,沈阳音乐学院,identity.short_name_en,"""SYCM""",https://github.com/Magicdover/China-Universities-2026/blob/419bdc7ce6956fc88c2b70b3979f170b6666f111/data/uni-extra2.js,community_dataset,2026-06-09,auto,2026-10-01
4121010177,沈阳音乐学院,institution.school_type,"""艺术""",https://github.com/Magicdover/China-Universities-2026/blob/419bdc7ce6956fc88c2b70b3979f170b6666f111/data/uni-extra2.js,community_dataset,2026-06-09,auto,2026-10-01
4121010177,沈阳音乐学院,location.coordinates,"{""longitude"": 123.431, ""latitude"": 41.792, ""crs"": ""unspecified"", ""precision"": ""approximate"", ""location_kind"": ""community_map_point""}",https://github.com/Magicdover/China-Universities-2026/blob/419bdc7ce6956fc88c2b70b3979f170b6666f111/data/uni-extra2.js,community_dataset,2026-06-09,auto,2026-10-01
4121011035,沈阳大学,identity.slug_aliases,"[""shenyang-university""]",https://github.com/damitheswitch/china-universities-dataset/blob/5eaa2a93f86ac322d53a36da9977d9a4c80f1f56/data/universities.json,community_dataset,2026,auto,2026-10-01
4121011035,沈阳大学,institution.school_type,"""综合""",https://github.com/xioajiumi/Chinese_Universities/blob/e088fddc329a6f0148ca72fd3b4d0fe069f13e3a/Chinese_Universities.json,community_dataset,2021,auto,2026-10-01
4121011035,沈阳大学,institution.country,"""China""",https://github.com/damitheswitch/china-universities-dataset/blob/5eaa2a93f86ac322d53a36da9977d9a4c80f1f56/data/universities.json,community_dataset,2026,auto,2026-10-01
4121011258,大连大学,identity.slug_aliases,"[""dalian-university""]",https://github.com/damitheswitch/china-universities-dataset/blob/5eaa2a93f86ac322d53a36da9977d9a4c80f1f56/data/universities.json,community_dataset,2026,auto,2026-10-01
4121011258,大连大学,institution.school_type,"""综合""",https://github.com/xioajiumi/Chinese_Universities/blob/e088fddc329a6f0148ca72fd3b4d0fe069f13e3a/Chinese_Universities.json,community_dataset,2021,auto,2026-10-01
4121011258,大连大学,institution.country,"""China""",https://github.com/damitheswitch/china-universities-dataset/blob/5eaa2a93f86ac322d53a36da9977d9a4c80f1f56/data/universities.json,community_dataset,2026,auto,2026-10-01
4121011258,大连大学,resources.career_url,"""http://career.dlu.edu.cn/""",https://github.com/PotoYang/UniversityCareerWebPage/blob/0fbc54deee6a4a3aec67ffd77e41bccec898804e/README.md,community_dataset,2019-10-21,auto,2026-10-01
4121011430,辽宁科技学院,identity.slug_aliases,"[""liaoning-institute-of-science-and-technology""]",https://github.com/damitheswitch/china-universities-dataset/blob/5eaa2a93f86ac322d53a36da9977d9a4c80f1f56/data/universities.json,community_dataset,2026,auto,2026-10-01
4121011430,辽宁科技学院,institution.school_type,"""理工""",https://github.com/xioajiumi/Chinese_Universities/blob/e088fddc329a6f0148ca72fd3b4d0fe069f13e3a/Chinese_Universities.json,community_dataset,2021,auto,2026-10-01
4121011430,辽宁科技学院,institution.country,"""China""",https://github.com/damitheswitch/china-universities-dataset/blob/5eaa2a93f86ac322d53a36da9977d9a4c80f1f56/data/universities.json,community_dataset,2026,auto,2026-10-01
4121011632,沈阳工程学院,identity.slug_aliases,"[""shenyang-institute-of-engineering""]",https://github.com/damitheswitch/china-universities-dataset/blob/5eaa2a93f86ac322d53a36da9977d9a4c80f1f56/data/universities.json,community_dataset,2026,auto,2026-10-01
4121011632,沈阳工程学院,institution.school_type,"""理工""",https://github.com/xioajiumi/Chinese_Universities/blob/e088fddc329a6f0148ca72fd3b4d0fe069f13e3a/Chinese_Universities.json,community_dataset,2021,auto,2026-10-01
4121011632,沈阳工程学院,institution.country,"""China""",https://github.com/damitheswitch/china-universities-dataset/blob/5eaa2a93f86ac322d53a36da9977d9a4c80f1f56/data/universities.json,community_dataset,2026,auto,2026-10-01
4121011779,辽东学院,identity.slug_aliases,"[""eastern-liaoning-university""]",https://github.com/damitheswitch/china-universities-dataset/blob/5eaa2a93f86ac322d53a36da9977d9a4c80f1f56/data/universities.json,community_dataset,2026,auto,2026-10-01
4121011779,辽东学院,institution.school_type,"""综合""",https://github.com/xioajiumi/Chinese_Universities/blob/e088fddc329a6f0148ca72fd3b4d0fe069f13e3a/Chinese_Universities.json,community_dataset,2021,auto,2026-10-01
4121011779,辽东学院,institution.country,"""China""",https://github.com/damitheswitch/china-universities-dataset/blob/5eaa2a93f86ac322d53a36da9977d9a4c80f1f56/data/universities.json,community_dataset,2026,auto,2026-10-01
4121014435,营口理工学院,identity.slug_aliases,"[""yingkou-institute-of-technology""]",https://github.com/damitheswitch/china-universities-dataset/blob/5eaa2a93f86ac322d53a36da9977d9a4c80f1f56/data/universities.json,community_dataset,2026,auto,2026-10-01
4121014435,营口理工学院,institution.school_type,"""理工""",https://github.com/xioajiumi/Chinese_Universities/blob/e088fddc329a6f0148ca72fd3b4d0fe069f13e3a/Chinese_Universities.json,community_dataset,2021,auto,2026-10-01
4121014435,营口理工学院,institution.country,"""China""",https://github.com/damitheswitch/china-universities-dataset/blob/5eaa2a93f86ac322d53a36da9977d9a4c80f1f56/data/universities.json,community_dataset,2026,auto,2026-10-01
4150010611,重庆大学,identity.short_name_zh,"""重大""",https://github.com/Magicdover/China-Universities-2026/blob/419bdc7ce6956fc88c2b70b3979f170b6666f111/data/universities.js,community_dataset,2026-06-09,auto,2026-10-01
4150010611,重庆大学,identity.short_name_en,"""CQU""",https://github.com/Magicdover/China-Universities-2026/blob/419bdc7ce6956fc88c2b70b3979f170b6666f111/data/universities.js,community_dataset,2026-06-09,auto,2026-10-01
4150010611,重庆大学,identity.slug_aliases,"[""chongqing-university""]",https://github.com/damitheswitch/china-universities-dataset/blob/5eaa2a93f86ac322d53a36da9977d9a4c80f1f56/data/universities.json,community_dataset,2026,auto,2026-10-01
4150010611,重庆大学,institution.school_type,"""综合""",https://github.com/xioajiumi/Chinese_Universities/blob/e088fddc329a6f0148ca72fd3b4d0fe069f13e3a/Chinese_Universities.json,community_dataset,2021,auto,2026-10-01
4150010611,重庆大学,institution.country,"""China""",https://github.com/damitheswitch/china-universities-dataset/blob/5eaa2a93f86ac322d53a36da9977d9a4c80f1f56/data/universities.json,community_dataset,2026,auto,2026-10-01
4150010611,重庆大学,institution.groups,"[""双一流"", ""985"", ""211""]",https://github.com/damitheswitch/china-universities-dataset/blob/5eaa2a93f86ac322d53a36da9977d9a4c80f1f56/data/universities.json,community_dataset,2026,auto,2026-10-01
4150010611,重庆大学,location.coordinates,"{""longitude"": 106.46, ""latitude"": 29.566, ""crs"": ""unspecified"", ""precision"": ""approximate"", ""location_kind"": ""community_map_point""}",https://github.com/Magicdover/China-Universities-2026/blob/419bdc7ce6956fc88c2b70b3979f170b6666f111/data/universities.js,community_dataset,2026-06-09,auto,2026-10-01
4150010611,重庆大学,academics.double_first_class_disciplines,"[""机械工程"", ""电气工程"", ""土木工程"", ""仪器科学与技术""]",https://github.com/Magicdover/China-Universities-2026/blob/419bdc7ce6956fc88c2b70b3979f170b6666f111/data/universities.js,community_dataset,2026-06-09,auto,2026-10-01
4150010611,重庆大学,resources.career_url,"""http://www.job.cqu.edu.cn/""",https://github.com/PotoYang/UniversityCareerWebPage/blob/0fbc54deee6a4a3aec67ffd77e41bccec898804e/README.md,community_dataset,2019-10-21,auto,2026-10-01
4150010617,重庆邮电大学,identity.short_name_zh,"""重邮""",https://github.com/Magicdover/China-Universities-2026/blob/419bdc7ce6956fc88c2b70b3979f170b6666f111/data/uni-extra2.js,community_dataset,2026-06-09,auto,2026-10-01
4150010617,重庆邮电大学,identity.short_name_en,"""CQUPT""",https://github.com/Magicdover/China-Universities-2026/blob/419bdc7ce6956fc88c2b70b3979f170b6666f111/data/uni-extra2.js,community_dataset,2026-06-09,auto,2026-10-01
4150010617,重庆邮电大学,identity.slug_aliases,"[""chongqing-university-of-posts-and-telecommunications""]",https://github.com/damitheswitch/china-universities-dataset/blob/5eaa2a93f86ac322d53a36da9977d9a4c80f1f56/data/universities.json,community_dataset,2026,auto,2026-10-01
4150010617,重庆邮电大学,institution.school_type,"""理工""",https://github.com/xioajiumi/Chinese_Universities/blob/e088fddc329a6f0148ca72fd3b4d0fe069f13e3a/Chinese_Universities.json,community_dataset,2021,auto,2026-10-01
4150010617,重庆邮电大学,institution.country,"""China""",https://github.com/damitheswitch/china-universities-dataset/blob/5eaa2a93f86ac322d53a36da9977d9a4c80f1f56/data/universities.json,community_dataset,2026,auto,2026-10-01
4150010617,重庆邮电大学,location.coordinates,"{""longitude"": 106.602, ""latitude"": 29.531, ""crs"": ""unspecified"", ""precision"": ""approximate"", ""location_kind"": ""community_map_point""}",https://github.com/Magicdover/China-Universities-2026/blob/419bdc7ce6956fc88c2b70b3979f170b6666f111/data/uni-extra2.js,community_dataset,2026-06-09,auto,2026-10-01
4150010617,重庆邮电大学,resources.career_url,"""http://job.cqupt.edu.cn/portal/home.html""",https://github.com/PotoYang/UniversityCareerWebPage/blob/0fbc54deee6a4a3aec67ffd77e41bccec898804e/README.md,community_dataset,2019-10-21,auto,2026-10-01
4150010618,重庆交通大学,identity.slug_aliases,"[""chongqing-jiaotong-university""]",https://github.com/damitheswitch/china-universities-dataset/blob/5eaa2a93f86ac322d53a36da9977d9a4c80f1f56/data/universities.json,community_dataset,2026,auto,2026-10-01
4150010618,重庆交通大学,institution.school_type,"""理工""",https://github.com/xioajiumi/Chinese_Universities/blob/e088fddc329a6f0148ca72fd3b4d0fe069f13e3a/Chinese_Universities.json,community_dataset,2021,auto,2026-10-01
4150010618,重庆交通大学,institution.country,"""China""",https://github.com/damitheswitch/china-universities-dataset/blob/5eaa2a93f86ac322d53a36da9977d9a4c80f1f56/data/universities.json,community_dataset,2026,auto,2026-10-01
4150010618,重庆交通大学,resources.career_url,"""http://zsjy.cqjtu.edu.cn/jyw/Default.aspx""",https://github.com/PotoYang/UniversityCareerWebPage/blob/0fbc54deee6a4a3aec67ffd77e41bccec898804e/README.md,community_dataset,2019-10-21,auto,2026-10-01
4150010631,重庆医科大学,identity.short_name_zh,"""重医""",https://github.com/Magicdover/China-Universities-2026/blob/419bdc7ce6956fc88c2b70b3979f170b6666f111/data/uni-extra2.js,community_dataset,2026-06-09,auto,2026-10-01
4150010631,重庆医科大学,identity.short_name_en,"""CQMU""",https://github.com/Magicdover/China-Universities-2026/blob/419bdc7ce6956fc88c2b70b3979f170b6666f111/data/uni-extra2.js,community_dataset,2026-06-09,auto,2026-10-01
4150010631,重庆医科大学,institution.school_type,"""医药""",https://github.com/Magicdover/China-Universities-2026/blob/419bdc7ce6956fc88c2b70b3979f170b6666f111/data/uni-extra2.js,community_dataset,2026-06-09,auto,2026-10-01
4150010631,重庆医科大学,location.coordinates,"{""longitude"": 106.553, ""latitude"": 29.531, ""crs"": ""unspecified"", ""precision"": ""approximate"", ""location_kind"": ""community_map_point""}",https://github.com/Magicdover/China-Universities-2026/blob/419bdc7ce6956fc88c2b70b3979f170b6666f111/data/uni-extra2.js,community_dataset,2026-06-09,auto,2026-10-01
4150010631,重庆医科大学,resources.career_url,"""http://cqmu.bysjy.com.cn/""",https://github.com/PotoYang/UniversityCareerWebPage/blob/0fbc54deee6a4a3aec67ffd77e41bccec898804e/README.md,community_dataset,2019-10-21,auto,2026-10-01
4150010635,西南大学,identity.short_name_zh,"""西南大""",https://github.com/Magicdover/China-Universities-2026/blob/419bdc7ce6956fc88c2b70b3979f170b6666f111/data/uni-211.js,community_dataset,2026-06-09,auto,2026-10-01
4150010635,西南大学,identity.short_name_en,"""SWU""",https://github.com/Magicdover/China-Universities-2026/blob/419bdc7ce6956fc88c2b70b3979f170b6666f111/data/uni-211.js,community_dataset,2026-06-09,auto,2026-10-01
4150010635,西南大学,identity.slug_aliases,"[""southwest-university""]",https://github.com/damitheswitch/china-universities-dataset/blob/5eaa2a93f86ac322d53a36da9977d9a4c80f1f56/data/universities.json,community_dataset,2026,auto,2026-10-01
4150010635,西南大学,institution.school_type,"""综合""",https://github.com/xioajiumi/Chinese_Universities/blob/e088fddc329a6f0148ca72fd3b4d0fe069f13e3a/Chinese_Universities.json,community_dataset,2021,auto,2026-10-01
4150010635,西南大学,institution.country,"""China""",https://github.com/damitheswitch/china-universities-dataset/blob/5eaa2a93f86ac322d53a36da9977d9a4c80f1f56/data/universities.json,community_dataset,2026,auto,2026-10-01
4150010635,西南大学,institution.groups,"[""双一流"", ""211""]",https://github.com/damitheswitch/china-universities-dataset/blob/5eaa2a93f86ac322d53a36da9977d9a4c80f1f56/data/universities.json,community_dataset,2026,auto,2026-10-01
4150010635,西南大学,location.coordinates,"{""longitude"": 106.42, ""latitude"": 29.815, ""crs"": ""unspecified"", ""precision"": ""approximate"", ""location_kind"": ""community_map_point""}",https://github.com/Magicdover/China-Universities-2026/blob/419bdc7ce6956fc88c2b70b3979f170b6666f111/data/uni-211.js,community_dataset,2026-06-09,auto,2026-10-01
4150010635,西南大学,academics.double_first_class_disciplines,"[""生物学""]",https://github.com/Magicdover/China-Universities-2026/blob/419bdc7ce6956fc88c2b70b3979f170b6666f111/data/uni-211.js,community_dataset,2026-06-09,auto,2026-10-01
4150010635,西南大学,resources.career_url,"""http://bkjyw.swu.edu.cn/""",https://github.com/PotoYang/UniversityCareerWebPage/blob/0fbc54deee6a4a3aec67ffd77e41bccec898804e/README.md,community_dataset,2019-10-21,auto,2026-10-01
4150010637,重庆师范大学,identity.slug_aliases,"[""chongqing-normal-university""]",https://github.com/damitheswitch/china-universities-dataset/blob/5eaa2a93f86ac322d53a36da9977d9a4c80f1f56/data/universities.json,community_dataset,2026,auto,2026-10-01
4150010637,重庆师范大学,institution.school_type,"""师范""",https://github.com/xioajiumi/Chinese_Universities/blob/e088fddc329a6f0148ca72fd3b4d0fe069f13e3a/Chinese_Universities.json,community_dataset,2021,auto,2026-10-01
4150010637,重庆师范大学,institution.country,"""China""",https://github.com/damitheswitch/china-universities-dataset/blob/5eaa2a93f86ac322d53a36da9977d9a4c80f1f56/data/universities.json,community_dataset,2026,auto,2026-10-01
4150010637,重庆师范大学,resources.career_url,"""http://job.cqnu.edu.cn/eweb/jygl/index.so""",https://github.com/PotoYang/UniversityCareerWebPage/blob/0fbc54deee6a4a3aec67ffd77e41bccec898804e/README.md,community_dataset,2019-10-21,auto,2026-10-01
4150010642,重庆文理学院,identity.slug_aliases,"[""chongqing-university-of-arts-and-science""]",https://github.com/damitheswitch/china-universities-dataset/blob/5eaa2a93f86ac322d53a36da9977d9a4c80f1f56/data/universities.json,community_dataset,2026,auto,2026-10-01
4150010642,重庆文理学院,institution.school_type,"""综合""",https://github.com/xioajiumi/Chinese_Universities/blob/e088fddc329a6f0148ca72fd3b4d0fe069f13e3a/Chinese_Universities.json,community_dataset,2021,auto,2026-10-01
4150010642,重庆文理学院,institution.country,"""China""",https://github.com/damitheswitch/china-universities-dataset/blob/5eaa2a93f86ac322d53a36da9977d9a4c80f1f56/data/universities.json,community_dataset,2026,auto,2026-10-01
4150010647,长江师范学院,identity.slug_aliases,"[""yangtze-normal-university""]",https://github.com/damitheswitch/china-universities-dataset/blob/5eaa2a93f86ac322d53a36da9977d9a4c80f1f56/data/universities.json,community_dataset,2026,auto,2026-10-01
4150010647,长江师范学院,institution.school_type,"""师范""",https://github.com/xioajiumi/Chinese_Universities/blob/e088fddc329a6f0148ca72fd3b4d0fe069f13e3a/Chinese_Universities.json,community_dataset,2021,auto,2026-10-01
4150010647,长江师范学院,institution.country,"""China""",https://github.com/damitheswitch/china-universities-dataset/blob/5eaa2a93f86ac322d53a36da9977d9a4c80f1f56/data/universities.json,community_dataset,2026,auto,2026-10-01
4150010647,长江师范学院,resources.career_url,"""http://yznu.bysjy.com.cn/""",https://github.com/PotoYang/UniversityCareerWebPage/blob/0fbc54deee6a4a3aec67ffd77e41bccec898804e/README.md,community_dataset,2019-10-21,auto,2026-10-01
4150010650,四川外国语大学,resources.career_url,"""http://column.sisu.edu.cn/cwjyw/index.htm""",https://github.com/PotoYang/UniversityCareerWebPage/blob/0fbc54deee6a4a3aec67ffd77e41bccec898804e/README.md,community_dataset,2019-10-21,auto,2026-10-01
4150010652,西南政法大学,identity.short_name_zh,"""西政""",https://github.com/Magicdover/China-Universities-2026/blob/419bdc7ce6956fc88c2b70b3979f170b6666f111/data/uni-special.js,community_dataset,2026-06-09,auto,2026-10-01
4150010652,西南政法大学,identity.short_name_en,"""SWUPL""",https://github.com/Magicdover/China-Universities-2026/blob/419bdc7ce6956fc88c2b70b3979f170b6666f111/data/uni-special.js,community_dataset,2026-06-09,auto,2026-10-01
4150010652,西南政法大学,institution.school_type,"""政法""",https://github.com/Magicdover/China-Universities-2026/blob/419bdc7ce6956fc88c2b70b3979f170b6666f111/data/uni-special.js,community_dataset,2026-06-09,auto,2026-10-01
4150010652,西南政法大学,institution.groups,"[""政法五院""]",https://github.com/Magicdover/China-Universities-2026/blob/419bdc7ce6956fc88c2b70b3979f170b6666f111/data/uni-special.js,community_dataset,2026-06-09,auto,2026-10-01
4150010652,西南政法大学,location.coordinates,"{""longitude"": 106.304, ""latitude"": 29.62, ""crs"": ""unspecified"", ""precision"": ""approximate"", ""location_kind"": ""community_map_point""}",https://github.com/Magicdover/China-Universities-2026/blob/419bdc7ce6956fc88c2b70b3979f170b6666f111/data/uni-special.js,community_dataset,2026-06-09,auto,2026-10-01
4150010652,西南政法大学,resources.career_url,"""http://swupl.jysd.com/""",https://github.com/PotoYang/UniversityCareerWebPage/blob/0fbc54deee6a4a3aec67ffd77e41bccec898804e/README.md,community_dataset,2019-10-21,auto,2026-10-01
4150010655,四川美术学院,identity.short_name_zh,"""川美""",https://github.com/Magicdover/China-Universities-2026/blob/419bdc7ce6956fc88c2b70b3979f170b6666f111/data/uni-extra2.js,community_dataset,2026-06-09,auto,2026-10-01
4150010655,四川美术学院,identity.short_name_en,"""SCFAI""",https://github.com/Magicdover/China-Universities-2026/blob/419bdc7ce6956fc88c2b70b3979f170b6666f111/data/uni-extra2.js,community_dataset,2026-06-09,auto,2026-10-01
4150010655,四川美术学院,institution.school_type,"""艺术""",https://github.com/Magicdover/China-Universities-2026/blob/419bdc7ce6956fc88c2b70b3979f170b6666f111/data/uni-extra2.js,community_dataset,2026-06-09,auto,2026-10-01
4150010655,四川美术学院,location.coordinates,"{""longitude"": 106.482, ""latitude"": 29.503, ""crs"": ""unspecified"", ""precision"": ""approximate"", ""location_kind"": ""community_map_point""}",https://github.com/Magicdover/China-Universities-2026/blob/419bdc7ce6956fc88c2b70b3979f170b6666f111/data/uni-extra2.js,community_dataset,2026-06-09,auto,2026-10-01
4150010655,四川美术学院,resources.career_url,"""http://www.scfai.edu.cn/jy/dxsjy/xjhxx.htm""",https://github.com/PotoYang/UniversityCareerWebPage/blob/0fbc54deee6a4a3aec67ffd77e41bccec898804e/README.md,community_dataset,2019-10-21,auto,2026-10-01
4150011551,重庆科技大学,identity.slug_aliases,"[""chongqing-university-of-science-and-technology""]",https://github.com/damitheswitch/china-universities-dataset/blob/5eaa2a93f86ac322d53a36da9977d9a4c80f1f56/data/universities.json,community_dataset,2026,auto,2026-10-01
4150011551,重庆科技大学,institution.school_type,"""理工""",https://github.com/damitheswitch/china-universities-dataset/blob/5eaa2a93f86ac322d53a36da9977d9a4c80f1f56/data/universities.json,community_dataset,2026,auto,2026-10-01
4150011551,重庆科技大学,institution.country,"""China""",https://github.com/damitheswitch/china-universities-dataset/blob/5eaa2a93f86ac322d53a36da9977d9a4c80f1f56/data/universities.json,community_dataset,2026,auto,2026-10-01
4150011551,重庆科技大学,resources.career_url,"""http://cqust.bysjy.com.cn/""",https://github.com/PotoYang/UniversityCareerWebPage/blob/0fbc54deee6a4a3aec67ffd77e41bccec898804e/README.md,community_dataset,2019-10-21,auto,2026-10-01
4150011660,重庆理工大学,identity.slug_aliases,"[""chongqing-university-of-technology""]",https://github.com/damitheswitch/china-universities-dataset/blob/5eaa2a93f86ac322d53a36da9977d9a4c80f1f56/data/universities.json,community_dataset,2026,auto,2026-10-01
4150011660,重庆理工大学,institution.school_type,"""理工""",https://github.com/xioajiumi/Chinese_Universities/blob/e088fddc329a6f0148ca72fd3b4d0fe069f13e3a/Chinese_Universities.json,community_dataset,2021,auto,2026-10-01
4150011660,重庆理工大学,institution.country,"""China""",https://github.com/damitheswitch/china-universities-dataset/blob/5eaa2a93f86ac322d53a36da9977d9a4c80f1f56/data/universities.json,community_dataset,2026,auto,2026-10-01
4150011660,重庆理工大学,resources.career_url,"""http://jyxt.i.cqut.edu.cn/type_pr/00001010303.html""",https://github.com/PotoYang/UniversityCareerWebPage/blob/0fbc54deee6a4a3aec67ffd77e41bccec898804e/README.md,community_dataset,2019-10-21,auto,2026-10-01
4150011799,重庆工商大学,resources.career_url,"""https://www.ctbu.edu.cn/jobi/default.html#/index""",https://github.com/PotoYang/UniversityCareerWebPage/blob/0fbc54deee6a4a3aec67ffd77e41bccec898804e/README.md,community_dataset,2019-10-21,auto,2026-10-01
4150014388,重庆第二师范学院,identity.slug_aliases,"[""chongqing-university-of-education""]",https://github.com/damitheswitch/china-universities-dataset/blob/5eaa2a93f86ac322d53a36da9977d9a4c80f1f56/data/universities.json,community_dataset,2026,auto,2026-10-01
4150014388,重庆第二师范学院,institution.school_type,"""师范""",https://github.com/xioajiumi/Chinese_Universities/blob/e088fddc329a6f0148ca72fd3b4d0fe069f13e3a/Chinese_Universities.json,community_dataset,2021,auto,2026-10-01
4150014388,重庆第二师范学院,institution.country,"""China""",https://github.com/damitheswitch/china-universities-dataset/blob/5eaa2a93f86ac322d53a36da9977d9a4c80f1f56/data/universities.json,community_dataset,2026,auto,2026-10-01
4150014830,重庆中医药学院,identity.short_name_zh,"""渝中医""",https://github.com/Magicdover/China-Universities-2026/blob/419bdc7ce6956fc88c2b70b3979f170b6666f111/data/uni-extra2.js,community_dataset,2026-06-09,auto,2026-10-01
4150014830,重庆中医药学院,identity.short_name_en,"""CQCTCM""",https://github.com/Magicdover/China-Universities-2026/blob/419bdc7ce6956fc88c2b70b3979f170b6666f111/data/uni-extra2.js,community_dataset,2026-06-09,auto,2026-10-01
4150014830,重庆中医药学院,institution.school_type,"""医药""",https://github.com/Magicdover/China-Universities-2026/blob/419bdc7ce6956fc88c2b70b3979f170b6666f111/data/uni-extra2.js,community_dataset,2026-06-09,auto,2026-10-01
4150014830,重庆中医药学院,location.coordinates,"{""longitude"": 106.551, ""latitude"": 29.561, ""crs"": ""unspecified"", ""precision"": ""approximate"", ""location_kind"": ""community_map_point""}",https://github.com/Magicdover/China-Universities-2026/blob/419bdc7ce6956fc88c2b70b3979f170b6666f111/data/uni-extra2.js,community_dataset,2026-06-09,auto,2026-10-01
4161010697,西北大学,identity.short_name_zh,"""西大""",https://github.com/Magicdover/China-Universities-2026/blob/419bdc7ce6956fc88c2b70b3979f170b6666f111/data/uni-211.js,community_dataset,2026-06-09,auto,2026-10-01
4161010697,西北大学,identity.short_name_en,"""NWU""",https://github.com/Magicdover/China-Universities-2026/blob/419bdc7ce6956fc88c2b70b3979f170b6666f111/data/uni-211.js,community_dataset,2026-06-09,auto,2026-10-01
4161010697,西北大学,identity.slug_aliases,"[""northwest-university""]",https://github.com/damitheswitch/china-universities-dataset/blob/5eaa2a93f86ac322d53a36da9977d9a4c80f1f56/data/universities.json,community_dataset,2026,auto,2026-10-01
4161010697,西北大学,institution.school_type,"""综合""",https://github.com/xioajiumi/Chinese_Universities/blob/e088fddc329a6f0148ca72fd3b4d0fe069f13e3a/Chinese_Universities.json,community_dataset,2021,auto,2026-10-01
4161010697,西北大学,institution.country,"""China""",https://github.com/damitheswitch/china-universities-dataset/blob/5eaa2a93f86ac322d53a36da9977d9a4c80f1f56/data/universities.json,community_dataset,2026,auto,2026-10-01
4161010697,西北大学,institution.groups,"[""双一流"", ""211""]",https://github.com/damitheswitch/china-universities-dataset/blob/5eaa2a93f86ac322d53a36da9977d9a4c80f1f56/data/universities.json,community_dataset,2026,auto,2026-10-01
4161010697,西北大学,location.coordinates,"{""longitude"": 108.939, ""latitude"": 34.157, ""crs"": ""unspecified"", ""precision"": ""approximate"", ""location_kind"": ""community_map_point""}",https://github.com/Magicdover/China-Universities-2026/blob/419bdc7ce6956fc88c2b70b3979f170b6666f111/data/uni-211.js,community_dataset,2026-06-09,auto,2026-10-01
4161010697,西北大学,academics.double_first_class_disciplines,"[""考古学"", ""地质学""]",https://github.com/Magicdover/China-Universities-2026/blob/419bdc7ce6956fc88c2b70b3979f170b6666f111/data/uni-211.js,community_dataset,2026-06-09,auto,2026-10-01
4161010697,西北大学,resources.career_url,"""http://jiuye.nwu.edu.cn/website/index.aspx""",https://github.com/PotoYang/UniversityCareerWebPage/blob/0fbc54deee6a4a3aec67ffd77e41bccec898804e/README.md,community_dataset,2019-10-21,auto,2026-10-01
4161010698,西安交通大学,identity.short_name_zh,"""西交""",https://github.com/Magicdover/China-Universities-2026/blob/419bdc7ce6956fc88c2b70b3979f170b6666f111/data/universities.js,community_dataset,2026-06-09,auto,2026-10-01
4161010698,西安交通大学,identity.short_name_en,"""XJTU""",https://github.com/Magicdover/China-Universities-2026/blob/419bdc7ce6956fc88c2b70b3979f170b6666f111/data/universities.js,community_dataset,2026-06-09,auto,2026-10-01
4161010698,西安交通大学,identity.slug_aliases,"[""xian-jiaotong-university""]",https://github.com/damitheswitch/china-universities-dataset/blob/5eaa2a93f86ac322d53a36da9977d9a4c80f1f56/data/universities.json,community_dataset,2026,auto,2026-10-01
4161010698,西安交通大学,institution.school_type,"""综合""",https://github.com/xioajiumi/Chinese_Universities/blob/e088fddc329a6f0148ca72fd3b4d0fe069f13e3a/Chinese_Universities.json,community_dataset,2021,auto,2026-10-01
4161010698,西安交通大学,institution.country,"""China""",https://github.com/damitheswitch/china-universities-dataset/blob/5eaa2a93f86ac322d53a36da9977d9a4c80f1f56/data/universities.json,community_dataset,2026,auto,2026-10-01
4161010698,西安交通大学,institution.groups,"[""双一流"", ""985"", ""211""]",https://github.com/damitheswitch/china-universities-dataset/blob/5eaa2a93f86ac322d53a36da9977d9a4c80f1f56/data/universities.json,community_dataset,2026,auto,2026-10-01
4161010698,西安交通大学,location.coordinates,"{""longitude"": 108.965, ""latitude"": 34.247, ""crs"": ""unspecified"", ""precision"": ""approximate"", ""location_kind"": ""community_map_point""}",https://github.com/Magicdover/China-Universities-2026/blob/419bdc7ce6956fc88c2b70b3979f170b6666f111/data/universities.js,community_dataset,2026-06-09,auto,2026-10-01
4161010698,西安交通大学,academics.double_first_class_disciplines,"[""机械工程"", ""电气工程"", ""动力工程及工程热物理"", ""管理科学与工程"", ""工商管理"", ""力学""]",https://github.com/Magicdover/China-Universities-2026/blob/419bdc7ce6956fc88c2b70b3979f170b6666f111/data/universities.js,community_dataset,2026-06-09,auto,2026-10-01
4161010698,西安交通大学,resources.career_url,"""http://job.xjtu.edu.cn/""",https://github.com/PotoYang/UniversityCareerWebPage/blob/0fbc54deee6a4a3aec67ffd77e41bccec898804e/README.md,community_dataset,2019-10-21,auto,2026-10-01
4161010699,西北工业大学,identity.short_name_zh,"""西工大""",https://github.com/Magicdover/China-Universities-2026/blob/419bdc7ce6956fc88c2b70b3979f170b6666f111/data/universities.js,community_dataset,2026-06-09,auto,2026-10-01
4161010699,西北工业大学,identity.short_name_en,"""NPU""",https://github.com/Magicdover/China-Universities-2026/blob/419bdc7ce6956fc88c2b70b3979f170b6666f111/data/universities.js,community_dataset,2026-06-09,auto,2026-10-01
4161010699,西北工业大学,identity.slug_aliases,"[""northwestern-polytechnical-university""]",https://github.com/damitheswitch/china-universities-dataset/blob/5eaa2a93f86ac322d53a36da9977d9a4c80f1f56/data/universities.json,community_dataset,2026,auto,2026-10-01
4161010699,西北工业大学,institution.school_type,"""理工""",https://github.com/xioajiumi/Chinese_Universities/blob/e088fddc329a6f0148ca72fd3b4d0fe069f13e3a/Chinese_Universities.json,community_dataset,2021,auto,2026-10-01
4161010699,西北工业大学,institution.country,"""China""",https://github.com/damitheswitch/china-universities-dataset/blob/5eaa2a93f86ac322d53a36da9977d9a4c80f1f56/data/universities.json,community_dataset,2026,auto,2026-10-01
4161010699,西北工业大学,institution.groups,"[""双一流"", ""985"", ""211""]",https://github.com/damitheswitch/china-universities-dataset/blob/5eaa2a93f86ac322d53a36da9977d9a4c80f1f56/data/universities.json,community_dataset,2026,auto,2026-10-01
4161010699,西北工业大学,location.coordinates,"{""longitude"": 108.913, ""latitude"": 34.029, ""crs"": ""unspecified"", ""precision"": ""approximate"", ""location_kind"": ""community_map_point""}",https://github.com/Magicdover/China-Universities-2026/blob/419bdc7ce6956fc88c2b70b3979f170b6666f111/data/universities.js,community_dataset,2026-06-09,auto,2026-10-01
4161010699,西北工业大学,academics.double_first_class_disciplines,"[""机械工程"", ""材料科学与工程"", ""航空宇航科学与技术"", ""计算机科学与技术""]",https://github.com/Magicdover/China-Universities-2026/blob/419bdc7ce6956fc88c2b70b3979f170b6666f111/data/universities.js,community_dataset,2026-06-09,auto,2026-10-01
4161010699,西北工业大学,resources.career_url,"""http://job.nwpu.edu.cn/home.do""",https://github.com/PotoYang/UniversityCareerWebPage/blob/0fbc54deee6a4a3aec67ffd77e41bccec898804e/README.md,community_dataset,2019-10-21,auto,2026-10-01
4161010700,西安理工大学,identity.slug_aliases,"[""xian-university-of-technology""]",https://github.com/damitheswitch/china-universities-dataset/blob/5eaa2a93f86ac322d53a36da9977d9a4c80f1f56/data/universities.json,community_dataset,2026,auto,2026-10-01
4161010700,西安理工大学,institution.school_type,"""理工""",https://github.com/xioajiumi/Chinese_Universities/blob/e088fddc329a6f0148ca72fd3b4d0fe069f13e3a/Chinese_Universities.json,community_dataset,2021,auto,2026-10-01
4161010700,西安理工大学,institution.country,"""China""",https://github.com/damitheswitch/china-universities-dataset/blob/5eaa2a93f86ac322d53a36da9977d9a4c80f1f56/data/universities.json,community_dataset,2026,auto,2026-10-01
4161010700,西安理工大学,resources.career_url,"""http://job.xaut.edu.cn/website/index.aspx""",https://github.com/PotoYang/UniversityCareerWebPage/blob/0fbc54deee6a4a3aec67ffd77e41bccec898804e/README.md,community_dataset,2019-10-21,auto,2026-10-01
4161010701,西安电子科技大学,identity.short_name_zh,"""西电""",https://github.com/Magicdover/China-Universities-2026/blob/419bdc7ce6956fc88c2b70b3979f170b6666f111/data/uni-211.js,community_dataset,2026-06-09,auto,2026-10-01
4161010701,西安电子科技大学,identity.short_name_en,"""XDU""",https://github.com/Magicdover/China-Universities-2026/blob/419bdc7ce6956fc88c2b70b3979f170b6666f111/data/uni-211.js,community_dataset,2026-06-09,auto,2026-10-01
4161010701,西安电子科技大学,identity.slug_aliases,"[""xidian-university""]",https://github.com/damitheswitch/china-universities-dataset/blob/5eaa2a93f86ac322d53a36da9977d9a4c80f1f56/data/universities.json,community_dataset,2026,auto,2026-10-01
4161010701,西安电子科技大学,institution.school_type,"""理工""",https://github.com/xioajiumi/Chinese_Universities/blob/e088fddc329a6f0148ca72fd3b4d0fe069f13e3a/Chinese_Universities.json,community_dataset,2021,auto,2026-10-01
4161010701,西安电子科技大学,institution.country,"""China""",https://github.com/damitheswitch/china-universities-dataset/blob/5eaa2a93f86ac322d53a36da9977d9a4c80f1f56/data/universities.json,community_dataset,2026,auto,2026-10-01
4161010701,西安电子科技大学,institution.groups,"[""双一流"", ""211""]",https://github.com/damitheswitch/china-universities-dataset/blob/5eaa2a93f86ac322d53a36da9977d9a4c80f1f56/data/universities.json,community_dataset,2026,auto,2026-10-01
4161010701,西安电子科技大学,location.coordinates,"{""longitude"": 108.838, ""latitude"": 34.124, ""crs"": ""unspecified"", ""precision"": ""approximate"", ""location_kind"": ""community_map_point""}",https://github.com/Magicdover/China-Universities-2026/blob/419bdc7ce6956fc88c2b70b3979f170b6666f111/data/uni-211.js,community_dataset,2026-06-09,auto,2026-10-01
4161010701,西安电子科技大学,academics.double_first_class_disciplines,"[""信息与通信工程"", ""电子科学与技术""]",https://github.com/Magicdover/China-Universities-2026/blob/419bdc7ce6956fc88c2b70b3979f170b6666f111/data/uni-211.js,community_dataset,2026-06-09,auto,2026-10-01
4161010701,西安电子科技大学,resources.career_url,"""https://job.xidian.edu.cn/""",https://github.com/PotoYang/UniversityCareerWebPage/blob/0fbc54deee6a4a3aec67ffd77e41bccec898804e/README.md,community_dataset,2019-10-21,auto,2026-10-01
4161010702,西安工业大学,identity.slug_aliases,"[""xian-technological-university""]",https://github.com/damitheswitch/china-universities-dataset/blob/5eaa2a93f86ac322d53a36da9977d9a4c80f1f56/data/universities.json,community_dataset,2026,auto,2026-10-01
4161010702,西安工业大学,institution.school_type,"""理工""",https://github.com/xioajiumi/Chinese_Universities/blob/e088fddc329a6f0148ca72fd3b4d0fe069f13e3a/Chinese_Universities.json,community_dataset,2021,auto,2026-10-01
4161010702,西安工业大学,institution.country,"""China""",https://github.com/damitheswitch/china-universities-dataset/blob/5eaa2a93f86ac322d53a36da9977d9a4c80f1f56/data/universities.json,community_dataset,2026,auto,2026-10-01
4161010703,西安建筑科技大学,identity.slug_aliases,"[""xian-university-of-architecture-and-technology""]",https://github.com/damitheswitch/china-universities-dataset/blob/5eaa2a93f86ac322d53a36da9977d9a4c80f1f56/data/universities.json,community_dataset,2026,auto,2026-10-01
4161010703,西安建筑科技大学,institution.school_type,"""理工""",https://github.com/xioajiumi/Chinese_Universities/blob/e088fddc329a6f0148ca72fd3b4d0fe069f13e3a/Chinese_Universities.json,community_dataset,2021,auto,2026-10-01
4161010703,西安建筑科技大学,institution.country,"""China""",https://github.com/damitheswitch/china-universities-dataset/blob/5eaa2a93f86ac322d53a36da9977d9a4c80f1f56/data/universities.json,community_dataset,2026,auto,2026-10-01
4161010703,西安建筑科技大学,resources.career_url,"""http://job.xauat.edu.cn/""",https://github.com/PotoYang/UniversityCareerWebPage/blob/0fbc54deee6a4a3aec67ffd77e41bccec898804e/README.md,community_dataset,2019-10-21,auto,2026-10-01
4161010704,西安科技大学,identity.slug_aliases,"[""xian-university-of-science-and-technology""]",https://github.com/damitheswitch/china-universities-dataset/blob/5eaa2a93f86ac322d53a36da9977d9a4c80f1f56/data/universities.json,community_dataset,2026,auto,2026-10-01
4161010704,西安科技大学,institution.school_type,"""理工""",https://github.com/xioajiumi/Chinese_Universities/blob/e088fddc329a6f0148ca72fd3b4d0fe069f13e3a/Chinese_Universities.json,community_dataset,2021,auto,2026-10-01
4161010704,西安科技大学,institution.country,"""China""",https://github.com/damitheswitch/china-universities-dataset/blob/5eaa2a93f86ac322d53a36da9977d9a4c80f1f56/data/universities.json,community_dataset,2026,auto,2026-10-01
4161010704,西安科技大学,resources.career_url,"""http://jy.xust.edu.cn/website/index.aspx""",https://github.com/PotoYang/UniversityCareerWebPage/blob/0fbc54deee6a4a3aec67ffd77e41bccec898804e/README.md,community_dataset,2019-10-21,auto,2026-10-01
4161010705,西安石油大学,identity.slug_aliases,"[""xian-shiyou-university""]",https://github.com/damitheswitch/china-universities-dataset/blob/5eaa2a93f86ac322d53a36da9977d9a4c80f1f56/data/universities.json,community_dataset,2026,auto,2026-10-01
4161010705,西安石油大学,institution.school_type,"""理工""",https://github.com/xioajiumi/Chinese_Universities/blob/e088fddc329a6f0148ca72fd3b4d0fe069f13e3a/Chinese_Universities.json,community_dataset,2021,auto,2026-10-01
4161010705,西安石油大学,institution.country,"""China""",https://github.com/damitheswitch/china-universities-dataset/blob/5eaa2a93f86ac322d53a36da9977d9a4c80f1f56/data/universities.json,community_dataset,2026,auto,2026-10-01
4161010705,西安石油大学,resources.career_url,"""http://xsyu.bysjy.com.cn/""",https://github.com/PotoYang/UniversityCareerWebPage/blob/0fbc54deee6a4a3aec67ffd77e41bccec898804e/README.md,community_dataset,2019-10-21,auto,2026-10-01
4161010708,陕西科技大学,identity.slug_aliases,"[""shaanxi-university-of-science-and-technology""]",https://github.com/damitheswitch/china-universities-dataset/blob/5eaa2a93f86ac322d53a36da9977d9a4c80f1f56/data/universities.json,community_dataset,2026,auto,2026-10-01
4161010708,陕西科技大学,institution.school_type,"""理工""",https://github.com/xioajiumi/Chinese_Universities/blob/e088fddc329a6f0148ca72fd3b4d0fe069f13e3a/Chinese_Universities.json,community_dataset,2021,auto,2026-10-01
4161010708,陕西科技大学,institution.country,"""China""",https://github.com/damitheswitch/china-universities-dataset/blob/5eaa2a93f86ac322d53a36da9977d9a4c80f1f56/data/universities.json,community_dataset,2026,auto,2026-10-01
4161010708,陕西科技大学,resources.career_url,"""http://jiuye.www.sust.edu.cn/""",https://github.com/PotoYang/UniversityCareerWebPage/blob/0fbc54deee6a4a3aec67ffd77e41bccec898804e/README.md,community_dataset,2019-10-21,auto,2026-10-01
4161010709,西安工程大学,identity.slug_aliases,"[""xian-polytechnic-university""]",https://github.com/damitheswitch/china-universities-dataset/blob/5eaa2a93f86ac322d53a36da9977d9a4c80f1f56/data/universities.json,community_dataset,2026,auto,2026-10-01
4161010709,西安工程大学,institution.school_type,"""理工""",https://github.com/xioajiumi/Chinese_Universities/blob/e088fddc329a6f0148ca72fd3b4d0fe069f13e3a/Chinese_Universities.json,community_dataset,2021,auto,2026-10-01
4161010709,西安工程大学,institution.country,"""China""",https://github.com/damitheswitch/china-universities-dataset/blob/5eaa2a93f86ac322d53a36da9977d9a4c80f1f56/data/universities.json,community_dataset,2026,auto,2026-10-01
4161010709,西安工程大学,resources.career_url,"""http://job.xpu.edu.cn/""",https://github.com/PotoYang/UniversityCareerWebPage/blob/0fbc54deee6a4a3aec67ffd77e41bccec898804e/README.md,community_dataset,2019-10-21,auto,2026-10-01
4161010710,长安大学,identity.short_name_zh,"""长安大""",https://github.com/Magicdover/China-Universities-2026/blob/419bdc7ce6956fc88c2b70b3979f170b6666f111/data/uni-211.js,community_dataset,2026-06-09,auto,2026-10-01
4161010710,长安大学,identity.short_name_en,"""CHD""",https://github.com/Magicdover/China-Universities-2026/blob/419bdc7ce6956fc88c2b70b3979f170b6666f111/data/uni-211.js,community_dataset,2026-06-09,auto,2026-10-01
4161010710,长安大学,identity.slug_aliases,"[""changan-university""]",https://github.com/damitheswitch/china-universities-dataset/blob/5eaa2a93f86ac322d53a36da9977d9a4c80f1f56/data/universities.json,community_dataset,2026,auto,2026-10-01
4161010710,长安大学,institution.school_type,"""理工""",https://github.com/xioajiumi/Chinese_Universities/blob/e088fddc329a6f0148ca72fd3b4d0fe069f13e3a/Chinese_Universities.json,community_dataset,2021,auto,2026-10-01
4161010710,长安大学,institution.country,"""China""",https://github.com/damitheswitch/china-universities-dataset/blob/5eaa2a93f86ac322d53a36da9977d9a4c80f1f56/data/universities.json,community_dataset,2026,auto,2026-10-01
4161010710,长安大学,institution.groups,"[""双一流"", ""211""]",https://github.com/damitheswitch/china-universities-dataset/blob/5eaa2a93f86ac322d53a36da9977d9a4c80f1f56/data/universities.json,community_dataset,2026,auto,2026-10-01
4161010710,长安大学,location.coordinates,"{""longitude"": 108.886, ""latitude"": 34.243, ""crs"": ""unspecified"", ""precision"": ""approximate"", ""location_kind"": ""community_map_point""}",https://github.com/Magicdover/China-Universities-2026/blob/419bdc7ce6956fc88c2b70b3979f170b6666f111/data/uni-211.js,community_dataset,2026-06-09,auto,2026-10-01
4161010710,长安大学,academics.double_first_class_disciplines,"[""交通运输工程""]",https://github.com/Magicdover/China-Universities-2026/blob/419bdc7ce6956fc88c2b70b3979f170b6666f111/data/uni-211.js,community_dataset,2026-06-09,auto,2026-10-01
4161010710,长安大学,resources.career_url,"""http://jyzx.chd.edu.cn/""",https://github.com/PotoYang/UniversityCareerWebPage/blob/0fbc54deee6a4a3aec67ffd77e41bccec898804e/README.md,community_dataset,2019-10-21,auto,2026-10-01
4161010712,西北农林科技大学,identity.short_name_zh,"""西农""",https://github.com/Magicdover/China-Universities-2026/blob/419bdc7ce6956fc88c2b70b3979f170b6666f111/data/universities.js,community_dataset,2026-06-09,auto,2026-10-01
4161010712,西北农林科技大学,identity.short_name_en,"""NWAFU""",https://github.com/Magicdover/China-Universities-2026/blob/419bdc7ce6956fc88c2b70b3979f170b6666f111/data/universities.js,community_dataset,2026-06-09,auto,2026-10-01
4161010712,西北农林科技大学,identity.slug_aliases,"[""northwest-a-f-university""]",https://github.com/damitheswitch/china-universities-dataset/blob/5eaa2a93f86ac322d53a36da9977d9a4c80f1f56/data/universities.json,community_dataset,2026,auto,2026-10-01
4161010712,西北农林科技大学,institution.school_type,"""农业""",https://github.com/xioajiumi/Chinese_Universities/blob/e088fddc329a6f0148ca72fd3b4d0fe069f13e3a/Chinese_Universities.json,community_dataset,2021,auto,2026-10-01
4161010712,西北农林科技大学,institution.country,"""China""",https://github.com/damitheswitch/china-universities-dataset/blob/5eaa2a93f86ac322d53a36da9977d9a4c80f1f56/data/universities.json,community_dataset,2026,auto,2026-10-01
4161010712,西北农林科技大学,institution.groups,"[""双一流"", ""985"", ""211""]",https://github.com/damitheswitch/china-universities-dataset/blob/5eaa2a93f86ac322d53a36da9977d9a4c80f1f56/data/universities.json,community_dataset,2026,auto,2026-10-01
4161010712,西北农林科技大学,location.coordinates,"{""longitude"": 108.072, ""latitude"": 34.275, ""crs"": ""unspecified"", ""precision"": ""approximate"", ""location_kind"": ""community_map_point""}",https://github.com/Magicdover/China-Universities-2026/blob/419bdc7ce6956fc88c2b70b3979f170b6666f111/data/universities.js,community_dataset,2026-06-09,auto,2026-10-01
4161010712,西北农林科技大学,academics.double_first_class_disciplines,"[""农学（旱区农业）"", ""林学"", ""植物保护"", ""畜牧学""]",https://github.com/Magicdover/China-Universities-2026/blob/419bdc7ce6956fc88c2b70b3979f170b6666f111/data/universities.js,community_dataset,2026-06-09,auto,2026-10-01
4161010712,西北农林科技大学,resources.career_url,"""https://job.nwsuaf.edu.cn/""",https://github.com/PotoYang/UniversityCareerWebPage/blob/0fbc54deee6a4a3aec67ffd77e41bccec898804e/README.md,community_dataset,2019-10-21,auto,2026-10-01
4161010718,陕西师范大学,identity.short_name_zh,"""陕西师大""",https://github.com/Magicdover/China-Universities-2026/blob/419bdc7ce6956fc88c2b70b3979f170b6666f111/data/uni-special.js,community_dataset,2026-06-09,auto,2026-10-01
4161010718,陕西师范大学,identity.short_name_en,"""SNNU""",https://github.com/Magicdover/China-Universities-2026/blob/419bdc7ce6956fc88c2b70b3979f170b6666f111/data/uni-special.js,community_dataset,2026-06-09,auto,2026-10-01
4161010718,陕西师范大学,identity.slug_aliases,"[""shaanxi-normal-university""]",https://github.com/damitheswitch/china-universities-dataset/blob/5eaa2a93f86ac322d53a36da9977d9a4c80f1f56/data/universities.json,community_dataset,2026,auto,2026-10-01
4161010718,陕西师范大学,institution.school_type,"""师范""",https://github.com/xioajiumi/Chinese_Universities/blob/e088fddc329a6f0148ca72fd3b4d0fe069f13e3a/Chinese_Universities.json,community_dataset,2021,auto,2026-10-01
4161010718,陕西师范大学,institution.country,"""China""",https://github.com/damitheswitch/china-universities-dataset/blob/5eaa2a93f86ac322d53a36da9977d9a4c80f1f56/data/universities.json,community_dataset,2026,auto,2026-10-01
4161010718,陕西师范大学,institution.groups,"[""双一流"", ""211""]",https://github.com/damitheswitch/china-universities-dataset/blob/5eaa2a93f86ac322d53a36da9977d9a4c80f1f56/data/universities.json,community_dataset,2026,auto,2026-10-01
4161010718,陕西师范大学,location.coordinates,"{""longitude"": 108.879, ""latitude"": 34.149, ""crs"": ""unspecified"", ""precision"": ""approximate"", ""location_kind"": ""community_map_point""}",https://github.com/Magicdover/China-Universities-2026/blob/419bdc7ce6956fc88c2b70b3979f170b6666f111/data/uni-special.js,community_dataset,2026-06-09,auto,2026-10-01
4161010718,陕西师范大学,academics.double_first_class_disciplines,"[""中国语言文学""]",https://github.com/Magicdover/China-Universities-2026/blob/419bdc7ce6956fc88c2b70b3979f170b6666f111/data/uni-special.js,community_dataset,2026-06-09,auto,2026-10-01
4161010718,陕西师范大学,resources.career_url,"""http://job.snnu.edu.cn/""",https://github.com/PotoYang/UniversityCareerWebPage/blob/0fbc54deee6a4a3aec67ffd77e41bccec898804e/README.md,community_dataset,2019-10-21,auto,2026-10-01
4161010719,延安大学,identity.slug_aliases,"[""yanan-university""]",https://github.com/damitheswitch/china-universities-dataset/blob/5eaa2a93f86ac322d53a36da9977d9a4c80f1f56/data/universities.json,community_dataset,2026,auto,2026-10-01
4161010719,延安大学,institution.school_type,"""综合""",https://github.com/xioajiumi/Chinese_Universities/blob/e088fddc329a6f0148ca72fd3b4d0fe069f13e3a/Chinese_Universities.json,community_dataset,2021,auto,2026-10-01
4161010719,延安大学,institution.country,"""China""",https://github.com/damitheswitch/china-universities-dataset/blob/5eaa2a93f86ac322d53a36da9977d9a4c80f1f56/data/universities.json,community_dataset,2026,auto,2026-10-01
4161010719,延安大学,resources.career_url,"""http://yau.bysjy.com.cn/""",https://github.com/PotoYang/UniversityCareerWebPage/blob/0fbc54deee6a4a3aec67ffd77e41bccec898804e/README.md,community_dataset,2019-10-21,auto,2026-10-01
4161010720,陕西理工大学,identity.slug_aliases,"[""shaanxi-university-of-technology""]",https://github.com/damitheswitch/china-universities-dataset/blob/5eaa2a93f86ac322d53a36da9977d9a4c80f1f56/data/universities.json,community_dataset,2026,auto,2026-10-01
4161010720,陕西理工大学,institution.school_type,"""理工""",https://github.com/xioajiumi/Chinese_Universities/blob/e088fddc329a6f0148ca72fd3b4d0fe069f13e3a/Chinese_Universities.json,community_dataset,2021,auto,2026-10-01
4161010720,陕西理工大学,institution.country,"""China""",https://github.com/damitheswitch/china-universities-dataset/blob/5eaa2a93f86ac322d53a36da9977d9a4c80f1f56/data/universities.json,community_dataset,2026,auto,2026-10-01
4161010720,陕西理工大学,resources.career_url,"""https://snut.cnxincai.com/schoolreception/index""",https://github.com/PotoYang/UniversityCareerWebPage/blob/0fbc54deee6a4a3aec67ffd77e41bccec898804e/README.md,community_dataset,2019-10-21,auto,2026-10-01
4161010721,宝鸡文理学院,identity.slug_aliases,"[""baoji-university-of-arts-and-sciences""]",https://github.com/damitheswitch/china-universities-dataset/blob/5eaa2a93f86ac322d53a36da9977d9a4c80f1f56/data/universities.json,community_dataset,2026,auto,2026-10-01
4161010721,宝鸡文理学院,institution.school_type,"""师范""",https://github.com/xioajiumi/Chinese_Universities/blob/e088fddc329a6f0148ca72fd3b4d0fe069f13e3a/Chinese_Universities.json,community_dataset,2021,auto,2026-10-01
4161010721,宝鸡文理学院,institution.country,"""China""",https://github.com/damitheswitch/china-universities-dataset/blob/5eaa2a93f86ac322d53a36da9977d9a4c80f1f56/data/universities.json,community_dataset,2026,auto,2026-10-01
4161010722,咸阳师范学院,identity.slug_aliases,"[""xianyang-normal-university""]",https://github.com/damitheswitch/china-universities-dataset/blob/5eaa2a93f86ac322d53a36da9977d9a4c80f1f56/data/universities.json,community_dataset,2026,auto,2026-10-01
4161010722,咸阳师范学院,institution.school_type,"""师范""",https://github.com/xioajiumi/Chinese_Universities/blob/e088fddc329a6f0148ca72fd3b4d0fe069f13e3a/Chinese_Universities.json,community_dataset,2021,auto,2026-10-01
4161010722,咸阳师范学院,institution.country,"""China""",https://github.com/damitheswitch/china-universities-dataset/blob/5eaa2a93f86ac322d53a36da9977d9a4c80f1f56/data/universities.json,community_dataset,2026,auto,2026-10-01
4161010723,渭南师范学院,identity.slug_aliases,"[""weinan-normal-university""]",https://github.com/damitheswitch/china-universities-dataset/blob/5eaa2a93f86ac322d53a36da9977d9a4c80f1f56/data/universities.json,community_dataset,2026,auto,2026-10-01
4161010723,渭南师范学院,institution.school_type,"""师范""",https://github.com/xioajiumi/Chinese_Universities/blob/e088fddc329a6f0148ca72fd3b4d0fe069f13e3a/Chinese_Universities.json,community_dataset,2021,auto,2026-10-01
4161010723,渭南师范学院,institution.country,"""China""",https://github.com/damitheswitch/china-universities-dataset/blob/5eaa2a93f86ac322d53a36da9977d9a4c80f1f56/data/universities.json,community_dataset,2026,auto,2026-10-01
4161010724,西安外国语大学,resources.career_url,"""http://jiuye.xisu.edu.cn/""",https://github.com/PotoYang/UniversityCareerWebPage/blob/0fbc54deee6a4a3aec67ffd77e41bccec898804e/README.md,community_dataset,2019-10-21,auto,2026-10-01
4161010726,西北政法大学,identity.short_name_zh,"""西法大""",https://github.com/Magicdover/China-Universities-2026/blob/419bdc7ce6956fc88c2b70b3979f170b6666f111/data/uni-special.js,community_dataset,2026-06-09,auto,2026-10-01
4161010726,西北政法大学,identity.short_name_en,"""NWUPL""",https://github.com/Magicdover/China-Universities-2026/blob/419bdc7ce6956fc88c2b70b3979f170b6666f111/data/uni-special.js,community_dataset,2026-06-09,auto,2026-10-01
4161010726,西北政法大学,institution.school_type,"""政法""",https://github.com/Magicdover/China-Universities-2026/blob/419bdc7ce6956fc88c2b70b3979f170b6666f111/data/uni-special.js,community_dataset,2026-06-09,auto,2026-10-01
4161010726,西北政法大学,institution.groups,"[""政法五院""]",https://github.com/Magicdover/China-Universities-2026/blob/419bdc7ce6956fc88c2b70b3979f170b6666f111/data/uni-special.js,community_dataset,2026-06-09,auto,2026-10-01
4161010726,西北政法大学,location.coordinates,"{""longitude"": 108.844, ""latitude"": 34.171, ""crs"": ""unspecified"", ""precision"": ""approximate"", ""location_kind"": ""community_map_point""}",https://github.com/Magicdover/China-Universities-2026/blob/419bdc7ce6956fc88c2b70b3979f170b6666f111/data/uni-special.js,community_dataset,2026-06-09,auto,2026-10-01
4161010726,西北政法大学,resources.career_url,"""http://job.nwupl.edu.cn/""",https://github.com/PotoYang/UniversityCareerWebPage/blob/0fbc54deee6a4a3aec67ffd77e41bccec898804e/README.md,community_dataset,2019-10-21,auto,2026-10-01
4161011080,西安文理学院,identity.slug_aliases,"[""xian-university""]",https://github.com/damitheswitch/china-universities-dataset/blob/5eaa2a93f86ac322d53a36da9977d9a4c80f1f56/data/universities.json,community_dataset,2026,auto,2026-10-01
4161011080,西安文理学院,institution.school_type,"""师范""",https://github.com/xioajiumi/Chinese_Universities/blob/e088fddc329a6f0148ca72fd3b4d0fe069f13e3a/Chinese_Universities.json,community_dataset,2021,auto,2026-10-01
4161011080,西安文理学院,institution.country,"""China""",https://github.com/damitheswitch/china-universities-dataset/blob/5eaa2a93f86ac322d53a36da9977d9a4c80f1f56/data/universities.json,community_dataset,2026,auto,2026-10-01
4161011396,商洛学院,identity.slug_aliases,"[""shangluo-university""]",https://github.com/damitheswitch/china-universities-dataset/blob/5eaa2a93f86ac322d53a36da9977d9a4c80f1f56/data/universities.json,community_dataset,2026,auto,2026-10-01
4161011396,商洛学院,institution.school_type,"""综合""",https://github.com/xioajiumi/Chinese_Universities/blob/e088fddc329a6f0148ca72fd3b4d0fe069f13e3a/Chinese_Universities.json,community_dataset,2021,auto,2026-10-01
4161011396,商洛学院,institution.country,"""China""",https://github.com/damitheswitch/china-universities-dataset/blob/5eaa2a93f86ac322d53a36da9977d9a4c80f1f56/data/universities.json,community_dataset,2026,auto,2026-10-01
4161011397,安康学院,identity.slug_aliases,"[""ankang-university""]",https://github.com/damitheswitch/china-universities-dataset/blob/5eaa2a93f86ac322d53a36da9977d9a4c80f1f56/data/universities.json,community_dataset,2026,auto,2026-10-01
4161011397,安康学院,institution.school_type,"""综合""",https://github.com/xioajiumi/Chinese_Universities/blob/e088fddc329a6f0148ca72fd3b4d0fe069f13e3a/Chinese_Universities.json,community_dataset,2021,auto,2026-10-01
4161011397,安康学院,institution.country,"""China""",https://github.com/damitheswitch/china-universities-dataset/blob/5eaa2a93f86ac322d53a36da9977d9a4c80f1f56/data/universities.json,community_dataset,2026,auto,2026-10-01
4161011560,西安财经大学,resources.career_url,"""http://www.xaufejob.com/""",https://github.com/PotoYang/UniversityCareerWebPage/blob/0fbc54deee6a4a3aec67ffd77e41bccec898804e/README.md,community_dataset,2019-10-21,auto,2026-10-01
4161011664,西安邮电大学,identity.slug_aliases,"[""xian-university-of-posts-and-telecommunications""]",https://github.com/damitheswitch/china-universities-dataset/blob/5eaa2a93f86ac322d53a36da9977d9a4c80f1f56/data/universities.json,community_dataset,2026,auto,2026-10-01
4161011664,西安邮电大学,institution.school_type,"""理工""",https://github.com/xioajiumi/Chinese_Universities/blob/e088fddc329a6f0148ca72fd3b4d0fe069f13e3a/Chinese_Universities.json,community_dataset,2021,auto,2026-10-01
4161011664,西安邮电大学,institution.country,"""China""",https://github.com/damitheswitch/china-universities-dataset/blob/5eaa2a93f86ac322d53a36da9977d9a4c80f1f56/data/universities.json,community_dataset,2026,auto,2026-10-01
4161011664,西安邮电大学,resources.career_url,"""http://jiuye.xupt.edu.cn/""",https://github.com/PotoYang/UniversityCareerWebPage/blob/0fbc54deee6a4a3aec67ffd77e41bccec898804e/README.md,community_dataset,2019-10-21,auto,2026-10-01
4161011736,西安航空学院,identity.slug_aliases,"[""xian-aeronautical-university""]",https://github.com/damitheswitch/china-universities-dataset/blob/5eaa2a93f86ac322d53a36da9977d9a4c80f1f56/data/universities.json,community_dataset,2026,auto,2026-10-01
4161011736,西安航空学院,institution.school_type,"""理工""",https://github.com/xioajiumi/Chinese_Universities/blob/e088fddc329a6f0148ca72fd3b4d0fe069f13e3a/Chinese_Universities.json,community_dataset,2021,auto,2026-10-01
4161011736,西安航空学院,institution.country,"""China""",https://github.com/damitheswitch/china-universities-dataset/blob/5eaa2a93f86ac322d53a36da9977d9a4c80f1f56/data/universities.json,community_dataset,2026,auto,2026-10-01
4161014390,陕西学前师范学院,identity.slug_aliases,"[""shaanxi-xueqian-normal-university""]",https://github.com/damitheswitch/china-universities-dataset/blob/5eaa2a93f86ac322d53a36da9977d9a4c80f1f56/data/universities.json,community_dataset,2026,auto,2026-10-01
4161014390,陕西学前师范学院,institution.school_type,"""师范""",https://github.com/xioajiumi/Chinese_Universities/blob/e088fddc329a6f0148ca72fd3b4d0fe069f13e3a/Chinese_Universities.json,community_dataset,2021,auto,2026-10-01
4161014390,陕西学前师范学院,institution.country,"""China""",https://github.com/damitheswitch/china-universities-dataset/blob/5eaa2a93f86ac322d53a36da9977d9a4c80f1f56/data/universities.json,community_dataset,2026,auto,2026-10-01
4163010743,青海大学,identity.short_name_zh,"""青大""",https://github.com/Magicdover/China-Universities-2026/blob/419bdc7ce6956fc88c2b70b3979f170b6666f111/data/uni-211.js,community_dataset,2026-06-09,auto,2026-10-01
4163010743,青海大学,identity.short_name_en,"""QHU""",https://github.com/Magicdover/China-Universities-2026/blob/419bdc7ce6956fc88c2b70b3979f170b6666f111/data/uni-211.js,community_dataset,2026-06-09,auto,2026-10-01
4163010743,青海大学,identity.slug_aliases,"[""qinghai-university""]",https://github.com/damitheswitch/china-universities-dataset/blob/5eaa2a93f86ac322d53a36da9977d9a4c80f1f56/data/universities.json,community_dataset,2026,auto,2026-10-01
4163010743,青海大学,institution.school_type,"""综合""",https://github.com/xioajiumi/Chinese_Universities/blob/e088fddc329a6f0148ca72fd3b4d0fe069f13e3a/Chinese_Universities.json,community_dataset,2021,auto,2026-10-01
4163010743,青海大学,institution.country,"""China""",https://github.com/damitheswitch/china-universities-dataset/blob/5eaa2a93f86ac322d53a36da9977d9a4c80f1f56/data/universities.json,community_dataset,2026,auto,2026-10-01
4163010743,青海大学,institution.groups,"[""双一流"", ""211""]",https://github.com/damitheswitch/china-universities-dataset/blob/5eaa2a93f86ac322d53a36da9977d9a4c80f1f56/data/universities.json,community_dataset,2026,auto,2026-10-01
4163010743,青海大学,location.coordinates,"{""longitude"": 101.756, ""latitude"": 36.722, ""crs"": ""unspecified"", ""precision"": ""approximate"", ""location_kind"": ""community_map_point""}",https://github.com/Magicdover/China-Universities-2026/blob/419bdc7ce6956fc88c2b70b3979f170b6666f111/data/uni-211.js,community_dataset,2026-06-09,auto,2026-10-01
4163010743,青海大学,academics.double_first_class_disciplines,"[""生态学""]",https://github.com/Magicdover/China-Universities-2026/blob/419bdc7ce6956fc88c2b70b3979f170b6666f111/data/uni-211.js,community_dataset,2026-06-09,auto,2026-10-01
4163010743,青海大学,resources.career_url,"""http://jyw.qhu.edu.cn/""",https://github.com/PotoYang/UniversityCareerWebPage/blob/0fbc54deee6a4a3aec67ffd77e41bccec898804e/README.md,community_dataset,2019-10-21,auto,2026-10-01
4163010746,青海师范大学,identity.slug_aliases,"[""qinghai-normal-university""]",https://github.com/damitheswitch/china-universities-dataset/blob/5eaa2a93f86ac322d53a36da9977d9a4c80f1f56/data/universities.json,community_dataset,2026,auto,2026-10-01
4163010746,青海师范大学,institution.school_type,"""师范""",https://github.com/xioajiumi/Chinese_Universities/blob/e088fddc329a6f0148ca72fd3b4d0fe069f13e3a/Chinese_Universities.json,community_dataset,2021,auto,2026-10-01
4163010746,青海师范大学,institution.country,"""China""",https://github.com/damitheswitch/china-universities-dataset/blob/5eaa2a93f86ac322d53a36da9977d9a4c80f1f56/data/universities.json,community_dataset,2026,auto,2026-10-01
4163010746,青海师范大学,resources.career_url,"""https://jc.qhnu.edu.cn/""",https://github.com/PotoYang/UniversityCareerWebPage/blob/0fbc54deee6a4a3aec67ffd77e41bccec898804e/README.md,community_dataset,2019-10-21,auto,2026-10-01
4163010748,青海民族大学,resources.career_url,"""http://qhmu.bysjy.com.cn/""",https://github.com/PotoYang/UniversityCareerWebPage/blob/0fbc54deee6a4a3aec67ffd77e41bccec898804e/README.md,community_dataset,2019-10-21,auto,2026-10-01
4123010212,黑龙江大学,identity.slug_aliases,"[""heilongjiang-university""]",https://github.com/damitheswitch/china-universities-dataset/blob/5eaa2a93f86ac322d53a36da9977d9a4c80f1f56/data/universities.json,community_dataset,2026,auto,2026-10-01
4123010212,黑龙江大学,institution.school_type,"""综合""",https://github.com/xioajiumi/Chinese_Universities/blob/e088fddc329a6f0148ca72fd3b4d0fe069f13e3a/Chinese_Universities.json,community_dataset,2021,auto,2026-10-01
4123010212,黑龙江大学,institution.country,"""China""",https://github.com/damitheswitch/china-universities-dataset/blob/5eaa2a93f86ac322d53a36da9977d9a4c80f1f56/data/universities.json,community_dataset,2026,auto,2026-10-01
4123010212,黑龙江大学,resources.career_url,"""http://job.hlju.edu.cn/""",https://github.com/PotoYang/UniversityCareerWebPage/blob/0fbc54deee6a4a3aec67ffd77e41bccec898804e/README.md,community_dataset,2019-10-21,auto,2026-10-01
4123010213,哈尔滨工业大学,identity.short_name_zh,"""哈工大""",https://github.com/Magicdover/China-Universities-2026/blob/419bdc7ce6956fc88c2b70b3979f170b6666f111/data/universities.js,community_dataset,2026-06-09,auto,2026-10-01
4123010213,哈尔滨工业大学,identity.short_name_en,"""HIT""",https://github.com/Magicdover/China-Universities-2026/blob/419bdc7ce6956fc88c2b70b3979f170b6666f111/data/universities.js,community_dataset,2026-06-09,auto,2026-10-01
4123010213,哈尔滨工业大学,identity.slug_aliases,"[""harbin-institute-of-technology""]",https://github.com/damitheswitch/china-universities-dataset/blob/5eaa2a93f86ac322d53a36da9977d9a4c80f1f56/data/universities.json,community_dataset,2026,auto,2026-10-01
4123010213,哈尔滨工业大学,institution.school_type,"""理工""",https://github.com/xioajiumi/Chinese_Universities/blob/e088fddc329a6f0148ca72fd3b4d0fe069f13e3a/Chinese_Universities.json,community_dataset,2021,auto,2026-10-01
4123010213,哈尔滨工业大学,institution.country,"""China""",https://github.com/damitheswitch/china-universities-dataset/blob/5eaa2a93f86ac322d53a36da9977d9a4c80f1f56/data/universities.json,community_dataset,2026,auto,2026-10-01
4123010213,哈尔滨工业大学,institution.groups,"[""双一流"", ""985"", ""211""]",https://github.com/damitheswitch/china-universities-dataset/blob/5eaa2a93f86ac322d53a36da9977d9a4c80f1f56/data/universities.json,community_dataset,2026,auto,2026-10-01
4123010213,哈尔滨工业大学,location.coordinates,"{""longitude"": 126.633, ""latitude"": 45.76, ""crs"": ""unspecified"", ""precision"": ""approximate"", ""location_kind"": ""community_map_point""}",https://github.com/Magicdover/China-Universities-2026/blob/419bdc7ce6956fc88c2b70b3979f170b6666f111/data/universities.js,community_dataset,2026-06-09,auto,2026-10-01
4123010213,哈尔滨工业大学,academics.double_first_class_disciplines,"[""力学"", ""机械工程"", ""材料科学与工程"", ""控制科学与工程"", ""计算机科学与技术"", ""航空宇航科学与技术"", ""环境科学与工程""]",https://github.com/Magicdover/China-Universities-2026/blob/419bdc7ce6956fc88c2b70b3979f170b6666f111/data/universities.js,community_dataset,2026-06-09,auto,2026-10-01
4123010213,哈尔滨工业大学,resources.career_url,"""http://job.hit.edu.cn/""",https://github.com/PotoYang/UniversityCareerWebPage/blob/0fbc54deee6a4a3aec67ffd77e41bccec898804e/README.md,community_dataset,2019-10-21,auto,2026-10-01
4123010214,哈尔滨理工大学,identity.short_name_zh,"""哈理工""",https://github.com/Magicdover/China-Universities-2026/blob/419bdc7ce6956fc88c2b70b3979f170b6666f111/data/uni-extra2.js,community_dataset,2026-06-09,auto,2026-10-01
4123010214,哈尔滨理工大学,identity.short_name_en,"""HRBUST""",https://github.com/Magicdover/China-Universities-2026/blob/419bdc7ce6956fc88c2b70b3979f170b6666f111/data/uni-extra2.js,community_dataset,2026-06-09,auto,2026-10-01
4123010214,哈尔滨理工大学,identity.slug_aliases,"[""harbin-university-of-science-and-technology""]",https://github.com/damitheswitch/china-universities-dataset/blob/5eaa2a93f86ac322d53a36da9977d9a4c80f1f56/data/universities.json,community_dataset,2026,auto,2026-10-01
4123010214,哈尔滨理工大学,institution.school_type,"""理工""",https://github.com/xioajiumi/Chinese_Universities/blob/e088fddc329a6f0148ca72fd3b4d0fe069f13e3a/Chinese_Universities.json,community_dataset,2021,auto,2026-10-01
4123010214,哈尔滨理工大学,institution.country,"""China""",https://github.com/damitheswitch/china-universities-dataset/blob/5eaa2a93f86ac322d53a36da9977d9a4c80f1f56/data/universities.json,community_dataset,2026,auto,2026-10-01
4123010214,哈尔滨理工大学,location.coordinates,"{""longitude"": 126.555, ""latitude"": 45.701, ""crs"": ""unspecified"", ""precision"": ""approximate"", ""location_kind"": ""community_map_point""}",https://github.com/Magicdover/China-Universities-2026/blob/419bdc7ce6956fc88c2b70b3979f170b6666f111/data/uni-extra2.js,community_dataset,2026-06-09,auto,2026-10-01
4123010217,哈尔滨工程大学,identity.short_name_zh,"""哈工程""",https://github.com/Magicdover/China-Universities-2026/blob/419bdc7ce6956fc88c2b70b3979f170b6666f111/data/uni-211.js,community_dataset,2026-06-09,auto,2026-10-01
4123010217,哈尔滨工程大学,identity.short_name_en,"""HEU""",https://github.com/Magicdover/China-Universities-2026/blob/419bdc7ce6956fc88c2b70b3979f170b6666f111/data/uni-211.js,community_dataset,2026-06-09,auto,2026-10-01
4123010217,哈尔滨工程大学,identity.slug_aliases,"[""harbin-engineering-university""]",https://github.com/damitheswitch/china-universities-dataset/blob/5eaa2a93f86ac322d53a36da9977d9a4c80f1f56/data/universities.json,community_dataset,2026,auto,2026-10-01
4123010217,哈尔滨工程大学,institution.school_type,"""理工""",https://github.com/xioajiumi/Chinese_Universities/blob/e088fddc329a6f0148ca72fd3b4d0fe069f13e3a/Chinese_Universities.json,community_dataset,2021,auto,2026-10-01
4123010217,哈尔滨工程大学,institution.country,"""China""",https://github.com/damitheswitch/china-universities-dataset/blob/5eaa2a93f86ac322d53a36da9977d9a4c80f1f56/data/universities.json,community_dataset,2026,auto,2026-10-01
4123010217,哈尔滨工程大学,institution.groups,"[""双一流"", ""211""]",https://github.com/damitheswitch/china-universities-dataset/blob/5eaa2a93f86ac322d53a36da9977d9a4c80f1f56/data/universities.json,community_dataset,2026,auto,2026-10-01
4123010217,哈尔滨工程大学,location.coordinates,"{""longitude"": 126.677, ""latitude"": 45.776, ""crs"": ""unspecified"", ""precision"": ""approximate"", ""location_kind"": ""community_map_point""}",https://github.com/Magicdover/China-Universities-2026/blob/419bdc7ce6956fc88c2b70b3979f170b6666f111/data/uni-211.js,community_dataset,2026-06-09,auto,2026-10-01
4123010217,哈尔滨工程大学,academics.double_first_class_disciplines,"[""船舶与海洋工程"", ""控制科学与工程"", ""核科学与技术""]",https://github.com/Magicdover/China-Universities-2026/blob/419bdc7ce6956fc88c2b70b3979f170b6666f111/data/uni-211.js,community_dataset,2026-06-09,auto,2026-10-01
4123010217,哈尔滨工程大学,resources.career_url,"""http://job.hrbeu.edu.cn/HrbeuJY/web""",https://github.com/PotoYang/UniversityCareerWebPage/blob/0fbc54deee6a4a3aec67ffd77e41bccec898804e/README.md,community_dataset,2019-10-21,auto,2026-10-01
4123010219,黑龙江科技大学,identity.slug_aliases,"[""heilongjiang-university-of-science-and-technology""]",https://github.com/damitheswitch/china-universities-dataset/blob/5eaa2a93f86ac322d53a36da9977d9a4c80f1f56/data/universities.json,community_dataset,2026,auto,2026-10-01
4123010219,黑龙江科技大学,institution.school_type,"""理工""",https://github.com/xioajiumi/Chinese_Universities/blob/e088fddc329a6f0148ca72fd3b4d0fe069f13e3a/Chinese_Universities.json,community_dataset,2021,auto,2026-10-01
4123010219,黑龙江科技大学,institution.country,"""China""",https://github.com/damitheswitch/china-universities-dataset/blob/5eaa2a93f86ac322d53a36da9977d9a4c80f1f56/data/universities.json,community_dataset,2026,auto,2026-10-01
4123010220,东北石油大学,identity.slug_aliases,"[""northeast-petroleum-university""]",https://github.com/damitheswitch/china-universities-dataset/blob/5eaa2a93f86ac322d53a36da9977d9a4c80f1f56/data/universities.json,community_dataset,2026,auto,2026-10-01
4123010220,东北石油大学,institution.school_type,"""理工""",https://github.com/xioajiumi/Chinese_Universities/blob/e088fddc329a6f0148ca72fd3b4d0fe069f13e3a/Chinese_Universities.json,community_dataset,2021,auto,2026-10-01
4123010220,东北石油大学,institution.country,"""China""",https://github.com/damitheswitch/china-universities-dataset/blob/5eaa2a93f86ac322d53a36da9977d9a4c80f1f56/data/universities.json,community_dataset,2026,auto,2026-10-01
4123010222,佳木斯大学,identity.slug_aliases,"[""jiamusi-university""]",https://github.com/damitheswitch/china-universities-dataset/blob/5eaa2a93f86ac322d53a36da9977d9a4c80f1f56/data/universities.json,community_dataset,2026,auto,2026-10-01
4123010222,佳木斯大学,institution.school_type,"""综合""",https://github.com/xioajiumi/Chinese_Universities/blob/e088fddc329a6f0148ca72fd3b4d0fe069f13e3a/Chinese_Universities.json,community_dataset,2021,auto,2026-10-01
4123010222,佳木斯大学,institution.country,"""China""",https://github.com/damitheswitch/china-universities-dataset/blob/5eaa2a93f86ac322d53a36da9977d9a4c80f1f56/data/universities.json,community_dataset,2026,auto,2026-10-01
4123010223,黑龙江八一农垦大学,identity.slug_aliases,"[""heilongjiang-bayi-agricultural-university""]",https://github.com/damitheswitch/china-universities-dataset/blob/5eaa2a93f86ac322d53a36da9977d9a4c80f1f56/data/universities.json,community_dataset,2026,auto,2026-10-01
4123010223,黑龙江八一农垦大学,institution.school_type,"""农业""",https://github.com/xioajiumi/Chinese_Universities/blob/e088fddc329a6f0148ca72fd3b4d0fe069f13e3a/Chinese_Universities.json,community_dataset,2021,auto,2026-10-01
4123010223,黑龙江八一农垦大学,institution.country,"""China""",https://github.com/damitheswitch/china-universities-dataset/blob/5eaa2a93f86ac322d53a36da9977d9a4c80f1f56/data/universities.json,community_dataset,2026,auto,2026-10-01
4123010224,东北农业大学,identity.short_name_zh,"""东北农大""",https://github.com/Magicdover/China-Universities-2026/blob/419bdc7ce6956fc88c2b70b3979f170b6666f111/data/uni-special.js,community_dataset,2026-06-09,auto,2026-10-01
4123010224,东北农业大学,identity.short_name_en,"""NEAU""",https://github.com/Magicdover/China-Universities-2026/blob/419bdc7ce6956fc88c2b70b3979f170b6666f111/data/uni-special.js,community_dataset,2026-06-09,auto,2026-10-01
4123010224,东北农业大学,identity.slug_aliases,"[""northeast-agricultural-university-china""]",https://github.com/damitheswitch/china-universities-dataset/blob/5eaa2a93f86ac322d53a36da9977d9a4c80f1f56/data/universities.json,community_dataset,2026,auto,2026-10-01
4123010224,东北农业大学,institution.school_type,"""农业""",https://github.com/xioajiumi/Chinese_Universities/blob/e088fddc329a6f0148ca72fd3b4d0fe069f13e3a/Chinese_Universities.json,community_dataset,2021,auto,2026-10-01
4123010224,东北农业大学,institution.country,"""China""",https://github.com/damitheswitch/china-universities-dataset/blob/5eaa2a93f86ac322d53a36da9977d9a4c80f1f56/data/universities.json,community_dataset,2026,auto,2026-10-01
4123010224,东北农业大学,institution.groups,"[""双一流"", ""211""]",https://github.com/damitheswitch/china-universities-dataset/blob/5eaa2a93f86ac322d53a36da9977d9a4c80f1f56/data/universities.json,community_dataset,2026,auto,2026-10-01
4123010224,东北农业大学,location.coordinates,"{""longitude"": 126.73, ""latitude"": 45.741, ""crs"": ""unspecified"", ""precision"": ""approximate"", ""location_kind"": ""community_map_point""}",https://github.com/Magicdover/China-Universities-2026/blob/419bdc7ce6956fc88c2b70b3979f170b6666f111/data/uni-special.js,community_dataset,2026-06-09,auto,2026-10-01
4123010224,东北农业大学,academics.double_first_class_disciplines,"[""畜牧学""]",https://github.com/Magicdover/China-Universities-2026/blob/419bdc7ce6956fc88c2b70b3979f170b6666f111/data/uni-special.js,community_dataset,2026-06-09,auto,2026-10-01
4123010224,东北农业大学,resources.career_url,"""http://job.neau.edu.cn/""",https://github.com/PotoYang/UniversityCareerWebPage/blob/0fbc54deee6a4a3aec67ffd77e41bccec898804e/README.md,community_dataset,2019-10-21,auto,2026-10-01
4123010225,东北林业大学,identity.short_name_zh,"""东北林大""",https://github.com/Magicdover/China-Universities-2026/blob/419bdc7ce6956fc88c2b70b3979f170b6666f111/data/uni-special.js,community_dataset,2026-06-09,auto,2026-10-01
4123010225,东北林业大学,identity.short_name_en,"""NEFU""",https://github.com/Magicdover/China-Universities-2026/blob/419bdc7ce6956fc88c2b70b3979f170b6666f111/data/uni-special.js,community_dataset,2026-06-09,auto,2026-10-01
4123010225,东北林业大学,identity.slug_aliases,"[""northeast-forestry-university-china""]",https://github.com/damitheswitch/china-universities-dataset/blob/5eaa2a93f86ac322d53a36da9977d9a4c80f1f56/data/universities.json,community_dataset,2026,auto,2026-10-01
4123010225,东北林业大学,institution.school_type,"""林业""",https://github.com/xioajiumi/Chinese_Universities/blob/e088fddc329a6f0148ca72fd3b4d0fe069f13e3a/Chinese_Universities.json,community_dataset,2021,auto,2026-10-01
4123010225,东北林业大学,institution.country,"""China""",https://github.com/damitheswitch/china-universities-dataset/blob/5eaa2a93f86ac322d53a36da9977d9a4c80f1f56/data/universities.json,community_dataset,2026,auto,2026-10-01
4123010225,东北林业大学,institution.groups,"[""双一流"", ""211""]",https://github.com/damitheswitch/china-universities-dataset/blob/5eaa2a93f86ac322d53a36da9977d9a4c80f1f56/data/universities.json,community_dataset,2026,auto,2026-10-01
4123010225,东北林业大学,location.coordinates,"{""longitude"": 126.633, ""latitude"": 45.721, ""crs"": ""unspecified"", ""precision"": ""approximate"", ""location_kind"": ""community_map_point""}",https://github.com/Magicdover/China-Universities-2026/blob/419bdc7ce6956fc88c2b70b3979f170b6666f111/data/uni-special.js,community_dataset,2026-06-09,auto,2026-10-01
4123010225,东北林业大学,academics.double_first_class_disciplines,"[""林业工程"", ""林学""]",https://github.com/Magicdover/China-Universities-2026/blob/419bdc7ce6956fc88c2b70b3979f170b6666f111/data/uni-special.js,community_dataset,2026-06-09,auto,2026-10-01
4123010225,东北林业大学,resources.career_url,"""http://job.nefu.edu.cn/""",https://github.com/PotoYang/UniversityCareerWebPage/blob/0fbc54deee6a4a3aec67ffd77e41bccec898804e/README.md,community_dataset,2019-10-21,auto,2026-10-01
4123010231,哈尔滨师范大学,identity.slug_aliases,"[""harbin-normal-university""]",https://github.com/damitheswitch/china-universities-dataset/blob/5eaa2a93f86ac322d53a36da9977d9a4c80f1f56/data/universities.json,community_dataset,2026,auto,2026-10-01
4123010231,哈尔滨师范大学,institution.school_type,"""师范""",https://github.com/xioajiumi/Chinese_Universities/blob/e088fddc329a6f0148ca72fd3b4d0fe069f13e3a/Chinese_Universities.json,community_dataset,2021,auto,2026-10-01
4123010231,哈尔滨师范大学,institution.country,"""China""",https://github.com/damitheswitch/china-universities-dataset/blob/5eaa2a93f86ac322d53a36da9977d9a4c80f1f56/data/universities.json,community_dataset,2026,auto,2026-10-01
4123010232,齐齐哈尔大学,identity.slug_aliases,"[""qiqihar-university""]",https://github.com/damitheswitch/china-universities-dataset/blob/5eaa2a93f86ac322d53a36da9977d9a4c80f1f56/data/universities.json,community_dataset,2026,auto,2026-10-01
4123010232,齐齐哈尔大学,institution.school_type,"""综合""",https://github.com/xioajiumi/Chinese_Universities/blob/e088fddc329a6f0148ca72fd3b4d0fe069f13e3a/Chinese_Universities.json,community_dataset,2021,auto,2026-10-01
4123010232,齐齐哈尔大学,institution.country,"""China""",https://github.com/damitheswitch/china-universities-dataset/blob/5eaa2a93f86ac322d53a36da9977d9a4c80f1f56/data/universities.json,community_dataset,2026,auto,2026-10-01
4123010233,牡丹江师范学院,identity.slug_aliases,"[""mudanjiang-normal-university""]",https://github.com/damitheswitch/china-universities-dataset/blob/5eaa2a93f86ac322d53a36da9977d9a4c80f1f56/data/universities.json,community_dataset,2026,auto,2026-10-01
4123010233,牡丹江师范学院,institution.school_type,"""师范""",https://github.com/xioajiumi/Chinese_Universities/blob/e088fddc329a6f0148ca72fd3b4d0fe069f13e3a/Chinese_Universities.json,community_dataset,2021,auto,2026-10-01
4123010233,牡丹江师范学院,institution.country,"""China""",https://github.com/damitheswitch/china-universities-dataset/blob/5eaa2a93f86ac322d53a36da9977d9a4c80f1f56/data/universities.json,community_dataset,2026,auto,2026-10-01
4123010234,哈尔滨学院,identity.slug_aliases,"[""harbin-university""]",https://github.com/damitheswitch/china-universities-dataset/blob/5eaa2a93f86ac322d53a36da9977d9a4c80f1f56/data/universities.json,community_dataset,2026,auto,2026-10-01
4123010234,哈尔滨学院,institution.school_type,"""综合""",https://github.com/xioajiumi/Chinese_Universities/blob/e088fddc329a6f0148ca72fd3b4d0fe069f13e3a/Chinese_Universities.json,community_dataset,2021,auto,2026-10-01
4123010234,哈尔滨学院,institution.country,"""China""",https://github.com/damitheswitch/china-universities-dataset/blob/5eaa2a93f86ac322d53a36da9977d9a4c80f1f56/data/universities.json,community_dataset,2026,auto,2026-10-01
4123010235,大庆师范学院,identity.slug_aliases,"[""daqing-normal-university""]",https://github.com/damitheswitch/china-universities-dataset/blob/5eaa2a93f86ac322d53a36da9977d9a4c80f1f56/data/universities.json,community_dataset,2026,auto,2026-10-01
4123010235,大庆师范学院,institution.school_type,"""综合""",https://github.com/xioajiumi/Chinese_Universities/blob/e088fddc329a6f0148ca72fd3b4d0fe069f13e3a/Chinese_Universities.json,community_dataset,2021,auto,2026-10-01
4123010235,大庆师范学院,institution.country,"""China""",https://github.com/damitheswitch/china-universities-dataset/blob/5eaa2a93f86ac322d53a36da9977d9a4c80f1f56/data/universities.json,community_dataset,2026,auto,2026-10-01
4123010236,绥化学院,identity.slug_aliases,"[""suihua-university""]",https://github.com/damitheswitch/china-universities-dataset/blob/5eaa2a93f86ac322d53a36da9977d9a4c80f1f56/data/universities.json,community_dataset,2026,auto,2026-10-01
4123010236,绥化学院,institution.school_type,"""综合""",https://github.com/xioajiumi/Chinese_Universities/blob/e088fddc329a6f0148ca72fd3b4d0fe069f13e3a/Chinese_Universities.json,community_dataset,2021,auto,2026-10-01
4123010236,绥化学院,institution.country,"""China""",https://github.com/damitheswitch/china-universities-dataset/blob/5eaa2a93f86ac322d53a36da9977d9a4c80f1f56/data/universities.json,community_dataset,2026,auto,2026-10-01
4123011445,黑龙江工业学院,identity.slug_aliases,"[""heilongjiang-university-of-technology""]",https://github.com/damitheswitch/china-universities-dataset/blob/5eaa2a93f86ac322d53a36da9977d9a4c80f1f56/data/universities.json,community_dataset,2026,auto,2026-10-01
4123011445,黑龙江工业学院,institution.school_type,"""理工""",https://github.com/xioajiumi/Chinese_Universities/blob/e088fddc329a6f0148ca72fd3b4d0fe069f13e3a/Chinese_Universities.json,community_dataset,2021,auto,2026-10-01
4123011445,黑龙江工业学院,institution.country,"""China""",https://github.com/damitheswitch/china-universities-dataset/blob/5eaa2a93f86ac322d53a36da9977d9a4c80f1f56/data/universities.json,community_dataset,2026,auto,2026-10-01
4123011802,黑龙江工程学院,identity.slug_aliases,"[""heilongjiang-institute-of-technology""]",https://github.com/damitheswitch/china-universities-dataset/blob/5eaa2a93f86ac322d53a36da9977d9a4c80f1f56/data/universities.json,community_dataset,2026,auto,2026-10-01
4123011802,黑龙江工程学院,institution.school_type,"""理工""",https://github.com/xioajiumi/Chinese_Universities/blob/e088fddc329a6f0148ca72fd3b4d0fe069f13e3a/Chinese_Universities.json,community_dataset,2021,auto,2026-10-01
4123011802,黑龙江工程学院,institution.country,"""China""",https://github.com/damitheswitch/china-universities-dataset/blob/5eaa2a93f86ac322d53a36da9977d9a4c80f1f56/data/universities.json,community_dataset,2026,auto,2026-10-01
4123013744,黑河学院,identity.slug_aliases,"[""heihe-university""]",https://github.com/damitheswitch/china-universities-dataset/blob/5eaa2a93f86ac322d53a36da9977d9a4c80f1f56/data/universities.json,community_dataset,2026,auto,2026-10-01
4123013744,黑河学院,institution.school_type,"""综合""",https://github.com/xioajiumi/Chinese_Universities/blob/e088fddc329a6f0148ca72fd3b4d0fe069f13e3a/Chinese_Universities.json,community_dataset,2021,auto,2026-10-01
4123013744,黑河学院,institution.country,"""China""",https://github.com/damitheswitch/china-universities-dataset/blob/5eaa2a93f86ac322d53a36da9977d9a4c80f1f56/data/universities.json,community_dataset,2026,auto,2026-10-01
