school_code,name_zh,asset_id,kind,url,source,file_name,upstream_path,official,format,width,height,intrinsic_width,intrinsic_height,vector,representation,has_alpha,transparent_background,access_status,repository_license,asset_license,rights_holder,repository,commit,sha256,byte_size
4131010246,复旦大学,3bcdbb73f6bd6429,badge,https://www.shanghairanking.cn/_uni/logo/28312850.png,https://github.com/xioajiumi/Chinese_Universities/blob/e088fddc329a6f0148ca72fd3b4d0fe069f13e3a/Chinese_Universities.json,28312850.png,Chinese_Universities.json,False,png,,,,,,,,,indexed_not_fetched,MIT,,复旦大学,xioajiumi/Chinese_Universities,e088fddc329a6f0148ca72fd3b4d0fe069f13e3a,,
4131010246,复旦大学,a11d3b471d348338,badge,https://raw.githubusercontent.com/Magicdover/China-Universities-2026/419bdc7ce6956fc88c2b70b3979f170b6666f111/assets/logos-new/%E5%A4%8D%E6%97%A6%E5%A4%A7%E5%AD%A6%20FDU.svg,https://github.com/Magicdover/China-Universities-2026/blob/419bdc7ce6956fc88c2b70b3979f170b6666f111/assets/logos-new/%E5%A4%8D%E6%97%A6%E5%A4%A7%E5%AD%A6%20FDU.svg,%E5%A4%8D%E6%97%A6%E5%A4%A7%E5%AD%A6%20FDU.svg,assets/logos-new/复旦大学 FDU.svg,False,svg,,,,,True,vector,,,content_inspected,MIT,,复旦大学,Magicdover/China-Universities-2026,419bdc7ce6956fc88c2b70b3979f170b6666f111,16212f4d8ed8867355eda5899588966531273d3f83654cb922ed49b351185577,18113
4131010246,复旦大学,dbcdc27aa82d77a0,badge,https://raw.githubusercontent.com/HeyHuazi/SVGLOGO/142498f527ac2dd3116cc1feccb9670879839f74/static/library/school/FDU.svg,https://github.com/HeyHuazi/SVGLOGO/blob/142498f527ac2dd3116cc1feccb9670879839f74/static/library/school/FDU.svg,FDU.svg,static/library/school/FDU.svg,False,svg,128.0,137.0,,,True,vector,,,content_inspected,MIT,,复旦大学,HeyHuazi/SVGLOGO,142498f527ac2dd3116cc1feccb9670879839f74,5a012e0ae24208f2ce7b64766627a5b31a545e91fc542041f0bb778ee3855069,14160
4131010246,复旦大学,5f1fab2db58a7205,wordmark,https://raw.githubusercontent.com/HeyHuazi/SVGLOGO/142498f527ac2dd3116cc1feccb9670879839f74/static/library/school/FDU_wordmark.svg,https://github.com/HeyHuazi/SVGLOGO/blob/142498f527ac2dd3116cc1feccb9670879839f74/static/library/school/FDU_wordmark.svg,FDU_wordmark.svg,static/library/school/FDU_wordmark.svg,False,svg,,,,,True,vector,,,content_inspected,MIT,,复旦大学,HeyHuazi/SVGLOGO,142498f527ac2dd3116cc1feccb9670879839f74,60a41781a636b7033e758a6bd50dc16e112bb1fc7c9a8c338c61c4da80e07329,13865
4131010247,同济大学,c28853f96424b871,badge,https://www.shanghairanking.cn/_uni/logo/39174907.png,https://github.com/xioajiumi/Chinese_Universities/blob/e088fddc329a6f0148ca72fd3b4d0fe069f13e3a/Chinese_Universities.json,39174907.png,Chinese_Universities.json,False,png,,,,,,,,,indexed_not_fetched,MIT,,同济大学,xioajiumi/Chinese_Universities,e088fddc329a6f0148ca72fd3b4d0fe069f13e3a,,
4131010247,同济大学,b03d5cc00285530d,badge,https://raw.githubusercontent.com/Magicdover/China-Universities-2026/419bdc7ce6956fc88c2b70b3979f170b6666f111/assets/logos-new/%E5%90%8C%E6%B5%8E%E5%A4%A7%E5%AD%A6%20TONGJI.svg,https://github.com/Magicdover/China-Universities-2026/blob/419bdc7ce6956fc88c2b70b3979f170b6666f111/assets/logos-new/%E5%90%8C%E6%B5%8E%E5%A4%A7%E5%AD%A6%20TONGJI.svg,%E5%90%8C%E6%B5%8E%E5%A4%A7%E5%AD%A6%20TONGJI.svg,assets/logos-new/同济大学 TONGJI.svg,False,svg,88.0,88.0,,,True,vector,,,content_inspected,MIT,,同济大学,Magicdover/China-Universities-2026,419bdc7ce6956fc88c2b70b3979f170b6666f111,78feec0504693f9db65f8843ef514bccd5dc9954261c6afec5a78421f6b75f9e,54387
4131010247,同济大学,e62258792077756f,badge,https://raw.githubusercontent.com/HeyHuazi/SVGLOGO/142498f527ac2dd3116cc1feccb9670879839f74/static/library/school/TongJiDaXue.svg,https://github.com/HeyHuazi/SVGLOGO/blob/142498f527ac2dd3116cc1feccb9670879839f74/static/library/school/TongJiDaXue.svg,TongJiDaXue.svg,static/library/school/TongJiDaXue.svg,False,svg,128.0,137.0,,,True,vector,,,content_inspected,MIT,,同济大学,HeyHuazi/SVGLOGO,142498f527ac2dd3116cc1feccb9670879839f74,66a8cdda9fec0c09858e59b0c7bd6ad7a254dfa4101173a5902cf8ba1fd11033,30495
4131010247,同济大学,20965f7e8f19de73,wordmark,https://raw.githubusercontent.com/HeyHuazi/SVGLOGO/142498f527ac2dd3116cc1feccb9670879839f74/static/library/school/TongJiDaXue_wordmark.svg,https://github.com/HeyHuazi/SVGLOGO/blob/142498f527ac2dd3116cc1feccb9670879839f74/static/library/school/TongJiDaXue_wordmark.svg,TongJiDaXue_wordmark.svg,static/library/school/TongJiDaXue_wordmark.svg,False,svg,,,,,True,vector,,,content_inspected,MIT,,同济大学,HeyHuazi/SVGLOGO,142498f527ac2dd3116cc1feccb9670879839f74,54a0cbfd2b78facd8aba3a7eba363670c371fc63c7aefd717c7d081eb91f6b66,17123
4131010247,同济大学,967acf04726629cd,badge,https://raw.githubusercontent.com/RoboMaster/university_logos/3d645fc89869707bd7df8dba0f7e4bbcc4a60e14/Tongji_University/png/logo_blue_800x800.png,https://github.com/RoboMaster/university_logos/blob/3d645fc89869707bd7df8dba0f7e4bbcc4a60e14/Tongji_University/png/logo_blue_800x800.png,logo_blue_800x800.png,Tongji_University/png/logo_blue_800x800.png,False,png,800,800,,,False,raster,True,True,content_inspected,,,同济大学,RoboMaster/university_logos,3d645fc89869707bd7df8dba0f7e4bbcc4a60e14,4a8072050ea78bfc59052b790a732131e81995dd2cdf1f473628889023f2d2b4,67501
4131010247,同济大学,5f67181246ff7b43,badge,https://raw.githubusercontent.com/RoboMaster/university_logos/3d645fc89869707bd7df8dba0f7e4bbcc4a60e14/Tongji_University/svg/logo_blue.svg,https://github.com/RoboMaster/university_logos/blob/3d645fc89869707bd7df8dba0f7e4bbcc4a60e14/Tongji_University/svg/logo_blue.svg,logo_blue.svg,Tongji_University/svg/logo_blue.svg,False,svg,,,,,True,vector,,,content_inspected,,,同济大学,RoboMaster/university_logos,3d645fc89869707bd7df8dba0f7e4bbcc4a60e14,403f7e04682512e122e309f8be02cc4aa1e35e6c320edbe797c7230ddd55c238,482561
4131010248,上海交通大学,46d111b106f0caa9,badge,https://www.shanghairanking.cn/_uni/logo/27403919.png,https://github.com/xioajiumi/Chinese_Universities/blob/e088fddc329a6f0148ca72fd3b4d0fe069f13e3a/Chinese_Universities.json,27403919.png,Chinese_Universities.json,False,png,,,,,,,,,indexed_not_fetched,MIT,,上海交通大学,xioajiumi/Chinese_Universities,e088fddc329a6f0148ca72fd3b4d0fe069f13e3a,,
4131010248,上海交通大学,e478969b4514b53a,badge,https://raw.githubusercontent.com/Magicdover/China-Universities-2026/419bdc7ce6956fc88c2b70b3979f170b6666f111/assets/logos-new/%E4%B8%8A%E6%B5%B7%E4%BA%A4%E9%80%9A%E5%A4%A7%E5%AD%A6%20SJTU.svg,https://github.com/Magicdover/China-Universities-2026/blob/419bdc7ce6956fc88c2b70b3979f170b6666f111/assets/logos-new/%E4%B8%8A%E6%B5%B7%E4%BA%A4%E9%80%9A%E5%A4%A7%E5%AD%A6%20SJTU.svg,%E4%B8%8A%E6%B5%B7%E4%BA%A4%E9%80%9A%E5%A4%A7%E5%AD%A6%20SJTU.svg,assets/logos-new/上海交通大学 SJTU.svg,False,svg,88.0,88.0,,,True,vector,,,content_inspected,MIT,,上海交通大学,Magicdover/China-Universities-2026,419bdc7ce6956fc88c2b70b3979f170b6666f111,cd474795af5c2cea5ec498eeee2fba708aca8b6cd7089cc51963be0000f9d322,61416
4131010248,上海交通大学,e94eaf880696e6ce,badge,https://raw.githubusercontent.com/HeyHuazi/SVGLOGO/142498f527ac2dd3116cc1feccb9670879839f74/static/library/school/SJTU.svg,https://github.com/HeyHuazi/SVGLOGO/blob/142498f527ac2dd3116cc1feccb9670879839f74/static/library/school/SJTU.svg,SJTU.svg,static/library/school/SJTU.svg,False,svg,128.0,137.0,,,True,vector,,,content_inspected,MIT,,上海交通大学,HeyHuazi/SVGLOGO,142498f527ac2dd3116cc1feccb9670879839f74,6719d2256596a84dd46e9d58f348ea42625454117fc8b30b3f48921fd2065f95,33900
4131010248,上海交通大学,26cc94723556b324,wordmark,https://raw.githubusercontent.com/HeyHuazi/SVGLOGO/142498f527ac2dd3116cc1feccb9670879839f74/static/library/school/SJTU_wordmark.svg,https://github.com/HeyHuazi/SVGLOGO/blob/142498f527ac2dd3116cc1feccb9670879839f74/static/library/school/SJTU_wordmark.svg,SJTU_wordmark.svg,static/library/school/SJTU_wordmark.svg,False,svg,,,,,True,vector,,,content_inspected,MIT,,上海交通大学,HeyHuazi/SVGLOGO,142498f527ac2dd3116cc1feccb9670879839f74,69d9d7263050f73b5829eef3f45650f653c2119a06261c971a5706fd90ac86b3,20733
4131010248,上海交通大学,1f3d313be4a71df9,badge,https://raw.githubusercontent.com/RoboMaster/university_logos/3d645fc89869707bd7df8dba0f7e4bbcc4a60e14/Shanghai_Jiao_Tong_University/png/logo_red_800x800.png,https://github.com/RoboMaster/university_logos/blob/3d645fc89869707bd7df8dba0f7e4bbcc4a60e14/Shanghai_Jiao_Tong_University/png/logo_red_800x800.png,logo_red_800x800.png,Shanghai_Jiao_Tong_University/png/logo_red_800x800.png,False,png,800,800,,,False,raster,True,True,content_inspected,,,上海交通大学,RoboMaster/university_logos,3d645fc89869707bd7df8dba0f7e4bbcc4a60e14,2108c6eb2772caafc67cba0a4d2d18b0e33e5d348c6ed8a31ed1292e3df62508,359298
4131010251,华东理工大学,8263cd17cdc2f10a,badge,https://www.shanghairanking.cn/_uni/logo/93042584.png,https://github.com/xioajiumi/Chinese_Universities/blob/e088fddc329a6f0148ca72fd3b4d0fe069f13e3a/Chinese_Universities.json,93042584.png,Chinese_Universities.json,False,png,,,,,,,,,indexed_not_fetched,MIT,,华东理工大学,xioajiumi/Chinese_Universities,e088fddc329a6f0148ca72fd3b4d0fe069f13e3a,,
4131010251,华东理工大学,eb4fd5d1c935fc27,badge,https://raw.githubusercontent.com/Magicdover/China-Universities-2026/419bdc7ce6956fc88c2b70b3979f170b6666f111/assets/logos-new/%E5%8D%8E%E4%B8%9C%E7%90%86%E5%B7%A5%E5%A4%A7%E5%AD%A6%20ECUST.svg,https://github.com/Magicdover/China-Universities-2026/blob/419bdc7ce6956fc88c2b70b3979f170b6666f111/assets/logos-new/%E5%8D%8E%E4%B8%9C%E7%90%86%E5%B7%A5%E5%A4%A7%E5%AD%A6%20ECUST.svg,%E5%8D%8E%E4%B8%9C%E7%90%86%E5%B7%A5%E5%A4%A7%E5%AD%A6%20ECUST.svg,assets/logos-new/华东理工大学 ECUST.svg,False,svg,88.0,88.0,,,True,vector,,,content_inspected,MIT,,华东理工大学,Magicdover/China-Universities-2026,419bdc7ce6956fc88c2b70b3979f170b6666f111,7aa113c9d3aef321854d400f68937cf24f42737eb4d0afe4fb17698d3613176c,50094
4131010252,上海理工大学,649a7b628e5c4c74,badge,https://www.shanghairanking.cn/_uni/logo/13304999.png,https://github.com/xioajiumi/Chinese_Universities/blob/e088fddc329a6f0148ca72fd3b4d0fe069f13e3a/Chinese_Universities.json,13304999.png,Chinese_Universities.json,False,png,,,,,,,,,indexed_not_fetched,MIT,,上海理工大学,xioajiumi/Chinese_Universities,e088fddc329a6f0148ca72fd3b4d0fe069f13e3a,,
4131010252,上海理工大学,f6188344a25b8075,badge,https://raw.githubusercontent.com/Magicdover/China-Universities-2026/419bdc7ce6956fc88c2b70b3979f170b6666f111/assets/logos-new/%E4%B8%8A%E6%B5%B7%E7%90%86%E5%B7%A5%E5%A4%A7%E5%AD%A6%20USST.svg,https://github.com/Magicdover/China-Universities-2026/blob/419bdc7ce6956fc88c2b70b3979f170b6666f111/assets/logos-new/%E4%B8%8A%E6%B5%B7%E7%90%86%E5%B7%A5%E5%A4%A7%E5%AD%A6%20USST.svg,%E4%B8%8A%E6%B5%B7%E7%90%86%E5%B7%A5%E5%A4%A7%E5%AD%A6%20USST.svg,assets/logos-new/上海理工大学 USST.svg,False,svg,298.2012,298.2007,,,True,vector,,,content_inspected,MIT,,上海理工大学,Magicdover/China-Universities-2026,419bdc7ce6956fc88c2b70b3979f170b6666f111,171a3a8f121526a35502817a726093335ab7c9ed4fae97a560ec6283ecdef38c,205841
4131010252,上海理工大学,412c944ded1bc688,badge,https://raw.githubusercontent.com/HeyHuazi/SVGLOGO/142498f527ac2dd3116cc1feccb9670879839f74/static/library/school/USST.svg,https://github.com/HeyHuazi/SVGLOGO/blob/142498f527ac2dd3116cc1feccb9670879839f74/static/library/school/USST.svg,USST.svg,static/library/school/USST.svg,False,svg,128.0,137.0,,,True,vector,,,content_inspected,MIT,,上海理工大学,HeyHuazi/SVGLOGO,142498f527ac2dd3116cc1feccb9670879839f74,91047ecb4b046b312ceac2e2e815c614dc8844627e9f2e6a6bf1d097529ffd4b,27936
4131010252,上海理工大学,ca88e3a4fe6affa4,wordmark,https://raw.githubusercontent.com/HeyHuazi/SVGLOGO/142498f527ac2dd3116cc1feccb9670879839f74/static/library/school/USST_wordmark.svg,https://github.com/HeyHuazi/SVGLOGO/blob/142498f527ac2dd3116cc1feccb9670879839f74/static/library/school/USST_wordmark.svg,USST_wordmark.svg,static/library/school/USST_wordmark.svg,False,svg,228.0,46.0,,,True,vector,,,content_inspected,MIT,,上海理工大学,HeyHuazi/SVGLOGO,142498f527ac2dd3116cc1feccb9670879839f74,7804b4a9d1e6b7f1e06cc233d10fac36bc273b713db97d7af78d5ba1fb76188a,87724
4131010252,上海理工大学,c7b13bc0559193f9,badge,https://raw.githubusercontent.com/RoboMaster/university_logos/3d645fc89869707bd7df8dba0f7e4bbcc4a60e14/University_of_Shanghai_for_Science_and_Technology/png/logo_blue_800x800.png,https://github.com/RoboMaster/university_logos/blob/3d645fc89869707bd7df8dba0f7e4bbcc4a60e14/University_of_Shanghai_for_Science_and_Technology/png/logo_blue_800x800.png,logo_blue_800x800.png,University_of_Shanghai_for_Science_and_Technology/png/logo_blue_800x800.png,False,png,800,800,,,False,raster,True,True,content_inspected,,,上海理工大学,RoboMaster/university_logos,3d645fc89869707bd7df8dba0f7e4bbcc4a60e14,97c4e8f25d67d5d2f1a510901973cd3abd8328d026901beb740d92a88ea7eede,66222
4131010252,上海理工大学,53a174cb640e9f96,badge,https://raw.githubusercontent.com/RoboMaster/university_logos/3d645fc89869707bd7df8dba0f7e4bbcc4a60e14/University_of_Shanghai_for_Science_and_Technology/svg/logo_blue.svg,https://github.com/RoboMaster/university_logos/blob/3d645fc89869707bd7df8dba0f7e4bbcc4a60e14/University_of_Shanghai_for_Science_and_Technology/svg/logo_blue.svg,logo_blue.svg,University_of_Shanghai_for_Science_and_Technology/svg/logo_blue.svg,False,svg,,,,,True,vector,,,content_inspected,,,上海理工大学,RoboMaster/university_logos,3d645fc89869707bd7df8dba0f7e4bbcc4a60e14,6a2c5e44b788c9c4c537eb7b353a1ea7add52ffdf53b9f6e8485c300a0794ccd,580861
4131010254,上海海事大学,da0921b93bb0439f,badge,https://www.shanghairanking.cn/_uni/logo/27308396.png,https://github.com/xioajiumi/Chinese_Universities/blob/e088fddc329a6f0148ca72fd3b4d0fe069f13e3a/Chinese_Universities.json,27308396.png,Chinese_Universities.json,False,png,,,,,,,,,indexed_not_fetched,MIT,,上海海事大学,xioajiumi/Chinese_Universities,e088fddc329a6f0148ca72fd3b4d0fe069f13e3a,,
4131010254,上海海事大学,a7a04270dc73646c,badge,https://raw.githubusercontent.com/HeyHuazi/SVGLOGO/142498f527ac2dd3116cc1feccb9670879839f74/static/library/school/SHMTU.svg,https://github.com/HeyHuazi/SVGLOGO/blob/142498f527ac2dd3116cc1feccb9670879839f74/static/library/school/SHMTU.svg,SHMTU.svg,static/library/school/SHMTU.svg,False,svg,128.0,137.0,,,True,vector,,,content_inspected,MIT,,上海海事大学,HeyHuazi/SVGLOGO,142498f527ac2dd3116cc1feccb9670879839f74,91aa0c1a5a1217dd97696f184119a4b785e83e75a0b7120e0a68c19aca9300e9,19066
4131010254,上海海事大学,4bc688221ad01c02,wordmark,https://raw.githubusercontent.com/HeyHuazi/SVGLOGO/142498f527ac2dd3116cc1feccb9670879839f74/static/library/school/SHMTU_wordmark.svg,https://github.com/HeyHuazi/SVGLOGO/blob/142498f527ac2dd3116cc1feccb9670879839f74/static/library/school/SHMTU_wordmark.svg,SHMTU_wordmark.svg,static/library/school/SHMTU_wordmark.svg,False,svg,,,,,True,vector,,,content_inspected,MIT,,上海海事大学,HeyHuazi/SVGLOGO,142498f527ac2dd3116cc1feccb9670879839f74,a1407773690785b22beaf237973abbc3586cbe338e3746d8226b4cf27786a838,13326
4131010255,东华大学,da8d2064becf1633,badge,https://www.shanghairanking.cn/_uni/logo/41255312.png,https://github.com/xioajiumi/Chinese_Universities/blob/e088fddc329a6f0148ca72fd3b4d0fe069f13e3a/Chinese_Universities.json,41255312.png,Chinese_Universities.json,False,png,,,,,,,,,indexed_not_fetched,MIT,,东华大学,xioajiumi/Chinese_Universities,e088fddc329a6f0148ca72fd3b4d0fe069f13e3a,,
4131010255,东华大学,e89913bd2ae4f3fb,badge,https://raw.githubusercontent.com/Magicdover/China-Universities-2026/419bdc7ce6956fc88c2b70b3979f170b6666f111/assets/logos-new/%E4%B8%9C%E5%8D%8E%E5%A4%A7%E5%AD%A6%20DHU.svg,https://github.com/Magicdover/China-Universities-2026/blob/419bdc7ce6956fc88c2b70b3979f170b6666f111/assets/logos-new/%E4%B8%9C%E5%8D%8E%E5%A4%A7%E5%AD%A6%20DHU.svg,%E4%B8%9C%E5%8D%8E%E5%A4%A7%E5%AD%A6%20DHU.svg,assets/logos-new/东华大学 DHU.svg,False,svg,88.0,88.0,,,True,vector,,,content_inspected,MIT,,东华大学,Magicdover/China-Universities-2026,419bdc7ce6956fc88c2b70b3979f170b6666f111,e65ab74bf481f89a9d095f16015fbb63ceefe32e1cf584bfab1c23c11b6863c5,92556
4131010256,上海电力大学,27ca7954ed1e9f16,badge,https://www.shanghairanking.cn/_uni/logo/10117000.png,https://github.com/xioajiumi/Chinese_Universities/blob/e088fddc329a6f0148ca72fd3b4d0fe069f13e3a/Chinese_Universities.json,10117000.png,Chinese_Universities.json,False,png,,,,,,,,,indexed_not_fetched,MIT,,上海电力大学,xioajiumi/Chinese_Universities,e088fddc329a6f0148ca72fd3b4d0fe069f13e3a,,
4131010259,上海应用技术大学,a111f434fb30d7f9,badge,https://www.shanghairanking.cn/_uni/logo/11765823.png,https://github.com/xioajiumi/Chinese_Universities/blob/e088fddc329a6f0148ca72fd3b4d0fe069f13e3a/Chinese_Universities.json,11765823.png,Chinese_Universities.json,False,png,,,,,,,,,indexed_not_fetched,MIT,,上海应用技术大学,xioajiumi/Chinese_Universities,e088fddc329a6f0148ca72fd3b4d0fe069f13e3a,,
4131010264,上海海洋大学,2eaf7a0148299e24,badge,https://www.shanghairanking.cn/_uni/logo/47534017.png,https://github.com/xioajiumi/Chinese_Universities/blob/e088fddc329a6f0148ca72fd3b4d0fe069f13e3a/Chinese_Universities.json,47534017.png,Chinese_Universities.json,False,png,,,,,,,,,indexed_not_fetched,MIT,,上海海洋大学,xioajiumi/Chinese_Universities,e088fddc329a6f0148ca72fd3b4d0fe069f13e3a,,
4131010268,上海中医药大学,2a6be704ba422634,badge,https://raw.githubusercontent.com/Magicdover/China-Universities-2026/419bdc7ce6956fc88c2b70b3979f170b6666f111/assets/logos-new/%E4%B8%8A%E6%B5%B7%E4%B8%AD%E5%8C%BB%E8%8D%AF%E5%A4%A7%E5%AD%A6%20SHUTCM.svg,https://github.com/Magicdover/China-Universities-2026/blob/419bdc7ce6956fc88c2b70b3979f170b6666f111/assets/logos-new/%E4%B8%8A%E6%B5%B7%E4%B8%AD%E5%8C%BB%E8%8D%AF%E5%A4%A7%E5%AD%A6%20SHUTCM.svg,%E4%B8%8A%E6%B5%B7%E4%B8%AD%E5%8C%BB%E8%8D%AF%E5%A4%A7%E5%AD%A6%20SHUTCM.svg,assets/logos-new/上海中医药大学 SHUTCM.svg,False,svg,88.0,88.0,,,True,vector,,,content_inspected,MIT,,上海中医药大学,Magicdover/China-Universities-2026,419bdc7ce6956fc88c2b70b3979f170b6666f111,1652cd01bae34080a185eeddf5c4f6b58163a637bf1a8fddde3096c6a51ed1fe,1366616
4131010269,华东师范大学,a647e22e12e1e05d,badge,https://www.shanghairanking.cn/_uni/logo/47430452.png,https://github.com/xioajiumi/Chinese_Universities/blob/e088fddc329a6f0148ca72fd3b4d0fe069f13e3a/Chinese_Universities.json,47430452.png,Chinese_Universities.json,False,png,,,,,,,,,indexed_not_fetched,MIT,,华东师范大学,xioajiumi/Chinese_Universities,e088fddc329a6f0148ca72fd3b4d0fe069f13e3a,,
4131010269,华东师范大学,981a88628334ef6f,badge,https://raw.githubusercontent.com/Magicdover/China-Universities-2026/419bdc7ce6956fc88c2b70b3979f170b6666f111/assets/logos-new/%E5%8D%8E%E4%B8%9C%E5%B8%88%E8%8C%83%E5%A4%A7%E5%AD%A6%20ECNU.svg,https://github.com/Magicdover/China-Universities-2026/blob/419bdc7ce6956fc88c2b70b3979f170b6666f111/assets/logos-new/%E5%8D%8E%E4%B8%9C%E5%B8%88%E8%8C%83%E5%A4%A7%E5%AD%A6%20ECNU.svg,%E5%8D%8E%E4%B8%9C%E5%B8%88%E8%8C%83%E5%A4%A7%E5%AD%A6%20ECNU.svg,assets/logos-new/华东师范大学 ECNU.svg,False,svg,283.4639892578125,283.4649963378906,,,True,vector,,,content_inspected,MIT,,华东师范大学,Magicdover/China-Universities-2026,419bdc7ce6956fc88c2b70b3979f170b6666f111,48151ca116e9933a2ed121fc97d4070818fc6c908ec696eb30ebdecf4b7b8097,32030
4131010269,华东师范大学,a75d1b1c9492d951,badge,https://raw.githubusercontent.com/HeyHuazi/SVGLOGO/142498f527ac2dd3116cc1feccb9670879839f74/static/library/school/ECNU.svg,https://github.com/HeyHuazi/SVGLOGO/blob/142498f527ac2dd3116cc1feccb9670879839f74/static/library/school/ECNU.svg,ECNU.svg,static/library/school/ECNU.svg,False,svg,128.0,137.0,,,True,vector,,,content_inspected,MIT,,华东师范大学,HeyHuazi/SVGLOGO,142498f527ac2dd3116cc1feccb9670879839f74,f4b9b3194c7c1b52b203b69e9c193675d25f72cfef35c1fa65bb668cc05921c0,20368
4131010269,华东师范大学,1a451d8de3b62492,wordmark,https://raw.githubusercontent.com/HeyHuazi/SVGLOGO/142498f527ac2dd3116cc1feccb9670879839f74/static/library/school/ECNU_wordmark.svg,https://github.com/HeyHuazi/SVGLOGO/blob/142498f527ac2dd3116cc1feccb9670879839f74/static/library/school/ECNU_wordmark.svg,ECNU_wordmark.svg,static/library/school/ECNU_wordmark.svg,False,svg,,,,,True,vector,,,content_inspected,MIT,,华东师范大学,HeyHuazi/SVGLOGO,142498f527ac2dd3116cc1feccb9670879839f74,482fe1c24cf210c89a44c4ace2d91d3f00687c7763cfbe6b5a88780351428872,14027
4131010269,华东师范大学,9f48ec270f0848be,badge,https://raw.githubusercontent.com/RoboMaster/university_logos/3d645fc89869707bd7df8dba0f7e4bbcc4a60e14/East_China_Normal_University/png/logo_blue_800x800.png,https://github.com/RoboMaster/university_logos/blob/3d645fc89869707bd7df8dba0f7e4bbcc4a60e14/East_China_Normal_University/png/logo_blue_800x800.png,logo_blue_800x800.png,East_China_Normal_University/png/logo_blue_800x800.png,False,png,800,800,,,False,raster,True,True,content_inspected,,,华东师范大学,RoboMaster/university_logos,3d645fc89869707bd7df8dba0f7e4bbcc4a60e14,d03723b39afddd831cb1c46702eef21501279a7d0531742e1f01e3c0c44007fb,66706
4131010269,华东师范大学,dddc24fad94a5d7a,badge,https://raw.githubusercontent.com/RoboMaster/university_logos/3d645fc89869707bd7df8dba0f7e4bbcc4a60e14/East_China_Normal_University/svg/logo_blue.svg,https://github.com/RoboMaster/university_logos/blob/3d645fc89869707bd7df8dba0f7e4bbcc4a60e14/East_China_Normal_University/svg/logo_blue.svg,logo_blue.svg,East_China_Normal_University/svg/logo_blue.svg,False,svg,,,,,True,vector,,,content_inspected,,,华东师范大学,RoboMaster/university_logos,3d645fc89869707bd7df8dba0f7e4bbcc4a60e14,887f507ac96719f5988bd58a4b384f2fcfbea5480bd1d8766eb5197b3261ec36,477548
4131010270,上海师范大学,14eebb0654fb0c1f,badge,https://www.shanghairanking.cn/_uni/logo/69056215.png,https://github.com/xioajiumi/Chinese_Universities/blob/e088fddc329a6f0148ca72fd3b4d0fe069f13e3a/Chinese_Universities.json,69056215.png,Chinese_Universities.json,False,png,,,,,,,,,indexed_not_fetched,MIT,,上海师范大学,xioajiumi/Chinese_Universities,e088fddc329a6f0148ca72fd3b4d0fe069f13e3a,,
4131010271,上海外国语大学,5d2919914f33c861,badge,https://raw.githubusercontent.com/Magicdover/China-Universities-2026/419bdc7ce6956fc88c2b70b3979f170b6666f111/assets/logos/%E4%B8%8A%E6%B5%B7%E5%A4%96%E5%9B%BD%E8%AF%AD%E5%A4%A7%E5%AD%A6%20SISU.svg,https://github.com/Magicdover/China-Universities-2026/blob/419bdc7ce6956fc88c2b70b3979f170b6666f111/assets/logos/%E4%B8%8A%E6%B5%B7%E5%A4%96%E5%9B%BD%E8%AF%AD%E5%A4%A7%E5%AD%A6%20SISU.svg,%E4%B8%8A%E6%B5%B7%E5%A4%96%E5%9B%BD%E8%AF%AD%E5%A4%A7%E5%AD%A6%20SISU.svg,assets/logos/上海外国语大学 SISU.svg,False,svg,154.0,157.0,,,True,vector,,,content_inspected,MIT,,上海外国语大学,Magicdover/China-Universities-2026,419bdc7ce6956fc88c2b70b3979f170b6666f111,7677702c78558c976164d4bfd18cd31c6dbf180f4382fb30a7a3f7d268c8c542,77261
4131010272,上海财经大学,e17b1f82939eb996,badge,https://raw.githubusercontent.com/Magicdover/China-Universities-2026/419bdc7ce6956fc88c2b70b3979f170b6666f111/assets/logos-new/%E4%B8%8A%E6%B5%B7%E8%B4%A2%E7%BB%8F%E5%A4%A7%E5%AD%A6%20SUFE.svg,https://github.com/Magicdover/China-Universities-2026/blob/419bdc7ce6956fc88c2b70b3979f170b6666f111/assets/logos-new/%E4%B8%8A%E6%B5%B7%E8%B4%A2%E7%BB%8F%E5%A4%A7%E5%AD%A6%20SUFE.svg,%E4%B8%8A%E6%B5%B7%E8%B4%A2%E7%BB%8F%E5%A4%A7%E5%AD%A6%20SUFE.svg,assets/logos-new/上海财经大学 SUFE.svg,False,svg,88.0,88.0,,,True,vector,,,content_inspected,MIT,,上海财经大学,Magicdover/China-Universities-2026,419bdc7ce6956fc88c2b70b3979f170b6666f111,4775e68db5973fa94bf8d60ae71bcd7d8fd8516d7d2ff042769799f197784223,495098
4131010274,上海海关学院,4ffafde4f279cce5,badge,https://www.shanghairanking.cn/_uni/logo-jpg/3678336400.jpg,https://github.com/xioajiumi/Chinese_Universities/blob/e088fddc329a6f0148ca72fd3b4d0fe069f13e3a/Chinese_Universities.json,3678336400.jpg,Chinese_Universities.json,False,jpg,,,,,,,,,indexed_not_fetched,MIT,,上海海关学院,xioajiumi/Chinese_Universities,e088fddc329a6f0148ca72fd3b4d0fe069f13e3a,,
4131010276,华东政法大学,60ef6637c30439ba,badge,https://raw.githubusercontent.com/Magicdover/China-Universities-2026/419bdc7ce6956fc88c2b70b3979f170b6666f111/assets/logos-new/%E5%8D%8E%E4%B8%9C%E6%94%BF%E6%B3%95%E5%A4%A7%E5%AD%A6%20ECUPL.svg,https://github.com/Magicdover/China-Universities-2026/blob/419bdc7ce6956fc88c2b70b3979f170b6666f111/assets/logos-new/%E5%8D%8E%E4%B8%9C%E6%94%BF%E6%B3%95%E5%A4%A7%E5%AD%A6%20ECUPL.svg,%E5%8D%8E%E4%B8%9C%E6%94%BF%E6%B3%95%E5%A4%A7%E5%AD%A6%20ECUPL.svg,assets/logos-new/华东政法大学 ECUPL.svg,False,svg,,,,,True,vector,,,content_inspected,MIT,,华东政法大学,Magicdover/China-Universities-2026,419bdc7ce6956fc88c2b70b3979f170b6666f111,22b7384ae05cd6e46defba91914be87032a31c75475d9ab5a84950ac6bfe7c98,2465
4131010277,上海体育大学,a87ebd026df38d43,badge,https://raw.githubusercontent.com/Magicdover/China-Universities-2026/419bdc7ce6956fc88c2b70b3979f170b6666f111/assets/logos-new/%E4%B8%8A%E6%B5%B7%E4%BD%93%E8%82%B2%E5%A4%A7%E5%AD%A6%20SUS.svg,https://github.com/Magicdover/China-Universities-2026/blob/419bdc7ce6956fc88c2b70b3979f170b6666f111/assets/logos-new/%E4%B8%8A%E6%B5%B7%E4%BD%93%E8%82%B2%E5%A4%A7%E5%AD%A6%20SUS.svg,%E4%B8%8A%E6%B5%B7%E4%BD%93%E8%82%B2%E5%A4%A7%E5%AD%A6%20SUS.svg,assets/logos-new/上海体育大学 SUS.svg,False,svg,266.66666,172.0,,,True,vector,,,content_inspected,MIT,,上海体育大学,Magicdover/China-Universities-2026,419bdc7ce6956fc88c2b70b3979f170b6666f111,5fb5343549a66508fdaca384c4a023c31c1a8a8c3f5726a18a569033620b3b83,206232
4131010278,上海音乐学院,8c9cafc0b29ceb42,badge,https://raw.githubusercontent.com/Magicdover/China-Universities-2026/419bdc7ce6956fc88c2b70b3979f170b6666f111/assets/logos-new/%E4%B8%8A%E6%B5%B7%E9%9F%B3%E4%B9%90%E5%AD%A6%E9%99%A2%20SHCM.svg,https://github.com/Magicdover/China-Universities-2026/blob/419bdc7ce6956fc88c2b70b3979f170b6666f111/assets/logos-new/%E4%B8%8A%E6%B5%B7%E9%9F%B3%E4%B9%90%E5%AD%A6%E9%99%A2%20SHCM.svg,%E4%B8%8A%E6%B5%B7%E9%9F%B3%E4%B9%90%E5%AD%A6%E9%99%A2%20SHCM.svg,assets/logos-new/上海音乐学院 SHCM.svg,False,svg,56.0,88.0,,,True,vector,,,content_inspected,MIT,,上海音乐学院,Magicdover/China-Universities-2026,419bdc7ce6956fc88c2b70b3979f170b6666f111,ecd3fb6e2c2478b8ec7356a2b1b749f723fb9e011b226d4bce7d29aa83ddda73,37248
4131010279,上海戏剧学院,ff023220874c44fb,badge,https://raw.githubusercontent.com/Magicdover/China-Universities-2026/419bdc7ce6956fc88c2b70b3979f170b6666f111/assets/logos-new/%E4%B8%8A%E6%B5%B7%E6%88%8F%E5%89%A7%E5%AD%A6%E9%99%A2%20STA.svg,https://github.com/Magicdover/China-Universities-2026/blob/419bdc7ce6956fc88c2b70b3979f170b6666f111/assets/logos-new/%E4%B8%8A%E6%B5%B7%E6%88%8F%E5%89%A7%E5%AD%A6%E9%99%A2%20STA.svg,%E4%B8%8A%E6%B5%B7%E6%88%8F%E5%89%A7%E5%AD%A6%E9%99%A2%20STA.svg,assets/logos-new/上海戏剧学院 STA.svg,False,svg,88.0,88.0,,,True,vector,,,content_inspected,MIT,,上海戏剧学院,Magicdover/China-Universities-2026,419bdc7ce6956fc88c2b70b3979f170b6666f111,12850cea64e0dd254521c6bd560e3d589b4bc45567649979941a3cf7bf1d7151,3019
4131010280,上海大学,d49a92067d48c670,badge,https://www.shanghairanking.cn/_uni/logo/94139385.png,https://github.com/xioajiumi/Chinese_Universities/blob/e088fddc329a6f0148ca72fd3b4d0fe069f13e3a/Chinese_Universities.json,94139385.png,Chinese_Universities.json,False,png,,,,,,,,,indexed_not_fetched,MIT,,上海大学,xioajiumi/Chinese_Universities,e088fddc329a6f0148ca72fd3b4d0fe069f13e3a,,
4131010280,上海大学,74ce939fed4d68c6,badge,https://raw.githubusercontent.com/Magicdover/China-Universities-2026/419bdc7ce6956fc88c2b70b3979f170b6666f111/assets/logos-new/%E4%B8%8A%E6%B5%B7%E5%A4%A7%E5%AD%A6%20SHU.svg,https://github.com/Magicdover/China-Universities-2026/blob/419bdc7ce6956fc88c2b70b3979f170b6666f111/assets/logos-new/%E4%B8%8A%E6%B5%B7%E5%A4%A7%E5%AD%A6%20SHU.svg,%E4%B8%8A%E6%B5%B7%E5%A4%A7%E5%AD%A6%20SHU.svg,assets/logos-new/上海大学 SHU.svg,False,svg,70.0,88.0,,,True,vector,,,content_inspected,MIT,,上海大学,Magicdover/China-Universities-2026,419bdc7ce6956fc88c2b70b3979f170b6666f111,ce6c5dcdd6c6c258c6abd07bc6348ed0aa4050e35a2f5be90544a695833167c4,68504
4131010280,上海大学,fb4808b954f5bc8b,badge,https://raw.githubusercontent.com/RoboMaster/university_logos/3d645fc89869707bd7df8dba0f7e4bbcc4a60e14/Shanghai_University/png/logo_blue_800x800.png,https://github.com/RoboMaster/university_logos/blob/3d645fc89869707bd7df8dba0f7e4bbcc4a60e14/Shanghai_University/png/logo_blue_800x800.png,logo_blue_800x800.png,Shanghai_University/png/logo_blue_800x800.png,False,png,800,800,,,False,raster,True,True,content_inspected,,,上海大学,RoboMaster/university_logos,3d645fc89869707bd7df8dba0f7e4bbcc4a60e14,986be67e4fce59fa8a4e2d70521c2b8b032853915325a8527d43545d837f04ac,45324
4131010280,上海大学,b3e5322378bbbe16,badge,https://raw.githubusercontent.com/RoboMaster/university_logos/3d645fc89869707bd7df8dba0f7e4bbcc4a60e14/Shanghai_University/svg/logo_blue.svg,https://github.com/RoboMaster/university_logos/blob/3d645fc89869707bd7df8dba0f7e4bbcc4a60e14/Shanghai_University/svg/logo_blue.svg,logo_blue.svg,Shanghai_University/svg/logo_blue.svg,False,svg,,,,,True,vector,,,content_inspected,,,上海大学,RoboMaster/university_logos,3d645fc89869707bd7df8dba0f7e4bbcc4a60e14,640ec735c21807bc9aba088f34fd1e9862dc5aa82705631c3b772f6377991af9,434035
4131010856,上海工程技术大学,efb3efdf9c58b0ed,badge,https://www.shanghairanking.cn/_uni/logo/45746621.png,https://github.com/xioajiumi/Chinese_Universities/blob/e088fddc329a6f0148ca72fd3b4d0fe069f13e3a/Chinese_Universities.json,45746621.png,Chinese_Universities.json,False,png,,,,,,,,,indexed_not_fetched,MIT,,上海工程技术大学,xioajiumi/Chinese_Universities,e088fddc329a6f0148ca72fd3b4d0fe069f13e3a,,
4131011458,上海电机学院,49d0828d524ad425,badge,https://www.shanghairanking.cn/_uni/logo/14374343.png,https://github.com/xioajiumi/Chinese_Universities/blob/e088fddc329a6f0148ca72fd3b4d0fe069f13e3a/Chinese_Universities.json,14374343.png,Chinese_Universities.json,False,png,,,,,,,,,indexed_not_fetched,MIT,,上海电机学院,xioajiumi/Chinese_Universities,e088fddc329a6f0148ca72fd3b4d0fe069f13e3a,,
4131012044,上海第二工业大学,bfc1419eee270db8,badge,https://www.shanghairanking.cn/_uni/logo/70585176.png,https://github.com/xioajiumi/Chinese_Universities/blob/e088fddc329a6f0148ca72fd3b4d0fe069f13e3a/Chinese_Universities.json,70585176.png,Chinese_Universities.json,False,png,,,,,,,,,indexed_not_fetched,MIT,,上海第二工业大学,xioajiumi/Chinese_Universities,e088fddc329a6f0148ca72fd3b4d0fe069f13e3a,,
4131014423,上海科技大学,496d46e0afee7d80,badge,https://www.shanghairanking.cn/_uni/logo/46886554.png,https://github.com/xioajiumi/Chinese_Universities/blob/e088fddc329a6f0148ca72fd3b4d0fe069f13e3a/Chinese_Universities.json,46886554.png,Chinese_Universities.json,False,png,,,,,,,,,indexed_not_fetched,MIT,,上海科技大学,xioajiumi/Chinese_Universities,e088fddc329a6f0148ca72fd3b4d0fe069f13e3a,,
4131014423,上海科技大学,18867a27465596b8,badge,https://raw.githubusercontent.com/Magicdover/China-Universities-2026/419bdc7ce6956fc88c2b70b3979f170b6666f111/assets/logos-new/%E4%B8%8A%E6%B5%B7%E7%A7%91%E6%8A%80%E5%A4%A7%E5%AD%A6%20SHTECH.svg,https://github.com/Magicdover/China-Universities-2026/blob/419bdc7ce6956fc88c2b70b3979f170b6666f111/assets/logos-new/%E4%B8%8A%E6%B5%B7%E7%A7%91%E6%8A%80%E5%A4%A7%E5%AD%A6%20SHTECH.svg,%E4%B8%8A%E6%B5%B7%E7%A7%91%E6%8A%80%E5%A4%A7%E5%AD%A6%20SHTECH.svg,assets/logos-new/上海科技大学 SHTECH.svg,False,svg,161.0,161.0,,,True,vector,,,content_inspected,MIT,,上海科技大学,Magicdover/China-Universities-2026,419bdc7ce6956fc88c2b70b3979f170b6666f111,f8a3eb10f0b65a9f909a02d7917b4ef761cf8e2a7b394eed046738cb08685850,39251
4131014423,上海科技大学,c784a79a2ad74183,badge,https://raw.githubusercontent.com/HeyHuazi/SVGLOGO/142498f527ac2dd3116cc1feccb9670879839f74/static/library/school/shanghaikejidaxue.svg,https://github.com/HeyHuazi/SVGLOGO/blob/142498f527ac2dd3116cc1feccb9670879839f74/static/library/school/shanghaikejidaxue.svg,shanghaikejidaxue.svg,static/library/school/shanghaikejidaxue.svg,False,svg,46.0,46.0,,,True,vector,,,content_inspected,MIT,,上海科技大学,HeyHuazi/SVGLOGO,142498f527ac2dd3116cc1feccb9670879839f74,e240d2e02ea6c2fc45a53054352381eee98c026391bf15b527a77efbb2eac784,22782
4131014423,上海科技大学,0c32c75a2fe43477,wordmark,https://raw.githubusercontent.com/HeyHuazi/SVGLOGO/142498f527ac2dd3116cc1feccb9670879839f74/static/library/school/shanghaikejidaxue_wordmark.svg,https://github.com/HeyHuazi/SVGLOGO/blob/142498f527ac2dd3116cc1feccb9670879839f74/static/library/school/shanghaikejidaxue_wordmark.svg,shanghaikejidaxue_wordmark.svg,static/library/school/shanghaikejidaxue_wordmark.svg,False,svg,173.0,46.0,,,True,vector,,,content_inspected,MIT,,上海科技大学,HeyHuazi/SVGLOGO,142498f527ac2dd3116cc1feccb9670879839f74,b05f4041e3163dfa3b8c4691853494f49fffe99a3b10c8c8746e5f1a31b1175d,31545
4131014423,上海科技大学,ded09602f047d5b2,badge,https://raw.githubusercontent.com/RoboMaster/university_logos/3d645fc89869707bd7df8dba0f7e4bbcc4a60e14/ShanghaiTech_University/png/logo_red_800x800.png,https://github.com/RoboMaster/university_logos/blob/3d645fc89869707bd7df8dba0f7e4bbcc4a60e14/ShanghaiTech_University/png/logo_red_800x800.png,logo_red_800x800.png,ShanghaiTech_University/png/logo_red_800x800.png,False,png,800,800,,,False,raster,True,True,content_inspected,,,上海科技大学,RoboMaster/university_logos,3d645fc89869707bd7df8dba0f7e4bbcc4a60e14,cf2d42385d307e3fe8446b884aa4b189dae08769638894e501dc25336776c69b,71414
4131014423,上海科技大学,51e0b0cfc7a775b6,badge,https://raw.githubusercontent.com/RoboMaster/university_logos/3d645fc89869707bd7df8dba0f7e4bbcc4a60e14/ShanghaiTech_University/svg/logo_red.svg,https://github.com/RoboMaster/university_logos/blob/3d645fc89869707bd7df8dba0f7e4bbcc4a60e14/ShanghaiTech_University/svg/logo_red.svg,logo_red.svg,ShanghaiTech_University/svg/logo_red.svg,False,svg,,,,,True,vector,,,content_inspected,,,上海科技大学,RoboMaster/university_logos,3d645fc89869707bd7df8dba0f7e4bbcc4a60e14,c3ab5c20bb8f592889e387cb79062a273393c5343c5643fb7ebca560d8364e80,497794
4153010673,云南大学,5a494af08d9a8c12,badge,https://www.shanghairanking.cn/_uni/logo/31586909.png,https://github.com/xioajiumi/Chinese_Universities/blob/e088fddc329a6f0148ca72fd3b4d0fe069f13e3a/Chinese_Universities.json,31586909.png,Chinese_Universities.json,False,png,,,,,,,,,indexed_not_fetched,MIT,,云南大学,xioajiumi/Chinese_Universities,e088fddc329a6f0148ca72fd3b4d0fe069f13e3a,,
4153010673,云南大学,9b3b84effd3b75e9,badge,https://raw.githubusercontent.com/Magicdover/China-Universities-2026/419bdc7ce6956fc88c2b70b3979f170b6666f111/assets/logos-new/%E4%BA%91%E5%8D%97%E5%A4%A7%E5%AD%A6%20YNU.svg,https://github.com/Magicdover/China-Universities-2026/blob/419bdc7ce6956fc88c2b70b3979f170b6666f111/assets/logos-new/%E4%BA%91%E5%8D%97%E5%A4%A7%E5%AD%A6%20YNU.svg,%E4%BA%91%E5%8D%97%E5%A4%A7%E5%AD%A6%20YNU.svg,assets/logos-new/云南大学 YNU.svg,False,svg,253.0,253.0,,,True,vector,,,content_inspected,MIT,,云南大学,Magicdover/China-Universities-2026,419bdc7ce6956fc88c2b70b3979f170b6666f111,d22b2ea7ed082b4170ed68c69ea608d81d58871a2a649766e90e6174658c5679,40513
4153010673,云南大学,169c0b6c9e905b0d,badge,https://raw.githubusercontent.com/HeyHuazi/SVGLOGO/142498f527ac2dd3116cc1feccb9670879839f74/static/library/school/YNU.svg,https://github.com/HeyHuazi/SVGLOGO/blob/142498f527ac2dd3116cc1feccb9670879839f74/static/library/school/YNU.svg,YNU.svg,static/library/school/YNU.svg,False,svg,128.0,137.0,,,True,vector,,,content_inspected,MIT,,云南大学,HeyHuazi/SVGLOGO,142498f527ac2dd3116cc1feccb9670879839f74,094b5d2f252d4f789572ddeeb2c22e60965e06b350cd01d16be2fd1bbd2fe812,23433
4153010673,云南大学,037d1d7f93126f88,wordmark,https://raw.githubusercontent.com/HeyHuazi/SVGLOGO/142498f527ac2dd3116cc1feccb9670879839f74/static/library/school/YNU_wordmark.svg,https://github.com/HeyHuazi/SVGLOGO/blob/142498f527ac2dd3116cc1feccb9670879839f74/static/library/school/YNU_wordmark.svg,YNU_wordmark.svg,static/library/school/YNU_wordmark.svg,False,svg,,,,,True,vector,,,content_inspected,MIT,,云南大学,HeyHuazi/SVGLOGO,142498f527ac2dd3116cc1feccb9670879839f74,cca5c7f7cb9e200b6e949b703b1f0c4ec8c46f8891c7c27915e4db02772217d6,14542
4153010673,云南大学,05618df9aa89d6c6,badge,https://raw.githubusercontent.com/RoboMaster/university_logos/3d645fc89869707bd7df8dba0f7e4bbcc4a60e14/Yunnan_University/png/logo_blue_800x800.png,https://github.com/RoboMaster/university_logos/blob/3d645fc89869707bd7df8dba0f7e4bbcc4a60e14/Yunnan_University/png/logo_blue_800x800.png,logo_blue_800x800.png,Yunnan_University/png/logo_blue_800x800.png,False,png,800,800,,,False,raster,True,True,content_inspected,,,云南大学,RoboMaster/university_logos,3d645fc89869707bd7df8dba0f7e4bbcc4a60e14,ca60b45357e38d39a41351f6772aa0fb3c8c6322e37f815a88554ac3209cd033,59333
4153010673,云南大学,edea7f7c3dbcd619,badge,https://raw.githubusercontent.com/RoboMaster/university_logos/3d645fc89869707bd7df8dba0f7e4bbcc4a60e14/Yunnan_University/svg/logo_blue.svg,https://github.com/RoboMaster/university_logos/blob/3d645fc89869707bd7df8dba0f7e4bbcc4a60e14/Yunnan_University/svg/logo_blue.svg,logo_blue.svg,Yunnan_University/svg/logo_blue.svg,False,svg,,,,,True,vector,,,content_inspected,,,云南大学,RoboMaster/university_logos,3d645fc89869707bd7df8dba0f7e4bbcc4a60e14,fd19e7a7f12f3bc8415730371796ded74f1171e1ac49d4f79b19070fa25a9475,478466
4153010674,昆明理工大学,344fa76480be8c2b,badge,https://www.shanghairanking.cn/_uni/logo/50829319.png,https://github.com/xioajiumi/Chinese_Universities/blob/e088fddc329a6f0148ca72fd3b4d0fe069f13e3a/Chinese_Universities.json,50829319.png,Chinese_Universities.json,False,png,,,,,,,,,indexed_not_fetched,MIT,,昆明理工大学,xioajiumi/Chinese_Universities,e088fddc329a6f0148ca72fd3b4d0fe069f13e3a,,
4153010674,昆明理工大学,edc0c694b6a37d4c,badge,https://raw.githubusercontent.com/Magicdover/China-Universities-2026/419bdc7ce6956fc88c2b70b3979f170b6666f111/assets/logos-new/%E6%98%86%E6%98%8E%E7%90%86%E5%B7%A5%E5%A4%A7%E5%AD%A6%20KUST.svg,https://github.com/Magicdover/China-Universities-2026/blob/419bdc7ce6956fc88c2b70b3979f170b6666f111/assets/logos-new/%E6%98%86%E6%98%8E%E7%90%86%E5%B7%A5%E5%A4%A7%E5%AD%A6%20KUST.svg,%E6%98%86%E6%98%8E%E7%90%86%E5%B7%A5%E5%A4%A7%E5%AD%A6%20KUST.svg,assets/logos-new/昆明理工大学 KUST.svg,False,svg,812.0,811.0,,,True,vector,,,content_inspected,MIT,,昆明理工大学,Magicdover/China-Universities-2026,419bdc7ce6956fc88c2b70b3979f170b6666f111,a67cd4d7168ffd768d65528e92bf3e9b58812811b102241d6313a0e66a81fc29,48821
4153010676,云南农业大学,b04a127ee2765651,badge,https://www.shanghairanking.cn/_uni/logo/17581582.png,https://github.com/xioajiumi/Chinese_Universities/blob/e088fddc329a6f0148ca72fd3b4d0fe069f13e3a/Chinese_Universities.json,17581582.png,Chinese_Universities.json,False,png,,,,,,,,,indexed_not_fetched,MIT,,云南农业大学,xioajiumi/Chinese_Universities,e088fddc329a6f0148ca72fd3b4d0fe069f13e3a,,
4153010677,西南林业大学,83a9301c207ae77a,badge,https://www.shanghairanking.cn/_uni/logo/53403086.png,https://github.com/xioajiumi/Chinese_Universities/blob/e088fddc329a6f0148ca72fd3b4d0fe069f13e3a/Chinese_Universities.json,53403086.png,Chinese_Universities.json,False,png,,,,,,,,,indexed_not_fetched,MIT,,西南林业大学,xioajiumi/Chinese_Universities,e088fddc329a6f0148ca72fd3b4d0fe069f13e3a,,
4153010679,大理大学,889bc9e76ed9fee1,badge,https://www.shanghairanking.cn/_uni/logo/75994663.png,https://github.com/xioajiumi/Chinese_Universities/blob/e088fddc329a6f0148ca72fd3b4d0fe069f13e3a/Chinese_Universities.json,75994663.png,Chinese_Universities.json,False,png,,,,,,,,,indexed_not_fetched,MIT,,大理大学,xioajiumi/Chinese_Universities,e088fddc329a6f0148ca72fd3b4d0fe069f13e3a,,
4153010681,云南师范大学,a1bc937e6a06f698,badge,https://www.shanghairanking.cn/_uni/logo/33806915.png,https://github.com/xioajiumi/Chinese_Universities/blob/e088fddc329a6f0148ca72fd3b4d0fe069f13e3a/Chinese_Universities.json,33806915.png,Chinese_Universities.json,False,png,,,,,,,,,indexed_not_fetched,MIT,,云南师范大学,xioajiumi/Chinese_Universities,e088fddc329a6f0148ca72fd3b4d0fe069f13e3a,,
4153010683,昭通学院,c8f09789461a5283,badge,https://www.shanghairanking.cn/_uni/logo-jpg/6432819300.jpg,https://github.com/xioajiumi/Chinese_Universities/blob/e088fddc329a6f0148ca72fd3b4d0fe069f13e3a/Chinese_Universities.json,6432819300.jpg,Chinese_Universities.json,False,jpg,,,,,,,,,indexed_not_fetched,MIT,,昭通学院,xioajiumi/Chinese_Universities,e088fddc329a6f0148ca72fd3b4d0fe069f13e3a,,
4153010684,曲靖师范学院,4bd238ac43fe9974,badge,https://www.shanghairanking.cn/_uni/logo/38293178.png,https://github.com/xioajiumi/Chinese_Universities/blob/e088fddc329a6f0148ca72fd3b4d0fe069f13e3a/Chinese_Universities.json,38293178.png,Chinese_Universities.json,False,png,,,,,,,,,indexed_not_fetched,MIT,,曲靖师范学院,xioajiumi/Chinese_Universities,e088fddc329a6f0148ca72fd3b4d0fe069f13e3a,,
4153010685,普洱学院,05806b5adf9156d3,badge,https://www.shanghairanking.cn/_uni/logo-jpg/1659450100.jpg,https://github.com/xioajiumi/Chinese_Universities/blob/e088fddc329a6f0148ca72fd3b4d0fe069f13e3a/Chinese_Universities.json,1659450100.jpg,Chinese_Universities.json,False,jpg,,,,,,,,,indexed_not_fetched,MIT,,普洱学院,xioajiumi/Chinese_Universities,e088fddc329a6f0148ca72fd3b4d0fe069f13e3a,,
4153010686,保山学院,17e967eec06231cc,badge,https://www.shanghairanking.cn/_uni/logo-jpg/3305498700.jpg,https://github.com/xioajiumi/Chinese_Universities/blob/e088fddc329a6f0148ca72fd3b4d0fe069f13e3a/Chinese_Universities.json,3305498700.jpg,Chinese_Universities.json,False,jpg,,,,,,,,,indexed_not_fetched,MIT,,保山学院,xioajiumi/Chinese_Universities,e088fddc329a6f0148ca72fd3b4d0fe069f13e3a,,
4153010687,红河学院,cf981438bdcf1f40,badge,https://www.shanghairanking.cn/_uni/logo/87705412.png,https://github.com/xioajiumi/Chinese_Universities/blob/e088fddc329a6f0148ca72fd3b4d0fe069f13e3a/Chinese_Universities.json,87705412.png,Chinese_Universities.json,False,png,,,,,,,,,indexed_not_fetched,MIT,,红河学院,xioajiumi/Chinese_Universities,e088fddc329a6f0148ca72fd3b4d0fe069f13e3a,,
4153011390,玉溪师范学院,2e2704da9ad2759d,badge,https://www.shanghairanking.cn/_uni/logo/22391217.png,https://github.com/xioajiumi/Chinese_Universities/blob/e088fddc329a6f0148ca72fd3b4d0fe069f13e3a/Chinese_Universities.json,22391217.png,Chinese_Universities.json,False,png,,,,,,,,,indexed_not_fetched,MIT,,玉溪师范学院,xioajiumi/Chinese_Universities,e088fddc329a6f0148ca72fd3b4d0fe069f13e3a,,
4153011391,楚雄师范学院,9108b7975dd69069,badge,https://www.shanghairanking.cn/_uni/logo/62283799.png,https://github.com/xioajiumi/Chinese_Universities/blob/e088fddc329a6f0148ca72fd3b4d0fe069f13e3a/Chinese_Universities.json,62283799.png,Chinese_Universities.json,False,png,,,,,,,,,indexed_not_fetched,MIT,,楚雄师范学院,xioajiumi/Chinese_Universities,e088fddc329a6f0148ca72fd3b4d0fe069f13e3a,,
4153011393,昆明学院,28d8fdb5d1cc6faa,badge,https://www.shanghairanking.cn/_uni/logo/12954554.png,https://github.com/xioajiumi/Chinese_Universities/blob/e088fddc329a6f0148ca72fd3b4d0fe069f13e3a/Chinese_Universities.json,12954554.png,Chinese_Universities.json,False,png,,,,,,,,,indexed_not_fetched,MIT,,昆明学院,xioajiumi/Chinese_Universities,e088fddc329a6f0148ca72fd3b4d0fe069f13e3a,,
4153011556,文山学院,2b3bb34ebaeff989,badge,https://www.shanghairanking.cn/_uni/logo-jpg/9311830300.jpg,https://github.com/xioajiumi/Chinese_Universities/blob/e088fddc329a6f0148ca72fd3b4d0fe069f13e3a/Chinese_Universities.json,9311830300.jpg,Chinese_Universities.json,False,jpg,,,,,,,,,indexed_not_fetched,MIT,,文山学院,xioajiumi/Chinese_Universities,e088fddc329a6f0148ca72fd3b4d0fe069f13e3a,,
4153014092,滇西科技师范学院,947b2ccd59c1f697,badge,https://www.shanghairanking.cn/_uni/logo-jpg/4442061900.jpg,https://github.com/xioajiumi/Chinese_Universities/blob/e088fddc329a6f0148ca72fd3b4d0fe069f13e3a/Chinese_Universities.json,4442061900.jpg,Chinese_Universities.json,False,jpg,,,,,,,,,indexed_not_fetched,MIT,,滇西科技师范学院,xioajiumi/Chinese_Universities,e088fddc329a6f0148ca72fd3b4d0fe069f13e3a,,
4115010126,内蒙古大学,d2fb6c35dc6cca59,badge,https://www.shanghairanking.cn/_uni/logo/53570063.png,https://github.com/xioajiumi/Chinese_Universities/blob/e088fddc329a6f0148ca72fd3b4d0fe069f13e3a/Chinese_Universities.json,53570063.png,Chinese_Universities.json,False,png,,,,,,,,,indexed_not_fetched,MIT,,内蒙古大学,xioajiumi/Chinese_Universities,e088fddc329a6f0148ca72fd3b4d0fe069f13e3a,,
4115010126,内蒙古大学,6f99b95d1ecd04cc,badge,https://raw.githubusercontent.com/Magicdover/China-Universities-2026/419bdc7ce6956fc88c2b70b3979f170b6666f111/assets/logos-new/%E5%86%85%E8%92%99%E5%8F%A4%E5%A4%A7%E5%AD%A6%20IMU.svg,https://github.com/Magicdover/China-Universities-2026/blob/419bdc7ce6956fc88c2b70b3979f170b6666f111/assets/logos-new/%E5%86%85%E8%92%99%E5%8F%A4%E5%A4%A7%E5%AD%A6%20IMU.svg,%E5%86%85%E8%92%99%E5%8F%A4%E5%A4%A7%E5%AD%A6%20IMU.svg,assets/logos-new/内蒙古大学 IMU.svg,False,svg,88.0,88.0,,,True,vector,,,content_inspected,MIT,,内蒙古大学,Magicdover/China-Universities-2026,419bdc7ce6956fc88c2b70b3979f170b6666f111,fee120249b1a03b060045f647921e5c475d51f2aa604325b65e3c8f79621ff40,151350
4115010127,内蒙古科技大学,fdd1645d13320c97,badge,https://www.shanghairanking.cn/_uni/logo/98701978.png,https://github.com/xioajiumi/Chinese_Universities/blob/e088fddc329a6f0148ca72fd3b4d0fe069f13e3a/Chinese_Universities.json,98701978.png,Chinese_Universities.json,False,png,,,,,,,,,indexed_not_fetched,MIT,,内蒙古科技大学,xioajiumi/Chinese_Universities,e088fddc329a6f0148ca72fd3b4d0fe069f13e3a,,
4115010128,内蒙古工业大学,85f4de89ae0178f9,badge,https://www.shanghairanking.cn/_uni/logo/41582349.png,https://github.com/xioajiumi/Chinese_Universities/blob/e088fddc329a6f0148ca72fd3b4d0fe069f13e3a/Chinese_Universities.json,41582349.png,Chinese_Universities.json,False,png,,,,,,,,,indexed_not_fetched,MIT,,内蒙古工业大学,xioajiumi/Chinese_Universities,e088fddc329a6f0148ca72fd3b4d0fe069f13e3a,,
4115010129,内蒙古农业大学,147ee9f5c93e3e05,badge,https://www.shanghairanking.cn/_uni/logo/21981730.png,https://github.com/xioajiumi/Chinese_Universities/blob/e088fddc329a6f0148ca72fd3b4d0fe069f13e3a/Chinese_Universities.json,21981730.png,Chinese_Universities.json,False,png,,,,,,,,,indexed_not_fetched,MIT,,内蒙古农业大学,xioajiumi/Chinese_Universities,e088fddc329a6f0148ca72fd3b4d0fe069f13e3a,,
4115010135,内蒙古师范大学,a46e0850014d93de,badge,https://www.shanghairanking.cn/_uni/logo/65057276.png,https://github.com/xioajiumi/Chinese_Universities/blob/e088fddc329a6f0148ca72fd3b4d0fe069f13e3a/Chinese_Universities.json,65057276.png,Chinese_Universities.json,False,png,,,,,,,,,indexed_not_fetched,MIT,,内蒙古师范大学,xioajiumi/Chinese_Universities,e088fddc329a6f0148ca72fd3b4d0fe069f13e3a,,
4115010136,内蒙古民族大学,2b61aa1d277f2d97,badge,https://www.shanghairanking.cn/_uni/logo/87679328.png,https://github.com/xioajiumi/Chinese_Universities/blob/e088fddc329a6f0148ca72fd3b4d0fe069f13e3a/Chinese_Universities.json,87679328.png,Chinese_Universities.json,False,png,,,,,,,,,indexed_not_fetched,MIT,,内蒙古民族大学,xioajiumi/Chinese_Universities,e088fddc329a6f0148ca72fd3b4d0fe069f13e3a,,
4115010819,呼伦贝尔学院,7d3e1334ad7843d2,badge,https://www.shanghairanking.cn/_uni/logo-jpg/3798407700.jpg,https://github.com/xioajiumi/Chinese_Universities/blob/e088fddc329a6f0148ca72fd3b4d0fe069f13e3a/Chinese_Universities.json,3798407700.jpg,Chinese_Universities.json,False,jpg,,,,,,,,,indexed_not_fetched,MIT,,呼伦贝尔学院,xioajiumi/Chinese_Universities,e088fddc329a6f0148ca72fd3b4d0fe069f13e3a,,
4115011427,集宁师范学院,2c315a444c842a2e,badge,https://www.shanghairanking.cn/_uni/logo-jpg/1592444300.jpg,https://github.com/xioajiumi/Chinese_Universities/blob/e088fddc329a6f0148ca72fd3b4d0fe069f13e3a/Chinese_Universities.json,1592444300.jpg,Chinese_Universities.json,False,jpg,,,,,,,,,indexed_not_fetched,MIT,,集宁师范学院,xioajiumi/Chinese_Universities,e088fddc329a6f0148ca72fd3b4d0fe069f13e3a,,
4115011631,河套学院,f5177d9091d21c9c,badge,https://www.shanghairanking.cn/_uni/logo-jpg/6352286800.jpg,https://github.com/xioajiumi/Chinese_Universities/blob/e088fddc329a6f0148ca72fd3b4d0fe069f13e3a/Chinese_Universities.json,6352286800.jpg,Chinese_Universities.json,False,jpg,,,,,,,,,indexed_not_fetched,MIT,,河套学院,xioajiumi/Chinese_Universities,e088fddc329a6f0148ca72fd3b4d0fe069f13e3a,,
4115014532,鄂尔多斯应用技术学院,6ee63fed1987ccde,badge,https://www.shanghairanking.cn/_uni/logo-jpg/7932247000.jpg,https://github.com/xioajiumi/Chinese_Universities/blob/e088fddc329a6f0148ca72fd3b4d0fe069f13e3a/Chinese_Universities.json,7932247000.jpg,Chinese_Universities.json,False,jpg,,,,,,,,,indexed_not_fetched,MIT,,鄂尔多斯应用技术学院,xioajiumi/Chinese_Universities,e088fddc329a6f0148ca72fd3b4d0fe069f13e3a,,
4111010001,北京大学,5aebec7ecbb95944,badge,https://www.shanghairanking.cn/_uni/logo/86350223.png,https://github.com/xioajiumi/Chinese_Universities/blob/e088fddc329a6f0148ca72fd3b4d0fe069f13e3a/Chinese_Universities.json,86350223.png,Chinese_Universities.json,False,png,,,,,,,,,indexed_not_fetched,MIT,,北京大学,xioajiumi/Chinese_Universities,e088fddc329a6f0148ca72fd3b4d0fe069f13e3a,,
4111010001,北京大学,a05051f6877bac9d,badge,https://raw.githubusercontent.com/Magicdover/China-Universities-2026/419bdc7ce6956fc88c2b70b3979f170b6666f111/assets/logos-new/%E5%8C%97%E4%BA%AC%E5%A4%A7%E5%AD%A6%20PKU.svg,https://github.com/Magicdover/China-Universities-2026/blob/419bdc7ce6956fc88c2b70b3979f170b6666f111/assets/logos-new/%E5%8C%97%E4%BA%AC%E5%A4%A7%E5%AD%A6%20PKU.svg,%E5%8C%97%E4%BA%AC%E5%A4%A7%E5%AD%A6%20PKU.svg,assets/logos-new/北京大学 PKU.svg,False,svg,88.0,88.0,,,True,vector,,,content_inspected,MIT,,北京大学,Magicdover/China-Universities-2026,419bdc7ce6956fc88c2b70b3979f170b6666f111,3f809947c6431627c92f0f83fd60751960bda2c941855fb639ce25b0b79984a8,35551
4111010001,北京大学,33cd99fe5666cb7e,badge,https://raw.githubusercontent.com/HeyHuazi/SVGLOGO/142498f527ac2dd3116cc1feccb9670879839f74/static/library/school/PKU.svg,https://github.com/HeyHuazi/SVGLOGO/blob/142498f527ac2dd3116cc1feccb9670879839f74/static/library/school/PKU.svg,PKU.svg,static/library/school/PKU.svg,False,svg,128.0,137.0,,,True,vector,,,content_inspected,MIT,,北京大学,HeyHuazi/SVGLOGO,142498f527ac2dd3116cc1feccb9670879839f74,039b310ad770df8edcef01d01482f2f467239a9b0fc657a037c7f2058dba82c6,17728
4111010001,北京大学,40c096372530e698,wordmark,https://raw.githubusercontent.com/HeyHuazi/SVGLOGO/142498f527ac2dd3116cc1feccb9670879839f74/static/library/school/PKU_wordmark.svg,https://github.com/HeyHuazi/SVGLOGO/blob/142498f527ac2dd3116cc1feccb9670879839f74/static/library/school/PKU_wordmark.svg,PKU_wordmark.svg,static/library/school/PKU_wordmark.svg,False,svg,,,,,True,vector,,,content_inspected,MIT,,北京大学,HeyHuazi/SVGLOGO,142498f527ac2dd3116cc1feccb9670879839f74,178626448cd34ca350b6f96e4b87cb81a975c4c9cd887e098f82942709f85ca3,14322
4111010002,中国人民大学,ff7dc134c2268216,badge,https://www.shanghairanking.cn/_uni/logo/88617939.png,https://github.com/xioajiumi/Chinese_Universities/blob/e088fddc329a6f0148ca72fd3b4d0fe069f13e3a/Chinese_Universities.json,88617939.png,Chinese_Universities.json,False,png,,,,,,,,,indexed_not_fetched,MIT,,中国人民大学,xioajiumi/Chinese_Universities,e088fddc329a6f0148ca72fd3b4d0fe069f13e3a,,
4111010002,中国人民大学,9a6564ef8fdeb7d5,badge,https://raw.githubusercontent.com/Magicdover/China-Universities-2026/419bdc7ce6956fc88c2b70b3979f170b6666f111/assets/logos-new/%E4%B8%AD%E5%9B%BD%E4%BA%BA%E6%B0%91%E5%A4%A7%E5%AD%A6%20RUC.svg,https://github.com/Magicdover/China-Universities-2026/blob/419bdc7ce6956fc88c2b70b3979f170b6666f111/assets/logos-new/%E4%B8%AD%E5%9B%BD%E4%BA%BA%E6%B0%91%E5%A4%A7%E5%AD%A6%20RUC.svg,%E4%B8%AD%E5%9B%BD%E4%BA%BA%E6%B0%91%E5%A4%A7%E5%AD%A6%20RUC.svg,assets/logos-new/中国人民大学 RUC.svg,False,svg,300.0,300.0,,,True,vector,,,content_inspected,MIT,,中国人民大学,Magicdover/China-Universities-2026,419bdc7ce6956fc88c2b70b3979f170b6666f111,d6a157151bc757fbc1381f1884a8a08f42bc43434b621de5ad0c9537b51d5827,402740
4111010002,中国人民大学,6cf9527fa077b27f,badge,https://raw.githubusercontent.com/HeyHuazi/SVGLOGO/142498f527ac2dd3116cc1feccb9670879839f74/static/library/school/RUC.svg,https://github.com/HeyHuazi/SVGLOGO/blob/142498f527ac2dd3116cc1feccb9670879839f74/static/library/school/RUC.svg,RUC.svg,static/library/school/RUC.svg,False,svg,128.0,143.0,,,True,vector,,,content_inspected,MIT,,中国人民大学,HeyHuazi/SVGLOGO,142498f527ac2dd3116cc1feccb9670879839f74,4470797f485021101ae4eb00127889938d8be02f6f976f57822bf0c6f2ef0354,122498
4111010002,中国人民大学,ca143c715ba0c039,wordmark,https://raw.githubusercontent.com/HeyHuazi/SVGLOGO/142498f527ac2dd3116cc1feccb9670879839f74/static/library/school/RUC_wordmark.svg,https://github.com/HeyHuazi/SVGLOGO/blob/142498f527ac2dd3116cc1feccb9670879839f74/static/library/school/RUC_wordmark.svg,RUC_wordmark.svg,static/library/school/RUC_wordmark.svg,False,svg,,,,,True,vector,,,content_inspected,MIT,,中国人民大学,HeyHuazi/SVGLOGO,142498f527ac2dd3116cc1feccb9670879839f74,99b2ac6551e7d264a93154196bccfa54b14eb5ca60a7b5c0febcb29dc2f19c64,10396
4111010003,清华大学,822406277ce7b3cf,badge,https://www.shanghairanking.cn/_uni/logo/27532357.png,https://github.com/xioajiumi/Chinese_Universities/blob/e088fddc329a6f0148ca72fd3b4d0fe069f13e3a/Chinese_Universities.json,27532357.png,Chinese_Universities.json,False,png,,,,,,,,,indexed_not_fetched,MIT,,清华大学,xioajiumi/Chinese_Universities,e088fddc329a6f0148ca72fd3b4d0fe069f13e3a,,
4111010003,清华大学,450446aadc8e1836,badge,https://raw.githubusercontent.com/Magicdover/China-Universities-2026/419bdc7ce6956fc88c2b70b3979f170b6666f111/assets/logos-new/%E6%B8%85%E5%8D%8E%E5%A4%A7%E5%AD%A6%20THU.svg,https://github.com/Magicdover/China-Universities-2026/blob/419bdc7ce6956fc88c2b70b3979f170b6666f111/assets/logos-new/%E6%B8%85%E5%8D%8E%E5%A4%A7%E5%AD%A6%20THU.svg,%E6%B8%85%E5%8D%8E%E5%A4%A7%E5%AD%A6%20THU.svg,assets/logos-new/清华大学 THU.svg,False,svg,283.993,284.081,,,True,vector,,,content_inspected,MIT,,清华大学,Magicdover/China-Universities-2026,419bdc7ce6956fc88c2b70b3979f170b6666f111,02406c7e7efb7bf00037b259bfff1915a0e450137e44045a643a9e1de08389db,422833
4111010003,清华大学,3c77e21da1484171,badge,https://raw.githubusercontent.com/HeyHuazi/SVGLOGO/142498f527ac2dd3116cc1feccb9670879839f74/static/library/school/THU.svg,https://github.com/HeyHuazi/SVGLOGO/blob/142498f527ac2dd3116cc1feccb9670879839f74/static/library/school/THU.svg,THU.svg,static/library/school/THU.svg,False,svg,128.0,137.0,,,True,vector,,,content_inspected,MIT,,清华大学,HeyHuazi/SVGLOGO,142498f527ac2dd3116cc1feccb9670879839f74,4e77cb9939d181729e194f350070c29d39e368e61ffe424709e1eef2fcbbdca5,100529
4111010003,清华大学,94666547e10b09f7,wordmark,https://raw.githubusercontent.com/HeyHuazi/SVGLOGO/142498f527ac2dd3116cc1feccb9670879839f74/static/library/school/THU_wordmark.svg,https://github.com/HeyHuazi/SVGLOGO/blob/142498f527ac2dd3116cc1feccb9670879839f74/static/library/school/THU_wordmark.svg,THU_wordmark.svg,static/library/school/THU_wordmark.svg,False,svg,128.0,128.0,,,True,vector,,,content_inspected,MIT,,清华大学,HeyHuazi/SVGLOGO,142498f527ac2dd3116cc1feccb9670879839f74,1555afae170969be7cbcd84ccb5140ba59c5610ecc441636ace7c86e353aa9c9,109566
4111010004,北京交通大学,481866e17d62e95e,badge,https://www.shanghairanking.cn/_uni/logo/60987143.png,https://github.com/xioajiumi/Chinese_Universities/blob/e088fddc329a6f0148ca72fd3b4d0fe069f13e3a/Chinese_Universities.json,60987143.png,Chinese_Universities.json,False,png,,,,,,,,,indexed_not_fetched,MIT,,北京交通大学,xioajiumi/Chinese_Universities,e088fddc329a6f0148ca72fd3b4d0fe069f13e3a,,
4111010004,北京交通大学,7f2fc0e70bb8c32f,badge,https://raw.githubusercontent.com/Magicdover/China-Universities-2026/419bdc7ce6956fc88c2b70b3979f170b6666f111/assets/logos-new/%E5%8C%97%E4%BA%AC%E4%BA%A4%E9%80%9A%E5%A4%A7%E5%AD%A6%20BJTU.svg,https://github.com/Magicdover/China-Universities-2026/blob/419bdc7ce6956fc88c2b70b3979f170b6666f111/assets/logos-new/%E5%8C%97%E4%BA%AC%E4%BA%A4%E9%80%9A%E5%A4%A7%E5%AD%A6%20BJTU.svg,%E5%8C%97%E4%BA%AC%E4%BA%A4%E9%80%9A%E5%A4%A7%E5%AD%A6%20BJTU.svg,assets/logos-new/北京交通大学 BJTU.svg,False,svg,,,,,True,vector,,,content_inspected,MIT,,北京交通大学,Magicdover/China-Universities-2026,419bdc7ce6956fc88c2b70b3979f170b6666f111,aabacc8cdd418ad2092fac8597091c0ec06af97b4373b85d8d3246a4710d2c17,43729
4111010004,北京交通大学,d1636c468cedea4a,badge,https://raw.githubusercontent.com/HeyHuazi/SVGLOGO/142498f527ac2dd3116cc1feccb9670879839f74/static/library/school/BeiJingJiaoTongDaXue.svg,https://github.com/HeyHuazi/SVGLOGO/blob/142498f527ac2dd3116cc1feccb9670879839f74/static/library/school/BeiJingJiaoTongDaXue.svg,BeiJingJiaoTongDaXue.svg,static/library/school/BeiJingJiaoTongDaXue.svg,False,svg,128.0,128.0,,,True,vector,,,content_inspected,MIT,,北京交通大学,HeyHuazi/SVGLOGO,142498f527ac2dd3116cc1feccb9670879839f74,95504b7425aa1510b7714f104f496fc13666e1d6a70fa8149216866cae3ca2d4,41107
4111010004,北京交通大学,dbf76029f985137e,wordmark,https://raw.githubusercontent.com/HeyHuazi/SVGLOGO/142498f527ac2dd3116cc1feccb9670879839f74/static/library/school/BeiJingJiaoTongDaXue_wordmark.svg,https://github.com/HeyHuazi/SVGLOGO/blob/142498f527ac2dd3116cc1feccb9670879839f74/static/library/school/BeiJingJiaoTongDaXue_wordmark.svg,BeiJingJiaoTongDaXue_wordmark.svg,static/library/school/BeiJingJiaoTongDaXue_wordmark.svg,False,svg,,,,,True,vector,,,content_inspected,MIT,,北京交通大学,HeyHuazi/SVGLOGO,142498f527ac2dd3116cc1feccb9670879839f74,c5330a7ce8208bdd55be053651c2d83b14bf0ef559a08d99ce91703c27dc9141,22931
4111010005,北京工业大学,fe9071d30213f18f,badge,https://www.shanghairanking.cn/_uni/logo/10211810.png,https://github.com/xioajiumi/Chinese_Universities/blob/e088fddc329a6f0148ca72fd3b4d0fe069f13e3a/Chinese_Universities.json,10211810.png,Chinese_Universities.json,False,png,,,,,,,,,indexed_not_fetched,MIT,,北京工业大学,xioajiumi/Chinese_Universities,e088fddc329a6f0148ca72fd3b4d0fe069f13e3a,,
4111010005,北京工业大学,52d0cc9a0f072b12,badge,https://raw.githubusercontent.com/Magicdover/China-Universities-2026/419bdc7ce6956fc88c2b70b3979f170b6666f111/assets/logos-new/%E5%8C%97%E4%BA%AC%E5%B7%A5%E4%B8%9A%E5%A4%A7%E5%AD%A6%20BJUT.svg,https://github.com/Magicdover/China-Universities-2026/blob/419bdc7ce6956fc88c2b70b3979f170b6666f111/assets/logos-new/%E5%8C%97%E4%BA%AC%E5%B7%A5%E4%B8%9A%E5%A4%A7%E5%AD%A6%20BJUT.svg,%E5%8C%97%E4%BA%AC%E5%B7%A5%E4%B8%9A%E5%A4%A7%E5%AD%A6%20BJUT.svg,assets/logos-new/北京工业大学 BJUT.svg,False,svg,88.0,88.0,,,True,vector,,,content_inspected,MIT,,北京工业大学,Magicdover/China-Universities-2026,419bdc7ce6956fc88c2b70b3979f170b6666f111,4174b8844314175640efd02463f7300a0493d9aabd579effff80ce8bf4643215,47451
4111010005,北京工业大学,57d011f1bd7dbe64,badge,https://raw.githubusercontent.com/HeyHuazi/SVGLOGO/142498f527ac2dd3116cc1feccb9670879839f74/static/library/school/BeiJingGongYeDaXue.svg,https://github.com/HeyHuazi/SVGLOGO/blob/142498f527ac2dd3116cc1feccb9670879839f74/static/library/school/BeiJingGongYeDaXue.svg,BeiJingGongYeDaXue.svg,static/library/school/BeiJingGongYeDaXue.svg,False,svg,128.0,128.0,,,True,vector,,,content_inspected,MIT,,北京工业大学,HeyHuazi/SVGLOGO,142498f527ac2dd3116cc1feccb9670879839f74,f27d31fbcd82bcf22860b63fbd06fa34438d564acc635cdb26ed56ba3e76724f,23215
4111010005,北京工业大学,d3f99e81d053b907,wordmark,https://raw.githubusercontent.com/HeyHuazi/SVGLOGO/142498f527ac2dd3116cc1feccb9670879839f74/static/library/school/BeiJingGongYeDaXue_wordmark.svg,https://github.com/HeyHuazi/SVGLOGO/blob/142498f527ac2dd3116cc1feccb9670879839f74/static/library/school/BeiJingGongYeDaXue_wordmark.svg,BeiJingGongYeDaXue_wordmark.svg,static/library/school/BeiJingGongYeDaXue_wordmark.svg,False,svg,,,,,True,vector,,,content_inspected,MIT,,北京工业大学,HeyHuazi/SVGLOGO,142498f527ac2dd3116cc1feccb9670879839f74,78471ed503b6765667a568ae3967a18707ef70960b0115641043e43bd3b30de0,16850
4111010006,北京航空航天大学,ec9a1cca6fa465d7,badge,https://www.shanghairanking.cn/_uni/logo/22403670.png,https://github.com/xioajiumi/Chinese_Universities/blob/e088fddc329a6f0148ca72fd3b4d0fe069f13e3a/Chinese_Universities.json,22403670.png,Chinese_Universities.json,False,png,,,,,,,,,indexed_not_fetched,MIT,,北京航空航天大学,xioajiumi/Chinese_Universities,e088fddc329a6f0148ca72fd3b4d0fe069f13e3a,,
4111010006,北京航空航天大学,e8706beca42bd144,badge,https://raw.githubusercontent.com/Magicdover/China-Universities-2026/419bdc7ce6956fc88c2b70b3979f170b6666f111/assets/logos-new/%E5%8C%97%E4%BA%AC%E8%88%AA%E7%A9%BA%E8%88%AA%E5%A4%A9%E5%A4%A7%E5%AD%A6%20BUAA.svg,https://github.com/Magicdover/China-Universities-2026/blob/419bdc7ce6956fc88c2b70b3979f170b6666f111/assets/logos-new/%E5%8C%97%E4%BA%AC%E8%88%AA%E7%A9%BA%E8%88%AA%E5%A4%A9%E5%A4%A7%E5%AD%A6%20BUAA.svg,%E5%8C%97%E4%BA%AC%E8%88%AA%E7%A9%BA%E8%88%AA%E5%A4%A9%E5%A4%A7%E5%AD%A6%20BUAA.svg,assets/logos-new/北京航空航天大学 BUAA.svg,False,svg,300.0,300.0,,,True,vector,,,content_inspected,MIT,,北京航空航天大学,Magicdover/China-Universities-2026,419bdc7ce6956fc88c2b70b3979f170b6666f111,4edb21c10741add77287775e94c4083bce1ccb300428365b64e482ea44a1d088,54086
4111010006,北京航空航天大学,9d208dcc4060f1ff,badge,https://raw.githubusercontent.com/HeyHuazi/SVGLOGO/142498f527ac2dd3116cc1feccb9670879839f74/static/library/school/BUAA.svg,https://github.com/HeyHuazi/SVGLOGO/blob/142498f527ac2dd3116cc1feccb9670879839f74/static/library/school/BUAA.svg,BUAA.svg,static/library/school/BUAA.svg,False,svg,128.0,137.0,,,True,vector,,,content_inspected,MIT,,北京航空航天大学,HeyHuazi/SVGLOGO,142498f527ac2dd3116cc1feccb9670879839f74,fea833c75c1b68b097e57ba86fb01020700ebd4f1d065094a92c9e0b3d0cf192,24789
4111010006,北京航空航天大学,df5d1182887f32a9,wordmark,https://raw.githubusercontent.com/HeyHuazi/SVGLOGO/142498f527ac2dd3116cc1feccb9670879839f74/static/library/school/BUAA_wordmark.svg,https://github.com/HeyHuazi/SVGLOGO/blob/142498f527ac2dd3116cc1feccb9670879839f74/static/library/school/BUAA_wordmark.svg,BUAA_wordmark.svg,static/library/school/BUAA_wordmark.svg,False,svg,,,,,True,vector,,,content_inspected,MIT,,北京航空航天大学,HeyHuazi/SVGLOGO,142498f527ac2dd3116cc1feccb9670879839f74,86b5973df71dbcec77de80abbce77b1fcb42c9e9f86aa0eeb0e5d695773728a6,12497
4111010007,北京理工大学,ae2c1da6bafe0147,badge,https://www.shanghairanking.cn/_uni/logo/85386135.png,https://github.com/xioajiumi/Chinese_Universities/blob/e088fddc329a6f0148ca72fd3b4d0fe069f13e3a/Chinese_Universities.json,85386135.png,Chinese_Universities.json,False,png,,,,,,,,,indexed_not_fetched,MIT,,北京理工大学,xioajiumi/Chinese_Universities,e088fddc329a6f0148ca72fd3b4d0fe069f13e3a,,
4111010007,北京理工大学,a4726f20082a44e6,badge,https://raw.githubusercontent.com/Magicdover/China-Universities-2026/419bdc7ce6956fc88c2b70b3979f170b6666f111/assets/logos-new/%E5%8C%97%E4%BA%AC%E7%90%86%E5%B7%A5%E5%A4%A7%E5%AD%A6%20BIT.svg,https://github.com/Magicdover/China-Universities-2026/blob/419bdc7ce6956fc88c2b70b3979f170b6666f111/assets/logos-new/%E5%8C%97%E4%BA%AC%E7%90%86%E5%B7%A5%E5%A4%A7%E5%AD%A6%20BIT.svg,%E5%8C%97%E4%BA%AC%E7%90%86%E5%B7%A5%E5%A4%A7%E5%AD%A6%20BIT.svg,assets/logos-new/北京理工大学 BIT.svg,False,svg,316.227766,316.227766,,,True,vector,,,content_inspected,MIT,,北京理工大学,Magicdover/China-Universities-2026,419bdc7ce6956fc88c2b70b3979f170b6666f111,43351c930cc4e130e7bbe72a3f4319059060b0a9029ef0bcab4117c902cedb5d,15499
4111010007,北京理工大学,c3ba570f9ff51be3,badge,https://raw.githubusercontent.com/HeyHuazi/SVGLOGO/142498f527ac2dd3116cc1feccb9670879839f74/static/library/school/BeiJingLiGongDaXue.svg,https://github.com/HeyHuazi/SVGLOGO/blob/142498f527ac2dd3116cc1feccb9670879839f74/static/library/school/BeiJingLiGongDaXue.svg,BeiJingLiGongDaXue.svg,static/library/school/BeiJingLiGongDaXue.svg,False,svg,128.0,137.0,,,True,vector,,,content_inspected,MIT,,北京理工大学,HeyHuazi/SVGLOGO,142498f527ac2dd3116cc1feccb9670879839f74,fc5b34c31ccd3fe246a01ef369f063ab7e56de0bb23638edfa1319226f677108,35563
4111010007,北京理工大学,57616811ded3ae42,wordmark,https://raw.githubusercontent.com/HeyHuazi/SVGLOGO/142498f527ac2dd3116cc1feccb9670879839f74/static/library/school/BeiJingLiGongDaXue_wordmark.svg,https://github.com/HeyHuazi/SVGLOGO/blob/142498f527ac2dd3116cc1feccb9670879839f74/static/library/school/BeiJingLiGongDaXue_wordmark.svg,BeiJingLiGongDaXue_wordmark.svg,static/library/school/BeiJingLiGongDaXue_wordmark.svg,False,svg,,,,,True,vector,,,content_inspected,MIT,,北京理工大学,HeyHuazi/SVGLOGO,142498f527ac2dd3116cc1feccb9670879839f74,44dd362ab2cc3b641813a7d32c7b4748b30b18a0d1e6d47674745edfddda30ad,17207
4111010007,北京理工大学,ededf1f08bb002bd,badge,https://raw.githubusercontent.com/RoboMaster/university_logos/3d645fc89869707bd7df8dba0f7e4bbcc4a60e14/Beijing_Institute_of_Technology/png/logo_green_800x800.png,https://github.com/RoboMaster/university_logos/blob/3d645fc89869707bd7df8dba0f7e4bbcc4a60e14/Beijing_Institute_of_Technology/png/logo_green_800x800.png,logo_green_800x800.png,Beijing_Institute_of_Technology/png/logo_green_800x800.png,False,png,800,800,,,False,raster,True,True,content_inspected,,,北京理工大学,RoboMaster/university_logos,3d645fc89869707bd7df8dba0f7e4bbcc4a60e14,e3333d6b820720359ac3f5d16475079f6ed7d37422ffff9d4eba2d7df7cdc7c2,736761
4111010008,北京科技大学,4c674d402b523ad7,badge,https://www.shanghairanking.cn/_uni/logo/96310183.png,https://github.com/xioajiumi/Chinese_Universities/blob/e088fddc329a6f0148ca72fd3b4d0fe069f13e3a/Chinese_Universities.json,96310183.png,Chinese_Universities.json,False,png,,,,,,,,,indexed_not_fetched,MIT,,北京科技大学,xioajiumi/Chinese_Universities,e088fddc329a6f0148ca72fd3b4d0fe069f13e3a,,
4111010008,北京科技大学,a01f362229c674b3,badge,https://raw.githubusercontent.com/Magicdover/China-Universities-2026/419bdc7ce6956fc88c2b70b3979f170b6666f111/assets/logos-new/%E5%8C%97%E4%BA%AC%E7%A7%91%E6%8A%80%E5%A4%A7%E5%AD%A6%20USTB.svg,https://github.com/Magicdover/China-Universities-2026/blob/419bdc7ce6956fc88c2b70b3979f170b6666f111/assets/logos-new/%E5%8C%97%E4%BA%AC%E7%A7%91%E6%8A%80%E5%A4%A7%E5%AD%A6%20USTB.svg,%E5%8C%97%E4%BA%AC%E7%A7%91%E6%8A%80%E5%A4%A7%E5%AD%A6%20USTB.svg,assets/logos-new/北京科技大学 USTB.svg,False,svg,88.0,88.0,,,True,vector,,,content_inspected,MIT,,北京科技大学,Magicdover/China-Universities-2026,419bdc7ce6956fc88c2b70b3979f170b6666f111,c1a8cac341b1f1cf8763f767a0c95c8998c95a00dd9e2feeaa82c4ca99469bc2,54826
4111010008,北京科技大学,5841334cd4f9ad21,badge,https://raw.githubusercontent.com/HeyHuazi/SVGLOGO/142498f527ac2dd3116cc1feccb9670879839f74/static/library/school/USTB.svg,https://github.com/HeyHuazi/SVGLOGO/blob/142498f527ac2dd3116cc1feccb9670879839f74/static/library/school/USTB.svg,USTB.svg,static/library/school/USTB.svg,False,svg,128.0,128.0,,,True,vector,,,content_inspected,MIT,,北京科技大学,HeyHuazi/SVGLOGO,142498f527ac2dd3116cc1feccb9670879839f74,b7896f7f6000ec3f63a5c3541ae8818ebdf351a266f459794d018cc647658cd7,22929
4111010008,北京科技大学,4421ece0a94d2794,wordmark,https://raw.githubusercontent.com/HeyHuazi/SVGLOGO/142498f527ac2dd3116cc1feccb9670879839f74/static/library/school/USTB_wordmark.svg,https://github.com/HeyHuazi/SVGLOGO/blob/142498f527ac2dd3116cc1feccb9670879839f74/static/library/school/USTB_wordmark.svg,USTB_wordmark.svg,static/library/school/USTB_wordmark.svg,False,svg,,,,,True,vector,,,content_inspected,MIT,,北京科技大学,HeyHuazi/SVGLOGO,142498f527ac2dd3116cc1feccb9670879839f74,eea9abf49fbeadf42f920e729434a8f0a51267135cdc64694904db5e13c150c2,18840
4111010008,北京科技大学,9c12c0ba3d00b732,badge,https://raw.githubusercontent.com/RoboMaster/university_logos/3d645fc89869707bd7df8dba0f7e4bbcc4a60e14/University_of_Science_and_Technology_Beijing/png/logo_blue_800x800.png,https://github.com/RoboMaster/university_logos/blob/3d645fc89869707bd7df8dba0f7e4bbcc4a60e14/University_of_Science_and_Technology_Beijing/png/logo_blue_800x800.png,logo_blue_800x800.png,University_of_Science_and_Technology_Beijing/png/logo_blue_800x800.png,False,png,800,800,,,False,raster,True,True,content_inspected,,,北京科技大学,RoboMaster/university_logos,3d645fc89869707bd7df8dba0f7e4bbcc4a60e14,ac872fe531f86546a0274a3709c1a000b61bdb23ea7b578ff5f71167f177a5d9,68209
4111010008,北京科技大学,8a2c3597d4f36393,badge,https://raw.githubusercontent.com/RoboMaster/university_logos/3d645fc89869707bd7df8dba0f7e4bbcc4a60e14/University_of_Science_and_Technology_Beijing/svg/logo_blue.svg,https://github.com/RoboMaster/university_logos/blob/3d645fc89869707bd7df8dba0f7e4bbcc4a60e14/University_of_Science_and_Technology_Beijing/svg/logo_blue.svg,logo_blue.svg,University_of_Science_and_Technology_Beijing/svg/logo_blue.svg,False,svg,,,,,True,vector,,,content_inspected,,,北京科技大学,RoboMaster/university_logos,3d645fc89869707bd7df8dba0f7e4bbcc4a60e14,8220b98478b9c245df228c9a6ac642bbc081ecf0718c360c56d7796d997979e2,507424
4111010009,北方工业大学,5658987e1e1c389c,badge,https://www.shanghairanking.cn/_uni/logo/83653605.png,https://github.com/xioajiumi/Chinese_Universities/blob/e088fddc329a6f0148ca72fd3b4d0fe069f13e3a/Chinese_Universities.json,83653605.png,Chinese_Universities.json,False,png,,,,,,,,,indexed_not_fetched,MIT,,北方工业大学,xioajiumi/Chinese_Universities,e088fddc329a6f0148ca72fd3b4d0fe069f13e3a,,
4111010009,北方工业大学,67899cd865323d74,badge,https://raw.githubusercontent.com/RoboMaster/university_logos/3d645fc89869707bd7df8dba0f7e4bbcc4a60e14/North_China_University_of_Technology/png/logo_purple_800x800.png,https://github.com/RoboMaster/university_logos/blob/3d645fc89869707bd7df8dba0f7e4bbcc4a60e14/North_China_University_of_Technology/png/logo_purple_800x800.png,logo_purple_800x800.png,North_China_University_of_Technology/png/logo_purple_800x800.png,False,png,800,800,,,False,raster,True,True,content_inspected,,,北方工业大学,RoboMaster/university_logos,3d645fc89869707bd7df8dba0f7e4bbcc4a60e14,4bea6c3e66b62d8b17f02b232e59837e59bac7391ec06f32c98cf9a251d1ccc8,66607
4111010009,北方工业大学,4e798cfdd74650a1,badge,https://raw.githubusercontent.com/RoboMaster/university_logos/3d645fc89869707bd7df8dba0f7e4bbcc4a60e14/North_China_University_of_Technology/svg/logo_purple.svg,https://github.com/RoboMaster/university_logos/blob/3d645fc89869707bd7df8dba0f7e4bbcc4a60e14/North_China_University_of_Technology/svg/logo_purple.svg,logo_purple.svg,North_China_University_of_Technology/svg/logo_purple.svg,False,svg,,,,,True,vector,,,content_inspected,,,北方工业大学,RoboMaster/university_logos,3d645fc89869707bd7df8dba0f7e4bbcc4a60e14,63bbd3ac174a853f10c96c9872b9f9140fab15723a833812473289b8cff70994,472209
4111010010,北京化工大学,279b77f27c3631ac,badge,https://www.shanghairanking.cn/_uni/logo/46052210.png,https://github.com/xioajiumi/Chinese_Universities/blob/e088fddc329a6f0148ca72fd3b4d0fe069f13e3a/Chinese_Universities.json,46052210.png,Chinese_Universities.json,False,png,,,,,,,,,indexed_not_fetched,MIT,,北京化工大学,xioajiumi/Chinese_Universities,e088fddc329a6f0148ca72fd3b4d0fe069f13e3a,,
4111010010,北京化工大学,65c246d9d64481a1,badge,https://raw.githubusercontent.com/Magicdover/China-Universities-2026/419bdc7ce6956fc88c2b70b3979f170b6666f111/assets/logos-new/%E5%8C%97%E4%BA%AC%E5%8C%96%E5%B7%A5%E5%A4%A7%E5%AD%A6%20BUCT.svg,https://github.com/Magicdover/China-Universities-2026/blob/419bdc7ce6956fc88c2b70b3979f170b6666f111/assets/logos-new/%E5%8C%97%E4%BA%AC%E5%8C%96%E5%B7%A5%E5%A4%A7%E5%AD%A6%20BUCT.svg,%E5%8C%97%E4%BA%AC%E5%8C%96%E5%B7%A5%E5%A4%A7%E5%AD%A6%20BUCT.svg,assets/logos-new/北京化工大学 BUCT.svg,False,svg,88.0,88.0,,,True,vector,,,content_inspected,MIT,,北京化工大学,Magicdover/China-Universities-2026,419bdc7ce6956fc88c2b70b3979f170b6666f111,e001286cf3f48f150872e2cd34d7605cac77805610dba01d1c717ba5454e91e2,166499
4111010010,北京化工大学,334a658b26896054,badge,https://raw.githubusercontent.com/HeyHuazi/SVGLOGO/142498f527ac2dd3116cc1feccb9670879839f74/static/library/school/BUCT.svg,https://github.com/HeyHuazi/SVGLOGO/blob/142498f527ac2dd3116cc1feccb9670879839f74/static/library/school/BUCT.svg,BUCT.svg,static/library/school/BUCT.svg,False,svg,128.0,128.0,,,True,vector,,,content_inspected,MIT,,北京化工大学,HeyHuazi/SVGLOGO,142498f527ac2dd3116cc1feccb9670879839f74,df2a202a566df2c3adc61e739d2cbef79af4d8c4d8aec5e3bd4e233f6fa61f44,85063
4111010010,北京化工大学,a90d5c8e09b73f66,wordmark,https://raw.githubusercontent.com/HeyHuazi/SVGLOGO/142498f527ac2dd3116cc1feccb9670879839f74/static/library/school/BUCT_wordmark.svg,https://github.com/HeyHuazi/SVGLOGO/blob/142498f527ac2dd3116cc1feccb9670879839f74/static/library/school/BUCT_wordmark.svg,BUCT_wordmark.svg,static/library/school/BUCT_wordmark.svg,False,svg,,,,,True,vector,,,content_inspected,MIT,,北京化工大学,HeyHuazi/SVGLOGO,142498f527ac2dd3116cc1feccb9670879839f74,72e5b76957015c1df3105701d3b1da051ab8a524f2165fc1cff9e392533238ff,23109
4111010013,北京邮电大学,e21714e78410b7d7,badge,https://www.shanghairanking.cn/_uni/logo/15344334.png,https://github.com/xioajiumi/Chinese_Universities/blob/e088fddc329a6f0148ca72fd3b4d0fe069f13e3a/Chinese_Universities.json,15344334.png,Chinese_Universities.json,False,png,,,,,,,,,indexed_not_fetched,MIT,,北京邮电大学,xioajiumi/Chinese_Universities,e088fddc329a6f0148ca72fd3b4d0fe069f13e3a,,
4111010013,北京邮电大学,9f05b2704d41a3a4,badge,https://raw.githubusercontent.com/Magicdover/China-Universities-2026/419bdc7ce6956fc88c2b70b3979f170b6666f111/assets/logos-new/%E5%8C%97%E4%BA%AC%E9%82%AE%E7%94%B5%E5%A4%A7%E5%AD%A6%20BUPT.svg,https://github.com/Magicdover/China-Universities-2026/blob/419bdc7ce6956fc88c2b70b3979f170b6666f111/assets/logos-new/%E5%8C%97%E4%BA%AC%E9%82%AE%E7%94%B5%E5%A4%A7%E5%AD%A6%20BUPT.svg,%E5%8C%97%E4%BA%AC%E9%82%AE%E7%94%B5%E5%A4%A7%E5%AD%A6%20BUPT.svg,assets/logos-new/北京邮电大学 BUPT.svg,False,svg,,,,,True,vector,,,content_inspected,MIT,,北京邮电大学,Magicdover/China-Universities-2026,419bdc7ce6956fc88c2b70b3979f170b6666f111,643ae00a082c18ef42321b91cecf8471b64275f50df0ade39a09008bca4c4f12,19541
4111010013,北京邮电大学,5e74721b2a121c65,badge,https://raw.githubusercontent.com/HeyHuazi/SVGLOGO/142498f527ac2dd3116cc1feccb9670879839f74/static/library/school/BUPT.svg,https://github.com/HeyHuazi/SVGLOGO/blob/142498f527ac2dd3116cc1feccb9670879839f74/static/library/school/BUPT.svg,BUPT.svg,static/library/school/BUPT.svg,False,svg,128.0,128.0,,,True,vector,,,content_inspected,MIT,,北京邮电大学,HeyHuazi/SVGLOGO,142498f527ac2dd3116cc1feccb9670879839f74,3218cd9b52c49303ff79775c887fab5bb0269ef2258975737c530cfd84342064,21703
4111010013,北京邮电大学,4c8908edf7d97358,wordmark,https://raw.githubusercontent.com/HeyHuazi/SVGLOGO/142498f527ac2dd3116cc1feccb9670879839f74/static/library/school/BUPT_wordmark.svg,https://github.com/HeyHuazi/SVGLOGO/blob/142498f527ac2dd3116cc1feccb9670879839f74/static/library/school/BUPT_wordmark.svg,BUPT_wordmark.svg,static/library/school/BUPT_wordmark.svg,False,svg,,,,,True,vector,,,content_inspected,MIT,,北京邮电大学,HeyHuazi/SVGLOGO,142498f527ac2dd3116cc1feccb9670879839f74,50d920ad29763fe5ad663cda55b71cf6994d6aa31206e798aea923c2903c0146,14144
4111010015,北京印刷学院,22d4b36716c9c867,badge,https://www.shanghairanking.cn/_uni/logo/19759004.png,https://github.com/xioajiumi/Chinese_Universities/blob/e088fddc329a6f0148ca72fd3b4d0fe069f13e3a/Chinese_Universities.json,19759004.png,Chinese_Universities.json,False,png,,,,,,,,,indexed_not_fetched,MIT,,北京印刷学院,xioajiumi/Chinese_Universities,e088fddc329a6f0148ca72fd3b4d0fe069f13e3a,,
4111010016,北京建筑大学,d7002a0aa46792ef,badge,https://www.shanghairanking.cn/_uni/logo/88552972.png,https://github.com/xioajiumi/Chinese_Universities/blob/e088fddc329a6f0148ca72fd3b4d0fe069f13e3a/Chinese_Universities.json,88552972.png,Chinese_Universities.json,False,png,,,,,,,,,indexed_not_fetched,MIT,,北京建筑大学,xioajiumi/Chinese_Universities,e088fddc329a6f0148ca72fd3b4d0fe069f13e3a,,
4111010017,北京石油化工学院,04b19d8fea847d34,badge,https://www.shanghairanking.cn/_uni/logo/47539221.png,https://github.com/xioajiumi/Chinese_Universities/blob/e088fddc329a6f0148ca72fd3b4d0fe069f13e3a/Chinese_Universities.json,47539221.png,Chinese_Universities.json,False,png,,,,,,,,,indexed_not_fetched,MIT,,北京石油化工学院,xioajiumi/Chinese_Universities,e088fddc329a6f0148ca72fd3b4d0fe069f13e3a,,
4111010018,北京电子科技学院,1ff97427dab7d869,badge,https://www.shanghairanking.cn/_uni/logo-jpg/9246225400.jpg,https://github.com/xioajiumi/Chinese_Universities/blob/e088fddc329a6f0148ca72fd3b4d0fe069f13e3a/Chinese_Universities.json,9246225400.jpg,Chinese_Universities.json,False,jpg,,,,,,,,,indexed_not_fetched,MIT,,北京电子科技学院,xioajiumi/Chinese_Universities,e088fddc329a6f0148ca72fd3b4d0fe069f13e3a,,
4111010019,中国农业大学,9a020501be6d3763,badge,https://www.shanghairanking.cn/_uni/logo/48410070.png,https://github.com/xioajiumi/Chinese_Universities/blob/e088fddc329a6f0148ca72fd3b4d0fe069f13e3a/Chinese_Universities.json,48410070.png,Chinese_Universities.json,False,png,,,,,,,,,indexed_not_fetched,MIT,,中国农业大学,xioajiumi/Chinese_Universities,e088fddc329a6f0148ca72fd3b4d0fe069f13e3a,,
4111010019,中国农业大学,406e37f53651fd9b,badge,https://raw.githubusercontent.com/Magicdover/China-Universities-2026/419bdc7ce6956fc88c2b70b3979f170b6666f111/assets/logos-new/%E4%B8%AD%E5%9B%BD%E5%86%9C%E4%B8%9A%E5%A4%A7%E5%AD%A6%20CAU.svg,https://github.com/Magicdover/China-Universities-2026/blob/419bdc7ce6956fc88c2b70b3979f170b6666f111/assets/logos-new/%E4%B8%AD%E5%9B%BD%E5%86%9C%E4%B8%9A%E5%A4%A7%E5%AD%A6%20CAU.svg,%E4%B8%AD%E5%9B%BD%E5%86%9C%E4%B8%9A%E5%A4%A7%E5%AD%A6%20CAU.svg,assets/logos-new/中国农业大学 CAU.svg,False,svg,71.0,88.0,,,True,vector,,,content_inspected,MIT,,中国农业大学,Magicdover/China-Universities-2026,419bdc7ce6956fc88c2b70b3979f170b6666f111,b6e46bc2a267afbadd9331584e8574f83ed5601c32e14839ab1d29551782db94,152053
4111010019,中国农业大学,098dbadad739863c,badge,https://raw.githubusercontent.com/HeyHuazi/SVGLOGO/142498f527ac2dd3116cc1feccb9670879839f74/static/library/school/CAU.svg,https://github.com/HeyHuazi/SVGLOGO/blob/142498f527ac2dd3116cc1feccb9670879839f74/static/library/school/CAU.svg,CAU.svg,static/library/school/CAU.svg,False,svg,128.0,137.0,,,True,vector,,,content_inspected,MIT,,中国农业大学,HeyHuazi/SVGLOGO,142498f527ac2dd3116cc1feccb9670879839f74,9331501a060fa87dd151efcfaf0ac069b3057e8ad953806a8cfe21e798d0dcc6,79212
4111010019,中国农业大学,d6644943cfddcc12,wordmark,https://raw.githubusercontent.com/HeyHuazi/SVGLOGO/142498f527ac2dd3116cc1feccb9670879839f74/static/library/school/CAU_wordmark.svg,https://github.com/HeyHuazi/SVGLOGO/blob/142498f527ac2dd3116cc1feccb9670879839f74/static/library/school/CAU_wordmark.svg,CAU_wordmark.svg,static/library/school/CAU_wordmark.svg,False,svg,,,,,True,vector,,,content_inspected,MIT,,中国农业大学,HeyHuazi/SVGLOGO,142498f527ac2dd3116cc1feccb9670879839f74,80e38a637362d870f3815ef0c96d05d88496442928808e52583c900e75a255f1,25127
4111010020,北京农学院,ccd25ca90debe700,badge,https://www.shanghairanking.cn/_uni/logo/37951247.png,https://github.com/xioajiumi/Chinese_Universities/blob/e088fddc329a6f0148ca72fd3b4d0fe069f13e3a/Chinese_Universities.json,37951247.png,Chinese_Universities.json,False,png,,,,,,,,,indexed_not_fetched,MIT,,北京农学院,xioajiumi/Chinese_Universities,e088fddc329a6f0148ca72fd3b4d0fe069f13e3a,,
4111010022,北京林业大学,7577d19fae094e91,badge,https://www.shanghairanking.cn/_uni/logo/43861010.png,https://github.com/xioajiumi/Chinese_Universities/blob/e088fddc329a6f0148ca72fd3b4d0fe069f13e3a/Chinese_Universities.json,43861010.png,Chinese_Universities.json,False,png,,,,,,,,,indexed_not_fetched,MIT,,北京林业大学,xioajiumi/Chinese_Universities,e088fddc329a6f0148ca72fd3b4d0fe069f13e3a,,
4111010022,北京林业大学,5a30a135f3c931d1,badge,https://raw.githubusercontent.com/Magicdover/China-Universities-2026/419bdc7ce6956fc88c2b70b3979f170b6666f111/assets/logos-new/%E5%8C%97%E4%BA%AC%E6%9E%97%E4%B8%9A%E5%A4%A7%E5%AD%A6%20BJFU.svg,https://github.com/Magicdover/China-Universities-2026/blob/419bdc7ce6956fc88c2b70b3979f170b6666f111/assets/logos-new/%E5%8C%97%E4%BA%AC%E6%9E%97%E4%B8%9A%E5%A4%A7%E5%AD%A6%20BJFU.svg,%E5%8C%97%E4%BA%AC%E6%9E%97%E4%B8%9A%E5%A4%A7%E5%AD%A6%20BJFU.svg,assets/logos-new/北京林业大学 BJFU.svg,False,svg,88.0,88.0,,,True,vector,,,content_inspected,MIT,,北京林业大学,Magicdover/China-Universities-2026,419bdc7ce6956fc88c2b70b3979f170b6666f111,d796cf3151e2c600eadadf432eadac290a17c8b8cc9b10c1feb4c64a27154c83,29074
4111010022,北京林业大学,98b608c4d412e170,badge,https://raw.githubusercontent.com/HeyHuazi/SVGLOGO/142498f527ac2dd3116cc1feccb9670879839f74/static/library/school/BeiJingLinYeDaXue.svg,https://github.com/HeyHuazi/SVGLOGO/blob/142498f527ac2dd3116cc1feccb9670879839f74/static/library/school/BeiJingLinYeDaXue.svg,BeiJingLinYeDaXue.svg,static/library/school/BeiJingLinYeDaXue.svg,False,svg,128.0,128.0,,,True,vector,,,content_inspected,MIT,,北京林业大学,HeyHuazi/SVGLOGO,142498f527ac2dd3116cc1feccb9670879839f74,10ec6ab1e595a9305fb0dd30587859e45857ea2f52cba5310f485129e0184bbf,18938
4111010022,北京林业大学,a8877874946a2738,wordmark,https://raw.githubusercontent.com/HeyHuazi/SVGLOGO/142498f527ac2dd3116cc1feccb9670879839f74/static/library/school/BeiJingLinYeDaXue_wordmark.svg,https://github.com/HeyHuazi/SVGLOGO/blob/142498f527ac2dd3116cc1feccb9670879839f74/static/library/school/BeiJingLinYeDaXue_wordmark.svg,BeiJingLinYeDaXue_wordmark.svg,static/library/school/BeiJingLinYeDaXue_wordmark.svg,False,svg,,,,,True,vector,,,content_inspected,MIT,,北京林业大学,HeyHuazi/SVGLOGO,142498f527ac2dd3116cc1feccb9670879839f74,2fc71eaea82acb0d1b42792e2287f9f44c267e6df685df841856a7fc1ee90dcd,13651
4111010023,北京协和医学院,2716738e223ed42e,badge,https://raw.githubusercontent.com/Magicdover/China-Universities-2026/419bdc7ce6956fc88c2b70b3979f170b6666f111/assets/logos-new/%E5%8C%97%E4%BA%AC%E5%8D%8F%E5%92%8C%E5%8C%BB%E5%AD%A6%E9%99%A2%20PUMC.svg,https://github.com/Magicdover/China-Universities-2026/blob/419bdc7ce6956fc88c2b70b3979f170b6666f111/assets/logos-new/%E5%8C%97%E4%BA%AC%E5%8D%8F%E5%92%8C%E5%8C%BB%E5%AD%A6%E9%99%A2%20PUMC.svg,%E5%8C%97%E4%BA%AC%E5%8D%8F%E5%92%8C%E5%8C%BB%E5%AD%A6%E9%99%A2%20PUMC.svg,assets/logos-new/北京协和医学院 PUMC.svg,False,svg,266.66666,266.66666,,,True,vector,,,content_inspected,MIT,,北京协和医学院,Magicdover/China-Universities-2026,419bdc7ce6956fc88c2b70b3979f170b6666f111,3207dd30a363423971232498f35e932a71f455a40f0b8369f9b0c034c7ddfcf5,8542856
4111010025,首都医科大学,8198bc40c5c3610e,badge,https://raw.githubusercontent.com/Magicdover/China-Universities-2026/419bdc7ce6956fc88c2b70b3979f170b6666f111/assets/logos-new/%E9%A6%96%E9%83%BD%E5%8C%BB%E7%A7%91%E5%A4%A7%E5%AD%A6%20CCMU.svg,https://github.com/Magicdover/China-Universities-2026/blob/419bdc7ce6956fc88c2b70b3979f170b6666f111/assets/logos-new/%E9%A6%96%E9%83%BD%E5%8C%BB%E7%A7%91%E5%A4%A7%E5%AD%A6%20CCMU.svg,%E9%A6%96%E9%83%BD%E5%8C%BB%E7%A7%91%E5%A4%A7%E5%AD%A6%20CCMU.svg,assets/logos-new/首都医科大学 CCMU.svg,False,svg,88.0,88.0,,,True,vector,,,content_inspected,MIT,,首都医科大学,Magicdover/China-Universities-2026,419bdc7ce6956fc88c2b70b3979f170b6666f111,810da7309d1280d04cdb90a7fd304da42a535054b6b7151ddaebb49cb4931910,447927
4111010026,北京中医药大学,7731632780741c5f,badge,https://raw.githubusercontent.com/Magicdover/China-Universities-2026/419bdc7ce6956fc88c2b70b3979f170b6666f111/assets/logos-new/%E5%8C%97%E4%BA%AC%E4%B8%AD%E5%8C%BB%E8%8D%AF%E5%A4%A7%E5%AD%A6%20BUCM.svg,https://github.com/Magicdover/China-Universities-2026/blob/419bdc7ce6956fc88c2b70b3979f170b6666f111/assets/logos-new/%E5%8C%97%E4%BA%AC%E4%B8%AD%E5%8C%BB%E8%8D%AF%E5%A4%A7%E5%AD%A6%20BUCM.svg,%E5%8C%97%E4%BA%AC%E4%B8%AD%E5%8C%BB%E8%8D%AF%E5%A4%A7%E5%AD%A6%20BUCM.svg,assets/logos-new/北京中医药大学 BUCM.svg,False,svg,,,,,True,vector,,,content_inspected,MIT,,北京中医药大学,Magicdover/China-Universities-2026,419bdc7ce6956fc88c2b70b3979f170b6666f111,2579fb76651cebd4cb374bcebf81d56b09f5dc691d4829c78d65f123215fe4bd,60261
4111010026,北京中医药大学,dbec26b366071e6e,badge,https://raw.githubusercontent.com/HeyHuazi/SVGLOGO/142498f527ac2dd3116cc1feccb9670879839f74/static/library/school/BUCM.svg,https://github.com/HeyHuazi/SVGLOGO/blob/142498f527ac2dd3116cc1feccb9670879839f74/static/library/school/BUCM.svg,BUCM.svg,static/library/school/BUCM.svg,False,svg,128.0,128.0,,,True,vector,,,content_inspected,MIT,,北京中医药大学,HeyHuazi/SVGLOGO,142498f527ac2dd3116cc1feccb9670879839f74,bb2e4d07ed9d3e722c8994df713068299bc6558136b22745ad9a569e314a411e,6281
4111010026,北京中医药大学,75f8ef18e3a6aafa,wordmark,https://raw.githubusercontent.com/HeyHuazi/SVGLOGO/142498f527ac2dd3116cc1feccb9670879839f74/static/library/school/BUCM_wordmark.svg,https://github.com/HeyHuazi/SVGLOGO/blob/142498f527ac2dd3116cc1feccb9670879839f74/static/library/school/BUCM_wordmark.svg,BUCM_wordmark.svg,static/library/school/BUCM_wordmark.svg,False,svg,,,,,True,vector,,,content_inspected,MIT,,北京中医药大学,HeyHuazi/SVGLOGO,142498f527ac2dd3116cc1feccb9670879839f74,ac485ffb9da818b0fc06e6ea995d197b4c83bf9d4f89f37a7135f0edb9eade98,12616
4111010027,北京师范大学,1b5ceb10462a490e,badge,https://www.shanghairanking.cn/_uni/logo/38816505.png,https://github.com/xioajiumi/Chinese_Universities/blob/e088fddc329a6f0148ca72fd3b4d0fe069f13e3a/Chinese_Universities.json,38816505.png,Chinese_Universities.json,False,png,,,,,,,,,indexed_not_fetched,MIT,,北京师范大学,xioajiumi/Chinese_Universities,e088fddc329a6f0148ca72fd3b4d0fe069f13e3a,,
4111010027,北京师范大学,0987be7bba3eee19,badge,https://raw.githubusercontent.com/Magicdover/China-Universities-2026/419bdc7ce6956fc88c2b70b3979f170b6666f111/assets/logos-new/%E5%8C%97%E4%BA%AC%E5%B8%88%E8%8C%83%E5%A4%A7%E5%AD%A6%20BNU.svg,https://github.com/Magicdover/China-Universities-2026/blob/419bdc7ce6956fc88c2b70b3979f170b6666f111/assets/logos-new/%E5%8C%97%E4%BA%AC%E5%B8%88%E8%8C%83%E5%A4%A7%E5%AD%A6%20BNU.svg,%E5%8C%97%E4%BA%AC%E5%B8%88%E8%8C%83%E5%A4%A7%E5%AD%A6%20BNU.svg,assets/logos-new/北京师范大学 BNU.svg,False,svg,300.0,300.0,,,True,vector,,,content_inspected,MIT,,北京师范大学,Magicdover/China-Universities-2026,419bdc7ce6956fc88c2b70b3979f170b6666f111,39860da8148ae9e1020ba6de142dbdf211b6d690edf7878bf964bef74666d8dc,88693
4111010027,北京师范大学,57581e4026b261d0,badge,https://raw.githubusercontent.com/HeyHuazi/SVGLOGO/142498f527ac2dd3116cc1feccb9670879839f74/static/library/school/BeiJingShiFanDaXue.svg,https://github.com/HeyHuazi/SVGLOGO/blob/142498f527ac2dd3116cc1feccb9670879839f74/static/library/school/BeiJingShiFanDaXue.svg,BeiJingShiFanDaXue.svg,static/library/school/BeiJingShiFanDaXue.svg,False,svg,128.0,137.0,,,True,vector,,,content_inspected,MIT,,北京师范大学,HeyHuazi/SVGLOGO,142498f527ac2dd3116cc1feccb9670879839f74,c7d2b3f3b205bd1015b461fead61ca9a179979f71f88ef4e2f50f61507555978,66298
4111010027,北京师范大学,61882b07f77d6511,wordmark,https://raw.githubusercontent.com/HeyHuazi/SVGLOGO/142498f527ac2dd3116cc1feccb9670879839f74/static/library/school/BeiJingShiFanDaXue_wordmark.svg,https://github.com/HeyHuazi/SVGLOGO/blob/142498f527ac2dd3116cc1feccb9670879839f74/static/library/school/BeiJingShiFanDaXue_wordmark.svg,BeiJingShiFanDaXue_wordmark.svg,static/library/school/BeiJingShiFanDaXue_wordmark.svg,False,svg,,,,,True,vector,,,content_inspected,MIT,,北京师范大学,HeyHuazi/SVGLOGO,142498f527ac2dd3116cc1feccb9670879839f74,950c4947b60be7398bf47c6019d5306093f82372519bda495d767910357ef93d,23923
4111010028,首都师范大学,11dbbfd1f5e0b44e,badge,https://www.shanghairanking.cn/_uni/logo/66860048.png,https://github.com/xioajiumi/Chinese_Universities/blob/e088fddc329a6f0148ca72fd3b4d0fe069f13e3a/Chinese_Universities.json,66860048.png,Chinese_Universities.json,False,png,,,,,,,,,indexed_not_fetched,MIT,,首都师范大学,xioajiumi/Chinese_Universities,e088fddc329a6f0148ca72fd3b4d0fe069f13e3a,,
4111010028,首都师范大学,167651c6263ec287,badge,https://raw.githubusercontent.com/Magicdover/China-Universities-2026/419bdc7ce6956fc88c2b70b3979f170b6666f111/assets/logos/%E9%A6%96%E9%83%BD%E5%B8%88%E8%8C%83%E5%A4%A7%E5%AD%A6%20CNU.svg,https://github.com/Magicdover/China-Universities-2026/blob/419bdc7ce6956fc88c2b70b3979f170b6666f111/assets/logos/%E9%A6%96%E9%83%BD%E5%B8%88%E8%8C%83%E5%A4%A7%E5%AD%A6%20CNU.svg,%E9%A6%96%E9%83%BD%E5%B8%88%E8%8C%83%E5%A4%A7%E5%AD%A6%20CNU.svg,assets/logos/首都师范大学 CNU.svg,False,svg,154.0,157.0,,,True,vector,,,content_inspected,MIT,,首都师范大学,Magicdover/China-Universities-2026,419bdc7ce6956fc88c2b70b3979f170b6666f111,1b1b407665d8d451b4dbee1646961e3a8cf618d0cd8804d023063295f0df8a1d,226230
4111010028,首都师范大学,467438e0f861992c,badge,https://raw.githubusercontent.com/HeyHuazi/SVGLOGO/142498f527ac2dd3116cc1feccb9670879839f74/static/library/school/CNU.svg,https://github.com/HeyHuazi/SVGLOGO/blob/142498f527ac2dd3116cc1feccb9670879839f74/static/library/school/CNU.svg,CNU.svg,static/library/school/CNU.svg,False,svg,128.0,128.0,,,True,vector,,,content_inspected,MIT,,首都师范大学,HeyHuazi/SVGLOGO,142498f527ac2dd3116cc1feccb9670879839f74,1802510e80b7a621116f1ffc1f405d3c5ba397edb7489f8afd5dd5e34e2dae1a,41823
4111010028,首都师范大学,b31eda7fb7b8cfb5,wordmark,https://raw.githubusercontent.com/HeyHuazi/SVGLOGO/142498f527ac2dd3116cc1feccb9670879839f74/static/library/school/CNU_wordmark.svg,https://github.com/HeyHuazi/SVGLOGO/blob/142498f527ac2dd3116cc1feccb9670879839f74/static/library/school/CNU_wordmark.svg,CNU_wordmark.svg,static/library/school/CNU_wordmark.svg,False,svg,,,,,True,vector,,,content_inspected,MIT,,首都师范大学,HeyHuazi/SVGLOGO,142498f527ac2dd3116cc1feccb9670879839f74,ef7c55bd9b53c8289cc095856aa500608c4f74653140123c3fc8e7cb0afafdd7,21051
4111010030,北京外国语大学,1a7c66548e6c9ff1,badge,https://raw.githubusercontent.com/Magicdover/China-Universities-2026/419bdc7ce6956fc88c2b70b3979f170b6666f111/assets/logos/%E5%8C%97%E4%BA%AC%E5%A4%96%E5%9B%BD%E8%AF%AD%E5%A4%A7%E5%AD%A6%20BFSU.svg,https://github.com/Magicdover/China-Universities-2026/blob/419bdc7ce6956fc88c2b70b3979f170b6666f111/assets/logos/%E5%8C%97%E4%BA%AC%E5%A4%96%E5%9B%BD%E8%AF%AD%E5%A4%A7%E5%AD%A6%20BFSU.svg,%E5%8C%97%E4%BA%AC%E5%A4%96%E5%9B%BD%E8%AF%AD%E5%A4%A7%E5%AD%A6%20BFSU.svg,assets/logos/北京外国语大学 BFSU.svg,False,svg,154.0,157.0,,,True,vector,,,content_inspected,MIT,,北京外国语大学,Magicdover/China-Universities-2026,419bdc7ce6956fc88c2b70b3979f170b6666f111,d77849363b10f7a4e268ccd19f60e0e249f47f71bff59ffd98cae8ec8ca99964,98585
4111010030,北京外国语大学,2eca92fccbd5d1a6,badge,https://raw.githubusercontent.com/HeyHuazi/SVGLOGO/142498f527ac2dd3116cc1feccb9670879839f74/static/library/school/BeiJingWaiGuoYuDaXue.svg,https://github.com/HeyHuazi/SVGLOGO/blob/142498f527ac2dd3116cc1feccb9670879839f74/static/library/school/BeiJingWaiGuoYuDaXue.svg,BeiJingWaiGuoYuDaXue.svg,static/library/school/BeiJingWaiGuoYuDaXue.svg,False,svg,128.0,128.0,,,True,vector,,,content_inspected,MIT,,北京外国语大学,HeyHuazi/SVGLOGO,142498f527ac2dd3116cc1feccb9670879839f74,75d2a65e9ed8a28d3dff107329df945dac02bdc2ade847a97cdc5f879cf7b08c,17239
4111010030,北京外国语大学,1f468559efa4df50,wordmark,https://raw.githubusercontent.com/HeyHuazi/SVGLOGO/142498f527ac2dd3116cc1feccb9670879839f74/static/library/school/BeiJingWaiGuoYuDaXue_wordmark.svg,https://github.com/HeyHuazi/SVGLOGO/blob/142498f527ac2dd3116cc1feccb9670879839f74/static/library/school/BeiJingWaiGuoYuDaXue_wordmark.svg,BeiJingWaiGuoYuDaXue_wordmark.svg,static/library/school/BeiJingWaiGuoYuDaXue_wordmark.svg,False,svg,,,,,True,vector,,,content_inspected,MIT,,北京外国语大学,HeyHuazi/SVGLOGO,142498f527ac2dd3116cc1feccb9670879839f74,8adaa9156eb735aa9b48ebf510608dccafd3e254c224222eb14e10914b092a8e,15495
4111010032,北京语言大学,6c3a8570be0e0afc,badge,https://raw.githubusercontent.com/Magicdover/China-Universities-2026/419bdc7ce6956fc88c2b70b3979f170b6666f111/assets/logos-new/%E5%8C%97%E4%BA%AC%E8%AF%AD%E8%A8%80%E5%A4%A7%E5%AD%A6%20BLCU.svg,https://github.com/Magicdover/China-Universities-2026/blob/419bdc7ce6956fc88c2b70b3979f170b6666f111/assets/logos-new/%E5%8C%97%E4%BA%AC%E8%AF%AD%E8%A8%80%E5%A4%A7%E5%AD%A6%20BLCU.svg,%E5%8C%97%E4%BA%AC%E8%AF%AD%E8%A8%80%E5%A4%A7%E5%AD%A6%20BLCU.svg,assets/logos-new/北京语言大学 BLCU.svg,False,svg,,,,,True,vector,,,content_inspected,MIT,,北京语言大学,Magicdover/China-Universities-2026,419bdc7ce6956fc88c2b70b3979f170b6666f111,fd1bbee92ecd4fc10d25d0d90992921be91194103d2123c66d39f8c32947fdfd,124401
4111010033,中国传媒大学,04c97c03cb701c14,badge,https://raw.githubusercontent.com/Magicdover/China-Universities-2026/419bdc7ce6956fc88c2b70b3979f170b6666f111/assets/logos-new/%E4%B8%AD%E5%9B%BD%E4%BC%A0%E5%AA%92%E5%A4%A7%E5%AD%A6%20CUC.svg,https://github.com/Magicdover/China-Universities-2026/blob/419bdc7ce6956fc88c2b70b3979f170b6666f111/assets/logos-new/%E4%B8%AD%E5%9B%BD%E4%BC%A0%E5%AA%92%E5%A4%A7%E5%AD%A6%20CUC.svg,%E4%B8%AD%E5%9B%BD%E4%BC%A0%E5%AA%92%E5%A4%A7%E5%AD%A6%20CUC.svg,assets/logos-new/中国传媒大学 CUC.svg,False,svg,88.0,88.0,,,True,vector,,,content_inspected,MIT,,中国传媒大学,Magicdover/China-Universities-2026,419bdc7ce6956fc88c2b70b3979f170b6666f111,4268389b75a64d55b5ed98b684f61e5e3fef6cce96ab325d516caa6782a1180e,630190
4111010033,中国传媒大学,cd5661b56f7397e6,badge,https://raw.githubusercontent.com/HeyHuazi/SVGLOGO/142498f527ac2dd3116cc1feccb9670879839f74/static/library/school/CUC.svg,https://github.com/HeyHuazi/SVGLOGO/blob/142498f527ac2dd3116cc1feccb9670879839f74/static/library/school/CUC.svg,CUC.svg,static/library/school/CUC.svg,False,svg,128.0,128.0,,,True,vector,,,content_inspected,MIT,,中国传媒大学,HeyHuazi/SVGLOGO,142498f527ac2dd3116cc1feccb9670879839f74,2532f1739989412c4fb0278b26bd2879a7afc78c9d2bbdd3d5aeaced217b6535,91484
4111010033,中国传媒大学,7d103fd5fe0a4439,wordmark,https://raw.githubusercontent.com/HeyHuazi/SVGLOGO/142498f527ac2dd3116cc1feccb9670879839f74/static/library/school/CUC_wordmark.svg,https://github.com/HeyHuazi/SVGLOGO/blob/142498f527ac2dd3116cc1feccb9670879839f74/static/library/school/CUC_wordmark.svg,CUC_wordmark.svg,static/library/school/CUC_wordmark.svg,False,svg,,,,,True,vector,,,content_inspected,MIT,,中国传媒大学,HeyHuazi/SVGLOGO,142498f527ac2dd3116cc1feccb9670879839f74,6289b649e1d647b867e79ef98b95b1445a8c719a8e838ef89a6e43a0cc678428,16059
4111010034,中央财经大学,01638987710f91bc,badge,https://raw.githubusercontent.com/Magicdover/China-Universities-2026/419bdc7ce6956fc88c2b70b3979f170b6666f111/assets/logos-new/%E4%B8%AD%E5%A4%AE%E8%B4%A2%E7%BB%8F%E5%A4%A7%E5%AD%A6%20CUFE.svg,https://github.com/Magicdover/China-Universities-2026/blob/419bdc7ce6956fc88c2b70b3979f170b6666f111/assets/logos-new/%E4%B8%AD%E5%A4%AE%E8%B4%A2%E7%BB%8F%E5%A4%A7%E5%AD%A6%20CUFE.svg,%E4%B8%AD%E5%A4%AE%E8%B4%A2%E7%BB%8F%E5%A4%A7%E5%AD%A6%20CUFE.svg,assets/logos-new/中央财经大学 CUFE.svg,False,svg,88.0,89.0,,,True,vector,,,content_inspected,MIT,,中央财经大学,Magicdover/China-Universities-2026,419bdc7ce6956fc88c2b70b3979f170b6666f111,67b40dc4ecee771085aa0aac9488ab192e495df0960dbc3338ce8db29df4653f,142611
4111010034,中央财经大学,2754354459728383,badge,https://raw.githubusercontent.com/HeyHuazi/SVGLOGO/142498f527ac2dd3116cc1feccb9670879839f74/static/library/school/CUFE.svg,https://github.com/HeyHuazi/SVGLOGO/blob/142498f527ac2dd3116cc1feccb9670879839f74/static/library/school/CUFE.svg,CUFE.svg,static/library/school/CUFE.svg,False,svg,128.0,128.0,,,True,vector,,,content_inspected,MIT,,中央财经大学,HeyHuazi/SVGLOGO,142498f527ac2dd3116cc1feccb9670879839f74,256adfd988850d0baae3bf67466f890ef8f4c1c3435ed95f49dafb35159bebd1,72486
4111010034,中央财经大学,8fd9d624dcaf6560,wordmark,https://raw.githubusercontent.com/HeyHuazi/SVGLOGO/142498f527ac2dd3116cc1feccb9670879839f74/static/library/school/CUFE_wordmark.svg,https://github.com/HeyHuazi/SVGLOGO/blob/142498f527ac2dd3116cc1feccb9670879839f74/static/library/school/CUFE_wordmark.svg,CUFE_wordmark.svg,static/library/school/CUFE_wordmark.svg,False,svg,,,,,True,vector,,,content_inspected,MIT,,中央财经大学,HeyHuazi/SVGLOGO,142498f527ac2dd3116cc1feccb9670879839f74,b3e1a571f8e7820b9b87de42f938d3b3d6e2b9ce789d88be0c21f23ca7e4c1ec,23032
4111010036,对外经济贸易大学,eabd59bdd5c4e631,badge,https://raw.githubusercontent.com/Magicdover/China-Universities-2026/419bdc7ce6956fc88c2b70b3979f170b6666f111/assets/logos-new/%E5%AF%B9%E5%A4%96%E7%BB%8F%E6%B5%8E%E8%B4%B8%E6%98%93%E5%A4%A7%E5%AD%A6%20UIBE.svg,https://github.com/Magicdover/China-Universities-2026/blob/419bdc7ce6956fc88c2b70b3979f170b6666f111/assets/logos-new/%E5%AF%B9%E5%A4%96%E7%BB%8F%E6%B5%8E%E8%B4%B8%E6%98%93%E5%A4%A7%E5%AD%A6%20UIBE.svg,%E5%AF%B9%E5%A4%96%E7%BB%8F%E6%B5%8E%E8%B4%B8%E6%98%93%E5%A4%A7%E5%AD%A6%20UIBE.svg,assets/logos-new/对外经济贸易大学 UIBE.svg,False,svg,88.0,82.0,,,True,vector,,,content_inspected,MIT,,对外经济贸易大学,Magicdover/China-Universities-2026,419bdc7ce6956fc88c2b70b3979f170b6666f111,2cf9a024ca31c3bb03627738712bc753777887262b5bfe861ee8bd31fdc756bd,25270
4111010036,对外经济贸易大学,c9dd8181bdfb7089,badge,https://raw.githubusercontent.com/HeyHuazi/SVGLOGO/142498f527ac2dd3116cc1feccb9670879839f74/static/library/school/UIBE.svg,https://github.com/HeyHuazi/SVGLOGO/blob/142498f527ac2dd3116cc1feccb9670879839f74/static/library/school/UIBE.svg,UIBE.svg,static/library/school/UIBE.svg,False,svg,128.0,128.0,,,True,vector,,,content_inspected,MIT,,对外经济贸易大学,HeyHuazi/SVGLOGO,142498f527ac2dd3116cc1feccb9670879839f74,e4fa07d8c5caa1b461748ec6abe6ae5bb363e35ce09adead4e2ba0aad7cf84ec,14334
4111010040,外交学院,fbeeaaaabaa41f84,badge,https://raw.githubusercontent.com/HeyHuazi/SVGLOGO/142498f527ac2dd3116cc1feccb9670879839f74/static/library/school/CFAU.svg,https://github.com/HeyHuazi/SVGLOGO/blob/142498f527ac2dd3116cc1feccb9670879839f74/static/library/school/CFAU.svg,CFAU.svg,static/library/school/CFAU.svg,False,svg,128.0,128.0,,,True,vector,,,content_inspected,MIT,,外交学院,HeyHuazi/SVGLOGO,142498f527ac2dd3116cc1feccb9670879839f74,5dcb4ac9d2610ceba5272c1f12a046d6db48a9ebf21da0775d4aa8a8aee8870d,14078
4111010041,中国人民公安大学,76d276ab13842129,badge,https://raw.githubusercontent.com/Magicdover/China-Universities-2026/419bdc7ce6956fc88c2b70b3979f170b6666f111/assets/logos-new/%E4%B8%AD%E5%9B%BD%E4%BA%BA%E6%B0%91%E5%85%AC%E5%AE%89%E5%A4%A7%E5%AD%A6%20PPSUC.svg,https://github.com/Magicdover/China-Universities-2026/blob/419bdc7ce6956fc88c2b70b3979f170b6666f111/assets/logos-new/%E4%B8%AD%E5%9B%BD%E4%BA%BA%E6%B0%91%E5%85%AC%E5%AE%89%E5%A4%A7%E5%AD%A6%20PPSUC.svg,%E4%B8%AD%E5%9B%BD%E4%BA%BA%E6%B0%91%E5%85%AC%E5%AE%89%E5%A4%A7%E5%AD%A6%20PPSUC.svg,assets/logos-new/中国人民公安大学 PPSUC.svg,False,svg,868.3203125,868.31005859375,,,True,vector,,,content_inspected,MIT,,中国人民公安大学,Magicdover/China-Universities-2026,419bdc7ce6956fc88c2b70b3979f170b6666f111,a0b859e513e69c90e8fd9d64ea27c781bb19ecb9bf782ed058c5e0705a1fcd00,158057
4111010042,国际关系学院,fbf3944b9db12c08,badge,https://www.shanghairanking.cn/_uni/logo-jpg/3679975000.jpg,https://github.com/xioajiumi/Chinese_Universities/blob/e088fddc329a6f0148ca72fd3b4d0fe069f13e3a/Chinese_Universities.json,3679975000.jpg,Chinese_Universities.json,False,jpg,,,,,,,,,indexed_not_fetched,MIT,,国际关系学院,xioajiumi/Chinese_Universities,e088fddc329a6f0148ca72fd3b4d0fe069f13e3a,,
4111010043,北京体育大学,c99ad0a712526929,badge,https://raw.githubusercontent.com/Magicdover/China-Universities-2026/419bdc7ce6956fc88c2b70b3979f170b6666f111/assets/logos/%E5%8C%97%E4%BA%AC%E4%BD%93%E8%82%B2%E5%A4%A7%E5%AD%A6%20BSU.svg,https://github.com/Magicdover/China-Universities-2026/blob/419bdc7ce6956fc88c2b70b3979f170b6666f111/assets/logos/%E5%8C%97%E4%BA%AC%E4%BD%93%E8%82%B2%E5%A4%A7%E5%AD%A6%20BSU.svg,%E5%8C%97%E4%BA%AC%E4%BD%93%E8%82%B2%E5%A4%A7%E5%AD%A6%20BSU.svg,assets/logos/北京体育大学 BSU.svg,False,svg,154.0,157.0,,,True,vector,,,content_inspected,MIT,,北京体育大学,Magicdover/China-Universities-2026,419bdc7ce6956fc88c2b70b3979f170b6666f111,774da7c8cf6aa26f9cbbab6b5bc017a7b661550a8c2840aa945e674ed39358be,39187
4111010043,北京体育大学,46c107c0ba7b6d57,badge,https://raw.githubusercontent.com/HeyHuazi/SVGLOGO/142498f527ac2dd3116cc1feccb9670879839f74/static/library/school/BSU.svg,https://github.com/HeyHuazi/SVGLOGO/blob/142498f527ac2dd3116cc1feccb9670879839f74/static/library/school/BSU.svg,BSU.svg,static/library/school/BSU.svg,False,svg,128.0,128.0,,,True,vector,,,content_inspected,MIT,,北京体育大学,HeyHuazi/SVGLOGO,142498f527ac2dd3116cc1feccb9670879839f74,8095c1e5d0e042570ef59e47ae6e978ee86ec5882a5fa9e4dd173eccae48fcbd,1079
4111010043,北京体育大学,9bcea66bcefb001a,wordmark,https://raw.githubusercontent.com/HeyHuazi/SVGLOGO/142498f527ac2dd3116cc1feccb9670879839f74/static/library/school/BSU_wordmark.svg,https://github.com/HeyHuazi/SVGLOGO/blob/142498f527ac2dd3116cc1feccb9670879839f74/static/library/school/BSU_wordmark.svg,BSU_wordmark.svg,static/library/school/BSU_wordmark.svg,False,svg,,,,,True,vector,,,content_inspected,MIT,,北京体育大学,HeyHuazi/SVGLOGO,142498f527ac2dd3116cc1feccb9670879839f74,ccfc0eeb870e17a1f4aa136fa0e2a72e1e27df4e4639c1b305b2f34a160a23a1,10964
4111010045,中央音乐学院,21b1ebd63f749ef5,badge,https://raw.githubusercontent.com/Magicdover/China-Universities-2026/419bdc7ce6956fc88c2b70b3979f170b6666f111/assets/logos-new/%E4%B8%AD%E5%A4%AE%E9%9F%B3%E4%B9%90%E5%AD%A6%E9%99%A2%20CCOM.svg,https://github.com/Magicdover/China-Universities-2026/blob/419bdc7ce6956fc88c2b70b3979f170b6666f111/assets/logos-new/%E4%B8%AD%E5%A4%AE%E9%9F%B3%E4%B9%90%E5%AD%A6%E9%99%A2%20CCOM.svg,%E4%B8%AD%E5%A4%AE%E9%9F%B3%E4%B9%90%E5%AD%A6%E9%99%A2%20CCOM.svg,assets/logos-new/中央音乐学院 CCOM.svg,False,svg,71.0,88.0,,,True,vector,,,content_inspected,MIT,,中央音乐学院,Magicdover/China-Universities-2026,419bdc7ce6956fc88c2b70b3979f170b6666f111,f57bff1f54dc01d06fb79494e839b1f4cd1bc76fa6b03f5948677b200a0960c1,7490
4111010045,中央音乐学院,5f0e967c1a04f625,badge,https://raw.githubusercontent.com/HeyHuazi/SVGLOGO/142498f527ac2dd3116cc1feccb9670879839f74/static/library/school/CCOM.svg,https://github.com/HeyHuazi/SVGLOGO/blob/142498f527ac2dd3116cc1feccb9670879839f74/static/library/school/CCOM.svg,CCOM.svg,static/library/school/CCOM.svg,False,svg,128.0,128.0,,,True,vector,,,content_inspected,MIT,,中央音乐学院,HeyHuazi/SVGLOGO,142498f527ac2dd3116cc1feccb9670879839f74,1942f402052634235b67728e93638ec5a685393751bf4cb35e898fe2fdfb4622,4961
4111010045,中央音乐学院,6c5ca5fdaa5e9702,wordmark,https://raw.githubusercontent.com/HeyHuazi/SVGLOGO/142498f527ac2dd3116cc1feccb9670879839f74/static/library/school/CCOM_wordmark.svg,https://github.com/HeyHuazi/SVGLOGO/blob/142498f527ac2dd3116cc1feccb9670879839f74/static/library/school/CCOM_wordmark.svg,CCOM_wordmark.svg,static/library/school/CCOM_wordmark.svg,False,svg,,,,,True,vector,,,content_inspected,MIT,,中央音乐学院,HeyHuazi/SVGLOGO,142498f527ac2dd3116cc1feccb9670879839f74,7415e889c21a88692ce2080daa2e7ca3a6c35ecd7e055213d7b2ec763e65fa90,12500
4111010046,中国音乐学院,4c5642afdd5b9d82,badge,https://raw.githubusercontent.com/Magicdover/China-Universities-2026/419bdc7ce6956fc88c2b70b3979f170b6666f111/assets/logos-new/%E4%B8%AD%E5%9B%BD%E9%9F%B3%E4%B9%90%E5%AD%A6%E9%99%A2%20CCM.png,https://github.com/Magicdover/China-Universities-2026/blob/419bdc7ce6956fc88c2b70b3979f170b6666f111/assets/logos-new/%E4%B8%AD%E5%9B%BD%E9%9F%B3%E4%B9%90%E5%AD%A6%E9%99%A2%20CCM.png,%E4%B8%AD%E5%9B%BD%E9%9F%B3%E4%B9%90%E5%AD%A6%E9%99%A2%20CCM.png,assets/logos-new/中国音乐学院 CCM.png,False,png,1024,1023,,,False,raster,True,True,content_inspected,MIT,,中国音乐学院,Magicdover/China-Universities-2026,419bdc7ce6956fc88c2b70b3979f170b6666f111,da50e3f029314edb6a9d31591d9c1f519cdc2c455d5d08347100c00a06183e3b,149453
4111010047,中央美术学院,7a61c23ac3e1215b,badge,https://raw.githubusercontent.com/Magicdover/China-Universities-2026/419bdc7ce6956fc88c2b70b3979f170b6666f111/assets/logos-new/%E4%B8%AD%E5%A4%AE%E7%BE%8E%E6%9C%AF%E5%AD%A6%E9%99%A2%20CAFA.svg,https://github.com/Magicdover/China-Universities-2026/blob/419bdc7ce6956fc88c2b70b3979f170b6666f111/assets/logos-new/%E4%B8%AD%E5%A4%AE%E7%BE%8E%E6%9C%AF%E5%AD%A6%E9%99%A2%20CAFA.svg,%E4%B8%AD%E5%A4%AE%E7%BE%8E%E6%9C%AF%E5%AD%A6%E9%99%A2%20CAFA.svg,assets/logos-new/中央美术学院 CAFA.svg,False,svg,266.66666,88.0,,,True,vector,,,content_inspected,MIT,,中央美术学院,Magicdover/China-Universities-2026,419bdc7ce6956fc88c2b70b3979f170b6666f111,ce742a3879f867ffce58814ddee50507ed40f7a28e63f8b3421cce8dbf22d657,58261
4111010047,中央美术学院,1431824d2cb84d15,wordmark,https://raw.githubusercontent.com/HeyHuazi/SVGLOGO/142498f527ac2dd3116cc1feccb9670879839f74/static/library/school/CAFA_wordmark.svg,https://github.com/HeyHuazi/SVGLOGO/blob/142498f527ac2dd3116cc1feccb9670879839f74/static/library/school/CAFA_wordmark.svg,CAFA_wordmark.svg,static/library/school/CAFA_wordmark.svg,False,svg,,,,,True,vector,,,content_inspected,MIT,,中央美术学院,HeyHuazi/SVGLOGO,142498f527ac2dd3116cc1feccb9670879839f74,4a09b26f6eea1b206f14d7507b064bea3da725b4684cb60622d7b924b9b57c2e,11204
4111010048,中央戏剧学院,cf56e0a6abf76ad9,badge,https://raw.githubusercontent.com/Magicdover/China-Universities-2026/419bdc7ce6956fc88c2b70b3979f170b6666f111/assets/logos-new/%E4%B8%AD%E5%A4%AE%E6%88%8F%E5%89%A7%E5%AD%A6%E9%99%A2%20CAD.svg,https://github.com/Magicdover/China-Universities-2026/blob/419bdc7ce6956fc88c2b70b3979f170b6666f111/assets/logos-new/%E4%B8%AD%E5%A4%AE%E6%88%8F%E5%89%A7%E5%AD%A6%E9%99%A2%20CAD.svg,%E4%B8%AD%E5%A4%AE%E6%88%8F%E5%89%A7%E5%AD%A6%E9%99%A2%20CAD.svg,assets/logos-new/中央戏剧学院 CAD.svg,False,svg,266.66666,97.333336,,,True,vector,,,content_inspected,MIT,,中央戏剧学院,Magicdover/China-Universities-2026,419bdc7ce6956fc88c2b70b3979f170b6666f111,6c304d7c31ae9dd44adafe1a493ad53ac83aa5ec0f673db8789a52dfbbc7ae0a,40126
4111010048,中央戏剧学院,f51981c0881d5906,wordmark,https://raw.githubusercontent.com/HeyHuazi/SVGLOGO/142498f527ac2dd3116cc1feccb9670879839f74/static/library/school/ZhongYangXiJuXueYuan_wordmark.svg,https://github.com/HeyHuazi/SVGLOGO/blob/142498f527ac2dd3116cc1feccb9670879839f74/static/library/school/ZhongYangXiJuXueYuan_wordmark.svg,ZhongYangXiJuXueYuan_wordmark.svg,static/library/school/ZhongYangXiJuXueYuan_wordmark.svg,False,svg,,,,,True,vector,,,content_inspected,MIT,,中央戏剧学院,HeyHuazi/SVGLOGO,142498f527ac2dd3116cc1feccb9670879839f74,edd72a4e112b6f81b7e251a06cc07452751fe85ee2f652e99e4c54e3f5330015,10915
4111010052,中央民族大学,2f0f53c3b0022f26,badge,https://raw.githubusercontent.com/Magicdover/China-Universities-2026/419bdc7ce6956fc88c2b70b3979f170b6666f111/assets/logos-new/%E4%B8%AD%E5%A4%AE%E6%B0%91%E6%97%8F%E5%A4%A7%E5%AD%A6%20MUC.svg,https://github.com/Magicdover/China-Universities-2026/blob/419bdc7ce6956fc88c2b70b3979f170b6666f111/assets/logos-new/%E4%B8%AD%E5%A4%AE%E6%B0%91%E6%97%8F%E5%A4%A7%E5%AD%A6%20MUC.svg,%E4%B8%AD%E5%A4%AE%E6%B0%91%E6%97%8F%E5%A4%A7%E5%AD%A6%20MUC.svg,assets/logos-new/中央民族大学 MUC.svg,False,svg,266.66666,266.66666,,,True,vector,,,content_inspected,MIT,,中央民族大学,Magicdover/China-Universities-2026,419bdc7ce6956fc88c2b70b3979f170b6666f111,9382a14b9007fa5a002ece101e8b55134a9374527452b7a02036e886ae494408,21055
4111010052,中央民族大学,26aee834aca9c161,badge,https://raw.githubusercontent.com/HeyHuazi/SVGLOGO/142498f527ac2dd3116cc1feccb9670879839f74/static/library/school/MUC.svg,https://github.com/HeyHuazi/SVGLOGO/blob/142498f527ac2dd3116cc1feccb9670879839f74/static/library/school/MUC.svg,MUC.svg,static/library/school/MUC.svg,False,svg,128.0,137.0,,,True,vector,,,content_inspected,MIT,,中央民族大学,HeyHuazi/SVGLOGO,142498f527ac2dd3116cc1feccb9670879839f74,5fde28a543fd0b93e23ee5c5f68bbcb896bc272c20d2f82921efe019e01a34b5,13177
4111010052,中央民族大学,7f277fe3f48a4f37,wordmark,https://raw.githubusercontent.com/HeyHuazi/SVGLOGO/142498f527ac2dd3116cc1feccb9670879839f74/static/library/school/MUC_wordmark.svg,https://github.com/HeyHuazi/SVGLOGO/blob/142498f527ac2dd3116cc1feccb9670879839f74/static/library/school/MUC_wordmark.svg,MUC_wordmark.svg,static/library/school/MUC_wordmark.svg,False,svg,,,,,True,vector,,,content_inspected,MIT,,中央民族大学,HeyHuazi/SVGLOGO,142498f527ac2dd3116cc1feccb9670879839f74,9502ee8ad97441a71b5e4dffc039b65dcffdc2759fc33177ffb40526d719f3cd,11632
4111010052,中央民族大学,a92225610874fca1,badge,https://raw.githubusercontent.com/RoboMaster/university_logos/3d645fc89869707bd7df8dba0f7e4bbcc4a60e14/Minzu_University_of_China/png/logo_red_800x800.png,https://github.com/RoboMaster/university_logos/blob/3d645fc89869707bd7df8dba0f7e4bbcc4a60e14/Minzu_University_of_China/png/logo_red_800x800.png,logo_red_800x800.png,Minzu_University_of_China/png/logo_red_800x800.png,False,png,800,800,,,False,raster,True,True,content_inspected,,,中央民族大学,RoboMaster/university_logos,3d645fc89869707bd7df8dba0f7e4bbcc4a60e14,538960790746d83e491b761f5fe5f49e5f4d126ef1293d5d2922b1dbffb9bad8,57053
4111010052,中央民族大学,e8879786254a5526,badge,https://raw.githubusercontent.com/RoboMaster/university_logos/3d645fc89869707bd7df8dba0f7e4bbcc4a60e14/Minzu_University_of_China/png/logo_red_new_800x800.png,https://github.com/RoboMaster/university_logos/blob/3d645fc89869707bd7df8dba0f7e4bbcc4a60e14/Minzu_University_of_China/png/logo_red_new_800x800.png,logo_red_new_800x800.png,Minzu_University_of_China/png/logo_red_new_800x800.png,False,png,800,800,,,False,raster,True,True,content_inspected,,,中央民族大学,RoboMaster/university_logos,3d645fc89869707bd7df8dba0f7e4bbcc4a60e14,c3dfd4745e61b4b531a63c2e8c33254d744d8d42585748b25fa833676b098a38,121792
4111010052,中央民族大学,4807db81648297f6,badge,https://raw.githubusercontent.com/RoboMaster/university_logos/3d645fc89869707bd7df8dba0f7e4bbcc4a60e14/Minzu_University_of_China/png/title_red_1097x300.png,https://github.com/RoboMaster/university_logos/blob/3d645fc89869707bd7df8dba0f7e4bbcc4a60e14/Minzu_University_of_China/png/title_red_1097x300.png,title_red_1097x300.png,Minzu_University_of_China/png/title_red_1097x300.png,False,png,1097,300,,,False,raster,True,True,content_inspected,,,中央民族大学,RoboMaster/university_logos,3d645fc89869707bd7df8dba0f7e4bbcc4a60e14,705ea0a38c2ca317a7a6f630ef9292a5edc3ca6fb202d13ceec60e92b7b0e7ca,54448
4111010052,中央民族大学,0b64f1c92144b54c,badge,https://raw.githubusercontent.com/RoboMaster/university_logos/3d645fc89869707bd7df8dba0f7e4bbcc4a60e14/Minzu_University_of_China/svg/logo_red.svg,https://github.com/RoboMaster/university_logos/blob/3d645fc89869707bd7df8dba0f7e4bbcc4a60e14/Minzu_University_of_China/svg/logo_red.svg,logo_red.svg,Minzu_University_of_China/svg/logo_red.svg,False,svg,,,,,True,vector,,,content_inspected,,,中央民族大学,RoboMaster/university_logos,3d645fc89869707bd7df8dba0f7e4bbcc4a60e14,5a3d1ae6350300771d3bbbfde501eb8231a08a29b5f2b5a8c1f5442f6ab1794b,460058
4111010052,中央民族大学,518dbb33533c5101,badge,https://raw.githubusercontent.com/RoboMaster/university_logos/3d645fc89869707bd7df8dba0f7e4bbcc4a60e14/Minzu_University_of_China/svg/logo_red_new.svg,https://github.com/RoboMaster/university_logos/blob/3d645fc89869707bd7df8dba0f7e4bbcc4a60e14/Minzu_University_of_China/svg/logo_red_new.svg,logo_red_new.svg,Minzu_University_of_China/svg/logo_red_new.svg,False,svg,400.0,400.0,,,True,vector,,,content_inspected,,,中央民族大学,RoboMaster/university_logos,3d645fc89869707bd7df8dba0f7e4bbcc4a60e14,f39f0d28200c44098e358c4537281b9a2bd36b1e115dbaea91f124572c8fa110,8639
4111010052,中央民族大学,61b76312ce87e504,badge,https://raw.githubusercontent.com/RoboMaster/university_logos/3d645fc89869707bd7df8dba0f7e4bbcc4a60e14/Minzu_University_of_China/svg/logo_red_new_flatten.svg,https://github.com/RoboMaster/university_logos/blob/3d645fc89869707bd7df8dba0f7e4bbcc4a60e14/Minzu_University_of_China/svg/logo_red_new_flatten.svg,logo_red_new_flatten.svg,Minzu_University_of_China/svg/logo_red_new_flatten.svg,False,svg,400.0,400.0,,,True,vector,,,content_inspected,,,中央民族大学,RoboMaster/university_logos,3d645fc89869707bd7df8dba0f7e4bbcc4a60e14,c0641c0266b8dcf8365067227606181775a31975c242d6d47c68722089ddc17c,25170
4111010052,中央民族大学,827cdaf53f8e28b5,badge,https://raw.githubusercontent.com/RoboMaster/university_logos/3d645fc89869707bd7df8dba0f7e4bbcc4a60e14/Minzu_University_of_China/svg/title_red.svg,https://github.com/RoboMaster/university_logos/blob/3d645fc89869707bd7df8dba0f7e4bbcc4a60e14/Minzu_University_of_China/svg/title_red.svg,title_red.svg,Minzu_University_of_China/svg/title_red.svg,False,svg,1200.0,628.0,,,True,vector,,,content_inspected,,,中央民族大学,RoboMaster/university_logos,3d645fc89869707bd7df8dba0f7e4bbcc4a60e14,70482608e967189d9fe65624cf6de88f815de2e162b108f83ea9b457bcea547c,54217
4111010053,中国政法大学,f09348baf38051a3,badge,https://raw.githubusercontent.com/Magicdover/China-Universities-2026/419bdc7ce6956fc88c2b70b3979f170b6666f111/assets/logos-new/%E4%B8%AD%E5%9B%BD%E6%94%BF%E6%B3%95%E5%A4%A7%E5%AD%A6%20CUPL.svg,https://github.com/Magicdover/China-Universities-2026/blob/419bdc7ce6956fc88c2b70b3979f170b6666f111/assets/logos-new/%E4%B8%AD%E5%9B%BD%E6%94%BF%E6%B3%95%E5%A4%A7%E5%AD%A6%20CUPL.svg,%E4%B8%AD%E5%9B%BD%E6%94%BF%E6%B3%95%E5%A4%A7%E5%AD%A6%20CUPL.svg,assets/logos-new/中国政法大学 CUPL.svg,False,svg,252.0,252.0,,,True,vector,,,content_inspected,MIT,,中国政法大学,Magicdover/China-Universities-2026,419bdc7ce6956fc88c2b70b3979f170b6666f111,d3cebe8bdc244b0743c9768e0296e20aeccdfb97943055bccd2fa57afd0c5276,58345
4111010054,华北电力大学,19cbf39fa58b81b1,badge,https://www.shanghairanking.cn/_uni/logo/13312897.png,https://github.com/xioajiumi/Chinese_Universities/blob/e088fddc329a6f0148ca72fd3b4d0fe069f13e3a/Chinese_Universities.json,13312897.png,Chinese_Universities.json,False,png,,,,,,,,,indexed_not_fetched,MIT,,华北电力大学,xioajiumi/Chinese_Universities,e088fddc329a6f0148ca72fd3b4d0fe069f13e3a,,
4111010054,华北电力大学,97223795aecad54d,badge,https://raw.githubusercontent.com/Magicdover/China-Universities-2026/419bdc7ce6956fc88c2b70b3979f170b6666f111/assets/logos-new/%E5%8D%8E%E5%8C%97%E7%94%B5%E5%8A%9B%E5%A4%A7%E5%AD%A6%20NCEPU.svg,https://github.com/Magicdover/China-Universities-2026/blob/419bdc7ce6956fc88c2b70b3979f170b6666f111/assets/logos-new/%E5%8D%8E%E5%8C%97%E7%94%B5%E5%8A%9B%E5%A4%A7%E5%AD%A6%20NCEPU.svg,%E5%8D%8E%E5%8C%97%E7%94%B5%E5%8A%9B%E5%A4%A7%E5%AD%A6%20NCEPU.svg,assets/logos-new/华北电力大学 NCEPU.svg,False,svg,53.214691162109375,53.215087890625,,,True,vector,,,content_inspected,MIT,,华北电力大学,Magicdover/China-Universities-2026,419bdc7ce6956fc88c2b70b3979f170b6666f111,17f90713b344dcb25c2b129afc411479cc85735b151ab4173554b491bef38d33,42641
4111011232,北京信息科技大学,6839b53d67b96822,badge,https://www.shanghairanking.cn/_uni/logo/34773687.png,https://github.com/xioajiumi/Chinese_Universities/blob/e088fddc329a6f0148ca72fd3b4d0fe069f13e3a/Chinese_Universities.json,34773687.png,Chinese_Universities.json,False,png,,,,,,,,,indexed_not_fetched,MIT,,北京信息科技大学,xioajiumi/Chinese_Universities,e088fddc329a6f0148ca72fd3b4d0fe069f13e3a,,
4111011413,中国矿业大学(北京),c34220d6b9617930,badge,https://www.shanghairanking.cn/_uni/logo/61910568.png,https://github.com/xioajiumi/Chinese_Universities/blob/e088fddc329a6f0148ca72fd3b4d0fe069f13e3a/Chinese_Universities.json,61910568.png,Chinese_Universities.json,False,png,,,,,,,,,indexed_not_fetched,MIT,,中国矿业大学（北京）,xioajiumi/Chinese_Universities,e088fddc329a6f0148ca72fd3b4d0fe069f13e3a,,
4111011414,中国石油大学(北京),440641f13cb099b0,badge,https://www.shanghairanking.cn/_uni/logo-jpg/6662428200.jpg,https://github.com/xioajiumi/Chinese_Universities/blob/e088fddc329a6f0148ca72fd3b4d0fe069f13e3a/Chinese_Universities.json,6662428200.jpg,Chinese_Universities.json,False,jpg,,,,,,,,,indexed_not_fetched,MIT,,中国石油大学（北京）,xioajiumi/Chinese_Universities,e088fddc329a6f0148ca72fd3b4d0fe069f13e3a,,
4111011414,中国石油大学(北京),89fe01a33efb1ea7,badge,https://raw.githubusercontent.com/Magicdover/China-Universities-2026/419bdc7ce6956fc88c2b70b3979f170b6666f111/assets/logos-new/%E4%B8%AD%E5%9B%BD%E7%9F%B3%E6%B2%B9%E5%A4%A7%E5%AD%A6%EF%BC%88%E5%8C%97%E4%BA%AC%EF%BC%89%20CUPB.svg,https://github.com/Magicdover/China-Universities-2026/blob/419bdc7ce6956fc88c2b70b3979f170b6666f111/assets/logos-new/%E4%B8%AD%E5%9B%BD%E7%9F%B3%E6%B2%B9%E5%A4%A7%E5%AD%A6%EF%BC%88%E5%8C%97%E4%BA%AC%EF%BC%89%20CUPB.svg,%E4%B8%AD%E5%9B%BD%E7%9F%B3%E6%B2%B9%E5%A4%A7%E5%AD%A6%EF%BC%88%E5%8C%97%E4%BA%AC%EF%BC%89%20CUPB.svg,assets/logos-new/中国石油大学（北京） CUPB.svg,False,svg,252.0,252.0,,,True,vector,,,content_inspected,MIT,,中国石油大学（北京）,Magicdover/China-Universities-2026,419bdc7ce6956fc88c2b70b3979f170b6666f111,cc3befed0bed8114a1e09ade40e2dd3905a7fbdbc0d933ab17eef859943044a9,96229
4111011414,中国石油大学(北京),da6a9ec296bad763,badge,https://raw.githubusercontent.com/HeyHuazi/SVGLOGO/142498f527ac2dd3116cc1feccb9670879839f74/static/library/school/CUP.svg,https://github.com/HeyHuazi/SVGLOGO/blob/142498f527ac2dd3116cc1feccb9670879839f74/static/library/school/CUP.svg,CUP.svg,static/library/school/CUP.svg,False,svg,128.0,128.0,,,True,vector,,,content_inspected,MIT,,中国石油大学（北京）,HeyHuazi/SVGLOGO,142498f527ac2dd3116cc1feccb9670879839f74,5baa7e3727890f34ea8ba8027fe5fdefa08c79568c5574af75918f5aa91ceab5,19324
4111011414,中国石油大学(北京),99782ae9aee3df13,wordmark,https://raw.githubusercontent.com/HeyHuazi/SVGLOGO/142498f527ac2dd3116cc1feccb9670879839f74/static/library/school/CUP_wordmark.svg,https://github.com/HeyHuazi/SVGLOGO/blob/142498f527ac2dd3116cc1feccb9670879839f74/static/library/school/CUP_wordmark.svg,CUP_wordmark.svg,static/library/school/CUP_wordmark.svg,False,svg,,,,,True,vector,,,content_inspected,MIT,,中国石油大学（北京）,HeyHuazi/SVGLOGO,142498f527ac2dd3116cc1feccb9670879839f74,177e282bf30932963ee54ac2f59864c42fa2c422f207c9c06f7677e949806f94,14589
4111011414,中国石油大学(北京),4bbe9537feaf7c4c,badge,https://raw.githubusercontent.com/RoboMaster/university_logos/3d645fc89869707bd7df8dba0f7e4bbcc4a60e14/China_University_of_Petroleum_%28Beijing%29/png/logo_blue_800x800.png,https://github.com/RoboMaster/university_logos/blob/3d645fc89869707bd7df8dba0f7e4bbcc4a60e14/China_University_of_Petroleum_%28Beijing%29/png/logo_blue_800x800.png,logo_blue_800x800.png,China_University_of_Petroleum_(Beijing)/png/logo_blue_800x800.png,False,png,800,800,,,False,raster,True,True,content_inspected,,,中国石油大学(北京),RoboMaster/university_logos,3d645fc89869707bd7df8dba0f7e4bbcc4a60e14,caa7e702b94f5ca9b793773e05ae77644dc42cd74144fb80dd4bbdf8aee861ce,64160
4111011414,中国石油大学(北京),c0d6966b37469775,badge,https://raw.githubusercontent.com/RoboMaster/university_logos/3d645fc89869707bd7df8dba0f7e4bbcc4a60e14/China_University_of_Petroleum_%28Beijing%29/svg/logo_blue.svg,https://github.com/RoboMaster/university_logos/blob/3d645fc89869707bd7df8dba0f7e4bbcc4a60e14/China_University_of_Petroleum_%28Beijing%29/svg/logo_blue.svg,logo_blue.svg,China_University_of_Petroleum_(Beijing)/svg/logo_blue.svg,False,svg,,,,,True,vector,,,content_inspected,,,中国石油大学(北京),RoboMaster/university_logos,3d645fc89869707bd7df8dba0f7e4bbcc4a60e14,6914266d5e52c05a2fdf128f22f1b03292f509377ed968f53fc8c69fc8586d74,43355
4111011415,中国地质大学(北京),96db4606a002ec59,badge,https://www.shanghairanking.cn/_uni/logo/21004246.png,https://github.com/xioajiumi/Chinese_Universities/blob/e088fddc329a6f0148ca72fd3b4d0fe069f13e3a/Chinese_Universities.json,21004246.png,Chinese_Universities.json,False,png,,,,,,,,,indexed_not_fetched,MIT,,中国地质大学（北京）,xioajiumi/Chinese_Universities,e088fddc329a6f0148ca72fd3b4d0fe069f13e3a,,
4111011415,中国地质大学(北京),b1049bac85798498,badge,https://raw.githubusercontent.com/Magicdover/China-Universities-2026/419bdc7ce6956fc88c2b70b3979f170b6666f111/assets/logos-new/%E4%B8%AD%E5%9B%BD%E5%9C%B0%E8%B4%A8%E5%A4%A7%E5%AD%A6%EF%BC%88%E5%8C%97%E4%BA%AC%EF%BC%89%20CUGB.svg,https://github.com/Magicdover/China-Universities-2026/blob/419bdc7ce6956fc88c2b70b3979f170b6666f111/assets/logos-new/%E4%B8%AD%E5%9B%BD%E5%9C%B0%E8%B4%A8%E5%A4%A7%E5%AD%A6%EF%BC%88%E5%8C%97%E4%BA%AC%EF%BC%89%20CUGB.svg,%E4%B8%AD%E5%9B%BD%E5%9C%B0%E8%B4%A8%E5%A4%A7%E5%AD%A6%EF%BC%88%E5%8C%97%E4%BA%AC%EF%BC%89%20CUGB.svg,assets/logos-new/中国地质大学（北京） CUGB.svg,False,svg,866.9912109375,887.91162109375,,,True,vector,,,content_inspected,MIT,,中国地质大学（北京）,Magicdover/China-Universities-2026,419bdc7ce6956fc88c2b70b3979f170b6666f111,ba2ea3fb504fa2927fccff79adab77730a4b84eb0daf4f9c26ffaf7e55c28f96,109974
4111011417,北京联合大学,76af7ebf66b2ff09,badge,https://www.shanghairanking.cn/_uni/logo/38515710.png,https://github.com/xioajiumi/Chinese_Universities/blob/e088fddc329a6f0148ca72fd3b4d0fe069f13e3a/Chinese_Universities.json,38515710.png,Chinese_Universities.json,False,png,,,,,,,,,indexed_not_fetched,MIT,,北京联合大学,xioajiumi/Chinese_Universities,e088fddc329a6f0148ca72fd3b4d0fe069f13e3a,,
4111014430,中国科学院大学,c672e2e91e41a38c,badge,https://raw.githubusercontent.com/Magicdover/China-Universities-2026/419bdc7ce6956fc88c2b70b3979f170b6666f111/assets/logos-new/%E4%B8%AD%E5%9B%BD%E7%A7%91%E5%AD%A6%E9%99%A2%E5%A4%A7%E5%AD%A6%20UCAS.svg,https://github.com/Magicdover/China-Universities-2026/blob/419bdc7ce6956fc88c2b70b3979f170b6666f111/assets/logos-new/%E4%B8%AD%E5%9B%BD%E7%A7%91%E5%AD%A6%E9%99%A2%E5%A4%A7%E5%AD%A6%20UCAS.svg,%E4%B8%AD%E5%9B%BD%E7%A7%91%E5%AD%A6%E9%99%A2%E5%A4%A7%E5%AD%A6%20UCAS.svg,assets/logos-new/中国科学院大学 UCAS.svg,False,svg,761.6201171875,762.05224609375,,,True,vector,,,content_inspected,MIT,,中国科学院大学,Magicdover/China-Universities-2026,419bdc7ce6956fc88c2b70b3979f170b6666f111,ca68f2ab06279e98656320f0dc45aa23bb1954684f84fc88e921f95788c3ff86,137953
4111014430,中国科学院大学,d50a9eebc456d088,badge,https://raw.githubusercontent.com/HeyHuazi/SVGLOGO/142498f527ac2dd3116cc1feccb9670879839f74/static/library/school/UCAS.svg,https://github.com/HeyHuazi/SVGLOGO/blob/142498f527ac2dd3116cc1feccb9670879839f74/static/library/school/UCAS.svg,UCAS.svg,static/library/school/UCAS.svg,False,svg,128.0,128.0,,,True,vector,,,content_inspected,MIT,,中国科学院大学,HeyHuazi/SVGLOGO,142498f527ac2dd3116cc1feccb9670879839f74,282468e0e876b1d3e19863d6481b25dce77afa518b0ac2ee0ad62bcd84cdfd04,37270
4111014430,中国科学院大学,fdf6cd943602393a,wordmark,https://raw.githubusercontent.com/HeyHuazi/SVGLOGO/142498f527ac2dd3116cc1feccb9670879839f74/static/library/school/UCAS_wordmark.svg,https://github.com/HeyHuazi/SVGLOGO/blob/142498f527ac2dd3116cc1feccb9670879839f74/static/library/school/UCAS_wordmark.svg,UCAS_wordmark.svg,static/library/school/UCAS_wordmark.svg,False,svg,,,,,True,vector,,,content_inspected,MIT,,中国科学院大学,HeyHuazi/SVGLOGO,142498f527ac2dd3116cc1feccb9670879839f74,bead3d5eaac7f24ea2bb6bd176dfdede1960d4928d57357673ef38dc3bfc166a,19737
4122010183,吉林大学,eff1b6664c21e61a,badge,https://www.shanghairanking.cn/_uni/logo/76557044.png,https://github.com/xioajiumi/Chinese_Universities/blob/e088fddc329a6f0148ca72fd3b4d0fe069f13e3a/Chinese_Universities.json,76557044.png,Chinese_Universities.json,False,png,,,,,,,,,indexed_not_fetched,MIT,,吉林大学,xioajiumi/Chinese_Universities,e088fddc329a6f0148ca72fd3b4d0fe069f13e3a,,
4122010183,吉林大学,3801ffccda7afeea,badge,https://raw.githubusercontent.com/Magicdover/China-Universities-2026/419bdc7ce6956fc88c2b70b3979f170b6666f111/assets/logos-new/%E5%90%89%E6%9E%97%E5%A4%A7%E5%AD%A6%20JLU.svg,https://github.com/Magicdover/China-Universities-2026/blob/419bdc7ce6956fc88c2b70b3979f170b6666f111/assets/logos-new/%E5%90%89%E6%9E%97%E5%A4%A7%E5%AD%A6%20JLU.svg,%E5%90%89%E6%9E%97%E5%A4%A7%E5%AD%A6%20JLU.svg,assets/logos-new/吉林大学 JLU.svg,False,svg,,,,,True,vector,,,content_inspected,MIT,,吉林大学,Magicdover/China-Universities-2026,419bdc7ce6956fc88c2b70b3979f170b6666f111,6ef65daf437425e4277bd273ba402be74c604d1e1caa0059bf77d926118aeac7,34227
4122010183,吉林大学,0ed6b405a7ff6829,badge,https://raw.githubusercontent.com/HeyHuazi/SVGLOGO/142498f527ac2dd3116cc1feccb9670879839f74/static/library/school/JLU.svg,https://github.com/HeyHuazi/SVGLOGO/blob/142498f527ac2dd3116cc1feccb9670879839f74/static/library/school/JLU.svg,JLU.svg,static/library/school/JLU.svg,False,svg,128.0,137.0,,,True,vector,,,content_inspected,MIT,,吉林大学,HeyHuazi/SVGLOGO,142498f527ac2dd3116cc1feccb9670879839f74,0da2c1539c72f98cfa135d8c97f5456f71b4b6841af993371add3834d84a5215,46306
4122010183,吉林大学,7f0222754c23333c,wordmark,https://raw.githubusercontent.com/HeyHuazi/SVGLOGO/142498f527ac2dd3116cc1feccb9670879839f74/static/library/school/JLU_wordmark.svg,https://github.com/HeyHuazi/SVGLOGO/blob/142498f527ac2dd3116cc1feccb9670879839f74/static/library/school/JLU_wordmark.svg,JLU_wordmark.svg,static/library/school/JLU_wordmark.svg,False,svg,,,,,True,vector,,,content_inspected,MIT,,吉林大学,HeyHuazi/SVGLOGO,142498f527ac2dd3116cc1feccb9670879839f74,20bfd6a23e5c063cf4422f9fef602e60f6827623827569b1021e23cf634089cf,13329
4122010184,延边大学,6ae205935aba10c2,badge,https://www.shanghairanking.cn/_uni/logo/80498016.png,https://github.com/xioajiumi/Chinese_Universities/blob/e088fddc329a6f0148ca72fd3b4d0fe069f13e3a/Chinese_Universities.json,80498016.png,Chinese_Universities.json,False,png,,,,,,,,,indexed_not_fetched,MIT,,延边大学,xioajiumi/Chinese_Universities,e088fddc329a6f0148ca72fd3b4d0fe069f13e3a,,
4122010184,延边大学,11036b2556789aa1,badge,https://raw.githubusercontent.com/Magicdover/China-Universities-2026/419bdc7ce6956fc88c2b70b3979f170b6666f111/assets/logos/%E5%BB%B6%E8%BE%B9%E5%A4%A7%E5%AD%A6%20YBU.svg,https://github.com/Magicdover/China-Universities-2026/blob/419bdc7ce6956fc88c2b70b3979f170b6666f111/assets/logos/%E5%BB%B6%E8%BE%B9%E5%A4%A7%E5%AD%A6%20YBU.svg,%E5%BB%B6%E8%BE%B9%E5%A4%A7%E5%AD%A6%20YBU.svg,assets/logos/延边大学 YBU.svg,False,svg,154.0,157.0,,,True,vector,,,content_inspected,MIT,,延边大学,Magicdover/China-Universities-2026,419bdc7ce6956fc88c2b70b3979f170b6666f111,a1160a1cb8a77df905e25e2506b41add61c93d852b9a3b42053017588d8f41d5,54561
4122010186,长春理工大学,a61612acd2cba355,badge,https://www.shanghairanking.cn/_uni/logo/89241049.png,https://github.com/xioajiumi/Chinese_Universities/blob/e088fddc329a6f0148ca72fd3b4d0fe069f13e3a/Chinese_Universities.json,89241049.png,Chinese_Universities.json,False,png,,,,,,,,,indexed_not_fetched,MIT,,长春理工大学,xioajiumi/Chinese_Universities,e088fddc329a6f0148ca72fd3b4d0fe069f13e3a,,
4122010188,东北电力大学,8b71afa03ee9b8d3,badge,https://www.shanghairanking.cn/_uni/logo/67384709.png,https://github.com/xioajiumi/Chinese_Universities/blob/e088fddc329a6f0148ca72fd3b4d0fe069f13e3a/Chinese_Universities.json,67384709.png,Chinese_Universities.json,False,png,,,,,,,,,indexed_not_fetched,MIT,,东北电力大学,xioajiumi/Chinese_Universities,e088fddc329a6f0148ca72fd3b4d0fe069f13e3a,,
4122010190,长春工业大学,be8e14e98847c48e,badge,https://www.shanghairanking.cn/_uni/logo/73521245.png,https://github.com/xioajiumi/Chinese_Universities/blob/e088fddc329a6f0148ca72fd3b4d0fe069f13e3a/Chinese_Universities.json,73521245.png,Chinese_Universities.json,False,png,,,,,,,,,indexed_not_fetched,MIT,,长春工业大学,xioajiumi/Chinese_Universities,e088fddc329a6f0148ca72fd3b4d0fe069f13e3a,,
4122010191,吉林建筑大学,e5950e409fbe754d,badge,https://www.shanghairanking.cn/_uni/logo/67832474.png,https://github.com/xioajiumi/Chinese_Universities/blob/e088fddc329a6f0148ca72fd3b4d0fe069f13e3a/Chinese_Universities.json,67832474.png,Chinese_Universities.json,False,png,,,,,,,,,indexed_not_fetched,MIT,,吉林建筑大学,xioajiumi/Chinese_Universities,e088fddc329a6f0148ca72fd3b4d0fe069f13e3a,,
4122010193,吉林农业大学,4982b1fc764d661c,badge,https://www.shanghairanking.cn/_uni/logo/12157432.png,https://github.com/xioajiumi/Chinese_Universities/blob/e088fddc329a6f0148ca72fd3b4d0fe069f13e3a/Chinese_Universities.json,12157432.png,Chinese_Universities.json,False,png,,,,,,,,,indexed_not_fetched,MIT,,吉林农业大学,xioajiumi/Chinese_Universities,e088fddc329a6f0148ca72fd3b4d0fe069f13e3a,,
4122010200,东北师范大学,464497c7e86809a9,badge,https://www.shanghairanking.cn/_uni/logo/12611652.png,https://github.com/xioajiumi/Chinese_Universities/blob/e088fddc329a6f0148ca72fd3b4d0fe069f13e3a/Chinese_Universities.json,12611652.png,Chinese_Universities.json,False,png,,,,,,,,,indexed_not_fetched,MIT,,东北师范大学,xioajiumi/Chinese_Universities,e088fddc329a6f0148ca72fd3b4d0fe069f13e3a,,
4122010200,东北师范大学,e69dbe0c86fe6caa,badge,https://raw.githubusercontent.com/Magicdover/China-Universities-2026/419bdc7ce6956fc88c2b70b3979f170b6666f111/assets/logos-new/%E4%B8%9C%E5%8C%97%E5%B8%88%E8%8C%83%E5%A4%A7%E5%AD%A6%20NENU.svg,https://github.com/Magicdover/China-Universities-2026/blob/419bdc7ce6956fc88c2b70b3979f170b6666f111/assets/logos-new/%E4%B8%9C%E5%8C%97%E5%B8%88%E8%8C%83%E5%A4%A7%E5%AD%A6%20NENU.svg,%E4%B8%9C%E5%8C%97%E5%B8%88%E8%8C%83%E5%A4%A7%E5%AD%A6%20NENU.svg,assets/logos-new/东北师范大学 NENU.svg,False,svg,88.0,74.0,,,True,vector,,,content_inspected,MIT,,东北师范大学,Magicdover/China-Universities-2026,419bdc7ce6956fc88c2b70b3979f170b6666f111,1f00d5cc0a39b5aded15dadeed64d056436300ab074d9268b014f1627ed57c21,91386
4122010201,北华大学,fd4a87988b045615,badge,https://www.shanghairanking.cn/_uni/logo/70718646.png,https://github.com/xioajiumi/Chinese_Universities/blob/e088fddc329a6f0148ca72fd3b4d0fe069f13e3a/Chinese_Universities.json,70718646.png,Chinese_Universities.json,False,png,,,,,,,,,indexed_not_fetched,MIT,,北华大学,xioajiumi/Chinese_Universities,e088fddc329a6f0148ca72fd3b4d0fe069f13e3a,,
4122010201,北华大学,0eb043c63e2039e9,badge,https://raw.githubusercontent.com/HeyHuazi/SVGLOGO/142498f527ac2dd3116cc1feccb9670879839f74/static/library/school/Beihua_University.svg,https://github.com/HeyHuazi/SVGLOGO/blob/142498f527ac2dd3116cc1feccb9670879839f74/static/library/school/Beihua_University.svg,Beihua_University.svg,static/library/school/Beihua_University.svg,False,svg,128.0,128.0,,,True,vector,,,content_inspected,MIT,,北华大学,HeyHuazi/SVGLOGO,142498f527ac2dd3116cc1feccb9670879839f74,7c64cf7d4cd802fa205df7a6b9e1ebe4bc76e2d651cc0f8cdd93adb64d44c283,18164
4122010202,通化师范学院,cb27edac1c1c96e8,badge,https://www.shanghairanking.cn/_uni/logo/59725851.png,https://github.com/xioajiumi/Chinese_Universities/blob/e088fddc329a6f0148ca72fd3b4d0fe069f13e3a/Chinese_Universities.json,59725851.png,Chinese_Universities.json,False,png,,,,,,,,,indexed_not_fetched,MIT,,通化师范学院,xioajiumi/Chinese_Universities,e088fddc329a6f0148ca72fd3b4d0fe069f13e3a,,
4122010203,吉林师范大学,9c362504ec69ed5f,badge,https://www.shanghairanking.cn/_uni/logo/23887678.png,https://github.com/xioajiumi/Chinese_Universities/blob/e088fddc329a6f0148ca72fd3b4d0fe069f13e3a/Chinese_Universities.json,23887678.png,Chinese_Universities.json,False,png,,,,,,,,,indexed_not_fetched,MIT,,吉林师范大学,xioajiumi/Chinese_Universities,e088fddc329a6f0148ca72fd3b4d0fe069f13e3a,,
4122010204,吉林工程技术师范学院,c083fbc2f9075e1e,badge,https://www.shanghairanking.cn/_uni/logo-jpg/9472304600.jpg,https://github.com/xioajiumi/Chinese_Universities/blob/e088fddc329a6f0148ca72fd3b4d0fe069f13e3a/Chinese_Universities.json,9472304600.jpg,Chinese_Universities.json,False,jpg,,,,,,,,,indexed_not_fetched,MIT,,吉林工程技术师范学院,xioajiumi/Chinese_Universities,e088fddc329a6f0148ca72fd3b4d0fe069f13e3a,,
4122010205,长春师范大学,abdf645ecfa73399,badge,https://www.shanghairanking.cn/_uni/logo/82800037.png,https://github.com/xioajiumi/Chinese_Universities/blob/e088fddc329a6f0148ca72fd3b4d0fe069f13e3a/Chinese_Universities.json,82800037.png,Chinese_Universities.json,False,png,,,,,,,,,indexed_not_fetched,MIT,,长春师范大学,xioajiumi/Chinese_Universities,e088fddc329a6f0148ca72fd3b4d0fe069f13e3a,,
4122010206,白城师范学院,0cc876b81e457db0,badge,https://www.shanghairanking.cn/_uni/logo-jpg/4750387800.jpg,https://github.com/xioajiumi/Chinese_Universities/blob/e088fddc329a6f0148ca72fd3b4d0fe069f13e3a/Chinese_Universities.json,4750387800.jpg,Chinese_Universities.json,False,jpg,,,,,,,,,indexed_not_fetched,MIT,,白城师范学院,xioajiumi/Chinese_Universities,e088fddc329a6f0148ca72fd3b4d0fe069f13e3a,,
4122011437,长春工程学院,b87290e6d1174b38,badge,https://www.shanghairanking.cn/_uni/logo/68422924.png,https://github.com/xioajiumi/Chinese_Universities/blob/e088fddc329a6f0148ca72fd3b4d0fe069f13e3a/Chinese_Universities.json,68422924.png,Chinese_Universities.json,False,png,,,,,,,,,indexed_not_fetched,MIT,,长春工程学院,xioajiumi/Chinese_Universities,e088fddc329a6f0148ca72fd3b4d0fe069f13e3a,,
4122011439,吉林农业科技学院,f897989225d579f3,badge,https://www.shanghairanking.cn/_uni/logo-jpg/3050964900.jpg,https://github.com/xioajiumi/Chinese_Universities/blob/e088fddc329a6f0148ca72fd3b4d0fe069f13e3a/Chinese_Universities.json,3050964900.jpg,Chinese_Universities.json,False,jpg,,,,,,,,,indexed_not_fetched,MIT,,吉林农业科技学院,xioajiumi/Chinese_Universities,e088fddc329a6f0148ca72fd3b4d0fe069f13e3a,,
4122011726,长春大学,c699e6bc22dd0f38,badge,https://www.shanghairanking.cn/_uni/logo/29057599.png,https://github.com/xioajiumi/Chinese_Universities/blob/e088fddc329a6f0148ca72fd3b4d0fe069f13e3a/Chinese_Universities.json,29057599.png,Chinese_Universities.json,False,png,,,,,,,,,indexed_not_fetched,MIT,,长春大学,xioajiumi/Chinese_Universities,e088fddc329a6f0148ca72fd3b4d0fe069f13e3a,,
4151010610,四川大学,3f41038a078cc118,badge,https://www.shanghairanking.cn/_uni/logo/75651370.png,https://github.com/xioajiumi/Chinese_Universities/blob/e088fddc329a6f0148ca72fd3b4d0fe069f13e3a/Chinese_Universities.json,75651370.png,Chinese_Universities.json,False,png,,,,,,,,,indexed_not_fetched,MIT,,四川大学,xioajiumi/Chinese_Universities,e088fddc329a6f0148ca72fd3b4d0fe069f13e3a,,
4151010610,四川大学,3f04b6d92ce57a18,badge,https://raw.githubusercontent.com/Magicdover/China-Universities-2026/419bdc7ce6956fc88c2b70b3979f170b6666f111/assets/logos-new/%E5%9B%9B%E5%B7%9D%E5%A4%A7%E5%AD%A6%20SCU.svg,https://github.com/Magicdover/China-Universities-2026/blob/419bdc7ce6956fc88c2b70b3979f170b6666f111/assets/logos-new/%E5%9B%9B%E5%B7%9D%E5%A4%A7%E5%AD%A6%20SCU.svg,%E5%9B%9B%E5%B7%9D%E5%A4%A7%E5%AD%A6%20SCU.svg,assets/logos-new/四川大学 SCU.svg,False,svg,,,,,True,vector,,,content_inspected,MIT,,四川大学,Magicdover/China-Universities-2026,419bdc7ce6956fc88c2b70b3979f170b6666f111,a6f0dc304b432edb35bbe7dcb4e9383cd8eca4e550e76ebe9d4007256ef2ed7c,27731
4151010610,四川大学,a406f1bede271a8b,badge,https://raw.githubusercontent.com/HeyHuazi/SVGLOGO/142498f527ac2dd3116cc1feccb9670879839f74/static/library/school/SCU.svg,https://github.com/HeyHuazi/SVGLOGO/blob/142498f527ac2dd3116cc1feccb9670879839f74/static/library/school/SCU.svg,SCU.svg,static/library/school/SCU.svg,False,svg,128.0,137.0,,,True,vector,,,content_inspected,MIT,,四川大学,HeyHuazi/SVGLOGO,142498f527ac2dd3116cc1feccb9670879839f74,e3e6e2d9f72ca5c53393a99400f8dfe6aac3e9e6fb77d5ff0dedb91ca732b878,11054
4151010610,四川大学,fb17fd8a0d31e66e,wordmark,https://raw.githubusercontent.com/HeyHuazi/SVGLOGO/142498f527ac2dd3116cc1feccb9670879839f74/static/library/school/SCU_wordmark.svg,https://github.com/HeyHuazi/SVGLOGO/blob/142498f527ac2dd3116cc1feccb9670879839f74/static/library/school/SCU_wordmark.svg,SCU_wordmark.svg,static/library/school/SCU_wordmark.svg,False,svg,,,,,True,vector,,,content_inspected,MIT,,四川大学,HeyHuazi/SVGLOGO,142498f527ac2dd3116cc1feccb9670879839f74,f20c76def3f61fa12b3256c486abea78c4360db9331d68397f5c6ff8d935c35c,11900
4151010610,四川大学,2a4552befd2dbbf7,badge,https://raw.githubusercontent.com/RoboMaster/university_logos/3d645fc89869707bd7df8dba0f7e4bbcc4a60e14/Sichuan_University/png/logo_red_800x800.png,https://github.com/RoboMaster/university_logos/blob/3d645fc89869707bd7df8dba0f7e4bbcc4a60e14/Sichuan_University/png/logo_red_800x800.png,logo_red_800x800.png,Sichuan_University/png/logo_red_800x800.png,False,png,800,800,,,False,raster,True,True,content_inspected,,,四川大学,RoboMaster/university_logos,3d645fc89869707bd7df8dba0f7e4bbcc4a60e14,d5ef28540650af4a25f366da53d45b40425c2585534a08899448b3e4928ab05d,52805
4151010613,西南交通大学,57391ba961f2800e,badge,https://www.shanghairanking.cn/_uni/logo/29218271.png,https://github.com/xioajiumi/Chinese_Universities/blob/e088fddc329a6f0148ca72fd3b4d0fe069f13e3a/Chinese_Universities.json,29218271.png,Chinese_Universities.json,False,png,,,,,,,,,indexed_not_fetched,MIT,,西南交通大学,xioajiumi/Chinese_Universities,e088fddc329a6f0148ca72fd3b4d0fe069f13e3a,,
4151010613,西南交通大学,efd3dcf79411c667,badge,https://raw.githubusercontent.com/Magicdover/China-Universities-2026/419bdc7ce6956fc88c2b70b3979f170b6666f111/assets/logos-new/%E8%A5%BF%E5%8D%97%E4%BA%A4%E9%80%9A%E5%A4%A7%E5%AD%A6%20SWJTU.svg,https://github.com/Magicdover/China-Universities-2026/blob/419bdc7ce6956fc88c2b70b3979f170b6666f111/assets/logos-new/%E8%A5%BF%E5%8D%97%E4%BA%A4%E9%80%9A%E5%A4%A7%E5%AD%A6%20SWJTU.svg,%E8%A5%BF%E5%8D%97%E4%BA%A4%E9%80%9A%E5%A4%A7%E5%AD%A6%20SWJTU.svg,assets/logos-new/西南交通大学 SWJTU.svg,False,svg,80.0,88.0,,,True,vector,,,content_inspected,MIT,,西南交通大学,Magicdover/China-Universities-2026,419bdc7ce6956fc88c2b70b3979f170b6666f111,e59172c9808c0cfef045c05282f6d8a8a1eca4d451a8714f145a102e8e5cb7b7,75119
4151010613,西南交通大学,8b5f92c8ccfbab96,badge,https://raw.githubusercontent.com/HeyHuazi/SVGLOGO/142498f527ac2dd3116cc1feccb9670879839f74/static/library/school/SWJTU.svg,https://github.com/HeyHuazi/SVGLOGO/blob/142498f527ac2dd3116cc1feccb9670879839f74/static/library/school/SWJTU.svg,SWJTU.svg,static/library/school/SWJTU.svg,False,svg,128.0,128.0,,,True,vector,,,content_inspected,MIT,,西南交通大学,HeyHuazi/SVGLOGO,142498f527ac2dd3116cc1feccb9670879839f74,80dd21a5cc6e0cd00df4a5565bd0e86fd1b4ddc38b3ddd86f0828e84bcd5f026,46092
4151010613,西南交通大学,10e719b9e4e6c4bb,wordmark,https://raw.githubusercontent.com/HeyHuazi/SVGLOGO/142498f527ac2dd3116cc1feccb9670879839f74/static/library/school/SWJTU_wordmark.svg,https://github.com/HeyHuazi/SVGLOGO/blob/142498f527ac2dd3116cc1feccb9670879839f74/static/library/school/SWJTU_wordmark.svg,SWJTU_wordmark.svg,static/library/school/SWJTU_wordmark.svg,False,svg,,,,,True,vector,,,content_inspected,MIT,,西南交通大学,HeyHuazi/SVGLOGO,142498f527ac2dd3116cc1feccb9670879839f74,ece27dfadb3f854b260214245c0c6ad16e7614c90ce21109e48933eba3d6835b,8205
4151010614,电子科技大学,a33907e2fb4b14ed,badge,https://www.shanghairanking.cn/_uni/logo/55538407.png,https://github.com/xioajiumi/Chinese_Universities/blob/e088fddc329a6f0148ca72fd3b4d0fe069f13e3a/Chinese_Universities.json,55538407.png,Chinese_Universities.json,False,png,,,,,,,,,indexed_not_fetched,MIT,,电子科技大学,xioajiumi/Chinese_Universities,e088fddc329a6f0148ca72fd3b4d0fe069f13e3a,,
4151010614,电子科技大学,795fd72f48ee3a68,badge,https://raw.githubusercontent.com/Magicdover/China-Universities-2026/419bdc7ce6956fc88c2b70b3979f170b6666f111/assets/logos-new/%E7%94%B5%E5%AD%90%E7%A7%91%E6%8A%80%E5%A4%A7%E5%AD%A6%20UESTC.svg,https://github.com/Magicdover/China-Universities-2026/blob/419bdc7ce6956fc88c2b70b3979f170b6666f111/assets/logos-new/%E7%94%B5%E5%AD%90%E7%A7%91%E6%8A%80%E5%A4%A7%E5%AD%A6%20UESTC.svg,%E7%94%B5%E5%AD%90%E7%A7%91%E6%8A%80%E5%A4%A7%E5%AD%A6%20UESTC.svg,assets/logos-new/电子科技大学 UESTC.svg,False,svg,330.7207,330.1071,,,True,vector,,,content_inspected,MIT,,电子科技大学,Magicdover/China-Universities-2026,419bdc7ce6956fc88c2b70b3979f170b6666f111,8ae459a15e445ce0d959341215ec4f6a73730fe4891f18586576dd46eaf89372,22609
4151010614,电子科技大学,15630c1ea7948153,badge,https://raw.githubusercontent.com/HeyHuazi/SVGLOGO/142498f527ac2dd3116cc1feccb9670879839f74/static/library/school/UESTC.svg,https://github.com/HeyHuazi/SVGLOGO/blob/142498f527ac2dd3116cc1feccb9670879839f74/static/library/school/UESTC.svg,UESTC.svg,static/library/school/UESTC.svg,False,svg,128.0,137.0,,,True,vector,,,content_inspected,MIT,,电子科技大学,HeyHuazi/SVGLOGO,142498f527ac2dd3116cc1feccb9670879839f74,be724e79e73820033e1a2b3a6b4bd29d3cee6d0d789d6de24f5e7a9024f0fa83,11491
4151010614,电子科技大学,3dc94351b4d38d4e,wordmark,https://raw.githubusercontent.com/HeyHuazi/SVGLOGO/142498f527ac2dd3116cc1feccb9670879839f74/static/library/school/UESTC_wordmark.svg,https://github.com/HeyHuazi/SVGLOGO/blob/142498f527ac2dd3116cc1feccb9670879839f74/static/library/school/UESTC_wordmark.svg,UESTC_wordmark.svg,static/library/school/UESTC_wordmark.svg,False,svg,,,,,True,vector,,,content_inspected,MIT,,电子科技大学,HeyHuazi/SVGLOGO,142498f527ac2dd3116cc1feccb9670879839f74,edc6329cd1d922234a5736aeb385c4aab11fc43264ec059ada39a2fef28f5374,15686
4151010615,西南石油大学,32ad897e32f4c640,badge,https://www.shanghairanking.cn/_uni/logo/43387859.png,https://github.com/xioajiumi/Chinese_Universities/blob/e088fddc329a6f0148ca72fd3b4d0fe069f13e3a/Chinese_Universities.json,43387859.png,Chinese_Universities.json,False,png,,,,,,,,,indexed_not_fetched,MIT,,西南石油大学,xioajiumi/Chinese_Universities,e088fddc329a6f0148ca72fd3b4d0fe069f13e3a,,
4151010616,成都理工大学,79e2f0f29f0c4a89,badge,https://www.shanghairanking.cn/_uni/logo/46566063.png,https://github.com/xioajiumi/Chinese_Universities/blob/e088fddc329a6f0148ca72fd3b4d0fe069f13e3a/Chinese_Universities.json,46566063.png,Chinese_Universities.json,False,png,,,,,,,,,indexed_not_fetched,MIT,,成都理工大学,xioajiumi/Chinese_Universities,e088fddc329a6f0148ca72fd3b4d0fe069f13e3a,,
4151010616,成都理工大学,65294d2d41e51b03,badge,https://raw.githubusercontent.com/Magicdover/China-Universities-2026/419bdc7ce6956fc88c2b70b3979f170b6666f111/assets/logos/%E6%88%90%E9%83%BD%E7%90%86%E5%B7%A5%E5%A4%A7%E5%AD%A6%20CDUT.svg,https://github.com/Magicdover/China-Universities-2026/blob/419bdc7ce6956fc88c2b70b3979f170b6666f111/assets/logos/%E6%88%90%E9%83%BD%E7%90%86%E5%B7%A5%E5%A4%A7%E5%AD%A6%20CDUT.svg,%E6%88%90%E9%83%BD%E7%90%86%E5%B7%A5%E5%A4%A7%E5%AD%A6%20CDUT.svg,assets/logos/成都理工大学 CDUT.svg,False,svg,154.0,157.0,,,True,vector,,,content_inspected,MIT,,成都理工大学,Magicdover/China-Universities-2026,419bdc7ce6956fc88c2b70b3979f170b6666f111,41683a68c7e69adf8ec68ea8bed8068b3791f75b6fa5274a868ad575482916eb,97105
4151010616,成都理工大学,50ca7daca0dd607b,badge,https://raw.githubusercontent.com/HeyHuazi/SVGLOGO/142498f527ac2dd3116cc1feccb9670879839f74/static/library/school/CDUT.svg,https://github.com/HeyHuazi/SVGLOGO/blob/142498f527ac2dd3116cc1feccb9670879839f74/static/library/school/CDUT.svg,CDUT.svg,static/library/school/CDUT.svg,False,svg,128.0,128.0,,,True,vector,,,content_inspected,MIT,,成都理工大学,HeyHuazi/SVGLOGO,142498f527ac2dd3116cc1feccb9670879839f74,43539d01d730efe93f8aea7254405acdc3520c2913854d06ec07a888b8693139,28372
4151010616,成都理工大学,aef52880f4037ff7,wordmark,https://raw.githubusercontent.com/HeyHuazi/SVGLOGO/142498f527ac2dd3116cc1feccb9670879839f74/static/library/school/CDUT_wordmark.svg,https://github.com/HeyHuazi/SVGLOGO/blob/142498f527ac2dd3116cc1feccb9670879839f74/static/library/school/CDUT_wordmark.svg,CDUT_wordmark.svg,static/library/school/CDUT_wordmark.svg,False,svg,,,,,True,vector,,,content_inspected,MIT,,成都理工大学,HeyHuazi/SVGLOGO,142498f527ac2dd3116cc1feccb9670879839f74,da799e5a7ec0f53ba53af4e3d36eb48a664dcef0f5a8f91cb4fe13823ae7f212,17164
4151010619,西南科技大学,21e781ec9fced80b,badge,https://www.shanghairanking.cn/_uni/logo/36892794.png,https://github.com/xioajiumi/Chinese_Universities/blob/e088fddc329a6f0148ca72fd3b4d0fe069f13e3a/Chinese_Universities.json,36892794.png,Chinese_Universities.json,False,png,,,,,,,,,indexed_not_fetched,MIT,,西南科技大学,xioajiumi/Chinese_Universities,e088fddc329a6f0148ca72fd3b4d0fe069f13e3a,,
4151010621,成都信息工程大学,d524228eb8c21fb9,badge,https://www.shanghairanking.cn/_uni/logo/51862705.png,https://github.com/xioajiumi/Chinese_Universities/blob/e088fddc329a6f0148ca72fd3b4d0fe069f13e3a/Chinese_Universities.json,51862705.png,Chinese_Universities.json,False,png,,,,,,,,,indexed_not_fetched,MIT,,成都信息工程大学,xioajiumi/Chinese_Universities,e088fddc329a6f0148ca72fd3b4d0fe069f13e3a,,
4151010622,四川轻化工大学,57b4424d58682eb4,badge,https://www.shanghairanking.cn/_uni/logo/68372773.png,https://github.com/xioajiumi/Chinese_Universities/blob/e088fddc329a6f0148ca72fd3b4d0fe069f13e3a/Chinese_Universities.json,68372773.png,Chinese_Universities.json,False,png,,,,,,,,,indexed_not_fetched,MIT,,四川轻化工大学,xioajiumi/Chinese_Universities,e088fddc329a6f0148ca72fd3b4d0fe069f13e3a,,
4151010623,西华大学,3189087aae27a7b2,badge,https://www.shanghairanking.cn/_uni/logo/93995661.png,https://github.com/xioajiumi/Chinese_Universities/blob/e088fddc329a6f0148ca72fd3b4d0fe069f13e3a/Chinese_Universities.json,93995661.png,Chinese_Universities.json,False,png,,,,,,,,,indexed_not_fetched,MIT,,西华大学,xioajiumi/Chinese_Universities,e088fddc329a6f0148ca72fd3b4d0fe069f13e3a,,
4151010624,中国民用航空飞行学院,929780d5d431ab60,badge,https://www.shanghairanking.cn/_uni/logo/49642757.png,https://github.com/xioajiumi/Chinese_Universities/blob/e088fddc329a6f0148ca72fd3b4d0fe069f13e3a/Chinese_Universities.json,49642757.png,Chinese_Universities.json,False,png,,,,,,,,,indexed_not_fetched,MIT,,中国民用航空飞行学院,xioajiumi/Chinese_Universities,e088fddc329a6f0148ca72fd3b4d0fe069f13e3a,,
4151010626,四川农业大学,7a889c0a25b90157,badge,https://www.shanghairanking.cn/_uni/logo/22750663.png,https://github.com/xioajiumi/Chinese_Universities/blob/e088fddc329a6f0148ca72fd3b4d0fe069f13e3a/Chinese_Universities.json,22750663.png,Chinese_Universities.json,False,png,,,,,,,,,indexed_not_fetched,MIT,,四川农业大学,xioajiumi/Chinese_Universities,e088fddc329a6f0148ca72fd3b4d0fe069f13e3a,,
4151010626,四川农业大学,039cb06c9eadf0fe,badge,https://raw.githubusercontent.com/Magicdover/China-Universities-2026/419bdc7ce6956fc88c2b70b3979f170b6666f111/assets/logos-new/%E5%9B%9B%E5%B7%9D%E5%86%9C%E4%B8%9A%E5%A4%A7%E5%AD%A6%20SICAU.svg,https://github.com/Magicdover/China-Universities-2026/blob/419bdc7ce6956fc88c2b70b3979f170b6666f111/assets/logos-new/%E5%9B%9B%E5%B7%9D%E5%86%9C%E4%B8%9A%E5%A4%A7%E5%AD%A6%20SICAU.svg,%E5%9B%9B%E5%B7%9D%E5%86%9C%E4%B8%9A%E5%A4%A7%E5%AD%A6%20SICAU.svg,assets/logos-new/四川农业大学 SICAU.svg,False,svg,88.0,88.0,,,True,vector,,,content_inspected,MIT,,四川农业大学,Magicdover/China-Universities-2026,419bdc7ce6956fc88c2b70b3979f170b6666f111,433443c2d80c066c84ca019b3c12a1c7e6ba8264cc4269d14f6141ccb257e842,92926
4151010626,四川农业大学,9f21cd0066ee6ade,badge,https://raw.githubusercontent.com/HeyHuazi/SVGLOGO/142498f527ac2dd3116cc1feccb9670879839f74/static/library/school/SICAU.svg,https://github.com/HeyHuazi/SVGLOGO/blob/142498f527ac2dd3116cc1feccb9670879839f74/static/library/school/SICAU.svg,SICAU.svg,static/library/school/SICAU.svg,False,svg,128.0,128.0,,,True,vector,,,content_inspected,MIT,,四川农业大学,HeyHuazi/SVGLOGO,142498f527ac2dd3116cc1feccb9670879839f74,b8a845c0d4b151890d4257d7723047e18f97ae5c2bc85d1000301242aae9c209,44768
4151010626,四川农业大学,d52199a58e5fa8b2,wordmark,https://raw.githubusercontent.com/HeyHuazi/SVGLOGO/142498f527ac2dd3116cc1feccb9670879839f74/static/library/school/SICAU_wordmark.svg,https://github.com/HeyHuazi/SVGLOGO/blob/142498f527ac2dd3116cc1feccb9670879839f74/static/library/school/SICAU_wordmark.svg,SICAU_wordmark.svg,static/library/school/SICAU_wordmark.svg,False,svg,,,,,True,vector,,,content_inspected,MIT,,四川农业大学,HeyHuazi/SVGLOGO,142498f527ac2dd3116cc1feccb9670879839f74,6c4f65dffe4673f1c755a351b3ab6a51cf2e5ea5e3acd3d6c38cb68b4bc91531,19594
4151010628,西昌学院,e381cb30ad23f39b,badge,https://www.shanghairanking.cn/_uni/logo-jpg/8838763600.jpg,https://github.com/xioajiumi/Chinese_Universities/blob/e088fddc329a6f0148ca72fd3b4d0fe069f13e3a/Chinese_Universities.json,8838763600.jpg,Chinese_Universities.json,False,jpg,,,,,,,,,indexed_not_fetched,MIT,,西昌学院,xioajiumi/Chinese_Universities,e088fddc329a6f0148ca72fd3b4d0fe069f13e3a,,
4151010633,成都中医药大学,e847b7b6f3c3e11f,badge,https://raw.githubusercontent.com/Magicdover/China-Universities-2026/419bdc7ce6956fc88c2b70b3979f170b6666f111/assets/logos-new/%E6%88%90%E9%83%BD%E4%B8%AD%E5%8C%BB%E8%8D%AF%E5%A4%A7%E5%AD%A6%20CDUTCM.png,https://github.com/Magicdover/China-Universities-2026/blob/419bdc7ce6956fc88c2b70b3979f170b6666f111/assets/logos-new/%E6%88%90%E9%83%BD%E4%B8%AD%E5%8C%BB%E8%8D%AF%E5%A4%A7%E5%AD%A6%20CDUTCM.png,%E6%88%90%E9%83%BD%E4%B8%AD%E5%8C%BB%E8%8D%AF%E5%A4%A7%E5%AD%A6%20CDUTCM.png,assets/logos-new/成都中医药大学 CDUTCM.png,False,png,1024,1025,,,False,raster,True,True,content_inspected,MIT,,成都中医药大学,Magicdover/China-Universities-2026,419bdc7ce6956fc88c2b70b3979f170b6666f111,51852648692b620b2a899e9a45b8c58590562876e44fc3ee23fa13e2505957e3,150446
4151010636,四川师范大学,307fdcaa58d3ec18,badge,https://www.shanghairanking.cn/_uni/logo/20160347.png,https://github.com/xioajiumi/Chinese_Universities/blob/e088fddc329a6f0148ca72fd3b4d0fe069f13e3a/Chinese_Universities.json,20160347.png,Chinese_Universities.json,False,png,,,,,,,,,indexed_not_fetched,MIT,,四川师范大学,xioajiumi/Chinese_Universities,e088fddc329a6f0148ca72fd3b4d0fe069f13e3a,,
4151010638,西华师范大学,9964c034b2c0a7d1,badge,https://www.shanghairanking.cn/_uni/logo/26457756.png,https://github.com/xioajiumi/Chinese_Universities/blob/e088fddc329a6f0148ca72fd3b4d0fe069f13e3a/Chinese_Universities.json,26457756.png,Chinese_Universities.json,False,png,,,,,,,,,indexed_not_fetched,MIT,,西华师范大学,xioajiumi/Chinese_Universities,e088fddc329a6f0148ca72fd3b4d0fe069f13e3a,,
4151010639,绵阳师范学院,f06f8557a47af728,badge,https://www.shanghairanking.cn/_uni/logo/85507824.png,https://github.com/xioajiumi/Chinese_Universities/blob/e088fddc329a6f0148ca72fd3b4d0fe069f13e3a/Chinese_Universities.json,85507824.png,Chinese_Universities.json,False,png,,,,,,,,,indexed_not_fetched,MIT,,绵阳师范学院,xioajiumi/Chinese_Universities,e088fddc329a6f0148ca72fd3b4d0fe069f13e3a,,
4151010640,内江师范学院,d965d071c9b4936d,badge,https://www.shanghairanking.cn/_uni/logo/39821454.png,https://github.com/xioajiumi/Chinese_Universities/blob/e088fddc329a6f0148ca72fd3b4d0fe069f13e3a/Chinese_Universities.json,39821454.png,Chinese_Universities.json,False,png,,,,,,,,,indexed_not_fetched,MIT,,内江师范学院,xioajiumi/Chinese_Universities,e088fddc329a6f0148ca72fd3b4d0fe069f13e3a,,
4151010641,宜宾学院,64e31d96c9f837a2,badge,https://www.shanghairanking.cn/_uni/logo/40775796.png,https://github.com/xioajiumi/Chinese_Universities/blob/e088fddc329a6f0148ca72fd3b4d0fe069f13e3a/Chinese_Universities.json,40775796.png,Chinese_Universities.json,False,png,,,,,,,,,indexed_not_fetched,MIT,,宜宾学院,xioajiumi/Chinese_Universities,e088fddc329a6f0148ca72fd3b4d0fe069f13e3a,,
4151010644,四川文理学院,56146da79e1ea62c,badge,https://www.shanghairanking.cn/_uni/logo/52936789.png,https://github.com/xioajiumi/Chinese_Universities/blob/e088fddc329a6f0148ca72fd3b4d0fe069f13e3a/Chinese_Universities.json,52936789.png,Chinese_Universities.json,False,png,,,,,,,,,indexed_not_fetched,MIT,,四川文理学院,xioajiumi/Chinese_Universities,e088fddc329a6f0148ca72fd3b4d0fe069f13e3a,,
4151010646,阿坝师范学院,066e6210bd968640,badge,https://www.shanghairanking.cn/_uni/logo-jpg/7867310100.jpg,https://github.com/xioajiumi/Chinese_Universities/blob/e088fddc329a6f0148ca72fd3b4d0fe069f13e3a/Chinese_Universities.json,7867310100.jpg,Chinese_Universities.json,False,jpg,,,,,,,,,indexed_not_fetched,MIT,,阿坝师范学院,xioajiumi/Chinese_Universities,e088fddc329a6f0148ca72fd3b4d0fe069f13e3a,,
4151010649,乐山师范学院,863a96923b56f697,badge,https://www.shanghairanking.cn/_uni/logo/88627950.png,https://github.com/xioajiumi/Chinese_Universities/blob/e088fddc329a6f0148ca72fd3b4d0fe069f13e3a/Chinese_Universities.json,88627950.png,Chinese_Universities.json,False,png,,,,,,,,,indexed_not_fetched,MIT,,乐山师范学院,xioajiumi/Chinese_Universities,e088fddc329a6f0148ca72fd3b4d0fe069f13e3a,,
4151010651,西南财经大学,0741fb726f9fc4e5,badge,https://raw.githubusercontent.com/Magicdover/China-Universities-2026/419bdc7ce6956fc88c2b70b3979f170b6666f111/assets/logos-new/%E8%A5%BF%E5%8D%97%E8%B4%A2%E7%BB%8F%E5%A4%A7%E5%AD%A6%20SWUFE.svg,https://github.com/Magicdover/China-Universities-2026/blob/419bdc7ce6956fc88c2b70b3979f170b6666f111/assets/logos-new/%E8%A5%BF%E5%8D%97%E8%B4%A2%E7%BB%8F%E5%A4%A7%E5%AD%A6%20SWUFE.svg,%E8%A5%BF%E5%8D%97%E8%B4%A2%E7%BB%8F%E5%A4%A7%E5%AD%A6%20SWUFE.svg,assets/logos-new/西南财经大学 SWUFE.svg,False,svg,88.0,88.0,,,True,vector,,,content_inspected,MIT,,西南财经大学,Magicdover/China-Universities-2026,419bdc7ce6956fc88c2b70b3979f170b6666f111,5df4cf0413be3f2bc5a3cddd32c6321129c6f57a13ed76faeae37c34e02fd074,55123
4151010651,西南财经大学,fcec0cc4e5fabcc7,badge,https://raw.githubusercontent.com/HeyHuazi/SVGLOGO/142498f527ac2dd3116cc1feccb9670879839f74/static/library/school/SWUFE.svg,https://github.com/HeyHuazi/SVGLOGO/blob/142498f527ac2dd3116cc1feccb9670879839f74/static/library/school/SWUFE.svg,SWUFE.svg,static/library/school/SWUFE.svg,False,svg,128.0,128.0,,,True,vector,,,content_inspected,MIT,,西南财经大学,HeyHuazi/SVGLOGO,142498f527ac2dd3116cc1feccb9670879839f74,44522fe551280ff75bc5f22a0513f4c48a40ce13f9a5f9988e2db4476b163843,29821
4151010651,西南财经大学,45e190c827bf619a,wordmark,https://raw.githubusercontent.com/HeyHuazi/SVGLOGO/142498f527ac2dd3116cc1feccb9670879839f74/static/library/school/SWUFE_wordmark.svg,https://github.com/HeyHuazi/SVGLOGO/blob/142498f527ac2dd3116cc1feccb9670879839f74/static/library/school/SWUFE_wordmark.svg,SWUFE_wordmark.svg,static/library/school/SWUFE_wordmark.svg,False,svg,,,,,True,vector,,,content_inspected,MIT,,西南财经大学,HeyHuazi/SVGLOGO,142498f527ac2dd3116cc1feccb9670879839f74,cf45360f2af0b75462f93371833e27f12c2ada1c359b87ece7d69cfa37fa8ca4,19442
4151010656,西南民族大学,e4a9a31b00887a90,badge,https://raw.githubusercontent.com/Magicdover/China-Universities-2026/419bdc7ce6956fc88c2b70b3979f170b6666f111/assets/logos/%E8%A5%BF%E5%8D%97%E6%B0%91%E6%97%8F%E5%A4%A7%E5%AD%A6%20SWUN.svg,https://github.com/Magicdover/China-Universities-2026/blob/419bdc7ce6956fc88c2b70b3979f170b6666f111/assets/logos/%E8%A5%BF%E5%8D%97%E6%B0%91%E6%97%8F%E5%A4%A7%E5%AD%A6%20SWUN.svg,%E8%A5%BF%E5%8D%97%E6%B0%91%E6%97%8F%E5%A4%A7%E5%AD%A6%20SWUN.svg,assets/logos/西南民族大学 SWUN.svg,False,svg,154.0,157.0,,,True,vector,,,content_inspected,MIT,,西南民族大学,Magicdover/China-Universities-2026,419bdc7ce6956fc88c2b70b3979f170b6666f111,a3eb928486dbd1ef26f31524c56e2ec581d518af095f46cb6a75d032fef564d1,127677
4151010656,西南民族大学,7defadcf76ca4865,badge,https://raw.githubusercontent.com/HeyHuazi/SVGLOGO/142498f527ac2dd3116cc1feccb9670879839f74/static/library/school/SWUN.svg,https://github.com/HeyHuazi/SVGLOGO/blob/142498f527ac2dd3116cc1feccb9670879839f74/static/library/school/SWUN.svg,SWUN.svg,static/library/school/SWUN.svg,False,svg,128.0,143.0,,,True,vector,,,content_inspected,MIT,,西南民族大学,HeyHuazi/SVGLOGO,142498f527ac2dd3116cc1feccb9670879839f74,ebd4b01df3b1694256171ff10d45559a85a2e9b1fbd5d0ecc32fc1ff9135ed67,31354
4151010656,西南民族大学,971d12403f613811,wordmark,https://raw.githubusercontent.com/HeyHuazi/SVGLOGO/142498f527ac2dd3116cc1feccb9670879839f74/static/library/school/SWUN_wordmark.svg,https://github.com/HeyHuazi/SVGLOGO/blob/142498f527ac2dd3116cc1feccb9670879839f74/static/library/school/SWUN_wordmark.svg,SWUN_wordmark.svg,static/library/school/SWUN_wordmark.svg,False,svg,,,,,True,vector,,,content_inspected,MIT,,西南民族大学,HeyHuazi/SVGLOGO,142498f527ac2dd3116cc1feccb9670879839f74,240d2374f9d574277bed0168477439d007b2d41fb1459885e45ca589ae721a25,16442
4151010656,西南民族大学,f78f8c0f22e3cb6b,badge,https://raw.githubusercontent.com/RoboMaster/university_logos/3d645fc89869707bd7df8dba0f7e4bbcc4a60e14/Southwest_Minzu_University/png/logo_red_800x800.png,https://github.com/RoboMaster/university_logos/blob/3d645fc89869707bd7df8dba0f7e4bbcc4a60e14/Southwest_Minzu_University/png/logo_red_800x800.png,logo_red_800x800.png,Southwest_Minzu_University/png/logo_red_800x800.png,False,png,800,800,,,False,raster,True,True,content_inspected,,,西南民族大学,RoboMaster/university_logos,3d645fc89869707bd7df8dba0f7e4bbcc4a60e14,a39709fef9ddf6caf377db27503e9c2b754018e6d91ea18ee9bc2716ea7a0e47,206375
4151011079,成都大学,f95686c96e128004,badge,https://www.shanghairanking.cn/_uni/logo/69265723.png,https://github.com/xioajiumi/Chinese_Universities/blob/e088fddc329a6f0148ca72fd3b4d0fe069f13e3a/Chinese_Universities.json,69265723.png,Chinese_Universities.json,False,png,,,,,,,,,indexed_not_fetched,MIT,,成都大学,xioajiumi/Chinese_Universities,e088fddc329a6f0148ca72fd3b4d0fe069f13e3a,,
4151011116,成都工业学院,a0eb9c99b2b60fbf,badge,https://www.shanghairanking.cn/_uni/logo/83350978.png,https://github.com/xioajiumi/Chinese_Universities/blob/e088fddc329a6f0148ca72fd3b4d0fe069f13e3a/Chinese_Universities.json,83350978.png,Chinese_Universities.json,False,png,,,,,,,,,indexed_not_fetched,MIT,,成都工业学院,xioajiumi/Chinese_Universities,e088fddc329a6f0148ca72fd3b4d0fe069f13e3a,,
4151011116,成都工业学院,67545f52e8344b83,badge,https://raw.githubusercontent.com/RoboMaster/university_logos/3d645fc89869707bd7df8dba0f7e4bbcc4a60e14/Chengdu_Technological_University/png/logo_blue_800x800.png,https://github.com/RoboMaster/university_logos/blob/3d645fc89869707bd7df8dba0f7e4bbcc4a60e14/Chengdu_Technological_University/png/logo_blue_800x800.png,logo_blue_800x800.png,Chengdu_Technological_University/png/logo_blue_800x800.png,False,png,800,800,,,False,raster,True,True,content_inspected,,,成都工业学院,RoboMaster/university_logos,3d645fc89869707bd7df8dba0f7e4bbcc4a60e14,23f58f94be93d2d63822928435a3e7f43c7761946d2a3a142916fe491460e230,694470
4151011360,攀枝花学院,b579370f86a3a612,badge,https://www.shanghairanking.cn/_uni/logo/39118190.png,https://github.com/xioajiumi/Chinese_Universities/blob/e088fddc329a6f0148ca72fd3b4d0fe069f13e3a/Chinese_Universities.json,39118190.png,Chinese_Universities.json,False,png,,,,,,,,,indexed_not_fetched,MIT,,攀枝花学院,xioajiumi/Chinese_Universities,e088fddc329a6f0148ca72fd3b4d0fe069f13e3a,,
4151011552,四川旅游学院,92dbff34d5d6c3f3,badge,https://www.shanghairanking.cn/_uni/logo-jpg/1651148300.jpg,https://github.com/xioajiumi/Chinese_Universities/blob/e088fddc329a6f0148ca72fd3b4d0fe069f13e3a/Chinese_Universities.json,1651148300.jpg,Chinese_Universities.json,False,jpg,,,,,,,,,indexed_not_fetched,MIT,,四川旅游学院,xioajiumi/Chinese_Universities,e088fddc329a6f0148ca72fd3b4d0fe069f13e3a,,
4151011661,四川民族学院,155dc98282b38d04,badge,https://www.shanghairanking.cn/_uni/logo-jpg/6044899600.jpg,https://github.com/xioajiumi/Chinese_Universities/blob/e088fddc329a6f0148ca72fd3b4d0fe069f13e3a/Chinese_Universities.json,6044899600.jpg,Chinese_Universities.json,False,jpg,,,,,,,,,indexed_not_fetched,MIT,,四川民族学院,xioajiumi/Chinese_Universities,e088fddc329a6f0148ca72fd3b4d0fe069f13e3a,,
4151014389,成都师范学院,0d5edb227ec36ed0,badge,https://www.shanghairanking.cn/_uni/logo-jpg/4681771000.jpg,https://github.com/xioajiumi/Chinese_Universities/blob/e088fddc329a6f0148ca72fd3b4d0fe069f13e3a/Chinese_Universities.json,4681771000.jpg,Chinese_Universities.json,False,jpg,,,,,,,,,indexed_not_fetched,MIT,,成都师范学院,xioajiumi/Chinese_Universities,e088fddc329a6f0148ca72fd3b4d0fe069f13e3a,,
4112010055,南开大学,262726df5a95ee9d,badge,https://www.shanghairanking.cn/_uni/logo/44629152.png,https://github.com/xioajiumi/Chinese_Universities/blob/e088fddc329a6f0148ca72fd3b4d0fe069f13e3a/Chinese_Universities.json,44629152.png,Chinese_Universities.json,False,png,,,,,,,,,indexed_not_fetched,MIT,,南开大学,xioajiumi/Chinese_Universities,e088fddc329a6f0148ca72fd3b4d0fe069f13e3a,,
4112010055,南开大学,219de75b65a27663,badge,https://raw.githubusercontent.com/Magicdover/China-Universities-2026/419bdc7ce6956fc88c2b70b3979f170b6666f111/assets/logos-new/%E5%8D%97%E5%BC%80%E5%A4%A7%E5%AD%A6%20NKU.svg,https://github.com/Magicdover/China-Universities-2026/blob/419bdc7ce6956fc88c2b70b3979f170b6666f111/assets/logos-new/%E5%8D%97%E5%BC%80%E5%A4%A7%E5%AD%A6%20NKU.svg,%E5%8D%97%E5%BC%80%E5%A4%A7%E5%AD%A6%20NKU.svg,assets/logos-new/南开大学 NKU.svg,False,svg,88.0,88.0,,,True,vector,,,content_inspected,MIT,,南开大学,Magicdover/China-Universities-2026,419bdc7ce6956fc88c2b70b3979f170b6666f111,0ff2d2f9280b565df42b026b22bf2fa86766297c4570e6edc06a162d1369ad83,17837
4112010055,南开大学,b0d9f07a12d21d08,badge,https://raw.githubusercontent.com/HeyHuazi/SVGLOGO/142498f527ac2dd3116cc1feccb9670879839f74/static/library/school/NKU.svg,https://github.com/HeyHuazi/SVGLOGO/blob/142498f527ac2dd3116cc1feccb9670879839f74/static/library/school/NKU.svg,NKU.svg,static/library/school/NKU.svg,False,svg,128.0,137.0,,,True,vector,,,content_inspected,MIT,,南开大学,HeyHuazi/SVGLOGO,142498f527ac2dd3116cc1feccb9670879839f74,fde08089a462e67a7996c0d1f14bcc99fe57f6f080832d039dac1620562f9b76,9856
4112010055,南开大学,206de14972a7c98e,wordmark,https://raw.githubusercontent.com/HeyHuazi/SVGLOGO/142498f527ac2dd3116cc1feccb9670879839f74/static/library/school/NKU_wordmark.svg,https://github.com/HeyHuazi/SVGLOGO/blob/142498f527ac2dd3116cc1feccb9670879839f74/static/library/school/NKU_wordmark.svg,NKU_wordmark.svg,static/library/school/NKU_wordmark.svg,False,svg,,,,,True,vector,,,content_inspected,MIT,,南开大学,HeyHuazi/SVGLOGO,142498f527ac2dd3116cc1feccb9670879839f74,e88b56a3fbdf849181e3ea73242ebf37019cf37f00d121fa60389cc1f13277a3,13322
4112010056,天津大学,268f4d611b54638a,badge,https://www.shanghairanking.cn/_uni/logo/74813674.png,https://github.com/xioajiumi/Chinese_Universities/blob/e088fddc329a6f0148ca72fd3b4d0fe069f13e3a/Chinese_Universities.json,74813674.png,Chinese_Universities.json,False,png,,,,,,,,,indexed_not_fetched,MIT,,天津大学,xioajiumi/Chinese_Universities,e088fddc329a6f0148ca72fd3b4d0fe069f13e3a,,
4112010056,天津大学,53fa62a864fc6635,badge,https://raw.githubusercontent.com/Magicdover/China-Universities-2026/419bdc7ce6956fc88c2b70b3979f170b6666f111/assets/logos-new/%E5%A4%A9%E6%B4%A5%E5%A4%A7%E5%AD%A6%20TJU.svg,https://github.com/Magicdover/China-Universities-2026/blob/419bdc7ce6956fc88c2b70b3979f170b6666f111/assets/logos-new/%E5%A4%A9%E6%B4%A5%E5%A4%A7%E5%AD%A6%20TJU.svg,%E5%A4%A9%E6%B4%A5%E5%A4%A7%E5%AD%A6%20TJU.svg,assets/logos-new/天津大学 TJU.svg,False,svg,,,,,True,vector,,,content_inspected,MIT,,天津大学,Magicdover/China-Universities-2026,419bdc7ce6956fc88c2b70b3979f170b6666f111,89fb72f77fce97f10a2604e3988914cb2df7b52d12d69edcc0eebae3a23c2eda,70327
4112010056,天津大学,1f5176ca2940a491,badge,https://raw.githubusercontent.com/HeyHuazi/SVGLOGO/142498f527ac2dd3116cc1feccb9670879839f74/static/library/school/TJU.svg,https://github.com/HeyHuazi/SVGLOGO/blob/142498f527ac2dd3116cc1feccb9670879839f74/static/library/school/TJU.svg,TJU.svg,static/library/school/TJU.svg,False,svg,128.0,137.0,,,True,vector,,,content_inspected,MIT,,天津大学,HeyHuazi/SVGLOGO,142498f527ac2dd3116cc1feccb9670879839f74,95f28ea4f42d87fe3eccf1b8cd5c6e338651f84ce6fe100775d34c2f6cf12fe0,41464
4112010056,天津大学,a427d61739e5db95,wordmark,https://raw.githubusercontent.com/HeyHuazi/SVGLOGO/142498f527ac2dd3116cc1feccb9670879839f74/static/library/school/TJU_wordmark.svg,https://github.com/HeyHuazi/SVGLOGO/blob/142498f527ac2dd3116cc1feccb9670879839f74/static/library/school/TJU_wordmark.svg,TJU_wordmark.svg,static/library/school/TJU_wordmark.svg,False,svg,,,,,True,vector,,,content_inspected,MIT,,天津大学,HeyHuazi/SVGLOGO,142498f527ac2dd3116cc1feccb9670879839f74,6c206f7bf1b1d3cb2de78411d3e2ca00dc1e7085d3872e604b6f19d27fb64d93,15130
4112010056,天津大学,ca694e3c01d121ce,badge,https://raw.githubusercontent.com/RoboMaster/university_logos/3d645fc89869707bd7df8dba0f7e4bbcc4a60e14/Tianjin_University/png/logo_blue_800x800.png,https://github.com/RoboMaster/university_logos/blob/3d645fc89869707bd7df8dba0f7e4bbcc4a60e14/Tianjin_University/png/logo_blue_800x800.png,logo_blue_800x800.png,Tianjin_University/png/logo_blue_800x800.png,False,png,800,800,,,False,raster,True,True,content_inspected,,,天津大学,RoboMaster/university_logos,3d645fc89869707bd7df8dba0f7e4bbcc4a60e14,a9dc7ccb10771e1d4e1ea423e6e0e4fb957aaac57366a90b36190f3ea9b05787,84605
4112010056,天津大学,9b02e6ac217e4383,badge,https://raw.githubusercontent.com/RoboMaster/university_logos/3d645fc89869707bd7df8dba0f7e4bbcc4a60e14/Tianjin_University/svg/logo_blue.svg,https://github.com/RoboMaster/university_logos/blob/3d645fc89869707bd7df8dba0f7e4bbcc4a60e14/Tianjin_University/svg/logo_blue.svg,logo_blue.svg,Tianjin_University/svg/logo_blue.svg,False,svg,,,,,True,vector,,,content_inspected,,,天津大学,RoboMaster/university_logos,3d645fc89869707bd7df8dba0f7e4bbcc4a60e14,10ef33884d224ac68aa6fa159787726d457bdd176d6c0728200e001e49c4802e,466088
4112010057,天津科技大学,13c3b826ccd101b3,badge,https://www.shanghairanking.cn/_uni/logo/19351758.png,https://github.com/xioajiumi/Chinese_Universities/blob/e088fddc329a6f0148ca72fd3b4d0fe069f13e3a/Chinese_Universities.json,19351758.png,Chinese_Universities.json,False,png,,,,,,,,,indexed_not_fetched,MIT,,天津科技大学,xioajiumi/Chinese_Universities,e088fddc329a6f0148ca72fd3b4d0fe069f13e3a,,
4112010058,天津工业大学,a3d5d7b602ebb9a6,badge,https://www.shanghairanking.cn/_uni/logo/66317793.png,https://github.com/xioajiumi/Chinese_Universities/blob/e088fddc329a6f0148ca72fd3b4d0fe069f13e3a/Chinese_Universities.json,66317793.png,Chinese_Universities.json,False,png,,,,,,,,,indexed_not_fetched,MIT,,天津工业大学,xioajiumi/Chinese_Universities,e088fddc329a6f0148ca72fd3b4d0fe069f13e3a,,
4112010058,天津工业大学,22c53bd12ee57e59,badge,https://raw.githubusercontent.com/Magicdover/China-Universities-2026/419bdc7ce6956fc88c2b70b3979f170b6666f111/assets/logos/%E5%A4%A9%E6%B4%A5%E5%B7%A5%E4%B8%9A%E5%A4%A7%E5%AD%A6%20TGU.svg,https://github.com/Magicdover/China-Universities-2026/blob/419bdc7ce6956fc88c2b70b3979f170b6666f111/assets/logos/%E5%A4%A9%E6%B4%A5%E5%B7%A5%E4%B8%9A%E5%A4%A7%E5%AD%A6%20TGU.svg,%E5%A4%A9%E6%B4%A5%E5%B7%A5%E4%B8%9A%E5%A4%A7%E5%AD%A6%20TGU.svg,assets/logos/天津工业大学 TGU.svg,False,svg,154.0,157.0,,,True,vector,,,content_inspected,MIT,,天津工业大学,Magicdover/China-Universities-2026,419bdc7ce6956fc88c2b70b3979f170b6666f111,a0396424e7df82669dd9277e5f2907321225c526a0f96d8959f619067d02c56f,205976
4112010059,中国民航大学,d72025e7a8bfe46b,badge,https://www.shanghairanking.cn/_uni/logo/32878207.png,https://github.com/xioajiumi/Chinese_Universities/blob/e088fddc329a6f0148ca72fd3b4d0fe069f13e3a/Chinese_Universities.json,32878207.png,Chinese_Universities.json,False,png,,,,,,,,,indexed_not_fetched,MIT,,中国民航大学,xioajiumi/Chinese_Universities,e088fddc329a6f0148ca72fd3b4d0fe069f13e3a,,
4112010060,天津理工大学,53a5699b8d025cb0,badge,https://www.shanghairanking.cn/_uni/logo/41797414.png,https://github.com/xioajiumi/Chinese_Universities/blob/e088fddc329a6f0148ca72fd3b4d0fe069f13e3a/Chinese_Universities.json,41797414.png,Chinese_Universities.json,False,png,,,,,,,,,indexed_not_fetched,MIT,,天津理工大学,xioajiumi/Chinese_Universities,e088fddc329a6f0148ca72fd3b4d0fe069f13e3a,,
4112010060,天津理工大学,9532340f2a2c9e34,badge,https://raw.githubusercontent.com/RoboMaster/university_logos/3d645fc89869707bd7df8dba0f7e4bbcc4a60e14/Tianjin_University_of_Technology/png/logo_blue_800x800.png,https://github.com/RoboMaster/university_logos/blob/3d645fc89869707bd7df8dba0f7e4bbcc4a60e14/Tianjin_University_of_Technology/png/logo_blue_800x800.png,logo_blue_800x800.png,Tianjin_University_of_Technology/png/logo_blue_800x800.png,False,png,800,800,,,False,raster,True,True,content_inspected,,,天津理工大学,RoboMaster/university_logos,3d645fc89869707bd7df8dba0f7e4bbcc4a60e14,72c0f30baa0fc052d7b50c954907ae8196f9e401cb40bde47b7210f4eb0a367c,64982
4112010060,天津理工大学,f207630bd6ef60c7,badge,https://raw.githubusercontent.com/RoboMaster/university_logos/3d645fc89869707bd7df8dba0f7e4bbcc4a60e14/Tianjin_University_of_Technology/svg/logo_blue.svg,https://github.com/RoboMaster/university_logos/blob/3d645fc89869707bd7df8dba0f7e4bbcc4a60e14/Tianjin_University_of_Technology/svg/logo_blue.svg,logo_blue.svg,Tianjin_University_of_Technology/svg/logo_blue.svg,False,svg,,,,,True,vector,,,content_inspected,,,天津理工大学,RoboMaster/university_logos,3d645fc89869707bd7df8dba0f7e4bbcc4a60e14,c6f2237482d9ae8264ef9e061f6ab4ed4b28afe7a6099fb40e9e442d3ab2eb60,468600
4112010061,天津农学院,c3d742c1059977ca,badge,https://www.shanghairanking.cn/_uni/logo/45293117.png,https://github.com/xioajiumi/Chinese_Universities/blob/e088fddc329a6f0148ca72fd3b4d0fe069f13e3a/Chinese_Universities.json,45293117.png,Chinese_Universities.json,False,png,,,,,,,,,indexed_not_fetched,MIT,,天津农学院,xioajiumi/Chinese_Universities,e088fddc329a6f0148ca72fd3b4d0fe069f13e3a,,
4112010062,天津医科大学,cd155a59a92e8aa0,badge,https://raw.githubusercontent.com/Magicdover/China-Universities-2026/419bdc7ce6956fc88c2b70b3979f170b6666f111/assets/logos-new/%E5%A4%A9%E6%B4%A5%E5%8C%BB%E7%A7%91%E5%A4%A7%E5%AD%A6%20TMU.svg,https://github.com/Magicdover/China-Universities-2026/blob/419bdc7ce6956fc88c2b70b3979f170b6666f111/assets/logos-new/%E5%A4%A9%E6%B4%A5%E5%8C%BB%E7%A7%91%E5%A4%A7%E5%AD%A6%20TMU.svg,%E5%A4%A9%E6%B4%A5%E5%8C%BB%E7%A7%91%E5%A4%A7%E5%AD%A6%20TMU.svg,assets/logos-new/天津医科大学 TMU.svg,False,svg,266.66666,266.66666,,,True,vector,,,content_inspected,MIT,,天津医科大学,Magicdover/China-Universities-2026,419bdc7ce6956fc88c2b70b3979f170b6666f111,967094e22a85295c78723e88feb0eb52118c312d70dfe7a885ad5a796c902cfe,68945
4112010063,天津中医药大学,146f86845d7c7e1a,badge,https://raw.githubusercontent.com/Magicdover/China-Universities-2026/419bdc7ce6956fc88c2b70b3979f170b6666f111/assets/logos-new/%E5%A4%A9%E6%B4%A5%E4%B8%AD%E5%8C%BB%E8%8D%AF%E5%A4%A7%E5%AD%A6%20TJUTCM.svg,https://github.com/Magicdover/China-Universities-2026/blob/419bdc7ce6956fc88c2b70b3979f170b6666f111/assets/logos-new/%E5%A4%A9%E6%B4%A5%E4%B8%AD%E5%8C%BB%E8%8D%AF%E5%A4%A7%E5%AD%A6%20TJUTCM.svg,%E5%A4%A9%E6%B4%A5%E4%B8%AD%E5%8C%BB%E8%8D%AF%E5%A4%A7%E5%AD%A6%20TJUTCM.svg,assets/logos-new/天津中医药大学 TJUTCM.svg,False,svg,813.0,813.0,,,True,vector,,,content_inspected,MIT,,天津中医药大学,Magicdover/China-Universities-2026,419bdc7ce6956fc88c2b70b3979f170b6666f111,91bb8ceb94f5769d9076efa89d9c3b625279b3d50d48e1847f29451592dfb0d2,207561
4112010065,天津师范大学,c5c84018f2802055,badge,https://www.shanghairanking.cn/_uni/logo/97894665.png,https://github.com/xioajiumi/Chinese_Universities/blob/e088fddc329a6f0148ca72fd3b4d0fe069f13e3a/Chinese_Universities.json,97894665.png,Chinese_Universities.json,False,png,,,,,,,,,indexed_not_fetched,MIT,,天津师范大学,xioajiumi/Chinese_Universities,e088fddc329a6f0148ca72fd3b4d0fe069f13e3a,,
4112010066,天津职业技术师范大学,e20118ac3bf9af42,badge,https://www.shanghairanking.cn/_uni/logo/38391685.png,https://github.com/xioajiumi/Chinese_Universities/blob/e088fddc329a6f0148ca72fd3b4d0fe069f13e3a/Chinese_Universities.json,38391685.png,Chinese_Universities.json,False,png,,,,,,,,,indexed_not_fetched,MIT,,天津职业技术师范大学,xioajiumi/Chinese_Universities,e088fddc329a6f0148ca72fd3b4d0fe069f13e3a,,
4112010069,天津商业大学,2481451f2dbc7bff,badge,https://raw.githubusercontent.com/RoboMaster/university_logos/3d645fc89869707bd7df8dba0f7e4bbcc4a60e14/Tianjin_University_of_Commerce/png/logo_red_800x800.png,https://github.com/RoboMaster/university_logos/blob/3d645fc89869707bd7df8dba0f7e4bbcc4a60e14/Tianjin_University_of_Commerce/png/logo_red_800x800.png,logo_red_800x800.png,Tianjin_University_of_Commerce/png/logo_red_800x800.png,False,png,800,800,,,False,raster,True,True,content_inspected,,,天津商业大学,RoboMaster/university_logos,3d645fc89869707bd7df8dba0f7e4bbcc4a60e14,282d4480974a6963617476bb3e995dc2a5301f73c041938d8f9c85212d8165b4,64504
4112010069,天津商业大学,a640f1dabb4f07e2,badge,https://raw.githubusercontent.com/RoboMaster/university_logos/3d645fc89869707bd7df8dba0f7e4bbcc4a60e14/Tianjin_University_of_Commerce/svg/logo_red.svg,https://github.com/RoboMaster/university_logos/blob/3d645fc89869707bd7df8dba0f7e4bbcc4a60e14/Tianjin_University_of_Commerce/svg/logo_red.svg,logo_red.svg,Tianjin_University_of_Commerce/svg/logo_red.svg,False,svg,,,,,True,vector,,,content_inspected,,,天津商业大学,RoboMaster/university_logos,3d645fc89869707bd7df8dba0f7e4bbcc4a60e14,8c8d58ceb0fed6595aae565354f02db1b22f215489a5bb062699466c38efc131,510129
4112010792,天津城建大学,69a7f6de2f3f83db,badge,https://www.shanghairanking.cn/_uni/logo/46314554.png,https://github.com/xioajiumi/Chinese_Universities/blob/e088fddc329a6f0148ca72fd3b4d0fe069f13e3a/Chinese_Universities.json,46314554.png,Chinese_Universities.json,False,png,,,,,,,,,indexed_not_fetched,MIT,,天津城建大学,xioajiumi/Chinese_Universities,e088fddc329a6f0148ca72fd3b4d0fe069f13e3a,,
4164010749,宁夏大学,74851442d63b4349,badge,https://www.shanghairanking.cn/_uni/logo/26171919.png,https://github.com/xioajiumi/Chinese_Universities/blob/e088fddc329a6f0148ca72fd3b4d0fe069f13e3a/Chinese_Universities.json,26171919.png,Chinese_Universities.json,False,png,,,,,,,,,indexed_not_fetched,MIT,,宁夏大学,xioajiumi/Chinese_Universities,e088fddc329a6f0148ca72fd3b4d0fe069f13e3a,,
4164010749,宁夏大学,7f8d0f2eaf636efe,badge,https://raw.githubusercontent.com/Magicdover/China-Universities-2026/419bdc7ce6956fc88c2b70b3979f170b6666f111/assets/logos-new/%E5%AE%81%E5%A4%8F%E5%A4%A7%E5%AD%A6%20NXU.svg,https://github.com/Magicdover/China-Universities-2026/blob/419bdc7ce6956fc88c2b70b3979f170b6666f111/assets/logos-new/%E5%AE%81%E5%A4%8F%E5%A4%A7%E5%AD%A6%20NXU.svg,%E5%AE%81%E5%A4%8F%E5%A4%A7%E5%AD%A6%20NXU.svg,assets/logos-new/宁夏大学 NXU.svg,False,svg,6499.990234375,6499.970703125,,,True,vector,,,content_inspected,MIT,,宁夏大学,Magicdover/China-Universities-2026,419bdc7ce6956fc88c2b70b3979f170b6666f111,a053f79ef0f0e18eec2e044e7b7a58fb2a45462d65a5cb4ec82c9897b949a2eb,64519
4164010749,宁夏大学,7320f0c27af919c1,badge,https://raw.githubusercontent.com/HeyHuazi/SVGLOGO/142498f527ac2dd3116cc1feccb9670879839f74/static/library/school/NXU.svg,https://github.com/HeyHuazi/SVGLOGO/blob/142498f527ac2dd3116cc1feccb9670879839f74/static/library/school/NXU.svg,NXU.svg,static/library/school/NXU.svg,False,svg,128.0,128.0,,,True,vector,,,content_inspected,MIT,,宁夏大学,HeyHuazi/SVGLOGO,142498f527ac2dd3116cc1feccb9670879839f74,a51587c3708cc142f32236daa9d687b7dcf4c7eb56eaebb4dd95e801670b47b8,16982
4134010357,安徽大学,9848e46c0a1b6a31,badge,https://www.shanghairanking.cn/_uni/logo/13378567.png,https://github.com/xioajiumi/Chinese_Universities/blob/e088fddc329a6f0148ca72fd3b4d0fe069f13e3a/Chinese_Universities.json,13378567.png,Chinese_Universities.json,False,png,,,,,,,,,indexed_not_fetched,MIT,,安徽大学,xioajiumi/Chinese_Universities,e088fddc329a6f0148ca72fd3b4d0fe069f13e3a,,
4134010357,安徽大学,d7d9f2f592526b2f,badge,https://raw.githubusercontent.com/Magicdover/China-Universities-2026/419bdc7ce6956fc88c2b70b3979f170b6666f111/assets/logos-new/%E5%AE%89%E5%BE%BD%E5%A4%A7%E5%AD%A6%20AHU.svg,https://github.com/Magicdover/China-Universities-2026/blob/419bdc7ce6956fc88c2b70b3979f170b6666f111/assets/logos-new/%E5%AE%89%E5%BE%BD%E5%A4%A7%E5%AD%A6%20AHU.svg,%E5%AE%89%E5%BE%BD%E5%A4%A7%E5%AD%A6%20AHU.svg,assets/logos-new/安徽大学 AHU.svg,False,svg,266.66666,266.66666,,,True,vector,,,content_inspected,MIT,,安徽大学,Magicdover/China-Universities-2026,419bdc7ce6956fc88c2b70b3979f170b6666f111,5cd75be07766d6fe35781f0c3950fd9ab0bca10a61bb3f92da220faf6524b0f2,35786
4134010357,安徽大学,b7ae3e55d70c9c5b,badge,https://raw.githubusercontent.com/HeyHuazi/SVGLOGO/142498f527ac2dd3116cc1feccb9670879839f74/static/library/school/AnHuiDaXue.svg,https://github.com/HeyHuazi/SVGLOGO/blob/142498f527ac2dd3116cc1feccb9670879839f74/static/library/school/AnHuiDaXue.svg,AnHuiDaXue.svg,static/library/school/AnHuiDaXue.svg,False,svg,128.0,128.0,,,True,vector,,,content_inspected,MIT,,安徽大学,HeyHuazi/SVGLOGO,142498f527ac2dd3116cc1feccb9670879839f74,fed67e5d10b73d329866159a0e86fdf8adf57a27d030969b9e42abc5cd1b4b96,13462
4134010357,安徽大学,13e8d37095c92c09,wordmark,https://raw.githubusercontent.com/HeyHuazi/SVGLOGO/142498f527ac2dd3116cc1feccb9670879839f74/static/library/school/AnHuiDaXue_wordmark.svg,https://github.com/HeyHuazi/SVGLOGO/blob/142498f527ac2dd3116cc1feccb9670879839f74/static/library/school/AnHuiDaXue_wordmark.svg,AnHuiDaXue_wordmark.svg,static/library/school/AnHuiDaXue_wordmark.svg,False,svg,,,,,True,vector,,,content_inspected,MIT,,安徽大学,HeyHuazi/SVGLOGO,142498f527ac2dd3116cc1feccb9670879839f74,9c39d8eff1f5d82515681dedb35288c0c0668b056a472bb3661380b223d4025d,12680
4134010358,中国科学技术大学,7063f0a3edb490ba,badge,https://www.shanghairanking.cn/_uni/logo/50132214.png,https://github.com/xioajiumi/Chinese_Universities/blob/e088fddc329a6f0148ca72fd3b4d0fe069f13e3a/Chinese_Universities.json,50132214.png,Chinese_Universities.json,False,png,,,,,,,,,indexed_not_fetched,MIT,,中国科学技术大学,xioajiumi/Chinese_Universities,e088fddc329a6f0148ca72fd3b4d0fe069f13e3a,,
4134010358,中国科学技术大学,ac6b21a742eb1dcb,badge,https://raw.githubusercontent.com/Magicdover/China-Universities-2026/419bdc7ce6956fc88c2b70b3979f170b6666f111/assets/logos-new/%E4%B8%AD%E5%9B%BD%E7%A7%91%E5%AD%A6%E6%8A%80%E6%9C%AF%E5%A4%A7%E5%AD%A6%20USTC.svg,https://github.com/Magicdover/China-Universities-2026/blob/419bdc7ce6956fc88c2b70b3979f170b6666f111/assets/logos-new/%E4%B8%AD%E5%9B%BD%E7%A7%91%E5%AD%A6%E6%8A%80%E6%9C%AF%E5%A4%A7%E5%AD%A6%20USTC.svg,%E4%B8%AD%E5%9B%BD%E7%A7%91%E5%AD%A6%E6%8A%80%E6%9C%AF%E5%A4%A7%E5%AD%A6%20USTC.svg,assets/logos-new/中国科学技术大学 USTC.svg,False,svg,,,,,True,vector,,,content_inspected,MIT,,中国科学技术大学,Magicdover/China-Universities-2026,419bdc7ce6956fc88c2b70b3979f170b6666f111,2dec0326079ef6258386298d8f0f6aa59d909aab4ac5c28de7325bbf63d2a5f4,28968
4134010358,中国科学技术大学,507544bc453c6a13,badge,https://raw.githubusercontent.com/HeyHuazi/SVGLOGO/142498f527ac2dd3116cc1feccb9670879839f74/static/library/school/USTC.svg,https://github.com/HeyHuazi/SVGLOGO/blob/142498f527ac2dd3116cc1feccb9670879839f74/static/library/school/USTC.svg,USTC.svg,static/library/school/USTC.svg,False,svg,128.0,137.0,,,True,vector,,,content_inspected,MIT,,中国科学技术大学,HeyHuazi/SVGLOGO,142498f527ac2dd3116cc1feccb9670879839f74,3ff223e8840480297d3c8730630d82dac53fc64f3c262b4fa6115cb1853d87e8,31213
4134010358,中国科学技术大学,0e292f6f43d0ff96,wordmark,https://raw.githubusercontent.com/HeyHuazi/SVGLOGO/142498f527ac2dd3116cc1feccb9670879839f74/static/library/school/USTC_wordmark.svg,https://github.com/HeyHuazi/SVGLOGO/blob/142498f527ac2dd3116cc1feccb9670879839f74/static/library/school/USTC_wordmark.svg,USTC_wordmark.svg,static/library/school/USTC_wordmark.svg,False,svg,,,,,True,vector,,,content_inspected,MIT,,中国科学技术大学,HeyHuazi/SVGLOGO,142498f527ac2dd3116cc1feccb9670879839f74,80eab33fb0394e778bbae8e01ffc53fb30c3fcb4fff9bb43663248a1cb25e9e1,17351
4134010359,合肥工业大学,47d3df463e7581aa,badge,https://www.shanghairanking.cn/_uni/logo/55155531.png,https://github.com/xioajiumi/Chinese_Universities/blob/e088fddc329a6f0148ca72fd3b4d0fe069f13e3a/Chinese_Universities.json,55155531.png,Chinese_Universities.json,False,png,,,,,,,,,indexed_not_fetched,MIT,,合肥工业大学,xioajiumi/Chinese_Universities,e088fddc329a6f0148ca72fd3b4d0fe069f13e3a,,
4134010359,合肥工业大学,e633187960812ba4,badge,https://raw.githubusercontent.com/Magicdover/China-Universities-2026/419bdc7ce6956fc88c2b70b3979f170b6666f111/assets/logos-new/%E5%90%88%E8%82%A5%E5%B7%A5%E4%B8%9A%E5%A4%A7%E5%AD%A6%20HFUT.svg,https://github.com/Magicdover/China-Universities-2026/blob/419bdc7ce6956fc88c2b70b3979f170b6666f111/assets/logos-new/%E5%90%88%E8%82%A5%E5%B7%A5%E4%B8%9A%E5%A4%A7%E5%AD%A6%20HFUT.svg,%E5%90%88%E8%82%A5%E5%B7%A5%E4%B8%9A%E5%A4%A7%E5%AD%A6%20HFUT.svg,assets/logos-new/合肥工业大学 HFUT.svg,False,svg,88.0,88.0,,,True,vector,,,content_inspected,MIT,,合肥工业大学,Magicdover/China-Universities-2026,419bdc7ce6956fc88c2b70b3979f170b6666f111,76d15975e820d08b6e102dee4cbfa6a37c245d56532ce0c1ee75ae615d8861e6,72854
4134010359,合肥工业大学,a63da00faf81c1ee,badge,https://raw.githubusercontent.com/HeyHuazi/SVGLOGO/142498f527ac2dd3116cc1feccb9670879839f74/static/library/school/HFUT.svg,https://github.com/HeyHuazi/SVGLOGO/blob/142498f527ac2dd3116cc1feccb9670879839f74/static/library/school/HFUT.svg,HFUT.svg,static/library/school/HFUT.svg,False,svg,128.0,128.0,,,True,vector,,,content_inspected,MIT,,合肥工业大学,HeyHuazi/SVGLOGO,142498f527ac2dd3116cc1feccb9670879839f74,6fee75f93a75bd905d9d214979ab29078d864f1a7419c4439c7940838002ccf3,33799
4134010359,合肥工业大学,daa2247d49be0a0a,wordmark,https://raw.githubusercontent.com/HeyHuazi/SVGLOGO/142498f527ac2dd3116cc1feccb9670879839f74/static/library/school/HFUT_wordmark.svg,https://github.com/HeyHuazi/SVGLOGO/blob/142498f527ac2dd3116cc1feccb9670879839f74/static/library/school/HFUT_wordmark.svg,HFUT_wordmark.svg,static/library/school/HFUT_wordmark.svg,False,svg,,,,,True,vector,,,content_inspected,MIT,,合肥工业大学,HeyHuazi/SVGLOGO,142498f527ac2dd3116cc1feccb9670879839f74,9f38649f325e5a105a6c25095a6f2ae27daa9b0005c30257c6c49f3248a89904,17827
4134010360,安徽工业大学,0eda4cc3b4e6140a,badge,https://www.shanghairanking.cn/_uni/logo/48772206.png,https://github.com/xioajiumi/Chinese_Universities/blob/e088fddc329a6f0148ca72fd3b4d0fe069f13e3a/Chinese_Universities.json,48772206.png,Chinese_Universities.json,False,png,,,,,,,,,indexed_not_fetched,MIT,,安徽工业大学,xioajiumi/Chinese_Universities,e088fddc329a6f0148ca72fd3b4d0fe069f13e3a,,
4134010361,安徽理工大学,5f635545345cdfa3,badge,https://www.shanghairanking.cn/_uni/logo/42528928.png,https://github.com/xioajiumi/Chinese_Universities/blob/e088fddc329a6f0148ca72fd3b4d0fe069f13e3a/Chinese_Universities.json,42528928.png,Chinese_Universities.json,False,png,,,,,,,,,indexed_not_fetched,MIT,,安徽理工大学,xioajiumi/Chinese_Universities,e088fddc329a6f0148ca72fd3b4d0fe069f13e3a,,
4134010363,安徽工程大学,1773fab84417c976,badge,https://www.shanghairanking.cn/_uni/logo/58244413.png,https://github.com/xioajiumi/Chinese_Universities/blob/e088fddc329a6f0148ca72fd3b4d0fe069f13e3a/Chinese_Universities.json,58244413.png,Chinese_Universities.json,False,png,,,,,,,,,indexed_not_fetched,MIT,,安徽工程大学,xioajiumi/Chinese_Universities,e088fddc329a6f0148ca72fd3b4d0fe069f13e3a,,
4134010364,安徽农业大学,168a68c3993f6671,badge,https://www.shanghairanking.cn/_uni/logo/63075474.png,https://github.com/xioajiumi/Chinese_Universities/blob/e088fddc329a6f0148ca72fd3b4d0fe069f13e3a/Chinese_Universities.json,63075474.png,Chinese_Universities.json,False,png,,,,,,,,,indexed_not_fetched,MIT,,安徽农业大学,xioajiumi/Chinese_Universities,e088fddc329a6f0148ca72fd3b4d0fe069f13e3a,,
4134010370,安徽师范大学,cb210689ed2456df,badge,https://www.shanghairanking.cn/_uni/logo/34817561.png,https://github.com/xioajiumi/Chinese_Universities/blob/e088fddc329a6f0148ca72fd3b4d0fe069f13e3a/Chinese_Universities.json,34817561.png,Chinese_Universities.json,False,png,,,,,,,,,indexed_not_fetched,MIT,,安徽师范大学,xioajiumi/Chinese_Universities,e088fddc329a6f0148ca72fd3b4d0fe069f13e3a,,
4134010371,阜阳师范大学,7c2e01c5d01f05f6,badge,https://www.shanghairanking.cn/_uni/logo/54911354.png,https://github.com/xioajiumi/Chinese_Universities/blob/e088fddc329a6f0148ca72fd3b4d0fe069f13e3a/Chinese_Universities.json,54911354.png,Chinese_Universities.json,False,png,,,,,,,,,indexed_not_fetched,MIT,,阜阳师范大学,xioajiumi/Chinese_Universities,e088fddc329a6f0148ca72fd3b4d0fe069f13e3a,,
4134010372,安庆师范大学,3a24ef6b9e48f290,badge,https://www.shanghairanking.cn/_uni/logo/66650184.png,https://github.com/xioajiumi/Chinese_Universities/blob/e088fddc329a6f0148ca72fd3b4d0fe069f13e3a/Chinese_Universities.json,66650184.png,Chinese_Universities.json,False,png,,,,,,,,,indexed_not_fetched,MIT,,安庆师范大学,xioajiumi/Chinese_Universities,e088fddc329a6f0148ca72fd3b4d0fe069f13e3a,,
4134010373,淮北师范大学,38ae43f16b53db4c,badge,https://www.shanghairanking.cn/_uni/logo/42492973.png,https://github.com/xioajiumi/Chinese_Universities/blob/e088fddc329a6f0148ca72fd3b4d0fe069f13e3a/Chinese_Universities.json,42492973.png,Chinese_Universities.json,False,png,,,,,,,,,indexed_not_fetched,MIT,,淮北师范大学,xioajiumi/Chinese_Universities,e088fddc329a6f0148ca72fd3b4d0fe069f13e3a,,
4134010375,黄山学院,fc279238b1026042,badge,https://www.shanghairanking.cn/_uni/logo/56600197.png,https://github.com/xioajiumi/Chinese_Universities/blob/e088fddc329a6f0148ca72fd3b4d0fe069f13e3a/Chinese_Universities.json,56600197.png,Chinese_Universities.json,False,png,,,,,,,,,indexed_not_fetched,MIT,,黄山学院,xioajiumi/Chinese_Universities,e088fddc329a6f0148ca72fd3b4d0fe069f13e3a,,
4134010376,皖西学院,0e583ee1de4180d4,badge,https://www.shanghairanking.cn/_uni/logo/64462476.png,https://github.com/xioajiumi/Chinese_Universities/blob/e088fddc329a6f0148ca72fd3b4d0fe069f13e3a/Chinese_Universities.json,64462476.png,Chinese_Universities.json,False,png,,,,,,,,,indexed_not_fetched,MIT,,皖西学院,xioajiumi/Chinese_Universities,e088fddc329a6f0148ca72fd3b4d0fe069f13e3a,,
4134010377,滁州学院,9b6f294ab05fb39a,badge,https://www.shanghairanking.cn/_uni/logo/85371855.png,https://github.com/xioajiumi/Chinese_Universities/blob/e088fddc329a6f0148ca72fd3b4d0fe069f13e3a/Chinese_Universities.json,85371855.png,Chinese_Universities.json,False,png,,,,,,,,,indexed_not_fetched,MIT,,滁州学院,xioajiumi/Chinese_Universities,e088fddc329a6f0148ca72fd3b4d0fe069f13e3a,,
4134010379,宿州学院,59a53205da070db4,badge,https://www.shanghairanking.cn/_uni/logo-jpg/5126663700.jpg,https://github.com/xioajiumi/Chinese_Universities/blob/e088fddc329a6f0148ca72fd3b4d0fe069f13e3a/Chinese_Universities.json,5126663700.jpg,Chinese_Universities.json,False,jpg,,,,,,,,,indexed_not_fetched,MIT,,宿州学院,xioajiumi/Chinese_Universities,e088fddc329a6f0148ca72fd3b4d0fe069f13e3a,,
4134010380,巢湖学院,785d05e66ee4d5ee,badge,https://www.shanghairanking.cn/_uni/logo/67944058.png,https://github.com/xioajiumi/Chinese_Universities/blob/e088fddc329a6f0148ca72fd3b4d0fe069f13e3a/Chinese_Universities.json,67944058.png,Chinese_Universities.json,False,png,,,,,,,,,indexed_not_fetched,MIT,,巢湖学院,xioajiumi/Chinese_Universities,e088fddc329a6f0148ca72fd3b4d0fe069f13e3a,,
4134010381,淮南师范学院,a8c1bf4159962fc2,badge,https://www.shanghairanking.cn/_uni/logo/56595333.png,https://github.com/xioajiumi/Chinese_Universities/blob/e088fddc329a6f0148ca72fd3b4d0fe069f13e3a/Chinese_Universities.json,56595333.png,Chinese_Universities.json,False,png,,,,,,,,,indexed_not_fetched,MIT,,淮南师范学院,xioajiumi/Chinese_Universities,e088fddc329a6f0148ca72fd3b4d0fe069f13e3a,,
4134010878,安徽建筑大学,748fd127e6c6cc24,badge,https://www.shanghairanking.cn/_uni/logo/40890032.png,https://github.com/xioajiumi/Chinese_Universities/blob/e088fddc329a6f0148ca72fd3b4d0fe069f13e3a/Chinese_Universities.json,40890032.png,Chinese_Universities.json,False,png,,,,,,,,,indexed_not_fetched,MIT,,安徽建筑大学,xioajiumi/Chinese_Universities,e088fddc329a6f0148ca72fd3b4d0fe069f13e3a,,
4134011305,蚌埠学院,84810fc4ea4316a7,badge,https://www.shanghairanking.cn/_uni/logo/64894541.png,https://github.com/xioajiumi/Chinese_Universities/blob/e088fddc329a6f0148ca72fd3b4d0fe069f13e3a/Chinese_Universities.json,64894541.png,Chinese_Universities.json,False,png,,,,,,,,,indexed_not_fetched,MIT,,蚌埠学院,xioajiumi/Chinese_Universities,e088fddc329a6f0148ca72fd3b4d0fe069f13e3a,,
4134011306,池州学院,c2a5bdba750e7384,badge,https://www.shanghairanking.cn/_uni/logo/31711737.png,https://github.com/xioajiumi/Chinese_Universities/blob/e088fddc329a6f0148ca72fd3b4d0fe069f13e3a/Chinese_Universities.json,31711737.png,Chinese_Universities.json,False,png,,,,,,,,,indexed_not_fetched,MIT,,池州学院,xioajiumi/Chinese_Universities,e088fddc329a6f0148ca72fd3b4d0fe069f13e3a,,
4134012216,安徽新华学院,03f66f5c89d525ba,badge,https://raw.githubusercontent.com/HeyHuazi/SVGLOGO/142498f527ac2dd3116cc1feccb9670879839f74/static/library/school/anhuiXinhuaUniversity.svg,https://github.com/HeyHuazi/SVGLOGO/blob/142498f527ac2dd3116cc1feccb9670879839f74/static/library/school/anhuiXinhuaUniversity.svg,anhuiXinhuaUniversity.svg,static/library/school/anhuiXinhuaUniversity.svg,False,svg,128.0,128.0,,,True,vector,,,content_inspected,MIT,,安徽新华学院,HeyHuazi/SVGLOGO,142498f527ac2dd3116cc1feccb9670879839f74,a00d9984481873cf00c15dfa01c946c42430eea6941b6cbfef4ae46dd8d63aba,20252
4134012216,安徽新华学院,774371e4cbbd570b,wordmark,https://raw.githubusercontent.com/HeyHuazi/SVGLOGO/142498f527ac2dd3116cc1feccb9670879839f74/static/library/school/anhuiXinhuaUniversity_wordmark.svg,https://github.com/HeyHuazi/SVGLOGO/blob/142498f527ac2dd3116cc1feccb9670879839f74/static/library/school/anhuiXinhuaUniversity_wordmark.svg,anhuiXinhuaUniversity_wordmark.svg,static/library/school/anhuiXinhuaUniversity_wordmark.svg,False,svg,495.0,112.0,,,True,vector,,,content_inspected,MIT,,安徽新华学院,HeyHuazi/SVGLOGO,142498f527ac2dd3116cc1feccb9670879839f74,425144f08a90343be298013e72c58ae698be2946107816ab8cc236c8084a7e71,34893
4134012926,亳州学院,2da869e6d8d733b4,badge,https://www.shanghairanking.cn/_uni/logo/46908529.png,https://github.com/xioajiumi/Chinese_Universities/blob/e088fddc329a6f0148ca72fd3b4d0fe069f13e3a/Chinese_Universities.json,46908529.png,Chinese_Universities.json,False,png,,,,,,,,,indexed_not_fetched,MIT,,亳州学院,xioajiumi/Chinese_Universities,e088fddc329a6f0148ca72fd3b4d0fe069f13e3a,,
4134014098,合肥师范学院,46554ec1f4e1b352,badge,https://www.shanghairanking.cn/_uni/logo/15187571.png,https://github.com/xioajiumi/Chinese_Universities/blob/e088fddc329a6f0148ca72fd3b4d0fe069f13e3a/Chinese_Universities.json,15187571.png,Chinese_Universities.json,False,png,,,,,,,,,indexed_not_fetched,MIT,,合肥师范学院,xioajiumi/Chinese_Universities,e088fddc329a6f0148ca72fd3b4d0fe069f13e3a,,
4137010422,山东大学,7902b786a28362a3,badge,https://www.shanghairanking.cn/_uni/logo/97189370.png,https://github.com/xioajiumi/Chinese_Universities/blob/e088fddc329a6f0148ca72fd3b4d0fe069f13e3a/Chinese_Universities.json,97189370.png,Chinese_Universities.json,False,png,,,,,,,,,indexed_not_fetched,MIT,,山东大学,xioajiumi/Chinese_Universities,e088fddc329a6f0148ca72fd3b4d0fe069f13e3a,,
4137010422,山东大学,6355e6172b27ed5a,badge,https://raw.githubusercontent.com/Magicdover/China-Universities-2026/419bdc7ce6956fc88c2b70b3979f170b6666f111/assets/logos-new/%E5%B1%B1%E4%B8%9C%E5%A4%A7%E5%AD%A6%20SDU.svg,https://github.com/Magicdover/China-Universities-2026/blob/419bdc7ce6956fc88c2b70b3979f170b6666f111/assets/logos-new/%E5%B1%B1%E4%B8%9C%E5%A4%A7%E5%AD%A6%20SDU.svg,%E5%B1%B1%E4%B8%9C%E5%A4%A7%E5%AD%A6%20SDU.svg,assets/logos-new/山东大学 SDU.svg,False,svg,315.0,314.0,,,True,vector,,,content_inspected,MIT,,山东大学,Magicdover/China-Universities-2026,419bdc7ce6956fc88c2b70b3979f170b6666f111,64033cdf2f6f2f9dab3700b6c48adcf90c502ac4d62b8da71b9130566bd6946e,22493
4137010422,山东大学,b2d10d5c20540a56,badge,https://raw.githubusercontent.com/HeyHuazi/SVGLOGO/142498f527ac2dd3116cc1feccb9670879839f74/static/library/school/SDU.svg,https://github.com/HeyHuazi/SVGLOGO/blob/142498f527ac2dd3116cc1feccb9670879839f74/static/library/school/SDU.svg,SDU.svg,static/library/school/SDU.svg,False,svg,128.0,137.0,,,True,vector,,,content_inspected,MIT,,山东大学,HeyHuazi/SVGLOGO,142498f527ac2dd3116cc1feccb9670879839f74,22d2cf1a4e1eaeb35880679c87fe19e9c907af2e080504ee120049e2dab5bdbf,16470
4137010422,山东大学,571a811b8e29e09a,wordmark,https://raw.githubusercontent.com/HeyHuazi/SVGLOGO/142498f527ac2dd3116cc1feccb9670879839f74/static/library/school/SDU_wordmark.svg,https://github.com/HeyHuazi/SVGLOGO/blob/142498f527ac2dd3116cc1feccb9670879839f74/static/library/school/SDU_wordmark.svg,SDU_wordmark.svg,static/library/school/SDU_wordmark.svg,False,svg,,,,,True,vector,,,content_inspected,MIT,,山东大学,HeyHuazi/SVGLOGO,142498f527ac2dd3116cc1feccb9670879839f74,54a5b4329d68ffce62f4723ab067448ba6e2fc3885cf564bf20c7d30462a05a6,14113
4137010423,中国海洋大学,817896be9ae1a855,badge,https://www.shanghairanking.cn/_uni/logo/53553512.png,https://github.com/xioajiumi/Chinese_Universities/blob/e088fddc329a6f0148ca72fd3b4d0fe069f13e3a/Chinese_Universities.json,53553512.png,Chinese_Universities.json,False,png,,,,,,,,,indexed_not_fetched,MIT,,中国海洋大学,xioajiumi/Chinese_Universities,e088fddc329a6f0148ca72fd3b4d0fe069f13e3a,,
4137010423,中国海洋大学,5cf3cb747bb6964d,badge,https://raw.githubusercontent.com/Magicdover/China-Universities-2026/419bdc7ce6956fc88c2b70b3979f170b6666f111/assets/logos-new/%E4%B8%AD%E5%9B%BD%E6%B5%B7%E6%B4%8B%E5%A4%A7%E5%AD%A6%20OUC.svg,https://github.com/Magicdover/China-Universities-2026/blob/419bdc7ce6956fc88c2b70b3979f170b6666f111/assets/logos-new/%E4%B8%AD%E5%9B%BD%E6%B5%B7%E6%B4%8B%E5%A4%A7%E5%AD%A6%20OUC.svg,%E4%B8%AD%E5%9B%BD%E6%B5%B7%E6%B4%8B%E5%A4%A7%E5%AD%A6%20OUC.svg,assets/logos-new/中国海洋大学 OUC.svg,False,svg,88.0,88.0,,,True,vector,,,content_inspected,MIT,,中国海洋大学,Magicdover/China-Universities-2026,419bdc7ce6956fc88c2b70b3979f170b6666f111,4083a4f1e36b11bfeef930876df2992b826f42bf0f9b284ebf54efc41217e6f1,26682
4137010423,中国海洋大学,9e3d322b3b277b04,badge,https://raw.githubusercontent.com/HeyHuazi/SVGLOGO/142498f527ac2dd3116cc1feccb9670879839f74/static/library/school/OUC.svg,https://github.com/HeyHuazi/SVGLOGO/blob/142498f527ac2dd3116cc1feccb9670879839f74/static/library/school/OUC.svg,OUC.svg,static/library/school/OUC.svg,False,svg,128.0,137.0,,,True,vector,,,content_inspected,MIT,,中国海洋大学,HeyHuazi/SVGLOGO,142498f527ac2dd3116cc1feccb9670879839f74,a25045a8c7421c9014f17e52a36be0389965125f7187b0e64e877f31448713f6,13658
4137010423,中国海洋大学,228ddf7d014ffcdf,wordmark,https://raw.githubusercontent.com/HeyHuazi/SVGLOGO/142498f527ac2dd3116cc1feccb9670879839f74/static/library/school/OUC_wordmark.svg,https://github.com/HeyHuazi/SVGLOGO/blob/142498f527ac2dd3116cc1feccb9670879839f74/static/library/school/OUC_wordmark.svg,OUC_wordmark.svg,static/library/school/OUC_wordmark.svg,False,svg,,,,,True,vector,,,content_inspected,MIT,,中国海洋大学,HeyHuazi/SVGLOGO,142498f527ac2dd3116cc1feccb9670879839f74,d2fdf67b6066e36fdaed462eeb4556a815a2ad6e86592deab03fc90083f610d1,15076
4137010424,山东科技大学,822ca35f5d717b7c,badge,https://www.shanghairanking.cn/_uni/logo/69243726.png,https://github.com/xioajiumi/Chinese_Universities/blob/e088fddc329a6f0148ca72fd3b4d0fe069f13e3a/Chinese_Universities.json,69243726.png,Chinese_Universities.json,False,png,,,,,,,,,indexed_not_fetched,MIT,,山东科技大学,xioajiumi/Chinese_Universities,e088fddc329a6f0148ca72fd3b4d0fe069f13e3a,,
4137010424,山东科技大学,1e99cb8ab26356a4,badge,https://raw.githubusercontent.com/Magicdover/China-Universities-2026/419bdc7ce6956fc88c2b70b3979f170b6666f111/assets/logos-new/%E5%B1%B1%E4%B8%9C%E7%A7%91%E6%8A%80%E5%A4%A7%E5%AD%A6%20SDUST.svg,https://github.com/Magicdover/China-Universities-2026/blob/419bdc7ce6956fc88c2b70b3979f170b6666f111/assets/logos-new/%E5%B1%B1%E4%B8%9C%E7%A7%91%E6%8A%80%E5%A4%A7%E5%AD%A6%20SDUST.svg,%E5%B1%B1%E4%B8%9C%E7%A7%91%E6%8A%80%E5%A4%A7%E5%AD%A6%20SDUST.svg,assets/logos-new/山东科技大学 SDUST.svg,False,svg,823.0,822.0,,,True,vector,,,content_inspected,MIT,,山东科技大学,Magicdover/China-Universities-2026,419bdc7ce6956fc88c2b70b3979f170b6666f111,a80e4d6213f488272f56f7d4e46bfcb12bf3453d745e16d56c96342332e51b37,37205
4137010424,山东科技大学,ab3d5f127896a569,badge,https://raw.githubusercontent.com/RoboMaster/university_logos/3d645fc89869707bd7df8dba0f7e4bbcc4a60e14/Shandong_University_of_Science_and_Technology/png/logo_blue_800x800.png,https://github.com/RoboMaster/university_logos/blob/3d645fc89869707bd7df8dba0f7e4bbcc4a60e14/Shandong_University_of_Science_and_Technology/png/logo_blue_800x800.png,logo_blue_800x800.png,Shandong_University_of_Science_and_Technology/png/logo_blue_800x800.png,False,png,800,800,,,False,raster,True,True,content_inspected,,,山东科技大学,RoboMaster/university_logos,3d645fc89869707bd7df8dba0f7e4bbcc4a60e14,f0313ded8c1be4cd8984dc1c0e61482aba4eb0949275a8950c6aad6b9bab49f7,212505
4137010425,中国石油大学(华东),ba7d9b8a3890019d,badge,https://www.shanghairanking.cn/_uni/logo/92620812.png,https://github.com/xioajiumi/Chinese_Universities/blob/e088fddc329a6f0148ca72fd3b4d0fe069f13e3a/Chinese_Universities.json,92620812.png,Chinese_Universities.json,False,png,,,,,,,,,indexed_not_fetched,MIT,,中国石油大学（华东）,xioajiumi/Chinese_Universities,e088fddc329a6f0148ca72fd3b4d0fe069f13e3a,,
4137010425,中国石油大学(华东),3559421082b65edb,badge,https://raw.githubusercontent.com/Magicdover/China-Universities-2026/419bdc7ce6956fc88c2b70b3979f170b6666f111/assets/logos/%E4%B8%AD%E5%9B%BD%E7%9F%B3%E6%B2%B9%E5%A4%A7%E5%AD%A6%EF%BC%88%E5%8D%8E%E4%B8%9C%EF%BC%89%20UPC.svg,https://github.com/Magicdover/China-Universities-2026/blob/419bdc7ce6956fc88c2b70b3979f170b6666f111/assets/logos/%E4%B8%AD%E5%9B%BD%E7%9F%B3%E6%B2%B9%E5%A4%A7%E5%AD%A6%EF%BC%88%E5%8D%8E%E4%B8%9C%EF%BC%89%20UPC.svg,%E4%B8%AD%E5%9B%BD%E7%9F%B3%E6%B2%B9%E5%A4%A7%E5%AD%A6%EF%BC%88%E5%8D%8E%E4%B8%9C%EF%BC%89%20UPC.svg,assets/logos/中国石油大学（华东） UPC.svg,False,svg,154.0,157.0,,,True,vector,,,content_inspected,MIT,,中国石油大学（华东）,Magicdover/China-Universities-2026,419bdc7ce6956fc88c2b70b3979f170b6666f111,ed9a253147f579657c49a0979aedc197524630fd5fe668d8d9098bf7306764aa,21813
4137010425,中国石油大学(华东),b1a43e46d5770e6b,badge,https://raw.githubusercontent.com/HeyHuazi/SVGLOGO/142498f527ac2dd3116cc1feccb9670879839f74/static/library/school/UPC.svg,https://github.com/HeyHuazi/SVGLOGO/blob/142498f527ac2dd3116cc1feccb9670879839f74/static/library/school/UPC.svg,UPC.svg,static/library/school/UPC.svg,False,svg,128.0,128.0,,,True,vector,,,content_inspected,MIT,,中国石油大学（华东）,HeyHuazi/SVGLOGO,142498f527ac2dd3116cc1feccb9670879839f74,31bdc8784b82b12cac9d6f394fb7db4ab821c0c1ef06581b82ccffcec2212ee3,49632
4137010425,中国石油大学(华东),71406a02b86f7902,wordmark,https://raw.githubusercontent.com/HeyHuazi/SVGLOGO/142498f527ac2dd3116cc1feccb9670879839f74/static/library/school/UPC_wordmark.svg,https://github.com/HeyHuazi/SVGLOGO/blob/142498f527ac2dd3116cc1feccb9670879839f74/static/library/school/UPC_wordmark.svg,UPC_wordmark.svg,static/library/school/UPC_wordmark.svg,False,svg,701.0,175.0,,,True,vector,,,content_inspected,MIT,,中国石油大学（华东）,HeyHuazi/SVGLOGO,142498f527ac2dd3116cc1feccb9670879839f74,0c1c2e2c52c79b4dc93f35df8583c3a85e81d4a3512b4bc3dd8a6370e6ff8064,47132
4137010425,中国石油大学(华东),797b4afe0ee8855d,badge,https://raw.githubusercontent.com/RoboMaster/university_logos/3d645fc89869707bd7df8dba0f7e4bbcc4a60e14/China_University_of_Petroleum_%28Huadong%29/png/logo_blue_800x800.png,https://github.com/RoboMaster/university_logos/blob/3d645fc89869707bd7df8dba0f7e4bbcc4a60e14/China_University_of_Petroleum_%28Huadong%29/png/logo_blue_800x800.png,logo_blue_800x800.png,China_University_of_Petroleum_(Huadong)/png/logo_blue_800x800.png,False,png,800,800,,,False,raster,True,True,content_inspected,,,中国石油大学(华东),RoboMaster/university_logos,3d645fc89869707bd7df8dba0f7e4bbcc4a60e14,bf0b99bd4a84b7feaf300160141bebefd6837a50bc148070fbe06776cb673191,65408
4137010425,中国石油大学(华东),a41085399e800b7d,badge,https://raw.githubusercontent.com/RoboMaster/university_logos/3d645fc89869707bd7df8dba0f7e4bbcc4a60e14/China_University_of_Petroleum_%28Huadong%29/svg/logo_blue.svg,https://github.com/RoboMaster/university_logos/blob/3d645fc89869707bd7df8dba0f7e4bbcc4a60e14/China_University_of_Petroleum_%28Huadong%29/svg/logo_blue.svg,logo_blue.svg,China_University_of_Petroleum_(Huadong)/svg/logo_blue.svg,False,svg,,,,,True,vector,,,content_inspected,,,中国石油大学(华东),RoboMaster/university_logos,3d645fc89869707bd7df8dba0f7e4bbcc4a60e14,4966d8d066ce714ddf67854f180389b8586624ecda52e9f64ef61a4c8b9a1efd,490026
4137010426,青岛科技大学,4e61aa9e049b82bb,badge,https://www.shanghairanking.cn/_uni/logo/56581722.png,https://github.com/xioajiumi/Chinese_Universities/blob/e088fddc329a6f0148ca72fd3b4d0fe069f13e3a/Chinese_Universities.json,56581722.png,Chinese_Universities.json,False,png,,,,,,,,,indexed_not_fetched,MIT,,青岛科技大学,xioajiumi/Chinese_Universities,e088fddc329a6f0148ca72fd3b4d0fe069f13e3a,,
4137010427,济南大学,3b4f986f3ff34998,badge,https://www.shanghairanking.cn/_uni/logo/68479674.png,https://github.com/xioajiumi/Chinese_Universities/blob/e088fddc329a6f0148ca72fd3b4d0fe069f13e3a/Chinese_Universities.json,68479674.png,Chinese_Universities.json,False,png,,,,,,,,,indexed_not_fetched,MIT,,济南大学,xioajiumi/Chinese_Universities,e088fddc329a6f0148ca72fd3b4d0fe069f13e3a,,
4137010427,济南大学,e47746aac257f67f,badge,https://raw.githubusercontent.com/HeyHuazi/SVGLOGO/142498f527ac2dd3116cc1feccb9670879839f74/static/library/school/JiNanDaXue.svg,https://github.com/HeyHuazi/SVGLOGO/blob/142498f527ac2dd3116cc1feccb9670879839f74/static/library/school/JiNanDaXue.svg,JiNanDaXue.svg,static/library/school/JiNanDaXue.svg,False,svg,128.0,128.0,,,True,vector,,,content_inspected,MIT,,济南大学,HeyHuazi/SVGLOGO,142498f527ac2dd3116cc1feccb9670879839f74,1ea8f7d5e14874c1df69a83d248f394f7895da562fbe8d31007d292851dc48de,20711
4137010427,济南大学,9a1ed2c11c7f40ec,wordmark,https://raw.githubusercontent.com/HeyHuazi/SVGLOGO/142498f527ac2dd3116cc1feccb9670879839f74/static/library/school/JiNanDaXue_wordmark.svg,https://github.com/HeyHuazi/SVGLOGO/blob/142498f527ac2dd3116cc1feccb9670879839f74/static/library/school/JiNanDaXue_wordmark.svg,JiNanDaXue_wordmark.svg,static/library/school/JiNanDaXue_wordmark.svg,False,svg,,,,,True,vector,,,content_inspected,MIT,,济南大学,HeyHuazi/SVGLOGO,142498f527ac2dd3116cc1feccb9670879839f74,a52f687b26c8e9328af894ff2bd9f8282457ef700abf59b375f51bd194994f0b,14285
4137010427,济南大学,d04e1ff3cc3d8f79,badge,https://raw.githubusercontent.com/HeyHuazi/SVGLOGO/142498f527ac2dd3116cc1feccb9670879839f74/static/library/school/UJN.svg,https://github.com/HeyHuazi/SVGLOGO/blob/142498f527ac2dd3116cc1feccb9670879839f74/static/library/school/UJN.svg,UJN.svg,static/library/school/UJN.svg,False,svg,128.0,137.0,,,True,vector,,,content_inspected,MIT,,济南大学,HeyHuazi/SVGLOGO,142498f527ac2dd3116cc1feccb9670879839f74,55f3259127f1b27a4466143853020d3cb3d99550eb7277eb91a8fb147b42f4f6,13320
4137010427,济南大学,c74b3cc1733c0bda,wordmark,https://raw.githubusercontent.com/HeyHuazi/SVGLOGO/142498f527ac2dd3116cc1feccb9670879839f74/static/library/school/UJN_wordmark.svg,https://github.com/HeyHuazi/SVGLOGO/blob/142498f527ac2dd3116cc1feccb9670879839f74/static/library/school/UJN_wordmark.svg,UJN_wordmark.svg,static/library/school/UJN_wordmark.svg,False,svg,,,,,True,vector,,,content_inspected,MIT,,济南大学,HeyHuazi/SVGLOGO,142498f527ac2dd3116cc1feccb9670879839f74,182654786d35fa1f63d7bf5103e14adfb4a35f729ddf7f1f6541e70cd224191e,11930
4137010429,青岛理工大学,36cbc850aeed625b,badge,https://www.shanghairanking.cn/_uni/logo/11244718.png,https://github.com/xioajiumi/Chinese_Universities/blob/e088fddc329a6f0148ca72fd3b4d0fe069f13e3a/Chinese_Universities.json,11244718.png,Chinese_Universities.json,False,png,,,,,,,,,indexed_not_fetched,MIT,,青岛理工大学,xioajiumi/Chinese_Universities,e088fddc329a6f0148ca72fd3b4d0fe069f13e3a,,
4137010430,山东建筑大学,8e25e97f5fa9b0e8,badge,https://www.shanghairanking.cn/_uni/logo/30745802.png,https://github.com/xioajiumi/Chinese_Universities/blob/e088fddc329a6f0148ca72fd3b4d0fe069f13e3a/Chinese_Universities.json,30745802.png,Chinese_Universities.json,False,png,,,,,,,,,indexed_not_fetched,MIT,,山东建筑大学,xioajiumi/Chinese_Universities,e088fddc329a6f0148ca72fd3b4d0fe069f13e3a,,
4137010431,齐鲁工业大学,e7549687a1c6086d,badge,https://www.shanghairanking.cn/_uni/logo/90803100.png,https://github.com/xioajiumi/Chinese_Universities/blob/e088fddc329a6f0148ca72fd3b4d0fe069f13e3a/Chinese_Universities.json,90803100.png,Chinese_Universities.json,False,png,,,,,,,,,indexed_not_fetched,MIT,,齐鲁工业大学,xioajiumi/Chinese_Universities,e088fddc329a6f0148ca72fd3b4d0fe069f13e3a,,
4137010433,山东理工大学,f0be58d2c2b6783c,badge,https://www.shanghairanking.cn/_uni/logo/36456722.png,https://github.com/xioajiumi/Chinese_Universities/blob/e088fddc329a6f0148ca72fd3b4d0fe069f13e3a/Chinese_Universities.json,36456722.png,Chinese_Universities.json,False,png,,,,,,,,,indexed_not_fetched,MIT,,山东理工大学,xioajiumi/Chinese_Universities,e088fddc329a6f0148ca72fd3b4d0fe069f13e3a,,
4137010434,山东农业大学,07c8bb7662176d25,badge,https://www.shanghairanking.cn/_uni/logo/29659511.png,https://github.com/xioajiumi/Chinese_Universities/blob/e088fddc329a6f0148ca72fd3b4d0fe069f13e3a/Chinese_Universities.json,29659511.png,Chinese_Universities.json,False,png,,,,,,,,,indexed_not_fetched,MIT,,山东农业大学,xioajiumi/Chinese_Universities,e088fddc329a6f0148ca72fd3b4d0fe069f13e3a,,
4137010434,山东农业大学,f1a064b701c88e5e,badge,https://raw.githubusercontent.com/Magicdover/China-Universities-2026/419bdc7ce6956fc88c2b70b3979f170b6666f111/assets/logos-new/%E5%B1%B1%E4%B8%9C%E5%86%9C%E4%B8%9A%E5%A4%A7%E5%AD%A6%20SDAU.svg,https://github.com/Magicdover/China-Universities-2026/blob/419bdc7ce6956fc88c2b70b3979f170b6666f111/assets/logos-new/%E5%B1%B1%E4%B8%9C%E5%86%9C%E4%B8%9A%E5%A4%A7%E5%AD%A6%20SDAU.svg,%E5%B1%B1%E4%B8%9C%E5%86%9C%E4%B8%9A%E5%A4%A7%E5%AD%A6%20SDAU.svg,assets/logos-new/山东农业大学 SDAU.svg,False,svg,831.6900024414062,831.8300170898438,,,True,vector,,,content_inspected,MIT,,山东农业大学,Magicdover/China-Universities-2026,419bdc7ce6956fc88c2b70b3979f170b6666f111,efef415888ce8cf4e5a245bcd97504199c776e0f8637a63f8126c648d7a50bc3,132220
4137010435,青岛农业大学,338b2d2cba0a9487,badge,https://www.shanghairanking.cn/_uni/logo/23730927.png,https://github.com/xioajiumi/Chinese_Universities/blob/e088fddc329a6f0148ca72fd3b4d0fe069f13e3a/Chinese_Universities.json,23730927.png,Chinese_Universities.json,False,png,,,,,,,,,indexed_not_fetched,MIT,,青岛农业大学,xioajiumi/Chinese_Universities,e088fddc329a6f0148ca72fd3b4d0fe069f13e3a,,
4137010441,山东中医药大学,c3ab747af06ac6a6,badge,https://raw.githubusercontent.com/Magicdover/China-Universities-2026/419bdc7ce6956fc88c2b70b3979f170b6666f111/assets/logos-new/%E5%B1%B1%E4%B8%9C%E4%B8%AD%E5%8C%BB%E8%8D%AF%E5%A4%A7%E5%AD%A6%20SDUTCM.svg,https://github.com/Magicdover/China-Universities-2026/blob/419bdc7ce6956fc88c2b70b3979f170b6666f111/assets/logos-new/%E5%B1%B1%E4%B8%9C%E4%B8%AD%E5%8C%BB%E8%8D%AF%E5%A4%A7%E5%AD%A6%20SDUTCM.svg,%E5%B1%B1%E4%B8%9C%E4%B8%AD%E5%8C%BB%E8%8D%AF%E5%A4%A7%E5%AD%A6%20SDUTCM.svg,assets/logos-new/山东中医药大学 SDUTCM.svg,False,svg,,,,,True,vector,,,content_inspected,MIT,,山东中医药大学,Magicdover/China-Universities-2026,419bdc7ce6956fc88c2b70b3979f170b6666f111,5746dfd0ff3cfeef207777a7673de2c4abc1aa483c539479436adbe96ed84c09,42617
4137010445,山东师范大学,b39b154ed5999667,badge,https://www.shanghairanking.cn/_uni/logo/91702072.png,https://github.com/xioajiumi/Chinese_Universities/blob/e088fddc329a6f0148ca72fd3b4d0fe069f13e3a/Chinese_Universities.json,91702072.png,Chinese_Universities.json,False,png,,,,,,,,,indexed_not_fetched,MIT,,山东师范大学,xioajiumi/Chinese_Universities,e088fddc329a6f0148ca72fd3b4d0fe069f13e3a,,
4137010446,曲阜师范大学,b7cc6a93d88d344b,badge,https://www.shanghairanking.cn/_uni/logo/69697043.png,https://github.com/xioajiumi/Chinese_Universities/blob/e088fddc329a6f0148ca72fd3b4d0fe069f13e3a/Chinese_Universities.json,69697043.png,Chinese_Universities.json,False,png,,,,,,,,,indexed_not_fetched,MIT,,曲阜师范大学,xioajiumi/Chinese_Universities,e088fddc329a6f0148ca72fd3b4d0fe069f13e3a,,
4137010446,曲阜师范大学,cdf50fb5c832f5c6,badge,https://raw.githubusercontent.com/Magicdover/China-Universities-2026/419bdc7ce6956fc88c2b70b3979f170b6666f111/assets/logos-new/%E6%9B%B2%E9%98%9C%E5%B8%88%E8%8C%83%E5%A4%A7%E5%AD%A6%20QFNU.svg,https://github.com/Magicdover/China-Universities-2026/blob/419bdc7ce6956fc88c2b70b3979f170b6666f111/assets/logos-new/%E6%9B%B2%E9%98%9C%E5%B8%88%E8%8C%83%E5%A4%A7%E5%AD%A6%20QFNU.svg,%E6%9B%B2%E9%98%9C%E5%B8%88%E8%8C%83%E5%A4%A7%E5%AD%A6%20QFNU.svg,assets/logos-new/曲阜师范大学 QFNU.svg,False,svg,,,,,True,vector,,,content_inspected,MIT,,曲阜师范大学,Magicdover/China-Universities-2026,419bdc7ce6956fc88c2b70b3979f170b6666f111,3e2a636a63564a6d2aae295625deec033b40947d7b499edf765eb089ebfc54a2,118902
4137010447,聊城大学,21692117563ba611,badge,https://www.shanghairanking.cn/_uni/logo/34048509.png,https://github.com/xioajiumi/Chinese_Universities/blob/e088fddc329a6f0148ca72fd3b4d0fe069f13e3a/Chinese_Universities.json,34048509.png,Chinese_Universities.json,False,png,,,,,,,,,indexed_not_fetched,MIT,,聊城大学,xioajiumi/Chinese_Universities,e088fddc329a6f0148ca72fd3b4d0fe069f13e3a,,
4137010448,德州学院,0fa2e3547ba07cb8,badge,https://www.shanghairanking.cn/_uni/logo/14072746.png,https://github.com/xioajiumi/Chinese_Universities/blob/e088fddc329a6f0148ca72fd3b4d0fe069f13e3a/Chinese_Universities.json,14072746.png,Chinese_Universities.json,False,png,,,,,,,,,indexed_not_fetched,MIT,,德州学院,xioajiumi/Chinese_Universities,e088fddc329a6f0148ca72fd3b4d0fe069f13e3a,,
4137010451,鲁东大学,c278a1e7a93f73de,badge,https://www.shanghairanking.cn/_uni/logo/27442378.png,https://github.com/xioajiumi/Chinese_Universities/blob/e088fddc329a6f0148ca72fd3b4d0fe069f13e3a/Chinese_Universities.json,27442378.png,Chinese_Universities.json,False,png,,,,,,,,,indexed_not_fetched,MIT,,鲁东大学,xioajiumi/Chinese_Universities,e088fddc329a6f0148ca72fd3b4d0fe069f13e3a,,
4137010452,临沂大学,3d16a571197a2dd6,badge,https://www.shanghairanking.cn/_uni/logo/85449690.png,https://github.com/xioajiumi/Chinese_Universities/blob/e088fddc329a6f0148ca72fd3b4d0fe069f13e3a/Chinese_Universities.json,85449690.png,Chinese_Universities.json,False,png,,,,,,,,,indexed_not_fetched,MIT,,临沂大学,xioajiumi/Chinese_Universities,e088fddc329a6f0148ca72fd3b4d0fe069f13e3a,,
4137010453,泰山学院,b176bae75df2c2e1,badge,https://www.shanghairanking.cn/_uni/logo/71264540.png,https://github.com/xioajiumi/Chinese_Universities/blob/e088fddc329a6f0148ca72fd3b4d0fe069f13e3a/Chinese_Universities.json,71264540.png,Chinese_Universities.json,False,png,,,,,,,,,indexed_not_fetched,MIT,,泰山学院,xioajiumi/Chinese_Universities,e088fddc329a6f0148ca72fd3b4d0fe069f13e3a,,
4137010454,济宁学院,81608c23453a1ff9,badge,https://www.shanghairanking.cn/_uni/logo/45162710.png,https://github.com/xioajiumi/Chinese_Universities/blob/e088fddc329a6f0148ca72fd3b4d0fe069f13e3a/Chinese_Universities.json,45162710.png,Chinese_Universities.json,False,png,,,,,,,,,indexed_not_fetched,MIT,,济宁学院,xioajiumi/Chinese_Universities,e088fddc329a6f0148ca72fd3b4d0fe069f13e3a,,
4137010455,菏泽学院,373b0fc30b825582,badge,https://www.shanghairanking.cn/_uni/logo-jpg/6859622100.jpg,https://github.com/xioajiumi/Chinese_Universities/blob/e088fddc329a6f0148ca72fd3b4d0fe069f13e3a/Chinese_Universities.json,6859622100.jpg,Chinese_Universities.json,False,jpg,,,,,,,,,indexed_not_fetched,MIT,,菏泽学院,xioajiumi/Chinese_Universities,e088fddc329a6f0148ca72fd3b4d0fe069f13e3a,,
4137010904,枣庄学院,8a3b7f56b05f7da3,badge,https://www.shanghairanking.cn/_uni/logo/84643594.png,https://github.com/xioajiumi/Chinese_Universities/blob/e088fddc329a6f0148ca72fd3b4d0fe069f13e3a/Chinese_Universities.json,84643594.png,Chinese_Universities.json,False,png,,,,,,,,,indexed_not_fetched,MIT,,枣庄学院,xioajiumi/Chinese_Universities,e088fddc329a6f0148ca72fd3b4d0fe069f13e3a,,
4137011065,青岛大学,204588706cd89c5e,badge,https://www.shanghairanking.cn/_uni/logo/17947921.png,https://github.com/xioajiumi/Chinese_Universities/blob/e088fddc329a6f0148ca72fd3b4d0fe069f13e3a/Chinese_Universities.json,17947921.png,Chinese_Universities.json,False,png,,,,,,,,,indexed_not_fetched,MIT,,青岛大学,xioajiumi/Chinese_Universities,e088fddc329a6f0148ca72fd3b4d0fe069f13e3a,,
4137011065,青岛大学,df2d84db00377923,badge,https://raw.githubusercontent.com/HeyHuazi/SVGLOGO/142498f527ac2dd3116cc1feccb9670879839f74/static/library/school/QUT.svg,https://github.com/HeyHuazi/SVGLOGO/blob/142498f527ac2dd3116cc1feccb9670879839f74/static/library/school/QUT.svg,QUT.svg,static/library/school/QUT.svg,False,svg,128.0,137.0,,,True,vector,,,content_inspected,MIT,,青岛大学,HeyHuazi/SVGLOGO,142498f527ac2dd3116cc1feccb9670879839f74,d77f86a1f26c4c08e32a564cbb52e104932f013d96cf82e9ce2990cb73b85e78,20053
4137011065,青岛大学,361ab41f39d38877,wordmark,https://raw.githubusercontent.com/HeyHuazi/SVGLOGO/142498f527ac2dd3116cc1feccb9670879839f74/static/library/school/QUT_wordmark.svg,https://github.com/HeyHuazi/SVGLOGO/blob/142498f527ac2dd3116cc1feccb9670879839f74/static/library/school/QUT_wordmark.svg,QUT_wordmark.svg,static/library/school/QUT_wordmark.svg,False,svg,,,,,True,vector,,,content_inspected,MIT,,青岛大学,HeyHuazi/SVGLOGO,142498f527ac2dd3116cc1feccb9670879839f74,482570e821986eefde760e0a62194e736e0c22a1fb37164c0d2ef82ed4bd924b,15376
4137011066,烟台大学,5abeea12453e23e1,badge,https://www.shanghairanking.cn/_uni/logo/78347320.png,https://github.com/xioajiumi/Chinese_Universities/blob/e088fddc329a6f0148ca72fd3b4d0fe069f13e3a/Chinese_Universities.json,78347320.png,Chinese_Universities.json,False,png,,,,,,,,,indexed_not_fetched,MIT,,烟台大学,xioajiumi/Chinese_Universities,e088fddc329a6f0148ca72fd3b4d0fe069f13e3a,,
4137011067,潍坊学院,4010f1221e31287d,badge,https://www.shanghairanking.cn/_uni/logo/88223218.png,https://github.com/xioajiumi/Chinese_Universities/blob/e088fddc329a6f0148ca72fd3b4d0fe069f13e3a/Chinese_Universities.json,88223218.png,Chinese_Universities.json,False,png,,,,,,,,,indexed_not_fetched,MIT,,潍坊学院,xioajiumi/Chinese_Universities,e088fddc329a6f0148ca72fd3b4d0fe069f13e3a,,
4137011510,山东交通学院,fc2a0dc7ae857590,badge,https://www.shanghairanking.cn/_uni/logo/72327141.png,https://github.com/xioajiumi/Chinese_Universities/blob/e088fddc329a6f0148ca72fd3b4d0fe069f13e3a/Chinese_Universities.json,72327141.png,Chinese_Universities.json,False,png,,,,,,,,,indexed_not_fetched,MIT,,山东交通学院,xioajiumi/Chinese_Universities,e088fddc329a6f0148ca72fd3b4d0fe069f13e3a,,
4137012331,山东女子学院,3cb219c2c28c8b0b,badge,https://www.shanghairanking.cn/_uni/logo-jpg/6756319700.jpg,https://github.com/xioajiumi/Chinese_Universities/blob/e088fddc329a6f0148ca72fd3b4d0fe069f13e3a/Chinese_Universities.json,6756319700.jpg,Chinese_Universities.json,False,jpg,,,,,,,,,indexed_not_fetched,MIT,,山东女子学院,xioajiumi/Chinese_Universities,e088fddc329a6f0148ca72fd3b4d0fe069f13e3a,,
4137013386,山东石油化工学院,5c20edb65a0d2a59,badge,https://www.shanghairanking.cn/_uni/logo-jpg/1462012500.jpg,https://github.com/xioajiumi/Chinese_Universities/blob/e088fddc329a6f0148ca72fd3b4d0fe069f13e3a/Chinese_Universities.json,1462012500.jpg,Chinese_Universities.json,False,jpg,,,,,,,,,indexed_not_fetched,MIT,,山东石油化工学院,xioajiumi/Chinese_Universities,e088fddc329a6f0148ca72fd3b4d0fe069f13e3a,,
4137014276,齐鲁师范学院,3668c2b3a40aeca9,badge,https://www.shanghairanking.cn/_uni/logo/42027987.png,https://github.com/xioajiumi/Chinese_Universities/blob/e088fddc329a6f0148ca72fd3b4d0fe069f13e3a/Chinese_Universities.json,42027987.png,Chinese_Universities.json,False,png,,,,,,,,,indexed_not_fetched,MIT,,齐鲁师范学院,xioajiumi/Chinese_Universities,e088fddc329a6f0148ca72fd3b4d0fe069f13e3a,,
4137014277,山东青年政治学院,4e3adf42a7292e4c,badge,https://www.shanghairanking.cn/_uni/logo-jpg/8794886600.jpg,https://github.com/xioajiumi/Chinese_Universities/blob/e088fddc329a6f0148ca72fd3b4d0fe069f13e3a/Chinese_Universities.json,8794886600.jpg,Chinese_Universities.json,False,jpg,,,,,,,,,indexed_not_fetched,MIT,,山东青年政治学院,xioajiumi/Chinese_Universities,e088fddc329a6f0148ca72fd3b4d0fe069f13e3a,,
4137014438,山东管理学院,f8b80746d10a1229,badge,https://www.shanghairanking.cn/_uni/logo-jpg/7097115800.jpg,https://github.com/xioajiumi/Chinese_Universities/blob/e088fddc329a6f0148ca72fd3b4d0fe069f13e3a/Chinese_Universities.json,7097115800.jpg,Chinese_Universities.json,False,jpg,,,,,,,,,indexed_not_fetched,MIT,,山东管理学院,xioajiumi/Chinese_Universities,e088fddc329a6f0148ca72fd3b4d0fe069f13e3a,,
4137014439,山东农业工程学院,c254639bb7d8944f,badge,https://www.shanghairanking.cn/_uni/logo-jpg/7258167900.jpg,https://github.com/xioajiumi/Chinese_Universities/blob/e088fddc329a6f0148ca72fd3b4d0fe069f13e3a/Chinese_Universities.json,7258167900.jpg,Chinese_Universities.json,False,jpg,,,,,,,,,indexed_not_fetched,MIT,,山东农业工程学院,xioajiumi/Chinese_Universities,e088fddc329a6f0148ca72fd3b4d0fe069f13e3a,,
4114010108,山西大学,f40b0f05ccd2e20f,badge,https://www.shanghairanking.cn/_uni/logo/45548865.png,https://github.com/xioajiumi/Chinese_Universities/blob/e088fddc329a6f0148ca72fd3b4d0fe069f13e3a/Chinese_Universities.json,45548865.png,Chinese_Universities.json,False,png,,,,,,,,,indexed_not_fetched,MIT,,山西大学,xioajiumi/Chinese_Universities,e088fddc329a6f0148ca72fd3b4d0fe069f13e3a,,
4114010108,山西大学,14e22038a2d1caae,badge,https://raw.githubusercontent.com/Magicdover/China-Universities-2026/419bdc7ce6956fc88c2b70b3979f170b6666f111/assets/logos-new/%E5%B1%B1%E8%A5%BF%E5%A4%A7%E5%AD%A6%20SXU.svg,https://github.com/Magicdover/China-Universities-2026/blob/419bdc7ce6956fc88c2b70b3979f170b6666f111/assets/logos-new/%E5%B1%B1%E8%A5%BF%E5%A4%A7%E5%AD%A6%20SXU.svg,%E5%B1%B1%E8%A5%BF%E5%A4%A7%E5%AD%A6%20SXU.svg,assets/logos-new/山西大学 SXU.svg,False,svg,,,,,True,vector,,,content_inspected,MIT,,山西大学,Magicdover/China-Universities-2026,419bdc7ce6956fc88c2b70b3979f170b6666f111,9ab8f53ad04979b8c010b1dd90bc4ddfae88e4a9075125713b1776fde56599f4,240814
4114010108,山西大学,bcbf435b1610f1da,badge,https://raw.githubusercontent.com/HeyHuazi/SVGLOGO/142498f527ac2dd3116cc1feccb9670879839f74/static/library/school/SXU.svg,https://github.com/HeyHuazi/SVGLOGO/blob/142498f527ac2dd3116cc1feccb9670879839f74/static/library/school/SXU.svg,SXU.svg,static/library/school/SXU.svg,False,svg,128.0,137.0,,,True,vector,,,content_inspected,MIT,,山西大学,HeyHuazi/SVGLOGO,142498f527ac2dd3116cc1feccb9670879839f74,daf223a3692eb70d11c75a15cbefee0d202aed23d56f8bb3f8bd7901ec85b1ab,51664
4114010109,太原科技大学,476a4d43ff2e9d67,badge,https://www.shanghairanking.cn/_uni/logo/22418234.png,https://github.com/xioajiumi/Chinese_Universities/blob/e088fddc329a6f0148ca72fd3b4d0fe069f13e3a/Chinese_Universities.json,22418234.png,Chinese_Universities.json,False,png,,,,,,,,,indexed_not_fetched,MIT,,太原科技大学,xioajiumi/Chinese_Universities,e088fddc329a6f0148ca72fd3b4d0fe069f13e3a,,
4114010109,太原科技大学,45178e22fd378f28,badge,https://raw.githubusercontent.com/RoboMaster/university_logos/3d645fc89869707bd7df8dba0f7e4bbcc4a60e14/Taiyuan_University_of_Science_and_Technology/png/log_blue_800x800.png,https://github.com/RoboMaster/university_logos/blob/3d645fc89869707bd7df8dba0f7e4bbcc4a60e14/Taiyuan_University_of_Science_and_Technology/png/log_blue_800x800.png,log_blue_800x800.png,Taiyuan_University_of_Science_and_Technology/png/log_blue_800x800.png,False,png,800,800,,,False,raster,True,True,content_inspected,,,太原科技大学,RoboMaster/university_logos,3d645fc89869707bd7df8dba0f7e4bbcc4a60e14,4309c56a3efe056d47b23d6ef95112ecdb9a5f83a840ecd2ff061e78f1955688,61433
4114010109,太原科技大学,b6b4f931d79d1733,badge,https://raw.githubusercontent.com/RoboMaster/university_logos/3d645fc89869707bd7df8dba0f7e4bbcc4a60e14/Taiyuan_University_of_Science_and_Technology/svg/logo_blue.svg,https://github.com/RoboMaster/university_logos/blob/3d645fc89869707bd7df8dba0f7e4bbcc4a60e14/Taiyuan_University_of_Science_and_Technology/svg/logo_blue.svg,logo_blue.svg,Taiyuan_University_of_Science_and_Technology/svg/logo_blue.svg,False,svg,,,,,True,vector,,,content_inspected,,,太原科技大学,RoboMaster/university_logos,3d645fc89869707bd7df8dba0f7e4bbcc4a60e14,ff0922c8067a62ee1be13a886d254feefe9c5926863535d98053637122f8cb2e,473482
4114010110,中北大学,d0ed6738bccac98b,badge,https://www.shanghairanking.cn/_uni/logo/11211551.png,https://github.com/xioajiumi/Chinese_Universities/blob/e088fddc329a6f0148ca72fd3b4d0fe069f13e3a/Chinese_Universities.json,11211551.png,Chinese_Universities.json,False,png,,,,,,,,,indexed_not_fetched,MIT,,中北大学,xioajiumi/Chinese_Universities,e088fddc329a6f0148ca72fd3b4d0fe069f13e3a,,
4114010112,太原理工大学,f10f75d0c5a3d993,badge,https://www.shanghairanking.cn/_uni/logo/32584796.png,https://github.com/xioajiumi/Chinese_Universities/blob/e088fddc329a6f0148ca72fd3b4d0fe069f13e3a/Chinese_Universities.json,32584796.png,Chinese_Universities.json,False,png,,,,,,,,,indexed_not_fetched,MIT,,太原理工大学,xioajiumi/Chinese_Universities,e088fddc329a6f0148ca72fd3b4d0fe069f13e3a,,
4114010112,太原理工大学,6021c93a693f1028,badge,https://raw.githubusercontent.com/Magicdover/China-Universities-2026/419bdc7ce6956fc88c2b70b3979f170b6666f111/assets/logos-new/%E5%A4%AA%E5%8E%9F%E7%90%86%E5%B7%A5%E5%A4%A7%E5%AD%A6%20TYUT.svg,https://github.com/Magicdover/China-Universities-2026/blob/419bdc7ce6956fc88c2b70b3979f170b6666f111/assets/logos-new/%E5%A4%AA%E5%8E%9F%E7%90%86%E5%B7%A5%E5%A4%A7%E5%AD%A6%20TYUT.svg,%E5%A4%AA%E5%8E%9F%E7%90%86%E5%B7%A5%E5%A4%A7%E5%AD%A6%20TYUT.svg,assets/logos-new/太原理工大学 TYUT.svg,False,svg,266.66666,266.66666,,,True,vector,,,content_inspected,MIT,,太原理工大学,Magicdover/China-Universities-2026,419bdc7ce6956fc88c2b70b3979f170b6666f111,1ef4da77ee31d8163148512c2dd35560a0d061f3ca5d47418ca407cf2af80dc2,39622
4114010112,太原理工大学,ec01439b9cbcd04f,badge,https://raw.githubusercontent.com/RoboMaster/university_logos/3d645fc89869707bd7df8dba0f7e4bbcc4a60e14/Taiyuan_University_of_Technology/png/logo_blue_800x800.png,https://github.com/RoboMaster/university_logos/blob/3d645fc89869707bd7df8dba0f7e4bbcc4a60e14/Taiyuan_University_of_Technology/png/logo_blue_800x800.png,logo_blue_800x800.png,Taiyuan_University_of_Technology/png/logo_blue_800x800.png,False,png,800,800,,,False,raster,True,True,content_inspected,,,太原理工大学,RoboMaster/university_logos,3d645fc89869707bd7df8dba0f7e4bbcc4a60e14,1cd83bb4b13979c06869c630ae7fa2591dd1744aa952c31ab4f4495dce194d9d,59181
4114010113,山西农业大学,91863b8cb24b5839,badge,https://www.shanghairanking.cn/_uni/logo/79434268.png,https://github.com/xioajiumi/Chinese_Universities/blob/e088fddc329a6f0148ca72fd3b4d0fe069f13e3a/Chinese_Universities.json,79434268.png,Chinese_Universities.json,False,png,,,,,,,,,indexed_not_fetched,MIT,,山西农业大学,xioajiumi/Chinese_Universities,e088fddc329a6f0148ca72fd3b4d0fe069f13e3a,,
4114010118,山西师范大学,0b44ef50f1b487a0,badge,https://www.shanghairanking.cn/_uni/logo/27091361.png,https://github.com/xioajiumi/Chinese_Universities/blob/e088fddc329a6f0148ca72fd3b4d0fe069f13e3a/Chinese_Universities.json,27091361.png,Chinese_Universities.json,False,png,,,,,,,,,indexed_not_fetched,MIT,,山西师范大学,xioajiumi/Chinese_Universities,e088fddc329a6f0148ca72fd3b4d0fe069f13e3a,,
4114010119,太原师范学院,761f72863ad06c5a,badge,https://www.shanghairanking.cn/_uni/logo/95911693.png,https://github.com/xioajiumi/Chinese_Universities/blob/e088fddc329a6f0148ca72fd3b4d0fe069f13e3a/Chinese_Universities.json,95911693.png,Chinese_Universities.json,False,png,,,,,,,,,indexed_not_fetched,MIT,,太原师范学院,xioajiumi/Chinese_Universities,e088fddc329a6f0148ca72fd3b4d0fe069f13e3a,,
4114010120,山西大同大学,36ec6b03321e416a,badge,https://www.shanghairanking.cn/_uni/logo/84783964.png,https://github.com/xioajiumi/Chinese_Universities/blob/e088fddc329a6f0148ca72fd3b4d0fe069f13e3a/Chinese_Universities.json,84783964.png,Chinese_Universities.json,False,png,,,,,,,,,indexed_not_fetched,MIT,,山西大同大学,xioajiumi/Chinese_Universities,e088fddc329a6f0148ca72fd3b4d0fe069f13e3a,,
4114010121,晋中学院,3e3f45cebe9e77f7,badge,https://www.shanghairanking.cn/_uni/logo-jpg/9083433800.jpg,https://github.com/xioajiumi/Chinese_Universities/blob/e088fddc329a6f0148ca72fd3b4d0fe069f13e3a/Chinese_Universities.json,9083433800.jpg,Chinese_Universities.json,False,jpg,,,,,,,,,indexed_not_fetched,MIT,,晋中学院,xioajiumi/Chinese_Universities,e088fddc329a6f0148ca72fd3b4d0fe069f13e3a,,
4114010122,长治学院,53d9d6f9211e6250,badge,https://www.shanghairanking.cn/_uni/logo-jpg/6834033600.jpg,https://github.com/xioajiumi/Chinese_Universities/blob/e088fddc329a6f0148ca72fd3b4d0fe069f13e3a/Chinese_Universities.json,6834033600.jpg,Chinese_Universities.json,False,jpg,,,,,,,,,indexed_not_fetched,MIT,,长治学院,xioajiumi/Chinese_Universities,e088fddc329a6f0148ca72fd3b4d0fe069f13e3a,,
4114010123,运城学院,555b3e9dc21a0dc9,badge,https://www.shanghairanking.cn/_uni/logo/26090569.png,https://github.com/xioajiumi/Chinese_Universities/blob/e088fddc329a6f0148ca72fd3b4d0fe069f13e3a/Chinese_Universities.json,26090569.png,Chinese_Universities.json,False,png,,,,,,,,,indexed_not_fetched,MIT,,运城学院,xioajiumi/Chinese_Universities,e088fddc329a6f0148ca72fd3b4d0fe069f13e3a,,
4114010124,忻州师范学院,ec0c9ca5209f0436,badge,https://www.shanghairanking.cn/_uni/logo/87333253.png,https://github.com/xioajiumi/Chinese_Universities/blob/e088fddc329a6f0148ca72fd3b4d0fe069f13e3a/Chinese_Universities.json,87333253.png,Chinese_Universities.json,False,png,,,,,,,,,indexed_not_fetched,MIT,,忻州师范学院,xioajiumi/Chinese_Universities,e088fddc329a6f0148ca72fd3b4d0fe069f13e3a,,
4114010125,山西财经大学,1f8d56ab077184a8,badge,https://raw.githubusercontent.com/HeyHuazi/SVGLOGO/142498f527ac2dd3116cc1feccb9670879839f74/static/library/school/SXUFE.svg,https://github.com/HeyHuazi/SVGLOGO/blob/142498f527ac2dd3116cc1feccb9670879839f74/static/library/school/SXUFE.svg,SXUFE.svg,static/library/school/SXUFE.svg,False,svg,128.0,137.0,,,True,vector,,,content_inspected,MIT,,山西财经大学,HeyHuazi/SVGLOGO,142498f527ac2dd3116cc1feccb9670879839f74,1ac6d7e5d7bcad3c9138c3c0109e1e1f37afc0309674dbff8dc52ed9ed2aaae9,16916
4114011242,太原学院,0994cd7b7fe782c8,badge,https://www.shanghairanking.cn/_uni/logo-jpg/6208575900.jpg,https://github.com/xioajiumi/Chinese_Universities/blob/e088fddc329a6f0148ca72fd3b4d0fe069f13e3a/Chinese_Universities.json,6208575900.jpg,Chinese_Universities.json,False,jpg,,,,,,,,,indexed_not_fetched,MIT,,太原学院,xioajiumi/Chinese_Universities,e088fddc329a6f0148ca72fd3b4d0fe069f13e3a,,
4114014101,太原工业学院,6388e44f25de12f9,badge,https://www.shanghairanking.cn/_uni/logo/18568381.png,https://github.com/xioajiumi/Chinese_Universities/blob/e088fddc329a6f0148ca72fd3b4d0fe069f13e3a/Chinese_Universities.json,18568381.png,Chinese_Universities.json,False,png,,,,,,,,,indexed_not_fetched,MIT,,太原工业学院,xioajiumi/Chinese_Universities,e088fddc329a6f0148ca72fd3b4d0fe069f13e3a,,
4114014527,山西工程技术学院,6dbdbcc7a0b2bc5c,badge,https://www.shanghairanking.cn/_uni/logo-jpg/5595557000.jpg,https://github.com/xioajiumi/Chinese_Universities/blob/e088fddc329a6f0148ca72fd3b4d0fe069f13e3a/Chinese_Universities.json,5595557000.jpg,Chinese_Universities.json,False,jpg,,,,,,,,,indexed_not_fetched,MIT,,山西工程技术学院,xioajiumi/Chinese_Universities,e088fddc329a6f0148ca72fd3b4d0fe069f13e3a,,
4214051189,山西能源学院,5709a227c76dddd3,badge,https://www.shanghairanking.cn/_uni/logo-jpg/7446893200.jpg,https://github.com/xioajiumi/Chinese_Universities/blob/e088fddc329a6f0148ca72fd3b4d0fe069f13e3a/Chinese_Universities.json,7446893200.jpg,Chinese_Universities.json,False,jpg,,,,,,,,,indexed_not_fetched,MIT,,山西能源学院,xioajiumi/Chinese_Universities,e088fddc329a6f0148ca72fd3b4d0fe069f13e3a,,
4144010558,中山大学,7f8764567ee8ef7f,badge,https://www.shanghairanking.cn/_uni/logo/46293852.png,https://github.com/xioajiumi/Chinese_Universities/blob/e088fddc329a6f0148ca72fd3b4d0fe069f13e3a/Chinese_Universities.json,46293852.png,Chinese_Universities.json,False,png,,,,,,,,,indexed_not_fetched,MIT,,中山大学,xioajiumi/Chinese_Universities,e088fddc329a6f0148ca72fd3b4d0fe069f13e3a,,
4144010558,中山大学,4a4c56b9da698253,badge,https://raw.githubusercontent.com/Magicdover/China-Universities-2026/419bdc7ce6956fc88c2b70b3979f170b6666f111/assets/logos-new/%E4%B8%AD%E5%B1%B1%E5%A4%A7%E5%AD%A6%20SYSU.svg,https://github.com/Magicdover/China-Universities-2026/blob/419bdc7ce6956fc88c2b70b3979f170b6666f111/assets/logos-new/%E4%B8%AD%E5%B1%B1%E5%A4%A7%E5%AD%A6%20SYSU.svg,%E4%B8%AD%E5%B1%B1%E5%A4%A7%E5%AD%A6%20SYSU.svg,assets/logos-new/中山大学 SYSU.svg,False,svg,301.4257,301.4258,,,True,vector,,,content_inspected,MIT,,中山大学,Magicdover/China-Universities-2026,419bdc7ce6956fc88c2b70b3979f170b6666f111,bcd8ba8c304bfb8a5e2274624d83420990796d910e6ea94e3f816e57f549d000,46423
4144010558,中山大学,016e8134028ee6a1,badge,https://raw.githubusercontent.com/HeyHuazi/SVGLOGO/142498f527ac2dd3116cc1feccb9670879839f74/static/library/school/SYSU.svg,https://github.com/HeyHuazi/SVGLOGO/blob/142498f527ac2dd3116cc1feccb9670879839f74/static/library/school/SYSU.svg,SYSU.svg,static/library/school/SYSU.svg,False,svg,128.0,137.0,,,True,vector,,,content_inspected,MIT,,中山大学,HeyHuazi/SVGLOGO,142498f527ac2dd3116cc1feccb9670879839f74,f79417169fd875bb2478a53c984520a164fa8969f04e20aaad47eb9e99a9b3d8,20958
4144010558,中山大学,4bdc24f79188e224,wordmark,https://raw.githubusercontent.com/HeyHuazi/SVGLOGO/142498f527ac2dd3116cc1feccb9670879839f74/static/library/school/SYSU_wordmark.svg,https://github.com/HeyHuazi/SVGLOGO/blob/142498f527ac2dd3116cc1feccb9670879839f74/static/library/school/SYSU_wordmark.svg,SYSU_wordmark.svg,static/library/school/SYSU_wordmark.svg,False,svg,,,,,True,vector,,,content_inspected,MIT,,中山大学,HeyHuazi/SVGLOGO,142498f527ac2dd3116cc1feccb9670879839f74,9171026e934f708d10e578282d5c4cefe502038d346e69cb65802b2f3bb661ca,8016
4144010559,暨南大学,7a52cf0be93ffb63,badge,https://www.shanghairanking.cn/_uni/logo/78175531.png,https://github.com/xioajiumi/Chinese_Universities/blob/e088fddc329a6f0148ca72fd3b4d0fe069f13e3a/Chinese_Universities.json,78175531.png,Chinese_Universities.json,False,png,,,,,,,,,indexed_not_fetched,MIT,,暨南大学,xioajiumi/Chinese_Universities,e088fddc329a6f0148ca72fd3b4d0fe069f13e3a,,
4144010559,暨南大学,58e2dd78cb2ca89d,badge,https://raw.githubusercontent.com/Magicdover/China-Universities-2026/419bdc7ce6956fc88c2b70b3979f170b6666f111/assets/logos-new/%E6%9A%A8%E5%8D%97%E5%A4%A7%E5%AD%A6%20JNU.svg,https://github.com/Magicdover/China-Universities-2026/blob/419bdc7ce6956fc88c2b70b3979f170b6666f111/assets/logos-new/%E6%9A%A8%E5%8D%97%E5%A4%A7%E5%AD%A6%20JNU.svg,%E6%9A%A8%E5%8D%97%E5%A4%A7%E5%AD%A6%20JNU.svg,assets/logos-new/暨南大学 JNU.svg,False,svg,88.0,88.0,,,True,vector,,,content_inspected,MIT,,暨南大学,Magicdover/China-Universities-2026,419bdc7ce6956fc88c2b70b3979f170b6666f111,af7f1342863c116efb4e876927628d8e7062d76200b9238a469d08695609f84f,42203
4144010559,暨南大学,2cef1a933b0a103b,badge,https://raw.githubusercontent.com/HeyHuazi/SVGLOGO/142498f527ac2dd3116cc1feccb9670879839f74/static/library/school/JNU.svg,https://github.com/HeyHuazi/SVGLOGO/blob/142498f527ac2dd3116cc1feccb9670879839f74/static/library/school/JNU.svg,JNU.svg,static/library/school/JNU.svg,False,svg,128.0,128.0,,,True,vector,,,content_inspected,MIT,,暨南大学,HeyHuazi/SVGLOGO,142498f527ac2dd3116cc1feccb9670879839f74,a007b7b108b4ee8a27f43af10678dd24d4e6511d5e285dc8436aa710ccdc61f9,42578
4144010559,暨南大学,f7afaaa053f4ab3f,wordmark,https://raw.githubusercontent.com/HeyHuazi/SVGLOGO/142498f527ac2dd3116cc1feccb9670879839f74/static/library/school/JNU_wordmark.svg,https://github.com/HeyHuazi/SVGLOGO/blob/142498f527ac2dd3116cc1feccb9670879839f74/static/library/school/JNU_wordmark.svg,JNU_wordmark.svg,static/library/school/JNU_wordmark.svg,False,svg,,,,,True,vector,,,content_inspected,MIT,,暨南大学,HeyHuazi/SVGLOGO,142498f527ac2dd3116cc1feccb9670879839f74,3686814141369f71d83484995208e5b37f706e944406db5c5aaf782ac6eb7e9f,13993
4144010560,汕头大学,4e9b2ef9158adb0c,badge,https://www.shanghairanking.cn/_uni/logo/34125242.png,https://github.com/xioajiumi/Chinese_Universities/blob/e088fddc329a6f0148ca72fd3b4d0fe069f13e3a/Chinese_Universities.json,34125242.png,Chinese_Universities.json,False,png,,,,,,,,,indexed_not_fetched,MIT,,汕头大学,xioajiumi/Chinese_Universities,e088fddc329a6f0148ca72fd3b4d0fe069f13e3a,,
4144010561,华南理工大学,37f21815a2bc7de6,badge,https://www.shanghairanking.cn/_uni/logo/69348939.png,https://github.com/xioajiumi/Chinese_Universities/blob/e088fddc329a6f0148ca72fd3b4d0fe069f13e3a/Chinese_Universities.json,69348939.png,Chinese_Universities.json,False,png,,,,,,,,,indexed_not_fetched,MIT,,华南理工大学,xioajiumi/Chinese_Universities,e088fddc329a6f0148ca72fd3b4d0fe069f13e3a,,
4144010561,华南理工大学,21002a36cabba952,badge,https://raw.githubusercontent.com/Magicdover/China-Universities-2026/419bdc7ce6956fc88c2b70b3979f170b6666f111/assets/logos-new/%E5%8D%8E%E5%8D%97%E7%90%86%E5%B7%A5%E5%A4%A7%E5%AD%A6%20SCUT.svg,https://github.com/Magicdover/China-Universities-2026/blob/419bdc7ce6956fc88c2b70b3979f170b6666f111/assets/logos-new/%E5%8D%8E%E5%8D%97%E7%90%86%E5%B7%A5%E5%A4%A7%E5%AD%A6%20SCUT.svg,%E5%8D%8E%E5%8D%97%E7%90%86%E5%B7%A5%E5%A4%A7%E5%AD%A6%20SCUT.svg,assets/logos-new/华南理工大学 SCUT.svg,False,svg,266.66666,266.66666,,,True,vector,,,content_inspected,MIT,,华南理工大学,Magicdover/China-Universities-2026,419bdc7ce6956fc88c2b70b3979f170b6666f111,5e69cc87e983b80c99e0c9061a50ae9afc74706daf04ff044f04015c48389156,60165
4144010561,华南理工大学,d75756bd213db428,badge,https://raw.githubusercontent.com/HeyHuazi/SVGLOGO/142498f527ac2dd3116cc1feccb9670879839f74/static/library/school/SCUT.svg,https://github.com/HeyHuazi/SVGLOGO/blob/142498f527ac2dd3116cc1feccb9670879839f74/static/library/school/SCUT.svg,SCUT.svg,static/library/school/SCUT.svg,False,svg,128.0,137.0,,,True,vector,,,content_inspected,MIT,,华南理工大学,HeyHuazi/SVGLOGO,142498f527ac2dd3116cc1feccb9670879839f74,3ae2e8783afbf67361294553625e61cb09042063093c800077f5bba11409693c,52589
4144010561,华南理工大学,b0bbe0b94f040ea8,wordmark,https://raw.githubusercontent.com/HeyHuazi/SVGLOGO/142498f527ac2dd3116cc1feccb9670879839f74/static/library/school/SCUT_wordmark.svg,https://github.com/HeyHuazi/SVGLOGO/blob/142498f527ac2dd3116cc1feccb9670879839f74/static/library/school/SCUT_wordmark.svg,SCUT_wordmark.svg,static/library/school/SCUT_wordmark.svg,False,svg,,,,,True,vector,,,content_inspected,MIT,,华南理工大学,HeyHuazi/SVGLOGO,142498f527ac2dd3116cc1feccb9670879839f74,be13fd61986ac15e964ebeafcff0e175caa7802ec1f0e1a0f5a0ed9bc47cd8b4,14944
4144010561,华南理工大学,ce5b69e2a662ad3b,badge,https://raw.githubusercontent.com/RoboMaster/university_logos/3d645fc89869707bd7df8dba0f7e4bbcc4a60e14/South_China_University_of_Technology/png/logo_blue_800x800.png,https://github.com/RoboMaster/university_logos/blob/3d645fc89869707bd7df8dba0f7e4bbcc4a60e14/South_China_University_of_Technology/png/logo_blue_800x800.png,logo_blue_800x800.png,South_China_University_of_Technology/png/logo_blue_800x800.png,False,png,800,800,,,False,raster,True,True,content_inspected,,,华南理工大学,RoboMaster/university_logos,3d645fc89869707bd7df8dba0f7e4bbcc4a60e14,833de35e3532d6684d9e770697698f138550ffeb8ccc34f283a396be82d63312,77743
4144010561,华南理工大学,7b886ee2d0982402,badge,https://raw.githubusercontent.com/RoboMaster/university_logos/3d645fc89869707bd7df8dba0f7e4bbcc4a60e14/South_China_University_of_Technology/svg/logo_blue.svg,https://github.com/RoboMaster/university_logos/blob/3d645fc89869707bd7df8dba0f7e4bbcc4a60e14/South_China_University_of_Technology/svg/logo_blue.svg,logo_blue.svg,South_China_University_of_Technology/svg/logo_blue.svg,False,svg,,,,,True,vector,,,content_inspected,,,华南理工大学,RoboMaster/university_logos,3d645fc89869707bd7df8dba0f7e4bbcc4a60e14,a6897f96d3d08b0a5411638c6518637bffac1ebbaa17aa4cdb0a06cffd8b5d5d,583278
4144010564,华南农业大学,1af3c3bf0773f135,badge,https://www.shanghairanking.cn/_uni/logo/90236014.png,https://github.com/xioajiumi/Chinese_Universities/blob/e088fddc329a6f0148ca72fd3b4d0fe069f13e3a/Chinese_Universities.json,90236014.png,Chinese_Universities.json,False,png,,,,,,,,,indexed_not_fetched,MIT,,华南农业大学,xioajiumi/Chinese_Universities,e088fddc329a6f0148ca72fd3b4d0fe069f13e3a,,
4144010564,华南农业大学,eb79bee76e926354,badge,https://raw.githubusercontent.com/Magicdover/China-Universities-2026/419bdc7ce6956fc88c2b70b3979f170b6666f111/assets/logos-new/%E5%8D%8E%E5%8D%97%E5%86%9C%E4%B8%9A%E5%A4%A7%E5%AD%A6%20SCAU.svg,https://github.com/Magicdover/China-Universities-2026/blob/419bdc7ce6956fc88c2b70b3979f170b6666f111/assets/logos-new/%E5%8D%8E%E5%8D%97%E5%86%9C%E4%B8%9A%E5%A4%A7%E5%AD%A6%20SCAU.svg,%E5%8D%8E%E5%8D%97%E5%86%9C%E4%B8%9A%E5%A4%A7%E5%AD%A6%20SCAU.svg,assets/logos-new/华南农业大学 SCAU.svg,False,svg,,,,,True,vector,,,content_inspected,MIT,,华南农业大学,Magicdover/China-Universities-2026,419bdc7ce6956fc88c2b70b3979f170b6666f111,1f4228df795afdde1f27b9329bf5fa941c83be98cb90f87fecca477fa4d7ef17,46617
4144010564,华南农业大学,8640804cc24aa3d6,badge,https://raw.githubusercontent.com/RoboMaster/university_logos/3d645fc89869707bd7df8dba0f7e4bbcc4a60e14/South_China_Agricultural_University/png/logo_greep_800x800.png,https://github.com/RoboMaster/university_logos/blob/3d645fc89869707bd7df8dba0f7e4bbcc4a60e14/South_China_Agricultural_University/png/logo_greep_800x800.png,logo_greep_800x800.png,South_China_Agricultural_University/png/logo_greep_800x800.png,False,png,800,800,,,False,raster,True,True,content_inspected,,,华南农业大学,RoboMaster/university_logos,3d645fc89869707bd7df8dba0f7e4bbcc4a60e14,12fc6700d86ed01c695a6fa76c3ba87731bf6673bb2b46b976eaa3430cd2456d,67199
4144010564,华南农业大学,f27edd61c2a5b7ac,badge,https://raw.githubusercontent.com/RoboMaster/university_logos/3d645fc89869707bd7df8dba0f7e4bbcc4a60e14/South_China_Agricultural_University/svg/logo_green.svg,https://github.com/RoboMaster/university_logos/blob/3d645fc89869707bd7df8dba0f7e4bbcc4a60e14/South_China_Agricultural_University/svg/logo_green.svg,logo_green.svg,South_China_Agricultural_University/svg/logo_green.svg,False,svg,,,,,True,vector,,,content_inspected,,,华南农业大学,RoboMaster/university_logos,3d645fc89869707bd7df8dba0f7e4bbcc4a60e14,6bd1bafcecb7456fb582b5ec673c729b51d94423ac77ca57a8fbdd39d9e626fd,623315
4144010566,广东海洋大学,f5c26d3412fa373d,badge,https://www.shanghairanking.cn/_uni/logo/71593833.png,https://github.com/xioajiumi/Chinese_Universities/blob/e088fddc329a6f0148ca72fd3b4d0fe069f13e3a/Chinese_Universities.json,71593833.png,Chinese_Universities.json,False,png,,,,,,,,,indexed_not_fetched,MIT,,广东海洋大学,xioajiumi/Chinese_Universities,e088fddc329a6f0148ca72fd3b4d0fe069f13e3a,,
4144010570,广州医科大学,54563e18a19dfeab,badge,https://raw.githubusercontent.com/Magicdover/China-Universities-2026/419bdc7ce6956fc88c2b70b3979f170b6666f111/assets/logos-new/%E5%B9%BF%E5%B7%9E%E5%8C%BB%E7%A7%91%E5%A4%A7%E5%AD%A6%20GZHMU.svg,https://github.com/Magicdover/China-Universities-2026/blob/419bdc7ce6956fc88c2b70b3979f170b6666f111/assets/logos-new/%E5%B9%BF%E5%B7%9E%E5%8C%BB%E7%A7%91%E5%A4%A7%E5%AD%A6%20GZHMU.svg,%E5%B9%BF%E5%B7%9E%E5%8C%BB%E7%A7%91%E5%A4%A7%E5%AD%A6%20GZHMU.svg,assets/logos-new/广州医科大学 GZHMU.svg,False,svg,,,,,True,vector,,,content_inspected,MIT,,广州医科大学,Magicdover/China-Universities-2026,419bdc7ce6956fc88c2b70b3979f170b6666f111,87d375ecb6a02b7c624724f6d1867fb4f9acf8eef6a14648c00c20a7268a1c95,20332
4144010571,广东医科大学,83a02eaff09fc0f1,badge,https://raw.githubusercontent.com/Magicdover/China-Universities-2026/419bdc7ce6956fc88c2b70b3979f170b6666f111/assets/logos-new/%E5%B9%BF%E4%B8%9C%E5%8C%BB%E7%A7%91%E5%A4%A7%E5%AD%A6%20GDMU.svg,https://github.com/Magicdover/China-Universities-2026/blob/419bdc7ce6956fc88c2b70b3979f170b6666f111/assets/logos-new/%E5%B9%BF%E4%B8%9C%E5%8C%BB%E7%A7%91%E5%A4%A7%E5%AD%A6%20GDMU.svg,%E5%B9%BF%E4%B8%9C%E5%8C%BB%E7%A7%91%E5%A4%A7%E5%AD%A6%20GDMU.svg,assets/logos-new/广东医科大学 GDMU.svg,False,svg,,,206.745mm,57.0926mm,True,vector,,,content_inspected,MIT,,广东医科大学,Magicdover/China-Universities-2026,419bdc7ce6956fc88c2b70b3979f170b6666f111,82bbe617497b8ce1dc3a7d1ad4473c14d1e1d9d063c883340390e13e73b4cda2,227362
4144010572,广州中医药大学,5eb6aa6a126c2ec3,badge,https://raw.githubusercontent.com/Magicdover/China-Universities-2026/419bdc7ce6956fc88c2b70b3979f170b6666f111/assets/logos-new/%E5%B9%BF%E5%B7%9E%E4%B8%AD%E5%8C%BB%E8%8D%AF%E5%A4%A7%E5%AD%A6%20GZUCM.svg,https://github.com/Magicdover/China-Universities-2026/blob/419bdc7ce6956fc88c2b70b3979f170b6666f111/assets/logos-new/%E5%B9%BF%E5%B7%9E%E4%B8%AD%E5%8C%BB%E8%8D%AF%E5%A4%A7%E5%AD%A6%20GZUCM.svg,%E5%B9%BF%E5%B7%9E%E4%B8%AD%E5%8C%BB%E8%8D%AF%E5%A4%A7%E5%AD%A6%20GZUCM.svg,assets/logos-new/广州中医药大学 GZUCM.svg,False,svg,999.0,999.0,,,True,vector,,,content_inspected,MIT,,广州中医药大学,Magicdover/China-Universities-2026,419bdc7ce6956fc88c2b70b3979f170b6666f111,7da339998d00d242538d3eda64fca07e76aeef900589e5d5829413e4c047c404,82117
4144010572,广州中医药大学,026b01ad9f546760,badge,https://raw.githubusercontent.com/HeyHuazi/SVGLOGO/142498f527ac2dd3116cc1feccb9670879839f74/static/library/school/GZUCM.svg,https://github.com/HeyHuazi/SVGLOGO/blob/142498f527ac2dd3116cc1feccb9670879839f74/static/library/school/GZUCM.svg,GZUCM.svg,static/library/school/GZUCM.svg,False,svg,128.0,128.0,,,True,vector,,,content_inspected,MIT,,广州中医药大学,HeyHuazi/SVGLOGO,142498f527ac2dd3116cc1feccb9670879839f74,2f67f1903bb94bea0df88a18de19fc54331cc4913444571c8f06c92f9e8586f5,40390
4144010572,广州中医药大学,81e86f20a68464ac,wordmark,https://raw.githubusercontent.com/HeyHuazi/SVGLOGO/142498f527ac2dd3116cc1feccb9670879839f74/static/library/school/GZUCM_wordmark.svg,https://github.com/HeyHuazi/SVGLOGO/blob/142498f527ac2dd3116cc1feccb9670879839f74/static/library/school/GZUCM_wordmark.svg,GZUCM_wordmark.svg,static/library/school/GZUCM_wordmark.svg,False,svg,,,,,True,vector,,,content_inspected,MIT,,广州中医药大学,HeyHuazi/SVGLOGO,142498f527ac2dd3116cc1feccb9670879839f74,ed2f9053acd315b14260e9d04f0c62af6829012b2f1796b57d19604bf23ccf43,20177
4144010574,华南师范大学,885f6d6b499c170c,badge,https://www.shanghairanking.cn/_uni/logo/47317168.png,https://github.com/xioajiumi/Chinese_Universities/blob/e088fddc329a6f0148ca72fd3b4d0fe069f13e3a/Chinese_Universities.json,47317168.png,Chinese_Universities.json,False,png,,,,,,,,,indexed_not_fetched,MIT,,华南师范大学,xioajiumi/Chinese_Universities,e088fddc329a6f0148ca72fd3b4d0fe069f13e3a,,
4144010574,华南师范大学,182472ba8d23b53d,badge,https://raw.githubusercontent.com/Magicdover/China-Universities-2026/419bdc7ce6956fc88c2b70b3979f170b6666f111/assets/logos-new/%E5%8D%8E%E5%8D%97%E5%B8%88%E8%8C%83%E5%A4%A7%E5%AD%A6%20SCNU.svg,https://github.com/Magicdover/China-Universities-2026/blob/419bdc7ce6956fc88c2b70b3979f170b6666f111/assets/logos-new/%E5%8D%8E%E5%8D%97%E5%B8%88%E8%8C%83%E5%A4%A7%E5%AD%A6%20SCNU.svg,%E5%8D%8E%E5%8D%97%E5%B8%88%E8%8C%83%E5%A4%A7%E5%AD%A6%20SCNU.svg,assets/logos-new/华南师范大学 SCNU.svg,False,svg,,,,,True,vector,,,content_inspected,MIT,,华南师范大学,Magicdover/China-Universities-2026,419bdc7ce6956fc88c2b70b3979f170b6666f111,4885814673243b5423b65d90d6c92b7619d88200f817827ba02fa5de3c07458d,59591
4144010574,华南师范大学,284337a7ca102ac4,badge,https://raw.githubusercontent.com/HeyHuazi/SVGLOGO/142498f527ac2dd3116cc1feccb9670879839f74/static/library/school/SCNU.svg,https://github.com/HeyHuazi/SVGLOGO/blob/142498f527ac2dd3116cc1feccb9670879839f74/static/library/school/SCNU.svg,SCNU.svg,static/library/school/SCNU.svg,False,svg,128.0,128.0,,,True,vector,,,content_inspected,MIT,,华南师范大学,HeyHuazi/SVGLOGO,142498f527ac2dd3116cc1feccb9670879839f74,82d3a6a4fb0f0238743751a0f64633b27b225c2dcebac99e6f14a706323f502a,31147
4144010574,华南师范大学,746837f90e87e98e,wordmark,https://raw.githubusercontent.com/HeyHuazi/SVGLOGO/142498f527ac2dd3116cc1feccb9670879839f74/static/library/school/SCNU_wordmark.svg,https://github.com/HeyHuazi/SVGLOGO/blob/142498f527ac2dd3116cc1feccb9670879839f74/static/library/school/SCNU_wordmark.svg,SCNU_wordmark.svg,static/library/school/SCNU_wordmark.svg,False,svg,,,,,True,vector,,,content_inspected,MIT,,华南师范大学,HeyHuazi/SVGLOGO,142498f527ac2dd3116cc1feccb9670879839f74,f0656a5e81e90ee96e87f8e9d2d8cf27adfd21905ac5f366d4477c400217eb6e,19378
4144010576,韶关学院,d82b1f4960c7f0d4,badge,https://www.shanghairanking.cn/_uni/logo/14887282.png,https://github.com/xioajiumi/Chinese_Universities/blob/e088fddc329a6f0148ca72fd3b4d0fe069f13e3a/Chinese_Universities.json,14887282.png,Chinese_Universities.json,False,png,,,,,,,,,indexed_not_fetched,MIT,,韶关学院,xioajiumi/Chinese_Universities,e088fddc329a6f0148ca72fd3b4d0fe069f13e3a,,
4144010577,惠州学院,43abf563ab612112,badge,https://www.shanghairanking.cn/_uni/logo/84940619.png,https://github.com/xioajiumi/Chinese_Universities/blob/e088fddc329a6f0148ca72fd3b4d0fe069f13e3a/Chinese_Universities.json,84940619.png,Chinese_Universities.json,False,png,,,,,,,,,indexed_not_fetched,MIT,,惠州学院,xioajiumi/Chinese_Universities,e088fddc329a6f0148ca72fd3b4d0fe069f13e3a,,
4144010578,韩山师范学院,ae2ce53bc4cacb90,badge,https://www.shanghairanking.cn/_uni/logo/57927770.png,https://github.com/xioajiumi/Chinese_Universities/blob/e088fddc329a6f0148ca72fd3b4d0fe069f13e3a/Chinese_Universities.json,57927770.png,Chinese_Universities.json,False,png,,,,,,,,,indexed_not_fetched,MIT,,韩山师范学院,xioajiumi/Chinese_Universities,e088fddc329a6f0148ca72fd3b4d0fe069f13e3a,,
4144010579,岭南师范学院,e5c5b090f55f6ba6,badge,https://www.shanghairanking.cn/_uni/logo/81393131.png,https://github.com/xioajiumi/Chinese_Universities/blob/e088fddc329a6f0148ca72fd3b4d0fe069f13e3a/Chinese_Universities.json,81393131.png,Chinese_Universities.json,False,png,,,,,,,,,indexed_not_fetched,MIT,,岭南师范学院,xioajiumi/Chinese_Universities,e088fddc329a6f0148ca72fd3b4d0fe069f13e3a,,
4144010580,肇庆学院,04a3c19deb8ac13d,badge,https://www.shanghairanking.cn/_uni/logo/75909981.png,https://github.com/xioajiumi/Chinese_Universities/blob/e088fddc329a6f0148ca72fd3b4d0fe069f13e3a/Chinese_Universities.json,75909981.png,Chinese_Universities.json,False,png,,,,,,,,,indexed_not_fetched,MIT,,肇庆学院,xioajiumi/Chinese_Universities,e088fddc329a6f0148ca72fd3b4d0fe069f13e3a,,
4144010582,嘉应学院,909bd2afba22bc6d,badge,https://www.shanghairanking.cn/_uni/logo/40007744.png,https://github.com/xioajiumi/Chinese_Universities/blob/e088fddc329a6f0148ca72fd3b4d0fe069f13e3a/Chinese_Universities.json,40007744.png,Chinese_Universities.json,False,png,,,,,,,,,indexed_not_fetched,MIT,,嘉应学院,xioajiumi/Chinese_Universities,e088fddc329a6f0148ca72fd3b4d0fe069f13e3a,,
4144010586,广州美术学院,c24a7019e65849ad,badge,https://raw.githubusercontent.com/Magicdover/China-Universities-2026/419bdc7ce6956fc88c2b70b3979f170b6666f111/assets/logos-new/%E5%B9%BF%E5%B7%9E%E7%BE%8E%E6%9C%AF%E5%AD%A6%E9%99%A2%20GAFA.svg,https://github.com/Magicdover/China-Universities-2026/blob/419bdc7ce6956fc88c2b70b3979f170b6666f111/assets/logos-new/%E5%B9%BF%E5%B7%9E%E7%BE%8E%E6%9C%AF%E5%AD%A6%E9%99%A2%20GAFA.svg,%E5%B9%BF%E5%B7%9E%E7%BE%8E%E6%9C%AF%E5%AD%A6%E9%99%A2%20GAFA.svg,assets/logos-new/广州美术学院 GAFA.svg,False,svg,888.5849609375,888.2919921875,,,True,vector,,,content_inspected,MIT,,广州美术学院,Magicdover/China-Universities-2026,419bdc7ce6956fc88c2b70b3979f170b6666f111,f6c4f63e0bc0245e09bb93365b3d3d96e23a346b673c76ea659a75eec7b4f549,84925
4144010588,广东技术师范大学,7526bc882267e347,badge,https://www.shanghairanking.cn/_uni/logo/76957155.png,https://github.com/xioajiumi/Chinese_Universities/blob/e088fddc329a6f0148ca72fd3b4d0fe069f13e3a/Chinese_Universities.json,76957155.png,Chinese_Universities.json,False,png,,,,,,,,,indexed_not_fetched,MIT,,广东技术师范大学,xioajiumi/Chinese_Universities,e088fddc329a6f0148ca72fd3b4d0fe069f13e3a,,
4144010590,深圳大学,a40b7ae01c543021,badge,https://www.shanghairanking.cn/_uni/logo/88823168.png,https://github.com/xioajiumi/Chinese_Universities/blob/e088fddc329a6f0148ca72fd3b4d0fe069f13e3a/Chinese_Universities.json,88823168.png,Chinese_Universities.json,False,png,,,,,,,,,indexed_not_fetched,MIT,,深圳大学,xioajiumi/Chinese_Universities,e088fddc329a6f0148ca72fd3b4d0fe069f13e3a,,
4144010590,深圳大学,0a4400ed6b808344,badge,https://raw.githubusercontent.com/Magicdover/China-Universities-2026/419bdc7ce6956fc88c2b70b3979f170b6666f111/assets/logos-new/%E6%B7%B1%E5%9C%B3%E5%A4%A7%E5%AD%A6%20SZU.svg,https://github.com/Magicdover/China-Universities-2026/blob/419bdc7ce6956fc88c2b70b3979f170b6666f111/assets/logos-new/%E6%B7%B1%E5%9C%B3%E5%A4%A7%E5%AD%A6%20SZU.svg,%E6%B7%B1%E5%9C%B3%E5%A4%A7%E5%AD%A6%20SZU.svg,assets/logos-new/深圳大学 SZU.svg,False,svg,88.0,88.0,,,True,vector,,,content_inspected,MIT,,深圳大学,Magicdover/China-Universities-2026,419bdc7ce6956fc88c2b70b3979f170b6666f111,0660f8fea9349e42ec54981e5198a18e25774a720b5538b9a20e78fc8042f91f,46271
4144010590,深圳大学,43afca710991f45e,badge,https://raw.githubusercontent.com/HeyHuazi/SVGLOGO/142498f527ac2dd3116cc1feccb9670879839f74/static/library/school/SZU.svg,https://github.com/HeyHuazi/SVGLOGO/blob/142498f527ac2dd3116cc1feccb9670879839f74/static/library/school/SZU.svg,SZU.svg,static/library/school/SZU.svg,False,svg,128.0,137.0,,,True,vector,,,content_inspected,MIT,,深圳大学,HeyHuazi/SVGLOGO,142498f527ac2dd3116cc1feccb9670879839f74,c18b2a18d8ccc24197c84f2060d225f7f41d1d927b9262a201677ee2d04f2eea,20798
4144010590,深圳大学,35efadee183722a9,wordmark,https://raw.githubusercontent.com/HeyHuazi/SVGLOGO/142498f527ac2dd3116cc1feccb9670879839f74/static/library/school/SZU_wordmark.svg,https://github.com/HeyHuazi/SVGLOGO/blob/142498f527ac2dd3116cc1feccb9670879839f74/static/library/school/SZU_wordmark.svg,SZU_wordmark.svg,static/library/school/SZU_wordmark.svg,False,svg,,,,,True,vector,,,content_inspected,MIT,,深圳大学,HeyHuazi/SVGLOGO,142498f527ac2dd3116cc1feccb9670879839f74,26e309831f66e3e0beeb3bf5ae90b5940d439e4360ee381bc1ba02eabc42fdab,16331
4144010590,深圳大学,d4e872194e6041b5,badge,https://raw.githubusercontent.com/RoboMaster/university_logos/3d645fc89869707bd7df8dba0f7e4bbcc4a60e14/Shenzhen_University/png/logo_red_800x800.png,https://github.com/RoboMaster/university_logos/blob/3d645fc89869707bd7df8dba0f7e4bbcc4a60e14/Shenzhen_University/png/logo_red_800x800.png,logo_red_800x800.png,Shenzhen_University/png/logo_red_800x800.png,False,png,800,800,,,False,raster,True,True,content_inspected,,,深圳大学,RoboMaster/university_logos,3d645fc89869707bd7df8dba0f7e4bbcc4a60e14,0c6cd3f1017d51c6ad4123c3dd0f6b39f19291008e919b416b941b4d2cbf7b3c,61805
4144010590,深圳大学,3ec428a96d8141f4,badge,https://raw.githubusercontent.com/RoboMaster/university_logos/3d645fc89869707bd7df8dba0f7e4bbcc4a60e14/Shenzhen_University/svg/logo_red.svg,https://github.com/RoboMaster/university_logos/blob/3d645fc89869707bd7df8dba0f7e4bbcc4a60e14/Shenzhen_University/svg/logo_red.svg,logo_red.svg,Shenzhen_University/svg/logo_red.svg,False,svg,316.0,316.0,,,True,vector,,,content_inspected,,,深圳大学,RoboMaster/university_logos,3d645fc89869707bd7df8dba0f7e4bbcc4a60e14,0a8a330645fec0a3c8903259ac2e90f7fb636886308af2a189c4c75481fc01a6,22024
4144011078,广州大学,f92b5f2802e6897e,badge,https://www.shanghairanking.cn/_uni/logo/65301006.png,https://github.com/xioajiumi/Chinese_Universities/blob/e088fddc329a6f0148ca72fd3b4d0fe069f13e3a/Chinese_Universities.json,65301006.png,Chinese_Universities.json,False,png,,,,,,,,,indexed_not_fetched,MIT,,广州大学,xioajiumi/Chinese_Universities,e088fddc329a6f0148ca72fd3b4d0fe069f13e3a,,
4144011078,广州大学,553d45d4e9e1460f,badge,https://raw.githubusercontent.com/Magicdover/China-Universities-2026/419bdc7ce6956fc88c2b70b3979f170b6666f111/assets/logos-new/%E5%B9%BF%E5%B7%9E%E5%A4%A7%E5%AD%A6%20GZHU.svg,https://github.com/Magicdover/China-Universities-2026/blob/419bdc7ce6956fc88c2b70b3979f170b6666f111/assets/logos-new/%E5%B9%BF%E5%B7%9E%E5%A4%A7%E5%AD%A6%20GZHU.svg,%E5%B9%BF%E5%B7%9E%E5%A4%A7%E5%AD%A6%20GZHU.svg,assets/logos-new/广州大学 GZHU.svg,False,svg,1000.0,1000.0,,,True,vector,,,content_inspected,MIT,,广州大学,Magicdover/China-Universities-2026,419bdc7ce6956fc88c2b70b3979f170b6666f111,321552d53262ebd5438c9e2a5f328f3adf03051c390da639dae71563df110c57,172116
4144011106,广州航海学院,f49c3620111e0351,badge,https://www.shanghairanking.cn/_uni/logo-jpg/8091211800.jpg,https://github.com/xioajiumi/Chinese_Universities/blob/e088fddc329a6f0148ca72fd3b4d0fe069f13e3a/Chinese_Universities.json,8091211800.jpg,Chinese_Universities.json,False,jpg,,,,,,,,,indexed_not_fetched,MIT,,广州航海学院,xioajiumi/Chinese_Universities,e088fddc329a6f0148ca72fd3b4d0fe069f13e3a,,
4144011347,仲恺农业工程学院,4323faaf2651a621,badge,https://www.shanghairanking.cn/_uni/logo/27048883.png,https://github.com/xioajiumi/Chinese_Universities/blob/e088fddc329a6f0148ca72fd3b4d0fe069f13e3a/Chinese_Universities.json,27048883.png,Chinese_Universities.json,False,png,,,,,,,,,indexed_not_fetched,MIT,,仲恺农业工程学院,xioajiumi/Chinese_Universities,e088fddc329a6f0148ca72fd3b4d0fe069f13e3a,,
4144011347,仲恺农业工程学院,0955d2c3a30de13e,badge,https://raw.githubusercontent.com/RoboMaster/university_logos/3d645fc89869707bd7df8dba0f7e4bbcc4a60e14/Zhongkai_University_of_Agriculture_and_Engineering/png/logo_green_800x800.png,https://github.com/RoboMaster/university_logos/blob/3d645fc89869707bd7df8dba0f7e4bbcc4a60e14/Zhongkai_University_of_Agriculture_and_Engineering/png/logo_green_800x800.png,logo_green_800x800.png,Zhongkai_University_of_Agriculture_and_Engineering/png/logo_green_800x800.png,False,png,800,800,,,False,raster,True,True,content_inspected,,,仲恺农业工程学院,RoboMaster/university_logos,3d645fc89869707bd7df8dba0f7e4bbcc4a60e14,f6b13658c83581b8e75b2fb0412b5f87b6d118eeea1d6bca61680f30bbe6ee61,85089
4144011347,仲恺农业工程学院,9003110b3cf91308,badge,https://raw.githubusercontent.com/RoboMaster/university_logos/3d645fc89869707bd7df8dba0f7e4bbcc4a60e14/Zhongkai_University_of_Agriculture_and_Engineering/svg/logo_green.svg,https://github.com/RoboMaster/university_logos/blob/3d645fc89869707bd7df8dba0f7e4bbcc4a60e14/Zhongkai_University_of_Agriculture_and_Engineering/svg/logo_green.svg,logo_green.svg,Zhongkai_University_of_Agriculture_and_Engineering/svg/logo_green.svg,False,svg,,,,,True,vector,,,content_inspected,,,仲恺农业工程学院,RoboMaster/university_logos,3d645fc89869707bd7df8dba0f7e4bbcc4a60e14,5f8257a0127ca6d5b8b125faf3d08d1bb68825dfd9c7335700ae3774d5a34aeb,620002
4144011349,五邑大学,cbf65c205bac3ce7,badge,https://www.shanghairanking.cn/_uni/logo/80058564.png,https://github.com/xioajiumi/Chinese_Universities/blob/e088fddc329a6f0148ca72fd3b4d0fe069f13e3a/Chinese_Universities.json,80058564.png,Chinese_Universities.json,False,png,,,,,,,,,indexed_not_fetched,MIT,,五邑大学,xioajiumi/Chinese_Universities,e088fddc329a6f0148ca72fd3b4d0fe069f13e3a,,
4144011656,广东石油化工学院,b8265fcabcf743d3,badge,https://www.shanghairanking.cn/_uni/logo/35196660.png,https://github.com/xioajiumi/Chinese_Universities/blob/e088fddc329a6f0148ca72fd3b4d0fe069f13e3a/Chinese_Universities.json,35196660.png,Chinese_Universities.json,False,png,,,,,,,,,indexed_not_fetched,MIT,,广东石油化工学院,xioajiumi/Chinese_Universities,e088fddc329a6f0148ca72fd3b4d0fe069f13e3a,,
4144011819,东莞理工学院,da5d2e57c3f69b11,badge,https://www.shanghairanking.cn/_uni/logo/69487690.png,https://github.com/xioajiumi/Chinese_Universities/blob/e088fddc329a6f0148ca72fd3b4d0fe069f13e3a/Chinese_Universities.json,69487690.png,Chinese_Universities.json,False,png,,,,,,,,,indexed_not_fetched,MIT,,东莞理工学院,xioajiumi/Chinese_Universities,e088fddc329a6f0148ca72fd3b4d0fe069f13e3a,,
4144011819,东莞理工学院,f3c807ee4165754d,badge,https://raw.githubusercontent.com/RoboMaster/university_logos/3d645fc89869707bd7df8dba0f7e4bbcc4a60e14/Dongguan_University_of_Technology/png/logo_green_800x800.png,https://github.com/RoboMaster/university_logos/blob/3d645fc89869707bd7df8dba0f7e4bbcc4a60e14/Dongguan_University_of_Technology/png/logo_green_800x800.png,logo_green_800x800.png,Dongguan_University_of_Technology/png/logo_green_800x800.png,False,png,800,800,,,False,raster,True,True,content_inspected,,,东莞理工学院,RoboMaster/university_logos,3d645fc89869707bd7df8dba0f7e4bbcc4a60e14,4cecb3f0014a2a633e3e40422ba875f8ffa7f1696bbe61b6b1d575e688a58ee4,61629
4144011819,东莞理工学院,930c2c3c151f82c1,badge,https://raw.githubusercontent.com/RoboMaster/university_logos/3d645fc89869707bd7df8dba0f7e4bbcc4a60e14/Dongguan_University_of_Technology/svg/logo_green.svg,https://github.com/RoboMaster/university_logos/blob/3d645fc89869707bd7df8dba0f7e4bbcc4a60e14/Dongguan_University_of_Technology/svg/logo_green.svg,logo_green.svg,Dongguan_University_of_Technology/svg/logo_green.svg,False,svg,,,,,True,vector,,,content_inspected,,,东莞理工学院,RoboMaster/university_logos,3d645fc89869707bd7df8dba0f7e4bbcc4a60e14,a36ac03bbcf8e9dfe62c3f5a8f2353f2037aacb96cd49c43a1e567fa4b30f34a,468647
4144011845,广东工业大学,4a0c0bfddc7a21fa,badge,https://www.shanghairanking.cn/_uni/logo/47705257.png,https://github.com/xioajiumi/Chinese_Universities/blob/e088fddc329a6f0148ca72fd3b4d0fe069f13e3a/Chinese_Universities.json,47705257.png,Chinese_Universities.json,False,png,,,,,,,,,indexed_not_fetched,MIT,,广东工业大学,xioajiumi/Chinese_Universities,e088fddc329a6f0148ca72fd3b4d0fe069f13e3a,,
4144011845,广东工业大学,24b2473c0b1cd872,badge,https://raw.githubusercontent.com/Magicdover/China-Universities-2026/419bdc7ce6956fc88c2b70b3979f170b6666f111/assets/logos-new/%E5%B9%BF%E4%B8%9C%E5%B7%A5%E4%B8%9A%E5%A4%A7%E5%AD%A6%20GDUT.svg,https://github.com/Magicdover/China-Universities-2026/blob/419bdc7ce6956fc88c2b70b3979f170b6666f111/assets/logos-new/%E5%B9%BF%E4%B8%9C%E5%B7%A5%E4%B8%9A%E5%A4%A7%E5%AD%A6%20GDUT.svg,%E5%B9%BF%E4%B8%9C%E5%B7%A5%E4%B8%9A%E5%A4%A7%E5%AD%A6%20GDUT.svg,assets/logos-new/广东工业大学 GDUT.svg,False,svg,885.0283203125,884.8275146484375,,,True,vector,,,content_inspected,MIT,,广东工业大学,Magicdover/China-Universities-2026,419bdc7ce6956fc88c2b70b3979f170b6666f111,dfcfded08e6085856744d20c288f610895cfddce00b597d9f9541f2fbf01aa5d,112222
4144011847,佛山大学,b952df8a029fd75b,badge,https://raw.githubusercontent.com/RoboMaster/university_logos/3d645fc89869707bd7df8dba0f7e4bbcc4a60e14/Foshan_University/png/logo_red_800x800.png,https://github.com/RoboMaster/university_logos/blob/3d645fc89869707bd7df8dba0f7e4bbcc4a60e14/Foshan_University/png/logo_red_800x800.png,logo_red_800x800.png,Foshan_University/png/logo_red_800x800.png,False,png,800,800,,,False,raster,True,True,content_inspected,,,佛山大学,RoboMaster/university_logos,3d645fc89869707bd7df8dba0f7e4bbcc4a60e14,aa96634f19335e6a4d71664301933cfa868837f5afff6b3fafcf53864d528a8a,59583
4144011847,佛山大学,fbcce0dd0e38eec1,badge,https://raw.githubusercontent.com/RoboMaster/university_logos/3d645fc89869707bd7df8dba0f7e4bbcc4a60e14/Foshan_University/svg/logo_red.svg,https://github.com/RoboMaster/university_logos/blob/3d645fc89869707bd7df8dba0f7e4bbcc4a60e14/Foshan_University/svg/logo_red.svg,logo_red.svg,Foshan_University/svg/logo_red.svg,False,svg,,,,,True,vector,,,content_inspected,,,佛山大学,RoboMaster/university_logos,3d645fc89869707bd7df8dba0f7e4bbcc4a60e14,9197705217b3da199c1a396bf60b0474be4f8c335f28144d9e18d50c56907053,453535
4144012121,南方医科大学,05bfeb1d9c685903,badge,https://raw.githubusercontent.com/Magicdover/China-Universities-2026/419bdc7ce6956fc88c2b70b3979f170b6666f111/assets/logos-new/%E5%8D%97%E6%96%B9%E5%8C%BB%E7%A7%91%E5%A4%A7%E5%AD%A6%20SMU.svg,https://github.com/Magicdover/China-Universities-2026/blob/419bdc7ce6956fc88c2b70b3979f170b6666f111/assets/logos-new/%E5%8D%97%E6%96%B9%E5%8C%BB%E7%A7%91%E5%A4%A7%E5%AD%A6%20SMU.svg,%E5%8D%97%E6%96%B9%E5%8C%BB%E7%A7%91%E5%A4%A7%E5%AD%A6%20SMU.svg,assets/logos-new/南方医科大学 SMU.svg,False,svg,,,,,True,vector,,,content_inspected,MIT,,南方医科大学,Magicdover/China-Universities-2026,419bdc7ce6956fc88c2b70b3979f170b6666f111,15178178d7c694e7ae969ed2455fd0bd23ac4188c83431c274e6f499fd7ae364,3032457
4144014278,广东第二师范学院,1febd692f71a6ac5,badge,https://www.shanghairanking.cn/_uni/logo/26260939.png,https://github.com/xioajiumi/Chinese_Universities/blob/e088fddc329a6f0148ca72fd3b4d0fe069f13e3a/Chinese_Universities.json,26260939.png,Chinese_Universities.json,False,png,,,,,,,,,indexed_not_fetched,MIT,,广东第二师范学院,xioajiumi/Chinese_Universities,e088fddc329a6f0148ca72fd3b4d0fe069f13e3a,,
4144014325,南方科技大学,49e08a60a69a3876,badge,https://www.shanghairanking.cn/_uni/logo/22950445.png,https://github.com/xioajiumi/Chinese_Universities/blob/e088fddc329a6f0148ca72fd3b4d0fe069f13e3a/Chinese_Universities.json,22950445.png,Chinese_Universities.json,False,png,,,,,,,,,indexed_not_fetched,MIT,,南方科技大学,xioajiumi/Chinese_Universities,e088fddc329a6f0148ca72fd3b4d0fe069f13e3a,,
4144014325,南方科技大学,440fcb2a64cf09c6,badge,https://raw.githubusercontent.com/Magicdover/China-Universities-2026/419bdc7ce6956fc88c2b70b3979f170b6666f111/assets/logos-new/%E5%8D%97%E6%96%B9%E7%A7%91%E6%8A%80%E5%A4%A7%E5%AD%A6%20SUSTECH.svg,https://github.com/Magicdover/China-Universities-2026/blob/419bdc7ce6956fc88c2b70b3979f170b6666f111/assets/logos-new/%E5%8D%97%E6%96%B9%E7%A7%91%E6%8A%80%E5%A4%A7%E5%AD%A6%20SUSTECH.svg,%E5%8D%97%E6%96%B9%E7%A7%91%E6%8A%80%E5%A4%A7%E5%AD%A6%20SUSTECH.svg,assets/logos-new/南方科技大学 SUSTECH.svg,False,svg,844.0,843.0,,,True,vector,,,content_inspected,MIT,,南方科技大学,Magicdover/China-Universities-2026,419bdc7ce6956fc88c2b70b3979f170b6666f111,dc9d8c2cef3d78ba4b8d45fed9c83182b1ed60ac609610db771e152c17b03270,50212
4144014325,南方科技大学,f3ae5599adc8d9f7,badge,https://raw.githubusercontent.com/RoboMaster/university_logos/3d645fc89869707bd7df8dba0f7e4bbcc4a60e14/Southern_University_of_Science_and_Technology/png/logo_orange_800x800.png,https://github.com/RoboMaster/university_logos/blob/3d645fc89869707bd7df8dba0f7e4bbcc4a60e14/Southern_University_of_Science_and_Technology/png/logo_orange_800x800.png,logo_orange_800x800.png,Southern_University_of_Science_and_Technology/png/logo_orange_800x800.png,False,png,800,800,,,False,raster,True,True,content_inspected,,,南方科技大学,RoboMaster/university_logos,3d645fc89869707bd7df8dba0f7e4bbcc4a60e14,d0299b899c32e1ae2ea4b00401e752e65a05b146712fe00b95e2c4013d308f02,62148
4144014325,南方科技大学,ab3c9ad6086a25f8,badge,https://raw.githubusercontent.com/RoboMaster/university_logos/3d645fc89869707bd7df8dba0f7e4bbcc4a60e14/Southern_University_of_Science_and_Technology/svg/logo_orange.svg,https://github.com/RoboMaster/university_logos/blob/3d645fc89869707bd7df8dba0f7e4bbcc4a60e14/Southern_University_of_Science_and_Technology/svg/logo_orange.svg,logo_orange.svg,Southern_University_of_Science_and_Technology/svg/logo_orange.svg,False,svg,,,,,True,vector,,,content_inspected,,,南方科技大学,RoboMaster/university_logos,3d645fc89869707bd7df8dba0f7e4bbcc4a60e14,615456b6ffe0f79b927a4fe3fff3353346c83ed9a73421438859877dbbaa2567,502795
4144014655,深圳技术大学,f2e0086916b8d7a6,badge,https://raw.githubusercontent.com/HeyHuazi/SVGLOGO/142498f527ac2dd3116cc1feccb9670879839f74/static/library/school/SZTU.svg,https://github.com/HeyHuazi/SVGLOGO/blob/142498f527ac2dd3116cc1feccb9670879839f74/static/library/school/SZTU.svg,SZTU.svg,static/library/school/SZTU.svg,False,svg,37.0,46.0,,,True,vector,,,content_inspected,MIT,,深圳技术大学,HeyHuazi/SVGLOGO,142498f527ac2dd3116cc1feccb9670879839f74,3a59e2cbd7be2099538e49ff79cc9fee1f11628e9a5d1212e4456c24afcdb235,7963
4144014851,香港城市大学(东莞),b9f45a53b7ab8d87,badge,https://raw.githubusercontent.com/Magicdover/China-Universities-2026/419bdc7ce6956fc88c2b70b3979f170b6666f111/assets/logos-new/%E9%A6%99%E6%B8%AF%E5%9F%8E%E5%B8%82%E5%A4%A7%E5%AD%A6%EF%BC%88%E4%B8%9C%E8%8E%9E%EF%BC%89%20CITYUDG.svg,https://github.com/Magicdover/China-Universities-2026/blob/419bdc7ce6956fc88c2b70b3979f170b6666f111/assets/logos-new/%E9%A6%99%E6%B8%AF%E5%9F%8E%E5%B8%82%E5%A4%A7%E5%AD%A6%EF%BC%88%E4%B8%9C%E8%8E%9E%EF%BC%89%20CITYUDG.svg,%E9%A6%99%E6%B8%AF%E5%9F%8E%E5%B8%82%E5%A4%A7%E5%AD%A6%EF%BC%88%E4%B8%9C%E8%8E%9E%EF%BC%89%20CITYUDG.svg,assets/logos-new/香港城市大学（东莞） CITYUDG.svg,False,svg,,,,,True,vector,,,content_inspected,MIT,,香港城市大学（东莞）,Magicdover/China-Universities-2026,419bdc7ce6956fc88c2b70b3979f170b6666f111,9281aef492aba4128ed8392761ec2a30ace574e6e32cf13dc804c4e784f9fea0,3643
4144014880,深圳理工大学,b7a2090befbc7866,badge,https://raw.githubusercontent.com/HeyHuazi/SVGLOGO/142498f527ac2dd3116cc1feccb9670879839f74/static/library/school/zhenzhenligong.svg,https://github.com/HeyHuazi/SVGLOGO/blob/142498f527ac2dd3116cc1feccb9670879839f74/static/library/school/zhenzhenligong.svg,zhenzhenligong.svg,static/library/school/zhenzhenligong.svg,False,svg,46.0,46.0,,,True,vector,,,content_inspected,MIT,,深圳理工大学,HeyHuazi/SVGLOGO,142498f527ac2dd3116cc1feccb9670879839f74,9bf2c988ef8e5ce54689b80aac299c1934e2b342a1a8a1a252364a42e66b5341,1816
4144014880,深圳理工大学,03df5498d6b103e2,wordmark,https://raw.githubusercontent.com/HeyHuazi/SVGLOGO/142498f527ac2dd3116cc1feccb9670879839f74/static/library/school/zhenzhenligong_wordmark.svg,https://github.com/HeyHuazi/SVGLOGO/blob/142498f527ac2dd3116cc1feccb9670879839f74/static/library/school/zhenzhenligong_wordmark.svg,zhenzhenligong_wordmark.svg,static/library/school/zhenzhenligong_wordmark.svg,False,svg,183.0,46.0,,,True,vector,,,content_inspected,MIT,,深圳理工大学,HeyHuazi/SVGLOGO,142498f527ac2dd3116cc1feccb9670879839f74,2959faf03b298fd4dc335357b6cb4e1262d5cce383a17942eb5ce2d77910ab96,32135
4144016401,北师香港浸会大学,0a08b222ce90ad0d,badge,https://raw.githubusercontent.com/Magicdover/China-Universities-2026/419bdc7ce6956fc88c2b70b3979f170b6666f111/assets/logos-new/%E5%8C%97%E5%B8%88%E9%A6%99%E6%B8%AF%E6%B5%B8%E4%BC%9A%E5%A4%A7%E5%AD%A6%20UIC.svg,https://github.com/Magicdover/China-Universities-2026/blob/419bdc7ce6956fc88c2b70b3979f170b6666f111/assets/logos-new/%E5%8C%97%E5%B8%88%E9%A6%99%E6%B8%AF%E6%B5%B8%E4%BC%9A%E5%A4%A7%E5%AD%A6%20UIC.svg,%E5%8C%97%E5%B8%88%E9%A6%99%E6%B8%AF%E6%B5%B8%E4%BC%9A%E5%A4%A7%E5%AD%A6%20UIC.svg,assets/logos-new/北师香港浸会大学 UIC.svg,False,svg,,,,,True,vector,,,content_inspected,MIT,,北师香港浸会大学,Magicdover/China-Universities-2026,419bdc7ce6956fc88c2b70b3979f170b6666f111,38003264d7a365cdc4e5df653a99d2170c81e60a5c7a4d8f0c0ef7491e40bd22,13779
4144016407,香港中文大学(深圳),171ee62b19c423d9,badge,https://raw.githubusercontent.com/Magicdover/China-Universities-2026/419bdc7ce6956fc88c2b70b3979f170b6666f111/assets/logos-new/%E9%A6%99%E6%B8%AF%E4%B8%AD%E6%96%87%E5%A4%A7%E5%AD%A6%EF%BC%88%E6%B7%B1%E5%9C%B3%EF%BC%89%20CUHKSZ.svg,https://github.com/Magicdover/China-Universities-2026/blob/419bdc7ce6956fc88c2b70b3979f170b6666f111/assets/logos-new/%E9%A6%99%E6%B8%AF%E4%B8%AD%E6%96%87%E5%A4%A7%E5%AD%A6%EF%BC%88%E6%B7%B1%E5%9C%B3%EF%BC%89%20CUHKSZ.svg,%E9%A6%99%E6%B8%AF%E4%B8%AD%E6%96%87%E5%A4%A7%E5%AD%A6%EF%BC%88%E6%B7%B1%E5%9C%B3%EF%BC%89%20CUHKSZ.svg,assets/logos-new/香港中文大学（深圳） CUHKSZ.svg,False,svg,,,,,True,vector,,,content_inspected,MIT,,香港中文大学（深圳）,Magicdover/China-Universities-2026,419bdc7ce6956fc88c2b70b3979f170b6666f111,f0787b20f78e0e32c35aeeaa2d01451fd6aa676cbdc401e98ad05a1c2ceef249,28537
4144016412,香港科技大学(广州),78bc481bf7f6f742,badge,https://raw.githubusercontent.com/Magicdover/China-Universities-2026/419bdc7ce6956fc88c2b70b3979f170b6666f111/assets/logos-new/%E9%A6%99%E6%B8%AF%E7%A7%91%E6%8A%80%E5%A4%A7%E5%AD%A6%EF%BC%88%E5%B9%BF%E5%B7%9E%EF%BC%89%20HKUSTGZ.svg,https://github.com/Magicdover/China-Universities-2026/blob/419bdc7ce6956fc88c2b70b3979f170b6666f111/assets/logos-new/%E9%A6%99%E6%B8%AF%E7%A7%91%E6%8A%80%E5%A4%A7%E5%AD%A6%EF%BC%88%E5%B9%BF%E5%B7%9E%EF%BC%89%20HKUSTGZ.svg,%E9%A6%99%E6%B8%AF%E7%A7%91%E6%8A%80%E5%A4%A7%E5%AD%A6%EF%BC%88%E5%B9%BF%E5%B7%9E%EF%BC%89%20HKUSTGZ.svg,assets/logos-new/香港科技大学（广州） HKUSTGZ.svg,False,svg,62.0,97.0,,,True,vector,,,content_inspected,MIT,,香港科技大学（广州）,Magicdover/China-Universities-2026,419bdc7ce6956fc88c2b70b3979f170b6666f111,1047f8ad8f39ff8af7939d03f42e6465e80e9ff147f2622492694fd15d902231,3068
4145010593,广西大学,25b83ba28fcb5d94,badge,https://www.shanghairanking.cn/_uni/logo/22864185.png,https://github.com/xioajiumi/Chinese_Universities/blob/e088fddc329a6f0148ca72fd3b4d0fe069f13e3a/Chinese_Universities.json,22864185.png,Chinese_Universities.json,False,png,,,,,,,,,indexed_not_fetched,MIT,,广西大学,xioajiumi/Chinese_Universities,e088fddc329a6f0148ca72fd3b4d0fe069f13e3a,,
4145010593,广西大学,641ec50a73003004,badge,https://raw.githubusercontent.com/Magicdover/China-Universities-2026/419bdc7ce6956fc88c2b70b3979f170b6666f111/assets/logos-new/%E5%B9%BF%E8%A5%BF%E5%A4%A7%E5%AD%A6%20GXU.svg,https://github.com/Magicdover/China-Universities-2026/blob/419bdc7ce6956fc88c2b70b3979f170b6666f111/assets/logos-new/%E5%B9%BF%E8%A5%BF%E5%A4%A7%E5%AD%A6%20GXU.svg,%E5%B9%BF%E8%A5%BF%E5%A4%A7%E5%AD%A6%20GXU.svg,assets/logos-new/广西大学 GXU.svg,False,svg,,,,,True,vector,,,content_inspected,MIT,,广西大学,Magicdover/China-Universities-2026,419bdc7ce6956fc88c2b70b3979f170b6666f111,c21b4ae1e5fe6c8a32f4b5a7bf8e7b433bfa37d2e6f932837efad17fcdd397b7,41286
4145010593,广西大学,79edc636ff129152,badge,https://raw.githubusercontent.com/HeyHuazi/SVGLOGO/142498f527ac2dd3116cc1feccb9670879839f74/static/library/school/GXU.svg,https://github.com/HeyHuazi/SVGLOGO/blob/142498f527ac2dd3116cc1feccb9670879839f74/static/library/school/GXU.svg,GXU.svg,static/library/school/GXU.svg,False,svg,128.0,128.0,,,True,vector,,,content_inspected,MIT,,广西大学,HeyHuazi/SVGLOGO,142498f527ac2dd3116cc1feccb9670879839f74,b514a8b01a10855bcba9039d0c868c9c565f890be6a412140e6c08d1afd237f8,59165
4145010593,广西大学,2de109fd4fe96a61,wordmark,https://raw.githubusercontent.com/HeyHuazi/SVGLOGO/142498f527ac2dd3116cc1feccb9670879839f74/static/library/school/GXU_wordmark.svg,https://github.com/HeyHuazi/SVGLOGO/blob/142498f527ac2dd3116cc1feccb9670879839f74/static/library/school/GXU_wordmark.svg,GXU_wordmark.svg,static/library/school/GXU_wordmark.svg,False,svg,,,,,True,vector,,,content_inspected,MIT,,广西大学,HeyHuazi/SVGLOGO,142498f527ac2dd3116cc1feccb9670879839f74,dfdbb014af4f3e464f356a2f029dba26bfdd5c678b42551f9ee3d825e3556a09,24659
4145010594,广西科技大学,d8af3eafed8c5f2f,badge,https://www.shanghairanking.cn/_uni/logo/70589857.png,https://github.com/xioajiumi/Chinese_Universities/blob/e088fddc329a6f0148ca72fd3b4d0fe069f13e3a/Chinese_Universities.json,70589857.png,Chinese_Universities.json,False,png,,,,,,,,,indexed_not_fetched,MIT,,广西科技大学,xioajiumi/Chinese_Universities,e088fddc329a6f0148ca72fd3b4d0fe069f13e3a,,
4145010595,桂林电子科技大学,a08fcd79f8054466,badge,https://www.shanghairanking.cn/_uni/logo/13097274.png,https://github.com/xioajiumi/Chinese_Universities/blob/e088fddc329a6f0148ca72fd3b4d0fe069f13e3a/Chinese_Universities.json,13097274.png,Chinese_Universities.json,False,png,,,,,,,,,indexed_not_fetched,MIT,,桂林电子科技大学,xioajiumi/Chinese_Universities,e088fddc329a6f0148ca72fd3b4d0fe069f13e3a,,
4145010595,桂林电子科技大学,a9e2ddffdb5224e7,badge,https://raw.githubusercontent.com/Magicdover/China-Universities-2026/419bdc7ce6956fc88c2b70b3979f170b6666f111/assets/logos-new/%E6%A1%82%E6%9E%97%E7%94%B5%E5%AD%90%E7%A7%91%E6%8A%80%E5%A4%A7%E5%AD%A6%20GUET.svg,https://github.com/Magicdover/China-Universities-2026/blob/419bdc7ce6956fc88c2b70b3979f170b6666f111/assets/logos-new/%E6%A1%82%E6%9E%97%E7%94%B5%E5%AD%90%E7%A7%91%E6%8A%80%E5%A4%A7%E5%AD%A6%20GUET.svg,%E6%A1%82%E6%9E%97%E7%94%B5%E5%AD%90%E7%A7%91%E6%8A%80%E5%A4%A7%E5%AD%A6%20GUET.svg,assets/logos-new/桂林电子科技大学 GUET.svg,False,svg,486.0,478.0,,,True,vector,,,content_inspected,MIT,,桂林电子科技大学,Magicdover/China-Universities-2026,419bdc7ce6956fc88c2b70b3979f170b6666f111,12c25ab911af7bf63fe1535302cecc37ac9cd5e6a55aee3d6f62178048ca02ad,756756
4145010595,桂林电子科技大学,1d01d7bdd130e9c1,badge,https://raw.githubusercontent.com/RoboMaster/university_logos/3d645fc89869707bd7df8dba0f7e4bbcc4a60e14/Guilin_University_of_Electronic_Technology/png/logo_blue_800x800.png,https://github.com/RoboMaster/university_logos/blob/3d645fc89869707bd7df8dba0f7e4bbcc4a60e14/Guilin_University_of_Electronic_Technology/png/logo_blue_800x800.png,logo_blue_800x800.png,Guilin_University_of_Electronic_Technology/png/logo_blue_800x800.png,False,png,800,800,,,False,raster,True,True,content_inspected,,,桂林电子科技大学,RoboMaster/university_logos,3d645fc89869707bd7df8dba0f7e4bbcc4a60e14,9999ffca465becfeea74a6fa6b84a813e7d60c67074c2c9b4594cfd3b801a31b,61378
4145010595,桂林电子科技大学,16b3d05dc3e7a471,badge,https://raw.githubusercontent.com/RoboMaster/university_logos/3d645fc89869707bd7df8dba0f7e4bbcc4a60e14/Guilin_University_of_Electronic_Technology/svg/logo_blue.svg,https://github.com/RoboMaster/university_logos/blob/3d645fc89869707bd7df8dba0f7e4bbcc4a60e14/Guilin_University_of_Electronic_Technology/svg/logo_blue.svg,logo_blue.svg,Guilin_University_of_Electronic_Technology/svg/logo_blue.svg,False,svg,,,,,True,vector,,,content_inspected,,,桂林电子科技大学,RoboMaster/university_logos,3d645fc89869707bd7df8dba0f7e4bbcc4a60e14,9dc10b4d887b8133677809e27e8ffec3b336d20107dfe6a9f9d06495805cf44d,463710
4145010596,桂林理工大学,8b52fdfd41135c35,badge,https://www.shanghairanking.cn/_uni/logo/10181164.png,https://github.com/xioajiumi/Chinese_Universities/blob/e088fddc329a6f0148ca72fd3b4d0fe069f13e3a/Chinese_Universities.json,10181164.png,Chinese_Universities.json,False,png,,,,,,,,,indexed_not_fetched,MIT,,桂林理工大学,xioajiumi/Chinese_Universities,e088fddc329a6f0148ca72fd3b4d0fe069f13e3a,,
4145010596,桂林理工大学,9a138a6c715cb7a3,badge,https://raw.githubusercontent.com/RoboMaster/university_logos/3d645fc89869707bd7df8dba0f7e4bbcc4a60e14/Guilin_University_of_Technology/png/logo_blue_800x800.png,https://github.com/RoboMaster/university_logos/blob/3d645fc89869707bd7df8dba0f7e4bbcc4a60e14/Guilin_University_of_Technology/png/logo_blue_800x800.png,logo_blue_800x800.png,Guilin_University_of_Technology/png/logo_blue_800x800.png,False,png,800,800,,,False,raster,True,True,content_inspected,,,桂林理工大学,RoboMaster/university_logos,3d645fc89869707bd7df8dba0f7e4bbcc4a60e14,da4dec06458d7a7c51cc9a3642202dafb1eb76d9ed2a57678dadd6b1ccf5f4be,63339
4145010596,桂林理工大学,250a923799533dd2,badge,https://raw.githubusercontent.com/RoboMaster/university_logos/3d645fc89869707bd7df8dba0f7e4bbcc4a60e14/Guilin_University_of_Technology/svg/logo_blue.svg,https://github.com/RoboMaster/university_logos/blob/3d645fc89869707bd7df8dba0f7e4bbcc4a60e14/Guilin_University_of_Technology/svg/logo_blue.svg,logo_blue.svg,Guilin_University_of_Technology/svg/logo_blue.svg,False,svg,,,,,True,vector,,,content_inspected,,,桂林理工大学,RoboMaster/university_logos,3d645fc89869707bd7df8dba0f7e4bbcc4a60e14,0e2148d00344da4f333e59c9c6e0791e4ccea587e41a2c4486f0ecc0775ed43e,443100
4145010602,广西师范大学,afb70acb1e6d0fb7,badge,https://www.shanghairanking.cn/_uni/logo/54671948.png,https://github.com/xioajiumi/Chinese_Universities/blob/e088fddc329a6f0148ca72fd3b4d0fe069f13e3a/Chinese_Universities.json,54671948.png,Chinese_Universities.json,False,png,,,,,,,,,indexed_not_fetched,MIT,,广西师范大学,xioajiumi/Chinese_Universities,e088fddc329a6f0148ca72fd3b4d0fe069f13e3a,,
4145010602,广西师范大学,8a3d9bde773c9fde,badge,https://raw.githubusercontent.com/RoboMaster/university_logos/3d645fc89869707bd7df8dba0f7e4bbcc4a60e14/Guangxi_Normal_University/png/logo_blue_800x800.png,https://github.com/RoboMaster/university_logos/blob/3d645fc89869707bd7df8dba0f7e4bbcc4a60e14/Guangxi_Normal_University/png/logo_blue_800x800.png,logo_blue_800x800.png,Guangxi_Normal_University/png/logo_blue_800x800.png,False,png,800,800,,,False,raster,True,True,content_inspected,,,广西师范大学,RoboMaster/university_logos,3d645fc89869707bd7df8dba0f7e4bbcc4a60e14,d63a3d53c54dd112e5969c3c5abef7789ee8721ce5fa35bb0208fb98b5ce61b2,63356
4145010602,广西师范大学,1c46991383a9e3cb,badge,https://raw.githubusercontent.com/RoboMaster/university_logos/3d645fc89869707bd7df8dba0f7e4bbcc4a60e14/Guangxi_Normal_University/svg/logo_blue.svg,https://github.com/RoboMaster/university_logos/blob/3d645fc89869707bd7df8dba0f7e4bbcc4a60e14/Guangxi_Normal_University/svg/logo_blue.svg,logo_blue.svg,Guangxi_Normal_University/svg/logo_blue.svg,False,svg,,,,,True,vector,,,content_inspected,,,广西师范大学,RoboMaster/university_logos,3d645fc89869707bd7df8dba0f7e4bbcc4a60e14,30ef609820fcb9edcc0306b326fc04a37a4f3e823216ae88c7cf0284569818d0,546856
4145010603,南宁师范大学,12a050aa62f2cc4d,badge,https://www.shanghairanking.cn/_uni/logo/93746377.png,https://github.com/xioajiumi/Chinese_Universities/blob/e088fddc329a6f0148ca72fd3b4d0fe069f13e3a/Chinese_Universities.json,93746377.png,Chinese_Universities.json,False,png,,,,,,,,,indexed_not_fetched,MIT,,南宁师范大学,xioajiumi/Chinese_Universities,e088fddc329a6f0148ca72fd3b4d0fe069f13e3a,,
4145010604,广西民族师范学院,4ff2318283a5354e,badge,https://www.shanghairanking.cn/_uni/logo-jpg/8391212800.jpg,https://github.com/xioajiumi/Chinese_Universities/blob/e088fddc329a6f0148ca72fd3b4d0fe069f13e3a/Chinese_Universities.json,8391212800.jpg,Chinese_Universities.json,False,jpg,,,,,,,,,indexed_not_fetched,MIT,,广西民族师范学院,xioajiumi/Chinese_Universities,e088fddc329a6f0148ca72fd3b4d0fe069f13e3a,,
4145010605,河池学院,90fb7ed34060f265,badge,https://www.shanghairanking.cn/_uni/logo-jpg/8043470000.jpg,https://github.com/xioajiumi/Chinese_Universities/blob/e088fddc329a6f0148ca72fd3b4d0fe069f13e3a/Chinese_Universities.json,8043470000.jpg,Chinese_Universities.json,False,jpg,,,,,,,,,indexed_not_fetched,MIT,,河池学院,xioajiumi/Chinese_Universities,e088fddc329a6f0148ca72fd3b4d0fe069f13e3a,,
4145010606,玉林师范学院,d41578a595e3e083,badge,https://www.shanghairanking.cn/_uni/logo/23382976.png,https://github.com/xioajiumi/Chinese_Universities/blob/e088fddc329a6f0148ca72fd3b4d0fe069f13e3a/Chinese_Universities.json,23382976.png,Chinese_Universities.json,False,png,,,,,,,,,indexed_not_fetched,MIT,,玉林师范学院,xioajiumi/Chinese_Universities,e088fddc329a6f0148ca72fd3b4d0fe069f13e3a,,
4145010609,百色学院,3c5fc076d2fbbb20,badge,https://www.shanghairanking.cn/_uni/logo-jpg/5133582400.jpg,https://github.com/xioajiumi/Chinese_Universities/blob/e088fddc329a6f0148ca72fd3b4d0fe069f13e3a/Chinese_Universities.json,5133582400.jpg,Chinese_Universities.json,False,jpg,,,,,,,,,indexed_not_fetched,MIT,,百色学院,xioajiumi/Chinese_Universities,e088fddc329a6f0148ca72fd3b4d0fe069f13e3a,,
4145011354,梧州学院,5093f7576d4b3c78,badge,https://www.shanghairanking.cn/_uni/logo-jpg/3573615200.jpg,https://github.com/xioajiumi/Chinese_Universities/blob/e088fddc329a6f0148ca72fd3b4d0fe069f13e3a/Chinese_Universities.json,3573615200.jpg,Chinese_Universities.json,False,jpg,,,,,,,,,indexed_not_fetched,MIT,,梧州学院,xioajiumi/Chinese_Universities,e088fddc329a6f0148ca72fd3b4d0fe069f13e3a,,
4145011546,广西科技师范学院,8c1315a7b44998a9,badge,https://www.shanghairanking.cn/_uni/logo-jpg/8668105300.jpg,https://github.com/xioajiumi/Chinese_Universities/blob/e088fddc329a6f0148ca72fd3b4d0fe069f13e3a/Chinese_Universities.json,8668105300.jpg,Chinese_Universities.json,False,jpg,,,,,,,,,indexed_not_fetched,MIT,,广西科技师范学院,xioajiumi/Chinese_Universities,e088fddc329a6f0148ca72fd3b4d0fe069f13e3a,,
4145011607,北部湾大学,991affdce41a336b,badge,https://www.shanghairanking.cn/_uni/logo/99524990.png,https://github.com/xioajiumi/Chinese_Universities/blob/e088fddc329a6f0148ca72fd3b4d0fe069f13e3a/Chinese_Universities.json,99524990.png,Chinese_Universities.json,False,png,,,,,,,,,indexed_not_fetched,MIT,,北部湾大学,xioajiumi/Chinese_Universities,e088fddc329a6f0148ca72fd3b4d0fe069f13e3a,,
4145011825,桂林航天工业学院,813fc7f6127e902f,badge,https://www.shanghairanking.cn/_uni/logo/78821750.png,https://github.com/xioajiumi/Chinese_Universities/blob/e088fddc329a6f0148ca72fd3b4d0fe069f13e3a/Chinese_Universities.json,78821750.png,Chinese_Universities.json,False,png,,,,,,,,,indexed_not_fetched,MIT,,桂林航天工业学院,xioajiumi/Chinese_Universities,e088fddc329a6f0148ca72fd3b4d0fe069f13e3a,,
4145011838,贺州学院,449e017e53fde24c,badge,https://www.shanghairanking.cn/_uni/logo/68638535.png,https://github.com/xioajiumi/Chinese_Universities/blob/e088fddc329a6f0148ca72fd3b4d0fe069f13e3a/Chinese_Universities.json,68638535.png,Chinese_Universities.json,False,png,,,,,,,,,indexed_not_fetched,MIT,,贺州学院,xioajiumi/Chinese_Universities,e088fddc329a6f0148ca72fd3b4d0fe069f13e3a,,
4165010755,新疆大学,17348e2fbe65b085,badge,https://www.shanghairanking.cn/_uni/logo/17029370.png,https://github.com/xioajiumi/Chinese_Universities/blob/e088fddc329a6f0148ca72fd3b4d0fe069f13e3a/Chinese_Universities.json,17029370.png,Chinese_Universities.json,False,png,,,,,,,,,indexed_not_fetched,MIT,,新疆大学,xioajiumi/Chinese_Universities,e088fddc329a6f0148ca72fd3b4d0fe069f13e3a,,
4165010755,新疆大学,228c69187ac535ad,badge,https://raw.githubusercontent.com/Magicdover/China-Universities-2026/419bdc7ce6956fc88c2b70b3979f170b6666f111/assets/logos/%E6%96%B0%E7%96%86%E5%A4%A7%E5%AD%A6%20XJU.svg,https://github.com/Magicdover/China-Universities-2026/blob/419bdc7ce6956fc88c2b70b3979f170b6666f111/assets/logos/%E6%96%B0%E7%96%86%E5%A4%A7%E5%AD%A6%20XJU.svg,%E6%96%B0%E7%96%86%E5%A4%A7%E5%AD%A6%20XJU.svg,assets/logos/新疆大学 XJU.svg,False,svg,154.0,157.0,,,True,vector,,,content_inspected,MIT,,新疆大学,Magicdover/China-Universities-2026,419bdc7ce6956fc88c2b70b3979f170b6666f111,da3881f19bfd65a6692229b9df794ec1d5c7af26de7d1d66414abf0ec15be05b,44726
4165010755,新疆大学,b776346fc44bb0ad,badge,https://raw.githubusercontent.com/HeyHuazi/SVGLOGO/142498f527ac2dd3116cc1feccb9670879839f74/static/library/school/XJU.svg,https://github.com/HeyHuazi/SVGLOGO/blob/142498f527ac2dd3116cc1feccb9670879839f74/static/library/school/XJU.svg,XJU.svg,static/library/school/XJU.svg,False,svg,128.0,137.0,,,True,vector,,,content_inspected,MIT,,新疆大学,HeyHuazi/SVGLOGO,142498f527ac2dd3116cc1feccb9670879839f74,d4772f915d95c4736ac9b3a2bcb14bdba7d498d090c1d637dc98b991484d3459,17382
4165010755,新疆大学,b2a9626b93a47c5b,wordmark,https://raw.githubusercontent.com/HeyHuazi/SVGLOGO/142498f527ac2dd3116cc1feccb9670879839f74/static/library/school/XJU_wordmark.svg,https://github.com/HeyHuazi/SVGLOGO/blob/142498f527ac2dd3116cc1feccb9670879839f74/static/library/school/XJU_wordmark.svg,XJU_wordmark.svg,static/library/school/XJU_wordmark.svg,False,svg,,,,,True,vector,,,content_inspected,MIT,,新疆大学,HeyHuazi/SVGLOGO,142498f527ac2dd3116cc1feccb9670879839f74,65e86086a13c22e70c1344f0843d273c5763bceaf1dcb2ee2920b9e3c2069a76,11084
4165010757,塔里木大学,c0315722a7e2a310,badge,https://www.shanghairanking.cn/_uni/logo/99603674.png,https://github.com/xioajiumi/Chinese_Universities/blob/e088fddc329a6f0148ca72fd3b4d0fe069f13e3a/Chinese_Universities.json,99603674.png,Chinese_Universities.json,False,png,,,,,,,,,indexed_not_fetched,MIT,,塔里木大学,xioajiumi/Chinese_Universities,e088fddc329a6f0148ca72fd3b4d0fe069f13e3a,,
4165010758,新疆农业大学,480de297818eb904,badge,https://www.shanghairanking.cn/_uni/logo/86159068.png,https://github.com/xioajiumi/Chinese_Universities/blob/e088fddc329a6f0148ca72fd3b4d0fe069f13e3a/Chinese_Universities.json,86159068.png,Chinese_Universities.json,False,png,,,,,,,,,indexed_not_fetched,MIT,,新疆农业大学,xioajiumi/Chinese_Universities,e088fddc329a6f0148ca72fd3b4d0fe069f13e3a,,
4165010759,石河子大学,f065aaefc9cc965e,badge,https://www.shanghairanking.cn/_uni/logo/87170098.png,https://github.com/xioajiumi/Chinese_Universities/blob/e088fddc329a6f0148ca72fd3b4d0fe069f13e3a/Chinese_Universities.json,87170098.png,Chinese_Universities.json,False,png,,,,,,,,,indexed_not_fetched,MIT,,石河子大学,xioajiumi/Chinese_Universities,e088fddc329a6f0148ca72fd3b4d0fe069f13e3a,,
4165010759,石河子大学,6b78a950c1a03629,badge,https://raw.githubusercontent.com/Magicdover/China-Universities-2026/419bdc7ce6956fc88c2b70b3979f170b6666f111/assets/logos-new/%E7%9F%B3%E6%B2%B3%E5%AD%90%E5%A4%A7%E5%AD%A6%20SHZU.png,https://github.com/Magicdover/China-Universities-2026/blob/419bdc7ce6956fc88c2b70b3979f170b6666f111/assets/logos-new/%E7%9F%B3%E6%B2%B3%E5%AD%90%E5%A4%A7%E5%AD%A6%20SHZU.png,%E7%9F%B3%E6%B2%B3%E5%AD%90%E5%A4%A7%E5%AD%A6%20SHZU.png,assets/logos-new/石河子大学 SHZU.png,False,png,1024,1024,,,False,raster,True,True,content_inspected,MIT,,石河子大学,Magicdover/China-Universities-2026,419bdc7ce6956fc88c2b70b3979f170b6666f111,ffc18a09c69c288a6376e10cb80f6f08731f5dc0ce95769f88d4367ac8befe40,133590
4165010762,新疆师范大学,01d565cadc3d7a37,badge,https://www.shanghairanking.cn/_uni/logo/91394778.png,https://github.com/xioajiumi/Chinese_Universities/blob/e088fddc329a6f0148ca72fd3b4d0fe069f13e3a/Chinese_Universities.json,91394778.png,Chinese_Universities.json,False,png,,,,,,,,,indexed_not_fetched,MIT,,新疆师范大学,xioajiumi/Chinese_Universities,e088fddc329a6f0148ca72fd3b4d0fe069f13e3a,,
4165010763,喀什大学,41e6244c61ad0510,badge,https://www.shanghairanking.cn/_uni/logo-jpg/3795453200.jpg,https://github.com/xioajiumi/Chinese_Universities/blob/e088fddc329a6f0148ca72fd3b4d0fe069f13e3a/Chinese_Universities.json,3795453200.jpg,Chinese_Universities.json,False,jpg,,,,,,,,,indexed_not_fetched,MIT,,喀什大学,xioajiumi/Chinese_Universities,e088fddc329a6f0148ca72fd3b4d0fe069f13e3a,,
4165010764,伊犁师范大学,e23fcc3a6d6400cd,badge,https://www.shanghairanking.cn/_uni/logo/88921235.png,https://github.com/xioajiumi/Chinese_Universities/blob/e088fddc329a6f0148ca72fd3b4d0fe069f13e3a/Chinese_Universities.json,88921235.png,Chinese_Universities.json,False,png,,,,,,,,,indexed_not_fetched,MIT,,伊犁师范大学,xioajiumi/Chinese_Universities,e088fddc329a6f0148ca72fd3b4d0fe069f13e3a,,
4165010994,新疆工程学院,d150cbcce89dba1d,badge,https://www.shanghairanking.cn/_uni/logo-jpg/9851006000.jpg,https://github.com/xioajiumi/Chinese_Universities/blob/e088fddc329a6f0148ca72fd3b4d0fe069f13e3a/Chinese_Universities.json,9851006000.jpg,Chinese_Universities.json,False,jpg,,,,,,,,,indexed_not_fetched,MIT,,新疆工程学院,xioajiumi/Chinese_Universities,e088fddc329a6f0148ca72fd3b4d0fe069f13e3a,,
4165010997,昌吉学院,d29e85eed464c0fe,badge,https://www.shanghairanking.cn/_uni/logo-jpg/1738244300.jpg,https://github.com/xioajiumi/Chinese_Universities/blob/e088fddc329a6f0148ca72fd3b4d0fe069f13e3a/Chinese_Universities.json,1738244300.jpg,Chinese_Universities.json,False,jpg,,,,,,,,,indexed_not_fetched,MIT,,昌吉学院,xioajiumi/Chinese_Universities,e088fddc329a6f0148ca72fd3b4d0fe069f13e3a,,
4165013558,新疆理工学院,f74c07a126a68e19,badge,https://www.shanghairanking.cn/_uni/logo-jpg/8039186500.jpg,https://github.com/xioajiumi/Chinese_Universities/blob/e088fddc329a6f0148ca72fd3b4d0fe069f13e3a/Chinese_Universities.json,8039186500.jpg,Chinese_Universities.json,False,jpg,,,,,,,,,indexed_not_fetched,MIT,,新疆理工学院,xioajiumi/Chinese_Universities,e088fddc329a6f0148ca72fd3b4d0fe069f13e3a,,
4165013628,新疆政法学院,fa95868c5dd38562,badge,https://www.shanghairanking.cn/_uni/logo-jpg/5488556200.jpg,https://github.com/xioajiumi/Chinese_Universities/blob/e088fddc329a6f0148ca72fd3b4d0fe069f13e3a/Chinese_Universities.json,5488556200.jpg,Chinese_Universities.json,False,jpg,,,,,,,,,indexed_not_fetched,MIT,,新疆政法学院,xioajiumi/Chinese_Universities,e088fddc329a6f0148ca72fd3b4d0fe069f13e3a,,
4132010284,南京大学,e4fb559fc549f59f,badge,https://www.shanghairanking.cn/_uni/logo/44696062.png,https://github.com/xioajiumi/Chinese_Universities/blob/e088fddc329a6f0148ca72fd3b4d0fe069f13e3a/Chinese_Universities.json,44696062.png,Chinese_Universities.json,False,png,,,,,,,,,indexed_not_fetched,MIT,,南京大学,xioajiumi/Chinese_Universities,e088fddc329a6f0148ca72fd3b4d0fe069f13e3a,,
4132010284,南京大学,7453ba2b89234ee8,badge,https://raw.githubusercontent.com/Magicdover/China-Universities-2026/419bdc7ce6956fc88c2b70b3979f170b6666f111/assets/logos-new/%E5%8D%97%E4%BA%AC%E5%A4%A7%E5%AD%A6%20NJU.svg,https://github.com/Magicdover/China-Universities-2026/blob/419bdc7ce6956fc88c2b70b3979f170b6666f111/assets/logos-new/%E5%8D%97%E4%BA%AC%E5%A4%A7%E5%AD%A6%20NJU.svg,%E5%8D%97%E4%BA%AC%E5%A4%A7%E5%AD%A6%20NJU.svg,assets/logos-new/南京大学 NJU.svg,False,svg,72.0,88.0,,,True,vector,,,content_inspected,MIT,,南京大学,Magicdover/China-Universities-2026,419bdc7ce6956fc88c2b70b3979f170b6666f111,f6b334e96edef0b37b7b9c7399a2eb34760521028d5ad8a63c92cdebd023e669,52262
4132010284,南京大学,6ddcee7db63f0b83,badge,https://raw.githubusercontent.com/HeyHuazi/SVGLOGO/142498f527ac2dd3116cc1feccb9670879839f74/static/library/school/NJU.svg,https://github.com/HeyHuazi/SVGLOGO/blob/142498f527ac2dd3116cc1feccb9670879839f74/static/library/school/NJU.svg,NJU.svg,static/library/school/NJU.svg,False,svg,128.0,137.0,,,True,vector,,,content_inspected,MIT,,南京大学,HeyHuazi/SVGLOGO,142498f527ac2dd3116cc1feccb9670879839f74,ae3213d78c94e57bdc6b034f507a43dada73e70833c4d2d9474ee0a2bea23708,28722
4132010284,南京大学,649b6c57d82a6d8f,wordmark,https://raw.githubusercontent.com/HeyHuazi/SVGLOGO/142498f527ac2dd3116cc1feccb9670879839f74/static/library/school/NJU_wordmark.svg,https://github.com/HeyHuazi/SVGLOGO/blob/142498f527ac2dd3116cc1feccb9670879839f74/static/library/school/NJU_wordmark.svg,NJU_wordmark.svg,static/library/school/NJU_wordmark.svg,False,svg,,,,,True,vector,,,content_inspected,MIT,,南京大学,HeyHuazi/SVGLOGO,142498f527ac2dd3116cc1feccb9670879839f74,d8f850863a38b01de65c3ca4fb56e6ded3f64795f0251af931e30b2294b12cfe,14052
4132010284,南京大学,92d07087a39efb18,badge,https://raw.githubusercontent.com/RoboMaster/university_logos/3d645fc89869707bd7df8dba0f7e4bbcc4a60e14/Nanjing_University/png/logo_purple_800x800.png,https://github.com/RoboMaster/university_logos/blob/3d645fc89869707bd7df8dba0f7e4bbcc4a60e14/Nanjing_University/png/logo_purple_800x800.png,logo_purple_800x800.png,Nanjing_University/png/logo_purple_800x800.png,False,png,800,800,,,False,raster,True,True,content_inspected,,,南京大学,RoboMaster/university_logos,3d645fc89869707bd7df8dba0f7e4bbcc4a60e14,47dcc53b71cfa9d2f8b2b6b73c4f918b0fc659abac964a9518391daa133fe8b6,49420
4132010284,南京大学,22ff1d4b8042f20b,badge,https://raw.githubusercontent.com/RoboMaster/university_logos/3d645fc89869707bd7df8dba0f7e4bbcc4a60e14/Nanjing_University/svg/logo_purple.svg,https://github.com/RoboMaster/university_logos/blob/3d645fc89869707bd7df8dba0f7e4bbcc4a60e14/Nanjing_University/svg/logo_purple.svg,logo_purple.svg,Nanjing_University/svg/logo_purple.svg,False,svg,268.223,336.246,,,True,vector,,,content_inspected,,,南京大学,RoboMaster/university_logos,3d645fc89869707bd7df8dba0f7e4bbcc4a60e14,8ce701c6f1b8808e633e49412e57eb40c0d47d99d3388940403703c1cf5fd20a,43712
4132010285,苏州大学,3263bca068966990,badge,https://www.shanghairanking.cn/_uni/logo/44374737.png,https://github.com/xioajiumi/Chinese_Universities/blob/e088fddc329a6f0148ca72fd3b4d0fe069f13e3a/Chinese_Universities.json,44374737.png,Chinese_Universities.json,False,png,,,,,,,,,indexed_not_fetched,MIT,,苏州大学,xioajiumi/Chinese_Universities,e088fddc329a6f0148ca72fd3b4d0fe069f13e3a,,
4132010285,苏州大学,57167bfeea1992b7,badge,https://raw.githubusercontent.com/Magicdover/China-Universities-2026/419bdc7ce6956fc88c2b70b3979f170b6666f111/assets/logos-new/%E8%8B%8F%E5%B7%9E%E5%A4%A7%E5%AD%A6%20SUDA.svg,https://github.com/Magicdover/China-Universities-2026/blob/419bdc7ce6956fc88c2b70b3979f170b6666f111/assets/logos-new/%E8%8B%8F%E5%B7%9E%E5%A4%A7%E5%AD%A6%20SUDA.svg,%E8%8B%8F%E5%B7%9E%E5%A4%A7%E5%AD%A6%20SUDA.svg,assets/logos-new/苏州大学 SUDA.svg,False,svg,170.0,170.0,,,True,vector,,,content_inspected,MIT,,苏州大学,Magicdover/China-Universities-2026,419bdc7ce6956fc88c2b70b3979f170b6666f111,41fa0a3146a19fa7baa70dc8d7305dde617bc6fac2d94375f59cc24018dd4dc2,53893
4132010286,东南大学,07ac5b698ad1754e,badge,https://www.shanghairanking.cn/_uni/logo/82819451.png,https://github.com/xioajiumi/Chinese_Universities/blob/e088fddc329a6f0148ca72fd3b4d0fe069f13e3a/Chinese_Universities.json,82819451.png,Chinese_Universities.json,False,png,,,,,,,,,indexed_not_fetched,MIT,,东南大学,xioajiumi/Chinese_Universities,e088fddc329a6f0148ca72fd3b4d0fe069f13e3a,,
4132010286,东南大学,d70061f3718dd828,badge,https://raw.githubusercontent.com/Magicdover/China-Universities-2026/419bdc7ce6956fc88c2b70b3979f170b6666f111/assets/logos-new/%E4%B8%9C%E5%8D%97%E5%A4%A7%E5%AD%A6%20SEU.svg,https://github.com/Magicdover/China-Universities-2026/blob/419bdc7ce6956fc88c2b70b3979f170b6666f111/assets/logos-new/%E4%B8%9C%E5%8D%97%E5%A4%A7%E5%AD%A6%20SEU.svg,%E4%B8%9C%E5%8D%97%E5%A4%A7%E5%AD%A6%20SEU.svg,assets/logos-new/东南大学 SEU.svg,False,svg,88.0,88.0,,,True,vector,,,content_inspected,MIT,,东南大学,Magicdover/China-Universities-2026,419bdc7ce6956fc88c2b70b3979f170b6666f111,be29cdc79149a6fb617f62ce3ce9db1b51f65ea763ef149480977663ce3de9e2,139423
4132010286,东南大学,23f756962b87577a,badge,https://raw.githubusercontent.com/HeyHuazi/SVGLOGO/142498f527ac2dd3116cc1feccb9670879839f74/static/library/school/SEU.svg,https://github.com/HeyHuazi/SVGLOGO/blob/142498f527ac2dd3116cc1feccb9670879839f74/static/library/school/SEU.svg,SEU.svg,static/library/school/SEU.svg,False,svg,128.0,137.0,,,True,vector,,,content_inspected,MIT,,东南大学,HeyHuazi/SVGLOGO,142498f527ac2dd3116cc1feccb9670879839f74,d5b14597d11469b28ab3cd261bc6840dc37e9ac0b1530dd79ac86154f40fd655,63764
4132010286,东南大学,ec99a959c2000418,wordmark,https://raw.githubusercontent.com/HeyHuazi/SVGLOGO/142498f527ac2dd3116cc1feccb9670879839f74/static/library/school/SEU_wordmark.svg,https://github.com/HeyHuazi/SVGLOGO/blob/142498f527ac2dd3116cc1feccb9670879839f74/static/library/school/SEU_wordmark.svg,SEU_wordmark.svg,static/library/school/SEU_wordmark.svg,False,svg,,,,,True,vector,,,content_inspected,MIT,,东南大学,HeyHuazi/SVGLOGO,142498f527ac2dd3116cc1feccb9670879839f74,661a3ccf22fde908c1da5b80f5b4410170b46d79411616b75ab5d5af079f54a1,17446
4132010286,东南大学,bf51f83d5f666b06,badge,https://raw.githubusercontent.com/RoboMaster/university_logos/3d645fc89869707bd7df8dba0f7e4bbcc4a60e14/Southeast_University/png/logo_yellow_800x800.png,https://github.com/RoboMaster/university_logos/blob/3d645fc89869707bd7df8dba0f7e4bbcc4a60e14/Southeast_University/png/logo_yellow_800x800.png,logo_yellow_800x800.png,Southeast_University/png/logo_yellow_800x800.png,False,png,800,800,,,False,raster,True,True,content_inspected,,,东南大学,RoboMaster/university_logos,3d645fc89869707bd7df8dba0f7e4bbcc4a60e14,7f3c956aed9880beb7e5029a1d2ab62b12d759368b4de4282b9ccc4613b6bc9b,85522
4132010286,东南大学,cf18b8e2b541e20c,badge,https://raw.githubusercontent.com/RoboMaster/university_logos/3d645fc89869707bd7df8dba0f7e4bbcc4a60e14/Southeast_University/svg/logo_yellow.svg,https://github.com/RoboMaster/university_logos/blob/3d645fc89869707bd7df8dba0f7e4bbcc4a60e14/Southeast_University/svg/logo_yellow.svg,logo_yellow.svg,Southeast_University/svg/logo_yellow.svg,False,svg,,,,,True,vector,,,content_inspected,,,东南大学,RoboMaster/university_logos,3d645fc89869707bd7df8dba0f7e4bbcc4a60e14,2275afc09873b524c8fc56c45886de490582bc91fd67bb228d2f475e480b292b,491901
4132010287,南京航空航天大学,13f6f3d4348e749b,badge,https://www.shanghairanking.cn/_uni/logo-jpg/4506696400.jpg,https://github.com/xioajiumi/Chinese_Universities/blob/e088fddc329a6f0148ca72fd3b4d0fe069f13e3a/Chinese_Universities.json,4506696400.jpg,Chinese_Universities.json,False,jpg,,,,,,,,,indexed_not_fetched,MIT,,南京航空航天大学,xioajiumi/Chinese_Universities,e088fddc329a6f0148ca72fd3b4d0fe069f13e3a,,
4132010287,南京航空航天大学,5df808c64f3a1667,badge,https://raw.githubusercontent.com/Magicdover/China-Universities-2026/419bdc7ce6956fc88c2b70b3979f170b6666f111/assets/logos-new/%E5%8D%97%E4%BA%AC%E8%88%AA%E7%A9%BA%E8%88%AA%E5%A4%A9%E5%A4%A7%E5%AD%A6%20NUAA.svg,https://github.com/Magicdover/China-Universities-2026/blob/419bdc7ce6956fc88c2b70b3979f170b6666f111/assets/logos-new/%E5%8D%97%E4%BA%AC%E8%88%AA%E7%A9%BA%E8%88%AA%E5%A4%A9%E5%A4%A7%E5%AD%A6%20NUAA.svg,%E5%8D%97%E4%BA%AC%E8%88%AA%E7%A9%BA%E8%88%AA%E5%A4%A9%E5%A4%A7%E5%AD%A6%20NUAA.svg,assets/logos-new/南京航空航天大学 NUAA.svg,False,svg,,,,,True,vector,,,content_inspected,MIT,,南京航空航天大学,Magicdover/China-Universities-2026,419bdc7ce6956fc88c2b70b3979f170b6666f111,6bbf098438b4357d6d840b4e43ca3eba2fcea5e6e3ec38b3a8dfdb897219440a,14635
4132010287,南京航空航天大学,e87382ec4e468d80,badge,https://raw.githubusercontent.com/RoboMaster/university_logos/3d645fc89869707bd7df8dba0f7e4bbcc4a60e14/Nanjing_University_of_Aeronautics_and_Astronautics/png/logo_purple_800x800.png,https://github.com/RoboMaster/university_logos/blob/3d645fc89869707bd7df8dba0f7e4bbcc4a60e14/Nanjing_University_of_Aeronautics_and_Astronautics/png/logo_purple_800x800.png,logo_purple_800x800.png,Nanjing_University_of_Aeronautics_and_Astronautics/png/logo_purple_800x800.png,False,png,800,800,,,False,raster,True,True,content_inspected,,,南京航空航天大学,RoboMaster/university_logos,3d645fc89869707bd7df8dba0f7e4bbcc4a60e14,a0adef334ed20dc79d3e6a95f69cc649c6d41685d5e7f9e099ca21a3256c174a,498502
4132010288,南京理工大学,154a2194c88805a5,badge,https://www.shanghairanking.cn/_uni/logo/38974419.png,https://github.com/xioajiumi/Chinese_Universities/blob/e088fddc329a6f0148ca72fd3b4d0fe069f13e3a/Chinese_Universities.json,38974419.png,Chinese_Universities.json,False,png,,,,,,,,,indexed_not_fetched,MIT,,南京理工大学,xioajiumi/Chinese_Universities,e088fddc329a6f0148ca72fd3b4d0fe069f13e3a,,
4132010288,南京理工大学,4959824c5447b189,badge,https://raw.githubusercontent.com/Magicdover/China-Universities-2026/419bdc7ce6956fc88c2b70b3979f170b6666f111/assets/logos-new/%E5%8D%97%E4%BA%AC%E7%90%86%E5%B7%A5%E5%A4%A7%E5%AD%A6%20NJUST.svg,https://github.com/Magicdover/China-Universities-2026/blob/419bdc7ce6956fc88c2b70b3979f170b6666f111/assets/logos-new/%E5%8D%97%E4%BA%AC%E7%90%86%E5%B7%A5%E5%A4%A7%E5%AD%A6%20NJUST.svg,%E5%8D%97%E4%BA%AC%E7%90%86%E5%B7%A5%E5%A4%A7%E5%AD%A6%20NJUST.svg,assets/logos-new/南京理工大学 NJUST.svg,False,svg,283.0,283.0,,,True,vector,,,content_inspected,MIT,,南京理工大学,Magicdover/China-Universities-2026,419bdc7ce6956fc88c2b70b3979f170b6666f111,8fdf4ea20837839d2781d0ce3e001740ba81f7f62dc3b4f73438572804d5a0b8,144986
4132010288,南京理工大学,c7cd73f67c78f861,badge,https://raw.githubusercontent.com/RoboMaster/university_logos/3d645fc89869707bd7df8dba0f7e4bbcc4a60e14/Nanjing_University_of_Science_and_Technology/png/logo_purple_800x800.png,https://github.com/RoboMaster/university_logos/blob/3d645fc89869707bd7df8dba0f7e4bbcc4a60e14/Nanjing_University_of_Science_and_Technology/png/logo_purple_800x800.png,logo_purple_800x800.png,Nanjing_University_of_Science_and_Technology/png/logo_purple_800x800.png,False,png,800,800,,,False,raster,True,True,content_inspected,,,南京理工大学,RoboMaster/university_logos,3d645fc89869707bd7df8dba0f7e4bbcc4a60e14,8751da9bdfa87a8cf9a17d35ffc09f163d7eda5eaddada0322ece5e319203e0a,73563
4132010288,南京理工大学,23a049e88dbf4431,badge,https://raw.githubusercontent.com/RoboMaster/university_logos/3d645fc89869707bd7df8dba0f7e4bbcc4a60e14/Nanjing_University_of_Science_and_Technology/svg/logo_purple.svg,https://github.com/RoboMaster/university_logos/blob/3d645fc89869707bd7df8dba0f7e4bbcc4a60e14/Nanjing_University_of_Science_and_Technology/svg/logo_purple.svg,logo_purple.svg,Nanjing_University_of_Science_and_Technology/svg/logo_purple.svg,False,svg,,,,,True,vector,,,content_inspected,,,南京理工大学,RoboMaster/university_logos,3d645fc89869707bd7df8dba0f7e4bbcc4a60e14,ea874d5eb1c32c296d1891857b8f9fedc95908244f1989f2a022a78f9d9fcc1f,663527
4132010289,江苏科技大学,854fca629da07be0,badge,https://www.shanghairanking.cn/_uni/logo/20300251.png,https://github.com/xioajiumi/Chinese_Universities/blob/e088fddc329a6f0148ca72fd3b4d0fe069f13e3a/Chinese_Universities.json,20300251.png,Chinese_Universities.json,False,png,,,,,,,,,indexed_not_fetched,MIT,,江苏科技大学,xioajiumi/Chinese_Universities,e088fddc329a6f0148ca72fd3b4d0fe069f13e3a,,
4132010289,江苏科技大学,592e31788e97db92,badge,https://raw.githubusercontent.com/RoboMaster/university_logos/3d645fc89869707bd7df8dba0f7e4bbcc4a60e14/Jiangsu_University_of_Science_and_Technology/png/logo_blue_800x800.png,https://github.com/RoboMaster/university_logos/blob/3d645fc89869707bd7df8dba0f7e4bbcc4a60e14/Jiangsu_University_of_Science_and_Technology/png/logo_blue_800x800.png,logo_blue_800x800.png,Jiangsu_University_of_Science_and_Technology/png/logo_blue_800x800.png,False,png,800,800,,,False,raster,True,True,content_inspected,,,江苏科技大学,RoboMaster/university_logos,3d645fc89869707bd7df8dba0f7e4bbcc4a60e14,b1414a3a1da7c8faf5489b46acb8b5f059ce30ffc2f8759b616d6858e4f18f04,85520
4132010289,江苏科技大学,1e200e6b017e47c3,badge,https://raw.githubusercontent.com/RoboMaster/university_logos/3d645fc89869707bd7df8dba0f7e4bbcc4a60e14/Jiangsu_University_of_Science_and_Technology/svg/logo_blue.svg,https://github.com/RoboMaster/university_logos/blob/3d645fc89869707bd7df8dba0f7e4bbcc4a60e14/Jiangsu_University_of_Science_and_Technology/svg/logo_blue.svg,logo_blue.svg,Jiangsu_University_of_Science_and_Technology/svg/logo_blue.svg,False,svg,,,,,False,svg_with_raster,,,content_inspected,,,江苏科技大学,RoboMaster/university_logos,3d645fc89869707bd7df8dba0f7e4bbcc4a60e14,b68cb307ddee3c56944de2ec278a69a7fc4deed6a838fa261880bc199dbe2449,514541
4132010290,中国矿业大学,d3f5b2f42d678c1e,badge,https://www.shanghairanking.cn/_uni/logo/15914272.png,https://github.com/xioajiumi/Chinese_Universities/blob/e088fddc329a6f0148ca72fd3b4d0fe069f13e3a/Chinese_Universities.json,15914272.png,Chinese_Universities.json,False,png,,,,,,,,,indexed_not_fetched,MIT,,中国矿业大学,xioajiumi/Chinese_Universities,e088fddc329a6f0148ca72fd3b4d0fe069f13e3a,,
4132010290,中国矿业大学,0ade86359cc9c850,badge,https://raw.githubusercontent.com/Magicdover/China-Universities-2026/419bdc7ce6956fc88c2b70b3979f170b6666f111/assets/logos-new/%E4%B8%AD%E5%9B%BD%E7%9F%BF%E4%B8%9A%E5%A4%A7%E5%AD%A6%20CUMT.svg,https://github.com/Magicdover/China-Universities-2026/blob/419bdc7ce6956fc88c2b70b3979f170b6666f111/assets/logos-new/%E4%B8%AD%E5%9B%BD%E7%9F%BF%E4%B8%9A%E5%A4%A7%E5%AD%A6%20CUMT.svg,%E4%B8%AD%E5%9B%BD%E7%9F%BF%E4%B8%9A%E5%A4%A7%E5%AD%A6%20CUMT.svg,assets/logos-new/中国矿业大学 CUMT.svg,False,svg,88.0,88.0,,,True,vector,,,content_inspected,MIT,,中国矿业大学,Magicdover/China-Universities-2026,419bdc7ce6956fc88c2b70b3979f170b6666f111,9f0316c3be59c4a2921a4d63d42f8d6b051dc422bf4130c8e126722cf616de0e,121874
4132010290,中国矿业大学,c698d202c30704f4,badge,https://raw.githubusercontent.com/RoboMaster/university_logos/3d645fc89869707bd7df8dba0f7e4bbcc4a60e14/China_University_of_Mining_and_Technology/png/logo_blue_800x800.png,https://github.com/RoboMaster/university_logos/blob/3d645fc89869707bd7df8dba0f7e4bbcc4a60e14/China_University_of_Mining_and_Technology/png/logo_blue_800x800.png,logo_blue_800x800.png,China_University_of_Mining_and_Technology/png/logo_blue_800x800.png,False,png,800,800,,,False,raster,True,True,content_inspected,,,中国矿业大学,RoboMaster/university_logos,3d645fc89869707bd7df8dba0f7e4bbcc4a60e14,78c613518bca065edc9b009e0cd3a88bea29a3c522d3bbcf6797c07bdd76b804,90756
4132010290,中国矿业大学,fe6b15c2c7a85b8e,badge,https://raw.githubusercontent.com/RoboMaster/university_logos/3d645fc89869707bd7df8dba0f7e4bbcc4a60e14/China_University_of_Mining_and_Technology/svg/logo_blue.svg,https://github.com/RoboMaster/university_logos/blob/3d645fc89869707bd7df8dba0f7e4bbcc4a60e14/China_University_of_Mining_and_Technology/svg/logo_blue.svg,logo_blue.svg,China_University_of_Mining_and_Technology/svg/logo_blue.svg,False,svg,,,,,True,vector,,,content_inspected,,,中国矿业大学,RoboMaster/university_logos,3d645fc89869707bd7df8dba0f7e4bbcc4a60e14,0d5a3e5947e668648cbffd42cff95e7610329d99d7d726f14b3c2080e924b52b,543389
4132010291,南京工业大学,74dee40805c359b7,badge,https://www.shanghairanking.cn/_uni/logo/18208126.png,https://github.com/xioajiumi/Chinese_Universities/blob/e088fddc329a6f0148ca72fd3b4d0fe069f13e3a/Chinese_Universities.json,18208126.png,Chinese_Universities.json,False,png,,,,,,,,,indexed_not_fetched,MIT,,南京工业大学,xioajiumi/Chinese_Universities,e088fddc329a6f0148ca72fd3b4d0fe069f13e3a,,
4132010291,南京工业大学,41f597d9a593c5dd,badge,https://raw.githubusercontent.com/Magicdover/China-Universities-2026/419bdc7ce6956fc88c2b70b3979f170b6666f111/assets/logos-new/%E5%8D%97%E4%BA%AC%E5%B7%A5%E4%B8%9A%E5%A4%A7%E5%AD%A6%20NJTECH.svg,https://github.com/Magicdover/China-Universities-2026/blob/419bdc7ce6956fc88c2b70b3979f170b6666f111/assets/logos-new/%E5%8D%97%E4%BA%AC%E5%B7%A5%E4%B8%9A%E5%A4%A7%E5%AD%A6%20NJTECH.svg,%E5%8D%97%E4%BA%AC%E5%B7%A5%E4%B8%9A%E5%A4%A7%E5%AD%A6%20NJTECH.svg,assets/logos-new/南京工业大学 NJTECH.svg,False,svg,100.0,100.0,,,True,vector,,,content_inspected,MIT,,南京工业大学,Magicdover/China-Universities-2026,419bdc7ce6956fc88c2b70b3979f170b6666f111,fd68bb62b0e846ef8805cca6161b5962566113430b0697f8a3a7055de0c9ad13,22352
4132010292,常州大学,1b477f01193b4bc6,badge,https://www.shanghairanking.cn/_uni/logo/80008528.png,https://github.com/xioajiumi/Chinese_Universities/blob/e088fddc329a6f0148ca72fd3b4d0fe069f13e3a/Chinese_Universities.json,80008528.png,Chinese_Universities.json,False,png,,,,,,,,,indexed_not_fetched,MIT,,常州大学,xioajiumi/Chinese_Universities,e088fddc329a6f0148ca72fd3b4d0fe069f13e3a,,
4132010293,南京邮电大学,12ecf664ab6445fe,badge,https://www.shanghairanking.cn/_uni/logo/19754745.png,https://github.com/xioajiumi/Chinese_Universities/blob/e088fddc329a6f0148ca72fd3b4d0fe069f13e3a/Chinese_Universities.json,19754745.png,Chinese_Universities.json,False,png,,,,,,,,,indexed_not_fetched,MIT,,南京邮电大学,xioajiumi/Chinese_Universities,e088fddc329a6f0148ca72fd3b4d0fe069f13e3a,,
4132010293,南京邮电大学,25b6fcb201d5af34,badge,https://raw.githubusercontent.com/Magicdover/China-Universities-2026/419bdc7ce6956fc88c2b70b3979f170b6666f111/assets/logos-new/%E5%8D%97%E4%BA%AC%E9%82%AE%E7%94%B5%E5%A4%A7%E5%AD%A6%20NJUPT.svg,https://github.com/Magicdover/China-Universities-2026/blob/419bdc7ce6956fc88c2b70b3979f170b6666f111/assets/logos-new/%E5%8D%97%E4%BA%AC%E9%82%AE%E7%94%B5%E5%A4%A7%E5%AD%A6%20NJUPT.svg,%E5%8D%97%E4%BA%AC%E9%82%AE%E7%94%B5%E5%A4%A7%E5%AD%A6%20NJUPT.svg,assets/logos-new/南京邮电大学 NJUPT.svg,False,svg,86.0,88.0,,,True,vector,,,content_inspected,MIT,,南京邮电大学,Magicdover/China-Universities-2026,419bdc7ce6956fc88c2b70b3979f170b6666f111,dc19b24d9360d50bd3e2f43606b647ee501e45715c5794faab1e9e2128bf7300,86797
4132010294,河海大学,4b22c3fda57285ea,badge,https://www.shanghairanking.cn/_uni/logo/76817036.png,https://github.com/xioajiumi/Chinese_Universities/blob/e088fddc329a6f0148ca72fd3b4d0fe069f13e3a/Chinese_Universities.json,76817036.png,Chinese_Universities.json,False,png,,,,,,,,,indexed_not_fetched,MIT,,河海大学,xioajiumi/Chinese_Universities,e088fddc329a6f0148ca72fd3b4d0fe069f13e3a,,
4132010294,河海大学,546ccc29a2e72ca3,badge,https://raw.githubusercontent.com/Magicdover/China-Universities-2026/419bdc7ce6956fc88c2b70b3979f170b6666f111/assets/logos/%E6%B2%B3%E6%B5%B7%E5%A4%A7%E5%AD%A6%20HHU.svg,https://github.com/Magicdover/China-Universities-2026/blob/419bdc7ce6956fc88c2b70b3979f170b6666f111/assets/logos/%E6%B2%B3%E6%B5%B7%E5%A4%A7%E5%AD%A6%20HHU.svg,%E6%B2%B3%E6%B5%B7%E5%A4%A7%E5%AD%A6%20HHU.svg,assets/logos/河海大学 HHU.svg,False,svg,154.0,157.0,,,True,vector,,,content_inspected,MIT,,河海大学,Magicdover/China-Universities-2026,419bdc7ce6956fc88c2b70b3979f170b6666f111,117fa7cf534ced639f99368998ad1ba1d6f0ee1f291cbfa0d6288d83c631cdb5,62865
4132010295,江南大学,11bef35c9947b4e3,badge,https://www.shanghairanking.cn/_uni/logo/92884896.png,https://github.com/xioajiumi/Chinese_Universities/blob/e088fddc329a6f0148ca72fd3b4d0fe069f13e3a/Chinese_Universities.json,92884896.png,Chinese_Universities.json,False,png,,,,,,,,,indexed_not_fetched,MIT,,江南大学,xioajiumi/Chinese_Universities,e088fddc329a6f0148ca72fd3b4d0fe069f13e3a,,
4132010295,江南大学,06ff0eeb67ec2dc8,badge,https://raw.githubusercontent.com/Magicdover/China-Universities-2026/419bdc7ce6956fc88c2b70b3979f170b6666f111/assets/logos-new/%E6%B1%9F%E5%8D%97%E5%A4%A7%E5%AD%A6%20JNU.svg,https://github.com/Magicdover/China-Universities-2026/blob/419bdc7ce6956fc88c2b70b3979f170b6666f111/assets/logos-new/%E6%B1%9F%E5%8D%97%E5%A4%A7%E5%AD%A6%20JNU.svg,%E6%B1%9F%E5%8D%97%E5%A4%A7%E5%AD%A6%20JNU.svg,assets/logos-new/江南大学 JNU.svg,False,svg,88.0,88.0,,,True,vector,,,content_inspected,MIT,,江南大学,Magicdover/China-Universities-2026,419bdc7ce6956fc88c2b70b3979f170b6666f111,0b6f86b8d6f0c71eb2fd2018954bba1612185ad0a06dc737c4ce57755eea9737,82263
4132010298,南京林业大学,583bb14631919228,badge,https://www.shanghairanking.cn/_uni/logo/34561912.png,https://github.com/xioajiumi/Chinese_Universities/blob/e088fddc329a6f0148ca72fd3b4d0fe069f13e3a/Chinese_Universities.json,34561912.png,Chinese_Universities.json,False,png,,,,,,,,,indexed_not_fetched,MIT,,南京林业大学,xioajiumi/Chinese_Universities,e088fddc329a6f0148ca72fd3b4d0fe069f13e3a,,
4132010298,南京林业大学,b61a754e2d7416b2,badge,https://raw.githubusercontent.com/HeyHuazi/SVGLOGO/142498f527ac2dd3116cc1feccb9670879839f74/static/library/school/NJFU.svg,https://github.com/HeyHuazi/SVGLOGO/blob/142498f527ac2dd3116cc1feccb9670879839f74/static/library/school/NJFU.svg,NJFU.svg,static/library/school/NJFU.svg,False,svg,128.0,128.0,,,True,vector,,,content_inspected,MIT,,南京林业大学,HeyHuazi/SVGLOGO,142498f527ac2dd3116cc1feccb9670879839f74,d03f2fc6041a574d6c130c2a5aefd91c048c71ab208fd5f6daa7f7b6a3b5ec94,74784
4132010299,江苏大学,d5c4b4e13799c058,badge,https://www.shanghairanking.cn/_uni/logo/28154997.png,https://github.com/xioajiumi/Chinese_Universities/blob/e088fddc329a6f0148ca72fd3b4d0fe069f13e3a/Chinese_Universities.json,28154997.png,Chinese_Universities.json,False,png,,,,,,,,,indexed_not_fetched,MIT,,江苏大学,xioajiumi/Chinese_Universities,e088fddc329a6f0148ca72fd3b4d0fe069f13e3a,,
4132010299,江苏大学,fed5500c383d62c3,badge,https://raw.githubusercontent.com/Magicdover/China-Universities-2026/419bdc7ce6956fc88c2b70b3979f170b6666f111/assets/logos-new/%E6%B1%9F%E8%8B%8F%E5%A4%A7%E5%AD%A6%20UJS.svg,https://github.com/Magicdover/China-Universities-2026/blob/419bdc7ce6956fc88c2b70b3979f170b6666f111/assets/logos-new/%E6%B1%9F%E8%8B%8F%E5%A4%A7%E5%AD%A6%20UJS.svg,%E6%B1%9F%E8%8B%8F%E5%A4%A7%E5%AD%A6%20UJS.svg,assets/logos-new/江苏大学 UJS.svg,False,svg,,,,,True,vector,,,content_inspected,MIT,,江苏大学,Magicdover/China-Universities-2026,419bdc7ce6956fc88c2b70b3979f170b6666f111,731da699131fd5dc5f2402342b8f2ccfcfcabef6dca1792cbc2d70396fd3b5b4,18619
4132010300,南京信息工程大学,f2b934cfd9a7ca29,badge,https://www.shanghairanking.cn/_uni/logo/59759082.png,https://github.com/xioajiumi/Chinese_Universities/blob/e088fddc329a6f0148ca72fd3b4d0fe069f13e3a/Chinese_Universities.json,59759082.png,Chinese_Universities.json,False,png,,,,,,,,,indexed_not_fetched,MIT,,南京信息工程大学,xioajiumi/Chinese_Universities,e088fddc329a6f0148ca72fd3b4d0fe069f13e3a,,
4132010300,南京信息工程大学,69db98aa73e5523c,badge,https://raw.githubusercontent.com/Magicdover/China-Universities-2026/419bdc7ce6956fc88c2b70b3979f170b6666f111/assets/logos/%E5%8D%97%E4%BA%AC%E4%BF%A1%E6%81%AF%E5%B7%A5%E7%A8%8B%E5%A4%A7%E5%AD%A6%20NUIST.svg,https://github.com/Magicdover/China-Universities-2026/blob/419bdc7ce6956fc88c2b70b3979f170b6666f111/assets/logos/%E5%8D%97%E4%BA%AC%E4%BF%A1%E6%81%AF%E5%B7%A5%E7%A8%8B%E5%A4%A7%E5%AD%A6%20NUIST.svg,%E5%8D%97%E4%BA%AC%E4%BF%A1%E6%81%AF%E5%B7%A5%E7%A8%8B%E5%A4%A7%E5%AD%A6%20NUIST.svg,assets/logos/南京信息工程大学 NUIST.svg,False,svg,154.0,157.0,,,True,vector,,,content_inspected,MIT,,南京信息工程大学,Magicdover/China-Universities-2026,419bdc7ce6956fc88c2b70b3979f170b6666f111,a1671a788d0cc4ffaac6a926a1216428f2f39bc76b0b9ae0ef2eb58976dcbe8c,139723
4132010300,南京信息工程大学,4c4ea68a1bd16d79,badge,https://raw.githubusercontent.com/HeyHuazi/SVGLOGO/142498f527ac2dd3116cc1feccb9670879839f74/static/library/school/NUIST.svg,https://github.com/HeyHuazi/SVGLOGO/blob/142498f527ac2dd3116cc1feccb9670879839f74/static/library/school/NUIST.svg,NUIST.svg,static/library/school/NUIST.svg,False,svg,128.0,128.0,,,True,vector,,,content_inspected,MIT,,南京信息工程大学,HeyHuazi/SVGLOGO,142498f527ac2dd3116cc1feccb9670879839f74,8d007a7702b0edf5c2b733f59b341333cc13d55237b141df37787161049c5b72,28450
4132010300,南京信息工程大学,d642a736807223a5,wordmark,https://raw.githubusercontent.com/HeyHuazi/SVGLOGO/142498f527ac2dd3116cc1feccb9670879839f74/static/library/school/NUIST_wordmark.svg,https://github.com/HeyHuazi/SVGLOGO/blob/142498f527ac2dd3116cc1feccb9670879839f74/static/library/school/NUIST_wordmark.svg,NUIST_wordmark.svg,static/library/school/NUIST_wordmark.svg,False,svg,,,,,True,vector,,,content_inspected,MIT,,南京信息工程大学,HeyHuazi/SVGLOGO,142498f527ac2dd3116cc1feccb9670879839f74,8a1660c848fec028296f4723c0be3ec558fbe37f7f586b248e77d6bb76566ae8,20204
4132010304,南通大学,58e5298fe3af4320,badge,https://www.shanghairanking.cn/_uni/logo/39196558.png,https://github.com/xioajiumi/Chinese_Universities/blob/e088fddc329a6f0148ca72fd3b4d0fe069f13e3a/Chinese_Universities.json,39196558.png,Chinese_Universities.json,False,png,,,,,,,,,indexed_not_fetched,MIT,,南通大学,xioajiumi/Chinese_Universities,e088fddc329a6f0148ca72fd3b4d0fe069f13e3a,,
4132010305,盐城工学院,a56179fed1d1b321,badge,https://www.shanghairanking.cn/_uni/logo/98593672.png,https://github.com/xioajiumi/Chinese_Universities/blob/e088fddc329a6f0148ca72fd3b4d0fe069f13e3a/Chinese_Universities.json,98593672.png,Chinese_Universities.json,False,png,,,,,,,,,indexed_not_fetched,MIT,,盐城工学院,xioajiumi/Chinese_Universities,e088fddc329a6f0148ca72fd3b4d0fe069f13e3a,,
4132010307,南京农业大学,379e4db9e91e4520,badge,https://www.shanghairanking.cn/_uni/logo/43891811.png,https://github.com/xioajiumi/Chinese_Universities/blob/e088fddc329a6f0148ca72fd3b4d0fe069f13e3a/Chinese_Universities.json,43891811.png,Chinese_Universities.json,False,png,,,,,,,,,indexed_not_fetched,MIT,,南京农业大学,xioajiumi/Chinese_Universities,e088fddc329a6f0148ca72fd3b4d0fe069f13e3a,,
4132010307,南京农业大学,4318ae7c7a6aa7f5,badge,https://raw.githubusercontent.com/Magicdover/China-Universities-2026/419bdc7ce6956fc88c2b70b3979f170b6666f111/assets/logos-new/%E5%8D%97%E4%BA%AC%E5%86%9C%E4%B8%9A%E5%A4%A7%E5%AD%A6%20NJAU.svg,https://github.com/Magicdover/China-Universities-2026/blob/419bdc7ce6956fc88c2b70b3979f170b6666f111/assets/logos-new/%E5%8D%97%E4%BA%AC%E5%86%9C%E4%B8%9A%E5%A4%A7%E5%AD%A6%20NJAU.svg,%E5%8D%97%E4%BA%AC%E5%86%9C%E4%B8%9A%E5%A4%A7%E5%AD%A6%20NJAU.svg,assets/logos-new/南京农业大学 NJAU.svg,False,svg,88.0,87.0,,,True,vector,,,content_inspected,MIT,,南京农业大学,Magicdover/China-Universities-2026,419bdc7ce6956fc88c2b70b3979f170b6666f111,c06b3ef29499188ad51b3afad9d6d039d044630aa19d1da61cf9e1a96719d335,221254
4132010312,南京医科大学,835ff2da0358c282,badge,https://raw.githubusercontent.com/Magicdover/China-Universities-2026/419bdc7ce6956fc88c2b70b3979f170b6666f111/assets/logos-new/%E5%8D%97%E4%BA%AC%E5%8C%BB%E7%A7%91%E5%A4%A7%E5%AD%A6%20NJMU.svg,https://github.com/Magicdover/China-Universities-2026/blob/419bdc7ce6956fc88c2b70b3979f170b6666f111/assets/logos-new/%E5%8D%97%E4%BA%AC%E5%8C%BB%E7%A7%91%E5%A4%A7%E5%AD%A6%20NJMU.svg,%E5%8D%97%E4%BA%AC%E5%8C%BB%E7%A7%91%E5%A4%A7%E5%AD%A6%20NJMU.svg,assets/logos-new/南京医科大学 NJMU.svg,False,svg,36.24560546875,47.9998779296875,,,True,vector,,,content_inspected,MIT,,南京医科大学,Magicdover/China-Universities-2026,419bdc7ce6956fc88c2b70b3979f170b6666f111,12629b9b10c89bc5cf1474b6fcb23beb58f983a834842b1a18faeb19998c69f5,130436
4132010315,南京中医药大学,cd35542862d76214,badge,https://raw.githubusercontent.com/Magicdover/China-Universities-2026/419bdc7ce6956fc88c2b70b3979f170b6666f111/assets/logos-new/%E5%8D%97%E4%BA%AC%E4%B8%AD%E5%8C%BB%E8%8D%AF%E5%A4%A7%E5%AD%A6%20NJUCM.svg,https://github.com/Magicdover/China-Universities-2026/blob/419bdc7ce6956fc88c2b70b3979f170b6666f111/assets/logos-new/%E5%8D%97%E4%BA%AC%E4%B8%AD%E5%8C%BB%E8%8D%AF%E5%A4%A7%E5%AD%A6%20NJUCM.svg,%E5%8D%97%E4%BA%AC%E4%B8%AD%E5%8C%BB%E8%8D%AF%E5%A4%A7%E5%AD%A6%20NJUCM.svg,assets/logos-new/南京中医药大学 NJUCM.svg,False,svg,88.0,62.0,,,True,vector,,,content_inspected,MIT,,南京中医药大学,Magicdover/China-Universities-2026,419bdc7ce6956fc88c2b70b3979f170b6666f111,e4c168afedf6a3bebec837fa29776c0624c26a54ae59535a10b83e1227fdf308,68440
4132010315,南京中医药大学,ea23cf9cb507b4d7,badge,https://raw.githubusercontent.com/HeyHuazi/SVGLOGO/142498f527ac2dd3116cc1feccb9670879839f74/static/library/school/NJUCM.svg,https://github.com/HeyHuazi/SVGLOGO/blob/142498f527ac2dd3116cc1feccb9670879839f74/static/library/school/NJUCM.svg,NJUCM.svg,static/library/school/NJUCM.svg,False,svg,128.0,128.0,,,True,vector,,,content_inspected,MIT,,南京中医药大学,HeyHuazi/SVGLOGO,142498f527ac2dd3116cc1feccb9670879839f74,1e8ca6091ef1c6a879fc7c38ecd25e30f72dc7872460b0f531c60d68d8ddd408,38033
4132010315,南京中医药大学,919bcba10620f4be,wordmark,https://raw.githubusercontent.com/HeyHuazi/SVGLOGO/142498f527ac2dd3116cc1feccb9670879839f74/static/library/school/NJUCM_wordmark.svg,https://github.com/HeyHuazi/SVGLOGO/blob/142498f527ac2dd3116cc1feccb9670879839f74/static/library/school/NJUCM_wordmark.svg,NJUCM_wordmark.svg,static/library/school/NJUCM_wordmark.svg,False,svg,,,,,True,vector,,,content_inspected,MIT,,南京中医药大学,HeyHuazi/SVGLOGO,142498f527ac2dd3116cc1feccb9670879839f74,d44d4e3e609abb11940a63ce309898fd527d35a47daa0d3da7bee82949753d69,21789
4132010316,中国药科大学,9b3fadc266bf71bd,badge,https://raw.githubusercontent.com/Magicdover/China-Universities-2026/419bdc7ce6956fc88c2b70b3979f170b6666f111/assets/logos-new/%E4%B8%AD%E5%9B%BD%E8%8D%AF%E7%A7%91%E5%A4%A7%E5%AD%A6%20CPU.svg,https://github.com/Magicdover/China-Universities-2026/blob/419bdc7ce6956fc88c2b70b3979f170b6666f111/assets/logos-new/%E4%B8%AD%E5%9B%BD%E8%8D%AF%E7%A7%91%E5%A4%A7%E5%AD%A6%20CPU.svg,%E4%B8%AD%E5%9B%BD%E8%8D%AF%E7%A7%91%E5%A4%A7%E5%AD%A6%20CPU.svg,assets/logos-new/中国药科大学 CPU.svg,False,svg,,,,,True,vector,,,content_inspected,MIT,,中国药科大学,Magicdover/China-Universities-2026,419bdc7ce6956fc88c2b70b3979f170b6666f111,1ed66f9a22015bcd8be9ca9a2f438a03cf19491db937000d4290b5856beecc03,22342
4132010319,南京师范大学,bdd80be8e4ab5996,badge,https://www.shanghairanking.cn/_uni/logo/27072054.png,https://github.com/xioajiumi/Chinese_Universities/blob/e088fddc329a6f0148ca72fd3b4d0fe069f13e3a/Chinese_Universities.json,27072054.png,Chinese_Universities.json,False,png,,,,,,,,,indexed_not_fetched,MIT,,南京师范大学,xioajiumi/Chinese_Universities,e088fddc329a6f0148ca72fd3b4d0fe069f13e3a,,
4132010319,南京师范大学,c0280cc4f3dc7e53,badge,https://raw.githubusercontent.com/Magicdover/China-Universities-2026/419bdc7ce6956fc88c2b70b3979f170b6666f111/assets/logos-new/%E5%8D%97%E4%BA%AC%E5%B8%88%E8%8C%83%E5%A4%A7%E5%AD%A6%20NJNU.svg,https://github.com/Magicdover/China-Universities-2026/blob/419bdc7ce6956fc88c2b70b3979f170b6666f111/assets/logos-new/%E5%8D%97%E4%BA%AC%E5%B8%88%E8%8C%83%E5%A4%A7%E5%AD%A6%20NJNU.svg,%E5%8D%97%E4%BA%AC%E5%B8%88%E8%8C%83%E5%A4%A7%E5%AD%A6%20NJNU.svg,assets/logos-new/南京师范大学 NJNU.svg,False,svg,84.0,88.0,,,True,vector,,,content_inspected,MIT,,南京师范大学,Magicdover/China-Universities-2026,419bdc7ce6956fc88c2b70b3979f170b6666f111,9dd8b3f4d94551a697a6a1bea300055a4a8a5fb73a5d538fcadcead4ba146f47,50300
4132010319,南京师范大学,f1574a1e7874b612,badge,https://raw.githubusercontent.com/HeyHuazi/SVGLOGO/142498f527ac2dd3116cc1feccb9670879839f74/static/library/school/NJNU.svg,https://github.com/HeyHuazi/SVGLOGO/blob/142498f527ac2dd3116cc1feccb9670879839f74/static/library/school/NJNU.svg,NJNU.svg,static/library/school/NJNU.svg,False,svg,128.0,128.0,,,True,vector,,,content_inspected,MIT,,南京师范大学,HeyHuazi/SVGLOGO,142498f527ac2dd3116cc1feccb9670879839f74,5dbd20f04a5e2f9dde3c6fe8461f5c76150b59d250457d4d8a458d42fc361866,25389
4132010319,南京师范大学,b2af4216eec80cc5,wordmark,https://raw.githubusercontent.com/HeyHuazi/SVGLOGO/142498f527ac2dd3116cc1feccb9670879839f74/static/library/school/NJNU_wordmark.svg,https://github.com/HeyHuazi/SVGLOGO/blob/142498f527ac2dd3116cc1feccb9670879839f74/static/library/school/NJNU_wordmark.svg,NJNU_wordmark.svg,static/library/school/NJNU_wordmark.svg,False,svg,,,,,True,vector,,,content_inspected,MIT,,南京师范大学,HeyHuazi/SVGLOGO,142498f527ac2dd3116cc1feccb9670879839f74,fefca7a21947292f2e83fe7c8b856326a5146df0e41aac75ae6c4a7b5b1d0fa1,12571
4132010320,江苏师范大学,37b625fbc918a0e1,badge,https://www.shanghairanking.cn/_uni/logo/43285571.png,https://github.com/xioajiumi/Chinese_Universities/blob/e088fddc329a6f0148ca72fd3b4d0fe069f13e3a/Chinese_Universities.json,43285571.png,Chinese_Universities.json,False,png,,,,,,,,,indexed_not_fetched,MIT,,江苏师范大学,xioajiumi/Chinese_Universities,e088fddc329a6f0148ca72fd3b4d0fe069f13e3a,,
4132010323,淮阴师范学院,78ba02bf1bb0ebd6,badge,https://www.shanghairanking.cn/_uni/logo/72353527.png,https://github.com/xioajiumi/Chinese_Universities/blob/e088fddc329a6f0148ca72fd3b4d0fe069f13e3a/Chinese_Universities.json,72353527.png,Chinese_Universities.json,False,png,,,,,,,,,indexed_not_fetched,MIT,,淮阴师范学院,xioajiumi/Chinese_Universities,e088fddc329a6f0148ca72fd3b4d0fe069f13e3a,,
4132010324,盐城师范学院,7176911f75af73b6,badge,https://www.shanghairanking.cn/_uni/logo/87686237.png,https://github.com/xioajiumi/Chinese_Universities/blob/e088fddc329a6f0148ca72fd3b4d0fe069f13e3a/Chinese_Universities.json,87686237.png,Chinese_Universities.json,False,png,,,,,,,,,indexed_not_fetched,MIT,,盐城师范学院,xioajiumi/Chinese_Universities,e088fddc329a6f0148ca72fd3b4d0fe069f13e3a,,
4132010332,苏州科技大学,93f4c75d5d948c6a,badge,https://www.shanghairanking.cn/_uni/logo/14409136.png,https://github.com/xioajiumi/Chinese_Universities/blob/e088fddc329a6f0148ca72fd3b4d0fe069f13e3a/Chinese_Universities.json,14409136.png,Chinese_Universities.json,False,png,,,,,,,,,indexed_not_fetched,MIT,,苏州科技大学,xioajiumi/Chinese_Universities,e088fddc329a6f0148ca72fd3b4d0fe069f13e3a,,
4132011055,常州工学院,2e585fc0e1552d8e,badge,https://www.shanghairanking.cn/_uni/logo/21237870.png,https://github.com/xioajiumi/Chinese_Universities/blob/e088fddc329a6f0148ca72fd3b4d0fe069f13e3a/Chinese_Universities.json,21237870.png,Chinese_Universities.json,False,png,,,,,,,,,indexed_not_fetched,MIT,,常州工学院,xioajiumi/Chinese_Universities,e088fddc329a6f0148ca72fd3b4d0fe069f13e3a,,
4132011117,扬州大学,7cfe655310a6bf3b,badge,https://www.shanghairanking.cn/_uni/logo/61656418.png,https://github.com/xioajiumi/Chinese_Universities/blob/e088fddc329a6f0148ca72fd3b4d0fe069f13e3a/Chinese_Universities.json,61656418.png,Chinese_Universities.json,False,png,,,,,,,,,indexed_not_fetched,MIT,,扬州大学,xioajiumi/Chinese_Universities,e088fddc329a6f0148ca72fd3b4d0fe069f13e3a,,
4132011117,扬州大学,d9aa41cd26941a21,badge,https://raw.githubusercontent.com/Magicdover/China-Universities-2026/419bdc7ce6956fc88c2b70b3979f170b6666f111/assets/logos-new/%E6%89%AC%E5%B7%9E%E5%A4%A7%E5%AD%A6%20YZU.svg,https://github.com/Magicdover/China-Universities-2026/blob/419bdc7ce6956fc88c2b70b3979f170b6666f111/assets/logos-new/%E6%89%AC%E5%B7%9E%E5%A4%A7%E5%AD%A6%20YZU.svg,%E6%89%AC%E5%B7%9E%E5%A4%A7%E5%AD%A6%20YZU.svg,assets/logos-new/扬州大学 YZU.svg,False,svg,,,,,True,vector,,,content_inspected,MIT,,扬州大学,Magicdover/China-Universities-2026,419bdc7ce6956fc88c2b70b3979f170b6666f111,d901f90ac03be82568bf309ff6d633fd6f595f4d469847b43bffd3e366cc5d66,6222
4132011276,南京工程学院,bc0af16f86d39a52,badge,https://www.shanghairanking.cn/_uni/logo/53286556.png,https://github.com/xioajiumi/Chinese_Universities/blob/e088fddc329a6f0148ca72fd3b4d0fe069f13e3a/Chinese_Universities.json,53286556.png,Chinese_Universities.json,False,png,,,,,,,,,indexed_not_fetched,MIT,,南京工程学院,xioajiumi/Chinese_Universities,e088fddc329a6f0148ca72fd3b4d0fe069f13e3a,,
4132011460,南京晓庄学院,b7af9dc2fe117b4c,badge,https://www.shanghairanking.cn/_uni/logo/17661336.png,https://github.com/xioajiumi/Chinese_Universities/blob/e088fddc329a6f0148ca72fd3b4d0fe069f13e3a/Chinese_Universities.json,17661336.png,Chinese_Universities.json,False,png,,,,,,,,,indexed_not_fetched,MIT,,南京晓庄学院,xioajiumi/Chinese_Universities,e088fddc329a6f0148ca72fd3b4d0fe069f13e3a,,
4132011463,江苏理工学院,0dfcdfe011511e52,badge,https://www.shanghairanking.cn/_uni/logo/18087642.png,https://github.com/xioajiumi/Chinese_Universities/blob/e088fddc329a6f0148ca72fd3b4d0fe069f13e3a/Chinese_Universities.json,18087642.png,Chinese_Universities.json,False,png,,,,,,,,,indexed_not_fetched,MIT,,江苏理工学院,xioajiumi/Chinese_Universities,e088fddc329a6f0148ca72fd3b4d0fe069f13e3a,,
4132011641,江苏海洋大学,fbdd47e4fe89e194,badge,https://www.shanghairanking.cn/_uni/logo/24296488.png,https://github.com/xioajiumi/Chinese_Universities/blob/e088fddc329a6f0148ca72fd3b4d0fe069f13e3a/Chinese_Universities.json,24296488.png,Chinese_Universities.json,False,png,,,,,,,,,indexed_not_fetched,MIT,,江苏海洋大学,xioajiumi/Chinese_Universities,e088fddc329a6f0148ca72fd3b4d0fe069f13e3a,,
4132011998,徐州工程学院,8b8ded3ff7e72353,badge,https://www.shanghairanking.cn/_uni/logo/15209078.png,https://github.com/xioajiumi/Chinese_Universities/blob/e088fddc329a6f0148ca72fd3b4d0fe069f13e3a/Chinese_Universities.json,15209078.png,Chinese_Universities.json,False,png,,,,,,,,,indexed_not_fetched,MIT,,徐州工程学院,xioajiumi/Chinese_Universities,e088fddc329a6f0148ca72fd3b4d0fe069f13e3a,,
4132012048,南京特殊教育师范学院,075264a2c672315e,badge,https://www.shanghairanking.cn/_uni/logo-jpg/4784677600.jpg,https://github.com/xioajiumi/Chinese_Universities/blob/e088fddc329a6f0148ca72fd3b4d0fe069f13e3a/Chinese_Universities.json,4784677600.jpg,Chinese_Universities.json,False,jpg,,,,,,,,,indexed_not_fetched,MIT,,南京特殊教育师范学院,xioajiumi/Chinese_Universities,e088fddc329a6f0148ca72fd3b4d0fe069f13e3a,,
4132012917,泰州学院,6d2ee6243c086066,badge,https://www.shanghairanking.cn/_uni/logo-jpg/4682020700.jpg,https://github.com/xioajiumi/Chinese_Universities/blob/e088fddc329a6f0148ca72fd3b4d0fe069f13e3a/Chinese_Universities.json,4682020700.jpg,Chinese_Universities.json,False,jpg,,,,,,,,,indexed_not_fetched,MIT,,泰州学院,xioajiumi/Chinese_Universities,e088fddc329a6f0148ca72fd3b4d0fe069f13e3a,,
4132013573,金陵科技学院,5298ff42c5c666a3,badge,https://www.shanghairanking.cn/_uni/logo/85525495.png,https://github.com/xioajiumi/Chinese_Universities/blob/e088fddc329a6f0148ca72fd3b4d0fe069f13e3a/Chinese_Universities.json,85525495.png,Chinese_Universities.json,False,png,,,,,,,,,indexed_not_fetched,MIT,,金陵科技学院,xioajiumi/Chinese_Universities,e088fddc329a6f0148ca72fd3b4d0fe069f13e3a,,
4132013982,无锡学院,f8c1ea2aacd0b7bc,badge,https://www.shanghairanking.cn/_uni/logo-jpg/7955219400.jpg,https://github.com/xioajiumi/Chinese_Universities/blob/e088fddc329a6f0148ca72fd3b4d0fe069f13e3a/Chinese_Universities.json,7955219400.jpg,Chinese_Universities.json,False,jpg,,,,,,,,,indexed_not_fetched,MIT,,无锡学院,xioajiumi/Chinese_Universities,e088fddc329a6f0148ca72fd3b4d0fe069f13e3a,,
4132013983,苏州城市学院,c970f1e1c59d8ad4,badge,https://www.shanghairanking.cn/_uni/logo-jpg/7187173700.jpg,https://github.com/xioajiumi/Chinese_Universities/blob/e088fddc329a6f0148ca72fd3b4d0fe069f13e3a/Chinese_Universities.json,7187173700.jpg,Chinese_Universities.json,False,jpg,,,,,,,,,indexed_not_fetched,MIT,,苏州城市学院,xioajiumi/Chinese_Universities,e088fddc329a6f0148ca72fd3b4d0fe069f13e3a,,
4132014436,江苏第二师范学院,44f18c9924904518,badge,https://www.shanghairanking.cn/_uni/logo/46841239.png,https://github.com/xioajiumi/Chinese_Universities/blob/e088fddc329a6f0148ca72fd3b4d0fe069f13e3a/Chinese_Universities.json,46841239.png,Chinese_Universities.json,False,png,,,,,,,,,indexed_not_fetched,MIT,,江苏第二师范学院,xioajiumi/Chinese_Universities,e088fddc329a6f0148ca72fd3b4d0fe069f13e3a,,
4136010403,南昌大学,893c94f278739d2b,badge,https://www.shanghairanking.cn/_uni/logo/25119833.png,https://github.com/xioajiumi/Chinese_Universities/blob/e088fddc329a6f0148ca72fd3b4d0fe069f13e3a/Chinese_Universities.json,25119833.png,Chinese_Universities.json,False,png,,,,,,,,,indexed_not_fetched,MIT,,南昌大学,xioajiumi/Chinese_Universities,e088fddc329a6f0148ca72fd3b4d0fe069f13e3a,,
4136010403,南昌大学,f9f7a87b249d42cf,badge,https://raw.githubusercontent.com/Magicdover/China-Universities-2026/419bdc7ce6956fc88c2b70b3979f170b6666f111/assets/logos-new/%E5%8D%97%E6%98%8C%E5%A4%A7%E5%AD%A6%20NCU.png,https://github.com/Magicdover/China-Universities-2026/blob/419bdc7ce6956fc88c2b70b3979f170b6666f111/assets/logos-new/%E5%8D%97%E6%98%8C%E5%A4%A7%E5%AD%A6%20NCU.png,%E5%8D%97%E6%98%8C%E5%A4%A7%E5%AD%A6%20NCU.png,assets/logos-new/南昌大学 NCU.png,False,png,1024,1024,,,False,raster,True,True,content_inspected,MIT,,南昌大学,Magicdover/China-Universities-2026,419bdc7ce6956fc88c2b70b3979f170b6666f111,f3f39d0e8225245c87f020f517671bdc84b85cc7da5c400ec1cd767126b75583,290120
4136010403,南昌大学,31da7f77c7dd1872,badge,https://raw.githubusercontent.com/RoboMaster/university_logos/3d645fc89869707bd7df8dba0f7e4bbcc4a60e14/Nanchang_University/png/logo_blue_800x800.png,https://github.com/RoboMaster/university_logos/blob/3d645fc89869707bd7df8dba0f7e4bbcc4a60e14/Nanchang_University/png/logo_blue_800x800.png,logo_blue_800x800.png,Nanchang_University/png/logo_blue_800x800.png,False,png,800,800,,,False,raster,True,True,content_inspected,,,南昌大学,RoboMaster/university_logos,3d645fc89869707bd7df8dba0f7e4bbcc4a60e14,b841010044725ba36e0ad1a2dfbde07f5968d7a4879c6b877130ad5429cd1b30,109641
4136010403,南昌大学,0b6469252869e8c4,badge,https://raw.githubusercontent.com/RoboMaster/university_logos/3d645fc89869707bd7df8dba0f7e4bbcc4a60e14/Nanchang_University/svg/logo_blue.svg,https://github.com/RoboMaster/university_logos/blob/3d645fc89869707bd7df8dba0f7e4bbcc4a60e14/Nanchang_University/svg/logo_blue.svg,logo_blue.svg,Nanchang_University/svg/logo_blue.svg,False,svg,,,,,True,vector,,,content_inspected,,,南昌大学,RoboMaster/university_logos,3d645fc89869707bd7df8dba0f7e4bbcc4a60e14,f2fe3d3dd9ef7910af6177fea33ce0725d74f6265e9a7dd46a3b7025f05bb06d,713605
4136010404,华东交通大学,8d5a9ecfb4669eab,badge,https://www.shanghairanking.cn/_uni/logo/87418361.png,https://github.com/xioajiumi/Chinese_Universities/blob/e088fddc329a6f0148ca72fd3b4d0fe069f13e3a/Chinese_Universities.json,87418361.png,Chinese_Universities.json,False,png,,,,,,,,,indexed_not_fetched,MIT,,华东交通大学,xioajiumi/Chinese_Universities,e088fddc329a6f0148ca72fd3b4d0fe069f13e3a,,
4136010405,东华理工大学,bacf13f8d3ddc5bd,badge,https://www.shanghairanking.cn/_uni/logo/80888604.png,https://github.com/xioajiumi/Chinese_Universities/blob/e088fddc329a6f0148ca72fd3b4d0fe069f13e3a/Chinese_Universities.json,80888604.png,Chinese_Universities.json,False,png,,,,,,,,,indexed_not_fetched,MIT,,东华理工大学,xioajiumi/Chinese_Universities,e088fddc329a6f0148ca72fd3b4d0fe069f13e3a,,
4136010406,南昌航空大学,c52464775a622a1d,badge,https://www.shanghairanking.cn/_uni/logo/58177572.png,https://github.com/xioajiumi/Chinese_Universities/blob/e088fddc329a6f0148ca72fd3b4d0fe069f13e3a/Chinese_Universities.json,58177572.png,Chinese_Universities.json,False,png,,,,,,,,,indexed_not_fetched,MIT,,南昌航空大学,xioajiumi/Chinese_Universities,e088fddc329a6f0148ca72fd3b4d0fe069f13e3a,,
4136010407,江西理工大学,1818859eb50ab4ec,badge,https://www.shanghairanking.cn/_uni/logo/17877939.png,https://github.com/xioajiumi/Chinese_Universities/blob/e088fddc329a6f0148ca72fd3b4d0fe069f13e3a/Chinese_Universities.json,17877939.png,Chinese_Universities.json,False,png,,,,,,,,,indexed_not_fetched,MIT,,江西理工大学,xioajiumi/Chinese_Universities,e088fddc329a6f0148ca72fd3b4d0fe069f13e3a,,
4136010408,景德镇陶瓷大学,88cbd60dd0caf374,badge,https://www.shanghairanking.cn/_uni/logo/97993379.png,https://github.com/xioajiumi/Chinese_Universities/blob/e088fddc329a6f0148ca72fd3b4d0fe069f13e3a/Chinese_Universities.json,97993379.png,Chinese_Universities.json,False,png,,,,,,,,,indexed_not_fetched,MIT,,景德镇陶瓷大学,xioajiumi/Chinese_Universities,e088fddc329a6f0148ca72fd3b4d0fe069f13e3a,,
4136010410,江西农业大学,fe6f41216db0f72c,badge,https://www.shanghairanking.cn/_uni/logo/90588785.png,https://github.com/xioajiumi/Chinese_Universities/blob/e088fddc329a6f0148ca72fd3b4d0fe069f13e3a/Chinese_Universities.json,90588785.png,Chinese_Universities.json,False,png,,,,,,,,,indexed_not_fetched,MIT,,江西农业大学,xioajiumi/Chinese_Universities,e088fddc329a6f0148ca72fd3b4d0fe069f13e3a,,
4136010412,江西中医药大学,b2dc8b4cf8f364ed,badge,https://raw.githubusercontent.com/Magicdover/China-Universities-2026/419bdc7ce6956fc88c2b70b3979f170b6666f111/assets/logos-new/%E6%B1%9F%E8%A5%BF%E4%B8%AD%E5%8C%BB%E8%8D%AF%E5%A4%A7%E5%AD%A6%20JXUTCM.svg,https://github.com/Magicdover/China-Universities-2026/blob/419bdc7ce6956fc88c2b70b3979f170b6666f111/assets/logos-new/%E6%B1%9F%E8%A5%BF%E4%B8%AD%E5%8C%BB%E8%8D%AF%E5%A4%A7%E5%AD%A6%20JXUTCM.svg,%E6%B1%9F%E8%A5%BF%E4%B8%AD%E5%8C%BB%E8%8D%AF%E5%A4%A7%E5%AD%A6%20JXUTCM.svg,assets/logos-new/江西中医药大学 JXUTCM.svg,False,svg,137.0,137.0,,,True,vector,,,content_inspected,MIT,,江西中医药大学,Magicdover/China-Universities-2026,419bdc7ce6956fc88c2b70b3979f170b6666f111,0846a3718857fe823c66978380b25ff21c72e5d33d2158a8520e80d6e50b9b3b,78772
4136010414,江西师范大学,7a780f024380dc82,badge,https://www.shanghairanking.cn/_uni/logo/81455706.png,https://github.com/xioajiumi/Chinese_Universities/blob/e088fddc329a6f0148ca72fd3b4d0fe069f13e3a/Chinese_Universities.json,81455706.png,Chinese_Universities.json,False,png,,,,,,,,,indexed_not_fetched,MIT,,江西师范大学,xioajiumi/Chinese_Universities,e088fddc329a6f0148ca72fd3b4d0fe069f13e3a,,
4136010414,江西师范大学,dc75db2417881159,badge,https://raw.githubusercontent.com/HeyHuazi/SVGLOGO/142498f527ac2dd3116cc1feccb9670879839f74/static/library/school/JXNU.svg,https://github.com/HeyHuazi/SVGLOGO/blob/142498f527ac2dd3116cc1feccb9670879839f74/static/library/school/JXNU.svg,JXNU.svg,static/library/school/JXNU.svg,False,svg,128.0,137.0,,,True,vector,,,content_inspected,MIT,,江西师范大学,HeyHuazi/SVGLOGO,142498f527ac2dd3116cc1feccb9670879839f74,1801368f15b585e843383bb8e4038805023d5eeb0276b9ab2a2bd69db069a102,32950
4136010414,江西师范大学,856ac087c594afe1,wordmark,https://raw.githubusercontent.com/HeyHuazi/SVGLOGO/142498f527ac2dd3116cc1feccb9670879839f74/static/library/school/JXNU_wordmark.svg,https://github.com/HeyHuazi/SVGLOGO/blob/142498f527ac2dd3116cc1feccb9670879839f74/static/library/school/JXNU_wordmark.svg,JXNU_wordmark.svg,static/library/school/JXNU_wordmark.svg,False,svg,,,,,True,vector,,,content_inspected,MIT,,江西师范大学,HeyHuazi/SVGLOGO,142498f527ac2dd3116cc1feccb9670879839f74,a667af36b4bcc5a937f127b6b5715a9539cbba6c23f6caa3d7de411007e5b9eb,13447
4136010416,上饶师范学院,bc84a769ddfcbc1e,badge,https://www.shanghairanking.cn/_uni/logo-jpg/7197432700.jpg,https://github.com/xioajiumi/Chinese_Universities/blob/e088fddc329a6f0148ca72fd3b4d0fe069f13e3a/Chinese_Universities.json,7197432700.jpg,Chinese_Universities.json,False,jpg,,,,,,,,,indexed_not_fetched,MIT,,上饶师范学院,xioajiumi/Chinese_Universities,e088fddc329a6f0148ca72fd3b4d0fe069f13e3a,,
4136010417,宜春学院,5bd0e8e79e6a4a73,badge,https://www.shanghairanking.cn/_uni/logo/60393380.png,https://github.com/xioajiumi/Chinese_Universities/blob/e088fddc329a6f0148ca72fd3b4d0fe069f13e3a/Chinese_Universities.json,60393380.png,Chinese_Universities.json,False,png,,,,,,,,,indexed_not_fetched,MIT,,宜春学院,xioajiumi/Chinese_Universities,e088fddc329a6f0148ca72fd3b4d0fe069f13e3a,,
4136010418,赣南师范大学,906e9e3aeb33c8d3,badge,https://www.shanghairanking.cn/_uni/logo/10016344.png,https://github.com/xioajiumi/Chinese_Universities/blob/e088fddc329a6f0148ca72fd3b4d0fe069f13e3a/Chinese_Universities.json,10016344.png,Chinese_Universities.json,False,png,,,,,,,,,indexed_not_fetched,MIT,,赣南师范大学,xioajiumi/Chinese_Universities,e088fddc329a6f0148ca72fd3b4d0fe069f13e3a,,
4136010419,井冈山大学,18a898ded5e9a8f0,badge,https://www.shanghairanking.cn/_uni/logo/50371015.png,https://github.com/xioajiumi/Chinese_Universities/blob/e088fddc329a6f0148ca72fd3b4d0fe069f13e3a/Chinese_Universities.json,50371015.png,Chinese_Universities.json,False,png,,,,,,,,,indexed_not_fetched,MIT,,井冈山大学,xioajiumi/Chinese_Universities,e088fddc329a6f0148ca72fd3b4d0fe069f13e3a,,
4136010421,江西财经大学,9908cce6daaa284c,badge,https://raw.githubusercontent.com/Magicdover/China-Universities-2026/419bdc7ce6956fc88c2b70b3979f170b6666f111/assets/logos-new/%E6%B1%9F%E8%A5%BF%E8%B4%A2%E7%BB%8F%E5%A4%A7%E5%AD%A6%20JUFE.svg,https://github.com/Magicdover/China-Universities-2026/blob/419bdc7ce6956fc88c2b70b3979f170b6666f111/assets/logos-new/%E6%B1%9F%E8%A5%BF%E8%B4%A2%E7%BB%8F%E5%A4%A7%E5%AD%A6%20JUFE.svg,%E6%B1%9F%E8%A5%BF%E8%B4%A2%E7%BB%8F%E5%A4%A7%E5%AD%A6%20JUFE.svg,assets/logos-new/江西财经大学 JUFE.svg,False,svg,755.0,755.0,,,True,vector,,,content_inspected,MIT,,江西财经大学,Magicdover/China-Universities-2026,419bdc7ce6956fc88c2b70b3979f170b6666f111,136563481dbd92dbdc2720898cd9d869972a25a4fac63f6642eb25f502a487a9,245923
4136010894,景德镇学院,ef9ffa12ac06930e,badge,https://www.shanghairanking.cn/_uni/logo-jpg/8700667100.jpg,https://github.com/xioajiumi/Chinese_Universities/blob/e088fddc329a6f0148ca72fd3b4d0fe069f13e3a/Chinese_Universities.json,8700667100.jpg,Chinese_Universities.json,False,jpg,,,,,,,,,indexed_not_fetched,MIT,,景德镇学院,xioajiumi/Chinese_Universities,e088fddc329a6f0148ca72fd3b4d0fe069f13e3a,,
4136010895,萍乡学院,9f7548cc45f56215,badge,https://www.shanghairanking.cn/_uni/logo-jpg/2474541200.jpg,https://github.com/xioajiumi/Chinese_Universities/blob/e088fddc329a6f0148ca72fd3b4d0fe069f13e3a/Chinese_Universities.json,2474541200.jpg,Chinese_Universities.json,False,jpg,,,,,,,,,indexed_not_fetched,MIT,,萍乡学院,xioajiumi/Chinese_Universities,e088fddc329a6f0148ca72fd3b4d0fe069f13e3a,,
4136011318,江西科技师范大学,d495bfaa15016e66,badge,https://www.shanghairanking.cn/_uni/logo/63137261.png,https://github.com/xioajiumi/Chinese_Universities/blob/e088fddc329a6f0148ca72fd3b4d0fe069f13e3a/Chinese_Universities.json,63137261.png,Chinese_Universities.json,False,png,,,,,,,,,indexed_not_fetched,MIT,,江西科技师范大学,xioajiumi/Chinese_Universities,e088fddc329a6f0148ca72fd3b4d0fe069f13e3a,,
4136011508,新余学院,2d25383c480953bc,badge,https://www.shanghairanking.cn/_uni/logo-jpg/6113099900.jpg,https://github.com/xioajiumi/Chinese_Universities/blob/e088fddc329a6f0148ca72fd3b4d0fe069f13e3a/Chinese_Universities.json,6113099900.jpg,Chinese_Universities.json,False,jpg,,,,,,,,,indexed_not_fetched,MIT,,新余学院,xioajiumi/Chinese_Universities,e088fddc329a6f0148ca72fd3b4d0fe069f13e3a,,
4136011843,九江学院,718cae6d66fe42bf,badge,https://www.shanghairanking.cn/_uni/logo/46532631.png,https://github.com/xioajiumi/Chinese_Universities/blob/e088fddc329a6f0148ca72fd3b4d0fe069f13e3a/Chinese_Universities.json,46532631.png,Chinese_Universities.json,False,png,,,,,,,,,indexed_not_fetched,MIT,,九江学院,xioajiumi/Chinese_Universities,e088fddc329a6f0148ca72fd3b4d0fe069f13e3a,,
4136013432,赣东学院,2ca3c66f88beeeef,badge,https://www.shanghairanking.cn/_uni/logo-jpg/4406712200.jpg,https://github.com/xioajiumi/Chinese_Universities/blob/e088fddc329a6f0148ca72fd3b4d0fe069f13e3a/Chinese_Universities.json,4406712200.jpg,Chinese_Universities.json,False,jpg,,,,,,,,,indexed_not_fetched,MIT,,赣东学院,xioajiumi/Chinese_Universities,e088fddc329a6f0148ca72fd3b4d0fe069f13e3a,,
4136013774,豫章师范学院,3e9ab122ed1f760f,badge,https://www.shanghairanking.cn/_uni/logo-jpg/9530226800.jpg,https://github.com/xioajiumi/Chinese_Universities/blob/e088fddc329a6f0148ca72fd3b4d0fe069f13e3a/Chinese_Universities.json,9530226800.jpg,Chinese_Universities.json,False,jpg,,,,,,,,,indexed_not_fetched,MIT,,豫章师范学院,xioajiumi/Chinese_Universities,e088fddc329a6f0148ca72fd3b4d0fe069f13e3a,,
4136014437,南昌师范学院,6262a81306a8ab96,badge,https://www.shanghairanking.cn/_uni/logo-jpg/9123847400.jpg,https://github.com/xioajiumi/Chinese_Universities/blob/e088fddc329a6f0148ca72fd3b4d0fe069f13e3a/Chinese_Universities.json,9123847400.jpg,Chinese_Universities.json,False,jpg,,,,,,,,,indexed_not_fetched,MIT,,南昌师范学院,xioajiumi/Chinese_Universities,e088fddc329a6f0148ca72fd3b4d0fe069f13e3a,,
4113010075,河北大学,4caf8cf60cb29d95,badge,https://www.shanghairanking.cn/_uni/logo/93335325.png,https://github.com/xioajiumi/Chinese_Universities/blob/e088fddc329a6f0148ca72fd3b4d0fe069f13e3a/Chinese_Universities.json,93335325.png,Chinese_Universities.json,False,png,,,,,,,,,indexed_not_fetched,MIT,,河北大学,xioajiumi/Chinese_Universities,e088fddc329a6f0148ca72fd3b4d0fe069f13e3a,,
4113010076,河北工程大学,6741cd18695674e5,badge,https://www.shanghairanking.cn/_uni/logo/89281811.png,https://github.com/xioajiumi/Chinese_Universities/blob/e088fddc329a6f0148ca72fd3b4d0fe069f13e3a/Chinese_Universities.json,89281811.png,Chinese_Universities.json,False,png,,,,,,,,,indexed_not_fetched,MIT,,河北工程大学,xioajiumi/Chinese_Universities,e088fddc329a6f0148ca72fd3b4d0fe069f13e3a,,
4113010080,河北工业大学,a559b8016dc4adfd,badge,https://www.shanghairanking.cn/_uni/logo/23684464.png,https://github.com/xioajiumi/Chinese_Universities/blob/e088fddc329a6f0148ca72fd3b4d0fe069f13e3a/Chinese_Universities.json,23684464.png,Chinese_Universities.json,False,png,,,,,,,,,indexed_not_fetched,MIT,,河北工业大学,xioajiumi/Chinese_Universities,e088fddc329a6f0148ca72fd3b4d0fe069f13e3a,,
4113010080,河北工业大学,5c9dc0681e933b27,badge,https://raw.githubusercontent.com/Magicdover/China-Universities-2026/419bdc7ce6956fc88c2b70b3979f170b6666f111/assets/logos-new/%E6%B2%B3%E5%8C%97%E5%B7%A5%E4%B8%9A%E5%A4%A7%E5%AD%A6%20HEBUT.svg,https://github.com/Magicdover/China-Universities-2026/blob/419bdc7ce6956fc88c2b70b3979f170b6666f111/assets/logos-new/%E6%B2%B3%E5%8C%97%E5%B7%A5%E4%B8%9A%E5%A4%A7%E5%AD%A6%20HEBUT.svg,%E6%B2%B3%E5%8C%97%E5%B7%A5%E4%B8%9A%E5%A4%A7%E5%AD%A6%20HEBUT.svg,assets/logos-new/河北工业大学 HEBUT.svg,False,svg,88.0,88.0,,,True,vector,,,content_inspected,MIT,,河北工业大学,Magicdover/China-Universities-2026,419bdc7ce6956fc88c2b70b3979f170b6666f111,165944672d2eae17bd3f3ff6f99eeb3d1c80c6e290b1e01dfc8d2cfe120ffba4,195479
4113010081,华北理工大学,6eea28a22b21fc4f,badge,https://www.shanghairanking.cn/_uni/logo/60206933.png,https://github.com/xioajiumi/Chinese_Universities/blob/e088fddc329a6f0148ca72fd3b4d0fe069f13e3a/Chinese_Universities.json,60206933.png,Chinese_Universities.json,False,png,,,,,,,,,indexed_not_fetched,MIT,,华北理工大学,xioajiumi/Chinese_Universities,e088fddc329a6f0148ca72fd3b4d0fe069f13e3a,,
4113010081,华北理工大学,3acd93b4a9e7b0d2,badge,https://raw.githubusercontent.com/Magicdover/China-Universities-2026/419bdc7ce6956fc88c2b70b3979f170b6666f111/assets/logos-new/%E5%8D%8E%E5%8C%97%E7%90%86%E5%B7%A5%E5%A4%A7%E5%AD%A6%20NCST.svg,https://github.com/Magicdover/China-Universities-2026/blob/419bdc7ce6956fc88c2b70b3979f170b6666f111/assets/logos-new/%E5%8D%8E%E5%8C%97%E7%90%86%E5%B7%A5%E5%A4%A7%E5%AD%A6%20NCST.svg,%E5%8D%8E%E5%8C%97%E7%90%86%E5%B7%A5%E5%A4%A7%E5%AD%A6%20NCST.svg,assets/logos-new/华北理工大学 NCST.svg,False,svg,,,,,True,vector,,,content_inspected,MIT,,华北理工大学,Magicdover/China-Universities-2026,419bdc7ce6956fc88c2b70b3979f170b6666f111,9e45825b7d7090d8be959fa1ae01fc94071fa79d62922f877b0aa5f2a4517cfa,56933
4113010081,华北理工大学,54ac70cd51a285f0,badge,https://raw.githubusercontent.com/RoboMaster/university_logos/3d645fc89869707bd7df8dba0f7e4bbcc4a60e14/North_China_University_of_Science_and_Technology/png/logo_blue_800x800.png,https://github.com/RoboMaster/university_logos/blob/3d645fc89869707bd7df8dba0f7e4bbcc4a60e14/North_China_University_of_Science_and_Technology/png/logo_blue_800x800.png,logo_blue_800x800.png,North_China_University_of_Science_and_Technology/png/logo_blue_800x800.png,False,png,800,800,,,False,raster,True,True,content_inspected,,,华北理工大学,RoboMaster/university_logos,3d645fc89869707bd7df8dba0f7e4bbcc4a60e14,b5aa3b75edd3c7b5c99ff89cc67a2ad75f395456161d478f5758bcd67349fcea,325921
4113010082,河北科技大学,252e3d180252b04d,badge,https://www.shanghairanking.cn/_uni/logo/87539958.png,https://github.com/xioajiumi/Chinese_Universities/blob/e088fddc329a6f0148ca72fd3b4d0fe069f13e3a/Chinese_Universities.json,87539958.png,Chinese_Universities.json,False,png,,,,,,,,,indexed_not_fetched,MIT,,河北科技大学,xioajiumi/Chinese_Universities,e088fddc329a6f0148ca72fd3b4d0fe069f13e3a,,
4113010082,河北科技大学,3b019d09b45045a9,badge,https://raw.githubusercontent.com/RoboMaster/university_logos/3d645fc89869707bd7df8dba0f7e4bbcc4a60e14/Hebei_University_of_Science_and_Technology/png/logo_blue_800x800.png,https://github.com/RoboMaster/university_logos/blob/3d645fc89869707bd7df8dba0f7e4bbcc4a60e14/Hebei_University_of_Science_and_Technology/png/logo_blue_800x800.png,logo_blue_800x800.png,Hebei_University_of_Science_and_Technology/png/logo_blue_800x800.png,False,png,800,800,,,False,raster,True,True,content_inspected,,,河北科技大学,RoboMaster/university_logos,3d645fc89869707bd7df8dba0f7e4bbcc4a60e14,487119e0243540cabc4de6751c482e342bf0d9206b8957e12c1d80bb1900bdab,489861
4113010084,河北建筑工程学院,b186b79715e66234,badge,https://www.shanghairanking.cn/_uni/logo-jpg/6786819600.jpg,https://github.com/xioajiumi/Chinese_Universities/blob/e088fddc329a6f0148ca72fd3b4d0fe069f13e3a/Chinese_Universities.json,6786819600.jpg,Chinese_Universities.json,False,jpg,,,,,,,,,indexed_not_fetched,MIT,,河北建筑工程学院,xioajiumi/Chinese_Universities,e088fddc329a6f0148ca72fd3b4d0fe069f13e3a,,
4113010086,河北农业大学,4822ca6217316130,badge,https://www.shanghairanking.cn/_uni/logo/80338654.png,https://github.com/xioajiumi/Chinese_Universities/blob/e088fddc329a6f0148ca72fd3b4d0fe069f13e3a/Chinese_Universities.json,80338654.png,Chinese_Universities.json,False,png,,,,,,,,,indexed_not_fetched,MIT,,河北农业大学,xioajiumi/Chinese_Universities,e088fddc329a6f0148ca72fd3b4d0fe069f13e3a,,
4113010094,河北师范大学,04bddde349f7b167,badge,https://www.shanghairanking.cn/_uni/logo/91541508.png,https://github.com/xioajiumi/Chinese_Universities/blob/e088fddc329a6f0148ca72fd3b4d0fe069f13e3a/Chinese_Universities.json,91541508.png,Chinese_Universities.json,False,png,,,,,,,,,indexed_not_fetched,MIT,,河北师范大学,xioajiumi/Chinese_Universities,e088fddc329a6f0148ca72fd3b4d0fe069f13e3a,,
4113010096,保定学院,a1d1d49de9ca92f9,badge,https://www.shanghairanking.cn/_uni/logo-jpg/8911327100.jpg,https://github.com/xioajiumi/Chinese_Universities/blob/e088fddc329a6f0148ca72fd3b4d0fe069f13e3a/Chinese_Universities.json,8911327100.jpg,Chinese_Universities.json,False,jpg,,,,,,,,,indexed_not_fetched,MIT,,保定学院,xioajiumi/Chinese_Universities,e088fddc329a6f0148ca72fd3b4d0fe069f13e3a,,
4113010098,河北民族师范学院,f2b7519b053348bb,badge,https://www.shanghairanking.cn/_uni/logo-jpg/4961844000.jpg,https://github.com/xioajiumi/Chinese_Universities/blob/e088fddc329a6f0148ca72fd3b4d0fe069f13e3a/Chinese_Universities.json,4961844000.jpg,Chinese_Universities.json,False,jpg,,,,,,,,,indexed_not_fetched,MIT,,河北民族师范学院,xioajiumi/Chinese_Universities,e088fddc329a6f0148ca72fd3b4d0fe069f13e3a,,
4113010099,唐山师范学院,a5cdfea2b9bde248,badge,https://www.shanghairanking.cn/_uni/logo/65458418.png,https://github.com/xioajiumi/Chinese_Universities/blob/e088fddc329a6f0148ca72fd3b4d0fe069f13e3a/Chinese_Universities.json,65458418.png,Chinese_Universities.json,False,png,,,,,,,,,indexed_not_fetched,MIT,,唐山师范学院,xioajiumi/Chinese_Universities,e088fddc329a6f0148ca72fd3b4d0fe069f13e3a,,
4113010100,廊坊师范学院,8f549fd73fab8b4e,badge,https://www.shanghairanking.cn/_uni/logo/28138817.png,https://github.com/xioajiumi/Chinese_Universities/blob/e088fddc329a6f0148ca72fd3b4d0fe069f13e3a/Chinese_Universities.json,28138817.png,Chinese_Universities.json,False,png,,,,,,,,,indexed_not_fetched,MIT,,廊坊师范学院,xioajiumi/Chinese_Universities,e088fddc329a6f0148ca72fd3b4d0fe069f13e3a,,
4113010101,衡水学院,21673617d488ce0f,badge,https://www.shanghairanking.cn/_uni/logo-jpg/1780203800.jpg,https://github.com/xioajiumi/Chinese_Universities/blob/e088fddc329a6f0148ca72fd3b4d0fe069f13e3a/Chinese_Universities.json,1780203800.jpg,Chinese_Universities.json,False,jpg,,,,,,,,,indexed_not_fetched,MIT,,衡水学院,xioajiumi/Chinese_Universities,e088fddc329a6f0148ca72fd3b4d0fe069f13e3a,,
4113010102,石家庄学院,972294a33ba2b90c,badge,https://www.shanghairanking.cn/_uni/logo/40469773.png,https://github.com/xioajiumi/Chinese_Universities/blob/e088fddc329a6f0148ca72fd3b4d0fe069f13e3a/Chinese_Universities.json,40469773.png,Chinese_Universities.json,False,png,,,,,,,,,indexed_not_fetched,MIT,,石家庄学院,xioajiumi/Chinese_Universities,e088fddc329a6f0148ca72fd3b4d0fe069f13e3a,,
4113010103,邯郸学院,4c5025a171ceaa76,badge,https://www.shanghairanking.cn/_uni/logo/22418873.png,https://github.com/xioajiumi/Chinese_Universities/blob/e088fddc329a6f0148ca72fd3b4d0fe069f13e3a/Chinese_Universities.json,22418873.png,Chinese_Universities.json,False,png,,,,,,,,,indexed_not_fetched,MIT,,邯郸学院,xioajiumi/Chinese_Universities,e088fddc329a6f0148ca72fd3b4d0fe069f13e3a,,
4113010104,邢台学院,09a31ef8f738dfe3,badge,https://www.shanghairanking.cn/_uni/logo/16573557.png,https://github.com/xioajiumi/Chinese_Universities/blob/e088fddc329a6f0148ca72fd3b4d0fe069f13e3a/Chinese_Universities.json,16573557.png,Chinese_Universities.json,False,png,,,,,,,,,indexed_not_fetched,MIT,,邢台学院,xioajiumi/Chinese_Universities,e088fddc329a6f0148ca72fd3b4d0fe069f13e3a,,
4113010105,沧州师范学院,fa94adf1c8362f0a,badge,https://www.shanghairanking.cn/_uni/logo-jpg/7545744400.jpg,https://github.com/xioajiumi/Chinese_Universities/blob/e088fddc329a6f0148ca72fd3b4d0fe069f13e3a/Chinese_Universities.json,7545744400.jpg,Chinese_Universities.json,False,jpg,,,,,,,,,indexed_not_fetched,MIT,,沧州师范学院,xioajiumi/Chinese_Universities,e088fddc329a6f0148ca72fd3b4d0fe069f13e3a,,
4113010107,石家庄铁道大学,db6b2412dbfe88fa,badge,https://www.shanghairanking.cn/_uni/logo/56126922.png,https://github.com/xioajiumi/Chinese_Universities/blob/e088fddc329a6f0148ca72fd3b4d0fe069f13e3a/Chinese_Universities.json,56126922.png,Chinese_Universities.json,False,png,,,,,,,,,indexed_not_fetched,MIT,,石家庄铁道大学,xioajiumi/Chinese_Universities,e088fddc329a6f0148ca72fd3b4d0fe069f13e3a,,
4113010216,燕山大学,2c3c092d39c9810f,badge,https://www.shanghairanking.cn/_uni/logo/79375733.png,https://github.com/xioajiumi/Chinese_Universities/blob/e088fddc329a6f0148ca72fd3b4d0fe069f13e3a/Chinese_Universities.json,79375733.png,Chinese_Universities.json,False,png,,,,,,,,,indexed_not_fetched,MIT,,燕山大学,xioajiumi/Chinese_Universities,e088fddc329a6f0148ca72fd3b4d0fe069f13e3a,,
4113010216,燕山大学,cc9fab24f603a817,badge,https://raw.githubusercontent.com/Magicdover/China-Universities-2026/419bdc7ce6956fc88c2b70b3979f170b6666f111/assets/logos-new/%E7%87%95%E5%B1%B1%E5%A4%A7%E5%AD%A6%20YSU.svg,https://github.com/Magicdover/China-Universities-2026/blob/419bdc7ce6956fc88c2b70b3979f170b6666f111/assets/logos-new/%E7%87%95%E5%B1%B1%E5%A4%A7%E5%AD%A6%20YSU.svg,%E7%87%95%E5%B1%B1%E5%A4%A7%E5%AD%A6%20YSU.svg,assets/logos-new/燕山大学 YSU.svg,False,svg,831.0,832.0,,,True,vector,,,content_inspected,MIT,,燕山大学,Magicdover/China-Universities-2026,419bdc7ce6956fc88c2b70b3979f170b6666f111,ee180004a1236c229ca12d8ad4aa47606870d5377becc9137052e780eddcac51,41934
4113010216,燕山大学,e150c8020db64fc1,badge,https://raw.githubusercontent.com/RoboMaster/university_logos/3d645fc89869707bd7df8dba0f7e4bbcc4a60e14/Yanshan_University/png/logo_blue_800x800.png,https://github.com/RoboMaster/university_logos/blob/3d645fc89869707bd7df8dba0f7e4bbcc4a60e14/Yanshan_University/png/logo_blue_800x800.png,logo_blue_800x800.png,Yanshan_University/png/logo_blue_800x800.png,False,png,800,800,,,False,raster,True,True,content_inspected,,,燕山大学,RoboMaster/university_logos,3d645fc89869707bd7df8dba0f7e4bbcc4a60e14,d5664662faf378c88c8b629b572901e9b12b6afeb5d45c50b2f975818d82e66d,517013
4113010798,河北科技师范学院,759e7f1a480c447e,badge,https://www.shanghairanking.cn/_uni/logo/54034662.png,https://github.com/xioajiumi/Chinese_Universities/blob/e088fddc329a6f0148ca72fd3b4d0fe069f13e3a/Chinese_Universities.json,54034662.png,Chinese_Universities.json,False,png,,,,,,,,,indexed_not_fetched,MIT,,河北科技师范学院,xioajiumi/Chinese_Universities,e088fddc329a6f0148ca72fd3b4d0fe069f13e3a,,
4113011033,唐山学院,cd2592cfbdc00046,badge,https://www.shanghairanking.cn/_uni/logo/60481068.png,https://github.com/xioajiumi/Chinese_Universities/blob/e088fddc329a6f0148ca72fd3b4d0fe069f13e3a/Chinese_Universities.json,60481068.png,Chinese_Universities.json,False,png,,,,,,,,,indexed_not_fetched,MIT,,唐山学院,xioajiumi/Chinese_Universities,e088fddc329a6f0148ca72fd3b4d0fe069f13e3a,,
4113011629,北华航天工业学院,52d172422d5f5046,badge,https://www.shanghairanking.cn/_uni/logo/92801885.png,https://github.com/xioajiumi/Chinese_Universities/blob/e088fddc329a6f0148ca72fd3b4d0fe069f13e3a/Chinese_Universities.json,92801885.png,Chinese_Universities.json,False,png,,,,,,,,,indexed_not_fetched,MIT,,北华航天工业学院,xioajiumi/Chinese_Universities,e088fddc329a6f0148ca72fd3b4d0fe069f13e3a,,
4113014458,张家口学院,7dad6d406529ba8b,badge,https://www.shanghairanking.cn/_uni/logo-jpg/7082706800.jpg,https://github.com/xioajiumi/Chinese_Universities/blob/e088fddc329a6f0148ca72fd3b4d0fe069f13e3a/Chinese_Universities.json,7082706800.jpg,Chinese_Universities.json,False,jpg,,,,,,,,,indexed_not_fetched,MIT,,张家口学院,xioajiumi/Chinese_Universities,e088fddc329a6f0148ca72fd3b4d0fe069f13e3a,,
4113016202,河北石油职业技术大学,3cf2bc707c6aee54,badge,https://www.shanghairanking.cn/_uni/logo-jpg/4513491700.jpg,https://github.com/xioajiumi/Chinese_Universities/blob/e088fddc329a6f0148ca72fd3b4d0fe069f13e3a/Chinese_Universities.json,4513491700.jpg,Chinese_Universities.json,False,jpg,,,,,,,,,indexed_not_fetched,MIT,,河北石油职业技术大学,xioajiumi/Chinese_Universities,e088fddc329a6f0148ca72fd3b4d0fe069f13e3a,,
4113016203,河北科技工程职业技术大学,d97a83fe794f2295,badge,https://www.shanghairanking.cn/_uni/logo-jpg/8057595500.jpg,https://github.com/xioajiumi/Chinese_Universities/blob/e088fddc329a6f0148ca72fd3b4d0fe069f13e3a/Chinese_Universities.json,8057595500.jpg,Chinese_Universities.json,False,jpg,,,,,,,,,indexed_not_fetched,MIT,,河北科技工程职业技术大学,xioajiumi/Chinese_Universities,e088fddc329a6f0148ca72fd3b4d0fe069f13e3a,,
4113016204,河北工业职业技术大学,2d611b29862f7fc1,badge,https://www.shanghairanking.cn/_uni/logo-jpg/4909441300.jpg,https://github.com/xioajiumi/Chinese_Universities/blob/e088fddc329a6f0148ca72fd3b4d0fe069f13e3a/Chinese_Universities.json,4909441300.jpg,Chinese_Universities.json,False,jpg,,,,,,,,,indexed_not_fetched,MIT,,河北工业职业技术大学,xioajiumi/Chinese_Universities,e088fddc329a6f0148ca72fd3b4d0fe069f13e3a,,
4213051721,河北环境工程学院,702df5650e2b2d7f,badge,https://www.shanghairanking.cn/_uni/logo-jpg/5184991800.jpg,https://github.com/xioajiumi/Chinese_Universities/blob/e088fddc329a6f0148ca72fd3b4d0fe069f13e3a/Chinese_Universities.json,5184991800.jpg,Chinese_Universities.json,False,jpg,,,,,,,,,indexed_not_fetched,MIT,,河北环境工程学院,xioajiumi/Chinese_Universities,e088fddc329a6f0148ca72fd3b4d0fe069f13e3a,,
4141010078,华北水利水电大学,9f94964732d3a52b,badge,https://www.shanghairanking.cn/_uni/logo/87920384.png,https://github.com/xioajiumi/Chinese_Universities/blob/e088fddc329a6f0148ca72fd3b4d0fe069f13e3a/Chinese_Universities.json,87920384.png,Chinese_Universities.json,False,png,,,,,,,,,indexed_not_fetched,MIT,,华北水利水电大学,xioajiumi/Chinese_Universities,e088fddc329a6f0148ca72fd3b4d0fe069f13e3a,,
4141010459,郑州大学,9635e9367dc35588,badge,https://www.shanghairanking.cn/_uni/logo/68963418.png,https://github.com/xioajiumi/Chinese_Universities/blob/e088fddc329a6f0148ca72fd3b4d0fe069f13e3a/Chinese_Universities.json,68963418.png,Chinese_Universities.json,False,png,,,,,,,,,indexed_not_fetched,MIT,,郑州大学,xioajiumi/Chinese_Universities,e088fddc329a6f0148ca72fd3b4d0fe069f13e3a,,
4141010459,郑州大学,18c3ad45bd191a5c,badge,https://raw.githubusercontent.com/Magicdover/China-Universities-2026/419bdc7ce6956fc88c2b70b3979f170b6666f111/assets/logos-new/%E9%83%91%E5%B7%9E%E5%A4%A7%E5%AD%A6%20ZZU.svg,https://github.com/Magicdover/China-Universities-2026/blob/419bdc7ce6956fc88c2b70b3979f170b6666f111/assets/logos-new/%E9%83%91%E5%B7%9E%E5%A4%A7%E5%AD%A6%20ZZU.svg,%E9%83%91%E5%B7%9E%E5%A4%A7%E5%AD%A6%20ZZU.svg,assets/logos-new/郑州大学 ZZU.svg,False,svg,88.0,88.0,,,True,vector,,,content_inspected,MIT,,郑州大学,Magicdover/China-Universities-2026,419bdc7ce6956fc88c2b70b3979f170b6666f111,30fb6c042e0ea4a7baf9788b205739525bcd30101cb7a4f1631db75ebe51ecc8,23854
4141010459,郑州大学,a4a4187c09c99a51,badge,https://raw.githubusercontent.com/HeyHuazi/SVGLOGO/142498f527ac2dd3116cc1feccb9670879839f74/static/library/school/ZZU.svg,https://github.com/HeyHuazi/SVGLOGO/blob/142498f527ac2dd3116cc1feccb9670879839f74/static/library/school/ZZU.svg,ZZU.svg,static/library/school/ZZU.svg,False,svg,128.0,137.0,,,True,vector,,,content_inspected,MIT,,郑州大学,HeyHuazi/SVGLOGO,142498f527ac2dd3116cc1feccb9670879839f74,afad056ad5409317383c2536a185d0d566af62ce7ca0eea7b7703dc16cda0253,12359
4141010459,郑州大学,37fb2e100bea1c53,wordmark,https://raw.githubusercontent.com/HeyHuazi/SVGLOGO/142498f527ac2dd3116cc1feccb9670879839f74/static/library/school/ZZU_wordmark.svg,https://github.com/HeyHuazi/SVGLOGO/blob/142498f527ac2dd3116cc1feccb9670879839f74/static/library/school/ZZU_wordmark.svg,ZZU_wordmark.svg,static/library/school/ZZU_wordmark.svg,False,svg,,,,,True,vector,,,content_inspected,MIT,,郑州大学,HeyHuazi/SVGLOGO,142498f527ac2dd3116cc1feccb9670879839f74,78298212995e526f536fc99cd6295ebd7b4b338e1dfb7acb2b0f49d9f5278030,9750
4141010459,郑州大学,b6ec384f4ce8cfa9,badge,https://raw.githubusercontent.com/RoboMaster/university_logos/3d645fc89869707bd7df8dba0f7e4bbcc4a60e14/Zhengzhou_University/png/logo_green_800x800.png,https://github.com/RoboMaster/university_logos/blob/3d645fc89869707bd7df8dba0f7e4bbcc4a60e14/Zhengzhou_University/png/logo_green_800x800.png,logo_green_800x800.png,Zhengzhou_University/png/logo_green_800x800.png,False,png,800,800,,,False,raster,True,True,content_inspected,,,郑州大学,RoboMaster/university_logos,3d645fc89869707bd7df8dba0f7e4bbcc4a60e14,79b973f0ae288f6f1d7d2ae4d76b5731dbf59d8e5225c796b666949cb6980d4a,211489
4141010460,河南理工大学,0c61a8133c2468a9,badge,https://www.shanghairanking.cn/_uni/logo/73183299.png,https://github.com/xioajiumi/Chinese_Universities/blob/e088fddc329a6f0148ca72fd3b4d0fe069f13e3a/Chinese_Universities.json,73183299.png,Chinese_Universities.json,False,png,,,,,,,,,indexed_not_fetched,MIT,,河南理工大学,xioajiumi/Chinese_Universities,e088fddc329a6f0148ca72fd3b4d0fe069f13e3a,,
4141010462,郑州轻工业大学,8ef760e9c2ae420d,badge,https://www.shanghairanking.cn/_uni/logo-jpg/3492800000.jpg,https://github.com/xioajiumi/Chinese_Universities/blob/e088fddc329a6f0148ca72fd3b4d0fe069f13e3a/Chinese_Universities.json,3492800000.jpg,Chinese_Universities.json,False,jpg,,,,,,,,,indexed_not_fetched,MIT,,郑州轻工业大学,xioajiumi/Chinese_Universities,e088fddc329a6f0148ca72fd3b4d0fe069f13e3a,,
4141010463,河南工业大学,212782993dd5d99f,badge,https://www.shanghairanking.cn/_uni/logo/30747881.png,https://github.com/xioajiumi/Chinese_Universities/blob/e088fddc329a6f0148ca72fd3b4d0fe069f13e3a/Chinese_Universities.json,30747881.png,Chinese_Universities.json,False,png,,,,,,,,,indexed_not_fetched,MIT,,河南工业大学,xioajiumi/Chinese_Universities,e088fddc329a6f0148ca72fd3b4d0fe069f13e3a,,
4141010463,河南工业大学,3586042e432ed240,wordmark,https://raw.githubusercontent.com/HeyHuazi/SVGLOGO/142498f527ac2dd3116cc1feccb9670879839f74/static/library/school/HAUT_wordmark.svg,https://github.com/HeyHuazi/SVGLOGO/blob/142498f527ac2dd3116cc1feccb9670879839f74/static/library/school/HAUT_wordmark.svg,HAUT_wordmark.svg,static/library/school/HAUT_wordmark.svg,False,svg,,,,,True,vector,,,content_inspected,MIT,,河南工业大学,HeyHuazi/SVGLOGO,142498f527ac2dd3116cc1feccb9670879839f74,945a05a9a6c18fc756118b9ebc418b21e210ad02f9fda3e0e19e471b15523491,8145
4141010464,河南科技大学,62a8fa0d8a7a4946,badge,https://www.shanghairanking.cn/_uni/logo/15231544.png,https://github.com/xioajiumi/Chinese_Universities/blob/e088fddc329a6f0148ca72fd3b4d0fe069f13e3a/Chinese_Universities.json,15231544.png,Chinese_Universities.json,False,png,,,,,,,,,indexed_not_fetched,MIT,,河南科技大学,xioajiumi/Chinese_Universities,e088fddc329a6f0148ca72fd3b4d0fe069f13e3a,,
4141010465,中原工学院,bcae910a867c0e7d,badge,https://www.shanghairanking.cn/_uni/logo/84789296.png,https://github.com/xioajiumi/Chinese_Universities/blob/e088fddc329a6f0148ca72fd3b4d0fe069f13e3a/Chinese_Universities.json,84789296.png,Chinese_Universities.json,False,png,,,,,,,,,indexed_not_fetched,MIT,,中原工学院,xioajiumi/Chinese_Universities,e088fddc329a6f0148ca72fd3b4d0fe069f13e3a,,
4141010466,河南农业大学,11421c105ca762f4,badge,https://www.shanghairanking.cn/_uni/logo/20942432.png,https://github.com/xioajiumi/Chinese_Universities/blob/e088fddc329a6f0148ca72fd3b4d0fe069f13e3a/Chinese_Universities.json,20942432.png,Chinese_Universities.json,False,png,,,,,,,,,indexed_not_fetched,MIT,,河南农业大学,xioajiumi/Chinese_Universities,e088fddc329a6f0148ca72fd3b4d0fe069f13e3a,,
4141010467,河南科技学院,30a665263e904d62,badge,https://www.shanghairanking.cn/_uni/logo/45836143.png,https://github.com/xioajiumi/Chinese_Universities/blob/e088fddc329a6f0148ca72fd3b4d0fe069f13e3a/Chinese_Universities.json,45836143.png,Chinese_Universities.json,False,png,,,,,,,,,indexed_not_fetched,MIT,,河南科技学院,xioajiumi/Chinese_Universities,e088fddc329a6f0148ca72fd3b4d0fe069f13e3a,,
4141010469,河南牧业经济学院,f445b27ce3e6e079,badge,https://www.shanghairanking.cn/_uni/logo/55458057.png,https://github.com/xioajiumi/Chinese_Universities/blob/e088fddc329a6f0148ca72fd3b4d0fe069f13e3a/Chinese_Universities.json,55458057.png,Chinese_Universities.json,False,png,,,,,,,,,indexed_not_fetched,MIT,,河南牧业经济学院,xioajiumi/Chinese_Universities,e088fddc329a6f0148ca72fd3b4d0fe069f13e3a,,
4141010475,河南大学,75fb4338653c22d3,badge,https://www.shanghairanking.cn/_uni/logo/80055117.png,https://github.com/xioajiumi/Chinese_Universities/blob/e088fddc329a6f0148ca72fd3b4d0fe069f13e3a/Chinese_Universities.json,80055117.png,Chinese_Universities.json,False,png,,,,,,,,,indexed_not_fetched,MIT,,河南大学,xioajiumi/Chinese_Universities,e088fddc329a6f0148ca72fd3b4d0fe069f13e3a,,
4141010475,河南大学,ae8c50a684210653,badge,https://raw.githubusercontent.com/Magicdover/China-Universities-2026/419bdc7ce6956fc88c2b70b3979f170b6666f111/assets/logos-new/%E6%B2%B3%E5%8D%97%E5%A4%A7%E5%AD%A6%20HENU.png,https://github.com/Magicdover/China-Universities-2026/blob/419bdc7ce6956fc88c2b70b3979f170b6666f111/assets/logos-new/%E6%B2%B3%E5%8D%97%E5%A4%A7%E5%AD%A6%20HENU.png,%E6%B2%B3%E5%8D%97%E5%A4%A7%E5%AD%A6%20HENU.png,assets/logos-new/河南大学 HENU.png,False,png,1024,1024,,,False,raster,True,True,content_inspected,MIT,,河南大学,Magicdover/China-Universities-2026,419bdc7ce6956fc88c2b70b3979f170b6666f111,dcb3eea6bd6c427a179b733f040ed149cc05e71ac46d91d1b8070ef4abf21fba,134433
4141010476,河南师范大学,4cc2ddd7c82c16b1,badge,https://www.shanghairanking.cn/_uni/logo/83132958.png,https://github.com/xioajiumi/Chinese_Universities/blob/e088fddc329a6f0148ca72fd3b4d0fe069f13e3a/Chinese_Universities.json,83132958.png,Chinese_Universities.json,False,png,,,,,,,,,indexed_not_fetched,MIT,,河南师范大学,xioajiumi/Chinese_Universities,e088fddc329a6f0148ca72fd3b4d0fe069f13e3a,,
4141010478,周口师范学院,1dd421e77d75df35,badge,https://www.shanghairanking.cn/_uni/logo/59515613.png,https://github.com/xioajiumi/Chinese_Universities/blob/e088fddc329a6f0148ca72fd3b4d0fe069f13e3a/Chinese_Universities.json,59515613.png,Chinese_Universities.json,False,png,,,,,,,,,indexed_not_fetched,MIT,,周口师范学院,xioajiumi/Chinese_Universities,e088fddc329a6f0148ca72fd3b4d0fe069f13e3a,,
4141010479,安阳师范学院,a7b86db6d89bf9fe,badge,https://www.shanghairanking.cn/_uni/logo/54267189.png,https://github.com/xioajiumi/Chinese_Universities/blob/e088fddc329a6f0148ca72fd3b4d0fe069f13e3a/Chinese_Universities.json,54267189.png,Chinese_Universities.json,False,png,,,,,,,,,indexed_not_fetched,MIT,,安阳师范学院,xioajiumi/Chinese_Universities,e088fddc329a6f0148ca72fd3b4d0fe069f13e3a,,
4141010480,许昌学院,abacfb1deced74ba,badge,https://www.shanghairanking.cn/_uni/logo/12049720.png,https://github.com/xioajiumi/Chinese_Universities/blob/e088fddc329a6f0148ca72fd3b4d0fe069f13e3a/Chinese_Universities.json,12049720.png,Chinese_Universities.json,False,png,,,,,,,,,indexed_not_fetched,MIT,,许昌学院,xioajiumi/Chinese_Universities,e088fddc329a6f0148ca72fd3b4d0fe069f13e3a,,
4141010481,南阳师范学院,8193946d20bf9c6b,badge,https://www.shanghairanking.cn/_uni/logo/81579397.png,https://github.com/xioajiumi/Chinese_Universities/blob/e088fddc329a6f0148ca72fd3b4d0fe069f13e3a/Chinese_Universities.json,81579397.png,Chinese_Universities.json,False,png,,,,,,,,,indexed_not_fetched,MIT,,南阳师范学院,xioajiumi/Chinese_Universities,e088fddc329a6f0148ca72fd3b4d0fe069f13e3a,,
4141010482,洛阳师范学院,67e151cec9e94af4,badge,https://www.shanghairanking.cn/_uni/logo/60927754.png,https://github.com/xioajiumi/Chinese_Universities/blob/e088fddc329a6f0148ca72fd3b4d0fe069f13e3a/Chinese_Universities.json,60927754.png,Chinese_Universities.json,False,png,,,,,,,,,indexed_not_fetched,MIT,,洛阳师范学院,xioajiumi/Chinese_Universities,e088fddc329a6f0148ca72fd3b4d0fe069f13e3a,,
4141010483,商丘师范学院,2cc693d8c4b8fd17,badge,https://www.shanghairanking.cn/_uni/logo/54757149.png,https://github.com/xioajiumi/Chinese_Universities/blob/e088fddc329a6f0148ca72fd3b4d0fe069f13e3a/Chinese_Universities.json,54757149.png,Chinese_Universities.json,False,png,,,,,,,,,indexed_not_fetched,MIT,,商丘师范学院,xioajiumi/Chinese_Universities,e088fddc329a6f0148ca72fd3b4d0fe069f13e3a,,
4141010918,黄淮学院,04612f4490d59c8f,badge,https://www.shanghairanking.cn/_uni/logo/99125868.png,https://github.com/xioajiumi/Chinese_Universities/blob/e088fddc329a6f0148ca72fd3b4d0fe069f13e3a/Chinese_Universities.json,99125868.png,Chinese_Universities.json,False,png,,,,,,,,,indexed_not_fetched,MIT,,黄淮学院,xioajiumi/Chinese_Universities,e088fddc329a6f0148ca72fd3b4d0fe069f13e3a,,
4141010919,平顶山学院,d78b5093ac1b05cc,badge,https://www.shanghairanking.cn/_uni/logo/95443426.png,https://github.com/xioajiumi/Chinese_Universities/blob/e088fddc329a6f0148ca72fd3b4d0fe069f13e3a/Chinese_Universities.json,95443426.png,Chinese_Universities.json,False,png,,,,,,,,,indexed_not_fetched,MIT,,平顶山学院,xioajiumi/Chinese_Universities,e088fddc329a6f0148ca72fd3b4d0fe069f13e3a,,
4141011068,郑州工程技术学院,1f6bfe9b12c3aebd,badge,https://www.shanghairanking.cn/_uni/logo-jpg/8369306300.jpg,https://github.com/xioajiumi/Chinese_Universities/blob/e088fddc329a6f0148ca72fd3b4d0fe069f13e3a/Chinese_Universities.json,8369306300.jpg,Chinese_Universities.json,False,jpg,,,,,,,,,indexed_not_fetched,MIT,,郑州工程技术学院,xioajiumi/Chinese_Universities,e088fddc329a6f0148ca72fd3b4d0fe069f13e3a,,
4141011070,洛阳理工学院,bd7f4a99942ed379,badge,https://www.shanghairanking.cn/_uni/logo/48021129.png,https://github.com/xioajiumi/Chinese_Universities/blob/e088fddc329a6f0148ca72fd3b4d0fe069f13e3a/Chinese_Universities.json,48021129.png,Chinese_Universities.json,False,png,,,,,,,,,indexed_not_fetched,MIT,,洛阳理工学院,xioajiumi/Chinese_Universities,e088fddc329a6f0148ca72fd3b4d0fe069f13e3a,,
4141011071,新乡学院,7fae99ac21a30246,badge,https://www.shanghairanking.cn/_uni/logo/36805815.png,https://github.com/xioajiumi/Chinese_Universities/blob/e088fddc329a6f0148ca72fd3b4d0fe069f13e3a/Chinese_Universities.json,36805815.png,Chinese_Universities.json,False,png,,,,,,,,,indexed_not_fetched,MIT,,新乡学院,xioajiumi/Chinese_Universities,e088fddc329a6f0148ca72fd3b4d0fe069f13e3a,,
4141011071,新乡学院,3ab4b049bba3132d,badge,https://raw.githubusercontent.com/RoboMaster/university_logos/3d645fc89869707bd7df8dba0f7e4bbcc4a60e14/Xinxiang_University/png/logo_blue_800x800.png,https://github.com/RoboMaster/university_logos/blob/3d645fc89869707bd7df8dba0f7e4bbcc4a60e14/Xinxiang_University/png/logo_blue_800x800.png,logo_blue_800x800.png,Xinxiang_University/png/logo_blue_800x800.png,False,png,800,800,,,False,raster,True,True,content_inspected,,,新乡学院,RoboMaster/university_logos,3d645fc89869707bd7df8dba0f7e4bbcc4a60e14,b2f3a96c728f039f63d8e1d7989b5558dac0a8dcc319894485984f80ce9b2178,46231
4141011071,新乡学院,d13db70363d52e68,badge,https://raw.githubusercontent.com/RoboMaster/university_logos/3d645fc89869707bd7df8dba0f7e4bbcc4a60e14/Xinxiang_University/svg/logo_blue.svg,https://github.com/RoboMaster/university_logos/blob/3d645fc89869707bd7df8dba0f7e4bbcc4a60e14/Xinxiang_University/svg/logo_blue.svg,logo_blue.svg,Xinxiang_University/svg/logo_blue.svg,False,svg,,,,,True,vector,,,content_inspected,,,新乡学院,RoboMaster/university_logos,3d645fc89869707bd7df8dba0f7e4bbcc4a60e14,1f33243abcd45f29ac017389a88438eb2decfc0c4134aef6bce5f8f3bf83cbba,450758
4141011326,信阳农林学院,d1bc9e4dab17cacd,badge,https://www.shanghairanking.cn/_uni/logo-jpg/8561928200.jpg,https://github.com/xioajiumi/Chinese_Universities/blob/e088fddc329a6f0148ca72fd3b4d0fe069f13e3a/Chinese_Universities.json,8561928200.jpg,Chinese_Universities.json,False,jpg,,,,,,,,,indexed_not_fetched,MIT,,信阳农林学院,xioajiumi/Chinese_Universities,e088fddc329a6f0148ca72fd3b4d0fe069f13e3a,,
4141011329,河南工学院,e48a2c4e564b68c5,badge,https://www.shanghairanking.cn/_uni/logo-jpg/2200013300.jpg,https://github.com/xioajiumi/Chinese_Universities/blob/e088fddc329a6f0148ca72fd3b4d0fe069f13e3a/Chinese_Universities.json,2200013300.jpg,Chinese_Universities.json,False,jpg,,,,,,,,,indexed_not_fetched,MIT,,河南工学院,xioajiumi/Chinese_Universities,e088fddc329a6f0148ca72fd3b4d0fe069f13e3a,,
4141011330,安阳工学院,fc9929449cf2c55e,badge,https://www.shanghairanking.cn/_uni/logo/16651461.png,https://github.com/xioajiumi/Chinese_Universities/blob/e088fddc329a6f0148ca72fd3b4d0fe069f13e3a/Chinese_Universities.json,16651461.png,Chinese_Universities.json,False,png,,,,,,,,,indexed_not_fetched,MIT,,安阳工学院,xioajiumi/Chinese_Universities,e088fddc329a6f0148ca72fd3b4d0fe069f13e3a,,
4141011517,河南工程学院,cb84add46991d7cd,badge,https://www.shanghairanking.cn/_uni/logo/27407185.png,https://github.com/xioajiumi/Chinese_Universities/blob/e088fddc329a6f0148ca72fd3b4d0fe069f13e3a/Chinese_Universities.json,27407185.png,Chinese_Universities.json,False,png,,,,,,,,,indexed_not_fetched,MIT,,河南工程学院,xioajiumi/Chinese_Universities,e088fddc329a6f0148ca72fd3b4d0fe069f13e3a,,
4141011517,河南工程学院,54b83b99f237fbba,badge,https://raw.githubusercontent.com/HeyHuazi/SVGLOGO/142498f527ac2dd3116cc1feccb9670879839f74/static/library/school/HeNanGongChengXueYuan.svg,https://github.com/HeyHuazi/SVGLOGO/blob/142498f527ac2dd3116cc1feccb9670879839f74/static/library/school/HeNanGongChengXueYuan.svg,HeNanGongChengXueYuan.svg,static/library/school/HeNanGongChengXueYuan.svg,False,svg,128.0,137.0,,,True,vector,,,content_inspected,MIT,,河南工程学院,HeyHuazi/SVGLOGO,142498f527ac2dd3116cc1feccb9670879839f74,ad64cd650449481b3d1104863008f97b967800b16915570716f36bc69a363740,14826
4141011517,河南工程学院,41198288b7f5ea4a,wordmark,https://raw.githubusercontent.com/HeyHuazi/SVGLOGO/142498f527ac2dd3116cc1feccb9670879839f74/static/library/school/HeNanGongChengXueYuan_wordmark.svg,https://github.com/HeyHuazi/SVGLOGO/blob/142498f527ac2dd3116cc1feccb9670879839f74/static/library/school/HeNanGongChengXueYuan_wordmark.svg,HeNanGongChengXueYuan_wordmark.svg,static/library/school/HeNanGongChengXueYuan_wordmark.svg,False,svg,,,,,True,vector,,,content_inspected,MIT,,河南工程学院,HeyHuazi/SVGLOGO,142498f527ac2dd3116cc1feccb9670879839f74,31cfb5fc45c9ccba1dd8f167e02c39c965c87b225c6544f6b261ce6b1b0cea81,12927
4141011653,南阳理工学院,06240e1c54e1afc4,badge,https://www.shanghairanking.cn/_uni/logo/83749369.png,https://github.com/xioajiumi/Chinese_Universities/blob/e088fddc329a6f0148ca72fd3b4d0fe069f13e3a/Chinese_Universities.json,83749369.png,Chinese_Universities.json,False,png,,,,,,,,,indexed_not_fetched,MIT,,南阳理工学院,xioajiumi/Chinese_Universities,e088fddc329a6f0148ca72fd3b4d0fe069f13e3a,,
4141011765,河南城建学院,6ffa4955cfbf5670,badge,https://www.shanghairanking.cn/_uni/logo/98614127.png,https://github.com/xioajiumi/Chinese_Universities/blob/e088fddc329a6f0148ca72fd3b4d0fe069f13e3a/Chinese_Universities.json,98614127.png,Chinese_Universities.json,False,png,,,,,,,,,indexed_not_fetched,MIT,,河南城建学院,xioajiumi/Chinese_Universities,e088fddc329a6f0148ca72fd3b4d0fe069f13e3a,,
4141012949,郑州师范学院,acc09304f46200e8,badge,https://www.shanghairanking.cn/_uni/logo/81495500.png,https://github.com/xioajiumi/Chinese_Universities/blob/e088fddc329a6f0148ca72fd3b4d0fe069f13e3a/Chinese_Universities.json,81495500.png,Chinese_Universities.json,False,png,,,,,,,,,indexed_not_fetched,MIT,,郑州师范学院,xioajiumi/Chinese_Universities,e088fddc329a6f0148ca72fd3b4d0fe069f13e3a,,
4133010335,浙江大学,a27a7f996d49986d,badge,https://www.shanghairanking.cn/_uni/logo/88311656.png,https://github.com/xioajiumi/Chinese_Universities/blob/e088fddc329a6f0148ca72fd3b4d0fe069f13e3a/Chinese_Universities.json,88311656.png,Chinese_Universities.json,False,png,,,,,,,,,indexed_not_fetched,MIT,,浙江大学,xioajiumi/Chinese_Universities,e088fddc329a6f0148ca72fd3b4d0fe069f13e3a,,
4133010335,浙江大学,4bddc253db0e94c2,badge,https://raw.githubusercontent.com/Magicdover/China-Universities-2026/419bdc7ce6956fc88c2b70b3979f170b6666f111/assets/logos-new/%E6%B5%99%E6%B1%9F%E5%A4%A7%E5%AD%A6%20ZJU.svg,https://github.com/Magicdover/China-Universities-2026/blob/419bdc7ce6956fc88c2b70b3979f170b6666f111/assets/logos-new/%E6%B5%99%E6%B1%9F%E5%A4%A7%E5%AD%A6%20ZJU.svg,%E6%B5%99%E6%B1%9F%E5%A4%A7%E5%AD%A6%20ZJU.svg,assets/logos-new/浙江大学 ZJU.svg,False,svg,88.0,88.0,,,True,vector,,,content_inspected,MIT,,浙江大学,Magicdover/China-Universities-2026,419bdc7ce6956fc88c2b70b3979f170b6666f111,f81efa81c6b4e686d2e7a1f8353cd4cd549ac1c38474344735e36f384da20f76,22312
4133010335,浙江大学,eb388a31d22546fc,badge,https://raw.githubusercontent.com/HeyHuazi/SVGLOGO/142498f527ac2dd3116cc1feccb9670879839f74/static/library/school/ZJU.svg,https://github.com/HeyHuazi/SVGLOGO/blob/142498f527ac2dd3116cc1feccb9670879839f74/static/library/school/ZJU.svg,ZJU.svg,static/library/school/ZJU.svg,False,svg,128.0,137.0,,,True,vector,,,content_inspected,MIT,,浙江大学,HeyHuazi/SVGLOGO,142498f527ac2dd3116cc1feccb9670879839f74,22e65b2d9cd2bc8b8eef2798cd49a8f3d67e3bea6f6ff981bb904aa9d31a73a2,12035
4133010335,浙江大学,7dbbf404e3a5ee89,wordmark,https://raw.githubusercontent.com/HeyHuazi/SVGLOGO/142498f527ac2dd3116cc1feccb9670879839f74/static/library/school/ZJU_wordmark.svg,https://github.com/HeyHuazi/SVGLOGO/blob/142498f527ac2dd3116cc1feccb9670879839f74/static/library/school/ZJU_wordmark.svg,ZJU_wordmark.svg,static/library/school/ZJU_wordmark.svg,False,svg,,,,,True,vector,,,content_inspected,MIT,,浙江大学,HeyHuazi/SVGLOGO,142498f527ac2dd3116cc1feccb9670879839f74,9f250fbcb80a1ddde8d274826e8168103eec8577acbf706dbf273fbf57346093,9828
4133010335,浙江大学,d442b78b57d7e6c0,badge,https://raw.githubusercontent.com/RoboMaster/university_logos/3d645fc89869707bd7df8dba0f7e4bbcc4a60e14/Zhejiang_University/png/logo_blue_800x800.png,https://github.com/RoboMaster/university_logos/blob/3d645fc89869707bd7df8dba0f7e4bbcc4a60e14/Zhejiang_University/png/logo_blue_800x800.png,logo_blue_800x800.png,Zhejiang_University/png/logo_blue_800x800.png,False,png,800,800,,,False,raster,True,True,content_inspected,,,浙江大学,RoboMaster/university_logos,3d645fc89869707bd7df8dba0f7e4bbcc4a60e14,85639c71e5a1c6f122ca20b61e40b977a138dbf7e5f7c8e303cb7d03912eb48b,56501
4133010335,浙江大学,fcff1c3d94e82ac1,badge,https://raw.githubusercontent.com/RoboMaster/university_logos/3d645fc89869707bd7df8dba0f7e4bbcc4a60e14/Zhejiang_University/svg/logo_blue.svg,https://github.com/RoboMaster/university_logos/blob/3d645fc89869707bd7df8dba0f7e4bbcc4a60e14/Zhejiang_University/svg/logo_blue.svg,logo_blue.svg,Zhejiang_University/svg/logo_blue.svg,False,svg,160.0,160.0,160px,160px,True,vector,,,content_inspected,,,浙江大学,RoboMaster/university_logos,3d645fc89869707bd7df8dba0f7e4bbcc4a60e14,159317d9e164f5217dfd0b6fe2dffef08e901b0abe937480551fc1bc49bbcb46,68076
4133010336,杭州电子科技大学,bbe8bef59833a78c,badge,https://www.shanghairanking.cn/_uni/logo/47982726.png,https://github.com/xioajiumi/Chinese_Universities/blob/e088fddc329a6f0148ca72fd3b4d0fe069f13e3a/Chinese_Universities.json,47982726.png,Chinese_Universities.json,False,png,,,,,,,,,indexed_not_fetched,MIT,,杭州电子科技大学,xioajiumi/Chinese_Universities,e088fddc329a6f0148ca72fd3b4d0fe069f13e3a,,
4133010336,杭州电子科技大学,3878aae09a7e1314,badge,https://raw.githubusercontent.com/Magicdover/China-Universities-2026/419bdc7ce6956fc88c2b70b3979f170b6666f111/assets/logos-new/%E6%9D%AD%E5%B7%9E%E7%94%B5%E5%AD%90%E7%A7%91%E6%8A%80%E5%A4%A7%E5%AD%A6%20HDU.svg,https://github.com/Magicdover/China-Universities-2026/blob/419bdc7ce6956fc88c2b70b3979f170b6666f111/assets/logos-new/%E6%9D%AD%E5%B7%9E%E7%94%B5%E5%AD%90%E7%A7%91%E6%8A%80%E5%A4%A7%E5%AD%A6%20HDU.svg,%E6%9D%AD%E5%B7%9E%E7%94%B5%E5%AD%90%E7%A7%91%E6%8A%80%E5%A4%A7%E5%AD%A6%20HDU.svg,assets/logos-new/杭州电子科技大学 HDU.svg,False,svg,,,,,True,vector,,,content_inspected,MIT,,杭州电子科技大学,Magicdover/China-Universities-2026,419bdc7ce6956fc88c2b70b3979f170b6666f111,0d58d9dedeb6a764e8ce2b1620d8729e29f394ad53ca9bd81b248b843fa07271,60441
4133010337,浙江工业大学,cf503c872d06ecc6,badge,https://www.shanghairanking.cn/_uni/logo/19897860.png,https://github.com/xioajiumi/Chinese_Universities/blob/e088fddc329a6f0148ca72fd3b4d0fe069f13e3a/Chinese_Universities.json,19897860.png,Chinese_Universities.json,False,png,,,,,,,,,indexed_not_fetched,MIT,,浙江工业大学,xioajiumi/Chinese_Universities,e088fddc329a6f0148ca72fd3b4d0fe069f13e3a,,
4133010337,浙江工业大学,f98bec4228e583c9,badge,https://raw.githubusercontent.com/Magicdover/China-Universities-2026/419bdc7ce6956fc88c2b70b3979f170b6666f111/assets/logos-new/%E6%B5%99%E6%B1%9F%E5%B7%A5%E4%B8%9A%E5%A4%A7%E5%AD%A6%20ZJUT.svg,https://github.com/Magicdover/China-Universities-2026/blob/419bdc7ce6956fc88c2b70b3979f170b6666f111/assets/logos-new/%E6%B5%99%E6%B1%9F%E5%B7%A5%E4%B8%9A%E5%A4%A7%E5%AD%A6%20ZJUT.svg,%E6%B5%99%E6%B1%9F%E5%B7%A5%E4%B8%9A%E5%A4%A7%E5%AD%A6%20ZJUT.svg,assets/logos-new/浙江工业大学 ZJUT.svg,False,svg,88.0,88.0,,,True,vector,,,content_inspected,MIT,,浙江工业大学,Magicdover/China-Universities-2026,419bdc7ce6956fc88c2b70b3979f170b6666f111,3abe285598605b58aceb1b43ebe4fdc4f329dcbbac89e0822d8552b3c39b25f9,68014
4133010337,浙江工业大学,4ca5a0b5ce643c75,badge,https://raw.githubusercontent.com/HeyHuazi/SVGLOGO/142498f527ac2dd3116cc1feccb9670879839f74/static/library/school/ZJUT.svg,https://github.com/HeyHuazi/SVGLOGO/blob/142498f527ac2dd3116cc1feccb9670879839f74/static/library/school/ZJUT.svg,ZJUT.svg,static/library/school/ZJUT.svg,False,svg,128.0,137.0,,,True,vector,,,content_inspected,MIT,,浙江工业大学,HeyHuazi/SVGLOGO,142498f527ac2dd3116cc1feccb9670879839f74,a195a6974a96170ce50a65f5ba933b1e762fcc4f815d2f256a7d0fde4ab6ba08,23134
4133010337,浙江工业大学,1388a52db3d1d9a1,wordmark,https://raw.githubusercontent.com/HeyHuazi/SVGLOGO/142498f527ac2dd3116cc1feccb9670879839f74/static/library/school/ZJUT_wordmark.svg,https://github.com/HeyHuazi/SVGLOGO/blob/142498f527ac2dd3116cc1feccb9670879839f74/static/library/school/ZJUT_wordmark.svg,ZJUT_wordmark.svg,static/library/school/ZJUT_wordmark.svg,False,svg,,,,,True,vector,,,content_inspected,MIT,,浙江工业大学,HeyHuazi/SVGLOGO,142498f527ac2dd3116cc1feccb9670879839f74,bec23f70cf54b98786e5d5e1238ec815a8aad90d3c8531d283d6eef5204b5bcc,14564
4133010337,浙江工业大学,de8dc3c4d159c5c0,badge,https://raw.githubusercontent.com/RoboMaster/university_logos/3d645fc89869707bd7df8dba0f7e4bbcc4a60e14/Zhejiang_University_of_Technology/png/logo_blue_800x800.png,https://github.com/RoboMaster/university_logos/blob/3d645fc89869707bd7df8dba0f7e4bbcc4a60e14/Zhejiang_University_of_Technology/png/logo_blue_800x800.png,logo_blue_800x800.png,Zhejiang_University_of_Technology/png/logo_blue_800x800.png,False,png,800,800,,,False,raster,True,True,content_inspected,,,浙江工业大学,RoboMaster/university_logos,3d645fc89869707bd7df8dba0f7e4bbcc4a60e14,6e843b358ae2a3726e9ded39fa7bf6ae81c46076a5179cff5a177c0135df9906,62066
4133010337,浙江工业大学,c95eebe6bcee91f3,badge,https://raw.githubusercontent.com/RoboMaster/university_logos/3d645fc89869707bd7df8dba0f7e4bbcc4a60e14/Zhejiang_University_of_Technology/svg/logo_blue.svg,https://github.com/RoboMaster/university_logos/blob/3d645fc89869707bd7df8dba0f7e4bbcc4a60e14/Zhejiang_University_of_Technology/svg/logo_blue.svg,logo_blue.svg,Zhejiang_University_of_Technology/svg/logo_blue.svg,False,svg,,,,,True,vector,,,content_inspected,,,浙江工业大学,RoboMaster/university_logos,3d645fc89869707bd7df8dba0f7e4bbcc4a60e14,74e76dc014a32f31b0d0d884616c4be4a48d5afd4ed7c56b3c0b17e5bbd77678,592523
4133010338,浙江理工大学,3db039ec49713f57,badge,https://www.shanghairanking.cn/_uni/logo/16934191.png,https://github.com/xioajiumi/Chinese_Universities/blob/e088fddc329a6f0148ca72fd3b4d0fe069f13e3a/Chinese_Universities.json,16934191.png,Chinese_Universities.json,False,png,,,,,,,,,indexed_not_fetched,MIT,,浙江理工大学,xioajiumi/Chinese_Universities,e088fddc329a6f0148ca72fd3b4d0fe069f13e3a,,
4133010340,浙江海洋大学,099e4587bb42adbe,badge,https://www.shanghairanking.cn/_uni/logo/75085847.png,https://github.com/xioajiumi/Chinese_Universities/blob/e088fddc329a6f0148ca72fd3b4d0fe069f13e3a/Chinese_Universities.json,75085847.png,Chinese_Universities.json,False,png,,,,,,,,,indexed_not_fetched,MIT,,浙江海洋大学,xioajiumi/Chinese_Universities,e088fddc329a6f0148ca72fd3b4d0fe069f13e3a,,
4133010341,浙江农林大学,43d1107d368bfe58,badge,https://www.shanghairanking.cn/_uni/logo/72636185.png,https://github.com/xioajiumi/Chinese_Universities/blob/e088fddc329a6f0148ca72fd3b4d0fe069f13e3a/Chinese_Universities.json,72636185.png,Chinese_Universities.json,False,png,,,,,,,,,indexed_not_fetched,MIT,,浙江农林大学,xioajiumi/Chinese_Universities,e088fddc329a6f0148ca72fd3b4d0fe069f13e3a,,
4133010345,浙江师范大学,f6fd13474e29c4ca,badge,https://www.shanghairanking.cn/_uni/logo/34648327.png,https://github.com/xioajiumi/Chinese_Universities/blob/e088fddc329a6f0148ca72fd3b4d0fe069f13e3a/Chinese_Universities.json,34648327.png,Chinese_Universities.json,False,png,,,,,,,,,indexed_not_fetched,MIT,,浙江师范大学,xioajiumi/Chinese_Universities,e088fddc329a6f0148ca72fd3b4d0fe069f13e3a,,
4133010346,杭州师范大学,36dd2fb513602658,badge,https://www.shanghairanking.cn/_uni/logo/19604361.png,https://github.com/xioajiumi/Chinese_Universities/blob/e088fddc329a6f0148ca72fd3b4d0fe069f13e3a/Chinese_Universities.json,19604361.png,Chinese_Universities.json,False,png,,,,,,,,,indexed_not_fetched,MIT,,杭州师范大学,xioajiumi/Chinese_Universities,e088fddc329a6f0148ca72fd3b4d0fe069f13e3a,,
4133010350,台州学院,0329c86dbdc8c33a,badge,https://www.shanghairanking.cn/_uni/logo-jpg/8551212700.jpg,https://github.com/xioajiumi/Chinese_Universities/blob/e088fddc329a6f0148ca72fd3b4d0fe069f13e3a/Chinese_Universities.json,8551212700.jpg,Chinese_Universities.json,False,jpg,,,,,,,,,indexed_not_fetched,MIT,,台州学院,xioajiumi/Chinese_Universities,e088fddc329a6f0148ca72fd3b4d0fe069f13e3a,,
4133010351,温州大学,ebadcb92c1506eb3,badge,https://www.shanghairanking.cn/_uni/logo/87896146.png,https://github.com/xioajiumi/Chinese_Universities/blob/e088fddc329a6f0148ca72fd3b4d0fe069f13e3a/Chinese_Universities.json,87896146.png,Chinese_Universities.json,False,png,,,,,,,,,indexed_not_fetched,MIT,,温州大学,xioajiumi/Chinese_Universities,e088fddc329a6f0148ca72fd3b4d0fe069f13e3a,,
4133010352,丽水学院,b3c025c8fcd8ff01,badge,https://www.shanghairanking.cn/_uni/logo/40081109.png,https://github.com/xioajiumi/Chinese_Universities/blob/e088fddc329a6f0148ca72fd3b4d0fe069f13e3a/Chinese_Universities.json,40081109.png,Chinese_Universities.json,False,png,,,,,,,,,indexed_not_fetched,MIT,,丽水学院,xioajiumi/Chinese_Universities,e088fddc329a6f0148ca72fd3b4d0fe069f13e3a,,
4133010355,中国美术学院,16b557ca820964aa,badge,https://raw.githubusercontent.com/Magicdover/China-Universities-2026/419bdc7ce6956fc88c2b70b3979f170b6666f111/assets/logos-new/%E4%B8%AD%E5%9B%BD%E7%BE%8E%E6%9C%AF%E5%AD%A6%E9%99%A2%20CAA.svg,https://github.com/Magicdover/China-Universities-2026/blob/419bdc7ce6956fc88c2b70b3979f170b6666f111/assets/logos-new/%E4%B8%AD%E5%9B%BD%E7%BE%8E%E6%9C%AF%E5%AD%A6%E9%99%A2%20CAA.svg,%E4%B8%AD%E5%9B%BD%E7%BE%8E%E6%9C%AF%E5%AD%A6%E9%99%A2%20CAA.svg,assets/logos-new/中国美术学院 CAA.svg,False,svg,88.0,82.0,,,True,vector,,,content_inspected,MIT,,中国美术学院,Magicdover/China-Universities-2026,419bdc7ce6956fc88c2b70b3979f170b6666f111,4cf5523209ebd805777065eed8756645fea8111ce54571b7bb2c6c72af697edc,398
4133010355,中国美术学院,136defab1ec5aa3d,badge,https://raw.githubusercontent.com/HeyHuazi/SVGLOGO/142498f527ac2dd3116cc1feccb9670879839f74/static/library/school/CAA.svg,https://github.com/HeyHuazi/SVGLOGO/blob/142498f527ac2dd3116cc1feccb9670879839f74/static/library/school/CAA.svg,CAA.svg,static/library/school/CAA.svg,False,svg,128.0,128.0,,,True,vector,,,content_inspected,MIT,,中国美术学院,HeyHuazi/SVGLOGO,142498f527ac2dd3116cc1feccb9670879839f74,3e5eb9c0a93ae69dfd90e551960ac38d86671af00131d806f6f76ba529b5e6dc,338
4133010355,中国美术学院,3e207aeb7ce96ed9,wordmark,https://raw.githubusercontent.com/HeyHuazi/SVGLOGO/142498f527ac2dd3116cc1feccb9670879839f74/static/library/school/CAA_wordmark.svg,https://github.com/HeyHuazi/SVGLOGO/blob/142498f527ac2dd3116cc1feccb9670879839f74/static/library/school/CAA_wordmark.svg,CAA_wordmark.svg,static/library/school/CAA_wordmark.svg,False,svg,,,,,True,vector,,,content_inspected,MIT,,中国美术学院,HeyHuazi/SVGLOGO,142498f527ac2dd3116cc1feccb9670879839f74,c5b4655148be06c795f73fc9dff48aa0acd209c4b1fd6dd3ffdeae6f030a0c52,11770
4133010356,中国计量大学,ab5c72a1700b5b8f,badge,https://www.shanghairanking.cn/_uni/logo/30667767.png,https://github.com/xioajiumi/Chinese_Universities/blob/e088fddc329a6f0148ca72fd3b4d0fe069f13e3a/Chinese_Universities.json,30667767.png,Chinese_Universities.json,False,png,,,,,,,,,indexed_not_fetched,MIT,,中国计量大学,xioajiumi/Chinese_Universities,e088fddc329a6f0148ca72fd3b4d0fe069f13e3a,,
4133010876,浙江万里学院,86d3917355e83f18,badge,https://www.shanghairanking.cn/_uni/logo/32947352.png,https://github.com/xioajiumi/Chinese_Universities/blob/e088fddc329a6f0148ca72fd3b4d0fe069f13e3a/Chinese_Universities.json,32947352.png,Chinese_Universities.json,False,png,,,,,,,,,indexed_not_fetched,MIT,,浙江万里学院,xioajiumi/Chinese_Universities,e088fddc329a6f0148ca72fd3b4d0fe069f13e3a,,
4133011058,宁波工程学院,d145d83c6c6349af,badge,https://www.shanghairanking.cn/_uni/logo/40131695.png,https://github.com/xioajiumi/Chinese_Universities/blob/e088fddc329a6f0148ca72fd3b4d0fe069f13e3a/Chinese_Universities.json,40131695.png,Chinese_Universities.json,False,png,,,,,,,,,indexed_not_fetched,MIT,,宁波工程学院,xioajiumi/Chinese_Universities,e088fddc329a6f0148ca72fd3b4d0fe069f13e3a,,
4133011481,浙江水利水电学院,84e3ec40edc30566,badge,https://www.shanghairanking.cn/_uni/logo/56985389.png,https://github.com/xioajiumi/Chinese_Universities/blob/e088fddc329a6f0148ca72fd3b4d0fe069f13e3a/Chinese_Universities.json,56985389.png,Chinese_Universities.json,False,png,,,,,,,,,indexed_not_fetched,MIT,,浙江水利水电学院,xioajiumi/Chinese_Universities,e088fddc329a6f0148ca72fd3b4d0fe069f13e3a,,
4133011488,衢州学院,203d41625ad30f09,badge,https://www.shanghairanking.cn/_uni/logo/72411383.png,https://github.com/xioajiumi/Chinese_Universities/blob/e088fddc329a6f0148ca72fd3b4d0fe069f13e3a/Chinese_Universities.json,72411383.png,Chinese_Universities.json,False,png,,,,,,,,,indexed_not_fetched,MIT,,衢州学院,xioajiumi/Chinese_Universities,e088fddc329a6f0148ca72fd3b4d0fe069f13e3a,,
4133011646,宁波大学,1974d1b63654aad5,badge,https://www.shanghairanking.cn/_uni/logo/83052172.png,https://github.com/xioajiumi/Chinese_Universities/blob/e088fddc329a6f0148ca72fd3b4d0fe069f13e3a/Chinese_Universities.json,83052172.png,Chinese_Universities.json,False,png,,,,,,,,,indexed_not_fetched,MIT,,宁波大学,xioajiumi/Chinese_Universities,e088fddc329a6f0148ca72fd3b4d0fe069f13e3a,,
4133011646,宁波大学,a595023d0dc810ab,badge,https://raw.githubusercontent.com/Magicdover/China-Universities-2026/419bdc7ce6956fc88c2b70b3979f170b6666f111/assets/logos/%E5%AE%81%E6%B3%A2%E5%A4%A7%E5%AD%A6%20NBU.svg,https://github.com/Magicdover/China-Universities-2026/blob/419bdc7ce6956fc88c2b70b3979f170b6666f111/assets/logos/%E5%AE%81%E6%B3%A2%E5%A4%A7%E5%AD%A6%20NBU.svg,%E5%AE%81%E6%B3%A2%E5%A4%A7%E5%AD%A6%20NBU.svg,assets/logos/宁波大学 NBU.svg,False,svg,154.0,157.0,,,True,vector,,,content_inspected,MIT,,宁波大学,Magicdover/China-Universities-2026,419bdc7ce6956fc88c2b70b3979f170b6666f111,bf9e794d35eee174bd452305b2bd942851d79eced8f252c15ea029eece2408ef,46204
4133011646,宁波大学,ce9c85080259ed09,badge,https://raw.githubusercontent.com/HeyHuazi/SVGLOGO/142498f527ac2dd3116cc1feccb9670879839f74/static/library/school/NBU.svg,https://github.com/HeyHuazi/SVGLOGO/blob/142498f527ac2dd3116cc1feccb9670879839f74/static/library/school/NBU.svg,NBU.svg,static/library/school/NBU.svg,False,svg,128.0,128.0,,,True,vector,,,content_inspected,MIT,,宁波大学,HeyHuazi/SVGLOGO,142498f527ac2dd3116cc1feccb9670879839f74,4860fafa2088a6fb1e7a3fc1895848af1fc9af996f34cc74e43f76a08c0cd99a,10642
4133011646,宁波大学,f5ad7a76155de934,wordmark,https://raw.githubusercontent.com/HeyHuazi/SVGLOGO/142498f527ac2dd3116cc1feccb9670879839f74/static/library/school/NBU_wordmark.svg,https://github.com/HeyHuazi/SVGLOGO/blob/142498f527ac2dd3116cc1feccb9670879839f74/static/library/school/NBU_wordmark.svg,NBU_wordmark.svg,static/library/school/NBU_wordmark.svg,False,svg,,,,,True,vector,,,content_inspected,MIT,,宁波大学,HeyHuazi/SVGLOGO,142498f527ac2dd3116cc1feccb9670879839f74,0e0852b1200fb830f1f75a6962b55af8e37120a303bdb3ede8d44ce05c95f691,10835
4133011646,宁波大学,4ff17268ec622334,badge,https://raw.githubusercontent.com/RoboMaster/university_logos/3d645fc89869707bd7df8dba0f7e4bbcc4a60e14/Ningbo_University/png/logo_red_800x800.png,https://github.com/RoboMaster/university_logos/blob/3d645fc89869707bd7df8dba0f7e4bbcc4a60e14/Ningbo_University/png/logo_red_800x800.png,logo_red_800x800.png,Ningbo_University/png/logo_red_800x800.png,False,png,800,800,,,False,raster,True,True,content_inspected,,,宁波大学,RoboMaster/university_logos,3d645fc89869707bd7df8dba0f7e4bbcc4a60e14,ebf3b0022e30ea6625e198449d7d22166c56abce183c8fae47b4bf18bf5fd3ea,101509
4133013021,浙大城市学院,a6c56f8d11562fea,badge,https://www.shanghairanking.cn/_uni/logo/46612256.png,https://github.com/xioajiumi/Chinese_Universities/blob/e088fddc329a6f0148ca72fd3b4d0fe069f13e3a/Chinese_Universities.json,46612256.png,Chinese_Universities.json,False,png,,,,,,,,,indexed_not_fetched,MIT,,浙大城市学院,xioajiumi/Chinese_Universities,e088fddc329a6f0148ca72fd3b4d0fe069f13e3a,,
4133013022,浙大宁波理工学院,3d9fb72832d4f90a,badge,https://www.shanghairanking.cn/_uni/logo/68131907.png,https://github.com/xioajiumi/Chinese_Universities/blob/e088fddc329a6f0148ca72fd3b4d0fe069f13e3a/Chinese_Universities.json,68131907.png,Chinese_Universities.json,False,png,,,,,,,,,indexed_not_fetched,MIT,,浙大宁波理工学院,xioajiumi/Chinese_Universities,e088fddc329a6f0148ca72fd3b4d0fe069f13e3a,,
4133013287,湖州学院,7799de5c786c4f91,badge,https://www.shanghairanking.cn/_uni/logo/19332185.png,https://github.com/xioajiumi/Chinese_Universities/blob/e088fddc329a6f0148ca72fd3b4d0fe069f13e3a/Chinese_Universities.json,19332185.png,Chinese_Universities.json,False,png,,,,,,,,,indexed_not_fetched,MIT,,湖州学院,xioajiumi/Chinese_Universities,e088fddc329a6f0148ca72fd3b4d0fe069f13e3a,,
4133013289,温州理工学院,0ad95fc3555ae590,badge,https://www.shanghairanking.cn/_uni/logo-jpg/3429316100.jpg,https://github.com/xioajiumi/Chinese_Universities/blob/e088fddc329a6f0148ca72fd3b4d0fe069f13e3a/Chinese_Universities.json,3429316100.jpg,Chinese_Universities.json,False,jpg,,,,,,,,,indexed_not_fetched,MIT,,温州理工学院,xioajiumi/Chinese_Universities,e088fddc329a6f0148ca72fd3b4d0fe069f13e3a,,
4133014535,浙江音乐学院,da40b26f46dc03a5,badge,https://raw.githubusercontent.com/Magicdover/China-Universities-2026/419bdc7ce6956fc88c2b70b3979f170b6666f111/assets/logos-new/%E6%B5%99%E6%B1%9F%E9%9F%B3%E4%B9%90%E5%AD%A6%E9%99%A2%20ZJCM.svg,https://github.com/Magicdover/China-Universities-2026/blob/419bdc7ce6956fc88c2b70b3979f170b6666f111/assets/logos-new/%E6%B5%99%E6%B1%9F%E9%9F%B3%E4%B9%90%E5%AD%A6%E9%99%A2%20ZJCM.svg,%E6%B5%99%E6%B1%9F%E9%9F%B3%E4%B9%90%E5%AD%A6%E9%99%A2%20ZJCM.svg,assets/logos-new/浙江音乐学院 ZJCM.svg,False,svg,111.73570251464844,111.73490142822266,,,True,vector,,,content_inspected,MIT,,浙江音乐学院,Magicdover/China-Universities-2026,419bdc7ce6956fc88c2b70b3979f170b6666f111,d9557ca6d4b80dcbf7714d6f317a7876bdb1cd29665af7044c284e11a600e865,93411
4133014626,西湖大学,f4b54de916daaf42,badge,https://raw.githubusercontent.com/Magicdover/China-Universities-2026/419bdc7ce6956fc88c2b70b3979f170b6666f111/assets/logos/%E8%A5%BF%E6%B9%96%E5%A4%A7%E5%AD%A6%20WU.svg,https://github.com/Magicdover/China-Universities-2026/blob/419bdc7ce6956fc88c2b70b3979f170b6666f111/assets/logos/%E8%A5%BF%E6%B9%96%E5%A4%A7%E5%AD%A6%20WU.svg,%E8%A5%BF%E6%B9%96%E5%A4%A7%E5%AD%A6%20WU.svg,assets/logos/西湖大学 WU.svg,False,svg,,,,,True,vector,,,content_inspected,MIT,,西湖大学,Magicdover/China-Universities-2026,419bdc7ce6956fc88c2b70b3979f170b6666f111,1be7835cb1dc1597fdab0273f93dfbbd0b2c46953812c1a76a4d72cf06291a17,30773
4133016301,宁波诺丁汉大学,4aa4b4590c5b4df9,badge,https://raw.githubusercontent.com/HeyHuazi/SVGLOGO/142498f527ac2dd3116cc1feccb9670879839f74/static/library/school/UNNC.svg,https://github.com/HeyHuazi/SVGLOGO/blob/142498f527ac2dd3116cc1feccb9670879839f74/static/library/school/UNNC.svg,UNNC.svg,static/library/school/UNNC.svg,False,svg,128.0,137.0,,,True,vector,,,content_inspected,MIT,,宁波诺丁汉大学,HeyHuazi/SVGLOGO,142498f527ac2dd3116cc1feccb9670879839f74,3bfcb831bb5857651cd81022a039aea0a892c4274a1ca6a9481fca84bce0cb20,1975
4133016301,宁波诺丁汉大学,d47d0d520f00d27d,wordmark,https://raw.githubusercontent.com/HeyHuazi/SVGLOGO/142498f527ac2dd3116cc1feccb9670879839f74/static/library/school/UNNC_wordmark.svg,https://github.com/HeyHuazi/SVGLOGO/blob/142498f527ac2dd3116cc1feccb9670879839f74/static/library/school/UNNC_wordmark.svg,UNNC_wordmark.svg,static/library/school/UNNC_wordmark.svg,False,svg,,,,,True,vector,,,content_inspected,MIT,,宁波诺丁汉大学,HeyHuazi/SVGLOGO,142498f527ac2dd3116cc1feccb9670879839f74,23aa9b2135f8af0f0177d6b793bbbb8d14944f61370d178c985c10b3d5019c45,5015
4146010589,海南大学,3104c9b53df7d2ee,badge,https://www.shanghairanking.cn/_uni/logo/32937649.png,https://github.com/xioajiumi/Chinese_Universities/blob/e088fddc329a6f0148ca72fd3b4d0fe069f13e3a/Chinese_Universities.json,32937649.png,Chinese_Universities.json,False,png,,,,,,,,,indexed_not_fetched,MIT,,海南大学,xioajiumi/Chinese_Universities,e088fddc329a6f0148ca72fd3b4d0fe069f13e3a,,
4146010589,海南大学,8c970c4ced2f4474,badge,https://raw.githubusercontent.com/Magicdover/China-Universities-2026/419bdc7ce6956fc88c2b70b3979f170b6666f111/assets/logos-new/%E6%B5%B7%E5%8D%97%E5%A4%A7%E5%AD%A6%20HAINU.png,https://github.com/Magicdover/China-Universities-2026/blob/419bdc7ce6956fc88c2b70b3979f170b6666f111/assets/logos-new/%E6%B5%B7%E5%8D%97%E5%A4%A7%E5%AD%A6%20HAINU.png,%E6%B5%B7%E5%8D%97%E5%A4%A7%E5%AD%A6%20HAINU.png,assets/logos-new/海南大学 HAINU.png,False,png,1024,1280,,,False,raster,True,True,content_inspected,MIT,,海南大学,Magicdover/China-Universities-2026,419bdc7ce6956fc88c2b70b3979f170b6666f111,f2e0f9cb7d919f3b1c497ee8cafb4cb575a21072788824d8a10e86c009d03b79,178423
4146011100,海南热带海洋学院,ca6a30bb13a9b740,badge,https://www.shanghairanking.cn/_uni/logo/40219438.png,https://github.com/xioajiumi/Chinese_Universities/blob/e088fddc329a6f0148ca72fd3b4d0fe069f13e3a/Chinese_Universities.json,40219438.png,Chinese_Universities.json,False,png,,,,,,,,,indexed_not_fetched,MIT,,海南热带海洋学院,xioajiumi/Chinese_Universities,e088fddc329a6f0148ca72fd3b4d0fe069f13e3a,,
4146011658,海南师范大学,c56444ce529f0644,badge,https://www.shanghairanking.cn/_uni/logo/94936624.png,https://github.com/xioajiumi/Chinese_Universities/blob/e088fddc329a6f0148ca72fd3b4d0fe069f13e3a/Chinese_Universities.json,94936624.png,Chinese_Universities.json,False,png,,,,,,,,,indexed_not_fetched,MIT,,海南师范大学,xioajiumi/Chinese_Universities,e088fddc329a6f0148ca72fd3b4d0fe069f13e3a,,
4146013811,琼台师范学院,7bcbff3f5b90c7a5,badge,https://www.shanghairanking.cn/_uni/logo-jpg/8817040400.jpg,https://github.com/xioajiumi/Chinese_Universities/blob/e088fddc329a6f0148ca72fd3b4d0fe069f13e3a/Chinese_Universities.json,8817040400.jpg,Chinese_Universities.json,False,jpg,,,,,,,,,indexed_not_fetched,MIT,,琼台师范学院,xioajiumi/Chinese_Universities,e088fddc329a6f0148ca72fd3b4d0fe069f13e3a,,
4142010486,武汉大学,f6cefb32e9fa1616,badge,https://www.shanghairanking.cn/_uni/logo/46182017.png,https://github.com/xioajiumi/Chinese_Universities/blob/e088fddc329a6f0148ca72fd3b4d0fe069f13e3a/Chinese_Universities.json,46182017.png,Chinese_Universities.json,False,png,,,,,,,,,indexed_not_fetched,MIT,,武汉大学,xioajiumi/Chinese_Universities,e088fddc329a6f0148ca72fd3b4d0fe069f13e3a,,
4142010486,武汉大学,822d3aa30b8a1335,badge,https://raw.githubusercontent.com/Magicdover/China-Universities-2026/419bdc7ce6956fc88c2b70b3979f170b6666f111/assets/logos-new/%E6%AD%A6%E6%B1%89%E5%A4%A7%E5%AD%A6%20WHU.svg,https://github.com/Magicdover/China-Universities-2026/blob/419bdc7ce6956fc88c2b70b3979f170b6666f111/assets/logos-new/%E6%AD%A6%E6%B1%89%E5%A4%A7%E5%AD%A6%20WHU.svg,%E6%AD%A6%E6%B1%89%E5%A4%A7%E5%AD%A6%20WHU.svg,assets/logos-new/武汉大学 WHU.svg,False,svg,430.6294,430.6294,,,True,vector,,,content_inspected,MIT,,武汉大学,Magicdover/China-Universities-2026,419bdc7ce6956fc88c2b70b3979f170b6666f111,19b2569212f79c70735f925b2bc46ecd0c1d19576045fb70c69c875b93af829d,31757
4142010486,武汉大学,5f15824687b2ed91,badge,https://raw.githubusercontent.com/HeyHuazi/SVGLOGO/142498f527ac2dd3116cc1feccb9670879839f74/static/library/school/WHU.svg,https://github.com/HeyHuazi/SVGLOGO/blob/142498f527ac2dd3116cc1feccb9670879839f74/static/library/school/WHU.svg,WHU.svg,static/library/school/WHU.svg,False,svg,128.0,137.0,,,True,vector,,,content_inspected,MIT,,武汉大学,HeyHuazi/SVGLOGO,142498f527ac2dd3116cc1feccb9670879839f74,c5df86a2e9e04cc75df6efdf1407416be646ac90b90e399696a44952585be7ef,20424
4142010486,武汉大学,0fa5e77066acf3b3,wordmark,https://raw.githubusercontent.com/HeyHuazi/SVGLOGO/142498f527ac2dd3116cc1feccb9670879839f74/static/library/school/WHU_wordmark.svg,https://github.com/HeyHuazi/SVGLOGO/blob/142498f527ac2dd3116cc1feccb9670879839f74/static/library/school/WHU_wordmark.svg,WHU_wordmark.svg,static/library/school/WHU_wordmark.svg,False,svg,,,,,True,vector,,,content_inspected,MIT,,武汉大学,HeyHuazi/SVGLOGO,142498f527ac2dd3116cc1feccb9670879839f74,2ead799f199c1af0b6ee9dbf6f3bd58ef1c84398c23b082baeb38555439a2f3f,13898
4142010487,华中科技大学,4bf54ef9de64b659,badge,https://www.shanghairanking.cn/_uni/logo/69664504.png,https://github.com/xioajiumi/Chinese_Universities/blob/e088fddc329a6f0148ca72fd3b4d0fe069f13e3a/Chinese_Universities.json,69664504.png,Chinese_Universities.json,False,png,,,,,,,,,indexed_not_fetched,MIT,,华中科技大学,xioajiumi/Chinese_Universities,e088fddc329a6f0148ca72fd3b4d0fe069f13e3a,,
4142010487,华中科技大学,e53f881f75f0c402,badge,https://raw.githubusercontent.com/Magicdover/China-Universities-2026/419bdc7ce6956fc88c2b70b3979f170b6666f111/assets/logos-new/%E5%8D%8E%E4%B8%AD%E7%A7%91%E6%8A%80%E5%A4%A7%E5%AD%A6%20HUST.svg,https://github.com/Magicdover/China-Universities-2026/blob/419bdc7ce6956fc88c2b70b3979f170b6666f111/assets/logos-new/%E5%8D%8E%E4%B8%AD%E7%A7%91%E6%8A%80%E5%A4%A7%E5%AD%A6%20HUST.svg,%E5%8D%8E%E4%B8%AD%E7%A7%91%E6%8A%80%E5%A4%A7%E5%AD%A6%20HUST.svg,assets/logos-new/华中科技大学 HUST.svg,False,svg,88.0,68.0,,,True,vector,,,content_inspected,MIT,,华中科技大学,Magicdover/China-Universities-2026,419bdc7ce6956fc88c2b70b3979f170b6666f111,acedfc3731785382fe0d26d3b2042ae6036d23ad7ef2e576a9bcf13f409a0ce5,114686
4142010487,华中科技大学,cb4b2a64c3839d66,badge,https://raw.githubusercontent.com/HeyHuazi/SVGLOGO/142498f527ac2dd3116cc1feccb9670879839f74/static/library/school/HUST.svg,https://github.com/HeyHuazi/SVGLOGO/blob/142498f527ac2dd3116cc1feccb9670879839f74/static/library/school/HUST.svg,HUST.svg,static/library/school/HUST.svg,False,svg,128.0,128.0,,,True,vector,,,content_inspected,MIT,,华中科技大学,HeyHuazi/SVGLOGO,142498f527ac2dd3116cc1feccb9670879839f74,92d010e06772a0fed0a36ea5577e3b0212379412f6faffa5f397b0105bc9deba,51303
4142010487,华中科技大学,46211aeedfd2732e,wordmark,https://raw.githubusercontent.com/HeyHuazi/SVGLOGO/142498f527ac2dd3116cc1feccb9670879839f74/static/library/school/HUST_wordmark.svg,https://github.com/HeyHuazi/SVGLOGO/blob/142498f527ac2dd3116cc1feccb9670879839f74/static/library/school/HUST_wordmark.svg,HUST_wordmark.svg,static/library/school/HUST_wordmark.svg,False,svg,,,,,True,vector,,,content_inspected,MIT,,华中科技大学,HeyHuazi/SVGLOGO,142498f527ac2dd3116cc1feccb9670879839f74,7656508a6a67c387b9f34fca59077c6e5a84d58d02de2a3e5944ffe24d7eaf22,20614
4142010487,华中科技大学,8644ce631afc67fb,badge,https://raw.githubusercontent.com/RoboMaster/university_logos/3d645fc89869707bd7df8dba0f7e4bbcc4a60e14/Huazhong_University_of_Science_and_Technology/png/logo_blue.svg,https://github.com/RoboMaster/university_logos/blob/3d645fc89869707bd7df8dba0f7e4bbcc4a60e14/Huazhong_University_of_Science_and_Technology/png/logo_blue.svg,logo_blue.svg,Huazhong_University_of_Science_and_Technology/png/logo_blue.svg,False,svg,,,,,True,vector,,,content_inspected,,,华中科技大学,RoboMaster/university_logos,3d645fc89869707bd7df8dba0f7e4bbcc4a60e14,fde96de8f8aa5d378b6b1966d283a98728775fcb5bf3d7a95af5ea9c5f3982d2,923384
4142010487,华中科技大学,306665a4ffa0101b,badge,https://raw.githubusercontent.com/RoboMaster/university_logos/3d645fc89869707bd7df8dba0f7e4bbcc4a60e14/Huazhong_University_of_Science_and_Technology/png/logo_blue_800x800.png,https://github.com/RoboMaster/university_logos/blob/3d645fc89869707bd7df8dba0f7e4bbcc4a60e14/Huazhong_University_of_Science_and_Technology/png/logo_blue_800x800.png,logo_blue_800x800.png,Huazhong_University_of_Science_and_Technology/png/logo_blue_800x800.png,False,png,800,800,,,False,raster,True,True,content_inspected,,,华中科技大学,RoboMaster/university_logos,3d645fc89869707bd7df8dba0f7e4bbcc4a60e14,2ab71530e69bd0a0d0dfd02804500080a097269a66088ed30daaca122b4efbf5,74581
4142010487,华中科技大学,1fad8d7fa7f7128f,badge,https://raw.githubusercontent.com/RoboMaster/university_logos/3d645fc89869707bd7df8dba0f7e4bbcc4a60e14/Huazhong_University_of_Science_and_Technology/svg/logo_blue.svg,https://github.com/RoboMaster/university_logos/blob/3d645fc89869707bd7df8dba0f7e4bbcc4a60e14/Huazhong_University_of_Science_and_Technology/svg/logo_blue.svg,logo_blue.svg,Huazhong_University_of_Science_and_Technology/svg/logo_blue.svg,False,svg,,,,,True,vector,,,content_inspected,,,华中科技大学,RoboMaster/university_logos,3d645fc89869707bd7df8dba0f7e4bbcc4a60e14,4841fbd025503edc216fa007541b1c0e9ac5dfe57cb1b1dd81fdf853a69e5d4d,486377
4142010488,武汉科技大学,a43b6545d09262d8,badge,https://www.shanghairanking.cn/_uni/logo/80614446.png,https://github.com/xioajiumi/Chinese_Universities/blob/e088fddc329a6f0148ca72fd3b4d0fe069f13e3a/Chinese_Universities.json,80614446.png,Chinese_Universities.json,False,png,,,,,,,,,indexed_not_fetched,MIT,,武汉科技大学,xioajiumi/Chinese_Universities,e088fddc329a6f0148ca72fd3b4d0fe069f13e3a,,
4142010488,武汉科技大学,3f289ab5ad94758c,badge,https://raw.githubusercontent.com/HeyHuazi/SVGLOGO/142498f527ac2dd3116cc1feccb9670879839f74/static/library/school/WUST.svg,https://github.com/HeyHuazi/SVGLOGO/blob/142498f527ac2dd3116cc1feccb9670879839f74/static/library/school/WUST.svg,WUST.svg,static/library/school/WUST.svg,False,svg,128.0,137.0,,,True,vector,,,content_inspected,MIT,,武汉科技大学,HeyHuazi/SVGLOGO,142498f527ac2dd3116cc1feccb9670879839f74,261c09062c6e984f1e15d160602a40a40bced508f71d38e602a1888ffb7b836a,37373
4142010488,武汉科技大学,1c58f9abbe8c8c8d,wordmark,https://raw.githubusercontent.com/HeyHuazi/SVGLOGO/142498f527ac2dd3116cc1feccb9670879839f74/static/library/school/WUST_wordmark.svg,https://github.com/HeyHuazi/SVGLOGO/blob/142498f527ac2dd3116cc1feccb9670879839f74/static/library/school/WUST_wordmark.svg,WUST_wordmark.svg,static/library/school/WUST_wordmark.svg,False,svg,,,,,True,vector,,,content_inspected,MIT,,武汉科技大学,HeyHuazi/SVGLOGO,142498f527ac2dd3116cc1feccb9670879839f74,9c21f52fc9e953d20893a9e595d9f9567cc09fb981930a2856e8de05ac87b760,16189
4142010489,长江大学,757e213f065617da,badge,https://www.shanghairanking.cn/_uni/logo/50201974.png,https://github.com/xioajiumi/Chinese_Universities/blob/e088fddc329a6f0148ca72fd3b4d0fe069f13e3a/Chinese_Universities.json,50201974.png,Chinese_Universities.json,False,png,,,,,,,,,indexed_not_fetched,MIT,,长江大学,xioajiumi/Chinese_Universities,e088fddc329a6f0148ca72fd3b4d0fe069f13e3a,,
4142010490,武汉工程大学,157cf7db3940c0d6,badge,https://www.shanghairanking.cn/_uni/logo/44707995.png,https://github.com/xioajiumi/Chinese_Universities/blob/e088fddc329a6f0148ca72fd3b4d0fe069f13e3a/Chinese_Universities.json,44707995.png,Chinese_Universities.json,False,png,,,,,,,,,indexed_not_fetched,MIT,,武汉工程大学,xioajiumi/Chinese_Universities,e088fddc329a6f0148ca72fd3b4d0fe069f13e3a,,
4142010491,中国地质大学(武汉),05659fcf7bf139d4,badge,https://www.shanghairanking.cn/_uni/logo/25952542.png,https://github.com/xioajiumi/Chinese_Universities/blob/e088fddc329a6f0148ca72fd3b4d0fe069f13e3a/Chinese_Universities.json,25952542.png,Chinese_Universities.json,False,png,,,,,,,,,indexed_not_fetched,MIT,,中国地质大学（武汉）,xioajiumi/Chinese_Universities,e088fddc329a6f0148ca72fd3b4d0fe069f13e3a,,
4142010491,中国地质大学(武汉),0f88172c0d44041d,badge,https://raw.githubusercontent.com/Magicdover/China-Universities-2026/419bdc7ce6956fc88c2b70b3979f170b6666f111/assets/logos-new/%E4%B8%AD%E5%9B%BD%E5%9C%B0%E8%B4%A8%E5%A4%A7%E5%AD%A6%EF%BC%88%E6%AD%A6%E6%B1%89%EF%BC%89%20CUG.svg,https://github.com/Magicdover/China-Universities-2026/blob/419bdc7ce6956fc88c2b70b3979f170b6666f111/assets/logos-new/%E4%B8%AD%E5%9B%BD%E5%9C%B0%E8%B4%A8%E5%A4%A7%E5%AD%A6%EF%BC%88%E6%AD%A6%E6%B1%89%EF%BC%89%20CUG.svg,%E4%B8%AD%E5%9B%BD%E5%9C%B0%E8%B4%A8%E5%A4%A7%E5%AD%A6%EF%BC%88%E6%AD%A6%E6%B1%89%EF%BC%89%20CUG.svg,assets/logos-new/中国地质大学（武汉） CUG.svg,False,svg,241.0,241.0,,,True,vector,,,content_inspected,MIT,,中国地质大学（武汉）,Magicdover/China-Universities-2026,419bdc7ce6956fc88c2b70b3979f170b6666f111,0dbc8e038049503546f2d6b5cc3b5a1ecc9fd7596f2b0e04c1b75568657caaa9,29358
4142010491,中国地质大学(武汉),aa039b4e974e908f,badge,https://raw.githubusercontent.com/HeyHuazi/SVGLOGO/142498f527ac2dd3116cc1feccb9670879839f74/static/library/school/CUG.svg,https://github.com/HeyHuazi/SVGLOGO/blob/142498f527ac2dd3116cc1feccb9670879839f74/static/library/school/CUG.svg,CUG.svg,static/library/school/CUG.svg,False,svg,128.0,128.0,,,True,vector,,,content_inspected,MIT,,中国地质大学（武汉）,HeyHuazi/SVGLOGO,142498f527ac2dd3116cc1feccb9670879839f74,18e152e7dd9fafe89f5e192e894500f5437da6a6d2350288a0213b04c0984386,16400
4142010491,中国地质大学(武汉),1fb9892dba4acf57,badge,https://raw.githubusercontent.com/RoboMaster/university_logos/3d645fc89869707bd7df8dba0f7e4bbcc4a60e14/China_University_of_Geosciences/png/logo_blue_800x800.png,https://github.com/RoboMaster/university_logos/blob/3d645fc89869707bd7df8dba0f7e4bbcc4a60e14/China_University_of_Geosciences/png/logo_blue_800x800.png,logo_blue_800x800.png,China_University_of_Geosciences/png/logo_blue_800x800.png,False,png,800,800,,,False,raster,True,True,content_inspected,,,中国地质大学(武汉),RoboMaster/university_logos,3d645fc89869707bd7df8dba0f7e4bbcc4a60e14,e60a7a045ae755c79e096e7ac87e78068b231990e033068be8b39b741994df94,92449
4142010491,中国地质大学(武汉),3a0835ca99d1332f,badge,https://raw.githubusercontent.com/RoboMaster/university_logos/3d645fc89869707bd7df8dba0f7e4bbcc4a60e14/China_University_of_Geosciences/svg/logo_blue.svg,https://github.com/RoboMaster/university_logos/blob/3d645fc89869707bd7df8dba0f7e4bbcc4a60e14/China_University_of_Geosciences/svg/logo_blue.svg,logo_blue.svg,China_University_of_Geosciences/svg/logo_blue.svg,False,svg,,,,,True,vector,,,content_inspected,,,中国地质大学(武汉),RoboMaster/university_logos,3d645fc89869707bd7df8dba0f7e4bbcc4a60e14,97cc447c6a0fb2e3b3c9140eb8f896e710363eb79799330ef56c5f242034652c,465159
4142010495,武汉纺织大学,dd4c87a2ce34ae62,badge,https://www.shanghairanking.cn/_uni/logo/90958165.png,https://github.com/xioajiumi/Chinese_Universities/blob/e088fddc329a6f0148ca72fd3b4d0fe069f13e3a/Chinese_Universities.json,90958165.png,Chinese_Universities.json,False,png,,,,,,,,,indexed_not_fetched,MIT,,武汉纺织大学,xioajiumi/Chinese_Universities,e088fddc329a6f0148ca72fd3b4d0fe069f13e3a,,
4142010496,武汉轻工大学,18dd932d3b06cd16,badge,https://www.shanghairanking.cn/_uni/logo/45183909.png,https://github.com/xioajiumi/Chinese_Universities/blob/e088fddc329a6f0148ca72fd3b4d0fe069f13e3a/Chinese_Universities.json,45183909.png,Chinese_Universities.json,False,png,,,,,,,,,indexed_not_fetched,MIT,,武汉轻工大学,xioajiumi/Chinese_Universities,e088fddc329a6f0148ca72fd3b4d0fe069f13e3a,,
4142010497,武汉理工大学,df5273d21ef4c722,badge,https://www.shanghairanking.cn/_uni/logo/16563358.png,https://github.com/xioajiumi/Chinese_Universities/blob/e088fddc329a6f0148ca72fd3b4d0fe069f13e3a/Chinese_Universities.json,16563358.png,Chinese_Universities.json,False,png,,,,,,,,,indexed_not_fetched,MIT,,武汉理工大学,xioajiumi/Chinese_Universities,e088fddc329a6f0148ca72fd3b4d0fe069f13e3a,,
4142010497,武汉理工大学,ea3b046e5e6537dc,badge,https://raw.githubusercontent.com/Magicdover/China-Universities-2026/419bdc7ce6956fc88c2b70b3979f170b6666f111/assets/logos-new/%E6%AD%A6%E6%B1%89%E7%90%86%E5%B7%A5%E5%A4%A7%E5%AD%A6%20WHUT.svg,https://github.com/Magicdover/China-Universities-2026/blob/419bdc7ce6956fc88c2b70b3979f170b6666f111/assets/logos-new/%E6%AD%A6%E6%B1%89%E7%90%86%E5%B7%A5%E5%A4%A7%E5%AD%A6%20WHUT.svg,%E6%AD%A6%E6%B1%89%E7%90%86%E5%B7%A5%E5%A4%A7%E5%AD%A6%20WHUT.svg,assets/logos-new/武汉理工大学 WHUT.svg,False,svg,88.0,88.0,,,True,vector,,,content_inspected,MIT,,武汉理工大学,Magicdover/China-Universities-2026,419bdc7ce6956fc88c2b70b3979f170b6666f111,c1105b3dd2a48c5c0fd37c4797553335459394f5e2e2035c1ad2da193dc8e3f7,117098
4142010497,武汉理工大学,62d8a9173f41ba40,badge,https://raw.githubusercontent.com/HeyHuazi/SVGLOGO/142498f527ac2dd3116cc1feccb9670879839f74/static/library/school/WUT.svg,https://github.com/HeyHuazi/SVGLOGO/blob/142498f527ac2dd3116cc1feccb9670879839f74/static/library/school/WUT.svg,WUT.svg,static/library/school/WUT.svg,False,svg,128.0,128.0,,,True,vector,,,content_inspected,MIT,,武汉理工大学,HeyHuazi/SVGLOGO,142498f527ac2dd3116cc1feccb9670879839f74,ba4d7a4f5c9def08ccc5f9374ff366bd724bdc948a4435b2d22757ca2a3761fc,56841
4142010497,武汉理工大学,ff29c215b3ced9cd,wordmark,https://raw.githubusercontent.com/HeyHuazi/SVGLOGO/142498f527ac2dd3116cc1feccb9670879839f74/static/library/school/WUT_wordmark.svg,https://github.com/HeyHuazi/SVGLOGO/blob/142498f527ac2dd3116cc1feccb9670879839f74/static/library/school/WUT_wordmark.svg,WUT_wordmark.svg,static/library/school/WUT_wordmark.svg,False,svg,,,,,True,vector,,,content_inspected,MIT,,武汉理工大学,HeyHuazi/SVGLOGO,142498f527ac2dd3116cc1feccb9670879839f74,6268e9ba60f947eb38a30a5fedc3c4a0ea2189757b97b30c4ee45df63bd46cad,16044
4142010500,湖北工业大学,53740d2104508998,badge,https://www.shanghairanking.cn/_uni/logo/28021393.png,https://github.com/xioajiumi/Chinese_Universities/blob/e088fddc329a6f0148ca72fd3b4d0fe069f13e3a/Chinese_Universities.json,28021393.png,Chinese_Universities.json,False,png,,,,,,,,,indexed_not_fetched,MIT,,湖北工业大学,xioajiumi/Chinese_Universities,e088fddc329a6f0148ca72fd3b4d0fe069f13e3a,,
4142010500,湖北工业大学,ab1581417c6c9fdf,badge,https://raw.githubusercontent.com/RoboMaster/university_logos/3d645fc89869707bd7df8dba0f7e4bbcc4a60e14/Hubei_University_of_Technology/png/logo_blue_800x800.png,https://github.com/RoboMaster/university_logos/blob/3d645fc89869707bd7df8dba0f7e4bbcc4a60e14/Hubei_University_of_Technology/png/logo_blue_800x800.png,logo_blue_800x800.png,Hubei_University_of_Technology/png/logo_blue_800x800.png,False,png,800,800,,,False,raster,True,True,content_inspected,,,湖北工业大学,RoboMaster/university_logos,3d645fc89869707bd7df8dba0f7e4bbcc4a60e14,646e9711a1cf4d963b22579005b6537846ec4816f06ac2230915b785987280a6,70877
4142010500,湖北工业大学,d4b1245cede01e7d,badge,https://raw.githubusercontent.com/RoboMaster/university_logos/3d645fc89869707bd7df8dba0f7e4bbcc4a60e14/Hubei_University_of_Technology/svg/logo_blue.svg,https://github.com/RoboMaster/university_logos/blob/3d645fc89869707bd7df8dba0f7e4bbcc4a60e14/Hubei_University_of_Technology/svg/logo_blue.svg,logo_blue.svg,Hubei_University_of_Technology/svg/logo_blue.svg,False,svg,,,,,True,vector,,,content_inspected,,,湖北工业大学,RoboMaster/university_logos,3d645fc89869707bd7df8dba0f7e4bbcc4a60e14,ada0498d9d7ba3791f05268d622974c492b55fa600cbe2e3a537ddef47a96767,480597
4142010504,华中农业大学,125e787db86ff3fd,badge,https://www.shanghairanking.cn/_uni/logo/20950268.png,https://github.com/xioajiumi/Chinese_Universities/blob/e088fddc329a6f0148ca72fd3b4d0fe069f13e3a/Chinese_Universities.json,20950268.png,Chinese_Universities.json,False,png,,,,,,,,,indexed_not_fetched,MIT,,华中农业大学,xioajiumi/Chinese_Universities,e088fddc329a6f0148ca72fd3b4d0fe069f13e3a,,
4142010504,华中农业大学,f8ca7966c476f8ea,badge,https://raw.githubusercontent.com/Magicdover/China-Universities-2026/419bdc7ce6956fc88c2b70b3979f170b6666f111/assets/logos-new/%E5%8D%8E%E4%B8%AD%E5%86%9C%E4%B8%9A%E5%A4%A7%E5%AD%A6%20HZAU.svg,https://github.com/Magicdover/China-Universities-2026/blob/419bdc7ce6956fc88c2b70b3979f170b6666f111/assets/logos-new/%E5%8D%8E%E4%B8%AD%E5%86%9C%E4%B8%9A%E5%A4%A7%E5%AD%A6%20HZAU.svg,%E5%8D%8E%E4%B8%AD%E5%86%9C%E4%B8%9A%E5%A4%A7%E5%AD%A6%20HZAU.svg,assets/logos-new/华中农业大学 HZAU.svg,False,svg,88.0,88.0,,,True,vector,,,content_inspected,MIT,,华中农业大学,Magicdover/China-Universities-2026,419bdc7ce6956fc88c2b70b3979f170b6666f111,9bf1e559e76ff3f63c598777cccd5b09b29853e31058a61049d07c2e7f97bbae,49419
4142010504,华中农业大学,e6dc6f2343b7fad8,badge,https://raw.githubusercontent.com/HeyHuazi/SVGLOGO/142498f527ac2dd3116cc1feccb9670879839f74/static/library/school/HZAU.svg,https://github.com/HeyHuazi/SVGLOGO/blob/142498f527ac2dd3116cc1feccb9670879839f74/static/library/school/HZAU.svg,HZAU.svg,static/library/school/HZAU.svg,False,svg,128.0,128.0,,,True,vector,,,content_inspected,MIT,,华中农业大学,HeyHuazi/SVGLOGO,142498f527ac2dd3116cc1feccb9670879839f74,45e4341b16d375efaf4d29d2d0706a0a4c57d64c7f7e26199b9f414bfd96718a,26170
4142010504,华中农业大学,55cbf5c7557761be,wordmark,https://raw.githubusercontent.com/HeyHuazi/SVGLOGO/142498f527ac2dd3116cc1feccb9670879839f74/static/library/school/HZAU_wordmark.svg,https://github.com/HeyHuazi/SVGLOGO/blob/142498f527ac2dd3116cc1feccb9670879839f74/static/library/school/HZAU_wordmark.svg,HZAU_wordmark.svg,static/library/school/HZAU_wordmark.svg,False,svg,,,,,True,vector,,,content_inspected,MIT,,华中农业大学,HeyHuazi/SVGLOGO,142498f527ac2dd3116cc1feccb9670879839f74,57f0541e69ac2dfb967a5957b47b7cf07dc66c4dce0a570e46ad2df83139b3c3,17532
4142010507,湖北中医药大学,4ce3aeba61441e90,badge,https://raw.githubusercontent.com/Magicdover/China-Universities-2026/419bdc7ce6956fc88c2b70b3979f170b6666f111/assets/logos-new/%E6%B9%96%E5%8C%97%E4%B8%AD%E5%8C%BB%E8%8D%AF%E5%A4%A7%E5%AD%A6%20HBUTCM.svg,https://github.com/Magicdover/China-Universities-2026/blob/419bdc7ce6956fc88c2b70b3979f170b6666f111/assets/logos-new/%E6%B9%96%E5%8C%97%E4%B8%AD%E5%8C%BB%E8%8D%AF%E5%A4%A7%E5%AD%A6%20HBUTCM.svg,%E6%B9%96%E5%8C%97%E4%B8%AD%E5%8C%BB%E8%8D%AF%E5%A4%A7%E5%AD%A6%20HBUTCM.svg,assets/logos-new/湖北中医药大学 HBUTCM.svg,False,svg,88.0,88.0,,,True,vector,,,content_inspected,MIT,,湖北中医药大学,Magicdover/China-Universities-2026,419bdc7ce6956fc88c2b70b3979f170b6666f111,529da057344024133d497c88af826d04e46954136d87be42a3a4f56294347af1,60400
4142010507,湖北中医药大学,51a42c241b536b83,badge,https://raw.githubusercontent.com/HeyHuazi/SVGLOGO/142498f527ac2dd3116cc1feccb9670879839f74/static/library/school/HBUCM.svg,https://github.com/HeyHuazi/SVGLOGO/blob/142498f527ac2dd3116cc1feccb9670879839f74/static/library/school/HBUCM.svg,HBUCM.svg,static/library/school/HBUCM.svg,False,svg,128.0,137.0,,,True,vector,,,content_inspected,MIT,,湖北中医药大学,HeyHuazi/SVGLOGO,142498f527ac2dd3116cc1feccb9670879839f74,b3f139255455fa52a98833f98ebce38b9335477056d46fdf6711d626b937e2d9,30959
4142010507,湖北中医药大学,cf6717dd725ea485,wordmark,https://raw.githubusercontent.com/HeyHuazi/SVGLOGO/142498f527ac2dd3116cc1feccb9670879839f74/static/library/school/HBUCM_wordmark.svg,https://github.com/HeyHuazi/SVGLOGO/blob/142498f527ac2dd3116cc1feccb9670879839f74/static/library/school/HBUCM_wordmark.svg,HBUCM_wordmark.svg,static/library/school/HBUCM_wordmark.svg,False,svg,,,,,True,vector,,,content_inspected,MIT,,湖北中医药大学,HeyHuazi/SVGLOGO,142498f527ac2dd3116cc1feccb9670879839f74,c20225d3b481bb4ccaed9eb8cec1993b7396d986bdb725fd19b2ebb802e5569f,14551
4142010511,华中师范大学,0e13f4e9a35e3fcb,badge,https://www.shanghairanking.cn/_uni/logo/58510682.png,https://github.com/xioajiumi/Chinese_Universities/blob/e088fddc329a6f0148ca72fd3b4d0fe069f13e3a/Chinese_Universities.json,58510682.png,Chinese_Universities.json,False,png,,,,,,,,,indexed_not_fetched,MIT,,华中师范大学,xioajiumi/Chinese_Universities,e088fddc329a6f0148ca72fd3b4d0fe069f13e3a,,
4142010511,华中师范大学,24b4a05bae887883,badge,https://raw.githubusercontent.com/Magicdover/China-Universities-2026/419bdc7ce6956fc88c2b70b3979f170b6666f111/assets/logos-new/%E5%8D%8E%E4%B8%AD%E5%B8%88%E8%8C%83%E5%A4%A7%E5%AD%A6%20CCNU.svg,https://github.com/Magicdover/China-Universities-2026/blob/419bdc7ce6956fc88c2b70b3979f170b6666f111/assets/logos-new/%E5%8D%8E%E4%B8%AD%E5%B8%88%E8%8C%83%E5%A4%A7%E5%AD%A6%20CCNU.svg,%E5%8D%8E%E4%B8%AD%E5%B8%88%E8%8C%83%E5%A4%A7%E5%AD%A6%20CCNU.svg,assets/logos-new/华中师范大学 CCNU.svg,False,svg,552.7559,552.7559,,,True,vector,,,content_inspected,MIT,,华中师范大学,Magicdover/China-Universities-2026,419bdc7ce6956fc88c2b70b3979f170b6666f111,758012feb6c45d63a9d8de1ac9b97bfc105d1e5c468b744fe223011b06ac864d,85705
4142010511,华中师范大学,ada50f1179625aeb,badge,https://raw.githubusercontent.com/HeyHuazi/SVGLOGO/142498f527ac2dd3116cc1feccb9670879839f74/static/library/school/CCNU.svg,https://github.com/HeyHuazi/SVGLOGO/blob/142498f527ac2dd3116cc1feccb9670879839f74/static/library/school/CCNU.svg,CCNU.svg,static/library/school/CCNU.svg,False,svg,128.0,128.0,,,True,vector,,,content_inspected,MIT,,华中师范大学,HeyHuazi/SVGLOGO,142498f527ac2dd3116cc1feccb9670879839f74,017dd66a84f941cdb929a36a80b179bf4e7d164f5b7d9d83f34831550012c5ac,22636
4142010512,湖北大学,2e1fcce6c224409c,badge,https://www.shanghairanking.cn/_uni/logo/88139185.png,https://github.com/xioajiumi/Chinese_Universities/blob/e088fddc329a6f0148ca72fd3b4d0fe069f13e3a/Chinese_Universities.json,88139185.png,Chinese_Universities.json,False,png,,,,,,,,,indexed_not_fetched,MIT,,湖北大学,xioajiumi/Chinese_Universities,e088fddc329a6f0148ca72fd3b4d0fe069f13e3a,,
4142010512,湖北大学,a3bad432fd78a603,badge,https://raw.githubusercontent.com/HeyHuazi/SVGLOGO/142498f527ac2dd3116cc1feccb9670879839f74/static/library/school/HUBU.svg,https://github.com/HeyHuazi/SVGLOGO/blob/142498f527ac2dd3116cc1feccb9670879839f74/static/library/school/HUBU.svg,HUBU.svg,static/library/school/HUBU.svg,False,svg,128.0,137.0,,,True,vector,,,content_inspected,MIT,,湖北大学,HeyHuazi/SVGLOGO,142498f527ac2dd3116cc1feccb9670879839f74,8f6cb857302e44c0cd8f9081126641f45af557f723e8df26c9387a9ad6985204,25607
4142010512,湖北大学,5ad693e243099bdb,wordmark,https://raw.githubusercontent.com/HeyHuazi/SVGLOGO/142498f527ac2dd3116cc1feccb9670879839f74/static/library/school/HUBU_wordmark.svg,https://github.com/HeyHuazi/SVGLOGO/blob/142498f527ac2dd3116cc1feccb9670879839f74/static/library/school/HUBU_wordmark.svg,HUBU_wordmark.svg,static/library/school/HUBU_wordmark.svg,False,svg,,,,,True,vector,,,content_inspected,MIT,,湖北大学,HeyHuazi/SVGLOGO,142498f527ac2dd3116cc1feccb9670879839f74,9b0716fbee13507a455d5571ebeca7d7ec7826f0d8f28fa5b761a81464a0d735,17656
4142010513,湖北师范大学,63a0a180db9b261b,badge,https://www.shanghairanking.cn/_uni/logo/40458904.png,https://github.com/xioajiumi/Chinese_Universities/blob/e088fddc329a6f0148ca72fd3b4d0fe069f13e3a/Chinese_Universities.json,40458904.png,Chinese_Universities.json,False,png,,,,,,,,,indexed_not_fetched,MIT,,湖北师范大学,xioajiumi/Chinese_Universities,e088fddc329a6f0148ca72fd3b4d0fe069f13e3a,,
4142010514,黄冈师范学院,bbad5435eecb29e3,badge,https://www.shanghairanking.cn/_uni/logo/63694810.png,https://github.com/xioajiumi/Chinese_Universities/blob/e088fddc329a6f0148ca72fd3b4d0fe069f13e3a/Chinese_Universities.json,63694810.png,Chinese_Universities.json,False,png,,,,,,,,,indexed_not_fetched,MIT,,黄冈师范学院,xioajiumi/Chinese_Universities,e088fddc329a6f0148ca72fd3b4d0fe069f13e3a,,
4142010518,汉江师范学院,68612af54d12ad79,badge,https://www.shanghairanking.cn/_uni/logo-jpg/8409386600.jpg,https://github.com/xioajiumi/Chinese_Universities/blob/e088fddc329a6f0148ca72fd3b4d0fe069f13e3a/Chinese_Universities.json,8409386600.jpg,Chinese_Universities.json,False,jpg,,,,,,,,,indexed_not_fetched,MIT,,汉江师范学院,xioajiumi/Chinese_Universities,e088fddc329a6f0148ca72fd3b4d0fe069f13e3a,,
4142010519,湖北文理学院,b7740fdf13f6543f,badge,https://www.shanghairanking.cn/_uni/logo/54746261.png,https://github.com/xioajiumi/Chinese_Universities/blob/e088fddc329a6f0148ca72fd3b4d0fe069f13e3a/Chinese_Universities.json,54746261.png,Chinese_Universities.json,False,png,,,,,,,,,indexed_not_fetched,MIT,,湖北文理学院,xioajiumi/Chinese_Universities,e088fddc329a6f0148ca72fd3b4d0fe069f13e3a,,
4142010520,中南财经政法大学,da71f0721284c409,badge,https://raw.githubusercontent.com/Magicdover/China-Universities-2026/419bdc7ce6956fc88c2b70b3979f170b6666f111/assets/logos-new/%E4%B8%AD%E5%8D%97%E8%B4%A2%E7%BB%8F%E6%94%BF%E6%B3%95%E5%A4%A7%E5%AD%A6%20ZUEL.svg,https://github.com/Magicdover/China-Universities-2026/blob/419bdc7ce6956fc88c2b70b3979f170b6666f111/assets/logos-new/%E4%B8%AD%E5%8D%97%E8%B4%A2%E7%BB%8F%E6%94%BF%E6%B3%95%E5%A4%A7%E5%AD%A6%20ZUEL.svg,%E4%B8%AD%E5%8D%97%E8%B4%A2%E7%BB%8F%E6%94%BF%E6%B3%95%E5%A4%A7%E5%AD%A6%20ZUEL.svg,assets/logos-new/中南财经政法大学 ZUEL.svg,False,svg,1024.0,1024.0,,,False,svg_with_raster,,,content_inspected,MIT,,中南财经政法大学,Magicdover/China-Universities-2026,419bdc7ce6956fc88c2b70b3979f170b6666f111,cfdeb33138c13ab83df39f1f221acbf75741786d4f8c11843a661d88387519c4,253796
4142010524,中南民族大学,f463fd373ce4bacd,badge,https://raw.githubusercontent.com/Magicdover/China-Universities-2026/419bdc7ce6956fc88c2b70b3979f170b6666f111/assets/logos-new/%E4%B8%AD%E5%8D%97%E6%B0%91%E6%97%8F%E5%A4%A7%E5%AD%A6%20SCMU.png,https://github.com/Magicdover/China-Universities-2026/blob/419bdc7ce6956fc88c2b70b3979f170b6666f111/assets/logos-new/%E4%B8%AD%E5%8D%97%E6%B0%91%E6%97%8F%E5%A4%A7%E5%AD%A6%20SCMU.png,%E4%B8%AD%E5%8D%97%E6%B0%91%E6%97%8F%E5%A4%A7%E5%AD%A6%20SCMU.png,assets/logos-new/中南民族大学 SCMU.png,False,png,1024,1024,,,False,raster,True,True,content_inspected,MIT,,中南民族大学,Magicdover/China-Universities-2026,419bdc7ce6956fc88c2b70b3979f170b6666f111,434b6845c63e384937907dc295e4b82a7152a66d9f6c069ece21b3175d7c67c1,173119
4142010524,中南民族大学,0b802ce5b00d9dd2,badge,https://raw.githubusercontent.com/HeyHuazi/SVGLOGO/142498f527ac2dd3116cc1feccb9670879839f74/static/library/school/SCMZU.svg,https://github.com/HeyHuazi/SVGLOGO/blob/142498f527ac2dd3116cc1feccb9670879839f74/static/library/school/SCMZU.svg,SCMZU.svg,static/library/school/SCMZU.svg,False,svg,128.0,137.0,,,True,vector,,,content_inspected,MIT,,中南民族大学,HeyHuazi/SVGLOGO,142498f527ac2dd3116cc1feccb9670879839f74,8c5c259bbd834bdab143bcedf21881e3cd2630575ae71d2c6ff4f71760c23022,17199
4142010525,湖北汽车工业学院,23cc7d0a76e70c6a,badge,https://www.shanghairanking.cn/_uni/logo/90773167.png,https://github.com/xioajiumi/Chinese_Universities/blob/e088fddc329a6f0148ca72fd3b4d0fe069f13e3a/Chinese_Universities.json,90773167.png,Chinese_Universities.json,False,png,,,,,,,,,indexed_not_fetched,MIT,,湖北汽车工业学院,xioajiumi/Chinese_Universities,e088fddc329a6f0148ca72fd3b4d0fe069f13e3a,,
4142010525,湖北汽车工业学院,60dd1388a694457a,badge,https://raw.githubusercontent.com/RoboMaster/university_logos/3d645fc89869707bd7df8dba0f7e4bbcc4a60e14/Hubei_University_of_Automotive_Technology/png/logo_blue_800x800.png,https://github.com/RoboMaster/university_logos/blob/3d645fc89869707bd7df8dba0f7e4bbcc4a60e14/Hubei_University_of_Automotive_Technology/png/logo_blue_800x800.png,logo_blue_800x800.png,Hubei_University_of_Automotive_Technology/png/logo_blue_800x800.png,False,png,800,800,,,False,raster,True,True,content_inspected,,,湖北汽车工业学院,RoboMaster/university_logos,3d645fc89869707bd7df8dba0f7e4bbcc4a60e14,199a4a2a56688e48f3171589e6f4a24911b275f8f14aaefa736ce16060368ab5,173391
4142010528,湖北工程学院,eaf9d7b549dbb4c5,badge,https://www.shanghairanking.cn/_uni/logo/93515588.png,https://github.com/xioajiumi/Chinese_Universities/blob/e088fddc329a6f0148ca72fd3b4d0fe069f13e3a/Chinese_Universities.json,93515588.png,Chinese_Universities.json,False,png,,,,,,,,,indexed_not_fetched,MIT,,湖北工程学院,xioajiumi/Chinese_Universities,e088fddc329a6f0148ca72fd3b4d0fe069f13e3a,,
4142010920,湖北理工学院,2487182b8bc11170,badge,https://www.shanghairanking.cn/_uni/logo/43373392.png,https://github.com/xioajiumi/Chinese_Universities/blob/e088fddc329a6f0148ca72fd3b4d0fe069f13e3a/Chinese_Universities.json,43373392.png,Chinese_Universities.json,False,png,,,,,,,,,indexed_not_fetched,MIT,,湖北理工学院,xioajiumi/Chinese_Universities,e088fddc329a6f0148ca72fd3b4d0fe069f13e3a,,
4142010927,湖北科技学院,f970f7f31171330d,badge,https://www.shanghairanking.cn/_uni/logo/48475987.png,https://github.com/xioajiumi/Chinese_Universities/blob/e088fddc329a6f0148ca72fd3b4d0fe069f13e3a/Chinese_Universities.json,48475987.png,Chinese_Universities.json,False,png,,,,,,,,,indexed_not_fetched,MIT,,湖北科技学院,xioajiumi/Chinese_Universities,e088fddc329a6f0148ca72fd3b4d0fe069f13e3a,,
4142011072,江汉大学,eb54c929705c1e5c,badge,https://www.shanghairanking.cn/_uni/logo/43420140.png,https://github.com/xioajiumi/Chinese_Universities/blob/e088fddc329a6f0148ca72fd3b4d0fe069f13e3a/Chinese_Universities.json,43420140.png,Chinese_Universities.json,False,png,,,,,,,,,indexed_not_fetched,MIT,,江汉大学,xioajiumi/Chinese_Universities,e088fddc329a6f0148ca72fd3b4d0fe069f13e3a,,
4142011075,三峡大学,49ca189f57c7ce11,badge,https://www.shanghairanking.cn/_uni/logo/50293135.png,https://github.com/xioajiumi/Chinese_Universities/blob/e088fddc329a6f0148ca72fd3b4d0fe069f13e3a/Chinese_Universities.json,50293135.png,Chinese_Universities.json,False,png,,,,,,,,,indexed_not_fetched,MIT,,三峡大学,xioajiumi/Chinese_Universities,e088fddc329a6f0148ca72fd3b4d0fe069f13e3a,,
4142011336,荆楚理工学院,b370599a66bb8e68,badge,https://www.shanghairanking.cn/_uni/logo/77437503.png,https://github.com/xioajiumi/Chinese_Universities/blob/e088fddc329a6f0148ca72fd3b4d0fe069f13e3a/Chinese_Universities.json,77437503.png,Chinese_Universities.json,False,png,,,,,,,,,indexed_not_fetched,MIT,,荆楚理工学院,xioajiumi/Chinese_Universities,e088fddc329a6f0148ca72fd3b4d0fe069f13e3a,,
4142014099,湖北第二师范学院,02f2db16ffdcfc12,badge,https://www.shanghairanking.cn/_uni/logo/71638925.png,https://github.com/xioajiumi/Chinese_Universities/blob/e088fddc329a6f0148ca72fd3b4d0fe069f13e3a/Chinese_Universities.json,71638925.png,Chinese_Universities.json,False,png,,,,,,,,,indexed_not_fetched,MIT,,湖北第二师范学院,xioajiumi/Chinese_Universities,e088fddc329a6f0148ca72fd3b4d0fe069f13e3a,,
4143010530,湘潭大学,c4746682a86d8b7f,badge,https://www.shanghairanking.cn/_uni/logo/94973363.png,https://github.com/xioajiumi/Chinese_Universities/blob/e088fddc329a6f0148ca72fd3b4d0fe069f13e3a/Chinese_Universities.json,94973363.png,Chinese_Universities.json,False,png,,,,,,,,,indexed_not_fetched,MIT,,湘潭大学,xioajiumi/Chinese_Universities,e088fddc329a6f0148ca72fd3b4d0fe069f13e3a,,
4143010530,湘潭大学,d89b5ecdd31a2a12,badge,https://raw.githubusercontent.com/Magicdover/China-Universities-2026/419bdc7ce6956fc88c2b70b3979f170b6666f111/assets/logos-new/%E6%B9%98%E6%BD%AD%E5%A4%A7%E5%AD%A6%20XTU.svg,https://github.com/Magicdover/China-Universities-2026/blob/419bdc7ce6956fc88c2b70b3979f170b6666f111/assets/logos-new/%E6%B9%98%E6%BD%AD%E5%A4%A7%E5%AD%A6%20XTU.svg,%E6%B9%98%E6%BD%AD%E5%A4%A7%E5%AD%A6%20XTU.svg,assets/logos-new/湘潭大学 XTU.svg,False,svg,341.0,341.0,,,True,vector,,,content_inspected,MIT,,湘潭大学,Magicdover/China-Universities-2026,419bdc7ce6956fc88c2b70b3979f170b6666f111,2a1be688721ecf290f80de7b62eec2864b0b7ff31a830bc1903a94b0ff44a56f,214400
4143010530,湘潭大学,d7c6d851f4957298,badge,https://raw.githubusercontent.com/RoboMaster/university_logos/3d645fc89869707bd7df8dba0f7e4bbcc4a60e14/Xiangtan_University/png/Untitled-121.png,https://github.com/RoboMaster/university_logos/blob/3d645fc89869707bd7df8dba0f7e4bbcc4a60e14/Xiangtan_University/png/Untitled-121.png,Untitled-121.png,Xiangtan_University/png/Untitled-121.png,False,png,800,800,,,False,raster,True,True,content_inspected,,,湘潭大学,RoboMaster/university_logos,3d645fc89869707bd7df8dba0f7e4bbcc4a60e14,3c58d65570bd452741652484c10056d72225c5562f4dd8d14643a71ceac04fa6,49126
4143010530,湘潭大学,6649c60da9a50a05,badge,https://raw.githubusercontent.com/RoboMaster/university_logos/3d645fc89869707bd7df8dba0f7e4bbcc4a60e14/Xiangtan_University/svg/logo_blue.svg,https://github.com/RoboMaster/university_logos/blob/3d645fc89869707bd7df8dba0f7e4bbcc4a60e14/Xiangtan_University/svg/logo_blue.svg,logo_blue.svg,Xiangtan_University/svg/logo_blue.svg,False,svg,,,,,True,vector,,,content_inspected,,,湘潭大学,RoboMaster/university_logos,3d645fc89869707bd7df8dba0f7e4bbcc4a60e14,481167cf57756b25bc10035f7bb35904ef9cbb070d0df52851f7108072a61fcd,454951
4143010531,吉首大学,255dbb6d1988c815,badge,https://www.shanghairanking.cn/_uni/logo/24710054.png,https://github.com/xioajiumi/Chinese_Universities/blob/e088fddc329a6f0148ca72fd3b4d0fe069f13e3a/Chinese_Universities.json,24710054.png,Chinese_Universities.json,False,png,,,,,,,,,indexed_not_fetched,MIT,,吉首大学,xioajiumi/Chinese_Universities,e088fddc329a6f0148ca72fd3b4d0fe069f13e3a,,
4143010532,湖南大学,8274b97016696a69,badge,https://www.shanghairanking.cn/_uni/logo/79015808.png,https://github.com/xioajiumi/Chinese_Universities/blob/e088fddc329a6f0148ca72fd3b4d0fe069f13e3a/Chinese_Universities.json,79015808.png,Chinese_Universities.json,False,png,,,,,,,,,indexed_not_fetched,MIT,,湖南大学,xioajiumi/Chinese_Universities,e088fddc329a6f0148ca72fd3b4d0fe069f13e3a,,
4143010532,湖南大学,c0d99d433a1efb72,badge,https://raw.githubusercontent.com/Magicdover/China-Universities-2026/419bdc7ce6956fc88c2b70b3979f170b6666f111/assets/logos-new/%E6%B9%96%E5%8D%97%E5%A4%A7%E5%AD%A6%20HNU.svg,https://github.com/Magicdover/China-Universities-2026/blob/419bdc7ce6956fc88c2b70b3979f170b6666f111/assets/logos-new/%E6%B9%96%E5%8D%97%E5%A4%A7%E5%AD%A6%20HNU.svg,%E6%B9%96%E5%8D%97%E5%A4%A7%E5%AD%A6%20HNU.svg,assets/logos-new/湖南大学 HNU.svg,False,svg,322.748612,309.838668,,,True,vector,,,content_inspected,MIT,,湖南大学,Magicdover/China-Universities-2026,419bdc7ce6956fc88c2b70b3979f170b6666f111,bc4a3d69f1f3d83a5faa5d6482f4751fd2e82e3cdf9359a491a08883a80755f1,47471
4143010532,湖南大学,0529a2918635f860,badge,https://raw.githubusercontent.com/HeyHuazi/SVGLOGO/142498f527ac2dd3116cc1feccb9670879839f74/static/library/school/HNU.svg,https://github.com/HeyHuazi/SVGLOGO/blob/142498f527ac2dd3116cc1feccb9670879839f74/static/library/school/HNU.svg,HNU.svg,static/library/school/HNU.svg,False,svg,128.0,136.0,,,True,vector,,,content_inspected,MIT,,湖南大学,HeyHuazi/SVGLOGO,142498f527ac2dd3116cc1feccb9670879839f74,5f250f69bb437c663fdc61a71e7f714eafc4476f2713e4909d19b90e7d8ff2a2,25237
4143010532,湖南大学,c780e498ce194569,wordmark,https://raw.githubusercontent.com/HeyHuazi/SVGLOGO/142498f527ac2dd3116cc1feccb9670879839f74/static/library/school/HNU_wordmark.svg,https://github.com/HeyHuazi/SVGLOGO/blob/142498f527ac2dd3116cc1feccb9670879839f74/static/library/school/HNU_wordmark.svg,HNU_wordmark.svg,static/library/school/HNU_wordmark.svg,False,svg,,,,,True,vector,,,content_inspected,MIT,,湖南大学,HeyHuazi/SVGLOGO,142498f527ac2dd3116cc1feccb9670879839f74,9018bca4773daaa8b103a62680eedb0d731938b25856f89541afdc564b3bfe3a,16693
4143010533,中南大学,1b36be1be953d0a7,badge,https://www.shanghairanking.cn/_uni/logo/65984093.png,https://github.com/xioajiumi/Chinese_Universities/blob/e088fddc329a6f0148ca72fd3b4d0fe069f13e3a/Chinese_Universities.json,65984093.png,Chinese_Universities.json,False,png,,,,,,,,,indexed_not_fetched,MIT,,中南大学,xioajiumi/Chinese_Universities,e088fddc329a6f0148ca72fd3b4d0fe069f13e3a,,
4143010533,中南大学,b73c00f1220b697c,badge,https://raw.githubusercontent.com/Magicdover/China-Universities-2026/419bdc7ce6956fc88c2b70b3979f170b6666f111/assets/logos-new/%E4%B8%AD%E5%8D%97%E5%A4%A7%E5%AD%A6%20CSU.svg,https://github.com/Magicdover/China-Universities-2026/blob/419bdc7ce6956fc88c2b70b3979f170b6666f111/assets/logos-new/%E4%B8%AD%E5%8D%97%E5%A4%A7%E5%AD%A6%20CSU.svg,%E4%B8%AD%E5%8D%97%E5%A4%A7%E5%AD%A6%20CSU.svg,assets/logos-new/中南大学 CSU.svg,False,svg,,,,,True,vector,,,content_inspected,MIT,,中南大学,Magicdover/China-Universities-2026,419bdc7ce6956fc88c2b70b3979f170b6666f111,60e5e6d32a9f66aaddd088f42dd54b9cbb894d51a576aefeedfe5490f3a06304,21039
4143010533,中南大学,bf1c49374587d1bb,badge,https://raw.githubusercontent.com/HeyHuazi/SVGLOGO/142498f527ac2dd3116cc1feccb9670879839f74/static/library/school/CSU.svg,https://github.com/HeyHuazi/SVGLOGO/blob/142498f527ac2dd3116cc1feccb9670879839f74/static/library/school/CSU.svg,CSU.svg,static/library/school/CSU.svg,False,svg,128.0,137.0,,,True,vector,,,content_inspected,MIT,,中南大学,HeyHuazi/SVGLOGO,142498f527ac2dd3116cc1feccb9670879839f74,b6918d35576b4d5412b8503972e938f76110698b69ca75e3c06e057ff0b9aea1,12114
4143010533,中南大学,ac985cdc87c526da,wordmark,https://raw.githubusercontent.com/HeyHuazi/SVGLOGO/142498f527ac2dd3116cc1feccb9670879839f74/static/library/school/CSU_wordmark.svg,https://github.com/HeyHuazi/SVGLOGO/blob/142498f527ac2dd3116cc1feccb9670879839f74/static/library/school/CSU_wordmark.svg,CSU_wordmark.svg,static/library/school/CSU_wordmark.svg,False,svg,,,,,True,vector,,,content_inspected,MIT,,中南大学,HeyHuazi/SVGLOGO,142498f527ac2dd3116cc1feccb9670879839f74,0908ada970944652b6f05461a297bb980ed52e455446cd9b1f7a43650f8b56a6,2874
4143010533,中南大学,7e186b954fa32e41,badge,https://raw.githubusercontent.com/RoboMaster/university_logos/3d645fc89869707bd7df8dba0f7e4bbcc4a60e14/Central_South_University/png/logo_blue_800x800.png,https://github.com/RoboMaster/university_logos/blob/3d645fc89869707bd7df8dba0f7e4bbcc4a60e14/Central_South_University/png/logo_blue_800x800.png,logo_blue_800x800.png,Central_South_University/png/logo_blue_800x800.png,False,png,800,800,,,False,raster,True,True,content_inspected,,,中南大学,RoboMaster/university_logos,3d645fc89869707bd7df8dba0f7e4bbcc4a60e14,c89b90f83167a0b654fbe42039e31bcd7630537e9303cceb81783cb2758e8ff1,67489
4143010533,中南大学,f335554acc29e9ad,badge,https://raw.githubusercontent.com/RoboMaster/university_logos/3d645fc89869707bd7df8dba0f7e4bbcc4a60e14/Central_South_University/svg/logo_blue.svg,https://github.com/RoboMaster/university_logos/blob/3d645fc89869707bd7df8dba0f7e4bbcc4a60e14/Central_South_University/svg/logo_blue.svg,logo_blue.svg,Central_South_University/svg/logo_blue.svg,False,svg,,,,,True,vector,,,content_inspected,,,中南大学,RoboMaster/university_logos,3d645fc89869707bd7df8dba0f7e4bbcc4a60e14,22e4899d14cfe1c683dbba7811e2f66ffddf08e8a3466a149f672cc5c99af22c,458348
4143010534,湖南科技大学,be6d60127924c3af,badge,https://www.shanghairanking.cn/_uni/logo/66401420.png,https://github.com/xioajiumi/Chinese_Universities/blob/e088fddc329a6f0148ca72fd3b4d0fe069f13e3a/Chinese_Universities.json,66401420.png,Chinese_Universities.json,False,png,,,,,,,,,indexed_not_fetched,MIT,,湖南科技大学,xioajiumi/Chinese_Universities,e088fddc329a6f0148ca72fd3b4d0fe069f13e3a,,
4143010536,长沙理工大学,0e0863e269f133b7,badge,https://www.shanghairanking.cn/_uni/logo/12224674.png,https://github.com/xioajiumi/Chinese_Universities/blob/e088fddc329a6f0148ca72fd3b4d0fe069f13e3a/Chinese_Universities.json,12224674.png,Chinese_Universities.json,False,png,,,,,,,,,indexed_not_fetched,MIT,,长沙理工大学,xioajiumi/Chinese_Universities,e088fddc329a6f0148ca72fd3b4d0fe069f13e3a,,
4143010537,湖南农业大学,8f13af54556e52fa,badge,https://www.shanghairanking.cn/_uni/logo/66911347.png,https://github.com/xioajiumi/Chinese_Universities/blob/e088fddc329a6f0148ca72fd3b4d0fe069f13e3a/Chinese_Universities.json,66911347.png,Chinese_Universities.json,False,png,,,,,,,,,indexed_not_fetched,MIT,,湖南农业大学,xioajiumi/Chinese_Universities,e088fddc329a6f0148ca72fd3b4d0fe069f13e3a,,
4143010538,中南林业科技大学,ab7bd34da95b244b,badge,https://www.shanghairanking.cn/_uni/logo/51346265.png,https://github.com/xioajiumi/Chinese_Universities/blob/e088fddc329a6f0148ca72fd3b4d0fe069f13e3a/Chinese_Universities.json,51346265.png,Chinese_Universities.json,False,png,,,,,,,,,indexed_not_fetched,MIT,,中南林业科技大学,xioajiumi/Chinese_Universities,e088fddc329a6f0148ca72fd3b4d0fe069f13e3a,,
4143010542,湖南师范大学,13f9d7c33c0fca49,badge,https://www.shanghairanking.cn/_uni/logo/60718001.png,https://github.com/xioajiumi/Chinese_Universities/blob/e088fddc329a6f0148ca72fd3b4d0fe069f13e3a/Chinese_Universities.json,60718001.png,Chinese_Universities.json,False,png,,,,,,,,,indexed_not_fetched,MIT,,湖南师范大学,xioajiumi/Chinese_Universities,e088fddc329a6f0148ca72fd3b4d0fe069f13e3a,,
4143010542,湖南师范大学,58c2d0644bd50e37,badge,https://raw.githubusercontent.com/Magicdover/China-Universities-2026/419bdc7ce6956fc88c2b70b3979f170b6666f111/assets/logos-new/%E6%B9%96%E5%8D%97%E5%B8%88%E8%8C%83%E5%A4%A7%E5%AD%A6%20HUNNU.svg,https://github.com/Magicdover/China-Universities-2026/blob/419bdc7ce6956fc88c2b70b3979f170b6666f111/assets/logos-new/%E6%B9%96%E5%8D%97%E5%B8%88%E8%8C%83%E5%A4%A7%E5%AD%A6%20HUNNU.svg,%E6%B9%96%E5%8D%97%E5%B8%88%E8%8C%83%E5%A4%A7%E5%AD%A6%20HUNNU.svg,assets/logos-new/湖南师范大学 HUNNU.svg,False,svg,87.0,88.0,,,True,vector,,,content_inspected,MIT,,湖南师范大学,Magicdover/China-Universities-2026,419bdc7ce6956fc88c2b70b3979f170b6666f111,8eadf743278b930b48e393659748f2e9f15bac3c22107fef692d52430764054f,53227
4143010542,湖南师范大学,f47e5b846cc45f9e,badge,https://raw.githubusercontent.com/HeyHuazi/SVGLOGO/142498f527ac2dd3116cc1feccb9670879839f74/static/library/school/HNNU.svg,https://github.com/HeyHuazi/SVGLOGO/blob/142498f527ac2dd3116cc1feccb9670879839f74/static/library/school/HNNU.svg,HNNU.svg,static/library/school/HNNU.svg,False,svg,128.0,128.0,,,True,vector,,,content_inspected,MIT,,湖南师范大学,HeyHuazi/SVGLOGO,142498f527ac2dd3116cc1feccb9670879839f74,02db8d27808f84cbbc67aa7562ce2eec659d35275c7877c087593f4afea95b50,25830
4143010542,湖南师范大学,5e6e597aa61958d7,wordmark,https://raw.githubusercontent.com/HeyHuazi/SVGLOGO/142498f527ac2dd3116cc1feccb9670879839f74/static/library/school/HNNU_wordmark.svg,https://github.com/HeyHuazi/SVGLOGO/blob/142498f527ac2dd3116cc1feccb9670879839f74/static/library/school/HNNU_wordmark.svg,HNNU_wordmark.svg,static/library/school/HNNU_wordmark.svg,False,svg,,,,,True,vector,,,content_inspected,MIT,,湖南师范大学,HeyHuazi/SVGLOGO,142498f527ac2dd3116cc1feccb9670879839f74,c40be1f046b1649df54e910e31650e8dbc362ac0d458e008914556c9d61db92a,6714
4143010545,湘南学院,61e1e9c5127c37d3,badge,https://www.shanghairanking.cn/_uni/logo/21632133.png,https://github.com/xioajiumi/Chinese_Universities/blob/e088fddc329a6f0148ca72fd3b4d0fe069f13e3a/Chinese_Universities.json,21632133.png,Chinese_Universities.json,False,png,,,,,,,,,indexed_not_fetched,MIT,,湘南学院,xioajiumi/Chinese_Universities,e088fddc329a6f0148ca72fd3b4d0fe069f13e3a,,
4143010546,衡阳师范学院,0e5771d0bc0ea181,badge,https://www.shanghairanking.cn/_uni/logo/34272930.png,https://github.com/xioajiumi/Chinese_Universities/blob/e088fddc329a6f0148ca72fd3b4d0fe069f13e3a/Chinese_Universities.json,34272930.png,Chinese_Universities.json,False,png,,,,,,,,,indexed_not_fetched,MIT,,衡阳师范学院,xioajiumi/Chinese_Universities,e088fddc329a6f0148ca72fd3b4d0fe069f13e3a,,
4143010547,邵阳学院,2c48bc567fe6323d,badge,https://www.shanghairanking.cn/_uni/logo/89823044.png,https://github.com/xioajiumi/Chinese_Universities/blob/e088fddc329a6f0148ca72fd3b4d0fe069f13e3a/Chinese_Universities.json,89823044.png,Chinese_Universities.json,False,png,,,,,,,,,indexed_not_fetched,MIT,,邵阳学院,xioajiumi/Chinese_Universities,e088fddc329a6f0148ca72fd3b4d0fe069f13e3a,,
4143010548,怀化学院,ee38d4b973a67e34,badge,https://www.shanghairanking.cn/_uni/logo/97532390.png,https://github.com/xioajiumi/Chinese_Universities/blob/e088fddc329a6f0148ca72fd3b4d0fe069f13e3a/Chinese_Universities.json,97532390.png,Chinese_Universities.json,False,png,,,,,,,,,indexed_not_fetched,MIT,,怀化学院,xioajiumi/Chinese_Universities,e088fddc329a6f0148ca72fd3b4d0fe069f13e3a,,
4143010549,湖南文理学院,72f18008012fe54e,badge,https://www.shanghairanking.cn/_uni/logo/18418928.png,https://github.com/xioajiumi/Chinese_Universities/blob/e088fddc329a6f0148ca72fd3b4d0fe069f13e3a/Chinese_Universities.json,18418928.png,Chinese_Universities.json,False,png,,,,,,,,,indexed_not_fetched,MIT,,湖南文理学院,xioajiumi/Chinese_Universities,e088fddc329a6f0148ca72fd3b4d0fe069f13e3a,,
4143010551,湖南科技学院,7c847b871758dc78,badge,https://www.shanghairanking.cn/_uni/logo/89586778.png,https://github.com/xioajiumi/Chinese_Universities/blob/e088fddc329a6f0148ca72fd3b4d0fe069f13e3a/Chinese_Universities.json,89586778.png,Chinese_Universities.json,False,png,,,,,,,,,indexed_not_fetched,MIT,,湖南科技学院,xioajiumi/Chinese_Universities,e088fddc329a6f0148ca72fd3b4d0fe069f13e3a,,
4143010553,湖南人文科技学院,ee3ee558dad53f5f,badge,https://www.shanghairanking.cn/_uni/logo-jpg/4726142300.jpg,https://github.com/xioajiumi/Chinese_Universities/blob/e088fddc329a6f0148ca72fd3b4d0fe069f13e3a/Chinese_Universities.json,4726142300.jpg,Chinese_Universities.json,False,jpg,,,,,,,,,indexed_not_fetched,MIT,,湖南人文科技学院,xioajiumi/Chinese_Universities,e088fddc329a6f0148ca72fd3b4d0fe069f13e3a,,
4143010555,南华大学,17cbe69ceb21d7c1,badge,https://www.shanghairanking.cn/_uni/logo/37506435.png,https://github.com/xioajiumi/Chinese_Universities/blob/e088fddc329a6f0148ca72fd3b4d0fe069f13e3a/Chinese_Universities.json,37506435.png,Chinese_Universities.json,False,png,,,,,,,,,indexed_not_fetched,MIT,,南华大学,xioajiumi/Chinese_Universities,e088fddc329a6f0148ca72fd3b4d0fe069f13e3a,,
4143010555,南华大学,6b89eed5316df0a6,badge,https://raw.githubusercontent.com/RoboMaster/university_logos/3d645fc89869707bd7df8dba0f7e4bbcc4a60e14/University_of_South_China/png/logo_blue_800x800.png,https://github.com/RoboMaster/university_logos/blob/3d645fc89869707bd7df8dba0f7e4bbcc4a60e14/University_of_South_China/png/logo_blue_800x800.png,logo_blue_800x800.png,University_of_South_China/png/logo_blue_800x800.png,False,png,800,800,,,False,raster,True,True,content_inspected,,,南华大学,RoboMaster/university_logos,3d645fc89869707bd7df8dba0f7e4bbcc4a60e14,f45d376bac581337c4804cb1ec122cfe8fbf18bc10ce2f4bbf2ea7c4f275f42a,65550
4143010555,南华大学,8c3bdbe22f30723e,badge,https://raw.githubusercontent.com/RoboMaster/university_logos/3d645fc89869707bd7df8dba0f7e4bbcc4a60e14/University_of_South_China/svg/logo_blue.svg,https://github.com/RoboMaster/university_logos/blob/3d645fc89869707bd7df8dba0f7e4bbcc4a60e14/University_of_South_China/svg/logo_blue.svg,logo_blue.svg,University_of_South_China/svg/logo_blue.svg,False,svg,,,,,True,vector,,,content_inspected,,,南华大学,RoboMaster/university_logos,3d645fc89869707bd7df8dba0f7e4bbcc4a60e14,036f1f6318719dad72aaa74071bbff0495ea37def975d030346a9b1114735a8d,451672
4143011077,长沙学院,318c19772ca6dccc,badge,https://www.shanghairanking.cn/_uni/logo/54067016.png,https://github.com/xioajiumi/Chinese_Universities/blob/e088fddc329a6f0148ca72fd3b4d0fe069f13e3a/Chinese_Universities.json,54067016.png,Chinese_Universities.json,False,png,,,,,,,,,indexed_not_fetched,MIT,,长沙学院,xioajiumi/Chinese_Universities,e088fddc329a6f0148ca72fd3b4d0fe069f13e3a,,
4143011342,湖南工程学院,dfdfbba573295bc7,badge,https://www.shanghairanking.cn/_uni/logo/87270858.png,https://github.com/xioajiumi/Chinese_Universities/blob/e088fddc329a6f0148ca72fd3b4d0fe069f13e3a/Chinese_Universities.json,87270858.png,Chinese_Universities.json,False,png,,,,,,,,,indexed_not_fetched,MIT,,湖南工程学院,xioajiumi/Chinese_Universities,e088fddc329a6f0148ca72fd3b4d0fe069f13e3a,,
4143011527,湖南城市学院,72916e7640af6ff5,badge,https://www.shanghairanking.cn/_uni/logo/93210906.png,https://github.com/xioajiumi/Chinese_Universities/blob/e088fddc329a6f0148ca72fd3b4d0fe069f13e3a/Chinese_Universities.json,93210906.png,Chinese_Universities.json,False,png,,,,,,,,,indexed_not_fetched,MIT,,湖南城市学院,xioajiumi/Chinese_Universities,e088fddc329a6f0148ca72fd3b4d0fe069f13e3a,,
4143011528,湖南工学院,8b56e6dec6e1e014,badge,https://www.shanghairanking.cn/_uni/logo/65480177.png,https://github.com/xioajiumi/Chinese_Universities/blob/e088fddc329a6f0148ca72fd3b4d0fe069f13e3a/Chinese_Universities.json,65480177.png,Chinese_Universities.json,False,png,,,,,,,,,indexed_not_fetched,MIT,,湖南工学院,xioajiumi/Chinese_Universities,e088fddc329a6f0148ca72fd3b4d0fe069f13e3a,,
4143011535,湖南工业大学,34c760143a68d9ed,badge,https://www.shanghairanking.cn/_uni/logo/21950632.png,https://github.com/xioajiumi/Chinese_Universities/blob/e088fddc329a6f0148ca72fd3b4d0fe069f13e3a/Chinese_Universities.json,21950632.png,Chinese_Universities.json,False,png,,,,,,,,,indexed_not_fetched,MIT,,湖南工业大学,xioajiumi/Chinese_Universities,e088fddc329a6f0148ca72fd3b4d0fe069f13e3a,,
4143012034,湖南第一师范学院,8d80a8bf9b1e2c3e,badge,https://www.shanghairanking.cn/_uni/logo/20498995.png,https://github.com/xioajiumi/Chinese_Universities/blob/e088fddc329a6f0148ca72fd3b4d0fe069f13e3a/Chinese_Universities.json,20498995.png,Chinese_Universities.json,False,png,,,,,,,,,indexed_not_fetched,MIT,,湖南第一师范学院,xioajiumi/Chinese_Universities,e088fddc329a6f0148ca72fd3b4d0fe069f13e3a,,
4143013806,长沙师范学院,88f1f6917e4011c2,badge,https://www.shanghairanking.cn/_uni/logo-jpg/3063398500.jpg,https://github.com/xioajiumi/Chinese_Universities/blob/e088fddc329a6f0148ca72fd3b4d0fe069f13e3a/Chinese_Universities.json,3063398500.jpg,Chinese_Universities.json,False,jpg,,,,,,,,,indexed_not_fetched,MIT,,长沙师范学院,xioajiumi/Chinese_Universities,e088fddc329a6f0148ca72fd3b4d0fe069f13e3a,,
4162010730,兰州大学,f586843a0d14ffa0,badge,https://www.shanghairanking.cn/_uni/logo/84317715.png,https://github.com/xioajiumi/Chinese_Universities/blob/e088fddc329a6f0148ca72fd3b4d0fe069f13e3a/Chinese_Universities.json,84317715.png,Chinese_Universities.json,False,png,,,,,,,,,indexed_not_fetched,MIT,,兰州大学,xioajiumi/Chinese_Universities,e088fddc329a6f0148ca72fd3b4d0fe069f13e3a,,
4162010730,兰州大学,ace0b1ba93afa480,badge,https://raw.githubusercontent.com/Magicdover/China-Universities-2026/419bdc7ce6956fc88c2b70b3979f170b6666f111/assets/logos-new/%E5%85%B0%E5%B7%9E%E5%A4%A7%E5%AD%A6%20LZU.svg,https://github.com/Magicdover/China-Universities-2026/blob/419bdc7ce6956fc88c2b70b3979f170b6666f111/assets/logos-new/%E5%85%B0%E5%B7%9E%E5%A4%A7%E5%AD%A6%20LZU.svg,%E5%85%B0%E5%B7%9E%E5%A4%A7%E5%AD%A6%20LZU.svg,assets/logos-new/兰州大学 LZU.svg,False,svg,,,,,True,vector,,,content_inspected,MIT,,兰州大学,Magicdover/China-Universities-2026,419bdc7ce6956fc88c2b70b3979f170b6666f111,9601b5cea9efec41468ee1415d4baba33dd8036d478955445f9766b0dce40250,37738
4162010730,兰州大学,11698a0ffa31c9e9,badge,https://raw.githubusercontent.com/HeyHuazi/SVGLOGO/142498f527ac2dd3116cc1feccb9670879839f74/static/library/school/LZU.svg,https://github.com/HeyHuazi/SVGLOGO/blob/142498f527ac2dd3116cc1feccb9670879839f74/static/library/school/LZU.svg,LZU.svg,static/library/school/LZU.svg,False,svg,128.0,137.0,,,True,vector,,,content_inspected,MIT,,兰州大学,HeyHuazi/SVGLOGO,142498f527ac2dd3116cc1feccb9670879839f74,5ba2adf8b6d1df972d29c8a03a3a7427e9102ae9719b64b30f57c293d03d8efa,24263
4162010730,兰州大学,077d2387e6bdcc91,wordmark,https://raw.githubusercontent.com/HeyHuazi/SVGLOGO/142498f527ac2dd3116cc1feccb9670879839f74/static/library/school/LZU_wordmark.svg,https://github.com/HeyHuazi/SVGLOGO/blob/142498f527ac2dd3116cc1feccb9670879839f74/static/library/school/LZU_wordmark.svg,LZU_wordmark.svg,static/library/school/LZU_wordmark.svg,False,svg,,,,,True,vector,,,content_inspected,MIT,,兰州大学,HeyHuazi/SVGLOGO,142498f527ac2dd3116cc1feccb9670879839f74,1cca355751b8c908940074cebfaae4befb34905f514fc575b6f9f7f0676f282e,16352
4162010730,兰州大学,8864876d286ba54b,badge,https://raw.githubusercontent.com/RoboMaster/university_logos/3d645fc89869707bd7df8dba0f7e4bbcc4a60e14/Lanzhou_University/png/logo_blue_800x800.png,https://github.com/RoboMaster/university_logos/blob/3d645fc89869707bd7df8dba0f7e4bbcc4a60e14/Lanzhou_University/png/logo_blue_800x800.png,logo_blue_800x800.png,Lanzhou_University/png/logo_blue_800x800.png,False,png,800,800,,,False,raster,True,True,content_inspected,,,兰州大学,RoboMaster/university_logos,3d645fc89869707bd7df8dba0f7e4bbcc4a60e14,a734d9f83a8375b9e19d0de2eb09374a1ef1edacf0e5da6593807ff0c1d338c8,49769
4162010730,兰州大学,e79e8ad45be01925,badge,https://raw.githubusercontent.com/RoboMaster/university_logos/3d645fc89869707bd7df8dba0f7e4bbcc4a60e14/Lanzhou_University/svg/logo_blue.svg,https://github.com/RoboMaster/university_logos/blob/3d645fc89869707bd7df8dba0f7e4bbcc4a60e14/Lanzhou_University/svg/logo_blue.svg,logo_blue.svg,Lanzhou_University/svg/logo_blue.svg,False,svg,,,,,True,vector,,,content_inspected,,,兰州大学,RoboMaster/university_logos,3d645fc89869707bd7df8dba0f7e4bbcc4a60e14,73c7931c70e2347c70fc8354e2120ad936d5012be030eb4e49ad2e9a976bc8f7,495193
4162010731,兰州理工大学,7800a69c8ed072fc,badge,https://www.shanghairanking.cn/_uni/logo/67319577.png,https://github.com/xioajiumi/Chinese_Universities/blob/e088fddc329a6f0148ca72fd3b4d0fe069f13e3a/Chinese_Universities.json,67319577.png,Chinese_Universities.json,False,png,,,,,,,,,indexed_not_fetched,MIT,,兰州理工大学,xioajiumi/Chinese_Universities,e088fddc329a6f0148ca72fd3b4d0fe069f13e3a,,
4162010732,兰州交通大学,a302a49361ea5351,badge,https://www.shanghairanking.cn/_uni/logo/43772124.png,https://github.com/xioajiumi/Chinese_Universities/blob/e088fddc329a6f0148ca72fd3b4d0fe069f13e3a/Chinese_Universities.json,43772124.png,Chinese_Universities.json,False,png,,,,,,,,,indexed_not_fetched,MIT,,兰州交通大学,xioajiumi/Chinese_Universities,e088fddc329a6f0148ca72fd3b4d0fe069f13e3a,,
4162010733,甘肃农业大学,db329ff727605f7e,badge,https://www.shanghairanking.cn/_uni/logo/73822591.png,https://github.com/xioajiumi/Chinese_Universities/blob/e088fddc329a6f0148ca72fd3b4d0fe069f13e3a/Chinese_Universities.json,73822591.png,Chinese_Universities.json,False,png,,,,,,,,,indexed_not_fetched,MIT,,甘肃农业大学,xioajiumi/Chinese_Universities,e088fddc329a6f0148ca72fd3b4d0fe069f13e3a,,
4162010736,西北师范大学,c90c4983b4ee17ee,badge,https://www.shanghairanking.cn/_uni/logo/37657107.png,https://github.com/xioajiumi/Chinese_Universities/blob/e088fddc329a6f0148ca72fd3b4d0fe069f13e3a/Chinese_Universities.json,37657107.png,Chinese_Universities.json,False,png,,,,,,,,,indexed_not_fetched,MIT,,西北师范大学,xioajiumi/Chinese_Universities,e088fddc329a6f0148ca72fd3b4d0fe069f13e3a,,
4162010737,兰州城市学院,21b7c4b648d359fa,badge,https://www.shanghairanking.cn/_uni/logo/61174686.png,https://github.com/xioajiumi/Chinese_Universities/blob/e088fddc329a6f0148ca72fd3b4d0fe069f13e3a/Chinese_Universities.json,61174686.png,Chinese_Universities.json,False,png,,,,,,,,,indexed_not_fetched,MIT,,兰州城市学院,xioajiumi/Chinese_Universities,e088fddc329a6f0148ca72fd3b4d0fe069f13e3a,,
4162010738,陇东学院,5ceba253b0ab13f2,badge,https://www.shanghairanking.cn/_uni/logo/49553796.png,https://github.com/xioajiumi/Chinese_Universities/blob/e088fddc329a6f0148ca72fd3b4d0fe069f13e3a/Chinese_Universities.json,49553796.png,Chinese_Universities.json,False,png,,,,,,,,,indexed_not_fetched,MIT,,陇东学院,xioajiumi/Chinese_Universities,e088fddc329a6f0148ca72fd3b4d0fe069f13e3a,,
4162010740,河西学院,f6786a585c86cf98,badge,https://www.shanghairanking.cn/_uni/logo/84218792.png,https://github.com/xioajiumi/Chinese_Universities/blob/e088fddc329a6f0148ca72fd3b4d0fe069f13e3a/Chinese_Universities.json,84218792.png,Chinese_Universities.json,False,png,,,,,,,,,indexed_not_fetched,MIT,,河西学院,xioajiumi/Chinese_Universities,e088fddc329a6f0148ca72fd3b4d0fe069f13e3a,,
4162011561,甘肃民族师范学院,c8d4a311d7e30f39,badge,https://www.shanghairanking.cn/_uni/logo-jpg/6463626300.jpg,https://github.com/xioajiumi/Chinese_Universities/blob/e088fddc329a6f0148ca72fd3b4d0fe069f13e3a/Chinese_Universities.json,6463626300.jpg,Chinese_Universities.json,False,jpg,,,,,,,,,indexed_not_fetched,MIT,,甘肃民族师范学院,xioajiumi/Chinese_Universities,e088fddc329a6f0148ca72fd3b4d0fe069f13e3a,,
4162011562,兰州文理学院,c334c7041cdb36da,badge,https://www.shanghairanking.cn/_uni/logo-jpg/3454415300.jpg,https://github.com/xioajiumi/Chinese_Universities/blob/e088fddc329a6f0148ca72fd3b4d0fe069f13e3a/Chinese_Universities.json,3454415300.jpg,Chinese_Universities.json,False,jpg,,,,,,,,,indexed_not_fetched,MIT,,兰州文理学院,xioajiumi/Chinese_Universities,e088fddc329a6f0148ca72fd3b4d0fe069f13e3a,,
4162011807,兰州工业学院,3c4135e01f253db1,badge,https://www.shanghairanking.cn/_uni/logo-jpg/9986906100.jpg,https://github.com/xioajiumi/Chinese_Universities/blob/e088fddc329a6f0148ca72fd3b4d0fe069f13e3a/Chinese_Universities.json,9986906100.jpg,Chinese_Universities.json,False,jpg,,,,,,,,,indexed_not_fetched,MIT,,兰州工业学院,xioajiumi/Chinese_Universities,e088fddc329a6f0148ca72fd3b4d0fe069f13e3a,,
4135010384,厦门大学,e17209d0e980773f,badge,https://www.shanghairanking.cn/_uni/logo/14008229.png,https://github.com/xioajiumi/Chinese_Universities/blob/e088fddc329a6f0148ca72fd3b4d0fe069f13e3a/Chinese_Universities.json,14008229.png,Chinese_Universities.json,False,png,,,,,,,,,indexed_not_fetched,MIT,,厦门大学,xioajiumi/Chinese_Universities,e088fddc329a6f0148ca72fd3b4d0fe069f13e3a,,
4135010384,厦门大学,cdfe1b8a3090dcc9,badge,https://raw.githubusercontent.com/Magicdover/China-Universities-2026/419bdc7ce6956fc88c2b70b3979f170b6666f111/assets/logos-new/%E5%8E%A6%E9%97%A8%E5%A4%A7%E5%AD%A6%20XMU.svg,https://github.com/Magicdover/China-Universities-2026/blob/419bdc7ce6956fc88c2b70b3979f170b6666f111/assets/logos-new/%E5%8E%A6%E9%97%A8%E5%A4%A7%E5%AD%A6%20XMU.svg,%E5%8E%A6%E9%97%A8%E5%A4%A7%E5%AD%A6%20XMU.svg,assets/logos-new/厦门大学 XMU.svg,False,svg,88.0,88.0,,,True,vector,,,content_inspected,MIT,,厦门大学,Magicdover/China-Universities-2026,419bdc7ce6956fc88c2b70b3979f170b6666f111,219728ee40beb910c539ccc708a1db49bbdf48f321ceb7f16b63d56b99df5f98,61045
4135010384,厦门大学,4e3640d70865b9cf,badge,https://raw.githubusercontent.com/HeyHuazi/SVGLOGO/142498f527ac2dd3116cc1feccb9670879839f74/static/library/school/XMU.svg,https://github.com/HeyHuazi/SVGLOGO/blob/142498f527ac2dd3116cc1feccb9670879839f74/static/library/school/XMU.svg,XMU.svg,static/library/school/XMU.svg,False,svg,128.0,137.0,,,True,vector,,,content_inspected,MIT,,厦门大学,HeyHuazi/SVGLOGO,142498f527ac2dd3116cc1feccb9670879839f74,40f438be21480fd203b2272d420060add01c5b3e94dfc89b025aa421e57048df,30626
4135010384,厦门大学,7d80ecede43eb26e,wordmark,https://raw.githubusercontent.com/HeyHuazi/SVGLOGO/142498f527ac2dd3116cc1feccb9670879839f74/static/library/school/XMU_wordmark.svg,https://github.com/HeyHuazi/SVGLOGO/blob/142498f527ac2dd3116cc1feccb9670879839f74/static/library/school/XMU_wordmark.svg,XMU_wordmark.svg,static/library/school/XMU_wordmark.svg,False,svg,,,,,True,vector,,,content_inspected,MIT,,厦门大学,HeyHuazi/SVGLOGO,142498f527ac2dd3116cc1feccb9670879839f74,d7503cc2575521eb903f808151fb08a105c5454b5426d9302e69c19427d429d2,19504
4135010385,华侨大学,5ca2bf17fd8a7b25,badge,https://www.shanghairanking.cn/_uni/logo/22700357.png,https://github.com/xioajiumi/Chinese_Universities/blob/e088fddc329a6f0148ca72fd3b4d0fe069f13e3a/Chinese_Universities.json,22700357.png,Chinese_Universities.json,False,png,,,,,,,,,indexed_not_fetched,MIT,,华侨大学,xioajiumi/Chinese_Universities,e088fddc329a6f0148ca72fd3b4d0fe069f13e3a,,
4135010386,福州大学,11fbd0120c101aae,badge,https://www.shanghairanking.cn/_uni/logo/77372849.png,https://github.com/xioajiumi/Chinese_Universities/blob/e088fddc329a6f0148ca72fd3b4d0fe069f13e3a/Chinese_Universities.json,77372849.png,Chinese_Universities.json,False,png,,,,,,,,,indexed_not_fetched,MIT,,福州大学,xioajiumi/Chinese_Universities,e088fddc329a6f0148ca72fd3b4d0fe069f13e3a,,
4135010386,福州大学,d72db3b2501f7955,badge,https://raw.githubusercontent.com/Magicdover/China-Universities-2026/419bdc7ce6956fc88c2b70b3979f170b6666f111/assets/logos-new/%E7%A6%8F%E5%B7%9E%E5%A4%A7%E5%AD%A6%20FZU.svg,https://github.com/Magicdover/China-Universities-2026/blob/419bdc7ce6956fc88c2b70b3979f170b6666f111/assets/logos-new/%E7%A6%8F%E5%B7%9E%E5%A4%A7%E5%AD%A6%20FZU.svg,%E7%A6%8F%E5%B7%9E%E5%A4%A7%E5%AD%A6%20FZU.svg,assets/logos-new/福州大学 FZU.svg,False,svg,88.0,88.0,,,True,vector,,,content_inspected,MIT,,福州大学,Magicdover/China-Universities-2026,419bdc7ce6956fc88c2b70b3979f170b6666f111,3b95110fd4e17e5830b5b28ca9359c3f92f711120cb2261462940c6d4180719c,30782
4135010386,福州大学,83a78b0106ced933,badge,https://raw.githubusercontent.com/HeyHuazi/SVGLOGO/142498f527ac2dd3116cc1feccb9670879839f74/static/library/school/FZU.svg,https://github.com/HeyHuazi/SVGLOGO/blob/142498f527ac2dd3116cc1feccb9670879839f74/static/library/school/FZU.svg,FZU.svg,static/library/school/FZU.svg,False,svg,128.0,128.0,,,True,vector,,,content_inspected,MIT,,福州大学,HeyHuazi/SVGLOGO,142498f527ac2dd3116cc1feccb9670879839f74,028d98d1ffea70c1ac8c7278d86b2776c19f1830b6a8708dd6c9d13c87b7c046,15776
4135010386,福州大学,d43b98887d633e34,wordmark,https://raw.githubusercontent.com/HeyHuazi/SVGLOGO/142498f527ac2dd3116cc1feccb9670879839f74/static/library/school/FZU_wordmark.svg,https://github.com/HeyHuazi/SVGLOGO/blob/142498f527ac2dd3116cc1feccb9670879839f74/static/library/school/FZU_wordmark.svg,FZU_wordmark.svg,static/library/school/FZU_wordmark.svg,False,svg,,,,,True,vector,,,content_inspected,MIT,,福州大学,HeyHuazi/SVGLOGO,142498f527ac2dd3116cc1feccb9670879839f74,bc437e1c3fa064064a8bcdf6faade5f54878cfe84be4566db0deb5e7b4820032,11550
4135010388,福建理工大学,401b5062823c0ff3,badge,https://raw.githubusercontent.com/RoboMaster/university_logos/3d645fc89869707bd7df8dba0f7e4bbcc4a60e14/Fujian_University_of_Technology/png/logo_blue_800x800.png,https://github.com/RoboMaster/university_logos/blob/3d645fc89869707bd7df8dba0f7e4bbcc4a60e14/Fujian_University_of_Technology/png/logo_blue_800x800.png,logo_blue_800x800.png,Fujian_University_of_Technology/png/logo_blue_800x800.png,False,png,800,800,,,False,raster,True,True,content_inspected,,,福建理工大学,RoboMaster/university_logos,3d645fc89869707bd7df8dba0f7e4bbcc4a60e14,70eb11f712fc2d50484c73c8dc1c5f7bd574293d2982ba60eb0ad572c1b83735,69296
4135010388,福建理工大学,d6b492613107bf9d,badge,https://raw.githubusercontent.com/RoboMaster/university_logos/3d645fc89869707bd7df8dba0f7e4bbcc4a60e14/Fujian_University_of_Technology/svg/logo_blue.svg,https://github.com/RoboMaster/university_logos/blob/3d645fc89869707bd7df8dba0f7e4bbcc4a60e14/Fujian_University_of_Technology/svg/logo_blue.svg,logo_blue.svg,Fujian_University_of_Technology/svg/logo_blue.svg,False,svg,,,,,True,vector,,,content_inspected,,,福建理工大学,RoboMaster/university_logos,3d645fc89869707bd7df8dba0f7e4bbcc4a60e14,37407ddba59d6920c0e1d2dee9c9bc19f6c72656ad7b82bec3ca0f835709c8ef,1469060
4135010389,福建农林大学,396fe456428d9ea3,badge,https://www.shanghairanking.cn/_uni/logo/45877801.png,https://github.com/xioajiumi/Chinese_Universities/blob/e088fddc329a6f0148ca72fd3b4d0fe069f13e3a/Chinese_Universities.json,45877801.png,Chinese_Universities.json,False,png,,,,,,,,,indexed_not_fetched,MIT,,福建农林大学,xioajiumi/Chinese_Universities,e088fddc329a6f0148ca72fd3b4d0fe069f13e3a,,
4135010389,福建农林大学,bf4c784c8eacf13e,badge,https://raw.githubusercontent.com/RoboMaster/university_logos/3d645fc89869707bd7df8dba0f7e4bbcc4a60e14/Fujian_Agriculture_and_Forestry_University/png/logo_green_800x800.png,https://github.com/RoboMaster/university_logos/blob/3d645fc89869707bd7df8dba0f7e4bbcc4a60e14/Fujian_Agriculture_and_Forestry_University/png/logo_green_800x800.png,logo_green_800x800.png,Fujian_Agriculture_and_Forestry_University/png/logo_green_800x800.png,False,png,800,800,,,False,raster,True,True,content_inspected,,,福建农林大学,RoboMaster/university_logos,3d645fc89869707bd7df8dba0f7e4bbcc4a60e14,3c63e6bcf08a8958c895bd9b75c9c943e91ca3096251500951eafe461769c2df,515605
4135010390,集美大学,81c696254c265d75,badge,https://www.shanghairanking.cn/_uni/logo/50079480.png,https://github.com/xioajiumi/Chinese_Universities/blob/e088fddc329a6f0148ca72fd3b4d0fe069f13e3a/Chinese_Universities.json,50079480.png,Chinese_Universities.json,False,png,,,,,,,,,indexed_not_fetched,MIT,,集美大学,xioajiumi/Chinese_Universities,e088fddc329a6f0148ca72fd3b4d0fe069f13e3a,,
4135010394,福建师范大学,a509211f87d40556,badge,https://www.shanghairanking.cn/_uni/logo/63841113.png,https://github.com/xioajiumi/Chinese_Universities/blob/e088fddc329a6f0148ca72fd3b4d0fe069f13e3a/Chinese_Universities.json,63841113.png,Chinese_Universities.json,False,png,,,,,,,,,indexed_not_fetched,MIT,,福建师范大学,xioajiumi/Chinese_Universities,e088fddc329a6f0148ca72fd3b4d0fe069f13e3a,,
4135010394,福建师范大学,2341ddcd7d608146,badge,https://raw.githubusercontent.com/HeyHuazi/SVGLOGO/142498f527ac2dd3116cc1feccb9670879839f74/static/library/school/FJNU.svg,https://github.com/HeyHuazi/SVGLOGO/blob/142498f527ac2dd3116cc1feccb9670879839f74/static/library/school/FJNU.svg,FJNU.svg,static/library/school/FJNU.svg,False,svg,128.0,137.0,,,True,vector,,,content_inspected,MIT,,福建师范大学,HeyHuazi/SVGLOGO,142498f527ac2dd3116cc1feccb9670879839f74,231bcbb6849192c34dff78d7c9df83066bbf32f2b024653d78ec5a0d310c350a,19496
4135010397,武夷学院,3104651a24ff4743,badge,https://www.shanghairanking.cn/_uni/logo-jpg/6657725600.jpg,https://github.com/xioajiumi/Chinese_Universities/blob/e088fddc329a6f0148ca72fd3b4d0fe069f13e3a/Chinese_Universities.json,6657725600.jpg,Chinese_Universities.json,False,jpg,,,,,,,,,indexed_not_fetched,MIT,,武夷学院,xioajiumi/Chinese_Universities,e088fddc329a6f0148ca72fd3b4d0fe069f13e3a,,
4135010398,宁德师范学院,64eaa9eddca74da4,badge,https://www.shanghairanking.cn/_uni/logo-jpg/6036772300.jpg,https://github.com/xioajiumi/Chinese_Universities/blob/e088fddc329a6f0148ca72fd3b4d0fe069f13e3a/Chinese_Universities.json,6036772300.jpg,Chinese_Universities.json,False,jpg,,,,,,,,,indexed_not_fetched,MIT,,宁德师范学院,xioajiumi/Chinese_Universities,e088fddc329a6f0148ca72fd3b4d0fe069f13e3a,,
4135010399,泉州师范学院,95e7d4a5208cd9bf,badge,https://www.shanghairanking.cn/_uni/logo/43122253.png,https://github.com/xioajiumi/Chinese_Universities/blob/e088fddc329a6f0148ca72fd3b4d0fe069f13e3a/Chinese_Universities.json,43122253.png,Chinese_Universities.json,False,png,,,,,,,,,indexed_not_fetched,MIT,,泉州师范学院,xioajiumi/Chinese_Universities,e088fddc329a6f0148ca72fd3b4d0fe069f13e3a,,
4135010402,闽南师范大学,c725ef384d93cd56,badge,https://www.shanghairanking.cn/_uni/logo/54713686.png,https://github.com/xioajiumi/Chinese_Universities/blob/e088fddc329a6f0148ca72fd3b4d0fe069f13e3a/Chinese_Universities.json,54713686.png,Chinese_Universities.json,False,png,,,,,,,,,indexed_not_fetched,MIT,,闽南师范大学,xioajiumi/Chinese_Universities,e088fddc329a6f0148ca72fd3b4d0fe069f13e3a,,
4135011062,厦门理工学院,4f3af3477c787d3e,badge,https://www.shanghairanking.cn/_uni/logo/19033285.png,https://github.com/xioajiumi/Chinese_Universities/blob/e088fddc329a6f0148ca72fd3b4d0fe069f13e3a/Chinese_Universities.json,19033285.png,Chinese_Universities.json,False,png,,,,,,,,,indexed_not_fetched,MIT,,厦门理工学院,xioajiumi/Chinese_Universities,e088fddc329a6f0148ca72fd3b4d0fe069f13e3a,,
4135011062,厦门理工学院,0bcfb0aa50ecb02a,badge,https://raw.githubusercontent.com/RoboMaster/university_logos/3d645fc89869707bd7df8dba0f7e4bbcc4a60e14/Xiamen_University_of_Technology/png/logo_red_800x800.png,https://github.com/RoboMaster/university_logos/blob/3d645fc89869707bd7df8dba0f7e4bbcc4a60e14/Xiamen_University_of_Technology/png/logo_red_800x800.png,logo_red_800x800.png,Xiamen_University_of_Technology/png/logo_red_800x800.png,False,png,800,800,,,False,raster,True,True,content_inspected,,,厦门理工学院,RoboMaster/university_logos,3d645fc89869707bd7df8dba0f7e4bbcc4a60e14,874a9e730b63b90d0782409cd75f530461bc6cd74f288b7ce0827d1dbd1b04f2,61593
4135011311,三明学院,2571b699d5773cc1,badge,https://www.shanghairanking.cn/_uni/logo-jpg/8062462800.jpg,https://github.com/xioajiumi/Chinese_Universities/blob/e088fddc329a6f0148ca72fd3b4d0fe069f13e3a/Chinese_Universities.json,8062462800.jpg,Chinese_Universities.json,False,jpg,,,,,,,,,indexed_not_fetched,MIT,,三明学院,xioajiumi/Chinese_Universities,e088fddc329a6f0148ca72fd3b4d0fe069f13e3a,,
4135011312,龙岩学院,b25e1c1d77d509ad,badge,https://www.shanghairanking.cn/_uni/logo/37500595.png,https://github.com/xioajiumi/Chinese_Universities/blob/e088fddc329a6f0148ca72fd3b4d0fe069f13e3a/Chinese_Universities.json,37500595.png,Chinese_Universities.json,False,png,,,,,,,,,indexed_not_fetched,MIT,,龙岩学院,xioajiumi/Chinese_Universities,e088fddc329a6f0148ca72fd3b4d0fe069f13e3a,,
4135011498,莆田学院,a6db0f9454ddaec5,badge,https://www.shanghairanking.cn/_uni/logo/70611686.png,https://github.com/xioajiumi/Chinese_Universities/blob/e088fddc329a6f0148ca72fd3b4d0fe069f13e3a/Chinese_Universities.json,70611686.png,Chinese_Universities.json,False,png,,,,,,,,,indexed_not_fetched,MIT,,莆田学院,xioajiumi/Chinese_Universities,e088fddc329a6f0148ca72fd3b4d0fe069f13e3a,,
4135013469,厦门大学嘉庚学院,c6879f3993a98abe,badge,https://raw.githubusercontent.com/RoboMaster/university_logos/3d645fc89869707bd7df8dba0f7e4bbcc4a60e14/Xiamen_University_Tan_Kah_Kee_College/png/logo_white_800x800.png,https://github.com/RoboMaster/university_logos/blob/3d645fc89869707bd7df8dba0f7e4bbcc4a60e14/Xiamen_University_Tan_Kah_Kee_College/png/logo_white_800x800.png,logo_white_800x800.png,Xiamen_University_Tan_Kah_Kee_College/png/logo_white_800x800.png,False,png,800,800,,,False,raster,True,True,content_inspected,,,厦门大学嘉庚学院,RoboMaster/university_logos,3d645fc89869707bd7df8dba0f7e4bbcc4a60e14,b815810062ba1dc957d20e621e7211704c6f7a244aa3efc2b791e0902a5b37a7,431348
4135014683,福建技术师范学院,779d3bb8a1860bd7,badge,https://www.shanghairanking.cn/_uni/logo-jpg/2006306400.jpg,https://github.com/xioajiumi/Chinese_Universities/blob/e088fddc329a6f0148ca72fd3b4d0fe069f13e3a/Chinese_Universities.json,2006306400.jpg,Chinese_Universities.json,False,jpg,,,,,,,,,indexed_not_fetched,MIT,,福建技术师范学院,xioajiumi/Chinese_Universities,e088fddc329a6f0148ca72fd3b4d0fe069f13e3a,,
4154010694,西藏大学,4466af92f5f6dddd,badge,https://www.shanghairanking.cn/_uni/logo/71112798.png,https://github.com/xioajiumi/Chinese_Universities/blob/e088fddc329a6f0148ca72fd3b4d0fe069f13e3a/Chinese_Universities.json,71112798.png,Chinese_Universities.json,False,png,,,,,,,,,indexed_not_fetched,MIT,,西藏大学,xioajiumi/Chinese_Universities,e088fddc329a6f0148ca72fd3b4d0fe069f13e3a,,
4154010694,西藏大学,7907496485b9f6af,badge,https://raw.githubusercontent.com/Magicdover/China-Universities-2026/419bdc7ce6956fc88c2b70b3979f170b6666f111/assets/logos/%E8%A5%BF%E8%97%8F%E5%A4%A7%E5%AD%A6%20UTIBET.svg,https://github.com/Magicdover/China-Universities-2026/blob/419bdc7ce6956fc88c2b70b3979f170b6666f111/assets/logos/%E8%A5%BF%E8%97%8F%E5%A4%A7%E5%AD%A6%20UTIBET.svg,%E8%A5%BF%E8%97%8F%E5%A4%A7%E5%AD%A6%20UTIBET.svg,assets/logos/西藏大学 UTIBET.svg,False,svg,154.0,157.0,,,True,vector,,,content_inspected,MIT,,西藏大学,Magicdover/China-Universities-2026,419bdc7ce6956fc88c2b70b3979f170b6666f111,490e788faac642ec3437b802cac71db3ceab04f7525d1885f0487765fe08a655,58230
4154010694,西藏大学,b6c2df6175a670b2,badge,https://raw.githubusercontent.com/HeyHuazi/SVGLOGO/142498f527ac2dd3116cc1feccb9670879839f74/static/library/school/UTIBET.svg,https://github.com/HeyHuazi/SVGLOGO/blob/142498f527ac2dd3116cc1feccb9670879839f74/static/library/school/UTIBET.svg,UTIBET.svg,static/library/school/UTIBET.svg,False,svg,128.0,128.0,,,True,vector,,,content_inspected,MIT,,西藏大学,HeyHuazi/SVGLOGO,142498f527ac2dd3116cc1feccb9670879839f74,0198bdbc178ba82254a9b6355ac33b5f992139e79e37baa9a9f77e897aa54cba,15704
4154010694,西藏大学,a9ccc3e943aca655,wordmark,https://raw.githubusercontent.com/HeyHuazi/SVGLOGO/142498f527ac2dd3116cc1feccb9670879839f74/static/library/school/UTIBET_wordmark.svg,https://github.com/HeyHuazi/SVGLOGO/blob/142498f527ac2dd3116cc1feccb9670879839f74/static/library/school/UTIBET_wordmark.svg,UTIBET_wordmark.svg,static/library/school/UTIBET_wordmark.svg,False,svg,,,,,True,vector,,,content_inspected,MIT,,西藏大学,HeyHuazi/SVGLOGO,142498f527ac2dd3116cc1feccb9670879839f74,d068d935d19a61766174965da613dc1d342f7ddea4de3c7b162b4f47ccf31125,15056
4152010657,贵州大学,2403b410c34cbea7,badge,https://www.shanghairanking.cn/_uni/logo/47002167.png,https://github.com/xioajiumi/Chinese_Universities/blob/e088fddc329a6f0148ca72fd3b4d0fe069f13e3a/Chinese_Universities.json,47002167.png,Chinese_Universities.json,False,png,,,,,,,,,indexed_not_fetched,MIT,,贵州大学,xioajiumi/Chinese_Universities,e088fddc329a6f0148ca72fd3b4d0fe069f13e3a,,
4152010657,贵州大学,66a66cdf7223f0c6,badge,https://raw.githubusercontent.com/Magicdover/China-Universities-2026/419bdc7ce6956fc88c2b70b3979f170b6666f111/assets/logos-new/%E8%B4%B5%E5%B7%9E%E5%A4%A7%E5%AD%A6%20GZU.svg,https://github.com/Magicdover/China-Universities-2026/blob/419bdc7ce6956fc88c2b70b3979f170b6666f111/assets/logos-new/%E8%B4%B5%E5%B7%9E%E5%A4%A7%E5%AD%A6%20GZU.svg,%E8%B4%B5%E5%B7%9E%E5%A4%A7%E5%AD%A6%20GZU.svg,assets/logos-new/贵州大学 GZU.svg,False,svg,88.0,88.0,,,True,vector,,,content_inspected,MIT,,贵州大学,Magicdover/China-Universities-2026,419bdc7ce6956fc88c2b70b3979f170b6666f111,72f4789e929c36e907584ab283ef0d8b85f9eadad3a729f75a73c5cc8d5c5cfc,57725
4152010657,贵州大学,ea902ed9e9fee7b5,badge,https://raw.githubusercontent.com/HeyHuazi/SVGLOGO/142498f527ac2dd3116cc1feccb9670879839f74/static/library/school/GZU.svg,https://github.com/HeyHuazi/SVGLOGO/blob/142498f527ac2dd3116cc1feccb9670879839f74/static/library/school/GZU.svg,GZU.svg,static/library/school/GZU.svg,False,svg,128.0,128.0,,,True,vector,,,content_inspected,MIT,,贵州大学,HeyHuazi/SVGLOGO,142498f527ac2dd3116cc1feccb9670879839f74,e855527f69a774bf8f7fee7abfc13f661afc1993c9333d9b896b7a236b5f32ab,28954
4152010657,贵州大学,4a53cc8ecfd5300c,wordmark,https://raw.githubusercontent.com/HeyHuazi/SVGLOGO/142498f527ac2dd3116cc1feccb9670879839f74/static/library/school/GZU_wordmark.svg,https://github.com/HeyHuazi/SVGLOGO/blob/142498f527ac2dd3116cc1feccb9670879839f74/static/library/school/GZU_wordmark.svg,GZU_wordmark.svg,static/library/school/GZU_wordmark.svg,False,svg,,,,,True,vector,,,content_inspected,MIT,,贵州大学,HeyHuazi/SVGLOGO,142498f527ac2dd3116cc1feccb9670879839f74,bffa6dc8ed893e3e1f08adaebbafbffae84221416f57d64c01846a027f84662a,10650
4152010663,贵州师范大学,3c5d233510203bd4,badge,https://www.shanghairanking.cn/_uni/logo/82418408.png,https://github.com/xioajiumi/Chinese_Universities/blob/e088fddc329a6f0148ca72fd3b4d0fe069f13e3a/Chinese_Universities.json,82418408.png,Chinese_Universities.json,False,png,,,,,,,,,indexed_not_fetched,MIT,,贵州师范大学,xioajiumi/Chinese_Universities,e088fddc329a6f0148ca72fd3b4d0fe069f13e3a,,
4152010663,贵州师范大学,f278414ee4c0d5e3,badge,https://raw.githubusercontent.com/HeyHuazi/SVGLOGO/142498f527ac2dd3116cc1feccb9670879839f74/static/library/school/GZNU.svg,https://github.com/HeyHuazi/SVGLOGO/blob/142498f527ac2dd3116cc1feccb9670879839f74/static/library/school/GZNU.svg,GZNU.svg,static/library/school/GZNU.svg,False,svg,128.0,137.0,,,True,vector,,,content_inspected,MIT,,贵州师范大学,HeyHuazi/SVGLOGO,142498f527ac2dd3116cc1feccb9670879839f74,97a4f1cbcb9fff8a047e02df5979725f02cc05949340703c62f7e19e2c7755f2,28575
4152010663,贵州师范大学,96c640adb0cf20c7,wordmark,https://raw.githubusercontent.com/HeyHuazi/SVGLOGO/142498f527ac2dd3116cc1feccb9670879839f74/static/library/school/GZNU_wordmark.svg,https://github.com/HeyHuazi/SVGLOGO/blob/142498f527ac2dd3116cc1feccb9670879839f74/static/library/school/GZNU_wordmark.svg,GZNU_wordmark.svg,static/library/school/GZNU_wordmark.svg,False,svg,,,,,True,vector,,,content_inspected,MIT,,贵州师范大学,HeyHuazi/SVGLOGO,142498f527ac2dd3116cc1feccb9670879839f74,09e48bd4bd0a5195ee4507e629a440145385d6ca37af3a96df68c66631d8549d,12351
4152010664,遵义师范学院,7914fa31c6769a3f,badge,https://www.shanghairanking.cn/_uni/logo-jpg/7195928000.jpg,https://github.com/xioajiumi/Chinese_Universities/blob/e088fddc329a6f0148ca72fd3b4d0fe069f13e3a/Chinese_Universities.json,7195928000.jpg,Chinese_Universities.json,False,jpg,,,,,,,,,indexed_not_fetched,MIT,,遵义师范学院,xioajiumi/Chinese_Universities,e088fddc329a6f0148ca72fd3b4d0fe069f13e3a,,
4152010665,铜仁学院,3a4e75354b7aac7e,badge,https://www.shanghairanking.cn/_uni/logo/70662162.png,https://github.com/xioajiumi/Chinese_Universities/blob/e088fddc329a6f0148ca72fd3b4d0fe069f13e3a/Chinese_Universities.json,70662162.png,Chinese_Universities.json,False,png,,,,,,,,,indexed_not_fetched,MIT,,铜仁学院,xioajiumi/Chinese_Universities,e088fddc329a6f0148ca72fd3b4d0fe069f13e3a,,
4152010666,兴义民族师范学院,3189418bfd371cb0,badge,https://www.shanghairanking.cn/_uni/logo-jpg/4357856000.jpg,https://github.com/xioajiumi/Chinese_Universities/blob/e088fddc329a6f0148ca72fd3b4d0fe069f13e3a/Chinese_Universities.json,4357856000.jpg,Chinese_Universities.json,False,jpg,,,,,,,,,indexed_not_fetched,MIT,,兴义民族师范学院,xioajiumi/Chinese_Universities,e088fddc329a6f0148ca72fd3b4d0fe069f13e3a,,
4152010667,安顺学院,e3560b0ad938bde6,badge,https://www.shanghairanking.cn/_uni/logo-jpg/1559271700.jpg,https://github.com/xioajiumi/Chinese_Universities/blob/e088fddc329a6f0148ca72fd3b4d0fe069f13e3a/Chinese_Universities.json,1559271700.jpg,Chinese_Universities.json,False,jpg,,,,,,,,,indexed_not_fetched,MIT,,安顺学院,xioajiumi/Chinese_Universities,e088fddc329a6f0148ca72fd3b4d0fe069f13e3a,,
4152010668,贵州工程应用技术学院,9e848680c7169ea2,badge,https://www.shanghairanking.cn/_uni/logo-jpg/3605984000.jpg,https://github.com/xioajiumi/Chinese_Universities/blob/e088fddc329a6f0148ca72fd3b4d0fe069f13e3a/Chinese_Universities.json,3605984000.jpg,Chinese_Universities.json,False,jpg,,,,,,,,,indexed_not_fetched,MIT,,贵州工程应用技术学院,xioajiumi/Chinese_Universities,e088fddc329a6f0148ca72fd3b4d0fe069f13e3a,,
4152010669,凯里学院,744e8f592e95b076,badge,https://www.shanghairanking.cn/_uni/logo-jpg/8587602700.jpg,https://github.com/xioajiumi/Chinese_Universities/blob/e088fddc329a6f0148ca72fd3b4d0fe069f13e3a/Chinese_Universities.json,8587602700.jpg,Chinese_Universities.json,False,jpg,,,,,,,,,indexed_not_fetched,MIT,,凯里学院,xioajiumi/Chinese_Universities,e088fddc329a6f0148ca72fd3b4d0fe069f13e3a,,
4152010670,黔南民族师范学院,8f1022495c24aedb,badge,https://www.shanghairanking.cn/_uni/logo-jpg/2274361400.jpg,https://github.com/xioajiumi/Chinese_Universities/blob/e088fddc329a6f0148ca72fd3b4d0fe069f13e3a/Chinese_Universities.json,2274361400.jpg,Chinese_Universities.json,False,jpg,,,,,,,,,indexed_not_fetched,MIT,,黔南民族师范学院,xioajiumi/Chinese_Universities,e088fddc329a6f0148ca72fd3b4d0fe069f13e3a,,
4152010976,贵阳学院,2be18ef28011e944,badge,https://www.shanghairanking.cn/_uni/logo/66279213.png,https://github.com/xioajiumi/Chinese_Universities/blob/e088fddc329a6f0148ca72fd3b4d0fe069f13e3a/Chinese_Universities.json,66279213.png,Chinese_Universities.json,False,png,,,,,,,,,indexed_not_fetched,MIT,,贵阳学院,xioajiumi/Chinese_Universities,e088fddc329a6f0148ca72fd3b4d0fe069f13e3a,,
4152010977,六盘水师范学院,7728f8349ce48e39,badge,https://www.shanghairanking.cn/_uni/logo-jpg/1719257800.jpg,https://github.com/xioajiumi/Chinese_Universities/blob/e088fddc329a6f0148ca72fd3b4d0fe069f13e3a/Chinese_Universities.json,1719257800.jpg,Chinese_Universities.json,False,jpg,,,,,,,,,indexed_not_fetched,MIT,,六盘水师范学院,xioajiumi/Chinese_Universities,e088fddc329a6f0148ca72fd3b4d0fe069f13e3a,,
4152014223,贵州师范学院,fb9a08f6293a8262,badge,https://www.shanghairanking.cn/_uni/logo/12076666.png,https://github.com/xioajiumi/Chinese_Universities/blob/e088fddc329a6f0148ca72fd3b4d0fe069f13e3a/Chinese_Universities.json,12076666.png,Chinese_Universities.json,False,png,,,,,,,,,indexed_not_fetched,MIT,,贵州师范学院,xioajiumi/Chinese_Universities,e088fddc329a6f0148ca72fd3b4d0fe069f13e3a,,
4152014223,贵州师范学院,c508eb0e90bfe185,badge,https://raw.githubusercontent.com/RoboMaster/university_logos/3d645fc89869707bd7df8dba0f7e4bbcc4a60e14/Guizhou_Normal_College/png/logo_blue_800x800.png,https://github.com/RoboMaster/university_logos/blob/3d645fc89869707bd7df8dba0f7e4bbcc4a60e14/Guizhou_Normal_College/png/logo_blue_800x800.png,logo_blue_800x800.png,Guizhou_Normal_College/png/logo_blue_800x800.png,False,png,800,800,,,False,raster,True,True,content_inspected,,,贵州师范学院,RoboMaster/university_logos,3d645fc89869707bd7df8dba0f7e4bbcc4a60e14,640e6ec8833cd9c0717bfe597faf3e96fffd6e2bdf4cb2749c46ef854a9c667c,284927
4152014440,贵州理工学院,24e5e8102a0f2308,badge,https://www.shanghairanking.cn/_uni/logo/98035266.png,https://github.com/xioajiumi/Chinese_Universities/blob/e088fddc329a6f0148ca72fd3b4d0fe069f13e3a/Chinese_Universities.json,98035266.png,Chinese_Universities.json,False,png,,,,,,,,,indexed_not_fetched,MIT,,贵州理工学院,xioajiumi/Chinese_Universities,e088fddc329a6f0148ca72fd3b4d0fe069f13e3a,,
4121010140,辽宁大学,40cfa9147f2129ad,badge,https://www.shanghairanking.cn/_uni/logo/38214321.png,https://github.com/xioajiumi/Chinese_Universities/blob/e088fddc329a6f0148ca72fd3b4d0fe069f13e3a/Chinese_Universities.json,38214321.png,Chinese_Universities.json,False,png,,,,,,,,,indexed_not_fetched,MIT,,辽宁大学,xioajiumi/Chinese_Universities,e088fddc329a6f0148ca72fd3b4d0fe069f13e3a,,
4121010140,辽宁大学,040497124e2792b6,badge,https://raw.githubusercontent.com/Magicdover/China-Universities-2026/419bdc7ce6956fc88c2b70b3979f170b6666f111/assets/logos-new/%E8%BE%BD%E5%AE%81%E5%A4%A7%E5%AD%A6%20LNU.png,https://github.com/Magicdover/China-Universities-2026/blob/419bdc7ce6956fc88c2b70b3979f170b6666f111/assets/logos-new/%E8%BE%BD%E5%AE%81%E5%A4%A7%E5%AD%A6%20LNU.png,%E8%BE%BD%E5%AE%81%E5%A4%A7%E5%AD%A6%20LNU.png,assets/logos-new/辽宁大学 LNU.png,False,png,1016,1016,,,False,raster,True,True,content_inspected,MIT,,辽宁大学,Magicdover/China-Universities-2026,419bdc7ce6956fc88c2b70b3979f170b6666f111,e58716cad2c29e5e1400c1475a5c43d0220869c35c6b2b94103c299266398d1d,1075525
4121010141,大连理工大学,37873b3d60a537d6,badge,https://www.shanghairanking.cn/_uni/logo/54289554.png,https://github.com/xioajiumi/Chinese_Universities/blob/e088fddc329a6f0148ca72fd3b4d0fe069f13e3a/Chinese_Universities.json,54289554.png,Chinese_Universities.json,False,png,,,,,,,,,indexed_not_fetched,MIT,,大连理工大学,xioajiumi/Chinese_Universities,e088fddc329a6f0148ca72fd3b4d0fe069f13e3a,,
4121010141,大连理工大学,fbfa8ac818e7bdd9,badge,https://raw.githubusercontent.com/Magicdover/China-Universities-2026/419bdc7ce6956fc88c2b70b3979f170b6666f111/assets/logos-new/%E5%A4%A7%E8%BF%9E%E7%90%86%E5%B7%A5%E5%A4%A7%E5%AD%A6%20DUT.svg,https://github.com/Magicdover/China-Universities-2026/blob/419bdc7ce6956fc88c2b70b3979f170b6666f111/assets/logos-new/%E5%A4%A7%E8%BF%9E%E7%90%86%E5%B7%A5%E5%A4%A7%E5%AD%A6%20DUT.svg,%E5%A4%A7%E8%BF%9E%E7%90%86%E5%B7%A5%E5%A4%A7%E5%AD%A6%20DUT.svg,assets/logos-new/大连理工大学 DUT.svg,False,svg,199.99998,199.99998,,,True,vector,,,content_inspected,MIT,,大连理工大学,Magicdover/China-Universities-2026,419bdc7ce6956fc88c2b70b3979f170b6666f111,2314addd60fb0a36f61fc2cccb05d67ad1b3f83f4c2dcb0c01bd23871b9fc2e8,38035
4121010141,大连理工大学,6c8f6c7ce7f174e3,badge,https://raw.githubusercontent.com/HeyHuazi/SVGLOGO/142498f527ac2dd3116cc1feccb9670879839f74/static/library/school/DUT.svg,https://github.com/HeyHuazi/SVGLOGO/blob/142498f527ac2dd3116cc1feccb9670879839f74/static/library/school/DUT.svg,DUT.svg,static/library/school/DUT.svg,False,svg,128.0,137.0,,,True,vector,,,content_inspected,MIT,,大连理工大学,HeyHuazi/SVGLOGO,142498f527ac2dd3116cc1feccb9670879839f74,b42abd8619c45c01c370d7bf4653660a5a60fc5270fb994822389546ed396302,25581
4121010141,大连理工大学,07ed3bb83d2233c6,wordmark,https://raw.githubusercontent.com/HeyHuazi/SVGLOGO/142498f527ac2dd3116cc1feccb9670879839f74/static/library/school/DUT_wordmark.svg,https://github.com/HeyHuazi/SVGLOGO/blob/142498f527ac2dd3116cc1feccb9670879839f74/static/library/school/DUT_wordmark.svg,DUT_wordmark.svg,static/library/school/DUT_wordmark.svg,False,svg,,,,,True,vector,,,content_inspected,MIT,,大连理工大学,HeyHuazi/SVGLOGO,142498f527ac2dd3116cc1feccb9670879839f74,f17263470cbd80fb227bc6639c78e3db2ff7c2417bba395edc2956065b9893ff,13927
4121010141,大连理工大学,20685237395cbb88,badge,https://raw.githubusercontent.com/RoboMaster/university_logos/3d645fc89869707bd7df8dba0f7e4bbcc4a60e14/Dalian_University_of_Technology/png/logo_blue_800x800.png,https://github.com/RoboMaster/university_logos/blob/3d645fc89869707bd7df8dba0f7e4bbcc4a60e14/Dalian_University_of_Technology/png/logo_blue_800x800.png,logo_blue_800x800.png,Dalian_University_of_Technology/png/logo_blue_800x800.png,False,png,800,800,,,False,raster,True,True,content_inspected,,,大连理工大学,RoboMaster/university_logos,3d645fc89869707bd7df8dba0f7e4bbcc4a60e14,1acc4cd73bc1d2119f468584f773924af9b12badc24673e3132d9999e040eb6c,59769
4121010142,沈阳工业大学,b58990fb64e4f005,badge,https://www.shanghairanking.cn/_uni/logo/88323331.png,https://github.com/xioajiumi/Chinese_Universities/blob/e088fddc329a6f0148ca72fd3b4d0fe069f13e3a/Chinese_Universities.json,88323331.png,Chinese_Universities.json,False,png,,,,,,,,,indexed_not_fetched,MIT,,沈阳工业大学,xioajiumi/Chinese_Universities,e088fddc329a6f0148ca72fd3b4d0fe069f13e3a,,
4121010142,沈阳工业大学,90f0c7fa8262ec5f,badge,https://raw.githubusercontent.com/RoboMaster/university_logos/3d645fc89869707bd7df8dba0f7e4bbcc4a60e14/Shenyang_University_of_Technology/png/logo_blue_800x800.png,https://github.com/RoboMaster/university_logos/blob/3d645fc89869707bd7df8dba0f7e4bbcc4a60e14/Shenyang_University_of_Technology/png/logo_blue_800x800.png,logo_blue_800x800.png,Shenyang_University_of_Technology/png/logo_blue_800x800.png,False,png,800,800,,,False,raster,True,True,content_inspected,,,沈阳工业大学,RoboMaster/university_logos,3d645fc89869707bd7df8dba0f7e4bbcc4a60e14,fbc492cc060b8ac1984f20beac25400dfd3644337a8a8880a9b02c873c50e0e3,98886
4121010142,沈阳工业大学,6fbef7ff3b58b3d8,badge,https://raw.githubusercontent.com/RoboMaster/university_logos/3d645fc89869707bd7df8dba0f7e4bbcc4a60e14/Shenyang_University_of_Technology/svg/logo_blue.svg,https://github.com/RoboMaster/university_logos/blob/3d645fc89869707bd7df8dba0f7e4bbcc4a60e14/Shenyang_University_of_Technology/svg/logo_blue.svg,logo_blue.svg,Shenyang_University_of_Technology/svg/logo_blue.svg,False,svg,,,,,True,vector,,,content_inspected,,,沈阳工业大学,RoboMaster/university_logos,3d645fc89869707bd7df8dba0f7e4bbcc4a60e14,593dd4926d913cf2739b50d3ec2b5313125d4b63614473fe34e0aa208149cb86,572613
4121010143,沈阳航空航天大学,5ebf53cd7b63e71a,badge,https://www.shanghairanking.cn/_uni/logo/95837223.png,https://github.com/xioajiumi/Chinese_Universities/blob/e088fddc329a6f0148ca72fd3b4d0fe069f13e3a/Chinese_Universities.json,95837223.png,Chinese_Universities.json,False,png,,,,,,,,,indexed_not_fetched,MIT,,沈阳航空航天大学,xioajiumi/Chinese_Universities,e088fddc329a6f0148ca72fd3b4d0fe069f13e3a,,
4121010143,沈阳航空航天大学,82fdb3a953bb6baa,badge,https://raw.githubusercontent.com/RoboMaster/university_logos/3d645fc89869707bd7df8dba0f7e4bbcc4a60e14/Shenyang_Aerospace_University/png/logo_blue_800x800.png,https://github.com/RoboMaster/university_logos/blob/3d645fc89869707bd7df8dba0f7e4bbcc4a60e14/Shenyang_Aerospace_University/png/logo_blue_800x800.png,logo_blue_800x800.png,Shenyang_Aerospace_University/png/logo_blue_800x800.png,False,png,800,800,,,False,raster,True,True,content_inspected,,,沈阳航空航天大学,RoboMaster/university_logos,3d645fc89869707bd7df8dba0f7e4bbcc4a60e14,f3c792491ebdfd7901aeb4f2aebb051162759381391f11382750578329b5c0a3,73768
4121010143,沈阳航空航天大学,3e8931ff4dade6c0,badge,https://raw.githubusercontent.com/RoboMaster/university_logos/3d645fc89869707bd7df8dba0f7e4bbcc4a60e14/Shenyang_Aerospace_University/svg/logo_blue.svg,https://github.com/RoboMaster/university_logos/blob/3d645fc89869707bd7df8dba0f7e4bbcc4a60e14/Shenyang_Aerospace_University/svg/logo_blue.svg,logo_blue.svg,Shenyang_Aerospace_University/svg/logo_blue.svg,False,svg,,,,,True,vector,,,content_inspected,,,沈阳航空航天大学,RoboMaster/university_logos,3d645fc89869707bd7df8dba0f7e4bbcc4a60e14,88fca028cae1507eee192a34ea4ed64cbd33361df4fdbe7fd4c1199d2d7882f8,624713
4121010144,沈阳理工大学,d656116240b74e11,badge,https://www.shanghairanking.cn/_uni/logo/61862540.png,https://github.com/xioajiumi/Chinese_Universities/blob/e088fddc329a6f0148ca72fd3b4d0fe069f13e3a/Chinese_Universities.json,61862540.png,Chinese_Universities.json,False,png,,,,,,,,,indexed_not_fetched,MIT,,沈阳理工大学,xioajiumi/Chinese_Universities,e088fddc329a6f0148ca72fd3b4d0fe069f13e3a,,
4121010144,沈阳理工大学,79761c718e0d09a4,badge,https://raw.githubusercontent.com/RoboMaster/university_logos/3d645fc89869707bd7df8dba0f7e4bbcc4a60e14/Shenyang_Ligong_University/png/logo_green_800x800.png,https://github.com/RoboMaster/university_logos/blob/3d645fc89869707bd7df8dba0f7e4bbcc4a60e14/Shenyang_Ligong_University/png/logo_green_800x800.png,logo_green_800x800.png,Shenyang_Ligong_University/png/logo_green_800x800.png,False,png,800,800,,,False,raster,True,True,content_inspected,,,沈阳理工大学,RoboMaster/university_logos,3d645fc89869707bd7df8dba0f7e4bbcc4a60e14,6bbd0cdd074f8a02fafaabe432c57995460e2d906b4fd93f3c8af765f79148e7,53772
4121010144,沈阳理工大学,37672b3f60f9e13f,badge,https://raw.githubusercontent.com/RoboMaster/university_logos/3d645fc89869707bd7df8dba0f7e4bbcc4a60e14/Shenyang_Ligong_University/svg/logo_green.svg,https://github.com/RoboMaster/university_logos/blob/3d645fc89869707bd7df8dba0f7e4bbcc4a60e14/Shenyang_Ligong_University/svg/logo_green.svg,logo_green.svg,Shenyang_Ligong_University/svg/logo_green.svg,False,svg,,,,,True,vector,,,content_inspected,,,沈阳理工大学,RoboMaster/university_logos,3d645fc89869707bd7df8dba0f7e4bbcc4a60e14,13df5510693d49a6640010fa22c82847c68df1538b64c90ddd5c545dcfc00a76,465411
4121010145,东北大学,751cc6f208bbddbe,badge,https://www.shanghairanking.cn/_uni/logo/79513869.png,https://github.com/xioajiumi/Chinese_Universities/blob/e088fddc329a6f0148ca72fd3b4d0fe069f13e3a/Chinese_Universities.json,79513869.png,Chinese_Universities.json,False,png,,,,,,,,,indexed_not_fetched,MIT,,东北大学,xioajiumi/Chinese_Universities,e088fddc329a6f0148ca72fd3b4d0fe069f13e3a,,
4121010145,东北大学,1082ebc64e0a2742,badge,https://raw.githubusercontent.com/Magicdover/China-Universities-2026/419bdc7ce6956fc88c2b70b3979f170b6666f111/assets/logos-new/%E4%B8%9C%E5%8C%97%E5%A4%A7%E5%AD%A6%20NEU.svg,https://github.com/Magicdover/China-Universities-2026/blob/419bdc7ce6956fc88c2b70b3979f170b6666f111/assets/logos-new/%E4%B8%9C%E5%8C%97%E5%A4%A7%E5%AD%A6%20NEU.svg,%E4%B8%9C%E5%8C%97%E5%A4%A7%E5%AD%A6%20NEU.svg,assets/logos-new/东北大学 NEU.svg,False,svg,88.0,88.0,,,True,vector,,,content_inspected,MIT,,东北大学,Magicdover/China-Universities-2026,419bdc7ce6956fc88c2b70b3979f170b6666f111,a4d743f4e0ca0a9d79f187a12f7d6cb956b4977490e6b047a9a85c25aca5955b,89773
4121010145,东北大学,327eae67addeacf6,badge,https://raw.githubusercontent.com/HeyHuazi/SVGLOGO/142498f527ac2dd3116cc1feccb9670879839f74/static/library/school/NEU.svg,https://github.com/HeyHuazi/SVGLOGO/blob/142498f527ac2dd3116cc1feccb9670879839f74/static/library/school/NEU.svg,NEU.svg,static/library/school/NEU.svg,False,svg,128.0,137.0,,,True,vector,,,content_inspected,MIT,,东北大学,HeyHuazi/SVGLOGO,142498f527ac2dd3116cc1feccb9670879839f74,1c2f015fd39c09b69135cf27c3b317ba068fadb2e0c27d0820d5b3467a2f1a3b,51334
4121010145,东北大学,3c62741a5f7a4e19,wordmark,https://raw.githubusercontent.com/HeyHuazi/SVGLOGO/142498f527ac2dd3116cc1feccb9670879839f74/static/library/school/NEU_wordmark.svg,https://github.com/HeyHuazi/SVGLOGO/blob/142498f527ac2dd3116cc1feccb9670879839f74/static/library/school/NEU_wordmark.svg,NEU_wordmark.svg,static/library/school/NEU_wordmark.svg,False,svg,,,,,True,vector,,,content_inspected,MIT,,东北大学,HeyHuazi/SVGLOGO,142498f527ac2dd3116cc1feccb9670879839f74,76213c44792f6638edd30d9a7aa9887c50eb590b277684247c5cc7879b361d34,19254
4121010145,东北大学,7d16948b0c268c81,badge,https://raw.githubusercontent.com/RoboMaster/university_logos/3d645fc89869707bd7df8dba0f7e4bbcc4a60e14/Northeastern_University/png/logo_blue_800x800.png,https://github.com/RoboMaster/university_logos/blob/3d645fc89869707bd7df8dba0f7e4bbcc4a60e14/Northeastern_University/png/logo_blue_800x800.png,logo_blue_800x800.png,Northeastern_University/png/logo_blue_800x800.png,False,png,800,800,,,False,raster,True,True,content_inspected,,,东北大学,RoboMaster/university_logos,3d645fc89869707bd7df8dba0f7e4bbcc4a60e14,2fd48564486d0b693771293c831d7f5f133c3f88fb3d670846a5c57bdd2d739f,57840
4121010146,辽宁科技大学,495bebc0147b4612,badge,https://www.shanghairanking.cn/_uni/logo/62832363.png,https://github.com/xioajiumi/Chinese_Universities/blob/e088fddc329a6f0148ca72fd3b4d0fe069f13e3a/Chinese_Universities.json,62832363.png,Chinese_Universities.json,False,png,,,,,,,,,indexed_not_fetched,MIT,,辽宁科技大学,xioajiumi/Chinese_Universities,e088fddc329a6f0148ca72fd3b4d0fe069f13e3a,,
4121010146,辽宁科技大学,0b37123d22846d10,badge,https://raw.githubusercontent.com/RoboMaster/university_logos/3d645fc89869707bd7df8dba0f7e4bbcc4a60e14/University_of_Science_and_Technology_Liaoning/png/logo_blue_800x800.png,https://github.com/RoboMaster/university_logos/blob/3d645fc89869707bd7df8dba0f7e4bbcc4a60e14/University_of_Science_and_Technology_Liaoning/png/logo_blue_800x800.png,logo_blue_800x800.png,University_of_Science_and_Technology_Liaoning/png/logo_blue_800x800.png,False,png,800,800,,,False,raster,True,True,content_inspected,,,辽宁科技大学,RoboMaster/university_logos,3d645fc89869707bd7df8dba0f7e4bbcc4a60e14,47c0f94628d89c6e29412e1eac9d7d5b9f4087d2117047c569bfed490b82f0b9,77909
4121010146,辽宁科技大学,70785e6689e739e3,badge,https://raw.githubusercontent.com/RoboMaster/university_logos/3d645fc89869707bd7df8dba0f7e4bbcc4a60e14/University_of_Science_and_Technology_Liaoning/svg/logo_blue.svg,https://github.com/RoboMaster/university_logos/blob/3d645fc89869707bd7df8dba0f7e4bbcc4a60e14/University_of_Science_and_Technology_Liaoning/svg/logo_blue.svg,logo_blue.svg,University_of_Science_and_Technology_Liaoning/svg/logo_blue.svg,False,svg,,,,,True,vector,,,content_inspected,,,辽宁科技大学,RoboMaster/university_logos,3d645fc89869707bd7df8dba0f7e4bbcc4a60e14,b479d1d19ba2a019913b22d23daf556492546bd6f408d05d441e2b6d88d621d8,504087
4121010147,辽宁工程技术大学,8a2fdc4e1c46339c,badge,https://www.shanghairanking.cn/_uni/logo/44745654.png,https://github.com/xioajiumi/Chinese_Universities/blob/e088fddc329a6f0148ca72fd3b4d0fe069f13e3a/Chinese_Universities.json,44745654.png,Chinese_Universities.json,False,png,,,,,,,,,indexed_not_fetched,MIT,,辽宁工程技术大学,xioajiumi/Chinese_Universities,e088fddc329a6f0148ca72fd3b4d0fe069f13e3a,,
4121010148,辽宁石油化工大学,5a5ed471ac179518,badge,https://www.shanghairanking.cn/_uni/logo/96685089.png,https://github.com/xioajiumi/Chinese_Universities/blob/e088fddc329a6f0148ca72fd3b4d0fe069f13e3a/Chinese_Universities.json,96685089.png,Chinese_Universities.json,False,png,,,,,,,,,indexed_not_fetched,MIT,,辽宁石油化工大学,xioajiumi/Chinese_Universities,e088fddc329a6f0148ca72fd3b4d0fe069f13e3a,,
4121010149,沈阳化工大学,dae381bda6e7f443,badge,https://www.shanghairanking.cn/_uni/logo/57609876.png,https://github.com/xioajiumi/Chinese_Universities/blob/e088fddc329a6f0148ca72fd3b4d0fe069f13e3a/Chinese_Universities.json,57609876.png,Chinese_Universities.json,False,png,,,,,,,,,indexed_not_fetched,MIT,,沈阳化工大学,xioajiumi/Chinese_Universities,e088fddc329a6f0148ca72fd3b4d0fe069f13e3a,,
4121010150,大连交通大学,f7aed6cb59d2a3a7,badge,https://www.shanghairanking.cn/_uni/logo/50496475.png,https://github.com/xioajiumi/Chinese_Universities/blob/e088fddc329a6f0148ca72fd3b4d0fe069f13e3a/Chinese_Universities.json,50496475.png,Chinese_Universities.json,False,png,,,,,,,,,indexed_not_fetched,MIT,,大连交通大学,xioajiumi/Chinese_Universities,e088fddc329a6f0148ca72fd3b4d0fe069f13e3a,,
4121010150,大连交通大学,ae36eef9ffd7ec60,badge,https://raw.githubusercontent.com/RoboMaster/university_logos/3d645fc89869707bd7df8dba0f7e4bbcc4a60e14/Dalian_Jiaotong_University/png/logo_red_800x800.png,https://github.com/RoboMaster/university_logos/blob/3d645fc89869707bd7df8dba0f7e4bbcc4a60e14/Dalian_Jiaotong_University/png/logo_red_800x800.png,logo_red_800x800.png,Dalian_Jiaotong_University/png/logo_red_800x800.png,False,png,800,800,,,False,raster,True,True,content_inspected,,,大连交通大学,RoboMaster/university_logos,3d645fc89869707bd7df8dba0f7e4bbcc4a60e14,3d93bb8c2de37c95025216623a4f7fcaaaa12466530394ab1641807db7269a39,330012
4121010151,大连海事大学,fef50ff0aa9fa57e,badge,https://www.shanghairanking.cn/_uni/logo/30113036.png,https://github.com/xioajiumi/Chinese_Universities/blob/e088fddc329a6f0148ca72fd3b4d0fe069f13e3a/Chinese_Universities.json,30113036.png,Chinese_Universities.json,False,png,,,,,,,,,indexed_not_fetched,MIT,,大连海事大学,xioajiumi/Chinese_Universities,e088fddc329a6f0148ca72fd3b4d0fe069f13e3a,,
4121010151,大连海事大学,7f9a99e2e31c7ee9,badge,https://raw.githubusercontent.com/Magicdover/China-Universities-2026/419bdc7ce6956fc88c2b70b3979f170b6666f111/assets/logos-new/%E5%A4%A7%E8%BF%9E%E6%B5%B7%E4%BA%8B%E5%A4%A7%E5%AD%A6%20DMU.svg,https://github.com/Magicdover/China-Universities-2026/blob/419bdc7ce6956fc88c2b70b3979f170b6666f111/assets/logos-new/%E5%A4%A7%E8%BF%9E%E6%B5%B7%E4%BA%8B%E5%A4%A7%E5%AD%A6%20DMU.svg,%E5%A4%A7%E8%BF%9E%E6%B5%B7%E4%BA%8B%E5%A4%A7%E5%AD%A6%20DMU.svg,assets/logos-new/大连海事大学 DMU.svg,False,svg,88.0,88.0,,,True,vector,,,content_inspected,MIT,,大连海事大学,Magicdover/China-Universities-2026,419bdc7ce6956fc88c2b70b3979f170b6666f111,fc6166b4fffa234d979b28f076130eadb69e10370a0ef7452f55bd25734218a7,142880
4121010152,大连工业大学,f3fe466dc73ae582,badge,https://www.shanghairanking.cn/_uni/logo/56717207.png,https://github.com/xioajiumi/Chinese_Universities/blob/e088fddc329a6f0148ca72fd3b4d0fe069f13e3a/Chinese_Universities.json,56717207.png,Chinese_Universities.json,False,png,,,,,,,,,indexed_not_fetched,MIT,,大连工业大学,xioajiumi/Chinese_Universities,e088fddc329a6f0148ca72fd3b4d0fe069f13e3a,,
4121010153,沈阳建筑大学,b44105f1fb9fbd9a,badge,https://www.shanghairanking.cn/_uni/logo/83840131.png,https://github.com/xioajiumi/Chinese_Universities/blob/e088fddc329a6f0148ca72fd3b4d0fe069f13e3a/Chinese_Universities.json,83840131.png,Chinese_Universities.json,False,png,,,,,,,,,indexed_not_fetched,MIT,,沈阳建筑大学,xioajiumi/Chinese_Universities,e088fddc329a6f0148ca72fd3b4d0fe069f13e3a,,
4121010153,沈阳建筑大学,c60b30cd0a49b738,badge,https://raw.githubusercontent.com/RoboMaster/university_logos/3d645fc89869707bd7df8dba0f7e4bbcc4a60e14/Shenyang_Jianzhu_University/png/logo_blue_800x800.png,https://github.com/RoboMaster/university_logos/blob/3d645fc89869707bd7df8dba0f7e4bbcc4a60e14/Shenyang_Jianzhu_University/png/logo_blue_800x800.png,logo_blue_800x800.png,Shenyang_Jianzhu_University/png/logo_blue_800x800.png,False,png,800,800,,,False,raster,True,True,content_inspected,,,沈阳建筑大学,RoboMaster/university_logos,3d645fc89869707bd7df8dba0f7e4bbcc4a60e14,4dd05cc0b0ed82f470c6a7113d19f3bcaa8c99cc1d5323fdffc1172ac2a80c87,500812
4121010154,辽宁工业大学,757e8b4bcf991a5e,badge,https://www.shanghairanking.cn/_uni/logo/98866857.png,https://github.com/xioajiumi/Chinese_Universities/blob/e088fddc329a6f0148ca72fd3b4d0fe069f13e3a/Chinese_Universities.json,98866857.png,Chinese_Universities.json,False,png,,,,,,,,,indexed_not_fetched,MIT,,辽宁工业大学,xioajiumi/Chinese_Universities,e088fddc329a6f0148ca72fd3b4d0fe069f13e3a,,
4121010154,辽宁工业大学,b8ff0ba95df41aa3,badge,https://raw.githubusercontent.com/RoboMaster/university_logos/3d645fc89869707bd7df8dba0f7e4bbcc4a60e14/Liaoning_University_of_Technology/png/logo_blue_800x800.png,https://github.com/RoboMaster/university_logos/blob/3d645fc89869707bd7df8dba0f7e4bbcc4a60e14/Liaoning_University_of_Technology/png/logo_blue_800x800.png,logo_blue_800x800.png,Liaoning_University_of_Technology/png/logo_blue_800x800.png,False,png,800,800,,,False,raster,True,True,content_inspected,,,辽宁工业大学,RoboMaster/university_logos,3d645fc89869707bd7df8dba0f7e4bbcc4a60e14,4eb331c03b5da2ff5e192ebb98aa2bcd768131cde1131510a4d802f6adb86488,298124
4121010157,沈阳农业大学,d5b8bd0b5ebcc4a4,badge,https://www.shanghairanking.cn/_uni/logo/71980553.png,https://github.com/xioajiumi/Chinese_Universities/blob/e088fddc329a6f0148ca72fd3b4d0fe069f13e3a/Chinese_Universities.json,71980553.png,Chinese_Universities.json,False,png,,,,,,,,,indexed_not_fetched,MIT,,沈阳农业大学,xioajiumi/Chinese_Universities,e088fddc329a6f0148ca72fd3b4d0fe069f13e3a,,
4121010158,大连海洋大学,a0519d4a02e49e85,badge,https://www.shanghairanking.cn/_uni/logo/31946724.png,https://github.com/xioajiumi/Chinese_Universities/blob/e088fddc329a6f0148ca72fd3b4d0fe069f13e3a/Chinese_Universities.json,31946724.png,Chinese_Universities.json,False,png,,,,,,,,,indexed_not_fetched,MIT,,大连海洋大学,xioajiumi/Chinese_Universities,e088fddc329a6f0148ca72fd3b4d0fe069f13e3a,,
4121010159,中国医科大学,ac5bc29d9e396efa,badge,https://raw.githubusercontent.com/Magicdover/China-Universities-2026/419bdc7ce6956fc88c2b70b3979f170b6666f111/assets/logos-new/%E4%B8%AD%E5%9B%BD%E5%8C%BB%E7%A7%91%E5%A4%A7%E5%AD%A6%20CMU.svg,https://github.com/Magicdover/China-Universities-2026/blob/419bdc7ce6956fc88c2b70b3979f170b6666f111/assets/logos-new/%E4%B8%AD%E5%9B%BD%E5%8C%BB%E7%A7%91%E5%A4%A7%E5%AD%A6%20CMU.svg,%E4%B8%AD%E5%9B%BD%E5%8C%BB%E7%A7%91%E5%A4%A7%E5%AD%A6%20CMU.svg,assets/logos-new/中国医科大学 CMU.svg,False,svg,733.0,734.0,,,True,vector,,,content_inspected,MIT,,中国医科大学,Magicdover/China-Universities-2026,419bdc7ce6956fc88c2b70b3979f170b6666f111,8c951469f23b31076d628f26259970b7a24d3c998a3a6abda63e7e1693ae92c4,28642
4121010165,辽宁师范大学,b3c95a2357df05ca,badge,https://www.shanghairanking.cn/_uni/logo/95713009.png,https://github.com/xioajiumi/Chinese_Universities/blob/e088fddc329a6f0148ca72fd3b4d0fe069f13e3a/Chinese_Universities.json,95713009.png,Chinese_Universities.json,False,png,,,,,,,,,indexed_not_fetched,MIT,,辽宁师范大学,xioajiumi/Chinese_Universities,e088fddc329a6f0148ca72fd3b4d0fe069f13e3a,,
4121010166,沈阳师范大学,1e501c65ff3f7092,badge,https://www.shanghairanking.cn/_uni/logo/35037401.png,https://github.com/xioajiumi/Chinese_Universities/blob/e088fddc329a6f0148ca72fd3b4d0fe069f13e3a/Chinese_Universities.json,35037401.png,Chinese_Universities.json,False,png,,,,,,,,,indexed_not_fetched,MIT,,沈阳师范大学,xioajiumi/Chinese_Universities,e088fddc329a6f0148ca72fd3b4d0fe069f13e3a,,
4121010167,渤海大学,36242048a6901b12,badge,https://www.shanghairanking.cn/_uni/logo/41274490.png,https://github.com/xioajiumi/Chinese_Universities/blob/e088fddc329a6f0148ca72fd3b4d0fe069f13e3a/Chinese_Universities.json,41274490.png,Chinese_Universities.json,False,png,,,,,,,,,indexed_not_fetched,MIT,,渤海大学,xioajiumi/Chinese_Universities,e088fddc329a6f0148ca72fd3b4d0fe069f13e3a,,
4121010169,鞍山师范学院,88689e2f5757a99e,badge,https://www.shanghairanking.cn/_uni/logo/82317225.png,https://github.com/xioajiumi/Chinese_Universities/blob/e088fddc329a6f0148ca72fd3b4d0fe069f13e3a/Chinese_Universities.json,82317225.png,Chinese_Universities.json,False,png,,,,,,,,,indexed_not_fetched,MIT,,鞍山师范学院,xioajiumi/Chinese_Universities,e088fddc329a6f0148ca72fd3b4d0fe069f13e3a,,
4121010173,东北财经大学,17967040b03fa595,badge,https://raw.githubusercontent.com/Magicdover/China-Universities-2026/419bdc7ce6956fc88c2b70b3979f170b6666f111/assets/logos-new/%E4%B8%9C%E5%8C%97%E8%B4%A2%E7%BB%8F%E5%A4%A7%E5%AD%A6%20DUFE.svg,https://github.com/Magicdover/China-Universities-2026/blob/419bdc7ce6956fc88c2b70b3979f170b6666f111/assets/logos-new/%E4%B8%9C%E5%8C%97%E8%B4%A2%E7%BB%8F%E5%A4%A7%E5%AD%A6%20DUFE.svg,%E4%B8%9C%E5%8C%97%E8%B4%A2%E7%BB%8F%E5%A4%A7%E5%AD%A6%20DUFE.svg,assets/logos-new/东北财经大学 DUFE.svg,False,svg,901.0,889.0,,,True,vector,,,content_inspected,MIT,,东北财经大学,Magicdover/China-Universities-2026,419bdc7ce6956fc88c2b70b3979f170b6666f111,9ebf37fe93101932505b2591a20a3426dcedf52c3780e03c145ed2c270eededc,47283
4121010177,沈阳音乐学院,311a6dec12ab2967,badge,https://raw.githubusercontent.com/Magicdover/China-Universities-2026/419bdc7ce6956fc88c2b70b3979f170b6666f111/assets/logos-new/%E6%B2%88%E9%98%B3%E9%9F%B3%E4%B9%90%E5%AD%A6%E9%99%A2%20SYCM.svg,https://github.com/Magicdover/China-Universities-2026/blob/419bdc7ce6956fc88c2b70b3979f170b6666f111/assets/logos-new/%E6%B2%88%E9%98%B3%E9%9F%B3%E4%B9%90%E5%AD%A6%E9%99%A2%20SYCM.svg,%E6%B2%88%E9%98%B3%E9%9F%B3%E4%B9%90%E5%AD%A6%E9%99%A2%20SYCM.svg,assets/logos-new/沈阳音乐学院 SYCM.svg,False,svg,889.0,889.0,,,True,vector,,,content_inspected,MIT,,沈阳音乐学院,Magicdover/China-Universities-2026,419bdc7ce6956fc88c2b70b3979f170b6666f111,54657199e4c8f7f368670f5c53b6ed54074293f521b100b05213dc3f5056e992,33945
4121011035,沈阳大学,a2f5dc38ff429ac5,badge,https://www.shanghairanking.cn/_uni/logo/64518610.png,https://github.com/xioajiumi/Chinese_Universities/blob/e088fddc329a6f0148ca72fd3b4d0fe069f13e3a/Chinese_Universities.json,64518610.png,Chinese_Universities.json,False,png,,,,,,,,,indexed_not_fetched,MIT,,沈阳大学,xioajiumi/Chinese_Universities,e088fddc329a6f0148ca72fd3b4d0fe069f13e3a,,
4121011035,沈阳大学,aadf999b07a94ddb,badge,https://raw.githubusercontent.com/RoboMaster/university_logos/3d645fc89869707bd7df8dba0f7e4bbcc4a60e14/Shenyang_University/png/logo_green_800x800.png,https://github.com/RoboMaster/university_logos/blob/3d645fc89869707bd7df8dba0f7e4bbcc4a60e14/Shenyang_University/png/logo_green_800x800.png,logo_green_800x800.png,Shenyang_University/png/logo_green_800x800.png,False,png,800,800,,,False,raster,True,True,content_inspected,,,沈阳大学,RoboMaster/university_logos,3d645fc89869707bd7df8dba0f7e4bbcc4a60e14,4e327e0c11e555d009828989fd7bf5602553ccb632d716dcc6b7ea55750e9d7b,434130
4121011258,大连大学,b432da1930645ef5,badge,https://www.shanghairanking.cn/_uni/logo/60934075.png,https://github.com/xioajiumi/Chinese_Universities/blob/e088fddc329a6f0148ca72fd3b4d0fe069f13e3a/Chinese_Universities.json,60934075.png,Chinese_Universities.json,False,png,,,,,,,,,indexed_not_fetched,MIT,,大连大学,xioajiumi/Chinese_Universities,e088fddc329a6f0148ca72fd3b4d0fe069f13e3a,,
4121011430,辽宁科技学院,89bf43717a16c01f,badge,https://www.shanghairanking.cn/_uni/logo-jpg/2349550300.jpg,https://github.com/xioajiumi/Chinese_Universities/blob/e088fddc329a6f0148ca72fd3b4d0fe069f13e3a/Chinese_Universities.json,2349550300.jpg,Chinese_Universities.json,False,jpg,,,,,,,,,indexed_not_fetched,MIT,,辽宁科技学院,xioajiumi/Chinese_Universities,e088fddc329a6f0148ca72fd3b4d0fe069f13e3a,,
4121011632,沈阳工程学院,34c7f9ea431b2f2a,badge,https://www.shanghairanking.cn/_uni/logo/54369362.png,https://github.com/xioajiumi/Chinese_Universities/blob/e088fddc329a6f0148ca72fd3b4d0fe069f13e3a/Chinese_Universities.json,54369362.png,Chinese_Universities.json,False,png,,,,,,,,,indexed_not_fetched,MIT,,沈阳工程学院,xioajiumi/Chinese_Universities,e088fddc329a6f0148ca72fd3b4d0fe069f13e3a,,
4121011779,辽东学院,dc96a1deb86c0e87,badge,https://www.shanghairanking.cn/_uni/logo/32502477.png,https://github.com/xioajiumi/Chinese_Universities/blob/e088fddc329a6f0148ca72fd3b4d0fe069f13e3a/Chinese_Universities.json,32502477.png,Chinese_Universities.json,False,png,,,,,,,,,indexed_not_fetched,MIT,,辽东学院,xioajiumi/Chinese_Universities,e088fddc329a6f0148ca72fd3b4d0fe069f13e3a,,
4121014435,营口理工学院,96b808c33e76ec2c,badge,https://www.shanghairanking.cn/_uni/logo-jpg/1906674600.jpg,https://github.com/xioajiumi/Chinese_Universities/blob/e088fddc329a6f0148ca72fd3b4d0fe069f13e3a/Chinese_Universities.json,1906674600.jpg,Chinese_Universities.json,False,jpg,,,,,,,,,indexed_not_fetched,MIT,,营口理工学院,xioajiumi/Chinese_Universities,e088fddc329a6f0148ca72fd3b4d0fe069f13e3a,,
4150010611,重庆大学,a634ec948297d910,badge,https://www.shanghairanking.cn/_uni/logo/79822387.png,https://github.com/xioajiumi/Chinese_Universities/blob/e088fddc329a6f0148ca72fd3b4d0fe069f13e3a/Chinese_Universities.json,79822387.png,Chinese_Universities.json,False,png,,,,,,,,,indexed_not_fetched,MIT,,重庆大学,xioajiumi/Chinese_Universities,e088fddc329a6f0148ca72fd3b4d0fe069f13e3a,,
4150010611,重庆大学,37001084c600c992,badge,https://raw.githubusercontent.com/Magicdover/China-Universities-2026/419bdc7ce6956fc88c2b70b3979f170b6666f111/assets/logos-new/%E9%87%8D%E5%BA%86%E5%A4%A7%E5%AD%A6%20CQU.svg,https://github.com/Magicdover/China-Universities-2026/blob/419bdc7ce6956fc88c2b70b3979f170b6666f111/assets/logos-new/%E9%87%8D%E5%BA%86%E5%A4%A7%E5%AD%A6%20CQU.svg,%E9%87%8D%E5%BA%86%E5%A4%A7%E5%AD%A6%20CQU.svg,assets/logos-new/重庆大学 CQU.svg,False,svg,88.0,88.0,,,True,vector,,,content_inspected,MIT,,重庆大学,Magicdover/China-Universities-2026,419bdc7ce6956fc88c2b70b3979f170b6666f111,1532fa19e9669a0f0aa07d90fe0162f623f4b72155670ea4deb31c79c827ca0d,71252
4150010611,重庆大学,dffec5042a9d92fd,badge,https://raw.githubusercontent.com/HeyHuazi/SVGLOGO/142498f527ac2dd3116cc1feccb9670879839f74/static/library/school/CQU.svg,https://github.com/HeyHuazi/SVGLOGO/blob/142498f527ac2dd3116cc1feccb9670879839f74/static/library/school/CQU.svg,CQU.svg,static/library/school/CQU.svg,False,svg,128.0,137.0,,,True,vector,,,content_inspected,MIT,,重庆大学,HeyHuazi/SVGLOGO,142498f527ac2dd3116cc1feccb9670879839f74,74f85bbe08a9a6d20bfc2358f2f955ae5cf59c8d6fc5602bd9a2eba64a4608bd,34690
4150010611,重庆大学,3dd6c05f60b91f48,badge,https://raw.githubusercontent.com/RoboMaster/university_logos/3d645fc89869707bd7df8dba0f7e4bbcc4a60e14/Chongqing_University/png/logo_blue_800x800.png,https://github.com/RoboMaster/university_logos/blob/3d645fc89869707bd7df8dba0f7e4bbcc4a60e14/Chongqing_University/png/logo_blue_800x800.png,logo_blue_800x800.png,Chongqing_University/png/logo_blue_800x800.png,False,png,800,800,,,False,raster,True,True,content_inspected,,,重庆大学,RoboMaster/university_logos,3d645fc89869707bd7df8dba0f7e4bbcc4a60e14,c5fb4464a00c7e0030377f651626f3b9e58154c74dc968f4b36a302f63d0182e,66929
4150010617,重庆邮电大学,975741b1817b1a03,badge,https://www.shanghairanking.cn/_uni/logo/60895367.png,https://github.com/xioajiumi/Chinese_Universities/blob/e088fddc329a6f0148ca72fd3b4d0fe069f13e3a/Chinese_Universities.json,60895367.png,Chinese_Universities.json,False,png,,,,,,,,,indexed_not_fetched,MIT,,重庆邮电大学,xioajiumi/Chinese_Universities,e088fddc329a6f0148ca72fd3b4d0fe069f13e3a,,
4150010617,重庆邮电大学,cf01165a0280c8a7,badge,https://raw.githubusercontent.com/Magicdover/China-Universities-2026/419bdc7ce6956fc88c2b70b3979f170b6666f111/assets/logos-new/%E9%87%8D%E5%BA%86%E9%82%AE%E7%94%B5%E5%A4%A7%E5%AD%A6%20CQUPT.svg,https://github.com/Magicdover/China-Universities-2026/blob/419bdc7ce6956fc88c2b70b3979f170b6666f111/assets/logos-new/%E9%87%8D%E5%BA%86%E9%82%AE%E7%94%B5%E5%A4%A7%E5%AD%A6%20CQUPT.svg,%E9%87%8D%E5%BA%86%E9%82%AE%E7%94%B5%E5%A4%A7%E5%AD%A6%20CQUPT.svg,assets/logos-new/重庆邮电大学 CQUPT.svg,False,svg,,,,,True,vector,,,content_inspected,MIT,,重庆邮电大学,Magicdover/China-Universities-2026,419bdc7ce6956fc88c2b70b3979f170b6666f111,aa5d44b71341fba50e232c603370df89c20aba3ddea4d2b6dd6f4105cca4415f,44169
4150010618,重庆交通大学,5460c21cfd125302,badge,https://www.shanghairanking.cn/_uni/logo/71040976.png,https://github.com/xioajiumi/Chinese_Universities/blob/e088fddc329a6f0148ca72fd3b4d0fe069f13e3a/Chinese_Universities.json,71040976.png,Chinese_Universities.json,False,png,,,,,,,,,indexed_not_fetched,MIT,,重庆交通大学,xioajiumi/Chinese_Universities,e088fddc329a6f0148ca72fd3b4d0fe069f13e3a,,
4150010631,重庆医科大学,07b7099821918955,badge,https://raw.githubusercontent.com/Magicdover/China-Universities-2026/419bdc7ce6956fc88c2b70b3979f170b6666f111/assets/logos-new/%E9%87%8D%E5%BA%86%E5%8C%BB%E7%A7%91%E5%A4%A7%E5%AD%A6%20CQMU.svg,https://github.com/Magicdover/China-Universities-2026/blob/419bdc7ce6956fc88c2b70b3979f170b6666f111/assets/logos-new/%E9%87%8D%E5%BA%86%E5%8C%BB%E7%A7%91%E5%A4%A7%E5%AD%A6%20CQMU.svg,%E9%87%8D%E5%BA%86%E5%8C%BB%E7%A7%91%E5%A4%A7%E5%AD%A6%20CQMU.svg,assets/logos-new/重庆医科大学 CQMU.svg,False,svg,990.0,990.0,,,True,vector,,,content_inspected,MIT,,重庆医科大学,Magicdover/China-Universities-2026,419bdc7ce6956fc88c2b70b3979f170b6666f111,bd61b321565fb140638f55664b6db07ea921dad9294a2bfc4ceaf020bdc393ba,287315
4150010635,西南大学,4c1070e0c9aeeda0,badge,https://www.shanghairanking.cn/_uni/logo/68012227.png,https://github.com/xioajiumi/Chinese_Universities/blob/e088fddc329a6f0148ca72fd3b4d0fe069f13e3a/Chinese_Universities.json,68012227.png,Chinese_Universities.json,False,png,,,,,,,,,indexed_not_fetched,MIT,,西南大学,xioajiumi/Chinese_Universities,e088fddc329a6f0148ca72fd3b4d0fe069f13e3a,,
4150010635,西南大学,3f5a80a36a649fcf,badge,https://raw.githubusercontent.com/Magicdover/China-Universities-2026/419bdc7ce6956fc88c2b70b3979f170b6666f111/assets/logos-new/%E8%A5%BF%E5%8D%97%E5%A4%A7%E5%AD%A6%20SWU.svg,https://github.com/Magicdover/China-Universities-2026/blob/419bdc7ce6956fc88c2b70b3979f170b6666f111/assets/logos-new/%E8%A5%BF%E5%8D%97%E5%A4%A7%E5%AD%A6%20SWU.svg,%E8%A5%BF%E5%8D%97%E5%A4%A7%E5%AD%A6%20SWU.svg,assets/logos-new/西南大学 SWU.svg,False,svg,1226.0,1225.0,,,False,svg_with_raster,,,content_inspected,MIT,,西南大学,Magicdover/China-Universities-2026,419bdc7ce6956fc88c2b70b3979f170b6666f111,1acf0c0cc18ba7e7f10f284f5bf49ea1b6cfda8143d1870f5b166b38e85b4b8b,87024
4150010637,重庆师范大学,ea0380cdbea2ca62,badge,https://www.shanghairanking.cn/_uni/logo/84729350.png,https://github.com/xioajiumi/Chinese_Universities/blob/e088fddc329a6f0148ca72fd3b4d0fe069f13e3a/Chinese_Universities.json,84729350.png,Chinese_Universities.json,False,png,,,,,,,,,indexed_not_fetched,MIT,,重庆师范大学,xioajiumi/Chinese_Universities,e088fddc329a6f0148ca72fd3b4d0fe069f13e3a,,
4150010642,重庆文理学院,50fa0689f36f0ad2,badge,https://www.shanghairanking.cn/_uni/logo/30413024.png,https://github.com/xioajiumi/Chinese_Universities/blob/e088fddc329a6f0148ca72fd3b4d0fe069f13e3a/Chinese_Universities.json,30413024.png,Chinese_Universities.json,False,png,,,,,,,,,indexed_not_fetched,MIT,,重庆文理学院,xioajiumi/Chinese_Universities,e088fddc329a6f0148ca72fd3b4d0fe069f13e3a,,
4150010647,长江师范学院,42046aefc7543805,badge,https://www.shanghairanking.cn/_uni/logo/86035678.png,https://github.com/xioajiumi/Chinese_Universities/blob/e088fddc329a6f0148ca72fd3b4d0fe069f13e3a/Chinese_Universities.json,86035678.png,Chinese_Universities.json,False,png,,,,,,,,,indexed_not_fetched,MIT,,长江师范学院,xioajiumi/Chinese_Universities,e088fddc329a6f0148ca72fd3b4d0fe069f13e3a,,
4150010652,西南政法大学,00a7ee3b808a0d76,badge,https://raw.githubusercontent.com/Magicdover/China-Universities-2026/419bdc7ce6956fc88c2b70b3979f170b6666f111/assets/logos-new/%E8%A5%BF%E5%8D%97%E6%94%BF%E6%B3%95%E5%A4%A7%E5%AD%A6%20SWUPL.svg,https://github.com/Magicdover/China-Universities-2026/blob/419bdc7ce6956fc88c2b70b3979f170b6666f111/assets/logos-new/%E8%A5%BF%E5%8D%97%E6%94%BF%E6%B3%95%E5%A4%A7%E5%AD%A6%20SWUPL.svg,%E8%A5%BF%E5%8D%97%E6%94%BF%E6%B3%95%E5%A4%A7%E5%AD%A6%20SWUPL.svg,assets/logos-new/西南政法大学 SWUPL.svg,False,svg,889.0,889.0,,,True,vector,,,content_inspected,MIT,,西南政法大学,Magicdover/China-Universities-2026,419bdc7ce6956fc88c2b70b3979f170b6666f111,82e6fbfb3439608ae2ec454cd108a1c1205e306db4e5ae810f26a1f8f8a78522,111067
4150010655,四川美术学院,4eaf0942c0fd30be,badge,https://raw.githubusercontent.com/Magicdover/China-Universities-2026/419bdc7ce6956fc88c2b70b3979f170b6666f111/assets/logos-new/%E5%9B%9B%E5%B7%9D%E7%BE%8E%E6%9C%AF%E5%AD%A6%E9%99%A2%20SCFAI.svg,https://github.com/Magicdover/China-Universities-2026/blob/419bdc7ce6956fc88c2b70b3979f170b6666f111/assets/logos-new/%E5%9B%9B%E5%B7%9D%E7%BE%8E%E6%9C%AF%E5%AD%A6%E9%99%A2%20SCFAI.svg,%E5%9B%9B%E5%B7%9D%E7%BE%8E%E6%9C%AF%E5%AD%A6%E9%99%A2%20SCFAI.svg,assets/logos-new/四川美术学院 SCFAI.svg,False,svg,889.0,889.0,,,True,vector,,,content_inspected,MIT,,四川美术学院,Magicdover/China-Universities-2026,419bdc7ce6956fc88c2b70b3979f170b6666f111,4d85e7127412e1024b3df7ea397d358443dffa83b1e8600506b634e8e712501a,52284
4150011660,重庆理工大学,176d5d3b292a4535,badge,https://www.shanghairanking.cn/_uni/logo/14275328.png,https://github.com/xioajiumi/Chinese_Universities/blob/e088fddc329a6f0148ca72fd3b4d0fe069f13e3a/Chinese_Universities.json,14275328.png,Chinese_Universities.json,False,png,,,,,,,,,indexed_not_fetched,MIT,,重庆理工大学,xioajiumi/Chinese_Universities,e088fddc329a6f0148ca72fd3b4d0fe069f13e3a,,
4150011660,重庆理工大学,86f15165ced8416a,badge,https://raw.githubusercontent.com/RoboMaster/university_logos/3d645fc89869707bd7df8dba0f7e4bbcc4a60e14/Chongqing_University_of_Technology/png/logo_blue_800x800.png,https://github.com/RoboMaster/university_logos/blob/3d645fc89869707bd7df8dba0f7e4bbcc4a60e14/Chongqing_University_of_Technology/png/logo_blue_800x800.png,logo_blue_800x800.png,Chongqing_University_of_Technology/png/logo_blue_800x800.png,False,png,800,800,,,False,raster,True,True,content_inspected,,,重庆理工大学,RoboMaster/university_logos,3d645fc89869707bd7df8dba0f7e4bbcc4a60e14,118bff7680eddfcc4d0d61064fe226860aa25e29b386605cb6e51ebab1eb3d2e,77298
4150011660,重庆理工大学,e1e25857cedd2a8e,badge,https://raw.githubusercontent.com/RoboMaster/university_logos/3d645fc89869707bd7df8dba0f7e4bbcc4a60e14/Chongqing_University_of_Technology/svg/logo_blue.svg,https://github.com/RoboMaster/university_logos/blob/3d645fc89869707bd7df8dba0f7e4bbcc4a60e14/Chongqing_University_of_Technology/svg/logo_blue.svg,logo_blue.svg,Chongqing_University_of_Technology/svg/logo_blue.svg,False,svg,,,,,True,vector,,,content_inspected,,,重庆理工大学,RoboMaster/university_logos,3d645fc89869707bd7df8dba0f7e4bbcc4a60e14,ce6be6bb524d911586b6963e773c1ced5d1ed6fa52530193768d896d7235bfcf,491724
4150014388,重庆第二师范学院,6a793e87ec5980ef,badge,https://www.shanghairanking.cn/_uni/logo/78569083.png,https://github.com/xioajiumi/Chinese_Universities/blob/e088fddc329a6f0148ca72fd3b4d0fe069f13e3a/Chinese_Universities.json,78569083.png,Chinese_Universities.json,False,png,,,,,,,,,indexed_not_fetched,MIT,,重庆第二师范学院,xioajiumi/Chinese_Universities,e088fddc329a6f0148ca72fd3b4d0fe069f13e3a,,
4150014830,重庆中医药学院,41ef4b8bbe4fadd8,badge,https://raw.githubusercontent.com/Magicdover/China-Universities-2026/419bdc7ce6956fc88c2b70b3979f170b6666f111/assets/logos-new/%E9%87%8D%E5%BA%86%E4%B8%AD%E5%8C%BB%E8%8D%AF%E5%AD%A6%E9%99%A2%20CQCTCM.svg,https://github.com/Magicdover/China-Universities-2026/blob/419bdc7ce6956fc88c2b70b3979f170b6666f111/assets/logos-new/%E9%87%8D%E5%BA%86%E4%B8%AD%E5%8C%BB%E8%8D%AF%E5%AD%A6%E9%99%A2%20CQCTCM.svg,%E9%87%8D%E5%BA%86%E4%B8%AD%E5%8C%BB%E8%8D%AF%E5%AD%A6%E9%99%A2%20CQCTCM.svg,assets/logos-new/重庆中医药学院 CQCTCM.svg,False,svg,229.59809112548828,229.7686004638672,,,True,vector,,,content_inspected,MIT,,重庆中医药学院,Magicdover/China-Universities-2026,419bdc7ce6956fc88c2b70b3979f170b6666f111,1f4460d59dceb40a61a1c24f98dc9f3d8592f87c19ced555c3f43018193150ce,124692
4161010697,西北大学,d4c4f604f5bbe121,badge,https://www.shanghairanking.cn/_uni/logo/15797720.png,https://github.com/xioajiumi/Chinese_Universities/blob/e088fddc329a6f0148ca72fd3b4d0fe069f13e3a/Chinese_Universities.json,15797720.png,Chinese_Universities.json,False,png,,,,,,,,,indexed_not_fetched,MIT,,西北大学,xioajiumi/Chinese_Universities,e088fddc329a6f0148ca72fd3b4d0fe069f13e3a,,
4161010697,西北大学,322037c460cede5e,badge,https://raw.githubusercontent.com/Magicdover/China-Universities-2026/419bdc7ce6956fc88c2b70b3979f170b6666f111/assets/logos/%E8%A5%BF%E5%8C%97%E5%A4%A7%E5%AD%A6%20NWU.svg,https://github.com/Magicdover/China-Universities-2026/blob/419bdc7ce6956fc88c2b70b3979f170b6666f111/assets/logos/%E8%A5%BF%E5%8C%97%E5%A4%A7%E5%AD%A6%20NWU.svg,%E8%A5%BF%E5%8C%97%E5%A4%A7%E5%AD%A6%20NWU.svg,assets/logos/西北大学 NWU.svg,False,svg,154.0,157.0,,,True,vector,,,content_inspected,MIT,,西北大学,Magicdover/China-Universities-2026,419bdc7ce6956fc88c2b70b3979f170b6666f111,9a430d48000a829efe392ef3d1c12b9d20869412c33c67043e7a18187f98a85a,142950
4161010697,西北大学,8853cecc23cd79d1,badge,https://raw.githubusercontent.com/HeyHuazi/SVGLOGO/142498f527ac2dd3116cc1feccb9670879839f74/static/library/school/NWU.svg,https://github.com/HeyHuazi/SVGLOGO/blob/142498f527ac2dd3116cc1feccb9670879839f74/static/library/school/NWU.svg,NWU.svg,static/library/school/NWU.svg,False,svg,128.0,128.0,,,True,vector,,,content_inspected,MIT,,西北大学,HeyHuazi/SVGLOGO,142498f527ac2dd3116cc1feccb9670879839f74,160347fb9532a0c6724e37124d2f91e35f48f3c87fdd2cfd6861089aa10aba54,48019
4161010697,西北大学,8fae70b01d981385,wordmark,https://raw.githubusercontent.com/HeyHuazi/SVGLOGO/142498f527ac2dd3116cc1feccb9670879839f74/static/library/school/NWU_wordmark.svg,https://github.com/HeyHuazi/SVGLOGO/blob/142498f527ac2dd3116cc1feccb9670879839f74/static/library/school/NWU_wordmark.svg,NWU_wordmark.svg,static/library/school/NWU_wordmark.svg,False,svg,,,,,True,vector,,,content_inspected,MIT,,西北大学,HeyHuazi/SVGLOGO,142498f527ac2dd3116cc1feccb9670879839f74,05cc639f408914607f0c990fa04bd857a23f984c26eb43f79fcb136d672136cd,19185
4161010698,西安交通大学,00f4c5297f3c6caf,badge,https://www.shanghairanking.cn/_uni/logo/77584005.png,https://github.com/xioajiumi/Chinese_Universities/blob/e088fddc329a6f0148ca72fd3b4d0fe069f13e3a/Chinese_Universities.json,77584005.png,Chinese_Universities.json,False,png,,,,,,,,,indexed_not_fetched,MIT,,西安交通大学,xioajiumi/Chinese_Universities,e088fddc329a6f0148ca72fd3b4d0fe069f13e3a,,
4161010698,西安交通大学,fc17b60648660f7a,badge,https://raw.githubusercontent.com/Magicdover/China-Universities-2026/419bdc7ce6956fc88c2b70b3979f170b6666f111/assets/logos-new/%E8%A5%BF%E5%AE%89%E4%BA%A4%E9%80%9A%E5%A4%A7%E5%AD%A6%20XJTU.svg,https://github.com/Magicdover/China-Universities-2026/blob/419bdc7ce6956fc88c2b70b3979f170b6666f111/assets/logos-new/%E8%A5%BF%E5%AE%89%E4%BA%A4%E9%80%9A%E5%A4%A7%E5%AD%A6%20XJTU.svg,%E8%A5%BF%E5%AE%89%E4%BA%A4%E9%80%9A%E5%A4%A7%E5%AD%A6%20XJTU.svg,assets/logos-new/西安交通大学 XJTU.svg,False,svg,88.0,88.0,,,True,vector,,,content_inspected,MIT,,西安交通大学,Magicdover/China-Universities-2026,419bdc7ce6956fc88c2b70b3979f170b6666f111,8efcd6690c2a2eee02c4ad82687824861cd1fafd8d36af98399ae8c336abc307,52343
4161010698,西安交通大学,39f474031f75a488,badge,https://raw.githubusercontent.com/HeyHuazi/SVGLOGO/142498f527ac2dd3116cc1feccb9670879839f74/static/library/school/XJTU.svg,https://github.com/HeyHuazi/SVGLOGO/blob/142498f527ac2dd3116cc1feccb9670879839f74/static/library/school/XJTU.svg,XJTU.svg,static/library/school/XJTU.svg,False,svg,128.0,137.0,,,True,vector,,,content_inspected,MIT,,西安交通大学,HeyHuazi/SVGLOGO,142498f527ac2dd3116cc1feccb9670879839f74,fdfab0cbc6afae0d45d992bf2c59149f884e78ac10af4d282e5f94796a8eabd1,23725
4161010698,西安交通大学,1f5e26ab99c4c806,wordmark,https://raw.githubusercontent.com/HeyHuazi/SVGLOGO/142498f527ac2dd3116cc1feccb9670879839f74/static/library/school/XJTU_wordmark.svg,https://github.com/HeyHuazi/SVGLOGO/blob/142498f527ac2dd3116cc1feccb9670879839f74/static/library/school/XJTU_wordmark.svg,XJTU_wordmark.svg,static/library/school/XJTU_wordmark.svg,False,svg,,,,,True,vector,,,content_inspected,MIT,,西安交通大学,HeyHuazi/SVGLOGO,142498f527ac2dd3116cc1feccb9670879839f74,845805be8689c611064d6e881668b87cd4779218cf78d8fbe54dd382d0367719,10297
4161010698,西安交通大学,9f508d0c6f37c579,badge,https://raw.githubusercontent.com/RoboMaster/university_logos/3d645fc89869707bd7df8dba0f7e4bbcc4a60e14/Xi%27an_Jiaotong_University/png/logo_red_800x800.png,https://github.com/RoboMaster/university_logos/blob/3d645fc89869707bd7df8dba0f7e4bbcc4a60e14/Xi%27an_Jiaotong_University/png/logo_red_800x800.png,logo_red_800x800.png,Xi'an_Jiaotong_University/png/logo_red_800x800.png,False,png,800,800,,,False,raster,True,True,content_inspected,,,西安交通大学,RoboMaster/university_logos,3d645fc89869707bd7df8dba0f7e4bbcc4a60e14,6a2f46bb8ef88e4e91d042f8225103f7d8c4c71218252dc311230452e34d417d,354929
4161010699,西北工业大学,25be6f5561d11ac3,badge,https://www.shanghairanking.cn/_uni/logo/20384817.png,https://github.com/xioajiumi/Chinese_Universities/blob/e088fddc329a6f0148ca72fd3b4d0fe069f13e3a/Chinese_Universities.json,20384817.png,Chinese_Universities.json,False,png,,,,,,,,,indexed_not_fetched,MIT,,西北工业大学,xioajiumi/Chinese_Universities,e088fddc329a6f0148ca72fd3b4d0fe069f13e3a,,
4161010699,西北工业大学,f032420456f00978,badge,https://raw.githubusercontent.com/Magicdover/China-Universities-2026/419bdc7ce6956fc88c2b70b3979f170b6666f111/assets/logos-new/%E8%A5%BF%E5%8C%97%E5%B7%A5%E4%B8%9A%E5%A4%A7%E5%AD%A6%20NPU.svg,https://github.com/Magicdover/China-Universities-2026/blob/419bdc7ce6956fc88c2b70b3979f170b6666f111/assets/logos-new/%E8%A5%BF%E5%8C%97%E5%B7%A5%E4%B8%9A%E5%A4%A7%E5%AD%A6%20NPU.svg,%E8%A5%BF%E5%8C%97%E5%B7%A5%E4%B8%9A%E5%A4%A7%E5%AD%A6%20NPU.svg,assets/logos-new/西北工业大学 NPU.svg,False,svg,88.0,88.0,,,True,vector,,,content_inspected,MIT,,西北工业大学,Magicdover/China-Universities-2026,419bdc7ce6956fc88c2b70b3979f170b6666f111,28144ab24d03296e6d7061a9afbe5a8a367cafb62bb0975d5ec13e7640a5bddf,256057
4161010699,西北工业大学,908f741c7b1ca27e,badge,https://raw.githubusercontent.com/HeyHuazi/SVGLOGO/142498f527ac2dd3116cc1feccb9670879839f74/static/library/school/NWPU.svg,https://github.com/HeyHuazi/SVGLOGO/blob/142498f527ac2dd3116cc1feccb9670879839f74/static/library/school/NWPU.svg,NWPU.svg,static/library/school/NWPU.svg,False,svg,128.0,137.0,,,True,vector,,,content_inspected,MIT,,西北工业大学,HeyHuazi/SVGLOGO,142498f527ac2dd3116cc1feccb9670879839f74,01a343ead8e623404d4a08aa91f3e255ba8c39ecedecb42db7be3742c7a56d81,95090
4161010699,西北工业大学,7af6e57ee3e3bae9,wordmark,https://raw.githubusercontent.com/HeyHuazi/SVGLOGO/142498f527ac2dd3116cc1feccb9670879839f74/static/library/school/NWPU_wordmark.svg,https://github.com/HeyHuazi/SVGLOGO/blob/142498f527ac2dd3116cc1feccb9670879839f74/static/library/school/NWPU_wordmark.svg,NWPU_wordmark.svg,static/library/school/NWPU_wordmark.svg,False,svg,,,,,True,vector,,,content_inspected,MIT,,西北工业大学,HeyHuazi/SVGLOGO,142498f527ac2dd3116cc1feccb9670879839f74,1296996efd173c46a2061d32fcafa7f1baca40a70fb916c7177834bc4d7d210b,18465
4161010699,西北工业大学,cf9384f099a6a3f7,badge,https://raw.githubusercontent.com/RoboMaster/university_logos/3d645fc89869707bd7df8dba0f7e4bbcc4a60e14/Northwestern_Polytechnical_University/png/logo_blue_800x800.png,https://github.com/RoboMaster/university_logos/blob/3d645fc89869707bd7df8dba0f7e4bbcc4a60e14/Northwestern_Polytechnical_University/png/logo_blue_800x800.png,logo_blue_800x800.png,Northwestern_Polytechnical_University/png/logo_blue_800x800.png,False,png,800,800,,,False,raster,True,True,content_inspected,,,西北工业大学,RoboMaster/university_logos,3d645fc89869707bd7df8dba0f7e4bbcc4a60e14,ac72da664027b55d9acd5273598ca8e75b65b7e9541a5f8143bc0bd34656387d,87606
4161010699,西北工业大学,25aa64644c64c0e3,badge,https://raw.githubusercontent.com/RoboMaster/university_logos/3d645fc89869707bd7df8dba0f7e4bbcc4a60e14/Northwestern_Polytechnical_University/svg/logo_blue.svg,https://github.com/RoboMaster/university_logos/blob/3d645fc89869707bd7df8dba0f7e4bbcc4a60e14/Northwestern_Polytechnical_University/svg/logo_blue.svg,logo_blue.svg,Northwestern_Polytechnical_University/svg/logo_blue.svg,False,svg,,,,,True,vector,,,content_inspected,,,西北工业大学,RoboMaster/university_logos,3d645fc89869707bd7df8dba0f7e4bbcc4a60e14,45b2e64edb8f31b68e9f9d88a2ffc76a874d6bc11809a73e2d2a3e20cf9d10ba,848964
4161010700,西安理工大学,b33c1784b82ff7cc,badge,https://www.shanghairanking.cn/_uni/logo/41922592.png,https://github.com/xioajiumi/Chinese_Universities/blob/e088fddc329a6f0148ca72fd3b4d0fe069f13e3a/Chinese_Universities.json,41922592.png,Chinese_Universities.json,False,png,,,,,,,,,indexed_not_fetched,MIT,,西安理工大学,xioajiumi/Chinese_Universities,e088fddc329a6f0148ca72fd3b4d0fe069f13e3a,,
4161010700,西安理工大学,e5e4a6444355d499,badge,https://raw.githubusercontent.com/RoboMaster/university_logos/3d645fc89869707bd7df8dba0f7e4bbcc4a60e14/Xi%27an_University_of_Technology/png/logo_purple_800x800.png,https://github.com/RoboMaster/university_logos/blob/3d645fc89869707bd7df8dba0f7e4bbcc4a60e14/Xi%27an_University_of_Technology/png/logo_purple_800x800.png,logo_purple_800x800.png,Xi'an_University_of_Technology/png/logo_purple_800x800.png,False,png,800,800,,,False,raster,True,True,content_inspected,,,西安理工大学,RoboMaster/university_logos,3d645fc89869707bd7df8dba0f7e4bbcc4a60e14,458ccd49065b851408bd0f89925eef01801c4ff71991f3922c32ae9f4f942afb,186509
4161010701,西安电子科技大学,bfaa11bcf0c8ca75,badge,https://www.shanghairanking.cn/_uni/logo/88267454.png,https://github.com/xioajiumi/Chinese_Universities/blob/e088fddc329a6f0148ca72fd3b4d0fe069f13e3a/Chinese_Universities.json,88267454.png,Chinese_Universities.json,False,png,,,,,,,,,indexed_not_fetched,MIT,,西安电子科技大学,xioajiumi/Chinese_Universities,e088fddc329a6f0148ca72fd3b4d0fe069f13e3a,,
4161010701,西安电子科技大学,6d0bdeb68cee896a,badge,https://raw.githubusercontent.com/Magicdover/China-Universities-2026/419bdc7ce6956fc88c2b70b3979f170b6666f111/assets/logos-new/%E8%A5%BF%E5%AE%89%E7%94%B5%E5%AD%90%E7%A7%91%E6%8A%80%E5%A4%A7%E5%AD%A6%20XDU.svg,https://github.com/Magicdover/China-Universities-2026/blob/419bdc7ce6956fc88c2b70b3979f170b6666f111/assets/logos-new/%E8%A5%BF%E5%AE%89%E7%94%B5%E5%AD%90%E7%A7%91%E6%8A%80%E5%A4%A7%E5%AD%A6%20XDU.svg,%E8%A5%BF%E5%AE%89%E7%94%B5%E5%AD%90%E7%A7%91%E6%8A%80%E5%A4%A7%E5%AD%A6%20XDU.svg,assets/logos-new/西安电子科技大学 XDU.svg,False,svg,89.0,88.0,,,True,vector,,,content_inspected,MIT,,西安电子科技大学,Magicdover/China-Universities-2026,419bdc7ce6956fc88c2b70b3979f170b6666f111,a8ef1e20b2f359efb53d68d6ed9edb326a01ee66606072a907f03bc4949bb90b,49982
4161010701,西安电子科技大学,853ceb697b67653a,badge,https://raw.githubusercontent.com/HeyHuazi/SVGLOGO/142498f527ac2dd3116cc1feccb9670879839f74/static/library/school/XDU.svg,https://github.com/HeyHuazi/SVGLOGO/blob/142498f527ac2dd3116cc1feccb9670879839f74/static/library/school/XDU.svg,XDU.svg,static/library/school/XDU.svg,False,svg,128.0,128.0,,,True,vector,,,content_inspected,MIT,,西安电子科技大学,HeyHuazi/SVGLOGO,142498f527ac2dd3116cc1feccb9670879839f74,93f5f15d595a41f26edff8dc244e93d7a89b825a59a9c92d5747d748f9153774,25918
4161010701,西安电子科技大学,c40b9091968f9084,wordmark,https://raw.githubusercontent.com/HeyHuazi/SVGLOGO/142498f527ac2dd3116cc1feccb9670879839f74/static/library/school/XDU_wordmark.svg,https://github.com/HeyHuazi/SVGLOGO/blob/142498f527ac2dd3116cc1feccb9670879839f74/static/library/school/XDU_wordmark.svg,XDU_wordmark.svg,static/library/school/XDU_wordmark.svg,False,svg,,,,,True,vector,,,content_inspected,MIT,,西安电子科技大学,HeyHuazi/SVGLOGO,142498f527ac2dd3116cc1feccb9670879839f74,0fe5a1b94221532261fd23940f0193cd9242400ea22d3a5ef75b1eb41888099a,22521
4161010701,西安电子科技大学,404445099eabec46,badge,https://raw.githubusercontent.com/RoboMaster/university_logos/3d645fc89869707bd7df8dba0f7e4bbcc4a60e14/Xidian_University/png/logo_red_800x800.png,https://github.com/RoboMaster/university_logos/blob/3d645fc89869707bd7df8dba0f7e4bbcc4a60e14/Xidian_University/png/logo_red_800x800.png,logo_red_800x800.png,Xidian_University/png/logo_red_800x800.png,False,png,800,800,,,False,raster,True,True,content_inspected,,,西安电子科技大学,RoboMaster/university_logos,3d645fc89869707bd7df8dba0f7e4bbcc4a60e14,d66dc8424455511a758b0015073426f7491fcd65ecb01db79829ed79d025f749,64679
4161010701,西安电子科技大学,8788107385c97975,badge,https://raw.githubusercontent.com/RoboMaster/university_logos/3d645fc89869707bd7df8dba0f7e4bbcc4a60e14/Xidian_University/svg/logo_red.svg,https://github.com/RoboMaster/university_logos/blob/3d645fc89869707bd7df8dba0f7e4bbcc4a60e14/Xidian_University/svg/logo_red.svg,logo_red.svg,Xidian_University/svg/logo_red.svg,False,svg,,,,,True,vector,,,content_inspected,,,西安电子科技大学,RoboMaster/university_logos,3d645fc89869707bd7df8dba0f7e4bbcc4a60e14,756e4299afe3d0b10bbd5fbaf0ae3687eb598017238ed144c8bcab79aaba42c5,707687
4161010702,西安工业大学,ff4a1af5b4522d32,badge,https://www.shanghairanking.cn/_uni/logo/88779109.png,https://github.com/xioajiumi/Chinese_Universities/blob/e088fddc329a6f0148ca72fd3b4d0fe069f13e3a/Chinese_Universities.json,88779109.png,Chinese_Universities.json,False,png,,,,,,,,,indexed_not_fetched,MIT,,西安工业大学,xioajiumi/Chinese_Universities,e088fddc329a6f0148ca72fd3b4d0fe069f13e3a,,
4161010703,西安建筑科技大学,c3b44e0f3453013f,badge,https://www.shanghairanking.cn/_uni/logo/16154228.png,https://github.com/xioajiumi/Chinese_Universities/blob/e088fddc329a6f0148ca72fd3b4d0fe069f13e3a/Chinese_Universities.json,16154228.png,Chinese_Universities.json,False,png,,,,,,,,,indexed_not_fetched,MIT,,西安建筑科技大学,xioajiumi/Chinese_Universities,e088fddc329a6f0148ca72fd3b4d0fe069f13e3a,,
4161010704,西安科技大学,df64bb901bfa4cff,badge,https://www.shanghairanking.cn/_uni/logo/98750379.png,https://github.com/xioajiumi/Chinese_Universities/blob/e088fddc329a6f0148ca72fd3b4d0fe069f13e3a/Chinese_Universities.json,98750379.png,Chinese_Universities.json,False,png,,,,,,,,,indexed_not_fetched,MIT,,西安科技大学,xioajiumi/Chinese_Universities,e088fddc329a6f0148ca72fd3b4d0fe069f13e3a,,
4161010705,西安石油大学,e53495724571ec30,badge,https://www.shanghairanking.cn/_uni/logo/37520130.png,https://github.com/xioajiumi/Chinese_Universities/blob/e088fddc329a6f0148ca72fd3b4d0fe069f13e3a/Chinese_Universities.json,37520130.png,Chinese_Universities.json,False,png,,,,,,,,,indexed_not_fetched,MIT,,西安石油大学,xioajiumi/Chinese_Universities,e088fddc329a6f0148ca72fd3b4d0fe069f13e3a,,
4161010708,陕西科技大学,cda9b77e31ae686c,badge,https://www.shanghairanking.cn/_uni/logo/10933822.png,https://github.com/xioajiumi/Chinese_Universities/blob/e088fddc329a6f0148ca72fd3b4d0fe069f13e3a/Chinese_Universities.json,10933822.png,Chinese_Universities.json,False,png,,,,,,,,,indexed_not_fetched,MIT,,陕西科技大学,xioajiumi/Chinese_Universities,e088fddc329a6f0148ca72fd3b4d0fe069f13e3a,,
4161010709,西安工程大学,6adc3a51b44ef391,badge,https://www.shanghairanking.cn/_uni/logo/23494932.png,https://github.com/xioajiumi/Chinese_Universities/blob/e088fddc329a6f0148ca72fd3b4d0fe069f13e3a/Chinese_Universities.json,23494932.png,Chinese_Universities.json,False,png,,,,,,,,,indexed_not_fetched,MIT,,西安工程大学,xioajiumi/Chinese_Universities,e088fddc329a6f0148ca72fd3b4d0fe069f13e3a,,
4161010710,长安大学,e5b3f66dd3d3c954,badge,https://www.shanghairanking.cn/_uni/logo/22876250.png,https://github.com/xioajiumi/Chinese_Universities/blob/e088fddc329a6f0148ca72fd3b4d0fe069f13e3a/Chinese_Universities.json,22876250.png,Chinese_Universities.json,False,png,,,,,,,,,indexed_not_fetched,MIT,,长安大学,xioajiumi/Chinese_Universities,e088fddc329a6f0148ca72fd3b4d0fe069f13e3a,,
4161010710,长安大学,3bb2c5f9cb506942,badge,https://raw.githubusercontent.com/Magicdover/China-Universities-2026/419bdc7ce6956fc88c2b70b3979f170b6666f111/assets/logos-new/%E9%95%BF%E5%AE%89%E5%A4%A7%E5%AD%A6%20CHD.svg,https://github.com/Magicdover/China-Universities-2026/blob/419bdc7ce6956fc88c2b70b3979f170b6666f111/assets/logos-new/%E9%95%BF%E5%AE%89%E5%A4%A7%E5%AD%A6%20CHD.svg,%E9%95%BF%E5%AE%89%E5%A4%A7%E5%AD%A6%20CHD.svg,assets/logos-new/长安大学 CHD.svg,False,svg,4128.669921875,4128.669921875,,,True,vector,,,content_inspected,MIT,,长安大学,Magicdover/China-Universities-2026,419bdc7ce6956fc88c2b70b3979f170b6666f111,31a5f437dc11d5494223fe630fa2ecb6f6b21fd4cf71fd43bca103396c784f39,71984
4161010710,长安大学,a474953e2a8b4b02,badge,https://raw.githubusercontent.com/RoboMaster/university_logos/3d645fc89869707bd7df8dba0f7e4bbcc4a60e14/Chang%27an_University/png/logo_bule_800x800.png,https://github.com/RoboMaster/university_logos/blob/3d645fc89869707bd7df8dba0f7e4bbcc4a60e14/Chang%27an_University/png/logo_bule_800x800.png,logo_bule_800x800.png,Chang'an_University/png/logo_bule_800x800.png,False,png,800,800,,,False,raster,True,True,content_inspected,,,长安大学,RoboMaster/university_logos,3d645fc89869707bd7df8dba0f7e4bbcc4a60e14,2268ed0ae98a454626df3b6876ab573444cfa2ea0933a043bcb0d406f53d0e7d,53976
4161010710,长安大学,876edfec08caca52,badge,https://raw.githubusercontent.com/RoboMaster/university_logos/3d645fc89869707bd7df8dba0f7e4bbcc4a60e14/Chang%27an_University/svg/logo_blue.svg,https://github.com/RoboMaster/university_logos/blob/3d645fc89869707bd7df8dba0f7e4bbcc4a60e14/Chang%27an_University/svg/logo_blue.svg,logo_blue.svg,Chang'an_University/svg/logo_blue.svg,False,svg,,,,,True,vector,,,content_inspected,,,长安大学,RoboMaster/university_logos,3d645fc89869707bd7df8dba0f7e4bbcc4a60e14,177e2ef1f4679e7791afcf2d2dd24b372563ca7cbf7b3cedd79c112a5f4d1dd0,452425
4161010712,西北农林科技大学,2da1d437710c820d,badge,https://www.shanghairanking.cn/_uni/logo/25536937.png,https://github.com/xioajiumi/Chinese_Universities/blob/e088fddc329a6f0148ca72fd3b4d0fe069f13e3a/Chinese_Universities.json,25536937.png,Chinese_Universities.json,False,png,,,,,,,,,indexed_not_fetched,MIT,,西北农林科技大学,xioajiumi/Chinese_Universities,e088fddc329a6f0148ca72fd3b4d0fe069f13e3a,,
4161010712,西北农林科技大学,851c64c1e86a50f8,badge,https://raw.githubusercontent.com/Magicdover/China-Universities-2026/419bdc7ce6956fc88c2b70b3979f170b6666f111/assets/logos-new/%E8%A5%BF%E5%8C%97%E5%86%9C%E6%9E%97%E7%A7%91%E6%8A%80%E5%A4%A7%E5%AD%A6%20NWAFU.svg,https://github.com/Magicdover/China-Universities-2026/blob/419bdc7ce6956fc88c2b70b3979f170b6666f111/assets/logos-new/%E8%A5%BF%E5%8C%97%E5%86%9C%E6%9E%97%E7%A7%91%E6%8A%80%E5%A4%A7%E5%AD%A6%20NWAFU.svg,%E8%A5%BF%E5%8C%97%E5%86%9C%E6%9E%97%E7%A7%91%E6%8A%80%E5%A4%A7%E5%AD%A6%20NWAFU.svg,assets/logos-new/西北农林科技大学 NWAFU.svg,False,svg,266.66666,266.66666,,,True,vector,,,content_inspected,MIT,,西北农林科技大学,Magicdover/China-Universities-2026,419bdc7ce6956fc88c2b70b3979f170b6666f111,169a381a9190fe381d201bcf77b801396ecfecd56d498d74f519f0c5b8edd39a,137086
4161010712,西北农林科技大学,464ec271b7b2277b,badge,https://raw.githubusercontent.com/HeyHuazi/SVGLOGO/142498f527ac2dd3116cc1feccb9670879839f74/static/library/school/NWAFU.svg,https://github.com/HeyHuazi/SVGLOGO/blob/142498f527ac2dd3116cc1feccb9670879839f74/static/library/school/NWAFU.svg,NWAFU.svg,static/library/school/NWAFU.svg,False,svg,128.0,138.0,,,True,vector,,,content_inspected,MIT,,西北农林科技大学,HeyHuazi/SVGLOGO,142498f527ac2dd3116cc1feccb9670879839f74,e2200200dca14636427e3ca407767212fe3e757f6774413551bf35a6e1538551,38313
4161010712,西北农林科技大学,9c8caae708531eef,wordmark,https://raw.githubusercontent.com/HeyHuazi/SVGLOGO/142498f527ac2dd3116cc1feccb9670879839f74/static/library/school/NWAFU_wordmark.svg,https://github.com/HeyHuazi/SVGLOGO/blob/142498f527ac2dd3116cc1feccb9670879839f74/static/library/school/NWAFU_wordmark.svg,NWAFU_wordmark.svg,static/library/school/NWAFU_wordmark.svg,False,svg,,,,,True,vector,,,content_inspected,MIT,,西北农林科技大学,HeyHuazi/SVGLOGO,142498f527ac2dd3116cc1feccb9670879839f74,27630d86e050e17cd2f5ebc36c97ff3680f21d47a7edbc8741c720baf60c5ef7,16564
4161010712,西北农林科技大学,2791abb55375e6fa,badge,https://raw.githubusercontent.com/RoboMaster/university_logos/3d645fc89869707bd7df8dba0f7e4bbcc4a60e14/Northwest_A%26F_University/png/logo_glod_800x800.png,https://github.com/RoboMaster/university_logos/blob/3d645fc89869707bd7df8dba0f7e4bbcc4a60e14/Northwest_A%26F_University/png/logo_glod_800x800.png,logo_glod_800x800.png,Northwest_A&F_University/png/logo_glod_800x800.png,False,png,800,800,,,False,raster,True,True,content_inspected,,,西北农林科技大学,RoboMaster/university_logos,3d645fc89869707bd7df8dba0f7e4bbcc4a60e14,668de5b2b9e7d0dbc76ea59c29ba4e4429f88f8308da4d55f0f886110b7d9dfd,203505
4161010712,西北农林科技大学,e1af78466a7122af,badge,https://raw.githubusercontent.com/RoboMaster/university_logos/3d645fc89869707bd7df8dba0f7e4bbcc4a60e14/Northwest_A%26F_University/svg/logo_glod.svg,https://github.com/RoboMaster/university_logos/blob/3d645fc89869707bd7df8dba0f7e4bbcc4a60e14/Northwest_A%26F_University/svg/logo_glod.svg,logo_glod.svg,Northwest_A&F_University/svg/logo_glod.svg,False,svg,,,,,True,vector,,,content_inspected,,,西北农林科技大学,RoboMaster/university_logos,3d645fc89869707bd7df8dba0f7e4bbcc4a60e14,4f5dc399b0ff19e792c36103b4c297a567df3e4faea519127fba91fb0220e435,688713
4161010718,陕西师范大学,bd67a3cd929ae7ac,badge,https://www.shanghairanking.cn/_uni/logo/22611416.png,https://github.com/xioajiumi/Chinese_Universities/blob/e088fddc329a6f0148ca72fd3b4d0fe069f13e3a/Chinese_Universities.json,22611416.png,Chinese_Universities.json,False,png,,,,,,,,,indexed_not_fetched,MIT,,陕西师范大学,xioajiumi/Chinese_Universities,e088fddc329a6f0148ca72fd3b4d0fe069f13e3a,,
4161010718,陕西师范大学,4f0e75cef51dbe2e,badge,https://raw.githubusercontent.com/Magicdover/China-Universities-2026/419bdc7ce6956fc88c2b70b3979f170b6666f111/assets/logos/%E9%99%95%E8%A5%BF%E5%B8%88%E8%8C%83%E5%A4%A7%E5%AD%A6%20SNNU.svg,https://github.com/Magicdover/China-Universities-2026/blob/419bdc7ce6956fc88c2b70b3979f170b6666f111/assets/logos/%E9%99%95%E8%A5%BF%E5%B8%88%E8%8C%83%E5%A4%A7%E5%AD%A6%20SNNU.svg,%E9%99%95%E8%A5%BF%E5%B8%88%E8%8C%83%E5%A4%A7%E5%AD%A6%20SNNU.svg,assets/logos/陕西师范大学 SNNU.svg,False,svg,154.0,157.0,,,True,vector,,,content_inspected,MIT,,陕西师范大学,Magicdover/China-Universities-2026,419bdc7ce6956fc88c2b70b3979f170b6666f111,626eca74ae952e66227dae1ebeda93956414733d77dcf329ca182638a00b5a50,240038
4161010718,陕西师范大学,2ee34f8623d6f49d,badge,https://raw.githubusercontent.com/HeyHuazi/SVGLOGO/142498f527ac2dd3116cc1feccb9670879839f74/static/library/school/SNNU.svg,https://github.com/HeyHuazi/SVGLOGO/blob/142498f527ac2dd3116cc1feccb9670879839f74/static/library/school/SNNU.svg,SNNU.svg,static/library/school/SNNU.svg,False,svg,128.0,128.0,,,True,vector,,,content_inspected,MIT,,陕西师范大学,HeyHuazi/SVGLOGO,142498f527ac2dd3116cc1feccb9670879839f74,62c71169e65b4ac2b12c55718d4c6d275ea799e4037cbd918de27a88ea0e31db,44013
4161010718,陕西师范大学,6ef2db26a77118a3,wordmark,https://raw.githubusercontent.com/HeyHuazi/SVGLOGO/142498f527ac2dd3116cc1feccb9670879839f74/static/library/school/SNNU_wordmark.svg,https://github.com/HeyHuazi/SVGLOGO/blob/142498f527ac2dd3116cc1feccb9670879839f74/static/library/school/SNNU_wordmark.svg,SNNU_wordmark.svg,static/library/school/SNNU_wordmark.svg,False,svg,,,,,True,vector,,,content_inspected,MIT,,陕西师范大学,HeyHuazi/SVGLOGO,142498f527ac2dd3116cc1feccb9670879839f74,f7fca50b830bce819b9fb655e91279ef5ebf3806c4992d0cc957a75d8fe3b406,15639
4161010719,延安大学,34266e1233c2e078,badge,https://www.shanghairanking.cn/_uni/logo/39856591.png,https://github.com/xioajiumi/Chinese_Universities/blob/e088fddc329a6f0148ca72fd3b4d0fe069f13e3a/Chinese_Universities.json,39856591.png,Chinese_Universities.json,False,png,,,,,,,,,indexed_not_fetched,MIT,,延安大学,xioajiumi/Chinese_Universities,e088fddc329a6f0148ca72fd3b4d0fe069f13e3a,,
4161010720,陕西理工大学,912cf9627eccb7cb,badge,https://www.shanghairanking.cn/_uni/logo/18739697.png,https://github.com/xioajiumi/Chinese_Universities/blob/e088fddc329a6f0148ca72fd3b4d0fe069f13e3a/Chinese_Universities.json,18739697.png,Chinese_Universities.json,False,png,,,,,,,,,indexed_not_fetched,MIT,,陕西理工大学,xioajiumi/Chinese_Universities,e088fddc329a6f0148ca72fd3b4d0fe069f13e3a,,
4161010721,宝鸡文理学院,bf5ce122a2ae5751,badge,https://www.shanghairanking.cn/_uni/logo/99370840.png,https://github.com/xioajiumi/Chinese_Universities/blob/e088fddc329a6f0148ca72fd3b4d0fe069f13e3a/Chinese_Universities.json,99370840.png,Chinese_Universities.json,False,png,,,,,,,,,indexed_not_fetched,MIT,,宝鸡文理学院,xioajiumi/Chinese_Universities,e088fddc329a6f0148ca72fd3b4d0fe069f13e3a,,
4161010722,咸阳师范学院,f1acd614ff33b425,badge,https://www.shanghairanking.cn/_uni/logo/21589045.png,https://github.com/xioajiumi/Chinese_Universities/blob/e088fddc329a6f0148ca72fd3b4d0fe069f13e3a/Chinese_Universities.json,21589045.png,Chinese_Universities.json,False,png,,,,,,,,,indexed_not_fetched,MIT,,咸阳师范学院,xioajiumi/Chinese_Universities,e088fddc329a6f0148ca72fd3b4d0fe069f13e3a,,
4161010723,渭南师范学院,c02f38d18f272f04,badge,https://www.shanghairanking.cn/_uni/logo/58053407.png,https://github.com/xioajiumi/Chinese_Universities/blob/e088fddc329a6f0148ca72fd3b4d0fe069f13e3a/Chinese_Universities.json,58053407.png,Chinese_Universities.json,False,png,,,,,,,,,indexed_not_fetched,MIT,,渭南师范学院,xioajiumi/Chinese_Universities,e088fddc329a6f0148ca72fd3b4d0fe069f13e3a,,
4161010726,西北政法大学,cc51e2c0092bd0d3,badge,https://raw.githubusercontent.com/Magicdover/China-Universities-2026/419bdc7ce6956fc88c2b70b3979f170b6666f111/assets/logos-new/%E8%A5%BF%E5%8C%97%E6%94%BF%E6%B3%95%E5%A4%A7%E5%AD%A6%20NWUPL.svg,https://github.com/Magicdover/China-Universities-2026/blob/419bdc7ce6956fc88c2b70b3979f170b6666f111/assets/logos-new/%E8%A5%BF%E5%8C%97%E6%94%BF%E6%B3%95%E5%A4%A7%E5%AD%A6%20NWUPL.svg,%E8%A5%BF%E5%8C%97%E6%94%BF%E6%B3%95%E5%A4%A7%E5%AD%A6%20NWUPL.svg,assets/logos-new/西北政法大学 NWUPL.svg,False,svg,,,,,True,vector,,,content_inspected,MIT,,西北政法大学,Magicdover/China-Universities-2026,419bdc7ce6956fc88c2b70b3979f170b6666f111,138f61efb3aad4c08f52ea6786910fbfb2be6d964493b041f67f51bab98bbf8f,65995
4161011080,西安文理学院,b33f7b11c1cb1371,badge,https://www.shanghairanking.cn/_uni/logo/14139441.png,https://github.com/xioajiumi/Chinese_Universities/blob/e088fddc329a6f0148ca72fd3b4d0fe069f13e3a/Chinese_Universities.json,14139441.png,Chinese_Universities.json,False,png,,,,,,,,,indexed_not_fetched,MIT,,西安文理学院,xioajiumi/Chinese_Universities,e088fddc329a6f0148ca72fd3b4d0fe069f13e3a,,
4161011080,西安文理学院,5ae6475ea2d9116f,badge,https://raw.githubusercontent.com/RoboMaster/university_logos/3d645fc89869707bd7df8dba0f7e4bbcc4a60e14/Xi%27an_University/png/logo_blue_800x800.png,https://github.com/RoboMaster/university_logos/blob/3d645fc89869707bd7df8dba0f7e4bbcc4a60e14/Xi%27an_University/png/logo_blue_800x800.png,logo_blue_800x800.png,Xi'an_University/png/logo_blue_800x800.png,False,png,800,800,,,False,raster,True,True,content_inspected,,,西安文理学院,RoboMaster/university_logos,3d645fc89869707bd7df8dba0f7e4bbcc4a60e14,81a88ea8abb074cea560281b8595e4ac8dea4631653d8517a046a0fd493d216a,73550
4161011080,西安文理学院,eeab3225cc04783d,badge,https://raw.githubusercontent.com/RoboMaster/university_logos/3d645fc89869707bd7df8dba0f7e4bbcc4a60e14/Xi%27an_University/svg/logo_blue.svg,https://github.com/RoboMaster/university_logos/blob/3d645fc89869707bd7df8dba0f7e4bbcc4a60e14/Xi%27an_University/svg/logo_blue.svg,logo_blue.svg,Xi'an_University/svg/logo_blue.svg,False,svg,,,,,True,vector,,,content_inspected,,,西安文理学院,RoboMaster/university_logos,3d645fc89869707bd7df8dba0f7e4bbcc4a60e14,1cfa666d7f498c4c6e83a2e23175aa80741b82766a64fdedf6c214eaba034a91,619136
4161011396,商洛学院,54539043ad8a9d87,badge,https://www.shanghairanking.cn/_uni/logo/56711450.png,https://github.com/xioajiumi/Chinese_Universities/blob/e088fddc329a6f0148ca72fd3b4d0fe069f13e3a/Chinese_Universities.json,56711450.png,Chinese_Universities.json,False,png,,,,,,,,,indexed_not_fetched,MIT,,商洛学院,xioajiumi/Chinese_Universities,e088fddc329a6f0148ca72fd3b4d0fe069f13e3a,,
4161011397,安康学院,4478305513d84d01,badge,https://www.shanghairanking.cn/_uni/logo/83476348.png,https://github.com/xioajiumi/Chinese_Universities/blob/e088fddc329a6f0148ca72fd3b4d0fe069f13e3a/Chinese_Universities.json,83476348.png,Chinese_Universities.json,False,png,,,,,,,,,indexed_not_fetched,MIT,,安康学院,xioajiumi/Chinese_Universities,e088fddc329a6f0148ca72fd3b4d0fe069f13e3a,,
4161011664,西安邮电大学,559ac44cbdf24984,badge,https://www.shanghairanking.cn/_uni/logo/14415798.png,https://github.com/xioajiumi/Chinese_Universities/blob/e088fddc329a6f0148ca72fd3b4d0fe069f13e3a/Chinese_Universities.json,14415798.png,Chinese_Universities.json,False,png,,,,,,,,,indexed_not_fetched,MIT,,西安邮电大学,xioajiumi/Chinese_Universities,e088fddc329a6f0148ca72fd3b4d0fe069f13e3a,,
4161011736,西安航空学院,f07510c44b335bed,badge,https://www.shanghairanking.cn/_uni/logo/48156282.png,https://github.com/xioajiumi/Chinese_Universities/blob/e088fddc329a6f0148ca72fd3b4d0fe069f13e3a/Chinese_Universities.json,48156282.png,Chinese_Universities.json,False,png,,,,,,,,,indexed_not_fetched,MIT,,西安航空学院,xioajiumi/Chinese_Universities,e088fddc329a6f0148ca72fd3b4d0fe069f13e3a,,
4161014390,陕西学前师范学院,b8b0b124bb3fdc5c,badge,https://www.shanghairanking.cn/_uni/logo-jpg/1691016600.jpg,https://github.com/xioajiumi/Chinese_Universities/blob/e088fddc329a6f0148ca72fd3b4d0fe069f13e3a/Chinese_Universities.json,1691016600.jpg,Chinese_Universities.json,False,jpg,,,,,,,,,indexed_not_fetched,MIT,,陕西学前师范学院,xioajiumi/Chinese_Universities,e088fddc329a6f0148ca72fd3b4d0fe069f13e3a,,
4163010743,青海大学,e71e15582ebfd17c,badge,https://www.shanghairanking.cn/_uni/logo/68094541.png,https://github.com/xioajiumi/Chinese_Universities/blob/e088fddc329a6f0148ca72fd3b4d0fe069f13e3a/Chinese_Universities.json,68094541.png,Chinese_Universities.json,False,png,,,,,,,,,indexed_not_fetched,MIT,,青海大学,xioajiumi/Chinese_Universities,e088fddc329a6f0148ca72fd3b4d0fe069f13e3a,,
4163010743,青海大学,75689772b37f18ed,badge,https://raw.githubusercontent.com/Magicdover/China-Universities-2026/419bdc7ce6956fc88c2b70b3979f170b6666f111/assets/logos/%E9%9D%92%E6%B5%B7%E5%A4%A7%E5%AD%A6%20QHU.svg,https://github.com/Magicdover/China-Universities-2026/blob/419bdc7ce6956fc88c2b70b3979f170b6666f111/assets/logos/%E9%9D%92%E6%B5%B7%E5%A4%A7%E5%AD%A6%20QHU.svg,%E9%9D%92%E6%B5%B7%E5%A4%A7%E5%AD%A6%20QHU.svg,assets/logos/青海大学 QHU.svg,False,svg,154.0,157.0,,,True,vector,,,content_inspected,MIT,,青海大学,Magicdover/China-Universities-2026,419bdc7ce6956fc88c2b70b3979f170b6666f111,b7b5cb054251739ceefbc964aba09098fd826d38c8b0c23abea10b97686e5b4c,63077
4163010743,青海大学,97abd091e9bdd209,badge,https://raw.githubusercontent.com/HeyHuazi/SVGLOGO/142498f527ac2dd3116cc1feccb9670879839f74/static/library/school/QHU.svg,https://github.com/HeyHuazi/SVGLOGO/blob/142498f527ac2dd3116cc1feccb9670879839f74/static/library/school/QHU.svg,QHU.svg,static/library/school/QHU.svg,False,svg,128.0,128.0,,,True,vector,,,content_inspected,MIT,,青海大学,HeyHuazi/SVGLOGO,142498f527ac2dd3116cc1feccb9670879839f74,191058b66e4e141c7c963000b4b7a4cab6aead278135611df78e5699336f39f5,12787
4163010743,青海大学,c6ad7bb6a7ff2757,wordmark,https://raw.githubusercontent.com/HeyHuazi/SVGLOGO/142498f527ac2dd3116cc1feccb9670879839f74/static/library/school/QHU_wordmark.svg,https://github.com/HeyHuazi/SVGLOGO/blob/142498f527ac2dd3116cc1feccb9670879839f74/static/library/school/QHU_wordmark.svg,QHU_wordmark.svg,static/library/school/QHU_wordmark.svg,False,svg,,,,,True,vector,,,content_inspected,MIT,,青海大学,HeyHuazi/SVGLOGO,142498f527ac2dd3116cc1feccb9670879839f74,8d74fdea2f3965e0f8ca3ca111a34d73a4571844c0a494f83ab358847d0f596a,14399
4163010746,青海师范大学,2b63ff6afef7587e,badge,https://www.shanghairanking.cn/_uni/logo/39086444.png,https://github.com/xioajiumi/Chinese_Universities/blob/e088fddc329a6f0148ca72fd3b4d0fe069f13e3a/Chinese_Universities.json,39086444.png,Chinese_Universities.json,False,png,,,,,,,,,indexed_not_fetched,MIT,,青海师范大学,xioajiumi/Chinese_Universities,e088fddc329a6f0148ca72fd3b4d0fe069f13e3a,,
4123010212,黑龙江大学,4ff91b7408ea3009,badge,https://www.shanghairanking.cn/_uni/logo/73169357.png,https://github.com/xioajiumi/Chinese_Universities/blob/e088fddc329a6f0148ca72fd3b4d0fe069f13e3a/Chinese_Universities.json,73169357.png,Chinese_Universities.json,False,png,,,,,,,,,indexed_not_fetched,MIT,,黑龙江大学,xioajiumi/Chinese_Universities,e088fddc329a6f0148ca72fd3b4d0fe069f13e3a,,
4123010212,黑龙江大学,bc93613449a46d3d,badge,https://raw.githubusercontent.com/RoboMaster/university_logos/3d645fc89869707bd7df8dba0f7e4bbcc4a60e14/Heilongjiang_University/png/logo_balck_800x800.png,https://github.com/RoboMaster/university_logos/blob/3d645fc89869707bd7df8dba0f7e4bbcc4a60e14/Heilongjiang_University/png/logo_balck_800x800.png,logo_balck_800x800.png,Heilongjiang_University/png/logo_balck_800x800.png,False,png,800,800,,,False,raster,True,True,content_inspected,,,黑龙江大学,RoboMaster/university_logos,3d645fc89869707bd7df8dba0f7e4bbcc4a60e14,f4a9cff329c9ac9d5d0bc204e7cac62b24234136d893e342a3d141561d3c503d,229006
4123010213,哈尔滨工业大学,4fef0fc74976241e,badge,https://www.shanghairanking.cn/_uni/logo/88331082.png,https://github.com/xioajiumi/Chinese_Universities/blob/e088fddc329a6f0148ca72fd3b4d0fe069f13e3a/Chinese_Universities.json,88331082.png,Chinese_Universities.json,False,png,,,,,,,,,indexed_not_fetched,MIT,,哈尔滨工业大学,xioajiumi/Chinese_Universities,e088fddc329a6f0148ca72fd3b4d0fe069f13e3a,,
4123010213,哈尔滨工业大学,690c1d756bff35c9,badge,https://raw.githubusercontent.com/Magicdover/China-Universities-2026/419bdc7ce6956fc88c2b70b3979f170b6666f111/assets/logos-new/%E5%93%88%E5%B0%94%E6%BB%A8%E5%B7%A5%E4%B8%9A%E5%A4%A7%E5%AD%A6%20HIT.svg,https://github.com/Magicdover/China-Universities-2026/blob/419bdc7ce6956fc88c2b70b3979f170b6666f111/assets/logos-new/%E5%93%88%E5%B0%94%E6%BB%A8%E5%B7%A5%E4%B8%9A%E5%A4%A7%E5%AD%A6%20HIT.svg,%E5%93%88%E5%B0%94%E6%BB%A8%E5%B7%A5%E4%B8%9A%E5%A4%A7%E5%AD%A6%20HIT.svg,assets/logos-new/哈尔滨工业大学 HIT.svg,False,svg,331.662479,301.511345,,,True,vector,,,content_inspected,MIT,,哈尔滨工业大学,Magicdover/China-Universities-2026,419bdc7ce6956fc88c2b70b3979f170b6666f111,4824221ea801eb89df2c58a2421fab594a5c15cc19b6aaa19de41e82dd95bdef,35751
4123010213,哈尔滨工业大学,5bda2fe90b3f27c2,badge,https://raw.githubusercontent.com/HeyHuazi/SVGLOGO/142498f527ac2dd3116cc1feccb9670879839f74/static/library/school/HIT.svg,https://github.com/HeyHuazi/SVGLOGO/blob/142498f527ac2dd3116cc1feccb9670879839f74/static/library/school/HIT.svg,HIT.svg,static/library/school/HIT.svg,False,svg,128.0,132.0,,,True,vector,,,content_inspected,MIT,,哈尔滨工业大学,HeyHuazi/SVGLOGO,142498f527ac2dd3116cc1feccb9670879839f74,ec78f7b07dac1c0a2dde1b8223e9a438ad43dd6d1c5149fa8e5b3f3cd844d707,26992
4123010213,哈尔滨工业大学,2b14916cda238499,wordmark,https://raw.githubusercontent.com/HeyHuazi/SVGLOGO/142498f527ac2dd3116cc1feccb9670879839f74/static/library/school/HIT_wordmark.svg,https://github.com/HeyHuazi/SVGLOGO/blob/142498f527ac2dd3116cc1feccb9670879839f74/static/library/school/HIT_wordmark.svg,HIT_wordmark.svg,static/library/school/HIT_wordmark.svg,False,svg,,,,,True,vector,,,content_inspected,MIT,,哈尔滨工业大学,HeyHuazi/SVGLOGO,142498f527ac2dd3116cc1feccb9670879839f74,2dc90ff2ed00536b130b67d4194eb06289a413b8726bcedd698041a6a5ea6fd0,24213
4123010213,哈尔滨工业大学,45f4f7d2665b73b5,badge,https://raw.githubusercontent.com/RoboMaster/university_logos/3d645fc89869707bd7df8dba0f7e4bbcc4a60e14/Harbin_Institute_of_Technology/png/logo_black_800x800.png,https://github.com/RoboMaster/university_logos/blob/3d645fc89869707bd7df8dba0f7e4bbcc4a60e14/Harbin_Institute_of_Technology/png/logo_black_800x800.png,logo_black_800x800.png,Harbin_Institute_of_Technology/png/logo_black_800x800.png,False,png,800,800,,,False,raster,True,True,content_inspected,,,哈尔滨工业大学,RoboMaster/university_logos,3d645fc89869707bd7df8dba0f7e4bbcc4a60e14,6389af8e419153f95f5645646585523c6490425411df2127e607c78262dd23e5,39108
4123010213,哈尔滨工业大学,e787cb0c3c60aa03,badge,https://raw.githubusercontent.com/RoboMaster/university_logos/3d645fc89869707bd7df8dba0f7e4bbcc4a60e14/Harbin_Institute_of_Technology/svg/logo_black.svg,https://github.com/RoboMaster/university_logos/blob/3d645fc89869707bd7df8dba0f7e4bbcc4a60e14/Harbin_Institute_of_Technology/svg/logo_black.svg,logo_black.svg,Harbin_Institute_of_Technology/svg/logo_black.svg,False,svg,,,,,True,vector,,,content_inspected,,,哈尔滨工业大学,RoboMaster/university_logos,3d645fc89869707bd7df8dba0f7e4bbcc4a60e14,49f8d80a1edfa62395564bbea21891d090062aaa516d0374655021d00cf1b63b,583127
4123010214,哈尔滨理工大学,8ebbc9eb074c14f8,badge,https://www.shanghairanking.cn/_uni/logo/37722595.png,https://github.com/xioajiumi/Chinese_Universities/blob/e088fddc329a6f0148ca72fd3b4d0fe069f13e3a/Chinese_Universities.json,37722595.png,Chinese_Universities.json,False,png,,,,,,,,,indexed_not_fetched,MIT,,哈尔滨理工大学,xioajiumi/Chinese_Universities,e088fddc329a6f0148ca72fd3b4d0fe069f13e3a,,
4123010214,哈尔滨理工大学,9368de1016c05812,badge,https://raw.githubusercontent.com/Magicdover/China-Universities-2026/419bdc7ce6956fc88c2b70b3979f170b6666f111/assets/logos-new/%E5%93%88%E5%B0%94%E6%BB%A8%E7%90%86%E5%B7%A5%E5%A4%A7%E5%AD%A6%20HRBUST.svg,https://github.com/Magicdover/China-Universities-2026/blob/419bdc7ce6956fc88c2b70b3979f170b6666f111/assets/logos-new/%E5%93%88%E5%B0%94%E6%BB%A8%E7%90%86%E5%B7%A5%E5%A4%A7%E5%AD%A6%20HRBUST.svg,%E5%93%88%E5%B0%94%E6%BB%A8%E7%90%86%E5%B7%A5%E5%A4%A7%E5%AD%A6%20HRBUST.svg,assets/logos-new/哈尔滨理工大学 HRBUST.svg,False,svg,785.0,785.0,,,True,vector,,,content_inspected,MIT,,哈尔滨理工大学,Magicdover/China-Universities-2026,419bdc7ce6956fc88c2b70b3979f170b6666f111,377177d81de759066caab9d34efdbec56cc88cdda032694abac48c914b00ed76,42969
4123010214,哈尔滨理工大学,a6b9d539724c6516,badge,https://raw.githubusercontent.com/RoboMaster/university_logos/3d645fc89869707bd7df8dba0f7e4bbcc4a60e14/Harbin_University_of_Science_and_Technology/png/logo_blue_800x800.png,https://github.com/RoboMaster/university_logos/blob/3d645fc89869707bd7df8dba0f7e4bbcc4a60e14/Harbin_University_of_Science_and_Technology/png/logo_blue_800x800.png,logo_blue_800x800.png,Harbin_University_of_Science_and_Technology/png/logo_blue_800x800.png,False,png,800,800,,,False,raster,True,True,content_inspected,,,哈尔滨理工大学,RoboMaster/university_logos,3d645fc89869707bd7df8dba0f7e4bbcc4a60e14,2e7b389f0ad10a77e65cc0393de51b2c62b8f11a4418f715fc60e37abe956773,191782
4123010214,哈尔滨理工大学,aeafea8d5aae3022,badge,https://raw.githubusercontent.com/RoboMaster/university_logos/3d645fc89869707bd7df8dba0f7e4bbcc4a60e14/Harbin_University_of_Science_and_Technology/svg/logo_blue.svg,https://github.com/RoboMaster/university_logos/blob/3d645fc89869707bd7df8dba0f7e4bbcc4a60e14/Harbin_University_of_Science_and_Technology/svg/logo_blue.svg,logo_blue.svg,Harbin_University_of_Science_and_Technology/svg/logo_blue.svg,False,svg,,,,,False,svg_with_raster,,,content_inspected,,,哈尔滨理工大学,RoboMaster/university_logos,3d645fc89869707bd7df8dba0f7e4bbcc4a60e14,85e33918a71dd2c48e2f87ee1c809e6a01de2b1444989e5b164b6c20cfa38c13,1102173
4123010217,哈尔滨工程大学,4c8ff488cc8b63e4,badge,https://www.shanghairanking.cn/_uni/logo/86980791.png,https://github.com/xioajiumi/Chinese_Universities/blob/e088fddc329a6f0148ca72fd3b4d0fe069f13e3a/Chinese_Universities.json,86980791.png,Chinese_Universities.json,False,png,,,,,,,,,indexed_not_fetched,MIT,,哈尔滨工程大学,xioajiumi/Chinese_Universities,e088fddc329a6f0148ca72fd3b4d0fe069f13e3a,,
4123010217,哈尔滨工程大学,896dab9dacbb4b8d,badge,https://raw.githubusercontent.com/Magicdover/China-Universities-2026/419bdc7ce6956fc88c2b70b3979f170b6666f111/assets/logos-new/%E5%93%88%E5%B0%94%E6%BB%A8%E5%B7%A5%E7%A8%8B%E5%A4%A7%E5%AD%A6%20HEU.svg,https://github.com/Magicdover/China-Universities-2026/blob/419bdc7ce6956fc88c2b70b3979f170b6666f111/assets/logos-new/%E5%93%88%E5%B0%94%E6%BB%A8%E5%B7%A5%E7%A8%8B%E5%A4%A7%E5%AD%A6%20HEU.svg,%E5%93%88%E5%B0%94%E6%BB%A8%E5%B7%A5%E7%A8%8B%E5%A4%A7%E5%AD%A6%20HEU.svg,assets/logos-new/哈尔滨工程大学 HEU.svg,False,svg,88.0,88.0,,,True,vector,,,content_inspected,MIT,,哈尔滨工程大学,Magicdover/China-Universities-2026,419bdc7ce6956fc88c2b70b3979f170b6666f111,a15cbf1052170ff3d8cc1ca5e02153faea4eccec33ec117719420fa687c14383,126023
4123010217,哈尔滨工程大学,de0be2cb34d7f689,badge,https://raw.githubusercontent.com/RoboMaster/university_logos/3d645fc89869707bd7df8dba0f7e4bbcc4a60e14/Harbin_Engineering_University/png/logo_blue_800x800.png,https://github.com/RoboMaster/university_logos/blob/3d645fc89869707bd7df8dba0f7e4bbcc4a60e14/Harbin_Engineering_University/png/logo_blue_800x800.png,logo_blue_800x800.png,Harbin_Engineering_University/png/logo_blue_800x800.png,False,png,800,800,,,False,raster,True,True,content_inspected,,,哈尔滨工程大学,RoboMaster/university_logos,3d645fc89869707bd7df8dba0f7e4bbcc4a60e14,08df71e7cf259604378c4bb173f76d40f23193ee38901299e445f9544ccf69c1,117989
4123010217,哈尔滨工程大学,6a5f26fb5cf09ff7,badge,https://raw.githubusercontent.com/RoboMaster/university_logos/3d645fc89869707bd7df8dba0f7e4bbcc4a60e14/Harbin_Engineering_University/svg/logo_blue.svg,https://github.com/RoboMaster/university_logos/blob/3d645fc89869707bd7df8dba0f7e4bbcc4a60e14/Harbin_Engineering_University/svg/logo_blue.svg,logo_blue.svg,Harbin_Engineering_University/svg/logo_blue.svg,False,svg,,,,,True,vector,,,content_inspected,,,哈尔滨工程大学,RoboMaster/university_logos,3d645fc89869707bd7df8dba0f7e4bbcc4a60e14,03c7a9a4294ae49b70301dd25dd869032f773caf774e61dbcab7f8b807140668,504016
4123010219,黑龙江科技大学,5e349a6b30826879,badge,https://www.shanghairanking.cn/_uni/logo/65166425.png,https://github.com/xioajiumi/Chinese_Universities/blob/e088fddc329a6f0148ca72fd3b4d0fe069f13e3a/Chinese_Universities.json,65166425.png,Chinese_Universities.json,False,png,,,,,,,,,indexed_not_fetched,MIT,,黑龙江科技大学,xioajiumi/Chinese_Universities,e088fddc329a6f0148ca72fd3b4d0fe069f13e3a,,
4123010220,东北石油大学,702a9e10552f2309,badge,https://www.shanghairanking.cn/_uni/logo/74529408.png,https://github.com/xioajiumi/Chinese_Universities/blob/e088fddc329a6f0148ca72fd3b4d0fe069f13e3a/Chinese_Universities.json,74529408.png,Chinese_Universities.json,False,png,,,,,,,,,indexed_not_fetched,MIT,,东北石油大学,xioajiumi/Chinese_Universities,e088fddc329a6f0148ca72fd3b4d0fe069f13e3a,,
4123010222,佳木斯大学,c8fc78a31f6c2089,badge,https://www.shanghairanking.cn/_uni/logo/39384948.png,https://github.com/xioajiumi/Chinese_Universities/blob/e088fddc329a6f0148ca72fd3b4d0fe069f13e3a/Chinese_Universities.json,39384948.png,Chinese_Universities.json,False,png,,,,,,,,,indexed_not_fetched,MIT,,佳木斯大学,xioajiumi/Chinese_Universities,e088fddc329a6f0148ca72fd3b4d0fe069f13e3a,,
4123010223,黑龙江八一农垦大学,bdc0c655c98416ad,badge,https://www.shanghairanking.cn/_uni/logo/10913514.png,https://github.com/xioajiumi/Chinese_Universities/blob/e088fddc329a6f0148ca72fd3b4d0fe069f13e3a/Chinese_Universities.json,10913514.png,Chinese_Universities.json,False,png,,,,,,,,,indexed_not_fetched,MIT,,黑龙江八一农垦大学,xioajiumi/Chinese_Universities,e088fddc329a6f0148ca72fd3b4d0fe069f13e3a,,
4123010224,东北农业大学,894f26754212de5d,badge,https://www.shanghairanking.cn/_uni/logo/52533406.png,https://github.com/xioajiumi/Chinese_Universities/blob/e088fddc329a6f0148ca72fd3b4d0fe069f13e3a/Chinese_Universities.json,52533406.png,Chinese_Universities.json,False,png,,,,,,,,,indexed_not_fetched,MIT,,东北农业大学,xioajiumi/Chinese_Universities,e088fddc329a6f0148ca72fd3b4d0fe069f13e3a,,
4123010224,东北农业大学,c83e60761b5c47e4,badge,https://raw.githubusercontent.com/Magicdover/China-Universities-2026/419bdc7ce6956fc88c2b70b3979f170b6666f111/assets/logos-new/%E4%B8%9C%E5%8C%97%E5%86%9C%E4%B8%9A%E5%A4%A7%E5%AD%A6%20NEAU.png,https://github.com/Magicdover/China-Universities-2026/blob/419bdc7ce6956fc88c2b70b3979f170b6666f111/assets/logos-new/%E4%B8%9C%E5%8C%97%E5%86%9C%E4%B8%9A%E5%A4%A7%E5%AD%A6%20NEAU.png,%E4%B8%9C%E5%8C%97%E5%86%9C%E4%B8%9A%E5%A4%A7%E5%AD%A6%20NEAU.png,assets/logos-new/东北农业大学 NEAU.png,False,png,1024,1024,,,False,raster,True,True,content_inspected,MIT,,东北农业大学,Magicdover/China-Universities-2026,419bdc7ce6956fc88c2b70b3979f170b6666f111,18dde2cb09996d9bcc5612b88b73c374aa941c5a31b44ac6d48c7fa987d1f18e,186105
4123010225,东北林业大学,d3dbb659cfb241e4,badge,https://www.shanghairanking.cn/_uni/logo/23921267.png,https://github.com/xioajiumi/Chinese_Universities/blob/e088fddc329a6f0148ca72fd3b4d0fe069f13e3a/Chinese_Universities.json,23921267.png,Chinese_Universities.json,False,png,,,,,,,,,indexed_not_fetched,MIT,,东北林业大学,xioajiumi/Chinese_Universities,e088fddc329a6f0148ca72fd3b4d0fe069f13e3a,,
4123010225,东北林业大学,5d38f4dabf930598,badge,https://raw.githubusercontent.com/Magicdover/China-Universities-2026/419bdc7ce6956fc88c2b70b3979f170b6666f111/assets/logos-new/%E4%B8%9C%E5%8C%97%E6%9E%97%E4%B8%9A%E5%A4%A7%E5%AD%A6%20NEFU.png,https://github.com/Magicdover/China-Universities-2026/blob/419bdc7ce6956fc88c2b70b3979f170b6666f111/assets/logos-new/%E4%B8%9C%E5%8C%97%E6%9E%97%E4%B8%9A%E5%A4%A7%E5%AD%A6%20NEFU.png,%E4%B8%9C%E5%8C%97%E6%9E%97%E4%B8%9A%E5%A4%A7%E5%AD%A6%20NEFU.png,assets/logos-new/东北林业大学 NEFU.png,False,png,1024,1024,,,False,raster,True,True,content_inspected,MIT,,东北林业大学,Magicdover/China-Universities-2026,419bdc7ce6956fc88c2b70b3979f170b6666f111,4f74b74244849cad2954dce880766a01f9683b421d5c38408ceef4fb505e1f46,156212
4123010225,东北林业大学,ef306a94981e92dc,badge,https://raw.githubusercontent.com/RoboMaster/university_logos/3d645fc89869707bd7df8dba0f7e4bbcc4a60e14/Northeast_Forestry_University/png/logo_green_800x800.png,https://github.com/RoboMaster/university_logos/blob/3d645fc89869707bd7df8dba0f7e4bbcc4a60e14/Northeast_Forestry_University/png/logo_green_800x800.png,logo_green_800x800.png,Northeast_Forestry_University/png/logo_green_800x800.png,False,png,800,800,,,False,raster,True,True,content_inspected,,,东北林业大学,RoboMaster/university_logos,3d645fc89869707bd7df8dba0f7e4bbcc4a60e14,1dd1f22ab9e63096e3fe45400c47527078539b43b37bcea5a846770fab2cb9a4,68663
4123010225,东北林业大学,4af9c7cf7f8da128,badge,https://raw.githubusercontent.com/RoboMaster/university_logos/3d645fc89869707bd7df8dba0f7e4bbcc4a60e14/Northeast_Forestry_University/svg/logo_green.svg,https://github.com/RoboMaster/university_logos/blob/3d645fc89869707bd7df8dba0f7e4bbcc4a60e14/Northeast_Forestry_University/svg/logo_green.svg,logo_green.svg,Northeast_Forestry_University/svg/logo_green.svg,False,svg,,,,,True,vector,,,content_inspected,,,东北林业大学,RoboMaster/university_logos,3d645fc89869707bd7df8dba0f7e4bbcc4a60e14,ce8174b05c661735fa08bb13226c353082a4cd60d7bb83086fe4fd777ae37313,497952
4123010231,哈尔滨师范大学,0023356990207d85,badge,https://www.shanghairanking.cn/_uni/logo/21560941.png,https://github.com/xioajiumi/Chinese_Universities/blob/e088fddc329a6f0148ca72fd3b4d0fe069f13e3a/Chinese_Universities.json,21560941.png,Chinese_Universities.json,False,png,,,,,,,,,indexed_not_fetched,MIT,,哈尔滨师范大学,xioajiumi/Chinese_Universities,e088fddc329a6f0148ca72fd3b4d0fe069f13e3a,,
4123010232,齐齐哈尔大学,17ac116daedbc748,badge,https://www.shanghairanking.cn/_uni/logo/19030311.png,https://github.com/xioajiumi/Chinese_Universities/blob/e088fddc329a6f0148ca72fd3b4d0fe069f13e3a/Chinese_Universities.json,19030311.png,Chinese_Universities.json,False,png,,,,,,,,,indexed_not_fetched,MIT,,齐齐哈尔大学,xioajiumi/Chinese_Universities,e088fddc329a6f0148ca72fd3b4d0fe069f13e3a,,
4123010233,牡丹江师范学院,176cedb92fe4dc7a,badge,https://www.shanghairanking.cn/_uni/logo/39075056.png,https://github.com/xioajiumi/Chinese_Universities/blob/e088fddc329a6f0148ca72fd3b4d0fe069f13e3a/Chinese_Universities.json,39075056.png,Chinese_Universities.json,False,png,,,,,,,,,indexed_not_fetched,MIT,,牡丹江师范学院,xioajiumi/Chinese_Universities,e088fddc329a6f0148ca72fd3b4d0fe069f13e3a,,
4123010234,哈尔滨学院,9e052a2ec6bfcd61,badge,https://www.shanghairanking.cn/_uni/logo/71111811.png,https://github.com/xioajiumi/Chinese_Universities/blob/e088fddc329a6f0148ca72fd3b4d0fe069f13e3a/Chinese_Universities.json,71111811.png,Chinese_Universities.json,False,png,,,,,,,,,indexed_not_fetched,MIT,,哈尔滨学院,xioajiumi/Chinese_Universities,e088fddc329a6f0148ca72fd3b4d0fe069f13e3a,,
4123010235,大庆师范学院,b1ff430ad2f8a61a,badge,https://www.shanghairanking.cn/_uni/logo-jpg/7194980800.jpg,https://github.com/xioajiumi/Chinese_Universities/blob/e088fddc329a6f0148ca72fd3b4d0fe069f13e3a/Chinese_Universities.json,7194980800.jpg,Chinese_Universities.json,False,jpg,,,,,,,,,indexed_not_fetched,MIT,,大庆师范学院,xioajiumi/Chinese_Universities,e088fddc329a6f0148ca72fd3b4d0fe069f13e3a,,
4123010236,绥化学院,8f419562fc17f124,badge,https://www.shanghairanking.cn/_uni/logo-jpg/3200894300.jpg,https://github.com/xioajiumi/Chinese_Universities/blob/e088fddc329a6f0148ca72fd3b4d0fe069f13e3a/Chinese_Universities.json,3200894300.jpg,Chinese_Universities.json,False,jpg,,,,,,,,,indexed_not_fetched,MIT,,绥化学院,xioajiumi/Chinese_Universities,e088fddc329a6f0148ca72fd3b4d0fe069f13e3a,,
4123011445,黑龙江工业学院,d5db32f65fcc7d33,badge,https://www.shanghairanking.cn/_uni/logo-jpg/4358643700.jpg,https://github.com/xioajiumi/Chinese_Universities/blob/e088fddc329a6f0148ca72fd3b4d0fe069f13e3a/Chinese_Universities.json,4358643700.jpg,Chinese_Universities.json,False,jpg,,,,,,,,,indexed_not_fetched,MIT,,黑龙江工业学院,xioajiumi/Chinese_Universities,e088fddc329a6f0148ca72fd3b4d0fe069f13e3a,,
4123011802,黑龙江工程学院,57ba1f9b2f8d72d6,badge,https://www.shanghairanking.cn/_uni/logo/12526638.png,https://github.com/xioajiumi/Chinese_Universities/blob/e088fddc329a6f0148ca72fd3b4d0fe069f13e3a/Chinese_Universities.json,12526638.png,Chinese_Universities.json,False,png,,,,,,,,,indexed_not_fetched,MIT,,黑龙江工程学院,xioajiumi/Chinese_Universities,e088fddc329a6f0148ca72fd3b4d0fe069f13e3a,,
4123013744,黑河学院,a923f21a11374e3c,badge,https://www.shanghairanking.cn/_uni/logo-jpg/6108486600.jpg,https://github.com/xioajiumi/Chinese_Universities/blob/e088fddc329a6f0148ca72fd3b4d0fe069f13e3a/Chinese_Universities.json,6108486600.jpg,Chinese_Universities.json,False,jpg,,,,,,,,,indexed_not_fetched,MIT,,黑河学院,xioajiumi/Chinese_Universities,e088fddc329a6f0148ca72fd3b4d0fe069f13e3a,,
4123013744,黑河学院,1674ff42fb3ed4cd,badge,https://raw.githubusercontent.com/RoboMaster/university_logos/3d645fc89869707bd7df8dba0f7e4bbcc4a60e14/Heihe_University/png/logo_blue_800x800.png,https://github.com/RoboMaster/university_logos/blob/3d645fc89869707bd7df8dba0f7e4bbcc4a60e14/Heihe_University/png/logo_blue_800x800.png,logo_blue_800x800.png,Heihe_University/png/logo_blue_800x800.png,False,png,800,800,,,False,raster,True,True,content_inspected,,,黑河学院,RoboMaster/university_logos,3d645fc89869707bd7df8dba0f7e4bbcc4a60e14,86d8234b2d1478844b90581726eea6378cfe1212da4c665ea38e9c7ba03c9dd9,674279
