school_code,name_zh,province,official_website,profile_path,visual_path,logo_url,logo_kind,logo_format,logo_official,logo_access_status,logo_source,logo_asset_id,logo_download_kind,logo_archive_url,logo_archive_member,logo_archive_sha256,color_primary,color_method,color_status,color_label,color_source,color_basis,official_print_color_entries,official_template_url,school_ppt_entries,department_ppt_entries,community_resource_entries,school_ppt_file_count,department_ppt_file_count,community_ppt_file_count
4131010246,复旦大学,上海市,https://www.fudan.edu.cn,universities/上海市/4131010246/profile.yaml,universities/上海市/4131010246/VISUAL.md,https://www.fudan.edu.cn/_upload/site/00/02/2/logo.png,site_identity,png,True,content_inspected,https://www.fudan.edu.cn,b9a3a98c8bff340cd6f0443f,,,,,#0E419C,official_vi,found,蓝色标准色,https://www.fudan.edu.cn/_upload/article/images/72/fa/4a0ce26f42aa9edc5174c3b9c347/fc66e114-83ba-4fc4-b4f1-8fc4d3f03dfd.png,当前官网标识系统“标准色及色阶”第一张蓝色色卡；AI查看原图，RGB14/65/156、CMYK100/90/0/0、Pantone2736C。,0,,0,0,3,0,0,0
4131010247,同济大学,上海市,https://www.tongji.edu.cn/,universities/上海市/4131010247/profile.yaml,universities/上海市/4131010247/VISUAL.md,https://www.tongji.edu.cn/images/logo.png,site_identity,png,True,content_inspected,https://www.tongji.edu.cn/,47bf627af4d80686a3dbbe43,,,,,#82BCF5,manual_derived,found,官网标识取样的PPT建议主色,https://www.tongji.edu.cn/images/18/05/03/1d0wfqyjja/footlogo.png,官网页眉标识图片：滤去透明、近白和低饱和背景后，对高频RGB色簇取通道中位数；不是VI标准色色卡,0,,0,0,3,0,0,0
4131010248,上海交通大学,上海市,https://www.sjtu.edu.cn/,universities/上海市/4131010248/profile.yaml,universities/上海市/4131010248/VISUAL.md,https://vi.sjtu.edu.cn/img/logo-s-w.png,site_identity,png,True,content_inspected,https://vi.sjtu.edu.cn/,aace2d1c4212f14728911e3f,,,,,#C8161E,official_vi,found,标准色,https://vi.sjtu.edu.cn/img/vi/A3-%E8%89%B2%E5%BD%A9%E8%A7%84%E8%8C%83/A3-01%E6%A0%87%E5%87%86%E8%89%B2%E8%A7%84%E8%8C%83%EF%BC%88%E5%90%AB%E8%89%B2%E9%98%B6%EF%BC%89.jpg,校方VI色彩规范A3-01标准色图；AI查看完整原图，印出RGB 200/22/30、CMYK 20/100/100/0与Pantone P 49-8 C。仅把RGB精确换写为HEX，未采样图片像素。,0,,0,0,5,0,0,0
4131010251,华东理工大学,上海市,https://www.ecust.edu.cn/,universities/上海市/4131010251/profile.yaml,universities/上海市/4131010251/VISUAL.md,https://www.ecust.edu.cn/_upload/tpl/00/2c/44/template44/images/logo.png,site_identity,png,True,content_inspected,https://www.ecust.edu.cn/,04ffd445707ac3b0962dc726,,,,,#00528E,manual_derived,found,官网标识取样的PPT建议主色,https://www.ecust.edu.cn/_upload/tpl/00/2c/44/template44/images/logo.png,官网页眉标识图片：滤去透明、近白和低饱和背景后，对高频RGB色簇取通道中位数；不是VI标准色色卡,0,,0,0,2,0,0,0
4131010252,上海理工大学,上海市,https://www.usst.edu.cn/,universities/上海市/4131010252/profile.yaml,universities/上海市/4131010252/VISUAL.md,https://www.usst.edu.cn/_upload/tpl/00/40/64/template64/images/logo.svg,site_identity,svg,True,content_inspected,https://www.usst.edu.cn/,d669531c1ffcd9609cd1a49f,,,,,,,unresearched,,,,0,,0,0,1,0,0,0
4131010254,上海海事大学,上海市,https://www.shmtu.edu.cn,universities/上海市/4131010254/profile.yaml,universities/上海市/4131010254/VISUAL.md,https://scm.shmtu.edu.cn/_upload/site/00/7e/126/logo.png,site_identity,png,True,content_inspected,https://scm.shmtu.edu.cn/photo/2022/0609/c10555a175554/page.htm,413791890d74e84a373a4026,,,,,,,not_found,,,,0,https://scm.shmtu.edu.cn/photo/xhjVI/list.htm,0,0,0,0,0,0
4131010255,东华大学,上海市,https://www.dhu.edu.cn/,universities/上海市/4131010255/profile.yaml,universities/上海市/4131010255/VISUAL.md,https://www.dhu.edu.cn/_upload/tpl/0b/3f/2879/template2879/image/logo.png,site_identity,png,True,content_inspected,https://www.dhu.edu.cn/,725103637bb79d1844f07e2a,,,,,#A0021F,official_vi,found,锦缎红,https://www.dhu.edu.cn/_upload/article/files/d2/8c/2137ec0c44238fd6fbd3ee28ff07/5b021eb4-4f50-4e51-871c-7a17d191a581.pdf,官网 VI 手册规定标准色 RGB R160 G2 B31，换算为 HEX,0,https://www.dhu.edu.cn/_s3/xxbs/list.psp,6,0,2,6,0,0
4131010256,上海电力大学,上海市,https://www.shiep.edu.cn,universities/上海市/4131010256/profile.yaml,universities/上海市/4131010256/VISUAL.md,https://raw.githubusercontent.com/xioajiumi/Chinese_Universities/e088fddc329a6f0148ca72fd3b4d0fe069f13e3a/logo.zip,badge,png,False,content_inspected,https://github.com/xioajiumi/Chinese_Universities/blob/e088fddc329a6f0148ca72fd3b4d0fe069f13e3a/logo.zip,319dd8c119e9551d,archive_member,https://raw.githubusercontent.com/xioajiumi/Chinese_Universities/e088fddc329a6f0148ca72fd3b4d0fe069f13e3a/logo.zip,img2/上海电力大学.png,53c17d411407a72ee7e3094cbc8e5238fbf8d376e5415e78ff2c5ad2c55bb549,,,unresearched,,,,0,,0,0,0,0,0,0
4131010259,上海应用技术大学,上海市,https://www.sit.edu.cn/,universities/上海市/4131010259/profile.yaml,universities/上海市/4131010259/VISUAL.md,https://www.sit.edu.cn/images/logo.png,site_identity,png,True,content_inspected,https://www.sit.edu.cn/,7b551ffcfa93de3ca6f51c64,,,,,,,unresearched,,,,0,,0,0,0,0,0,0
4131010262,上海健康医学院,上海市,https://www.sumhs.edu.cn/,universities/上海市/4131010262/profile.yaml,universities/上海市/4131010262/VISUAL.md,https://www.sumhs.edu.cn/_upload/tpl/01/8e/398/template398/images/logo.png,site_identity,png,True,content_inspected,https://www.sumhs.edu.cn/,acf39d9e16f1e0391ea2b920,,,,,#1F54B4,manual_derived,found,官网标识取样的PPT建议主色,https://www.sumhs.edu.cn/_upload/tpl/01/8e/398/template398/images/logo.png,官网页眉标识图片：滤去透明、近白和低饱和背景后，对高频RGB色簇取通道中位数；不是VI标准色色卡,0,,0,0,0,0,0,0
4131010264,上海海洋大学,上海市,https://www.shou.edu.cn/,universities/上海市/4131010264/profile.yaml,universities/上海市/4131010264/VISUAL.md,https://raw.githubusercontent.com/xioajiumi/Chinese_Universities/e088fddc329a6f0148ca72fd3b4d0fe069f13e3a/logo.zip,badge,png,False,content_inspected,https://github.com/xioajiumi/Chinese_Universities/blob/e088fddc329a6f0148ca72fd3b4d0fe069f13e3a/logo.zip,e5d28ecc08ec896d,archive_member,https://raw.githubusercontent.com/xioajiumi/Chinese_Universities/e088fddc329a6f0148ca72fd3b4d0fe069f13e3a/logo.zip,img2/上海海洋大学.png,53c17d411407a72ee7e3094cbc8e5238fbf8d376e5415e78ff2c5ad2c55bb549,,,unresearched,,,,0,,0,0,2,0,0,0
4131010268,上海中医药大学,上海市,https://www.shutcm.edu.cn/,universities/上海市/4131010268/profile.yaml,universities/上海市/4131010268/VISUAL.md,https://www.shutcm.edu.cn/_upload/article/images/86/6f/1b5140724c90a664751e3138a5a1/3e2c29ff-32b1-4a94-a3de-27761359d272.png,site_identity,png,True,content_inspected,https://www.shutcm.edu.cn/,c13717cdb9a95744e7e15975,,,,,,,unresearched,,,,0,,0,0,2,0,0,0
4131010269,华东师范大学,上海市,https://www.ecnu.edu.cn/,universities/上海市/4131010269/profile.yaml,universities/上海市/4131010269/VISUAL.md,https://www.ecnu.edu.cn/images/logo.svg,site_identity,svg,True,content_inspected,https://www.ecnu.edu.cn/,f6cff56a169227d2d67bc3b7,,,,,,,unresearched,,,,0,https://www.ecnu.edu.cn/wzcd/xxgk/xxbs/bsxz/bgyy/PPTmb.htm,0,0,4,0,0,11
4131010270,上海师范大学,上海市,https://www.shnu.edu.cn,universities/上海市/4131010270/profile.yaml,universities/上海市/4131010270/VISUAL.md,https://www.shnu.edu.cn/_upload/tpl/03/a5/933/template933/images/logo.svg,site_identity,svg,True,content_inspected,https://www.shnu.edu.cn,2766e9b5f3edf3a41873e493,,,,,,,unresearched,,,,0,,0,3,1,0,2,0
4131010271,上海外国语大学,上海市,https://www.shisu.edu.cn,universities/上海市/4131010271/profile.yaml,universities/上海市/4131010271/VISUAL.md,https://www.shisu.edu.cn/assets/images/logo.png,site_identity,png,True,content_inspected,https://www.shisu.edu.cn,78e2d143585a756bae265524,,,,,#0062AC,official_vi,found,上外蓝,https://shisu.edu.cn/about/identity-guidelines/index.html,官网直接列出网页 HEX #0062AC,0,https://shisu.edu.cn/about/identity-guidelines/index.html,0,0,2,0,0,0
4131010272,上海财经大学,上海市,https://www.sufe.edu.cn,universities/上海市/4131010272/profile.yaml,universities/上海市/4131010272/VISUAL.md,https://news.sufe.edu.cn/_upload/tpl/02/db/731/template731/images/logo_w.png,site_identity,png,True,content_inspected,https://news.sufe.edu.cn/16673/list.htm,617107c71cae485f3af2f679,,,,,,,unresearched,,,,0,,0,0,2,0,0,0
4131010273,上海对外经贸大学,上海市,https://www.suibe.edu.cn,universities/上海市/4131010273/profile.yaml,universities/上海市/4131010273/VISUAL.md,https://www.suibe.edu.cn/_upload/tpl/05/88/1416/template1416/images/logo.png,site_identity,png,True,content_inspected,https://www.suibe.edu.cn,5e46702895c32741ce68379e,,,,,,,unresearched,,,,0,,0,0,1,0,0,0
4131010274,上海海关学院,上海市,,universities/上海市/4131010274/profile.yaml,universities/上海市/4131010274/VISUAL.md,https://raw.githubusercontent.com/xioajiumi/Chinese_Universities/e088fddc329a6f0148ca72fd3b4d0fe069f13e3a/logo.zip,badge,png,False,content_inspected,https://github.com/xioajiumi/Chinese_Universities/blob/e088fddc329a6f0148ca72fd3b4d0fe069f13e3a/logo.zip,5ab827032b2e16cf,archive_member,https://raw.githubusercontent.com/xioajiumi/Chinese_Universities/e088fddc329a6f0148ca72fd3b4d0fe069f13e3a/logo.zip,img2/上海海关学院.png,53c17d411407a72ee7e3094cbc8e5238fbf8d376e5415e78ff2c5ad2c55bb549,,,unresearched,,,,0,,0,0,0,0,0,0
4131010276,华东政法大学,上海市,https://www.ecupl.edu.cn/,universities/上海市/4131010276/profile.yaml,universities/上海市/4131010276/VISUAL.md,https://www.ecupl.edu.cn/_upload/tpl/02/16/534/template534/images/logo.svg,site_identity,svg,True,content_inspected,https://www.ecupl.edu.cn/,3f2b9719916f7ad1b240a22a,,,,,,official_vi,official_print_only,华政红,https://www.ecupl.edu.cn/614/list.htm,官网学校标志页公布华政红CMYK40/100/50/20，没有RGB或HEX，不换算为屏幕色。；屏幕主色未公布，其他取色建议另见VISUAL.md。,1,,0,0,2,0,0,0
4131010277,上海体育大学,上海市,https://www.sus.edu.cn/,universities/上海市/4131010277/profile.yaml,universities/上海市/4131010277/VISUAL.md,https://raw.githubusercontent.com/Magicdover/China-Universities-2026/419bdc7ce6956fc88c2b70b3979f170b6666f111/assets/logos-new/%E4%B8%8A%E6%B5%B7%E4%BD%93%E8%82%B2%E5%A4%A7%E5%AD%A6%20SUS.svg,badge,svg,False,content_inspected,https://github.com/Magicdover/China-Universities-2026/blob/419bdc7ce6956fc88c2b70b3979f170b6666f111/assets/logos-new/%E4%B8%8A%E6%B5%B7%E4%BD%93%E8%82%B2%E5%A4%A7%E5%AD%A6%20SUS.svg,a87ebd026df38d43,,,,,,,unresearched,,,,0,,0,0,0,0,0,0
4131010278,上海音乐学院,上海市,https://www.shcmusic.edu.cn,universities/上海市/4131010278/profile.yaml,universities/上海市/4131010278/VISUAL.md,https://www.shcmusic.edu.cn/_upload/tpl/00/45/69/template69/images/logo.png,site_identity,png,True,content_inspected,https://www.shcmusic.edu.cn,9f48469746742ebcf41f15ab,,,,,,,unresearched,,,,0,,0,0,2,0,0,0
4131010279,上海戏剧学院,上海市,https://www.sta.edu.cn,universities/上海市/4131010279/profile.yaml,universities/上海市/4131010279/VISUAL.md,https://www.sta.edu.cn/_upload/tpl/00/80/128/template128/images/logo.png,site_identity,png,True,content_inspected,https://www.sta.edu.cn,189a87cb1deaffe0ec3c16dd,,,,,#78024B,manual_derived,found,官网标识取样的PPT建议主色,https://www.sta.edu.cn/_upload/tpl/00/80/128/template128/images/logo.png,官网页眉标识图片：滤去透明、近白和低饱和背景后，对高频RGB色簇取通道中位数；不是VI标准色色卡,0,,0,0,1,0,0,0
4131010280,上海大学,上海市,https://www.shu.edu.cn/,universities/上海市/4131010280/profile.yaml,universities/上海市/4131010280/VISUAL.md,https://www.shu.edu.cn/images/logo.svg,site_identity,svg,True,content_inspected,https://www.shu.edu.cn/,c15991e1ef04abc7c473a48d,,,,,,official_vi,official_print_only,上大蓝,https://xxgk.shu.edu.cn/info/1538/6324.htm,学校信息公开网2015年视觉形象识别系统管理办法明确“上大蓝”CMYK100/70/20/20；该来源未公布RGB/HEX，保留印刷原值。；屏幕主色未公布，其他取色建议另见VISUAL.md。,1,,0,0,3,0,0,0
4131010283,上海公安学院,上海市,,universities/上海市/4131010283/profile.yaml,universities/上海市/4131010283/VISUAL.md,,,,,,,,,,,,,,unresearched,,,,0,,0,0,0,0,0,0
4131010856,上海工程技术大学,上海市,https://www.sues.edu.cn/,universities/上海市/4131010856/profile.yaml,universities/上海市/4131010856/VISUAL.md,https://www.sues.edu.cn/_upload/tpl/03/2c/812/template812/images/logo.svg,site_identity,svg,True,content_inspected,https://www.sues.edu.cn/xxbs/list.htm,5e6b62dea9cf14ea6e94ae21,,,,,,,unresearched,,,,0,,0,0,0,0,0,0
4131011047,上海立信会计金融学院,上海市,https://www.lixin.edu.cn/,universities/上海市/4131011047/profile.yaml,universities/上海市/4131011047/VISUAL.md,https://raw.githubusercontent.com/xioajiumi/Chinese_Universities/e088fddc329a6f0148ca72fd3b4d0fe069f13e3a/logo.zip,badge,png,False,content_inspected,https://github.com/xioajiumi/Chinese_Universities/blob/e088fddc329a6f0148ca72fd3b4d0fe069f13e3a/logo.zip,8fe40a633d3c5025,archive_member,https://raw.githubusercontent.com/xioajiumi/Chinese_Universities/e088fddc329a6f0148ca72fd3b4d0fe069f13e3a/logo.zip,img2/上海立信会计金融学院.png,53c17d411407a72ee7e3094cbc8e5238fbf8d376e5415e78ff2c5ad2c55bb549,,,unresearched,,,,0,,0,0,0,0,0,0
4131011458,上海电机学院,上海市,https://www.sdju.edu.cn,universities/上海市/4131011458/profile.yaml,universities/上海市/4131011458/VISUAL.md,https://www.sdju.edu.cn/_upload/tpl/03/f0/1008/template1008/images/logo.svg,site_identity,svg,True,content_inspected,https://www.sdju.edu.cn,4d5044172e0044b9ebc67f89,,,,,#5C0D12,official_vi,found,电机红,https://www.sdju.edu.cn/xxzc/list.htm,学校章程规定校徽标识色 RGB R92 G13 B18，换算为 HEX；仅作为校徽色,0,,0,0,0,0,0,0
4131011833,上海杉达学院,上海市,,universities/上海市/4131011833/profile.yaml,universities/上海市/4131011833/VISUAL.md,,,,,,,,,,,,,,unresearched,,,,0,,0,0,0,0,0,0
4131011835,上海政法学院,上海市,https://www.shupl.edu.cn/,universities/上海市/4131011835/profile.yaml,universities/上海市/4131011835/VISUAL.md,https://www.shupl.edu.cn/_upload/tpl/01/03/259/template259/images/logo2.png,site_identity,png,True,content_inspected,https://www.shupl.edu.cn/,f79ca7a1070f729b8447e7ec,,,,,,,unresearched,,,,0,,0,0,0,0,0,0
4131012044,上海第二工业大学,上海市,,universities/上海市/4131012044/profile.yaml,universities/上海市/4131012044/VISUAL.md,https://raw.githubusercontent.com/xioajiumi/Chinese_Universities/e088fddc329a6f0148ca72fd3b4d0fe069f13e3a/logo.zip,badge,png,False,content_inspected,https://github.com/xioajiumi/Chinese_Universities/blob/e088fddc329a6f0148ca72fd3b4d0fe069f13e3a/logo.zip,9fcbe002327043dd,archive_member,https://raw.githubusercontent.com/xioajiumi/Chinese_Universities/e088fddc329a6f0148ca72fd3b4d0fe069f13e3a/logo.zip,img2/上海第二工业大学.png,53c17d411407a72ee7e3094cbc8e5238fbf8d376e5415e78ff2c5ad2c55bb549,,,unresearched,,,,0,,0,0,0,0,0,0
4131012050,上海商学院,上海市,https://www.sbs.edu.cn/,universities/上海市/4131012050/profile.yaml,universities/上海市/4131012050/VISUAL.md,https://www.sbs.edu.cn/images/logo1.png,site_identity,png,True,content_inspected,https://www.sbs.edu.cn/,9123f038b32aa219faaa471e,,,,,#004096,manual_derived,found,官网标识取样的PPT建议主色,https://www.sbs.edu.cn/images/logo1.png,官网页眉标识图片：滤去透明、近白和低饱和背景后，对高频RGB色簇取通道中位数；不是VI标准色色卡,0,,0,0,0,0,0,0
4131012587,上海立达学院,上海市,https://www.lidapoly.edu.cn/,universities/上海市/4131012587/profile.yaml,universities/上海市/4131012587/VISUAL.md,https://www.lidapoly.edu.cn/lib/template/static/picture/logo.png,site_identity,png,True,content_inspected,https://www.lidapoly.edu.cn/,cb1b3fac98996e68ba7f75da,,,,,,,unresearched,,,,0,,0,0,0,0,0,0
4131012799,上海建桥学院,上海市,https://www.gench.edu.cn/,universities/上海市/4131012799/profile.yaml,universities/上海市/4131012799/VISUAL.md,https://www.gench.edu.cn/_upload/tpl/03/6e/878/template878/images/logo.svg,site_identity,svg,True,content_inspected,https://www.gench.edu.cn/,9380a1e7fd91d2006cc6dc9d,,,,,,,unresearched,,,,0,,0,0,0,0,0,0
4131012914,上海兴伟学院,上海市,,universities/上海市/4131012914/profile.yaml,universities/上海市/4131012914/VISUAL.md,,,,,,,,,,,,,,unresearched,,,,0,,0,0,0,0,0,0
4131012915,上海中侨职业技术大学,上海市,https://www.shzq.edu.cn/,universities/上海市/4131012915/profile.yaml,universities/上海市/4131012915/VISUAL.md,https://www.shzq.edu.cn/_upload/tpl/03/6e/878/template878/images/logo.png,site_identity,png,True,content_inspected,https://www.shzq.edu.cn/,f31e81f06929827eefac80a8,,,,,,,unresearched,,,,0,,0,0,0,0,0,0
4131013632,上海视觉艺术学院,上海市,https://www.siva.edu.cn,universities/上海市/4131013632/profile.yaml,universities/上海市/4131013632/VISUAL.md,https://www.siva.edu.cn/_upload/tpl/00/03/3/template3/images/logo.svg,site_identity,,True,inspection_failed,https://www.siva.edu.cn/,4ef0b6b78938cff9830d09eb,,,,,,,unresearched,,,,0,,0,0,0,0,0,0
4131013636,上海外国语大学贤达经济人文学院,上海市,https://www.xdsisu.edu.cn/main.htm,universities/上海市/4131013636/profile.yaml,universities/上海市/4131013636/VISUAL.md,https://www.xdsisu.edu.cn/_upload/tpl/00/10/16/template16/images/logo.svg,site_identity,svg,True,content_inspected,https://www.xdsisu.edu.cn/main.htm,f2b40f79e57e21b039826cb5,,,,,,,unresearched,,,,0,,0,0,0,0,0,0
4131013893,上海师范大学天华学院,上海市,https://www.sthu.cn/,universities/上海市/4131013893/profile.yaml,universities/上海市/4131013893/VISUAL.md,https://www.sthu.cn/_upload/tpl/00/dd/221/template221/images/logo.svg,site_identity,svg,True,content_inspected,https://www.sthu.cn/,a2060ee167a655e737de210c,,,,,,,unresearched,,,,0,,0,0,0,0,0,0
4131014423,上海科技大学,上海市,https://www.shanghaitech.edu.cn,universities/上海市/4131014423/profile.yaml,universities/上海市/4131014423/VISUAL.md,https://raw.githubusercontent.com/Magicdover/China-Universities-2026/419bdc7ce6956fc88c2b70b3979f170b6666f111/assets/logos-new/%E4%B8%8A%E6%B5%B7%E7%A7%91%E6%8A%80%E5%A4%A7%E5%AD%A6%20SHTECH.svg,badge,svg,False,content_inspected,https://github.com/Magicdover/China-Universities-2026/blob/419bdc7ce6956fc88c2b70b3979f170b6666f111/assets/logos-new/%E4%B8%8A%E6%B5%B7%E7%A7%91%E6%8A%80%E5%A4%A7%E5%AD%A6%20SHTECH.svg,18867a27465596b8,,,,,,,unresearched,,,,0,,0,0,3,0,0,0
4131016404,上海纽约大学,上海市,https://www.shnyu.edu.cn/cn,universities/上海市/4131016404/profile.yaml,universities/上海市/4131016404/VISUAL.md,https://raw.githubusercontent.com/xioajiumi/Chinese_Universities/e088fddc329a6f0148ca72fd3b4d0fe069f13e3a/logo.zip,badge,png,False,content_inspected,https://github.com/xioajiumi/Chinese_Universities/blob/e088fddc329a6f0148ca72fd3b4d0fe069f13e3a/logo.zip,e55ddaeb87099b1e,archive_member,https://raw.githubusercontent.com/xioajiumi/Chinese_Universities/e088fddc329a6f0148ca72fd3b4d0fe069f13e3a/logo.zip,img2/上海纽约大学.png,53c17d411407a72ee7e3094cbc8e5238fbf8d376e5415e78ff2c5ad2c55bb549,,,unresearched,,,,0,,0,0,0,0,0,0
4153010673,云南大学,云南省,https://www.ynu.edu.cn/,universities/云南省/4153010673/profile.yaml,universities/云南省/4153010673/VISUAL.md,https://www.ynu.edu.cn/images/logo0430.png,site_identity,png,True,content_inspected,https://www.ynu.edu.cn/,a0f25ef20e9d4709d99f8c18,,,,,#211E6E,official_vi,found,云大蓝,https://www.ynu.edu.cn/info/1174/27962.htm,学校章程规定标识系统主要色彩 RGB R33 G30 B110，换算为 HEX,0,,0,0,2,0,0,0
4153010674,昆明理工大学,云南省,https://www.kmust.edu.cn/,universities/云南省/4153010674/profile.yaml,universities/云南省/4153010674/VISUAL.md,https://www.kmust.edu.cn/2023images/logo.png,site_identity,png,True,content_inspected,https://www.kmust.edu.cn/,1e47f1d4712c66d081b24972,,,,,,,unresearched,,,,0,,0,0,1,0,0,0
4153010676,云南农业大学,云南省,https://ynau.edu.cn/,universities/云南省/4153010676/profile.yaml,universities/云南省/4153010676/VISUAL.md,https://raw.githubusercontent.com/xioajiumi/Chinese_Universities/e088fddc329a6f0148ca72fd3b4d0fe069f13e3a/logo.zip,badge,png,False,content_inspected,https://github.com/xioajiumi/Chinese_Universities/blob/e088fddc329a6f0148ca72fd3b4d0fe069f13e3a/logo.zip,dfcd00547c56fb1e,archive_member,https://raw.githubusercontent.com/xioajiumi/Chinese_Universities/e088fddc329a6f0148ca72fd3b4d0fe069f13e3a/logo.zip,img2/云南农业大学.png,53c17d411407a72ee7e3094cbc8e5238fbf8d376e5415e78ff2c5ad2c55bb549,,,unresearched,,,,0,,0,0,0,0,0,0
4153010677,西南林业大学,云南省,https://jwc.swfu.edu.cn/,universities/云南省/4153010677/profile.yaml,universities/云南省/4153010677/VISUAL.md,https://jwc.swfu.edu.cn/images/logo.png,site_identity,png,True,content_inspected,https://jwc.swfu.edu.cn/,1105ebec424e0673da1c4120,,,,,,,unresearched,,,,0,,0,0,0,0,0,0
4153010678,昆明医科大学,云南省,https://www.kmmu.edu.cn/,universities/云南省/4153010678/profile.yaml,universities/云南省/4153010678/VISUAL.md,https://raw.githubusercontent.com/xioajiumi/Chinese_Universities/e088fddc329a6f0148ca72fd3b4d0fe069f13e3a/logo.zip,badge,png,False,content_inspected,https://github.com/xioajiumi/Chinese_Universities/blob/e088fddc329a6f0148ca72fd3b4d0fe069f13e3a/logo.zip,e9ef4c8ed352b10d,archive_member,https://raw.githubusercontent.com/xioajiumi/Chinese_Universities/e088fddc329a6f0148ca72fd3b4d0fe069f13e3a/logo.zip,img2/昆明医科大学.png,53c17d411407a72ee7e3094cbc8e5238fbf8d376e5415e78ff2c5ad2c55bb549,#2A375D,manual_derived,found,官网标识取样的PPT建议主色,https://www.kmmu.edu.cn/temple/image/logo_sprite.png,官网页眉标识图片：滤去透明、近白和低饱和背景后，对高频RGB色簇取通道中位数；不是VI标准色色卡,0,,0,0,0,0,0,0
4153010679,大理大学,云南省,https://www.dali.edu.cn/,universities/云南省/4153010679/profile.yaml,universities/云南省/4153010679/VISUAL.md,https://www.dali.edu.cn/images/logo.png,site_identity,png,True,content_inspected,https://www.dali.edu.cn/,092ba8c8f3a3dfd571b04cfa,,,,,#145594,manual_derived,found,官网标识取样的PPT建议主色,https://www.dali.edu.cn/images/logo.png,官网页眉标识图片：滤去透明、近白和低饱和背景后，对高频RGB色簇取通道中位数；不是VI标准色色卡,0,,0,0,1,0,0,0
4153010680,云南中医药大学,云南省,https://www.ynucm.edu.cn/,universities/云南省/4153010680/profile.yaml,universities/云南省/4153010680/VISUAL.md,https://raw.githubusercontent.com/xioajiumi/Chinese_Universities/e088fddc329a6f0148ca72fd3b4d0fe069f13e3a/logo.zip,badge,png,False,content_inspected,https://github.com/xioajiumi/Chinese_Universities/blob/e088fddc329a6f0148ca72fd3b4d0fe069f13e3a/logo.zip,bfbed25bc17d8adc,archive_member,https://raw.githubusercontent.com/xioajiumi/Chinese_Universities/e088fddc329a6f0148ca72fd3b4d0fe069f13e3a/logo.zip,img2/云南中医药大学.png,53c17d411407a72ee7e3094cbc8e5238fbf8d376e5415e78ff2c5ad2c55bb549,,,unresearched,,,,0,,0,0,0,0,0,0
4153010681,云南师范大学,云南省,https://www.ynnu.edu.cn,universities/云南省/4153010681/profile.yaml,universities/云南省/4153010681/VISUAL.md,https://www.ynnu.edu.cn/images/head-logo.png,site_identity,png,True,content_inspected,https://www.ynnu.edu.cn,f2a8e4fd36884d594a03febe,,,,,,,unresearched,,,,0,,0,0,1,0,0,0
4153010683,昭通学院,云南省,https://www.ztu.edu.cn/,universities/云南省/4153010683/profile.yaml,universities/云南省/4153010683/VISUAL.md,https://www.ztu.edu.cn/images/logo815.png,site_identity,png,True,content_inspected,https://www.ztu.edu.cn/,07ce9cd34b095ef2bb173d52,,,,,#C82125,manual_derived,found,官网标识取样的PPT建议主色,https://www.ztu.edu.cn/images/logo815.png,官网页眉标识图片：滤去透明、近白和低饱和背景后，对高频RGB色簇取通道中位数；不是VI标准色色卡,0,,0,0,0,0,0,0
4153010684,曲靖师范学院,云南省,https://www.qjnu.edu.cn/,universities/云南省/4153010684/profile.yaml,universities/云南省/4153010684/VISUAL.md,https://www.qjnu.edu.cn/upload/images/2018/11/15162610884.png,site_identity,png,True,content_inspected,https://www.qjnu.edu.cn/,274456792022128a21946c11,,,,,,,unresearched,,,,0,,0,0,0,0,0,0
4153010685,普洱学院,云南省,,universities/云南省/4153010685/profile.yaml,universities/云南省/4153010685/VISUAL.md,https://raw.githubusercontent.com/xioajiumi/Chinese_Universities/e088fddc329a6f0148ca72fd3b4d0fe069f13e3a/logo.zip,badge,jpeg,False,content_inspected,https://github.com/xioajiumi/Chinese_Universities/blob/e088fddc329a6f0148ca72fd3b4d0fe069f13e3a/logo.zip,ea0478d133dbdf98,archive_member,https://raw.githubusercontent.com/xioajiumi/Chinese_Universities/e088fddc329a6f0148ca72fd3b4d0fe069f13e3a/logo.zip,img2/普洱学院.png,53c17d411407a72ee7e3094cbc8e5238fbf8d376e5415e78ff2c5ad2c55bb549,,,unresearched,,,,0,,0,0,0,0,0,0
4153010686,保山学院,云南省,https://www.bsnc.cn/,universities/云南省/4153010686/profile.yaml,universities/云南省/4153010686/VISUAL.md,https://www.bsnc.cn/2024images/logolan.png,site_identity,png,True,content_inspected,https://www.bsnc.cn/,d8046ea39048abe8984fbafc,,,,,#15499A,manual_derived,found,官网标识取样的PPT建议主色,https://www.bsnc.cn/2024images/logolan.png,官网页眉标识图片：滤去透明、近白和低饱和背景后，对高频RGB色簇取通道中位数；不是VI标准色色卡,0,,0,0,0,0,0,0
4153010687,红河学院,云南省,https://www.uoh.edu.cn/,universities/云南省/4153010687/profile.yaml,universities/云南省/4153010687/VISUAL.md,https://www.uoh.edu.cn/images/logo.png,site_identity,png,True,content_inspected,https://www.uoh.edu.cn/,46e12be90fb7e0356fb55ab6,,,,,,,unresearched,,,,0,,0,0,0,0,0,0
4153010689,云南财经大学,云南省,https://www.ynufe.edu.cn/,universities/云南省/4153010689/profile.yaml,universities/云南省/4153010689/VISUAL.md,https://www.ynufe.edu.cn/images/logo.png,site_identity,png,True,content_inspected,https://www.ynufe.edu.cn/,04b46db379575e9707d3277a,,,,,,,unresearched,,,,0,,0,0,0,0,0,0
4153010690,云南艺术学院,云南省,https://www.ynart.edu.cn,universities/云南省/4153010690/profile.yaml,universities/云南省/4153010690/VISUAL.md,https://www.ynart.edu.cn/images/logo.png,site_identity,png,True,content_inspected,https://www.ynart.edu.cn,7619b494c94354e7ebdd4391,,,,,,,unresearched,,,,0,,0,0,0,0,0,0
4153010691,云南民族大学,云南省,https://www.ymu.edu.cn/,universities/云南省/4153010691/profile.yaml,universities/云南省/4153010691/VISUAL.md,https://www.ymu.edu.cn/images/logo.png,site_identity,png,True,content_inspected,https://www.ymu.edu.cn/,09a4f4fe38602dd1d637c70f,,,,,#108B95,manual_derived,found,官网标识取样的PPT建议主色,https://www.ymu.edu.cn/images/logo.png,官网页眉标识图片：滤去透明、近白和低饱和背景后，对高频RGB色簇取通道中位数；不是VI标准色色卡,0,,0,0,1,0,0,0
4153011390,玉溪师范学院,云南省,https://www.yxnu.edu.cn/,universities/云南省/4153011390/profile.yaml,universities/云南省/4153011390/VISUAL.md,https://www.yxnu.edu.cn/images/yxlogo.png,site_identity,png,True,content_inspected,https://www.yxnu.edu.cn/info/1047/28032.htm,90d42951e9d424136aa7b507,,,,,#CA010B,manual_derived,found,官网标识取样的PPT建议主色,https://www.yxnu.edu.cn/images/yuxilogo1.png,官网页眉标识图片：滤去透明、近白和低饱和背景后，对高频RGB色簇取通道中位数；不是VI标准色色卡,0,,0,0,1,0,0,0
4153011391,楚雄师范学院,云南省,https://www.cxtc.edu.cn/,universities/云南省/4153011391/profile.yaml,universities/云南省/4153011391/VISUAL.md,https://www.cxtc.edu.cn/resources/_Img/logo.png,site_identity,png,True,content_inspected,https://www.cxtc.edu.cn/,a87132b49f83aebaa07b6aa7,,,,,#3469A0,manual_derived,found,官网标识取样的PPT建议主色,https://www.cxtc.edu.cn/resources/_Img/logo.png,官网页眉标识图片：滤去透明、近白和低饱和背景后，对高频RGB色簇取通道中位数；不是VI标准色色卡,0,,0,0,0,0,0,0
4153011392,云南警官学院,云南省,https://www.ynpc.edu.cn/,universities/云南省/4153011392/profile.yaml,universities/云南省/4153011392/VISUAL.md,https://www.ynpc.edu.cn/uploadDir/png/20231207/1701944875266.png,site_identity,png,True,content_inspected,https://www.ynpc.edu.cn/,eb9b013b9ca52b057d0b06da,,,,,,,unresearched,,,,0,,0,0,0,0,0,0
4153011393,昆明学院,云南省,https://www.kmu.edu.cn/,universities/云南省/4153011393/profile.yaml,universities/云南省/4153011393/VISUAL.md,https://raw.githubusercontent.com/xioajiumi/Chinese_Universities/e088fddc329a6f0148ca72fd3b4d0fe069f13e3a/logo.zip,badge,png,False,content_inspected,https://github.com/xioajiumi/Chinese_Universities/blob/e088fddc329a6f0148ca72fd3b4d0fe069f13e3a/logo.zip,0a32750a6866cf7c,archive_member,https://raw.githubusercontent.com/xioajiumi/Chinese_Universities/e088fddc329a6f0148ca72fd3b4d0fe069f13e3a/logo.zip,img2/昆明学院.png,53c17d411407a72ee7e3094cbc8e5238fbf8d376e5415e78ff2c5ad2c55bb549,,,unresearched,,,,0,,0,0,0,0,0,0
4153011556,文山学院,云南省,https://www.wsu.edu.cn/,universities/云南省/4153011556/profile.yaml,universities/云南省/4153011556/VISUAL.md,https://www.wsu.edu.cn/images/logo.png,site_identity,png,True,content_inspected,https://www.wsu.edu.cn/,acbb9d33bb80778d210a95bf,,,,,,,unresearched,,,,0,,0,0,0,0,0,0
4153011557,昆明冶金职业大学,云南省,https://www.kmyz.edu.cn/,universities/云南省/4153011557/profile.yaml,universities/云南省/4153011557/VISUAL.md,https://www.kmyz.edu.cn/images/zhuzhan2-new2-logo.png,site_identity,png,True,content_inspected,https://www.kmyz.edu.cn/,98783192037201f6eecc1f64,,,,,,,unresearched,,,,0,,0,0,0,0,0,0
4153012357,云南交通职业技术大学,云南省,https://www.ynjtc.edu.cn/,universities/云南省/4153012357/profile.yaml,universities/云南省/4153012357/VISUAL.md,,,,,,,,,,,,,,unresearched,,,,0,,0,0,0,0,0,0
4153012560,云南经济管理学院,云南省,https://www.ynjgy.edu.cn/,universities/云南省/4153012560/profile.yaml,universities/云南省/4153012560/VISUAL.md,https://www.ynjgy.edu.cn/tp/pc/skin1/index/images/logo.png,site_identity,png,True,content_inspected,https://www.ynjgy.edu.cn/,e14f28d5c14cc90c61a66b21,,,,,,,unresearched,,,,0,,0,0,0,0,0,0
4153013326,滇池学院,云南省,https://www.dcc.edu.cn/,universities/云南省/4153013326/profile.yaml,universities/云南省/4153013326/VISUAL.md,https://www.dcc.edu.cn/imgs/logo2026.png,site_identity,png,True,content_inspected,https://www.dcc.edu.cn/,a102a177918064c3720c1c1b,,,,,,,unresearched,,,,0,,0,0,0,0,0,0
4153013328,丽江文化旅游学院,云南省,,universities/云南省/4153013328/profile.yaml,universities/云南省/4153013328/VISUAL.md,,,,,,,,,,,,,,unresearched,,,,0,,0,0,0,0,0,0
4153013329,昆明理工大学津桥学院,云南省,https://www.oxbridge.edu.cn/,universities/云南省/4153013329/profile.yaml,universities/云南省/4153013329/VISUAL.md,https://www.oxbridge.edu.cn/Resource/imgs/logo.png,site_identity,png,True,content_inspected,https://www.oxbridge.edu.cn/,fafcb3110706eeb9854c0af8,,,,,,,unresearched,,,,0,,0,0,0,0,0,0
4153013330,昆明城市学院,云南省,https://www.kmcc.edu.cn/,universities/云南省/4153013330/profile.yaml,universities/云南省/4153013330/VISUAL.md,https://www.kmcc.edu.cn/Public/images/index/new-style/kmcu.png,site_identity,,True,inspection_failed,https://www.kmcc.edu.cn/,26d2d4968da926dbbd4354a6,,,,,,,unresearched,,,,0,,0,0,0,0,0,0
4153013331,昆明文理学院,云南省,https://www.caskm.edu.cn/,universities/云南省/4153013331/profile.yaml,universities/云南省/4153013331/VISUAL.md,,,,,,,,,,,,,,unresearched,,,,0,,0,0,0,0,0,0
4153013332,昆明医科大学海源学院,云南省,https://www.kyhyxy.com,universities/云南省/4153013332/profile.yaml,universities/云南省/4153013332/VISUAL.md,https://www.kyhyxy.com/Template/Default/kyhyxy201404//images001/logo.png,site_identity,png,True,content_inspected,https://www.kyhyxy.com,5046aa0cceec35e3d64858b4,,,,,,,unresearched,,,,0,,0,0,0,0,0,0
4153013333,昆明传媒学院,云南省,https://www.cukm.edu.cn,universities/云南省/4153013333/profile.yaml,universities/云南省/4153013333/VISUAL.md,,,,,,,,,,,,,,unresearched,,,,0,,0,0,0,0,0,0
4153013909,云南工商学院,云南省,,universities/云南省/4153013909/profile.yaml,universities/云南省/4153013909/VISUAL.md,,,,,,,,,,,,,,unresearched,,,,0,,0,0,0,0,0,0
4153014012,曲靖健康医学院,云南省,,universities/云南省/4153014012/profile.yaml,universities/云南省/4153014012/VISUAL.md,,,,,,,,,,,,,,unresearched,,,,0,,0,0,0,0,0,0
4153014015,丽江师范学院,云南省,https://www.ljnu.edu.cn/,universities/云南省/4153014015/profile.yaml,universities/云南省/4153014015/VISUAL.md,https://www.ljnu.edu.cn/images/4445456469456.png,site_identity,png,True,content_inspected,https://www.ljnu.edu.cn/,bf4e4ede3a4f4cbcde69d624,,,,,#0075C1,manual_derived,found,官网标识取样的PPT建议主色,https://www.ljnu.edu.cn/images/footlogo526.png,官网页眉标识图片：滤去透明、近白和低饱和背景后，对高频RGB色簇取通道中位数；不是VI标准色色卡,0,,0,0,0,0,0,0
4153014016,德宏师范学院,云南省,,universities/云南省/4153014016/profile.yaml,universities/云南省/4153014016/VISUAL.md,,,,,,,,,,,,,,unresearched,,,,0,,0,0,0,0,0,0
4153014092,滇西科技师范学院,云南省,https://www.wynu.edu.cn/,universities/云南省/4153014092/profile.yaml,universities/云南省/4153014092/VISUAL.md,https://raw.githubusercontent.com/xioajiumi/Chinese_Universities/e088fddc329a6f0148ca72fd3b4d0fe069f13e3a/logo.zip,badge,jpeg,False,content_inspected,https://github.com/xioajiumi/Chinese_Universities/blob/e088fddc329a6f0148ca72fd3b4d0fe069f13e3a/logo.zip,d98b0acd6e125b41,archive_member,https://raw.githubusercontent.com/xioajiumi/Chinese_Universities/e088fddc329a6f0148ca72fd3b4d0fe069f13e3a/logo.zip,img2/滇西科技师范学院.png,53c17d411407a72ee7e3094cbc8e5238fbf8d376e5415e78ff2c5ad2c55bb549,,,unresearched,,,,0,,0,0,0,0,0,0
4153014212,昆明科技职业大学,云南省,https://www.ynjw.com/xxgk/xxjj.htm,universities/云南省/4153014212/profile.yaml,universities/云南省/4153014212/VISUAL.md,https://www.ynjw.com/images/zz-logo-new.png,site_identity,png,True,content_inspected,https://www.ynjw.com/xxgk/xxjj.htm,5c9d810fa462c77427335e05,,,,,,,unresearched,,,,0,,0,0,0,0,0,0
4153014623,滇西应用技术大学,云南省,,universities/云南省/4153014623/profile.yaml,universities/云南省/4153014623/VISUAL.md,,,,,,,,,,,,,,unresearched,,,,0,,0,0,0,0,0,0
4115010126,内蒙古大学,内蒙古自治区,https://www.imu.edu.cn/,universities/内蒙古自治区/4115010126/profile.yaml,universities/内蒙古自治区/4115010126/VISUAL.md,https://www.imu.edu.cn/syx/images/logor.png,site_identity,png,True,content_inspected,https://www.imu.edu.cn/,7889929088e6227d05407749,,,,,#005D89,manual_derived,found,官网标识取样的PPT建议主色,https://www.imu.edu.cn/syx/images/logor.png,官网页眉标识图片：滤去透明、近白和低饱和背景后，对高频RGB色簇取通道中位数；不是VI标准色色卡,0,,0,0,2,0,0,0
4115010127,内蒙古科技大学,内蒙古自治区,https://www.imust.edu.cn/,universities/内蒙古自治区/4115010127/profile.yaml,universities/内蒙古自治区/4115010127/VISUAL.md,https://www.imust.edu.cn/new/images/logo.png,site_identity,png,True,content_inspected,https://www.imust.edu.cn/,fb8bb88563cc42c5dadf51ac,,,,,,,unresearched,,,,0,,0,0,0,0,0,0
4115010128,内蒙古工业大学,内蒙古自治区,https://www.imut.edu.cn/,universities/内蒙古自治区/4115010128/profile.yaml,universities/内蒙古自治区/4115010128/VISUAL.md,https://www.imut.edu.cn/images/logo.png,site_identity,png,True,content_inspected,https://www.imut.edu.cn/,54f6430a2f09df92f728c180,,,,,,,unresearched,,,,0,,0,0,0,0,0,0
4115010129,内蒙古农业大学,内蒙古自治区,https://www.imau.edu.cn/,universities/内蒙古自治区/4115010129/profile.yaml,universities/内蒙古自治区/4115010129/VISUAL.md,https://www.imau.edu.cn/images2024/logo-.png,site_identity,png,True,content_inspected,https://www.imau.edu.cn/,c11506c5fe21951aff2c7e85,,,,,#EF9900,manual_derived,found,官网标识取样的PPT建议主色,https://www.imau.edu.cn/images2024/logo-.png,官网页眉标识图片：滤去透明、近白和低饱和背景后，对高频RGB色簇取通道中位数；不是VI标准色色卡,0,,0,0,0,0,0,0
4115010132,内蒙古医科大学,内蒙古自治区,,universities/内蒙古自治区/4115010132/profile.yaml,universities/内蒙古自治区/4115010132/VISUAL.md,https://raw.githubusercontent.com/xioajiumi/Chinese_Universities/e088fddc329a6f0148ca72fd3b4d0fe069f13e3a/logo.zip,badge,png,False,content_inspected,https://github.com/xioajiumi/Chinese_Universities/blob/e088fddc329a6f0148ca72fd3b4d0fe069f13e3a/logo.zip,e7dd443812b8e8c4,archive_member,https://raw.githubusercontent.com/xioajiumi/Chinese_Universities/e088fddc329a6f0148ca72fd3b4d0fe069f13e3a/logo.zip,img2/内蒙古医科大学.png,53c17d411407a72ee7e3094cbc8e5238fbf8d376e5415e78ff2c5ad2c55bb549,,,unresearched,,,,0,,0,0,0,0,0,0
4115010135,内蒙古师范大学,内蒙古自治区,https://www.imnu.edu.cn/,universities/内蒙古自治区/4115010135/profile.yaml,universities/内蒙古自治区/4115010135/VISUAL.md,https://www.imnu.edu.cn/images/libpic/logo2.png,site_identity,png,True,content_inspected,https://www.imnu.edu.cn/,3fe152168c0fecb6e62b99d8,,,,,#009068,manual_derived,found,官网标识取样的PPT建议主色,https://www.imnu.edu.cn/images/libpic/logo2.png,官网页眉标识图片：滤去透明、近白和低饱和背景后，对高频RGB色簇取通道中位数；不是VI标准色色卡,0,,0,0,0,0,0,0
4115010136,内蒙古民族大学,内蒙古自治区,https://www.imun.edu.cn/,universities/内蒙古自治区/4115010136/profile.yaml,universities/内蒙古自治区/4115010136/VISUAL.md,https://www.imun.edu.cn/images/logo.png,site_identity,png,True,content_inspected,https://www.imun.edu.cn/,f0fee422f112835e01a1a4af,,,,,,,unresearched,,,,0,,0,0,0,0,0,0
4115010138,赤峰大学,内蒙古自治区,https://www.cfxy.edu.cn/,universities/内蒙古自治区/4115010138/profile.yaml,universities/内蒙古自治区/4115010138/VISUAL.md,,,,,,,,,,,,,,unresearched,,,,0,,0,0,0,0,0,0
4115010139,内蒙古财经大学,内蒙古自治区,https://www.imufe.edu.cn/,universities/内蒙古自治区/4115010139/profile.yaml,universities/内蒙古自治区/4115010139/VISUAL.md,https://www.imufe.edu.cn/images/logo.png,site_identity,png,True,content_inspected,https://www.imufe.edu.cn/,5a097c9b0384ceb8850220bc,,,,,#1E4589,manual_derived,found,官网标识取样的PPT建议主色,https://www.imufe.edu.cn/images/logo-2022.png,官网页眉标识图片：滤去透明、近白和低饱和背景后，对高频RGB色簇取通道中位数；不是VI标准色色卡,0,,0,0,0,0,0,0
4115010819,呼伦贝尔学院,内蒙古自治区,https://www.hlbec.edu.cn/,universities/内蒙古自治区/4115010819/profile.yaml,universities/内蒙古自治区/4115010819/VISUAL.md,https://www.hlbec.edu.cn/new/images/logo.png,site_identity,png,True,content_inspected,https://www.hlbec.edu.cn/,2506edab111750d9ff79d6e8,,,,,,,unresearched,,,,0,,0,0,0,0,0,0
4115010871,内蒙古建筑职业技术大学,内蒙古自治区,https://www.imaa.edu.cn/,universities/内蒙古自治区/4115010871/profile.yaml,universities/内蒙古自治区/4115010871/VISUAL.md,https://www.imaa.edu.cn/images/logo01.png,site_identity,png,True,content_inspected,https://www.imaa.edu.cn/,972a7a013f72755b7dc99a42,,,,,,,unresearched,,,,0,,0,0,0,0,0,0
4115011427,集宁师范学院,内蒙古自治区,https://www.jnnu.edu.cn/,universities/内蒙古自治区/4115011427/profile.yaml,universities/内蒙古自治区/4115011427/VISUAL.md,https://www.jnnu.edu.cn/images/logo.png,site_identity,png,True,content_inspected,https://www.jnnu.edu.cn/,8ad6380f6bcb5ed15c074892,,,,,#80CBEA,manual_derived,found,官网标识取样的PPT建议主色,https://www.jnnu.edu.cn/images/logo.png,官网页眉标识图片：滤去透明、近白和低饱和背景后，对高频RGB色簇取通道中位数；不是VI标准色色卡,0,,0,0,0,0,0,0
4115011631,河套学院,内蒙古自治区,https://www.htxy.edu.cn,universities/内蒙古自治区/4115011631/profile.yaml,universities/内蒙古自治区/4115011631/VISUAL.md,https://www.htxy.edu.cn/images/logo.png,site_identity,png,True,content_inspected,https://www.htxy.edu.cn,6387fc32ec5d4bb9db6e99e2,,,,,,,unresearched,,,,0,https://www.htxy.edu.cn/dwxcb/info/1022/2616.htm,6,0,0,0,0,0
4115011709,呼和浩特民族学院,内蒙古自治区,https://www.imnc.edu.cn/,universities/内蒙古自治区/4115011709/profile.yaml,universities/内蒙古自治区/4115011709/VISUAL.md,https://raw.githubusercontent.com/xioajiumi/Chinese_Universities/e088fddc329a6f0148ca72fd3b4d0fe069f13e3a/logo.zip,badge,jpeg,False,content_inspected,https://github.com/xioajiumi/Chinese_Universities/blob/e088fddc329a6f0148ca72fd3b4d0fe069f13e3a/logo.zip,221c86b2f200e4ea,archive_member,https://raw.githubusercontent.com/xioajiumi/Chinese_Universities/e088fddc329a6f0148ca72fd3b4d0fe069f13e3a/logo.zip,img2/呼和浩特民族学院.png,53c17d411407a72ee7e3094cbc8e5238fbf8d376e5415e78ff2c5ad2c55bb549,,,unresearched,,,,0,,0,0,0,0,0,0
4115012443,兴安职业技术大学,内蒙古自治区,https://www.nmxzy.cn/,universities/内蒙古自治区/4115012443/profile.yaml,universities/内蒙古自治区/4115012443/VISUAL.md,https://www.nmxzy.cn/_upload/tpl/00/01/1/template1/images/logo.webp,site_identity,webp,True,content_inspected,https://www.nmxzy.cn/,992b5a328f91343a344f5a3b,,,,,,,unresearched,,,,0,,0,0,0,0,0,0
4115012670,呼和浩特职业技术大学,内蒙古自治区,https://www.hhvc.edu.cn/,universities/内蒙古自治区/4115012670/profile.yaml,universities/内蒙古自治区/4115012670/VISUAL.md,https://www.hhvc.edu.cn/images/logo.png,site_identity,png,True,content_inspected,https://www.hhvc.edu.cn/,5c46b7f5653211b6d892fe65,,,,,,,unresearched,,,,0,,0,0,0,0,0,0
4115012797,内蒙古警察学院,内蒙古自治区,https://www.impc.edu.cn/,universities/内蒙古自治区/4115012797/profile.yaml,universities/内蒙古自治区/4115012797/VISUAL.md,https://www.impc.edu.cn/images/0507.png,site_identity,png,True,content_inspected,https://www.impc.edu.cn/,1682236b4f83e4143c527f11,,,,,#062D8F,manual_derived,found,官网标识取样的PPT建议主色,https://www.impc.edu.cn/images/0507.png,官网页眉标识图片：滤去透明、近白和低饱和背景后，对高频RGB色簇取通道中位数；不是VI标准色色卡,0,,0,0,0,0,0,0
4115014199,内蒙古大学创业学院,内蒙古自治区,https://www.imuchuangye.cn/,universities/内蒙古自治区/4115014199/profile.yaml,universities/内蒙古自治区/4115014199/VISUAL.md,https://www.imuchuangye.cn/application/home/view/images/zz_logo.png,site_identity,png,True,content_inspected,https://www.imuchuangye.cn/,43f58613a0c9c98b7f28abe8,,,,,,,unresearched,,,,0,,0,0,0,0,0,0
4115014205,内蒙古鸿德文理学院,内蒙古自治区,https://www.honder.com,universities/内蒙古自治区/4115014205/profile.yaml,universities/内蒙古自治区/4115014205/VISUAL.md,,,,,,,,,,,,,official_vi,official_print_only,新校标绿色,https://honder.com/news/info13026.html,校方新校标发布页面明确色彩为CMYK85/38/100/1；没有RGB或HEX，不换算屏幕色。；屏幕主色未公布，其他取色建议另见VISUAL.md。,1,,0,0,0,0,0,0
4115014531,内蒙古艺术学院,内蒙古自治区,https://www.imac.edu.cn/,universities/内蒙古自治区/4115014531/profile.yaml,universities/内蒙古自治区/4115014531/VISUAL.md,https://www.imac.edu.cn/r/cms/www/naga/images/logo1.png,site_identity,png,True,content_inspected,https://www.imac.edu.cn/,c97dd4e7ddbd992ac412f48f,,,,,#005629,manual_derived,found,官网标识取样的PPT建议主色,https://www.imac.edu.cn/r/cms/www/naga/images/logo1.png,官网页眉标识图片：滤去透明、近白和低饱和背景后，对高频RGB色簇取通道中位数；不是VI标准色色卡,0,,0,0,0,0,0,0
4115014532,鄂尔多斯应用技术学院,内蒙古自治区,https://www.oit.edu.cn/,universities/内蒙古自治区/4115014532/profile.yaml,universities/内蒙古自治区/4115014532/VISUAL.md,https://raw.githubusercontent.com/xioajiumi/Chinese_Universities/e088fddc329a6f0148ca72fd3b4d0fe069f13e3a/logo.zip,badge,jpeg,False,content_inspected,https://github.com/xioajiumi/Chinese_Universities/blob/e088fddc329a6f0148ca72fd3b4d0fe069f13e3a/logo.zip,e3bdfeefb7fb4f5e,archive_member,https://raw.githubusercontent.com/xioajiumi/Chinese_Universities/e088fddc329a6f0148ca72fd3b4d0fe069f13e3a/logo.zip,img2/鄂尔多斯应用技术学院.png,53c17d411407a72ee7e3094cbc8e5238fbf8d376e5415e78ff2c5ad2c55bb549,,,unresearched,,,,0,https://www.oit.edu.cn/xxgk/xxbs.htm,2,0,0,0,0,0
4111010001,北京大学,北京市,https://www.pku.edu.cn,universities/北京市/4111010001/profile.yaml,universities/北京市/4111010001/VISUAL.md,https://www.pku.edu.cn/Uploads/Picture/2019/12/26/s5e04147ee4a83.png,site_identity,png,True,content_inspected,https://www.pku.edu.cn,d93b42cac333dba5d0997bbf,,,,,,,conflict,,,,0,https://vim.pku.edu.cn/xzzq/index.htm,0,0,4,0,0,0
4111010002,中国人民大学,北京市,https://www.ruc.edu.cn/,universities/北京市/4111010002/profile.yaml,universities/北京市/4111010002/VISUAL.md,https://www.ruc.edu.cn/template/1/out/imgs/logo.png,site_identity,png,True,content_inspected,https://www.ruc.edu.cn/xuexiaobiaozhi1924747550510977025.html,f0704f11035eac9ea17058cd,,,,,#E8D4A9,manual_derived,found,官网标识取样的PPT建议主色,https://www.ruc.edu.cn/template/1/out/imgs/logo_s.png,官网页眉标识图片：滤去透明、近白和低饱和背景后，对高频RGB色簇取通道中位数；不是VI标准色色卡,0,https://www.ruc.edu.cn/xuexiaobiaozhi1924747550510977025.html,2,0,3,0,0,0
4111010003,清华大学,北京市,https://www.tsinghua.edu.cn,universities/北京市/4111010003/profile.yaml,universities/北京市/4111010003/VISUAL.md,https://vi.tsinghua.edu.cn/image/logo296.png,site_identity,png,True,content_inspected,https://vi.tsinghua.edu.cn/gk/xxbz/xh.htm,439b8448dc202e0f33516d6c,,,,,#660874,official_vi,found,,https://www.tsinghua.edu.cn/__local/C/B6/1C/5682B1124834BFE4B7BB43744CF_C7C409E3_C2FAA.pdf,,0,https://vi.tsinghua.edu.cn/mbyzy/dmt/yswgmb.htm,29,0,5,16,0,0
4111010004,北京交通大学,北京市,https://www.bjtu.edu.cn/,universities/北京市/4111010004/profile.yaml,universities/北京市/4111010004/VISUAL.md,https://www.bjtu.edu.cn/images/2024-11/0d4cb3bdd27a4088ae62c36f75d98738.png,site_identity,png,True,content_inspected,https://www.bjtu.edu.cn/xxgk/xxbz/,fbd73f5f3d4dd4d6beb9e4b6,,,,,#003690,official_vi,found,交大蓝,https://www.bjtu.edu.cn/xxgk/xxbz/index.htm,官网学校标识页标准色 RGB R0 G54 B144，换算为 HEX,0,,0,0,4,0,0,0
4111010005,北京工业大学,北京市,https://www.bjut.edu.cn/,universities/北京市/4111010005/profile.yaml,universities/北京市/4111010005/VISUAL.md,https://www.bjut.edu.cn/images/logo-1.png,site_identity,png,True,content_inspected,https://www.bjut.edu.cn/,8962c35e08551fe096d8fa5f,,,,,,,unresearched,,,,0,,0,0,2,0,0,0
4111010006,北京航空航天大学,北京市,https://buaa.edu.cn,universities/北京市/4111010006/profile.yaml,universities/北京市/4111010006/VISUAL.md,https://buaa.edu.cn/images/logo.png,site_identity,png,True,content_inspected,https://buaa.edu.cn,2fe8cf1410afd6f4b163ecc4,,,,,,,unresearched,,,,0,,0,0,3,0,0,0
4111010007,北京理工大学,北京市,https://www.bit.edu.cn/,universities/北京市/4111010007/profile.yaml,universities/北京市/4111010007/VISUAL.md,https://www.bit.edu.cn/images/vi20171221/logo.png,site_identity,png,True,content_inspected,https://www.bit.edu.cn/gbxxgk/dqgz_sjb/vixx/xxbzs/index.htm,be1ff0bae02425f96bf6c567,,,,,,,unresearched,,,,0,,0,0,2,0,0,0
4111010008,北京科技大学,北京市,https://www.ustb.edu.cn/,universities/北京市/4111010008/profile.yaml,universities/北京市/4111010008/VISUAL.md,https://www.ustb.edu.cn/images/u_logo1.png?240103,site_identity,png,True,content_inspected,https://www.ustb.edu.cn/,c3dfe75852261a5acd4e42de,,,,,#004A99,manual_derived,found,官网标识取样的PPT建议主色,https://www.ustb.edu.cn/images/u_logo2.png?240103,官网页眉标识图片：滤去透明、近白和低饱和背景后，对高频RGB色簇取通道中位数；不是VI标准色色卡,0,https://info.ustb.edu.cn/xzzx/zysc/index.htm,2,0,3,0,0,0
4111010009,北方工业大学,北京市,https://www.ncut.edu.cn/,universities/北京市/4111010009/profile.yaml,universities/北京市/4111010009/VISUAL.md,https://www.ncut.edu.cn/images/logo.png,site_identity,png,True,content_inspected,https://www.ncut.edu.cn/,b9666f46bbaff8c261fad918,,,,,,,unresearched,,,,0,,0,0,0,0,0,0
4111010010,北京化工大学,北京市,https://www.buct.edu.cn/main.htm,universities/北京市/4111010010/profile.yaml,universities/北京市/4111010010/VISUAL.md,https://www.buct.edu.cn/_upload/tpl/01/f4/500/template500/images/logo1.svg,site_identity,svg,True,content_inspected,https://www.buct.edu.cn/main.htm,f7f85d311aa378b5164246f1,,,,,,,unresearched,,,,0,,0,0,1,0,0,0
4111010011,北京工商大学,北京市,https://www.btbu.edu.cn/,universities/北京市/4111010011/profile.yaml,universities/北京市/4111010011/VISUAL.md,https://raw.githubusercontent.com/xioajiumi/Chinese_Universities/e088fddc329a6f0148ca72fd3b4d0fe069f13e3a/logo.zip,badge,png,False,content_inspected,https://github.com/xioajiumi/Chinese_Universities/blob/e088fddc329a6f0148ca72fd3b4d0fe069f13e3a/logo.zip,5e346aa27b78df64,archive_member,https://raw.githubusercontent.com/xioajiumi/Chinese_Universities/e088fddc329a6f0148ca72fd3b4d0fe069f13e3a/logo.zip,img2/北京工商大学.png,53c17d411407a72ee7e3094cbc8e5238fbf8d376e5415e78ff2c5ad2c55bb549,,,unresearched,,,,0,,0,0,1,0,0,0
4111010012,北京服装学院,北京市,https://www.bift.edu.cn/,universities/北京市/4111010012/profile.yaml,universities/北京市/4111010012/VISUAL.md,,,,,,,,,,,,,,unresearched,,,,0,,0,0,0,0,0,0
4111010013,北京邮电大学,北京市,https://www.bupt.edu.cn/,universities/北京市/4111010013/profile.yaml,universities/北京市/4111010013/VISUAL.md,https://raw.githubusercontent.com/HeyHuazi/SVGLOGO/142498f527ac2dd3116cc1feccb9670879839f74/static/library/school/BUPT.svg,badge,svg,False,content_inspected,https://github.com/HeyHuazi/SVGLOGO/blob/142498f527ac2dd3116cc1feccb9670879839f74/static/library/school/BUPT.svg,5e74721b2a121c65,,,,,#003399,official_vi,found,北邮蓝,https://vi.bupt.edu.cn/images/p6.jpg,官网 VI 图 A1-02 标准色及色阶，文字 HEX #003399 与 RGB R0 G51 B153 一致；读取图中标注，未从图像取样,0,,0,0,3,0,0,0
4111010015,北京印刷学院,北京市,https://www.bigc.edu.cn/,universities/北京市/4111010015/profile.yaml,universities/北京市/4111010015/VISUAL.md,https://www.bigc.edu.cn/web/ROOT/images/2019/logo2.png,site_identity,png,True,content_inspected,https://www.bigc.edu.cn/,c133652aa0d447363d8fe5be,,,,,,,unresearched,,,,0,,0,0,0,0,0,0
4111010016,北京建筑大学,北京市,https://www.bucea.edu.cn/,universities/北京市/4111010016/profile.yaml,universities/北京市/4111010016/VISUAL.md,https://www.bucea.edu.cn/gbimages/logo.png,site_identity,png,True,content_inspected,https://www.bucea.edu.cn/,2fdc2ead5d20809052deaa2c,,,,,,,unresearched,,,,0,,0,0,0,0,0,0
4111010017,北京石油化工学院,北京市,https://www.bipt.edu.cn/,universities/北京市/4111010017/profile.yaml,universities/北京市/4111010017/VISUAL.md,https://raw.githubusercontent.com/xioajiumi/Chinese_Universities/e088fddc329a6f0148ca72fd3b4d0fe069f13e3a/logo.zip,badge,png,False,content_inspected,https://github.com/xioajiumi/Chinese_Universities/blob/e088fddc329a6f0148ca72fd3b4d0fe069f13e3a/logo.zip,cf742b09b14d569d,archive_member,https://raw.githubusercontent.com/xioajiumi/Chinese_Universities/e088fddc329a6f0148ca72fd3b4d0fe069f13e3a/logo.zip,img2/北京石油化工学院.png,53c17d411407a72ee7e3094cbc8e5238fbf8d376e5415e78ff2c5ad2c55bb549,#004B86,manual_derived,found,官网标识取样的PPT建议主色,https://www.bipt.edu.cn/images/logo_01.png,官网页眉标识图片：滤去透明、近白和低饱和背景后，对高频RGB色簇取通道中位数；不是VI标准色色卡,0,,0,0,0,0,0,0
4111010018,北京电子科技学院,北京市,https://www.besti.edu.cn/,universities/北京市/4111010018/profile.yaml,universities/北京市/4111010018/VISUAL.md,https://www.besti.edu.cn/image/logo-mobile.png,site_identity,png,True,content_inspected,https://www.besti.edu.cn/,d2cb3e43a9424d38ba635a07,,,,,#336799,manual_derived,found,官网标识取样的PPT建议主色,https://www.besti.edu.cn/image/logo-mobile.png,官网页眉标识图片：滤去透明、近白和低饱和背景后，对高频RGB色簇取通道中位数；不是VI标准色色卡,0,,0,0,0,0,0,0
4111010019,中国农业大学,北京市,https://www.cau.edu.cn/,universities/北京市/4111010019/profile.yaml,universities/北京市/4111010019/VISUAL.md,https://www.cau.edu.cn/static2022/images/logo.png,site_identity,png,True,content_inspected,https://www.cau.edu.cn/,28e7f55b3c2c27c24af216e8,,,,,#00873C,official_vi,found,生命绿,https://www.cau.edu.cn/xxgk/whbz/sjsbxt/index.htm,官网标准色 RGB R0 G135 B60，换算为 HEX,0,,0,0,3,0,0,0
4111010020,北京农学院,北京市,https://www.bua.edu.cn/,universities/北京市/4111010020/profile.yaml,universities/北京市/4111010020/VISUAL.md,https://www.bua.edu.cn/images/logo.png,site_identity,png,True,content_inspected,https://www.bua.edu.cn/,e97c0e7bfacce67ce38508d2,,,,,,,unresearched,,,,0,,0,0,0,0,0,0
4111010022,北京林业大学,北京市,http://www.bjfu.edu.cn/,universities/北京市/4111010022/profile.yaml,universities/北京市/4111010022/VISUAL.md,http://www.bjfu.edu.cn/images/logo.svg,site_identity,svg,True,content_inspected,http://www.bjfu.edu.cn/,70cf8cc478bd6eb3ba65734b,,,,,,,unresearched,,,,0,,0,0,2,0,0,0
4111010023,北京协和医学院,北京市,https://www.pumc.edu.cn,universities/北京市/4111010023/profile.yaml,universities/北京市/4111010023/VISUAL.md,https://www.pumc.edu.cn/images/logo2026.png,site_identity,png,True,content_inspected,https://www.pumc.edu.cn,9673e5276f13dd3f41e02a39,,,,,#005C3B,manual_derived,found,官网标识取样的PPT建议主色,https://www.pumc.edu.cn/images/logo2026.png,官网页眉标识图片：滤去透明、近白和低饱和背景后，对高频RGB色簇取通道中位数；不是VI标准色色卡,0,,0,0,1,0,0,0
4111010025,首都医科大学,北京市,https://www.ccmu.edu.cn/,universities/北京市/4111010025/profile.yaml,universities/北京市/4111010025/VISUAL.md,https://raw.githubusercontent.com/Magicdover/China-Universities-2026/419bdc7ce6956fc88c2b70b3979f170b6666f111/assets/logos-new/%E9%A6%96%E9%83%BD%E5%8C%BB%E7%A7%91%E5%A4%A7%E5%AD%A6%20CCMU.svg,badge,svg,False,content_inspected,https://github.com/Magicdover/China-Universities-2026/blob/419bdc7ce6956fc88c2b70b3979f170b6666f111/assets/logos-new/%E9%A6%96%E9%83%BD%E5%8C%BB%E7%A7%91%E5%A4%A7%E5%AD%A6%20CCMU.svg,8198bc40c5c3610e,,,,,,,unresearched,,,,0,,0,0,1,0,0,0
4111010026,北京中医药大学,北京市,https://www.bucm.edu.cn/,universities/北京市/4111010026/profile.yaml,universities/北京市/4111010026/VISUAL.md,https://www.bucm.edu.cn/static2024/images/logo.png,site_identity,png,True,content_inspected,https://www.bucm.edu.cn/,627f79bf94bb417e7fd9a9df,,,,,#B42128,manual_derived,found,官网标识取样的PPT建议主色,https://www.bucm.edu.cn/static2024/images/logo.png,官网页眉标识图片：滤去透明、近白和低饱和背景后，对高频RGB色簇取通道中位数；不是VI标准色色卡,0,,0,0,2,0,0,0
4111010027,北京师范大学,北京市,https://www.bnu.edu.cn/,universities/北京市/4111010027/profile.yaml,universities/北京市/4111010027/VISUAL.md,https://www.bnu.edu.cn/images/logo1.png,site_identity,png,True,content_inspected,https://www.bnu.edu.cn/,6110af815266f4896c4351bc,,,,,#004B96,manual_derived,found,官网标识取样的PPT建议主色,https://www.bnu.edu.cn/images/logo1.png,官网页眉标识图片：滤去透明、近白和低饱和背景后，对高频RGB色簇取通道中位数；不是VI标准色色卡,0,,0,0,3,0,0,0
4111010028,首都师范大学,北京市,https://www.cnu.edu.cn/,universities/北京市/4111010028/profile.yaml,universities/北京市/4111010028/VISUAL.md,https://www.cnu.edu.cn/images/logo.svg,site_identity,svg,True,content_inspected,https://www.cnu.edu.cn/,3410ffa169526c20795f191b,,,,,,,unresearched,,,,0,,0,0,2,0,0,0
4111010029,首都体育学院,北京市,https://www.cupes.edu.cn/,universities/北京市/4111010029/profile.yaml,universities/北京市/4111010029/VISUAL.md,https://www.cupes.edu.cn/images2022/l_logo.png,site_identity,png,True,content_inspected,https://www.cupes.edu.cn/,d615d5234c678b3fcbe26800,,,,,#006AB6,manual_derived,found,官网标识取样的PPT建议主色,https://www.cupes.edu.cn/images2022/s_logo.png,官网页眉标识图片：滤去透明、近白和低饱和背景后，对高频RGB色簇取通道中位数；不是VI标准色色卡,0,,0,0,0,0,0,0
4111010030,北京外国语大学,北京市,https://www.bfsu.edu.cn/,universities/北京市/4111010030/profile.yaml,universities/北京市/4111010030/VISUAL.md,https://www.bfsu.edu.cn/images/logo.png,site_identity,png,True,content_inspected,https://www.bfsu.edu.cn/,42287b8eeb1f38613ce1a1a7,,,,,,,unresearched,,,,0,,0,0,2,0,0,0
4111010031,北京第二外国语学院,北京市,https://www.bisu.edu.cn/,universities/北京市/4111010031/profile.yaml,universities/北京市/4111010031/VISUAL.md,https://raw.githubusercontent.com/xioajiumi/Chinese_Universities/e088fddc329a6f0148ca72fd3b4d0fe069f13e3a/logo.zip,badge,png,False,content_inspected,https://github.com/xioajiumi/Chinese_Universities/blob/e088fddc329a6f0148ca72fd3b4d0fe069f13e3a/logo.zip,94ea8f1e59f0059b,archive_member,https://raw.githubusercontent.com/xioajiumi/Chinese_Universities/e088fddc329a6f0148ca72fd3b4d0fe069f13e3a/logo.zip,img2/北京第二外国语学院.png,53c17d411407a72ee7e3094cbc8e5238fbf8d376e5415e78ff2c5ad2c55bb549,,,unresearched,,,,0,,0,0,0,0,0,0
4111010032,北京语言大学,北京市,https://www.blcu.edu.cn,universities/北京市/4111010032/profile.yaml,universities/北京市/4111010032/VISUAL.md,https://www.blcu.edu.cn/images/logo.png,site_identity,png,True,content_inspected,https://www.blcu.edu.cn,9eb403540586da6919dfead6,,,,,#6ED059,manual_derived,found,官网标识取样的PPT建议主色,https://www.blcu.edu.cn/images/logo.png,官网页眉标识图片：滤去透明、近白和低饱和背景后，对高频RGB色簇取通道中位数；不是VI标准色色卡,0,,0,0,0,0,0,0
4111010033,中国传媒大学,北京市,https://www.cuc.edu.cn/,universities/北京市/4111010033/profile.yaml,universities/北京市/4111010033/VISUAL.md,https://www.cuc.edu.cn/_upload/tpl/02/d4/724/template724/images/logo.svg,site_identity,svg,True,content_inspected,https://www.cuc.edu.cn/,aa3ad93d0e05081f197f0fb7,,,,,,,unresearched,,,,0,,0,0,3,0,0,0
4111010034,中央财经大学,北京市,https://www.cufe.edu.cn/,universities/北京市/4111010034/profile.yaml,universities/北京市/4111010034/VISUAL.md,https://www.cufe.edu.cn/images/logo2.png,site_identity,png,True,content_inspected,https://www.cufe.edu.cn/,27e647224da465dd8782613d,,,,,#173F69,manual_derived,found,官网标识取样的PPT建议主色,https://www.cufe.edu.cn/images/logo2.png,官网页眉标识图片：滤去透明、近白和低饱和背景后，对高频RGB色簇取通道中位数；不是VI标准色色卡,0,,0,0,1,0,0,0
4111010036,对外经济贸易大学,北京市,https://www.uibe.edu.cn/,universities/北京市/4111010036/profile.yaml,universities/北京市/4111010036/VISUAL.md,https://www.uibe.edu.cn/2025/images/logo.png,site_identity,png,True,content_inspected,https://www.uibe.edu.cn/,0e2309b9db1a374b22193b62,,,,,,,unresearched,,,,0,,0,0,2,0,0,0
4111010037,北京物资学院,北京市,http://www.bwu.edu.cn/,universities/北京市/4111010037/profile.yaml,universities/北京市/4111010037/VISUAL.md,http://www.bwu.edu.cn/picture/logo.png,site_identity,png,True,content_inspected,http://www.bwu.edu.cn/,97581b1d9bef0b4540282720,,,,,#005BAC,manual_derived,found,官网标识取样的PPT建议主色,http://www.bwu.edu.cn/picture/bwulogo2.png,官网页眉标识图片：滤去透明、近白和低饱和背景后，对高频RGB色簇取通道中位数；不是VI标准色色卡,0,,0,0,0,0,0,0
4111010038,首都经济贸易大学,北京市,https://www.cueb.edu.cn/,universities/北京市/4111010038/profile.yaml,universities/北京市/4111010038/VISUAL.md,https://raw.githubusercontent.com/xioajiumi/Chinese_Universities/e088fddc329a6f0148ca72fd3b4d0fe069f13e3a/logo.zip,badge,png,False,content_inspected,https://github.com/xioajiumi/Chinese_Universities/blob/e088fddc329a6f0148ca72fd3b4d0fe069f13e3a/logo.zip,6f7e91910c84b07c,archive_member,https://raw.githubusercontent.com/xioajiumi/Chinese_Universities/e088fddc329a6f0148ca72fd3b4d0fe069f13e3a/logo.zip,img2/首都经济贸易大学.png,53c17d411407a72ee7e3094cbc8e5238fbf8d376e5415e78ff2c5ad2c55bb549,,,unresearched,,,,0,,0,0,1,0,0,0
4111010039,中国消防救援学院,北京市,,universities/北京市/4111010039/profile.yaml,universities/北京市/4111010039/VISUAL.md,,,,,,,,,,,,,,unresearched,,,,0,,0,0,0,0,0,0
4111010040,外交学院,北京市,https://www.cfau.edu.cn,universities/北京市/4111010040/profile.yaml,universities/北京市/4111010040/VISUAL.md,https://www.cfau.edu.cn/images/logo-full.png,site_identity,png,True,content_inspected,https://www.cfau.edu.cn,0a75026fbeda0c71c1e39565,,,,,,,unresearched,,,,0,,0,0,1,0,0,0
4111010041,中国人民公安大学,北京市,https://www.ppsuc.edu.cn,universities/北京市/4111010041/profile.yaml,universities/北京市/4111010041/VISUAL.md,https://www.ppsuc.edu.cn/images/rmga.png,site_identity,png,True,content_inspected,https://www.ppsuc.edu.cn,313b2a5f2d9066698b61e9bd,,,,,,,unresearched,,,,0,,0,0,1,0,0,0
4111010042,国际关系学院,北京市,https://www.uir.edu.cn/,universities/北京市/4111010042/profile.yaml,universities/北京市/4111010042/VISUAL.md,https://www.uir.edu.cn/images24/logo.png,site_identity,png,True,content_inspected,https://www.uir.edu.cn/,b8fc8bb73216ca549220862e,,,,,#104B8E,manual_derived,found,官网标识取样的PPT建议主色,https://www.uir.edu.cn/images24/logo.png,官网页眉标识图片：滤去透明、近白和低饱和背景后，对高频RGB色簇取通道中位数；不是VI标准色色卡,0,,0,0,0,0,0,0
4111010043,北京体育大学,北京市,http://www.bsu.edu.cn/,universities/北京市/4111010043/profile.yaml,universities/北京市/4111010043/VISUAL.md,http://www.bsu.edu.cn/images/logo.png,site_identity,png,True,content_inspected,http://www.bsu.edu.cn/,6f2bdd28e9a136274dcc2468,,,,,,,unresearched,,,,0,,0,0,1,0,0,0
4111010045,中央音乐学院,北京市,https://www.ccom.edu.cn/,universities/北京市/4111010045/profile.yaml,universities/北京市/4111010045/VISUAL.md,https://www.ccom.edu.cn/images/logo.png,site_identity,png,True,content_inspected,https://www.ccom.edu.cn/,18cb47a4f73770f3f3490d86,,,,,,,unresearched,,,,0,,0,0,2,0,0,0
4111010046,中国音乐学院,北京市,https://www.ccmusic.edu.cn/,universities/北京市/4111010046/profile.yaml,universities/北京市/4111010046/VISUAL.md,https://www.ccmusic.edu.cn/images/logo.png,site_identity,png,True,content_inspected,https://www.ccmusic.edu.cn/,f54d395dbabc347a9cc6ab82,,,,,#C30D23,manual_derived,found,官网标识取样的PPT建议主色,https://www.ccmusic.edu.cn/images/logo2.png,官网页眉标识图片：滤去透明、近白和低饱和背景后，对高频RGB色簇取通道中位数；不是VI标准色色卡,0,,0,0,2,0,0,0
4111010047,中央美术学院,北京市,https://www.cafa.edu.cn/,universities/北京市/4111010047/profile.yaml,universities/北京市/4111010047/VISUAL.md,https://www.cafa.edu.cn/library/image/logo.png,site_identity,png,True,content_inspected,https://www.cafa.edu.cn/,886c2308c58408773f2c3350,,,,,,,unresearched,,,,0,,0,0,1,0,0,0
4111010048,中央戏剧学院,北京市,https://www.chntheatre.edu.cn/,universities/北京市/4111010048/profile.yaml,universities/北京市/4111010048/VISUAL.md,https://raw.githubusercontent.com/Magicdover/China-Universities-2026/419bdc7ce6956fc88c2b70b3979f170b6666f111/assets/logos-new/%E4%B8%AD%E5%A4%AE%E6%88%8F%E5%89%A7%E5%AD%A6%E9%99%A2%20CAD.svg,badge,svg,False,content_inspected,https://github.com/Magicdover/China-Universities-2026/blob/419bdc7ce6956fc88c2b70b3979f170b6666f111/assets/logos-new/%E4%B8%AD%E5%A4%AE%E6%88%8F%E5%89%A7%E5%AD%A6%E9%99%A2%20CAD.svg,cf56e0a6abf76ad9,,,,,,,unresearched,,,,0,,0,0,1,0,0,0
4111010049,中国戏曲学院,北京市,https://www.nacta.edu.cn/,universities/北京市/4111010049/profile.yaml,universities/北京市/4111010049/VISUAL.md,https://www.nacta.edu.cn/images/logo_01.png,site_identity,png,True,content_inspected,https://www.nacta.edu.cn/,f12c0156864483f699d05e40,,,,,#A02124,manual_derived,found,官网标识取样的PPT建议主色,https://www.nacta.edu.cn/images/logo_01.png,官网页眉标识图片：滤去透明、近白和低饱和背景后，对高频RGB色簇取通道中位数；不是VI标准色色卡,0,,0,0,0,0,0,0
4111010050,北京电影学院,北京市,,universities/北京市/4111010050/profile.yaml,universities/北京市/4111010050/VISUAL.md,,,,,,,,,,,,,,unresearched,,,,0,,0,0,0,0,0,0
4111010051,北京舞蹈学院,北京市,https://www.bda.edu.cn/,universities/北京市/4111010051/profile.yaml,universities/北京市/4111010051/VISUAL.md,https://www.bda.edu.cn/images/logo.png,site_identity,png,True,content_inspected,https://www.bda.edu.cn/,d09621c67a13eaa00409f7f1,,,,,#C7782E,manual_derived,found,官网标识取样的PPT建议主色,https://www.bda.edu.cn/images/logo.png,官网页眉标识图片：滤去透明、近白和低饱和背景后，对高频RGB色簇取通道中位数；不是VI标准色色卡,0,,0,0,1,0,0,0
4111010052,中央民族大学,北京市,https://www.muc.edu.cn/,universities/北京市/4111010052/profile.yaml,universities/北京市/4111010052/VISUAL.md,https://www.muc.edu.cn/images/logo1.png,site_identity,png,True,content_inspected,https://www.muc.edu.cn/,8bf54d63d6cf9d4fb9aa77ec,,,,,#A20000,official_vi,found,民大红,https://www.muc.edu.cn/zhongyangminzudaxueshijueshibiexitongshouce.pdf,官网 VI 手册标志标准色 RGB R162 G0 B0，换算为 HEX,0,,0,0,3,0,0,0
4111010053,中国政法大学,北京市,https://www.cupl.edu.cn/,universities/北京市/4111010053/profile.yaml,universities/北京市/4111010053/VISUAL.md,https://raw.githubusercontent.com/Magicdover/China-Universities-2026/419bdc7ce6956fc88c2b70b3979f170b6666f111/assets/logos-new/%E4%B8%AD%E5%9B%BD%E6%94%BF%E6%B3%95%E5%A4%A7%E5%AD%A6%20CUPL.svg,badge,svg,False,content_inspected,https://github.com/Magicdover/China-Universities-2026/blob/419bdc7ce6956fc88c2b70b3979f170b6666f111/assets/logos-new/%E4%B8%AD%E5%9B%BD%E6%94%BF%E6%B3%95%E5%A4%A7%E5%AD%A6%20CUPL.svg,f09348baf38051a3,,,,,,,unresearched,,,,0,,0,0,3,0,0,0
4111010054,华北电力大学,北京市,https://www.ncepu.edu.cn/,universities/北京市/4111010054/profile.yaml,universities/北京市/4111010054/VISUAL.md,https://www.ncepu.edu.cn/images/logo.png,site_identity,png,True,content_inspected,https://www.ncepu.edu.cn/,bdd164c0beab9c9582116aa7,,,,,#005AA0,manual_derived,found,官网标识取样的PPT建议主色,https://www.ncepu.edu.cn/images/logo2.png,官网页眉标识图片：滤去透明、近白和低饱和背景后，对高频RGB色簇取通道中位数；不是VI标准色色卡,0,,0,0,2,0,0,0
4111010858,北京科技职业大学,北京市,https://www.bpu.edu.cn,universities/北京市/4111010858/profile.yaml,universities/北京市/4111010858/VISUAL.md,https://www.bpu.edu.cn/images/logo.png,site_identity,png,True,content_inspected,https://www.bpu.edu.cn,706d78455adec9511b8b44c4,,,,,,,unresearched,,,,0,,0,0,0,0,0,0
4111011149,中华女子学院,北京市,https://www.cwu.edu.cn/,universities/北京市/4111011149/profile.yaml,universities/北京市/4111011149/VISUAL.md,https://www.cwu.edu.cn/images/logo.png,site_identity,png,True,content_inspected,https://www.cwu.edu.cn/,5ad1638bdd366bfe4fa2693a,,,,,,,unresearched,,,,0,,0,0,1,0,0,0
4111011232,北京信息科技大学,北京市,https://www.bistu.edu.cn/,universities/北京市/4111011232/profile.yaml,universities/北京市/4111011232/VISUAL.md,http://www.bistu.edu.cn/picture/logo.png,site_identity,png,True,content_inspected,http://www.bistu.edu.cn/,5920274532cc79138474c310,,,,,,,unresearched,,,,0,,0,0,0,0,0,0
4111011413,中国矿业大学(北京),北京市,https://www.cumtb.edu.cn/,universities/北京市/4111011413/profile.yaml,universities/北京市/4111011413/VISUAL.md,https://www.cumtb.edu.cn/images/logo-20191228.png,site_identity,png,True,content_inspected,https://www.cumtb.edu.cn/,9d5c487e6411b36e91c9db5e,,,,,#A92638,manual_derived,found,官网标识取样的PPT建议主色,https://www.cumtb.edu.cn/images/logo-20191228.png,官网页眉标识图片：滤去透明、近白和低饱和背景后，对高频RGB色簇取通道中位数；不是VI标准色色卡,0,,0,0,0,0,0,0
4111011414,中国石油大学(北京),北京市,https://www.cup.edu.cn/,universities/北京市/4111011414/profile.yaml,universities/北京市/4111011414/VISUAL.md,https://www.cup.edu.cn/images/gb2017/logo_01.png,site_identity,png,True,content_inspected,https://www.cup.edu.cn/,f93937f414df862d8f90ec71,,,,,,,unresearched,,,,0,,0,0,1,0,0,0
4111011415,中国地质大学(北京),北京市,https://www.cugb.edu.cn/,universities/北京市/4111011415/profile.yaml,universities/北京市/4111011415/VISUAL.md,https://www.cugb.edu.cn/r/cms/www/blue/images/LOGO.png,site_identity,png,True,content_inspected,https://www.cugb.edu.cn/,76f0f01009b48b698c9c44fa,,,,,,,unresearched,,,,0,,0,0,0,0,0,0
4111011417,北京联合大学,北京市,https://www.buu.edu.cn,universities/北京市/4111011417/profile.yaml,universities/北京市/4111011417/VISUAL.md,https://raw.githubusercontent.com/xioajiumi/Chinese_Universities/e088fddc329a6f0148ca72fd3b4d0fe069f13e3a/logo.zip,badge,png,False,content_inspected,https://github.com/xioajiumi/Chinese_Universities/blob/e088fddc329a6f0148ca72fd3b4d0fe069f13e3a/logo.zip,0fcb4bffb159daf8,archive_member,https://raw.githubusercontent.com/xioajiumi/Chinese_Universities/e088fddc329a6f0148ca72fd3b4d0fe069f13e3a/logo.zip,img2/北京联合大学.png,53c17d411407a72ee7e3094cbc8e5238fbf8d376e5415e78ff2c5ad2c55bb549,,,unresearched,,,,0,,0,0,0,0,0,0
4111011418,北京城市学院,北京市,,universities/北京市/4111011418/profile.yaml,universities/北京市/4111011418/VISUAL.md,,,,,,,,,,,,,,unresearched,,,,0,,0,0,0,0,0,0
4111011625,中国青年政治学院,北京市,https://www.cyu.edu.cn/,universities/北京市/4111011625/profile.yaml,universities/北京市/4111011625/VISUAL.md,https://www.cyu.edu.cn/image/logo1.png,site_identity,png,True,content_inspected,https://www.cyu.edu.cn/,b3d220fb980c8987798b7881,,,,,,,unresearched,,,,0,,0,0,0,0,0,0
4111011831,首钢工学院,北京市,https://www.sgit.edu.cn/,universities/北京市/4111011831/profile.yaml,universities/北京市/4111011831/VISUAL.md,https://www.sgit.edu.cn/images/logo.png,site_identity,png,True,content_inspected,https://www.sgit.edu.cn/,7aac97941c80e5d889f594aa,,,,,#016698,manual_derived,found,官网标识取样的PPT建议主色,https://www.sgit.edu.cn/images/logo.png,官网页眉标识图片：滤去透明、近白和低饱和背景后，对高频RGB色簇取通道中位数；不是VI标准色色卡,0,,0,0,0,0,0,0
4111012453,中国劳动关系学院,北京市,https://www.culr.edu.cn,universities/北京市/4111012453/profile.yaml,universities/北京市/4111012453/VISUAL.md,https://raw.githubusercontent.com/xioajiumi/Chinese_Universities/e088fddc329a6f0148ca72fd3b4d0fe069f13e3a/logo.zip,badge,jpeg,False,content_inspected,https://github.com/xioajiumi/Chinese_Universities/blob/e088fddc329a6f0148ca72fd3b4d0fe069f13e3a/logo.zip,a3d3344127af9d35,archive_member,https://raw.githubusercontent.com/xioajiumi/Chinese_Universities/e088fddc329a6f0148ca72fd3b4d0fe069f13e3a/logo.zip,img2/中国劳动关系学院.png,53c17d411407a72ee7e3094cbc8e5238fbf8d376e5415e78ff2c5ad2c55bb549,,,unresearched,,,,0,,0,0,0,0,0,0
4111013629,首都师范大学科德学院,北京市,https://www.kdcnu.com,universities/北京市/4111013629/profile.yaml,universities/北京市/4111013629/VISUAL.md,https://www.kdcnu.com/lib/template/scheme/picture/logo.png,site_identity,png,True,content_inspected,https://www.kdcnu.com,c8263e6978e6cb9e1eaad68a,,,,,,,unresearched,,,,0,,0,0,0,0,0,0
4111013630,北京金融科技学院,北京市,https://www.bjbuft.edu.cn,universities/北京市/4111013630/profile.yaml,universities/北京市/4111013630/VISUAL.md,,,,,,,,,,,,,,unresearched,,,,0,,0,0,0,0,0,0
4111013901,北京邮电大学世纪学院,北京市,https://www.ccbupt.cn/,universities/北京市/4111013901/profile.yaml,universities/北京市/4111013901/VISUAL.md,https://www.ccbupt.cn/images/logo_01.png,site_identity,png,True,content_inspected,https://www.ccbupt.cn/,4e8ca85a2a7633d435e6b8d5,,,,,,,unresearched,,,,0,,0,0,0,0,0,0
4111013904,北京工业大学耿丹学院,北京市,https://www.gengdan.cn,universities/北京市/4111013904/profile.yaml,universities/北京市/4111013904/VISUAL.md,,,,,,,,,,,,,,unresearched,,,,0,,0,0,0,0,0,0
4111014019,北京警察学院,北京市,https://www.bjpc.edu.cn/,universities/北京市/4111014019/profile.yaml,universities/北京市/4111014019/VISUAL.md,https://www.bjpc.edu.cn/images/logo.png,site_identity,png,True,content_inspected,https://www.bjpc.edu.cn/,4d1447c0814773c9e5312c84,,,,,#183370,manual_derived,found,官网标识取样的PPT建议主色,https://www.bjpc.edu.cn/images/logo.png,官网页眉标识图片：滤去透明、近白和低饱和背景后，对高频RGB色簇取通道中位数；不是VI标准色色卡,0,,0,0,0,0,0,0
4111014139,民政职业大学,北京市,,universities/北京市/4111014139/profile.yaml,universities/北京市/4111014139/VISUAL.md,,,,,,,,,,,,,,unresearched,,,,0,,0,0,0,0,0,0
4111014201,北京第二外国语学院中瑞酒店管理学院,北京市,https://www.bhi.edu.cn/,universities/北京市/4111014201/profile.yaml,universities/北京市/4111014201/VISUAL.md,https://www.bhi.edu.cn/images/logo.png,site_identity,png,True,content_inspected,https://www.bhi.edu.cn/,eb2849d63096b458ce7162fb,,,,,,,unresearched,,,,0,,0,0,0,0,0,0
4111014430,中国科学院大学,北京市,https://www.ucas.ac.cn,universities/北京市/4111014430/profile.yaml,universities/北京市/4111014430/VISUAL.md,https://www.ucas.ac.cn/images/logo_02.png,site_identity,png,True,content_inspected,https://www.ucas.ac.cn,4d4aa3b1815141d31cc989d9,,,,,,,unresearched,,,,0,,0,0,4,0,0,0
4111014596,中国社会科学院大学,北京市,,universities/北京市/4111014596/profile.yaml,universities/北京市/4111014596/VISUAL.md,,,,,,,,,,,,,,unresearched,,,,0,,0,0,1,0,0,0
4122010183,吉林大学,吉林省,https://www.jlu.edu.cn/index.htm,universities/吉林省/4122010183/profile.yaml,universities/吉林省/4122010183/VISUAL.md,https://www.jlu.edu.cn/images/logo.jpg,site_identity,jpeg,True,content_inspected,https://www.jlu.edu.cn/index.htm,626599a7e987c702d6e93655,,,,,#002248,manual_derived,found,官网标识取样的PPT建议主色,https://www.jlu.edu.cn/images/logo.jpg,官网页眉标识图片：滤去透明、近白和低饱和背景后，对高频RGB色簇取通道中位数；不是VI标准色色卡,0,,0,0,3,0,0,0
4122010184,延边大学,吉林省,https://www.ybu.edu.cn/,universities/吉林省/4122010184/profile.yaml,universities/吉林省/4122010184/VISUAL.md,https://raw.githubusercontent.com/Magicdover/China-Universities-2026/419bdc7ce6956fc88c2b70b3979f170b6666f111/assets/logos/%E5%BB%B6%E8%BE%B9%E5%A4%A7%E5%AD%A6%20YBU.svg,badge,svg,False,content_inspected,https://github.com/Magicdover/China-Universities-2026/blob/419bdc7ce6956fc88c2b70b3979f170b6666f111/assets/logos/%E5%BB%B6%E8%BE%B9%E5%A4%A7%E5%AD%A6%20YBU.svg,11036b2556789aa1,,,,,#387D39,official_vi,found,苹果绿,https://xxgk.ybu.edu.cn/__local/9/3C/2A/44E82AF5DFBDB79AE82A4E896D8_D56138AA_7873D.pdf,官网视觉形象识别系统管理办法修订版第七条直接给出标准色六位色号 387D39,0,,0,0,2,0,0,0
4122010186,长春理工大学,吉林省,https://www.cust.edu.cn/,universities/吉林省/4122010186/profile.yaml,universities/吉林省/4122010186/VISUAL.md,https://www.cust.edu.cn/static2026/images/logo.png,site_identity,png,True,content_inspected,https://www.cust.edu.cn/,4efc12feb309676e2cc4152e,,,,,#8FAED4,manual_derived,found,官网标识取样的PPT建议主色,https://www.cust.edu.cn/static2026/images/logo.png,官网页眉标识图片：滤去透明、近白和低饱和背景后，对高频RGB色簇取通道中位数；不是VI标准色色卡,0,,0,0,1,0,0,0
4122010188,东北电力大学,吉林省,,universities/吉林省/4122010188/profile.yaml,universities/吉林省/4122010188/VISUAL.md,https://raw.githubusercontent.com/xioajiumi/Chinese_Universities/e088fddc329a6f0148ca72fd3b4d0fe069f13e3a/logo.zip,badge,png,False,content_inspected,https://github.com/xioajiumi/Chinese_Universities/blob/e088fddc329a6f0148ca72fd3b4d0fe069f13e3a/logo.zip,5ad5840d47fa1c66,archive_member,https://raw.githubusercontent.com/xioajiumi/Chinese_Universities/e088fddc329a6f0148ca72fd3b4d0fe069f13e3a/logo.zip,img2/东北电力大学.png,53c17d411407a72ee7e3094cbc8e5238fbf8d376e5415e78ff2c5ad2c55bb549,,,unresearched,,,,0,,0,0,0,0,0,0
4122010190,长春工业大学,吉林省,https://www.ccut.edu.cn/,universities/吉林省/4122010190/profile.yaml,universities/吉林省/4122010190/VISUAL.md,https://www.ccut.edu.cn/images/logo.png,site_identity,png,True,content_inspected,https://www.ccut.edu.cn/,eb1f287246c09fb82b004b0f,,,,,#6F2729,manual_derived,found,官网标识取样的PPT建议主色,https://www.ccut.edu.cn/images/logo.png,官网页眉标识图片：滤去透明、近白和低饱和背景后，对高频RGB色簇取通道中位数；不是VI标准色色卡,0,,0,0,0,0,0,0
4122010191,吉林建筑大学,吉林省,https://www.jlju.edu.cn/,universities/吉林省/4122010191/profile.yaml,universities/吉林省/4122010191/VISUAL.md,https://www.jlju.edu.cn/2024/images/logo.png,site_identity,png,True,content_inspected,https://www.jlju.edu.cn/,5ae5de13bb045142327f01c1,,,,,,,unresearched,,,,0,,0,0,0,0,0,0
4122010192,吉林化工大学,吉林省,,universities/吉林省/4122010192/profile.yaml,universities/吉林省/4122010192/VISUAL.md,,,,,,,,,,,,,,unresearched,,,,0,,0,0,0,0,0,0
4122010193,吉林农业大学,吉林省,https://www.jlau.edu.cn/,universities/吉林省/4122010193/profile.yaml,universities/吉林省/4122010193/VISUAL.md,https://xxbgs.jlau.edu.cn/images/logo2.png,site_identity,png,True,content_inspected,https://xxbgs.jlau.edu.cn/info/1020/1321.htm,03b63b0d41e4b0aee5faa58c,,,,,,,not_found,,,,0,,0,0,0,0,0,0
4122010199,长春中医药大学,吉林省,,universities/吉林省/4122010199/profile.yaml,universities/吉林省/4122010199/VISUAL.md,https://raw.githubusercontent.com/xioajiumi/Chinese_Universities/e088fddc329a6f0148ca72fd3b4d0fe069f13e3a/logo.zip,badge,png,False,content_inspected,https://github.com/xioajiumi/Chinese_Universities/blob/e088fddc329a6f0148ca72fd3b4d0fe069f13e3a/logo.zip,e0c78a54b79a07ab,archive_member,https://raw.githubusercontent.com/xioajiumi/Chinese_Universities/e088fddc329a6f0148ca72fd3b4d0fe069f13e3a/logo.zip,img2/长春中医药大学.png,53c17d411407a72ee7e3094cbc8e5238fbf8d376e5415e78ff2c5ad2c55bb549,,,unresearched,,,,0,,0,0,0,0,0,0
4122010200,东北师范大学,吉林省,https://en.nenu.edu.cn/,universities/吉林省/4122010200/profile.yaml,universities/吉林省/4122010200/VISUAL.md,https://sjxxsbxt.nenu.edu.cn/images/logo.png,site_identity,png,True,content_inspected,https://sjxxsbxt.nenu.edu.cn/index.htm,fb3667e342ea5cdc48048348,,,,,,,unresearched,,,,0,,0,0,2,0,0,0
4122010201,北华大学,吉林省,https://www.beihua.edu.cn,universities/吉林省/4122010201/profile.yaml,universities/吉林省/4122010201/VISUAL.md,https://www.beihua.edu.cn/images/logo.png,site_identity,png,True,content_inspected,https://www.beihua.edu.cn,087770315b3feae0f072566c,,,,,#1D86E8,manual_derived,found,官网标识取样的PPT建议主色,https://www.beihua.edu.cn/images/logo.png,官网页眉标识图片：滤去透明、近白和低饱和背景后，对高频RGB色簇取通道中位数；不是VI标准色色卡,0,,0,0,0,0,0,0
4122010202,通化师范学院,吉林省,https://www.thnu.edu.cn,universities/吉林省/4122010202/profile.yaml,universities/吉林省/4122010202/VISUAL.md,https://raw.githubusercontent.com/xioajiumi/Chinese_Universities/e088fddc329a6f0148ca72fd3b4d0fe069f13e3a/logo.zip,badge,png,False,content_inspected,https://github.com/xioajiumi/Chinese_Universities/blob/e088fddc329a6f0148ca72fd3b4d0fe069f13e3a/logo.zip,f4d872b03f0acccd,archive_member,https://raw.githubusercontent.com/xioajiumi/Chinese_Universities/e088fddc329a6f0148ca72fd3b4d0fe069f13e3a/logo.zip,img2/通化师范学院.png,53c17d411407a72ee7e3094cbc8e5238fbf8d376e5415e78ff2c5ad2c55bb549,,,unresearched,,,,0,,0,0,0,0,0,0
4122010203,吉林师范大学,吉林省,https://www.jlnu.edu.cn/,universities/吉林省/4122010203/profile.yaml,universities/吉林省/4122010203/VISUAL.md,https://www.jlnu.edu.cn/images/logo.png,site_identity,png,True,content_inspected,https://www.jlnu.edu.cn/,967f7fd6ccc5bc38f045a049,,,,,#4646B8,manual_derived,found,官网标识取样的PPT建议主色,https://www.jlnu.edu.cn/images/logo.png,官网页眉标识图片：滤去透明、近白和低饱和背景后，对高频RGB色簇取通道中位数；不是VI标准色色卡,0,,0,0,0,0,0,0
4122010204,吉林工程技术师范学院,吉林省,https://www.jlenu.edu.cn/,universities/吉林省/4122010204/profile.yaml,universities/吉林省/4122010204/VISUAL.md,https://www.jlenu.edu.cn/images/logo.png,site_identity,png,True,content_inspected,https://www.jlenu.edu.cn/,55edd1c0bf2fe5489730bd86,,,,,,,unresearched,,,,0,,0,0,0,0,0,0
4122010205,长春师范大学,吉林省,,universities/吉林省/4122010205/profile.yaml,universities/吉林省/4122010205/VISUAL.md,https://raw.githubusercontent.com/xioajiumi/Chinese_Universities/e088fddc329a6f0148ca72fd3b4d0fe069f13e3a/logo.zip,badge,png,False,content_inspected,https://github.com/xioajiumi/Chinese_Universities/blob/e088fddc329a6f0148ca72fd3b4d0fe069f13e3a/logo.zip,e3c3227f9723231b,archive_member,https://raw.githubusercontent.com/xioajiumi/Chinese_Universities/e088fddc329a6f0148ca72fd3b4d0fe069f13e3a/logo.zip,img2/长春师范大学.png,53c17d411407a72ee7e3094cbc8e5238fbf8d376e5415e78ff2c5ad2c55bb549,,,unresearched,,,,0,,0,0,0,0,0,0
4122010206,白城师范学院,吉林省,,universities/吉林省/4122010206/profile.yaml,universities/吉林省/4122010206/VISUAL.md,https://raw.githubusercontent.com/xioajiumi/Chinese_Universities/e088fddc329a6f0148ca72fd3b4d0fe069f13e3a/logo.zip,badge,jpeg,False,content_inspected,https://github.com/xioajiumi/Chinese_Universities/blob/e088fddc329a6f0148ca72fd3b4d0fe069f13e3a/logo.zip,6d14b0bbae64f42f,archive_member,https://raw.githubusercontent.com/xioajiumi/Chinese_Universities/e088fddc329a6f0148ca72fd3b4d0fe069f13e3a/logo.zip,img2/白城师范学院.png,53c17d411407a72ee7e3094cbc8e5238fbf8d376e5415e78ff2c5ad2c55bb549,,,unresearched,,,,0,,0,0,0,0,0,0
4122010207,吉林财经大学,吉林省,https://www.jlufe.edu.cn/,universities/吉林省/4122010207/profile.yaml,universities/吉林省/4122010207/VISUAL.md,https://www.jlufe.edu.cn/xwz2023/images23/logo_bai.png,site_identity,png,True,content_inspected,https://www.jlufe.edu.cn/,3cc0e702df87f21aa3f0f528,,,,,,,unresearched,,,,0,,0,0,0,0,0,0
4122010208,吉林体育学院,吉林省,https://www.jlsu.edu.cn/,universities/吉林省/4122010208/profile.yaml,universities/吉林省/4122010208/VISUAL.md,https://raw.githubusercontent.com/xioajiumi/Chinese_Universities/e088fddc329a6f0148ca72fd3b4d0fe069f13e3a/logo.zip,badge,png,False,content_inspected,https://github.com/xioajiumi/Chinese_Universities/blob/e088fddc329a6f0148ca72fd3b4d0fe069f13e3a/logo.zip,ffb5a8f1b8bacef7,archive_member,https://raw.githubusercontent.com/xioajiumi/Chinese_Universities/e088fddc329a6f0148ca72fd3b4d0fe069f13e3a/logo.zip,img2/吉林体育学院.png,53c17d411407a72ee7e3094cbc8e5238fbf8d376e5415e78ff2c5ad2c55bb549,,,unresearched,,,,0,,0,0,0,0,0,0
4122010209,吉林艺术学院,吉林省,https://www.jlart.edu.cn,universities/吉林省/4122010209/profile.yaml,universities/吉林省/4122010209/VISUAL.md,https://www.jlart.edu.cn/dfiles/12892/images/logo2026.png,site_identity,png,True,content_inspected,https://www.jlart.edu.cn,fc4751cdb5b58248ef67688c,,,,,#D6000F,manual_derived,found,官网标识取样的PPT建议主色,https://www.jlart.edu.cn/images/sdklogo.png,官网页眉标识图片：滤去透明、近白和低饱和背景后，对高频RGB色簇取通道中位数；不是VI标准色色卡,0,,0,0,0,0,0,0
4122010964,吉林外国语大学,吉林省,https://www.jisu.edu.cn/,universities/吉林省/4122010964/profile.yaml,universities/吉林省/4122010964/VISUAL.md,https://www.jisu.edu.cn/images/logo.png,site_identity,png,True,content_inspected,https://www.jisu.edu.cn/,abed4c5c701e9855134d759f,,,,,,,unresearched,,,,0,,0,0,0,0,0,0
4122011261,吉林工商学院,吉林省,https://www.jlbtc.edu.cn/,universities/吉林省/4122011261/profile.yaml,universities/吉林省/4122011261/VISUAL.md,https://www.jlbtc.edu.cn/assets/gsxy_image/logo_white.png,site_identity,png,True,content_inspected,https://www.jlbtc.edu.cn/,65888e83aaa79a078ec4a103,,,,,#55056A,manual_derived,found,官网标识取样的PPT建议主色,https://www.jlbtc.edu.cn/assets/gsxy_image/logo_white.png,官网页眉标识图片：滤去透明、近白和低饱和背景后，对高频RGB色簇取通道中位数；不是VI标准色色卡,0,,0,0,0,0,0,0
4122011436,长春汽车职业技术大学,吉林省,https://www.caii.edu.cn,universities/吉林省/4122011436/profile.yaml,universities/吉林省/4122011436/VISUAL.md,https://www.caii.edu.cn/_upload/tpl/00/d8/216/template216/images/logo2024x2.png,site_identity,png,True,content_inspected,https://www.caii.edu.cn,93137c9363c97f4746ed8b8f,,,,,,,unresearched,,,,0,,0,0,0,0,0,0
4122011437,长春工程学院,吉林省,https://www.ccit.edu.cn,universities/吉林省/4122011437/profile.yaml,universities/吉林省/4122011437/VISUAL.md,https://www.ccit.edu.cn/images/header_logo.svg,site_identity,svg,True,content_inspected,https://www.ccit.edu.cn,ad607aeee8ecd6ecd87df17b,,,,,,,unresearched,,,,0,,0,0,0,0,0,0
4122011439,吉林农业科技学院,吉林省,https://www.jlnku.edu.cn/,universities/吉林省/4122011439/profile.yaml,universities/吉林省/4122011439/VISUAL.md,https://www.jlnku.edu.cn/images/logo.png,site_identity,png,True,content_inspected,https://www.jlnku.edu.cn/,e1c3f18a3c936efde17ca571,,,,,,,unresearched,,,,0,,0,0,0,0,0,0
4122011441,吉林警察学院,吉林省,https://www.jljcxy.edu.cn/,universities/吉林省/4122011441/profile.yaml,universities/吉林省/4122011441/VISUAL.md,https://www.jljcxy.edu.cn/dfiles/10563/img/logo.png,site_identity,png,True,content_inspected,https://www.jljcxy.edu.cn/,7e6ae3ea76cd665477d126ec,,,,,,,unresearched,,,,0,,0,0,0,0,0,0
4122011726,长春大学,吉林省,,universities/吉林省/4122011726/profile.yaml,universities/吉林省/4122011726/VISUAL.md,https://sjsb.ccu.edu.cn/images/logosiv.svg,site_identity,svg,True,content_inspected,https://sjsb.ccu.edu.cn/jcbf/xxbs1/xhbzzt.htm,1460fc965e26cd2f5c01de22,,,,,,,unresearched,,,,0,,0,0,0,0,0,0
4122013161,长春职业技术大学,吉林省,https://www.cvit.edu.cn,universities/吉林省/4122013161/profile.yaml,universities/吉林省/4122013161/VISUAL.md,,,,,,,,,,,,,,unresearched,,,,0,,0,0,0,0,0,0
4122013600,长春光华学院,吉林省,,universities/吉林省/4122013600/profile.yaml,universities/吉林省/4122013600/VISUAL.md,,,,,,,,,,,,,,unresearched,,,,0,,0,0,0,0,0,0
4122013601,长春工业大学人文信息学院,吉林省,https://www.ccutchi.com/,universities/吉林省/4122013601/profile.yaml,universities/吉林省/4122013601/VISUAL.md,https://www.ccutchi.com/images/logo.png,site_identity,png,True,content_inspected,https://www.ccutchi.com/,2eaccba6d9fe0410094ad7a2,,,,,,,unresearched,,,,0,,0,0,0,0,0,0
4122013602,长春电子科技学院,吉林省,,universities/吉林省/4122013602/profile.yaml,universities/吉林省/4122013602/VISUAL.md,,,,,,,,,,,,,,unresearched,,,,0,,0,0,0,0,0,0
4122013603,长春财经学院,吉林省,https://www.ccufe.edu.cn,universities/吉林省/4122013603/profile.yaml,universities/吉林省/4122013603/VISUAL.md,,,,,,,,,,,,,,unresearched,,,,0,,0,0,0,0,0,0
4122013604,吉林建筑科技学院,吉林省,https://www.jluat.edu.cn,universities/吉林省/4122013604/profile.yaml,universities/吉林省/4122013604/VISUAL.md,,,,,,,,,,,,,,unresearched,,,,0,,0,0,0,0,0,0
4122013605,长春建筑学院,吉林省,http://www.jladi.com/,universities/吉林省/4122013605/profile.yaml,universities/吉林省/4122013605/VISUAL.md,http://www.jladi.com/_upload/site/00/04/4/logo.png,site_identity,png,True,content_inspected,http://www.jladi.com/,5b0573c589f80422b76a9ad5,,,,,,,unresearched,,,,0,,0,0,0,0,0,0
4122013606,长春科技学院,吉林省,https://www.cstu.edu.cn/,universities/吉林省/4122013606/profile.yaml,universities/吉林省/4122013606/VISUAL.md,https://www.cstu.edu.cn/images/xiaomingtupian.png,site_identity,png,True,content_inspected,https://www.cstu.edu.cn/,bb428cf7b5260644533ac923,,,,,,,unresearched,,,,0,,0,0,0,0,0,0
4122013607,吉林动画学院,吉林省,https://www.jlai.edu.cn/,universities/吉林省/4122013607/profile.yaml,universities/吉林省/4122013607/VISUAL.md,https://www.jlai.edu.cn/images/logo.png,site_identity,png,True,content_inspected,https://www.jlai.edu.cn/,12b582c9a32d0472ddf84111,,,,,,,unresearched,,,,0,,0,0,0,0,0,0
4122013622,吉林师范大学博达学院,吉林省,https://www.bdxy.com.cn/,universities/吉林省/4122013622/profile.yaml,universities/吉林省/4122013622/VISUAL.md,https://www.bdxy.com.cn/images/logo.png,site_identity,png,True,content_inspected,https://www.bdxy.com.cn/,b53ca05ec849597ff692368c,,,,,,,unresearched,,,,0,,0,0,0,0,0,0
4122013623,长春大学旅游学院,吉林省,https://www.tccu.edu.cn,universities/吉林省/4122013623/profile.yaml,universities/吉林省/4122013623/VISUAL.md,https://www.tccu.edu.cn/_upload/tpl/00/ea/234/template234/static/image/logo.png,site_identity,png,True,content_inspected,https://www.tccu.edu.cn,9a299eff5de5db4273061004,,,,,,,unresearched,,,,0,,0,0,0,0,0,0
4122013662,长春人文学院,吉林省,,universities/吉林省/4122013662/profile.yaml,universities/吉林省/4122013662/VISUAL.md,,,,,,,,,,,,,,unresearched,,,,0,,0,0,0,0,0,0
4122013706,吉林医药学院,吉林省,https://www.jlmu.cn/,universities/吉林省/4122013706/profile.yaml,universities/吉林省/4122013706/VISUAL.md,https://www.jlmu.cn/images/logo0502.png,site_identity,png,True,content_inspected,https://www.jlmu.cn/,53886c98b30acc4ada3f7560,,,,,#029430,manual_derived,found,官网标识取样的PPT建议主色,https://www.jlmu.cn/images/logo0502.png,官网页眉标识图片：滤去透明、近白和低饱和背景后，对高频RGB色簇取通道中位数；不是VI标准色色卡,0,,0,0,0,0,0,0
4122014052,吉林铁道职业技术大学,吉林省,,universities/吉林省/4122014052/profile.yaml,universities/吉林省/4122014052/VISUAL.md,,,,,,,,,,,,,,unresearched,,,,0,,0,0,0,0,0,0
4111012802,吉利学院,四川省,https://www.guc.edu.cn/,universities/四川省/4111012802/profile.yaml,universities/四川省/4111012802/VISUAL.md,https://www.guc.edu.cn/lib/template/scheme/images/bo-logo.png,site_identity,png,True,content_inspected,https://www.guc.edu.cn/,5b46d80b1dde03036f3d72a8,,,,,,,unresearched,,,,0,,0,0,0,0,0,0
4151010610,四川大学,四川省,https://www.scu.edu.cn,universities/四川省/4151010610/profile.yaml,universities/四川省/4151010610/VISUAL.md,https://www.scu.edu.cn/images/logo.png,site_identity,png,True,content_inspected,https://www.scu.edu.cn,54232e3b238beb500ab91927,,,,,,,not_found,,,,0,,0,0,4,0,0,0
4151010613,西南交通大学,四川省,https://www.swjtu.edu.cn,universities/四川省/4151010613/profile.yaml,universities/四川省/4151010613/VISUAL.md,https://www.swjtu.edu.cn/images/logo.png,site_identity,png,True,content_inspected,https://www.swjtu.edu.cn,a87b23bbdd707684a7104f07,,,,,#0079BA,official_vi,found,交大蓝,https://www.swjtu.edu.cn/,官网并列标准色 RGB R0 G121 B186，换算为 HEX,0,,0,0,2,0,0,0
4151010614,电子科技大学,四川省,https://www.uestc.edu.cn/,universities/四川省/4151010614/profile.yaml,universities/四川省/4151010614/VISUAL.md,https://raw.githubusercontent.com/Magicdover/China-Universities-2026/419bdc7ce6956fc88c2b70b3979f170b6666f111/assets/logos-new/%E7%94%B5%E5%AD%90%E7%A7%91%E6%8A%80%E5%A4%A7%E5%AD%A6%20UESTC.svg,badge,svg,False,content_inspected,https://github.com/Magicdover/China-Universities-2026/blob/419bdc7ce6956fc88c2b70b3979f170b6666f111/assets/logos-new/%E7%94%B5%E5%AD%90%E7%A7%91%E6%8A%80%E5%A4%A7%E5%AD%A6%20UESTC.svg,795fd72f48ee3a68,,,,,#004098,manual_derived,found,官网标识取样的PPT建议主色,https://www.uestc.edu.cn/dfiles/12894/logo.png,官网页眉标识图片：滤去透明、近白和低饱和背景后，对高频RGB色簇取通道中位数；不是VI标准色色卡,0,,0,0,2,0,0,0
4151010615,西南石油大学,四川省,https://www.swpu.edu.cn/,universities/四川省/4151010615/profile.yaml,universities/四川省/4151010615/VISUAL.md,https://raw.githubusercontent.com/xioajiumi/Chinese_Universities/e088fddc329a6f0148ca72fd3b4d0fe069f13e3a/logo.zip,badge,png,False,content_inspected,https://github.com/xioajiumi/Chinese_Universities/blob/e088fddc329a6f0148ca72fd3b4d0fe069f13e3a/logo.zip,5f148ad4ad02016a,archive_member,https://raw.githubusercontent.com/xioajiumi/Chinese_Universities/e088fddc329a6f0148ca72fd3b4d0fe069f13e3a/logo.zip,img2/西南石油大学.png,53c17d411407a72ee7e3094cbc8e5238fbf8d376e5415e78ff2c5ad2c55bb549,#006DB6,manual_derived,found,官网标识取样的PPT建议主色,https://www.swpu.edu.cn/images/public/blacklogo.png,官网页眉标识图片：滤去透明、近白和低饱和背景后，对高频RGB色簇取通道中位数；不是VI标准色色卡,0,,0,0,2,0,0,0
4151010616,成都理工大学,四川省,https://www.cdut.edu.cn/,universities/四川省/4151010616/profile.yaml,universities/四川省/4151010616/VISUAL.md,https://raw.githubusercontent.com/Magicdover/China-Universities-2026/419bdc7ce6956fc88c2b70b3979f170b6666f111/assets/logos/%E6%88%90%E9%83%BD%E7%90%86%E5%B7%A5%E5%A4%A7%E5%AD%A6%20CDUT.svg,badge,svg,False,content_inspected,https://github.com/Magicdover/China-Universities-2026/blob/419bdc7ce6956fc88c2b70b3979f170b6666f111/assets/logos/%E6%88%90%E9%83%BD%E7%90%86%E5%B7%A5%E5%A4%A7%E5%AD%A6%20CDUT.svg,65294d2d41e51b03,,,,,,,unresearched,,,,0,,0,0,2,0,0,0
4151010619,西南科技大学,四川省,https://www.swust.edu.cn/,universities/四川省/4151010619/profile.yaml,universities/四川省/4151010619/VISUAL.md,https://raw.githubusercontent.com/xioajiumi/Chinese_Universities/e088fddc329a6f0148ca72fd3b4d0fe069f13e3a/logo.zip,badge,png,False,content_inspected,https://github.com/xioajiumi/Chinese_Universities/blob/e088fddc329a6f0148ca72fd3b4d0fe069f13e3a/logo.zip,7d6278f02245b81e,archive_member,https://raw.githubusercontent.com/xioajiumi/Chinese_Universities/e088fddc329a6f0148ca72fd3b4d0fe069f13e3a/logo.zip,img2/西南科技大学.png,53c17d411407a72ee7e3094cbc8e5238fbf8d376e5415e78ff2c5ad2c55bb549,,,unresearched,,,,0,,0,0,1,0,0,0
4151010621,成都信息工程大学,四川省,https://www.cuit.edu.cn/,universities/四川省/4151010621/profile.yaml,universities/四川省/4151010621/VISUAL.md,https://www.cuit.edu.cn/images/logo.png,site_identity,png,True,content_inspected,https://www.cuit.edu.cn/,6bd82892a4e2a9576df04a39,,,,,#B0CFE8,manual_derived,found,官网标识取样的PPT建议主色,https://www.cuit.edu.cn/images/logo.png,官网页眉标识图片：滤去透明、近白和低饱和背景后，对高频RGB色簇取通道中位数；不是VI标准色色卡,0,,0,0,1,0,0,0
4151010622,四川轻化工大学,四川省,https://www.suse.edu.cn/,universities/四川省/4151010622/profile.yaml,universities/四川省/4151010622/VISUAL.md,https://www.suse.edu.cn/_upload/tpl/01/04/260/template260/images/logo.svg,site_identity,svg,True,content_inspected,https://www.suse.edu.cn/,5039420a1be9325e2bde2594,,,,,,,unresearched,,,,0,,0,0,0,0,0,0
4151010623,西华大学,四川省,,universities/四川省/4151010623/profile.yaml,universities/四川省/4151010623/VISUAL.md,https://raw.githubusercontent.com/xioajiumi/Chinese_Universities/e088fddc329a6f0148ca72fd3b4d0fe069f13e3a/logo.zip,badge,png,False,content_inspected,https://github.com/xioajiumi/Chinese_Universities/blob/e088fddc329a6f0148ca72fd3b4d0fe069f13e3a/logo.zip,19e616d41bb46788,archive_member,https://raw.githubusercontent.com/xioajiumi/Chinese_Universities/e088fddc329a6f0148ca72fd3b4d0fe069f13e3a/logo.zip,img2/西华大学.png,53c17d411407a72ee7e3094cbc8e5238fbf8d376e5415e78ff2c5ad2c55bb549,,,unresearched,,,,0,,0,0,1,0,0,0
4151010624,中国民用航空飞行学院,四川省,https://www.cafuc.edu.cn/,universities/四川省/4151010624/profile.yaml,universities/四川省/4151010624/VISUAL.md,https://www.cafuc.edu.cn/images/logozgmyhk0606.png,site_identity,png,True,content_inspected,https://www.cafuc.edu.cn/,97587758a39f25348ffa758e,,,,,,,unresearched,,,,0,https://vi.cafuc.edu.cn/,4,0,0,0,0,0
4151010626,四川农业大学,四川省,https://www.sicau.edu.cn/,universities/四川省/4151010626/profile.yaml,universities/四川省/4151010626/VISUAL.md,https://www.sicau.edu.cn/theme/images/logo.png,site_identity,png,True,content_inspected,https://www.sicau.edu.cn/,6c4d0800fa1b18d12b4ad1a0,,,,,#408D41,manual_derived,found,官网标识取样的PPT建议主色,https://www.sicau.edu.cn/theme/images/logo.png,官网页眉标识图片：滤去透明、近白和低饱和背景后，对高频RGB色簇取通道中位数；不是VI标准色色卡,0,,0,0,2,0,0,0
4151010628,西昌学院,四川省,,universities/四川省/4151010628/profile.yaml,universities/四川省/4151010628/VISUAL.md,https://raw.githubusercontent.com/xioajiumi/Chinese_Universities/e088fddc329a6f0148ca72fd3b4d0fe069f13e3a/logo.zip,badge,jpeg,False,content_inspected,https://github.com/xioajiumi/Chinese_Universities/blob/e088fddc329a6f0148ca72fd3b4d0fe069f13e3a/logo.zip,cc00e40354a07a92,archive_member,https://raw.githubusercontent.com/xioajiumi/Chinese_Universities/e088fddc329a6f0148ca72fd3b4d0fe069f13e3a/logo.zip,img2/西昌学院.png,53c17d411407a72ee7e3094cbc8e5238fbf8d376e5415e78ff2c5ad2c55bb549,,,unresearched,,,,0,,0,0,0,0,0,0
4151010632,西南医科大学,四川省,https://www.swmu.edu.cn/,universities/四川省/4151010632/profile.yaml,universities/四川省/4151010632/VISUAL.md,https://www.swmu.edu.cn/images/logo.jpg,site_identity,jpeg,True,content_inspected,https://www.swmu.edu.cn/,4e1b5e10249010825bc5d216,,,,,#9A3244,manual_derived,found,官网标识取样的PPT建议主色,https://www.swmu.edu.cn/images/logo.jpg,官网页眉标识图片：滤去透明、近白和低饱和背景后，对高频RGB色簇取通道中位数；不是VI标准色色卡,0,https://www.swmu.edu.cn/info/1078/62981.htm,0,0,0,0,0,0
4151010633,成都中医药大学,四川省,https://www.cdutcm.edu.cn/index.htm,universities/四川省/4151010633/profile.yaml,universities/四川省/4151010633/VISUAL.md,https://www.cdutcm.edu.cn/images/cdutcmlog2026x400.png,site_identity,png,True,content_inspected,https://www.cdutcm.edu.cn/index.htm,d983e73f5c89092da74af0fb,,,,,#9D2236,official_vi,found,赭红色（学校LOGO标准色）,https://www.cdutcm.edu.cn/info/1076/141321.htm,学校办公室2026年5月22日校庆标识应用通知明确“学校LOGO标准色号#9D2236”；只将其作为学校LOGO标准色，周年数字渐变#F0090F—#FFAA00不纳入通用主题色。,0,,0,0,2,0,0,0
4151010634,川北医学院,四川省,,universities/四川省/4151010634/profile.yaml,universities/四川省/4151010634/VISUAL.md,https://raw.githubusercontent.com/xioajiumi/Chinese_Universities/e088fddc329a6f0148ca72fd3b4d0fe069f13e3a/logo.zip,badge,png,False,content_inspected,https://github.com/xioajiumi/Chinese_Universities/blob/e088fddc329a6f0148ca72fd3b4d0fe069f13e3a/logo.zip,ae815c454134e97f,archive_member,https://raw.githubusercontent.com/xioajiumi/Chinese_Universities/e088fddc329a6f0148ca72fd3b4d0fe069f13e3a/logo.zip,img2/川北医学院.png,53c17d411407a72ee7e3094cbc8e5238fbf8d376e5415e78ff2c5ad2c55bb549,,,unresearched,,,,0,,0,0,0,0,0,0
4151010636,四川师范大学,四川省,https://www.sicnu.edu.cn/,universities/四川省/4151010636/profile.yaml,universities/四川省/4151010636/VISUAL.md,https://www.sicnu.edu.cn/images/logo-1.png,site_identity,png,True,content_inspected,https://www.sicnu.edu.cn/,817caede5acad32e14aac244,,,,,,,unresearched,,,,0,,0,0,1,0,0,0
4151010638,西华师范大学,四川省,https://www.cwnu.edu.cn,universities/四川省/4151010638/profile.yaml,universities/四川省/4151010638/VISUAL.md,https://www.cwnu.edu.cn/images/logo.png,site_identity,png,True,content_inspected,https://www.cwnu.edu.cn,d22776d1c4bd3e64d1766cbb,,,,,#96000E,manual_derived,found,官网标识取样的PPT建议主色,https://www.cwnu.edu.cn/images/logos.png,官网页眉标识图片：滤去透明、近白和低饱和背景后，对高频RGB色簇取通道中位数；不是VI标准色色卡,0,,0,0,1,0,0,0
4151010639,绵阳师范学院,四川省,https://www.mtc.edu.cn/,universities/四川省/4151010639/profile.yaml,universities/四川省/4151010639/VISUAL.md,https://www.mtc.edu.cn/images/logo.png,site_identity,png,True,content_inspected,https://www.mtc.edu.cn/,8fecb36058d504c3d813811d,,,,,,,unresearched,,,,0,,0,0,0,0,0,0
4151010640,内江师范学院,四川省,https://www.njtc.edu.cn/,universities/四川省/4151010640/profile.yaml,universities/四川省/4151010640/VISUAL.md,https://www.njtc.edu.cn/images/logo.png,site_identity,png,True,content_inspected,https://www.njtc.edu.cn/,970b3291f7a52245bba18524,,,,,,,unresearched,,,,0,,0,0,0,0,0,0
4151010641,宜宾学院,四川省,,universities/四川省/4151010641/profile.yaml,universities/四川省/4151010641/VISUAL.md,https://raw.githubusercontent.com/xioajiumi/Chinese_Universities/e088fddc329a6f0148ca72fd3b4d0fe069f13e3a/logo.zip,badge,png,False,content_inspected,https://github.com/xioajiumi/Chinese_Universities/blob/e088fddc329a6f0148ca72fd3b4d0fe069f13e3a/logo.zip,61a231b1d4db77f7,archive_member,https://raw.githubusercontent.com/xioajiumi/Chinese_Universities/e088fddc329a6f0148ca72fd3b4d0fe069f13e3a/logo.zip,img2/宜宾学院.png,53c17d411407a72ee7e3094cbc8e5238fbf8d376e5415e78ff2c5ad2c55bb549,,,unresearched,,,,0,,0,0,0,0,0,0
4151010644,四川文理学院,四川省,https://www.sasu.edu.cn/,universities/四川省/4151010644/profile.yaml,universities/四川省/4151010644/VISUAL.md,https://www.sasu.edu.cn/images/logo.png,site_identity,png,True,content_inspected,https://www.sasu.edu.cn/,b019acfc8242922c0fed1d94,,,,,#D50811,manual_derived,found,官网标识取样的PPT建议主色,https://www.sasu.edu.cn/images/logo.png,官网页眉标识图片：滤去透明、近白和低饱和背景后，对高频RGB色簇取通道中位数；不是VI标准色色卡,0,,0,0,0,0,0,0
4151010646,阿坝师范学院,四川省,https://www.abtu.edu.cn/,universities/四川省/4151010646/profile.yaml,universities/四川省/4151010646/VISUAL.md,https://www.abtu.edu.cn/images/shouye-logo202403.png,site_identity,png,True,content_inspected,https://www.abtu.edu.cn/,806592bcdd4b713e86f67508,,,,,,,unresearched,,,,0,,0,0,0,0,0,0
4151010649,乐山师范学院,四川省,https://www.lsnu.edu.cn/,universities/四川省/4151010649/profile.yaml,universities/四川省/4151010649/VISUAL.md,https://www.lsnu.edu.cn/images/logo.png,site_identity,png,True,content_inspected,https://www.lsnu.edu.cn/,e9e157c70e9c8356bc1e10fa,,,,,#C4D9E9,manual_derived,found,官网标识取样的PPT建议主色,https://www.lsnu.edu.cn/images/f_logo.png,官网页眉标识图片：滤去透明、近白和低饱和背景后，对高频RGB色簇取通道中位数；不是VI标准色色卡,0,,0,0,0,0,0,0
4151010651,西南财经大学,四川省,http://www.swufe.edu.cn/,universities/四川省/4151010651/profile.yaml,universities/四川省/4151010651/VISUAL.md,http://www.swufe.edu.cn/images/x-logo.png,site_identity,png,True,content_inspected,http://www.swufe.edu.cn/,b75495751d29ee1ac2960a29,,,,,#0068B7,official_vi,found,海蓝,https://www.swufe.edu.cn/xywh.htm,"官网校园文化页规定主校色 RGB 0,104,183 与 HEX #0068B7 一致",0,,0,0,2,0,0,0
4151010653,成都体育学院,四川省,,universities/四川省/4151010653/profile.yaml,universities/四川省/4151010653/VISUAL.md,https://raw.githubusercontent.com/xioajiumi/Chinese_Universities/e088fddc329a6f0148ca72fd3b4d0fe069f13e3a/logo.zip,badge,png,False,content_inspected,https://github.com/xioajiumi/Chinese_Universities/blob/e088fddc329a6f0148ca72fd3b4d0fe069f13e3a/logo.zip,1613c54009d8c8f3,archive_member,https://raw.githubusercontent.com/xioajiumi/Chinese_Universities/e088fddc329a6f0148ca72fd3b4d0fe069f13e3a/logo.zip,img2/成都体育学院.png,53c17d411407a72ee7e3094cbc8e5238fbf8d376e5415e78ff2c5ad2c55bb549,,,unresearched,,,,0,,0,0,0,0,0,0
4151010654,四川音乐学院,四川省,https://www.sccm.edu.cn/,universities/四川省/4151010654/profile.yaml,universities/四川省/4151010654/VISUAL.md,https://www.sccm.edu.cn/templates/cy/newindex/img/logo@1x.png,site_identity,png,True,content_inspected,https://www.sccm.edu.cn/,a1b0dbe13c7b68de038dffea,,,,,,,unresearched,,,,0,,0,0,0,0,0,0
4151010656,西南民族大学,四川省,,universities/四川省/4151010656/profile.yaml,universities/四川省/4151010656/VISUAL.md,https://raw.githubusercontent.com/Magicdover/China-Universities-2026/419bdc7ce6956fc88c2b70b3979f170b6666f111/assets/logos/%E8%A5%BF%E5%8D%97%E6%B0%91%E6%97%8F%E5%A4%A7%E5%AD%A6%20SWUN.svg,badge,svg,False,content_inspected,https://github.com/Magicdover/China-Universities-2026/blob/419bdc7ce6956fc88c2b70b3979f170b6666f111/assets/logos/%E8%A5%BF%E5%8D%97%E6%B0%91%E6%97%8F%E5%A4%A7%E5%AD%A6%20SWUN.svg,e4a9a31b00887a90,,,,,,,unresearched,,,,0,,0,0,0,0,0,0
4151011079,成都大学,四川省,https://www.cdu.edu.cn/,universities/四川省/4151011079/profile.yaml,universities/四川省/4151011079/VISUAL.md,https://www.cdu.edu.cn/images/logo.png,site_identity,png,True,content_inspected,https://www.cdu.edu.cn/,1b30f87c04552f76a967a80b,,,,,,,unresearched,,,,0,,0,0,1,0,0,0
4151011116,成都工业学院,四川省,,universities/四川省/4151011116/profile.yaml,universities/四川省/4151011116/VISUAL.md,https://raw.githubusercontent.com/RoboMaster/university_logos/3d645fc89869707bd7df8dba0f7e4bbcc4a60e14/Chengdu_Technological_University/png/logo_blue_800x800.png,badge,png,False,content_inspected,https://github.com/RoboMaster/university_logos/blob/3d645fc89869707bd7df8dba0f7e4bbcc4a60e14/Chengdu_Technological_University/png/logo_blue_800x800.png,67545f52e8344b83,,,,,,,unresearched,,,,0,,0,0,0,0,0,0
4151011360,攀枝花学院,四川省,https://www.pzhu.edu.cn/,universities/四川省/4151011360/profile.yaml,universities/四川省/4151011360/VISUAL.md,https://www.pzhu.edu.cn/images/logo-c.png,site_identity,png,True,content_inspected,https://www.pzhu.edu.cn/,979053e8d95da4dff1744b84,,,,,,,unresearched,,,,0,,0,0,0,0,0,0
4151011552,四川旅游学院,四川省,https://www.sctu.edu.cn,universities/四川省/4151011552/profile.yaml,universities/四川省/4151011552/VISUAL.md,https://www.sctu.edu.cn/images/logo.png,site_identity,png,True,content_inspected,https://www.sctu.edu.cn,a5e249c8bda6852fb948cb8f,,,,,#005A3C,manual_derived,found,官网标识取样的PPT建议主色,https://www.sctu.edu.cn/images/logo.png,官网页眉标识图片：滤去透明、近白和低饱和背景后，对高频RGB色簇取通道中位数；不是VI标准色色卡,0,,0,0,0,0,0,0
4151011553,成都轻工职业技术大学,四川省,https://www.cdqg.edu.cn/,universities/四川省/4151011553/profile.yaml,universities/四川省/4151011553/VISUAL.md,,,,,,,,,,,,,,unresearched,,,,0,,0,0,0,0,0,0
4151011661,四川民族学院,四川省,,universities/四川省/4151011661/profile.yaml,universities/四川省/4151011661/VISUAL.md,https://raw.githubusercontent.com/xioajiumi/Chinese_Universities/e088fddc329a6f0148ca72fd3b4d0fe069f13e3a/logo.zip,badge,jpeg,False,content_inspected,https://github.com/xioajiumi/Chinese_Universities/blob/e088fddc329a6f0148ca72fd3b4d0fe069f13e3a/logo.zip,dd3162b9f5fd6444,archive_member,https://raw.githubusercontent.com/xioajiumi/Chinese_Universities/e088fddc329a6f0148ca72fd3b4d0fe069f13e3a/logo.zip,img2/四川民族学院.png,53c17d411407a72ee7e3094cbc8e5238fbf8d376e5415e78ff2c5ad2c55bb549,,,unresearched,,,,0,,0,0,0,0,0,0
4151012064,成都航空职业技术大学,四川省,https://www.cap.edu.cn,universities/四川省/4151012064/profile.yaml,universities/四川省/4151012064/VISUAL.md,https://www.cap.edu.cn/images/logo.png,site_identity,png,True,content_inspected,https://www.cap.edu.cn,7531485a7cd3aab5bb415a3b,,,,,,,unresearched,,,,0,,0,0,0,0,0,0
4151012212,四川警察学院,四川省,https://www.scpolicec.edu.cn/,universities/四川省/4151012212/profile.yaml,universities/四川省/4151012212/VISUAL.md,https://raw.githubusercontent.com/xioajiumi/Chinese_Universities/e088fddc329a6f0148ca72fd3b4d0fe069f13e3a/logo.zip,badge,jpeg,False,content_inspected,https://github.com/xioajiumi/Chinese_Universities/blob/e088fddc329a6f0148ca72fd3b4d0fe069f13e3a/logo.zip,a2708827798c907e,archive_member,https://raw.githubusercontent.com/xioajiumi/Chinese_Universities/e088fddc329a6f0148ca72fd3b4d0fe069f13e3a/logo.zip,img2/四川警察学院.png,53c17d411407a72ee7e3094cbc8e5238fbf8d376e5415e78ff2c5ad2c55bb549,#C4D6E9,manual_derived,found,官网标识取样的PPT建议主色,https://www.scpolicec.edu.cn/image/logo.png,官网页眉标识图片：滤去透明、近白和低饱和背景后，对高频RGB色簇取通道中位数；不是VI标准色色卡,0,,0,0,0,0,0,0
4151012636,成都东软学院,四川省,https://www.nsu.edu.cn,universities/四川省/4151012636/profile.yaml,universities/四川省/4151012636/VISUAL.md,https://www.nsu.edu.cn/img/v3/logo.png,site_identity,png,True,content_inspected,https://www.nsu.edu.cn,2d6f5109da7f5b8ee72873fd,,,,,,,unresearched,,,,0,,0,0,0,0,0,0
4151012761,四川交通职业技术大学,四川省,https://www.svtcc.edu.cn/,universities/四川省/4151012761/profile.yaml,universities/四川省/4151012761/VISUAL.md,https://www.svtcc.edu.cn/images/zz-logo.png,site_identity,,True,inspection_failed,https://www.svtcc.edu.cn/,7faeda0ea5f9d37eb1fe1316,,,,,,,unresearched,,,,0,,0,0,0,0,0,0
4151012763,四川工程职业技术大学,四川省,https://www.scetc.edu.cn/,universities/四川省/4151012763/profile.yaml,universities/四川省/4151012763/VISUAL.md,https://www.scetc.edu.cn/images/logo.png,site_identity,png,True,content_inspected,https://www.scetc.edu.cn/,9bf0413c36b87d4b845f1ff8,,,,,,,unresearched,,,,0,,0,0,0,0,0,0
4151012764,四川建筑职业技术大学,四川省,https://www.scac.edu.cn,universities/四川省/4151012764/profile.yaml,universities/四川省/4151012764/VISUAL.md,https://www.scac.edu.cn/images/logo202609282.png,site_identity,png,True,content_inspected,https://www.scac.edu.cn,ffd9a3073fd02f784871a1bc,,,,,,,unresearched,,,,0,,0,0,0,0,0,0
4151012969,成都艺术职业大学,四川省,,universities/四川省/4151012969/profile.yaml,universities/四川省/4151012969/VISUAL.md,,,,,,,,,,,,,,unresearched,,,,0,,0,0,0,0,0,0
4151013665,电子科技大学成都学院,四川省,https://www.cduestc.cn/,universities/四川省/4151013665/profile.yaml,universities/四川省/4151013665/VISUAL.md,https://www.cduestc.cn/image/main/logo-have-yuan.png,site_identity,png,True,content_inspected,https://www.cduestc.cn/,4d3294d9d8245ebdd937fe9c,,,,,,,unresearched,,,,0,,0,0,0,0,0,0
4151013668,成都理工大学工程技术学院,四川省,,universities/四川省/4151013668/profile.yaml,universities/四川省/4151013668/VISUAL.md,,,,,,,,,,,,,,unresearched,,,,0,,0,0,0,0,0,0
4151013669,四川传媒学院,四川省,https://www.scmc.edu.cn,universities/四川省/4151013669/profile.yaml,universities/四川省/4151013669/VISUAL.md,https://www.scmc.edu.cn/attachment/core/2023_02/21_21/5e90e2bf090ad99a.png,site_identity,png,True,content_inspected,https://www.scmc.edu.cn,3a25076fbd821be7532dd768,,,,,,,unresearched,,,,0,,0,0,0,0,0,0
4151013670,成都银杏酒店管理学院,四川省,https://www.gingkoc.edu.cn,universities/四川省/4151013670/profile.yaml,universities/四川省/4151013670/VISUAL.md,,,,,,,,,,,,,,unresearched,,,,0,,0,0,0,0,0,0
4151013671,成都文理学院,四川省,https://www.cdcas.edu.cn/,universities/四川省/4151013671/profile.yaml,universities/四川省/4151013671/VISUAL.md,https://www.cdcas.edu.cn/lib/template/static/picture/wx1-2a.png,site_identity,png,True,content_inspected,https://www.cdcas.edu.cn/,35989226820a079ad41c8724,,,,,,,unresearched,,,,0,,0,0,0,0,0,0
4151013672,四川工商学院,四川省,https://www.stbu.edu.cn/index.html,universities/四川省/4151013672/profile.yaml,universities/四川省/4151013672/VISUAL.md,https://img.stbu.edu.cn/templets/default/new2026/images/t_logo.png?v2,site_identity,png,True,content_inspected,https://www.stbu.edu.cn/index.html,931ca526f82939da7405278b,,,,,,,unresearched,,,,0,,0,0,0,0,0,0
4151013673,成都外国语学院,四川省,https://www.cdisu.edu.cn/,universities/四川省/4151013673/profile.yaml,universities/四川省/4151013673/VISUAL.md,https://www.cdisu.edu.cn/assets/images/header-logo.png,site_identity,png,True,content_inspected,https://www.cdisu.edu.cn/,b2955d4ab2981ad44e0909b3,,,,,,,unresearched,,,,0,,0,0,0,0,0,0
4151013705,成都医学院,四川省,https://www.cmc.edu.cn,universities/四川省/4151013705/profile.yaml,universities/四川省/4151013705/VISUAL.md,https://raw.githubusercontent.com/xioajiumi/Chinese_Universities/e088fddc329a6f0148ca72fd3b4d0fe069f13e3a/logo.zip,badge,png,False,content_inspected,https://github.com/xioajiumi/Chinese_Universities/blob/e088fddc329a6f0148ca72fd3b4d0fe069f13e3a/logo.zip,6a6daecdd183e2b4,archive_member,https://raw.githubusercontent.com/xioajiumi/Chinese_Universities/e088fddc329a6f0148ca72fd3b4d0fe069f13e3a/logo.zip,img2/成都医学院.png,53c17d411407a72ee7e3094cbc8e5238fbf8d376e5415e78ff2c5ad2c55bb549,,,unresearched,,,,0,,0,0,0,0,0,0
4151013816,四川工业科技学院,四川省,https://www.scit.cn/,universities/四川省/4151013816/profile.yaml,universities/四川省/4151013816/VISUAL.md,https://www.scit.cn/page/2026/images/logo.png,site_identity,png,True,content_inspected,https://www.scit.cn/,bb2085b1a59b9873fcfa2c25,,,,,,,unresearched,,,,0,,0,0,0,0,0,0
4151013903,成都锦城学院,四川省,,universities/四川省/4151013903/profile.yaml,universities/四川省/4151013903/VISUAL.md,,,,,,,,,,,,,,unresearched,,,,0,,0,0,0,0,0,0
4151014037,西南财经大学天府学院,四川省,https://www.tfswufe.edu.cn,universities/四川省/4151014037/profile.yaml,universities/四川省/4151014037/VISUAL.md,https://www.tfswufe.edu.cn/images/logo-white.png,site_identity,png,True,content_inspected,https://www.tfswufe.edu.cn,1a04e474b1bf179421b6af05,,,,,,,unresearched,,,,0,,0,0,0,0,0,0
4151014039,四川大学锦江学院,四川省,,universities/四川省/4151014039/profile.yaml,universities/四川省/4151014039/VISUAL.md,,,,,,,,,,,,,,unresearched,,,,0,,0,0,0,0,0,0
4151014043,四川文化艺术学院,四川省,https://www.sca.edu.cn/hx/0/,universities/四川省/4151014043/profile.yaml,universities/四川省/4151014043/VISUAL.md,,,,,,,,,,,,,,unresearched,,,,0,,0,0,0,0,0,0
4151014045,绵阳城市学院,四川省,https://www.mycc.edu.cn/,universities/四川省/4151014045/profile.yaml,universities/四川省/4151014045/VISUAL.md,https://www.mycc.edu.cn/images/2023xiaohui.png,badge,png,True,content_inspected,https://www.mycc.edu.cn/,6bc41f0f727fd1d91c5bb4ef,,,,,,,unresearched,,,,0,,0,0,0,0,0,0
4151014262,西南交通大学希望学院,四川省,https://www.swjtuhc.cn/,universities/四川省/4151014262/profile.yaml,universities/四川省/4151014262/VISUAL.md,,,,,,,,,,,,,,unresearched,,,,0,,0,0,0,0,0,0
4151014389,成都师范学院,四川省,https://www.cdnu.edu.cn/,universities/四川省/4151014389/profile.yaml,universities/四川省/4151014389/VISUAL.md,https://raw.githubusercontent.com/xioajiumi/Chinese_Universities/e088fddc329a6f0148ca72fd3b4d0fe069f13e3a/logo.zip,badge,jpeg,False,content_inspected,https://github.com/xioajiumi/Chinese_Universities/blob/e088fddc329a6f0148ca72fd3b4d0fe069f13e3a/logo.zip,3f545aa94cd343d1,archive_member,https://raw.githubusercontent.com/xioajiumi/Chinese_Universities/e088fddc329a6f0148ca72fd3b4d0fe069f13e3a/logo.zip,img2/成都师范学院.png,53c17d411407a72ee7e3094cbc8e5238fbf8d376e5415e78ff2c5ad2c55bb549,,,unresearched,,,,0,,0,0,0,0,0,0
4151014410,四川电影电视学院,四川省,https://www.scftvc.com/,universities/四川省/4151014410/profile.yaml,universities/四川省/4151014410/VISUAL.md,https://www.scftvc.com/images/118.png,site_identity,png,True,content_inspected,https://www.scftvc.com/,5300123cd45916d7a494306d,,,,,,,unresearched,,,,0,,0,0,0,0,0,0
4151014984,广安理工学院,四川省,https://www.gait.edu.cn/,universities/四川省/4151014984/profile.yaml,universities/四川省/4151014984/VISUAL.md,,,,,,,,,,,,#225EA5,manual_derived,found,官网标识取样的PPT建议主色,https://www.gait.edu.cn/images/foot-logo.png,官网页眉标识图片：滤去透明、近白和低饱和背景后，对高频RGB色簇取通道中位数；不是VI标准色色卡,0,,0,0,0,0,0,0
4151014985,成都美术学院,四川省,,universities/四川省/4151014985/profile.yaml,universities/四川省/4151014985/VISUAL.md,,,,,,,,,,,,,,unresearched,,,,0,,0,0,0,0,0,0
4112010055,南开大学,天津市,https://www.nankai.edu.cn/,universities/天津市/4112010055/profile.yaml,universities/天津市/4112010055/VISUAL.md,https://www.nankai.edu.cn/_upload/tpl/02/58/600/template600/images/logo.png,site_identity,png,True,content_inspected,https://www.nankai.edu.cn/,b34ff1ab08d052452c3a2689,,,,,,,unresearched,,,,0,,0,0,3,0,0,0
4112010056,天津大学,天津市,https://www.tju.edu.cn/,universities/天津市/4112010056/profile.yaml,universities/天津市/4112010056/VISUAL.md,https://www.tju.edu.cn/images/tjulogo.png,site_identity,png,True,content_inspected,https://www.tju.edu.cn/,e3277b207f04a76ffebe8d9e,,,,,,official_vi,official_print_only,北洋蓝,https://scet.tju.edu.cn/file/tju_vi.pdf,校方域名VI手册PDF第32页A4.1；AI查看完整色卡，北洋蓝CMYK100/70/0/0、Pantone2955C与白色CMYK0/0/0/0、Pantone Trans.White CV；未公布屏幕RGB/HEX，不换算。；屏幕主色未公布，其他取色建议另见VISUAL.md。,2,,0,0,3,0,0,0
4112010057,天津科技大学,天津市,https://www.tust.edu.cn/,universities/天津市/4112010057/profile.yaml,universities/天津市/4112010057/VISUAL.md,https://www.tust.edu.cn/images/2020/logo01.png,site_identity,png,True,content_inspected,https://www.tust.edu.cn/,ab65526f1b70416716e48fc7,,,,,,,unresearched,,,,0,,0,0,1,0,0,0
4112010058,天津工业大学,天津市,https://www.tiangong.edu.cn/,universities/天津市/4112010058/profile.yaml,universities/天津市/4112010058/VISUAL.md,https://www.tiangong.edu.cn/_upload/site/00/0c/12/logo.png,site_identity,png,True,content_inspected,https://www.tiangong.edu.cn/,61075dd25155b762e17977f5,,,,,#74256A,official_vi,found,天工紫,https://fgc.tiangong.edu.cn/2024/0321/c434a92641/page.htm,2023 年核准的学校章程规定校色 RGB R116 G37 B106，换算为 HEX,0,,0,0,2,0,0,0
4112010059,中国民航大学,天津市,,universities/天津市/4112010059/profile.yaml,universities/天津市/4112010059/VISUAL.md,https://raw.githubusercontent.com/xioajiumi/Chinese_Universities/e088fddc329a6f0148ca72fd3b4d0fe069f13e3a/logo.zip,badge,png,False,content_inspected,https://github.com/xioajiumi/Chinese_Universities/blob/e088fddc329a6f0148ca72fd3b4d0fe069f13e3a/logo.zip,509e0499408c45e6,archive_member,https://raw.githubusercontent.com/xioajiumi/Chinese_Universities/e088fddc329a6f0148ca72fd3b4d0fe069f13e3a/logo.zip,img2/中国民航大学.png,53c17d411407a72ee7e3094cbc8e5238fbf8d376e5415e78ff2c5ad2c55bb549,,,unresearched,,,,0,,0,0,1,0,0,0
4112010060,天津理工大学,天津市,https://www.tjut.edu.cn/,universities/天津市/4112010060/profile.yaml,universities/天津市/4112010060/VISUAL.md,https://www.tjut.edu.cn/images/logo.png,site_identity,png,True,content_inspected,https://www.tjut.edu.cn/,5673567a84f85820ac5471ca,,,,,#A72126,manual_derived,found,官网标识取样的PPT建议主色,https://www.tjut.edu.cn/images/plogo.png,官网页眉标识图片：滤去透明、近白和低饱和背景后，对高频RGB色簇取通道中位数；不是VI标准色色卡,0,,0,0,1,0,0,0
4112010061,天津农学院,天津市,https://www.tjau.edu.cn/,universities/天津市/4112010061/profile.yaml,universities/天津市/4112010061/VISUAL.md,https://www.tjau.edu.cn/images/logo.png,site_identity,png,True,content_inspected,https://www.tjau.edu.cn/,ad38d68b752ee2e78930b7ca,,,,,#D1B24E,manual_derived,found,官网标识取样的PPT建议主色,https://www.tjau.edu.cn/images/logo.png,官网页眉标识图片：滤去透明、近白和低饱和背景后，对高频RGB色簇取通道中位数；不是VI标准色色卡,0,,0,0,0,0,0,0
4112010062,天津医科大学,天津市,https://www.tmu.edu.cn/,universities/天津市/4112010062/profile.yaml,universities/天津市/4112010062/VISUAL.md,https://www.tmu.edu.cn/_upload/site/00/04/4/logo.png,site_identity,png,True,content_inspected,https://www.tmu.edu.cn/,94337a730dd44271bca0068a,,,,,#B40607,manual_derived,found,官网标识取样的PPT建议主色,https://www.tmu.edu.cn/_upload/site/00/04/4/logo.png,官网页眉标识图片：滤去透明、近白和低饱和背景后，对高频RGB色簇取通道中位数；不是VI标准色色卡,0,,0,0,2,0,0,0
4112010063,天津中医药大学,天津市,https://www.tjutcm.edu.cn/,universities/天津市/4112010063/profile.yaml,universities/天津市/4112010063/VISUAL.md,https://www.tjutcm.edu.cn/img/logo_font.png,site_identity,png,True,content_inspected,https://www.tjutcm.edu.cn/,05ba8c2bc33fb6a56b161960,,,,,#00863A,manual_derived,found,官网标识取样的PPT建议主色,https://www.tjutcm.edu.cn/img/logo.png,官网页眉标识图片：滤去透明、近白和低饱和背景后，对高频RGB色簇取通道中位数；不是VI标准色色卡,0,,0,0,1,0,0,0
4112010065,天津师范大学,天津市,https://www.tjnu.edu.cn/,universities/天津市/4112010065/profile.yaml,universities/天津市/4112010065/VISUAL.md,https://www.tjnu.edu.cn/template_files/1/img/logo.png,site_identity,png,True,content_inspected,https://www.tjnu.edu.cn/,c40098cb445c0ccbeb2e5685,,,,,#B60005,manual_derived,found,官网标识取样的PPT建议主色,https://www.tjnu.edu.cn/template_files/1/img/logo.png,官网页眉标识图片：滤去透明、近白和低饱和背景后，对高频RGB色簇取通道中位数；不是VI标准色色卡,0,,0,0,2,0,0,0
4112010066,天津职业技术师范大学,天津市,https://www.tute.edu.cn,universities/天津市/4112010066/profile.yaml,universities/天津市/4112010066/VISUAL.md,https://www.tute.edu.cn/images/logowhite.png,site_identity,png,True,content_inspected,https://www.tute.edu.cn,8085c9e173addae7b3ecdadd,,,,,,,unresearched,,,,0,,0,0,1,0,0,0
4112010068,天津外国语大学,天津市,https://www.tjfsu.edu.cn/,universities/天津市/4112010068/profile.yaml,universities/天津市/4112010068/VISUAL.md,https://www.tjfsu.edu.cn/_upload/tpl/00/07/7/template7/images/logo.svg,site_identity,svg,True,content_inspected,https://www.tjfsu.edu.cn/,3e014fd4a91c0cb1c3b0ee6e,,,,,,,unresearched,,,,0,,0,0,0,0,0,0
4112010069,天津商业大学,天津市,https://www.tjcu.edu.cn,universities/天津市/4112010069/profile.yaml,universities/天津市/4112010069/VISUAL.md,https://www.tjcu.edu.cn/template_files/1/img/logo.png,site_identity,png,True,content_inspected,https://www.tjcu.edu.cn,8ff3bbce5b00f7638fd01f9e,,,,,,,unresearched,,,,0,,0,0,0,0,0,0
4112010070,天津财经大学,天津市,https://www.tjufe.edu.cn/,universities/天津市/4112010070/profile.yaml,universities/天津市/4112010070/VISUAL.md,https://raw.githubusercontent.com/xioajiumi/Chinese_Universities/e088fddc329a6f0148ca72fd3b4d0fe069f13e3a/logo.zip,badge,png,False,content_inspected,https://github.com/xioajiumi/Chinese_Universities/blob/e088fddc329a6f0148ca72fd3b4d0fe069f13e3a/logo.zip,ff8134925fead2c6,archive_member,https://raw.githubusercontent.com/xioajiumi/Chinese_Universities/e088fddc329a6f0148ca72fd3b4d0fe069f13e3a/logo.zip,img2/天津财经大学.png,53c17d411407a72ee7e3094cbc8e5238fbf8d376e5415e78ff2c5ad2c55bb549,,,unresearched,,,,0,,0,0,0,0,0,0
4112010071,天津体育学院,天津市,https://www.tjus.edu.cn/,universities/天津市/4112010071/profile.yaml,universities/天津市/4112010071/VISUAL.md,https://www.tjus.edu.cn/images/logo01.png,site_identity,png,True,content_inspected,https://www.tjus.edu.cn/,f5627405dca75c0568c14b76,,,,,,,unresearched,,,,0,,0,0,0,0,0,0
4112010072,天津音乐学院,天津市,https://www.tjcm.edu.cn/,universities/天津市/4112010072/profile.yaml,universities/天津市/4112010072/VISUAL.md,https://www.tjcm.edu.cn/images/logo.png,site_identity,png,True,content_inspected,https://www.tjcm.edu.cn/,6a130ecf5094451ddb1def86,,,,,,,unresearched,,,,0,,0,0,0,0,0,0
4112010073,天津美术学院,天津市,https://www.tjarts.edu.cn,universities/天津市/4112010073/profile.yaml,universities/天津市/4112010073/VISUAL.md,https://www.tjarts.edu.cn/images/logo.png,site_identity,png,True,content_inspected,https://www.tjarts.edu.cn,af501c421c3fc3951eed4a29,,,,,,,unresearched,,,,0,,0,0,0,0,0,0
4112010792,天津城建大学,天津市,https://www.tcu.edu.cn/,universities/天津市/4112010792/profile.yaml,universities/天津市/4112010792/VISUAL.md,https://raw.githubusercontent.com/xioajiumi/Chinese_Universities/e088fddc329a6f0148ca72fd3b4d0fe069f13e3a/logo.zip,badge,png,False,content_inspected,https://github.com/xioajiumi/Chinese_Universities/blob/e088fddc329a6f0148ca72fd3b4d0fe069f13e3a/logo.zip,3c82eaa9fcd06208,archive_member,https://raw.githubusercontent.com/xioajiumi/Chinese_Universities/e088fddc329a6f0148ca72fd3b4d0fe069f13e3a/logo.zip,img2/天津城建大学.png,53c17d411407a72ee7e3094cbc8e5238fbf8d376e5415e78ff2c5ad2c55bb549,,,unresearched,,,,0,,0,0,0,0,0,0
4112010859,天津天狮学院,天津市,,universities/天津市/4112010859/profile.yaml,universities/天津市/4112010859/VISUAL.md,,,,,,,,,,,,,,unresearched,,,,0,,0,0,0,0,0,0
4112011032,天津职业大学,天津市,,universities/天津市/4112011032/profile.yaml,universities/天津市/4112011032/VISUAL.md,,,,,,,,,,,,,,unresearched,,,,0,,0,0,0,0,0,0
4112012105,天津中德应用技术大学,天津市,https://www.tsguas.edu.cn/,universities/天津市/4112012105/profile.yaml,universities/天津市/4112012105/VISUAL.md,https://raw.githubusercontent.com/xioajiumi/Chinese_Universities/e088fddc329a6f0148ca72fd3b4d0fe069f13e3a/logo.zip,badge,jpeg,False,content_inspected,https://github.com/xioajiumi/Chinese_Universities/blob/e088fddc329a6f0148ca72fd3b4d0fe069f13e3a/logo.zip,478a5c5a952a2b64,archive_member,https://raw.githubusercontent.com/xioajiumi/Chinese_Universities/e088fddc329a6f0148ca72fd3b4d0fe069f13e3a/logo.zip,img2/天津中德应用技术大学.png,53c17d411407a72ee7e3094cbc8e5238fbf8d376e5415e78ff2c5ad2c55bb549,#073779,manual_derived,found,官网标识取样的PPT建议主色,https://www.tsguas.edu.cn/images/common/logo.png,官网页眉标识图片：滤去透明、近白和低饱和背景后，对高频RGB色簇取通道中位数；不是VI标准色色卡,0,,0,0,0,0,0,0
4112012723,天津警察学院,天津市,,universities/天津市/4112012723/profile.yaml,universities/天津市/4112012723/VISUAL.md,,,,,,,,,,,,,,unresearched,,,,0,,0,0,0,0,0,0
4112013658,天津外国语大学滨海外事学院,天津市,,universities/天津市/4112013658/profile.yaml,universities/天津市/4112013658/VISUAL.md,,,,,,,,,,,,,,unresearched,,,,0,,0,0,0,0,0,0
4112013659,天津传媒学院,天津市,https://www.tjcma.edu.cn/web/,universities/天津市/4112013659/profile.yaml,universities/天津市/4112013659/VISUAL.md,,,,,,,,,,,,,,unresearched,,,,0,,0,0,0,0,0,0
4112013660,天津商业大学宝德学院,天津市,https://www.boustead.edu.cn/,universities/天津市/4112013660/profile.yaml,universities/天津市/4112013660/VISUAL.md,https://www.boustead.edu.cn/attachment/core/label/2025_10/16_17/2b5e443d6a316024.png,site_identity,png,True,content_inspected,https://www.boustead.edu.cn/,724f8885fe59a925b081db8f,,,,,,,unresearched,,,,0,,0,0,0,0,0,0
4112013661,天津医科大学临床医学院,天津市,,universities/天津市/4112013661/profile.yaml,universities/天津市/4112013661/VISUAL.md,,,,,,,,,,,,,,unresearched,,,,0,,0,0,0,0,0,0
4112013663,南开大学滨海学院,天津市,,universities/天津市/4112013663/profile.yaml,universities/天津市/4112013663/VISUAL.md,,,,,,,,,,,,,,unresearched,,,,0,,0,0,0,0,0,0
4112013896,天津师范大学津沽学院,天津市,,universities/天津市/4112013896/profile.yaml,universities/天津市/4112013896/VISUAL.md,,,,,,,,,,,,,,unresearched,,,,0,,0,0,0,0,0,0
4112013897,天津理工大学中环信息学院,天津市,,universities/天津市/4112013897/profile.yaml,universities/天津市/4112013897/VISUAL.md,,,,,,,,,,,,,,unresearched,,,,0,,0,0,0,0,0,0
4112013898,北京科技大学天津学院,天津市,https://tj.ustb.edu.cn/,universities/天津市/4112013898/profile.yaml,universities/天津市/4112013898/VISUAL.md,https://tj.ustb.edu.cn/images/logo.png,site_identity,png,True,content_inspected,https://tj.ustb.edu.cn/,7631267b5dd378e1ca84d935,,,,,,,unresearched,,,,0,,0,0,0,0,0,0
4112014038,天津仁爱学院,天津市,https://www.tjrac.edu.cn,universities/天津市/4112014038/profile.yaml,universities/天津市/4112014038/VISUAL.md,https://www.tjrac.edu.cn/jxgcxy/images/logo-161.png,site_identity,png,True,content_inspected,https://www.tjrac.edu.cn/jxgcxy/info/1682/12993.htm,2070848e51aba6a2a3ecc70e,,,,,,,unresearched,,,,0,,0,0,0,0,0,0
4112014087,天津财经大学珠江学院,天津市,https://zhujiang.tjufe.edu.cn/,universities/天津市/4112014087/profile.yaml,universities/天津市/4112014087/VISUAL.md,https://zhujiang.tjufe.edu.cn/_upload/site/00/02/2/logo.png,site_identity,png,True,content_inspected,https://zhujiang.tjufe.edu.cn/,7d927d4d14572cf12bbf3235,,,,,,,unresearched,,,,0,,0,0,0,0,0,0
4164010749,宁夏大学,宁夏回族自治区,https://www.nxu.edu.cn/,universities/宁夏回族自治区/4164010749/profile.yaml,universities/宁夏回族自治区/4164010749/VISUAL.md,https://office.nxu.edu.cn/images/logo.png,site_identity,png,True,content_inspected,https://office.nxu.edu.cn/cyxz/xxbs.htm,66b8142230934a27b9af1fd1,,,,,,,unresearched,,,,0,,0,0,2,0,0,0
4164010752,宁夏医科大学,宁夏回族自治区,https://www.nxmu.edu.cn/,universities/宁夏回族自治区/4164010752/profile.yaml,universities/宁夏回族自治区/4164010752/VISUAL.md,https://www.nxmu.edu.cn/images/logo.png,site_identity,png,True,content_inspected,https://www.nxmu.edu.cn/,078f226ddeab2decb0997b7b,,,,,,,unresearched,,,,0,,0,0,0,0,0,0
4164010753,宁夏师范大学,宁夏回族自治区,https://www.nxnu.edu.cn/,universities/宁夏回族自治区/4164010753/profile.yaml,universities/宁夏回族自治区/4164010753/VISUAL.md,https://www.nxnu.edu.cn/banner/logox.png,site_identity,,True,inspection_failed,https://www.nxnu.edu.cn/,c838e01867c4c8aa3c6579e5,,,,,#004788,manual_derived,found,官网标识取样的PPT建议主色,https://www.nxnu.edu.cn/banner/logox.png,官网页眉标识图片：滤去透明、近白和低饱和背景后，对高频RGB色簇取通道中位数；不是VI标准色色卡,0,,0,0,0,0,0,0
4164011407,北方民族大学,宁夏回族自治区,,universities/宁夏回族自治区/4164011407/profile.yaml,universities/宁夏回族自治区/4164011407/VISUAL.md,https://raw.githubusercontent.com/xioajiumi/Chinese_Universities/e088fddc329a6f0148ca72fd3b4d0fe069f13e3a/logo.zip,badge,png,False,content_inspected,https://github.com/xioajiumi/Chinese_Universities/blob/e088fddc329a6f0148ca72fd3b4d0fe069f13e3a/logo.zip,c4e29d2e892afa8c,archive_member,https://raw.githubusercontent.com/xioajiumi/Chinese_Universities/e088fddc329a6f0148ca72fd3b4d0fe069f13e3a/logo.zip,img2/北方民族大学.png,53c17d411407a72ee7e3094cbc8e5238fbf8d376e5415e78ff2c5ad2c55bb549,,,unresearched,,,,0,,0,0,0,0,0,0
4164012544,宁夏理工学院,宁夏回族自治区,,universities/宁夏回族自治区/4164012544/profile.yaml,universities/宁夏回族自治区/4164012544/VISUAL.md,,,,,,,,,,,,,,unresearched,,,,0,,0,0,0,0,0,0
4164013086,宁夏职业技术大学,宁夏回族自治区,https://www.nxtc.edu.cn/,universities/宁夏回族自治区/4164013086/profile.yaml,universities/宁夏回族自治区/4164013086/VISUAL.md,https://www.nxtc.edu.cn/images/logo-nz.png,site_identity,png,True,content_inspected,https://www.nxtc.edu.cn/,3df593ef09a612845e121513,,,,,,,unresearched,,,,0,,0,0,0,0,0,0
4164013087,宁夏工商职业技术大学,宁夏回族自治区,https://www.nxgs.edu.cn/,universities/宁夏回族自治区/4164013087/profile.yaml,universities/宁夏回族自治区/4164013087/VISUAL.md,https://www.nxgs.edu.cn/images/logozz.png,site_identity,png,True,content_inspected,https://www.nxgs.edu.cn/,645d77963e425c6fcc06a8d5,,,,,,,unresearched,,,,0,,0,0,0,0,0,0
4164013325,宁夏大学新华学院,宁夏回族自治区,https://www.nxxhxy.com:443/,universities/宁夏回族自治区/4164013325/profile.yaml,universities/宁夏回族自治区/4164013325/VISUAL.md,https://www.nxxhxy.com:443/templates/xhxy/images/logo.png,site_identity,png,True,content_inspected,https://www.nxxhxy.com:443/,286719f0504203d245bdb49f,,,,,,,unresearched,,,,0,,0,0,0,0,0,0
4164013820,银川能源学院,宁夏回族自治区,https://www.ycu.com.cn/,universities/宁夏回族自治区/4164013820/profile.yaml,universities/宁夏回族自治区/4164013820/VISUAL.md,https://www.ycu.com.cn/_nuxt/logo.2cd1e234.png,site_identity,png,True,content_inspected,https://www.ycu.com.cn/,ec396acb087b185de892d280,,,,,,,unresearched,,,,0,,0,0,0,0,0,0
4164014200,银川科技学院,宁夏回族自治区,https://www.ycust.edu.cn:443/,universities/宁夏回族自治区/4164014200/profile.yaml,universities/宁夏回族自治区/4164014200/VISUAL.md,https://www.ycust.edu.cn/lib/scheme/picture/logo-new1.png,site_identity,png,True,content_inspected,https://www.ycust.edu.cn:443/,51d5ae14bb04ed35a52c264b,,,,,,,unresearched,,,,0,,0,0,0,0,0,0
4164014986,宁夏应用技术学院,宁夏回族自治区,,universities/宁夏回族自治区/4164014986/profile.yaml,universities/宁夏回族自治区/4164014986/VISUAL.md,,,,,,,,,,,,,,unresearched,,,,0,,0,0,0,0,0,0
4134010357,安徽大学,安徽省,http://www.ahu.edu.cn/,universities/安徽省/4134010357/profile.yaml,universities/安徽省/4134010357/VISUAL.md,http://www.ahu.edu.cn/_upload/tpl/07/cc/1996/template1996/images/logonew.png,site_identity,png,True,content_inspected,http://www.ahu.edu.cn/,2e025f39351fe1d5e576cae3,,,,,,,unresearched,,,,0,,0,0,3,0,0,0
4134010358,中国科学技术大学,安徽省,https://ustc.edu.cn,universities/安徽省/4134010358/profile.yaml,universities/安徽省/4134010358/VISUAL.md,https://raw.githubusercontent.com/HeyHuazi/SVGLOGO/142498f527ac2dd3116cc1feccb9670879839f74/static/library/school/USTC.svg,badge,svg,False,content_inspected,https://github.com/HeyHuazi/SVGLOGO/blob/142498f527ac2dd3116cc1feccb9670879839f74/static/library/school/USTC.svg,507544bc453c6a13,,,,,,,unresearched,,,,0,,0,0,4,0,0,0
4134010359,合肥工业大学,安徽省,http://www.hfut.edu.cn,universities/安徽省/4134010359/profile.yaml,universities/安徽省/4134010359/VISUAL.md,http://www.hfut.edu.cn/images/logo.png,site_identity,png,True,content_inspected,http://www.hfut.edu.cn,4ecb3111a638e8275aea7130,,,,,#D68E92,manual_derived,found,官网标识取样的PPT建议主色,http://www.hfut.edu.cn/images/logo.png,官网页眉标识图片：滤去透明、近白和低饱和背景后，对高频RGB色簇取通道中位数；不是VI标准色色卡,0,,0,0,4,0,0,1
4134010360,安徽工业大学,安徽省,https://www.ahut.edu.cn/,universities/安徽省/4134010360/profile.yaml,universities/安徽省/4134010360/VISUAL.md,https://www.ahut.edu.cn/images2022/logo.png,site_identity,png,True,content_inspected,https://www.ahut.edu.cn/,f490a06fb1afcec745249556,,,,,#023C7C,manual_derived,found,官网标识取样的PPT建议主色,https://www.ahut.edu.cn/images2022/logo_blue.jpg,官网页眉标识图片：滤去透明、近白和低饱和背景后，对高频RGB色簇取通道中位数；不是VI标准色色卡,0,,0,0,1,0,0,0
4134010361,安徽理工大学,安徽省,https://www.aust.edu.cn,universities/安徽省/4134010361/profile.yaml,universities/安徽省/4134010361/VISUAL.md,https://www.aust.edu.cn/images/logo_03.png,site_identity,png,True,content_inspected,https://www.aust.edu.cn,6b18992b9059a630da91a765,,,,,,,unresearched,,,,0,,0,0,0,0,0,0
4134010363,安徽工程大学,安徽省,https://www.ahpu.edu.cn/,universities/安徽省/4134010363/profile.yaml,universities/安徽省/4134010363/VISUAL.md,https://www.ahpu.edu.cn/_upload/tpl/05/ed/1517/template1517/images/logo.svg,site_identity,svg,True,content_inspected,https://www.ahpu.edu.cn/,d1e16778c1b4be26c55652b1,,,,,,,unresearched,,,,0,,0,0,1,0,0,0
4134010364,安徽农业大学,安徽省,https://www.ahau.edu.cn,universities/安徽省/4134010364/profile.yaml,universities/安徽省/4134010364/VISUAL.md,https://www.ahau.edu.cn/static/img/logo123.png,site_identity,png,True,content_inspected,https://www.ahau.edu.cn,8f5621b34f0b8fac0bdaaa10,,,,,#00562D,manual_derived,found,官网标识取样的PPT建议主色,https://www.ahau.edu.cn/static/img/logo123.png,官网页眉标识图片：滤去透明、近白和低饱和背景后，对高频RGB色簇取通道中位数；不是VI标准色色卡,0,,0,0,1,0,0,0
4134010366,安徽医科大学,安徽省,https://www.ahmu.edu.cn,universities/安徽省/4134010366/profile.yaml,universities/安徽省/4134010366/VISUAL.md,https://raw.githubusercontent.com/xioajiumi/Chinese_Universities/e088fddc329a6f0148ca72fd3b4d0fe069f13e3a/logo.zip,badge,png,False,content_inspected,https://github.com/xioajiumi/Chinese_Universities/blob/e088fddc329a6f0148ca72fd3b4d0fe069f13e3a/logo.zip,c6dbc03f86867674,archive_member,https://raw.githubusercontent.com/xioajiumi/Chinese_Universities/e088fddc329a6f0148ca72fd3b4d0fe069f13e3a/logo.zip,img2/安徽医科大学.png,53c17d411407a72ee7e3094cbc8e5238fbf8d376e5415e78ff2c5ad2c55bb549,,,unresearched,,,,0,,0,0,1,0,0,0
4134010367,蚌埠医科大学,安徽省,https://www.bbmu.edu.cn/,universities/安徽省/4134010367/profile.yaml,universities/安徽省/4134010367/VISUAL.md,https://www.bbmu.edu.cn/style/logo-3.png,site_identity,png,True,content_inspected,https://www.bbmu.edu.cn/,22198f62763fbebeb0e3e43e,,,,,#93ADD2,manual_derived,found,官网标识取样的PPT建议主色,https://www.bbmu.edu.cn/style/logo-3.png,官网页眉标识图片：滤去透明、近白和低饱和背景后，对高频RGB色簇取通道中位数；不是VI标准色色卡,0,,0,0,0,0,0,0
4134010368,皖南医科大学,安徽省,https://www.wnmc.edu.cn/,universities/安徽省/4134010368/profile.yaml,universities/安徽省/4134010368/VISUAL.md,https://www.wnmc.edu.cn/images/logo20261.png,site_identity,png,True,content_inspected,https://www.wnmc.edu.cn/,7cd472a4ad0560b0f2ca0d5a,,,,,#B6DDCC,manual_derived,found,官网标识取样的PPT建议主色,https://www.wnmc.edu.cn/images/logo20261.png,官网页眉标识图片：滤去透明、近白和低饱和背景后，对高频RGB色簇取通道中位数；不是VI标准色色卡,0,,0,0,0,0,0,0
4134010369,安徽中医药大学,安徽省,https://www.ahtcm.edu.cn,universities/安徽省/4134010369/profile.yaml,universities/安徽省/4134010369/VISUAL.md,https://www.ahtcm.edu.cn/images/logo.png,site_identity,png,True,content_inspected,https://www.ahtcm.edu.cn,662743eb366be552905bcb6a,,,,,#061430,manual_derived,found,官网标识取样的PPT建议主色,https://www.ahtcm.edu.cn/images/logo2.png,官网页眉标识图片：滤去透明、近白和低饱和背景后，对高频RGB色簇取通道中位数；不是VI标准色色卡,0,,0,0,0,0,0,0
4134010370,安徽师范大学,安徽省,https://www.ahnu.edu.cn,universities/安徽省/4134010370/profile.yaml,universities/安徽省/4134010370/VISUAL.md,https://www.ahnu.edu.cn/ahsf2023/images/logo2026081.png,site_identity,png,True,content_inspected,https://www.ahnu.edu.cn,6f12adf87f641260cccdcf10,,,,,#C39315,manual_derived,found,官网标识取样的PPT建议主色,https://www.ahnu.edu.cn/ahsf2023/images/logo2026081.png,官网页眉标识图片：滤去透明、近白和低饱和背景后，对高频RGB色簇取通道中位数；不是VI标准色色卡,0,,0,0,1,0,0,0
4134010371,阜阳师范大学,安徽省,https://www.fynu.edu.cn/,universities/安徽省/4134010371/profile.yaml,universities/安徽省/4134010371/VISUAL.md,https://www.fynu.edu.cn/images/logo.png,site_identity,png,True,content_inspected,https://www.fynu.edu.cn/,4b373ef3f53a8cd698294953,,,,,,,unresearched,,,,0,,0,0,1,0,0,0
4134010372,安庆师范大学,安徽省,https://www.aqnu.edu.cn/,universities/安徽省/4134010372/profile.yaml,universities/安徽省/4134010372/VISUAL.md,https://www.aqnu.edu.cn/images/logo.png,site_identity,png,True,content_inspected,https://www.aqnu.edu.cn/,3950f5518218a4006b2a8851,,,,,#086FBA,manual_derived,found,官网标识取样的PPT建议主色,https://www.aqnu.edu.cn/images/logo2.png,官网页眉标识图片：滤去透明、近白和低饱和背景后，对高频RGB色簇取通道中位数；不是VI标准色色卡,0,,0,0,0,0,0,0
4134010373,淮北师范大学,安徽省,https://www.chnu.edu.cn/,universities/安徽省/4134010373/profile.yaml,universities/安徽省/4134010373/VISUAL.md,https://www.chnu.edu.cn/upload/main/site/logo/image/8472e20880114ff5a88d60beaf573f78.png,site_identity,png,True,content_inspected,https://www.chnu.edu.cn/,1eebe04eba33724abb1f64c4,,,,,,,unresearched,,,,0,,0,0,0,0,0,0
4134010375,黄山学院,安徽省,https://www.hsu.edu.cn/,universities/安徽省/4134010375/profile.yaml,universities/安徽省/4134010375/VISUAL.md,https://www.hsu.edu.cn/_upload/tpl/01/72/370/template370/images/logo.svg,site_identity,svg,True,content_inspected,https://www.hsu.edu.cn/,a071daf074ab226c3b65ecec,,,,,,,unresearched,,,,0,,0,0,0,0,0,0
4134010376,皖西学院,安徽省,https://www.wxc.edu.cn/,universities/安徽省/4134010376/profile.yaml,universities/安徽省/4134010376/VISUAL.md,https://www.wxc.edu.cn/_upload/tpl/04/0a/1034/template1034/images/logo.svg,site_identity,svg,True,content_inspected,https://www.wxc.edu.cn/,5d9586ef36278a053f1ae1d7,,,,,#2165C7,manual_derived,found,官网标识取样的PPT建议主色,https://www.wxc.edu.cn/_upload/tpl/04/0a/1034/template1034/images/logo.png,官网页眉标识图片：滤去透明、近白和低饱和背景后，对高频RGB色簇取通道中位数；不是VI标准色色卡,0,,0,0,0,0,0,0
4134010377,滁州学院,安徽省,,universities/安徽省/4134010377/profile.yaml,universities/安徽省/4134010377/VISUAL.md,https://raw.githubusercontent.com/xioajiumi/Chinese_Universities/e088fddc329a6f0148ca72fd3b4d0fe069f13e3a/logo.zip,badge,png,False,content_inspected,https://github.com/xioajiumi/Chinese_Universities/blob/e088fddc329a6f0148ca72fd3b4d0fe069f13e3a/logo.zip,34c0ba37ddb9b115,archive_member,https://raw.githubusercontent.com/xioajiumi/Chinese_Universities/e088fddc329a6f0148ca72fd3b4d0fe069f13e3a/logo.zip,img2/滁州学院.png,53c17d411407a72ee7e3094cbc8e5238fbf8d376e5415e78ff2c5ad2c55bb549,,,unresearched,,,,0,,0,0,0,0,0,0
4134010378,安徽财经大学,安徽省,https://www.aufe.edu.cn/,universities/安徽省/4134010378/profile.yaml,universities/安徽省/4134010378/VISUAL.md,https://aufevis.aufe.edu.cn/_upload/tpl/09/c8/2504/template2504/htmlRes/brand-logo-s-w.png,site_identity,png,True,content_inspected,https://aufevis.aufe.edu.cn/2022/0403/c12610a180336/page.htm,c48f386597207886170059ff,,,,,#25408F,official_vi,found,标准蓝,https://aufevis.aufe.edu.cn/_upload/article/files/d3/12/519adc744ebb8e0916fd62ed0e86/9a3aadf5-3d22-4825-b144-75e01959e162.pdf,"官网VI手册第26页A4-01可见色卡RGB 37,64,143，换算HEX；该色与标准红并列",0,,0,0,0,0,0,0
4134010379,宿州学院,安徽省,https://www.ahszu.edu.cn/,universities/安徽省/4134010379/profile.yaml,universities/安徽省/4134010379/VISUAL.md,https://www.ahszu.edu.cn/images/logo.png,site_identity,png,True,content_inspected,https://www.ahszu.edu.cn/,11ad235e108308ca1072516f,,,,,#AE0207,manual_derived,found,官网标识取样的PPT建议主色,https://www.ahszu.edu.cn/images/logo.png,官网页眉标识图片：滤去透明、近白和低饱和背景后，对高频RGB色簇取通道中位数；不是VI标准色色卡,0,,0,0,0,0,0,0
4134010380,巢湖学院,安徽省,https://www.chu.edu.cn,universities/安徽省/4134010380/profile.yaml,universities/安徽省/4134010380/VISUAL.md,https://www.chu.edu.cn/_upload/tpl/01/5d/349/template349/images/logo.png,site_identity,png,True,content_inspected,https://www.chu.edu.cn,38a3751b3147e2c68fbaa336,,,,,#024A8A,manual_derived,found,官网标识取样的PPT建议主色,https://www.chu.edu.cn/_upload/tpl/01/5d/349/template349/images/logo_s.png,官网页眉标识图片：滤去透明、近白和低饱和背景后，对高频RGB色簇取通道中位数；不是VI标准色色卡,0,,0,0,1,0,0,0
4134010381,淮南师范学院,安徽省,https://www.hnnu.edu.cn/,universities/安徽省/4134010381/profile.yaml,universities/安徽省/4134010381/VISUAL.md,https://www.hnnu.edu.cn/_upload/tpl/03/10/784/template784/images/logo.svg,site_identity,svg,True,content_inspected,https://www.hnnu.edu.cn/,3dab54d7c1a471ed957230fe,,,,,,,unresearched,,,,0,,0,0,0,0,0,0
4134010383,铜陵学院,安徽省,https://www.tlu.edu.cn/,universities/安徽省/4134010383/profile.yaml,universities/安徽省/4134010383/VISUAL.md,https://raw.githubusercontent.com/xioajiumi/Chinese_Universities/e088fddc329a6f0148ca72fd3b4d0fe069f13e3a/logo.zip,badge,png,False,content_inspected,https://github.com/xioajiumi/Chinese_Universities/blob/e088fddc329a6f0148ca72fd3b4d0fe069f13e3a/logo.zip,75f0a570e1a0586d,archive_member,https://raw.githubusercontent.com/xioajiumi/Chinese_Universities/e088fddc329a6f0148ca72fd3b4d0fe069f13e3a/logo.zip,img2/铜陵学院.png,53c17d411407a72ee7e3094cbc8e5238fbf8d376e5415e78ff2c5ad2c55bb549,#B39E64,manual_derived,found,官网标识取样的PPT建议主色,https://www.tlu.edu.cn/_upload/tpl/04/57/1111/template1111/static/picture/logo.png,官网页眉标识图片：滤去透明、近白和低饱和背景后，对高频RGB色簇取通道中位数；不是VI标准色色卡,0,,0,0,0,0,0,0
4134010869,安徽职业技术大学,安徽省,https://www.uta.edu.cn/,universities/安徽省/4134010869/profile.yaml,universities/安徽省/4134010869/VISUAL.md,https://www.uta.edu.cn/_upload/tpl/02/e1/737/template737/images/logo_fold.svg,site_identity,svg,True,content_inspected,https://www.uta.edu.cn/,3957366f63491dfbe756b2d2,,,,,,,unresearched,,,,0,,0,0,0,0,0,0
4134010878,安徽建筑大学,安徽省,https://www.ahjzu.edu.cn/,universities/安徽省/4134010878/profile.yaml,universities/安徽省/4134010878/VISUAL.md,https://www.ahjzu.edu.cn/_upload/tpl/02/ea/746/template746/images/logo.svg,site_identity,svg,True,content_inspected,https://www.ahjzu.edu.cn/,ed462da2e7d0e4487db22823,,,,,,,unresearched,,,,0,,0,0,0,0,0,0
4134010879,安徽科技工程大学,安徽省,https://www.ahstu.edu.cn,universities/安徽省/4134010879/profile.yaml,universities/安徽省/4134010879/VISUAL.md,https://www.ahstu.edu.cn/images/logo.png,site_identity,png,True,content_inspected,https://www.ahstu.edu.cn,0eab02d097a0fea6aa43d60d,,,,,#0158A7,manual_derived,found,官网标识取样的PPT建议主色,https://www.ahstu.edu.cn/images/logo.png,官网页眉标识图片：滤去透明、近白和低饱和背景后，对高频RGB色簇取通道中位数；不是VI标准色色卡,0,,0,0,0,0,0,0
4134010959,安徽三联学院,安徽省,,universities/安徽省/4134010959/profile.yaml,universities/安徽省/4134010959/VISUAL.md,,,,,,,,,,,,,,unresearched,,,,0,,0,0,1,0,0,0
4134011059,合肥大学,安徽省,https://www.hfuu.edu.cn,universities/安徽省/4134011059/profile.yaml,universities/安徽省/4134011059/VISUAL.md,https://www.hfuu.edu.cn/_upload/tpl/08/76/2166/template2166/images/logo.svg,site_identity,svg,True,content_inspected,https://www.hfuu.edu.cn,6bf52dc3847d8754babe1b62,,,,,,,unresearched,,,,0,,0,0,0,0,0,0
4134011061,芜湖职业技术大学,安徽省,https://www.whit.edu.cn/,universities/安徽省/4134011061/profile.yaml,universities/安徽省/4134011061/VISUAL.md,https://www.whit.edu.cn/images/logo-b.png,site_identity,png,True,content_inspected,https://www.whit.edu.cn/,1a00939e12f2068eb8c5df65,,,,,,,unresearched,,,,0,,0,0,0,0,0,0
4134011305,蚌埠学院,安徽省,https://www.bbc.edu.cn/,universities/安徽省/4134011305/profile.yaml,universities/安徽省/4134011305/VISUAL.md,https://www.bbc.edu.cn/_upload/tpl/02/aa/682/template682/images/logo.svg,site_identity,svg,True,content_inspected,https://www.bbc.edu.cn/,6ea24264e41f5a6bea8b9b6e,,,,,,,unresearched,,,,0,,0,0,0,0,0,0
4134011306,池州学院,安徽省,https://www.czu.edu.cn/,universities/安徽省/4134011306/profile.yaml,universities/安徽省/4134011306/VISUAL.md,https://www.czu.edu.cn/img/logo.png,site_identity,png,True,content_inspected,https://www.czu.edu.cn/,e2c7572c81ca8d222b4e863b,,,,,#0074C1,manual_derived,found,官网标识取样的PPT建议主色,https://www.czu.edu.cn/img/logo.png,官网页眉标识图片：滤去透明、近白和低饱和背景后，对高频RGB色簇取通道中位数；不是VI标准色色卡,0,,0,0,0,0,0,0
4134012072,安徽应用技术职业大学,安徽省,https://www.abc.edu.cn/,universities/安徽省/4134012072/profile.yaml,universities/安徽省/4134012072/VISUAL.md,https://www.abc.edu.cn/images/LOGORIGHT0.png,site_identity,png,True,content_inspected,https://www.abc.edu.cn/,f81404ffc3443bf5b55ee86c,,,,,,,unresearched,,,,0,,0,0,0,0,0,0
4134012216,安徽新华学院,安徽省,http://www.axhu.cn/,universities/安徽省/4134012216/profile.yaml,universities/安徽省/4134012216/VISUAL.md,https://raw.githubusercontent.com/HeyHuazi/SVGLOGO/142498f527ac2dd3116cc1feccb9670879839f74/static/library/school/anhuiXinhuaUniversity_wordmark.svg,wordmark,svg,False,content_inspected,https://github.com/HeyHuazi/SVGLOGO/blob/142498f527ac2dd3116cc1feccb9670879839f74/static/library/school/anhuiXinhuaUniversity_wordmark.svg,774371e4cbbd570b,,,,,,,unresearched,,,,0,,0,0,0,0,0,0
4134012810,安徽文达信息工程学院,安徽省,https://www.wenda.edu.cn/index.html,universities/安徽省/4134012810/profile.yaml,universities/安徽省/4134012810/VISUAL.md,https://www.wenda.edu.cn/upload/2025-06/174963338502358300.jpg,site_identity,jpeg,True,content_inspected,https://www.wenda.edu.cn/index.html,d525fcc26924eac7a8242910,,,,,,,unresearched,,,,0,,0,0,0,0,0,0
4134012925,安徽第二医学院,安徽省,https://www.ahyz.edu.cn/,universities/安徽省/4134012925/profile.yaml,universities/安徽省/4134012925/VISUAL.md,https://www.ahyz.edu.cn/images/logol2025_062712.png,site_identity,png,True,content_inspected,https://www.ahyz.edu.cn/,29f533f24dfc0ce16c2f4a2b,,,,,,,unresearched,,,,0,,0,0,0,0,0,0
4134012926,亳州学院,安徽省,https://www.bzuu.edu.cn/,universities/安徽省/4134012926/profile.yaml,universities/安徽省/4134012926/VISUAL.md,https://www.bzuu.edu.cn/_upload/tpl/02/57/599/template599/images/logo.png,site_identity,png,True,content_inspected,https://www.bzuu.edu.cn/,679148350c151ece06bc7e08,,,,,,,unresearched,,,,0,,0,0,0,0,0,0
4134013065,安徽外国语学院,安徽省,https://www.aisu.edu.cn/,universities/安徽省/4134013065/profile.yaml,universities/安徽省/4134013065/VISUAL.md,,,,,,,,,,,,,,unresearched,,,,0,,0,0,0,0,0,0
4134013611,蚌埠工商学院,安徽省,https://www.bctb.edu.cn,universities/安徽省/4134013611/profile.yaml,universities/安徽省/4134013611/VISUAL.md,https://www.bctb.edu.cn/_upload/site/00/04/4/logo.png,site_identity,png,True,content_inspected,https://www.bctb.edu.cn,3e108463d7aecc28144365fb,,,,,,,unresearched,,,,0,,0,0,0,0,0,0
4134013612,合肥理工学院,安徽省,https://www.hfit.edu.cn/,universities/安徽省/4134013612/profile.yaml,universities/安徽省/4134013612/VISUAL.md,https://www.hfit.edu.cn/_upload/tpl/00/02/2/template2/htmlRes/logo(1).png,site_identity,png,True,content_inspected,https://www.hfit.edu.cn/,0d8b9118e38471a63d42ac1e,,,,,#8FB3D8,manual_derived,found,官网标识取样的PPT建议主色,https://www.hfit.edu.cn/_upload/tpl/00/02/2/template2/htmlRes/logo.png,官网页眉标识图片：滤去透明、近白和低饱和背景后，对高频RGB色簇取通道中位数；不是VI标准色色卡,0,,0,0,0,0,0,0
4134013613,安徽信息工程学院,安徽省,,universities/安徽省/4134013613/profile.yaml,universities/安徽省/4134013613/VISUAL.md,,,,,,,,,,,,,,unresearched,,,,0,,0,0,0,0,0,0
4134013614,马鞍山学院,安徽省,,universities/安徽省/4134013614/profile.yaml,universities/安徽省/4134013614/VISUAL.md,,,,,,,,,,,,,,unresearched,,,,0,,0,0,0,0,0,0
4134013615,合肥城市学院,安徽省,https://www.cuhf.edu.cn/,universities/安徽省/4134013615/profile.yaml,universities/安徽省/4134013615/VISUAL.md,https://www.cuhf.edu.cn/_upload/tpl/00/61/97/template97/images/logo.png,site_identity,png,True,content_inspected,https://www.cuhf.edu.cn/,5a39c73ccfa1504418167669,,,,,,,unresearched,,,,0,,0,0,0,0,0,0
4134013616,合肥经济学院,安徽省,,universities/安徽省/4134013616/profile.yaml,universities/安徽省/4134013616/VISUAL.md,,,,,,,,,,,,,,unresearched,,,,0,,0,0,0,0,0,0
4134013617,芜湖学院,安徽省,https://www.uwh.edu.cn/,universities/安徽省/4134013617/profile.yaml,universities/安徽省/4134013617/VISUAL.md,https://www.uwh.edu.cn/static/home/20240312/static/images/logo_d.png,site_identity,png,True,content_inspected,https://www.uwh.edu.cn/,fd082a1330df3a572645dec1,,,,,#252A7D,manual_derived,found,官网标识取样的PPT建议主色,https://www.uwh.edu.cn/static/home/20240312/static/images/logo_d.png,官网页眉标识图片：滤去透明、近白和低饱和背景后，对高频RGB色簇取通道中位数；不是VI标准色色卡,0,,0,0,0,0,0,0
4134013618,安徽医科大学临床医学院,安徽省,,universities/安徽省/4134013618/profile.yaml,universities/安徽省/4134013618/VISUAL.md,,,,,,,,,,,,,,unresearched,,,,0,,0,0,0,0,0,0
4134013619,阜阳理工学院,安徽省,https://www.fyut.edu.cn/,universities/安徽省/4134013619/profile.yaml,universities/安徽省/4134013619/VISUAL.md,https://www.fyut.edu.cn/r/cms/fylgxx/default/index/images/logo.svg,site_identity,svg,True,content_inspected,https://www.fyut.edu.cn/,e9fc74736cce0994d7a566d3,,,,,,,unresearched,,,,0,,0,0,0,0,0,0
4134013620,淮北理工学院,安徽省,https://www.hblgxy.edu.cn/,universities/安徽省/4134013620/profile.yaml,universities/安徽省/4134013620/VISUAL.md,https://www.hblgxy.edu.cn/images-new/logo.png,site_identity,png,True,content_inspected,https://www.hblgxy.edu.cn/,f9b896ce461d38fd5af4b44f,,,,,,,unresearched,,,,0,,0,0,0,0,0,0
4134014098,合肥师范学院,安徽省,https://www.hfnu.edu.cn/,universities/安徽省/4134014098/profile.yaml,universities/安徽省/4134014098/VISUAL.md,https://www.hfnu.edu.cn/images/logo-w.png,site_identity,png,True,content_inspected,https://www.hfnu.edu.cn/,13859fd3994772bd448540c5,,,,,#0371BB,manual_derived,found,官网标识取样的PPT建议主色,https://www.hfnu.edu.cn/images/logo.png,官网页眉标识图片：滤去透明、近白和低饱和背景后，对高频RGB色簇取通道中位数；不是VI标准色色卡,0,,0,0,0,0,0,0
4134014203,皖江工学院,安徽省,https://www.wjut.edu.cn/,universities/安徽省/4134014203/profile.yaml,universities/安徽省/4134014203/VISUAL.md,,,,,,,,,,,,,,unresearched,,,,0,,0,0,0,0,0,0
4134014682,安徽艺术学院,安徽省,https://www.ahua.edu.cn/,universities/安徽省/4134014682/profile.yaml,universities/安徽省/4134014682/VISUAL.md,https://www.ahua.edu.cn/_upload/tpl/00/ab/171/template171/images/logo.png,site_identity,png,True,content_inspected,https://www.ahua.edu.cn/,b585513af114e2525a087fb6,,,,,,,unresearched,,,,0,,0,0,1,0,0,0
4134014840,安徽公安学院,安徽省,,universities/安徽省/4134014840/profile.yaml,universities/安徽省/4134014840/VISUAL.md,,,,,,,,,,,,,,unresearched,,,,0,,0,0,0,0,0,0
4137010422,山东大学,山东省,https://www.sdu.edu.cn/,universities/山东省/4137010422/profile.yaml,universities/山东省/4137010422/VISUAL.md,https://www.sdu.edu.cn/images/logo.svg,site_identity,svg,True,content_inspected,https://www.sdu.edu.cn/,ea3185378acd822ed35a368a,,,,,,,unresearched,,,,0,,0,3,3,0,0,0
4137010423,中国海洋大学,山东省,http://www.ouc.edu.cn/,universities/山东省/4137010423/profile.yaml,universities/山东省/4137010423/VISUAL.md,http://www.ouc.edu.cn/_upload/tpl/0c/00/3072/template3072/images/logo.svg,site_identity,svg,True,content_inspected,http://www.ouc.edu.cn/,3bb33b9a71158238b207be0b,,,,,,,unresearched,,,,0,,0,0,4,0,0,0
4137010424,山东科技大学,山东省,https://www.sdust.edu.cn,universities/山东省/4137010424/profile.yaml,universities/山东省/4137010424/VISUAL.md,https://www.sdust.edu.cn/images/logo.png,site_identity,png,True,content_inspected,https://www.sdust.edu.cn,81ede43b6658c3826da8b45b,,,,,#005DA3,manual_derived,found,官网标识取样的PPT建议主色,https://www.sdust.edu.cn/images/logo.png,官网页眉标识图片：滤去透明、近白和低饱和背景后，对高频RGB色簇取通道中位数；不是VI标准色色卡,0,,0,0,1,0,0,0
4137010425,中国石油大学(华东),山东省,https://www.upc.edu.cn/,universities/山东省/4137010425/profile.yaml,universities/山东省/4137010425/VISUAL.md,https://raw.githubusercontent.com/HeyHuazi/SVGLOGO/142498f527ac2dd3116cc1feccb9670879839f74/static/library/school/UPC_wordmark.svg,wordmark,svg,False,content_inspected,https://github.com/HeyHuazi/SVGLOGO/blob/142498f527ac2dd3116cc1feccb9670879839f74/static/library/school/UPC_wordmark.svg,71406a02b86f7902,,,,,,,unresearched,,,,0,,0,0,1,0,0,0
4137010426,青岛科技大学,山东省,https://www.qust.edu.cn/,universities/山东省/4137010426/profile.yaml,universities/山东省/4137010426/VISUAL.md,https://www.qust.edu.cn/2020/img/logo.png,site_identity,png,True,content_inspected,https://www.qust.edu.cn/xywh/UIS/sjsbxt_VIS_.htm,88a933c484e87c299fbea79f,,,,,#164E99,manual_derived,found,官网标识取样的PPT建议主色,https://www.qust.edu.cn/2023sygb/images/logo.png,官网页眉标识图片：滤去透明、近白和低饱和背景后，对高频RGB色簇取通道中位数；不是VI标准色色卡,0,,0,0,0,0,0,0
4137010427,济南大学,山东省,https://www.ujn.edu.cn,universities/山东省/4137010427/profile.yaml,universities/山东省/4137010427/VISUAL.md,https://www.ujn.edu.cn/images/logo-1.png,site_identity,png,True,content_inspected,https://www.ujn.edu.cn,29fad41fea45ee71990be586,,,,,,,unresearched,,,,0,,0,0,1,0,0,0
4137010429,青岛理工大学,山东省,http://www.qut.edu.cn,universities/山东省/4137010429/profile.yaml,universities/山东省/4137010429/VISUAL.md,https://raw.githubusercontent.com/xioajiumi/Chinese_Universities/e088fddc329a6f0148ca72fd3b4d0fe069f13e3a/logo.zip,badge,png,False,content_inspected,https://github.com/xioajiumi/Chinese_Universities/blob/e088fddc329a6f0148ca72fd3b4d0fe069f13e3a/logo.zip,e6046a56c4f64666,archive_member,https://raw.githubusercontent.com/xioajiumi/Chinese_Universities/e088fddc329a6f0148ca72fd3b4d0fe069f13e3a/logo.zip,img2/青岛理工大学.png,53c17d411407a72ee7e3094cbc8e5238fbf8d376e5415e78ff2c5ad2c55bb549,,,unresearched,,,,0,,0,0,1,0,0,0
4137010430,山东建筑大学,山东省,https://www.sdjzu.edu.cn/,universities/山东省/4137010430/profile.yaml,universities/山东省/4137010430/VISUAL.md,https://www.sdjzu.edu.cn/images/logo.png,site_identity,png,True,content_inspected,https://www.sdjzu.edu.cn/,03469f8ba557f2e22f9b4336,,,,,,,unresearched,,,,0,,0,0,0,0,0,0
4137010431,齐鲁工业大学,山东省,https://www.qlu.edu.cn/,universities/山东省/4137010431/profile.yaml,universities/山东省/4137010431/VISUAL.md,https://www.qlu.edu.cn/_upload/tpl/09/ea/2538/template2538/images/logo.png,site_identity,png,True,content_inspected,https://www.qlu.edu.cn/,496f11d227c59ba274c6db57,,,,,,,unresearched,,,,0,,0,0,0,0,0,0
4137010433,山东理工大学,山东省,https://www.sdut.edu.cn/,universities/山东省/4137010433/profile.yaml,universities/山东省/4137010433/VISUAL.md,https://www.sdut.edu.cn/images/logo.png,site_identity,png,True,content_inspected,https://www.sdut.edu.cn/,3649c9b82c061dd7294446a9,,,,,,,unresearched,,,,0,,0,0,1,0,0,0
4137010434,山东农业大学,山东省,http://www.sdau.edu.cn/,universities/山东省/4137010434/profile.yaml,universities/山东省/4137010434/VISUAL.md,https://raw.githubusercontent.com/Magicdover/China-Universities-2026/419bdc7ce6956fc88c2b70b3979f170b6666f111/assets/logos-new/%E5%B1%B1%E4%B8%9C%E5%86%9C%E4%B8%9A%E5%A4%A7%E5%AD%A6%20SDAU.svg,badge,svg,False,content_inspected,https://github.com/Magicdover/China-Universities-2026/blob/419bdc7ce6956fc88c2b70b3979f170b6666f111/assets/logos-new/%E5%B1%B1%E4%B8%9C%E5%86%9C%E4%B8%9A%E5%A4%A7%E5%AD%A6%20SDAU.svg,f1a064b701c88e5e,,,,,,,unresearched,,,,0,,0,0,1,0,0,0
4137010435,青岛农业大学,山东省,https://www.qau.edu.cn/,universities/山东省/4137010435/profile.yaml,universities/山东省/4137010435/VISUAL.md,https://www.qau.edu.cn/template/zhuye/ndzy/static/toolTrans/imgTrans/logo1@3x.png,site_identity,png,True,content_inspected,https://www.qau.edu.cn/,bf5a7d6b2334e3084835021c,,,,,,,unresearched,,,,0,,0,0,1,0,0,0
4137010438,山东第二医科大学,山东省,https://www.sdsmu.edu.cn/,universities/山东省/4137010438/profile.yaml,universities/山东省/4137010438/VISUAL.md,https://www.sdsmu.edu.cn/_upload/tpl/04/64/1124/template1124/images/logo.svg,site_identity,svg,True,content_inspected,https://www.sdsmu.edu.cn/,b82dd9d993dcea18893a89e3,,,,,,,unresearched,,,,0,,0,0,1,0,0,0
4137010439,山东第一医科大学,山东省,https://www.sdfmu.edu.cn,universities/山东省/4137010439/profile.yaml,universities/山东省/4137010439/VISUAL.md,https://www.sdfmu.edu.cn/images/logott.png,site_identity,png,True,content_inspected,https://www.sdfmu.edu.cn,d994525b5b8764398404311e,,,,,,,unresearched,,,,0,,0,0,0,0,0,0
4137010440,山东医药大学,山东省,https://www.sdmpu.edu.cn/,universities/山东省/4137010440/profile.yaml,universities/山东省/4137010440/VISUAL.md,,,,,,,,,,,,,,unresearched,,,,0,,0,0,0,0,0,0
4137010441,山东中医药大学,山东省,https://www.sdutcm.edu.cn/,universities/山东省/4137010441/profile.yaml,universities/山东省/4137010441/VISUAL.md,https://www.sdutcm.edu.cn/images/logo.png,site_identity,png,True,content_inspected,https://www.sdutcm.edu.cn/,143f2c6a896a9fb689a38531,,,,,#3EA55A,manual_derived,found,官网标识取样的PPT建议主色,https://www.sdutcm.edu.cn/images/logo.png,官网页眉标识图片：滤去透明、近白和低饱和背景后，对高频RGB色簇取通道中位数；不是VI标准色色卡,0,,0,0,0,0,0,0
4137010443,济宁医学院,山东省,https://www.jnmc.edu.cn/,universities/山东省/4137010443/profile.yaml,universities/山东省/4137010443/VISUAL.md,https://www.jnmc.edu.cn/_upload/tpl/01/8f/399/template399/images/sitelogo.svg,site_identity,svg,True,content_inspected,https://www.jnmc.edu.cn/,5f1adca5b0018163f8f65774,,,,,,,unresearched,,,,0,,0,0,0,0,0,0
4137010445,山东师范大学,山东省,https://www.sdnu.edu.cn,universities/山东省/4137010445/profile.yaml,universities/山东省/4137010445/VISUAL.md,https://www.sdnu.edu.cn/img/logo.svg,site_identity,svg,True,content_inspected,https://www.sdnu.edu.cn,1d2b2f07333ad03738479e35,,,,,,,unresearched,,,,2,,0,1,1,0,0,0
4137010446,曲阜师范大学,山东省,https://www.qfnu.edu.cn,universities/山东省/4137010446/profile.yaml,universities/山东省/4137010446/VISUAL.md,https://www.qfnu.edu.cn/images/logo.png,site_identity,png,True,content_inspected,https://www.qfnu.edu.cn,5d626b4a52701dc8b70e7218,,,,,#F5CA95,manual_derived,found,官网标识取样的PPT建议主色,https://www.qfnu.edu.cn/images/logo.png,官网页眉标识图片：滤去透明、近白和低饱和背景后，对高频RGB色簇取通道中位数；不是VI标准色色卡,0,,0,0,1,0,0,0
4137010447,聊城大学,山东省,https://www.lcu.edu.cn/,universities/山东省/4137010447/profile.yaml,universities/山东省/4137010447/VISUAL.md,https://www.lcu.edu.cn/images/logo.png,site_identity,png,True,content_inspected,https://www.lcu.edu.cn/,3ace12d28eb7771e7a1a5bd2,,,,,#165068,manual_derived,found,官网标识取样的PPT建议主色,https://www.lcu.edu.cn/images/logo2.png,官网页眉标识图片：滤去透明、近白和低饱和背景后，对高频RGB色簇取通道中位数；不是VI标准色色卡,0,,0,0,1,0,0,0
4137010448,德州学院,山东省,https://www.dzu.edu.cn/,universities/山东省/4137010448/profile.yaml,universities/山东省/4137010448/VISUAL.md,https://www.dzu.edu.cn/images/index/logo.png,site_identity,png,True,content_inspected,https://www.dzu.edu.cn/,8a8fd9efb8a832636b073744,,,,,#006979,manual_derived,found,官网标识取样的PPT建议主色,https://www.dzu.edu.cn/images/index/logo.png,官网页眉标识图片：滤去透明、近白和低饱和背景后，对高频RGB色簇取通道中位数；不是VI标准色色卡,0,,0,0,1,0,0,0
4137010449,山东航空学院,山东省,https://www.sdua.edu.cn/,universities/山东省/4137010449/profile.yaml,universities/山东省/4137010449/VISUAL.md,https://www.sdua.edu.cn/_upload/tpl/06/d6/1750/template1750/images/521logo.png,site_identity,png,True,content_inspected,https://www.sdua.edu.cn/,7b1d526c4b7a5b576d45d269,,,,,#1A478E,official_vi,found,①号标准色,https://www.sdua.edu.cn/_upload/article/files/1f/fa/1f230dc94e6ab5812dc0329a1d0d/6c883ab6-4c85-4aaa-8928-0d7e4cc384d0.pdf,官网2024版VIS基础手册PDF第32页，手册页29；AI查看两张色卡，明确两色均为标准色，并列记录。,0,,0,0,0,0,0,0
4137010451,鲁东大学,山东省,https://www.ldu.edu.cn/,universities/山东省/4137010451/profile.yaml,universities/山东省/4137010451/VISUAL.md,https://www.ldu.edu.cn/images/logo.png,site_identity,png,True,content_inspected,https://www.ldu.edu.cn/,cf2b206c3904506b7c2b6e5e,,,,,,,unresearched,,,,0,,0,0,1,0,0,0
4137010452,临沂大学,山东省,https://www.lyu.edu.cn/,universities/山东省/4137010452/profile.yaml,universities/山东省/4137010452/VISUAL.md,https://www.lyu.edu.cn/_upload/tpl/08/7f/2175/template2175/img/logo-red.png,site_identity,png,True,content_inspected,https://www.lyu.edu.cn/,fd11c613b184de32a3620b12,,,,,#D7000F,manual_derived,found,官网标识取样的PPT建议主色,https://www.lyu.edu.cn/_upload/tpl/08/7f/2175/template2175/img/logo-red.png,官网页眉标识图片：滤去透明、近白和低饱和背景后，对高频RGB色簇取通道中位数；不是VI标准色色卡,0,,0,0,1,0,0,0
4137010453,泰山学院,山东省,https://www.tsu.edu.cn/,universities/山东省/4137010453/profile.yaml,universities/山东省/4137010453/VISUAL.md,https://www.tsu.edu.cn/_upload/tpl/08/92/2194/template2194/images/logo_s.png,site_identity,png,True,content_inspected,https://www.tsu.edu.cn/,96141220d522232283332c81,,,,,#009943,manual_derived,found,官网标识取样的PPT建议主色,https://www.tsu.edu.cn/_upload/tpl/08/92/2194/template2194/images/logo_s.png,官网页眉标识图片：滤去透明、近白和低饱和背景后，对高频RGB色簇取通道中位数；不是VI标准色色卡,0,,0,0,0,0,0,0
4137010454,济宁学院,山东省,https://www.jnxy.edu.cn/,universities/山东省/4137010454/profile.yaml,universities/山东省/4137010454/VISUAL.md,https://www.jnxy.edu.cn/images/logo.png,site_identity,png,True,content_inspected,https://www.jnxy.edu.cn/,884f0fa0a7b982aedb56890a,,,,,,,unresearched,,,,0,,0,0,0,0,0,0
4137010455,菏泽学院,山东省,https://www.hezeu.edu.cn/,universities/山东省/4137010455/profile.yaml,universities/山东省/4137010455/VISUAL.md,https://www.hezeu.edu.cn/images/flogo.png,site_identity,png,True,content_inspected,https://www.hezeu.edu.cn/,d1a437dc3d2e95e561a92edd,,,,,#FD0000,manual_derived,found,官网标识取样的PPT建议主色,https://www.hezeu.edu.cn/images/kefu_logo.png,官网页眉标识图片：滤去透明、近白和低饱和背景后，对高频RGB色簇取通道中位数；不是VI标准色色卡,0,,0,0,0,0,0,0
4137010456,山东财经大学,山东省,https://www.sdufe.edu.cn/,universities/山东省/4137010456/profile.yaml,universities/山东省/4137010456/VISUAL.md,https://www.sdufe.edu.cn/dfiles/12798/images/main_03-8.png,site_identity,png,True,content_inspected,https://www.sdufe.edu.cn/,cc5742a69d774c4a50bc3169,,,,,#054686,official_vi,found,山财大蓝,https://www.sdufe.edu.cn/vi.pdf,官网VI手册第5页标准色R5 G70 B134与HEX #054686一致,0,,0,0,2,0,0,0
4137010457,山东体育学院,山东省,https://www.sdpei.edu.cn,universities/山东省/4137010457/profile.yaml,universities/山东省/4137010457/VISUAL.md,https://www.sdpei.edu.cn/_upload/tpl/00/18/24/template24/images/logo.png,site_identity,png,True,content_inspected,https://www.sdpei.edu.cn,1599a17c0a9470adc58eb095,,,,,#D7000F,manual_derived,found,官网标识取样的PPT建议主色,https://www.sdpei.edu.cn/_upload/tpl/00/18/24/template24/images/logo.png,官网页眉标识图片：滤去透明、近白和低饱和背景后，对高频RGB色簇取通道中位数；不是VI标准色色卡,0,,0,0,0,0,0,0
4137010458,山东艺术学院,山东省,https://www.sdca.edu.cn/,universities/山东省/4137010458/profile.yaml,universities/山东省/4137010458/VISUAL.md,https://www.sdca.edu.cn/new/images/logo.png,site_identity,png,True,content_inspected,https://www.sdca.edu.cn/,3be26a3016a9081a4e705382,,,,,,,unresearched,,,,0,,0,0,0,0,0,0
4137010825,齐鲁医药学院,山东省,https://www.qlmu.edu.cn/,universities/山东省/4137010825/profile.yaml,universities/山东省/4137010825/VISUAL.md,https://www.qlmu.edu.cn/2021ban/images/logo2.jpg,site_identity,jpeg,True,content_inspected,https://www.qlmu.edu.cn/,c51cb16862e36dfa8d5c9de2,,,,,,,unresearched,,,,0,,0,0,0,0,0,0
4137010832,山东商业职业技术大学,山东省,,universities/山东省/4137010832/profile.yaml,universities/山东省/4137010832/VISUAL.md,,,,,,,,,,,,,,unresearched,,,,0,,0,0,0,0,0,0
4137010868,青岛滨海学院,山东省,https://www.qdbhu.edu.cn,universities/山东省/4137010868/profile.yaml,universities/山东省/4137010868/VISUAL.md,https://www.qdbhu.edu.cn/img/home/logo.png,site_identity,png,True,content_inspected,https://www.qdbhu.edu.cn,0ad2eab3573d5ab553307a3f,,,,,,,unresearched,,,,0,,0,0,0,0,0,0
4137010904,枣庄学院,山东省,https://www.uzz.edu.cn/,universities/山东省/4137010904/profile.yaml,universities/山东省/4137010904/VISUAL.md,https://www.uzz.edu.cn/images/logo.png,site_identity,png,True,content_inspected,https://www.uzz.edu.cn/,103db417034cad3922f545ba,,,,,#B41718,manual_derived,found,官网标识取样的PPT建议主色,https://www.uzz.edu.cn/images/logo.png,官网页眉标识图片：滤去透明、近白和低饱和背景后，对高频RGB色簇取通道中位数；不是VI标准色色卡,0,,0,0,0,0,0,0
4137010908,山东工艺美术学院,山东省,https://www.sdada.edu.cn/,universities/山东省/4137010908/profile.yaml,universities/山东省/4137010908/VISUAL.md,https://www.sdada.edu.cn/images/banner/logo.png,site_identity,png,True,content_inspected,https://www.sdada.edu.cn/,458d9153b8e0203477f2a199,,,,,#F28701,manual_derived,found,官网标识取样的PPT建议主色,https://www.sdada.edu.cn/images/banner/logo.png,官网页眉标识图片：滤去透明、近白和低饱和背景后，对高频RGB色簇取通道中位数；不是VI标准色色卡,0,,0,0,0,0,0,0
4137011065,青岛大学,山东省,https://www.qdu.edu.cn/,universities/山东省/4137011065/profile.yaml,universities/山东省/4137011065/VISUAL.md,https://www.qdu.edu.cn/images/logo3.png,site_identity,png,True,content_inspected,https://www.qdu.edu.cn/,5699e31390a6d775aebfd7f5,,,,,,,unresearched,,,,0,,0,0,1,0,0,0
4137011066,烟台大学,山东省,https://www.ytu.edu.cn/,universities/山东省/4137011066/profile.yaml,universities/山东省/4137011066/VISUAL.md,https://www.ytu.edu.cn/images/logo.png,site_identity,png,True,content_inspected,https://www.ytu.edu.cn/,6dc2c70ae1ebd0e0b93e2d1e,,,,,#008CD6,manual_derived,found,官网标识取样的PPT建议主色,https://www.ytu.edu.cn/images/logo.png,官网页眉标识图片：滤去透明、近白和低饱和背景后，对高频RGB色簇取通道中位数；不是VI标准色色卡,0,,0,0,0,0,0,0
4137011067,潍坊学院,山东省,https://www.wfu.edu.cn/,universities/山东省/4137011067/profile.yaml,universities/山东省/4137011067/VISUAL.md,https://www.wfu.edu.cn/_upload/tpl/06/c9/1737/template1737/image/logo2.png,site_identity,png,True,content_inspected,https://www.wfu.edu.cn/,05399dbaa71475c5ac59c399,,,,,#143270,manual_derived,found,官网标识取样的PPT建议主色,https://www.wfu.edu.cn/_upload/tpl/06/c9/1737/template1737/image/logo2.png,官网页眉标识图片：滤去透明、近白和低饱和背景后，对高频RGB色簇取通道中位数；不是VI标准色色卡,0,,0,0,0,0,0,0
4137011324,山东警察学院,山东省,https://www.sdpc.edu.cn,universities/山东省/4137011324/profile.yaml,universities/山东省/4137011324/VISUAL.md,https://www.sdpc.edu.cn/images/logo.png,site_identity,png,True,content_inspected,https://www.sdpc.edu.cn,d3cab27de26c7dd274a74b0f,,,,,#0A2C87,manual_derived,found,官网标识取样的PPT建议主色,https://www.sdpc.edu.cn/images/logo.png,官网页眉标识图片：滤去透明、近白和低饱和背景后，对高频RGB色簇取通道中位数；不是VI标准色色卡,0,,0,0,0,0,0,0
4137011510,山东交通学院,山东省,https://www.sdjtu.edu.cn/,universities/山东省/4137011510/profile.yaml,universities/山东省/4137011510/VISUAL.md,https://www.sdjtu.edu.cn/images/logo.png,site_identity,png,True,content_inspected,https://www.sdjtu.edu.cn/,bc1609b09abdfd5cf88d2e11,,,,,#AC020D,manual_derived,found,官网标识取样的PPT建议主色,https://www.sdjtu.edu.cn/images/logo.png,官网页眉标识图片：滤去透明、近白和低饱和背景后，对高频RGB色簇取通道中位数；不是VI标准色色卡,0,,0,0,1,0,0,0
4137011688,山东工商学院,山东省,https://www.sdtbu.edu.cn/,universities/山东省/4137011688/profile.yaml,universities/山东省/4137011688/VISUAL.md,https://www.sdtbu.edu.cn/images/logo.png,site_identity,png,True,content_inspected,https://www.sdtbu.edu.cn/,0ad0fb70926befb06ddb5bd3,,,,,#003F98,manual_derived,found,官网标识取样的PPT建议主色,https://www.sdtbu.edu.cn/images/logo.png,官网页眉标识图片：滤去透明、近白和低饱和背景后，对高频RGB色簇取通道中位数；不是VI标准色色卡,0,,0,0,0,0,0,0
4137012062,日照职业技术大学,山东省,https://www.rzpt.cn/,universities/山东省/4137012062/profile.yaml,universities/山东省/4137012062/VISUAL.md,https://www.rzpt.cn/dfiles/rzpu/images/logo.png,site_identity,png,True,content_inspected,https://www.rzpt.cn/,469fb6f5b6219c149ecd2d71,,,,,,,unresearched,,,,0,,0,0,0,0,0,0
4137012331,山东女子学院,山东省,https://www.sdwu.edu.cn/,universities/山东省/4137012331/profile.yaml,universities/山东省/4137012331/VISUAL.md,https://www.sdwu.edu.cn/images/bypic.png,site_identity,png,True,content_inspected,https://www.sdwu.edu.cn/,1071f02ebcf19a1bdb5e79e8,,,,,#A02831,manual_derived,found,官网标识取样的PPT建议主色,https://www.sdwu.edu.cn/images/sdnzlogo1.png,官网页眉标识图片：滤去透明、近白和低饱和背景后，对高频RGB色簇取通道中位数；不是VI标准色色卡,0,,0,0,0,0,0,0
4137012332,烟台南山学院,山东省,https://www.nanshan.edu.cn/,universities/山东省/4137012332/profile.yaml,universities/山东省/4137012332/VISUAL.md,https://www.nanshan.edu.cn/dfiles/9835/images/logo.png,site_identity,png,True,content_inspected,https://www.nanshan.edu.cn/,db33c05cc8dc67fe1f12245a,,,,,,,unresearched,,,,0,,0,0,0,0,0,0
4137012818,滨州职业技术大学,山东省,https://www.bzpt.edu.cn/,universities/山东省/4137012818/profile.yaml,universities/山东省/4137012818/VISUAL.md,https://www.bzpt.edu.cn/images/zzgw-logo-new.png,site_identity,png,True,content_inspected,https://www.bzpt.edu.cn/,c2f9ccc7b3840fc7379ee2a7,,,,,,,unresearched,,,,0,,0,0,0,0,0,0
4137012819,山东科技职业大学,山东省,https://www.sdvcst.edu.cn/,universities/山东省/4137012819/profile.yaml,universities/山东省/4137012819/VISUAL.md,https://www.sdvcst.edu.cn/images/logo_d20260803.png,site_identity,png,True,content_inspected,https://www.sdvcst.edu.cn/,4a9c61781c9c0be5c3ff11df,,,,,,,unresearched,,,,0,,0,0,0,0,0,0
4137012843,潍坊科技学院,山东省,,universities/山东省/4137012843/profile.yaml,universities/山东省/4137012843/VISUAL.md,,,,,,,,,,,,,,unresearched,,,,0,,0,0,0,0,0,0
4137013006,山东英才学院,山东省,https://www.sdycu.edu.cn/,universities/山东省/4137013006/profile.yaml,universities/山东省/4137013006/VISUAL.md,https://www.sdycu.edu.cn/images/logo.png,site_identity,png,True,content_inspected,https://www.sdycu.edu.cn/,43cc004fb555a1d3efc29667,,,,,,,unresearched,,,,0,,0,0,0,0,0,0
4137013009,淄博职业技术大学,山东省,https://www.zbpu.edu.cn/index.htm,universities/山东省/4137013009/profile.yaml,universities/山东省/4137013009/VISUAL.md,https://www.zbpu.edu.cn/images/logo.png,site_identity,png,True,content_inspected,https://www.zbpu.edu.cn/index.htm,d2c170e6dbfcbcc5749559e1,,,,,,,unresearched,,,,0,,0,0,0,0,0,0
4137013015,青岛恒星科技学院,山东省,,universities/山东省/4137013015/profile.yaml,universities/山东省/4137013015/VISUAL.md,,,,,,,,,,,,,,unresearched,,,,0,,0,0,0,0,0,0
4137013320,青岛黄海学院,山东省,https://www.qdhhc.edu.cn/,universities/山东省/4137013320/profile.yaml,universities/山东省/4137013320/VISUAL.md,https://www.qdhhc.edu.cn/images/logo.png,site_identity,png,True,content_inspected,https://www.qdhhc.edu.cn/,e820a5e2efd0e0dcae956f18,,,,,,,conflict,蓝色（并列标准色）,,,0,,0,0,0,0,0,0
4137013322,山东现代学院,山东省,https://www.sdxd.edu.cn/,universities/山东省/4137013322/profile.yaml,universities/山东省/4137013322/VISUAL.md,,,,,,,,,,,,,,unresearched,,,,0,,0,0,0,0,0,0
4137013324,山东协和学院,山东省,https://www.sdxiehe.com/home/,universities/山东省/4137013324/profile.yaml,universities/山东省/4137013324/VISUAL.md,https://www.sdxiehe.com/home/images/logo.png,site_identity,png,True,content_inspected,https://www.sdxiehe.com/home/,0468b7553d1d6cb1d4869f09,,,,,,,unresearched,,,,0,,0,0,0,0,0,0
4137013356,山东工程职业技术大学,山东省,https://www.suet.edu.cn/,universities/山东省/4137013356/profile.yaml,universities/山东省/4137013356/VISUAL.md,https://www.suet.edu.cn/images/shandonggongchengzhiyejishudaxuexin-top.png,site_identity,png,True,content_inspected,https://www.suet.edu.cn/,a92bc6f88c8d374c990c9f33,,,,,,,unresearched,,,,0,,0,0,0,0,0,0
4137013359,烟台理工学院,山东省,https://www.yitsd.edu.cn/,universities/山东省/4137013359/profile.yaml,universities/山东省/4137013359/VISUAL.md,https://www.yitsd.edu.cn/images/55555555555.png,site_identity,png,True,content_inspected,https://www.yitsd.edu.cn/,8181bd1883b02b2b2fcfe0f4,,,,,,,unresearched,,,,0,,0,0,1,0,0,0
4137013373,聊城大学东昌学院,山东省,https://www.lcudcc.edu.cn/,universities/山东省/4137013373/profile.yaml,universities/山东省/4137013373/VISUAL.md,https://www.lcudcc.edu.cn/images/web3.png,site_identity,png,True,content_inspected,https://www.lcudcc.edu.cn/,1584be47cf4b2abdd8fffd13,,,,,,,unresearched,,,,0,,0,0,0,0,0,0
4137013378,青岛城市学院,山东省,,universities/山东省/4137013378/profile.yaml,universities/山东省/4137013378/VISUAL.md,,,,,,,,,,,,,,unresearched,,,,0,,0,0,0,0,0,0
4137013379,潍坊理工学院,山东省,https://www.wfit.edu.cn/,universities/山东省/4137013379/profile.yaml,universities/山东省/4137013379/VISUAL.md,http://www.wfit.edu.cn/templates/net/images/logo.png,site_identity,png,True,content_inspected,https://www.wfit.edu.cn/,3764bbc3d4c584ddf390cc12,,,,,,,unresearched,,,,0,,0,0,0,0,0,0
4137013383,山东财经大学燕山学院,山东省,https://ys.sdufe.edu.cn/,universities/山东省/4137013383/profile.yaml,universities/山东省/4137013383/VISUAL.md,https://ys.sdufe.edu.cn/dfiles/14542/images/logo.png,site_identity,png,True,content_inspected,https://ys.sdufe.edu.cn/,112b01022f4926aeff729f30,,,,,,,unresearched,,,,0,,0,0,0,0,0,0
4137013386,山东石油化工学院,山东省,https://www.sdipct.edu.cn/,universities/山东省/4137013386/profile.yaml,universities/山东省/4137013386/VISUAL.md,https://www.sdipct.edu.cn/images/logo.png,site_identity,png,True,content_inspected,https://www.sdipct.edu.cn/,399f47f6c65fec4f57fd45c5,,,,,,,unresearched,,,,0,,0,0,0,0,0,0
4137013387,山东外国语职业技术大学,山东省,,universities/山东省/4137013387/profile.yaml,universities/山东省/4137013387/VISUAL.md,,,,,,,,,,,,,,unresearched,,,,0,,0,0,0,0,0,0
4137013624,泰山科技学院,山东省,,universities/山东省/4137013624/profile.yaml,universities/山东省/4137013624/VISUAL.md,,,,,,,,,,,,,,unresearched,,,,0,,0,0,0,0,0,0
4137013857,山东华宇工学院,山东省,https://www.huayu.edu.cn/,universities/山东省/4137013857/profile.yaml,universities/山东省/4137013857/VISUAL.md,https://www.huayu.edu.cn/images/22/logo-sdhygxy-new.png,site_identity,png,True,content_inspected,https://www.huayu.edu.cn/,f8097969667504c3a0ff7724,,,,,,,unresearched,,,,0,,0,0,0,0,0,0
4137013874,山东外事职业大学,山东省,https://www.sdws.edu.cn/,universities/山东省/4137013874/profile.yaml,universities/山东省/4137013874/VISUAL.md,https://jwc.sdws.edu.cn/_upload/site/00/0e/14/logo.png,site_identity,png,True,content_inspected,https://jwc.sdws.edu.cn/2025/1110/c449a84308/pagem.htm,0207e40b35fd0761c75e35aa,,,,,,,unresearched,,,,0,,0,0,0,0,0,0
4137013995,青岛工学院,山东省,https://www.qit.edu.cn/,universities/山东省/4137013995/profile.yaml,universities/山东省/4137013995/VISUAL.md,https://www.qit.edu.cn/images/logo.png,site_identity,png,True,content_inspected,https://www.qit.edu.cn/,ffbe22277738c51eac59016e,,,,,#0084CD,manual_derived,found,官网标识取样的PPT建议主色,https://www.qit.edu.cn/images/logo.png,官网页眉标识图片：滤去透明、近白和低饱和背景后，对高频RGB色簇取通道中位数；不是VI标准色色卡,0,,0,0,0,0,0,0
4137013997,青岛农业大学海都学院,山东省,,universities/山东省/4137013997/profile.yaml,universities/山东省/4137013997/VISUAL.md,,,,,,,,,,,,,,unresearched,,,,0,,0,0,0,0,0,0
4137013998,齐鲁理工学院,山东省,,universities/山东省/4137013998/profile.yaml,universities/山东省/4137013998/VISUAL.md,,,,,,,,,,,,,,unresearched,,,,0,,0,0,0,0,0,0
4137013999,山东财经大学东方学院,山东省,https://www.sdor.cn/,universities/山东省/4137013999/profile.yaml,universities/山东省/4137013999/VISUAL.md,https://www.sdor.cn/_upload/tpl/00/03/3/template3/images/logo.png,site_identity,png,True,content_inspected,https://www.sdor.cn/,ee7cebcaa57ba46cd74d5949,,,,,,,unresearched,,,,0,,0,0,0,0,0,0
4137014002,烟台科技学院,山东省,https://www.ytkj.edu.cn/,universities/山东省/4137014002/profile.yaml,universities/山东省/4137014002/VISUAL.md,https://www.ytkj.edu.cn/img/logo.png ,site_identity,png,True,content_inspected,https://www.ytkj.edu.cn/,9cddf517d30b9cb9b7dba100,,,,,,,unresearched,,,,0,,0,0,0,0,0,0
4137014100,山东政法学院,山东省,https://www.sdupsl.edu.cn,universities/山东省/4137014100/profile.yaml,universities/山东省/4137014100/VISUAL.md,https://raw.githubusercontent.com/xioajiumi/Chinese_Universities/e088fddc329a6f0148ca72fd3b4d0fe069f13e3a/logo.zip,badge,jpeg,False,content_inspected,https://github.com/xioajiumi/Chinese_Universities/blob/e088fddc329a6f0148ca72fd3b4d0fe069f13e3a/logo.zip,4379060cb0dbaaff,archive_member,https://raw.githubusercontent.com/xioajiumi/Chinese_Universities/e088fddc329a6f0148ca72fd3b4d0fe069f13e3a/logo.zip,img2/山东政法学院.png,53c17d411407a72ee7e3094cbc8e5238fbf8d376e5415e78ff2c5ad2c55bb549,,,unresearched,,,,0,,0,0,0,0,0,0
4137014276,齐鲁师范学院,山东省,https://www.qlnu.edu.cn/,universities/山东省/4137014276/profile.yaml,universities/山东省/4137014276/VISUAL.md,https://www.qlnu.edu.cn/images/logo.png,site_identity,png,True,content_inspected,https://www.qlnu.edu.cn/,4587ef5d70e3520bf61aa54a,,,,,,,unresearched,,,,0,,0,0,0,0,0,0
4137014277,山东青年政治学院,山东省,https://www.sdyu.edu.cn,universities/山东省/4137014277/profile.yaml,universities/山东省/4137014277/VISUAL.md,https://www.sdyu.edu.cn/images/logo.png,site_identity,png,True,content_inspected,https://www.sdyu.edu.cn,2c358dc264c40eb9eb586df4,,,,,#047141,manual_derived,found,官网标识取样的PPT建议主色,https://www.sdyu.edu.cn/images/logo1.png,官网页眉标识图片：滤去透明、近白和低饱和背景后，对高频RGB色簇取通道中位数；不是VI标准色色卡,0,,0,0,0,0,0,0
4137014327,青岛电影学院,山东省,https://www.qdfa.edu.cn,universities/山东省/4137014327/profile.yaml,universities/山东省/4137014327/VISUAL.md,https://www.qdfa.edu.cn/public/files/image/logo.png,site_identity,png,True,content_inspected,https://www.qdfa.edu.cn,6e18e56aa07a8da0b9ad08c5,,,,,,,unresearched,,,,0,,0,0,0,0,0,0
4137014438,山东管理学院,山东省,https://www.sdmu.edu.cn/,universities/山东省/4137014438/profile.yaml,universities/山东省/4137014438/VISUAL.md,https://www.sdmu.edu.cn/images/img_03.png,site_identity,png,True,content_inspected,https://www.sdmu.edu.cn/,e858260b2d93ae5201dff8fc,,,,,,,unresearched,,,,0,,0,0,1,0,0,0
4137014439,山东农业工程学院,山东省,https://www.sdaeu.edu.cn/,universities/山东省/4137014439/profile.yaml,universities/山东省/4137014439/VISUAL.md,https://www.sdaeu.edu.cn/images/logo.png,site_identity,png,True,content_inspected,https://www.sdaeu.edu.cn/,3513e088dad8ef7c04be8d12,,,,,#1A8D3F,manual_derived,found,官网标识取样的PPT建议主色,https://www.sdaeu.edu.cn/images/logo.png,官网页眉标识图片：滤去透明、近白和低饱和背景后，对高频RGB色簇取通道中位数；不是VI标准色色卡,0,,0,0,0,0,0,0
4137014878,康复大学,山东省,,universities/山东省/4137014878/profile.yaml,universities/山东省/4137014878/VISUAL.md,,,,,,,,,,,,,,unresearched,,,,0,,0,0,0,0,0,0
4137014979,临沂工学院,山东省,http://lyiot.linyi.cn/,universities/山东省/4137014979/profile.yaml,universities/山东省/4137014979/VISUAL.md,,,,,,,,,,,,,,unresearched,,,,0,,0,0,0,0,0,0
4114010108,山西大学,山西省,https://www.sxu.edu.cn,universities/山西省/4114010108/profile.yaml,universities/山西省/4114010108/VISUAL.md,https://www.sxu.edu.cn/images/indexlogo.jpg,site_identity,jpeg,True,content_inspected,https://www.sxu.edu.cn,c101070a8b8182a39a78d817,,,,,#088F93,manual_derived,found,官网标识取样的PPT建议主色,https://www.sxu.edu.cn/images/indexlogo.jpg,官网页眉标识图片：滤去透明、近白和低饱和背景后，对高频RGB色簇取通道中位数；不是VI标准色色卡,0,,0,0,2,0,0,0
4114010109,太原科技大学,山西省,https://www.tyust.edu.cn/,universities/山西省/4114010109/profile.yaml,universities/山西省/4114010109/VISUAL.md,https://www.tyust.edu.cn/images/logo.png,site_identity,png,True,content_inspected,https://www.tyust.edu.cn/,e2a084a28f56fccfb799d885,,,,,,,unresearched,,,,0,,0,0,1,0,0,0
4114010110,中北大学,山西省,https://www.nuc.edu.cn/,universities/山西省/4114010110/profile.yaml,universities/山西省/4114010110/VISUAL.md,https://www.nuc.edu.cn/img/logo.png,site_identity,png,True,content_inspected,https://www.nuc.edu.cn/,722b27f4c3c6ef9753239f96,,,,,,,unresearched,,,,0,,0,0,1,0,0,0
4114010112,太原理工大学,山西省,https://www.tyut.edu.cn/,universities/山西省/4114010112/profile.yaml,universities/山西省/4114010112/VISUAL.md,https://www.tyut.edu.cn/images/logo.png,site_identity,png,True,content_inspected,https://www.tyut.edu.cn/,a3f58f99d6724166b38a2306,,,,,,,unresearched,,,,0,,0,0,2,0,0,0
4114010113,山西农业大学,山西省,https://www.sxau.edu.cn/,universities/山西省/4114010113/profile.yaml,universities/山西省/4114010113/VISUAL.md,https://www.sxau.edu.cn/images/logo1_02.png,site_identity,png,True,content_inspected,https://www.sxau.edu.cn/,1115dd8752c9f4a92e2e4314,,,,,,,unresearched,,,,0,,0,0,0,0,0,0
4114010114,山西医科大学,山西省,,universities/山西省/4114010114/profile.yaml,universities/山西省/4114010114/VISUAL.md,https://raw.githubusercontent.com/xioajiumi/Chinese_Universities/e088fddc329a6f0148ca72fd3b4d0fe069f13e3a/logo.zip,badge,png,False,content_inspected,https://github.com/xioajiumi/Chinese_Universities/blob/e088fddc329a6f0148ca72fd3b4d0fe069f13e3a/logo.zip,58ec8c60651c3632,archive_member,https://raw.githubusercontent.com/xioajiumi/Chinese_Universities/e088fddc329a6f0148ca72fd3b4d0fe069f13e3a/logo.zip,img2/山西医科大学.png,53c17d411407a72ee7e3094cbc8e5238fbf8d376e5415e78ff2c5ad2c55bb549,,,unresearched,,,,0,,0,0,0,0,0,0
4114010117,长治医学院,山西省,http://www.czmc.edu.cn/index.htm,universities/山西省/4114010117/profile.yaml,universities/山西省/4114010117/VISUAL.md,http://www.czmc.edu.cn/images/logo.png,site_identity,png,True,content_inspected,http://www.czmc.edu.cn/index.htm,738f4063ea227cb486ac62b0,,,,,#155987,manual_derived,found,官网标识取样的PPT建议主色,http://www.czmc.edu.cn/images/logo.png,官网页眉标识图片：滤去透明、近白和低饱和背景后，对高频RGB色簇取通道中位数；不是VI标准色色卡,0,,0,0,0,0,0,0
4114010118,山西师范大学,山西省,http://www.sxnu.edu.cn/,universities/山西省/4114010118/profile.yaml,universities/山西省/4114010118/VISUAL.md,https://raw.githubusercontent.com/xioajiumi/Chinese_Universities/e088fddc329a6f0148ca72fd3b4d0fe069f13e3a/logo.zip,badge,png,False,content_inspected,https://github.com/xioajiumi/Chinese_Universities/blob/e088fddc329a6f0148ca72fd3b4d0fe069f13e3a/logo.zip,9c72a1c1bd7faba0,archive_member,https://raw.githubusercontent.com/xioajiumi/Chinese_Universities/e088fddc329a6f0148ca72fd3b4d0fe069f13e3a/logo.zip,img2/山西师范大学.png,53c17d411407a72ee7e3094cbc8e5238fbf8d376e5415e78ff2c5ad2c55bb549,,,unresearched,,,,0,,0,0,0,0,0,0
4114010119,太原师范学院,山西省,,universities/山西省/4114010119/profile.yaml,universities/山西省/4114010119/VISUAL.md,https://raw.githubusercontent.com/xioajiumi/Chinese_Universities/e088fddc329a6f0148ca72fd3b4d0fe069f13e3a/logo.zip,badge,png,False,content_inspected,https://github.com/xioajiumi/Chinese_Universities/blob/e088fddc329a6f0148ca72fd3b4d0fe069f13e3a/logo.zip,359d60c839b907fa,archive_member,https://raw.githubusercontent.com/xioajiumi/Chinese_Universities/e088fddc329a6f0148ca72fd3b4d0fe069f13e3a/logo.zip,img2/太原师范学院.png,53c17d411407a72ee7e3094cbc8e5238fbf8d376e5415e78ff2c5ad2c55bb549,,,unresearched,,,,0,,0,0,0,0,0,0
4114010120,山西大同大学,山西省,,universities/山西省/4114010120/profile.yaml,universities/山西省/4114010120/VISUAL.md,https://raw.githubusercontent.com/xioajiumi/Chinese_Universities/e088fddc329a6f0148ca72fd3b4d0fe069f13e3a/logo.zip,badge,png,False,content_inspected,https://github.com/xioajiumi/Chinese_Universities/blob/e088fddc329a6f0148ca72fd3b4d0fe069f13e3a/logo.zip,48170d08857ac422,archive_member,https://raw.githubusercontent.com/xioajiumi/Chinese_Universities/e088fddc329a6f0148ca72fd3b4d0fe069f13e3a/logo.zip,img2/山西大同大学.png,53c17d411407a72ee7e3094cbc8e5238fbf8d376e5415e78ff2c5ad2c55bb549,,,unresearched,,,,0,,0,0,0,0,0,0
4114010121,晋中学院,山西省,https://www.jzxy.edu.cn/,universities/山西省/4114010121/profile.yaml,universities/山西省/4114010121/VISUAL.md,https://www.jzxy.edu.cn/templates/index/image/zz/syOctoberThirty/logo.png,site_identity,png,True,content_inspected,https://www.jzxy.edu.cn/,6f8ee5afe90f4a228f63fbd1,,,,,#1669AD,manual_derived,found,官网标识取样的PPT建议主色,https://www.jzxy.edu.cn/templates/index/image/zz/syOctoberThirty/logo5.png,官网页眉标识图片：滤去透明、近白和低饱和背景后，对高频RGB色簇取通道中位数；不是VI标准色色卡,0,,0,0,0,0,0,0
4114010122,长治学院,山西省,https://www.czc.edu.cn/,universities/山西省/4114010122/profile.yaml,universities/山西省/4114010122/VISUAL.md,https://www.czc.edu.cn/img/logo.png,site_identity,png,True,content_inspected,https://www.czc.edu.cn/,574bebfe5d6847401441ad06,,,,,,,unresearched,,,,0,,0,0,0,0,0,0
4114010123,运城学院,山西省,,universities/山西省/4114010123/profile.yaml,universities/山西省/4114010123/VISUAL.md,https://raw.githubusercontent.com/xioajiumi/Chinese_Universities/e088fddc329a6f0148ca72fd3b4d0fe069f13e3a/logo.zip,badge,png,False,content_inspected,https://github.com/xioajiumi/Chinese_Universities/blob/e088fddc329a6f0148ca72fd3b4d0fe069f13e3a/logo.zip,1f82403148a7d2c9,archive_member,https://raw.githubusercontent.com/xioajiumi/Chinese_Universities/e088fddc329a6f0148ca72fd3b4d0fe069f13e3a/logo.zip,img2/运城学院.png,53c17d411407a72ee7e3094cbc8e5238fbf8d376e5415e78ff2c5ad2c55bb549,,,unresearched,,,,0,,0,0,0,0,0,0
4114010124,忻州师范学院,山西省,https://www.xztu.edu.cn,universities/山西省/4114010124/profile.yaml,universities/山西省/4114010124/VISUAL.md,https://www.xztu.edu.cn/images/logo1.png,site_identity,png,True,content_inspected,https://www.xztu.edu.cn,5fa11a8d0cedbd5e6aa0f0a2,,,,,#BE1503,manual_derived,found,官网标识取样的PPT建议主色,https://www.xztu.edu.cn/images/logo1.png,官网页眉标识图片：滤去透明、近白和低饱和背景后，对高频RGB色簇取通道中位数；不是VI标准色色卡,0,,0,0,0,0,0,0
4114010125,山西财经大学,山西省,https://www.sxufe.edu.cn/,universities/山西省/4114010125/profile.yaml,universities/山西省/4114010125/VISUAL.md,https://raw.githubusercontent.com/HeyHuazi/SVGLOGO/142498f527ac2dd3116cc1feccb9670879839f74/static/library/school/SXUFE.svg,badge,svg,False,content_inspected,https://github.com/HeyHuazi/SVGLOGO/blob/142498f527ac2dd3116cc1feccb9670879839f74/static/library/school/SXUFE.svg,1f8d56ab077184a8,,,,,,,unresearched,,,,0,,0,0,0,0,0,0
4114010809,山西中医药大学,山西省,https://www.sxtcm.edu.cn/,universities/山西省/4114010809/profile.yaml,universities/山西省/4114010809/VISUAL.md,https://www.sxtcm.edu.cn/images/logo.png,site_identity,png,True,content_inspected,https://www.sxtcm.edu.cn/,4ccd251aff85cbef03711290,,,,,#0A7C37,manual_derived,found,官网标识取样的PPT建议主色,https://www.sxtcm.edu.cn/images/logo.png,官网页眉标识图片：滤去透明、近白和低饱和背景后，对高频RGB色簇取通道中位数；不是VI标准色色卡,0,,0,0,0,0,0,0
4114010812,吕梁学院,山西省,https://www.llu.edu.cn/,universities/山西省/4114010812/profile.yaml,universities/山西省/4114010812/VISUAL.md,https://www.llu.edu.cn/img/logowx2025.jpg,site_identity,jpeg,True,content_inspected,https://www.llu.edu.cn/,52103ec97d5e27cb6dcdd1b7,,,,,,,unresearched,,,,0,,0,0,0,0,0,0
4114011242,太原学院,山西省,https://www.tyu.edu.cn/,universities/山西省/4114011242/profile.yaml,universities/山西省/4114011242/VISUAL.md,https://www.tyu.edu.cn/images/logo.png,site_identity,png,True,content_inspected,https://www.tyu.edu.cn/,faab1f21ff54f9ba55d60cf3,,,,,,,unresearched,,,,0,,0,0,0,0,0,0
4114012111,山西警察学院,山西省,,universities/山西省/4114012111/profile.yaml,universities/山西省/4114012111/VISUAL.md,https://raw.githubusercontent.com/xioajiumi/Chinese_Universities/e088fddc329a6f0148ca72fd3b4d0fe069f13e3a/logo.zip,badge,jpeg,False,content_inspected,https://github.com/xioajiumi/Chinese_Universities/blob/e088fddc329a6f0148ca72fd3b4d0fe069f13e3a/logo.zip,4b63a46bee1197fb,archive_member,https://raw.githubusercontent.com/xioajiumi/Chinese_Universities/e088fddc329a6f0148ca72fd3b4d0fe069f13e3a/logo.zip,img2/山西警察学院.png,53c17d411407a72ee7e3094cbc8e5238fbf8d376e5415e78ff2c5ad2c55bb549,,,unresearched,,,,0,,0,0,0,0,0,0
4114012779,山西应用科技学院,山西省,https://www.sxcast.edu.cn,universities/山西省/4114012779/profile.yaml,universities/山西省/4114012779/VISUAL.md,https://www.sxcast.edu.cn/uploadfile/ueditor/image/202104/16173444735912ac.png,site_identity,png,True,content_inspected,https://www.sxcast.edu.cn/xygk/xxxg.html,2bb108300faf175c113f654a,,,,,,,unresearched,,,,0,,0,0,0,0,0,0
4114013534,山西工学院,山西省,,universities/山西省/4114013534/profile.yaml,universities/山西省/4114013534/VISUAL.md,,,,,,,,,,,,,,unresearched,,,,0,,0,0,0,0,0,0
4114013535,晋中信息学院,山西省,https://www.jzci.edu.cn/,universities/山西省/4114013535/profile.yaml,universities/山西省/4114013535/VISUAL.md,https://www.jzci.edu.cn/images/logo1.png,site_identity,png,True,content_inspected,https://www.jzci.edu.cn/,2e64243193f1287276ac5771,,,,,,,unresearched,,,,0,,0,0,0,0,0,0
4114013537,山西电子科技学院,山西省,https://www.sxdzkj.edu.cn/,universities/山西省/4114013537/profile.yaml,universities/山西省/4114013537/VISUAL.md,https://www.sxdzkj.edu.cn/img/logo.png,site_identity,png,True,content_inspected,https://www.sxdzkj.edu.cn/,c178bcc4664c8c779e4e0f4b,,,,,,,unresearched,,,,0,,0,0,0,0,0,0
4114013538,山西晋中理工学院,山西省,https://www.sxjzit.edu.cn,universities/山西省/4114013538/profile.yaml,universities/山西省/4114013538/VISUAL.md,,,,,,,,,,,,,,unresearched,,,,0,,0,0,0,0,0,0
4114013597,山西科技学院,山西省,https://www.sxist.edu.cn/,universities/山西省/4114013597/profile.yaml,universities/山西省/4114013597/VISUAL.md,https://www.sxist.edu.cn/images/logo.png,site_identity,png,True,content_inspected,https://www.sxist.edu.cn/,773b26e7762edd02cbf3adae,,,,,,,unresearched,,,,0,,0,0,0,0,0,0
4114013598,晋中健康学院,山西省,,universities/山西省/4114013598/profile.yaml,universities/山西省/4114013598/VISUAL.md,,,,,,,,,,,,,,unresearched,,,,0,,0,0,0,0,0,0
4114013608,山西财经大学华商学院,山西省,,universities/山西省/4114013608/profile.yaml,universities/山西省/4114013608/VISUAL.md,,,,,,,,,,,,,,unresearched,,,,0,,0,0,0,0,0,0
4114013691,山西工商学院,山西省,https://www.sxtbu.edu.cn/index.html,universities/山西省/4114013691/profile.yaml,universities/山西省/4114013691/VISUAL.md,https://www.sxtbu.edu.cn/images/logo2026.png,site_identity,png,True,content_inspected,https://www.sxtbu.edu.cn/index.html,9d53d670e8fd678f3017b37d,,,,,,,unresearched,,,,0,,0,0,0,0,0,0
4114013696,山西文化旅游职业大学,山西省,,universities/山西省/4114013696/profile.yaml,universities/山西省/4114013696/VISUAL.md,,,,,,,,,,,,,,unresearched,,,,0,,0,0,0,0,0,0
4114014101,太原工业学院,山西省,https://www.tit.edu.cn,universities/山西省/4114014101/profile.yaml,universities/山西省/4114014101/VISUAL.md,https://www.tit.edu.cn/images/pclogo.png,site_identity,png,True,content_inspected,https://www.tit.edu.cn,fd6c1a88ce595a1367b4f27f,,,,,,,unresearched,,,,0,,0,0,0,0,0,0
4114014226,运城职业技术大学,山西省,,universities/山西省/4114014226/profile.yaml,universities/山西省/4114014226/VISUAL.md,,,,,,,,,,,,,,unresearched,,,,0,,0,0,0,0,0,0
4114014434,山西传媒学院,山西省,https://www.cusx.edu.cn/,universities/山西省/4114014434/profile.yaml,universities/山西省/4114014434/VISUAL.md,https://www.cusx.edu.cn/images/logo.png,site_identity,png,True,content_inspected,https://www.cusx.edu.cn/,0526d4dc6569d988b8183612,,,,,#E71E17,manual_derived,found,官网标识取样的PPT建议主色,https://www.cusx.edu.cn/images/logo.png,官网页眉标识图片：滤去透明、近白和低饱和背景后，对高频RGB色簇取通道中位数；不是VI标准色色卡,0,,0,0,0,0,0,0
4114014527,山西工程技术学院,山西省,,universities/山西省/4114014527/profile.yaml,universities/山西省/4114014527/VISUAL.md,https://raw.githubusercontent.com/xioajiumi/Chinese_Universities/e088fddc329a6f0148ca72fd3b4d0fe069f13e3a/logo.zip,badge,jpeg,False,content_inspected,https://github.com/xioajiumi/Chinese_Universities/blob/e088fddc329a6f0148ca72fd3b4d0fe069f13e3a/logo.zip,9587d986b1d07e6c,archive_member,https://raw.githubusercontent.com/xioajiumi/Chinese_Universities/e088fddc329a6f0148ca72fd3b4d0fe069f13e3a/logo.zip,img2/山西工程技术学院.png,53c17d411407a72ee7e3094cbc8e5238fbf8d376e5415e78ff2c5ad2c55bb549,,,unresearched,,,,0,,0,0,0,0,0,0
4114014898,山西医药学院,山西省,https://www.sxum.edu.cn/,universities/山西省/4114014898/profile.yaml,universities/山西省/4114014898/VISUAL.md,https://www.sxum.edu.cn/images/logo.png,site_identity,png,True,content_inspected,https://www.sxum.edu.cn/,80a875588c95ecfc95c5a2c7,,,,,#003592,manual_derived,found,官网标识取样的PPT建议主色,https://www.sxum.edu.cn/images/logo.png,官网页眉标识图片：滤去透明、近白和低饱和背景后，对高频RGB色簇取通道中位数；不是VI标准色色卡,0,,0,0,0,0,0,0
4114016201,山西工程科技职业大学,山西省,,universities/山西省/4114016201/profile.yaml,universities/山西省/4114016201/VISUAL.md,https://raw.githubusercontent.com/xioajiumi/Chinese_Universities/e088fddc329a6f0148ca72fd3b4d0fe069f13e3a/logo.zip,badge,jpeg,False,content_inspected,https://github.com/xioajiumi/Chinese_Universities/blob/e088fddc329a6f0148ca72fd3b4d0fe069f13e3a/logo.zip,e9f9814e976879a2,archive_member,https://raw.githubusercontent.com/xioajiumi/Chinese_Universities/e088fddc329a6f0148ca72fd3b4d0fe069f13e3a/logo.zip,img2/山西工程科技职业大学.png,53c17d411407a72ee7e3094cbc8e5238fbf8d376e5415e78ff2c5ad2c55bb549,,,unresearched,,,,0,,0,0,0,0,0,0
4214051189,山西能源学院,山西省,https://www.sxie.edu.cn/,universities/山西省/4214051189/profile.yaml,universities/山西省/4214051189/VISUAL.md,https://www.sxie.edu.cn/images/logob.png,site_identity,png,True,content_inspected,https://www.sxie.edu.cn/,d2e0c8c9a9024bbe00ef37c4,,,,,,,unresearched,,,,0,,0,0,0,0,0,0
4144010558,中山大学,广东省,https://www.sysu.edu.cn/,universities/广东省/4144010558/profile.yaml,universities/广东省/4144010558/VISUAL.md,https://www.sysu.edu.cn/images/zhuzhanLOGO.png,site_identity,png,True,content_inspected,https://www.sysu.edu.cn/,ae7e187bf49f24a13dca53fa,,,,,#005826,manual_derived,found,官网标识取样的PPT建议主色,https://www.sysu.edu.cn/images/logo1.png,官网页眉标识图片：滤去透明、近白和低饱和背景后，对高频RGB色簇取通道中位数；不是VI标准色色卡,0,,0,0,3,0,0,0
4144010559,暨南大学,广东省,https://www.jnu.edu.cn/main.htm,universities/广东省/4144010559/profile.yaml,universities/广东省/4144010559/VISUAL.md,https://www.jnu.edu.cn/_upload/tpl/00/f5/245/template245/images/home/logo2.svg,site_identity,svg,True,content_inspected,https://www.jnu.edu.cn/main.htm,bb1ea5fc7253eec005aaacc9,,,,,#0F6A7B,manual_derived,found,官网标识取样的PPT建议主色,https://www.jnu.edu.cn/_upload/tpl/00/f5/245/template245/images/home/logo.png,官网页眉标识图片：滤去透明、近白和低饱和背景后，对高频RGB色簇取通道中位数；不是VI标准色色卡,0,,0,0,3,0,0,0
4144010560,汕头大学,广东省,https://www.stu.edu.cn,universities/广东省/4144010560/profile.yaml,universities/广东省/4144010560/VISUAL.md,https://www.stu.edu.cn/images/logo.png,site_identity,png,True,content_inspected,https://www.stu.edu.cn,152ff9ec83180be8464e1b16,,,,,,,unresearched,,,,0,,0,0,0,0,0,0
4144010561,华南理工大学,广东省,http://www.scut.edu.cn/,universities/广东省/4144010561/profile.yaml,universities/广东省/4144010561/VISUAL.md,https://www.scut.edu.cn/_upload/site/01/3b/315/logo.png,site_identity,png,True,content_inspected,https://www.scut.edu.cn/new/2022/1116/c316a49741/page.htm,437937ec77d39297d36f2083,,,,,,,unresearched,,,,0,,0,0,3,0,0,0
4144010564,华南农业大学,广东省,https://www.scau.edu.cn/,universities/广东省/4144010564/profile.yaml,universities/广东省/4144010564/VISUAL.md,https://www.scau.edu.cn/_upload/tpl/06/94/1684/template1684/images/logo.svg,site_identity,svg,True,content_inspected,https://www.scau.edu.cn/,768b38093d8116865813e3ba,,,,,#007A49,official_vi,found,校徽标准绿,https://www.scau.edu.cn/_upload/article/files/80/d6/cf7f2fd04977a519a060ea0c0b3b/9723c6b7-bb7f-4720-84a4-e5991fe0b410.pdf,官网 VI 手册 PDF 第27页 A3-01 标准色彩规范，RGB R0 G122 B73 与 HEX #007A49 一致,0,,0,0,2,0,0,0
4144010566,广东海洋大学,广东省,https://www.gdou.edu.cn,universities/广东省/4144010566/profile.yaml,universities/广东省/4144010566/VISUAL.md,https://www.gdou.edu.cn/images/logo_sj-l.png,site_identity,png,True,content_inspected,https://www.gdou.edu.cn,f9d47b860a999dae488ab9b3,,,,,#003B90,official_vi,found,校徽背景湛蓝,https://www.gdou.edu.cn/xxgk/xxbs.htm,官网学校标识释义直接公布校徽背景湛蓝#003b90及帆图#fdd000；用途为校徽相应构件颜色，未声称完整VI所有应用的配色。,0,,0,0,1,0,0,0
4144010570,广州医科大学,广东省,https://www.gzhmu.edu.cn/,universities/广东省/4144010570/profile.yaml,universities/广东省/4144010570/VISUAL.md,https://www.gzhmu.edu.cn/images/logo.png,site_identity,png,True,content_inspected,https://www.gzhmu.edu.cn/,80c7b1dbceacf09450fe74e9,,,,,,,unresearched,,,,0,,0,0,2,0,0,0
4144010571,广东医科大学,广东省,https://www.gdmu.edu.cn/,universities/广东省/4144010571/profile.yaml,universities/广东省/4144010571/VISUAL.md,https://www.gdmu.edu.cn/images/logo1.png,site_identity,png,True,content_inspected,https://www.gdmu.edu.cn/,689c030937640c5a06a2c6b5,,,,,#0075C2,manual_derived,found,官网标识取样的PPT建议主色,https://www.gdmu.edu.cn/images/logo1.png,官网页眉标识图片：滤去透明、近白和低饱和背景后，对高频RGB色簇取通道中位数；不是VI标准色色卡,0,,0,0,1,0,0,0
4144010572,广州中医药大学,广东省,http://www.gzucm.edu.cn,universities/广东省/4144010572/profile.yaml,universities/广东省/4144010572/VISUAL.md,http://www.gzucm.edu.cn/images/xqlogo1.png,site_identity,png,True,content_inspected,http://www.gzucm.edu.cn,6e5b14222d1adef73687a665,,,,,,,unresearched,,,,0,,0,0,2,0,0,0
4144010573,广东药科大学,广东省,https://www.gdpu.edu.cn,universities/广东省/4144010573/profile.yaml,universities/广东省/4144010573/VISUAL.md,https://raw.githubusercontent.com/xioajiumi/Chinese_Universities/e088fddc329a6f0148ca72fd3b4d0fe069f13e3a/logo.zip,badge,png,False,content_inspected,https://github.com/xioajiumi/Chinese_Universities/blob/e088fddc329a6f0148ca72fd3b4d0fe069f13e3a/logo.zip,eb7c1f7ad9c196b3,archive_member,https://raw.githubusercontent.com/xioajiumi/Chinese_Universities/e088fddc329a6f0148ca72fd3b4d0fe069f13e3a/logo.zip,img2/广东药科大学.png,53c17d411407a72ee7e3094cbc8e5238fbf8d376e5415e78ff2c5ad2c55bb549,#0033FF,manual_derived,found,官网标识取样的PPT建议主色,https://www.gdpu.edu.cn/img/logo_small.png,官网页眉标识图片：滤去透明、近白和低饱和背景后，对高频RGB色簇取通道中位数；不是VI标准色色卡,0,,0,0,0,0,0,0
4144010574,华南师范大学,广东省,http://www.scnu.edu.cn/,universities/广东省/4144010574/profile.yaml,universities/广东省/4144010574/VISUAL.md,http://statics.scnu.edu.cn/pics/scnuportal/2022/0324/1648114477960296.png,site_identity,png,True,content_inspected,http://www.scnu.edu.cn/a/20150906/2.html,e9441c2a06cdbbe4c65cf43e,,,,,#005592,manual_derived,found,官网标识取样的PPT建议主色,https://statics.scnu.edu.cn/statics/css/scnuportal/contentlogo.png,官网页眉标识图片：滤去透明、近白和低饱和背景后，对高频RGB色簇取通道中位数；不是VI标准色色卡,0,,0,0,3,0,0,0
4144010576,韶关学院,广东省,https://www.sgu.edu.cn/,universities/广东省/4144010576/profile.yaml,universities/广东省/4144010576/VISUAL.md,https://www.sgu.edu.cn/images/logo.png,site_identity,png,True,content_inspected,https://www.sgu.edu.cn/,0a509057f154c1c6ba6edda8,,,,,,,unresearched,,,,0,,0,0,0,0,0,0
4144010577,惠州学院,广东省,https://www.hzu.edu.cn/,universities/广东省/4144010577/profile.yaml,universities/广东省/4144010577/VISUAL.md,https://raw.githubusercontent.com/xioajiumi/Chinese_Universities/e088fddc329a6f0148ca72fd3b4d0fe069f13e3a/logo.zip,badge,png,False,content_inspected,https://github.com/xioajiumi/Chinese_Universities/blob/e088fddc329a6f0148ca72fd3b4d0fe069f13e3a/logo.zip,f6c057f287d60e75,archive_member,https://raw.githubusercontent.com/xioajiumi/Chinese_Universities/e088fddc329a6f0148ca72fd3b4d0fe069f13e3a/logo.zip,img2/惠州学院.png,53c17d411407a72ee7e3094cbc8e5238fbf8d376e5415e78ff2c5ad2c55bb549,,,unresearched,,,,0,,0,0,0,0,0,0
4144010578,韩山师范学院,广东省,,universities/广东省/4144010578/profile.yaml,universities/广东省/4144010578/VISUAL.md,https://raw.githubusercontent.com/xioajiumi/Chinese_Universities/e088fddc329a6f0148ca72fd3b4d0fe069f13e3a/logo.zip,badge,png,False,content_inspected,https://github.com/xioajiumi/Chinese_Universities/blob/e088fddc329a6f0148ca72fd3b4d0fe069f13e3a/logo.zip,c202e7a96586c0c3,archive_member,https://raw.githubusercontent.com/xioajiumi/Chinese_Universities/e088fddc329a6f0148ca72fd3b4d0fe069f13e3a/logo.zip,img2/韩山师范学院.png,53c17d411407a72ee7e3094cbc8e5238fbf8d376e5415e78ff2c5ad2c55bb549,,,unresearched,,,,0,,0,0,0,0,0,0
4144010579,岭南师范学院,广东省,https://www.lingnan.edu.cn/,universities/广东省/4144010579/profile.yaml,universities/广东省/4144010579/VISUAL.md,https://raw.githubusercontent.com/xioajiumi/Chinese_Universities/e088fddc329a6f0148ca72fd3b4d0fe069f13e3a/logo.zip,badge,png,False,content_inspected,https://github.com/xioajiumi/Chinese_Universities/blob/e088fddc329a6f0148ca72fd3b4d0fe069f13e3a/logo.zip,a0d684430617dada,archive_member,https://raw.githubusercontent.com/xioajiumi/Chinese_Universities/e088fddc329a6f0148ca72fd3b4d0fe069f13e3a/logo.zip,img2/岭南师范学院.png,53c17d411407a72ee7e3094cbc8e5238fbf8d376e5415e78ff2c5ad2c55bb549,#4693D1,manual_derived,found,官网标识取样的PPT建议主色,https://www.lingnan.edu.cn/images/logo20250430.png,官网页眉标识图片：滤去透明、近白和低饱和背景后，对高频RGB色簇取通道中位数；不是VI标准色色卡,0,,0,0,0,0,0,0
4144010580,肇庆学院,广东省,https://www.zqu.edu.cn/,universities/广东省/4144010580/profile.yaml,universities/广东省/4144010580/VISUAL.md,https://www3.zqu.edu.cn/images/logo.png,site_identity,png,True,content_inspected,https://www3.zqu.edu.cn/xxgk/xybsxt.htm,51c9214327923e4a95be7bd3,,,,,#0054A7,manual_derived,found,官网标识取样的PPT建议主色,https://www.zqu.edu.cn/images/logo1.png,官网页眉标识图片：滤去透明、近白和低饱和背景后，对高频RGB色簇取通道中位数；不是VI标准色色卡,0,,0,0,0,0,0,0
4144010582,嘉应学院,广东省,,universities/广东省/4144010582/profile.yaml,universities/广东省/4144010582/VISUAL.md,https://raw.githubusercontent.com/xioajiumi/Chinese_Universities/e088fddc329a6f0148ca72fd3b4d0fe069f13e3a/logo.zip,badge,png,False,content_inspected,https://github.com/xioajiumi/Chinese_Universities/blob/e088fddc329a6f0148ca72fd3b4d0fe069f13e3a/logo.zip,97bf9d5e28408b41,archive_member,https://raw.githubusercontent.com/xioajiumi/Chinese_Universities/e088fddc329a6f0148ca72fd3b4d0fe069f13e3a/logo.zip,img2/嘉应学院.png,53c17d411407a72ee7e3094cbc8e5238fbf8d376e5415e78ff2c5ad2c55bb549,,,unresearched,,,,0,,0,0,0,0,0,0
4144010585,广州体育学院,广东省,https://www.gzsport.edu.cn/,universities/广东省/4144010585/profile.yaml,universities/广东省/4144010585/VISUAL.md,https://www.gzsport.edu.cn/template/1/zhuye/_files/css/imgs/logo.png,site_identity,png,True,content_inspected,https://www.gzsport.edu.cn/,c9f76dca4419ec5262d3dd55,,,,,#3582BF,manual_derived,found,官网标识取样的PPT建议主色,https://www.gzsport.edu.cn/template/1/zhuye/_files/css/imgs/logo.png,官网页眉标识图片：滤去透明、近白和低饱和背景后，对高频RGB色簇取通道中位数；不是VI标准色色卡,0,,0,0,0,0,0,0
4144010586,广州美术学院,广东省,https://www.gzarts.edu.cn/,universities/广东省/4144010586/profile.yaml,universities/广东省/4144010586/VISUAL.md,https://www.gzarts.edu.cn/2023images/logo.svg,site_identity,svg,True,content_inspected,https://www.gzarts.edu.cn/,f8e2a41feb0443401021fb21,,,,,,,unresearched,,,,0,,0,0,0,0,0,0
4144010587,星海音乐学院,广东省,https://www.xhcom.edu.cn,universities/广东省/4144010587/profile.yaml,universities/广东省/4144010587/VISUAL.md,https://www.xhcom.edu.cn/2025/images25/logo.png,site_identity,png,True,content_inspected,https://www.xhcom.edu.cn,38450e162f6c55eeb1b03f8a,,,,,#822122,manual_derived,found,官网标识取样的PPT建议主色,https://www.xhcom.edu.cn/2025/images25/logo.png,官网页眉标识图片：滤去透明、近白和低饱和背景后，对高频RGB色簇取通道中位数；不是VI标准色色卡,0,,0,0,0,0,0,0
4144010588,广东技术师范大学,广东省,https://www.gpnu.edu.cn/,universities/广东省/4144010588/profile.yaml,universities/广东省/4144010588/VISUAL.md,https://www.gpnu.edu.cn/images/logonew.png,site_identity,png,True,content_inspected,https://www.gpnu.edu.cn/,90d560ebde508e2aecfe999a,,,,,#F01B23,manual_derived,found,官网标识取样的PPT建议主色,https://www.gpnu.edu.cn/images/logonew.png,官网页眉标识图片：滤去透明、近白和低饱和背景后，对高频RGB色簇取通道中位数；不是VI标准色色卡,0,,0,0,0,0,0,0
4144010590,深圳大学,广东省,,universities/广东省/4144010590/profile.yaml,universities/广东省/4144010590/VISUAL.md,https://raw.githubusercontent.com/RoboMaster/university_logos/3d645fc89869707bd7df8dba0f7e4bbcc4a60e14/Shenzhen_University/svg/logo_red.svg,badge,svg,False,content_inspected,https://github.com/RoboMaster/university_logos/blob/3d645fc89869707bd7df8dba0f7e4bbcc4a60e14/Shenzhen_University/svg/logo_red.svg,3ec428a96d8141f4,,,,,,,unresearched,,,,0,,0,0,3,0,0,0
4144010592,广东财经大学,广东省,https://www.gdufe.edu.cn,universities/广东省/4144010592/profile.yaml,universities/广东省/4144010592/VISUAL.md,https://www.gdufe.edu.cn/_upload/tpl/06/2b/1579/template1579/images/logo.svg,site_identity,svg,True,content_inspected,https://www.gdufe.edu.cn,72b252709189d2fe2d0d37b5,,,,,,,unresearched,,,,0,,0,0,1,0,0,0
4144010822,广东白云学院,广东省,https://www.baiyunu.edu.cn,universities/广东省/4144010822/profile.yaml,universities/广东省/4144010822/VISUAL.md,https://www.baiyunu.edu.cn/images/logo11.png,site_identity,png,True,content_inspected,https://www.baiyunu.edu.cn,48af8e5fd0fd712a0670af48,,,,,,,unresearched,,,,0,,0,0,0,0,0,0
4144010831,顺德职业技术大学,广东省,https://www.sdpt.edu.cn/,universities/广东省/4144010831/profile.yaml,universities/广东省/4144010831/VISUAL.md,https://www.sdpt.edu.cn/images/logo80-2.png,site_identity,png,True,content_inspected,https://www.sdpt.edu.cn/,07bc576be472965b2de957af,,,,,,,unresearched,,,,0,,0,0,0,0,0,0
4144010833,广东轻工职业技术大学,广东省,https://www.gdipu.edu.cn/,universities/广东省/4144010833/profile.yaml,universities/广东省/4144010833/VISUAL.md,https://www.gdipu.edu.cn/images/logo2.png,site_identity,png,True,content_inspected,https://www.gdipu.edu.cn/,d083a87e8d219eb1b6008533,,,,,,,unresearched,,,,0,,0,0,0,0,0,0
4144011078,广州大学,广东省,http://www.gzhu.edu.cn,universities/广东省/4144011078/profile.yaml,universities/广东省/4144011078/VISUAL.md,https://raw.githubusercontent.com/Magicdover/China-Universities-2026/419bdc7ce6956fc88c2b70b3979f170b6666f111/assets/logos-new/%E5%B9%BF%E5%B7%9E%E5%A4%A7%E5%AD%A6%20GZHU.svg,badge,svg,False,content_inspected,https://github.com/Magicdover/China-Universities-2026/blob/419bdc7ce6956fc88c2b70b3979f170b6666f111/assets/logos-new/%E5%B9%BF%E5%B7%9E%E5%A4%A7%E5%AD%A6%20GZHU.svg,553d45d4e9e1460f,,,,,#DA251C,manual_derived,found,官网标识取样的PPT建议主色,http://www.gzhu.edu.cn/images/logo.png,官网页眉标识图片：滤去透明、近白和低饱和背景后，对高频RGB色簇取通道中位数；不是VI标准色色卡,0,,0,0,1,0,0,0
4144011106,广州航海学院,广东省,https://www.gzmtu.edu.cn/,universities/广东省/4144011106/profile.yaml,universities/广东省/4144011106/VISUAL.md,https://www.gzmtu.edu.cn/images/logo0228.png,site_identity,png,True,content_inspected,https://www.gzmtu.edu.cn/,2f2a1e44de2d7d733d84d245,,,,,#1B5CA5,manual_derived,found,官网标识取样的PPT建议主色,https://www.gzmtu.edu.cn/images/logo0228.png,官网页眉标识图片：滤去透明、近白和低饱和背景后，对高频RGB色簇取通道中位数；不是VI标准色色卡,0,,0,0,0,0,0,0
4144011110,广东警官学院,广东省,,universities/广东省/4144011110/profile.yaml,universities/广东省/4144011110/VISUAL.md,https://raw.githubusercontent.com/xioajiumi/Chinese_Universities/e088fddc329a6f0148ca72fd3b4d0fe069f13e3a/logo.zip,badge,jpeg,False,content_inspected,https://github.com/xioajiumi/Chinese_Universities/blob/e088fddc329a6f0148ca72fd3b4d0fe069f13e3a/logo.zip,e38f49ec568cd2a9,archive_member,https://raw.githubusercontent.com/xioajiumi/Chinese_Universities/e088fddc329a6f0148ca72fd3b4d0fe069f13e3a/logo.zip,img2/广东警官学院.png,53c17d411407a72ee7e3094cbc8e5238fbf8d376e5415e78ff2c5ad2c55bb549,,,unresearched,,,,0,,0,0,0,0,0,0
4144011113,深圳职业技术大学,广东省,https://www.szpu.edu.cn/,universities/广东省/4144011113/profile.yaml,universities/广东省/4144011113/VISUAL.md,https://www.szpu.edu.cn/images/2023/logo_red.png,site_identity,png,True,content_inspected,https://www.szpu.edu.cn/,f48164bb1a6ee4a8d15bc030,,,,,,,unresearched,,,,0,,0,0,0,0,0,0
4144011347,仲恺农业工程学院,广东省,,universities/广东省/4144011347/profile.yaml,universities/广东省/4144011347/VISUAL.md,https://raw.githubusercontent.com/RoboMaster/university_logos/3d645fc89869707bd7df8dba0f7e4bbcc4a60e14/Zhongkai_University_of_Agriculture_and_Engineering/svg/logo_green.svg,badge,svg,False,content_inspected,https://github.com/RoboMaster/university_logos/blob/3d645fc89869707bd7df8dba0f7e4bbcc4a60e14/Zhongkai_University_of_Agriculture_and_Engineering/svg/logo_green.svg,9003110b3cf91308,,,,,,,unresearched,,,,0,,0,0,1,0,0,0
4144011349,五邑大学,广东省,https://www.wyu.edu.cn,universities/广东省/4144011349/profile.yaml,universities/广东省/4144011349/VISUAL.md,https://raw.githubusercontent.com/xioajiumi/Chinese_Universities/e088fddc329a6f0148ca72fd3b4d0fe069f13e3a/logo.zip,badge,png,False,content_inspected,https://github.com/xioajiumi/Chinese_Universities/blob/e088fddc329a6f0148ca72fd3b4d0fe069f13e3a/logo.zip,23201118aa0e3a70,archive_member,https://raw.githubusercontent.com/xioajiumi/Chinese_Universities/e088fddc329a6f0148ca72fd3b4d0fe069f13e3a/logo.zip,img2/五邑大学.png,53c17d411407a72ee7e3094cbc8e5238fbf8d376e5415e78ff2c5ad2c55bb549,,,unresearched,,,,0,,0,0,1,0,0,0
4144011540,广东金融学院,广东省,https://www.gduf.edu.cn/,universities/广东省/4144011540/profile.yaml,universities/广东省/4144011540/VISUAL.md,https://www.gduf.edu.cn/img/logo.png,site_identity,png,True,content_inspected,https://www.gduf.edu.cn/,a68dfcf274e094688fedee0c,,,,,#8E0B02,manual_derived,found,官网标识取样的PPT建议主色,https://www.gduf.edu.cn/img/logo.png,官网页眉标识图片：滤去透明、近白和低饱和背景后，对高频RGB色簇取通道中位数；不是VI标准色色卡,0,,0,0,0,0,0,0
4144011545,电子科技大学中山学院,广东省,https://www.zsc.edu.cn,universities/广东省/4144011545/profile.yaml,universities/广东省/4144011545/VISUAL.md,,,,,,,,,,,,,,unresearched,,,,0,,0,0,0,0,0,0
4144011656,广东石油化工学院,广东省,https://www.gdupt.edu.cn,universities/广东省/4144011656/profile.yaml,universities/广东省/4144011656/VISUAL.md,https://www.gdupt.edu.cn/images/logo.png,site_identity,png,True,content_inspected,https://www.gdupt.edu.cn,3b81ae2d7c815b9c004cf2ae,,,,,,,unresearched,,,,0,,0,0,1,0,0,0
4144011819,东莞理工学院,广东省,https://www.dgut.edu.cn,universities/广东省/4144011819/profile.yaml,universities/广东省/4144011819/VISUAL.md,https://www.dgut.edu.cn/images/logo.png,site_identity,png,True,content_inspected,https://www.dgut.edu.cn,8dcd53d687049bc8658e14e7,,,,,#00A54F,manual_derived,found,官网标识取样的PPT建议主色,https://www.dgut.edu.cn/images/logo.png,官网页眉标识图片：滤去透明、近白和低饱和背景后，对高频RGB色簇取通道中位数；不是VI标准色色卡,0,,0,0,2,0,0,0
4144011845,广东工业大学,广东省,https://www.gdut.edu.cn,universities/广东省/4144011845/profile.yaml,universities/广东省/4144011845/VISUAL.md,https://www.gdut.edu.cn/images2020/logo.png,site_identity,png,True,content_inspected,https://www.gdut.edu.cn,69b97a05c6d7befe8de5274f,,,,,#C40D23,manual_derived,found,官网标识取样的PPT建议主色,https://www.gdut.edu.cn/images2020/logo.png,官网页眉标识图片：滤去透明、近白和低饱和背景后，对高频RGB色簇取通道中位数；不是VI标准色色卡,0,,0,0,1,0,0,0
4144011846,广东外语外贸大学,广东省,https://www.gdufs.edu.cn,universities/广东省/4144011846/profile.yaml,universities/广东省/4144011846/VISUAL.md,https://www.gdufs.edu.cn/images/logo.png,site_identity,png,True,content_inspected,https://www.gdufs.edu.cn,aff52153218904910685bad3,,,,,#004694,manual_derived,found,官网标识取样的PPT建议主色,https://www.gdufs.edu.cn/images/logo.png,官网页眉标识图片：滤去透明、近白和低饱和背景后，对高频RGB色簇取通道中位数；不是VI标准色色卡,0,,0,0,2,0,0,0
4144011847,佛山大学,广东省,,universities/广东省/4144011847/profile.yaml,universities/广东省/4144011847/VISUAL.md,https://raw.githubusercontent.com/RoboMaster/university_logos/3d645fc89869707bd7df8dba0f7e4bbcc4a60e14/Foshan_University/svg/logo_red.svg,badge,svg,False,content_inspected,https://github.com/RoboMaster/university_logos/blob/3d645fc89869707bd7df8dba0f7e4bbcc4a60e14/Foshan_University/svg/logo_red.svg,fbcce0dd0e38eec1,,,,,,,unresearched,,,,0,,0,0,0,0,0,0
4144012046,广州职业技术大学,广东省,https://www.gzpyp.edu.cn/,universities/广东省/4144012046/profile.yaml,universities/广东省/4144012046/VISUAL.md,https://www.gzpyp.edu.cn/upload/main/site/logo/image/66209c58ea9f4e5994ee210f5d40e996.png,site_identity,png,True,content_inspected,https://www.gzpyp.edu.cn/,4306aedbb11765cb1e5b137a,,,,,,,unresearched,,,,0,,0,0,0,0,0,0
4144012059,广东培正学院,广东省,http://www.peizheng.edu.cn,universities/广东省/4144012059/profile.yaml,universities/广东省/4144012059/VISUAL.md,http://www.peizheng.edu.cn/images/logo_01.png,site_identity,png,True,content_inspected,http://www.peizheng.edu.cn,a2736f01e85df53b3df13d4c,,,,,,,unresearched,,,,0,,0,0,0,0,0,0
4144012121,南方医科大学,广东省,https://www.smu.edu.cn,universities/广东省/4144012121/profile.yaml,universities/广东省/4144012121/VISUAL.md,https://www.smu.edu.cn/zimages24/logo.png,site_identity,png,True,content_inspected,https://www.smu.edu.cn,19bb61bf2e5118cfd22ee143,,,,,#FCCD6D,manual_derived,found,官网标识取样的PPT建议主色,https://www.smu.edu.cn/images/24/12/19/1nbycjcao9/logo_pc.png,官网页眉标识图片：滤去透明、近白和低饱和背景后，对高频RGB色簇取通道中位数；不是VI标准色色卡,0,,0,0,0,0,0,0
4144012574,广东东软学院,广东省,https://www.nuit.edu.cn/,universities/广东省/4144012574/profile.yaml,universities/广东省/4144012574/VISUAL.md,https://www.nuit.edu.cn/content/main/base/img/logo-white.png,site_identity,,True,inspection_failed,https://www.nuit.edu.cn/,1f55db558fa714f8997e8e7d,,,,,,,unresearched,,,,0,,0,0,0,0,0,0
4144012617,广州城市理工学院,广东省,,universities/广东省/4144012617/profile.yaml,universities/广东省/4144012617/VISUAL.md,,,,,,,,,,,,,,unresearched,,,,0,,0,0,0,0,0,0
4144012618,广州软件学院,广东省,https://www.gzus.edu.cn/,universities/广东省/4144012618/profile.yaml,universities/广东省/4144012618/VISUAL.md,https://www.gzus.edu.cn/images/logo0829.png,site_identity,,True,inspection_failed,https://www.gzus.edu.cn/,444583fb28164185572c2a13,,,,,,,unresearched,,,,0,,0,0,0,0,0,0
4144012619,广州南方学院,广东省,https://www.nfu.edu.cn/,universities/广东省/4144012619/profile.yaml,universities/广东省/4144012619/VISUAL.md,https://www.nfu.edu.cn/images/logo.png,site_identity,png,True,content_inspected,https://www.nfu.edu.cn/,d8251495bb5e303c6ff0cc51,,,,,,,unresearched,,,,0,,0,0,0,0,0,0
4144012620,广东外语外贸大学南国商学院,广东省,https://www.gwng.edu.cn/,universities/广东省/4144012620/profile.yaml,universities/广东省/4144012620/VISUAL.md,https://www.gwng.edu.cn/_upload/site/00/05/5/logo.png,site_identity,png,True,content_inspected,https://www.gwng.edu.cn/,ad79ecdbf343ee168756bef5,,,,,,,unresearched,,,,0,,0,0,0,0,0,0
4144012621,广州华商学院,广东省,https://www.gzhs.edu.cn/,universities/广东省/4144012621/profile.yaml,universities/广东省/4144012621/VISUAL.md,,,,,,,,,,,,,,unresearched,,,,0,,0,0,0,0,0,0
4144012622,湛江科技学院,广东省,https://www.zjkju.edu.cn,universities/广东省/4144012622/profile.yaml,universities/广东省/4144012622/VISUAL.md,https://www.zjkju.edu.cn/images/logo.png,site_identity,png,True,content_inspected,https://www.zjkju.edu.cn,577f169b4af7709e938a2bca,,,,,,,unresearched,,,,0,,0,0,0,0,0,0
4144012623,华南农业大学珠江学院,广东省,https://www.scauzj.edu.cn,universities/广东省/4144012623/profile.yaml,universities/广东省/4144012623/VISUAL.md,https://www.scauzj.edu.cn/lib/template/static/picture/flogo.png,site_identity,png,True,content_inspected,https://www.scauzj.edu.cn,5e1416d430f3e590aff62331,,,,,,,unresearched,,,,0,,0,0,0,0,0,0
4144012668,广州理工学院,广东省,https://www.gzist.edu.cn,universities/广东省/4144012668/profile.yaml,universities/广东省/4144012668/VISUAL.md,https://www.gzist.edu.cn/images/logo.png,site_identity,png,True,content_inspected,https://www.gzist.edu.cn,e57439ec339eea4fd0b8f469,,,,,,,unresearched,,,,0,,0,0,0,0,0,0
4144012957,深圳信息职业技术大学,广东省,https://www.sziit.edu.cn,universities/广东省/4144012957/profile.yaml,universities/广东省/4144012957/VISUAL.md,,,,,,,,,,,,,,unresearched,,,,0,,0,0,0,0,0,0
4144013177,北京师范大学珠海分校,广东省,https://www.bnuz.edu.cn/,universities/广东省/4144013177/profile.yaml,universities/广东省/4144013177/VISUAL.md,,,,,,,,,,,,,,unresearched,,,,0,,0,0,0,0,0,0
4144013656,广州华立学院,广东省,https://www.hualixy.edu.cn/,universities/广东省/4144013656/profile.yaml,universities/广东省/4144013656/VISUAL.md,https://www.hualixy.edu.cn/upload/main/site/logo/image/b86f05c1f67e40b992dd67022e4499b9.png,site_identity,png,True,content_inspected,https://www.hualixy.edu.cn/,2df77decdae2f4a8fc94c26c,,,,,,,unresearched,,,,0,,0,0,0,0,0,0
4144013657,广州应用科技学院,广东省,https://www.gzasc.edu.cn/,universities/广东省/4144013657/profile.yaml,universities/广东省/4144013657/VISUAL.md,https://www.gzasc.edu.cn/images/logo_blue.png,site_identity,png,True,content_inspected,https://www.gzasc.edu.cn/,dcb298063cec16e9603a56a1,,,,,,,unresearched,,,,0,,0,0,0,0,0,0
4144013667,广州商学院,广东省,https://www.gcc.edu.cn/,universities/广东省/4144013667/profile.yaml,universities/广东省/4144013667/VISUAL.md,https://www.gcc.edu.cn/images/logo_cur.png,site_identity,png,True,content_inspected,https://www.gcc.edu.cn/,fcf4884819942572b81e6dc0,,,,,#E6000F,manual_derived,found,官网标识取样的PPT建议主色,https://www.gcc.edu.cn/images/logo_01.png,官网页眉标识图片：滤去透明、近白和低饱和背景后，对高频RGB色簇取通道中位数；不是VI标准色色卡,0,,0,0,0,0,0,0
4144013675,广东江门南粤学院,广东省,,universities/广东省/4144013675/profile.yaml,universities/广东省/4144013675/VISUAL.md,,,,,,,,,,,,,,unresearched,,,,0,,0,0,0,0,0,0
4144013684,珠海科技学院,广东省,https://www.zcst.edu.cn,universities/广东省/4144013684/profile.yaml,universities/广东省/4144013684/VISUAL.md,,,,,,,,,,,,,,unresearched,,,,0,,0,0,0,0,0,0
4144013714,广州工商学院,广东省,https://www.gzgs.edu.cn,universities/广东省/4144013714/profile.yaml,universities/广东省/4144013714/VISUAL.md,https://www.gzgs.edu.cn/images/logo.png,site_identity,png,True,content_inspected,https://www.gzgs.edu.cn,41ccc8880ef3465ef21832a3,,,,,,,unresearched,,,,0,,0,0,0,0,0,0
4144013717,广州科技职业技术大学,广东省,https://www.gkd.edu.cn/,universities/广东省/4144013717/profile.yaml,universities/广东省/4144013717/VISUAL.md,https://www.gkd.edu.cn/images/LOGO.png,site_identity,,True,inspection_failed,https://www.gkd.edu.cn/,f45d1c8ef6d43c1c796dec6d,,,,,,,unresearched,,,,0,,0,0,0,0,0,0
4144013719,广东科技学院,广东省,https://www.gdust.edu.cn/,universities/广东省/4144013719/profile.yaml,universities/广东省/4144013719/VISUAL.md,https://www.gdust.edu.cn/e/images/s1/logo11.png,site_identity,png,True,content_inspected,https://www.gdust.edu.cn/,c51683f44ddcc3fff2841e33,,,,,,,unresearched,,,,0,,0,0,0,0,0,0
4144013720,广东理工学院,广东省,https://www.gdlgxy.edu.cn,universities/广东省/4144013720/profile.yaml,universities/广东省/4144013720/VISUAL.md,,,,,,,,,,,,,,unresearched,,,,0,,0,0,0,0,0,0
4144013721,广东工商职业技术大学,广东省,https://www.gdbtu.edu.cn,universities/广东省/4144013721/profile.yaml,universities/广东省/4144013721/VISUAL.md,https://www.gdbtu.edu.cn/img/logo-campus-gdbtu.png,site_identity,png,True,content_inspected,https://www.gdbtu.edu.cn,8b0e86416737752d92ea2974,,,,,,,unresearched,,,,0,,0,0,0,0,0,0
4144013810,肇庆医学院,广东省,https://www.zqmc.edu.cn/,universities/广东省/4144013810/profile.yaml,universities/广东省/4144013810/VISUAL.md,https://www.zqmc.edu.cn/images/dingbu-logo.png,site_identity,png,True,content_inspected,https://www.zqmc.edu.cn/,33d51d9dfd1d842255fb4e36,,,,,#0493DD,manual_derived,found,官网标识取样的PPT建议主色,https://www.zqmc.edu.cn/images/dingbu-logo.png,官网页眉标识图片：滤去透明、近白和低饱和背景后，对高频RGB色簇取通道中位数；不是VI标准色色卡,0,,0,0,0,0,0,0
4144013844,东莞城市学院,广东省,https://www.dgcu.edu.cn/,universities/广东省/4144013844/profile.yaml,universities/广东省/4144013844/VISUAL.md,https://www.dgcu.edu.cn/phone/images/index_ico_03.png?v=1,site_identity,png,True,content_inspected,https://www.dgcu.edu.cn/,22653590b0bda62e96a979d8,,,,,,,unresearched,,,,0,,0,0,0,0,0,0
4144013902,广州新华学院,广东省,https://www.xhsysu.edu.cn/,universities/广东省/4144013902/profile.yaml,universities/广东省/4144013902/VISUAL.md,https://www.xhsysu.edu.cn/images/new.png,site_identity,png,True,content_inspected,https://www.xhsysu.edu.cn/,d1ee19bd791236541942d55d,,,,,,,unresearched,,,,0,,0,0,0,0,0,0
4144014278,广东第二师范学院,广东省,https://www.gdei.edu.cn,universities/广东省/4144014278/profile.yaml,universities/广东省/4144014278/VISUAL.md,https://www.gdei.edu.cn/_upload/tpl/01/3a/314/template314/images/logo.svg,site_identity,svg,True,content_inspected,https://www.gdei.edu.cn,f1f988d41ccaa3545d215837,,,,,,,unresearched,,,,0,,0,0,0,0,0,0
4144014325,南方科技大学,广东省,https://sustech.edu.cn,universities/广东省/4144014325/profile.yaml,universities/广东省/4144014325/VISUAL.md,https://sustech.edu.cn/static/images/sustech-logo-cn.png,site_identity,png,True,content_inspected,https://sustech.edu.cn,1862da1832115ac3d995c594,,,,,,,unresearched,,,,0,,0,0,3,0,0,0
4144014655,深圳技术大学,广东省,https://www.sztu.edu.cn/,universities/广东省/4144014655/profile.yaml,universities/广东省/4144014655/VISUAL.md,https://www.sztu.edu.cn/images/logo.svg,site_identity,svg,True,content_inspected,https://www.sztu.edu.cn/,152a32e1fcd2d5d75d982a52,,,,,#023692,manual_derived,found,官网标识取样的PPT建议主色,https://www.sztu.edu.cn/images/logo2.png,官网页眉标识图片：滤去透明、近白和低饱和背景后，对高频RGB色簇取通道中位数；不是VI标准色色卡,0,,0,0,0,0,0,0
4144014851,香港城市大学(东莞),广东省,https://www.cityu-dg.edu.cn/zh/home.html,universities/广东省/4144014851/profile.yaml,universities/广东省/4144014851/VISUAL.md,https://www.cityu-dg.edu.cn/static/images/logo-sm.png,site_identity,png,True,content_inspected,https://www.cityu-dg.edu.cn/zh/home.html,8dbc3e06d9d499b35f481a01,,,,,#A40001,manual_derived,found,官网标识取样的PPT建议主色,https://www.cityu-dg.edu.cn/static/images/logo.png,官网页眉标识图片：滤去透明、近白和低饱和背景后，对高频RGB色簇取通道中位数；不是VI标准色色卡,0,,0,0,0,0,0,0
4144014880,深圳理工大学,广东省,https://www.suat-sz.edu.cn,universities/广东省/4144014880/profile.yaml,universities/广东省/4144014880/VISUAL.md,https://www.suat-sz.edu.cn/images/logo0605.png,site_identity,png,True,content_inspected,https://www.suat-sz.edu.cn,b941a8855edba065aa233c13,,,,,#75207D,manual_derived,found,官网标识取样的PPT建议主色,https://www.suat-sz.edu.cn/images/logo0605.png,官网页眉标识图片：滤去透明、近白和低饱和背景后，对高频RGB色簇取通道中位数；不是VI标准色色卡,0,,0,0,0,0,0,0
4144014942,大湾区大学,广东省,https://www.gbu.edu.cn,universities/广东省/4144014942/profile.yaml,universities/广东省/4144014942/VISUAL.md,,,,,,,,,,,,,,unresearched,,,,0,,0,0,0,0,0,0
4144016401,北师香港浸会大学,广东省,https://www.bnbu.edu.cn/index.htm,universities/广东省/4144016401/profile.yaml,universities/广东省/4144016401/VISUAL.md,https://raw.githubusercontent.com/Magicdover/China-Universities-2026/419bdc7ce6956fc88c2b70b3979f170b6666f111/assets/logos-new/%E5%8C%97%E5%B8%88%E9%A6%99%E6%B8%AF%E6%B5%B8%E4%BC%9A%E5%A4%A7%E5%AD%A6%20UIC.svg,badge,svg,False,content_inspected,https://github.com/Magicdover/China-Universities-2026/blob/419bdc7ce6956fc88c2b70b3979f170b6666f111/assets/logos-new/%E5%8C%97%E5%B8%88%E9%A6%99%E6%B8%AF%E6%B5%B8%E4%BC%9A%E5%A4%A7%E5%AD%A6%20UIC.svg,0a08b222ce90ad0d,,,,,,,unresearched,,,,0,,0,0,0,0,0,0
4144016407,香港中文大学(深圳),广东省,https://www.cuhk.edu.cn/zh-hans,universities/广东省/4144016407/profile.yaml,universities/广东省/4144016407/VISUAL.md,https://www.cuhk.edu.cn/sites/webmaster.prod1.dpsite04.cuhk.edu.cn/files/zh-hans_logo.png,site_identity,png,True,content_inspected,https://www.cuhk.edu.cn/zh-hans,c29bcd2a18eea28ec1ccf0e6,,,,,#750F6D,manual_derived,found,官网标识取样的PPT建议主色,https://www.cuhk.edu.cn/sites/webmaster.prod1.dpsite04.cuhk.edu.cn/files/zh-hans_logo.png,官网页眉标识图片：滤去透明、近白和低饱和背景后，对高频RGB色簇取通道中位数；不是VI标准色色卡,0,,0,0,0,0,0,0
4144016409,深圳北理莫斯科大学,广东省,https://www.smbu.edu.cn/,universities/广东省/4144016409/profile.yaml,universities/广东省/4144016409/VISUAL.md,https://www.smbu.edu.cn/images/db_logo.png,site_identity,png,True,content_inspected,https://www.smbu.edu.cn/sjxxsb/sjxxgf.htm,dc5b09358d046f3080c5217c,,,,,#051759,manual_derived,found,官网标识取样的PPT建议主色,https://www.smbu.edu.cn/images/yfd_logo.png,官网页眉标识图片：滤去透明、近白和低饱和背景后，对高频RGB色簇取通道中位数；不是VI标准色色卡,0,,0,0,0,0,0,0
4144016410,广东以色列理工学院,广东省,https://www.gtiit.edu.cn/index.aspx,universities/广东省/4144016410/profile.yaml,universities/广东省/4144016410/VISUAL.md,https://www.gtiit.edu.cn/images/aboutlogo.png,site_identity,png,True,content_inspected,https://www.gtiit.edu.cn/index.aspx,652893c0bcc1bee5aa081c80,,,,,#847148,manual_derived,found,官网标识取样的PPT建议主色,https://www.gtiit.edu.cn/images/logo.png,官网页眉标识图片：滤去透明、近白和低饱和背景后，对高频RGB色簇取通道中位数；不是VI标准色色卡,0,,0,0,0,0,0,0
4144016412,香港科技大学(广州),广东省,https://www.hkust-gz.edu.cn/zh/,universities/广东省/4144016412/profile.yaml,universities/广东省/4144016412/VISUAL.md,https://www.hkust-gz.edu.cn/zh/wp-content/themes/hkust-gz-official-cn-0917/images/logo-zhcn-white-2x.png?v=052810,site_identity,png,True,content_inspected,https://www.hkust-gz.edu.cn/zh/,4192673f287b8e1ece71846b,,,,,,,unresearched,,,,0,,0,0,0,0,0,0
4145010593,广西大学,广西壮族自治区,https://www.gxu.edu.cn/,universities/广西壮族自治区/4145010593/profile.yaml,universities/广西壮族自治区/4145010593/VISUAL.md,https://www.gxu.edu.cn/images/logo2.png,site_identity,png,True,content_inspected,https://www.gxu.edu.cn/,10db07cac438e30e95fd4d93,,,,,,,unresearched,,,,0,,0,0,2,0,0,0
4145010594,广西科技大学,广西壮族自治区,https://www.gxust.edu.cn/,universities/广西壮族自治区/4145010594/profile.yaml,universities/广西壮族自治区/4145010594/VISUAL.md,https://www.gxust.edu.cn/images/logo20221026.png,site_identity,png,True,content_inspected,https://www.gxust.edu.cn/,07a26ce6a621fe9787d7bb85,,,,,#2178AA,official_vi,found,科大蓝,https://www.gxust.edu.cn/xxgkuang/VISxt.htm,官网 VIS 页标准色 RGB R33 G120 B170，换算为 HEX,0,,0,0,1,0,0,0
4145010595,桂林电子科技大学,广西壮族自治区,https://www.guet.edu.cn,universities/广西壮族自治区/4145010595/profile.yaml,universities/广西壮族自治区/4145010595/VISUAL.md,https://www.guet.edu.cn/_upload/tpl/01/39/313/template313/images/logo2.svg,site_identity,svg,True,content_inspected,https://www.guet.edu.cn,321994eb8c87da29b28f071d,,,,,,,unresearched,,,,0,,0,0,1,0,0,0
4145010596,桂林理工大学,广西壮族自治区,https://www.glut.edu.cn,universities/广西壮族自治区/4145010596/profile.yaml,universities/广西壮族自治区/4145010596/VISUAL.md,https://www.glut.edu.cn/images/logo.png,site_identity,png,True,content_inspected,https://www.glut.edu.cn,3186ed584cb8c5bc31d3ff13,,,,,,,unresearched,,,,0,,0,0,0,0,0,0
4145010598,广西医科大学,广西壮族自治区,https://www.gxmu.edu.cn/,universities/广西壮族自治区/4145010598/profile.yaml,universities/广西壮族自治区/4145010598/VISUAL.md,https://www.gxmu.edu.cn/images/ykd2023-logo01.png,site_identity,png,True,content_inspected,https://www.gxmu.edu.cn/x_xxgk/VI/,8b69b56ab6ad7cf5404c79bb,,,,,#884126,manual_derived,found,官网标识取样的PPT建议主色,https://www.gxmu.edu.cn/images/gxmu_logo.png,官网页眉标识图片：滤去透明、近白和低饱和背景后，对高频RGB色簇取通道中位数；不是VI标准色色卡,0,,0,0,1,0,0,0
4145010599,右江民族医学院,广西壮族自治区,,universities/广西壮族自治区/4145010599/profile.yaml,universities/广西壮族自治区/4145010599/VISUAL.md,https://raw.githubusercontent.com/xioajiumi/Chinese_Universities/e088fddc329a6f0148ca72fd3b4d0fe069f13e3a/logo.zip,badge,png,False,content_inspected,https://github.com/xioajiumi/Chinese_Universities/blob/e088fddc329a6f0148ca72fd3b4d0fe069f13e3a/logo.zip,e8cfcf088901839a,archive_member,https://raw.githubusercontent.com/xioajiumi/Chinese_Universities/e088fddc329a6f0148ca72fd3b4d0fe069f13e3a/logo.zip,img2/右江民族医学院.png,53c17d411407a72ee7e3094cbc8e5238fbf8d376e5415e78ff2c5ad2c55bb549,,,unresearched,,,,0,,0,0,0,0,0,0
4145010600,广西中医药大学,广西壮族自治区,https://www.gxtcmu.edu.cn/,universities/广西壮族自治区/4145010600/profile.yaml,universities/广西壮族自治区/4145010600/VISUAL.md,https://www.gxtcmu.edu.cn/content/main/base/img/logo.png,site_identity,png,True,content_inspected,https://www.gxtcmu.edu.cn/,535f85b805077b70f6f8b495,,,,,#007344,manual_derived,found,官网标识取样的PPT建议主色,https://www.gxtcmu.edu.cn/content/main/base/img/logo.png,官网页眉标识图片：滤去透明、近白和低饱和背景后，对高频RGB色簇取通道中位数；不是VI标准色色卡,0,,0,0,0,0,0,0
4145010601,桂林医科大学,广西壮族自治区,https://www.glmu.edu.cn,universities/广西壮族自治区/4145010601/profile.yaml,universities/广西壮族自治区/4145010601/VISUAL.md,https://www.glmu.edu.cn/images/logon.png,site_identity,png,True,content_inspected,https://www.glmu.edu.cn,4e2da0451b9ece0bd4fa3529,,,,,#007647,manual_derived,found,官网标识取样的PPT建议主色,https://www.glmu.edu.cn/images/logon.png,官网页眉标识图片：滤去透明、近白和低饱和背景后，对高频RGB色簇取通道中位数；不是VI标准色色卡,0,,0,0,0,0,0,0
4145010602,广西师范大学,广西壮族自治区,https://www.gxnu.edu.cn/,universities/广西壮族自治区/4145010602/profile.yaml,universities/广西壮族自治区/4145010602/VISUAL.md,https://www.gxnu.edu.cn/_upload/site/00/02/2/logo.png,site_identity,png,True,content_inspected,https://www.gxnu.edu.cn/,bc9c291b528f9fccbba37184,,,,,#A21C7A,manual_derived,found,官网标识取样的PPT建议主色,https://www.gxnu.edu.cn/_upload/site/00/02/2/logo.png,官网页眉标识图片：滤去透明、近白和低饱和背景后，对高频RGB色簇取通道中位数；不是VI标准色色卡,0,,0,0,1,0,0,0
4145010603,南宁师范大学,广西壮族自治区,https://www.nnnu.edu.cn,universities/广西壮族自治区/4145010603/profile.yaml,universities/广西壮族自治区/4145010603/VISUAL.md,https://www.nnnu.edu.cn/_p/images/de_logo.jpg,site_identity,png,True,content_inspected,https://www.nnnu.edu.cn,c5904105bc2f0fa8265bd967,,,,,,,unresearched,,,,0,,0,0,0,0,0,0
4145010604,广西民族师范学院,广西壮族自治区,https://www.gxnun.edu.cn/,universities/广西壮族自治区/4145010604/profile.yaml,universities/广西壮族自治区/4145010604/VISUAL.md,https://raw.githubusercontent.com/xioajiumi/Chinese_Universities/e088fddc329a6f0148ca72fd3b4d0fe069f13e3a/logo.zip,badge,jpeg,False,content_inspected,https://github.com/xioajiumi/Chinese_Universities/blob/e088fddc329a6f0148ca72fd3b4d0fe069f13e3a/logo.zip,1e01d17a009dffec,archive_member,https://raw.githubusercontent.com/xioajiumi/Chinese_Universities/e088fddc329a6f0148ca72fd3b4d0fe069f13e3a/logo.zip,img2/广西民族师范学院.png,53c17d411407a72ee7e3094cbc8e5238fbf8d376e5415e78ff2c5ad2c55bb549,,,unresearched,,,,0,,0,0,0,0,0,0
4145010605,河池学院,广西壮族自治区,https://www.hcnu.edu.cn/,universities/广西壮族自治区/4145010605/profile.yaml,universities/广西壮族自治区/4145010605/VISUAL.md,https://www.hcnu.edu.cn/logo/logo.png,site_identity,png,True,content_inspected,https://www.hcnu.edu.cn/,d9df46749c719a95f73234c0,,,,,,,unresearched,,,,0,,0,0,0,0,0,0
4145010606,玉林师范学院,广西壮族自治区,https://www.ylu.edu.cn/,universities/广西壮族自治区/4145010606/profile.yaml,universities/广西壮族自治区/4145010606/VISUAL.md,https://www.ylu.edu.cn/images/logo.png,site_identity,png,True,content_inspected,https://www.ylu.edu.cn/,fb88d517c3a9d02e692ba695,,,,,#F80909,manual_derived,found,官网标识取样的PPT建议主色,https://www.ylu.edu.cn/images/logo.png,官网页眉标识图片：滤去透明、近白和低饱和背景后，对高频RGB色簇取通道中位数；不是VI标准色色卡,0,,0,0,0,0,0,0
4145010607,广西艺术学院,广西壮族自治区,https://www.gxau.edu.cn/,universities/广西壮族自治区/4145010607/profile.yaml,universities/广西壮族自治区/4145010607/VISUAL.md,https://www.gxau.edu.cn/content/main/base/img/logo.png,site_identity,png,True,content_inspected,https://www.gxau.edu.cn/,da066e3e18b14846fec3dd63,,,,,#FFCD01,manual_derived,found,官网标识取样的PPT建议主色,https://www.gxau.edu.cn/content/main/base/img/logo.png,官网页眉标识图片：滤去透明、近白和低饱和背景后，对高频RGB色簇取通道中位数；不是VI标准色色卡,0,,0,0,0,0,0,0
4145010608,广西民族大学,广西壮族自治区,https://www.gxmzu.edu.cn/,universities/广西壮族自治区/4145010608/profile.yaml,universities/广西壮族自治区/4145010608/VISUAL.md,https://raw.githubusercontent.com/xioajiumi/Chinese_Universities/e088fddc329a6f0148ca72fd3b4d0fe069f13e3a/logo.zip,badge,png,False,content_inspected,https://github.com/xioajiumi/Chinese_Universities/blob/e088fddc329a6f0148ca72fd3b4d0fe069f13e3a/logo.zip,05d839c973611736,archive_member,https://raw.githubusercontent.com/xioajiumi/Chinese_Universities/e088fddc329a6f0148ca72fd3b4d0fe069f13e3a/logo.zip,img2/广西民族大学.png,53c17d411407a72ee7e3094cbc8e5238fbf8d376e5415e78ff2c5ad2c55bb549,,,unresearched,,,,0,,0,0,0,0,0,0
4145010609,百色学院,广西壮族自治区,,universities/广西壮族自治区/4145010609/profile.yaml,universities/广西壮族自治区/4145010609/VISUAL.md,https://raw.githubusercontent.com/xioajiumi/Chinese_Universities/e088fddc329a6f0148ca72fd3b4d0fe069f13e3a/logo.zip,badge,jpeg,False,content_inspected,https://github.com/xioajiumi/Chinese_Universities/blob/e088fddc329a6f0148ca72fd3b4d0fe069f13e3a/logo.zip,7934cb8d93b2522e,archive_member,https://raw.githubusercontent.com/xioajiumi/Chinese_Universities/e088fddc329a6f0148ca72fd3b4d0fe069f13e3a/logo.zip,img2/百色学院.png,53c17d411407a72ee7e3094cbc8e5238fbf8d376e5415e78ff2c5ad2c55bb549,,,unresearched,,,,0,,0,0,0,0,0,0
4145011354,梧州学院,广西壮族自治区,https://www.gxuwz.edu.cn,universities/广西壮族自治区/4145011354/profile.yaml,universities/广西壮族自治区/4145011354/VISUAL.md,https://www.gxuwz.edu.cn/images/logo.png,site_identity,png,True,content_inspected,https://www.gxuwz.edu.cn,24bd639daeed437157430806,,,,,,,unresearched,,,,0,,0,0,0,0,0,0
4145011355,南宁职业技术大学,广西壮族自治区,https://www.nnvtu.edu.cn/,universities/广西壮族自治区/4145011355/profile.yaml,universities/广西壮族自治区/4145011355/VISUAL.md,https://www.nnvtu.edu.cn/images/24/11/21/1bvjn7o2b1/logo.png,site_identity,png,True,content_inspected,https://www.nnvtu.edu.cn/,78a2bdb85350af2e194f4cf9,,,,,,,unresearched,,,,0,,0,0,0,0,0,0
4145011546,广西科技师范学院,广西壮族自治区,https://www.gxstnu.edu.cn/,universities/广西壮族自治区/4145011546/profile.yaml,universities/广西壮族自治区/4145011546/VISUAL.md,https://www.gxstnu.edu.cn/images/logo.png,site_identity,png,True,content_inspected,https://www.gxstnu.edu.cn/,0d2630b8df79ef1af8db1c71,,,,,#009944,manual_derived,found,官网标识取样的PPT建议主色,https://www.gxstnu.edu.cn/images/logo.png,官网页眉标识图片：滤去透明、近白和低饱和背景后，对高频RGB色簇取通道中位数；不是VI标准色色卡,0,,0,0,0,0,0,0
4145011548,广西财经学院,广西壮族自治区,,universities/广西壮族自治区/4145011548/profile.yaml,universities/广西壮族自治区/4145011548/VISUAL.md,https://raw.githubusercontent.com/xioajiumi/Chinese_Universities/e088fddc329a6f0148ca72fd3b4d0fe069f13e3a/logo.zip,badge,png,False,content_inspected,https://github.com/xioajiumi/Chinese_Universities/blob/e088fddc329a6f0148ca72fd3b4d0fe069f13e3a/logo.zip,9cf1565e893c5ede,archive_member,https://raw.githubusercontent.com/xioajiumi/Chinese_Universities/e088fddc329a6f0148ca72fd3b4d0fe069f13e3a/logo.zip,img2/广西财经学院.png,53c17d411407a72ee7e3094cbc8e5238fbf8d376e5415e78ff2c5ad2c55bb549,,,unresearched,,,,0,,0,0,0,0,0,0
4145011549,南宁学院,广西壮族自治区,,universities/广西壮族自治区/4145011549/profile.yaml,universities/广西壮族自治区/4145011549/VISUAL.md,,,,,,,,,,,,,,unresearched,,,,0,,0,0,0,0,0,0
4145011607,北部湾大学,广西壮族自治区,https://www.bbgu.edu.cn/,universities/广西壮族自治区/4145011607/profile.yaml,universities/广西壮族自治区/4145011607/VISUAL.md,https://www.bbgu.edu.cn/images/logonew.png,site_identity,png,True,content_inspected,https://www.bbgu.edu.cn/,576ce462b4fc4e5d3e7dc06e,,,,,#0189D0,manual_derived,found,官网标识取样的PPT建议主色,https://www.bbgu.edu.cn/images/logonew.png,官网页眉标识图片：滤去透明、近白和低饱和背景后，对高频RGB色簇取通道中位数；不是VI标准色色卡,0,,0,0,0,0,0,0
4145011671,桂林师范学院,广西壮族自治区,https://www.glnc.edu.cn/,universities/广西壮族自治区/4145011671/profile.yaml,universities/广西壮族自治区/4145011671/VISUAL.md,https://www.glnc.edu.cn/images/logo042302.png,site_identity,png,True,content_inspected,https://www.glnc.edu.cn/,7cd06ed123a7b7dd67145102,,,,,#0D47A1,manual_derived,found,官网标识取样的PPT建议主色,https://www.glnc.edu.cn/images/logo042302.png,官网页眉标识图片：滤去透明、近白和低饱和背景后，对高频RGB色簇取通道中位数；不是VI标准色色卡,0,,0,0,0,0,0,0
4145011773,广西职业技术大学,广西壮族自治区,,universities/广西壮族自治区/4145011773/profile.yaml,universities/广西壮族自治区/4145011773/VISUAL.md,,,,,,,,,,,,,,unresearched,,,,0,,0,0,0,0,0,0
4145011825,桂林航天工业学院,广西壮族自治区,https://www.guat.edu.cn/,universities/广西壮族自治区/4145011825/profile.yaml,universities/广西壮族自治区/4145011825/VISUAL.md,https://www.guat.edu.cn/images/logo2025.png,site_identity,png,True,content_inspected,https://www.guat.edu.cn/,050e0df70ddfbc43a9512bc5,,,,,,,unresearched,,,,0,,0,0,0,0,0,0
4145011837,桂林旅游学院,广西壮族自治区,https://www.gltu.edu.cn,universities/广西壮族自治区/4145011837/profile.yaml,universities/广西壮族自治区/4145011837/VISUAL.md,https://www.gltu.edu.cn/images/home/logo.png,site_identity,png,True,content_inspected,https://www.gltu.edu.cn,2720c9b8bd00f2a247c7978d,,,,,,,unresearched,,,,0,,0,0,0,0,0,0
4145011838,贺州学院,广西壮族自治区,https://www.hzxy.edu.cn/,universities/广西壮族自治区/4145011838/profile.yaml,universities/广西壮族自治区/4145011838/VISUAL.md,https://www.hzxy.edu.cn/image/index5.png,site_identity,png,True,content_inspected,https://www.hzxy.edu.cn/,d89c0eea5ac0982945a53cae,,,,,,,unresearched,,,,0,,0,0,0,0,0,0
4145012104,柳州职业技术大学,广西壮族自治区,,universities/广西壮族自治区/4145012104/profile.yaml,universities/广西壮族自治区/4145012104/VISUAL.md,,,,,,,,,,,,,,unresearched,,,,0,,0,0,0,0,0,0
4145013520,广西警察学院,广西壮族自治区,https://www.gxjcxy.edu.cn/,universities/广西壮族自治区/4145013520/profile.yaml,universities/广西壮族自治区/4145013520/VISUAL.md,https://www.gxjcxy.edu.cn/content/main/base/img/logo.png,site_identity,png,True,content_inspected,https://www.gxjcxy.edu.cn/xxgk/xxbs,a69fedf5b4d5e96424b41116,,,,,#000057,manual_derived,found,官网标识取样的PPT建议主色,https://www.gxjcxy.edu.cn/Content/main/Base/img/footerlogo.png,官网页眉标识图片：滤去透明、近白和低饱和背景后，对高频RGB色簇取通道中位数；不是VI标准色色卡,0,,0,0,0,0,0,0
4145013524,北海艺术设计学院,广西壮族自治区,https://www.sszss.com/?site_id=2,universities/广西壮族自治区/4145013524/profile.yaml,universities/广西壮族自治区/4145013524/VISUAL.md,https://www.sszss.com/r/sszss/default/img/logo2019.png,site_identity,png,True,content_inspected,https://www.sszss.com/?site_id=2,4c168f71dadc3d7af6a4cbe0,,,,,,,unresearched,,,,0,,0,0,0,0,0,0
4145013639,柳州工学院,广西壮族自治区,https://www.lzhit.edu.cn/,universities/广西壮族自治区/4145013639/profile.yaml,universities/广西壮族自治区/4145013639/VISUAL.md,https://www.lzhit.edu.cn/images/logolzgxy0902.png,site_identity,png,True,content_inspected,https://www.lzhit.edu.cn/,ce9409751d35e525f7fc56e1,,,,,#008ACD,manual_derived,found,官网标识取样的PPT建议主色,https://www.lzhit.edu.cn/images/logolzgxy0902.png,官网页眉标识图片：滤去透明、近白和低饱和背景后，对高频RGB色簇取通道中位数；不是VI标准色色卡,0,,0,0,0,0,0,0
4145013640,广西民族大学相思湖学院,广西壮族自治区,,universities/广西壮族自治区/4145013640/profile.yaml,universities/广西壮族自治区/4145013640/VISUAL.md,,,,,,,,,,,,,,unresearched,,,,0,,0,0,0,0,0,0
4145013641,桂林学院,广西壮族自治区,https://www.glc.edu.cn/,universities/广西壮族自治区/4145013641/profile.yaml,universities/广西壮族自治区/4145013641/VISUAL.md,https://www.glc.edu.cn/v2025/img/logo_glc.png?2345,site_identity,png,True,content_inspected,https://www.glc.edu.cn/,966ebc0695bf0007214ff3b0,,,,,#05606F,manual_derived,found,官网标识取样的PPT建议主色,https://www.glc.edu.cn/v2025/img/logo_glc.png?2345,官网页眉标识图片：滤去透明、近白和低饱和背景后，对高频RGB色簇取通道中位数；不是VI标准色色卡,0,,0,0,0,0,0,0
4145013642,南宁师范大学师园学院,广西壮族自治区,https://www.gxsy.edu.cn,universities/广西壮族自治区/4145013642/profile.yaml,universities/广西壮族自治区/4145013642/VISUAL.md,https://www.gxsy.edu.cn/Template/ClovisIQuan/Skin/images/logo.png,site_identity,png,True,content_inspected,https://www.gxsy.edu.cn,7d8dc125460c3f95cc205248,,,,,,,unresearched,,,,0,,0,0,0,0,0,0
4145013643,广西中医药大学赛恩斯新医药学院,广西壮族自治区,https://www.gxzyxysy.com,universities/广西壮族自治区/4145013643/profile.yaml,universities/广西壮族自治区/4145013643/VISUAL.md,,,,,,,,,,,,,,unresearched,,,,0,,0,0,0,0,0,0
4145013644,桂林信息科技学院,广西壮族自治区,https://www.guit.edu.cn/,universities/广西壮族自治区/4145013644/profile.yaml,universities/广西壮族自治区/4145013644/VISUAL.md,https://www.guit.edu.cn/images/GIIT.png,site_identity,png,True,content_inspected,https://www.guit.edu.cn/,dae78463239dfd620052dac7,,,,,,,unresearched,,,,0,,0,0,0,0,0,0
4145013645,南宁理工学院,广西壮族自治区,https://www.nnlgxy.cn/,universities/广西壮族自治区/4145013645/profile.yaml,universities/广西壮族自治区/4145013645/VISUAL.md,,,,,,,,,,,,,,unresearched,,,,0,,0,0,0,0,0,0
4145013830,广西外国语学院,广西壮族自治区,https://gxufl.edu.cn/,universities/广西壮族自治区/4145013830/profile.yaml,universities/广西壮族自治区/4145013830/VISUAL.md,https://gxufl.edu.cn/ui/assets/img/logo/logo.png,site_identity,png,True,content_inspected,https://gxufl.edu.cn/,eb1cb43804e99e46d66f14dd,,,,,,,unresearched,,,,0,,0,0,0,0,0,0
4145013890,广西工业学院,广西壮族自治区,,universities/广西壮族自治区/4145013890/profile.yaml,universities/广西壮族自治区/4145013890/VISUAL.md,,,,,,,,,,,,,,unresearched,,,,0,,0,0,0,0,0,0
4145013920,广西城市职业大学,广西壮族自治区,http://www.gxcvuedu.com,universities/广西壮族自治区/4145013920/profile.yaml,universities/广西壮族自治区/4145013920/VISUAL.md,http://www.gxcvuedu.com/content/main/base/img/logo.png,site_identity,png,True,content_inspected,http://www.gxcvuedu.com,4ec7c4316bdd5f037fd10282,,,,,,,unresearched,,,,0,,0,0,0,0,0,0
4145014684,广西职业师范学院,广西壮族自治区,https://www.gxvnu.edu.cn/,universities/广西壮族自治区/4145014684/profile.yaml,universities/广西壮族自治区/4145014684/VISUAL.md,https://www.gxvnu.edu.cn/lib/images/logo.png,site_identity,png,True,content_inspected,https://www.gxvnu.edu.cn/,eb2c98bb8a88585d5cd1b66a,,,,,#124D9A,manual_derived,found,官网标识取样的PPT建议主色,https://www.gxvnu.edu.cn/lib/images/logo.png,官网页眉标识图片：滤去透明、近白和低饱和背景后，对高频RGB色簇取通道中位数；不是VI标准色色卡,0,,0,0,0,0,0,0
4145016205,广西农业职业技术大学,广西壮族自治区,https://www.gxnzd.edu.cn/,universities/广西壮族自治区/4145016205/profile.yaml,universities/广西壮族自治区/4145016205/VISUAL.md,,,,,,,,,,,,,,unresearched,,,,0,,0,0,0,0,0,0
4165010755,新疆大学,新疆维吾尔自治区,https://www.xju.edu.cn,universities/新疆维吾尔自治区/4165010755/profile.yaml,universities/新疆维吾尔自治区/4165010755/VISUAL.md,https://www.xju.edu.cn/images/logo20240718.png,site_identity,png,True,content_inspected,https://www.xju.edu.cn,032e4084f77210a8caf8a6ef,,,,,,,unresearched,,,,0,,0,0,2,0,0,0
4165010757,塔里木大学,新疆维吾尔自治区,https://www.taru.edu.cn,universities/新疆维吾尔自治区/4165010757/profile.yaml,universities/新疆维吾尔自治区/4165010757/VISUAL.md,https://www.taru.edu.cn/images/logo.png,site_identity,png,True,content_inspected,https://www.taru.edu.cn,aee43a9ccd0e09985a870002,,,,,,,unresearched,,,,0,,0,0,0,0,0,0
4165010758,新疆农业大学,新疆维吾尔自治区,https://www.xjau.edu.cn/,universities/新疆维吾尔自治区/4165010758/profile.yaml,universities/新疆维吾尔自治区/4165010758/VISUAL.md,https://www.xjau.edu.cn/_upload/site/00/02/2/logo.png,site_identity,png,True,content_inspected,https://www.xjau.edu.cn/,b0e48175107aa52b46b655c0,,,,,#00883D,manual_derived,found,官网标识取样的PPT建议主色,https://www.xjau.edu.cn/_upload/site/00/02/2/logo.png,官网页眉标识图片：滤去透明、近白和低饱和背景后，对高频RGB色簇取通道中位数；不是VI标准色色卡,0,,0,0,0,0,0,0
4165010759,石河子大学,新疆维吾尔自治区,https://www.shzu.edu.cn/,universities/新疆维吾尔自治区/4165010759/profile.yaml,universities/新疆维吾尔自治区/4165010759/VISUAL.md,https://www.shzu.edu.cn/_upload/tpl/03/75/885/template885/images/logo.svg,site_identity,svg,True,content_inspected,https://www.shzu.edu.cn/,2938cceb5444a365eb54121e,,,,,,,unresearched,,,,0,,0,0,2,0,0,0
4165010760,新疆医科大学,新疆维吾尔自治区,https://www.xjmu.edu.cn/,universities/新疆维吾尔自治区/4165010760/profile.yaml,universities/新疆维吾尔自治区/4165010760/VISUAL.md,https://raw.githubusercontent.com/xioajiumi/Chinese_Universities/e088fddc329a6f0148ca72fd3b4d0fe069f13e3a/logo.zip,badge,png,False,content_inspected,https://github.com/xioajiumi/Chinese_Universities/blob/e088fddc329a6f0148ca72fd3b4d0fe069f13e3a/logo.zip,f7f32c2fc77a6e96,archive_member,https://raw.githubusercontent.com/xioajiumi/Chinese_Universities/e088fddc329a6f0148ca72fd3b4d0fe069f13e3a/logo.zip,img2/新疆医科大学.png,53c17d411407a72ee7e3094cbc8e5238fbf8d376e5415e78ff2c5ad2c55bb549,,,unresearched,,,,0,,0,0,0,0,0,0
4165010762,新疆师范大学,新疆维吾尔自治区,https://www.xjnu.edu.cn/,universities/新疆维吾尔自治区/4165010762/profile.yaml,universities/新疆维吾尔自治区/4165010762/VISUAL.md,https://www.xjnu.edu.cn/images/logo.png,site_identity,png,True,content_inspected,https://www.xjnu.edu.cn/,487f813da87609ccfcd3eb43,,,,,,,unresearched,,,,0,,0,0,0,0,0,0
4165010763,喀什大学,新疆维吾尔自治区,,universities/新疆维吾尔自治区/4165010763/profile.yaml,universities/新疆维吾尔自治区/4165010763/VISUAL.md,https://raw.githubusercontent.com/xioajiumi/Chinese_Universities/e088fddc329a6f0148ca72fd3b4d0fe069f13e3a/logo.zip,badge,jpeg,False,content_inspected,https://github.com/xioajiumi/Chinese_Universities/blob/e088fddc329a6f0148ca72fd3b4d0fe069f13e3a/logo.zip,b0c3b706d182218a,archive_member,https://raw.githubusercontent.com/xioajiumi/Chinese_Universities/e088fddc329a6f0148ca72fd3b4d0fe069f13e3a/logo.zip,img2/喀什大学.png,53c17d411407a72ee7e3094cbc8e5238fbf8d376e5415e78ff2c5ad2c55bb549,,,unresearched,,,,0,,0,0,0,0,0,0
4165010764,伊犁师范大学,新疆维吾尔自治区,https://www.ylnu.edu.cn/,universities/新疆维吾尔自治区/4165010764/profile.yaml,universities/新疆维吾尔自治区/4165010764/VISUAL.md,https://www.ylnu.edu.cn/images/logo.png,site_identity,png,True,content_inspected,https://www.ylnu.edu.cn/,69299be379d2db2ebc688863,,,,,,,unresearched,,,,0,,0,0,0,0,0,0
4165010765,新疆和田学院,新疆维吾尔自治区,https://www.xjhtc.edu.cn/,universities/新疆维吾尔自治区/4165010765/profile.yaml,universities/新疆维吾尔自治区/4165010765/VISUAL.md,https://www.xjhtc.edu.cn/images/logonew.png,site_identity,png,True,content_inspected,https://www.xjhtc.edu.cn/,f36a8f346c70ee9dad3defb6,,,,,#F0ABB5,manual_derived,found,官网标识取样的PPT建议主色,https://www.xjhtc.edu.cn/images/logonew.png,官网页眉标识图片：滤去透明、近白和低饱和背景后，对高频RGB色簇取通道中位数；不是VI标准色色卡,0,,0,0,0,0,0,0
4165010766,新疆财经大学,新疆维吾尔自治区,https://www.xjufe.edu.cn,universities/新疆维吾尔自治区/4165010766/profile.yaml,universities/新疆维吾尔自治区/4165010766/VISUAL.md,https://www.xjufe.edu.cn/images/logo.png,site_identity,png,True,content_inspected,https://www.xjufe.edu.cn,8f7150786e5fb8a1fd263794,,,,,,,unresearched,,,,0,,0,0,0,0,0,0
4165010768,新疆艺术学院,新疆维吾尔自治区,https://www.xjart.edu.cn/,universities/新疆维吾尔自治区/4165010768/profile.yaml,universities/新疆维吾尔自治区/4165010768/VISUAL.md,https://www.xjart.edu.cn/dfiles/12950/_upload/tpl/00/40/64/template64/images/logo-new.jpg,site_identity,png,True,content_inspected,https://www.xjart.edu.cn/,362ec3bb6336a2a8b4589682,,,,,#A20000,manual_derived,found,官网标识取样的PPT建议主色,https://www.xjart.edu.cn/dfiles/12950/_upload/tpl/00/40/64/template64/images/logo-new.jpg,官网页眉标识图片：滤去透明、近白和低饱和背景后，对高频RGB色簇取通道中位数；不是VI标准色色卡,0,,0,0,0,0,0,0
4165010994,新疆工程学院,新疆维吾尔自治区,https://www.xjie.edu.cn/,universities/新疆维吾尔自治区/4165010994/profile.yaml,universities/新疆维吾尔自治区/4165010994/VISUAL.md,https://www.xjie.edu.cn/images/logowds.png,site_identity,png,True,content_inspected,https://www.xjie.edu.cn/,832033e093025879d5b575d5,,,,,#005598,manual_derived,found,官网标识取样的PPT建议主色,https://www.xjie.edu.cn/images/logowds.png,官网页眉标识图片：滤去透明、近白和低饱和背景后，对高频RGB色簇取通道中位数；不是VI标准色色卡,0,,0,0,0,0,0,0
4165010995,新疆农业职业技术大学,新疆维吾尔自治区,https://www.xjavtu.edu.cn,universities/新疆维吾尔自治区/4165010995/profile.yaml,universities/新疆维吾尔自治区/4165010995/VISUAL.md,https://www.xjavtu.edu.cn/images/zhuyelvse3.png,site_identity,png,True,content_inspected,https://www.xjavtu.edu.cn,24b9891f3e1153b4eba53d91,,,,,,,unresearched,,,,0,,0,0,0,0,0,0
4165010997,昌吉学院,新疆维吾尔自治区,https://www.cjc.edu.cn/,universities/新疆维吾尔自治区/4165010997/profile.yaml,universities/新疆维吾尔自治区/4165010997/VISUAL.md,https://www.cjc.edu.cn/images/xiaohui20230921.png,badge,png,True,content_inspected,https://www.cjc.edu.cn/,efccc0c18b6677fd2fecdb8a,,,,,#991401,badge_sample,found,官网标识取样的PPT建议主色,https://www.cjc.edu.cn/images/xiaohui20230921.png,官网页眉标识图片：滤去透明、近白和低饱和背景后，对高频RGB色簇取通道中位数；不是VI标准色色卡,0,,0,0,0,0,0,0
4165011565,乌鲁木齐职业大学,新疆维吾尔自治区,https://www.uvu.edu.cn,universities/新疆维吾尔自治区/4165011565/profile.yaml,universities/新疆维吾尔自治区/4165011565/VISUAL.md,https://www.uvu.edu.cn/images/logo-1.png,site_identity,png,True,content_inspected,https://www.uvu.edu.cn,ecab1c5780474514c8ec4ad7,,,,,,,unresearched,,,,0,,0,0,0,0,0,0
4165012514,新疆工业职业技术大学,新疆维吾尔自治区,,universities/新疆维吾尔自治区/4165012514/profile.yaml,universities/新疆维吾尔自治区/4165012514/VISUAL.md,,,,,,,,,,,,,,unresearched,,,,0,,0,0,0,0,0,0
4165012734,新疆警察学院,新疆维吾尔自治区,,universities/新疆维吾尔自治区/4165012734/profile.yaml,universities/新疆维吾尔自治区/4165012734/VISUAL.md,https://raw.githubusercontent.com/xioajiumi/Chinese_Universities/e088fddc329a6f0148ca72fd3b4d0fe069f13e3a/logo.zip,badge,jpeg,False,content_inspected,https://github.com/xioajiumi/Chinese_Universities/blob/e088fddc329a6f0148ca72fd3b4d0fe069f13e3a/logo.zip,e4a64f31d10dd586,archive_member,https://raw.githubusercontent.com/xioajiumi/Chinese_Universities/e088fddc329a6f0148ca72fd3b4d0fe069f13e3a/logo.zip,img2/新疆警察学院.png,53c17d411407a72ee7e3094cbc8e5238fbf8d376e5415e78ff2c5ad2c55bb549,,,unresearched,,,,0,,0,0,0,0,0,0
4165013558,新疆理工学院,新疆维吾尔自治区,https://www.xjit.edu.cn/,universities/新疆维吾尔自治区/4165013558/profile.yaml,universities/新疆维吾尔自治区/4165013558/VISUAL.md,https://raw.githubusercontent.com/xioajiumi/Chinese_Universities/e088fddc329a6f0148ca72fd3b4d0fe069f13e3a/logo.zip,badge,png,False,content_inspected,https://github.com/xioajiumi/Chinese_Universities/blob/e088fddc329a6f0148ca72fd3b4d0fe069f13e3a/logo.zip,6e6955ef60a128c2,archive_member,https://raw.githubusercontent.com/xioajiumi/Chinese_Universities/e088fddc329a6f0148ca72fd3b4d0fe069f13e3a/logo.zip,img2/新疆理工学院.png,53c17d411407a72ee7e3094cbc8e5238fbf8d376e5415e78ff2c5ad2c55bb549,,,unresearched,,,,0,,0,0,0,0,0,0
4165013559,新疆农业大学科学技术学院,新疆维吾尔自治区,,universities/新疆维吾尔自治区/4165013559/profile.yaml,universities/新疆维吾尔自治区/4165013559/VISUAL.md,,,,,,,,,,,,,,unresearched,,,,0,,0,0,0,0,0,0
4165013560,新疆第二医学院,新疆维吾尔自治区,https://www.xjsmc.edu.cn/,universities/新疆维吾尔自治区/4165013560/profile.yaml,universities/新疆维吾尔自治区/4165013560/VISUAL.md,https://www.xjsmc.edu.cn/images/logo.png,site_identity,png,True,content_inspected,https://www.xjsmc.edu.cn/,7c9bfc611a11bcfe70d943ef,,,,,#3B5297,manual_derived,found,官网标识取样的PPT建议主色,https://www.xjsmc.edu.cn/images/logo.png,官网页眉标识图片：滤去透明、近白和低饱和背景后，对高频RGB色簇取通道中位数；不是VI标准色色卡,0,,0,0,0,0,0,0
4165013561,新疆科技学院,新疆维吾尔自治区,https://www.xjust.edu.cn/cms/kjxy.html,universities/新疆维吾尔自治区/4165013561/profile.yaml,universities/新疆维吾尔自治区/4165013561/VISUAL.md,https://www.xjust.edu.cn/uploads/cms/ad/20231110/406a687eed5c044d3a5f6ce4b3e3f99b.png,site_identity,png,True,content_inspected,https://www.xjust.edu.cn/cms/kjxy.html,f6da24d7eace81adf99db929,,,,,#034C91,manual_derived,found,官网标识取样的PPT建议主色,https://www.xjust.edu.cn/uploads/cms/ad/20231117/2a65b8b83f1ad41215b74258ee1b35a3.png,官网页眉标识图片：滤去透明、近白和低饱和背景后，对高频RGB色簇取通道中位数；不是VI标准色色卡,0,,0,0,0,0,0,0
4165013628,新疆政法学院,新疆维吾尔自治区,,universities/新疆维吾尔自治区/4165013628/profile.yaml,universities/新疆维吾尔自治区/4165013628/VISUAL.md,https://raw.githubusercontent.com/xioajiumi/Chinese_Universities/e088fddc329a6f0148ca72fd3b4d0fe069f13e3a/logo.zip,badge,png,False,content_inspected,https://github.com/xioajiumi/Chinese_Universities/blob/e088fddc329a6f0148ca72fd3b4d0fe069f13e3a/logo.zip,c14e452958cb59d1,archive_member,https://raw.githubusercontent.com/xioajiumi/Chinese_Universities/e088fddc329a6f0148ca72fd3b4d0fe069f13e3a/logo.zip,img2/新疆政法学院.png,53c17d411407a72ee7e3094cbc8e5238fbf8d376e5415e78ff2c5ad2c55bb549,,,unresearched,,,,0,,0,0,0,0,0,0
4165013727,新疆天山职业技术大学,新疆维吾尔自治区,,universities/新疆维吾尔自治区/4165013727/profile.yaml,universities/新疆维吾尔自治区/4165013727/VISUAL.md,,,,,,,,,,,,,,unresearched,,,,0,,0,0,0,0,0,0
4165013926,新疆交通职业技术大学,新疆维吾尔自治区,http://www.xjjtedu.com,universities/新疆维吾尔自治区/4165013926/profile.yaml,universities/新疆维吾尔自治区/4165013926/VISUAL.md,,,,,,,,,,,,,,unresearched,,,,0,,0,0,0,0,0,0
4165013956,石河子职业技术大学,新疆维吾尔自治区,,universities/新疆维吾尔自治区/4165013956/profile.yaml,universities/新疆维吾尔自治区/4165013956/VISUAL.md,,,,,,,,,,,,,,unresearched,,,,0,,0,0,0,0,0,0
4165014489,新疆能源铁道职业技术大学,新疆维吾尔自治区,https://www.xjrvtc.edu.cn/,universities/新疆维吾尔自治区/4165014489/profile.yaml,universities/新疆维吾尔自治区/4165014489/VISUAL.md,https://www.xjrvtc.edu.cn/images/ceshi1111.png,site_identity,png,True,content_inspected,https://www.xjrvtc.edu.cn/,f56ddb1a81b94df7b2df51df,,,,,,,unresearched,,,,0,,0,0,0,0,0,0
4165014523,新疆工程职业大学,新疆维吾尔自治区,,universities/新疆维吾尔自治区/4165014523/profile.yaml,universities/新疆维吾尔自治区/4165014523/VISUAL.md,,,,,,,,,,,,,,unresearched,,,,0,,0,0,0,0,0,0
4165014897,新疆工业学院,新疆维吾尔自治区,https://www.xjut.edu.cn/,universities/新疆维吾尔自治区/4165014897/profile.yaml,universities/新疆维吾尔自治区/4165014897/VISUAL.md,https://www.xjut.edu.cn/images/logo0922.png,site_identity,png,True,content_inspected,https://www.xjut.edu.cn/,33b92bc1ef928734b5a61c66,,,,,,,unresearched,,,,0,,0,0,0,0,0,0
4165014946,塔里木理工学院,新疆维吾尔自治区,,universities/新疆维吾尔自治区/4165014946/profile.yaml,universities/新疆维吾尔自治区/4165014946/VISUAL.md,,,,,,,,,,,,,,unresearched,,,,0,,0,0,0,0,0,0
4165014947,新疆理工职业大学,新疆维吾尔自治区,,universities/新疆维吾尔自治区/4165014947/profile.yaml,universities/新疆维吾尔自治区/4165014947/VISUAL.md,,,,,,,,,,,,,,unresearched,,,,0,,0,0,0,0,0,0
4165014987,新疆昆仑科技学院,新疆维吾尔自治区,https://www.xjklkju.edu.cn/,universities/新疆维吾尔自治区/4165014987/profile.yaml,universities/新疆维吾尔自治区/4165014987/VISUAL.md,https://www.xjklkju.edu.cn/image/logo.png,site_identity,png,True,content_inspected,https://www.xjklkju.edu.cn/,2edc89c5a42e35827a7dac72,,,,,,,unresearched,,,,0,,0,0,0,0,0,0
4132010284,南京大学,江苏省,https://www.nju.edu.cn/,universities/江苏省/4132010284/profile.yaml,universities/江苏省/4132010284/VISUAL.md,https://www.nju.edu.cn/images/logo.png,site_identity,png,True,content_inspected,https://www.nju.edu.cn/,48576a5cc3194f2ee66dad71,,,,,,official_vi,official_print_only,紫色标准色,https://120.nju.edu.cn/DFS/file/2022/03/17/20220317171613872bmrwev.pdf,校方域名南办发[2010]28号PDF第1页；AI查看标准色与五种辅助色的完整条文，均为印刷CMYK；未公布RGB/HEX，不换算为官方屏幕色。；屏幕主色未公布，其他取色建议另见VISUAL.md。,6,,0,0,3,0,0,0
4132010285,苏州大学,江苏省,http://www.suda.edu.cn/,universities/江苏省/4132010285/profile.yaml,universities/江苏省/4132010285/VISUAL.md,https://raw.githubusercontent.com/Magicdover/China-Universities-2026/419bdc7ce6956fc88c2b70b3979f170b6666f111/assets/logos-new/%E8%8B%8F%E5%B7%9E%E5%A4%A7%E5%AD%A6%20SUDA.svg,badge,svg,False,content_inspected,https://github.com/Magicdover/China-Universities-2026/blob/419bdc7ce6956fc88c2b70b3979f170b6666f111/assets/logos-new/%E8%8B%8F%E5%B7%9E%E5%A4%A7%E5%AD%A6%20SUDA.svg,57167bfeea1992b7,,,,,,,unresearched,,,,0,,0,0,2,0,0,0
4132010286,东南大学,江苏省,https://www.seu.edu.cn/,universities/江苏省/4132010286/profile.yaml,universities/江苏省/4132010286/VISUAL.md,https://www.seu.edu.cn/_upload/tpl/0b/59/2905/template2905/images/listLogo.png,site_identity,png,True,content_inspected,https://www.seu.edu.cn/2017/0531/c17410a190411/page.htm,9361dfb2f70d1812d0b970c9,,,,,#4D7C2C,official_vi,found,校标绿色,https://www.seu.edu.cn/_upload/article/files/a9/1e/7846a39b48bba1097b7ede1af967/fb5d8ecf-3721-45af-97e6-2f365f465aa4.pdf,官网校标标准PDF的并列RGB标准色R77 G124 B44，换算HEX；同页还列深色R35 G24 B21（#231815）,0,,0,3,3,0,0,0
4132010287,南京航空航天大学,江苏省,https://www.nuaa.edu.cn,universities/江苏省/4132010287/profile.yaml,universities/江苏省/4132010287/VISUAL.md,https://www.nuaa.edu.cn/_upload/tpl/05/f7/1527/template1527/images/logo.png,site_identity,png,True,content_inspected,https://www.nuaa.edu.cn,d844b6cb9e891a462e31b60b,,,,,#1D2088,manual_derived,found,官网标识取样的PPT建议主色,https://www.nuaa.edu.cn/_upload/tpl/05/f7/1527/template1527/images/logo_b.png,官网页眉标识图片：滤去透明、近白和低饱和背景后，对高频RGB色簇取通道中位数；不是VI标准色色卡,0,,0,0,2,0,0,0
4132010288,南京理工大学,江苏省,https://rczp.njust.edu.cn/rsfw/sys/zpglxt/extranet/index.do,universities/江苏省/4132010288/profile.yaml,universities/江苏省/4132010288/VISUAL.md,https://rczp.njust.edu.cn/rsfw/sys/zpglxt/extranet/images/logo.png,site_identity,png,True,content_inspected,https://rczp.njust.edu.cn/rsfw/sys/zpglxt/extranet/index.do,7afdf5d0eeefda19f281eb1a,,,,,#990099,official_vi,found,学校标准紫,https://zs.njust.edu.cn/_upload/article/files/3b/d8/07e54d3a46048e73bc3f7ffbe7f7/86336d12-b0c5-4301-9bed-e7bff1c77d1d.pdf,官网 VI 手册 A2_1 学校标准色 RGB R153 G0 B153 与 HEX #990099 一致,0,,0,0,3,0,0,0
4132010289,江苏科技大学,江苏省,https://www.just.edu.cn/,universities/江苏省/4132010289/profile.yaml,universities/江苏省/4132010289/VISUAL.md,https://www.just.edu.cn/_upload/tpl/02/23/547/template547/images/nylogo.png,site_identity,png,True,content_inspected,https://www.just.edu.cn/UIS/10392/list.htm,2b93d34a4edc8daaac382e9a,,,,,,,unresearched,,,,0,,0,0,1,0,0,0
4132010290,中国矿业大学,江苏省,https://www.cumt.edu.cn/,universities/江苏省/4132010290/profile.yaml,universities/江苏省/4132010290/VISUAL.md,https://www.cumt.edu.cn/images/logo.png,site_identity,png,True,content_inspected,https://www.cumt.edu.cn/,327ff279426be20deb6f83c3,,,,,,,unresearched,,,,0,,0,0,3,0,0,0
4132010291,南京工业大学,江苏省,https://www.njtech.edu.cn,universities/江苏省/4132010291/profile.yaml,universities/江苏省/4132010291/VISUAL.md,https://www.njtech.edu.cn/dfiles/14435/public/home/image/f9e37ed3934a07b32103be32dbd94348_logo.jpg,site_identity,png,True,content_inspected,https://www.njtech.edu.cn,d0bdedaf21cc24246bb2477d,,,,,#0093DD,official_vi,found,标识蓝,https://xxgk.njtech.edu.cn/info/1004/1290.htm,学校章程规定标识标准色 RGB R0 G147 B221，换算为 HEX,0,,0,0,1,0,0,0
4132010292,常州大学,江苏省,https://www.cczu.edu.cn/,universities/江苏省/4132010292/profile.yaml,universities/江苏省/4132010292/VISUAL.md,https://www.cczu.edu.cn/_upload/tpl/05/2e/1326/template1326/images/logo.svg,site_identity,svg,True,content_inspected,https://www.cczu.edu.cn/,e50b1d11c556a68c15d31cf3,,,,,,,conflict,常大红,,,0,,0,0,1,0,0,0
4132010293,南京邮电大学,江苏省,http://www.njupt.edu.cn/en/,universities/江苏省/4132010293/profile.yaml,universities/江苏省/4132010293/VISUAL.md,http://www.njupt.edu.cn/_upload/tpl/09/83/2435/template2435/images/logo1.png,site_identity,png,True,content_inspected,http://www.njupt.edu.cn/en/,8900b0796f40ffcc01562003,,,,,,,unresearched,,,,0,,0,0,2,0,0,0
4132010294,河海大学,江苏省,https://www.hhu.edu.cn/,universities/江苏省/4132010294/profile.yaml,universities/江苏省/4132010294/VISUAL.md,https://www.hhu.edu.cn/_upload/tpl/05/df/1503/template1503/images/logo.svg,site_identity,svg,True,content_inspected,https://www.hhu.edu.cn/,385a9a9c1174cedec126d467,,,,,,,unresearched,,,,0,,0,0,3,0,0,0
4132010295,江南大学,江苏省,https://www.jiangnan.edu.cn/,universities/江苏省/4132010295/profile.yaml,universities/江苏省/4132010295/VISUAL.md,https://raw.githubusercontent.com/Magicdover/China-Universities-2026/419bdc7ce6956fc88c2b70b3979f170b6666f111/assets/logos-new/%E6%B1%9F%E5%8D%97%E5%A4%A7%E5%AD%A6%20JNU.svg,badge,svg,False,content_inspected,https://github.com/Magicdover/China-Universities-2026/blob/419bdc7ce6956fc88c2b70b3979f170b6666f111/assets/logos-new/%E6%B1%9F%E5%8D%97%E5%A4%A7%E5%AD%A6%20JNU.svg,06ff0eeb67ec2dc8,,,,,,,unresearched,,,,0,,0,0,3,0,0,0
4132010298,南京林业大学,江苏省,https://www.njfu.edu.cn/,universities/江苏省/4132010298/profile.yaml,universities/江苏省/4132010298/VISUAL.md,https://www.njfu.edu.cn/DFS//template/2829//images/t_logo.png,site_identity,png,True,content_inspected,https://www.njfu.edu.cn/,6fe6fab4f590ed57aa0f390b,,,,,#006E4F,manual_derived,found,官网标识取样的PPT建议主色,https://www.njfu.edu.cn/DFS//template/2829//images/t_logo.png,官网页眉标识图片：滤去透明、近白和低饱和背景后，对高频RGB色簇取通道中位数；不是VI标准色色卡,0,,0,0,2,0,0,0
4132010299,江苏大学,江苏省,https://www.ujs.edu.cn,universities/江苏省/4132010299/profile.yaml,universities/江苏省/4132010299/VISUAL.md,https://www.ujs.edu.cn/images/logo.png,site_identity,png,True,content_inspected,https://www.ujs.edu.cn,35b1c8c46cf967ecfdad2314,,,,,,,unresearched,,,,0,,0,0,1,0,0,0
4132010300,南京信息工程大学,江苏省,http://www.nuist.edu.cn,universities/江苏省/4132010300/profile.yaml,universities/江苏省/4132010300/VISUAL.md,https://www.nuist.edu.cn/images/logo.png,site_identity,png,True,content_inspected,https://www.nuist.edu.cn/,0b9d5c0e18ca1e418a3ad6e4,,,,,,,unresearched,,,,0,,0,0,2,0,0,0
4132010304,南通大学,江苏省,https://www.ntu.edu.cn/,universities/江苏省/4132010304/profile.yaml,universities/江苏省/4132010304/VISUAL.md,https://www.ntu.edu.cn/_upload/tpl/03/fa/1018/template1018/images/logo.svg,site_identity,svg,True,content_inspected,https://www.ntu.edu.cn/,86c6a281b9f747666a413c05,,,,,,,unresearched,,,,0,,0,0,1,0,0,0
4132010305,盐城工学院,江苏省,https://www.ycit.edu.cn/,universities/江苏省/4132010305/profile.yaml,universities/江苏省/4132010305/VISUAL.md,https://raw.githubusercontent.com/xioajiumi/Chinese_Universities/e088fddc329a6f0148ca72fd3b4d0fe069f13e3a/logo.zip,badge,png,False,content_inspected,https://github.com/xioajiumi/Chinese_Universities/blob/e088fddc329a6f0148ca72fd3b4d0fe069f13e3a/logo.zip,c36a0ea86b2b2cf4,archive_member,https://raw.githubusercontent.com/xioajiumi/Chinese_Universities/e088fddc329a6f0148ca72fd3b4d0fe069f13e3a/logo.zip,img2/盐城工学院.png,53c17d411407a72ee7e3094cbc8e5238fbf8d376e5415e78ff2c5ad2c55bb549,,,unresearched,,,,0,,0,0,0,0,0,0
4132010307,南京农业大学,江苏省,https://www.njau.edu.cn/,universities/江苏省/4132010307/profile.yaml,universities/江苏省/4132010307/VISUAL.md,https://www.njau.edu.cn/_upload/tpl/00/3c/60/template60/images/logo.svg,site_identity,svg,True,content_inspected,https://www.njau.edu.cn/,01142f121ecb1110179a0f01,,,,,,,unresearched,,,,0,,0,0,3,0,0,0
4132010312,南京医科大学,江苏省,https://www.njmu.edu.cn/,universities/江苏省/4132010312/profile.yaml,universities/江苏省/4132010312/VISUAL.md,https://www.njmu.edu.cn/_upload/site/00/09/9/logo.png,site_identity,png,True,content_inspected,https://www.njmu.edu.cn/,97db802c385bf15781afe9a5,,,,,#900001,manual_derived,found,官网标识取样的PPT建议主色,https://www.njmu.edu.cn/_upload/site/00/09/9/logo.png,官网页眉标识图片：滤去透明、近白和低饱和背景后，对高频RGB色簇取通道中位数；不是VI标准色色卡,0,,0,0,1,0,0,0
4132010313,徐州医科大学,江苏省,https://www.xzhmu.edu.cn/,universities/江苏省/4132010313/profile.yaml,universities/江苏省/4132010313/VISUAL.md,https://raw.githubusercontent.com/xioajiumi/Chinese_Universities/e088fddc329a6f0148ca72fd3b4d0fe069f13e3a/logo.zip,badge,png,False,content_inspected,https://github.com/xioajiumi/Chinese_Universities/blob/e088fddc329a6f0148ca72fd3b4d0fe069f13e3a/logo.zip,209e461c9e7196b4,archive_member,https://raw.githubusercontent.com/xioajiumi/Chinese_Universities/e088fddc329a6f0148ca72fd3b4d0fe069f13e3a/logo.zip,img2/徐州医科大学.png,53c17d411407a72ee7e3094cbc8e5238fbf8d376e5415e78ff2c5ad2c55bb549,,,unresearched,,,,0,,0,0,0,0,0,0
4132010315,南京中医药大学,江苏省,https://www.njucm.edu.cn/,universities/江苏省/4132010315/profile.yaml,universities/江苏省/4132010315/VISUAL.md,https://www.njucm.edu.cn/_upload/tpl/02/11/529/template529/images/logo.svg,site_identity,svg,True,content_inspected,https://www.njucm.edu.cn/,ed54b80d8eb2c055c2bd9078,,,,,,,unresearched,,,,0,,0,0,2,0,0,0
4132010316,中国药科大学,江苏省,http://www.cpu.edu.cn/,universities/江苏省/4132010316/profile.yaml,universities/江苏省/4132010316/VISUAL.md,http://www.cpu.edu.cn/_upload/tpl/03/26/806/template806/images/logo.png,site_identity,png,True,content_inspected,http://www.cpu.edu.cn/,a41282fc166787c5a81ba7f9,,,,,,,unresearched,,,,0,,0,0,2,0,0,0
4132010319,南京师范大学,江苏省,https://www.nnu.edu.cn/,universities/江苏省/4132010319/profile.yaml,universities/江苏省/4132010319/VISUAL.md,https://www.nnu.edu.cn/images/d-logo1.png,site_identity,png,True,content_inspected,https://www.nnu.edu.cn/,bcdf2a8c963359d499b64a9c,,,,,,,unresearched,,,,0,,0,0,2,0,0,0
4132010320,江苏师范大学,江苏省,http://www.jsnu.edu.cn/,universities/江苏省/4132010320/profile.yaml,universities/江苏省/4132010320/VISUAL.md,http://www.jsnu.edu.cn/_upload/tpl/02/42/578/template578/images/jsnulogo.png,site_identity,png,True,content_inspected,http://www.jsnu.edu.cn/,c9d83b728c30898341a4977d,,,,,#8E2C31,manual_derived,found,官网标识取样的PPT建议主色,http://www.jsnu.edu.cn/_upload/tpl/02/42/578/template578/images/jsnulogo.png,官网页眉标识图片：滤去透明、近白和低饱和背景后，对高频RGB色簇取通道中位数；不是VI标准色色卡,0,,0,0,1,0,0,0
4132010323,淮阴师范学院,江苏省,https://www.hytc.edu.cn,universities/江苏省/4132010323/profile.yaml,universities/江苏省/4132010323/VISUAL.md,https://www.hytc.edu.cn/images/LOGO.png,site_identity,png,True,content_inspected,https://www.hytc.edu.cn,637079bc6bbdb550ad3a5ef8,,,,,,,unresearched,,,,0,,0,0,0,0,0,0
4132010324,盐城师范学院,江苏省,https://www.yctu.edu.cn/,universities/江苏省/4132010324/profile.yaml,universities/江苏省/4132010324/VISUAL.md,https://www.yctu.edu.cn/_upload/tpl/07/e5/2021/template2021/myimages/logo.png,site_identity,png,True,content_inspected,https://www.yctu.edu.cn/,8f20dbd2a91992976d237ddb,,,,,,,unresearched,,,,0,,0,0,0,0,0,0
4132010327,南京财经大学,江苏省,https://www.nufe.edu.cn/,universities/江苏省/4132010327/profile.yaml,universities/江苏省/4132010327/VISUAL.md,https://www.nufe.edu.cn/images/logo.png,site_identity,png,True,content_inspected,https://www.nufe.edu.cn/,157fce978c906b33da04e7f9,,,,,#D97D18,manual_derived,found,官网标识取样的PPT建议主色,https://www.nufe.edu.cn/images/logo.png,官网页眉标识图片：滤去透明、近白和低饱和背景后，对高频RGB色簇取通道中位数；不是VI标准色色卡,0,,0,0,1,0,0,0
4132010329,江苏警官学院,江苏省,https://www.jspi.cn/,universities/江苏省/4132010329/profile.yaml,universities/江苏省/4132010329/VISUAL.md,https://www.jspi.cn/images/logo.png,site_identity,png,True,content_inspected,https://www.jspi.cn/,ef10a1b3d5989933c5997855,,,,,#8FAECD,manual_derived,found,官网标识取样的PPT建议主色,https://www.jspi.cn/images/logo.png,官网页眉标识图片：滤去透明、近白和低饱和背景后，对高频RGB色簇取通道中位数；不是VI标准色色卡,0,,0,0,0,0,0,0
4132010330,南京体育学院,江苏省,https://www.nsi.edu.cn/,universities/江苏省/4132010330/profile.yaml,universities/江苏省/4132010330/VISUAL.md,https://www.nsi.edu.cn/_upload/tpl/01/87/391/template391/images/logo.svg,site_identity,svg,True,content_inspected,https://www.nsi.edu.cn/,f11d8e4000d6a815c37cb459,,,,,,,unresearched,,,,0,https://www.nsi.edu.cn/xcb/ppsjsbxt/list.htm,7,0,0,6,0,0
4132010331,南京艺术学院,江苏省,https://www.nua.edu.cn/,universities/江苏省/4132010331/profile.yaml,universities/江苏省/4132010331/VISUAL.md,https://www.nua.edu.cn/_upload/tpl/01/5d/349/template349/images/logo.png,site_identity,png,True,content_inspected,https://www.nua.edu.cn/,38c0696ef1925595065b8ee1,,,,,#A80014,manual_derived,found,官网标识取样的PPT建议主色,https://www.nua.edu.cn/_upload/tpl/01/5d/349/template349/images/logo.png,官网页眉标识图片：滤去透明、近白和低饱和背景后，对高频RGB色簇取通道中位数；不是VI标准色色卡,0,,0,0,1,0,0,0
4132010332,苏州科技大学,江苏省,https://www.usts.edu.cn,universities/江苏省/4132010332/profile.yaml,universities/江苏省/4132010332/VISUAL.md,https://www.usts.edu.cn/images/xiaohui.png,badge,png,True,content_inspected,https://www.usts.edu.cn,f4a5724dac001193c213ac96,,,,,#0061AE,manual_derived,found,官网标识取样的PPT建议主色,https://www.usts.edu.cn/images/Usts-logo.png,官网页眉标识图片：滤去透明、近白和低饱和背景后，对高频RGB色簇取通道中位数；不是VI标准色色卡,0,,0,0,0,0,0,0
4132010333,苏州工学院,江苏省,https://www.szut.edu.cn/,universities/江苏省/4132010333/profile.yaml,universities/江苏省/4132010333/VISUAL.md,https://www.szut.edu.cn/images/logo.png,site_identity,png,True,content_inspected,https://www.szut.edu.cn/,7d97bb583ced5307cc0333d7,,,,,,,unresearched,,,,0,,0,0,0,0,0,0
4132010848,无锡职业技术大学,江苏省,https://www.wxit.edu.cn/,universities/江苏省/4132010848/profile.yaml,universities/江苏省/4132010848/VISUAL.md,https://www.wxit.edu.cn/images/LOGO.png,site_identity,png,True,content_inspected,https://www.wxit.edu.cn/,f2689f298a95cef9eff50fe7,,,,,,,unresearched,,,,0,,0,0,0,0,0,0
4132010849,江苏建筑职业技术大学,江苏省,http://www.jsjzi.edu.cn,universities/江苏省/4132010849/profile.yaml,universities/江苏省/4132010849/VISUAL.md,http://www.jsjzi.edu.cn/_upload/tpl/09/6f/2415/template2415/images/jzxyh_r1_c2.png,site_identity,png,True,content_inspected,http://www.jsjzi.edu.cn,f79dd2529c86300f82307ae8,,,,,,,unresearched,,,,0,,0,0,0,0,0,0
4132010850,南京工业职业技术大学,江苏省,https://www.niit.edu.cn/,universities/江苏省/4132010850/profile.yaml,universities/江苏省/4132010850/VISUAL.md,https://www.niit.edu.cn/_upload/tpl/02/81/641/template641/images/logo2.png,site_identity,png,True,content_inspected,https://www.niit.edu.cn/,b07f895a7100f5e043c9dceb,,,,,,,unresearched,,,,0,,0,0,0,0,0,0
4132011049,淮安大学,江苏省,https://www.hau.edu.cn/,universities/江苏省/4132011049/profile.yaml,universities/江苏省/4132011049/VISUAL.md,https://www.hau.edu.cn/images/logo.png,site_identity,png,True,content_inspected,https://www.hau.edu.cn/,65847c84e64b0ea31ba612dc,,,,,#7AAED9,manual_derived,found,官网标识取样的PPT建议主色,https://www.hau.edu.cn/images/logo.png,官网页眉标识图片：滤去透明、近白和低饱和背景后，对高频RGB色簇取通道中位数；不是VI标准色色卡,0,,0,0,0,0,0,0
4132011054,苏州职业技术大学,江苏省,https://www.jssvc.edu.cn/,universities/江苏省/4132011054/profile.yaml,universities/江苏省/4132011054/VISUAL.md,,,,,,,,,,,,,,unresearched,,,,0,,0,0,0,0,0,0
4132011055,常州工学院,江苏省,https://www.czu.cn/,universities/江苏省/4132011055/profile.yaml,universities/江苏省/4132011055/VISUAL.md,https://www.czu.cn/_upload/tpl/04/b9/1209/template1209/images/logo.png,site_identity,png,True,content_inspected,https://www.czu.cn/,ea8e2410a3fe91cca6536ebd,,,,,#983014,manual_derived,found,官网标识取样的PPT建议主色,https://www.czu.cn/_upload/tpl/04/b9/1209/template1209/images/midlogo.png,官网页眉标识图片：滤去透明、近白和低饱和背景后，对高频RGB色簇取通道中位数；不是VI标准色色卡,0,,0,0,0,0,0,0
4132011117,扬州大学,江苏省,,universities/江苏省/4132011117/profile.yaml,universities/江苏省/4132011117/VISUAL.md,https://raw.githubusercontent.com/Magicdover/China-Universities-2026/419bdc7ce6956fc88c2b70b3979f170b6666f111/assets/logos-new/%E6%89%AC%E5%B7%9E%E5%A4%A7%E5%AD%A6%20YZU.svg,badge,svg,False,content_inspected,https://github.com/Magicdover/China-Universities-2026/blob/419bdc7ce6956fc88c2b70b3979f170b6666f111/assets/logos-new/%E6%89%AC%E5%B7%9E%E5%A4%A7%E5%AD%A6%20YZU.svg,d9aa41cd26941a21,,,,,,,unresearched,,,,0,,0,0,2,0,0,0
4132011122,三江学院,江苏省,https://www.sju.edu.cn/,universities/江苏省/4132011122/profile.yaml,universities/江苏省/4132011122/VISUAL.md,https://www.sju.edu.cn/_upload/site/00/03/3/logo.png,site_identity,png,True,content_inspected,https://www.sju.edu.cn/,ff9e70853521a6cced1e1b96,,,,,,,unresearched,,,,0,,0,0,0,0,0,0
4132011276,南京工程学院,江苏省,https://www.njit.edu.cn/,universities/江苏省/4132011276/profile.yaml,universities/江苏省/4132011276/VISUAL.md,https://www.njit.edu.cn/images/logo.png,site_identity,png,True,content_inspected,https://www.njit.edu.cn/,f4f282f4610e7f9e7ac92475,,,,,,,unresearched,,,,0,,0,0,0,0,0,0
4132011287,南京审计大学,江苏省,https://www.nau.edu.cn,universities/江苏省/4132011287/profile.yaml,universities/江苏省/4132011287/VISUAL.md,https://www.nau.edu.cn/_upload/tpl/05/66/1382/template1382/images/logo.svg,site_identity,svg,True,content_inspected,https://www.nau.edu.cn,96dee57e00fd5327cc8ab100,,,,,,,unresearched,,,,0,,0,0,0,0,0,0
4132011460,南京晓庄学院,江苏省,https://www.njxzc.edu.cn/,universities/江苏省/4132011460/profile.yaml,universities/江苏省/4132011460/VISUAL.md,https://www.njxzc.edu.cn/_upload/tpl/06/a5/1701/template1701/images/logo.png,site_identity,png,True,content_inspected,https://www.njxzc.edu.cn/,7b564689398b96958dd83146,,,,,,,unresearched,,,,0,,0,0,0,0,0,0
4132011462,扬州职业技术大学,江苏省,https://www.yzpc.edu.cn/,universities/江苏省/4132011462/profile.yaml,universities/江苏省/4132011462/VISUAL.md,https://www.yzpc.edu.cn/_upload/tpl/01/1f/287/template287/images/logo.png,site_identity,png,True,content_inspected,https://www.yzpc.edu.cn/,3913a31606160c5ce49d92e2,,,,,,,unresearched,,,,0,,0,0,0,0,0,0
4132011463,江苏理工学院,江苏省,http://www.jstu.edu.cn,universities/江苏省/4132011463/profile.yaml,universities/江苏省/4132011463/VISUAL.md,http://www.jstu.edu.cn/_upload/tpl/01/52/338/template338/images/logo.svg,site_identity,svg,True,content_inspected,http://www.jstu.edu.cn,25c9170b4acde7060ff80d32,,,,,#9A0004,manual_derived,found,官网标识取样的PPT建议主色,http://www.jstu.edu.cn/_upload/tpl/01/52/338/template338/images/logof2.png,官网页眉标识图片：滤去透明、近白和低饱和背景后，对高频RGB色簇取通道中位数；不是VI标准色色卡,0,,0,0,0,0,0,0
4132011585,连云港师范学院,江苏省,https://www.lygsf.edu.cn/,universities/江苏省/4132011585/profile.yaml,universities/江苏省/4132011585/VISUAL.md,,,,,,,,,,,,,,unresearched,,,,0,,0,0,0,0,0,0
4132011641,江苏海洋大学,江苏省,https://www.jou.edu.cn/,universities/江苏省/4132011641/profile.yaml,universities/江苏省/4132011641/VISUAL.md,https://www.jou.edu.cn/images/logo_03.jpg,site_identity,jpeg,True,content_inspected,https://www.jou.edu.cn/,f155963692b40d99c8f8cb27,,,,,#0D59A7,manual_derived,found,官网标识取样的PPT建议主色,https://www.jou.edu.cn/images/logo_03.jpg,官网页眉标识图片：滤去透明、近白和低饱和背景后，对高频RGB色簇取通道中位数；不是VI标准色色卡,0,,0,0,0,0,0,0
4132011998,徐州工程学院,江苏省,https://www.xzit.edu.cn/,universities/江苏省/4132011998/profile.yaml,universities/江苏省/4132011998/VISUAL.md,https://www.xzit.edu.cn/_upload/tpl/03/ac/940/template940/images/logo.svg,site_identity,svg,True,content_inspected,https://www.xzit.edu.cn/,e69470ada410087b1caee407,,,,,,,unresearched,,,,0,,0,0,0,0,0,0
4132012048,南京特殊教育师范学院,江苏省,https://www.njts.edu.cn/,universities/江苏省/4132012048/profile.yaml,universities/江苏省/4132012048/VISUAL.md,https://www.njts.edu.cn/_upload/tpl/01/a0/416/template416/images/logo.png,site_identity,png,True,content_inspected,https://www.njts.edu.cn/,b5c837dc39bb76a89cbc0848,,,,,,,unresearched,,,,0,,0,0,0,0,0,0
4132012056,南通理工学院,江苏省,,universities/江苏省/4132012056/profile.yaml,universities/江苏省/4132012056/VISUAL.md,,,,,,,,,,,,,,unresearched,,,,0,,0,0,0,0,0,0
4132012213,南京警察学院,江苏省,https://www.njpu.edu.cn/,universities/江苏省/4132012213/profile.yaml,universities/江苏省/4132012213/VISUAL.md,https://www.njpu.edu.cn/_upload/tpl/00/7b/123/template123/images/logo.png,site_identity,,True,inspection_failed,https://www.njpu.edu.cn/,12b7dfc83e8e680c8b279b1a,,,,,,,unresearched,,,,0,,0,0,0,0,0,0
4132012317,常州信息职业技术大学,江苏省,,universities/江苏省/4132012317/profile.yaml,universities/江苏省/4132012317/VISUAL.md,,,,,,,,,,,,,,unresearched,,,,0,,0,0,0,0,0,0
4132012689,东南大学成贤学院,江苏省,http://cxxy.seu.edu.cn/,universities/江苏省/4132012689/profile.yaml,universities/江苏省/4132012689/VISUAL.md,http://cxxy.seu.edu.cn/_upload/tpl/00/08/8/template8/images/logo.png,site_identity,png,True,content_inspected,http://cxxy.seu.edu.cn/,b1c6505b355ec0add8b3e819,,,,,,,unresearched,,,,0,,0,0,0,0,0,0
4132012917,泰州学院,江苏省,https://www.tzu.edu.cn/,universities/江苏省/4132012917/profile.yaml,universities/江苏省/4132012917/VISUAL.md,https://www.tzu.edu.cn/_upload/tpl/01/85/389/template389/images/headTxt.png,site_identity,png,True,content_inspected,https://www.tzu.edu.cn/,f2d606545cc59f114c61685d,,,,,,,unresearched,,,,0,,0,0,0,0,0,0
4132013571,无锡太湖学院,江苏省,https://www.wxu.edu.cn/,universities/江苏省/4132013571/profile.yaml,universities/江苏省/4132013571/VISUAL.md,http://www.wxu.edu.cn/images/logo-1.png,site_identity,png,True,content_inspected,http://www.wxu.edu.cn/,21c1845031e440cd4a05114d,,,,,,,unresearched,,,,0,,0,0,0,0,0,0
4132013573,金陵科技学院,江苏省,https://www.jit.edu.cn/,universities/江苏省/4132013573/profile.yaml,universities/江苏省/4132013573/VISUAL.md,https://www.jit.edu.cn/2024x/dfiles/32928/2024/jlkjxy/images/logo.png,site_identity,png,True,content_inspected,https://www.jit.edu.cn/,98b5d3effc624bcb0c52e98a,,,,,#1366A8,manual_derived,found,官网标识取样的PPT建议主色,https://www.jit.edu.cn/2024x/dfiles/32928/2024/jlkjxy/images/logo.png,官网页眉标识图片：滤去透明、近白和低饱和背景后，对高频RGB色簇取通道中位数；不是VI标准色色卡,0,,0,0,0,0,0,0
4132013579,中国矿业大学徐海学院,江苏省,https://xhxy.cumt.edu.cn/,universities/江苏省/4132013579/profile.yaml,universities/江苏省/4132013579/VISUAL.md,https://xhxy.cumt.edu.cn/_upload/tpl/07/a9/1961/template1961/img/logo.png,site_identity,png,True,content_inspected,https://xhxy.cumt.edu.cn/,189f21ad10fb3befd19ecf7a,,,,,,,unresearched,,,,0,,0,0,0,0,0,0
4132013646,南京大学金陵学院,江苏省,,universities/江苏省/4132013646/profile.yaml,universities/江苏省/4132013646/VISUAL.md,,,,,,,,,,,,,,unresearched,,,,0,,0,0,0,0,0,0
4132013654,南京理工大学紫金学院,江苏省,https://zj.njust.edu.cn/,universities/江苏省/4132013654/profile.yaml,universities/江苏省/4132013654/VISUAL.md,,,,,,,,,,,,,,unresearched,,,,0,,0,0,0,0,0,0
4132013655,南京航空航天大学金城学院,江苏省,https://nhjcxy.edu.cn/,universities/江苏省/4132013655/profile.yaml,universities/江苏省/4132013655/VISUAL.md,https://nhjcxy.edu.cn/lib/template2/scheme/images/nhjc-logo-header.png,site_identity,png,True,content_inspected,https://nhjcxy.edu.cn/,53172d151f940f61ae4c7c11,,,,,,,unresearched,,,,0,,0,0,0,0,0,0
4132013687,南京传媒学院,江苏省,https://www.cucn.edu.cn,universities/江苏省/4132013687/profile.yaml,universities/江苏省/4132013687/VISUAL.md,,,,,,,,,,,,,,unresearched,,,,0,,0,0,0,0,0,0
4132013842,南京理工大学泰州科技学院,江苏省,https://www.nustti.edu.cn/,universities/江苏省/4132013842/profile.yaml,universities/江苏省/4132013842/VISUAL.md,https://www.nustti.edu.cn/_upload/tpl/00/03/3/template3/htmlRes/logo.png,site_identity,png,True,content_inspected,https://www.nustti.edu.cn/,3aea9bcbed62b283bc0158a1,,,,,,,unresearched,,,,0,,0,0,0,0,0,0
4132013843,南京师范大学泰州学院,江苏省,,universities/江苏省/4132013843/profile.yaml,universities/江苏省/4132013843/VISUAL.md,,,,,,,,,,,,,,unresearched,,,,0,,0,0,0,0,0,0
4132013905,南京工业大学浦江学院,江苏省,https://www.njpji.edu.cn/,universities/江苏省/4132013905/profile.yaml,universities/江苏省/4132013905/VISUAL.md,,,,,,,,,,,,,,unresearched,,,,0,,0,0,0,0,0,0
4132013906,南京师范大学中北学院,江苏省,,universities/江苏省/4132013906/profile.yaml,universities/江苏省/4132013906/VISUAL.md,,,,,,,,,,,,,,unresearched,,,,0,,0,0,0,0,0,0
4132013980,南京医科大学康达学院,江苏省,https://kdc.njmu.edu.cn/mainm.htm,universities/江苏省/4132013980/profile.yaml,universities/江苏省/4132013980/VISUAL.md,https://kdc.njmu.edu.cn/_upload/tpl/03/82/898/template898/wap_resources/images/logo-xm.png,site_identity,png,True,content_inspected,https://kdc.njmu.edu.cn/mainm.htm,ba5db5b21537f927fabf24a3,,,,,,,unresearched,,,,0,,0,0,0,0,0,0
4132013981,南京中医药大学翰林学院,江苏省,,universities/江苏省/4132013981/profile.yaml,universities/江苏省/4132013981/VISUAL.md,,,,,,,,,,,,,,unresearched,,,,0,,0,0,0,0,0,0
4132013982,无锡学院,江苏省,https://www.cwxu.edu.cn/,universities/江苏省/4132013982/profile.yaml,universities/江苏省/4132013982/VISUAL.md,https://www.cwxu.edu.cn/images/logo-new-2.png,site_identity,png,True,content_inspected,https://www.cwxu.edu.cn/,b2ac22633b40d20af534eff5,,,,,,,unresearched,,,,0,,0,0,0,0,0,0
4132013983,苏州城市学院,江苏省,https://www.szcu.edu.cn/,universities/江苏省/4132013983/profile.yaml,universities/江苏省/4132013983/VISUAL.md,https://www.szcu.edu.cn/_upload/tpl/00/b4/180/template180/images/logo.png,site_identity,png,True,content_inspected,https://www.szcu.edu.cn/,f4bf6c319e03731bf516f61f,,,,,,,unresearched,,,,0,,0,0,0,0,0,0
4132013984,苏州大学应用技术学院,江苏省,https://tec.suda.edu.cn/,universities/江苏省/4132013984/profile.yaml,universities/江苏省/4132013984/VISUAL.md,https://tec.suda.edu.cn/img/logo.png,site_identity,png,True,content_inspected,https://tec.suda.edu.cn/,0c32dbf7f0f2fb074b1bd325,,,,,,,unresearched,,,,0,,0,0,0,0,0,0
4132013985,苏州科技大学天平学院,江苏省,https://tpxy.usts.edu.cn,universities/江苏省/4132013985/profile.yaml,universities/江苏省/4132013985/VISUAL.md,https://tpxy.usts.edu.cn/images/logo_tpxy.png,site_identity,png,True,content_inspected,https://tpxy.usts.edu.cn,42fe0acfb4daa76b418188b7,,,,,,,unresearched,,,,0,,0,0,0,0,0,0
4132013986,江苏大学京江学院,江苏省,https://jjxy.ujs.edu.cn/,universities/江苏省/4132013986/profile.yaml,universities/江苏省/4132013986/VISUAL.md,https://jjxy.ujs.edu.cn/pic/logo-white.png,site_identity,png,True,content_inspected,https://jjxy.ujs.edu.cn/,6b4cfaca1d1331871a6ecce5,,,,,,official_vi,official_print_only,校徽标准色,https://jjxy.ujs.edu.cn/dy2024.jsp?urltype=tree.TreeTempUrl&wbtreeid=1458,学院官网校徽页面明确标准色C100% M100% Y0% K0%；没有RGB或HEX。；屏幕主色未公布，其他取色建议另见VISUAL.md。,1,,0,0,0,0,0,0
4132013987,扬州大学广陵学院,江苏省,,universities/江苏省/4132013987/profile.yaml,universities/江苏省/4132013987/VISUAL.md,,,,,,,,,,,,,,unresearched,,,,0,,0,0,0,0,0,0
4132013988,江苏师范大学科文学院,江苏省,,universities/江苏省/4132013988/profile.yaml,universities/江苏省/4132013988/VISUAL.md,,,,,,,,,,,,,,unresearched,,,,0,,0,0,0,0,0,0
4132013989,南京邮电大学通达学院,江苏省,https://www.nytdc.edu.cn,universities/江苏省/4132013989/profile.yaml,universities/江苏省/4132013989/VISUAL.md,https://www.nytdc.edu.cn/_upload/site/00/02/2/logo.png,site_identity,png,True,content_inspected,https://www.nytdc.edu.cn,c4226affc8bb10f3ac342bb8,,,,,,,unresearched,,,,0,,0,0,0,0,0,0
4132013990,南京财经大学红山学院,江苏省,https://hs.nufe.edu.cn,universities/江苏省/4132013990/profile.yaml,universities/江苏省/4132013990/VISUAL.md,https://hs.nufe.edu.cn/_upload/tpl/00/03/3/template3/images/logo.png,site_identity,png,True,content_inspected,https://hs.nufe.edu.cn,2cb92861c23cb4bf73c97123,,,,,,,unresearched,,,,0,,0,0,0,0,0,0
4132013991,江苏科技大学苏州理工学院,江苏省,https://www.justsit.edu.cn/,universities/江苏省/4132013991/profile.yaml,universities/江苏省/4132013991/VISUAL.md,,,,,,,,,,,,,,unresearched,,,,0,,0,0,0,0,0,0
4132013992,常州大学怀德学院,江苏省,https://hdc.cczu.edu.cn/,universities/江苏省/4132013992/profile.yaml,universities/江苏省/4132013992/VISUAL.md,https://hdc.cczu.edu.cn/_upload/tpl/05/9e/1438/template1438/img/logo_rev.png,site_identity,png,True,content_inspected,https://hdc.cczu.edu.cn/,7e1f477350287fed5a45ce0c,,,,,,,unresearched,,,,0,,0,0,0,0,0,0
4132013993,南通大学杏林学院,江苏省,,universities/江苏省/4132013993/profile.yaml,universities/江苏省/4132013993/VISUAL.md,,,,,,,,,,,,,,unresearched,,,,0,,0,0,0,0,0,0
4132013994,南京审计大学金审学院,江苏省,https://www.naujsc.edu.cn/,universities/江苏省/4132013994/profile.yaml,universities/江苏省/4132013994/VISUAL.md,https://www.naujsc.edu.cn/_upload/tpl/00/26/38/template38/images/logo.svg,site_identity,svg,True,content_inspected,https://www.naujsc.edu.cn/,f51483dcfe2cee3b6f9320a7,,,,,,,unresearched,,,,0,,0,0,0,0,0,0
4132014160,宿迁学院,江苏省,https://www.squ.edu.cn/,universities/江苏省/4132014160/profile.yaml,universities/江苏省/4132014160/VISUAL.md,https://www.squ.edu.cn/images/baise-xiaohuiyuhengshizhongyingwenbiaozhunzizuoyouzuhe.png,badge,png,True,content_inspected,https://www.squ.edu.cn/,40ab47c2ff7e9bf6cdc3274c,,,,,,,unresearched,,,,0,,0,0,0,0,0,0
4132014436,江苏第二师范学院,江苏省,https://www.jssnu.edu.cn/main.htm,universities/江苏省/4132014436/profile.yaml,universities/江苏省/4132014436/VISUAL.md,https://www.jssnu.edu.cn/_upload/tpl/01/ca/458/template458/images/logo11.svg,site_identity,svg,True,content_inspected,https://www.jssnu.edu.cn/main.htm,27fa59ab38c1e7076b74bd22,,,,,#7E191E,manual_derived,found,官网标识取样的PPT建议主色,https://www.jssnu.edu.cn/_upload/tpl/01/ca/458/template458/images/roundlogo.png,官网页眉标识图片：滤去透明、近白和低饱和背景后，对高频RGB色簇取通道中位数；不是VI标准色色卡,0,,0,0,0,0,0,0
4132016403,西交利物浦大学,江苏省,https://www.xjtlu.edu.cn/,universities/江苏省/4132016403/profile.yaml,universities/江苏省/4132016403/VISUAL.md,https://www.xjtlu.edu.cn/wp-content/uploads/2024/01/cn-header-logo.svg,site_identity,svg,True,content_inspected,https://www.xjtlu.edu.cn/,a37c7c77b9969a7ec3613af2,,,,,,,conflict,西浦蓝,,,0,,0,0,0,0,0,0
4132016406,昆山杜克大学,江苏省,,universities/江苏省/4132016406/profile.yaml,universities/江苏省/4132016406/VISUAL.md,,,,,,,,,,,,,,unresearched,,,,0,,0,0,0,0,0,0
4136010403,南昌大学,江西省,https://www.ncu.edu.cn/,universities/江西省/4136010403/profile.yaml,universities/江西省/4136010403/VISUAL.md,https://www.ncu.edu.cn/images/logo.png,site_identity,png,True,content_inspected,https://www.ncu.edu.cn/,4daaa771443d816cd8a9bd65,,,,,#12368F,manual_derived,found,官网标识取样的PPT建议主色,https://www.ncu.edu.cn/images/logoft.png,官网页眉标识图片：滤去透明、近白和低饱和背景后，对高频RGB色簇取通道中位数；不是VI标准色色卡,0,,0,0,3,0,0,0
4136010404,华东交通大学,江西省,https://www.ecjtu.edu.cn,universities/江西省/4136010404/profile.yaml,universities/江西省/4136010404/VISUAL.md,https://www.ecjtu.edu.cn/images/logo20210811.png,site_identity,png,True,content_inspected,https://www.ecjtu.edu.cn,210e7b16265e766447ce43c8,,,,,,,unresearched,,,,0,,0,0,1,0,0,0
4136010405,东华理工大学,江西省,https://www.ecut.edu.cn/main.htm,universities/江西省/4136010405/profile.yaml,universities/江西省/4136010405/VISUAL.md,https://www.ecut.edu.cn/_upload/tpl/07/27/1831/template1831/images/logo.png,site_identity,png,True,content_inspected,https://www.ecut.edu.cn/main.htm,8692c164b07c8ce3ddb87d68,,,,,,,unresearched,,,,0,,0,0,0,0,0,0
4136010406,南昌航空大学,江西省,https://www.nchu.edu.cn/,universities/江西省/4136010406/profile.yaml,universities/江西省/4136010406/VISUAL.md,https://www.nchu.edu.cn/upload/main/site/logo/image/9b410f0c6df84f74b47de863881cbe5a.png,site_identity,png,True,content_inspected,https://www.nchu.edu.cn/,f82163dea4fe93b179c5403e,,,,,,,unresearched,,,,0,,0,0,0,0,0,0
4136010407,江西理工大学,江西省,https://www.jxust.edu.cn/,universities/江西省/4136010407/profile.yaml,universities/江西省/4136010407/VISUAL.md,https://www.jxust.edu.cn/zzx/images/f_logo.png,site_identity,png,True,content_inspected,https://www.jxust.edu.cn/,c4519979528bbe2d76be5081,,,,,#F2E371,manual_derived,found,官网标识取样的PPT建议主色,https://www.jxust.edu.cn/zzx/images/logo.png,官网页眉标识图片：滤去透明、近白和低饱和背景后，对高频RGB色簇取通道中位数；不是VI标准色色卡,0,,0,0,0,0,0,0
4136010408,景德镇陶瓷大学,江西省,https://www.jci.edu.cn/,universities/江西省/4136010408/profile.yaml,universities/江西省/4136010408/VISUAL.md,https://raw.githubusercontent.com/xioajiumi/Chinese_Universities/e088fddc329a6f0148ca72fd3b4d0fe069f13e3a/logo.zip,badge,png,False,content_inspected,https://github.com/xioajiumi/Chinese_Universities/blob/e088fddc329a6f0148ca72fd3b4d0fe069f13e3a/logo.zip,d228cf07c3f6bce5,archive_member,https://raw.githubusercontent.com/xioajiumi/Chinese_Universities/e088fddc329a6f0148ca72fd3b4d0fe069f13e3a/logo.zip,img2/景德镇陶瓷大学.png,53c17d411407a72ee7e3094cbc8e5238fbf8d376e5415e78ff2c5ad2c55bb549,,,unresearched,,,,0,,0,0,1,0,0,0
4136010410,江西农业大学,江西省,https://www.jxau.edu.cn/,universities/江西省/4136010410/profile.yaml,universities/江西省/4136010410/VISUAL.md,https://www.jxau.edu.cn/images/logo.png,site_identity,png,True,content_inspected,https://www.jxau.edu.cn/,a1568859c685571ecacc05e5,,,,,,,unresearched,,,,0,,0,0,1,0,0,0
4136010412,江西中医药大学,江西省,https://www.jxutcm.edu.cn/,universities/江西省/4136010412/profile.yaml,universities/江西省/4136010412/VISUAL.md,https://www.jxutcm.edu.cn/uploads/logo.jpg,site_identity,jpeg,True,content_inspected,https://www.jxutcm.edu.cn/,604117b3c9467d55f6f530bb,,,,,#008A4B,manual_derived,found,官网标识取样的PPT建议主色,https://www.jxutcm.edu.cn/uploads/logo.jpg,官网页眉标识图片：滤去透明、近白和低饱和背景后，对高频RGB色簇取通道中位数；不是VI标准色色卡,0,,0,0,0,0,0,0
4136010413,赣南医科大学,江西省,https://www.gmu.edu.cn,universities/江西省/4136010413/profile.yaml,universities/江西省/4136010413/VISUAL.md,https://www.gmu.edu.cn/images25/logo.png,site_identity,png,True,content_inspected,https://www.gmu.edu.cn,f1decb6f398dd46887049ce9,,,,,,,unresearched,,,,0,,0,0,0,0,0,0
4136010414,江西师范大学,江西省,https://www.jxnu.edu.cn/,universities/江西省/4136010414/profile.yaml,universities/江西省/4136010414/VISUAL.md,https://www.jxnu.edu.cn/_upload/tpl/08/23/2083/template2083/images/logo.svg,site_identity,svg,True,content_inspected,https://www.jxnu.edu.cn/,a6ac22456b8a0245febb9ec9,,,,,,,unresearched,,,,0,,0,0,1,0,0,0
4136010416,上饶师范学院,江西省,,universities/江西省/4136010416/profile.yaml,universities/江西省/4136010416/VISUAL.md,https://raw.githubusercontent.com/xioajiumi/Chinese_Universities/e088fddc329a6f0148ca72fd3b4d0fe069f13e3a/logo.zip,badge,jpeg,False,content_inspected,https://github.com/xioajiumi/Chinese_Universities/blob/e088fddc329a6f0148ca72fd3b4d0fe069f13e3a/logo.zip,f933a6f1e9a6c6aa,archive_member,https://raw.githubusercontent.com/xioajiumi/Chinese_Universities/e088fddc329a6f0148ca72fd3b4d0fe069f13e3a/logo.zip,img2/上饶师范学院.png,53c17d411407a72ee7e3094cbc8e5238fbf8d376e5415e78ff2c5ad2c55bb549,,,unresearched,,,,0,,0,0,0,0,0,0
4136010417,宜春学院,江西省,https://www.jxycu.edu.cn/,universities/江西省/4136010417/profile.yaml,universities/江西省/4136010417/VISUAL.md,https://www.jxycu.edu.cn/_upload/tpl/03/ba/954/template954/images/logo.svg,site_identity,svg,True,content_inspected,https://www.jxycu.edu.cn/,8c20bd354097b0720c620aa7,,,,,,,unresearched,,,,0,,0,0,0,0,0,0
4136010418,赣南师范大学,江西省,https://www.gnnu.edu.cn/,universities/江西省/4136010418/profile.yaml,universities/江西省/4136010418/VISUAL.md,https://www.gnnu.edu.cn/images/logo2.png,site_identity,png,True,content_inspected,https://www.gnnu.edu.cn/,ca16d6b5130e749a1abb54e6,,,,,#00447E,manual_derived,found,官网标识取样的PPT建议主色,https://www.gnnu.edu.cn/images/logo.png,官网页眉标识图片：滤去透明、近白和低饱和背景后，对高频RGB色簇取通道中位数；不是VI标准色色卡,0,,0,0,0,0,0,0
4136010419,井冈山大学,江西省,https://www.jgsu.edu.cn,universities/江西省/4136010419/profile.yaml,universities/江西省/4136010419/VISUAL.md,https://www.jgsu.edu.cn/images/logo.png,site_identity,png,True,content_inspected,https://www.jgsu.edu.cn,e014bee24be62a98475576ff,,,,,#C79194,manual_derived,found,官网标识取样的PPT建议主色,https://www.jgsu.edu.cn/images/logo.png,官网页眉标识图片：滤去透明、近白和低饱和背景后，对高频RGB色簇取通道中位数；不是VI标准色色卡,0,,0,0,0,0,0,0
4136010421,江西财经大学,江西省,,universities/江西省/4136010421/profile.yaml,universities/江西省/4136010421/VISUAL.md,https://raw.githubusercontent.com/Magicdover/China-Universities-2026/419bdc7ce6956fc88c2b70b3979f170b6666f111/assets/logos-new/%E6%B1%9F%E8%A5%BF%E8%B4%A2%E7%BB%8F%E5%A4%A7%E5%AD%A6%20JUFE.svg,badge,svg,False,content_inspected,https://github.com/Magicdover/China-Universities-2026/blob/419bdc7ce6956fc88c2b70b3979f170b6666f111/assets/logos-new/%E6%B1%9F%E8%A5%BF%E8%B4%A2%E7%BB%8F%E5%A4%A7%E5%AD%A6%20JUFE.svg,9908cce6daaa284c,,,,,,,unresearched,,,,0,,0,0,1,0,0,0
4136010846,江西科技学院,江西省,https://www.jxut.edu.cn/,universities/江西省/4136010846/profile.yaml,universities/江西省/4136010846/VISUAL.md,https://www.jxut.edu.cn/images/logo1013.png,site_identity,png,True,content_inspected,https://www.jxut.edu.cn/,d0d2daf861ade1b91f08511d,,,,,,,unresearched,,,,0,,0,0,0,0,0,0
4136010894,景德镇学院,江西省,https://www.jdzu.edu.cn/,universities/江西省/4136010894/profile.yaml,universities/江西省/4136010894/VISUAL.md,https://www.jdzu.edu.cn/images/logo.png,site_identity,png,True,content_inspected,https://www.jdzu.edu.cn/,aa9d83ee085d5b5b84d5f81b,,,,,#1697F8,manual_derived,found,官网标识取样的PPT建议主色,https://www.jdzu.edu.cn/images/logo.png,官网页眉标识图片：滤去透明、近白和低饱和背景后，对高频RGB色簇取通道中位数；不是VI标准色色卡,0,,0,0,0,0,0,0
4136010895,萍乡学院,江西省,https://www.pxc.jx.cn/,universities/江西省/4136010895/profile.yaml,universities/江西省/4136010895/VISUAL.md,https://www.pxc.jx.cn/new_index/images/logo.png,site_identity,png,True,content_inspected,https://www.pxc.jx.cn/,29087f3db415b633097a189e,,,,,#AC2627,manual_derived,found,官网标识取样的PPT建议主色,https://www.pxc.jx.cn/new_index/images/logo.png,官网页眉标识图片：滤去透明、近白和低饱和背景后，对高频RGB色簇取通道中位数；不是VI标准色色卡,0,,0,0,0,0,0,0
4136011318,江西科技师范大学,江西省,https://www.jxstnu.edu.cn/,universities/江西省/4136011318/profile.yaml,universities/江西省/4136011318/VISUAL.md,https://www.jxstnu.edu.cn/images/logo.png,site_identity,png,True,content_inspected,https://www.jxstnu.edu.cn/,1d339330d3cff08fdcfec9fe,,,,,,,unresearched,,,,0,,0,0,0,0,0,0
4136011319,江西水利电力大学,江西省,,universities/江西省/4136011319/profile.yaml,universities/江西省/4136011319/VISUAL.md,,,,,,,,,,,,,,unresearched,,,,0,,0,0,0,0,0,0
4136011504,江西警察学院,江西省,,universities/江西省/4136011504/profile.yaml,universities/江西省/4136011504/VISUAL.md,https://raw.githubusercontent.com/xioajiumi/Chinese_Universities/e088fddc329a6f0148ca72fd3b4d0fe069f13e3a/logo.zip,badge,jpeg,False,content_inspected,https://github.com/xioajiumi/Chinese_Universities/blob/e088fddc329a6f0148ca72fd3b4d0fe069f13e3a/logo.zip,773cf398bb486346,archive_member,https://raw.githubusercontent.com/xioajiumi/Chinese_Universities/e088fddc329a6f0148ca72fd3b4d0fe069f13e3a/logo.zip,img2/江西警察学院.png,53c17d411407a72ee7e3094cbc8e5238fbf8d376e5415e78ff2c5ad2c55bb549,,,unresearched,,,,0,,0,0,0,0,0,0
4136011508,新余学院,江西省,https://www.xyc.edu.cn/,universities/江西省/4136011508/profile.yaml,universities/江西省/4136011508/VISUAL.md,https://www.xyc.edu.cn/images/logo.png,site_identity,png,True,content_inspected,https://www.xyc.edu.cn/,ec1a348d8c60baf48c3b67c6,,,,,,,unresearched,,,,0,,0,0,0,0,0,0
4136011785,江西职业技术大学,江西省,https://www.jxpu.edu.cn,universities/江西省/4136011785/profile.yaml,universities/江西省/4136011785/VISUAL.md,https://www.jxpu.edu.cn/2026xbzy/images/logo.png,site_identity,png,True,content_inspected,https://www.jxpu.edu.cn,83087de9f5085e9bd455fd00,,,,,,,unresearched,,,,0,,0,0,0,0,0,0
4136011843,九江学院,江西省,https://www.jju.edu.cn,universities/江西省/4136011843/profile.yaml,universities/江西省/4136011843/VISUAL.md,https://www.jju.edu.cn/img/logo1.png,site_identity,png,True,content_inspected,https://www.jju.edu.cn,13f84a3079b1553440585c73,,,,,#249FB1,manual_derived,found,官网标识取样的PPT建议主色,https://www.jju.edu.cn/img/logo1.png,官网页眉标识图片：滤去透明、近白和低饱和背景后，对高频RGB色簇取通道中位数；不是VI标准色色卡,0,,0,0,0,0,0,0
4136012766,江西工程学院,江西省,https://www.jxue.edu.cn,universities/江西省/4136012766/profile.yaml,universities/江西省/4136012766/VISUAL.md,https://www.jxue.edu.cn/_upload/tpl/00/57/87/template87/images/logo.svg,site_identity,svg,True,content_inspected,https://www.jxue.edu.cn,86bd71ae58b794021c50f2fb,,,,,,,unresearched,,,,0,,0,0,0,0,0,0
4136012795,南昌理工学院,江西省,https://www.nut.edu.cn/,universities/江西省/4136012795/profile.yaml,universities/江西省/4136012795/VISUAL.md,,,,,,,,,,,,,,unresearched,,,,0,,0,0,0,0,0,0
4136012938,江西应用科技学院,江西省,,universities/江西省/4136012938/profile.yaml,universities/江西省/4136012938/VISUAL.md,,,,,,,,,,,,,,unresearched,,,,0,,0,0,0,0,0,0
4136013418,江西服装学院,江西省,https://www.jift.edu.cn/,universities/江西省/4136013418/profile.yaml,universities/江西省/4136013418/VISUAL.md,http://www.jift.edu.cn/img/logo.png,site_identity,png,True,content_inspected,http://www.jift.edu.cn/,8cf352c87d0564a36cfd3415,,,,,,,unresearched,,,,0,,0,0,0,0,0,0
4136013420,南昌职业大学,江西省,https://www.nvu.edu.cn/,universities/江西省/4136013420/profile.yaml,universities/江西省/4136013420/VISUAL.md,,,,,,,,,,,,,,unresearched,,,,0,,0,0,0,0,0,0
4136013421,南昌工学院,江西省,https://www.ncpu.edu.cn/index.html,universities/江西省/4136013421/profile.yaml,universities/江西省/4136013421/VISUAL.md,,,,,,,,,,,,,,unresearched,,,,0,,0,0,0,0,0,0
4136013422,江西外语外贸职业大学,江西省,https://www.jxcfs.com,universities/江西省/4136013422/profile.yaml,universities/江西省/4136013422/VISUAL.md,,,,,,,,,,,,,,unresearched,,,,0,,0,0,0,0,0,0
4136013429,南昌大学科学技术学院,江西省,https://www.ncuky.edu.cn/,universities/江西省/4136013429/profile.yaml,universities/江西省/4136013429/VISUAL.md,https://www.ncuky.edu.cn/img/logo.png,site_identity,png,True,content_inspected,https://www.ncuky.edu.cn/,54ac7159df3af13b15aab74b,,,,,,,unresearched,,,,0,,0,0,0,0,0,0
4136013430,南昌大学共青学院,江西省,,universities/江西省/4136013430/profile.yaml,universities/江西省/4136013430/VISUAL.md,,,,,,,,,,,,,,unresearched,,,,0,,0,0,0,0,0,0
4136013431,南昌交通学院,江西省,,universities/江西省/4136013431/profile.yaml,universities/江西省/4136013431/VISUAL.md,,,,,,,,,,,,,,unresearched,,,,0,,0,0,0,0,0,0
4136013432,赣东学院,江西省,https://www.gdc.edu.cn/,universities/江西省/4136013432/profile.yaml,universities/江西省/4136013432/VISUAL.md,https://www.gdc.edu.cn/_upload/tpl/00/b6/182/template182/images/logo1.png,site_identity,png,True,content_inspected,https://www.gdc.edu.cn/,11a34a43bdad4d9317a6ac57,,,,,#74215D,manual_derived,found,官网标识取样的PPT建议主色,https://www.gdc.edu.cn/_upload/tpl/00/b6/182/template182/images/logo1.png,官网页眉标识图片：滤去透明、近白和低饱和背景后，对高频RGB色簇取通道中位数；不是VI标准色色卡,0,,0,0,0,0,0,0
4136013433,南昌航空大学科技学院,江西省,,universities/江西省/4136013433/profile.yaml,universities/江西省/4136013433/VISUAL.md,,,,,,,,,,,,,,unresearched,,,,0,,0,0,0,0,0,0
4136013434,赣南科技学院,江西省,https://www.gnust.edu.cn/,universities/江西省/4136013434/profile.yaml,universities/江西省/4136013434/VISUAL.md,https://www.gnust.edu.cn/img/logo16.png,site_identity,png,True,content_inspected,https://www.gnust.edu.cn/,4529702be7e9c21b4adc91b9,,,,,#D51017,manual_derived,found,官网标识取样的PPT建议主色,https://www.gnust.edu.cn/img/logo14.png,官网页眉标识图片：滤去透明、近白和低饱和背景后，对高频RGB色簇取通道中位数；不是VI标准色色卡,0,,0,0,0,0,0,0
4136013435,景德镇艺术职业大学,江西省,https://www.jdzvua.edu.cn/,universities/江西省/4136013435/profile.yaml,universities/江西省/4136013435/VISUAL.md,https://www.jdzvua.edu.cn/skin/jdzvua/core/header/images/logo.png,site_identity,png,True,content_inspected,https://www.jdzvua.edu.cn/,caf1de515769032042a1c2d0,,,,,,,unresearched,,,,0,,0,0,0,0,0,0
4136013436,江西农业大学南昌商学院,江西省,https://ncbcjxau.edu.cn/,universities/江西省/4136013436/profile.yaml,universities/江西省/4136013436/VISUAL.md,https://ncbcjxau.edu.cn/statics/ndsxy/images/xiaoxun.png ,badge,png,True,content_inspected,https://ncbcjxau.edu.cn/,1a502c584ff41f8e705c2e58,,,,,,,unresearched,,,,0,,0,0,0,0,0,0
4136013437,南昌医学院,江西省,https://www.ncmc.edu.cn/,universities/江西省/4136013437/profile.yaml,universities/江西省/4136013437/VISUAL.md,https://www.ncmc.edu.cn/images/logo.png,site_identity,png,True,content_inspected,https://www.ncmc.edu.cn/,085735414da5cdfae5e8febd,,,,,,,unresearched,,,,0,,0,0,0,0,0,0
4136013438,江西师范大学科学技术学院,江西省,https://www.jxsdky.edu.cn,universities/江西省/4136013438/profile.yaml,universities/江西省/4136013438/VISUAL.md,https://www.jxsdky.edu.cn/images/logo.png,site_identity,png,True,content_inspected,https://www.jxsdky.edu.cn,f02c69b17f6ed91f94217914,,,,,,,unresearched,,,,0,,0,0,0,0,0,0
4136013439,赣南师范大学科技学院,江西省,https://ky.gnnu.edu.cn,universities/江西省/4136013439/profile.yaml,universities/江西省/4136013439/VISUAL.md,https://ky.gnnu.edu.cn/images/main/white-logo.jpg,site_identity,jpeg,True,content_inspected,https://ky.gnnu.edu.cn,0e7a95ad673b37017598ed75,,,,,,,unresearched,,,,0,,0,0,0,0,0,0
4136013440,南昌应用技术师范学院,江西省,https://www.nncat.edu.cn/,universities/江西省/4136013440/profile.yaml,universities/江西省/4136013440/VISUAL.md,https://www.nncat.edu.cn/upload/qt/2024/09/30/d5e0555e-b060-468b-b9d7-a76d9f1269601727679465355.png,site_identity,png,True,content_inspected,https://www.nncat.edu.cn/,b5ba1af5a2ec1cfd6d89a2a3,,,,,,,unresearched,,,,0,,0,0,0,0,0,0
4136013441,江西财经大学现代经济管理学院,江西省,https://www.jcxjg.edu.cn/,universities/江西省/4136013441/profile.yaml,universities/江西省/4136013441/VISUAL.md,,,,,,,,,,,,,,unresearched,,,,0,,0,0,0,0,0,0
4136013774,豫章师范学院,江西省,,universities/江西省/4136013774/profile.yaml,universities/江西省/4136013774/VISUAL.md,https://raw.githubusercontent.com/xioajiumi/Chinese_Universities/e088fddc329a6f0148ca72fd3b4d0fe069f13e3a/logo.zip,badge,png,False,content_inspected,https://github.com/xioajiumi/Chinese_Universities/blob/e088fddc329a6f0148ca72fd3b4d0fe069f13e3a/logo.zip,a48d7e968adaa491,archive_member,https://raw.githubusercontent.com/xioajiumi/Chinese_Universities/e088fddc329a6f0148ca72fd3b4d0fe069f13e3a/logo.zip,img2/豫章师范学院.png,53c17d411407a72ee7e3094cbc8e5238fbf8d376e5415e78ff2c5ad2c55bb549,,,unresearched,,,,0,,0,0,0,0,0,0
4136013775,抚州医药学院,江西省,,universities/江西省/4136013775/profile.yaml,universities/江西省/4136013775/VISUAL.md,,,,,,,,,,,,,,unresearched,,,,0,,0,0,0,0,0,0
4136013776,江西软件职业技术大学,江西省,,universities/江西省/4136013776/profile.yaml,universities/江西省/4136013776/VISUAL.md,,,,,,,,,,,,,,unresearched,,,,0,,0,0,0,0,0,0
4136014168,南昌科技职业大学,江西省,,universities/江西省/4136014168/profile.yaml,universities/江西省/4136014168/VISUAL.md,,,,,,,,,,,,,,unresearched,,,,0,,0,0,0,0,0,0
4136014403,九江科技职业大学,江西省,http://www.jjput.edu.cn/,universities/江西省/4136014403/profile.yaml,universities/江西省/4136014403/VISUAL.md,http://www.jjput.edu.cn/skin/school02/cms/../core/header2/images/logo.png,site_identity,,True,inspection_failed,http://www.jjput.edu.cn/,edd394f8dcae1fe2b45c7823,,,,,,,unresearched,,,,0,,0,0,0,0,0,0
4136014437,南昌师范学院,江西省,,universities/江西省/4136014437/profile.yaml,universities/江西省/4136014437/VISUAL.md,https://raw.githubusercontent.com/xioajiumi/Chinese_Universities/e088fddc329a6f0148ca72fd3b4d0fe069f13e3a/logo.zip,badge,jpeg,False,content_inspected,https://github.com/xioajiumi/Chinese_Universities/blob/e088fddc329a6f0148ca72fd3b4d0fe069f13e3a/logo.zip,d4c02998b1dfdad5,archive_member,https://raw.githubusercontent.com/xioajiumi/Chinese_Universities/e088fddc329a6f0148ca72fd3b4d0fe069f13e3a/logo.zip,img2/南昌师范学院.png,53c17d411407a72ee7e3094cbc8e5238fbf8d376e5415e78ff2c5ad2c55bb549,,,unresearched,,,,0,,0,0,0,0,0,0
4136014839,江西飞行学院,江西省,https://www.jxfu.edu.cn/,universities/江西省/4136014839/profile.yaml,universities/江西省/4136014839/VISUAL.md,https://www.jxfu.edu.cn/images25/logo_bai.png,site_identity,png,True,content_inspected,https://www.jxfu.edu.cn/,001ce8a7988c222d2c01e060,,,,,#008BD5,manual_derived,found,官网标识取样的PPT建议主色,https://www.jxfu.edu.cn/images25/foot_logo.png,官网页眉标识图片：滤去透明、近白和低饱和背景后，对高频RGB色簇取通道中位数；不是VI标准色色卡,0,,0,0,0,0,0,0
4113010075,河北大学,河北省,https://www.hbu.edu.cn,universities/河北省/4113010075/profile.yaml,universities/河北省/4113010075/VISUAL.md,https://www.hbu.edu.cn/images/logozz09.png,site_identity,png,True,content_inspected,https://www.hbu.edu.cn,7eff9912d69b6c54f1db86f3,,,,,,,unresearched,,,,0,,0,0,1,0,0,0
4113010076,河北工程大学,河北省,https://www.hebeu.edu.cn,universities/河北省/4113010076/profile.yaml,universities/河北省/4113010076/VISUAL.md,https://www.hebeu.edu.cn/images/logo_hebeu_blank.png,site_identity,png,True,content_inspected,https://www.hebeu.edu.cn,303ebbc39d3c2bb09039554c,,,,,#233273,manual_derived,found,官网标识取样的PPT建议主色,https://www.hebeu.edu.cn/images/logo_hebeu_blank.png,官网页眉标识图片：滤去透明、近白和低饱和背景后，对高频RGB色簇取通道中位数；不是VI标准色色卡,0,,0,0,0,0,0,0
4113010077,河北地质大学,河北省,https://www.hgu.edu.cn,universities/河北省/4113010077/profile.yaml,universities/河北省/4113010077/VISUAL.md,https://www.hgu.edu.cn/images/logo.png,site_identity,png,True,content_inspected,https://www.hgu.edu.cn,08f98e19cb5eceda8ed25d77,,,,,,,unresearched,,,,0,,0,0,0,0,0,0
4113010080,河北工业大学,河北省,https://www.hebut.edu.cn/,universities/河北省/4113010080/profile.yaml,universities/河北省/4113010080/VISUAL.md,https://raw.githubusercontent.com/Magicdover/China-Universities-2026/419bdc7ce6956fc88c2b70b3979f170b6666f111/assets/logos-new/%E6%B2%B3%E5%8C%97%E5%B7%A5%E4%B8%9A%E5%A4%A7%E5%AD%A6%20HEBUT.svg,badge,svg,False,content_inspected,https://github.com/Magicdover/China-Universities-2026/blob/419bdc7ce6956fc88c2b70b3979f170b6666f111/assets/logos-new/%E6%B2%B3%E5%8C%97%E5%B7%A5%E4%B8%9A%E5%A4%A7%E5%AD%A6%20HEBUT.svg,5c9dc0681e933b27,,,,,,,unresearched,,,,0,,0,0,2,0,0,0
4113010081,华北理工大学,河北省,https://www.ncst.edu.cn/,universities/河北省/4113010081/profile.yaml,universities/河北省/4113010081/VISUAL.md,https://www.ncst.edu.cn/atm/1513855787501/20240708145738365.png,site_identity,png,True,content_inspected,https://www.ncst.edu.cn/,d067e1ca835b028319e7a6f8,,,,,,,unresearched,,,,0,,0,0,1,0,0,0
4113010082,河北科技大学,河北省,https://www.hebust.edu.cn/,universities/河北省/4113010082/profile.yaml,universities/河北省/4113010082/VISUAL.md,https://www.hebust.edu.cn/images/logo_01.png,site_identity,png,True,content_inspected,https://www.hebust.edu.cn/,06bd9030e76c71e1ad499e5d,,,,,#003589,manual_derived,found,官网标识取样的PPT建议主色,https://www.hebust.edu.cn/images/logo_01.png,官网页眉标识图片：滤去透明、近白和低饱和背景后，对高频RGB色簇取通道中位数；不是VI标准色色卡,0,,0,0,1,0,0,0
4113010084,河北建筑工程学院,河北省,https://www.hebiace.edu.cn/,universities/河北省/4113010084/profile.yaml,universities/河北省/4113010084/VISUAL.md,https://www.hebiace.edu.cn/images/logo.png,site_identity,png,True,content_inspected,https://www.hebiace.edu.cn/,687a7f2e984993beab6a1651,,,,,,,unresearched,,,,0,,0,0,0,0,0,0
4113010085,河北水利电力学院,河北省,https://www.hbwe.edu.cn/,universities/河北省/4113010085/profile.yaml,universities/河北省/4113010085/VISUAL.md,https://www.hbwe.edu.cn/images/logo.png,site_identity,png,True,content_inspected,https://www.hbwe.edu.cn/,f15a6ac96e8d838890f2845b,,,,,#009E84,manual_derived,found,官网标识取样的PPT建议主色,https://www.hbwe.edu.cn/images/logo.png,官网页眉标识图片：滤去透明、近白和低饱和背景后，对高频RGB色簇取通道中位数；不是VI标准色色卡,0,,0,0,0,0,0,0
4113010086,河北农业大学,河北省,https://www.hebau.edu.cn,universities/河北省/4113010086/profile.yaml,universities/河北省/4113010086/VISUAL.md,https://xiaoban.hebau.edu.cn/__local/A/F1/C3/C5E6614D598EF966D8B1EB13127_B6BAB821_9D78.gif?e=.gif,site_identity,gif,True,content_inspected,https://xiaoban.hebau.edu.cn/info/1008/1102.htm,460e30376a4e92ba33cb751f,,,,,,,unresearched,,,,0,,0,0,1,0,0,0
4113010089,河北医科大学,河北省,https://www.hebmu.edu.cn,universities/河北省/4113010089/profile.yaml,universities/河北省/4113010089/VISUAL.md,https://m.hebmu.edu.cn/template/ab84f67f192d4f8da37ab0a45fa7b96d//images/logo.png,site_identity,png,True,content_inspected,https://m.hebmu.edu.cn/w/2017/12/29/C3D0447D71534D9BA0B3251469AD3E6D.htm,fb7874359705f2b7b661dfc3,,,,,#471A71,manual_derived,found,官网标识取样的PPT建议主色,https://www.hebmu.edu.cn/template/f0c7d2d79aed4b839558895187913ede//images/new_logo.png,官网页眉标识图片：滤去透明、近白和低饱和背景后，对高频RGB色簇取通道中位数；不是VI标准色色卡,0,https://m.hebmu.edu.cn/w/2017/12/29/C3D0447D71534D9BA0B3251469AD3E6D.htm,2,0,1,0,0,0
4113010092,河北北方学院,河北省,https://www.hebeinu.edu.cn/,universities/河北省/4113010092/profile.yaml,universities/河北省/4113010092/VISUAL.md,https://raw.githubusercontent.com/xioajiumi/Chinese_Universities/e088fddc329a6f0148ca72fd3b4d0fe069f13e3a/logo.zip,badge,png,False,content_inspected,https://github.com/xioajiumi/Chinese_Universities/blob/e088fddc329a6f0148ca72fd3b4d0fe069f13e3a/logo.zip,5ea94650b7280cca,archive_member,https://raw.githubusercontent.com/xioajiumi/Chinese_Universities/e088fddc329a6f0148ca72fd3b4d0fe069f13e3a/logo.zip,img2/河北北方学院.png,53c17d411407a72ee7e3094cbc8e5238fbf8d376e5415e78ff2c5ad2c55bb549,#BBD5F0,manual_derived,found,官网标识取样的PPT建议主色,https://www.hebeinu.edu.cn/Public/Home/default/images/logo_ie6.jpg,官网页眉标识图片：滤去透明、近白和低饱和背景后，对高频RGB色簇取通道中位数；不是VI标准色色卡,0,,0,0,0,0,0,0
4113010093,承德医学院,河北省,https://www.cdmc.edu.cn/,universities/河北省/4113010093/profile.yaml,universities/河北省/4113010093/VISUAL.md,https://raw.githubusercontent.com/xioajiumi/Chinese_Universities/e088fddc329a6f0148ca72fd3b4d0fe069f13e3a/logo.zip,badge,png,False,content_inspected,https://github.com/xioajiumi/Chinese_Universities/blob/e088fddc329a6f0148ca72fd3b4d0fe069f13e3a/logo.zip,6d11d268b3619474,archive_member,https://raw.githubusercontent.com/xioajiumi/Chinese_Universities/e088fddc329a6f0148ca72fd3b4d0fe069f13e3a/logo.zip,img2/承德医学院.png,53c17d411407a72ee7e3094cbc8e5238fbf8d376e5415e78ff2c5ad2c55bb549,,,unresearched,,,,0,,0,0,0,0,0,0
4113010094,河北师范大学,河北省,https://www.hebtu.edu.cn/,universities/河北省/4113010094/profile.yaml,universities/河北省/4113010094/VISUAL.md,https://www.hebtu.edu.cn/template/def6ca52830146b1975f168a22f28911//images/logo.png,site_identity,png,True,content_inspected,https://www.hebtu.edu.cn/,2cb2866e940ded4016865cc7,,,,,,,unresearched,,,,0,,0,0,1,0,0,0
4113010096,保定学院,河北省,https://www.bdu.edu.cn,universities/河北省/4113010096/profile.yaml,universities/河北省/4113010096/VISUAL.md,https://www.bdu.edu.cn/images/logo_touming.png,site_identity,png,True,content_inspected,https://www.bdu.edu.cn,2e0cdeb9ef5759fcad06ca17,,,,,,,unresearched,,,,0,,0,0,0,0,0,0
4113010098,河北民族师范学院,河北省,https://www.hbun.edu.cn/,universities/河北省/4113010098/profile.yaml,universities/河北省/4113010098/VISUAL.md,https://www.hbun.edu.cn/images/logo2024040711.png,site_identity,png,True,content_inspected,https://www.hbun.edu.cn/,d7185c91c711d60cbea633f0,,,,,#ED1B23,manual_derived,found,官网标识取样的PPT建议主色,https://www.hbun.edu.cn/images/logo2024040711.png,官网页眉标识图片：滤去透明、近白和低饱和背景后，对高频RGB色簇取通道中位数；不是VI标准色色卡,0,,0,0,0,0,0,0
4113010099,唐山师范学院,河北省,,universities/河北省/4113010099/profile.yaml,universities/河北省/4113010099/VISUAL.md,https://raw.githubusercontent.com/xioajiumi/Chinese_Universities/e088fddc329a6f0148ca72fd3b4d0fe069f13e3a/logo.zip,badge,png,False,content_inspected,https://github.com/xioajiumi/Chinese_Universities/blob/e088fddc329a6f0148ca72fd3b4d0fe069f13e3a/logo.zip,2bd78ceaaad646ce,archive_member,https://raw.githubusercontent.com/xioajiumi/Chinese_Universities/e088fddc329a6f0148ca72fd3b4d0fe069f13e3a/logo.zip,img2/唐山师范学院.png,53c17d411407a72ee7e3094cbc8e5238fbf8d376e5415e78ff2c5ad2c55bb549,,,unresearched,,,,0,,0,0,0,0,0,0
4113010100,廊坊师范学院,河北省,https://www.lfnu.edu.cn/,universities/河北省/4113010100/profile.yaml,universities/河北省/4113010100/VISUAL.md,http://www.lfnu.edu.cn/atm/1767064646213/20251230111823816.png,site_identity,png,True,content_inspected,https://www.lfnu.edu.cn/,d3266091fccf197efbda4cfc,,,,,,,unresearched,,,,0,,0,0,0,0,0,0
4113010101,衡水学院,河北省,,universities/河北省/4113010101/profile.yaml,universities/河北省/4113010101/VISUAL.md,https://raw.githubusercontent.com/xioajiumi/Chinese_Universities/e088fddc329a6f0148ca72fd3b4d0fe069f13e3a/logo.zip,badge,jpeg,False,content_inspected,https://github.com/xioajiumi/Chinese_Universities/blob/e088fddc329a6f0148ca72fd3b4d0fe069f13e3a/logo.zip,7032168143bb64bc,archive_member,https://raw.githubusercontent.com/xioajiumi/Chinese_Universities/e088fddc329a6f0148ca72fd3b4d0fe069f13e3a/logo.zip,img2/衡水学院.png,53c17d411407a72ee7e3094cbc8e5238fbf8d376e5415e78ff2c5ad2c55bb549,,,unresearched,,,,0,,0,0,0,0,0,0
4113010102,石家庄学院,河北省,https://www.sjzc.edu.cn/,universities/河北省/4113010102/profile.yaml,universities/河北省/4113010102/VISUAL.md,https://raw.githubusercontent.com/xioajiumi/Chinese_Universities/e088fddc329a6f0148ca72fd3b4d0fe069f13e3a/logo.zip,badge,png,False,content_inspected,https://github.com/xioajiumi/Chinese_Universities/blob/e088fddc329a6f0148ca72fd3b4d0fe069f13e3a/logo.zip,e1a97e1146269278,archive_member,https://raw.githubusercontent.com/xioajiumi/Chinese_Universities/e088fddc329a6f0148ca72fd3b4d0fe069f13e3a/logo.zip,img2/石家庄学院.png,53c17d411407a72ee7e3094cbc8e5238fbf8d376e5415e78ff2c5ad2c55bb549,,,unresearched,,,,0,,0,0,0,0,0,0
4113010103,邯郸学院,河北省,https://www.hdc.edu.cn/,universities/河北省/4113010103/profile.yaml,universities/河北省/4113010103/VISUAL.md,https://raw.githubusercontent.com/xioajiumi/Chinese_Universities/e088fddc329a6f0148ca72fd3b4d0fe069f13e3a/logo.zip,badge,png,False,content_inspected,https://github.com/xioajiumi/Chinese_Universities/blob/e088fddc329a6f0148ca72fd3b4d0fe069f13e3a/logo.zip,0ea41fb48df8572c,archive_member,https://raw.githubusercontent.com/xioajiumi/Chinese_Universities/e088fddc329a6f0148ca72fd3b4d0fe069f13e3a/logo.zip,img2/邯郸学院.png,53c17d411407a72ee7e3094cbc8e5238fbf8d376e5415e78ff2c5ad2c55bb549,,,unresearched,,,,0,,0,0,0,0,0,0
4113010104,邢台学院,河北省,https://www.xttc.edu.cn,universities/河北省/4113010104/profile.yaml,universities/河北省/4113010104/VISUAL.md,https://raw.githubusercontent.com/xioajiumi/Chinese_Universities/e088fddc329a6f0148ca72fd3b4d0fe069f13e3a/logo.zip,badge,png,False,content_inspected,https://github.com/xioajiumi/Chinese_Universities/blob/e088fddc329a6f0148ca72fd3b4d0fe069f13e3a/logo.zip,758ffddc431d988b,archive_member,https://raw.githubusercontent.com/xioajiumi/Chinese_Universities/e088fddc329a6f0148ca72fd3b4d0fe069f13e3a/logo.zip,img2/邢台学院.png,53c17d411407a72ee7e3094cbc8e5238fbf8d376e5415e78ff2c5ad2c55bb549,,,unresearched,,,,0,,0,0,0,0,0,0
4113010105,沧州师范学院,河北省,https://www.caztc.edu.cn/,universities/河北省/4113010105/profile.yaml,universities/河北省/4113010105/VISUAL.md,https://www.caztc.edu.cn/images/logo.png,site_identity,png,True,content_inspected,https://www.caztc.edu.cn/,79c113e8fe12b56639d4bc11,,,,,#DA251C,manual_derived,found,官网标识取样的PPT建议主色,https://www.caztc.edu.cn/images/logo.png,官网页眉标识图片：滤去透明、近白和低饱和背景后，对高频RGB色簇取通道中位数；不是VI标准色色卡,0,,0,0,0,0,0,0
4113010107,石家庄铁道大学,河北省,https://www.stdu.edu.cn,universities/河北省/4113010107/profile.yaml,universities/河北省/4113010107/VISUAL.md,https://www.stdu.edu.cn/images/wzytImage/xzy-logo.png,site_identity,png,True,content_inspected,https://www.stdu.edu.cn,df7cd7860acda9c376b0e34a,,,,,#1934A6,manual_derived,found,官网标识取样的PPT建议主色,https://www.stdu.edu.cn/images/wzytImage/xzy-logo.png,官网页眉标识图片：滤去透明、近白和低饱和背景后，对高频RGB色簇取通道中位数；不是VI标准色色卡,0,,0,0,0,0,0,0
4113010216,燕山大学,河北省,https://www.ysu.edu.cn,universities/河北省/4113010216/profile.yaml,universities/河北省/4113010216/VISUAL.md,https://www.ysu.edu.cn/images/blue/2x.png,site_identity,png,True,content_inspected,https://www.ysu.edu.cn,ca01d129fac2e5051e8f6303,,,,,,,unresearched,,,,0,,0,0,1,0,0,0
4113010798,河北科技师范学院,河北省,https://www.hevttc.edu.cn/,universities/河北省/4113010798/profile.yaml,universities/河北省/4113010798/VISUAL.md,https://www.hevttc.edu.cn/images/logo.png,site_identity,png,True,content_inspected,https://www.hevttc.edu.cn/,d1fe2340e81753edbfa77be8,,,,,,,unresearched,,,,0,,0,0,0,0,0,0
4113011033,唐山学院,河北省,https://tsc.edu.cn/,universities/河北省/4113011033/profile.yaml,universities/河北省/4113011033/VISUAL.md,https://raw.githubusercontent.com/xioajiumi/Chinese_Universities/e088fddc329a6f0148ca72fd3b4d0fe069f13e3a/logo.zip,badge,png,False,content_inspected,https://github.com/xioajiumi/Chinese_Universities/blob/e088fddc329a6f0148ca72fd3b4d0fe069f13e3a/logo.zip,7f54173f8a93c960,archive_member,https://raw.githubusercontent.com/xioajiumi/Chinese_Universities/e088fddc329a6f0148ca72fd3b4d0fe069f13e3a/logo.zip,img2/唐山学院.png,53c17d411407a72ee7e3094cbc8e5238fbf8d376e5415e78ff2c5ad2c55bb549,,,unresearched,,,,0,,0,0,0,0,0,0
4113011104,应急管理大学,河北省,https://www.ncist.edu.cn/,universities/河北省/4113011104/profile.yaml,universities/河北省/4113011104/VISUAL.md,https://www.ncist.edu.cn/images/logo1.png,site_identity,png,True,content_inspected,https://www.ncist.edu.cn/,b7d5398c62117559af8f66f2,,,,,#002F81,manual_derived,found,官网标识取样的PPT建议主色,https://www.ncist.edu.cn/images/logo1.png,官网页眉标识图片：滤去透明、近白和低饱和背景后，对高频RGB色簇取通道中位数；不是VI标准色色卡,0,,0,0,0,0,0,0
4113011105,中国人民警察大学,河北省,https://www.cppu.edu.cn,universities/河北省/4113011105/profile.yaml,universities/河北省/4113011105/VISUAL.md,https://www.cppu.edu.cn/images/sr-logo1.png,site_identity,png,True,content_inspected,https://www.cppu.edu.cn,b7329100dbc184512a505fe7,,,,,#C8B58D,manual_derived,found,官网标识取样的PPT建议主色,https://www.cppu.edu.cn/images/sr-logo1.png,官网页眉标识图片：滤去透明、近白和低饱和背景后，对高频RGB色簇取通道中位数；不是VI标准色色卡,0,,0,0,0,0,0,0
4113011236,河北体育学院,河北省,https://www.hepec.edu.cn/,universities/河北省/4113011236/profile.yaml,universities/河北省/4113011236/VISUAL.md,https://www.hepec.edu.cn/atm/5099b6c8-8f9c-4904-b570-22d8710128e2/logo20260716180023958.png,site_identity,png,True,content_inspected,https://www.hepec.edu.cn/,98edf8e0eef3a65d6bc01f2d,,,,,#116AAE,manual_derived,found,官网标识取样的PPT建议主色,https://www.hepec.edu.cn/atm/5099b6c8-8f9c-4904-b570-22d8710128e2/logo20260716180023958.png,官网页眉标识图片：滤去透明、近白和低饱和背景后，对高频RGB色簇取通道中位数；不是VI标准色色卡,0,,0,0,0,0,0,0
4113011420,河北金融学院,河北省,https://www.hbfu.edu.cn,universities/河北省/4113011420/profile.yaml,universities/河北省/4113011420/VISUAL.md,https://www.hbfu.edu.cn/plugins/websites/web/resources/images/logo2.png,site_identity,png,True,content_inspected,https://www.hbfu.edu.cn,e970dac1703637537f5661e9,,,,,,,unresearched,,,,0,,0,0,0,0,0,0
4113011629,北华航天工业学院,河北省,https://www.nciae.edu.cn/,universities/河北省/4113011629/profile.yaml,universities/河北省/4113011629/VISUAL.md,https://www.nciae.edu.cn/images/logo.png,site_identity,png,True,content_inspected,https://www.nciae.edu.cn/,74bdd5fdba1ff04c6a35a65c,,,,,#506892,manual_derived,found,官网标识取样的PPT建议主色,https://www.nciae.edu.cn/images/logo.png,官网页眉标识图片：滤去透明、近白和低饱和背景后，对高频RGB色簇取通道中位数；不是VI标准色色卡,0,,0,0,0,0,0,0
4113011832,河北经贸大学,河北省,https://www.hueb.edu.cn/,universities/河北省/4113011832/profile.yaml,universities/河北省/4113011832/VISUAL.md,https://www.hueb.edu.cn/images/logo.png,site_identity,png,True,content_inspected,https://www.hueb.edu.cn/,c037cb14304b47ce86da5762,,,,,,,unresearched,,,,0,,0,0,0,0,0,0
4113011903,中央司法警官学院,河北省,https://www.cicp.edu.cn,universities/河北省/4113011903/profile.yaml,universities/河北省/4113011903/VISUAL.md,https://www.cicp.edu.cn/r/cms/www/red/zjyx/imgs/logo1.png,site_identity,png,True,content_inspected,https://www.cicp.edu.cn,4cf8c993d22d01bb90d94798,,,,,,,unresearched,,,,0,,0,0,0,0,0,0
4113012784,河北传媒学院,河北省,https://www.hebic.cn/,universities/河北省/4113012784/profile.yaml,universities/河北省/4113012784/VISUAL.md,https://www.hebic.cn/images/54154498-d9a8-4a2d-8099-b0d0fece27c8/202507/22/%E6%B2%B3%E5%8C%97%E4%BC%A0%E5%AA%92%E5%AD%A6%E9%99%A2logo-0320250722180414914.svg?sid=c7ad37e5-20cb-49fa-bb61-d69fdde2b5fd,site_identity,svg,True,content_inspected,https://www.hebic.cn/,3d248b711d107ff6b231c8cf,,,,,,,unresearched,,,,0,,0,0,0,0,0,0
4113012787,唐山工业职业技术大学,河北省,https://www.tsgzy.edu.cn/,universities/河北省/4113012787/profile.yaml,universities/河北省/4113012787/VISUAL.md,http://www.tsgzy.edu.cn/atm/1384826544140/20231203121048961.png,site_identity,png,True,content_inspected,https://www.tsgzy.edu.cn/,cdc3106db21e2412da3f2f61,,,,,,,unresearched,,,,0,,0,0,0,0,0,0
4113012796,河北工程技术学院,河北省,https://www.hebuet.edu.cn/,universities/河北省/4113012796/profile.yaml,universities/河北省/4113012796/VISUAL.md,https://www.hebuet.edu.cn/images/logo-bai0907.png,site_identity,png,True,content_inspected,https://www.hebuet.edu.cn/,20cb5592a01af490ef2568e2,,,,,,,unresearched,,,,0,,0,0,0,0,0,0
4113012884,邢台医学院,河北省,https://www.xtmc.edu.cn/index.htm,universities/河北省/4113012884/profile.yaml,universities/河北省/4113012884/VISUAL.md,https://www.xtmc.edu.cn/images/zxlogo1.png,site_identity,png,True,content_inspected,https://www.xtmc.edu.cn/index.htm,834b8a5653113cdb46096fd9,,,,,#9B0000,manual_derived,found,官网标识取样的PPT建议主色,https://www.xtmc.edu.cn/images/zxlogo1.png,官网页眉标识图片：滤去透明、近白和低饱和背景后，对高频RGB色簇取通道中位数；不是VI标准色色卡,0,,0,0,0,0,0,0
4113013075,河北美术学院,河北省,,universities/河北省/4113013075/profile.yaml,universities/河北省/4113013075/VISUAL.md,https://www.hbafa.edu.cn/images/logoft.png,site_identity,png,True,content_inspected,https://www.hbafa.edu.cn/info/1052/1141.htm,b3edb5871a11b738a3769f7c,,,,,,official_vi,official_print_only,校徽标准蓝,https://www.hbafa.edu.cn/info/1052/1141.htm,校方规范校名校徽通知明确校徽标准色CMYK100/80/0/0；没有RGB或HEX，不换算屏幕色。；屏幕主色未公布，其他取色建议另见VISUAL.md。,1,,0,0,0,0,0,0
4113013391,河北科技学院,河北省,https://www.hbkjxy.edu.cn,universities/河北省/4113013391/profile.yaml,universities/河北省/4113013391/VISUAL.md,,,,,,,,,,,,,,unresearched,,,,0,,0,0,0,0,0,0
4113013402,河北外国语学院,河北省,https://www.hisu.edu.cn/,universities/河北省/4113013402/profile.yaml,universities/河北省/4113013402/VISUAL.md,https://www.hisu.edu.cn/uploadfile/image/20201018/20201018224488698869.png,site_identity,png,True,content_inspected,https://www.hisu.edu.cn/,01adb4e52cd88273ae4c3305,,,,,,,unresearched,,,,0,,0,0,0,0,0,0
4113013404,河北大学工商学院,河北省,,universities/河北省/4113013404/profile.yaml,universities/河北省/4113013404/VISUAL.md,,,,,,,,,,,,,,unresearched,,,,0,,0,0,0,0,0,0
4113013408,华北理工大学轻工学院,河北省,https://www.qgxy.cn/?yikikata=0a1e64fe-454a3b86b51d94de54600317acaf8bd8,universities/河北省/4113013408/profile.yaml,universities/河北省/4113013408/VISUAL.md,https://www.qgxy.cn/images/logo.png,site_identity,png,True,content_inspected,https://www.qgxy.cn/?yikikata=0a1e64fe-454a3b86b51d94de54600317acaf8bd8,40b3e4b7d6d9271bf3d66562,,,,,,,unresearched,,,,0,,0,0,0,0,0,0
4113013411,河北师范大学汇华学院,河北省,https://huihua.hebtu.edu.cn/,universities/河北省/4113013411/profile.yaml,universities/河北省/4113013411/VISUAL.md,https://huihua.hebtu.edu.cn/images/logo1.png,site_identity,png,True,content_inspected,https://huihua.hebtu.edu.cn/,cc2c7fabb68dc19c3e8c0641,,,,,,,unresearched,,,,0,,0,0,0,0,0,0
4113013414,河北经贸大学经济管理学院,河北省,https://jgxy.hueb.edu.cn/xygk/xyjj.htm,universities/河北省/4113013414/profile.yaml,universities/河北省/4113013414/VISUAL.md,https://jgxy.hueb.edu.cn/images/logo.jpg,site_identity,png,True,content_inspected,https://jgxy.hueb.edu.cn/xygk/xyjj.htm,22b6a2add329ba80339ea3b3,,,,,,,unresearched,,,,0,,0,0,0,0,0,0
4113013415,河北医科大学临床学院,河北省,,universities/河北省/4113013415/profile.yaml,universities/河北省/4113013415/VISUAL.md,,,,,,,,,,,,,,unresearched,,,,0,,0,0,0,0,0,0
4113013578,河北工程大学科信学院,河北省,https://kexin.hebeu.edu.cn/,universities/河北省/4113013578/profile.yaml,universities/河北省/4113013578/VISUAL.md,https://kexin.hebeu.edu.cn/new_images/logo.png,site_identity,png,True,content_inspected,https://kexin.hebeu.edu.cn/,e4fc6ebd9c94b34547aad059,,,,,,,unresearched,,,,0,,0,0,0,0,0,0
4113013592,燕山大学里仁学院,河北省,,universities/河北省/4113013592/profile.yaml,universities/河北省/4113013592/VISUAL.md,,,,,,,,,,,,,,unresearched,,,,0,,0,0,0,0,0,0
4113013593,石家庄铁道大学四方学院,河北省,https://www.stdusfc.edu.cn,universities/河北省/4113013593/profile.yaml,universities/河北省/4113013593/VISUAL.md,https://www.stdusfc.edu.cn/images/logo.png,site_identity,png,True,content_inspected,https://www.stdusfc.edu.cn,dc96f67f337e898e1e5b9154,,,,,,,unresearched,,,,0,,0,0,0,0,0,0
4113013594,河北地质大学华信学院,河北省,,universities/河北省/4113013594/profile.yaml,universities/河北省/4113013594/VISUAL.md,,,,,,,,,,,,,,unresearched,,,,0,,0,0,0,0,0,0
4113013595,河北农业大学现代科技学院,河北省,https://xianke.hebau.edu.cn/,universities/河北省/4113013595/profile.yaml,universities/河北省/4113013595/VISUAL.md,https://xianke.hebau.edu.cn/images/logo.png,site_identity,png,True,content_inspected,https://xianke.hebau.edu.cn/,576d266345de7e277fe9fe44,,,,,,,unresearched,,,,0,,0,0,0,0,0,0
4113013596,华北理工大学冀唐学院,河北省,https://jtxy.ncst.edu.cn,universities/河北省/4113013596/profile.yaml,universities/河北省/4113013596/VISUAL.md,,,,,,,,,,,,,,unresearched,,,,0,,0,0,0,0,0,0
4113013891,保定理工学院,河北省,https://www.cuggw.com,universities/河北省/4113013891/profile.yaml,universities/河北省/4113013891/VISUAL.md,http://www.cuggw.com/Template/gaiban2025/images/index/logo.png,site_identity,png,True,content_inspected,http://www.cuggw.com,1fc8c88f2d0ecd21314b6939,,,,,,,unresearched,,,,0,,0,0,0,0,0,0
4113013895,燕京理工学院,河北省,https://www.yit.edu.cn/,universities/河北省/4113013895/profile.yaml,universities/河北省/4113013895/VISUAL.md,,,,,,,,,,,,,,unresearched,,,,0,,0,0,0,0,0,0
4113013899,北京中医药大学东方学院,河北省,https://www.bucmdf.edu.cn,universities/河北省/4113013899/profile.yaml,universities/河北省/4113013899/VISUAL.md,,,,,,,,,,,,,,unresearched,,,,0,,0,0,0,0,0,0
4113014202,沧州交通学院,河北省,https://www.czjtu.edu.cn/,universities/河北省/4113014202/profile.yaml,universities/河北省/4113014202/VISUAL.md,https://www.czjtu.edu.cn/images/zhuyelogo.png,site_identity,png,True,content_inspected,https://www.czjtu.edu.cn/,0032a3260528c64fa34ec5c9,,,,,,,unresearched,,,,0,,0,0,0,0,0,0
4113014225,河北东方学院,河北省,https://www.hbdfxy.cn/,universities/河北省/4113014225/profile.yaml,universities/河北省/4113014225/VISUAL.md,,,,,,,,,,,,,,unresearched,,,,0,,0,0,0,0,0,0
4113014432,河北中医药大学,河北省,https://www.hebcm.edu.cn,universities/河北省/4113014432/profile.yaml,universities/河北省/4113014432/VISUAL.md,,,,,,,,,,,,,,unresearched,,,,0,,0,0,0,0,0,0
4113014458,张家口学院,河北省,https://www.zjku.edu.cn/,universities/河北省/4113014458/profile.yaml,universities/河北省/4113014458/VISUAL.md,http://www.zjku.edu.cn/atm/1369709560081/20210111105037927.png,site_identity,png,True,content_inspected,https://www.zjku.edu.cn/col/1369449782677/index.html,13c9650339f658f058ad99d5,,,,,,,unresearched,,,,0,,0,0,0,0,0,0
4113016202,河北石油职业技术大学,河北省,,universities/河北省/4113016202/profile.yaml,universities/河北省/4113016202/VISUAL.md,https://raw.githubusercontent.com/xioajiumi/Chinese_Universities/e088fddc329a6f0148ca72fd3b4d0fe069f13e3a/logo.zip,badge,jpeg,False,content_inspected,https://github.com/xioajiumi/Chinese_Universities/blob/e088fddc329a6f0148ca72fd3b4d0fe069f13e3a/logo.zip,402917acf4163260,archive_member,https://raw.githubusercontent.com/xioajiumi/Chinese_Universities/e088fddc329a6f0148ca72fd3b4d0fe069f13e3a/logo.zip,img2/河北石油职业技术大学.png,53c17d411407a72ee7e3094cbc8e5238fbf8d376e5415e78ff2c5ad2c55bb549,,,unresearched,,,,0,,0,0,0,0,0,0
4113016203,河北科技工程职业技术大学,河北省,,universities/河北省/4113016203/profile.yaml,universities/河北省/4113016203/VISUAL.md,https://www.hevute.edu.cn/images/logo.png,site_identity,png,True,content_inspected,https://www.hevute.edu.cn/xxwh/xxxh/index.htm,c1b9206f9eb413b149630387,,,,,,,unresearched,,,,0,,0,0,0,0,0,0
4113016204,河北工业职业技术大学,河北省,https://www.hbcit.edu.cn/,universities/河北省/4113016204/profile.yaml,universities/河北省/4113016204/VISUAL.md,https://www.hbcit.edu.cn/images/logo.png,site_identity,png,True,content_inspected,https://www.hbcit.edu.cn/,072107d112e192530d8f64b0,,,,,,,unresearched,,,,0,,0,0,0,0,0,0
4213051721,河北环境工程学院,河北省,https://www.hebuee.edu.cn/,universities/河北省/4213051721/profile.yaml,universities/河北省/4213051721/VISUAL.md,https://www.hebuee.edu.cn/images/logozz.png,site_identity,png,True,content_inspected,https://www.hebuee.edu.cn/,4072e99072eea6d949d514cf,,,,,#00782B,manual_derived,found,官网标识取样的PPT建议主色,https://www.hebuee.edu.cn/images/logozz.png,官网页眉标识图片：滤去透明、近白和低饱和背景后，对高频RGB色簇取通道中位数；不是VI标准色色卡,0,,0,0,0,0,0,0
4141010078,华北水利水电大学,河南省,https://www.ncwu.edu.cn/,universities/河南省/4141010078/profile.yaml,universities/河南省/4141010078/VISUAL.md,https://www.ncwu.edu.cn/tpl-v2/assets/images/logo.png,site_identity,png,True,content_inspected,https://www.ncwu.edu.cn/,a81d9d5ac49320aeed88b316,,,,,#B0D5F0,manual_derived,found,官网标识取样的PPT建议主色,https://www.ncwu.edu.cn/tpl-v2/assets/images/logo.png,官网页眉标识图片：滤去透明、近白和低饱和背景后，对高频RGB色簇取通道中位数；不是VI标准色色卡,0,,0,0,0,0,0,0
4141010459,郑州大学,河南省,https://www.zzu.edu.cn/index.htm,universities/河南省/4141010459/profile.yaml,universities/河南省/4141010459/VISUAL.md,https://www5.zzu.edu.cn/xuan/images/logo-xuan.png,site_identity,png,True,content_inspected,https://www5.zzu.edu.cn/xuan/info/1017/1157.htm,2e0fa9d6656378b7df5503b8,,,,,#1D4144,manual_derived,found,官网标识取样的PPT建议主色,https://www.zzu.edu.cn/template_files/1/img/mobile-nav-logo.png,官网页眉标识图片：滤去透明、近白和低饱和背景后，对高频RGB色簇取通道中位数；不是VI标准色色卡,0,,0,0,4,0,0,0
4141010460,河南理工大学,河南省,https://www.hpu.edu.cn/,universities/河南省/4141010460/profile.yaml,universities/河南省/4141010460/VISUAL.md,https://xcb.hpu.edu.cn/images/logo.png,site_identity,png,True,content_inspected,https://xcb.hpu.edu.cn/info/1007/1373.htm,7f263c8b32652be13f83abe0,,,,,#9E1D1B,manual_derived,found,官网标识取样的PPT建议主色,https://www.hpu.edu.cn/dfiles/9852/www/images2019/xsdt_yello_logo.png,官网页眉标识图片：滤去透明、近白和低饱和背景后，对高频RGB色簇取通道中位数；不是VI标准色色卡,0,,0,0,1,0,0,0
4141010462,郑州轻工业大学,河南省,https://www.zzuli.edu.cn,universities/河南省/4141010462/profile.yaml,universities/河南省/4141010462/VISUAL.md,https://www.zzuli.edu.cn/_upload/tpl/0a/28/2600/template2600/images/logo.png,site_identity,png,True,content_inspected,https://www.zzuli.edu.cn,05354c080a7fab9ab5bfb325,,,,,,,unresearched,,,,0,,0,0,0,0,0,0
4141010463,河南工业大学,河南省,https://www.haut.edu.cn/,universities/河南省/4141010463/profile.yaml,universities/河南省/4141010463/VISUAL.md,https://www.haut.edu.cn/images/logo.png,site_identity,png,True,content_inspected,https://www.haut.edu.cn/,0e8d94e50b8bd50f36083e27,,,,,#22436D,manual_derived,found,官网标识取样的PPT建议主色,https://www.haut.edu.cn/images/logo2.png,官网页眉标识图片：滤去透明、近白和低饱和背景后，对高频RGB色簇取通道中位数；不是VI标准色色卡,3,,0,0,0,0,0,0
4141010464,河南科技大学,河南省,https://www.haust.edu.cn/,universities/河南省/4141010464/profile.yaml,universities/河南省/4141010464/VISUAL.md,https://www.haust.edu.cn/images2025/logo.png,site_identity,png,True,content_inspected,https://www.haust.edu.cn/,99be35b5ada5c106e170d0b2,,,,,#574471,manual_derived,found,官网标识取样的PPT建议主色,https://www.haust.edu.cn/images2025/logo.png,官网页眉标识图片：滤去透明、近白和低饱和背景后，对高频RGB色簇取通道中位数；不是VI标准色色卡,0,,0,0,1,0,0,0
4141010465,中原工学院,河南省,https://www.zut.edu.cn/,universities/河南省/4141010465/profile.yaml,universities/河南省/4141010465/VISUAL.md,https://xcb.zut.edu.cn/static/picture/logo.png,site_identity,png,True,content_inspected,https://xcb.zut.edu.cn/info/2407/15281.htm,8fe05c5f31f3e87fed42aec1,,,,,#901930,manual_derived,found,官网标识取样的PPT建议主色,https://www.zut.edu.cn/images/logo_hov.png,官网页眉标识图片：滤去透明、近白和低饱和背景后，对高频RGB色簇取通道中位数；不是VI标准色色卡,0,,0,0,0,0,0,0
4141010466,河南农业大学,河南省,https://www.henau.edu.cn/,universities/河南省/4141010466/profile.yaml,universities/河南省/4141010466/VISUAL.md,https://www.henau.edu.cn/2024index/images/logo.png,site_identity,png,True,content_inspected,https://www.henau.edu.cn/,5263e2abcb13d25408e23da4,,,,,#007A44,manual_derived,found,官网标识取样的PPT建议主色,https://www.henau.edu.cn/2024index/images/logo.png,官网页眉标识图片：滤去透明、近白和低饱和背景后，对高频RGB色簇取通道中位数；不是VI标准色色卡,0,,0,0,1,0,0,0
4141010467,河南科技学院,河南省,https://www.hist.edu.cn,universities/河南省/4141010467/profile.yaml,universities/河南省/4141010467/VISUAL.md,https://www.hist.edu.cn/images/logo-1.png,site_identity,png,True,content_inspected,https://www.hist.edu.cn,b6542107ec5c470e9ff05ff5,,,,,,,unresearched,,,,0,,0,0,1,0,0,0
4141010469,河南牧业经济学院,河南省,https://www.hnuahe.edu.cn/,universities/河南省/4141010469/profile.yaml,universities/河南省/4141010469/VISUAL.md,https://xcb.hnuahe.edu.cn/images/dwlogo111.png,site_identity,png,True,content_inspected,https://xcb.hnuahe.edu.cn/info/1044/1300.htm,09064aa98ca189163e35704b,,,,,#9F2925,manual_derived,found,官网标识取样的PPT建议主色,https://www.hnuahe.edu.cn/images/logo.png,官网页眉标识图片：滤去透明、近白和低饱和背景后，对高频RGB色簇取通道中位数；不是VI标准色色卡,0,,0,0,0,0,0,0
4141010471,河南中医药大学,河南省,https://www.hactcm.edu.cn,universities/河南省/4141010471/profile.yaml,universities/河南省/4141010471/VISUAL.md,https://www.hactcm.edu.cn/images/logo.png,site_identity,png,True,content_inspected,https://www.hactcm.edu.cn,f10d537f38d4eaf8862c88e6,,,,,#6D562B,manual_derived,found,官网标识取样的PPT建议主色,https://www.hactcm.edu.cn/images/logo.png,官网页眉标识图片：滤去透明、近白和低饱和背景后，对高频RGB色簇取通道中位数；不是VI标准色色卡,0,,0,0,0,0,0,0
4141010472,河南医药大学,河南省,https://www.xxmu.edu.cn/,universities/河南省/4141010472/profile.yaml,universities/河南省/4141010472/VISUAL.md,https://www.xxmu.edu.cn/images/logo-db-bs-20250617-01.png,site_identity,png,True,content_inspected,https://www.xxmu.edu.cn/,80d3531887a7412f7f834c47,,,,,,,unresearched,,,,0,,0,0,0,0,0,0
4141010475,河南大学,河南省,http://www.henu.edu.cn,universities/河南省/4141010475/profile.yaml,universities/河南省/4141010475/VISUAL.md,https://www.henu.edu.cn/images/container10_logo.png,site_identity,png,True,content_inspected,https://www.henu.edu.cn/zjhd/xhxxxf.htm,c48750452bb232cbab33f097,,,,,#4961AA,manual_derived,found,官网标识取样的PPT建议主色,http://www.henu.edu.cn/images/logo.png,官网页眉标识图片：滤去透明、近白和低饱和背景后，对高频RGB色簇取通道中位数；不是VI标准色色卡,0,,0,0,2,0,0,0
4141010476,河南师范大学,河南省,https://www.htu.edu.cn/,universities/河南省/4141010476/profile.yaml,universities/河南省/4141010476/VISUAL.md,https://www.htu.edu.cn/_upload/tpl/11/5c/4444/template4444/images/logo.png,site_identity,png,True,content_inspected,https://www.htu.edu.cn/,c24ba38312966deebe1da000,,,,,,,unresearched,,,,0,,0,0,1,0,0,0
4141010477,信阳师范大学,河南省,https://www.xynu.edu.cn/,universities/河南省/4141010477/profile.yaml,universities/河南省/4141010477/VISUAL.md,https://www.xynu.edu.cn/skin/m5/logo.png,site_identity,png,True,content_inspected,https://www.xynu.edu.cn/,6e7a472f07b52fbf6720386b,,,,,#008C3E,manual_derived,found,官网标识取样的PPT建议主色,https://www.xynu.edu.cn/skin/m5/logo.png,官网页眉标识图片：滤去透明、近白和低饱和背景后，对高频RGB色簇取通道中位数；不是VI标准色色卡,0,,0,0,0,0,0,0
4141010478,周口师范学院,河南省,https://www.zknu.edu.cn/,universities/河南省/4141010478/profile.yaml,universities/河南省/4141010478/VISUAL.md,https://www.zknu.edu.cn/_upload/site/00/6a/106/logo.png,site_identity,png,True,content_inspected,https://www.zknu.edu.cn/,79b85307171e01e0b99f1154,,,,,#41A158,manual_derived,found,官网标识取样的PPT建议主色,https://www.zknu.edu.cn/_upload/site/00/6a/106/logo.png,官网页眉标识图片：滤去透明、近白和低饱和背景后，对高频RGB色簇取通道中位数；不是VI标准色色卡,0,,0,0,0,0,0,0
4141010479,安阳师范学院,河南省,https://www.aynu.edu.cn,universities/河南省/4141010479/profile.yaml,universities/河南省/4141010479/VISUAL.md,https://www.aynu.edu.cn/images/logo.png,site_identity,png,True,content_inspected,https://www.aynu.edu.cn,f1d56c848021f0030674a6aa,,,,,#94211A,manual_derived,found,官网标识取样的PPT建议主色,https://www.aynu.edu.cn/images/logo.png,官网页眉标识图片：滤去透明、近白和低饱和背景后，对高频RGB色簇取通道中位数；不是VI标准色色卡,0,,0,0,0,0,0,0
4141010480,许昌学院,河南省,https://www.xcu.edu.cn/,universities/河南省/4141010480/profile.yaml,universities/河南省/4141010480/VISUAL.md,https://www.xcu.edu.cn/images/logo0924.png,site_identity,png,True,content_inspected,https://www.xcu.edu.cn/,9e58e8e90fef43c3b3711787,,,,,#096040,manual_derived,found,官网标识取样的PPT建议主色,https://www.xcu.edu.cn/images/logo0924.png,官网页眉标识图片：滤去透明、近白和低饱和背景后，对高频RGB色簇取通道中位数；不是VI标准色色卡,0,,0,0,0,0,0,0
4141010481,南阳师范学院,河南省,https://www.nynu.edu.cn/,universities/河南省/4141010481/profile.yaml,universities/河南省/4141010481/VISUAL.md,https://www.nynu.edu.cn/images/logo.png,site_identity,png,True,content_inspected,https://www.nynu.edu.cn/,59d90fc3181f3ddfdfa631dc,,,,,,,unresearched,,,,0,,0,0,0,0,0,0
4141010482,洛阳师范学院,河南省,https://www.lynu.edu.cn,universities/河南省/4141010482/profile.yaml,universities/河南省/4141010482/VISUAL.md,https://www.lynu.edu.cn/images/logo.png,site_identity,png,True,content_inspected,https://www.lynu.edu.cn,b291cfa452030bddc7f6f05c,,,,,#00633B,manual_derived,found,官网标识取样的PPT建议主色,https://www.lynu.edu.cn/images/logo.png,官网页眉标识图片：滤去透明、近白和低饱和背景后，对高频RGB色簇取通道中位数；不是VI标准色色卡,0,,0,0,0,0,0,0
4141010483,商丘师范学院,河南省,https://www.sqnu.edu.cn/,universities/河南省/4141010483/profile.yaml,universities/河南省/4141010483/VISUAL.md,https://raw.githubusercontent.com/xioajiumi/Chinese_Universities/e088fddc329a6f0148ca72fd3b4d0fe069f13e3a/logo.zip,badge,png,False,content_inspected,https://github.com/xioajiumi/Chinese_Universities/blob/e088fddc329a6f0148ca72fd3b4d0fe069f13e3a/logo.zip,e40f80ea8726ef5e,archive_member,https://raw.githubusercontent.com/xioajiumi/Chinese_Universities/e088fddc329a6f0148ca72fd3b4d0fe069f13e3a/logo.zip,img2/商丘师范学院.png,53c17d411407a72ee7e3094cbc8e5238fbf8d376e5415e78ff2c5ad2c55bb549,#003690,manual_derived,found,官网标识取样的PPT建议主色,https://www.sqnu.edu.cn/images/logo_b.jpg,官网页眉标识图片：滤去透明、近白和低饱和背景后，对高频RGB色簇取通道中位数；不是VI标准色色卡,0,,0,0,0,0,0,0
4141010484,河南财经政法大学,河南省,https://www.huel.edu.cn/,universities/河南省/4141010484/profile.yaml,universities/河南省/4141010484/VISUAL.md,https://www.huel.edu.cn/images/logo20231102.png,site_identity,png,True,content_inspected,https://www.huel.edu.cn/xxgk/xxbs.htm,a4d1c346590f83ad17be14aa,,,,,#AE2D30,manual_derived,found,官网标识取样的PPT建议主色,https://www.huel.edu.cn/images/logo20231102.png,官网页眉标识图片：滤去透明、近白和低饱和背景后，对高频RGB色簇取通道中位数；不是VI标准色色卡,0,,0,0,0,0,0,0
4141010485,郑州航空工业管理学院,河南省,https://www.zua.edu.cn/,universities/河南省/4141010485/profile.yaml,universities/河南省/4141010485/VISUAL.md,https://www.zua.edu.cn/dfiles/9832/common/images/htmlimage/logo.png,site_identity,png,True,content_inspected,https://www.zua.edu.cn/,86da7e976bc4a7a9a850ff70,,,,,,,unresearched,,,,0,,0,0,0,0,0,0
4141010843,郑州铁路职业技术大学,河南省,https://www.zzrvtc.edu.cn/,universities/河南省/4141010843/profile.yaml,universities/河南省/4141010843/VISUAL.md,https://www.zzrvtc.edu.cn/_upload/tpl/01/94/404/template404/images/logo2.png?v1,site_identity,png,True,content_inspected,https://www.zzrvtc.edu.cn/,99617c63ec51098aeb8c300f,,,,,,,unresearched,,,,0,,0,0,0,0,0,0
4141010918,黄淮学院,河南省,https://www1.huanghuai.edu.cn/,universities/河南省/4141010918/profile.yaml,universities/河南省/4141010918/VISUAL.md,http://www.huanghuai.edu.cn/images/logo.png,site_identity,png,True,content_inspected,http://www.huanghuai.edu.cn/xxgkPG/xxbsvY/index.htm,bc569628b1d3e14fcd002cbc,,,,,,,unresearched,,,,0,,0,0,0,0,0,0
4141010919,平顶山学院,河南省,https://www.pdsu.edu.cn/,universities/河南省/4141010919/profile.yaml,universities/河南省/4141010919/VISUAL.md,https://www.pdsu.edu.cn/images/logo.png,site_identity,png,True,content_inspected,https://www.pdsu.edu.cn/,2be50871aa3f992a1995c8a3,,,,,#01913E,manual_derived,found,官网标识取样的PPT建议主色,https://www.pdsu.edu.cn/images/logo.png,官网页眉标识图片：滤去透明、近白和低饱和背景后，对高频RGB色簇取通道中位数；不是VI标准色色卡,0,,0,0,0,0,0,0
4141011068,郑州工程技术学院,河南省,,universities/河南省/4141011068/profile.yaml,universities/河南省/4141011068/VISUAL.md,https://raw.githubusercontent.com/xioajiumi/Chinese_Universities/e088fddc329a6f0148ca72fd3b4d0fe069f13e3a/logo.zip,badge,jpeg,False,content_inspected,https://github.com/xioajiumi/Chinese_Universities/blob/e088fddc329a6f0148ca72fd3b4d0fe069f13e3a/logo.zip,6550ae15a0fb39a7,archive_member,https://raw.githubusercontent.com/xioajiumi/Chinese_Universities/e088fddc329a6f0148ca72fd3b4d0fe069f13e3a/logo.zip,img2/郑州工程技术学院.png,53c17d411407a72ee7e3094cbc8e5238fbf8d376e5415e78ff2c5ad2c55bb549,,,unresearched,,,,0,,0,0,0,0,0,0
4141011070,洛阳理工学院,河南省,,universities/河南省/4141011070/profile.yaml,universities/河南省/4141011070/VISUAL.md,https://raw.githubusercontent.com/xioajiumi/Chinese_Universities/e088fddc329a6f0148ca72fd3b4d0fe069f13e3a/logo.zip,badge,png,False,content_inspected,https://github.com/xioajiumi/Chinese_Universities/blob/e088fddc329a6f0148ca72fd3b4d0fe069f13e3a/logo.zip,91b6c431cf0fb151,archive_member,https://raw.githubusercontent.com/xioajiumi/Chinese_Universities/e088fddc329a6f0148ca72fd3b4d0fe069f13e3a/logo.zip,img2/洛阳理工学院.png,53c17d411407a72ee7e3094cbc8e5238fbf8d376e5415e78ff2c5ad2c55bb549,,,unresearched,,,,0,,0,0,1,0,0,0
4141011071,新乡学院,河南省,https://www.xxu.edu.cn/,universities/河南省/4141011071/profile.yaml,universities/河南省/4141011071/VISUAL.md,https://www.xxu.edu.cn/dfiles/9773/images/logo_02.png,site_identity,png,True,content_inspected,https://www.xxu.edu.cn/,b0bcd9596735ace96fe7b275,,,,,#0081CC,manual_derived,found,官网标识取样的PPT建议主色,https://www.xxu.edu.cn/dfiles/9773/images/logo_01.png,官网页眉标识图片：滤去透明、近白和低饱和背景后，对高频RGB色簇取通道中位数；不是VI标准色色卡,0,,0,0,0,0,0,0
4141011326,信阳农林学院,河南省,https://www.xyafu.edu.cn/,universities/河南省/4141011326/profile.yaml,universities/河南省/4141011326/VISUAL.md,https://www.xyafu.edu.cn/images/logo.png,site_identity,png,True,content_inspected,https://www.xyafu.edu.cn/,f047e34666a20aa6ebdac5bf,,,,,,,unresearched,,,,0,,0,0,0,0,0,0
4141011329,河南工学院,河南省,https://www.hait.edu.cn/,universities/河南省/4141011329/profile.yaml,universities/河南省/4141011329/VISUAL.md,https://www.hait.edu.cn/basecomponent/logo.png,site_identity,png,True,content_inspected,https://www.hait.edu.cn/,cfcee99aa4a3f0e5f5b1b7d4,,,,,#01529A,manual_derived,found,官网标识取样的PPT建议主色,https://www.hait.edu.cn/basecomponent/logo.png,官网页眉标识图片：滤去透明、近白和低饱和背景后，对高频RGB色簇取通道中位数；不是VI标准色色卡,0,,0,0,0,0,0,0
4141011330,安阳工学院,河南省,https://www.ayit.edu.cn/,universities/河南省/4141011330/profile.yaml,universities/河南省/4141011330/VISUAL.md,https://www.ayit.edu.cn/images/logo.png,site_identity,png,True,content_inspected,https://www.ayit.edu.cn/,936c1f59dc73f09138c7b302,,,,,#003F97,manual_derived,found,官网标识取样的PPT建议主色,https://www.ayit.edu.cn/images/logo.png,官网页眉标识图片：滤去透明、近白和低饱和背景后，对高频RGB色簇取通道中位数；不是VI标准色色卡,0,,0,0,0,0,0,0
4141011517,河南工程学院,河南省,http://www.haue.edu.cn,universities/河南省/4141011517/profile.yaml,universities/河南省/4141011517/VISUAL.md,http://www.haue.edu.cn/img/logo.png,site_identity,png,True,content_inspected,http://www.haue.edu.cn,f87f10d9860a456cd148d5cf,,,,,#0054A3,manual_derived,found,官网标识取样的PPT建议主色,http://www.haue.edu.cn/img/logo.png,官网页眉标识图片：滤去透明、近白和低饱和背景后，对高频RGB色簇取通道中位数；不是VI标准色色卡,0,,0,0,0,0,0,0
4141011652,河南财政金融学院,河南省,https://www.hafu.edu.cn,universities/河南省/4141011652/profile.yaml,universities/河南省/4141011652/VISUAL.md,https://www.hafu.edu.cn/images/logo2.png,site_identity,png,True,content_inspected,https://www.hafu.edu.cn,5635edc285e8cbd2dfbd2cc7,,,,,,,unresearched,,,,0,,0,0,0,0,0,0
4141011653,南阳理工学院,河南省,https://www.nyist.edu.cn,universities/河南省/4141011653/profile.yaml,universities/河南省/4141011653/VISUAL.md,https://www.nyist.edu.cn/images/logo.png,site_identity,png,True,content_inspected,https://www.nyist.edu.cn,36381be2c2ce9e10467902de,,,,,,,unresearched,,,,0,,0,0,1,0,0,0
4141011765,河南城建学院,河南省,https://www.huuc.edu.cn/,universities/河南省/4141011765/profile.yaml,universities/河南省/4141011765/VISUAL.md,https://www.huuc.edu.cn/images/logo.png,site_identity,png,True,content_inspected,https://www.huuc.edu.cn/,2186708f8576d8939afc2cdc,,,,,#005197,manual_derived,found,官网标识取样的PPT建议主色,https://www.huuc.edu.cn/images/logo.png,官网页眉标识图片：滤去透明、近白和低饱和背景后，对高频RGB色簇取通道中位数；不是VI标准色色卡,0,,0,0,1,0,0,0
4141011788,河南警察学院,河南省,https://www.hnp.edu.cn,universities/河南省/4141011788/profile.yaml,universities/河南省/4141011788/VISUAL.md,https://www.hnp.edu.cn/images/hnp-logo.png,site_identity,png,True,content_inspected,https://www.hnp.edu.cn,fc6d97b5e12739e8fefc4f48,,,,,,,unresearched,,,,0,,0,0,0,0,0,0
4141011834,黄河科技学院,河南省,https://www.hhstu.edu.cn/,universities/河南省/4141011834/profile.yaml,universities/河南省/4141011834/VISUAL.md,https://www.hhstu.edu.cn/images/logo.png,site_identity,png,True,content_inspected,https://www.hhstu.edu.cn/,fe49cdda55775ccce82abcf1,,,,,,,unresearched,,,,0,,0,0,0,0,0,0
4141012058,黄河水利职业技术大学,河南省,https://www.yrcti.edu.cn/,universities/河南省/4141012058/profile.yaml,universities/河南省/4141012058/VISUAL.md,https://www.yrcti.edu.cn/images/logo20250404.png,site_identity,png,True,content_inspected,https://www.yrcti.edu.cn/,65e979d7d056d26c51099644,,,,,,,unresearched,,,,0,,0,0,0,0,0,0
4141012735,郑州警察学院,河南省,,universities/河南省/4141012735/profile.yaml,universities/河南省/4141012735/VISUAL.md,,,,,,,,,,,,,,unresearched,,,,0,,0,0,0,0,0,0
4141012746,郑州科技学院,河南省,https://www.zit.edu.cn/,universities/河南省/4141012746/profile.yaml,universities/河南省/4141012746/VISUAL.md,https://www.zit.edu.cn/images/logo.png,site_identity,png,True,content_inspected,https://www.zit.edu.cn/,ced40b9d2cadfc18629d97c7,,,,,,,unresearched,,,,0,,0,0,0,0,0,0
4141012747,郑州工业应用技术学院,河南省,https://www.zzuit.edu.cn,universities/河南省/4141012747/profile.yaml,universities/河南省/4141012747/VISUAL.md,https://www.zzuit.edu.cn/images/22/bslogo.png,site_identity,png,True,content_inspected,https://www.zzuit.edu.cn,e89c5f5cc0661ab24785c3ca,,,,,,,unresearched,,,,0,,0,0,0,0,0,0
4141012794,河南工业职业技术大学,河南省,http://www.hnpi.edu.cn/,universities/河南省/4141012794/profile.yaml,universities/河南省/4141012794/VISUAL.md,http://www.hnpi.edu.cn/_upload/tpl/00/39/57/template57/images/logo.svg,site_identity,svg,True,content_inspected,http://www.hnpi.edu.cn/,f12201e211e4743985e25f6e,,,,,,,unresearched,,,,0,,0,0,0,0,0,0
4141012948,郑州健康学院,河南省,https://www.zzsqmc.edu.cn/,universities/河南省/4141012948/profile.yaml,universities/河南省/4141012948/VISUAL.md,,,,,,,,,,,,,,unresearched,,,,0,,0,0,0,0,0,0
4141012949,郑州师范学院,河南省,,universities/河南省/4141012949/profile.yaml,universities/河南省/4141012949/VISUAL.md,https://raw.githubusercontent.com/xioajiumi/Chinese_Universities/e088fddc329a6f0148ca72fd3b4d0fe069f13e3a/logo.zip,badge,png,False,content_inspected,https://github.com/xioajiumi/Chinese_Universities/blob/e088fddc329a6f0148ca72fd3b4d0fe069f13e3a/logo.zip,fed973289651f3f3,archive_member,https://raw.githubusercontent.com/xioajiumi/Chinese_Universities/e088fddc329a6f0148ca72fd3b4d0fe069f13e3a/logo.zip,img2/郑州师范学院.png,53c17d411407a72ee7e3094cbc8e5238fbf8d376e5415e78ff2c5ad2c55bb549,,,unresearched,,,,0,,0,0,0,0,0,0
4141013497,郑州财经学院,河南省,https://www.zzife.edu.cn,universities/河南省/4141013497/profile.yaml,universities/河南省/4141013497/VISUAL.md,https://www.zzife.edu.cn/attachment/core/2023_01/27_11/023ec009ae1604b5.png,site_identity,png,True,content_inspected,https://www.zzife.edu.cn,fc11c10f56a016e5385ebc60,,,,,,,unresearched,,,,0,,0,0,0,0,0,0
4141013498,黄河交通学院,河南省,https://www.zjtu.edu.cn,universities/河南省/4141013498/profile.yaml,universities/河南省/4141013498/VISUAL.md,https://news.zjtu.edu.cn/pic2018/images/logo.png,site_identity,png,True,content_inspected,https://news.zjtu.edu.cn/content/ggtz/201405/1160.html,3aef0cc680256a4c570457ce,,,,,,,unresearched,,,,0,,0,0,0,0,0,0
4141013500,商丘工学院,河南省,https://www.sqgxy.edu.cn/,universities/河南省/4141013500/profile.yaml,universities/河南省/4141013500/VISUAL.md,https://www.sqgxy.edu.cn/_upload/tpl/00/04/4/template4/images/logo.png,site_identity,png,True,content_inspected,https://www.sqgxy.edu.cn/,37b4fe7c68e404236625ad85,,,,,,,unresearched,,,,0,,0,0,0,0,0,0
4141013501,河南开封科技传媒学院,河南省,,universities/河南省/4141013501/profile.yaml,universities/河南省/4141013501/VISUAL.md,,,,,,,,,,,,,,unresearched,,,,0,,0,0,0,0,0,0
4141013502,中原科技学院,河南省,https://www.zykj.edu.cn/,universities/河南省/4141013502/profile.yaml,universities/河南省/4141013502/VISUAL.md,https://www.zykj.edu.cn/images/zhongyuankejixueyuanlogo3.png,site_identity,png,True,content_inspected,https://www.zykj.edu.cn/,320daed61d0c59f50d5c445b,,,,,,,unresearched,,,,0,,0,0,0,0,0,0
4141013503,信阳学院,河南省,,universities/河南省/4141013503/profile.yaml,universities/河南省/4141013503/VISUAL.md,https://www.xyu.edu.cn/images/logo.png,site_identity,png,True,content_inspected,https://www.xyu.edu.cn/xxgk/xhxx.htm,b078c1c7ad21af56e992ea11,,,,,,,unresearched,,,,0,,0,0,0,0,0,0
4141013504,安阳学院,河南省,https://www.ayxy.edu.cn/,universities/河南省/4141013504/profile.yaml,universities/河南省/4141013504/VISUAL.md,https://www.ayxy.edu.cn/images/logo.png,site_identity,png,True,content_inspected,https://www.ayxy.edu.cn/,e30f149d7c2aadd992bf63aa,,,,,#DA251C,manual_derived,found,官网标识取样的PPT建议主色,https://www.ayxy.edu.cn/images/footer-logo.png,官网页眉标识图片：滤去透明、近白和低饱和背景后，对高频RGB色簇取通道中位数；不是VI标准色色卡,0,,0,0,0,0,0,0
4141013505,豫北医学院,河南省,https://www.nhmu.edu.cn/,universities/河南省/4141013505/profile.yaml,universities/河南省/4141013505/VISUAL.md,https://www.nhmu.edu.cn/_upload/tpl/02/8d/653/template653/images/logo.svg,site_identity,svg,True,content_inspected,https://www.nhmu.edu.cn/,c023c552891ca8e79a6dd74e,,,,,,,unresearched,,,,0,,0,0,0,0,0,0
4141013506,新乡工程学院,河南省,https://www.xxgc.edu.cn,universities/河南省/4141013506/profile.yaml,universities/河南省/4141013506/VISUAL.md,https://www.xxgc.edu.cn/images/logogaoqing.png,site_identity,png,True,content_inspected,https://www.xxgc.edu.cn,d5b44a4dac4216dee9b3cbcc,,,,,,,unresearched,,,,0,,0,0,0,0,0,0
4141013507,郑州工商学院,河南省,https://www.ztbu.edu.cn,universities/河南省/4141013507/profile.yaml,universities/河南省/4141013507/VISUAL.md,https://yzbgs.ztbu.edu.cn/attachment/sites/farm/2022_10/21_14/3edf0c12be9056c6.png,site_identity,png,True,content_inspected,https://yzbgs.ztbu.edu.cn/2023_12/27_15/content-52627.html,ba78dd98e6188fcaf303ea28,,,,,,,unresearched,,,,0,,0,0,0,0,0,0
4141013508,郑州经贸学院,河南省,https://www.zueb.edu.cn/,universities/河南省/4141013508/profile.yaml,universities/河南省/4141013508/VISUAL.md,https://xcb.zueb.edu.cn/images/xcb-logo.png,site_identity,png,True,content_inspected,https://xcb.zueb.edu.cn/info/1009/1007.htm,46c8dce3ba11fc08849d906e,,,,,,,unresearched,,,,0,,0,0,0,0,0,0
4141014003,商丘学院,河南省,https://www.sqxy.edu.cn/,universities/河南省/4141014003/profile.yaml,universities/河南省/4141014003/VISUAL.md,https://www.sqxy.edu.cn/css/logo.png,site_identity,png,True,content_inspected,https://www.sqxy.edu.cn/,7665feb8e44075556b6d7ad2,,,,,#FC3033,manual_derived,found,官网标识取样的PPT建议主色,https://www.sqxy.edu.cn/css/logo.png,官网页眉标识图片：滤去透明、近白和低饱和背景后，对高频RGB色簇取通道中位数；不是VI标准色色卡,0,,0,0,0,0,0,0
4141014040,郑州商学院,河南省,https://www.zbu.edu.cn/,universities/河南省/4141014040/profile.yaml,universities/河南省/4141014040/VISUAL.md,https://www.zbu.edu.cn/_upload/tpl/00/04/4/template4/images/logo.svg,site_identity,svg,True,content_inspected,https://www.zbu.edu.cn/,b35f56d080756b00d54742e4,,,,,,,unresearched,,,,0,,0,0,0,0,0,0
4141014169,河南科技职业大学,河南省,https://www.hnvust.cn,universities/河南省/4141014169/profile.yaml,universities/河南省/4141014169/VISUAL.md,https://www.hnvust.cn/images/20/11/01/14159dtvvy/logo.png,site_identity,png,True,content_inspected,https://www.hnvust.cn,39cd44cb980d76aed1dd29ac,,,,,,,unresearched,,,,0,,0,0,0,0,0,0
4141014233,漯河食品工程职业大学,河南省,https://www.lsgx.com.cn/,universities/河南省/4141014233/profile.yaml,universities/河南省/4141014233/VISUAL.md,,,,,,,,,,,,,,unresearched,,,,0,,0,0,0,0,0,0
4141014333,郑州升达经贸管理学院,河南省,https://www.shengda.edu.cn/,universities/河南省/4141014333/profile.yaml,universities/河南省/4141014333/VISUAL.md,https://www.shengda.edu.cn/images/logo20210607.png,site_identity,png,True,content_inspected,https://www.shengda.edu.cn/,66feb1baa3318d85c6e9c322,,,,,,,unresearched,,,,0,,0,0,0,0,0,0
4141014654,郑州西亚斯学院,河南省,,universities/河南省/4141014654/profile.yaml,universities/河南省/4141014654/VISUAL.md,,,,,,,,,,,,,,unresearched,,,,0,,0,0,0,0,0,0
4141014831,郑州美术学院,河南省,,universities/河南省/4141014831/profile.yaml,universities/河南省/4141014831/VISUAL.md,,,,,,,,,,,,,,unresearched,,,,0,,0,0,0,0,0,0
4141014879,河南体育学院,河南省,,universities/河南省/4141014879/profile.yaml,universities/河南省/4141014879/VISUAL.md,https://www.hasu.edu.cn/images2022/logo.png,site_identity,png,True,content_inspected,https://www.hasu.edu.cn/xxgk/xhjsy.htm,8f0816576e39ec0ab42f3d22,,,,,,,unresearched,,,,0,,0,0,0,0,0,0
4141014949,河南信息科技学院,河南省,,universities/河南省/4141014949/profile.yaml,universities/河南省/4141014949/VISUAL.md,,,,,,,,,,,,,,unresearched,,,,0,,0,0,0,0,0,0
4141014980,河南能源化工学院,河南省,,universities/河南省/4141014980/profile.yaml,universities/河南省/4141014980/VISUAL.md,,,,,,,,,,,,,,unresearched,,,,0,,0,0,0,0,0,0
4141014981,河南国医学院,河南省,https://www.hcccm.edu.cn/,universities/河南省/4141014981/profile.yaml,universities/河南省/4141014981/VISUAL.md,https://www.hcccm.edu.cn/_upload/tpl/00/03/3/template3/images/logo2.svg,site_identity,svg,True,content_inspected,https://www.hcccm.edu.cn/,60bd770ee84c724165d87adf,,,,,,,unresearched,,,,0,,0,0,0,0,0,0
4141014982,河南应用工程学院,河南省,https://hyg.smxpt.edu.cn/,universities/河南省/4141014982/profile.yaml,universities/河南省/4141014982/VISUAL.md,https://hyg.smxpt.edu.cn/_upload/tpl/00/0a/10/template10/images/yygclogo.png,site_identity,png,True,content_inspected,https://hyg.smxpt.edu.cn/,63b660be81830cbac85a80d4,,,,,,,unresearched,,,,0,,0,0,0,0,0,0
4133010335,浙江大学,浙江省,https://www.zju.edu.cn,universities/浙江省/4133010335/profile.yaml,universities/浙江省/4133010335/VISUAL.md,https://raw.githubusercontent.com/RoboMaster/university_logos/3d645fc89869707bd7df8dba0f7e4bbcc4a60e14/Zhejiang_University/svg/logo_blue.svg,badge,svg,False,content_inspected,https://github.com/RoboMaster/university_logos/blob/3d645fc89869707bd7df8dba0f7e4bbcc4a60e14/Zhejiang_University/svg/logo_blue.svg,fcff1c3d94e82ac1,,,,,#003F88,official_vi,found,求是蓝,https://www.zju.edu.cn/english/2023/0323/c74903a2732011/page.psp,"官网英文 Logo 页标注 signature color truth-seeking blue RGB 0,63,136，换算为 HEX",0,,0,2,4,0,1,0
4133010336,杭州电子科技大学,浙江省,https://www.hdu.edu.cn,universities/浙江省/4133010336/profile.yaml,universities/浙江省/4133010336/VISUAL.md,https://www.hdu.edu.cn/_upload/tpl/02/12/530/template530/images/logo_main.svg,site_identity,svg,True,content_inspected,https://www.hdu.edu.cn,130ac192106eff0f793a87a9,,,,,#163479,official_vi,found,杭电蓝,https://www.hdu.edu.cn/_upload/article/files/b7/db/2cf6e5fe45638547b298779cf9ae/1c0332a8-d71e-49dc-a3c5-0a835c299a4b.pdf,学校章程明确标准色 RGB R22 G52 B121，换算为 HEX,0,,0,0,1,0,0,0
4133010337,浙江工业大学,浙江省,,universities/浙江省/4133010337/profile.yaml,universities/浙江省/4133010337/VISUAL.md,https://raw.githubusercontent.com/HeyHuazi/SVGLOGO/142498f527ac2dd3116cc1feccb9670879839f74/static/library/school/ZJUT.svg,badge,svg,False,content_inspected,https://github.com/HeyHuazi/SVGLOGO/blob/142498f527ac2dd3116cc1feccb9670879839f74/static/library/school/ZJUT.svg,4ca5a0b5ce643c75,,,,,,,unresearched,,,,0,,0,0,2,0,0,0
4133010338,浙江理工大学,浙江省,https://www.zstu.edu.cn/,universities/浙江省/4133010338/profile.yaml,universities/浙江省/4133010338/VISUAL.md,https://www.zstu.edu.cn/images/t_logo.png,site_identity,png,True,content_inspected,https://www.zstu.edu.cn/,afd31a102aa5d64aa2494f46,,,,,#1C7B46,manual_derived,found,官网标识取样的PPT建议主色,https://www.zstu.edu.cn/images/t_logo.png,官网页眉标识图片：滤去透明、近白和低饱和背景后，对高频RGB色簇取通道中位数；不是VI标准色色卡,0,,0,0,1,0,0,0
4133010340,浙江海洋大学,浙江省,https://www.zjou.edu.cn/,universities/浙江省/4133010340/profile.yaml,universities/浙江省/4133010340/VISUAL.md,https://www.zjou.edu.cn/images/logo.png,site_identity,png,True,content_inspected,https://www.zjou.edu.cn/,6b5fb04edef6ef14065c0ca2,,,,,#094A94,manual_derived,found,官网标识取样的PPT建议主色,https://www.zjou.edu.cn/images/logo.png,官网页眉标识图片：滤去透明、近白和低饱和背景后，对高频RGB色簇取通道中位数；不是VI标准色色卡,0,,0,0,0,0,0,0
4133010341,浙江农林大学,浙江省,https://www.zafu.edu.cn/,universities/浙江省/4133010341/profile.yaml,universities/浙江省/4133010341/VISUAL.md,https://www.zafu.edu.cn/images/logo.png,site_identity,png,True,content_inspected,https://www.zafu.edu.cn/,8c1d8a7ad5a1373d68cfdf16,,,,,#166A1F,manual_derived,found,官网标识取样的PPT建议主色,https://www.zafu.edu.cn/images/logo.png,官网页眉标识图片：滤去透明、近白和低饱和背景后，对高频RGB色簇取通道中位数；不是VI标准色色卡,0,,0,0,2,0,0,0
4133010343,温州医科大学,浙江省,https://www.wmu.edu.cn/,universities/浙江省/4133010343/profile.yaml,universities/浙江省/4133010343/VISUAL.md,https://www.wmu.edu.cn/images/logo_w.png,site_identity,png,True,content_inspected,https://www.wmu.edu.cn/,6ec6663f03839ae0491fe78e,,,,,,,unresearched,,,,0,,0,0,1,0,0,0
4133010344,浙江中医药大学,浙江省,https://www.zcmu.edu.cn,universities/浙江省/4133010344/profile.yaml,universities/浙江省/4133010344/VISUAL.md,https://www.zcmu.edu.cn/images/logo_0316.png,site_identity,png,True,content_inspected,https://www.zcmu.edu.cn,4093bc6f64195a19a3c24d8d,,,,,#173888,manual_derived,found,官网标识取样的PPT建议主色,https://www.zcmu.edu.cn/images/logo_0315.png,官网页眉标识图片：滤去透明、近白和低饱和背景后，对高频RGB色簇取通道中位数；不是VI标准色色卡,0,,0,0,1,0,0,0
4133010345,浙江师范大学,浙江省,https://www.zjnu.edu.cn,universities/浙江省/4133010345/profile.yaml,universities/浙江省/4133010345/VISUAL.md,https://www.zjnu.edu.cn/_upload/tpl/01/8e/398/template398/images/logo2.png,site_identity,png,True,content_inspected,https://www.zjnu.edu.cn,92f700039870e3564b846aa2,,,,,#007C36,manual_derived,found,官网标识取样的PPT建议主色,https://www.zjnu.edu.cn/_upload/tpl/01/8e/398/template398/images/logo2.png,官网页眉标识图片：滤去透明、近白和低饱和背景后，对高频RGB色簇取通道中位数；不是VI标准色色卡,0,,0,0,1,0,0,0
4133010346,杭州师范大学,浙江省,https://www.hznu.edu.cn/,universities/浙江省/4133010346/profile.yaml,universities/浙江省/4133010346/VISUAL.md,https://raw.githubusercontent.com/xioajiumi/Chinese_Universities/e088fddc329a6f0148ca72fd3b4d0fe069f13e3a/logo.zip,badge,png,False,content_inspected,https://github.com/xioajiumi/Chinese_Universities/blob/e088fddc329a6f0148ca72fd3b4d0fe069f13e3a/logo.zip,c8d4defd898a507d,archive_member,https://raw.githubusercontent.com/xioajiumi/Chinese_Universities/e088fddc329a6f0148ca72fd3b4d0fe069f13e3a/logo.zip,img2/杭州师范大学.png,53c17d411407a72ee7e3094cbc8e5238fbf8d376e5415e78ff2c5ad2c55bb549,,,unresearched,,,,0,,0,0,1,0,0,0
4133010347,湖州师范大学,浙江省,,universities/浙江省/4133010347/profile.yaml,universities/浙江省/4133010347/VISUAL.md,,,,,,,,,,,,,,unresearched,,,,0,,0,0,0,0,0,0
4133010349,绍兴大学,浙江省,https://www.usx.edu.cn/,universities/浙江省/4133010349/profile.yaml,universities/浙江省/4133010349/VISUAL.md,https://www.usx.edu.cn/image/logo.png,site_identity,png,True,content_inspected,https://www.usx.edu.cn/,6d03f9ffef85a39481f2a625,,,,,,,unresearched,,,,0,,0,0,0,0,0,0
4133010350,台州学院,浙江省,https://www.tzc.edu.cn/,universities/浙江省/4133010350/profile.yaml,universities/浙江省/4133010350/VISUAL.md,https://yxty.tzc.edu.cn/images/logo.png,site_identity,png,True,content_inspected,https://yxty.tzc.edu.cn/tywh/xb.htm,988b874aa56f5accf354aff3,,,,,#E50008,manual_derived,found,官网标识取样的PPT建议主色,https://www.tzc.edu.cn/images/logo.png,官网页眉标识图片：滤去透明、近白和低饱和背景后，对高频RGB色簇取通道中位数；不是VI标准色色卡,0,,0,0,0,0,0,0
4133010351,温州大学,浙江省,https://www.wzu.edu.cn/,universities/浙江省/4133010351/profile.yaml,universities/浙江省/4133010351/VISUAL.md,https://www.wzu.edu.cn/dfiles/9987/template/default/newzhuzhan/wenda/images/logo.png,site_identity,png,True,content_inspected,https://www.wzu.edu.cn/,2b6966fc29b3c8c1f130e0cb,,,,,,,unresearched,,,,0,,0,0,2,0,0,0
4133010352,丽水学院,浙江省,https://www.lsu.edu.cn/main.htm,universities/浙江省/4133010352/profile.yaml,universities/浙江省/4133010352/VISUAL.md,https://www.lsu.edu.cn/_upload/tpl/01/0d/269/template269/images/logo1.png,site_identity,png,True,content_inspected,https://www.lsu.edu.cn/main.htm,4169f130bc738be7adfc3f7b,,,,,#0F6674,manual_derived,found,官网标识取样的PPT建议主色,https://www.lsu.edu.cn/_upload/tpl/01/0d/269/template269/images/logo1.png,官网页眉标识图片：滤去透明、近白和低饱和背景后，对高频RGB色簇取通道中位数；不是VI标准色色卡,0,,0,0,0,0,0,0
4133010353,浙江工商大学,浙江省,https://www.zjgsu.edu.cn,universities/浙江省/4133010353/profile.yaml,universities/浙江省/4133010353/VISUAL.md,https://raw.githubusercontent.com/xioajiumi/Chinese_Universities/e088fddc329a6f0148ca72fd3b4d0fe069f13e3a/logo.zip,badge,png,False,content_inspected,https://github.com/xioajiumi/Chinese_Universities/blob/e088fddc329a6f0148ca72fd3b4d0fe069f13e3a/logo.zip,7a7da6e17a34dd5f,archive_member,https://raw.githubusercontent.com/xioajiumi/Chinese_Universities/e088fddc329a6f0148ca72fd3b4d0fe069f13e3a/logo.zip,img2/浙江工商大学.png,53c17d411407a72ee7e3094cbc8e5238fbf8d376e5415e78ff2c5ad2c55bb549,,,unresearched,,,,0,,0,0,1,0,0,0
4133010354,嘉兴大学,浙江省,https://www.zjxu.edu.cn/,universities/浙江省/4133010354/profile.yaml,universities/浙江省/4133010354/VISUAL.md,https://www.zjxu.edu.cn/images/logo_2419.png,site_identity,png,True,content_inspected,https://www.zjxu.edu.cn/,9fe98007db2cc266558b1769,,,,,,,unresearched,,,,0,,0,0,0,0,0,0
4133010355,中国美术学院,浙江省,https://www.caa.edu.cn,universities/浙江省/4133010355/profile.yaml,universities/浙江省/4133010355/VISUAL.md,https://www.caa.edu.cn/dfiles/9597/images/home_logo.png,site_identity,png,True,content_inspected,https://www.caa.edu.cn,9093ac13db0c2e725ae76dda,,,,,,,unresearched,,,,0,,0,0,2,0,0,0
4133010356,中国计量大学,浙江省,https://jyb.cjlu.edu.cn/,universities/浙江省/4133010356/profile.yaml,universities/浙江省/4133010356/VISUAL.md,https://raw.githubusercontent.com/xioajiumi/Chinese_Universities/e088fddc329a6f0148ca72fd3b4d0fe069f13e3a/logo.zip,badge,png,False,content_inspected,https://github.com/xioajiumi/Chinese_Universities/blob/e088fddc329a6f0148ca72fd3b4d0fe069f13e3a/logo.zip,43b827bea180cf16,archive_member,https://raw.githubusercontent.com/xioajiumi/Chinese_Universities/e088fddc329a6f0148ca72fd3b4d0fe069f13e3a/logo.zip,img2/中国计量大学.png,53c17d411407a72ee7e3094cbc8e5238fbf8d376e5415e78ff2c5ad2c55bb549,,,unresearched,,,,0,,0,0,1,0,0,0
4133010863,宁波职业技术大学,浙江省,https://www.nbpu.edu.cn/,universities/浙江省/4133010863/profile.yaml,universities/浙江省/4133010863/VISUAL.md,https://www.nbpu.edu.cn/_upload/tpl/00/be/190/template190/images/logo.png,site_identity,png,True,content_inspected,https://www.nbpu.edu.cn/,1b3bce1fc95886a91f234df9,,,,,,,unresearched,,,,0,,0,0,0,0,0,0
4133010864,温州职业技术大学,浙江省,https://www.wzpt.edu.cn/index.html,universities/浙江省/4133010864/profile.yaml,universities/浙江省/4133010864/VISUAL.md,https://www.wzpt.edu.cn/Themes/wzvtc2023/images/logo.png,site_identity,png,True,content_inspected,https://www.wzpt.edu.cn/index.html,cf97b236324c13b35d87e709,,,,,,,unresearched,,,,0,,0,0,0,0,0,0
4133010876,浙江万里学院,浙江省,https://www.zwu.edu.cn/,universities/浙江省/4133010876/profile.yaml,universities/浙江省/4133010876/VISUAL.md,https://www.zwu.edu.cn/_upload/tpl/01/c1/449/template449/images/logo_zwu.png?v=2024,site_identity,png,True,content_inspected,https://www.zwu.edu.cn/,f3dc9ea9a91a7af003faf9fa,,,,,,,unresearched,,,,0,,0,0,1,0,0,0
4133011057,浙江科技大学,浙江省,https://www.zust.edu.cn/,universities/浙江省/4133011057/profile.yaml,universities/浙江省/4133011057/VISUAL.md,https://www.zust.edu.cn/images/logo_05.png,site_identity,png,True,content_inspected,https://www.zust.edu.cn/,3ab5e87e4fd179a6e5e7a80b,,,,,#FCC700,manual_derived,found,官网标识取样的PPT建议主色,https://www.zust.edu.cn/images/logo_05.png,官网页眉标识图片：滤去透明、近白和低饱和背景后，对高频RGB色簇取通道中位数；不是VI标准色色卡,0,,0,0,0,0,0,0
4133011058,宁波工程学院,浙江省,https://www.nbut.edu.cn/,universities/浙江省/4133011058/profile.yaml,universities/浙江省/4133011058/VISUAL.md,https://www.nbut.edu.cn/image/logo.png,site_identity,png,True,content_inspected,https://www.nbut.edu.cn/,114e42d90daccb31ab9c6b4a,,,,,,,unresearched,,,,0,https://www.nbut.edu.cn/xywh1/xxsbxt.htm,7,0,0,0,0,0
4133011481,浙江水利水电学院,浙江省,,universities/浙江省/4133011481/profile.yaml,universities/浙江省/4133011481/VISUAL.md,https://raw.githubusercontent.com/xioajiumi/Chinese_Universities/e088fddc329a6f0148ca72fd3b4d0fe069f13e3a/logo.zip,badge,png,False,content_inspected,https://github.com/xioajiumi/Chinese_Universities/blob/e088fddc329a6f0148ca72fd3b4d0fe069f13e3a/logo.zip,edae2360f0199ebe,archive_member,https://raw.githubusercontent.com/xioajiumi/Chinese_Universities/e088fddc329a6f0148ca72fd3b4d0fe069f13e3a/logo.zip,img2/浙江水利水电学院.png,53c17d411407a72ee7e3094cbc8e5238fbf8d376e5415e78ff2c5ad2c55bb549,,,unresearched,,,,0,,0,0,0,0,0,0
4133011482,浙江财经大学,浙江省,https://www.zufe.edu.cn/,universities/浙江省/4133011482/profile.yaml,universities/浙江省/4133011482/VISUAL.md,https://www.zufe.edu.cn/images/logo.svg,site_identity,svg,True,content_inspected,https://www.zufe.edu.cn/,85c4fe5b7f4755301094a5fb,,,,,,,unresearched,,,,0,,0,0,0,0,0,0
4133011483,浙江警察学院,浙江省,,universities/浙江省/4133011483/profile.yaml,universities/浙江省/4133011483/VISUAL.md,https://raw.githubusercontent.com/xioajiumi/Chinese_Universities/e088fddc329a6f0148ca72fd3b4d0fe069f13e3a/logo.zip,badge,jpeg,False,content_inspected,https://github.com/xioajiumi/Chinese_Universities/blob/e088fddc329a6f0148ca72fd3b4d0fe069f13e3a/logo.zip,555782d24e0b956a,archive_member,https://raw.githubusercontent.com/xioajiumi/Chinese_Universities/e088fddc329a6f0148ca72fd3b4d0fe069f13e3a/logo.zip,img2/浙江警察学院.png,53c17d411407a72ee7e3094cbc8e5238fbf8d376e5415e78ff2c5ad2c55bb549,,,unresearched,,,,0,,0,0,0,0,0,0
4133011488,衢州学院,浙江省,https://www.qzc.edu.cn,universities/浙江省/4133011488/profile.yaml,universities/浙江省/4133011488/VISUAL.md,https://www.qzc.edu.cn/_upload/tpl/01/37/311/template311/images/logo.png,site_identity,png,True,content_inspected,https://www.qzc.edu.cn,2ccd97fe223f120ce5e50748,,,,,,,unresearched,,,,0,,0,0,0,0,0,0
4133011646,宁波大学,浙江省,https://www.nbu.edu.cn/,universities/浙江省/4133011646/profile.yaml,universities/浙江省/4133011646/VISUAL.md,https://raw.githubusercontent.com/Magicdover/China-Universities-2026/419bdc7ce6956fc88c2b70b3979f170b6666f111/assets/logos/%E5%AE%81%E6%B3%A2%E5%A4%A7%E5%AD%A6%20NBU.svg,badge,svg,False,content_inspected,https://github.com/Magicdover/China-Universities-2026/blob/419bdc7ce6956fc88c2b70b3979f170b6666f111/assets/logos/%E5%AE%81%E6%B3%A2%E5%A4%A7%E5%AD%A6%20NBU.svg,a595023d0dc810ab,,,,,#D12920,official_vi,found,银朱,https://vi.nbu.edu.cn/__local/0/40/94/22548843A6EDFADC06001D73CF3_A93BE60E_181C9F.jpg,官网 VI 图 A3_01.1 标准色规范标注 RGB 209/41/32，换算为 HEX；读取图中标注，未从图像取样,0,https://vi.nbu.edu.cn/yybf1/mbyzy/mbyzy.htm,0,0,2,0,0,0
4133011647,浙江传媒学院,浙江省,https://www.cuz.edu.cn/,universities/浙江省/4133011647/profile.yaml,universities/浙江省/4133011647/VISUAL.md,https://www.cuz.edu.cn/images24/logo.png,site_identity,png,True,content_inspected,https://www.cuz.edu.cn/,5aafe12de85067b1886ff8b8,,,,,#FFEC99,manual_derived,found,官网标识取样的PPT建议主色,https://www.cuz.edu.cn/images24/logo_foot.png,官网页眉标识图片：滤去透明、近白和低饱和背景后，对高频RGB色簇取通道中位数；不是VI标准色色卡,0,,0,0,0,0,0,0
4133011842,浙江树人学院,浙江省,https://www.zjsru.edu.cn/,universities/浙江省/4133011842/profile.yaml,universities/浙江省/4133011842/VISUAL.md,https://www.zjsru.edu.cn/images/logox.png,site_identity,png,True,content_inspected,https://www.zjsru.edu.cn/,d5f588faf349dbc8783f0103,,,,,,,unresearched,,,,0,,0,0,0,0,0,0
4133012061,金华职业技术大学,浙江省,https://www.jhc.edu.cn/,universities/浙江省/4133012061/profile.yaml,universities/浙江省/4133012061/VISUAL.md,https://www.jhc.edu.cn/_upload/tpl/01/fc/508/template508/images/logo.svg,site_identity,svg,True,content_inspected,https://www.jhc.edu.cn/,c2e8290f811258ef9ab8b2b4,,,,,,,unresearched,,,,0,,0,0,0,0,0,0
4133012792,浙江越秀外国语学院,浙江省,https://www.zyufl.edu.cn/,universities/浙江省/4133012792/profile.yaml,universities/浙江省/4133012792/VISUAL.md,https://www.zyufl.edu.cn/_upload/tpl/00/b3/179/template179/images/logo.png,site_identity,png,True,content_inspected,https://www.zyufl.edu.cn/,442c0696110cd6bca3e8bed2,,,,,,,unresearched,,,,0,,0,0,0,0,0,0
4133012861,浙江机电职业技术大学,浙江省,https://www.zime.edu.cn,universities/浙江省/4133012861/profile.yaml,universities/浙江省/4133012861/VISUAL.md,https://www.zime.edu.cn/images/logo0903png.png,site_identity,png,True,content_inspected,https://www.zime.edu.cn,291358b2bb2fd440993d7f6f,,,,,,,unresearched,,,,0,,0,0,0,0,0,0
4133012872,杭州职业技术大学,浙江省,https://www.hzpu.edu.cn/,universities/浙江省/4133012872/profile.yaml,universities/浙江省/4133012872/VISUAL.md,https://www.hzpu.edu.cn/images/zhuzhanxialogo.png,site_identity,png,True,content_inspected,https://www.hzpu.edu.cn/,e0bb93ea5e5ee7eb260bbd4e,,,,,,,unresearched,,,,0,,0,0,0,0,0,0
4133013001,宁波财经学院,浙江省,https://www.nbufe.edu.cn/,universities/浙江省/4133013001/profile.yaml,universities/浙江省/4133013001/VISUAL.md,,,,,,,,,,,,,,unresearched,,,,0,,0,0,0,0,0,0
4133013021,浙大城市学院,浙江省,https://www.hzcu.edu.cn/,universities/浙江省/4133013021/profile.yaml,universities/浙江省/4133013021/VISUAL.md,https://www.hzcu.edu.cn/images/logo.png,site_identity,png,True,content_inspected,https://www.hzcu.edu.cn/,2895c6be0785c3d52f8eca18,,,,,#0A5AA5,official_vi,found,标准蓝,https://www.hzcu.edu.cn/fj/zyys.pdf,"官网 VI 手册标准色页蓝色 RGB 10,90,165，换算为 HEX",0,,0,0,0,0,0,0
4133013022,浙大宁波理工学院,浙江省,https://lib.nbt.edu.cn/,universities/浙江省/4133013022/profile.yaml,universities/浙江省/4133013022/VISUAL.md,https://lib.nbt.edu.cn/img/t_logo.png,site_identity,png,True,content_inspected,https://lib.nbt.edu.cn/,95e2ffff5ae9d6c4dab09780,,,,,,,unresearched,,,,0,https://www.nbt.edu.cn/xqzl/xxbs.htm,2,0,1,0,0,0
4133013023,杭州医学院,浙江省,https://www.hmc.edu.cn/,universities/浙江省/4133013023/profile.yaml,universities/浙江省/4133013023/VISUAL.md,https://www.hmc.edu.cn/material/images/list/identification-logo.png,site_identity,png,True,content_inspected,https://www.hmc.edu.cn/xxgk/xxbs/,772b99b430201b7ff7f47288,,,,,,,unresearched,,,,0,,0,0,1,0,0,0
4133013029,浙江广厦建设职业技术大学,浙江省,https://www.zjgsdx.edu.cn,universities/浙江省/4133013029/profile.yaml,universities/浙江省/4133013029/VISUAL.md,https://www.zjgsdx.edu.cn/upload/main/site/logo/image/ae953778eeb0431b97dfaff63a646f9a.png,site_identity,png,True,content_inspected,https://www.zjgsdx.edu.cn,9ec8d97f25131e1a7fabc36b,,,,,,,unresearched,,,,0,,0,0,0,0,0,0
4133013275,浙江工业大学之江学院,浙江省,,universities/浙江省/4133013275/profile.yaml,universities/浙江省/4133013275/VISUAL.md,,,,,,,,,,,,,,unresearched,,,,0,,0,0,0,0,0,0
4133013276,浙江师范大学行知学院,浙江省,https://www.zjxz.edu.cn,universities/浙江省/4133013276/profile.yaml,universities/浙江省/4133013276/VISUAL.md,https://www.zjxz.edu.cn/_upload/site/00/06/6/logo.jpg,site_identity,jpeg,True,content_inspected,https://www.zjxz.edu.cn,8a10da54ab5298358579f1d8,,,,,,,unresearched,,,,0,,0,0,0,0,0,0
4133013277,宁波大学科学技术学院,浙江省,http://www.ndkjxy.net.cn/,universities/浙江省/4133013277/profile.yaml,universities/浙江省/4133013277/VISUAL.md,,,,,,,,,,,,,,unresearched,,,,0,,0,0,0,0,0,0
4133013279,杭州电子科技大学信息工程学院,浙江省,https://www.hziee.edu.cn/,universities/浙江省/4133013279/profile.yaml,universities/浙江省/4133013279/VISUAL.md,https://www.hziee.edu.cn/_upload/tpl/00/77/119/template119/images/sitelogo.png,site_identity,png,True,content_inspected,https://www.hziee.edu.cn/,6d74a7caa8cc5eaeccaa8b56,,,,,,,unresearched,,,,0,,0,0,0,0,0,0
4133013280,浙江理工大学科技与艺术学院,浙江省,,universities/浙江省/4133013280/profile.yaml,universities/浙江省/4133013280/VISUAL.md,,,,,,,,,,,,,,unresearched,,,,0,,0,0,0,0,0,0
4133013283,浙江农林大学暨阳学院,浙江省,https://www.zjyc.edu.cn/,universities/浙江省/4133013283/profile.yaml,universities/浙江省/4133013283/VISUAL.md,https://www.zjyc.edu.cn/images/logo.png,site_identity,png,True,content_inspected,https://www.zjyc.edu.cn/,70fec940421af73666bfa289,,,,,,,unresearched,,,,0,,0,0,0,0,0,0
4133013284,温州医科大学仁济学院,浙江省,https://rjxy.wmu.edu.cn,universities/浙江省/4133013284/profile.yaml,universities/浙江省/4133013284/VISUAL.md,,,,,,,,,,,,,,unresearched,,,,0,,0,0,0,0,0,0
4133013285,浙江中医药大学滨江学院,浙江省,,universities/浙江省/4133013285/profile.yaml,universities/浙江省/4133013285/VISUAL.md,,,,,,,,,,,,,,unresearched,,,,0,,0,0,0,0,0,0
4133013286,杭州师范大学钱江学院,浙江省,https://qjxy.hznu.edu.cn,universities/浙江省/4133013286/profile.yaml,universities/浙江省/4133013286/VISUAL.md,,,,,,,,,,,,,,unresearched,,,,0,,0,0,0,0,0,0
4133013287,湖州学院,浙江省,https://www.zjhzu.edu.cn/,universities/浙江省/4133013287/profile.yaml,universities/浙江省/4133013287/VISUAL.md,https://www.zjhzu.edu.cn/_upload/tpl/00/64/100/template100/images/logo.png,site_identity,png,True,content_inspected,https://www.zjhzu.edu.cn/,171af87d5adff6d197d37f0d,,,,,,,unresearched,,,,0,,0,0,0,0,0,0
4133013288,绍兴理工学院,浙江省,https://www.zsit.edu.cn/,universities/浙江省/4133013288/profile.yaml,universities/浙江省/4133013288/VISUAL.md,https://www.zsit.edu.cn/imgs/logo.png,site_identity,png,True,content_inspected,https://www.zsit.edu.cn/,5b5377bd54b13304a8cf5747,,,,,,,unresearched,,,,0,,0,0,0,0,0,0
4133013289,温州理工学院,浙江省,https://www.wzut.edu.cn/,universities/浙江省/4133013289/profile.yaml,universities/浙江省/4133013289/VISUAL.md,https://www.wzut.edu.cn/images/logo.png,site_identity,png,True,content_inspected,https://www.wzut.edu.cn/,77a42138bc2b4390513906e8,,,,,,,unresearched,,,,0,,0,0,0,0,0,0
4133013290,浙江工商大学杭州商学院,浙江省,,universities/浙江省/4133013290/profile.yaml,universities/浙江省/4133013290/VISUAL.md,,,,,,,,,,,,,,unresearched,,,,0,,0,0,0,0,0,0
4133013291,嘉兴南湖学院,浙江省,https://www.jxnhu.edu.cn/,universities/浙江省/4133013291/profile.yaml,universities/浙江省/4133013291/VISUAL.md,https://www.jxnhu.edu.cn/__local/8/AE/59/FB02472A8DB83DCA0E1816C851C_65980A9D_3EFD2.jpg,badge,jpeg,True,content_inspected,https://www.jxnhu.edu.cn/,eb51624d01e92bea026ca45c,,,,,,,unresearched,,,,0,,0,0,0,0,0,0
4133013292,中国计量大学现代科技学院,浙江省,https://www.ldxk.edu.cn,universities/浙江省/4133013292/profile.yaml,universities/浙江省/4133013292/VISUAL.md,https://www.ldxk.edu.cn/_upload/site/00/03/3/logo.png,site_identity,png,True,content_inspected,https://www.ldxk.edu.cn,94bc2ab87b52a8b3924796e4,,,,,,,unresearched,,,,0,,0,0,0,0,0,0
4133013294,浙江财经大学东方学院,浙江省,https://www.zufedfc.edu.cn/,universities/浙江省/4133013294/profile.yaml,universities/浙江省/4133013294/VISUAL.md,https://www.zufedfc.edu.cn/20images/logo.png,site_identity,png,True,content_inspected,https://www.zufedfc.edu.cn/,5f0bd35596189c67bef42368,,,,,,,unresearched,,,,0,,0,0,0,0,0,0
4133013637,温州商学院,浙江省,https://www.wzbc.edu.cn/,universities/浙江省/4133013637/profile.yaml,universities/浙江省/4133013637/VISUAL.md,https://www.wzbc.edu.cn/images/logo.png,site_identity,,True,inspection_failed,https://www.wzbc.edu.cn/,c127c429c309b25bab764707,,,,,,,unresearched,,,,0,,0,0,0,0,0,0
4133014206,同济大学浙江学院,浙江省,https://www.tjzj.edu.cn/cn/index/index.html,universities/浙江省/4133014206/profile.yaml,universities/浙江省/4133014206/VISUAL.md,https://www.tjzj.edu.cn/static/cn/img/logo.svg,site_identity,svg,True,content_inspected,https://www.tjzj.edu.cn/cn/index/index.html,65ba201f23af7be729aff436,,,,,,,unresearched,,,,0,,0,0,0,0,0,0
4133014207,上海财经大学浙江学院,浙江省,https://www.shufe-zj.edu.cn/,universities/浙江省/4133014207/profile.yaml,universities/浙江省/4133014207/VISUAL.md,https://www.shufe-zj.edu.cn/xym/images/indexlogo.png,site_identity,png,True,content_inspected,https://www.shufe-zj.edu.cn/,a17c5d5399cf9e0f01bb6fc8,,,,,,,unresearched,,,,0,,0,0,0,0,0,0
4133014275,浙江外国语学院,浙江省,https://www.zisu.edu.cn/,universities/浙江省/4133014275/profile.yaml,universities/浙江省/4133014275/VISUAL.md,https://www.zisu.edu.cn/images/logo.png,site_identity,png,True,content_inspected,https://www.zisu.edu.cn/,72b271bce51e2fa78f10956e,,,,,#15316F,manual_derived,found,官网标识取样的PPT建议主色,https://www.zisu.edu.cn/images/logo.png,官网页眉标识图片：滤去透明、近白和低饱和背景后，对高频RGB色簇取通道中位数；不是VI标准色色卡,0,https://www.zisu.edu.cn/xqzl1/xxbs/xxsbxt.htm,3,0,0,0,0,0
4133014535,浙江音乐学院,浙江省,https://www.zjcm.edu.cn,universities/浙江省/4133014535/profile.yaml,universities/浙江省/4133014535/VISUAL.md,https://raw.githubusercontent.com/Magicdover/China-Universities-2026/419bdc7ce6956fc88c2b70b3979f170b6666f111/assets/logos-new/%E6%B5%99%E6%B1%9F%E9%9F%B3%E4%B9%90%E5%AD%A6%E9%99%A2%20ZJCM.svg,badge,svg,False,content_inspected,https://github.com/Magicdover/China-Universities-2026/blob/419bdc7ce6956fc88c2b70b3979f170b6666f111/assets/logos-new/%E6%B5%99%E6%B1%9F%E9%9F%B3%E4%B9%90%E5%AD%A6%E9%99%A2%20ZJCM.svg,da40b26f46dc03a5,,,,,,,unresearched,,,,0,,0,0,1,0,0,0
4133014626,西湖大学,浙江省,,universities/浙江省/4133014626/profile.yaml,universities/浙江省/4133014626/VISUAL.md,https://raw.githubusercontent.com/Magicdover/China-Universities-2026/419bdc7ce6956fc88c2b70b3979f170b6666f111/assets/logos/%E8%A5%BF%E6%B9%96%E5%A4%A7%E5%AD%A6%20WU.svg,badge,svg,False,content_inspected,https://github.com/Magicdover/China-Universities-2026/blob/419bdc7ce6956fc88c2b70b3979f170b6666f111/assets/logos/%E8%A5%BF%E6%B9%96%E5%A4%A7%E5%AD%A6%20WU.svg,f4b54de916daaf42,,,,,,,unresearched,,,,0,,0,0,0,0,0,0
4133014943,宁波东方理工大学,浙江省,https://www.eitech.edu.cn/,universities/浙江省/4133014943/profile.yaml,universities/浙江省/4133014943/VISUAL.md,https://www.eitech.edu.cn/_upload/tpl/00/31/49/template49/images/wap_logo2.svg,site_identity,svg,True,content_inspected,https://www.eitech.edu.cn/,f58985d874d3d5f2089f9812,,,,,,,unresearched,,,,0,,0,0,0,0,0,0
4133016207,浙江药科职业大学,浙江省,,universities/浙江省/4133016207/profile.yaml,universities/浙江省/4133016207/VISUAL.md,,,,,,,,,,,,,,unresearched,,,,0,,0,0,0,0,0,0
4133016301,宁波诺丁汉大学,浙江省,,universities/浙江省/4133016301/profile.yaml,universities/浙江省/4133016301/VISUAL.md,https://raw.githubusercontent.com/HeyHuazi/SVGLOGO/142498f527ac2dd3116cc1feccb9670879839f74/static/library/school/UNNC.svg,badge,svg,False,content_inspected,https://github.com/HeyHuazi/SVGLOGO/blob/142498f527ac2dd3116cc1feccb9670879839f74/static/library/school/UNNC.svg,4aa4b4590c5b4df9,,,,,,,unresearched,,,,0,,0,0,0,0,0,0
4133016405,温州肯恩大学,浙江省,https://www.wku.edu.cn/,universities/浙江省/4133016405/profile.yaml,universities/浙江省/4133016405/VISUAL.md,https://www.wku.edu.cn/sites/main.prod.dpmgr.wku.edu.cn/files/2023-08/WKU_Brand-2018-White.png,site_identity,png,True,content_inspected,https://www.wku.edu.cn/,bb95cb3eedf03dd218f0bada,,,,,,,unresearched,,,,0,,0,0,0,0,0,0
4146010589,海南大学,海南省,https://www.hainanu.edu.cn/,universities/海南省/4146010589/profile.yaml,universities/海南省/4146010589/VISUAL.md,https://www.hainanu.edu.cn/2024images/logo-1.svg,site_identity,svg,True,content_inspected,https://www.hainanu.edu.cn/,1b2429fe57a632b1744182ce,,,,,,,not_found,,,,0,,0,0,2,0,0,0
4146011100,海南热带海洋学院,海南省,https://www.hntou.edu.cn/,universities/海南省/4146011100/profile.yaml,universities/海南省/4146011100/VISUAL.md,https://www.hntou.edu.cn/fzlm_2742/dlogo/202311/W020231101344769796489.png,site_identity,png,True,content_inspected,https://www.hntou.edu.cn/,0dbde77db6e54c16554a4d89,,,,,,,unresearched,,,,0,,0,0,0,0,0,0
4146011658,海南师范大学,海南省,https://www.hainnu.edu.cn,universities/海南省/4146011658/profile.yaml,universities/海南省/4146011658/VISUAL.md,https://www.hainnu.edu.cn/_upload/tpl/00/11/17/template17/images/logo.svg,site_identity,svg,True,content_inspected,https://www.hainnu.edu.cn,f8d26ae0c8a53bdce4051af0,,,,,,,unresearched,,,,0,,0,0,1,0,0,0
4146011810,海南医科大学,海南省,https://www.muhn.edu.cn,universities/海南省/4146011810/profile.yaml,universities/海南省/4146011810/VISUAL.md,https://www.muhn.edu.cn/images/logo06052.png,site_identity,png,True,content_inspected,https://www.muhn.edu.cn,7dd4b95838f91f9cc34d85fc,,,,,,,unresearched,,,,0,,0,0,0,0,0,0
4146012308,海口经济学院,海南省,https://www.hkc.edu.cn,universities/海南省/4146012308/profile.yaml,universities/海南省/4146012308/VISUAL.md,,,,,,,,,,,,,,unresearched,,,,0,,0,0,0,0,0,0
4146013811,琼台师范学院,海南省,https://www.qtnu.edu.cn/,universities/海南省/4146013811/profile.yaml,universities/海南省/4146013811/VISUAL.md,https://www.qtnu.edu.cn/images/logo0801.png,site_identity,png,True,content_inspected,https://www.qtnu.edu.cn/,e4fc1ef2d0e673807bd2c89b,,,,,#5C272D,official_vi,found,学院标准色,https://www.qtnu.edu.cn/xxgk/xxbs.htm,官网学校标识页“学院标准色”直接公布RGB #5c272d，按原数字记录，不是取样建议色。,0,,0,0,0,0,0,0
4146013875,海南经贸职业大学,海南省,https://www.hceb.edu.cn/,universities/海南省/4146013875/profile.yaml,universities/海南省/4146013875/VISUAL.md,https://www.hceb.edu.cn/images/hainanjingmaozhiyedaxue.png,site_identity,png,True,content_inspected,https://www.hceb.edu.cn/,5e10b3ff0e2e60b40a890c59,,,,,,,unresearched,,,,0,,0,0,0,0,0,0
4146013892,三亚学院,海南省,https://www.sanyau.edu.cn,universities/海南省/4146013892/profile.yaml,universities/海南省/4146013892/VISUAL.md,https://www.sanyau.edu.cn/_upload/tpl/00/18/24/template24/images/logo.svg,site_identity,svg,True,content_inspected,https://www.sanyau.edu.cn,61dc563dd8de6d539c002b9f,,,,,,,unresearched,,,,0,,0,0,0,0,0,0
4146014172,海南科技职业大学,海南省,https://www.hvust.edu.cn/,universities/海南省/4146014172/profile.yaml,universities/海南省/4146014172/VISUAL.md,https://www.hvust.edu.cn/images/hk_text_logo.png,site_identity,png,True,content_inspected,https://www.hvust.edu.cn/,dda63194252efc346c6d6fb6,,,,,,,unresearched,,,,0,,0,0,0,0,0,0
4146014829,海南比勒费尔德应用科学大学,海南省,https://www.hainan-biuh.edu.cn/,universities/海南省/4146014829/profile.yaml,universities/海南省/4146014829/VISUAL.md,https://www.hainan-biuh.edu.cn/wp-content/themes/maw/public/assets/img/logo-inverted.svg,site_identity,svg,True,content_inspected,https://www.hainan-biuh.edu.cn/,d93a9dc0fcb7d46183c9ad10,,,,,,,unresearched,,,,0,,0,0,0,0,0,0
4146014944,海南警察学院,海南省,https://www.hipolice.edu.cn,universities/海南省/4146014944/profile.yaml,universities/海南省/4146014944/VISUAL.md,https://www.hipolice.edu.cn/images/logotrue.png,site_identity,png,True,content_inspected,https://www.hipolice.edu.cn,742eedd50d4e9c6d9e4365e0,,,,,#0147B5,manual_derived,found,官网标识取样的PPT建议主色,https://www.hipolice.edu.cn/images/logotrue.png,官网页眉标识图片：滤去透明、近白和低饱和背景后，对高频RGB色簇取通道中位数；不是VI标准色色卡,0,,0,0,0,0,0,0
4146014948,海南洛桑旅游大学,海南省,https://www.hi-hltu.edu.cn/,universities/海南省/4146014948/profile.yaml,universities/海南省/4146014948/VISUAL.md,https://www.hi-hltu.edu.cn/wp-content/uploads/2025/06/405fa2ea70a0a8f53cc04bbc9962af66-1762755141.svg,site_identity,svg,True,content_inspected,https://www.hi-hltu.edu.cn/,e12eb0a4dcd17d96e01a1560,,,,,,,unresearched,,,,0,,0,0,0,0,0,0
4142010486,武汉大学,湖北省,https://www.whu.edu.cn/,universities/湖北省/4142010486/profile.yaml,universities/湖北省/4142010486/VISUAL.md,https://www.whu.edu.cn/new2024/js/logo.png,site_identity,png,True,content_inspected,https://www.whu.edu.cn/,836b87de285c364fbec7a347,,,,,#002554,official_vi,found,珞珈蓝,https://www.whu.edu.cn/xxgk/wdbs.htm,官网并列标准色 RGB R0 G37 B84，换算为 HEX,0,,0,0,4,0,0,0
4142010487,华中科技大学,湖北省,https://www.hust.edu.cn:443/,universities/湖北省/4142010487/profile.yaml,universities/湖北省/4142010487/VISUAL.md,https://www.hust.edu.cn:443/images/logo20240628.png,site_identity,png,True,content_inspected,https://www.hust.edu.cn:443/,bda438c2dccd097e0caddae0,,,,,,,unresearched,,,,0,,0,0,4,0,0,0
4142010488,武汉科技大学,湖北省,https://www.wust.edu.cn,universities/湖北省/4142010488/profile.yaml,universities/湖北省/4142010488/VISUAL.md,https://www.wust.edu.cn/images/logo.png,site_identity,png,True,content_inspected,https://www.wust.edu.cn,ecd8b8598b3d4c4d369b4076,,,,,#005937,manual_derived,found,官网标识取样的PPT建议主色,https://www.wust.edu.cn/images/logo.png,官网页眉标识图片：滤去透明、近白和低饱和背景后，对高频RGB色簇取通道中位数；不是VI标准色色卡,0,,0,0,1,0,0,0
4142010489,长江大学,湖北省,https://www.yangtzeu.edu.cn/,universities/湖北省/4142010489/profile.yaml,universities/湖北省/4142010489/VISUAL.md,https://vis.yangtzeu.edu.cn/imgs/logo.png,site_identity,png,True,content_inspected,https://vis.yangtzeu.edu.cn/jcbf/xbgf.htm,4956ab49833ae506411ff071,,,,,,,not_found,,,,0,https://vis.yangtzeu.edu.cn/,4,0,1,0,0,0
4142010490,武汉工程大学,湖北省,https://www.wit.edu.cn/,universities/湖北省/4142010490/profile.yaml,universities/湖北省/4142010490/VISUAL.md,https://raw.githubusercontent.com/xioajiumi/Chinese_Universities/e088fddc329a6f0148ca72fd3b4d0fe069f13e3a/logo.zip,badge,png,False,content_inspected,https://github.com/xioajiumi/Chinese_Universities/blob/e088fddc329a6f0148ca72fd3b4d0fe069f13e3a/logo.zip,96d5af709c5869ab,archive_member,https://raw.githubusercontent.com/xioajiumi/Chinese_Universities/e088fddc329a6f0148ca72fd3b4d0fe069f13e3a/logo.zip,img2/武汉工程大学.png,53c17d411407a72ee7e3094cbc8e5238fbf8d376e5415e78ff2c5ad2c55bb549,#0053A9,manual_derived,found,官网标识取样的PPT建议主色,https://www.wit.edu.cn/images/logo.png,官网页眉标识图片：滤去透明、近白和低饱和背景后，对高频RGB色簇取通道中位数；不是VI标准色色卡,0,,0,0,0,0,0,0
4142010491,中国地质大学(武汉),湖北省,https://www.cug.edu.cn/,universities/湖北省/4142010491/profile.yaml,universities/湖北省/4142010491/VISUAL.md,https://raw.githubusercontent.com/Magicdover/China-Universities-2026/419bdc7ce6956fc88c2b70b3979f170b6666f111/assets/logos-new/%E4%B8%AD%E5%9B%BD%E5%9C%B0%E8%B4%A8%E5%A4%A7%E5%AD%A6%EF%BC%88%E6%AD%A6%E6%B1%89%EF%BC%89%20CUG.svg,badge,svg,False,content_inspected,https://github.com/Magicdover/China-Universities-2026/blob/419bdc7ce6956fc88c2b70b3979f170b6666f111/assets/logos-new/%E4%B8%AD%E5%9B%BD%E5%9C%B0%E8%B4%A8%E5%A4%A7%E5%AD%A6%EF%BC%88%E6%AD%A6%E6%B1%89%EF%BC%89%20CUG.svg,0f88172c0d44041d,,,,,#006DB8,official_vi,found,地大蓝,https://vis.cug.edu.cn/__local/B/9A/0B/B78E49FE6150FD181792F99EEB3_4EE20266_AD90E.jpg,校方VIS色彩规范1.8.1标准色释意图；AI查看完整原图，明确“地大蓝”与RGB0/109/184、WEB#006DB8、CMYK100/50/0/0相符。,1,,0,0,0,0,0,0
4142010495,武汉纺织大学,湖北省,https://www.wtu.edu.cn/,universities/湖北省/4142010495/profile.yaml,universities/湖北省/4142010495/VISUAL.md,https://vi.wtu.edu.cn/imgs/logo_flex.png,site_identity,png,True,content_inspected,https://vi.wtu.edu.cn/zyxz/sjsbxtsc.htm,3baab966f7022470b5ba0c2c,,,,,,,unresearched,,,,0,,0,0,0,0,0,0
4142010496,武汉轻工大学,湖北省,https://www.whpu.edu.cn,universities/湖北省/4142010496/profile.yaml,universities/湖北省/4142010496/VISUAL.md,https://www.whpu.edu.cn/img/logo.png,site_identity,png,True,content_inspected,https://www.whpu.edu.cn,8dfdb1ddb2ca5f0419134b52,,,,,,,unresearched,,,,0,,0,0,0,0,0,0
4142010497,武汉理工大学,湖北省,http://www.whut.edu.cn,universities/湖北省/4142010497/profile.yaml,universities/湖北省/4142010497/VISUAL.md,http://www.whut.edu.cn/material/images/logo.svg,site_identity,svg,True,content_inspected,http://www.whut.edu.cn,ec1f6233b525277e71fb59e3,,,,,#00489A,manual_derived,found,官网标识取样的PPT建议主色,http://www.whut.edu.cn/material/img/whlg_logo1.png,官网页眉标识图片：滤去透明、近白和低饱和背景后，对高频RGB色簇取通道中位数；不是VI标准色色卡,0,,0,0,3,0,0,0
4142010500,湖北工业大学,湖北省,https://www.hbut.edu.cn/,universities/湖北省/4142010500/profile.yaml,universities/湖北省/4142010500/VISUAL.md,https://www.hbut.edu.cn/images/ny/xiaohui.png,site_identity,png,True,content_inspected,https://www.hbut.edu.cn/xxgk/xxbs.htm,7f6e911667c0acbe5c112f96,,,,,,,unresearched,,,,0,,0,0,0,0,0,0
4142010504,华中农业大学,湖北省,https://www.hzau.edu.cn/index.htm,universities/湖北省/4142010504/profile.yaml,universities/湖北省/4142010504/VISUAL.md,https://raw.githubusercontent.com/HeyHuazi/SVGLOGO/142498f527ac2dd3116cc1feccb9670879839f74/static/library/school/HZAU.svg,badge,svg,False,content_inspected,https://github.com/HeyHuazi/SVGLOGO/blob/142498f527ac2dd3116cc1feccb9670879839f74/static/library/school/HZAU.svg,e6dc6f2343b7fad8,,,,,,,unresearched,,,,0,,0,0,2,0,0,0
4142010507,湖北中医药大学,湖北省,https://www.hbucm.edu.cn/,universities/湖北省/4142010507/profile.yaml,universities/湖北省/4142010507/VISUAL.md,https://www.hbucm.edu.cn/images/logo.png,site_identity,png,True,content_inspected,https://www.hbucm.edu.cn/,0ae87bf129d93d563428ef17,,,,,,,unresearched,,,,0,,0,0,0,0,0,0
4142010511,华中师范大学,湖北省,https://www.ccnu.edu.cn/,universities/湖北省/4142010511/profile.yaml,universities/湖北省/4142010511/VISUAL.md,https://www.ccnu.edu.cn/newskin/images/logo.png,site_identity,png,True,content_inspected,https://www.ccnu.edu.cn/,39f2bdadf20f9287f3494de3,,,,,#007581,official_vi,found,华大绿（通知明确的校徽校名标准色）,https://jjh.ccnu.edu.cn/article/2499,校方教育发展基金会转载120周年标识征集要求，校徽校名参考下明确标注“华大绿标准色：R0 G117 B129”；仅采用学校标识的该标准，不采用待征集的周年作品。,0,,0,0,3,0,0,0
4142010512,湖北大学,湖北省,https://www.hubu.edu.cn/,universities/湖北省/4142010512/profile.yaml,universities/湖北省/4142010512/VISUAL.md,http://vi.hubu.edu.cn/img/logohd.png,site_identity,png,True,content_inspected,http://vi.hubu.edu.cn/info/1003/1004.htm,498ffe7ee5be5c8debabba85,,,,,,,unresearched,,,,0,,0,0,2,0,0,0
4142010513,湖北师范大学,湖北省,https://www.hbnu.edu.cn/,universities/湖北省/4142010513/profile.yaml,universities/湖北省/4142010513/VISUAL.md,https://www.hbnu.edu.cn/_upload/tpl/01/2e/302/template302/images/logo.png,site_identity,png,True,content_inspected,https://www.hbnu.edu.cn/,78f6f0ba662f236d99ba14da,,,,,,,unresearched,,,,0,,0,0,0,0,0,0
4142010514,黄冈师范学院,湖北省,https://www.hgnu.edu.cn/,universities/湖北省/4142010514/profile.yaml,universities/湖北省/4142010514/VISUAL.md,https://www.hgnu.edu.cn/_upload/tpl/01/2b/299/template299/images/logo.png,site_identity,png,True,content_inspected,https://www.hgnu.edu.cn/,2ff87fc973fe4ee748556e06,,,,,#00356B,manual_derived,found,官网标识取样的PPT建议主色,https://www.hgnu.edu.cn/_upload/tpl/01/2b/299/template299/images/logo.png,官网页眉标识图片：滤去透明、近白和低饱和背景后，对高频RGB色簇取通道中位数；不是VI标准色色卡,0,,0,0,0,0,0,0
4142010517,湖北民族大学,湖北省,https://www.hbmzu.edu.cn/,universities/湖北省/4142010517/profile.yaml,universities/湖北省/4142010517/VISUAL.md,https://www.hbmzu.edu.cn/images/logo.png,site_identity,png,True,content_inspected,https://www.hbmzu.edu.cn/,2b503765dfa8d24e6803cba3,,,,,#0D6CD1,manual_derived,found,官网标识取样的PPT建议主色,https://www.hbmzu.edu.cn/images/logo.png,官网页眉标识图片：滤去透明、近白和低饱和背景后，对高频RGB色簇取通道中位数；不是VI标准色色卡,0,,0,0,0,0,0,0
4142010518,汉江师范学院,湖北省,https://www.hjnu.edu.cn/,universities/湖北省/4142010518/profile.yaml,universities/湖北省/4142010518/VISUAL.md,https://www.hjnu.edu.cn/images/logo.png,site_identity,png,True,content_inspected,https://www.hjnu.edu.cn/,71a44391b696075411a3b8fc,,,,,,,unresearched,,,,0,,0,0,0,0,0,0
4142010519,湖北文理学院,湖北省,https://www.hbuas.edu.cn/,universities/湖北省/4142010519/profile.yaml,universities/湖北省/4142010519/VISUAL.md,https://www.hbuas.edu.cn/img/logo2.png,site_identity,png,True,content_inspected,https://www.hbuas.edu.cn/,228c3abef283bc9336ce6491,,,,,,,unresearched,,,,0,,0,0,0,0,0,0
4142010520,中南财经政法大学,湖北省,https://www.zuel.edu.cn/,universities/湖北省/4142010520/profile.yaml,universities/湖北省/4142010520/VISUAL.md,https://www.zuel.edu.cn/_upload/tpl/03/b6/950/template950/images/logo.svg,site_identity,svg,True,content_inspected,https://www.zuel.edu.cn/,c7b47ccaf136a98b48df23c2,,,,,,,unresearched,,,,0,,0,0,3,0,0,0
4142010522,武汉体育学院,湖北省,https://www.whsu.edu.cn,universities/湖北省/4142010522/profile.yaml,universities/湖北省/4142010522/VISUAL.md,https://raw.githubusercontent.com/xioajiumi/Chinese_Universities/e088fddc329a6f0148ca72fd3b4d0fe069f13e3a/logo.zip,badge,png,False,content_inspected,https://github.com/xioajiumi/Chinese_Universities/blob/e088fddc329a6f0148ca72fd3b4d0fe069f13e3a/logo.zip,e82355cdf7118961,archive_member,https://raw.githubusercontent.com/xioajiumi/Chinese_Universities/e088fddc329a6f0148ca72fd3b4d0fe069f13e3a/logo.zip,img2/武汉体育学院.png,53c17d411407a72ee7e3094cbc8e5238fbf8d376e5415e78ff2c5ad2c55bb549,,,unresearched,,,,0,,0,0,0,0,0,0
4142010523,湖北美术学院,湖北省,https://www.hifa.edu.cn,universities/湖北省/4142010523/profile.yaml,universities/湖北省/4142010523/VISUAL.md,https://www.hifa.edu.cn/new0531/images/logo.png,site_identity,png,True,content_inspected,https://www.hifa.edu.cn,cab88ea1cd177e7ab102eb9d,,,,,#0054A3,manual_derived,found,官网标识取样的PPT建议主色,https://www.hifa.edu.cn/new0531/images/logo.png,官网页眉标识图片：滤去透明、近白和低饱和背景后，对高频RGB色簇取通道中位数；不是VI标准色色卡,0,,0,0,0,0,0,0
4142010524,中南民族大学,湖北省,https://www.scuec.edu.cn,universities/湖北省/4142010524/profile.yaml,universities/湖北省/4142010524/VISUAL.md,https://www.scuec.edu.cn/img/logo.png,site_identity,png,True,content_inspected,https://www.scuec.edu.cn,6be12544cf246b4c7f52c4bc,,,,,#007346,manual_derived,found,官网标识取样的PPT建议主色,https://www.scuec.edu.cn/img/logo.png,官网页眉标识图片：滤去透明、近白和低饱和背景后，对高频RGB色簇取通道中位数；不是VI标准色色卡,0,,0,0,1,0,0,0
4142010525,湖北汽车工业学院,湖北省,https://www.huat.edu.cn/,universities/湖北省/4142010525/profile.yaml,universities/湖北省/4142010525/VISUAL.md,https://www.huat.edu.cn/img/logo.png,site_identity,png,True,content_inspected,https://www.huat.edu.cn/,39bc2303260b5eeb7148c75a,,,,,#00457F,manual_derived,found,官网标识取样的PPT建议主色,https://www.huat.edu.cn/img/logo.png,官网页眉标识图片：滤去透明、近白和低饱和背景后，对高频RGB色簇取通道中位数；不是VI标准色色卡,0,,0,0,0,0,0,0
4142010528,湖北工程学院,湖北省,https://www.hbeu.edu.cn/,universities/湖北省/4142010528/profile.yaml,universities/湖北省/4142010528/VISUAL.md,https://www.hbeu.edu.cn/images/logo.png,site_identity,png,True,content_inspected,https://www.hbeu.edu.cn/,0bcb857140988ddee30cf92c,,,,,,,unresearched,,,,0,,0,0,0,0,0,0
4142010834,武汉职业技术大学,湖北省,https://www.wtc.edu.cn/,universities/湖北省/4142010834/profile.yaml,universities/湖北省/4142010834/VISUAL.md,,,,,,,,,,,,,,unresearched,,,,0,,0,0,0,0,0,0
4142010920,湖北理工学院,湖北省,https://www.hbpu.edu.cn/,universities/湖北省/4142010920/profile.yaml,universities/湖北省/4142010920/VISUAL.md,https://www.hbpu.edu.cn/images/logo.png,site_identity,png,True,content_inspected,https://www.hbpu.edu.cn/,623125eca5568b0d06f86b77,,,,,#952929,manual_derived,found,官网标识取样的PPT建议主色,https://www.hbpu.edu.cn/images/logo.png,官网页眉标识图片：滤去透明、近白和低饱和背景后，对高频RGB色簇取通道中位数；不是VI标准色色卡,0,,0,0,0,0,0,0
4142010927,湖北科技学院,湖北省,https://www.hbust.edu.cn/,universities/湖北省/4142010927/profile.yaml,universities/湖北省/4142010927/VISUAL.md,https://raw.githubusercontent.com/xioajiumi/Chinese_Universities/e088fddc329a6f0148ca72fd3b4d0fe069f13e3a/logo.zip,badge,png,False,content_inspected,https://github.com/xioajiumi/Chinese_Universities/blob/e088fddc329a6f0148ca72fd3b4d0fe069f13e3a/logo.zip,b8f04dbdbb6d0c73,archive_member,https://raw.githubusercontent.com/xioajiumi/Chinese_Universities/e088fddc329a6f0148ca72fd3b4d0fe069f13e3a/logo.zip,img2/湖北科技学院.png,53c17d411407a72ee7e3094cbc8e5238fbf8d376e5415e78ff2c5ad2c55bb549,#084993,manual_derived,found,官网标识取样的PPT建议主色,https://www.hbust.edu.cn/images/logo3.png,官网页眉标识图片：滤去透明、近白和低饱和背景后，对高频RGB色簇取通道中位数；不是VI标准色色卡,0,,0,0,0,0,0,0
4142010929,湖北医药学院,湖北省,https://www.hbmu.edu.cn/,universities/湖北省/4142010929/profile.yaml,universities/湖北省/4142010929/VISUAL.md,https://www.hbmu.edu.cn/_upload/tpl/00/28/40/template40/images/logo.svg,site_identity,svg,True,content_inspected,https://www.hbmu.edu.cn/,aab868144ee70a56a48ed3ba,,,,,#347668,manual_derived,found,官网标识取样的PPT建议主色,https://www.hbmu.edu.cn/_upload/tpl/00/28/40/template40/images/footlogo.png,官网页眉标识图片：滤去透明、近白和低饱和背景后，对高频RGB色簇取通道中位数；不是VI标准色色卡,0,,0,0,0,0,0,0
4142010955,黄冈职业技术大学,湖北省,https://www.hgpu.edu.cn/,universities/湖北省/4142010955/profile.yaml,universities/湖北省/4142010955/VISUAL.md,,,,,,,,,,,,,,unresearched,,,,0,,0,0,0,0,0,0
4142011072,江汉大学,湖北省,https://www.jhun.edu.cn/,universities/湖北省/4142011072/profile.yaml,universities/湖北省/4142011072/VISUAL.md,https://www.jhun.edu.cn/_upload/tpl/02/09/521/template521/images/logo.png,site_identity,png,True,content_inspected,https://www.jhun.edu.cn/,63b9ca7da7913ee9c3835cec,,,,,,,unresearched,,,,0,,0,0,1,0,0,0
4142011075,三峡大学,湖北省,https://www.ctgu.edu.cn,universities/湖北省/4142011075/profile.yaml,universities/湖北省/4142011075/VISUAL.md,https://www.ctgu.edu.cn/images/sxdx-logo.png,site_identity,png,True,content_inspected,https://www.ctgu.edu.cn,3f7715df6cc77aa86b3cb4a8,,,,,,,unresearched,,,,0,,0,0,1,0,0,0
4142011332,湖北警官学院,湖北省,https://www.hbpa.edu.cn/,universities/湖北省/4142011332/profile.yaml,universities/湖北省/4142011332/VISUAL.md,https://www.hbpa.edu.cn/images/logo2.png,site_identity,png,True,content_inspected,https://www.hbpa.edu.cn/,d88dbf7e0fdfd022ef25c99f,,,,,#000165,manual_derived,found,官网标识取样的PPT建议主色,https://www.hbpa.edu.cn/images/logo2.png,官网页眉标识图片：滤去透明、近白和低饱和背景后，对高频RGB色簇取通道中位数；不是VI标准色色卡,0,,0,0,0,0,0,0
4142011336,荆楚理工学院,湖北省,https://www.jcut.edu.cn/,universities/湖北省/4142011336/profile.yaml,universities/湖北省/4142011336/VISUAL.md,https://raw.githubusercontent.com/xioajiumi/Chinese_Universities/e088fddc329a6f0148ca72fd3b4d0fe069f13e3a/logo.zip,badge,png,False,content_inspected,https://github.com/xioajiumi/Chinese_Universities/blob/e088fddc329a6f0148ca72fd3b4d0fe069f13e3a/logo.zip,ec24fe67246ba8bb,archive_member,https://raw.githubusercontent.com/xioajiumi/Chinese_Universities/e088fddc329a6f0148ca72fd3b4d0fe069f13e3a/logo.zip,img2/荆楚理工学院.png,53c17d411407a72ee7e3094cbc8e5238fbf8d376e5415e78ff2c5ad2c55bb549,#502938,manual_derived,found,官网标识取样的PPT建议主色,https://www.jcut.edu.cn/images/end_logo.png,官网页眉标识图片：滤去透明、近白和低饱和背景后，对高频RGB色簇取通道中位数；不是VI标准色色卡,0,,0,0,1,0,0,0
4142011524,武汉音乐学院,湖北省,,universities/湖北省/4142011524/profile.yaml,universities/湖北省/4142011524/VISUAL.md,,,,,,,,,,,,,,unresearched,,,,0,,0,0,0,0,0,0
4142011600,湖北经济学院,湖北省,https://www.hbue.edu.cn,universities/湖北省/4142011600/profile.yaml,universities/湖北省/4142011600/VISUAL.md,https://www.hbue.edu.cn/_upload/tpl/02/c2/706/template706/images/logo.png,site_identity,png,True,content_inspected,https://www.hbue.edu.cn,30c7e54906b02ddea1862eee,,,,,,,unresearched,,,,0,https://xcb.hbue.edu.cn/xzzq/list.htm,2,0,1,1,0,0
4142011654,武汉商学院,湖北省,https://www.wbu.edu.cn/,universities/湖北省/4142011654/profile.yaml,universities/湖北省/4142011654/VISUAL.md,https://www.wbu.edu.cn/_upload/tpl/00/e7/231/template231/images/logo.png,site_identity,png,True,content_inspected,https://www.wbu.edu.cn/,61a6b8c4e1ca70f596b9101b,,,,,#9F2307,manual_derived,found,官网标识取样的PPT建议主色,https://www.wbu.edu.cn/_upload/tpl/00/a9/169/template169/images/logo2.png,官网页眉标识图片：滤去透明、近白和低饱和背景后，对高频RGB色簇取通道中位数；不是VI标准色色卡,0,,0,0,0,0,0,0
4142011798,武汉东湖学院,湖北省,https://www.wdu.edu.cn/,universities/湖北省/4142011798/profile.yaml,universities/湖北省/4142011798/VISUAL.md,,,,,,,,,,,,,,unresearched,,,,0,,0,0,0,0,0,0
4142011800,汉口学院,湖北省,https://www.hkxy.edu.cn/,universities/湖北省/4142011800/profile.yaml,universities/湖北省/4142011800/VISUAL.md,https://www.hkxy.edu.cn/attachment/core/2026_07/24_14/5dad7c014c31ab4f.png,site_identity,png,True,content_inspected,https://www.hkxy.edu.cn/,dd4f4811f3ee8fe510db10ff,,,,,,,unresearched,,,,0,,0,0,0,0,0,0
4142012309,武昌首义学院,湖北省,https://www.wsyu.edu.cn/,universities/湖北省/4142012309/profile.yaml,universities/湖北省/4142012309/VISUAL.md,https://www.wsyu.edu.cn/_upload/tpl/00/bd/189/template189/images/logo.svg,site_identity,svg,True,content_inspected,https://www.wsyu.edu.cn/,8caf5e28818d5c34548626e5,,,,,,,unresearched,,,,0,,0,0,0,0,0,0
4142012310,武昌理工学院,湖北省,https://www.wut.edu.cn/,universities/湖北省/4142012310/profile.yaml,universities/湖北省/4142012310/VISUAL.md,https://www.wut.edu.cn/img/logo.png,site_identity,png,True,content_inspected,https://www.wut.edu.cn/,469a5b17ff3c0bc153be7c6d,,,,,,,unresearched,,,,0,,0,0,0,0,0,0
4142012354,襄阳职业技术大学,湖北省,https://www.hbxytc.cn,universities/湖北省/4142012354/profile.yaml,universities/湖北省/4142012354/VISUAL.md,https://www.hbxytc.cn/images/logo-20260510.png,site_identity,png,True,content_inspected,https://www.hbxytc.cn,c9fbeb11eb935b1a8789b18d,,,,,,,unresearched,,,,0,,0,0,0,0,0,0
4142012362,武汉生物工程学院,湖北省,https://www.whsw.cn/,universities/湖北省/4142012362/profile.yaml,universities/湖北省/4142012362/VISUAL.md,https://www.whsw.cn/img/logo2026.png,site_identity,png,True,content_inspected,https://www.whsw.cn/,638cf6ba20e6d4ecec856a84,,,,,,,unresearched,,,,0,,0,0,0,0,0,0
4142012979,湖北三峡职业技术大学,湖北省,,universities/湖北省/4142012979/profile.yaml,universities/湖北省/4142012979/VISUAL.md,,,,,,,,,,,,,,unresearched,,,,0,,0,0,0,0,0,0
4142013188,武汉晴川学院,湖北省,https://www.qcuwh.cn,universities/湖北省/4142013188/profile.yaml,universities/湖北省/4142013188/VISUAL.md,,,,,,,,,,,,,,unresearched,,,,0,,0,0,0,0,0,0
4142013234,湖北大学知行学院,湖北省,,universities/湖北省/4142013234/profile.yaml,universities/湖北省/4142013234/VISUAL.md,,,,,,,,,,,,,,unresearched,,,,0,,0,0,0,0,0,0
4142013235,武汉城市学院,湖北省,https://www.wic.edu.cn/,universities/湖北省/4142013235/profile.yaml,universities/湖北省/4142013235/VISUAL.md,https://www.wic.edu.cn/theme/default/images/logo1.png,site_identity,png,True,content_inspected,https://www.wic.edu.cn/,c04cc573cfee63b7b87372cd,,,,,,,unresearched,,,,0,,0,0,0,0,0,0
4142013236,三峡大学科技学院,湖北省,https://kjxy.ctgu.edu.cn,universities/湖北省/4142013236/profile.yaml,universities/湖北省/4142013236/VISUAL.md,https://kjxy.ctgu.edu.cn/img/logo.png,site_identity,png,True,content_inspected,https://kjxy.ctgu.edu.cn,8c4525a14449e8d6a55ba84a,,,,,,,unresearched,,,,0,,0,0,0,0,0,0
4142013237,武汉文理学院,湖北省,,universities/湖北省/4142013237/profile.yaml,universities/湖北省/4142013237/VISUAL.md,,,,,,,,,,,,,,unresearched,,,,0,,0,0,0,0,0,0
4142013238,湖北工业大学工程技术学院,湖北省,https://gcxy.hbut.edu.cn/,universities/湖北省/4142013238/profile.yaml,universities/湖北省/4142013238/VISUAL.md,https://gcxy.hbut.edu.cn/images/gc-1.png,site_identity,png,True,content_inspected,https://gcxy.hbut.edu.cn/,9660eafb8fa27211c02e0833,,,,,,,unresearched,,,,0,,0,0,0,0,0,0
4142013239,武汉工程大学邮电与信息工程学院,湖北省,,universities/湖北省/4142013239/profile.yaml,universities/湖北省/4142013239/VISUAL.md,,,,,,,,,,,,,,unresearched,,,,0,,0,0,0,0,0,0
4142013240,武汉纺织大学外经贸学院,湖北省,,universities/湖北省/4142013240/profile.yaml,universities/湖北省/4142013240/VISUAL.md,,,,,,,,,,,,,,unresearched,,,,0,,0,0,0,0,0,0
4142013241,武昌工学院,湖北省,https://www.wuit.cn/,universities/湖北省/4142013241/profile.yaml,universities/湖北省/4142013241/VISUAL.md,,,,,,,,,,,,,,unresearched,,,,0,,0,0,0,0,0,0
4142013242,武汉工商学院,湖北省,,universities/湖北省/4142013242/profile.yaml,universities/湖北省/4142013242/VISUAL.md,,,,,,,,,,,,,,unresearched,,,,0,,0,0,0,0,0,0
4142013245,荆州学院,湖北省,https://www.jzun.edu.cn/,universities/湖北省/4142013245/profile.yaml,universities/湖北省/4142013245/VISUAL.md,https://www.jzun.edu.cn/public_v3/images/logo-new.png,site_identity,png,True,content_inspected,https://www.jzun.edu.cn/,c4d934fe4e54724c9ed67264,,,,,,,unresearched,,,,0,,0,0,0,0,0,0
4142013246,长江大学文理学院,湖北省,https://wlxy.yangtzeu.edu.cn/,universities/湖北省/4142013246/profile.yaml,universities/湖北省/4142013246/VISUAL.md,https://wlxy.yangtzeu.edu.cn/images/cjwllogo.png,site_identity,png,True,content_inspected,https://wlxy.yangtzeu.edu.cn/,ff349061ca62bceee0b0b0c8,,,,,,,unresearched,,,,0,,0,0,0,0,0,0
4142013247,湖北商贸学院,湖北省,,universities/湖北省/4142013247/profile.yaml,universities/湖北省/4142013247/VISUAL.md,,,,,,,,,,,,,,unresearched,,,,0,,0,0,0,0,0,0
4142013248,湖北汽车工业学院科技学院,湖北省,https://kjxy.huat.edu.cn/,universities/湖北省/4142013248/profile.yaml,universities/湖北省/4142013248/VISUAL.md,https://kjxy.huat.edu.cn/dfiles/12837/images/logo.jpg,site_identity,png,True,content_inspected,https://kjxy.huat.edu.cn/,22309e036e2379d8a40c0933,,,,,,,unresearched,,,,0,,0,0,0,0,0,0
4142013249,湖北医药学院药护学院,湖北省,https://yhgj.hbmu.edu.cn,universities/湖北省/4142013249/profile.yaml,universities/湖北省/4142013249/VISUAL.md,https://yhgj.hbmu.edu.cn/_upload/tpl/00/5e/94/template94/images/2/logo.png,site_identity,png,True,content_inspected,https://yhgj.hbmu.edu.cn,f0863a61be5469f22fe617ae,,,,,,,unresearched,,,,0,,0,0,0,0,0,0
4142013250,湖北恩施学院,湖北省,,universities/湖北省/4142013250/profile.yaml,universities/湖北省/4142013250/VISUAL.md,,,,,,,,,,,,,,unresearched,,,,0,,0,0,0,0,0,0
4142013251,湖北经济学院法商学院,湖北省,http://www.hbfs.edu.cn/,universities/湖北省/4142013251/profile.yaml,universities/湖北省/4142013251/VISUAL.md,http://www.hbfs.edu.cn/_upload/tpl/02/d3/723/template723/images/logo.png,site_identity,png,True,content_inspected,http://www.hbfs.edu.cn/,52711b9d362fe7986e382f20,,,,,,,unresearched,,,,0,,0,0,0,0,0,0
4142013253,武汉体育学院体育科技学院,湖北省,,universities/湖北省/4142013253/profile.yaml,universities/湖北省/4142013253/VISUAL.md,,,,,,,,,,,,,,unresearched,,,,0,,0,0,0,0,0,0
4142013256,湖北师范大学文理学院,湖北省,https://wlxy.hbnu.edu.cn,universities/湖北省/4142013256/profile.yaml,universities/湖北省/4142013256/VISUAL.md,https://wlxy.hbnu.edu.cn/_upload/site/00/64/100/logo.png,site_identity,png,True,content_inspected,https://wlxy.hbnu.edu.cn,9157be2dd3b1f9f0b75052e2,,,,,,,unresearched,,,,0,,0,0,0,0,0,0
4142013257,湖北文理学院理工学院,湖北省,https://www.hbasstu.net,universities/湖北省/4142013257/profile.yaml,universities/湖北省/4142013257/VISUAL.md,https://www.hbasstu.net/images/logo2022.png,site_identity,png,True,content_inspected,https://www.hbasstu.net,4afd0394b9536a86f2c48532,,,,,,,unresearched,,,,0,,0,0,0,0,0,0
4142013258,湖北工程学院新技术学院,湖北省,https://www.hbeutc.cn/,universities/湖北省/4142013258/profile.yaml,universities/湖北省/4142013258/VISUAL.md,https://www.hbeutc.cn/images/logo.png,site_identity,png,True,content_inspected,https://www.hbeutc.cn/,d86c51f1842f64d6bdfa193d,,,,,,,unresearched,,,,0,,0,0,0,0,0,0
4142013262,文华学院,湖北省,https://www.hustwenhua.net/,universities/湖北省/4142013262/profile.yaml,universities/湖北省/4142013262/VISUAL.md,,,,,,,,,,,,#003B82,manual_derived,found,官网标识取样的PPT建议主色,https://www.hustwenhua.net/static/picture/qwlogoblue.png,官网页眉标识图片：滤去透明、近白和低饱和背景后，对高频RGB色簇取通道中位数；不是VI标准色色卡,0,,0,0,0,0,0,0
4142013634,武汉学院,湖北省,https://www.whxy.edu.cn/,universities/湖北省/4142013634/profile.yaml,universities/湖北省/4142013634/VISUAL.md,,,,,,,,,,,,,,unresearched,,,,0,,0,0,0,0,0,0
4142013664,武汉工程科技学院,湖北省,https://www.wuhues.com/,universities/湖北省/4142013664/profile.yaml,universities/湖北省/4142013664/VISUAL.md,https://www.wuhues.com/lib/template/static/picture/logo7.png,site_identity,png,True,content_inspected,https://www.wuhues.com/,e0061e843e22e35e5d1de71c,,,,,,,unresearched,,,,0,,0,0,0,0,0,0
4142013666,武汉华夏理工学院,湖北省,,universities/湖北省/4142013666/profile.yaml,universities/湖北省/4142013666/VISUAL.md,,,,,,,,,,,,,,unresearched,,,,0,,0,0,0,0,0,0
4142013686,武汉传媒学院,湖北省,https://www.whmc.edu.cn/,universities/湖北省/4142013686/profile.yaml,universities/湖北省/4142013686/VISUAL.md,https://www.whmc.edu.cn/fonts/zzlogo.png,site_identity,png,True,content_inspected,https://www.whmc.edu.cn/,38829b7eb54b9a01aac57b2c,,,,,#14413C,official_vi,found,武传绿（校徽标准色）,https://www.whmc.edu.cn/xxgk/xhxx.htm,当前官网校徽校训页明确校徽标准色“武传绿”RGB20/65/60、CMYK100/65/80/50；RGB精确换写为HEX，范围为校徽。,0,,0,0,1,0,0,0
4142014035,武汉设计工程学院,湖北省,https://www.wids.edu.cn/,universities/湖北省/4142014035/profile.yaml,universities/湖北省/4142014035/VISUAL.md,,,,,,,,,,,,,,unresearched,,,,0,,0,0,0,0,0,0
4142014099,湖北第二师范学院,湖北省,https://www.hue.edu.cn,universities/湖北省/4142014099/profile.yaml,universities/湖北省/4142014099/VISUAL.md,https://vis.hue.edu.cn/_upload/tpl/17/ac/6060/template6060/images/list_logo.svg,site_identity,svg,True,content_inspected,https://vis.hue.edu.cn/2024/0307/c23775a171791/page.htm,a5e168897407ba8b4e1e6c40,,,,,#014099,manual_derived,found,官网标识取样的PPT建议主色,https://www.hue.edu.cn/_upload/tpl/0c/11/3089/template3089/images/footerlogo.png,官网页眉标识图片：滤去透明、近白和低饱和背景后，对高频RGB色簇取通道中位数；不是VI标准色色卡,0,,0,0,0,0,0,0
4142014899,湖北三峡航空学院,湖北省,https://www.tgai.edu.cn/,universities/湖北省/4142014899/profile.yaml,universities/湖北省/4142014899/VISUAL.md,https://www.tgai.edu.cn/images/hengbanLOGO2.jpg,site_identity,jpeg,True,content_inspected,https://www.tgai.edu.cn/,b2d165398160b76e9564fa16,,,,,,,unresearched,,,,0,,0,0,0,0,0,0
4142014950,网络空间安全学院,湖北省,,universities/湖北省/4142014950/profile.yaml,universities/湖北省/4142014950/VISUAL.md,,,,,,,,,,,,,,unresearched,,,,0,,0,0,0,0,0,0
4143010530,湘潭大学,湖南省,https://www.xtu.edu.cn/,universities/湖南省/4143010530/profile.yaml,universities/湖南省/4143010530/VISUAL.md,https://www.xtu.edu.cn/images/logo.png,site_identity,png,True,content_inspected,https://www.xtu.edu.cn/,fcb4d19e5e9fbc833fff7174,,,,,,,unresearched,,,,0,,0,0,2,0,0,0
4143010531,吉首大学,湖南省,http://www.jsu.edu.cn/,universities/湖南省/4143010531/profile.yaml,universities/湖南省/4143010531/VISUAL.md,http://www.jsu.edu.cn/images/logo1.png,site_identity,png,True,content_inspected,http://www.jsu.edu.cn/,3d759679735eb59549ba0962,,,,,#708FB6,manual_derived,found,官网标识取样的PPT建议主色,http://www.jsu.edu.cn/images/logo1.png,官网页眉标识图片：滤去透明、近白和低饱和背景后，对高频RGB色簇取通道中位数；不是VI标准色色卡,0,,0,0,0,0,0,0
4143010532,湖南大学,湖南省,https://www.hnu.edu.cn,universities/湖南省/4143010532/profile.yaml,universities/湖南省/4143010532/VISUAL.md,https://www.hnu.edu.cn/images/logo.png,site_identity,png,True,content_inspected,https://www.hnu.edu.cn,682cc2afae37dc2b615ecafc,,,,,,,unresearched,,,,0,,0,0,3,0,0,0
4143010533,中南大学,湖南省,https://www.csu.edu.cn/,universities/湖南省/4143010533/profile.yaml,universities/湖南省/4143010533/VISUAL.md,https://www.csu.edu.cn/images/logo.png,site_identity,png,True,content_inspected,https://www.csu.edu.cn/,f1a98f7e5699a088509641e7,,,,,,,unresearched,,,,0,,0,0,3,0,0,0
4143010534,湖南科技大学,湖南省,https://www.hnust.edu.cn/,universities/湖南省/4143010534/profile.yaml,universities/湖南省/4143010534/VISUAL.md,https://www.hnust.edu.cn/images/logo.svg,site_identity,svg,True,content_inspected,https://www.hnust.edu.cn/,39da7c47ccf812fde2a4f9de,,,,,,,unresearched,,,,0,,0,0,1,0,0,0
4143010536,长沙理工大学,湖南省,https://www.csust.edu.cn/,universities/湖南省/4143010536/profile.yaml,universities/湖南省/4143010536/VISUAL.md,https://www.csust.edu.cn/images/M_logo.png,site_identity,png,True,content_inspected,https://www.csust.edu.cn/,336fa5d82b1ad71ee1004337,,,,,#0068B7,manual_derived,found,官网标识取样的PPT建议主色,https://www.csust.edu.cn/images/2024_logo.png,官网页眉标识图片：滤去透明、近白和低饱和背景后，对高频RGB色簇取通道中位数；不是VI标准色色卡,0,,0,0,1,0,0,0
4143010537,湖南农业大学,湖南省,https://www.hunau.edu.cn/,universities/湖南省/4143010537/profile.yaml,universities/湖南省/4143010537/VISUAL.md,https://raw.githubusercontent.com/xioajiumi/Chinese_Universities/e088fddc329a6f0148ca72fd3b4d0fe069f13e3a/logo.zip,badge,png,False,content_inspected,https://github.com/xioajiumi/Chinese_Universities/blob/e088fddc329a6f0148ca72fd3b4d0fe069f13e3a/logo.zip,679c31cbddb241eb,archive_member,https://raw.githubusercontent.com/xioajiumi/Chinese_Universities/e088fddc329a6f0148ca72fd3b4d0fe069f13e3a/logo.zip,img2/湖南农业大学.png,53c17d411407a72ee7e3094cbc8e5238fbf8d376e5415e78ff2c5ad2c55bb549,#118569,manual_derived,found,官网标识取样的PPT建议主色,https://www.hunau.edu.cn/images/logo2023.png,官网页眉标识图片：滤去透明、近白和低饱和背景后，对高频RGB色簇取通道中位数；不是VI标准色色卡,0,,0,0,1,0,0,0
4143010538,中南林业科技大学,湖南省,https://www.csuft.edu.cn/,universities/湖南省/4143010538/profile.yaml,universities/湖南省/4143010538/VISUAL.md,https://www.csuft.edu.cn/dfiles/12943/images/logo_lkd.png,site_identity,png,True,content_inspected,https://www.csuft.edu.cn/,cc2235d02f6d7c7d3eeace59,,,,,#006351,manual_derived,found,官网标识取样的PPT建议主色,https://www.csuft.edu.cn/dfiles/12943/images/logo_lkd.png,官网页眉标识图片：滤去透明、近白和低饱和背景后，对高频RGB色簇取通道中位数；不是VI标准色色卡,0,,0,0,0,0,0,0
4143010541,湖南中医药大学,湖南省,https://www.hnucm.edu.cn/,universities/湖南省/4143010541/profile.yaml,universities/湖南省/4143010541/VISUAL.md,https://www.hnucm.edu.cn/img/logo.png,site_identity,png,True,content_inspected,https://www.hnucm.edu.cn/,edfa86fd2c6032ef3a65d205,,,,,,,unresearched,,,,0,,0,0,0,0,0,0
4143010542,湖南师范大学,湖南省,https://www.hunnu.edu.cn/,universities/湖南省/4143010542/profile.yaml,universities/湖南省/4143010542/VISUAL.md,https://www.hunnu.edu.cn/images/logo.png,site_identity,png,True,content_inspected,https://www.hunnu.edu.cn/,9b95b1dc915689ce9ba36b11,,,,,,,conflict,麓山枫红,,,0,,0,0,3,0,0,0
4143010543,湖南理工大学,湖南省,https://www.hnist.edu.cn/,universities/湖南省/4143010543/profile.yaml,universities/湖南省/4143010543/VISUAL.md,https://www.hnist.edu.cn/images/logo.png,site_identity,png,True,content_inspected,https://www.hnist.edu.cn/,e9bc571cc3e10dee78748149,,,,,,,unresearched,,,,0,,0,0,0,0,0,0
4143010545,湘南学院,湖南省,https://www.xnu.edu.cn/,universities/湖南省/4143010545/profile.yaml,universities/湖南省/4143010545/VISUAL.md,https://www.xnu.edu.cn/skin/xiangnan/core/header/images/logo.png,site_identity,png,True,content_inspected,https://www.xnu.edu.cn/,359983efc9b311e0758198cd,,,,,,,unresearched,,,,0,,0,0,0,0,0,0
4143010546,衡阳师范学院,湖南省,https://www.hynu.edu.cn/,universities/湖南省/4143010546/profile.yaml,universities/湖南省/4143010546/VISUAL.md,https://www.hynu.edu.cn/images/hynu-logo1.png,site_identity,png,True,content_inspected,https://www.hynu.edu.cn/,96daca6fbf1e88b6dd8548b4,,,,,#DA251C,manual_derived,found,官网标识取样的PPT建议主色,https://www.hynu.edu.cn/images/hynu-logo1.png,官网页眉标识图片：滤去透明、近白和低饱和背景后，对高频RGB色簇取通道中位数；不是VI标准色色卡,0,,0,0,0,0,0,0
4143010547,邵阳学院,湖南省,https://www.hnsyu.edu.cn/,universities/湖南省/4143010547/profile.yaml,universities/湖南省/4143010547/VISUAL.md,https://www.hnsyu.edu.cn/images25/logo.png,site_identity,png,True,content_inspected,https://www.hnsyu.edu.cn/,8679479266b5cc712902c4c6,,,,,#6A357E,manual_derived,found,官网标识取样的PPT建议主色,https://www.hnsyu.edu.cn/images25/logo.png,官网页眉标识图片：滤去透明、近白和低饱和背景后，对高频RGB色簇取通道中位数；不是VI标准色色卡,0,,0,0,0,0,0,0
4143010548,怀化学院,湖南省,https://www.hhtc.edu.cn/,universities/湖南省/4143010548/profile.yaml,universities/湖南省/4143010548/VISUAL.md,https://www.hhtc.edu.cn/img/logo.png,site_identity,png,True,content_inspected,https://www.hhtc.edu.cn/,27f2e8231ab1943473518d37,,,,,#04186F,manual_derived,found,官网标识取样的PPT建议主色,https://www.hhtc.edu.cn/img/logo.png,官网页眉标识图片：滤去透明、近白和低饱和背景后，对高频RGB色簇取通道中位数；不是VI标准色色卡,0,,0,0,0,0,0,0
4143010549,湖南文理学院,湖南省,https://www.huas.edu.cn/,universities/湖南省/4143010549/profile.yaml,universities/湖南省/4143010549/VISUAL.md,https://www.huas.edu.cn/images/logo.png,site_identity,png,True,content_inspected,https://www.huas.edu.cn/,3ec688971131d253135c90fa,,,,,#BF1908,manual_derived,found,官网标识取样的PPT建议主色,https://www.huas.edu.cn/images/logo.png,官网页眉标识图片：滤去透明、近白和低饱和背景后，对高频RGB色簇取通道中位数；不是VI标准色色卡,0,,0,0,1,0,0,0
4143010551,湖南科技学院,湖南省,https://www.huse.edu.cn/,universities/湖南省/4143010551/profile.yaml,universities/湖南省/4143010551/VISUAL.md,https://www.huse.edu.cn/images/logo0714.png,site_identity,png,True,content_inspected,https://www.huse.edu.cn/,af6c458483dc9e0f337c1226,,,,,,,unresearched,,,,0,,0,0,0,0,0,0
4143010553,湖南人文科技学院,湖南省,https://www.huhst.edu.cn/,universities/湖南省/4143010553/profile.yaml,universities/湖南省/4143010553/VISUAL.md,https://www.huhst.edu.cn/images/d-logo0720.png,site_identity,png,True,content_inspected,https://www.huhst.edu.cn/,e8c26b3037735fbd355fb2ad,,,,,#363777,manual_derived,found,官网标识取样的PPT建议主色,https://www.huhst.edu.cn/images/d-logo0720.png,官网页眉标识图片：滤去透明、近白和低饱和背景后，对高频RGB色簇取通道中位数；不是VI标准色色卡,0,,0,0,0,0,0,0
4143010554,湖南工商大学,湖南省,https://www.hutb.edu.cn/,universities/湖南省/4143010554/profile.yaml,universities/湖南省/4143010554/VISUAL.md,https://www.hutb.edu.cn/upload/history/www/upload/103814/upload/images/2022-06-08/1654678016889067070.png,site_identity,png,True,content_inspected,https://www.hutb.edu.cn/xxgk1/xxbs/xh,2f40e2559fd534f94582e059,,,,,#831A1F,manual_derived,found,官网标识取样的PPT建议主色,https://www.hutb.edu.cn/content/zzxb/images/dlogo.png,官网页眉标识图片：滤去透明、近白和低饱和背景后，对高频RGB色簇取通道中位数；不是VI标准色色卡,0,,0,0,0,0,0,0
4143010555,南华大学,湖南省,https://www.usc.edu.cn/,universities/湖南省/4143010555/profile.yaml,universities/湖南省/4143010555/VISUAL.md,https://www.usc.edu.cn/images/logo.png,site_identity,png,True,content_inspected,https://www.usc.edu.cn/,ed1c6cce918b18bf6ea3c42e,,,,,#00479D,manual_derived,found,官网标识取样的PPT建议主色,https://www.usc.edu.cn/images/logo.png,官网页眉标识图片：滤去透明、近白和低饱和背景后，对高频RGB色簇取通道中位数；不是VI标准色色卡,0,,0,0,1,0,0,0
4143010823,长沙医学院,湖南省,https://www.csmu.edu.cn/,universities/湖南省/4143010823/profile.yaml,universities/湖南省/4143010823/VISUAL.md,https://www.csmu.edu.cn/images/1572198808_logo_img.png,site_identity,png,True,content_inspected,https://www.csmu.edu.cn/,57953bf45fe1e75a07709ecc,,,,,,,unresearched,,,,0,,0,0,0,0,0,0
4143011077,长沙学院,湖南省,https://www.ccsu.cn/,universities/湖南省/4143011077/profile.yaml,universities/湖南省/4143011077/VISUAL.md,https://www.ccsu.cn/new_index/images/logo.png,site_identity,png,True,content_inspected,https://www.ccsu.cn/,baaccb0de6f0a2f4416392b4,,,,,,,unresearched,,,,0,,0,0,0,0,0,0
4143011342,湖南工程学院,湖南省,https://www.hnie.edu.cn,universities/湖南省/4143011342/profile.yaml,universities/湖南省/4143011342/VISUAL.md,https://raw.githubusercontent.com/xioajiumi/Chinese_Universities/e088fddc329a6f0148ca72fd3b4d0fe069f13e3a/logo.zip,badge,png,False,content_inspected,https://github.com/xioajiumi/Chinese_Universities/blob/e088fddc329a6f0148ca72fd3b4d0fe069f13e3a/logo.zip,72520aeaaf9f87e5,archive_member,https://raw.githubusercontent.com/xioajiumi/Chinese_Universities/e088fddc329a6f0148ca72fd3b4d0fe069f13e3a/logo.zip,img2/湖南工程学院.png,53c17d411407a72ee7e3094cbc8e5238fbf8d376e5415e78ff2c5ad2c55bb549,,,unresearched,,,,0,,0,0,0,0,0,0
4143011527,湖南城市学院,湖南省,https://www.hncu.edu.cn/,universities/湖南省/4143011527/profile.yaml,universities/湖南省/4143011527/VISUAL.md,https://www.hncu.edu.cn/images/logo_tops.png,site_identity,png,True,content_inspected,https://www.hncu.edu.cn/,cbcb81a58ed17f57535bdad8,,,,,#D73230,manual_derived,found,官网标识取样的PPT建议主色,https://www.hncu.edu.cn/images/logo_tops.png,官网页眉标识图片：滤去透明、近白和低饱和背景后，对高频RGB色簇取通道中位数；不是VI标准色色卡,0,,0,0,0,0,0,0
4143011528,湖南工学院,湖南省,https://www.hnit.edu.cn,universities/湖南省/4143011528/profile.yaml,universities/湖南省/4143011528/VISUAL.md,https://www.hnit.edu.cn/images/logo_04.png,site_identity,png,True,content_inspected,https://www.hnit.edu.cn,86a209304394406cf09089b6,,,,,,,unresearched,,,,0,,0,0,0,0,0,0
4143011532,湖南财政经济学院,湖南省,https://www.hufe.edu.cn/,universities/湖南省/4143011532/profile.yaml,universities/湖南省/4143011532/VISUAL.md,https://www.hufe.edu.cn/images/logo0731.png,site_identity,png,True,content_inspected,https://www.hufe.edu.cn/,074f1f3b61db4a642a58fd35,,,,,,,unresearched,,,,0,,0,0,0,0,0,0
4143011534,湖南警察学院,湖南省,https://www.hnpolice.com/,universities/湖南省/4143011534/profile.yaml,universities/湖南省/4143011534/VISUAL.md,https://www.hnpolice.com/hnpolice/template/imgs/logo.png,site_identity,png,True,content_inspected,https://www.hnpolice.com/,6e3adaaa44dd80bb4e8d548b,,,,,#014EC2,manual_derived,found,官网标识取样的PPT建议主色,https://www.hnpolice.com/hnpolice/template/imgs/logo.png,官网页眉标识图片：滤去透明、近白和低饱和背景后，对高频RGB色簇取通道中位数；不是VI标准色色卡,0,,0,0,0,0,0,0
4143011535,湖南工业大学,湖南省,https://www.hut.edu.cn/,universities/湖南省/4143011535/profile.yaml,universities/湖南省/4143011535/VISUAL.md,https://www.hut.edu.cn/img/logo1.png,site_identity,png,True,content_inspected,https://www.hut.edu.cn/,7e7a8043d0fe0840bd550fc9,,,,,#580D55,manual_derived,found,官网标识取样的PPT建议主色,https://www.hut.edu.cn/img/logo3.png,官网页眉标识图片：滤去透明、近白和低饱和背景后，对高频RGB色簇取通道中位数；不是VI标准色色卡,0,,0,0,0,0,0,0
4143011538,湖南女子学院,湖南省,,universities/湖南省/4143011538/profile.yaml,universities/湖南省/4143011538/VISUAL.md,https://raw.githubusercontent.com/xioajiumi/Chinese_Universities/e088fddc329a6f0148ca72fd3b4d0fe069f13e3a/logo.zip,badge,jpeg,False,content_inspected,https://github.com/xioajiumi/Chinese_Universities/blob/e088fddc329a6f0148ca72fd3b4d0fe069f13e3a/logo.zip,9061c0cbfe5ecb31,archive_member,https://raw.githubusercontent.com/xioajiumi/Chinese_Universities/e088fddc329a6f0148ca72fd3b4d0fe069f13e3a/logo.zip,img2/湖南女子学院.png,53c17d411407a72ee7e3094cbc8e5238fbf8d376e5415e78ff2c5ad2c55bb549,#C82328,official_vi,found,标准红色,https://www.hnwu.edu.cn/ewebeditor/uploadfile/20230217011220001.pdf,官方VI手册A02-01标准色及A02-03标准色色阶（PDF第11、13页）明确RGB R200 G35 B40；按原RGB换写HEX,0,,0,0,0,0,0,0
4143012034,湖南第一师范学院,湖南省,https://www.hnfnu.edu.cn,universities/湖南省/4143012034/profile.yaml,universities/湖南省/4143012034/VISUAL.md,https://raw.githubusercontent.com/xioajiumi/Chinese_Universities/e088fddc329a6f0148ca72fd3b4d0fe069f13e3a/logo.zip,badge,png,False,content_inspected,https://github.com/xioajiumi/Chinese_Universities/blob/e088fddc329a6f0148ca72fd3b4d0fe069f13e3a/logo.zip,6a3ccf26906aa052,archive_member,https://raw.githubusercontent.com/xioajiumi/Chinese_Universities/e088fddc329a6f0148ca72fd3b4d0fe069f13e3a/logo.zip,img2/湖南第一师范学院.png,53c17d411407a72ee7e3094cbc8e5238fbf8d376e5415e78ff2c5ad2c55bb549,#9F2925,official_vi,found,师红,https://www.hnfnu.edu.cn/sysc2.pdf,官网 VI 手册列明学校标准色 RGB R159 G41 B37，换算为 HEX,0,,0,0,0,0,0,0
4143012214,湖南医药学院,湖南省,,universities/湖南省/4143012214/profile.yaml,universities/湖南省/4143012214/VISUAL.md,https://raw.githubusercontent.com/xioajiumi/Chinese_Universities/e088fddc329a6f0148ca72fd3b4d0fe069f13e3a/logo.zip,badge,jpeg,False,content_inspected,https://github.com/xioajiumi/Chinese_Universities/blob/e088fddc329a6f0148ca72fd3b4d0fe069f13e3a/logo.zip,bec7df0b347e70da,archive_member,https://raw.githubusercontent.com/xioajiumi/Chinese_Universities/e088fddc329a6f0148ca72fd3b4d0fe069f13e3a/logo.zip,img2/湖南医药学院.png,53c17d411407a72ee7e3094cbc8e5238fbf8d376e5415e78ff2c5ad2c55bb549,,,unresearched,,,,0,,0,0,0,0,0,0
4143012303,湖南涉外经济学院,湖南省,https://www.hieu.edu.cn/,universities/湖南省/4143012303/profile.yaml,universities/湖南省/4143012303/VISUAL.md,https://www.hieu.edu.cn/imgs/logo.png,site_identity,png,True,content_inspected,https://www.hieu.edu.cn/,73177ef0457659eb50c95eaf,,,,,,,unresearched,,,,0,,0,0,0,0,0,0
4143012599,湘潭大学兴湘学院,湖南省,https://xxxy.xtu.edu.cn/,universities/湖南省/4143012599/profile.yaml,universities/湖南省/4143012599/VISUAL.md,https://xxxy.xtu.edu.cn/img/logo.png,site_identity,png,True,content_inspected,https://xxxy.xtu.edu.cn/,ceb30d5742304081c349eaaa,,,,,,,unresearched,,,,0,,0,0,0,0,0,0
4143012604,湖南工业大学科技学院,湖南省,https://kjxy.hut.edu.cn/,universities/湖南省/4143012604/profile.yaml,universities/湖南省/4143012604/VISUAL.md,https://kjxy.hut.edu.cn/images/logo.png,site_identity,png,True,content_inspected,https://kjxy.hut.edu.cn/,4376f5a6915b3d3f4c7d41b3,,,,,,,unresearched,,,,0,,0,0,0,0,0,0
4143012649,湖南科技大学潇湘学院,湖南省,https://xxxy.hnust.edu.cn,universities/湖南省/4143012649/profile.yaml,universities/湖南省/4143012649/VISUAL.md,https://xxxy.hnust.edu.cn/images/xxlogo.png,site_identity,png,True,content_inspected,https://xxxy.hnust.edu.cn,ecaa6f05104365bbdad90e46,,,,,,,unresearched,,,,0,,0,0,0,0,0,0
4143012650,南华大学船山学院,湖南省,https://csxy.usc.edu.cn,universities/湖南省/4143012650/profile.yaml,universities/湖南省/4143012650/VISUAL.md,https://csxy.usc.edu.cn/img/newlogo2.png,site_identity,png,True,content_inspected,https://csxy.usc.edu.cn,3124904c7f825a72c1feb924,,,,,,,unresearched,,,,0,,0,0,0,0,0,0
4143012651,湘潭理工学院,湖南省,https://www.xtit.edu.cn/,universities/湖南省/4143012651/profile.yaml,universities/湖南省/4143012651/VISUAL.md,https://www.xtit.edu.cn/uploads/images/20230324/29f3fe90fe3760957df50cfe8debb127.png,site_identity,png,True,content_inspected,https://www.xtit.edu.cn/,bd953d0975789cea65498220,,,,,,,unresearched,,,,0,,0,0,0,0,0,0
4143012652,长沙工业学院,湖南省,https://www.ccsut.edu.cn/,universities/湖南省/4143012652/profile.yaml,universities/湖南省/4143012652/VISUAL.md,https://www.ccsut.edu.cn/images/logo.png,site_identity,png,True,content_inspected,https://www.ccsut.edu.cn/,f24fcb0854e74170aae07b51,,,,,#0571AE,manual_derived,found,官网标识取样的PPT建议主色,https://www.ccsut.edu.cn/images/logo.png,官网页眉标识图片：滤去透明、近白和低饱和背景后，对高频RGB色簇取通道中位数；不是VI标准色色卡,0,,0,0,0,0,0,0
4143012653,湖南农业大学东方科技学院,湖南省,https://www.hnaues.com/,universities/湖南省/4143012653/profile.yaml,universities/湖南省/4143012653/VISUAL.md,,,,,,,,,,,,,,unresearched,,,,0,,0,0,0,0,0,0
4143012656,中南林业科技大学涉外学院,湖南省,https://swxy.csuft.edu.cn,universities/湖南省/4143012656/profile.yaml,universities/湖南省/4143012656/VISUAL.md,https://swxy.csuft.edu.cn/dfiles/14640/images/logo-swxy.png,site_identity,png,True,content_inspected,https://swxy.csuft.edu.cn,89ad3a0abc4bca80b5733622,,,,,,,unresearched,,,,0,,0,0,0,0,0,0
4143012657,常德学院,湖南省,https://www.changdecollege.cn/,universities/湖南省/4143012657/profile.yaml,universities/湖南省/4143012657/VISUAL.md,https://www.changdecollege.cn/images/2025/logoxiao.png,site_identity,png,True,content_inspected,https://www.changdecollege.cn/,42715bca7f97cad020e2baf0,,,,,#9A0001,manual_derived,found,官网标识取样的PPT建议主色,https://www.changdecollege.cn/images/25/logo_newhongse.png,官网页眉标识图片：滤去透明、近白和低饱和背景后，对高频RGB色簇取通道中位数；不是VI标准色色卡,0,,0,0,0,0,0,0
4143012658,岳阳学院,湖南省,https://www.yyu.edu.cn/p1/index.html,universities/湖南省/4143012658/profile.yaml,universities/湖南省/4143012658/VISUAL.md,https://www.yyu.edu.cn/r/cms/www/default/images/logo.png,site_identity,png,True,content_inspected,https://www.yyu.edu.cn/p1/index.html,acd5af9c2f24dbb804138bc8,,,,,,,unresearched,,,,0,,0,0,0,0,0,0
4143012659,衡阳师范学院南岳学院,湖南省,https://nyxy.hynu.edu.cn,universities/湖南省/4143012659/profile.yaml,universities/湖南省/4143012659/VISUAL.md,https://nyxy.hynu.edu.cn/dfiles/7699/template/skin_nyxysite/cn/images/logo.gif,site_identity,gif,True,content_inspected,https://nyxy.hynu.edu.cn,1cb2b9bfb1b9f0838d8d0c0d,,,,,,,unresearched,,,,0,,0,0,0,0,0,0
4143012660,湖南工程学院应用技术学院,湖南省,https://hnieyy.hnie.edu.cn,universities/湖南省/4143012660/profile.yaml,universities/湖南省/4143012660/VISUAL.md,,,,,,,,,,,,,,unresearched,,,,0,,0,0,0,0,0,0
4143012661,湖南中医药大学湘杏学院,湖南省,https://xxxy.hnucm.edu.cn,universities/湖南省/4143012661/profile.yaml,universities/湖南省/4143012661/VISUAL.md,,,,,,,,,,,,,,unresearched,,,,0,,0,0,0,0,0,0
4143012662,张家界学院,湖南省,https://www.zjjc.edu.cn/p1/index.html,universities/湖南省/4143012662/profile.yaml,universities/湖南省/4143012662/VISUAL.md,https://www.zjjc.edu.cn/r/cms/www/default/images/logo.png,site_identity,png,True,content_inspected,https://www.zjjc.edu.cn/p1/index.html,9779979e2a6e340126a3f02a,,,,,#659980,manual_derived,found,官网标识取样的PPT建议主色,https://www.zjjc.edu.cn/r/cms/www/default/images/logo.png,官网页眉标识图片：滤去透明、近白和低饱和背景后，对高频RGB色簇取通道中位数；不是VI标准色色卡,0,,0,0,0,0,0,0
4143013043,湖南化工职业技术大学,湖南省,,universities/湖南省/4143013043/profile.yaml,universities/湖南省/4143013043/VISUAL.md,,,,,,,,,,,,,,unresearched,,,,0,,0,0,0,0,0,0
4143013635,长沙理工大学城南学院,湖南省,https://www.csust.edu.cn/cnxy/,universities/湖南省/4143013635/profile.yaml,universities/湖南省/4143013635/VISUAL.md,,,,,,,,,,,,,,unresearched,,,,0,,0,0,0,0,0,0
4143013806,长沙师范学院,湖南省,http://www.cssf.cn/,universities/湖南省/4143013806/profile.yaml,universities/湖南省/4143013806/VISUAL.md,https://raw.githubusercontent.com/xioajiumi/Chinese_Universities/e088fddc329a6f0148ca72fd3b4d0fe069f13e3a/logo.zip,badge,jpeg,False,content_inspected,https://github.com/xioajiumi/Chinese_Universities/blob/e088fddc329a6f0148ca72fd3b4d0fe069f13e3a/logo.zip,a8aa1a4717fbe41a,archive_member,https://raw.githubusercontent.com/xioajiumi/Chinese_Universities/e088fddc329a6f0148ca72fd3b4d0fe069f13e3a/logo.zip,img2/长沙师范学院.png,53c17d411407a72ee7e3094cbc8e5238fbf8d376e5415e78ff2c5ad2c55bb549,,,unresearched,,,,0,,0,0,0,0,0,0
4143013809,湖南应用技术学院,湖南省,,universities/湖南省/4143013809/profile.yaml,universities/湖南省/4143013809/VISUAL.md,,,,,,,,,,,,,,unresearched,,,,0,,0,0,0,0,0,0
4143013836,湖南信息学院,湖南省,https://www.hnuit.edu.cn,universities/湖南省/4143013836/profile.yaml,universities/湖南省/4143013836/VISUAL.md,https://www.hnuit.edu.cn/images/logo.png,site_identity,png,True,content_inspected,https://www.hnuit.edu.cn,c6cf1b1e339414ce882a6f21,,,,,,,unresearched,,,,0,,0,0,0,0,0,0
4143013921,湖南工艺美术职业大学,湖南省,https://www.hnmeida.com.cn,universities/湖南省/4143013921/profile.yaml,universities/湖南省/4143013921/VISUAL.md,https://www.hnmeida.com.cn/images/zhiyedaxuedaibiao.png,site_identity,png,True,content_inspected,https://www.hnmeida.com.cn,45ddc904839a30aa9a4a2b3b,,,,,,,unresearched,,,,0,,0,0,0,0,0,0
4143013924,湖南交通工程学院,湖南省,,universities/湖南省/4143013924/profile.yaml,universities/湖南省/4143013924/VISUAL.md,,,,,,,,,,,,,,unresearched,,,,0,,0,0,0,0,0,0
4143013925,湖南软件职业技术大学,湖南省,,universities/湖南省/4143013925/profile.yaml,universities/湖南省/4143013925/VISUAL.md,,,,,,,,,,,,,,unresearched,,,,0,,0,0,0,0,0,0
4143013937,湖南汽车工程职业大学,湖南省,,universities/湖南省/4143013937/profile.yaml,universities/湖南省/4143013937/VISUAL.md,,,,,,,,,,,,,,unresearched,,,,0,,0,0,0,0,0,0
4143014900,长沙科技学院,湖南省,https://www.csuse.edu.cn/,universities/湖南省/4143014900/profile.yaml,universities/湖南省/4143014900/VISUAL.md,,,,,,,,,,,,,,unresearched,,,,0,,0,0,0,0,0,0
4143014983,长沙健康学院,湖南省,,universities/湖南省/4143014983/profile.yaml,universities/湖南省/4143014983/VISUAL.md,,,,,,,,,,,,,,unresearched,,,,0,,0,0,0,0,0,0
4162010730,兰州大学,甘肃省,https://www.lzu.edu.cn/,universities/甘肃省/4162010730/profile.yaml,universities/甘肃省/4162010730/VISUAL.md,https://www.lzu.edu.cn/images/logo.png,site_identity,png,True,content_inspected,https://www.lzu.edu.cn/,f96092d79aaa002a07f70806,,,,,,,unresearched,,,,0,,0,0,3,0,0,0
4162010731,兰州理工大学,甘肃省,https://www.lut.edu.cn/,universities/甘肃省/4162010731/profile.yaml,universities/甘肃省/4162010731/VISUAL.md,https://www.lut.edu.cn/images/xlogo_lan1022.png,site_identity,png,True,content_inspected,https://www.lut.edu.cn/,4890b3231ec4d32feb32a5b3,,,,,#0A4387,manual_derived,found,官网标识取样的PPT建议主色,https://www.lut.edu.cn/images/xlogo_lan1022.png,官网页眉标识图片：滤去透明、近白和低饱和背景后，对高频RGB色簇取通道中位数；不是VI标准色色卡,0,,0,0,1,0,0,0
4162010732,兰州交通大学,甘肃省,https://www.lzjtu.edu.cn/,universities/甘肃省/4162010732/profile.yaml,universities/甘肃省/4162010732/VISUAL.md,https://www.lzjtu.edu.cn/images/baiLOGO.png,site_identity,png,True,content_inspected,https://www.lzjtu.edu.cn/,e96908f9786f9c7feaec8672,,,,,#143270,manual_derived,found,官网标识取样的PPT建议主色,https://www.lzjtu.edu.cn/images/lanLOGO.png,官网页眉标识图片：滤去透明、近白和低饱和背景后，对高频RGB色簇取通道中位数；不是VI标准色色卡,0,,0,0,1,0,0,0
4162010733,甘肃农业大学,甘肃省,https://www.gsau.edu.cn/,universities/甘肃省/4162010733/profile.yaml,universities/甘肃省/4162010733/VISUAL.md,https://www.gsau.edu.cn/images/logo.png,site_identity,png,True,content_inspected,https://www.gsau.edu.cn/,84c727ac0fc7129965efe049,,,,,,,unresearched,,,,0,,0,0,0,0,0,0
4162010735,甘肃中医药大学,甘肃省,https://www.gszy.edu.cn/reception,universities/甘肃省/4162010735/profile.yaml,universities/甘肃省/4162010735/VISUAL.md,https://www.gszy.edu.cn/resource/reception/img/logo.png,site_identity,png,True,content_inspected,https://www.gszy.edu.cn/reception,505c9a8c610511cc9a74fa44,,,,,#12355B,manual_derived,found,官网标识取样的PPT建议主色,https://www.gszy.edu.cn/resource/reception/img/logo.png,官网页眉标识图片：滤去透明、近白和低饱和背景后，对高频RGB色簇取通道中位数；不是VI标准色色卡,0,,0,0,0,0,0,0
4162010736,西北师范大学,甘肃省,,universities/甘肃省/4162010736/profile.yaml,universities/甘肃省/4162010736/VISUAL.md,https://raw.githubusercontent.com/xioajiumi/Chinese_Universities/e088fddc329a6f0148ca72fd3b4d0fe069f13e3a/logo.zip,badge,png,False,content_inspected,https://github.com/xioajiumi/Chinese_Universities/blob/e088fddc329a6f0148ca72fd3b4d0fe069f13e3a/logo.zip,71df5106fc26bfbf,archive_member,https://raw.githubusercontent.com/xioajiumi/Chinese_Universities/e088fddc329a6f0148ca72fd3b4d0fe069f13e3a/logo.zip,img2/西北师范大学.png,53c17d411407a72ee7e3094cbc8e5238fbf8d376e5415e78ff2c5ad2c55bb549,,,unresearched,,,,0,,0,0,1,0,0,0
4162010737,兰州城市学院,甘肃省,,universities/甘肃省/4162010737/profile.yaml,universities/甘肃省/4162010737/VISUAL.md,https://raw.githubusercontent.com/xioajiumi/Chinese_Universities/e088fddc329a6f0148ca72fd3b4d0fe069f13e3a/logo.zip,badge,png,False,content_inspected,https://github.com/xioajiumi/Chinese_Universities/blob/e088fddc329a6f0148ca72fd3b4d0fe069f13e3a/logo.zip,aa735577fa54d0c0,archive_member,https://raw.githubusercontent.com/xioajiumi/Chinese_Universities/e088fddc329a6f0148ca72fd3b4d0fe069f13e3a/logo.zip,img2/兰州城市学院.png,53c17d411407a72ee7e3094cbc8e5238fbf8d376e5415e78ff2c5ad2c55bb549,,,unresearched,,,,0,,0,0,0,0,0,0
4162010738,陇东学院,甘肃省,,universities/甘肃省/4162010738/profile.yaml,universities/甘肃省/4162010738/VISUAL.md,https://raw.githubusercontent.com/xioajiumi/Chinese_Universities/e088fddc329a6f0148ca72fd3b4d0fe069f13e3a/logo.zip,badge,png,False,content_inspected,https://github.com/xioajiumi/Chinese_Universities/blob/e088fddc329a6f0148ca72fd3b4d0fe069f13e3a/logo.zip,4e5856fd02702d33,archive_member,https://raw.githubusercontent.com/xioajiumi/Chinese_Universities/e088fddc329a6f0148ca72fd3b4d0fe069f13e3a/logo.zip,img2/陇东学院.png,53c17d411407a72ee7e3094cbc8e5238fbf8d376e5415e78ff2c5ad2c55bb549,,,unresearched,,,,0,,0,0,1,0,0,0
4162010739,天水师范大学,甘肃省,https://www.tsnu.edu.cn/,universities/甘肃省/4162010739/profile.yaml,universities/甘肃省/4162010739/VISUAL.md,https://www.tsnu.edu.cn/images/logo.png,site_identity,png,True,content_inspected,https://www.tsnu.edu.cn/,441c3c15c99ffecaaacf959e,,,,,,,unresearched,,,,0,,0,0,0,0,0,0
4162010740,河西学院,甘肃省,https://www.hxu.edu.cn/,universities/甘肃省/4162010740/profile.yaml,universities/甘肃省/4162010740/VISUAL.md,https://www.hxu.edu.cn/images/logo.png,site_identity,png,True,content_inspected,https://www.hxu.edu.cn/,087530d6a32090d79b000388,,,,,,,unresearched,,,,0,,0,0,0,0,0,0
4162010741,兰州财经大学,甘肃省,https://www.lzufe.edu.cn,universities/甘肃省/4162010741/profile.yaml,universities/甘肃省/4162010741/VISUAL.md,https://www.lzufe.edu.cn/images/logo.png,site_identity,png,True,content_inspected,https://www.lzufe.edu.cn,6962201dfc439f746387ecf2,,,,,#267EBD,manual_derived,found,官网标识取样的PPT建议主色,https://www.lzufe.edu.cn/images/logo1.png,官网页眉标识图片：滤去透明、近白和低饱和背景后，对高频RGB色簇取通道中位数；不是VI标准色色卡,0,,0,0,0,0,0,0
4162010742,西北民族大学,甘肃省,https://www.xbmu.edu.cn/,universities/甘肃省/4162010742/profile.yaml,universities/甘肃省/4162010742/VISUAL.md,https://www.xbmu.edu.cn/images/logo0508.png,site_identity,png,True,content_inspected,https://www.xbmu.edu.cn/,dd89712f8d890ff376f48b99,,,,,#1F2650,manual_derived,found,官网标识取样的PPT建议主色,https://www.xbmu.edu.cn/images/logo0508.png,官网页眉标识图片：滤去透明、近白和低饱和背景后，对高频RGB色簇取通道中位数；不是VI标准色色卡,0,,0,0,0,0,0,0
4162011406,甘肃政法大学,甘肃省,,universities/甘肃省/4162011406/profile.yaml,universities/甘肃省/4162011406/VISUAL.md,https://raw.githubusercontent.com/xioajiumi/Chinese_Universities/e088fddc329a6f0148ca72fd3b4d0fe069f13e3a/logo.zip,badge,png,False,content_inspected,https://github.com/xioajiumi/Chinese_Universities/blob/e088fddc329a6f0148ca72fd3b4d0fe069f13e3a/logo.zip,c7007ee37e19c762,archive_member,https://raw.githubusercontent.com/xioajiumi/Chinese_Universities/e088fddc329a6f0148ca72fd3b4d0fe069f13e3a/logo.zip,img2/甘肃政法大学.png,53c17d411407a72ee7e3094cbc8e5238fbf8d376e5415e78ff2c5ad2c55bb549,,,unresearched,,,,0,,0,0,0,0,0,0
4162011561,甘肃民族师范学院,甘肃省,,universities/甘肃省/4162011561/profile.yaml,universities/甘肃省/4162011561/VISUAL.md,https://raw.githubusercontent.com/xioajiumi/Chinese_Universities/e088fddc329a6f0148ca72fd3b4d0fe069f13e3a/logo.zip,badge,jpeg,False,content_inspected,https://github.com/xioajiumi/Chinese_Universities/blob/e088fddc329a6f0148ca72fd3b4d0fe069f13e3a/logo.zip,3038d1639ae75df9,archive_member,https://raw.githubusercontent.com/xioajiumi/Chinese_Universities/e088fddc329a6f0148ca72fd3b4d0fe069f13e3a/logo.zip,img2/甘肃民族师范学院.png,53c17d411407a72ee7e3094cbc8e5238fbf8d376e5415e78ff2c5ad2c55bb549,,,unresearched,,,,0,,0,0,0,0,0,0
4162011562,兰州文理学院,甘肃省,,universities/甘肃省/4162011562/profile.yaml,universities/甘肃省/4162011562/VISUAL.md,https://raw.githubusercontent.com/xioajiumi/Chinese_Universities/e088fddc329a6f0148ca72fd3b4d0fe069f13e3a/logo.zip,badge,png,False,content_inspected,https://github.com/xioajiumi/Chinese_Universities/blob/e088fddc329a6f0148ca72fd3b4d0fe069f13e3a/logo.zip,e6f3bf384c7d1bd8,archive_member,https://raw.githubusercontent.com/xioajiumi/Chinese_Universities/e088fddc329a6f0148ca72fd3b4d0fe069f13e3a/logo.zip,img2/兰州文理学院.png,53c17d411407a72ee7e3094cbc8e5238fbf8d376e5415e78ff2c5ad2c55bb549,,,unresearched,,,,0,,0,0,0,0,0,0
4162011805,甘肃医学院,甘肃省,https://www.gsmc.edu.cn/,universities/甘肃省/4162011805/profile.yaml,universities/甘肃省/4162011805/VISUAL.md,https://www.gsmc.edu.cn/images/logo.png,site_identity,png,True,content_inspected,https://www.gsmc.edu.cn/,56b6069382e76d350f0d5be7,,,,,,,unresearched,,,,0,,0,0,0,0,0,0
4162011806,陇南师范学院,甘肃省,https://www.lntc.edu.cn/,universities/甘肃省/4162011806/profile.yaml,universities/甘肃省/4162011806/VISUAL.md,https://www.lntc.edu.cn/images/newlogo.png,site_identity,png,True,content_inspected,https://www.lntc.edu.cn/,15bac7897d44bc1b0bd08eeb,,,,,,,unresearched,,,,0,,0,0,0,0,0,0
4162011807,兰州工业学院,甘肃省,https://www.lzit.edu.cn/,universities/甘肃省/4162011807/profile.yaml,universities/甘肃省/4162011807/VISUAL.md,https://www.lzit.edu.cn/images/logo.png,site_identity,png,True,content_inspected,https://www.lzit.edu.cn/,f58bef6d4220812049d4be7f,,,,,#114182,manual_derived,found,官网标识取样的PPT建议主色,https://www.lzit.edu.cn/images/s5-rlogo.png,官网页眉标识图片：滤去透明、近白和低饱和背景后，对高频RGB色簇取通道中位数；不是VI标准色色卡,0,,0,0,0,0,0,0
4162012539,酒泉职业技术大学,甘肃省,,universities/甘肃省/4162012539/profile.yaml,universities/甘肃省/4162012539/VISUAL.md,,,,,,,,,,,,,,unresearched,,,,0,,0,0,0,0,0,0
4162012834,甘肃警察学院,甘肃省,https://www.gsjcxy.edu.cn/,universities/甘肃省/4162012834/profile.yaml,universities/甘肃省/4162012834/VISUAL.md,https://www.gsjcxy.edu.cn/images/0810.png,site_identity,png,True,content_inspected,https://www.gsjcxy.edu.cn/,371e4184bf1888116e8eb4aa,,,,,#353075,manual_derived,found,官网标识取样的PPT建议主色,https://www.gsjcxy.edu.cn/images/ftlogo08101.png,官网页眉标识图片：滤去透明、近白和低饱和背景后，对高频RGB色簇取通道中位数；不是VI标准色色卡,0,,0,0,0,0,0,0
4162012835,甘肃林业职业技术大学,甘肃省,https://www.gsfc.edu.cn/,universities/甘肃省/4162012835/profile.yaml,universities/甘肃省/4162012835/VISUAL.md,,,,,,,,,,,,,,unresearched,,,,0,,0,0,0,0,0,0
4162012836,甘肃工业职业技术大学,甘肃省,https://www.gipc.edu.cn/xxgk/xxjj.htm,universities/甘肃省/4162012836/profile.yaml,universities/甘肃省/4162012836/VISUAL.md,,,,,,,,,,,,,,unresearched,,,,0,,0,0,0,0,0,0
4162013511,兰州工商学院,甘肃省,http://www.lanzhoutbc.cn/,universities/甘肃省/4162013511/profile.yaml,universities/甘肃省/4162013511/VISUAL.md,http://www.lanzhoutbc.cn/images/logo.png,site_identity,png,True,content_inspected,http://www.lanzhoutbc.cn/,a84aa46ed599a9a10141e891,,,,,,,unresearched,,,,0,,0,0,0,0,0,0
4162013514,兰州博文科技学院,甘肃省,http://www.bowenedu.cn,universities/甘肃省/4162013514/profile.yaml,universities/甘肃省/4162013514/VISUAL.md,http://www.bowenedu.cn/images/logo.png,site_identity,png,True,content_inspected,http://www.bowenedu.cn,d45ba1be717293d16775c415,,,,,,,unresearched,,,,0,,0,0,0,0,0,0
4162013515,兰州信息科技学院,甘肃省,,universities/甘肃省/4162013515/profile.yaml,universities/甘肃省/4162013515/VISUAL.md,,,,,,,,,,,,,,unresearched,,,,0,,0,0,0,0,0,0
4162013518,武威职业技术大学,甘肃省,,universities/甘肃省/4162013518/profile.yaml,universities/甘肃省/4162013518/VISUAL.md,,,,,,,,,,,,,,unresearched,,,,0,,0,0,0,0,0,0
4162016208,兰州资源环境职业技术大学,甘肃省,https://www.lzre.edu.cn/,universities/甘肃省/4162016208/profile.yaml,universities/甘肃省/4162016208/VISUAL.md,https://www.lzre.edu.cn/new/images/logo.png,site_identity,png,True,content_inspected,https://www.lzre.edu.cn/,4229e9e2366c1234b6f65955,,,,,,,unresearched,,,,0,,0,0,0,0,0,0
4162016209,兰州石化职业技术大学,甘肃省,,universities/甘肃省/4162016209/profile.yaml,universities/甘肃省/4162016209/VISUAL.md,,,,,,,,,,,,,,unresearched,,,,0,,0,0,0,0,0,0
4135010384,厦门大学,福建省,https://www.xmu.edu.cn/,universities/福建省/4135010384/profile.yaml,universities/福建省/4135010384/VISUAL.md,https://www.xmu.edu.cn/images/logo.png,site_identity,png,True,content_inspected,https://www.xmu.edu.cn/,1389c4bfd7ae27c89d49f8a3,,,,,#0D2F6E,manual_derived,found,官网标识取样的PPT建议主色,https://www.xmu.edu.cn/images/logo2.png,官网页眉标识图片：滤去透明、近白和低饱和背景后，对高频RGB色簇取通道中位数；不是VI标准色色卡,0,,0,0,4,0,0,0
4135010385,华侨大学,福建省,https://www.hqu.edu.cn,universities/福建省/4135010385/profile.yaml,universities/福建省/4135010385/VISUAL.md,https://www.hqu.edu.cn/images/logo.png,site_identity,png,True,content_inspected,https://www.hqu.edu.cn/,607bf7eccb8757027fc0b378,,,,,,,unresearched,,,,0,,0,0,1,0,0,0
4135010386,福州大学,福建省,https://www.fzu.edu.cn/,universities/福建省/4135010386/profile.yaml,universities/福建省/4135010386/VISUAL.md,https://raw.githubusercontent.com/HeyHuazi/SVGLOGO/142498f527ac2dd3116cc1feccb9670879839f74/static/library/school/FZU.svg,badge,svg,False,content_inspected,https://github.com/HeyHuazi/SVGLOGO/blob/142498f527ac2dd3116cc1feccb9670879839f74/static/library/school/FZU.svg,83a78b0106ced933,,,,,#9E2121,manual_derived,found,官网标识取样的PPT建议主色,https://www.fzu.edu.cn/images/logo.png,官网页眉标识图片：滤去透明、近白和低饱和背景后，对高频RGB色簇取通道中位数；不是VI标准色色卡,0,,0,0,2,0,0,0
4135010388,福建理工大学,福建省,https://www.fjut.edu.cn,universities/福建省/4135010388/profile.yaml,universities/福建省/4135010388/VISUAL.md,https://www.fjut.edu.cn/_upload/tpl/05/b6/1462/template1462/assets/dist/images/college-logo4.png,site_identity,png,True,content_inspected,https://www.fjut.edu.cn,f47346113d256920b905a612,,,,,,,unresearched,,,,0,,0,0,0,0,0,0
4135010389,福建农林大学,福建省,https://www.fafu.edu.cn/,universities/福建省/4135010389/profile.yaml,universities/福建省/4135010389/VISUAL.md,https://www.fafu.edu.cn/_upload/tpl/00/4f/79/template79/img/top_logo.png,site_identity,png,True,content_inspected,https://www.fafu.edu.cn/,77b25ed5b5a4c9f7236bb984,,,,,#3090D5,manual_derived,found,官网标识取样的PPT建议主色,https://www.fafu.edu.cn/_upload/tpl/00/4f/79/template79/img/footer_logo.png,官网页眉标识图片：滤去透明、近白和低饱和背景后，对高频RGB色簇取通道中位数；不是VI标准色色卡,0,,0,0,1,0,0,0
4135010390,集美大学,福建省,https://english.jmu.edu.cn/,universities/福建省/4135010390/profile.yaml,universities/福建省/4135010390/VISUAL.md,https://english.jmu.edu.cn/images/logo2.png,site_identity,png,True,content_inspected,https://english.jmu.edu.cn/,62b88226cd320c3513dca991,,,,,#E5000B,manual_derived,found,官网标识取样的PPT建议主色,https://english.jmu.edu.cn/images/logo2.png,官网页眉标识图片：滤去透明、近白和低饱和背景后，对高频RGB色簇取通道中位数；不是VI标准色色卡,0,,0,0,1,0,0,0
4135010392,福建医科大学,福建省,https://www.fjmu.edu.cn,universities/福建省/4135010392/profile.yaml,universities/福建省/4135010392/VISUAL.md,https://www.fjmu.edu.cn/_upload/tpl/00/b2/178/template178/images/logo.png,site_identity,png,True,content_inspected,https://www.fjmu.edu.cn,f65dc4d4f9fb257a5a882438,,,,,#022899,manual_derived,found,官网标识取样的PPT建议主色,https://www.fjmu.edu.cn/_upload/tpl/00/b2/178/template178/images/logo.png,官网页眉标识图片：滤去透明、近白和低饱和背景后，对高频RGB色簇取通道中位数；不是VI标准色色卡,0,,0,0,1,0,0,0
4135010393,福建中医药大学,福建省,https://www.fjtcm.edu.cn/,universities/福建省/4135010393/profile.yaml,universities/福建省/4135010393/VISUAL.md,https://www.fjtcm.edu.cn/_upload/site/00/03/3/logo.png,site_identity,png,True,content_inspected,https://www.fjtcm.edu.cn/,3f940a3936531dd3e039ca90,,,,,#9C231B,manual_derived,found,官网标识取样的PPT建议主色,https://www.fjtcm.edu.cn/_upload/site/00/03/3/logo.png,官网页眉标识图片：滤去透明、近白和低饱和背景后，对高频RGB色簇取通道中位数；不是VI标准色色卡,0,,0,0,0,0,0,0
4135010394,福建师范大学,福建省,https://www.fjnu.edu.cn/main.htm,universities/福建省/4135010394/profile.yaml,universities/福建省/4135010394/VISUAL.md,https://xcb.fjnu.edu.cn/_upload/tpl/0a/d3/2771/template2771/images/logo.png,site_identity,png,True,content_inspected,https://xcb.fjnu.edu.cn/8591/list.htm,5af73d0f767cdd7bf997438e,,,,,#7B0101,manual_derived,found,官网标识取样的PPT建议主色,https://www.fjnu.edu.cn/_upload/tpl/07/ed/2029/template2029/images/logo.jpg,官网页眉标识图片：滤去透明、近白和低饱和背景后，对高频RGB色簇取通道中位数；不是VI标准色色卡,0,,0,0,1,0,0,0
4135010395,闽江大学,福建省,https://www.mju.edu.cn/,universities/福建省/4135010395/profile.yaml,universities/福建省/4135010395/VISUAL.md,https://www.mju.edu.cn/_upload/tpl/01/39/313/template313/images/logo.svg,site_identity,,True,inspection_failed,https://www.mju.edu.cn/,3af296faf2a4f986f69af97c,,,,,,,unresearched,,,,0,,0,0,0,0,0,0
4135010397,武夷学院,福建省,https://www.wuyiu.edu.cn,universities/福建省/4135010397/profile.yaml,universities/福建省/4135010397/VISUAL.md,https://www.wuyiu.edu.cn/_upload/site/00/03/3/logo.png,site_identity,png,True,content_inspected,https://www.wuyiu.edu.cn,f0445ce823d9513018ad6094,,,,,#DE2E2A,manual_derived,found,官网标识取样的PPT建议主色,https://www.wuyiu.edu.cn/_upload/site/00/03/3/logo.png,官网页眉标识图片：滤去透明、近白和低饱和背景后，对高频RGB色簇取通道中位数；不是VI标准色色卡,0,,0,0,0,0,0,0
4135010398,宁德师范学院,福建省,https://www.ndnu.edu.cn/,universities/福建省/4135010398/profile.yaml,universities/福建省/4135010398/VISUAL.md,https://www.ndnu.edu.cn/images/logo.png,site_identity,png,True,content_inspected,https://www.ndnu.edu.cn/,823420f260692d41f7a989da,,,,,,official_vi,official_print_only,标准蓝,https://www.ndnu.edu.cn/info/1039/5984.htm,官网2025-01-16页面刊载2018-04-08校徽校标通知，主辅色仅公布CMYK，不生成屏幕RGB。辅助蓝只写C100，剩余通道不明确，未补造完整CMYK。；屏幕主色未公布，其他取色建议另见VISUAL.md。,10,https://www.ndnu.edu.cn/info/1039/5984.htm,3,0,0,0,0,0
4135010399,泉州师范学院,福建省,https://www.qztc.edu.cn/,universities/福建省/4135010399/profile.yaml,universities/福建省/4135010399/VISUAL.md,https://www.qztc.edu.cn/_upload/tpl/00/66/102/template102/images/logo.png,site_identity,png,True,content_inspected,https://www.qztc.edu.cn/,e5c6496046bd74c0d6cc9434,,,,,,official_vi,official_print_only,刺桐红,https://www.qztc.edu.cn/2135/list.htm,官网校徽页明确校徽标准色刺桐红CMYK10/100/100/0，没有RGB或HEX。；屏幕主色未公布，其他取色建议另见VISUAL.md。,1,,0,0,0,0,0,0
4135010402,闽南师范大学,福建省,https://www.mnnu.edu.cn/,universities/福建省/4135010402/profile.yaml,universities/福建省/4135010402/VISUAL.md,https://www.mnnu.edu.cn/image/logo.png,site_identity,png,True,content_inspected,https://www.mnnu.edu.cn/,4e22fe10ffc934989469d507,,,,,,,unresearched,,,,0,,0,0,0,0,0,0
4135011062,厦门理工学院,福建省,https://www.xmut.edu.cn/,universities/福建省/4135011062/profile.yaml,universities/福建省/4135011062/VISUAL.md,https://www.xmut.edu.cn/images/logo.png,site_identity,png,True,content_inspected,https://www.xmut.edu.cn/,cf57e529c0bbe919bda60b4e,,,,,#B50D2C,manual_derived,found,官网标识取样的PPT建议主色,https://www.xmut.edu.cn/images/footer_logo.png,官网页眉标识图片：滤去透明、近白和低饱和背景后，对高频RGB色簇取通道中位数；不是VI标准色色卡,0,,0,0,0,0,0,0
4135011311,三明学院,福建省,https://www.fjsmu.edu.cn/,universities/福建省/4135011311/profile.yaml,universities/福建省/4135011311/VISUAL.md,https://www.fjsmu.edu.cn/_upload/tpl/07/73/1907/template1907/image/smlogo.png,site_identity,png,True,content_inspected,https://www.fjsmu.edu.cn/,d055265f691f75e74394960c,,,,,#0C5CCD,manual_derived,found,官网标识取样的PPT建议主色,https://www.fjsmu.edu.cn/_upload/tpl/07/73/1907/template1907/image/smlogo.png,官网页眉标识图片：滤去透明、近白和低饱和背景后，对高频RGB色簇取通道中位数；不是VI标准色色卡,0,,0,0,0,0,0,0
4135011312,龙岩学院,福建省,,universities/福建省/4135011312/profile.yaml,universities/福建省/4135011312/VISUAL.md,https://raw.githubusercontent.com/xioajiumi/Chinese_Universities/e088fddc329a6f0148ca72fd3b4d0fe069f13e3a/logo.zip,badge,png,False,content_inspected,https://github.com/xioajiumi/Chinese_Universities/blob/e088fddc329a6f0148ca72fd3b4d0fe069f13e3a/logo.zip,411d68355706b3ae,archive_member,https://raw.githubusercontent.com/xioajiumi/Chinese_Universities/e088fddc329a6f0148ca72fd3b4d0fe069f13e3a/logo.zip,img2/龙岩学院.png,53c17d411407a72ee7e3094cbc8e5238fbf8d376e5415e78ff2c5ad2c55bb549,,,unresearched,,,,0,,0,0,0,0,0,0
4135011313,福建商学院,福建省,https://www.fjbu.edu.cn/,universities/福建省/4135011313/profile.yaml,universities/福建省/4135011313/VISUAL.md,https://www.fjbu.edu.cn/images/24/logo.png,site_identity,png,True,content_inspected,https://www.fjbu.edu.cn/,58a58350b28b19123264146e,,,,,,,unresearched,,,,0,,0,0,0,0,0,0
4135011317,黎明职业大学,福建省,https://www.lmu.edu.cn/,universities/福建省/4135011317/profile.yaml,universities/福建省/4135011317/VISUAL.md,,,,,,,,,,,,,,unresearched,,,,0,,0,0,0,0,0,0
4135011495,福建警察学院,福建省,https://www.fjpsc.edu.cn/,universities/福建省/4135011495/profile.yaml,universities/福建省/4135011495/VISUAL.md,https://www.fjpsc.edu.cn/images/logo.png,site_identity,png,True,content_inspected,https://www.fjpsc.edu.cn/,422ab8f04b0746f68494f1a0,,,,,,,unresearched,,,,0,,0,0,0,0,0,0
4135011498,莆田学院,福建省,https://www.ptu.edu.cn/,universities/福建省/4135011498/profile.yaml,universities/福建省/4135011498/VISUAL.md,https://www.ptu.edu.cn/images/logo.png,site_identity,png,True,content_inspected,https://www.ptu.edu.cn/,473aeeacd1ebc1d6cebc16fc,,,,,,,unresearched,,,,0,,0,0,0,0,0,0
4135011502,福州职业技术大学,福建省,,universities/福建省/4135011502/profile.yaml,universities/福建省/4135011502/VISUAL.md,,,,,,,,,,,,,,unresearched,,,,0,,0,0,0,0,0,0
4135011784,仰恩大学,福建省,https://www.yeu.edu.cn/,universities/福建省/4135011784/profile.yaml,universities/福建省/4135011784/VISUAL.md,,,,,,,,,,,,,,unresearched,,,,0,,0,0,0,0,0,0
4135012631,厦门医学院,福建省,https://www.xmmc.edu.cn/,universities/福建省/4135012631/profile.yaml,universities/福建省/4135012631/VISUAL.md,https://www.xmmc.edu.cn/images/logo.png,site_identity,png,True,content_inspected,https://www.xmmc.edu.cn/,ed747078a80c62bdda36662e,,,,,#77188F,manual_derived,found,官网标识取样的PPT建议主色,https://www.xmmc.edu.cn/images/24/07/09/1iweklm15m/logo3.png,官网页眉标识图片：滤去透明、近白和低饱和背景后，对高频RGB色簇取通道中位数；不是VI标准色色卡,0,,0,0,0,0,0,0
4135012709,厦门华厦学院,福建省,https://www.hxxy.edu.cn/,universities/福建省/4135012709/profile.yaml,universities/福建省/4135012709/VISUAL.md,https://www.hxxy.edu.cn/images/logo.jpg,site_identity,png,True,content_inspected,https://www.hxxy.edu.cn/,997396fd6690aa3d03b88736,,,,,,,unresearched,,,,0,,0,0,0,0,0,0
4135012710,闽南理工学院,福建省,https://www.mnust.edu.cn,universities/福建省/4135012710/profile.yaml,universities/福建省/4135012710/VISUAL.md,https://www.mnust.edu.cn/images/logo.png,site_identity,png,True,content_inspected,https://www.mnust.edu.cn,85c8472fc027d8c7eca404fc,,,,,,,unresearched,,,,0,,0,0,0,0,0,0
4135012928,泉州职业技术大学,福建省,https://www.qvtu.edu.cn/,universities/福建省/4135012928/profile.yaml,universities/福建省/4135012928/VISUAL.md,https://forums.qvtu.edu.cn/images/logo.png,site_identity,png,True,content_inspected,https://forums.qvtu.edu.cn/info/1005/6701.htm,a44449cf0297858102b8d2fb,,,,,,,unresearched,,,,0,,0,0,0,0,0,0
4135012992,闽南科技学院,福建省,https://www.mku.edu.cn/,universities/福建省/4135012992/profile.yaml,universities/福建省/4135012992/VISUAL.md,https://www.mku.edu.cn/images/logo.png,site_identity,png,True,content_inspected,https://www.mku.edu.cn/,acc08aeafb8935792203755d,,,,,,,unresearched,,,,0,,0,0,1,0,0,0
4135012993,福州工商学院,福建省,https://www.fzgsxy.edu.cn,universities/福建省/4135012993/profile.yaml,universities/福建省/4135012993/VISUAL.md,https://www.fzgsxy.edu.cn/statics/templates/fzgsxy/img/logo-long.png,site_identity,png,True,content_inspected,https://www.fzgsxy.edu.cn,483e73cb80aad53682ad99fa,,,,,,,unresearched,,,,0,,0,0,0,0,0,0
4135013115,厦门工学院,福建省,https://www.xit.edu.cn/,universities/福建省/4135013115/profile.yaml,universities/福建省/4135013115/VISUAL.md,,,,,,,,,,,,,,unresearched,,,,0,,0,0,0,0,0,0
4135013468,阳光学院,福建省,https://www.ygu.edu.cn/,universities/福建省/4135013468/profile.yaml,universities/福建省/4135013468/VISUAL.md,https://www.ygu.edu.cn/images/logo0418.png,site_identity,png,True,content_inspected,https://www.ygu.edu.cn/,2291b690319b5aefc094bee4,,,,,,,unresearched,,,,0,,0,0,0,0,0,0
4135013469,厦门大学嘉庚学院,福建省,https://www.jgxy.xmu.edu.cn/,universities/福建省/4135013469/profile.yaml,universities/福建省/4135013469/VISUAL.md,https://www.jgxy.xmu.edu.cn/assets/cms/images/logo.png,site_identity,png,True,content_inspected,https://www.jgxy.xmu.edu.cn/,dd20744dc702bb475d2a892d,,,,,,,unresearched,,,,0,https://www.jgxy.xmu.edu.cn/xxgk2/mb.html,11,0,0,10,0,0
4135013470,福州大学至诚学院,福建省,https://www.fdzcxy.edu.cn/,universities/福建省/4135013470/profile.yaml,universities/福建省/4135013470/VISUAL.md,https://www.fdzcxy.edu.cn/_upload/tpl/01/73/371/template371/images/logo.png,site_identity,png,True,content_inspected,https://www.fdzcxy.edu.cn/,7f0e48d8770d1777677b2beb,,,,,,,unresearched,,,,0,,0,0,0,0,0,0
4135013471,集美大学诚毅学院,福建省,https://chengyi.jmu.edu.cn,universities/福建省/4135013471/profile.yaml,universities/福建省/4135013471/VISUAL.md,https://chengyi.jmu.edu.cn/images/logo2022.png,site_identity,png,True,content_inspected,https://chengyi.jmu.edu.cn,3f09bc72965787f833c80499,,,,,,,unresearched,,,,0,,0,0,0,0,0,0
4135013472,福建师范大学协和学院,福建省,https://cuc.fjnu.edu.cn/,universities/福建省/4135013472/profile.yaml,universities/福建省/4135013472/VISUAL.md,https://cuc.fjnu.edu.cn/_upload/site/00/03/3/logo.png,site_identity,png,True,content_inspected,https://cuc.fjnu.edu.cn/,f21281b6ba54333231192e0d,,,,,,,unresearched,,,,0,,0,0,0,0,0,0
4135013762,福州外语外贸学院,福建省,https://www.fzfu.com,universities/福建省/4135013762/profile.yaml,universities/福建省/4135013762/VISUAL.md,https://www.fzfu.com/images/20191101091332020N5I.png,site_identity,png,True,content_inspected,https://www.fzfu.com,742337e595584ec3e58e5a30,,,,,,,unresearched,,,,0,,0,0,0,0,0,0
4135013763,福建江夏学院,福建省,https://fjjxu.edu.cn/,universities/福建省/4135013763/profile.yaml,universities/福建省/4135013763/VISUAL.md,https://fjjxu.edu.cn/_upload/tpl/01/ee/494/template494/images/llo.png,site_identity,png,True,content_inspected,https://fjjxu.edu.cn/,cf9b25e2abcacf9cf08718b8,,,,,,,unresearched,,,,0,,0,0,0,0,0,0
4135013766,泉州信息工程学院,福建省,,universities/福建省/4135013766/profile.yaml,universities/福建省/4135013766/VISUAL.md,,,,,,,,,,,,,,unresearched,,,,0,,0,0,0,0,0,0
4135013773,福州理工学院,福建省,https://www.fit.edu.cn,universities/福建省/4135013773/profile.yaml,universities/福建省/4135013773/VISUAL.md,https://www.fit.edu.cn/images/up_images/2020312111624.png,site_identity,png,True,content_inspected,https://www.fit.edu.cn,1b213bb48ad9a2a79c1e4332,,,,,,,unresearched,,,,0,,0,0,0,0,0,0
4135014046,福建农林大学金山学院,福建省,https://jsxy.fafu.edu.cn,universities/福建省/4135014046/profile.yaml,universities/福建省/4135014046/VISUAL.md,https://jsxy.fafu.edu.cn/_upload/tpl/04/33/1075/template1075/images/logo.png,site_identity,png,True,content_inspected,https://jsxy.fafu.edu.cn,e00f2f8b11c3dcd08b5fa5eb,,,,,,,unresearched,,,,0,,0,0,0,0,0,0
4135014683,福建技术师范学院,福建省,https://www.fpnu.edu.cn/,universities/福建省/4135014683/profile.yaml,universities/福建省/4135014683/VISUAL.md,https://www.fpnu.edu.cn/images/logox1.png,site_identity,png,True,content_inspected,https://www.fpnu.edu.cn/,ee27c83ccbd6ed21066b157b,,,,,#204DA0,manual_derived,found,官网标识取样的PPT建议主色,https://www.fpnu.edu.cn/images/logox1.png,官网页眉标识图片：滤去透明、近白和低饱和背景后，对高频RGB色簇取通道中位数；不是VI标准色色卡,0,,0,0,0,0,0,0
4135014896,福建福耀科技大学,福建省,,universities/福建省/4135014896/profile.yaml,universities/福建省/4135014896/VISUAL.md,,,,,,,,,,,,,,unresearched,,,,0,,0,0,0,0,0,0
4154010693,西藏农牧大学,西藏自治区,https://www.xza.edu.cn/,universities/西藏自治区/4154010693/profile.yaml,universities/西藏自治区/4154010693/VISUAL.md,https://www.xza.edu.cn/images/logo2.png,site_identity,png,True,content_inspected,https://www.xza.edu.cn/,31360c3dfde2e3c5f805d216,,,,,#1C943B,manual_derived,found,官网标识取样的PPT建议主色,https://www.xza.edu.cn/images/logo2.png,官网页眉标识图片：滤去透明、近白和低饱和背景后，对高频RGB色簇取通道中位数；不是VI标准色色卡,0,,0,0,0,0,0,0
4154010694,西藏大学,西藏自治区,https://www.xzu.edu.cn/,universities/西藏自治区/4154010694/profile.yaml,universities/西藏自治区/4154010694/VISUAL.md,http://www.xzu.edu.cn/img/master/logo.png,site_identity,png,True,content_inspected,http://www.xzu.edu.cn/,1782354a633e018af1e57189,,,,,#29166F,manual_derived,found,官网标识取样的PPT建议主色,http://www.utibet.edu.cn/img/master/logo.png,官网页眉标识图片：滤去透明、近白和低饱和背景后，对高频RGB色簇取通道中位数；不是VI标准色色卡,0,,0,0,2,0,0,0
4154010695,西藏民族大学,西藏自治区,https://www.xzmu.edu.cn/,universities/西藏自治区/4154010695/profile.yaml,universities/西藏自治区/4154010695/VISUAL.md,https://www.xzmu.edu.cn/images/logo1.png,site_identity,png,True,content_inspected,https://www.xzmu.edu.cn/,1729af7c4e5120485f294531,,,,,#712323,manual_derived,found,官网标识取样的PPT建议主色,https://www.xzmu.edu.cn/images/logo1.png,官网页眉标识图片：滤去透明、近白和低饱和背景后，对高频RGB色簇取通道中位数；不是VI标准色色卡,0,,0,0,0,0,0,0
4154010696,西藏藏医药大学,西藏自治区,,universities/西藏自治区/4154010696/profile.yaml,universities/西藏自治区/4154010696/VISUAL.md,https://raw.githubusercontent.com/xioajiumi/Chinese_Universities/e088fddc329a6f0148ca72fd3b4d0fe069f13e3a/logo.zip,badge,jpeg,False,content_inspected,https://github.com/xioajiumi/Chinese_Universities/blob/e088fddc329a6f0148ca72fd3b4d0fe069f13e3a/logo.zip,dbb4717f982045a2,archive_member,https://raw.githubusercontent.com/xioajiumi/Chinese_Universities/e088fddc329a6f0148ca72fd3b4d0fe069f13e3a/logo.zip,img2/西藏藏医药大学.png,53c17d411407a72ee7e3094cbc8e5238fbf8d376e5415e78ff2c5ad2c55bb549,,,unresearched,,,,0,,0,0,0,0,0,0
4154012481,拉萨师范学院,西藏自治区,http://www.xzlssf.org/,universities/西藏自治区/4154012481/profile.yaml,universities/西藏自治区/4154012481/VISUAL.md,,,,,,,,,,,,,,unresearched,,,,0,,0,0,0,0,0,0
4152010657,贵州大学,贵州省,https://www.gzu.edu.cn/,universities/贵州省/4152010657/profile.yaml,universities/贵州省/4152010657/VISUAL.md,https://www.gzu.edu.cn/_upload/tpl/0d/9b/3483/template3483/images/logo.png,site_identity,png,True,content_inspected,https://www.gzu.edu.cn/,de95e03a5933c76edd25e6c1,,,,,#77161B,manual_derived,found,官网标识取样的PPT建议主色,https://www.gzu.edu.cn/_upload/tpl/0d/9b/3483/template3483/images/logo_s.png,官网页眉标识图片：滤去透明、近白和低饱和背景后，对高频RGB色簇取通道中位数；不是VI标准色色卡,0,,0,0,2,0,0,0
4152010660,贵州医科大学,贵州省,https://www.gmc.edu.cn/,universities/贵州省/4152010660/profile.yaml,universities/贵州省/4152010660/VISUAL.md,https://www.gmc.edu.cn/xwyimages/logo.png,site_identity,png,True,content_inspected,https://www.gmc.edu.cn/,36bd4e08d883c2fb5d8e2f01,,,,,,,unresearched,,,,0,,0,0,0,0,0,0
4152010661,遵义医科大学,贵州省,https://www.zmu.edu.cn/,universities/贵州省/4152010661/profile.yaml,universities/贵州省/4152010661/VISUAL.md,https://raw.githubusercontent.com/xioajiumi/Chinese_Universities/e088fddc329a6f0148ca72fd3b4d0fe069f13e3a/logo.zip,badge,png,False,content_inspected,https://github.com/xioajiumi/Chinese_Universities/blob/e088fddc329a6f0148ca72fd3b4d0fe069f13e3a/logo.zip,5fef63108a5c0995,archive_member,https://raw.githubusercontent.com/xioajiumi/Chinese_Universities/e088fddc329a6f0148ca72fd3b4d0fe069f13e3a/logo.zip,img2/遵义医科大学.png,53c17d411407a72ee7e3094cbc8e5238fbf8d376e5415e78ff2c5ad2c55bb549,#AE0B2A,manual_derived,found,官网标识取样的PPT建议主色,https://www.zmu.edu.cn/css/logo.png,官网页眉标识图片：滤去透明、近白和低饱和背景后，对高频RGB色簇取通道中位数；不是VI标准色色卡,0,,0,0,0,0,0,0
4152010662,贵州中医药大学,贵州省,https://www.gzy.edu.cn/,universities/贵州省/4152010662/profile.yaml,universities/贵州省/4152010662/VISUAL.md,https://www.gzy.edu.cn/images/logo.png,site_identity,png,True,content_inspected,https://www.gzy.edu.cn/,3091d64c83f3da5d610256b7,,,,,#861933,manual_derived,found,官网标识取样的PPT建议主色,https://www.gzy.edu.cn/images/logo.png,官网页眉标识图片：滤去透明、近白和低饱和背景后，对高频RGB色簇取通道中位数；不是VI标准色色卡,0,,0,0,0,0,0,0
4152010663,贵州师范大学,贵州省,https://www.gznu.edu.cn,universities/贵州省/4152010663/profile.yaml,universities/贵州省/4152010663/VISUAL.md,https://www.gznu.edu.cn/images/logo.png,site_identity,png,True,content_inspected,https://www.gznu.edu.cn,62bae60c4b62f0fb731cf193,,,,,#D82128,manual_derived,found,官网标识取样的PPT建议主色,https://www.gznu.edu.cn/images/x_logo.png,官网页眉标识图片：滤去透明、近白和低饱和背景后，对高频RGB色簇取通道中位数；不是VI标准色色卡,0,,0,0,0,0,0,0
4152010664,遵义师范学院,贵州省,,universities/贵州省/4152010664/profile.yaml,universities/贵州省/4152010664/VISUAL.md,https://raw.githubusercontent.com/xioajiumi/Chinese_Universities/e088fddc329a6f0148ca72fd3b4d0fe069f13e3a/logo.zip,badge,jpeg,False,content_inspected,https://github.com/xioajiumi/Chinese_Universities/blob/e088fddc329a6f0148ca72fd3b4d0fe069f13e3a/logo.zip,87da70131d0aa934,archive_member,https://raw.githubusercontent.com/xioajiumi/Chinese_Universities/e088fddc329a6f0148ca72fd3b4d0fe069f13e3a/logo.zip,img2/遵义师范学院.png,53c17d411407a72ee7e3094cbc8e5238fbf8d376e5415e78ff2c5ad2c55bb549,,,unresearched,,,,0,,0,0,0,0,0,0
4152010665,铜仁学院,贵州省,https://www.gztrc.edu.cn,universities/贵州省/4152010665/profile.yaml,universities/贵州省/4152010665/VISUAL.md,https://raw.githubusercontent.com/xioajiumi/Chinese_Universities/e088fddc329a6f0148ca72fd3b4d0fe069f13e3a/logo.zip,badge,png,False,content_inspected,https://github.com/xioajiumi/Chinese_Universities/blob/e088fddc329a6f0148ca72fd3b4d0fe069f13e3a/logo.zip,14dd8265b8455b9e,archive_member,https://raw.githubusercontent.com/xioajiumi/Chinese_Universities/e088fddc329a6f0148ca72fd3b4d0fe069f13e3a/logo.zip,img2/铜仁学院.png,53c17d411407a72ee7e3094cbc8e5238fbf8d376e5415e78ff2c5ad2c55bb549,,,unresearched,,,,0,,0,0,0,0,0,0
4152010666,兴义民族师范学院,贵州省,,universities/贵州省/4152010666/profile.yaml,universities/贵州省/4152010666/VISUAL.md,https://raw.githubusercontent.com/xioajiumi/Chinese_Universities/e088fddc329a6f0148ca72fd3b4d0fe069f13e3a/logo.zip,badge,jpeg,False,content_inspected,https://github.com/xioajiumi/Chinese_Universities/blob/e088fddc329a6f0148ca72fd3b4d0fe069f13e3a/logo.zip,6d7303fcf86b0fe2,archive_member,https://raw.githubusercontent.com/xioajiumi/Chinese_Universities/e088fddc329a6f0148ca72fd3b4d0fe069f13e3a/logo.zip,img2/兴义民族师范学院.png,53c17d411407a72ee7e3094cbc8e5238fbf8d376e5415e78ff2c5ad2c55bb549,,,unresearched,,,,0,,0,0,0,0,0,0
4152010667,安顺学院,贵州省,https://www.asu.edu.cn/,universities/贵州省/4152010667/profile.yaml,universities/贵州省/4152010667/VISUAL.md,https://www.asu.edu.cn/images/aslogo.png,site_identity,png,True,content_inspected,https://www.asu.edu.cn/xygk/xxxh.htm,9c3c06ad483c1fb44fb78b49,,,,,#009A53,manual_derived,found,官网标识取样的PPT建议主色,https://www.asu.edu.cn/images/aslogo.png,官网页眉标识图片：滤去透明、近白和低饱和背景后，对高频RGB色簇取通道中位数；不是VI标准色色卡,0,,0,0,0,0,0,0
4152010668,贵州工程应用技术学院,贵州省,https://www.gues.edu.cn/,universities/贵州省/4152010668/profile.yaml,universities/贵州省/4152010668/VISUAL.md,https://www.gues.edu.cn/images/logo_03.png,site_identity,png,True,content_inspected,https://www.gues.edu.cn/,25990740ed398a826bca8aa9,,,,,,,unresearched,,,,0,,0,0,0,0,0,0
4152010669,凯里学院,贵州省,https://www.kluniv.edu.cn/,universities/贵州省/4152010669/profile.yaml,universities/贵州省/4152010669/VISUAL.md,https://www.kluniv.edu.cn/images/logo-1.png,site_identity,png,True,content_inspected,https://www.kluniv.edu.cn/,c4212a691f8582212fa36556,,,,,,,unresearched,,,,0,,0,0,0,0,0,0
4152010670,黔南民族师范学院,贵州省,https://www.sgmtu.edu.cn/,universities/贵州省/4152010670/profile.yaml,universities/贵州省/4152010670/VISUAL.md,https://www.sgmtu.edu.cn/images/logo.png,site_identity,png,True,content_inspected,https://www.sgmtu.edu.cn/,0ec15c5d86896a7c5b23809b,,,,,#2A3D89,manual_derived,found,官网标识取样的PPT建议主色,https://www.sgmtu.edu.cn/images/logo1.png,官网页眉标识图片：滤去透明、近白和低饱和背景后，对高频RGB色簇取通道中位数；不是VI标准色色卡,0,,0,0,0,0,0,0
4152010671,贵州财经大学,贵州省,https://www.gufe.edu.cn,universities/贵州省/4152010671/profile.yaml,universities/贵州省/4152010671/VISUAL.md,https://raw.githubusercontent.com/xioajiumi/Chinese_Universities/e088fddc329a6f0148ca72fd3b4d0fe069f13e3a/logo.zip,badge,png,False,content_inspected,https://github.com/xioajiumi/Chinese_Universities/blob/e088fddc329a6f0148ca72fd3b4d0fe069f13e3a/logo.zip,dccd523e6f78c07d,archive_member,https://raw.githubusercontent.com/xioajiumi/Chinese_Universities/e088fddc329a6f0148ca72fd3b4d0fe069f13e3a/logo.zip,img2/贵州财经大学.png,53c17d411407a72ee7e3094cbc8e5238fbf8d376e5415e78ff2c5ad2c55bb549,,,unresearched,,,,0,,0,0,0,0,0,0
4152010672,贵州民族大学,贵州省,https://www.gzmu.edu.cn/,universities/贵州省/4152010672/profile.yaml,universities/贵州省/4152010672/VISUAL.md,https://www.gzmu.edu.cn/upload/main/site/logo/image/105319f0f6d54228bef812c787ee92a6.png,site_identity,png,True,content_inspected,https://www.gzmu.edu.cn/,9bad043540fb3f2e469cea48,,,,,,,unresearched,,,,0,,0,0,0,0,0,0
4152010976,贵阳学院,贵州省,https://www.gyu.edu.cn/,universities/贵州省/4152010976/profile.yaml,universities/贵州省/4152010976/VISUAL.md,https://www.gyu.edu.cn/images/logo.png,site_identity,png,True,content_inspected,https://www.gyu.edu.cn/,9c980f0152d91c4493673e0c,,,,,#9D1E23,manual_derived,found,官网标识取样的PPT建议主色,https://www.gyu.edu.cn/images/foot_logo.png,官网页眉标识图片：滤去透明、近白和低饱和背景后，对高频RGB色簇取通道中位数；不是VI标准色色卡,0,,0,0,0,0,0,0
4152010977,六盘水师范学院,贵州省,https://www.lpssy.edu.cn/,universities/贵州省/4152010977/profile.yaml,universities/贵州省/4152010977/VISUAL.md,https://www.lpssy.edu.cn/_upload/tpl/04/e1/1249/template1249/images/logo.svg,site_identity,svg,True,content_inspected,https://www.lpssy.edu.cn/,20e8f87240974c3beec6b2ca,,,,,,,unresearched,,,,0,,0,0,0,0,0,0
4152011731,贵州商学院,贵州省,https://www.gzcc.edu.cn/,universities/贵州省/4152011731/profile.yaml,universities/贵州省/4152011731/VISUAL.md,https://www.gzcc.edu.cn/images/logo_03.png,site_identity,png,True,content_inspected,https://www.gzcc.edu.cn/,38449e0b0c1ca280857a35ea,,,,,#7E552E,manual_derived,found,官网标识取样的PPT建议主色,https://www.gzcc.edu.cn/images/logo_03.png,官网页眉标识图片：滤去透明、近白和低饱和背景后，对高频RGB色簇取通道中位数；不是VI标准色色卡,0,,0,0,0,0,0,0
4152012107,贵州警察学院,贵州省,,universities/贵州省/4152012107/profile.yaml,universities/贵州省/4152012107/VISUAL.md,https://raw.githubusercontent.com/xioajiumi/Chinese_Universities/e088fddc329a6f0148ca72fd3b4d0fe069f13e3a/logo.zip,badge,jpeg,False,content_inspected,https://github.com/xioajiumi/Chinese_Universities/blob/e088fddc329a6f0148ca72fd3b4d0fe069f13e3a/logo.zip,b9af05ee03c942e4,archive_member,https://raw.githubusercontent.com/xioajiumi/Chinese_Universities/e088fddc329a6f0148ca72fd3b4d0fe069f13e3a/logo.zip,img2/贵州警察学院.png,53c17d411407a72ee7e3094cbc8e5238fbf8d376e5415e78ff2c5ad2c55bb549,,,unresearched,,,,0,,0,0,0,0,0,0
4152012222,贵州交通职业大学,贵州省,https://www.gzcpu.edu.cn/,universities/贵州省/4152012222/profile.yaml,universities/贵州省/4152012222/VISUAL.md,https://www.gzcpu.edu.cn/images/logo20240627.png,site_identity,png,True,content_inspected,https://www.gzcpu.edu.cn/,8c5715eaa19c6a8dcc321db9,,,,,,,unresearched,,,,0,,0,0,0,0,0,0
4152013052,贵州工业职业技术大学,贵州省,,universities/贵州省/4152013052/profile.yaml,universities/贵州省/4152013052/VISUAL.md,,,,,,,,,,,,,,unresearched,,,,0,,0,0,0,0,0,0
4152013055,铜仁职业技术大学,贵州省,https://www.trzy.edu.cn/,universities/贵州省/4152013055/profile.yaml,universities/贵州省/4152013055/VISUAL.md,https://www.trzy.edu.cn/images/logo.png,site_identity,png,True,content_inspected,https://www.trzy.edu.cn/,afd145f389a4417dff37cfdf,,,,,,,unresearched,,,,0,,0,0,0,0,0,0
4152013647,贵州中医药大学时珍学院,贵州省,https://www.gzyszxy.cn,universities/贵州省/4152013647/profile.yaml,universities/贵州省/4152013647/VISUAL.md,https://www.gzyszxy.cn/wp-content/uploads/2024/04/b-mylogo.png,site_identity,png,True,content_inspected,https://www.gzyszxy.cn,d5e1187708ed0cf7846e4aef,,,,,,,unresearched,,,,0,,0,0,0,0,0,0
4152013648,贵州黔南经济学院,贵州省,https://www.gzsu.net/,universities/贵州省/4152013648/profile.yaml,universities/贵州省/4152013648/VISUAL.md,,,,,,,,,,,,,,unresearched,,,,0,,0,0,0,0,0,0
4152013649,贵州黔南科技学院,贵州省,https://www.gzucst.com,universities/贵州省/4152013649/profile.yaml,universities/贵州省/4152013649/VISUAL.md,,,,,,,,,,,,,,unresearched,,,,0,,0,0,0,0,0,0
4152013650,贵阳信息科技学院,贵州省,https://www.gyiist.edu.cn,universities/贵州省/4152013650/profile.yaml,universities/贵州省/4152013650/VISUAL.md,https://www.gyiist.edu.cn/images/logo.png,site_identity,png,True,content_inspected,https://www.gyiist.edu.cn,fc9416744b15cebf309591da,,,,,,,unresearched,,,,0,,0,0,0,0,0,0
4152013651,贵阳人文科技学院,贵州省,https://www.gyiht.edu.cn/,universities/贵州省/4152013651/profile.yaml,universities/贵州省/4152013651/VISUAL.md,https://www.gyiht.edu.cn/images/rw_logo_red.png,site_identity,png,True,content_inspected,https://www.gyiht.edu.cn/,e21781e26dbe3f82be57fcac,,,,,,,unresearched,,,,0,,0,0,0,0,0,0
4152013653,遵义医科大学医学与科技学院,贵州省,https://mts.zmu.edu.cn,universities/贵州省/4152013653/profile.yaml,universities/贵州省/4152013653/VISUAL.md,https://mts.zmu.edu.cn/images/LOGO-xin.png,site_identity,png,True,content_inspected,https://mts.zmu.edu.cn,01ac372b0aad85a2bea9d693,,,,,,,unresearched,,,,0,,0,0,0,0,0,0
4152013676,贵州医科大学神奇民族医药学院,贵州省,,universities/贵州省/4152013676/profile.yaml,universities/贵州省/4152013676/VISUAL.md,,,,,,,,,,,,,,unresearched,,,,0,,0,0,0,0,0,0
4152013818,贵州轻工职业大学,贵州省,https://www.gzqy.cn/,universities/贵州省/4152013818/profile.yaml,universities/贵州省/4152013818/VISUAL.md,,,,,,,,,,,,,,unresearched,,,,0,,0,0,0,0,0,0
4152014223,贵州师范学院,贵州省,https://www.gznc.edu.cn/,universities/贵州省/4152014223/profile.yaml,universities/贵州省/4152014223/VISUAL.md,https://www.gznc.edu.cn/images/logo.png,site_identity,png,True,content_inspected,https://www.gznc.edu.cn/,765bb31f80e026fad25702e9,,,,,,,unresearched,,,,0,,0,0,0,0,0,0
4152014412,贵州工商职业大学,贵州省,,universities/贵州省/4152014412/profile.yaml,universities/贵州省/4152014412/VISUAL.md,,,,,,,,,,,,,,unresearched,,,,0,,0,0,0,0,0,0
4152014440,贵州理工学院,贵州省,https://www.git.edu.cn/,universities/贵州省/4152014440/profile.yaml,universities/贵州省/4152014440/VISUAL.md,https://www.git.edu.cn/images/logo.png,site_identity,png,True,content_inspected,https://www.git.edu.cn/,35e7141ec6765d122638e219,,,,,,,unresearched,,,,0,,0,0,0,0,0,0
4152014625,茅台学院,贵州省,https://www.mtxy.edu.cn/,universities/贵州省/4152014625/profile.yaml,universities/贵州省/4152014625/VISUAL.md,https://www.mtxy.edu.cn/images/PubList_ico_2.png,site_identity,png,True,content_inspected,https://www.mtxy.edu.cn/xxgk/xxbs/,f7f6ada4a3b4664ef1906f2f,,,,,,,unresearched,,,,0,,0,0,0,0,0,0
4152016206,贵阳康养职业大学,贵州省,,universities/贵州省/4152016206/profile.yaml,universities/贵州省/4152016206/VISUAL.md,,,,,,,,,,,,,,unresearched,,,,0,,0,0,0,0,0,0
4121010140,辽宁大学,辽宁省,https://www.lnu.edu.cn/,universities/辽宁省/4121010140/profile.yaml,universities/辽宁省/4121010140/VISUAL.md,https://www.lnu.edu.cn/images/logo.png,site_identity,png,True,content_inspected,https://www.lnu.edu.cn/,65e4ace7a8c9167a624d1f41,,,,,#0493BA,manual_derived,found,官网标识取样的PPT建议主色,https://www.lnu.edu.cn/images/logo.png,官网页眉标识图片：滤去透明、近白和低饱和背景后，对高频RGB色簇取通道中位数；不是VI标准色色卡,0,,0,0,2,0,0,0
4121010141,大连理工大学,辽宁省,https://www.dlut.edu.cn/,universities/辽宁省/4121010141/profile.yaml,universities/辽宁省/4121010141/VISUAL.md,https://www.dlut.edu.cn/images/logo.svg,site_identity,svg,True,content_inspected,https://www.dlut.edu.cn/,0a6d8f8cd509191cc49acd2d,,,,,,,unresearched,,,,0,,0,0,3,0,0,0
4121010142,沈阳工业大学,辽宁省,https://www.sut.edu.cn/,universities/辽宁省/4121010142/profile.yaml,universities/辽宁省/4121010142/VISUAL.md,https://www.sut.edu.cn/img/logo.png,site_identity,png,True,content_inspected,https://www.sut.edu.cn/,2e2e941f9aceec9064af4967,,,,,#0757A5,manual_derived,found,官网标识取样的PPT建议主色,https://www.sut.edu.cn/img/logo.png,官网页眉标识图片：滤去透明、近白和低饱和背景后，对高频RGB色簇取通道中位数；不是VI标准色色卡,0,,0,0,0,0,0,0
4121010143,沈阳航空航天大学,辽宁省,https://www.sau.edu.cn,universities/辽宁省/4121010143/profile.yaml,universities/辽宁省/4121010143/VISUAL.md,https://www.sau.edu.cn/images/logo.png,site_identity,png,True,content_inspected,https://www.sau.edu.cn,cea929c2f9b999e8c69aacde,,,,,#0745BA,manual_derived,found,官网标识取样的PPT建议主色,https://www.sau.edu.cn/images/s6-rlogo.png,官网页眉标识图片：滤去透明、近白和低饱和背景后，对高频RGB色簇取通道中位数；不是VI标准色色卡,0,,0,0,0,0,0,0
4121010144,沈阳理工大学,辽宁省,,universities/辽宁省/4121010144/profile.yaml,universities/辽宁省/4121010144/VISUAL.md,https://raw.githubusercontent.com/RoboMaster/university_logos/3d645fc89869707bd7df8dba0f7e4bbcc4a60e14/Shenyang_Ligong_University/svg/logo_green.svg,badge,svg,False,content_inspected,https://github.com/RoboMaster/university_logos/blob/3d645fc89869707bd7df8dba0f7e4bbcc4a60e14/Shenyang_Ligong_University/svg/logo_green.svg,37672b3f60f9e13f,,,,,,,unresearched,,,,0,,0,0,0,0,0,0
4121010145,东北大学,辽宁省,http://www.neu.edu.cn/,universities/辽宁省/4121010145/profile.yaml,universities/辽宁省/4121010145/VISUAL.md,http://www.neu.edu.cn/images/libpic/logo2.png,site_identity,png,True,content_inspected,http://www.neu.edu.cn/,9d93d3d8e72f12de894ac10c,,,,,#204198,manual_derived,found,官网标识取样的PPT建议主色,http://www.neu.edu.cn/images/libpic/logo.png,官网页眉标识图片：滤去透明、近白和低饱和背景后，对高频RGB色簇取通道中位数；不是VI标准色色卡,0,,0,0,3,0,0,0
4121010146,辽宁科技大学,辽宁省,https://www.ustl.edu.cn/,universities/辽宁省/4121010146/profile.yaml,universities/辽宁省/4121010146/VISUAL.md,https://www.ustl.edu.cn/dfiles/11411/images/logo.png,site_identity,png,True,content_inspected,https://www.ustl.edu.cn/,5bdcf4f2f32a27b0e2c6c3a4,,,,,#D61920,manual_derived,found,官网标识取样的PPT建议主色,https://www.ustl.edu.cn/dfiles/11411/images/logo.png,官网页眉标识图片：滤去透明、近白和低饱和背景后，对高频RGB色簇取通道中位数；不是VI标准色色卡,0,,0,0,0,0,0,0
4121010147,辽宁工程技术大学,辽宁省,https://www.lntu.edu.cn/,universities/辽宁省/4121010147/profile.yaml,universities/辽宁省/4121010147/VISUAL.md,https://raw.githubusercontent.com/xioajiumi/Chinese_Universities/e088fddc329a6f0148ca72fd3b4d0fe069f13e3a/logo.zip,badge,png,False,content_inspected,https://github.com/xioajiumi/Chinese_Universities/blob/e088fddc329a6f0148ca72fd3b4d0fe069f13e3a/logo.zip,13a5efa1a71af2d8,archive_member,https://raw.githubusercontent.com/xioajiumi/Chinese_Universities/e088fddc329a6f0148ca72fd3b4d0fe069f13e3a/logo.zip,img2/辽宁工程技术大学.png,53c17d411407a72ee7e3094cbc8e5238fbf8d376e5415e78ff2c5ad2c55bb549,,,unresearched,,,,0,,0,0,1,0,0,0
4121010148,辽宁石油化工大学,辽宁省,https://www.lnpu.edu.cn/,universities/辽宁省/4121010148/profile.yaml,universities/辽宁省/4121010148/VISUAL.md,https://www.lnpu.edu.cn/images/lnshlogopic.png,site_identity,png,True,content_inspected,https://www.lnpu.edu.cn/,5fe2929c17de018ca053bfbb,,,,,#541C68,manual_derived,found,官网标识取样的PPT建议主色,https://www.lnpu.edu.cn/images/lnshlogopic.png,官网页眉标识图片：滤去透明、近白和低饱和背景后，对高频RGB色簇取通道中位数；不是VI标准色色卡,0,,0,0,0,0,0,0
4121010149,沈阳化工大学,辽宁省,https://www.syuct.edu.cn/,universities/辽宁省/4121010149/profile.yaml,universities/辽宁省/4121010149/VISUAL.md,https://www.syuct.edu.cn/images/logo.png,site_identity,png,True,content_inspected,https://www.syuct.edu.cn/xygk/xxbz.htm,ef0510d7b97e6900fb1816d2,,,,,#2351A9,manual_derived,found,官网标识取样的PPT建议主色,https://www.syuct.edu.cn/images/logo.png,官网页眉标识图片：滤去透明、近白和低饱和背景后，对高频RGB色簇取通道中位数；不是VI标准色色卡,0,,0,0,0,0,0,0
4121010150,大连交通大学,辽宁省,http://www.djtu.edu.cn/,universities/辽宁省/4121010150/profile.yaml,universities/辽宁省/4121010150/VISUAL.md,https://raw.githubusercontent.com/RoboMaster/university_logos/3d645fc89869707bd7df8dba0f7e4bbcc4a60e14/Dalian_Jiaotong_University/png/logo_red_800x800.png,badge,png,False,content_inspected,https://github.com/RoboMaster/university_logos/blob/3d645fc89869707bd7df8dba0f7e4bbcc4a60e14/Dalian_Jiaotong_University/png/logo_red_800x800.png,ae36eef9ffd7ec60,,,,,#25598B,manual_derived,found,官网标识取样的PPT建议主色,http://www.djtu.edu.cn/Content/img/logo.png,官网页眉标识图片：滤去透明、近白和低饱和背景后，对高频RGB色簇取通道中位数；不是VI标准色色卡,0,,0,0,0,0,0,0
4121010151,大连海事大学,辽宁省,https://www.dlmu.edu.cn/,universities/辽宁省/4121010151/profile.yaml,universities/辽宁省/4121010151/VISUAL.md,https://www.dlmu.edu.cn/2024xz/images/logo.png,site_identity,png,True,content_inspected,https://www.dlmu.edu.cn/,f7f984105009dfdbf18786e2,,,,,,,unresearched,,,,0,,0,0,2,0,0,0
4121010152,大连工业大学,辽宁省,https://www.dlpu.edu.cn/,universities/辽宁省/4121010152/profile.yaml,universities/辽宁省/4121010152/VISUAL.md,https://raw.githubusercontent.com/xioajiumi/Chinese_Universities/e088fddc329a6f0148ca72fd3b4d0fe069f13e3a/logo.zip,badge,png,False,content_inspected,https://github.com/xioajiumi/Chinese_Universities/blob/e088fddc329a6f0148ca72fd3b4d0fe069f13e3a/logo.zip,027f5ef6739e7328,archive_member,https://raw.githubusercontent.com/xioajiumi/Chinese_Universities/e088fddc329a6f0148ca72fd3b4d0fe069f13e3a/logo.zip,img2/大连工业大学.png,53c17d411407a72ee7e3094cbc8e5238fbf8d376e5415e78ff2c5ad2c55bb549,,,unresearched,,,,0,,0,0,0,0,0,0
4121010153,沈阳建筑大学,辽宁省,https://www.sjzu.edu.cn/,universities/辽宁省/4121010153/profile.yaml,universities/辽宁省/4121010153/VISUAL.md,https://raw.githubusercontent.com/RoboMaster/university_logos/3d645fc89869707bd7df8dba0f7e4bbcc4a60e14/Shenyang_Jianzhu_University/png/logo_blue_800x800.png,badge,png,False,content_inspected,https://github.com/RoboMaster/university_logos/blob/3d645fc89869707bd7df8dba0f7e4bbcc4a60e14/Shenyang_Jianzhu_University/png/logo_blue_800x800.png,c60b30cd0a49b738,,,,,,,unresearched,,,,0,,0,0,0,0,0,0
4121010154,辽宁工业大学,辽宁省,https://www.lnut.edu.cn/,universities/辽宁省/4121010154/profile.yaml,universities/辽宁省/4121010154/VISUAL.md,https://www.lnut.edu.cn/images/logo.png,site_identity,png,True,content_inspected,https://www.lnut.edu.cn/,d7b3478390501effa2deac4c,,,,,#162A87,manual_derived,found,官网标识取样的PPT建议主色,https://www.lnut.edu.cn/images/logo.png,官网页眉标识图片：滤去透明、近白和低饱和背景后，对高频RGB色簇取通道中位数；不是VI标准色色卡,0,,0,0,0,0,0,0
4121010157,沈阳农业大学,辽宁省,,universities/辽宁省/4121010157/profile.yaml,universities/辽宁省/4121010157/VISUAL.md,https://raw.githubusercontent.com/xioajiumi/Chinese_Universities/e088fddc329a6f0148ca72fd3b4d0fe069f13e3a/logo.zip,badge,png,False,content_inspected,https://github.com/xioajiumi/Chinese_Universities/blob/e088fddc329a6f0148ca72fd3b4d0fe069f13e3a/logo.zip,6739433c5598aad8,archive_member,https://raw.githubusercontent.com/xioajiumi/Chinese_Universities/e088fddc329a6f0148ca72fd3b4d0fe069f13e3a/logo.zip,img2/沈阳农业大学.png,53c17d411407a72ee7e3094cbc8e5238fbf8d376e5415e78ff2c5ad2c55bb549,#006537,official_vi,found,国槐绿,https://www.syau.edu.cn/xxgk/snbs.htm,官网沈农标识页规定标准色 RGB R0 G101 B55，换算为 HEX,0,,0,0,1,0,0,0
4121010158,大连海洋大学,辽宁省,https://www.dlou.edu.cn/,universities/辽宁省/4121010158/profile.yaml,universities/辽宁省/4121010158/VISUAL.md,https://www.dlou.edu.cn/_upload/tpl/01/43/323/template323/images/logo.png,site_identity,png,True,content_inspected,https://www.dlou.edu.cn/,28cd0ac1f5ed73593b5b3fcd,,,,,,,unresearched,,,,0,,0,0,0,0,0,0
4121010159,中国医科大学,辽宁省,https://www.cmu.edu.cn/,universities/辽宁省/4121010159/profile.yaml,universities/辽宁省/4121010159/VISUAL.md,https://www.cmu.edu.cn/xb/images/mzw/logo1.png,site_identity,png,True,content_inspected,https://www.cmu.edu.cn/,a77669896d212c7c8d436d49,,,,,#CF0022,manual_derived,found,官网标识取样的PPT建议主色,https://www.cmu.edu.cn/xb/images/mzw/logo1.png,官网页眉标识图片：滤去透明、近白和低饱和背景后，对高频RGB色簇取通道中位数；不是VI标准色色卡,0,,0,0,1,0,0,0
4121010160,锦州医科大学,辽宁省,https://www.jzmu.edu.cn/,universities/辽宁省/4121010160/profile.yaml,universities/辽宁省/4121010160/VISUAL.md,https://www.jzmu.edu.cn/images/logo001.png,site_identity,png,True,content_inspected,https://www.jzmu.edu.cn/,597a93242c8c2a334c52a916,,,,,,,unresearched,,,,0,,0,0,0,0,0,0
4121010161,大连医科大学,辽宁省,https://www.dmu.edu.cn/,universities/辽宁省/4121010161/profile.yaml,universities/辽宁省/4121010161/VISUAL.md,https://www.dmu.edu.cn/images/ny15.png,site_identity,png,True,content_inspected,https://www.dmu.edu.cn/xxgk/xhxg.htm,98a9443866fe77ffc7c384d1,,,,,,,unresearched,,,,0,,0,0,1,0,0,0
4121010162,辽宁中医药大学,辽宁省,https://www.lnutcm.edu.cn,universities/辽宁省/4121010162/profile.yaml,universities/辽宁省/4121010162/VISUAL.md,https://www.lnutcm.edu.cn/images/logo.png,site_identity,png,True,content_inspected,https://www.lnutcm.edu.cn,0da4abe78e95a4262f47e459,,,,,,,unresearched,,,,0,,0,0,0,0,0,0
4121010163,沈阳药科大学,辽宁省,https://www.syphu.edu.cn,universities/辽宁省/4121010163/profile.yaml,universities/辽宁省/4121010163/VISUAL.md,https://www.syphu.edu.cn/images/logo.png,site_identity,png,True,content_inspected,https://www.syphu.edu.cn,5b968f2a7d01dbb7e1abbc0a,,,,,#7F1313,manual_derived,found,官网标识取样的PPT建议主色,https://www.syphu.edu.cn/images/logo.png,官网页眉标识图片：滤去透明、近白和低饱和背景后，对高频RGB色簇取通道中位数；不是VI标准色色卡,0,,0,0,1,0,0,0
4121010164,沈阳医学院,辽宁省,https://www.symc.edu.cn/,universities/辽宁省/4121010164/profile.yaml,universities/辽宁省/4121010164/VISUAL.md,https://www.symc.edu.cn/images/logo.png,site_identity,png,True,content_inspected,https://www.symc.edu.cn/,a075ca1728d5a4fc4a3bfcef,,,,,,,unresearched,,,,0,,0,0,0,0,0,0
4121010165,辽宁师范大学,辽宁省,,universities/辽宁省/4121010165/profile.yaml,universities/辽宁省/4121010165/VISUAL.md,https://raw.githubusercontent.com/xioajiumi/Chinese_Universities/e088fddc329a6f0148ca72fd3b4d0fe069f13e3a/logo.zip,badge,png,False,content_inspected,https://github.com/xioajiumi/Chinese_Universities/blob/e088fddc329a6f0148ca72fd3b4d0fe069f13e3a/logo.zip,d9f7f078b749a694,archive_member,https://raw.githubusercontent.com/xioajiumi/Chinese_Universities/e088fddc329a6f0148ca72fd3b4d0fe069f13e3a/logo.zip,img2/辽宁师范大学.png,53c17d411407a72ee7e3094cbc8e5238fbf8d376e5415e78ff2c5ad2c55bb549,,,unresearched,,,,0,,0,0,1,0,0,0
4121010166,沈阳师范大学,辽宁省,https://www.synu.edu.cn/,universities/辽宁省/4121010166/profile.yaml,universities/辽宁省/4121010166/VISUAL.md,https://raw.githubusercontent.com/xioajiumi/Chinese_Universities/e088fddc329a6f0148ca72fd3b4d0fe069f13e3a/logo.zip,badge,png,False,content_inspected,https://github.com/xioajiumi/Chinese_Universities/blob/e088fddc329a6f0148ca72fd3b4d0fe069f13e3a/logo.zip,fa47a51701e65feb,archive_member,https://raw.githubusercontent.com/xioajiumi/Chinese_Universities/e088fddc329a6f0148ca72fd3b4d0fe069f13e3a/logo.zip,img2/沈阳师范大学.png,53c17d411407a72ee7e3094cbc8e5238fbf8d376e5415e78ff2c5ad2c55bb549,,,unresearched,,,,0,,0,0,1,0,0,0
4121010167,渤海大学,辽宁省,https://www.bhu.edu.cn/,universities/辽宁省/4121010167/profile.yaml,universities/辽宁省/4121010167/VISUAL.md,https://raw.githubusercontent.com/xioajiumi/Chinese_Universities/e088fddc329a6f0148ca72fd3b4d0fe069f13e3a/logo.zip,badge,png,False,content_inspected,https://github.com/xioajiumi/Chinese_Universities/blob/e088fddc329a6f0148ca72fd3b4d0fe069f13e3a/logo.zip,501e4d4b8ed782dc,archive_member,https://raw.githubusercontent.com/xioajiumi/Chinese_Universities/e088fddc329a6f0148ca72fd3b4d0fe069f13e3a/logo.zip,img2/渤海大学.png,53c17d411407a72ee7e3094cbc8e5238fbf8d376e5415e78ff2c5ad2c55bb549,,,unresearched,,,,0,,0,0,1,0,0,0
4121010169,鞍山师范学院,辽宁省,https://www.asnc.edu.cn/,universities/辽宁省/4121010169/profile.yaml,universities/辽宁省/4121010169/VISUAL.md,https://www.asnc.edu.cn/images/logo_01.png,site_identity,png,True,content_inspected,https://www.asnc.edu.cn/,a80811e42dbe614092e3bbba,,,,,,,unresearched,,,,0,,0,0,0,0,0,0
4121010171,朝阳师范学院,辽宁省,https://www.cynu.edu.cn/,universities/辽宁省/4121010171/profile.yaml,universities/辽宁省/4121010171/VISUAL.md,https://www.cynu.edu.cn/SY_LOGO.jpg,site_identity,jpeg,True,content_inspected,https://www.cynu.edu.cn/,65b5cf73112c77b7c272e298,,,,,#1C1F88,manual_derived,found,官网标识取样的PPT建议主色,https://www.cynu.edu.cn/SY_LOGO.jpg,官网页眉标识图片：滤去透明、近白和低饱和背景后，对高频RGB色簇取通道中位数；不是VI标准色色卡,0,,0,0,0,0,0,0
4121010172,大连外国语大学,辽宁省,https://www.dlufl.edu.cn,universities/辽宁省/4121010172/profile.yaml,universities/辽宁省/4121010172/VISUAL.md,https://www.dlufl.edu.cn/static/picture/logo-n.png,site_identity,png,True,content_inspected,https://www.dlufl.edu.cn,622fe1933df3ddcf35722710,,,,,,official_vi,official_print_only,大外蓝,https://www.dlufl.edu.cn/xygk/xxbs.htm,官网校标页公布大外蓝CMYK100/83/5/0，没有RGB或HEX。页眉金色取样只能作参考，不能代替官方标准蓝。；屏幕主色未公布，其他取色建议另见VISUAL.md。,1,,0,0,0,0,0,0
4121010173,东北财经大学,辽宁省,,universities/辽宁省/4121010173/profile.yaml,universities/辽宁省/4121010173/VISUAL.md,https://raw.githubusercontent.com/Magicdover/China-Universities-2026/419bdc7ce6956fc88c2b70b3979f170b6666f111/assets/logos-new/%E4%B8%9C%E5%8C%97%E8%B4%A2%E7%BB%8F%E5%A4%A7%E5%AD%A6%20DUFE.svg,badge,svg,False,content_inspected,https://github.com/Magicdover/China-Universities-2026/blob/419bdc7ce6956fc88c2b70b3979f170b6666f111/assets/logos-new/%E4%B8%9C%E5%8C%97%E8%B4%A2%E7%BB%8F%E5%A4%A7%E5%AD%A6%20DUFE.svg,17967040b03fa595,,,,,,,unresearched,,,,0,,0,0,2,0,0,0
4121010175,中国刑事警察学院,辽宁省,https://www.cipuc.edu.cn/,universities/辽宁省/4121010175/profile.yaml,universities/辽宁省/4121010175/VISUAL.md,https://www.cipuc.edu.cn/images/logo.png,site_identity,png,True,content_inspected,https://www.cipuc.edu.cn/,86c8bb947d3aa360d707304e,,,,,,,unresearched,,,,0,,0,0,0,0,0,0
4121010176,沈阳体育学院,辽宁省,https://www.syty.edu.cn,universities/辽宁省/4121010176/profile.yaml,universities/辽宁省/4121010176/VISUAL.md,https://raw.githubusercontent.com/xioajiumi/Chinese_Universities/e088fddc329a6f0148ca72fd3b4d0fe069f13e3a/logo.zip,badge,png,False,content_inspected,https://github.com/xioajiumi/Chinese_Universities/blob/e088fddc329a6f0148ca72fd3b4d0fe069f13e3a/logo.zip,01291eee80db2b3e,archive_member,https://raw.githubusercontent.com/xioajiumi/Chinese_Universities/e088fddc329a6f0148ca72fd3b4d0fe069f13e3a/logo.zip,img2/沈阳体育学院.png,53c17d411407a72ee7e3094cbc8e5238fbf8d376e5415e78ff2c5ad2c55bb549,,,unresearched,,,,0,,0,0,0,0,0,0
4121010177,沈阳音乐学院,辽宁省,https://www.sycm.edu.cn/,universities/辽宁省/4121010177/profile.yaml,universities/辽宁省/4121010177/VISUAL.md,https://www.sycm.edu.cn/newimages/logo/1.png,site_identity,png,True,content_inspected,https://www.sycm.edu.cn/,b394abfb6a52d51211dea5e0,,,,,,,unresearched,,,,0,,0,0,0,0,0,0
4121010178,鲁迅美术学院,辽宁省,https://www.lumei.edu.cn,universities/辽宁省/4121010178/profile.yaml,universities/辽宁省/4121010178/VISUAL.md,https://www.lumei.edu.cn/images/logo.png,site_identity,png,True,content_inspected,https://www.lumei.edu.cn,bf22c3837c018f1cb1d2b59d,,,,,,,unresearched,,,,0,,0,0,0,0,0,0
4121010841,辽宁对外经贸学院,辽宁省,https://www.luibe.edu.cn,universities/辽宁省/4121010841/profile.yaml,universities/辽宁省/4121010841/VISUAL.md,https://www.luibe.edu.cn/images/logo_01.png,site_identity,png,True,content_inspected,https://www.luibe.edu.cn,87ceff3cd40112f6a047ecba,,,,,,,unresearched,,,,0,,0,0,0,0,0,0
4121011035,沈阳大学,辽宁省,https://www.syu.edu.cn/,universities/辽宁省/4121011035/profile.yaml,universities/辽宁省/4121011035/VISUAL.md,https://www.syu.edu.cn/images/logo.png,site_identity,png,True,content_inspected,https://www.syu.edu.cn/,1e0012d851c27c90fd0e7f03,,,,,,,unresearched,,,,0,,0,0,0,0,0,0
4121011258,大连大学,辽宁省,https://www.dlu.edu.cn/,universities/辽宁省/4121011258/profile.yaml,universities/辽宁省/4121011258/VISUAL.md,https://dag.dlu.edu.cn/images/logo.png,site_identity,png,True,content_inspected,https://dag.dlu.edu.cn/info/1202/1373.htm,5f9e94747dfe998ef5710aa9,,,,,,,unresearched,,,,0,,0,0,1,0,0,0
4121011430,辽宁科技学院,辽宁省,https://www.lnist.edu.cn/,universities/辽宁省/4121011430/profile.yaml,universities/辽宁省/4121011430/VISUAL.md,https://www.lnist.edu.cn/images/logo.png,site_identity,png,True,content_inspected,https://www.lnist.edu.cn/,fe2328cf313d9ac09bf3cd1a,,,,,#008CD6,manual_derived,found,官网标识取样的PPT建议主色,https://www.lnist.edu.cn/images/logo.png,官网页眉标识图片：滤去透明、近白和低饱和背景后，对高频RGB色簇取通道中位数；不是VI标准色色卡,0,,0,0,0,0,0,0
4121011432,辽宁警察学院,辽宁省,https://www.lnp.edu.cn/,universities/辽宁省/4121011432/profile.yaml,universities/辽宁省/4121011432/VISUAL.md,https://raw.githubusercontent.com/xioajiumi/Chinese_Universities/e088fddc329a6f0148ca72fd3b4d0fe069f13e3a/logo.zip,badge,jpeg,False,content_inspected,https://github.com/xioajiumi/Chinese_Universities/blob/e088fddc329a6f0148ca72fd3b4d0fe069f13e3a/logo.zip,31841c6b846813c6,archive_member,https://raw.githubusercontent.com/xioajiumi/Chinese_Universities/e088fddc329a6f0148ca72fd3b4d0fe069f13e3a/logo.zip,img2/辽宁警察学院.png,53c17d411407a72ee7e3094cbc8e5238fbf8d376e5415e78ff2c5ad2c55bb549,,,unresearched,,,,0,,0,0,0,0,0,0
4121011632,沈阳工程学院,辽宁省,https://www.sie.edu.cn,universities/辽宁省/4121011632/profile.yaml,universities/辽宁省/4121011632/VISUAL.md,https://www.sie.edu.cn/images/logo.png,site_identity,png,True,content_inspected,https://www.sie.edu.cn,c0c09ab22c0cf7db145218b2,,,,,#016C6A,manual_derived,found,官网标识取样的PPT建议主色,https://www.sie.edu.cn/images/logo.png,官网页眉标识图片：滤去透明、近白和低饱和背景后，对高频RGB色簇取通道中位数；不是VI标准色色卡,0,,0,0,0,0,0,0
4121011779,辽东学院,辽宁省,,universities/辽宁省/4121011779/profile.yaml,universities/辽宁省/4121011779/VISUAL.md,https://raw.githubusercontent.com/xioajiumi/Chinese_Universities/e088fddc329a6f0148ca72fd3b4d0fe069f13e3a/logo.zip,badge,png,False,content_inspected,https://github.com/xioajiumi/Chinese_Universities/blob/e088fddc329a6f0148ca72fd3b4d0fe069f13e3a/logo.zip,46d789a756c3c647,archive_member,https://raw.githubusercontent.com/xioajiumi/Chinese_Universities/e088fddc329a6f0148ca72fd3b4d0fe069f13e3a/logo.zip,img2/辽东学院.png,53c17d411407a72ee7e3094cbc8e5238fbf8d376e5415e78ff2c5ad2c55bb549,,,unresearched,,,,0,,0,0,0,0,0,0
4121012026,大连民族大学,辽宁省,https://www.dlnu.edu.cn,universities/辽宁省/4121012026/profile.yaml,universities/辽宁省/4121012026/VISUAL.md,https://www.dlnu.edu.cn/template/1/upload/logo.png,site_identity,png,True,content_inspected,https://www.dlnu.edu.cn,f82a2fffc85a01888e4de175,,,,,#324D8C,manual_derived,found,官网标识取样的PPT建议主色,https://www.dlnu.edu.cn/template/1/upload/logo.png,官网页眉标识图片：滤去透明、近白和低饱和背景后，对高频RGB色簇取通道中位数；不是VI标准色色卡,0,,0,0,0,0,0,0
4121012595,辽宁理工职业大学,辽宁省,https://www.lnvut.edu.cn/,universities/辽宁省/4121012595/profile.yaml,universities/辽宁省/4121012595/VISUAL.md,https://www.lnvut.edu.cn/images/logo_dx6.png,site_identity,png,True,content_inspected,https://www.lnvut.edu.cn/,27284cbbf9cdf92dab5ac743,,,,,,,unresearched,,,,0,,0,0,0,0,0,0
4121013198,大连工程学院,辽宁省,https://www.dlutci.edu.cn/,universities/辽宁省/4121013198/profile.yaml,universities/辽宁省/4121013198/VISUAL.md,,,,,,,,,,,,,,unresearched,,,,0,,0,0,0,0,0,0
4121013199,沈阳工业大学工程学院,辽宁省,,universities/辽宁省/4121013199/profile.yaml,universities/辽宁省/4121013199/VISUAL.md,,,,,,,,,,,,,,unresearched,,,,0,,0,0,0,0,0,0
4121013200,沈阳航空航天大学北方科技学院,辽宁省,,universities/辽宁省/4121013200/profile.yaml,universities/辽宁省/4121013200/VISUAL.md,,,,,,,,,,,,,,unresearched,,,,0,,0,0,0,0,0,0
4121013201,沈阳工学院,辽宁省,https://www.situ.edu.cn/,universities/辽宁省/4121013201/profile.yaml,universities/辽宁省/4121013201/VISUAL.md,,,,,,,,,,,,,,unresearched,,,,0,,0,0,0,0,0,0
4121013203,大连工业大学艺术与信息工程学院,辽宁省,https://www.caie.edu.cn,universities/辽宁省/4121013203/profile.yaml,universities/辽宁省/4121013203/VISUAL.md,https://www.caie.edu.cn/dfiles/11080/images/logo.jpg,site_identity,jpeg,True,content_inspected,https://www.caie.edu.cn,23628e7007d52f22e1815c1d,,,,,#292947,official_vi,found,校徽蓝色底色,https://www.caie.edu.cn/info/1064/1867.htm,学校党政办公室2018年12月4日启用通知，明确校徽蓝色底色RGB41/41/71、CMYK91/91/56/32，并说明新标识2018年12月1日起启用；作为校徽标准色记录。,0,,0,0,0,0,0,0
4121013207,大连科技学院,辽宁省,https://www.dlust.edu.cn/,universities/辽宁省/4121013207/profile.yaml,universities/辽宁省/4121013207/VISUAL.md,,,,,,,,,,,,,,unresearched,,,,0,,0,0,0,0,0,0
4121013208,沈阳城市建设学院,辽宁省,https://www.syucu.edu.cn,universities/辽宁省/4121013208/profile.yaml,universities/辽宁省/4121013208/VISUAL.md,https://www.syucu.edu.cn/images/24/logo.png,site_identity,png,True,content_inspected,https://www.syucu.edu.cn,52aa5b5814ce8ad3472aff52,,,,,,,unresearched,,,,0,,0,0,0,0,0,0
4121013212,大连医科大学中山学院,辽宁省,https://www.dmuzs.edu.cn/,universities/辽宁省/4121013212/profile.yaml,universities/辽宁省/4121013212/VISUAL.md,https://www.dmuzs.edu.cn/img/logo.png,site_identity,png,True,content_inspected,https://www.dmuzs.edu.cn/,c65f2b3fde5181dff11f06e9,,,,,,,unresearched,,,,0,,0,0,0,0,0,0
4121013213,锦州医科大学医疗学院,辽宁省,https://www.jymu.edu.cn/,universities/辽宁省/4121013213/profile.yaml,universities/辽宁省/4121013213/VISUAL.md,https://www.jymu.edu.cn/images/logo_03.png,site_identity,,True,inspection_failed,https://www.jymu.edu.cn/,55a6f82998a3530bf56904da,,,,,,,unresearched,,,,0,,0,0,0,0,0,0
4121013215,辽宁师范大学海华学院,辽宁省,https://www.lshhxy.edu.cn,universities/辽宁省/4121013215/profile.yaml,universities/辽宁省/4121013215/VISUAL.md,https://www.lshhxy.edu.cn/images/xin/xiaobiao.png,site_identity,png,True,content_inspected,https://www.lshhxy.edu.cn,d99b55cf5607e0d7012e8248,,,,,,,unresearched,,,,0,,0,0,0,0,0,0
4121013217,辽宁理工学院,辽宁省,https://www.lise.edu.cn/,universities/辽宁省/4121013217/profile.yaml,universities/辽宁省/4121013217/VISUAL.md,https://www.lise.edu.cn/attachment/sites/farm/2021_02/23_09/2d39049920c5dc74.png,site_identity,png,True,content_inspected,https://www.lise.edu.cn/,34ac576f27c9b72d6c530e82,,,,,,,unresearched,,,,0,,0,0,0,0,0,0
4121013218,大连财经学院,辽宁省,https://www.dlufe.edu.cn/,universities/辽宁省/4121013218/profile.yaml,universities/辽宁省/4121013218/VISUAL.md,https://www.dlufe.edu.cn/images/xiaoxun.png,site_identity,png,True,content_inspected,https://www.dlufe.edu.cn/,a7f6729452e984a3e4416df5,,,,,,,unresearched,,,,0,,0,0,0,0,0,0
4121013220,沈阳城市学院,辽宁省,https://www.shenyangcu.edu.cn,universities/辽宁省/4121013220/profile.yaml,universities/辽宁省/4121013220/VISUAL.md,,,,,,,,,,,,,,unresearched,,,,0,,0,0,0,0,0,0
4121013599,大连艺术学院,辽宁省,https://www.dac.edu.cn/,universities/辽宁省/4121013599/profile.yaml,universities/辽宁省/4121013599/VISUAL.md,https://www.dac.edu.cn/images/logo_shadow.png,site_identity,png,True,content_inspected,https://www.dac.edu.cn/,b481a1455cd0b7ae6fb066f2,,,,,,,unresearched,,,,0,,0,0,0,0,0,0
4121013609,辽宁中医药大学杏林学院,辽宁省,https://www.lncmxl.edu.cn/,universities/辽宁省/4121013609/profile.yaml,universities/辽宁省/4121013609/VISUAL.md,https://www.lncmxl.edu.cn/static/index/images/logo.png,site_identity,png,True,content_inspected,https://www.lncmxl.edu.cn/,b7fe4be4662d32faeccf8f99,,,,,,,unresearched,,,,0,,0,0,0,0,0,0
4121013610,辽宁何氏医学院,辽宁省,https://www.huh.edu.cn/,universities/辽宁省/4121013610/profile.yaml,universities/辽宁省/4121013610/VISUAL.md,https://www.huh.edu.cn/Public/assets/images/small-logo.png,site_identity,png,True,content_inspected,https://www.huh.edu.cn/,18a7281496e1f8c5d9170766,,,,,,,unresearched,,,,0,,0,0,0,0,0,0
4121013621,沈阳科技学院,辽宁省,https://www.syist.cn,universities/辽宁省/4121013621/profile.yaml,universities/辽宁省/4121013621/VISUAL.md,https://www.syist.cn/static/index/images/logo.png,site_identity,png,True,content_inspected,https://www.syist.cn,3d042533fe0b17fe7eb5be35,,,,,,,unresearched,,,,0,,0,0,0,0,0,0
4121013631,大连东软信息学院,辽宁省,https://www.neusoft.edu.cn/,universities/辽宁省/4121013631/profile.yaml,universities/辽宁省/4121013631/VISUAL.md,https://www.neusoft.edu.cn/skin/school/core/header/images/logo.png,site_identity,png,True,content_inspected,https://www.neusoft.edu.cn/,7f825f593acddc4f9f926f08,,,,,,,unresearched,,,,0,,0,0,0,0,0,0
4121013900,辽宁财贸学院,辽宁省,,universities/辽宁省/4121013900/profile.yaml,universities/辽宁省/4121013900/VISUAL.md,,,,,,,,,,,,,,unresearched,,,,0,,0,0,0,0,0,0
4121013957,辽宁传媒学院,辽宁省,https://www.lncu.edu.cn/,universities/辽宁省/4121013957/profile.yaml,universities/辽宁省/4121013957/VISUAL.md,https://www.lncu.edu.cn/wp-content/themes/2026/assets/logo.png,site_identity,png,True,content_inspected,https://www.lncu.edu.cn/,881f3d026b1a9df6ce06249c,,,,,,,unresearched,,,,0,,0,0,0,0,0,0
4121014435,营口理工学院,辽宁省,,universities/辽宁省/4121014435/profile.yaml,universities/辽宁省/4121014435/VISUAL.md,https://raw.githubusercontent.com/xioajiumi/Chinese_Universities/e088fddc329a6f0148ca72fd3b4d0fe069f13e3a/logo.zip,badge,jpeg,False,content_inspected,https://github.com/xioajiumi/Chinese_Universities/blob/e088fddc329a6f0148ca72fd3b4d0fe069f13e3a/logo.zip,e4b1aa13fe2a44ba,archive_member,https://raw.githubusercontent.com/xioajiumi/Chinese_Universities/e088fddc329a6f0148ca72fd3b4d0fe069f13e3a/logo.zip,img2/营口理工学院.png,53c17d411407a72ee7e3094cbc8e5238fbf8d376e5415e78ff2c5ad2c55bb549,,,unresearched,,,,0,,0,0,0,0,0,0
4150010611,重庆大学,重庆市,https://www.cqu.edu.cn,universities/重庆市/4150010611/profile.yaml,universities/重庆市/4150010611/VISUAL.md,https://www.cqu.edu.cn/images/logo1.png,site_identity,png,True,content_inspected,https://www.cqu.edu.cn,ebbbc8ce2a83d5cf3bd28321,,,,,#0253A0,manual_derived,found,官网标识取样的PPT建议主色,https://www.cqu.edu.cn/images/logo1.png,官网页眉标识图片：滤去透明、近白和低饱和背景后，对高频RGB色簇取通道中位数；不是VI标准色色卡,0,,0,0,3,0,0,0
4150010617,重庆邮电大学,重庆市,https://www.cqupt.edu.cn,universities/重庆市/4150010617/profile.yaml,universities/重庆市/4150010617/VISUAL.md,https://www.cqupt.edu.cn/images/logo2.png,site_identity,png,True,content_inspected,https://www.cqupt.edu.cn,6bf48b4c55ed0b94a473b24f,,,,,#FFEF85,manual_derived,found,官网标识取样的PPT建议主色,https://www.cqupt.edu.cn/images/logo1.png,官网页眉标识图片：滤去透明、近白和低饱和背景后，对高频RGB色簇取通道中位数；不是VI标准色色卡,0,,0,0,1,0,0,0
4150010618,重庆交通大学,重庆市,https://www.cqjtu.edu.cn,universities/重庆市/4150010618/profile.yaml,universities/重庆市/4150010618/VISUAL.md,https://news.cqjtu.edu.cn/Content/images/logo.png,site_identity,png,True,content_inspected,https://news.cqjtu.edu.cn/info/1125/64786.htm,2abaf8275b6a8a5dc30544af,,,,,,,unresearched,,,,0,,0,0,0,0,0,0
4150010631,重庆医科大学,重庆市,,universities/重庆市/4150010631/profile.yaml,universities/重庆市/4150010631/VISUAL.md,https://raw.githubusercontent.com/Magicdover/China-Universities-2026/419bdc7ce6956fc88c2b70b3979f170b6666f111/assets/logos-new/%E9%87%8D%E5%BA%86%E5%8C%BB%E7%A7%91%E5%A4%A7%E5%AD%A6%20CQMU.svg,badge,svg,False,content_inspected,https://github.com/Magicdover/China-Universities-2026/blob/419bdc7ce6956fc88c2b70b3979f170b6666f111/assets/logos-new/%E9%87%8D%E5%BA%86%E5%8C%BB%E7%A7%91%E5%A4%A7%E5%AD%A6%20CQMU.svg,07b7099821918955,,,,,,,unresearched,,,,0,,0,0,1,0,0,0
4150010635,西南大学,重庆市,http://www.swu.edu.cn/,universities/重庆市/4150010635/profile.yaml,universities/重庆市/4150010635/VISUAL.md,http://www.swu.edu.cn/images/logo0603.png,site_identity,png,True,content_inspected,http://www.swu.edu.cn/,324726fbb045f971f8fedd27,,,,,#003D83,official_vi,found,西大蓝,https://www.swu.edu.cn/bs/Abufen-xinandaxueVISshouceban.pdf,官网 VI 手册规定标准校色 RGB R0 G61 B131，换算为 HEX,0,,0,0,3,0,0,0
4150010637,重庆师范大学,重庆市,https://www.cqnu.edu.cn,universities/重庆市/4150010637/profile.yaml,universities/重庆市/4150010637/VISUAL.md,https://www.cqnu.edu.cn/2023xsy8/images/logo2.png,site_identity,png,True,content_inspected,https://www.cqnu.edu.cn,0e940fe6497da2ec5c6b83df,,,,,,,unresearched,,,,0,,0,0,0,0,0,0
4150010642,重庆文理学院,重庆市,https://www.cqwu.edu.cn/,universities/重庆市/4150010642/profile.yaml,universities/重庆市/4150010642/VISUAL.md,https://www.cqwu.edu.cn/SITE_RES/web2025_cqwu_edu_cn/2025/image/logo1.png,site_identity,png,True,content_inspected,https://www.cqwu.edu.cn/,ae8e96ad5c9d1b4385446d1b,,,,,#183883,manual_derived,found,官网标识取样的PPT建议主色,https://www.cqwu.edu.cn/SITE_RES/web2025_cqwu_edu_cn/2025/image/logo-1-blue.png,官网页眉标识图片：滤去透明、近白和低饱和背景后，对高频RGB色簇取通道中位数；不是VI标准色色卡,0,,0,0,1,0,0,0
4150010643,重庆三峡科技大学,重庆市,https://www.sanxiau.edu.cn/,universities/重庆市/4150010643/profile.yaml,universities/重庆市/4150010643/VISUAL.md,https://www.sanxiau.edu.cn/img/zhongqingsanxia-top0409.png,site_identity,png,True,content_inspected,https://www.sanxiau.edu.cn/,eec833b07a331517564cd385,,,,,,,unresearched,,,,0,,0,0,0,0,0,0
4150010647,长江师范学院,重庆市,https://www.yznu.cn,universities/重庆市/4150010647/profile.yaml,universities/重庆市/4150010647/VISUAL.md,https://www.yznu.cn/_upload/tpl/05/a2/1442/template1442/images/logo.png,site_identity,png,True,content_inspected,https://www.yznu.cn,547017b62ab63cde8e9df3ae,,,,,,,unresearched,,,,0,,0,0,0,0,0,0
4150010650,四川外国语大学,重庆市,https://www.sisu.edu.cn/,universities/重庆市/4150010650/profile.yaml,universities/重庆市/4150010650/VISUAL.md,https://www.sisu.edu.cn/images/logo.png,site_identity,png,True,content_inspected,https://www.sisu.edu.cn/,d344fb3c6f28060b6e5d0767,,,,,#3D6A9F,official_vi,found,校徽蓝,https://www.sisu.edu.cn/xxgk/xxbz/index.htm,"官网学校标识页给出校徽色值 RGB 61,106,159，换算为 HEX；仅作为校徽色",0,,0,0,0,0,0,0
4150010652,西南政法大学,重庆市,https://www.swupl.edu.cn/,universities/重庆市/4150010652/profile.yaml,universities/重庆市/4150010652/VISUAL.md,https://raw.githubusercontent.com/Magicdover/China-Universities-2026/419bdc7ce6956fc88c2b70b3979f170b6666f111/assets/logos-new/%E8%A5%BF%E5%8D%97%E6%94%BF%E6%B3%95%E5%A4%A7%E5%AD%A6%20SWUPL.svg,badge,svg,False,content_inspected,https://github.com/Magicdover/China-Universities-2026/blob/419bdc7ce6956fc88c2b70b3979f170b6666f111/assets/logos-new/%E8%A5%BF%E5%8D%97%E6%94%BF%E6%B3%95%E5%A4%A7%E5%AD%A6%20SWUPL.svg,00a7ee3b808a0d76,,,,,,,unresearched,,,,0,,0,0,1,0,0,0
4150010655,四川美术学院,重庆市,https://www.scfai.edu.cn/,universities/重庆市/4150010655/profile.yaml,universities/重庆市/4150010655/VISUAL.md,https://www.scfai.edu.cn/images/logo.png,site_identity,png,True,content_inspected,https://www.scfai.edu.cn/,1a54354f0cc6014a926ca8b6,,,,,#8C2D30,manual_derived,found,官网标识取样的PPT建议主色,https://www.scfai.edu.cn/images/logo.png,官网页眉标识图片：滤去透明、近白和低饱和背景后，对高频RGB色簇取通道中位数；不是VI标准色色卡,0,,0,0,0,0,0,0
4150011551,重庆科技大学,重庆市,https://www.cqust.edu.cn,universities/重庆市/4150011551/profile.yaml,universities/重庆市/4150011551/VISUAL.md,https://www.cqust.edu.cn/2024new/images/logo.png,site_identity,png,True,content_inspected,https://www.cqust.edu.cn,471fab7e4804fdfd7251e247,,,,,,,unresearched,,,,0,,0,0,0,0,0,0
4150011660,重庆理工大学,重庆市,,universities/重庆市/4150011660/profile.yaml,universities/重庆市/4150011660/VISUAL.md,https://raw.githubusercontent.com/RoboMaster/university_logos/3d645fc89869707bd7df8dba0f7e4bbcc4a60e14/Chongqing_University_of_Technology/svg/logo_blue.svg,badge,svg,False,content_inspected,https://github.com/RoboMaster/university_logos/blob/3d645fc89869707bd7df8dba0f7e4bbcc4a60e14/Chongqing_University_of_Technology/svg/logo_blue.svg,e1e25857cedd2a8e,,,,,,,unresearched,,,,0,,0,0,1,0,0,0
4150011799,重庆工商大学,重庆市,https://www.ctbu.edu.cn,universities/重庆市/4150011799/profile.yaml,universities/重庆市/4150011799/VISUAL.md,https://www.ctbu.edu.cn/image/logo3.png,site_identity,png,True,content_inspected,https://www.ctbu.edu.cn/xxgk/xhxxxg.htm,5c5aadf0aa1a4e8458bb8b59,,,,,,,unresearched,,,,0,,0,0,1,0,0,0
4150012215,重庆工业职业技术大学,重庆市,https://www.cqipu.edu.cn/,universities/重庆市/4150012215/profile.yaml,universities/重庆市/4150012215/VISUAL.md,https://www.cqipu.edu.cn/img/n_logo.png,site_identity,png,True,content_inspected,https://www.cqipu.edu.cn/,7cd9273334c0a906bbe1251b,,,,,,,unresearched,,,,0,,0,0,0,0,0,0
4150012607,重庆机电职业技术大学,重庆市,https://www.cqvtu.edu.cn/,universities/重庆市/4150012607/profile.yaml,universities/重庆市/4150012607/VISUAL.md,https://www.cqvtu.edu.cn/imgs/logo.png,site_identity,png,True,content_inspected,https://www.cqvtu.edu.cn/,b3e3d9492233d7d13d51a079,,,,,,,unresearched,,,,0,,0,0,0,0,0,0
4150012608,重庆工程学院,重庆市,https://www.cqie.edu.cn,universities/重庆市/4150012608/profile.yaml,universities/重庆市/4150012608/VISUAL.md,https://www.cqie.edu.cn/templates/1/default/_files/images/logo.png,site_identity,png,True,content_inspected,https://www.cqie.edu.cn,c3dd240da8c4bacd214913e8,,,,,,,unresearched,,,,0,,0,0,0,0,0,0
4150012609,重庆电子科技职业大学,重庆市,https://www.cquet.edu.cn/,universities/重庆市/4150012609/profile.yaml,universities/重庆市/4150012609/VISUAL.md,,,,,,,,,,,,,,unresearched,,,,0,,0,0,0,0,0,0
4150012616,重庆城市科技学院,重庆市,,universities/重庆市/4150012616/profile.yaml,universities/重庆市/4150012616/VISUAL.md,,,,,,,,,,,,,,unresearched,,,,0,,0,0,0,0,0,0
4150012757,重庆警察学院,重庆市,,universities/重庆市/4150012757/profile.yaml,universities/重庆市/4150012757/VISUAL.md,https://raw.githubusercontent.com/xioajiumi/Chinese_Universities/e088fddc329a6f0148ca72fd3b4d0fe069f13e3a/logo.zip,badge,jpeg,False,content_inspected,https://github.com/xioajiumi/Chinese_Universities/blob/e088fddc329a6f0148ca72fd3b4d0fe069f13e3a/logo.zip,9b211a332c43829d,archive_member,https://raw.githubusercontent.com/xioajiumi/Chinese_Universities/e088fddc329a6f0148ca72fd3b4d0fe069f13e3a/logo.zip,img2/重庆警察学院.png,53c17d411407a72ee7e3094cbc8e5238fbf8d376e5415e78ff2c5ad2c55bb549,,,unresearched,,,,0,,0,0,0,0,0,0
4150012758,重庆城市管理职业大学,重庆市,https://www.cswu.cn,universities/重庆市/4150012758/profile.yaml,universities/重庆市/4150012758/VISUAL.md,https://www.cswu.cn/_upload/tpl/05/ba/1466/template1466/images/logo.png,site_identity,png,True,content_inspected,https://www.cswu.cn,086f32c04d2265cdd2d40a8f,,,,,,,unresearched,,,,0,,0,0,0,0,0,0
4150012759,重庆工程职业技术大学,重庆市,,universities/重庆市/4150012759/profile.yaml,universities/重庆市/4150012759/VISUAL.md,,,,,,,,,,,,,,unresearched,,,,0,,0,0,0,0,0,0
4150013548,重庆人文科技学院,重庆市,,universities/重庆市/4150013548/profile.yaml,universities/重庆市/4150013548/VISUAL.md,,,,,,,,,,,,,,unresearched,,,,0,,0,0,0,0,0,0
4150013588,重庆外语外事学院,重庆市,https://www.cqifs.edu.cn/,universities/重庆市/4150013588/profile.yaml,universities/重庆市/4150013588/VISUAL.md,https://www.cqifs.edu.cn/SITE_RES/default/image/logo1.png,site_identity,png,True,content_inspected,https://www.cqifs.edu.cn/,015a3bc4d908c3d8da2ff130,,,,,,,unresearched,,,,0,,0,0,0,0,0,0
4150013589,重庆对外经贸学院,重庆市,https://www.ccibe.edu.cn/,universities/重庆市/4150013589/profile.yaml,universities/重庆市/4150013589/VISUAL.md,https://www.ccibe.edu.cn/style231107/img/logo_b.png,site_identity,png,True,content_inspected,https://www.ccibe.edu.cn/,fa28617f378b1b75765148ec,,,,,#079690,official_vi,found,2025版校园文化建设标准色,https://xywh.ccibe.edu.cn/info/1462/1782.htm,校园文化委员会2025年10月15日通知更新学校宣传、标识与校园网络等场景标准色；RGB与HEX一致。,0,,0,0,0,0,0,0
4150013590,重庆财经学院,重庆市,http://zs.cfec.edu.cn/,universities/重庆市/4150013590/profile.yaml,universities/重庆市/4150013590/VISUAL.md,http://zs.cfec.edu.cn/templates/92667583562746881/default/_files/images/logo.png,site_identity,png,True,content_inspected,http://zs.cfec.edu.cn/,dc5c56494e46bc6a2326bf04,,,,,,,unresearched,,,,0,,0,0,0,0,0,0
4150013591,重庆工商大学派斯学院,重庆市,https://www.paisi.edu.cn/,universities/重庆市/4150013591/profile.yaml,universities/重庆市/4150013591/VISUAL.md,https://www.paisi.edu.cn/attachment/core/2023_07/30_19/cc02072d0bae9bcb.png,site_identity,png,True,content_inspected,https://www.paisi.edu.cn/,592b2826f3e17e1d3f0863e1,,,,,,,unresearched,,,,0,,0,0,0,0,0,0
4150013627,重庆移通学院,重庆市,https://www.cqytxy.edu.cn,universities/重庆市/4150013627/profile.yaml,universities/重庆市/4150013627/VISUAL.md,https://www.cqytxy.edu.cn/images/yitongxueyuanlogo2-3.png,site_identity,png,True,content_inspected,https://www.cqytxy.edu.cn,b092d2762472e39c1a7d5f99,,,,,,,unresearched,,,,0,,0,0,0,0,0,0
4150014388,重庆第二师范学院,重庆市,https://www.cque.edu.cn/,universities/重庆市/4150014388/profile.yaml,universities/重庆市/4150014388/VISUAL.md,https://www.cque.edu.cn/2022-6-30/img/logo.png,site_identity,png,True,content_inspected,https://www.cque.edu.cn/,95fee887b2aa9cc30210e972,,,,,,,unresearched,,,,0,,0,0,0,0,0,0
4150014830,重庆中医药学院,重庆市,https://www.cqctcm.edu.cn/,universities/重庆市/4150014830/profile.yaml,universities/重庆市/4150014830/VISUAL.md,https://www.cqctcm.edu.cn/_upload/tpl/00/08/8/template8/images/logo.png,site_identity,png,True,content_inspected,https://www.cqctcm.edu.cn/,51446ce37c2faafd0b66ca11,,,,,#DABA6E,manual_derived,found,官网标识取样的PPT建议主色,https://www.cqctcm.edu.cn/_upload/tpl/00/08/8/template8/images/logo.png,官网页眉标识图片：滤去透明、近白和低饱和背景后，对高频RGB色簇取通道中位数；不是VI标准色色卡,0,,0,0,0,0,0,0
4161010697,西北大学,陕西省,http://www.nwu.edu.cn/,universities/陕西省/4161010697/profile.yaml,universities/陕西省/4161010697/VISUAL.md,http://www.nwu.edu.cn/images/logo.png,site_identity,png,True,content_inspected,http://www.nwu.edu.cn/,82ceb19f8c0067c16bcb32cc,,,,,,,unresearched,,,,0,,0,0,2,0,0,0
4161010698,西安交通大学,陕西省,http://www.xjtu.edu.cn/,universities/陕西省/4161010698/profile.yaml,universities/陕西省/4161010698/VISUAL.md,http://www.xjtu.edu.cn/img/logo_pic99.png,site_identity,png,True,content_inspected,http://www.xjtu.edu.cn/,bd488dc190a3550f7053c413,,,,,,,unresearched,,,,0,https://vi.xjtu.edu.cn/yybf/PPTmb.htm,8,0,3,0,0,0
4161010699,西北工业大学,陕西省,https://www.nwpu.edu.cn/,universities/陕西省/4161010699/profile.yaml,universities/陕西省/4161010699/VISUAL.md,https://www.nwpu.edu.cn/images/logo2.png,site_identity,png,True,content_inspected,https://www.nwpu.edu.cn/,a9859f15b92b94a857808e78,,,,,#0054A3,manual_derived,found,官网标识取样的PPT建议主色,https://www.nwpu.edu.cn/images/logo2.png,官网页眉标识图片：滤去透明、近白和低饱和背景后，对高频RGB色簇取通道中位数；不是VI标准色色卡,0,,0,0,3,0,0,0
4161010700,西安理工大学,陕西省,https://www.xaut.edu.cn/,universities/陕西省/4161010700/profile.yaml,universities/陕西省/4161010700/VISUAL.md,https://raw.githubusercontent.com/RoboMaster/university_logos/3d645fc89869707bd7df8dba0f7e4bbcc4a60e14/Xi%27an_University_of_Technology/png/logo_purple_800x800.png,badge,png,False,content_inspected,https://github.com/RoboMaster/university_logos/blob/3d645fc89869707bd7df8dba0f7e4bbcc4a60e14/Xi%27an_University_of_Technology/png/logo_purple_800x800.png,e5e4a6444355d499,,,,,,,unresearched,,,,0,,0,0,1,0,0,0
4161010701,西安电子科技大学,陕西省,https://www.xidian.edu.cn/,universities/陕西省/4161010701/profile.yaml,universities/陕西省/4161010701/VISUAL.md,https://news.xidian.edu.cn/mobile/images/logo.png,site_identity,png,True,content_inspected,https://news.xidian.edu.cn/info/1016/4376.htm,c51e0ee10d3ed1d50e6470ad,,,,,#CB222E,manual_derived,found,官网标识取样的PPT建议主色,https://www.xidian.edu.cn/2020images/logo-on.png,官网页眉标识图片：滤去透明、近白和低饱和背景后，对高频RGB色簇取通道中位数；不是VI标准色色卡,0,,0,0,3,0,0,0
4161010702,西安工业大学,陕西省,https://www.xatu.edu.cn/,universities/陕西省/4161010702/profile.yaml,universities/陕西省/4161010702/VISUAL.md,https://www.xatu.edu.cn/images25/logo.png,site_identity,png,True,content_inspected,https://www.xatu.edu.cn/,306c8e1be2f116e36f0ea95f,,,,,,,unresearched,,,,0,,0,0,1,0,0,0
4161010703,西安建筑科技大学,陕西省,https://www.xauat.edu.cn/,universities/陕西省/4161010703/profile.yaml,universities/陕西省/4161010703/VISUAL.md,https://www.xauat.edu.cn/images/logo0715.png,site_identity,png,True,content_inspected,https://www.xauat.edu.cn/,35edd3f51c5ee4ebbc89a80c,,,,,#AB763D,manual_derived,found,官网标识取样的PPT建议主色,https://www.xauat.edu.cn/images/logo0715.png,官网页眉标识图片：滤去透明、近白和低饱和背景后，对高频RGB色簇取通道中位数；不是VI标准色色卡,0,,0,0,1,0,0,0
4161010704,西安科技大学,陕西省,https://www.xust.edu.cn,universities/陕西省/4161010704/profile.yaml,universities/陕西省/4161010704/VISUAL.md,https://raw.githubusercontent.com/xioajiumi/Chinese_Universities/e088fddc329a6f0148ca72fd3b4d0fe069f13e3a/logo.zip,badge,png,False,content_inspected,https://github.com/xioajiumi/Chinese_Universities/blob/e088fddc329a6f0148ca72fd3b4d0fe069f13e3a/logo.zip,e19c926328795fd1,archive_member,https://raw.githubusercontent.com/xioajiumi/Chinese_Universities/e088fddc329a6f0148ca72fd3b4d0fe069f13e3a/logo.zip,img2/西安科技大学.png,53c17d411407a72ee7e3094cbc8e5238fbf8d376e5415e78ff2c5ad2c55bb549,#075C36,manual_derived,found,官网标识取样的PPT建议主色,https://www.xust.edu.cn/images/logo.png,官网页眉标识图片：滤去透明、近白和低饱和背景后，对高频RGB色簇取通道中位数；不是VI标准色色卡,0,,0,0,0,0,0,0
4161010705,西安石油大学,陕西省,https://www.xsyu.edu.cn/,universities/陕西省/4161010705/profile.yaml,universities/陕西省/4161010705/VISUAL.md,https://www.xsyu.edu.cn/new/img/x_logo.png,site_identity,png,True,content_inspected,https://www.xsyu.edu.cn/,1caa4d5daaed7c3b68cd75e4,,,,,,,unresearched,,,,0,,0,0,0,0,0,0
4161010708,陕西科技大学,陕西省,,universities/陕西省/4161010708/profile.yaml,universities/陕西省/4161010708/VISUAL.md,https://raw.githubusercontent.com/xioajiumi/Chinese_Universities/e088fddc329a6f0148ca72fd3b4d0fe069f13e3a/logo.zip,badge,png,False,content_inspected,https://github.com/xioajiumi/Chinese_Universities/blob/e088fddc329a6f0148ca72fd3b4d0fe069f13e3a/logo.zip,0cedad1cdcb59034,archive_member,https://raw.githubusercontent.com/xioajiumi/Chinese_Universities/e088fddc329a6f0148ca72fd3b4d0fe069f13e3a/logo.zip,img2/陕西科技大学.png,53c17d411407a72ee7e3094cbc8e5238fbf8d376e5415e78ff2c5ad2c55bb549,,,unresearched,,,,0,,0,0,1,0,0,0
4161010709,西安工程大学,陕西省,https://www.xpu.edu.cn/,universities/陕西省/4161010709/profile.yaml,universities/陕西省/4161010709/VISUAL.md,https://www.xpu.edu.cn/images/logo.png,site_identity,png,True,content_inspected,https://www.xpu.edu.cn/,7ee7808539b457fbc45fec99,,,,,#194787,manual_derived,found,官网标识取样的PPT建议主色,https://www.xpu.edu.cn/images/logo2.png,官网页眉标识图片：滤去透明、近白和低饱和背景后，对高频RGB色簇取通道中位数；不是VI标准色色卡,0,,0,0,0,0,0,0
4161010710,长安大学,陕西省,https://www.chd.edu.cn/,universities/陕西省/4161010710/profile.yaml,universities/陕西省/4161010710/VISUAL.md,http://www.chd.edu.cn/images/logo.png,site_identity,png,True,content_inspected,http://www.chd.edu.cn/,9ef934fadfd1cf87aa652ecc,,,,,,,unresearched,,,,0,,0,0,3,0,0,0
4161010712,西北农林科技大学,陕西省,https://www.nwsuaf.edu.cn/,universities/陕西省/4161010712/profile.yaml,universities/陕西省/4161010712/VISUAL.md,https://www.nwsuaf.edu.cn/images/logo.png,site_identity,png,True,content_inspected,https://www.nwsuaf.edu.cn/,ca94b67c1fbcc057f1216ea4,,,,,#01883B,manual_derived,found,官网标识取样的PPT建议主色,https://www.nwsuaf.edu.cn/images/logo.png,官网页眉标识图片：滤去透明、近白和低饱和背景后，对高频RGB色簇取通道中位数；不是VI标准色色卡,0,,0,0,3,0,0,0
4161010716,陕西中医药大学,陕西省,http://www.sntcm.edu.cn,universities/陕西省/4161010716/profile.yaml,universities/陕西省/4161010716/VISUAL.md,http://www.sntcm.edu.cn/images/niindex/logo.png,site_identity,png,True,content_inspected,http://www.sntcm.edu.cn,ed11ebb83b601e4c856a3fb8,,,,,#00923F,manual_derived,found,官网标识取样的PPT建议主色,http://www.sntcm.edu.cn/images/niindex/logo.png,官网页眉标识图片：滤去透明、近白和低饱和背景后，对高频RGB色簇取通道中位数；不是VI标准色色卡,0,,0,0,0,0,0,0
4161010718,陕西师范大学,陕西省,https://www.snnu.edu.cn/,universities/陕西省/4161010718/profile.yaml,universities/陕西省/4161010718/VISUAL.md,https://www.snnu.edu.cn/images/logo.png,site_identity,png,True,content_inspected,https://www.snnu.edu.cn/,df6fe5b727a9ae47a09e971f,,,,,,,unresearched,,,,0,,0,0,2,0,0,0
4161010719,延安大学,陕西省,https://www.yau.edu.cn/,universities/陕西省/4161010719/profile.yaml,universities/陕西省/4161010719/VISUAL.md,https://www.yau.edu.cn/images/logo_1027.png,site_identity,png,True,content_inspected,https://www.yau.edu.cn/,db286c8721ecc83dcc126559,,,,,#008FC9,manual_derived,found,官网标识取样的PPT建议主色,https://www.yau.edu.cn/images/logo_1027.png,官网页眉标识图片：滤去透明、近白和低饱和背景后，对高频RGB色簇取通道中位数；不是VI标准色色卡,0,,0,0,0,0,0,0
4161010720,陕西理工大学,陕西省,,universities/陕西省/4161010720/profile.yaml,universities/陕西省/4161010720/VISUAL.md,https://raw.githubusercontent.com/xioajiumi/Chinese_Universities/e088fddc329a6f0148ca72fd3b4d0fe069f13e3a/logo.zip,badge,png,False,content_inspected,https://github.com/xioajiumi/Chinese_Universities/blob/e088fddc329a6f0148ca72fd3b4d0fe069f13e3a/logo.zip,cf35058845bf2a25,archive_member,https://raw.githubusercontent.com/xioajiumi/Chinese_Universities/e088fddc329a6f0148ca72fd3b4d0fe069f13e3a/logo.zip,img2/陕西理工大学.png,53c17d411407a72ee7e3094cbc8e5238fbf8d376e5415e78ff2c5ad2c55bb549,,,unresearched,,,,0,,0,0,0,0,0,0
4161010721,宝鸡文理学院,陕西省,https://www.bjwlxy.edu.cn/,universities/陕西省/4161010721/profile.yaml,universities/陕西省/4161010721/VISUAL.md,https://www.bjwlxy.edu.cn/images/logo.png,site_identity,png,True,content_inspected,https://www.bjwlxy.edu.cn/,e882b6ddc7500f7b49818a55,,,,,,,unresearched,,,,0,,0,0,0,0,0,0
4161010722,咸阳师范学院,陕西省,https://www.xync.edu.cn/,universities/陕西省/4161010722/profile.yaml,universities/陕西省/4161010722/VISUAL.md,https://www.xync.edu.cn/images/logo.png,site_identity,png,True,content_inspected,https://www.xync.edu.cn/,99d086f05e1c2e6646f921da,,,,,,,unresearched,,,,0,,0,0,0,0,0,0
4161010723,渭南师范学院,陕西省,https://www.wnu.edu.cn/,universities/陕西省/4161010723/profile.yaml,universities/陕西省/4161010723/VISUAL.md,https://www.wnu.edu.cn/images/logo0529.png,site_identity,png,True,content_inspected,https://www.wnu.edu.cn/,850c35af1a347e4a1379ef80,,,,,#C01C1C,manual_derived,found,官网标识取样的PPT建议主色,https://www.wnu.edu.cn/images/logo0529.png,官网页眉标识图片：滤去透明、近白和低饱和背景后，对高频RGB色簇取通道中位数；不是VI标准色色卡,0,,0,0,0,0,0,0
4161010724,西安外国语大学,陕西省,https://www.xisu.edu.cn/,universities/陕西省/4161010724/profile.yaml,universities/陕西省/4161010724/VISUAL.md,http://www.xisu.edu.cn/images/logo1.png,site_identity,png,True,content_inspected,http://www.xisu.edu.cn/xxgk1/xxbs.htm,97f403c60c04419d4c02f78d,,,,,,,unresearched,,,,0,,0,0,0,0,0,0
4161010726,西北政法大学,陕西省,https://www.nwupl.edu.cn/,universities/陕西省/4161010726/profile.yaml,universities/陕西省/4161010726/VISUAL.md,https://www.nwupl.edu.cn/images/index/logo.png,site_identity,png,True,content_inspected,https://www.nwupl.edu.cn/hjgk/whbs/62325.htm,7d8f760b0dcc564f8858a6fb,,,,,,,unresearched,,,,0,,0,0,0,0,0,0
4161010727,西安体育学院,陕西省,https://www.xaipe.edu.cn/,universities/陕西省/4161010727/profile.yaml,universities/陕西省/4161010727/VISUAL.md,https://www.xaipe.edu.cn/xym/images/logo.png,site_identity,png,True,content_inspected,https://www.xaipe.edu.cn/,2c795629f4a441dee917cdf0,,,,,#057039,manual_derived,found,官网标识取样的PPT建议主色,https://www.xaipe.edu.cn/xym/images/logo.png,官网页眉标识图片：滤去透明、近白和低饱和背景后，对高频RGB色簇取通道中位数；不是VI标准色色卡,0,,0,0,0,0,0,0
4161010728,西安音乐学院,陕西省,,universities/陕西省/4161010728/profile.yaml,universities/陕西省/4161010728/VISUAL.md,,,,,,,,,,,,,,unresearched,,,,0,,0,0,0,0,0,0
4161010729,西安美术学院,陕西省,https://www.xafa.edu.cn/,universities/陕西省/4161010729/profile.yaml,universities/陕西省/4161010729/VISUAL.md,https://www.xafa.edu.cn/images/welcome-logo-img1.png,site_identity,png,True,content_inspected,https://www.xafa.edu.cn/,ab76c51ff9c7bf3f881d57ca,,,,,#C49583,manual_derived,found,官网标识取样的PPT建议主色,https://www.xafa.edu.cn/images/welcome-logo-text.png,官网页眉标识图片：滤去透明、近白和低饱和背景后，对高频RGB色簇取通道中位数；不是VI标准色色卡,0,,0,0,0,0,0,0
4161010828,陕西工业职业技术大学,陕西省,,universities/陕西省/4161010828/profile.yaml,universities/陕西省/4161010828/VISUAL.md,,,,,,,,,,,,,,unresearched,,,,0,,0,0,0,0,0,0
4161010966,陕西农林职业技术大学,陕西省,http://www.ylvtc.cn,universities/陕西省/4161010966/profile.yaml,universities/陕西省/4161010966/VISUAL.md,http://www.ylvtc.cn/images/2025logo0718.png,site_identity,png,True,content_inspected,http://www.ylvtc.cn,e4ad9c6bef54cc321b9d9adf,,,,,,,unresearched,,,,0,,0,0,0,0,0,0
4161011080,西安文理学院,陕西省,https://www.xawl.edu.cn/,universities/陕西省/4161011080/profile.yaml,universities/陕西省/4161011080/VISUAL.md,https://www.xawl.edu.cn/image/logo.png,site_identity,png,True,content_inspected,https://www.xawl.edu.cn/,1543728571c998a671d5dfa0,,,,,,,unresearched,,,,0,,0,0,0,0,0,0
4161011395,榆林大学,陕西省,https://www.yulinu.edu.cn,universities/陕西省/4161011395/profile.yaml,universities/陕西省/4161011395/VISUAL.md,,,,,,,,,,,,,,unresearched,,,,0,,0,0,0,0,0,0
4161011396,商洛学院,陕西省,http://www.slxy.cn/,universities/陕西省/4161011396/profile.yaml,universities/陕西省/4161011396/VISUAL.md,http://www.slxy.cn/new2024/images/logo.png,site_identity,png,True,content_inspected,http://www.slxy.cn/,462059be633394ddea0305ec,,,,,#CE0E0E,manual_derived,found,官网标识取样的PPT建议主色,http://www.slxy.cn/new2024/images/logo.png,官网页眉标识图片：滤去透明、近白和低饱和背景后，对高频RGB色簇取通道中位数；不是VI标准色色卡,0,,0,0,0,0,0,0
4161011397,安康学院,陕西省,https://www.aku.edu.cn/,universities/陕西省/4161011397/profile.yaml,universities/陕西省/4161011397/VISUAL.md,https://www.aku.edu.cn/xz2026/img/logo.png,site_identity,png,True,content_inspected,https://www.aku.edu.cn/,0489226a042fede6f684ae04,,,,,,,unresearched,,,,0,,0,0,0,0,0,0
4161011400,西安培华学院,陕西省,https://www.peihua.cn/,universities/陕西省/4161011400/profile.yaml,universities/陕西省/4161011400/VISUAL.md,https://www.peihua.cn/image/logo.png,site_identity,png,True,content_inspected,https://www.peihua.cn/,2234e94bcc2f9b37118dccc6,,,,,,,unresearched,,,,0,,0,0,1,0,0,0
4161011560,西安财经大学,陕西省,,universities/陕西省/4161011560/profile.yaml,universities/陕西省/4161011560/VISUAL.md,https://raw.githubusercontent.com/xioajiumi/Chinese_Universities/e088fddc329a6f0148ca72fd3b4d0fe069f13e3a/logo.zip,badge,png,False,content_inspected,https://github.com/xioajiumi/Chinese_Universities/blob/e088fddc329a6f0148ca72fd3b4d0fe069f13e3a/logo.zip,4bc7e3e366166221,archive_member,https://raw.githubusercontent.com/xioajiumi/Chinese_Universities/e088fddc329a6f0148ca72fd3b4d0fe069f13e3a/logo.zip,img2/西安财经大学.png,53c17d411407a72ee7e3094cbc8e5238fbf8d376e5415e78ff2c5ad2c55bb549,,,unresearched,,,,0,,0,0,0,0,0,0
4161011664,西安邮电大学,陕西省,https://www.xupt.edu.cn,universities/陕西省/4161011664/profile.yaml,universities/陕西省/4161011664/VISUAL.md,https://www.xupt.edu.cn/newWeb/images/xy_logo.png,site_identity,png,True,content_inspected,https://www.xupt.edu.cn,853b5fb82892411a2b0c3806,,,,,#014A95,manual_derived,found,官网标识取样的PPT建议主色,https://www.xupt.edu.cn/newWeb/images/xy_logo.png,官网页眉标识图片：滤去透明、近白和低饱和背景后，对高频RGB色簇取通道中位数；不是VI标准色色卡,0,,0,0,0,0,0,0
4161011736,西安航空学院,陕西省,https://www.xaau.edu.cn,universities/陕西省/4161011736/profile.yaml,universities/陕西省/4161011736/VISUAL.md,https://www.xaau.edu.cn/images/xhlogo0117.png,site_identity,png,True,content_inspected,https://www.xaau.edu.cn,32963c7abbe0828e55dfada0,,,,,,,unresearched,,,,0,,0,0,0,0,0,0
4161011840,西安医学院,陕西省,https://www.xiyi.edu.cn,universities/陕西省/4161011840/profile.yaml,universities/陕西省/4161011840/VISUAL.md,https://www.xiyi.edu.cn/images/zhuzhan2026.png,site_identity,png,True,content_inspected,https://www.xiyi.edu.cn,3302067232ea10d415591731,,,,,,,unresearched,,,,0,,0,0,0,0,0,0
4161012712,西安欧亚学院,陕西省,https://www.eurasia.edu/,universities/陕西省/4161012712/profile.yaml,universities/陕西省/4161012712/VISUAL.md,https://www.eurasia.edu/images/ouyad2025.png,site_identity,png,True,content_inspected,https://www.eurasia.edu/,7ec47225985120019e4f8017,,,,,,,unresearched,,,,0,,0,0,0,0,0,0
4161012713,西安外事学院,陕西省,,universities/陕西省/4161012713/profile.yaml,universities/陕西省/4161012713/VISUAL.md,,,,,,,,,,,,,,unresearched,,,,0,,0,0,0,0,0,0
4161012714,西安翻译学院,陕西省,http://www.xafu.edu.cn/,universities/陕西省/4161012714/profile.yaml,universities/陕西省/4161012714/VISUAL.md,http://www.xafu.edu.cn/images/logo.png,site_identity,png,True,content_inspected,http://www.xafu.edu.cn/,cae3dad3ddf159647c493897,,,,,,,unresearched,,,,0,,0,0,0,0,0,0
4161012715,西京学院,陕西省,https://www.xijing.edu.cn/,universities/陕西省/4161012715/profile.yaml,universities/陕西省/4161012715/VISUAL.md,https://www.xijing.edu.cn/images/logo.png,site_identity,png,True,content_inspected,https://www.xijing.edu.cn/,93792b3b8210084391ef7f5a,,,,,#D6FFFF,manual_derived,found,官网标识取样的PPT建议主色,https://www.xijing.edu.cn/images/fd-logo.png,官网页眉标识图片：滤去透明、近白和低饱和背景后，对高频RGB色簇取通道中位数；不是VI标准色色卡,0,,0,0,0,0,0,0
4161013121,西安思源学院,陕西省,https://www.xasyu.cn/,universities/陕西省/4161013121/profile.yaml,universities/陕西省/4161013121/VISUAL.md,https://www.xasyu.cn/2024images/logo_1.png,site_identity,png,True,content_inspected,https://www.xasyu.cn/,68fc4788a3854978aa86fc8b,,,,,,,unresearched,,,,0,,0,0,0,0,0,0
4161013123,陕西国际商贸学院,陕西省,https://www.csiic.com/,universities/陕西省/4161013123/profile.yaml,universities/陕西省/4161013123/VISUAL.md,https://www.csiic.com/_upload/tpl/00/04/4/template4/images/logo.svg,site_identity,svg,True,content_inspected,https://www.csiic.com/,fa128e1af0b229a2bed66121,,,,,,,unresearched,,,,0,,0,0,0,0,0,0
4161013125,陕西服装工程学院,陕西省,https://www.sxfu.cn/index.htm,universities/陕西省/4161013125/profile.yaml,universities/陕西省/4161013125/VISUAL.md,https://www.sxfu.cn/images/logo.png,site_identity,png,True,content_inspected,https://www.sxfu.cn/index.htm,3e386afde451d0a392bd2f41,,,,,,,unresearched,,,,0,,0,0,0,0,0,0
4161013569,西安交通工程学院,陕西省,https://www.xjy.edu.cn,universities/陕西省/4161013569/profile.yaml,universities/陕西省/4161013569/VISUAL.md,https://www.xjy.edu.cn/template/images/common/logo.png,site_identity,png,True,content_inspected,https://www.xjy.edu.cn,7758fde06492c929a8cacee4,,,,,,,unresearched,,,,0,,0,0,0,0,0,0
4161013677,西安交通大学城市学院,陕西省,http://www.xjtucc.edu.cn/,universities/陕西省/4161013677/profile.yaml,universities/陕西省/4161013677/VISUAL.md,http://www.xjtucc.edu.cn/images/logo.png,site_identity,png,True,content_inspected,http://www.xjtucc.edu.cn/,f8fb605a7253386eebd8fbf8,,,,,,,unresearched,,,,0,,0,0,0,0,0,0
4161013678,西北大学现代学院,陕西省,https://www.xdxd.cn/,universities/陕西省/4161013678/profile.yaml,universities/陕西省/4161013678/VISUAL.md,,,,,,,,,,,,,,unresearched,,,,0,,0,0,0,0,0,0
4161013679,西安建筑科技大学华清学院,陕西省,,universities/陕西省/4161013679/profile.yaml,universities/陕西省/4161013679/VISUAL.md,,,,,,,,,,,,,,unresearched,,,,0,,0,0,0,0,0,0
4161013680,西安财经大学行知学院,陕西省,,universities/陕西省/4161013680/profile.yaml,universities/陕西省/4161013680/VISUAL.md,,,,,,,,,,,,,,unresearched,,,,0,,0,0,0,0,0,0
4161013681,陕西科技大学镐京学院,陕西省,https://www.sxhju.cn//index.htm,universities/陕西省/4161013681/profile.yaml,universities/陕西省/4161013681/VISUAL.md,,,,,,,,,,,,,,unresearched,,,,0,,0,0,0,0,0,0
4161013682,西安工商学院,陕西省,,universities/陕西省/4161013682/profile.yaml,universities/陕西省/4161013682/VISUAL.md,,,,,,,,,,,,,,unresearched,,,,0,,0,0,0,0,0,0
4161013683,延安大学西安创新学院,陕西省,https://www.xacxxy.com/,universities/陕西省/4161013683/profile.yaml,universities/陕西省/4161013683/VISUAL.md,https://www.xacxxy.com/images/logo.png,site_identity,png,True,content_inspected,https://www.xacxxy.com/,d9e33db8d59f83be841c0126,,,,,,,unresearched,,,,0,,0,0,0,0,0,0
4161013685,西安电子科技大学长安学院,陕西省,,universities/陕西省/4161013685/profile.yaml,universities/陕西省/4161013685/VISUAL.md,,,,,,,,,,,,,,unresearched,,,,0,,0,0,0,0,0,0
4161013738,西安汽车职业大学,陕西省,https://www.xvua.edu.cn/,universities/陕西省/4161013738/profile.yaml,universities/陕西省/4161013738/VISUAL.md,https://www.xvua.edu.cn/index2026/images/logo.png,site_identity,png,True,content_inspected,https://www.xvua.edu.cn/,562e681f502bc87ce2189aa2,,,,,,,unresearched,,,,0,,0,0,0,0,0,0
4161013819,陕西警察学院,陕西省,,universities/陕西省/4161013819/profile.yaml,universities/陕西省/4161013819/VISUAL.md,,,,,,,,,,,,,,unresearched,,,,0,,0,0,0,0,0,0
4161013894,西安明德理工学院,陕西省,https://www.mdit.edu.cn/,universities/陕西省/4161013894/profile.yaml,universities/陕西省/4161013894/VISUAL.md,https://www.mdit.edu.cn/mdsymb/images/2024logo1.png,site_identity,png,True,content_inspected,https://www.mdit.edu.cn/,0efbbc0fc25d0446ed814abb,,,,,,,unresearched,,,,0,,0,0,0,0,0,0
4161014030,西安信息职业大学,陕西省,http://www.xivuedu.com,universities/陕西省/4161014030/profile.yaml,universities/陕西省/4161014030/VISUAL.md,http://www.xivuedu.com/images/logo.png,site_identity,png,True,content_inspected,http://www.xivuedu.com,f5aa46f421eff26834e53f85,,,,,,,unresearched,,,,0,,0,0,0,0,0,0
4161014034,长安大学兴华学院,陕西省,,universities/陕西省/4161014034/profile.yaml,universities/陕西省/4161014034/VISUAL.md,,,,,,,,,,,,,,unresearched,,,,0,,0,0,0,0,0,0
4161014041,西安理工大学高科学院,陕西省,https://www.xthtc.com/,universities/陕西省/4161014041/profile.yaml,universities/陕西省/4161014041/VISUAL.md,https://www.xthtc.com/Yh/Tpl/gaoke2/static/logo.png,site_identity,png,True,content_inspected,https://www.xthtc.com/,b6c0973f9b5860f5cf455d24,,,,,,,unresearched,,,,0,,0,0,0,0,0,0
4161014042,西安科技大学高新学院,陕西省,,universities/陕西省/4161014042/profile.yaml,universities/陕西省/4161014042/VISUAL.md,,,,,,,,,,,,,,unresearched,,,,0,,0,0,0,0,0,0
4161014390,陕西学前师范学院,陕西省,https://www.snsy.edu.cn/,universities/陕西省/4161014390/profile.yaml,universities/陕西省/4161014390/VISUAL.md,https://www.snsy.edu.cn/images/logo.png,site_identity,png,True,content_inspected,https://www.snsy.edu.cn/,e4be3c4c51fc4bc856915309,,,,,,,unresearched,,,,0,,0,0,0,0,0,0
4161014945,西安戏剧学院,陕西省,https://www.xaad.edu.cn/,universities/陕西省/4161014945/profile.yaml,universities/陕西省/4161014945/VISUAL.md,https://www.xaad.edu.cn/images/dingbulogo.png,site_identity,png,True,content_inspected,https://www.xaad.edu.cn/,3ff9fa5ea0d56fcecd2858ad,,,,,#B50000,manual_derived,found,官网标识取样的PPT建议主色,https://www.xaad.edu.cn/images/dingbulogo.png,官网页眉标识图片：滤去透明、近白和低饱和背景后，对高频RGB色簇取通道中位数；不是VI标准色色卡,0,,0,0,0,0,0,0
4163010743,青海大学,青海省,https://www.qhu.edu.cn/,universities/青海省/4163010743/profile.yaml,universities/青海省/4163010743/VISUAL.md,https://www.qhu.edu.cn/images/logo.png,site_identity,png,True,content_inspected,https://www.qhu.edu.cn/,910b62e6f4639dacec41047c,,,,,#E20213,manual_derived,found,官网标识取样的PPT建议主色,https://www.qhu.edu.cn/images/logo.png,官网页眉标识图片：滤去透明、近白和低饱和背景后，对高频RGB色簇取通道中位数；不是VI标准色色卡,0,,0,0,2,0,0,0
4163010746,青海师范大学,青海省,https://www.qhnu.edu.cn/,universities/青海省/4163010746/profile.yaml,universities/青海省/4163010746/VISUAL.md,https://www.qhnu.edu.cn/images/logo.png,site_identity,png,True,content_inspected,https://www.qhnu.edu.cn/,3d5bc6796c4866e7d346dd3b,,,,,#004077,manual_derived,found,官网标识取样的PPT建议主色,https://www.qhnu.edu.cn/images/logo.png,官网页眉标识图片：滤去透明、近白和低饱和背景后，对高频RGB色簇取通道中位数；不是VI标准色色卡,0,,0,0,0,0,0,0
4163010748,青海民族大学,青海省,,universities/青海省/4163010748/profile.yaml,universities/青海省/4163010748/VISUAL.md,https://raw.githubusercontent.com/xioajiumi/Chinese_Universities/e088fddc329a6f0148ca72fd3b4d0fe069f13e3a/logo.zip,badge,jpeg,False,content_inspected,https://github.com/xioajiumi/Chinese_Universities/blob/e088fddc329a6f0148ca72fd3b4d0fe069f13e3a/logo.zip,181540a6efe522b4,archive_member,https://raw.githubusercontent.com/xioajiumi/Chinese_Universities/e088fddc329a6f0148ca72fd3b4d0fe069f13e3a/logo.zip,img2/青海民族大学.png,53c17d411407a72ee7e3094cbc8e5238fbf8d376e5415e78ff2c5ad2c55bb549,,,unresearched,,,,0,,0,0,0,0,0,0
4163012973,青海职业技术大学,青海省,,universities/青海省/4163012973/profile.yaml,universities/青海省/4163012973/VISUAL.md,,,,,,,,,,,,,,unresearched,,,,0,,0,0,0,0,0,0
4163013674,青海大学昆仑学院,青海省,http://klc.qhu.edu.cn/,universities/青海省/4163013674/profile.yaml,universities/青海省/4163013674/VISUAL.md,http://klc.qhu.edu.cn/images/logo.png,site_identity,png,True,content_inspected,http://klc.qhu.edu.cn/,80ebfb2c1ff5bc31dff7845f,,,,,,,unresearched,,,,0,,0,0,0,0,0,0
4163014881,青海理工学院,青海省,https://www.qhit.edu.cn/,universities/青海省/4163014881/profile.yaml,universities/青海省/4163014881/VISUAL.md,,,,,,,,,,,,,,unresearched,,,,0,,0,0,0,0,0,0
4123010212,黑龙江大学,黑龙江省,https://www.hlju.edu.cn/,universities/黑龙江省/4123010212/profile.yaml,universities/黑龙江省/4123010212/VISUAL.md,https://www.hlju.edu.cn/images/logo.png,site_identity,png,True,content_inspected,https://www.hlju.edu.cn/,9d64086efcf1264dbf9f58eb,,,,,,,unresearched,,,,0,,0,0,1,0,0,0
4123010213,哈尔滨工业大学,黑龙江省,http://www.hit.edu.cn/,universities/黑龙江省/4123010213/profile.yaml,universities/黑龙江省/4123010213/VISUAL.md,http://www.hit.edu.cn/_upload/site/00/ee/238/logo.png,site_identity,png,True,content_inspected,http://www.hit.edu.cn/,6b7e217b91ab54926449455a,,,,,#005375,official_vi,found,哈工大蓝,https://zri.hit.edu.cn/_upload/article/files/98/51/0533957a4593ace7556731065e61/375a362f-fbc3-4fc2-ba9e-2a62ab40d890.pdf,校方域名VI手册PDF第14页，A-4-01标准色；AI逐项查看完整色卡，正常使用以哈工大蓝为主。,0,,0,0,5,0,0,2
4123010214,哈尔滨理工大学,黑龙江省,https://www.hrbust.edu.cn/,universities/黑龙江省/4123010214/profile.yaml,universities/黑龙江省/4123010214/VISUAL.md,https://raw.githubusercontent.com/Magicdover/China-Universities-2026/419bdc7ce6956fc88c2b70b3979f170b6666f111/assets/logos-new/%E5%93%88%E5%B0%94%E6%BB%A8%E7%90%86%E5%B7%A5%E5%A4%A7%E5%AD%A6%20HRBUST.svg,badge,svg,False,content_inspected,https://github.com/Magicdover/China-Universities-2026/blob/419bdc7ce6956fc88c2b70b3979f170b6666f111/assets/logos-new/%E5%93%88%E5%B0%94%E6%BB%A8%E7%90%86%E5%B7%A5%E5%A4%A7%E5%AD%A6%20HRBUST.svg,9368de1016c05812,,,,,#005BAC,official_vi,found,科技蓝,https://syl.hrbust.edu.cn/info/1094/1074.htm,学校章程说明徽志主颜色为科技蓝，蓝色色值 RGB R0 G91 B172，换算为 HEX,0,,0,0,1,0,0,0
4123010217,哈尔滨工程大学,黑龙江省,https://www.hrbeu.edu.cn/,universities/黑龙江省/4123010217/profile.yaml,universities/黑龙江省/4123010217/VISUAL.md,https://www.hrbeu.edu.cn/images/logo.png,site_identity,png,True,content_inspected,https://www.hrbeu.edu.cn/,297ed0eb7de209360d32a8da,,,,,,,unresearched,,,,0,,0,0,2,0,0,0
4123010219,黑龙江科技大学,黑龙江省,https://www.usth.edu.cn/,universities/黑龙江省/4123010219/profile.yaml,universities/黑龙江省/4123010219/VISUAL.md,https://www.usth.edu.cn/images/logo0330.png,site_identity,png,True,content_inspected,https://www.usth.edu.cn/,4a590e048a226e1cae7a4e49,,,,,#00054D,manual_derived,found,官网标识取样的PPT建议主色,https://www.usth.edu.cn/images/d-logo2.png,官网页眉标识图片：滤去透明、近白和低饱和背景后，对高频RGB色簇取通道中位数；不是VI标准色色卡,0,,0,0,0,0,0,0
4123010220,东北石油大学,黑龙江省,https://www.nepu.edu.cn,universities/黑龙江省/4123010220/profile.yaml,universities/黑龙江省/4123010220/VISUAL.md,https://dwxcb.nepu.edu.cn/images/logo.png,site_identity,png,True,content_inspected,https://dwxcb.nepu.edu.cn/info/1040/2084.htm,a214cecce9dfa039552e5570,,,,,,,unresearched,,,,0,,0,0,0,0,0,0
4123010222,佳木斯大学,黑龙江省,https://www.jmsu.edu.cn/,universities/黑龙江省/4123010222/profile.yaml,universities/黑龙江省/4123010222/VISUAL.md,https://www.jmsu.edu.cn/images/logo1.png,site_identity,png,True,content_inspected,https://www.jmsu.edu.cn/,91a8152e4b178e65f362f834,,,,,#006428,manual_derived,found,官网标识取样的PPT建议主色,https://www.jmsu.edu.cn/images/logo1.png,官网页眉标识图片：滤去透明、近白和低饱和背景后，对高频RGB色簇取通道中位数；不是VI标准色色卡,0,,0,0,0,0,0,0
4123010223,黑龙江八一农垦大学,黑龙江省,https://www.byau.edu.cn/,universities/黑龙江省/4123010223/profile.yaml,universities/黑龙江省/4123010223/VISUAL.md,https://www.byau.edu.cn/_upload/tpl/02/16/534/template534/images/logo.png,site_identity,png,True,content_inspected,https://www.byau.edu.cn/,59ae9c332876fdcc5a0552fb,,,,,#007840,manual_derived,found,官网标识取样的PPT建议主色,https://www.byau.edu.cn/_upload/tpl/02/16/534/template534/images/logo.png,官网页眉标识图片：滤去透明、近白和低饱和背景后，对高频RGB色簇取通道中位数；不是VI标准色色卡,0,,0,0,0,0,0,0
4123010224,东北农业大学,黑龙江省,https://www.neau.edu.cn/,universities/黑龙江省/4123010224/profile.yaml,universities/黑龙江省/4123010224/VISUAL.md,https://www.neau.edu.cn/images/logo.png,site_identity,png,True,content_inspected,https://www.neau.edu.cn/,60ad1e871c6011cb892e40c6,,,,,#00772C,manual_derived,found,官网标识取样的PPT建议主色,https://www.neau.edu.cn/images/logo2.png,官网页眉标识图片：滤去透明、近白和低饱和背景后，对高频RGB色簇取通道中位数；不是VI标准色色卡,0,,0,0,1,0,0,0
4123010225,东北林业大学,黑龙江省,https://www.nefu.edu.cn/,universities/黑龙江省/4123010225/profile.yaml,universities/黑龙江省/4123010225/VISUAL.md,https://www.nefu.edu.cn/images/logo.png,site_identity,png,True,content_inspected,https://www.nefu.edu.cn/,d75d87c3d2371d3a35b4e94f,,,,,#006B37,manual_derived,found,官网标识取样的PPT建议主色,https://www.nefu.edu.cn/images/logo.png,官网页眉标识图片：滤去透明、近白和低饱和背景后，对高频RGB色簇取通道中位数；不是VI标准色色卡,0,,0,0,2,0,0,0
4123010226,哈尔滨医科大学,黑龙江省,https://www.hrbmu.edu.cn/,universities/黑龙江省/4123010226/profile.yaml,universities/黑龙江省/4123010226/VISUAL.md,https://www.hrbmu.edu.cn/images/logo1.png,site_identity,png,True,content_inspected,https://www.hrbmu.edu.cn/info/1041/1496.htm,1ad961baf607cf414fce2487,,,,,#005EAD,manual_derived,found,官网标识取样的PPT建议主色,https://www.hrbmu.edu.cn/new/images/logo.png,官网页眉标识图片：滤去透明、近白和低饱和背景后，对高频RGB色簇取通道中位数；不是VI标准色色卡,0,,0,0,1,0,0,0
4123010228,黑龙江中医药大学,黑龙江省,,universities/黑龙江省/4123010228/profile.yaml,universities/黑龙江省/4123010228/VISUAL.md,https://raw.githubusercontent.com/xioajiumi/Chinese_Universities/e088fddc329a6f0148ca72fd3b4d0fe069f13e3a/logo.zip,badge,png,False,content_inspected,https://github.com/xioajiumi/Chinese_Universities/blob/e088fddc329a6f0148ca72fd3b4d0fe069f13e3a/logo.zip,8b700e5cf6b78212,archive_member,https://raw.githubusercontent.com/xioajiumi/Chinese_Universities/e088fddc329a6f0148ca72fd3b4d0fe069f13e3a/logo.zip,img2/黑龙江中医药大学.png,53c17d411407a72ee7e3094cbc8e5238fbf8d376e5415e78ff2c5ad2c55bb549,,,unresearched,,,,0,,0,0,0,0,0,0
4123010229,牡丹江医科大学,黑龙江省,https://www.mdjmu.cn,universities/黑龙江省/4123010229/profile.yaml,universities/黑龙江省/4123010229/VISUAL.md,https://www.mdjmu.cn/images/mdjyk0625.png,site_identity,png,True,content_inspected,https://www.mdjmu.cn,58eb4dde8c46c030f7412bb9,,,,,,,unresearched,,,,0,,0,0,0,0,0,0
4123010231,哈尔滨师范大学,黑龙江省,http://www.hrbnu.edu.cn,universities/黑龙江省/4123010231/profile.yaml,universities/黑龙江省/4123010231/VISUAL.md,http://www.hrbnu.edu.cn/images/logosy.png,site_identity,png,True,content_inspected,http://www.hrbnu.edu.cn,1a7f4a7c457814d05d486652,,,,,#94070A,manual_derived,found,官网标识取样的PPT建议主色,http://www.hrbnu.edu.cn/images/logo-red.png,官网页眉标识图片：滤去透明、近白和低饱和背景后，对高频RGB色簇取通道中位数；不是VI标准色色卡,0,,0,0,1,0,0,0
4123010232,齐齐哈尔大学,黑龙江省,https://www.qqhru.edu.cn,universities/黑龙江省/4123010232/profile.yaml,universities/黑龙江省/4123010232/VISUAL.md,https://www.qqhru.edu.cn/images/logo.png,site_identity,png,True,content_inspected,https://www.qqhru.edu.cn,8f9de82537bd3effd032328f,,,,,#004E78,manual_derived,found,官网标识取样的PPT建议主色,https://www.qqhru.edu.cn/images/logo.png,官网页眉标识图片：滤去透明、近白和低饱和背景后，对高频RGB色簇取通道中位数；不是VI标准色色卡,0,,0,0,0,0,0,0
4123010233,牡丹江师范学院,黑龙江省,https://www.mdjnu.cn,universities/黑龙江省/4123010233/profile.yaml,universities/黑龙江省/4123010233/VISUAL.md,http://www.mdjnu.cn/images/logo.png,site_identity,png,True,content_inspected,http://www.mdjnu.cn,f90f5e3f0c89c1de1decc936,,,,,,,unresearched,,,,0,,0,0,0,0,0,0
4123010234,哈尔滨学院,黑龙江省,,universities/黑龙江省/4123010234/profile.yaml,universities/黑龙江省/4123010234/VISUAL.md,https://raw.githubusercontent.com/xioajiumi/Chinese_Universities/e088fddc329a6f0148ca72fd3b4d0fe069f13e3a/logo.zip,badge,png,False,content_inspected,https://github.com/xioajiumi/Chinese_Universities/blob/e088fddc329a6f0148ca72fd3b4d0fe069f13e3a/logo.zip,c550d2773d232051,archive_member,https://raw.githubusercontent.com/xioajiumi/Chinese_Universities/e088fddc329a6f0148ca72fd3b4d0fe069f13e3a/logo.zip,img2/哈尔滨学院.png,53c17d411407a72ee7e3094cbc8e5238fbf8d376e5415e78ff2c5ad2c55bb549,,,unresearched,,,,0,,0,0,0,0,0,0
4123010235,大庆师范学院,黑龙江省,https://www.dqnu.edu.cn/,universities/黑龙江省/4123010235/profile.yaml,universities/黑龙江省/4123010235/VISUAL.md,https://raw.githubusercontent.com/xioajiumi/Chinese_Universities/e088fddc329a6f0148ca72fd3b4d0fe069f13e3a/logo.zip,badge,jpeg,False,content_inspected,https://github.com/xioajiumi/Chinese_Universities/blob/e088fddc329a6f0148ca72fd3b4d0fe069f13e3a/logo.zip,2641f6103b00083c,archive_member,https://raw.githubusercontent.com/xioajiumi/Chinese_Universities/e088fddc329a6f0148ca72fd3b4d0fe069f13e3a/logo.zip,img2/大庆师范学院.png,53c17d411407a72ee7e3094cbc8e5238fbf8d376e5415e78ff2c5ad2c55bb549,,,unresearched,,,,0,,0,0,0,0,0,0
4123010236,绥化学院,黑龙江省,https://www.shxy.edu.cn/,universities/黑龙江省/4123010236/profile.yaml,universities/黑龙江省/4123010236/VISUAL.md,https://www.shxy.edu.cn/images/logo.png,site_identity,png,True,content_inspected,https://www.shxy.edu.cn/,f87a405c819c356af19c2814,,,,,,,unresearched,,,,0,,0,0,0,0,0,0
4123010240,哈尔滨商业大学,黑龙江省,https://www.hrbcu.edu.cn/,universities/黑龙江省/4123010240/profile.yaml,universities/黑龙江省/4123010240/VISUAL.md,https://www.hrbcu.edu.cn/images/logo.png,site_identity,png,True,content_inspected,https://www.hrbcu.edu.cn/,5adc49094e24d1227f2ef600,,,,,,,unresearched,,,,0,,0,0,0,0,0,0
4123010242,哈尔滨体育学院,黑龙江省,https://www.hrbipe.edu.cn/,universities/黑龙江省/4123010242/profile.yaml,universities/黑龙江省/4123010242/VISUAL.md,https://www.hrbipe.edu.cn/images/logo-1.png,site_identity,png,True,content_inspected,https://www.hrbipe.edu.cn/,83ae388cd4e22bd66765a884,,,,,#AE131A,manual_derived,found,官网标识取样的PPT建议主色,https://www.hrbipe.edu.cn/images/logo-1.png,官网页眉标识图片：滤去透明、近白和低饱和背景后，对高频RGB色簇取通道中位数；不是VI标准色色卡,0,,0,0,0,0,0,0
4123010245,哈尔滨金融学院,黑龙江省,https://www.hrbfu.edu.cn/index.htm,universities/黑龙江省/4123010245/profile.yaml,universities/黑龙江省/4123010245/VISUAL.md,https://www.hrbfu.edu.cn/img/logo.png,site_identity,png,True,content_inspected,https://www.hrbfu.edu.cn/index.htm,32dfd139e6d50a09f7c5d561,,,,,,,unresearched,,,,0,,0,0,0,0,0,0
4123011230,齐齐哈尔医学院,黑龙江省,https://www.qmu.edu.cn/,universities/黑龙江省/4123011230/profile.yaml,universities/黑龙江省/4123011230/VISUAL.md,https://www.qmu.edu.cn/_upload/tpl/06/72/1650/template1650/images/clogo.svg,site_identity,svg,True,content_inspected,https://www.qmu.edu.cn/xxbz_7164/list.htm,6034e1019a90d658666b08eb,,,,,#08578A,manual_derived,found,官网标识取样的PPT建议主色,https://www.qmu.edu.cn/_upload/tpl/06/72/1650/template1650/images/logo2.png,官网页眉标识图片：滤去透明、近白和低饱和背景后，对高频RGB色簇取通道中位数；不是VI标准色色卡,0,,0,0,0,0,0,0
4123011445,黑龙江工业学院,黑龙江省,,universities/黑龙江省/4123011445/profile.yaml,universities/黑龙江省/4123011445/VISUAL.md,https://raw.githubusercontent.com/xioajiumi/Chinese_Universities/e088fddc329a6f0148ca72fd3b4d0fe069f13e3a/logo.zip,badge,jpeg,False,content_inspected,https://github.com/xioajiumi/Chinese_Universities/blob/e088fddc329a6f0148ca72fd3b4d0fe069f13e3a/logo.zip,137e5fef68604e3d,archive_member,https://raw.githubusercontent.com/xioajiumi/Chinese_Universities/e088fddc329a6f0148ca72fd3b4d0fe069f13e3a/logo.zip,img2/黑龙江工业学院.png,53c17d411407a72ee7e3094cbc8e5238fbf8d376e5415e78ff2c5ad2c55bb549,,,unresearched,,,,0,,0,0,0,0,0,0
4123011446,黑龙江东方学院,黑龙江省,,universities/黑龙江省/4123011446/profile.yaml,universities/黑龙江省/4123011446/VISUAL.md,,,,,,,,,,,,,,unresearched,,,,0,,0,0,0,0,0,0
4123011635,哈尔滨信息工程学院,黑龙江省,https://www.hxci.com.cn/,universities/黑龙江省/4123011635/profile.yaml,universities/黑龙江省/4123011635/VISUAL.md,https://www.hxci.com.cn/statics/images/temp/schoollogo.png,site_identity,png,True,content_inspected,https://www.hxci.com.cn/,7d584278b8b356113278f563,,,,,,,unresearched,,,,0,,0,0,0,0,0,0
4123011802,黑龙江工程学院,黑龙江省,https://www.hljit.edu.cn/,universities/黑龙江省/4123011802/profile.yaml,universities/黑龙江省/4123011802/VISUAL.md,https://www.hljit.edu.cn/images/logo.png,site_identity,png,True,content_inspected,https://www.hljit.edu.cn/,95d201776bfd2015fed8d538,,,,,#003894,manual_derived,found,官网标识取样的PPT建议主色,https://www.hljit.edu.cn/images/fixed-logo.png,官网页眉标识图片：滤去透明、近白和低饱和背景后，对高频RGB色簇取通道中位数；不是VI标准色色卡,0,,0,0,0,0,0,0
4123012053,哈尔滨建筑科技职业大学,黑龙江省,https://www.hict.org.cn/,universities/黑龙江省/4123012053/profile.yaml,universities/黑龙江省/4123012053/VISUAL.md,https://www.hict.org.cn/images/index4/xiaobiao.png,site_identity,png,True,content_inspected,https://www.hict.org.cn/,1fef113c0d07cfe2ff68dcd0,,,,,,,unresearched,,,,0,,0,0,0,0,0,0
4123012726,黑龙江农业工程职业技术大学,黑龙江省,,universities/黑龙江省/4123012726/profile.yaml,universities/黑龙江省/4123012726/VISUAL.md,,,,,,,,,,,,,,unresearched,,,,0,,0,0,0,0,0,0
4123012729,齐齐哈尔工程学院,黑龙江省,https://www.qqhrit.com/,universities/黑龙江省/4123012729/profile.yaml,universities/黑龙江省/4123012729/VISUAL.md,https://www.qqhrit.com/images/logo.png,site_identity,png,True,content_inspected,https://www.qqhrit.com/xxgk/xxbs.htm,bc7a753f98868fdd0a7c45ab,,,,,,,unresearched,,,,0,,0,0,0,0,0,0
4123012911,哈尔滨职业技术大学,黑龙江省,https://www.hrbzy.edu.cn/,universities/黑龙江省/4123012911/profile.yaml,universities/黑龙江省/4123012911/VISUAL.md,https://www.hrbzy.edu.cn/_upload/tpl/02/d5/725/template725/images/logo.svg,site_identity,svg,True,content_inspected,https://www.hrbzy.edu.cn/,4a65780125f88348f42546d5,,,,,,,unresearched,,,,0,,0,0,0,0,0,0
4123013296,黑龙江外国语学院,黑龙江省,,universities/黑龙江省/4123013296/profile.yaml,universities/黑龙江省/4123013296/VISUAL.md,,,,,,,,,,,,,,unresearched,,,,0,,0,0,0,0,0,0
4123013298,黑龙江财经学院,黑龙江省,https://www.hfu.edu.cn/,universities/黑龙江省/4123013298/profile.yaml,universities/黑龙江省/4123013298/VISUAL.md,https://www.hfu.edu.cn/_upload/site/00/04/4/logo.png,site_identity,png,True,content_inspected,https://www.hfu.edu.cn/,859ebecf80c1207c11e09cb6,,,,,,,unresearched,,,,0,,0,0,0,0,0,0
4123013299,哈尔滨石油学院,黑龙江省,https://www.hip.edu.cn/,universities/黑龙江省/4123013299/profile.yaml,universities/黑龙江省/4123013299/VISUAL.md,https://www.hip.edu.cn/2025new/images/logo.png,site_identity,png,True,content_inspected,https://www.hip.edu.cn/,cf7eb9ec1fed0e946f956bcf,,,,,,,unresearched,,,,0,,0,0,0,0,0,0
4123013300,黑龙江工商学院,黑龙江省,https://www.hibu.edu.cn,universities/黑龙江省/4123013300/profile.yaml,universities/黑龙江省/4123013300/VISUAL.md,https://www.hibu.edu.cn/images/logo519.png,site_identity,png,True,content_inspected,https://www.hibu.edu.cn,5d68907929737474c8932d2d,,,,,,,unresearched,,,,0,,0,0,0,0,0,0
4123013301,哈尔滨远东理工学院,黑龙江省,https://www.hfeit.edu.cn,universities/黑龙江省/4123013301/profile.yaml,universities/黑龙江省/4123013301/VISUAL.md,https://www.hfeit.edu.cn/templets/feweb/images/logo.png,site_identity,png,True,content_inspected,https://www.hfeit.edu.cn,3999d1162bfcd7a14a5809d4,,,,,,,unresearched,,,,0,,0,0,0,0,0,0
4123013303,哈尔滨剑桥学院,黑龙江省,,universities/黑龙江省/4123013303/profile.yaml,universities/黑龙江省/4123013303/VISUAL.md,,,,,,,,,,,,,,unresearched,,,,0,,0,0,0,0,0,0
4123013304,黑龙江工程学院昆仑旅游学院,黑龙江省,,universities/黑龙江省/4123013304/profile.yaml,universities/黑龙江省/4123013304/VISUAL.md,,,,,,,,,,,,,,unresearched,,,,0,,0,0,0,0,0,0
4123013306,哈尔滨广厦学院,黑龙江省,https://www.gsxy.cn/,universities/黑龙江省/4123013306/profile.yaml,universities/黑龙江省/4123013306/VISUAL.md,https://www.gsxy.cn/lib/template/scheme/images/gs_xy_logo.png,site_identity,png,True,content_inspected,https://www.gsxy.cn/,56c584b6e46178ce94b03dfd,,,,,,,unresearched,,,,0,,0,0,0,0,0,0
4123013307,哈尔滨华德学院,黑龙江省,https://www.hhdu.edu.cn,universities/黑龙江省/4123013307/profile.yaml,universities/黑龙江省/4123013307/VISUAL.md,https://www.hhdu.edu.cn/images/logo_b1110.png,site_identity,png,True,content_inspected,https://www.hhdu.edu.cn,d1183d9cab0622ce2f6b735f,,,,,,,unresearched,,,,0,https://www.hhdu.edu.cn/xxgk/bsxt.htm,2,0,0,0,0,0
4123013744,黑河学院,黑龙江省,https://www.hhxy.edu.cn/index.htm,universities/黑龙江省/4123013744/profile.yaml,universities/黑龙江省/4123013744/VISUAL.md,https://www.hhxy.edu.cn/images/logo.png,site_identity,png,True,content_inspected,https://www.hhxy.edu.cn/index.htm,cd83976478465af352a266a2,,,,,#2E53A4,manual_derived,found,官网标识取样的PPT建议主色,https://www.hhxy.edu.cn/images/logo.png,官网页眉标识图片：滤去透明、近白和低饱和背景后，对高频RGB色簇取通道中位数；不是VI标准色色卡,0,,0,0,0,0,0,0
4123014560,哈尔滨音乐学院,黑龙江省,https://www.hrbcm.edu.cn/,universities/黑龙江省/4123014560/profile.yaml,universities/黑龙江省/4123014560/VISUAL.md,,,,,,,,,,,,,,unresearched,,,,0,,0,0,0,0,0,0
