school_code,name_zh,province,category,title,url,publisher,official,use_scope,formats,edition_year,access_requirement,download_status,content_read,source,source_sha256,repository,commit,license,usage_note,file_format,file_sha256,file_byte_size,slide_count,aspect_ratio,font_names,editable_text_runs,file_inspection_status
4131010246,复旦大学,上海市,community_logo_reference,社区高校校徽字体索引,https://github.com/lovefc/china_school_badge,lovefc,False,community,未知,,社区项目；格式、工具及素材权利见上游说明,indexed_not_fetched,,https://github.com/lovefc/china_school_badge/blob/04f59e07f4b809acc60493324af5ca4aa610153d/css/fcicon.css,,,04f59e07f4b809acc60493324af5ca4aa610153d,Apache-2.0,CSS中文校名与本校全称匹配。社区校徽字体索引，LICENSE为Apache-2.0，但README另有保留作者及禁止倒卖说明。只收链接，未镜像字体或校徽；使用前核对上游条款及校徽权利。,,,,,,,,
4131010246,复旦大学,上海市,community_history_reference,中国高校校史社区资料与可视化,https://github.com/jtchen2k/hcu,jtchen2k,False,community,未知,,社区项目；格式、工具及素材权利见上游说明,indexed_not_fetched,,https://github.com/jtchen2k/hcu/blob/8aeab521eb07d38a273318b8123caabf332e66e4/src/data/uni_info.json,,,8aeab521eb07d38a273318b8123caabf332e66e4,GPL-3.0,2022版社区校史项目；可作前身与沿革的检索起点，不等同现行官方口径。英文缩写不当作英文全名，占位描述不导入。只保存版本及入口，年份需结合校方历史起点解读。,,,,,,,,
4131010246,复旦大学,上海市,community_logo_source,复旦大学社区TikZ矢量标识源码,https://github.com/yuxtech/cnlogo/blob/daca8906123ca61186218ddda7369f95cc65a664/cnlogo/fdu.tex,yuxtech/cnlogo,False,community,TeX/TikZ,,社区项目；格式、工具及素材权利见上游说明,source_text_read,True,https://github.com/yuxtech/cnlogo/blob/daca8906123ca61186218ddda7369f95cc65a664/README.md,2792ac8a955c210427c3045da84d96f4acb82d83f5529a6a20a36064447a390a,yuxtech/cnlogo,daca8906123ca61186218ddda7369f95cc65a664,源代码声明AGPL-3.0；LICENSE将Logos/graphics排除在该许可之外,README与文件首行中文学校名均精确匹配教育部名称。源码为社区转换，需用户自行使用LaTeX/TikZ导出后用于PPT；本库没有编译或保证图形现行版本。代码许可不等于校徽图形许可；只保存固定版本源码入口、格式和内容哈希，不再分发代码或校徽。,,,,,,,,
4131010247,同济大学,上海市,community_logo_reference,社区高校校徽字体索引,https://github.com/lovefc/china_school_badge,lovefc,False,community,未知,,社区项目；格式、工具及素材权利见上游说明,indexed_not_fetched,,https://github.com/lovefc/china_school_badge/blob/04f59e07f4b809acc60493324af5ca4aa610153d/css/fcicon.css,,,04f59e07f4b809acc60493324af5ca4aa610153d,Apache-2.0,CSS中文校名与本校全称匹配。社区校徽字体索引，LICENSE为Apache-2.0，但README另有保留作者及禁止倒卖说明。只收链接，未镜像字体或校徽；使用前核对上游条款及校徽权利。,,,,,,,,
4131010247,同济大学,上海市,community_history_reference,中国高校校史社区资料与可视化,https://github.com/jtchen2k/hcu,jtchen2k,False,community,未知,,社区项目；格式、工具及素材权利见上游说明,indexed_not_fetched,,https://github.com/jtchen2k/hcu/blob/8aeab521eb07d38a273318b8123caabf332e66e4/src/data/uni_info.json,,,8aeab521eb07d38a273318b8123caabf332e66e4,GPL-3.0,2022版社区校史项目；可作前身与沿革的检索起点，不等同现行官方口径。英文缩写不当作英文全名，占位描述不导入。只保存版本及入口，年份需结合校方历史起点解读。,,,,,,,,
4131010247,同济大学,上海市,community_logo_source,同济大学社区TikZ矢量标识源码,https://github.com/yuxtech/cnlogo/blob/daca8906123ca61186218ddda7369f95cc65a664/cnlogo/tju.tex,yuxtech/cnlogo,False,community,TeX/TikZ,,社区项目；格式、工具及素材权利见上游说明,source_text_read,True,https://github.com/yuxtech/cnlogo/blob/daca8906123ca61186218ddda7369f95cc65a664/README.md,aeb374293e00c8d6b69b6c217ac7e777f59aa2c6df73707a3006f751f497fa41,yuxtech/cnlogo,daca8906123ca61186218ddda7369f95cc65a664,源代码声明AGPL-3.0；LICENSE将Logos/graphics排除在该许可之外,README与文件首行中文学校名均精确匹配教育部名称。源码为社区转换，需用户自行使用LaTeX/TikZ导出后用于PPT；本库没有编译或保证图形现行版本。代码许可不等于校徽图形许可；只保存固定版本源码入口、格式和内容哈希，不再分发代码或校徽。,,,,,,,,
4131010248,上海交通大学,上海市,official_visual_resource,上海交通大学视觉形象识别系统使用手册.pptx,https://vi.sjtu.edu.cn/index.php/downloads/attachments/139,上海交通大学,True,unspecified,PPTX,,公开校方页面；附件链接仅按页面索引，下载状态与文件内容未经本轮核验,indexed_not_fetched,,https://vi.sjtu.edu.cn/index.php/articles/bulletin/16,ec7282017b97a82dfaf1daf36c6fed2e60f28ee899f9c5438013f21b60c42d4b,,,,第三方目录只用于发现网址；已读取校方页并核对完整学校身份及标识/模板标题。图形与模板使用须遵守校方规范；库内仅保留入口和元数据。,,,,,,,,
4131010248,上海交通大学,上海市,community_logo_reference,上海交通大学社区校徽与横幅参考,https://github.com/weijianwen/SJTU-logo-banner,weijianwen,False,community,未知,,社区项目；格式、工具及素材权利见上游说明,indexed_not_fetched,,https://github.com/weijianwen/SJTU-logo-banner/blob/e3e3378806ae5b6af33cfa4cb0db542efddae798/README.mkd,,,e3e3378806ae5b6af33cfa4cb0db542efddae798,,非学校官方发布。仓库只收社区入口和提取依据；未声明许可时不镜像或再分发上游文件。,,,,,,,,
4131010248,上海交通大学,上海市,community_template,上海交通大学社区Beamer主题,https://github.com/sjtug/SJTUBeamer,sjtug,False,community,LaTeX/Beamer,,社区项目；格式、工具及素材权利见上游说明,indexed_not_fetched,,https://github.com/sjtug/SJTUBeamer/blob/72a76138446137c1090070ba0cf66cbe56b3bd80/README.md,,,72a76138446137c1090070ba0cf66cbe56b3bd80,Apache-2.0,社区LaTeX/Beamer主题，需相应编译环境；不等同PPTX或校方发布。仅记录入口，不镜像字体、校徽或主题源码。使用前查阅上游许可。,,,,,,,,
4131010248,上海交通大学,上海市,community_logo_reference,社区高校校徽字体索引,https://github.com/lovefc/china_school_badge,lovefc,False,community,未知,,社区项目；格式、工具及素材权利见上游说明,indexed_not_fetched,,https://github.com/lovefc/china_school_badge/blob/04f59e07f4b809acc60493324af5ca4aa610153d/css/fcicon.css,,,04f59e07f4b809acc60493324af5ca4aa610153d,Apache-2.0,CSS中文校名与本校全称匹配。社区校徽字体索引，LICENSE为Apache-2.0，但README另有保留作者及禁止倒卖说明。只收链接，未镜像字体或校徽；使用前核对上游条款及校徽权利。,,,,,,,,
4131010248,上海交通大学,上海市,community_history_reference,中国高校校史社区资料与可视化,https://github.com/jtchen2k/hcu,jtchen2k,False,community,未知,,社区项目；格式、工具及素材权利见上游说明,indexed_not_fetched,,https://github.com/jtchen2k/hcu/blob/8aeab521eb07d38a273318b8123caabf332e66e4/src/data/uni_info.json,,,8aeab521eb07d38a273318b8123caabf332e66e4,GPL-3.0,2022版社区校史项目；可作前身与沿革的检索起点，不等同现行官方口径。英文缩写不当作英文全名，占位描述不导入。只保存版本及入口，年份需结合校方历史起点解读。,,,,,,,,
4131010248,上海交通大学,上海市,community_logo_source,上海交通大学社区TikZ矢量标识源码,https://github.com/yuxtech/cnlogo/blob/daca8906123ca61186218ddda7369f95cc65a664/cnlogo/stju.tex,yuxtech/cnlogo,False,community,TeX/TikZ,,社区项目；格式、工具及素材权利见上游说明,source_text_read,True,https://github.com/yuxtech/cnlogo/blob/daca8906123ca61186218ddda7369f95cc65a664/README.md,cb90a911b3f77d70f4af73bbeb624b8d03d5a8ebb02a90cd0e55bf04080cf628,yuxtech/cnlogo,daca8906123ca61186218ddda7369f95cc65a664,源代码声明AGPL-3.0；LICENSE将Logos/graphics排除在该许可之外,README与文件首行中文学校名均精确匹配教育部名称。源码为社区转换，需用户自行使用LaTeX/TikZ导出后用于PPT；本库没有编译或保证图形现行版本。代码许可不等于校徽图形许可；只保存固定版本源码入口、格式和内容哈希，不再分发代码或校徽。,,,,,,,,
4131010251,华东理工大学,上海市,community_logo_reference,社区高校校徽字体索引,https://github.com/lovefc/china_school_badge,lovefc,False,community,未知,,社区项目；格式、工具及素材权利见上游说明,indexed_not_fetched,,https://github.com/lovefc/china_school_badge/blob/04f59e07f4b809acc60493324af5ca4aa610153d/css/fcicon.css,,,04f59e07f4b809acc60493324af5ca4aa610153d,Apache-2.0,CSS中文校名与本校全称匹配。社区校徽字体索引，LICENSE为Apache-2.0，但README另有保留作者及禁止倒卖说明。只收链接，未镜像字体或校徽；使用前核对上游条款及校徽权利。,,,,,,,,
4131010251,华东理工大学,上海市,community_history_reference,中国高校校史社区资料与可视化,https://github.com/jtchen2k/hcu,jtchen2k,False,community,未知,,社区项目；格式、工具及素材权利见上游说明,indexed_not_fetched,,https://github.com/jtchen2k/hcu/blob/8aeab521eb07d38a273318b8123caabf332e66e4/src/data/uni_info.json,,,8aeab521eb07d38a273318b8123caabf332e66e4,GPL-3.0,2022版社区校史项目；可作前身与沿革的检索起点，不等同现行官方口径。英文缩写不当作英文全名，占位描述不导入。只保存版本及入口，年份需结合校方历史起点解读。,,,,,,,,
4131010252,上海理工大学,上海市,community_logo_reference,社区高校校徽字体索引,https://github.com/lovefc/china_school_badge,lovefc,False,community,未知,,社区项目；格式、工具及素材权利见上游说明,indexed_not_fetched,,https://github.com/lovefc/china_school_badge/blob/04f59e07f4b809acc60493324af5ca4aa610153d/css/fcicon.css,,,04f59e07f4b809acc60493324af5ca4aa610153d,Apache-2.0,CSS中文校名与本校全称匹配。社区校徽字体索引，LICENSE为Apache-2.0，但README另有保留作者及禁止倒卖说明。只收链接，未镜像字体或校徽；使用前核对上游条款及校徽权利。,,,,,,,,
4131010254,上海海事大学,上海市,official_template,上海海事大学官方PPT入口,https://scm.shmtu.edu.cn/photo/xhjVI/list.htm,上海海事大学经济管理学院域名下的校史图库,True,unspecified,HTML/未知,,图库页脚说明数据仅供学习交流，转载图片须注明来源；此表述不能替代PPT文件的商业使用授权。列表同时包含学校通用模板和经管学院专用模板，选用时需区分。,indexed_not_fetched,,https://scm.shmtu.edu.cn/photo/xhjVI/list.htm,,,,,,,,,,,,,
4131010255,东华大学,上海市,official_template,东华大学 PPT模板发布/下载页,https://www.dhu.edu.cn/_s3/bsxt/list.psp,东华大学,True,school,HTML,,校方公开HTML页已读取；页面内附件或外部下载目标另行索引,page_read,True,https://www.dhu.edu.cn/_s3/bsxt/list.psp,2dfc7fc4cb96ab666a4c243ce5754b838ec13b0b5f8c38fa9a93ce719a2b2a4f,,,,发布范围：学校通用；按发布页说明使用。,,,,,,,,
4131010255,东华大学,上海市,official_template,点击下载PPT模版（2018版）,https://www.dhu.edu.cn/_upload/article/files/34/ab/65a7836c4423902b941c00ac93ce/1048fceb-36f7-49ce-ac07-8058a12202a4.pptx,东华大学,True,school,PPTX,2018,公开文件在本次采集时已读取；未渲染或运行，后续可用性及使用条件以原发布页为准,content_inspected,True,https://www.dhu.edu.cn/_s3/bsxt/list.psp,2dfc7fc4cb96ab666a4c243ce5754b838ec13b0b5f8c38fa9a93ce719a2b2a4f,,,,发布范围：学校通用。已读取公开文件数据；未运行或渲染，字体与图形的独立授权以原发布页为准。,PPTX,f4b7d20e2b1c1e34b7d91eeb00e7a9f6e7d970bbccf750fbff112d7b0a33e284,19193731,19,16:9,Angsana New;Arial;Calibri;Cordia New;DaunPenh;DokChampa;Estrangelo Edessa;Euphemia;Gautami;Iskoola Pota;Kalinga;Kartika;Latha;MV Boli;Mangal;Microsoft Himalaya;Microsoft Uighur;Microsoft YaHei;Microsoft Yi Baiti;Mongolian Baiti;MoolBoran;Nyala;Plantagenet Cherokee;Raavi;Shruti;Times New Roman;Tunga;Vrinda;宋体;思源黑体 CN Heavy;思源黑体 CN Medium;思源黑体 CN Normal;新細明體;맑은 고딕;ＭＳ Ｐゴシック,232,content_inspected
4131010255,东华大学,上海市,official_template,点击下载PPT模板（2020版）,https://www.dhu.edu.cn/_upload/article/files/d2/8c/2137ec0c44238fd6fbd3ee28ff07/9f9b566a-67f1-4717-991f-477ee5b43acb.zip,东华大学,True,school,ZIP,2020,公开文件在本次采集时已读取；未渲染或运行，后续可用性及使用条件以原发布页为准,content_inspected,True,https://www.dhu.edu.cn/_s3/bsxt/list.psp,2dfc7fc4cb96ab666a4c243ce5754b838ec13b0b5f8c38fa9a93ce719a2b2a4f,,,,发布范围：学校通用。已读取公开文件数据；未运行或渲染，字体与图形的独立授权以原发布页为准。,ZIP,d5da72f083ea409a7443e04774220c9e801df5b1cffc09ec273c716b79709c3d,7957028,,,,,content_inspected
4131010255,东华大学,上海市,official_template,点击下载PPT模板（2022版）,https://www.dhu.edu.cn/_upload/article/files/34/ab/65a7836c4423902b941c00ac93ce/5609a33b-aae0-4dfc-9526-3f8d81b9ea4f.pptx,东华大学,True,school,PPTX,2022,公开文件在本次采集时已读取；未渲染或运行，后续可用性及使用条件以原发布页为准,content_inspected,True,https://www.dhu.edu.cn/_s3/bsxt/list.psp,2dfc7fc4cb96ab666a4c243ce5754b838ec13b0b5f8c38fa9a93ce719a2b2a4f,,,,发布范围：学校通用。已读取公开文件数据；未运行或渲染，字体与图形的独立授权以原发布页为准。,PPTX,7f6aa5a11f3b8464c140674505b079150efbba00998d4c47416443b92d5d4eb9,18691968,10,16:9,Angsana New;Arial;Calibri;Calibri Light;Cordia New;DaunPenh;DokChampa;Estrangelo Edessa;Euphemia;Gautami;Iskoola Pota;Kalinga;Kartika;Latha;MV Boli;Mangal;Microsoft Himalaya;Microsoft Uighur;Microsoft Yi Baiti;Mongolian Baiti;MoolBoran;Nyala;Plantagenet Cherokee;Raavi;Shruti;Sylfaen;Times New Roman;Tunga;Vrinda;字魂105号-简雅黑;宋体;微软雅黑;新細明體;游ゴシック;游ゴシック Light;等线;等线 Light;맑은 고딕;ＭＳ Ｐゴシック,116,content_inspected
4131010255,东华大学,上海市,official_template,点击下载PPT模板（2024版）,https://www.dhu.edu.cn/_upload/article/files/34/ab/65a7836c4423902b941c00ac93ce/b8017b31-f4b6-49de-a993-8d9c2be9d72a.pptx,东华大学,True,school,PPTX,2024,公开文件在本次采集时已读取；未渲染或运行，后续可用性及使用条件以原发布页为准,content_inspected,True,https://www.dhu.edu.cn/_s3/bsxt/list.psp,2dfc7fc4cb96ab666a4c243ce5754b838ec13b0b5f8c38fa9a93ce719a2b2a4f,,,,发布范围：学校通用。已读取公开文件数据；未运行或渲染，字体与图形的独立授权以原发布页为准。,PPTX,acf4f605f97ddc2c863f1940bd2aadd498614e650170ef652472e299a3854804,13052518,20,16:9,Angsana New;Arial;Calibri;Calibri Light;Cordia New;DaunPenh;DokChampa;Estrangelo Edessa;Euphemia;Gautami;Gill Sans;Iskoola Pota;Kalinga;Kartika;Latha;MV Boli;Mangal;Microsoft Himalaya;Microsoft Uighur;Microsoft Yi Baiti;Mongolian Baiti;MoolBoran;Nyala;Plantagenet Cherokee;Raavi;Segoe UI;Segoe UI Light;Shruti;Sylfaen;Times New Roman;Tunga;Vrinda;宋体;微软雅黑;微软雅黑 Light;思源宋体 Heavy;思源黑体 CN Bold;思源黑体 CN Heavy;思源黑体 CN Medium;思源黑体 CN Normal;新細明體;等线;阿里巴巴普惠体 M;阿里巴巴普惠体 Medium;맑은 고딕;ＭＳ Ｐゴシック,222,content_inspected
4131010255,东华大学,上海市,official_template,点击下载PPT模板（2026版）,https://www.dhu.edu.cn/_upload/article/files/34/ab/65a7836c4423902b941c00ac93ce/f96d3b03-5f28-405e-bd9f-0c596cb0c54b.pptx,东华大学,True,school,PPTX,2026,公开文件在本次采集时已读取；未渲染或运行，后续可用性及使用条件以原发布页为准,content_inspected,True,https://www.dhu.edu.cn/_s3/bsxt/list.psp,2dfc7fc4cb96ab666a4c243ce5754b838ec13b0b5f8c38fa9a93ce719a2b2a4f,,,,发布范围：学校通用。已读取公开文件数据；未运行或渲染，字体与图形的独立授权以原发布页为准。,PPTX,705df223f72938e92a7ac8a950696961da0949563ee9f96ab7a9960c0ff5432d,8718013,17,16:9,Angsana New;Arial;Cordia New;DaunPenh;Didot;DokChampa;Estrangelo Edessa;Euphemia;Gautami;Iskoola Pota;Kalinga;Kartika;Latha;MV Boli;Mangal;Microsoft Himalaya;Microsoft Uighur;Microsoft Yi Baiti;Mongolian Baiti;MoolBoran;Nyala;Plantagenet Cherokee;Raavi;Shruti;Sylfaen;Times New Roman;Tunga;Vrinda;微软雅黑;微软雅黑 Light;思源宋体 CN Heavy;思源宋体 CN SemiBold;思源宋体 Heavy;思源黑体 CN ExtraLight;新細明體;游ゴシック;游ゴシック Light;等线;等线 Light;맑은 고딕,265,content_inspected
4131010255,东华大学,上海市,official_template,东华大学官方PPT入口,https://www.dhu.edu.cn/_s3/xxbs/list.psp,东华大学,True,unspecified,HTML/未知,,访问条件以原发布页为准,indexed_not_fetched,,https://www.dhu.edu.cn/_s3/xxbs/list.psp,,,,,,,,,,,,,
4131010255,东华大学,上海市,community_logo_reference,社区高校校徽字体索引,https://github.com/lovefc/china_school_badge,lovefc,False,community,未知,,社区项目；格式、工具及素材权利见上游说明,indexed_not_fetched,,https://github.com/lovefc/china_school_badge/blob/04f59e07f4b809acc60493324af5ca4aa610153d/css/fcicon.css,,,04f59e07f4b809acc60493324af5ca4aa610153d,Apache-2.0,CSS中文校名与本校全称匹配。社区校徽字体索引，LICENSE为Apache-2.0，但README另有保留作者及禁止倒卖说明。只收链接，未镜像字体或校徽；使用前核对上游条款及校徽权利。,,,,,,,,
4131010255,东华大学,上海市,community_history_reference,中国高校校史社区资料与可视化,https://github.com/jtchen2k/hcu,jtchen2k,False,community,未知,,社区项目；格式、工具及素材权利见上游说明,indexed_not_fetched,,https://github.com/jtchen2k/hcu/blob/8aeab521eb07d38a273318b8123caabf332e66e4/src/data/uni_info.json,,,8aeab521eb07d38a273318b8123caabf332e66e4,GPL-3.0,2022版社区校史项目；可作前身与沿革的检索起点，不等同现行官方口径。英文缩写不当作英文全名，占位描述不导入。只保存版本及入口，年份需结合校方历史起点解读。,,,,,,,,
4131010264,上海海洋大学,上海市,community_logo_reference,社区高校校徽字体索引,https://github.com/lovefc/china_school_badge,lovefc,False,community,未知,,社区项目；格式、工具及素材权利见上游说明,indexed_not_fetched,,https://github.com/lovefc/china_school_badge/blob/04f59e07f4b809acc60493324af5ca4aa610153d/css/fcicon.css,,,04f59e07f4b809acc60493324af5ca4aa610153d,Apache-2.0,CSS中文校名与本校全称匹配。社区校徽字体索引，LICENSE为Apache-2.0，但README另有保留作者及禁止倒卖说明。只收链接，未镜像字体或校徽；使用前核对上游条款及校徽权利。,,,,,,,,
4131010264,上海海洋大学,上海市,community_history_reference,中国高校校史社区资料与可视化,https://github.com/jtchen2k/hcu,jtchen2k,False,community,未知,,社区项目；格式、工具及素材权利见上游说明,indexed_not_fetched,,https://github.com/jtchen2k/hcu/blob/8aeab521eb07d38a273318b8123caabf332e66e4/src/data/uni_info.json,,,8aeab521eb07d38a273318b8123caabf332e66e4,GPL-3.0,2022版社区校史项目；可作前身与沿革的检索起点，不等同现行官方口径。英文缩写不当作英文全名，占位描述不导入。只保存版本及入口，年份需结合校方历史起点解读。,,,,,,,,
4131010268,上海中医药大学,上海市,community_logo_reference,社区高校校徽字体索引,https://github.com/lovefc/china_school_badge,lovefc,False,community,未知,,社区项目；格式、工具及素材权利见上游说明,indexed_not_fetched,,https://github.com/lovefc/china_school_badge/blob/04f59e07f4b809acc60493324af5ca4aa610153d/css/fcicon.css,,,04f59e07f4b809acc60493324af5ca4aa610153d,Apache-2.0,CSS中文校名与本校全称匹配。社区校徽字体索引，LICENSE为Apache-2.0，但README另有保留作者及禁止倒卖说明。只收链接，未镜像字体或校徽；使用前核对上游条款及校徽权利。,,,,,,,,
4131010268,上海中医药大学,上海市,community_history_reference,中国高校校史社区资料与可视化,https://github.com/jtchen2k/hcu,jtchen2k,False,community,未知,,社区项目；格式、工具及素材权利见上游说明,indexed_not_fetched,,https://github.com/jtchen2k/hcu/blob/8aeab521eb07d38a273318b8123caabf332e66e4/src/data/uni_info.json,,,8aeab521eb07d38a273318b8123caabf332e66e4,GPL-3.0,2022版社区校史项目；可作前身与沿革的检索起点，不等同现行官方口径。英文缩写不当作英文全名，占位描述不导入。只保存版本及入口，年份需结合校方历史起点解读。,,,,,,,,
4131010269,华东师范大学,上海市,official_template,华东师范大学官方PPT入口,https://www.ecnu.edu.cn/wzcd/xxgk/xxbs/bsxz/bgyy/PPTmb.htm,华东师范大学官网,True,unspecified,HTML/未知,,访问条件以原发布页为准,indexed_not_fetched,,https://www.ecnu.edu.cn/wzcd/xxgk/xxbs.htm,,,,,,,,,,,,,
4131010269,华东师范大学,上海市,community_logo_reference,社区高校校徽字体索引,https://github.com/lovefc/china_school_badge,lovefc,False,community,未知,,社区项目；格式、工具及素材权利见上游说明,indexed_not_fetched,,https://github.com/lovefc/china_school_badge/blob/04f59e07f4b809acc60493324af5ca4aa610153d/css/fcicon.css,,,04f59e07f4b809acc60493324af5ca4aa610153d,Apache-2.0,CSS中文校名与本校全称匹配。社区校徽字体索引，LICENSE为Apache-2.0，但README另有保留作者及禁止倒卖说明。只收链接，未镜像字体或校徽；使用前核对上游条款及校徽权利。,,,,,,,,
4131010269,华东师范大学,上海市,community_history_reference,中国高校校史社区资料与可视化,https://github.com/jtchen2k/hcu,jtchen2k,False,community,未知,,社区项目；格式、工具及素材权利见上游说明,indexed_not_fetched,,https://github.com/jtchen2k/hcu/blob/8aeab521eb07d38a273318b8123caabf332e66e4/src/data/uni_info.json,,,8aeab521eb07d38a273318b8123caabf332e66e4,GPL-3.0,2022版社区校史项目；可作前身与沿革的检索起点，不等同现行官方口径。英文缩写不当作英文全名，占位描述不导入。只保存版本及入口，年份需结合校方历史起点解读。,,,,,,,,
4131010269,华东师范大学,上海市,community_logo_source,华东师范大学社区TikZ矢量标识源码,https://github.com/yuxtech/cnlogo/blob/daca8906123ca61186218ddda7369f95cc65a664/cnlogo/hdsfu.tex,yuxtech/cnlogo,False,community,TeX/TikZ,,社区项目；格式、工具及素材权利见上游说明,source_text_read,True,https://github.com/yuxtech/cnlogo/blob/daca8906123ca61186218ddda7369f95cc65a664/README.md,7fa0bbfd7c3336eae158269e2a09d9284ee5842c98a72810391a8ae24cc32fb9,yuxtech/cnlogo,daca8906123ca61186218ddda7369f95cc65a664,源代码声明AGPL-3.0；LICENSE将Logos/graphics排除在该许可之外,README与文件首行中文学校名均精确匹配教育部名称。源码为社区转换，需用户自行使用LaTeX/TikZ导出后用于PPT；本库没有编译或保证图形现行版本。代码许可不等于校徽图形许可；只保存固定版本源码入口、格式和内容哈希，不再分发代码或校徽。,,,,,,,,
4131010269,华东师范大学,上海市,community_template,华东师范大学社区PPT模板与风格参考,https://github.com/HFY-aa/ecnu-ppt-style/tree/4f1944ec7b147d9671fa36152926ea6aad6a3479,HFY-aa/ecnu-ppt-style,False,community,PPTX,,社区项目；格式、工具及素材权利见上游说明,source_text_read,True,https://github.com/HFY-aa/ecnu-ppt-style/blob/4f1944ec7b147d9671fa36152926ea6aad6a3479/README.md,edc0ee72cb4c3afcfe6023101a678117fbef8a8ee2de3cc56be4b205e85f114f,HFY-aa/ecnu-ppt-style,4f1944ec7b147d9671fa36152926ea6aad6a3479,,README明确华东师范大学与11份原始模板；未找到独立许可或模板学校发布证明，保持社区来源。 已读取固定版本README并确认文件目录；具体PPTX读取状态逐文件记录；未运行上游脚本或SKILL、未镜像模板/字体/校徽。许可未声明，仅索引入口，使用或再发布前查看上游和校方要求。,,,,,,,,
4131010269,华东师范大学,上海市,community_template,assets/templates/版面1-PPT1-师大红.pptx,https://github.com/HFY-aa/ecnu-ppt-style/blob/4f1944ec7b147d9671fa36152926ea6aad6a3479/assets/templates/%E7%89%88%E9%9D%A21-PPT1-%E5%B8%88%E5%A4%A7%E7%BA%A2.pptx,HFY-aa/ecnu-ppt-style,False,community,PPTX,,社区项目；格式、工具及素材权利见上游说明,content_inspected,True,https://github.com/HFY-aa/ecnu-ppt-style/blob/4f1944ec7b147d9671fa36152926ea6aad6a3479/README.md,edc0ee72cb4c3afcfe6023101a678117fbef8a8ee2de3cc56be4b205e85f114f,HFY-aa/ecnu-ppt-style,4f1944ec7b147d9671fa36152926ea6aad6a3479,,README明确华东师范大学与11份原始模板；未找到独立许可或模板学校发布证明，保持社区来源。 已读取固定版本README并确认文件目录；具体PPTX读取状态逐文件记录；未运行上游脚本或SKILL、未镜像模板/字体/校徽。许可未声明，仅索引入口，使用或再发布前查看上游和校方要求。,PPTX,6203da8ae726af07ff637ebb5520f12e0ea1b077520750397324ec84993af678,258448,25,2880:1633,Angsana New;Arial;Calibri;Calibri Light;Cordia New;DaunPenh;DengXian;DengXian Light;DokChampa;Estrangelo Edessa;Euphemia;Gautami;Geometria;Geometria-Italic;Geometria-Medium;Gotham Bold;Gotham Rounded Book;Iskoola Pota;Kalinga;Kartika;Latha;MV Boli;Mangal;Microsoft Himalaya;Microsoft Uighur;Microsoft Yi Baiti;Mongolian Baiti;MoolBoran;Nyala;Plantagenet Cherokee;Raavi;Shruti;Sylfaen;Times New Roman;Tunga;Vrinda;Yu Gothic;Yu Gothic Light;兰亭黑-简 中黑;兰亭黑-简 纤黑;宋体;新細明體;方正兰亭细黑_GBK;맑은 고딕;ＭＳ Ｐゴシック,710,content_inspected
4131010269,华东师范大学,上海市,community_template,assets/templates/版面1-PPT10-图片2.pptx,https://github.com/HFY-aa/ecnu-ppt-style/blob/4f1944ec7b147d9671fa36152926ea6aad6a3479/assets/templates/%E7%89%88%E9%9D%A21-PPT10-%E5%9B%BE%E7%89%872.pptx,HFY-aa/ecnu-ppt-style,False,community,PPTX,,社区项目；格式、工具及素材权利见上游说明,content_inspected,True,https://github.com/HFY-aa/ecnu-ppt-style/blob/4f1944ec7b147d9671fa36152926ea6aad6a3479/README.md,edc0ee72cb4c3afcfe6023101a678117fbef8a8ee2de3cc56be4b205e85f114f,HFY-aa/ecnu-ppt-style,4f1944ec7b147d9671fa36152926ea6aad6a3479,,README明确华东师范大学与11份原始模板；未找到独立许可或模板学校发布证明，保持社区来源。 已读取固定版本README并确认文件目录；具体PPTX读取状态逐文件记录；未运行上游脚本或SKILL、未镜像模板/字体/校徽。许可未声明，仅索引入口，使用或再发布前查看上游和校方要求。,PPTX,e582fc2aa4d016e23e070f05075018d7894553f0b23f3b6889bcf4314d569826,684577,25,2880:1633,Angsana New;Arial;Calibri;Calibri Light;Cordia New;DaunPenh;DengXian;DengXian Light;DokChampa;Estrangelo Edessa;Euphemia;Gautami;Geometria;Geometria-Italic;Geometria-Medium;Gotham Bold;Gotham Rounded Book;Iskoola Pota;Kalinga;Kartika;Latha;MV Boli;Mangal;Microsoft Himalaya;Microsoft Uighur;Microsoft Yi Baiti;Mongolian Baiti;MoolBoran;Nyala;Plantagenet Cherokee;Raavi;Shruti;Sylfaen;Times New Roman;Tunga;Vrinda;Yu Gothic;Yu Gothic Light;兰亭黑-简 中黑;兰亭黑-简 纤黑;宋体;新細明體;方正兰亭细黑_GBK;맑은 고딕;ＭＳ Ｐゴシック,709,content_inspected
4131010269,华东师范大学,上海市,community_template,assets/templates/版面1-PPT11-图片3.pptx,https://github.com/HFY-aa/ecnu-ppt-style/blob/4f1944ec7b147d9671fa36152926ea6aad6a3479/assets/templates/%E7%89%88%E9%9D%A21-PPT11-%E5%9B%BE%E7%89%873.pptx,HFY-aa/ecnu-ppt-style,False,community,PPTX,,社区项目；格式、工具及素材权利见上游说明,content_inspected,True,https://github.com/HFY-aa/ecnu-ppt-style/blob/4f1944ec7b147d9671fa36152926ea6aad6a3479/README.md,edc0ee72cb4c3afcfe6023101a678117fbef8a8ee2de3cc56be4b205e85f114f,HFY-aa/ecnu-ppt-style,4f1944ec7b147d9671fa36152926ea6aad6a3479,,README明确华东师范大学与11份原始模板；未找到独立许可或模板学校发布证明，保持社区来源。 已读取固定版本README并确认文件目录；具体PPTX读取状态逐文件记录；未运行上游脚本或SKILL、未镜像模板/字体/校徽。许可未声明，仅索引入口，使用或再发布前查看上游和校方要求。,PPTX,bd32162f4ec84c36623a2794e26bb394cf034cb6966640d69c535ba89152bc60,877745,25,2880:1633,Angsana New;Arial;Calibri;Calibri Light;Cordia New;DaunPenh;DengXian;DengXian Light;DokChampa;Estrangelo Edessa;Euphemia;Gautami;Geometria;Geometria-Italic;Geometria-Medium;Gotham Bold;Gotham Rounded Book;Iskoola Pota;Kalinga;Kartika;Latha;MV Boli;Mangal;Microsoft Himalaya;Microsoft Uighur;Microsoft Yi Baiti;Mongolian Baiti;MoolBoran;Nyala;Plantagenet Cherokee;Raavi;Shruti;Sylfaen;Times New Roman;Tunga;Vrinda;Yu Gothic;Yu Gothic Light;兰亭黑-简 中黑;兰亭黑-简 纤黑;宋体;新細明體;方正兰亭细黑_GBK;맑은 고딕;ＭＳ Ｐゴシック,709,content_inspected
4131010269,华东师范大学,上海市,community_template,assets/templates/版面1-PPT12-图片4.pptx,https://github.com/HFY-aa/ecnu-ppt-style/blob/4f1944ec7b147d9671fa36152926ea6aad6a3479/assets/templates/%E7%89%88%E9%9D%A21-PPT12-%E5%9B%BE%E7%89%874.pptx,HFY-aa/ecnu-ppt-style,False,community,PPTX,,社区项目；格式、工具及素材权利见上游说明,content_inspected,True,https://github.com/HFY-aa/ecnu-ppt-style/blob/4f1944ec7b147d9671fa36152926ea6aad6a3479/README.md,edc0ee72cb4c3afcfe6023101a678117fbef8a8ee2de3cc56be4b205e85f114f,HFY-aa/ecnu-ppt-style,4f1944ec7b147d9671fa36152926ea6aad6a3479,,README明确华东师范大学与11份原始模板；未找到独立许可或模板学校发布证明，保持社区来源。 已读取固定版本README并确认文件目录；具体PPTX读取状态逐文件记录；未运行上游脚本或SKILL、未镜像模板/字体/校徽。许可未声明，仅索引入口，使用或再发布前查看上游和校方要求。,PPTX,358e495ef2ec88a942a3b5d4a6fbd1becf6aa7e7248a1b671a081fad9f4f82a1,1339995,25,2880:1633,Angsana New;Arial;Calibri;Calibri Light;Cordia New;DaunPenh;DengXian;DengXian Light;DokChampa;Estrangelo Edessa;Euphemia;Gautami;Geometria;Geometria-Italic;Geometria-Medium;Gotham Bold;Gotham Rounded Book;Iskoola Pota;Kalinga;Kartika;Latha;MV Boli;Mangal;Microsoft Himalaya;Microsoft Uighur;Microsoft Yi Baiti;Mongolian Baiti;MoolBoran;Nyala;Plantagenet Cherokee;Raavi;Shruti;Sylfaen;Times New Roman;Tunga;Vrinda;Yu Gothic;Yu Gothic Light;兰亭黑-简 中黑;兰亭黑-简 纤黑;宋体;新細明體;方正兰亭细黑_GBK;맑은 고딕;ＭＳ Ｐゴシック,709,content_inspected
4131010269,华东师范大学,上海市,community_template,assets/templates/版面1-PPT2-白色.pptx,https://github.com/HFY-aa/ecnu-ppt-style/blob/4f1944ec7b147d9671fa36152926ea6aad6a3479/assets/templates/%E7%89%88%E9%9D%A21-PPT2-%E7%99%BD%E8%89%B2.pptx,HFY-aa/ecnu-ppt-style,False,community,PPTX,,社区项目；格式、工具及素材权利见上游说明,content_inspected,True,https://github.com/HFY-aa/ecnu-ppt-style/blob/4f1944ec7b147d9671fa36152926ea6aad6a3479/README.md,edc0ee72cb4c3afcfe6023101a678117fbef8a8ee2de3cc56be4b205e85f114f,HFY-aa/ecnu-ppt-style,4f1944ec7b147d9671fa36152926ea6aad6a3479,,README明确华东师范大学与11份原始模板；未找到独立许可或模板学校发布证明，保持社区来源。 已读取固定版本README并确认文件目录；具体PPTX读取状态逐文件记录；未运行上游脚本或SKILL、未镜像模板/字体/校徽。许可未声明，仅索引入口，使用或再发布前查看上游和校方要求。,PPTX,2d2fe1c6c318c1933a2160eb8853a7036b9570b2aaff288097c4416ac4ec712e,283786,25,2880:1633,Angsana New;Arial;Calibri;Calibri Light;Cordia New;DaunPenh;DengXian;DengXian Light;DokChampa;Estrangelo Edessa;Euphemia;Gautami;Geometria;Geometria-Italic;Geometria-Medium;Gotham Bold;Gotham Rounded Book;Iskoola Pota;Kalinga;Kartika;Latha;MV Boli;Mangal;Microsoft Himalaya;Microsoft Uighur;Microsoft Yi Baiti;Mongolian Baiti;MoolBoran;Nyala;Plantagenet Cherokee;Raavi;Shruti;Sylfaen;Times New Roman;Tunga;Vrinda;Yu Gothic;Yu Gothic Light;兰亭黑-简 中黑;兰亭黑-简 纤黑;宋体;新細明體;方正兰亭细黑_GBK;맑은 고딕;ＭＳ Ｐゴシック,709,content_inspected
4131010269,华东师范大学,上海市,community_template,assets/templates/版面1-PPT9-图片1.pptx,https://github.com/HFY-aa/ecnu-ppt-style/blob/4f1944ec7b147d9671fa36152926ea6aad6a3479/assets/templates/%E7%89%88%E9%9D%A21-PPT9-%E5%9B%BE%E7%89%871.pptx,HFY-aa/ecnu-ppt-style,False,community,PPTX,,社区项目；格式、工具及素材权利见上游说明,content_inspected,True,https://github.com/HFY-aa/ecnu-ppt-style/blob/4f1944ec7b147d9671fa36152926ea6aad6a3479/README.md,edc0ee72cb4c3afcfe6023101a678117fbef8a8ee2de3cc56be4b205e85f114f,HFY-aa/ecnu-ppt-style,4f1944ec7b147d9671fa36152926ea6aad6a3479,,README明确华东师范大学与11份原始模板；未找到独立许可或模板学校发布证明，保持社区来源。 已读取固定版本README并确认文件目录；具体PPTX读取状态逐文件记录；未运行上游脚本或SKILL、未镜像模板/字体/校徽。许可未声明，仅索引入口，使用或再发布前查看上游和校方要求。,PPTX,ae3c0afc05b816c679882f093d48d5892226df523465bfb276aaa9835f5134cf,862625,25,2880:1633,Angsana New;Arial;Calibri;Calibri Light;Cordia New;DaunPenh;DengXian;DengXian Light;DokChampa;Estrangelo Edessa;Euphemia;Gautami;Geometria;Geometria-Italic;Geometria-Medium;Gotham Bold;Gotham Rounded Book;Iskoola Pota;Kalinga;Kartika;Latha;MV Boli;Mangal;Microsoft Himalaya;Microsoft Uighur;Microsoft Yi Baiti;Mongolian Baiti;MoolBoran;Nyala;Plantagenet Cherokee;Raavi;Shruti;Sylfaen;Times New Roman;Tunga;Vrinda;Yu Gothic;Yu Gothic Light;兰亭黑-简 中黑;兰亭黑-简 纤黑;宋体;新細明體;方正兰亭细黑_GBK;맑은 고딕;ＭＳ Ｐゴシック,709,content_inspected
4131010269,华东师范大学,上海市,community_template,assets/templates/版面2-PPT10-图片2.pptx,https://github.com/HFY-aa/ecnu-ppt-style/blob/4f1944ec7b147d9671fa36152926ea6aad6a3479/assets/templates/%E7%89%88%E9%9D%A22-PPT10-%E5%9B%BE%E7%89%872.pptx,HFY-aa/ecnu-ppt-style,False,community,PPTX,,社区项目；格式、工具及素材权利见上游说明,content_inspected,True,https://github.com/HFY-aa/ecnu-ppt-style/blob/4f1944ec7b147d9671fa36152926ea6aad6a3479/README.md,edc0ee72cb4c3afcfe6023101a678117fbef8a8ee2de3cc56be4b205e85f114f,HFY-aa/ecnu-ppt-style,4f1944ec7b147d9671fa36152926ea6aad6a3479,,README明确华东师范大学与11份原始模板；未找到独立许可或模板学校发布证明，保持社区来源。 已读取固定版本README并确认文件目录；具体PPTX读取状态逐文件记录；未运行上游脚本或SKILL、未镜像模板/字体/校徽。许可未声明，仅索引入口，使用或再发布前查看上游和校方要求。,PPTX,4935b0cddc13ec287c73b9cb1828536ca9fae82a50290a367a5df65056978eb8,684959,25,2880:1633,Angsana New;Arial;Calibri;Calibri Light;Cordia New;DaunPenh;DengXian;DengXian Light;DokChampa;Estrangelo Edessa;Euphemia;Gautami;Geometria;Geometria-Italic;Geometria-Medium;Gotham Bold;Gotham Rounded Book;Iskoola Pota;Kalinga;Kartika;Latha;MV Boli;Mangal;Microsoft Himalaya;Microsoft Uighur;Microsoft Yi Baiti;Mongolian Baiti;MoolBoran;Nyala;Plantagenet Cherokee;Raavi;Shruti;Sylfaen;Times New Roman;Tunga;Vrinda;Yu Gothic;Yu Gothic Light;兰亭黑-简 中黑;兰亭黑-简 纤黑;宋体;新細明體;方正兰亭细黑_GBK;맑은 고딕;ＭＳ Ｐゴシック,714,content_inspected
4131010269,华东师范大学,上海市,community_template,assets/templates/版面2-PPT11-图片3.pptx,https://github.com/HFY-aa/ecnu-ppt-style/blob/4f1944ec7b147d9671fa36152926ea6aad6a3479/assets/templates/%E7%89%88%E9%9D%A22-PPT11-%E5%9B%BE%E7%89%873.pptx,HFY-aa/ecnu-ppt-style,False,community,PPTX,,社区项目；格式、工具及素材权利见上游说明,content_inspected,True,https://github.com/HFY-aa/ecnu-ppt-style/blob/4f1944ec7b147d9671fa36152926ea6aad6a3479/README.md,edc0ee72cb4c3afcfe6023101a678117fbef8a8ee2de3cc56be4b205e85f114f,HFY-aa/ecnu-ppt-style,4f1944ec7b147d9671fa36152926ea6aad6a3479,,README明确华东师范大学与11份原始模板；未找到独立许可或模板学校发布证明，保持社区来源。 已读取固定版本README并确认文件目录；具体PPTX读取状态逐文件记录；未运行上游脚本或SKILL、未镜像模板/字体/校徽。许可未声明，仅索引入口，使用或再发布前查看上游和校方要求。,PPTX,a42367c1364e8cd924155a3a6872722e206329d70fbea119b78b440fa09abcff,878674,25,2880:1633,Angsana New;Arial;Calibri;Calibri Light;Cordia New;DaunPenh;DengXian;DengXian Light;DokChampa;Estrangelo Edessa;Euphemia;Gautami;Geometria;Geometria-Italic;Geometria-Medium;Gotham Bold;Gotham Rounded Book;Iskoola Pota;Kalinga;Kartika;Latha;MV Boli;Mangal;Microsoft Himalaya;Microsoft Uighur;Microsoft Yi Baiti;Mongolian Baiti;MoolBoran;Nyala;Plantagenet Cherokee;Raavi;Shruti;Sylfaen;Times New Roman;Tunga;Vrinda;Yu Gothic;Yu Gothic Light;兰亭黑-简 中黑;兰亭黑-简 纤黑;宋体;新細明體;方正兰亭细黑_GBK;맑은 고딕;ＭＳ Ｐゴシック,714,content_inspected
4131010269,华东师范大学,上海市,community_template,assets/templates/版面2-PPT12-图片4.pptx,https://github.com/HFY-aa/ecnu-ppt-style/blob/4f1944ec7b147d9671fa36152926ea6aad6a3479/assets/templates/%E7%89%88%E9%9D%A22-PPT12-%E5%9B%BE%E7%89%874.pptx,HFY-aa/ecnu-ppt-style,False,community,PPTX,,社区项目；格式、工具及素材权利见上游说明,content_inspected,True,https://github.com/HFY-aa/ecnu-ppt-style/blob/4f1944ec7b147d9671fa36152926ea6aad6a3479/README.md,edc0ee72cb4c3afcfe6023101a678117fbef8a8ee2de3cc56be4b205e85f114f,HFY-aa/ecnu-ppt-style,4f1944ec7b147d9671fa36152926ea6aad6a3479,,README明确华东师范大学与11份原始模板；未找到独立许可或模板学校发布证明，保持社区来源。 已读取固定版本README并确认文件目录；具体PPTX读取状态逐文件记录；未运行上游脚本或SKILL、未镜像模板/字体/校徽。许可未声明，仅索引入口，使用或再发布前查看上游和校方要求。,PPTX,f20e7338d3dcc5c1236482a06abd369d118efce2b02e3f7634769d58a9a54258,1339762,25,2880:1633,Angsana New;Arial;Calibri;Calibri Light;Cordia New;DaunPenh;DengXian;DengXian Light;DokChampa;Estrangelo Edessa;Euphemia;Gautami;Geometria;Geometria-Italic;Geometria-Medium;Gotham Bold;Gotham Rounded Book;Iskoola Pota;Kalinga;Kartika;Latha;MV Boli;Mangal;Microsoft Himalaya;Microsoft Uighur;Microsoft Yi Baiti;Mongolian Baiti;MoolBoran;Nyala;Plantagenet Cherokee;Raavi;Shruti;Sylfaen;Times New Roman;Tunga;Vrinda;Yu Gothic;Yu Gothic Light;兰亭黑-简 中黑;兰亭黑-简 纤黑;宋体;新細明體;方正兰亭细黑_GBK;맑은 고딕;ＭＳ Ｐゴシック,714,content_inspected
4131010269,华东师范大学,上海市,community_template,assets/templates/版面2-PPT2-白色.pptx,https://github.com/HFY-aa/ecnu-ppt-style/blob/4f1944ec7b147d9671fa36152926ea6aad6a3479/assets/templates/%E7%89%88%E9%9D%A22-PPT2-%E7%99%BD%E8%89%B2.pptx,HFY-aa/ecnu-ppt-style,False,community,PPTX,,社区项目；格式、工具及素材权利见上游说明,content_inspected,True,https://github.com/HFY-aa/ecnu-ppt-style/blob/4f1944ec7b147d9671fa36152926ea6aad6a3479/README.md,edc0ee72cb4c3afcfe6023101a678117fbef8a8ee2de3cc56be4b205e85f114f,HFY-aa/ecnu-ppt-style,4f1944ec7b147d9671fa36152926ea6aad6a3479,,README明确华东师范大学与11份原始模板；未找到独立许可或模板学校发布证明，保持社区来源。 已读取固定版本README并确认文件目录；具体PPTX读取状态逐文件记录；未运行上游脚本或SKILL、未镜像模板/字体/校徽。许可未声明，仅索引入口，使用或再发布前查看上游和校方要求。,PPTX,880a1f93dd4f3a37e2ca0728994f8da365b4a34ed688175b11cfa1cf619b5655,379873,26,2880:1633,Angsana New;Arial;Calibri;Calibri Light;Cordia New;DaunPenh;DengXian;DengXian Light;DokChampa;Estrangelo Edessa;Euphemia;Gautami;Geometria;Geometria-Italic;Geometria-Medium;Gotham Bold;Gotham Rounded Book;Iskoola Pota;Kalinga;Kartika;Latha;MV Boli;Mangal;Microsoft Himalaya;Microsoft Uighur;Microsoft Yi Baiti;Mongolian Baiti;MoolBoran;Nyala;Plantagenet Cherokee;Raavi;Shruti;Sylfaen;Times New Roman;Tunga;Vrinda;Yu Gothic;Yu Gothic Light;兰亭黑-简 中黑;兰亭黑-简 纤黑;宋体;新細明體;方正兰亭细黑_GBK;맑은 고딕;ＭＳ Ｐゴシック,738,content_inspected
4131010269,华东师范大学,上海市,community_template,assets/templates/版面2-PPT9-图片1.pptx,https://github.com/HFY-aa/ecnu-ppt-style/blob/4f1944ec7b147d9671fa36152926ea6aad6a3479/assets/templates/%E7%89%88%E9%9D%A22-PPT9-%E5%9B%BE%E7%89%871.pptx,HFY-aa/ecnu-ppt-style,False,community,PPTX,,社区项目；格式、工具及素材权利见上游说明,content_inspected,True,https://github.com/HFY-aa/ecnu-ppt-style/blob/4f1944ec7b147d9671fa36152926ea6aad6a3479/README.md,edc0ee72cb4c3afcfe6023101a678117fbef8a8ee2de3cc56be4b205e85f114f,HFY-aa/ecnu-ppt-style,4f1944ec7b147d9671fa36152926ea6aad6a3479,,README明确华东师范大学与11份原始模板；未找到独立许可或模板学校发布证明，保持社区来源。 已读取固定版本README并确认文件目录；具体PPTX读取状态逐文件记录；未运行上游脚本或SKILL、未镜像模板/字体/校徽。许可未声明，仅索引入口，使用或再发布前查看上游和校方要求。,PPTX,a14403ac401102910089cce9d9cea42fa9e38acc738af0541fceb9a06c6c2d21,862919,25,2880:1633,Angsana New;Arial;Calibri;Calibri Light;Cordia New;DaunPenh;DengXian;DengXian Light;DokChampa;Estrangelo Edessa;Euphemia;Gautami;Geometria;Geometria-Italic;Geometria-Medium;Gotham Bold;Gotham Rounded Book;Iskoola Pota;Kalinga;Kartika;Latha;MV Boli;Mangal;Microsoft Himalaya;Microsoft Uighur;Microsoft Yi Baiti;Mongolian Baiti;MoolBoran;Nyala;Plantagenet Cherokee;Raavi;Shruti;Sylfaen;Times New Roman;Tunga;Vrinda;Yu Gothic;Yu Gothic Light;兰亭黑-简 中黑;兰亭黑-简 纤黑;宋体;新細明體;方正兰亭细黑_GBK;맑은 고딕;ＭＳ Ｐゴシック,714,content_inspected
4131010270,上海师范大学,上海市,official_template,上海师范大学生命科学学院 PPT模板发布/下载页,https://cls.shnu.edu.cn/33505/list.htm,上海师范大学生命科学学院,True,department,HTML,,校方公开HTML页已读取；页面内附件或外部下载目标另行索引,page_read,True,https://cls.shnu.edu.cn/33505/list.htm,4c264ab2edc8bef14e211f1955d6f7c60303f1166fb405b7355a1ad73eb85bca,,,,发布范围：上海师范大学生命科学学院；按发布页说明使用。,,,,,,,,
4131010270,上海师范大学,上海市,official_template,学院PPT模板【绿-学术】.pptx,https://cls.shnu.edu.cn/_upload/article/files/27/b3/f62ad4164b37803d2ec45de27b61/6218a4e4-f891-4f35-831e-918301878d98.pptx,上海师范大学生命科学学院,True,department,PPTX,,公开文件在本次采集时已读取；未渲染或运行，后续可用性及使用条件以原发布页为准,content_inspected,True,https://cls.shnu.edu.cn/33505/list.htm,4c264ab2edc8bef14e211f1955d6f7c60303f1166fb405b7355a1ad73eb85bca,,,,发布范围：上海师范大学生命科学学院。已读取公开文件数据；未运行或渲染，字体与图形的独立授权以原发布页为准。,PPTX,10efce13aad03600a85011778b500bbe2d0dec8c1a24763cccd678e3d00d5fa5,7902475,17,16:9,Angsana New;Arial;Arial Black;Calibri;Calibri Light;Cordia New;DaunPenh;DokChampa;Estrangelo Edessa;Euphemia;Gautami;Impact;Iskoola Pota;Kalinga;Kartika;Latha;Lato;MV Boli;Mangal;Microsoft Himalaya;Microsoft Uighur;Microsoft Yi Baiti;Mongolian Baiti;Montserrat;MoolBoran;Nyala;Plantagenet Cherokee;Raavi;Shruti;Sylfaen;Times New Roman;Tunga;Vrinda;宋体;微软雅黑;微软雅黑 Light;思源宋体 CN Heavy;思源黑体 CN Bold;思源黑体 CN Heavy;思源黑体 CN Light;新細明體;等线;맑은 고딕;ＭＳ Ｐゴシック,326,content_inspected
4131010270,上海师范大学,上海市,official_template,学院PPT模板【红-鎏金】.pptx,https://cls.shnu.edu.cn/_upload/article/files/27/b3/f62ad4164b37803d2ec45de27b61/a11d28a4-6931-4337-b166-9047be55526b.pptx,上海师范大学生命科学学院,True,department,PPTX,,公开文件在本次采集时已读取；未渲染或运行，后续可用性及使用条件以原发布页为准,content_inspected,True,https://cls.shnu.edu.cn/33505/list.htm,4c264ab2edc8bef14e211f1955d6f7c60303f1166fb405b7355a1ad73eb85bca,,,,发布范围：上海师范大学生命科学学院。已读取公开文件数据；未运行或渲染，字体与图形的独立授权以原发布页为准。,PPTX,2b1cfc8307499c525ab6687899beabc44009b2b09a48ac0f3be2f68769782a54,4010424,17,16:9,Angsana New;Arial;Arial Black;Calibri;Cordia New;DaunPenh;DokChampa;Ebrima;Estrangelo Edessa;Euphemia;Gautami;Impact;Iskoola Pota;Javanese Text;Kalinga;Kartika;Latha;Lato;Leelawadee UI;MV Boli;Mangal;Microsoft Himalaya;Microsoft JhengHei;Microsoft New Tai Lue;Microsoft Tai Le;Microsoft Uighur;Microsoft Yi Baiti;Mongolian Baiti;Montserrat;MoolBoran;Myanmar Text;Nirmala UI;Nyala;OPPOSans L;Phagspa;Plantagenet Cherokee;Raavi;Segoe UI;Segoe UI Semilight;Shruti;Sylfaen;Times New Roman;Tunga;Vrinda;微软雅黑;微软雅黑 Light;思源宋体 CN Heavy;思源黑体 CN Heavy;思源黑体 CN Light;思源黑体 CN Medium;新細明體;游ゴシック;游ゴシック Light;等线;等线 Light;맑은 고딕,316,content_inspected
4131010270,上海师范大学,上海市,community_logo_reference,社区高校校徽字体索引,https://github.com/lovefc/china_school_badge,lovefc,False,community,未知,,社区项目；格式、工具及素材权利见上游说明,indexed_not_fetched,,https://github.com/lovefc/china_school_badge/blob/04f59e07f4b809acc60493324af5ca4aa610153d/css/fcicon.css,,,04f59e07f4b809acc60493324af5ca4aa610153d,Apache-2.0,CSS中文校名与本校全称匹配。社区校徽字体索引，LICENSE为Apache-2.0，但README另有保留作者及禁止倒卖说明。只收链接，未镜像字体或校徽；使用前核对上游条款及校徽权利。,,,,,,,,
4131010271,上海外国语大学,上海市,official_template,上海外国语大学官方PPT入口,https://shisu.edu.cn/about/identity-guidelines/index.html,上海外国语大学,True,unspecified,HTML/未知,,官网提供 4:3 和 16:9 的 PPT 设计文件；页面注明常用设计文件不得作商业用途。,indexed_not_fetched,,https://shisu.edu.cn/about/identity-guidelines/index.html,,,,,,,,,,,,,
4131010271,上海外国语大学,上海市,community_logo_reference,社区高校校徽字体索引,https://github.com/lovefc/china_school_badge,lovefc,False,community,未知,,社区项目；格式、工具及素材权利见上游说明,indexed_not_fetched,,https://github.com/lovefc/china_school_badge/blob/04f59e07f4b809acc60493324af5ca4aa610153d/css/fcicon.css,,,04f59e07f4b809acc60493324af5ca4aa610153d,Apache-2.0,CSS中文校名与本校全称匹配。社区校徽字体索引，LICENSE为Apache-2.0，但README另有保留作者及禁止倒卖说明。只收链接，未镜像字体或校徽；使用前核对上游条款及校徽权利。,,,,,,,,
4131010271,上海外国语大学,上海市,community_history_reference,中国高校校史社区资料与可视化,https://github.com/jtchen2k/hcu,jtchen2k,False,community,未知,,社区项目；格式、工具及素材权利见上游说明,indexed_not_fetched,,https://github.com/jtchen2k/hcu/blob/8aeab521eb07d38a273318b8123caabf332e66e4/src/data/uni_info.json,,,8aeab521eb07d38a273318b8123caabf332e66e4,GPL-3.0,2022版社区校史项目；可作前身与沿革的检索起点，不等同现行官方口径。英文缩写不当作英文全名，占位描述不导入。只保存版本及入口，年份需结合校方历史起点解读。,,,,,,,,
4131010272,上海财经大学,上海市,community_logo_reference,社区高校校徽字体索引,https://github.com/lovefc/china_school_badge,lovefc,False,community,未知,,社区项目；格式、工具及素材权利见上游说明,indexed_not_fetched,,https://github.com/lovefc/china_school_badge/blob/04f59e07f4b809acc60493324af5ca4aa610153d/css/fcicon.css,,,04f59e07f4b809acc60493324af5ca4aa610153d,Apache-2.0,CSS中文校名与本校全称匹配。社区校徽字体索引，LICENSE为Apache-2.0，但README另有保留作者及禁止倒卖说明。只收链接，未镜像字体或校徽；使用前核对上游条款及校徽权利。,,,,,,,,
4131010272,上海财经大学,上海市,community_history_reference,中国高校校史社区资料与可视化,https://github.com/jtchen2k/hcu,jtchen2k,False,community,未知,,社区项目；格式、工具及素材权利见上游说明,indexed_not_fetched,,https://github.com/jtchen2k/hcu/blob/8aeab521eb07d38a273318b8123caabf332e66e4/src/data/uni_info.json,,,8aeab521eb07d38a273318b8123caabf332e66e4,GPL-3.0,2022版社区校史项目；可作前身与沿革的检索起点，不等同现行官方口径。英文缩写不当作英文全名，占位描述不导入。只保存版本及入口，年份需结合校方历史起点解读。,,,,,,,,
4131010273,上海对外经贸大学,上海市,community_logo_reference,社区高校校徽字体索引,https://github.com/lovefc/china_school_badge,lovefc,False,community,未知,,社区项目；格式、工具及素材权利见上游说明,indexed_not_fetched,,https://github.com/lovefc/china_school_badge/blob/04f59e07f4b809acc60493324af5ca4aa610153d/css/fcicon.css,,,04f59e07f4b809acc60493324af5ca4aa610153d,Apache-2.0,CSS中文校名与本校全称匹配。社区校徽字体索引，LICENSE为Apache-2.0，但README另有保留作者及禁止倒卖说明。只收链接，未镜像字体或校徽；使用前核对上游条款及校徽权利。,,,,,,,,
4131010276,华东政法大学,上海市,community_logo_reference,社区高校校徽字体索引,https://github.com/lovefc/china_school_badge,lovefc,False,community,未知,,社区项目；格式、工具及素材权利见上游说明,indexed_not_fetched,,https://github.com/lovefc/china_school_badge/blob/04f59e07f4b809acc60493324af5ca4aa610153d/css/fcicon.css,,,04f59e07f4b809acc60493324af5ca4aa610153d,Apache-2.0,CSS中文校名与本校全称匹配。社区校徽字体索引，LICENSE为Apache-2.0，但README另有保留作者及禁止倒卖说明。只收链接，未镜像字体或校徽；使用前核对上游条款及校徽权利。,,,,,,,,
4131010276,华东政法大学,上海市,community_logo_source,华东政法大学社区TikZ矢量标识源码,https://github.com/yuxtech/cnlogo/blob/daca8906123ca61186218ddda7369f95cc65a664/cnlogo/hdzfu.tex,yuxtech/cnlogo,False,community,TeX/TikZ,,社区项目；格式、工具及素材权利见上游说明,source_text_read,True,https://github.com/yuxtech/cnlogo/blob/daca8906123ca61186218ddda7369f95cc65a664/README.md,8df37a5eb274f5f1b2804eba808ec63591aee772e28e6d52dd1fb6cb7d6e3c9f,yuxtech/cnlogo,daca8906123ca61186218ddda7369f95cc65a664,源代码声明AGPL-3.0；LICENSE将Logos/graphics排除在该许可之外,README与文件首行中文学校名均精确匹配教育部名称。源码为社区转换，需用户自行使用LaTeX/TikZ导出后用于PPT；本库没有编译或保证图形现行版本。代码许可不等于校徽图形许可；只保存固定版本源码入口、格式和内容哈希，不再分发代码或校徽。,,,,,,,,
4131010278,上海音乐学院,上海市,community_logo_reference,社区高校校徽字体索引,https://github.com/lovefc/china_school_badge,lovefc,False,community,未知,,社区项目；格式、工具及素材权利见上游说明,indexed_not_fetched,,https://github.com/lovefc/china_school_badge/blob/04f59e07f4b809acc60493324af5ca4aa610153d/css/fcicon.css,,,04f59e07f4b809acc60493324af5ca4aa610153d,Apache-2.0,CSS中文校名与本校全称匹配。社区校徽字体索引，LICENSE为Apache-2.0，但README另有保留作者及禁止倒卖说明。只收链接，未镜像字体或校徽；使用前核对上游条款及校徽权利。,,,,,,,,
4131010278,上海音乐学院,上海市,community_history_reference,中国高校校史社区资料与可视化,https://github.com/jtchen2k/hcu,jtchen2k,False,community,未知,,社区项目；格式、工具及素材权利见上游说明,indexed_not_fetched,,https://github.com/jtchen2k/hcu/blob/8aeab521eb07d38a273318b8123caabf332e66e4/src/data/uni_info.json,,,8aeab521eb07d38a273318b8123caabf332e66e4,GPL-3.0,2022版社区校史项目；可作前身与沿革的检索起点，不等同现行官方口径。英文缩写不当作英文全名，占位描述不导入。只保存版本及入口，年份需结合校方历史起点解读。,,,,,,,,
4131010279,上海戏剧学院,上海市,community_logo_reference,社区高校校徽字体索引,https://github.com/lovefc/china_school_badge,lovefc,False,community,未知,,社区项目；格式、工具及素材权利见上游说明,indexed_not_fetched,,https://github.com/lovefc/china_school_badge/blob/04f59e07f4b809acc60493324af5ca4aa610153d/css/fcicon.css,,,04f59e07f4b809acc60493324af5ca4aa610153d,Apache-2.0,CSS中文校名与本校全称匹配。社区校徽字体索引，LICENSE为Apache-2.0，但README另有保留作者及禁止倒卖说明。只收链接，未镜像字体或校徽；使用前核对上游条款及校徽权利。,,,,,,,,
4131010280,上海大学,上海市,community_logo_reference,社区高校校徽字体索引,https://github.com/lovefc/china_school_badge,lovefc,False,community,未知,,社区项目；格式、工具及素材权利见上游说明,indexed_not_fetched,,https://github.com/lovefc/china_school_badge/blob/04f59e07f4b809acc60493324af5ca4aa610153d/css/fcicon.css,,,04f59e07f4b809acc60493324af5ca4aa610153d,Apache-2.0,CSS中文校名与本校全称匹配。社区校徽字体索引，LICENSE为Apache-2.0，但README另有保留作者及禁止倒卖说明。只收链接，未镜像字体或校徽；使用前核对上游条款及校徽权利。,,,,,,,,
4131010280,上海大学,上海市,community_history_reference,中国高校校史社区资料与可视化,https://github.com/jtchen2k/hcu,jtchen2k,False,community,未知,,社区项目；格式、工具及素材权利见上游说明,indexed_not_fetched,,https://github.com/jtchen2k/hcu/blob/8aeab521eb07d38a273318b8123caabf332e66e4/src/data/uni_info.json,,,8aeab521eb07d38a273318b8123caabf332e66e4,GPL-3.0,2022版社区校史项目；可作前身与沿革的检索起点，不等同现行官方口径。英文缩写不当作英文全名，占位描述不导入。只保存版本及入口，年份需结合校方历史起点解读。,,,,,,,,
4131010280,上海大学,上海市,community_logo_source,上海大学社区TikZ矢量标识源码,https://github.com/yuxtech/cnlogo/blob/daca8906123ca61186218ddda7369f95cc65a664/cnlogo/shu.tex,yuxtech/cnlogo,False,community,TeX/TikZ,,社区项目；格式、工具及素材权利见上游说明,source_text_read,True,https://github.com/yuxtech/cnlogo/blob/daca8906123ca61186218ddda7369f95cc65a664/README.md,23e691fedde65d9ea8b1742fcda9ca243b83a0511048ae8556697b791bcddb85,yuxtech/cnlogo,daca8906123ca61186218ddda7369f95cc65a664,源代码声明AGPL-3.0；LICENSE将Logos/graphics排除在该许可之外,README与文件首行中文学校名均精确匹配教育部名称。源码为社区转换，需用户自行使用LaTeX/TikZ导出后用于PPT；本库没有编译或保证图形现行版本。代码许可不等于校徽图形许可；只保存固定版本源码入口、格式和内容哈希，不再分发代码或校徽。,,,,,,,,
4131014423,上海科技大学,上海市,community_template,College Beamer社区高校主题集合,https://github.com/liu-qilong/college-beamer,liu-qilong,False,community,LaTeX/Beamer,,社区项目；格式、工具及素材权利见上游说明,indexed_not_fetched,,https://github.com/liu-qilong/college-beamer/blob/b70b18b39752ff327506b5cf012b5011a4e82bd9/README.md,,,b70b18b39752ff327506b5cf012b5011a4e82bd9,CC-BY-4.0,README列出本校主题选项；社区LaTeX/Beamer资源，非PPTX或校方发布。仓库收链接与版本，使用前查阅许可和校徽权利。,,,,,,,,
4131014423,上海科技大学,上海市,community_logo_reference,社区高校校徽字体索引,https://github.com/lovefc/china_school_badge,lovefc,False,community,未知,,社区项目；格式、工具及素材权利见上游说明,indexed_not_fetched,,https://github.com/lovefc/china_school_badge/blob/04f59e07f4b809acc60493324af5ca4aa610153d/css/fcicon.css,,,04f59e07f4b809acc60493324af5ca4aa610153d,Apache-2.0,CSS中文校名与本校全称匹配。社区校徽字体索引，LICENSE为Apache-2.0，但README另有保留作者及禁止倒卖说明。只收链接，未镜像字体或校徽；使用前核对上游条款及校徽权利。,,,,,,,,
4131014423,上海科技大学,上海市,community_history_reference,中国高校校史社区资料与可视化,https://github.com/jtchen2k/hcu,jtchen2k,False,community,未知,,社区项目；格式、工具及素材权利见上游说明,indexed_not_fetched,,https://github.com/jtchen2k/hcu/blob/8aeab521eb07d38a273318b8123caabf332e66e4/src/data/uni_info.json,,,8aeab521eb07d38a273318b8123caabf332e66e4,GPL-3.0,2022版社区校史项目；可作前身与沿革的检索起点，不等同现行官方口径。英文缩写不当作英文全名，占位描述不导入。只保存版本及入口，年份需结合校方历史起点解读。,,,,,,,,
4153010673,云南大学,云南省,community_logo_reference,社区高校校徽字体索引,https://github.com/lovefc/china_school_badge,lovefc,False,community,未知,,社区项目；格式、工具及素材权利见上游说明,indexed_not_fetched,,https://github.com/lovefc/china_school_badge/blob/04f59e07f4b809acc60493324af5ca4aa610153d/css/fcicon.css,,,04f59e07f4b809acc60493324af5ca4aa610153d,Apache-2.0,CSS中文校名与本校全称匹配。社区校徽字体索引，LICENSE为Apache-2.0，但README另有保留作者及禁止倒卖说明。只收链接，未镜像字体或校徽；使用前核对上游条款及校徽权利。,,,,,,,,
4153010673,云南大学,云南省,community_history_reference,中国高校校史社区资料与可视化,https://github.com/jtchen2k/hcu,jtchen2k,False,community,未知,,社区项目；格式、工具及素材权利见上游说明,indexed_not_fetched,,https://github.com/jtchen2k/hcu/blob/8aeab521eb07d38a273318b8123caabf332e66e4/src/data/uni_info.json,,,8aeab521eb07d38a273318b8123caabf332e66e4,GPL-3.0,2022版社区校史项目；可作前身与沿革的检索起点，不等同现行官方口径。英文缩写不当作英文全名，占位描述不导入。只保存版本及入口，年份需结合校方历史起点解读。,,,,,,,,
4153010674,昆明理工大学,云南省,community_logo_reference,社区高校校徽字体索引,https://github.com/lovefc/china_school_badge,lovefc,False,community,未知,,社区项目；格式、工具及素材权利见上游说明,indexed_not_fetched,,https://github.com/lovefc/china_school_badge/blob/04f59e07f4b809acc60493324af5ca4aa610153d/css/fcicon.css,,,04f59e07f4b809acc60493324af5ca4aa610153d,Apache-2.0,CSS中文校名与本校全称匹配。社区校徽字体索引，LICENSE为Apache-2.0，但README另有保留作者及禁止倒卖说明。只收链接，未镜像字体或校徽；使用前核对上游条款及校徽权利。,,,,,,,,
4153010679,大理大学,云南省,community_logo_reference,社区高校校徽字体索引,https://github.com/lovefc/china_school_badge,lovefc,False,community,未知,,社区项目；格式、工具及素材权利见上游说明,indexed_not_fetched,,https://github.com/lovefc/china_school_badge/blob/04f59e07f4b809acc60493324af5ca4aa610153d/css/fcicon.css,,,04f59e07f4b809acc60493324af5ca4aa610153d,Apache-2.0,CSS中文校名与本校全称匹配。社区校徽字体索引，LICENSE为Apache-2.0，但README另有保留作者及禁止倒卖说明。只收链接，未镜像字体或校徽；使用前核对上游条款及校徽权利。,,,,,,,,
4153010681,云南师范大学,云南省,community_logo_reference,社区高校校徽字体索引,https://github.com/lovefc/china_school_badge,lovefc,False,community,未知,,社区项目；格式、工具及素材权利见上游说明,indexed_not_fetched,,https://github.com/lovefc/china_school_badge/blob/04f59e07f4b809acc60493324af5ca4aa610153d/css/fcicon.css,,,04f59e07f4b809acc60493324af5ca4aa610153d,Apache-2.0,CSS中文校名与本校全称匹配。社区校徽字体索引，LICENSE为Apache-2.0，但README另有保留作者及禁止倒卖说明。只收链接，未镜像字体或校徽；使用前核对上游条款及校徽权利。,,,,,,,,
4153010691,云南民族大学,云南省,community_logo_reference,社区高校校徽字体索引,https://github.com/lovefc/china_school_badge,lovefc,False,community,未知,,社区项目；格式、工具及素材权利见上游说明,indexed_not_fetched,,https://github.com/lovefc/china_school_badge/blob/04f59e07f4b809acc60493324af5ca4aa610153d/css/fcicon.css,,,04f59e07f4b809acc60493324af5ca4aa610153d,Apache-2.0,CSS中文校名与本校全称匹配。社区校徽字体索引，LICENSE为Apache-2.0，但README另有保留作者及禁止倒卖说明。只收链接，未镜像字体或校徽；使用前核对上游条款及校徽权利。,,,,,,,,
4153011390,玉溪师范学院,云南省,community_logo_reference,社区高校校徽字体索引,https://github.com/lovefc/china_school_badge,lovefc,False,community,未知,,社区项目；格式、工具及素材权利见上游说明,indexed_not_fetched,,https://github.com/lovefc/china_school_badge/blob/04f59e07f4b809acc60493324af5ca4aa610153d/css/fcicon.css,,,04f59e07f4b809acc60493324af5ca4aa610153d,Apache-2.0,CSS中文校名与本校全称匹配。社区校徽字体索引，LICENSE为Apache-2.0，但README另有保留作者及禁止倒卖说明。只收链接，未镜像字体或校徽；使用前核对上游条款及校徽权利。,,,,,,,,
4115010126,内蒙古大学,内蒙古自治区,community_logo_reference,社区高校校徽字体索引,https://github.com/lovefc/china_school_badge,lovefc,False,community,未知,,社区项目；格式、工具及素材权利见上游说明,indexed_not_fetched,,https://github.com/lovefc/china_school_badge/blob/04f59e07f4b809acc60493324af5ca4aa610153d/css/fcicon.css,,,04f59e07f4b809acc60493324af5ca4aa610153d,Apache-2.0,CSS中文校名与本校全称匹配。社区校徽字体索引，LICENSE为Apache-2.0，但README另有保留作者及禁止倒卖说明。只收链接，未镜像字体或校徽；使用前核对上游条款及校徽权利。,,,,,,,,
4115010126,内蒙古大学,内蒙古自治区,community_history_reference,中国高校校史社区资料与可视化,https://github.com/jtchen2k/hcu,jtchen2k,False,community,未知,,社区项目；格式、工具及素材权利见上游说明,indexed_not_fetched,,https://github.com/jtchen2k/hcu/blob/8aeab521eb07d38a273318b8123caabf332e66e4/src/data/uni_info.json,,,8aeab521eb07d38a273318b8123caabf332e66e4,GPL-3.0,2022版社区校史项目；可作前身与沿革的检索起点，不等同现行官方口径。英文缩写不当作英文全名，占位描述不导入。只保存版本及入口，年份需结合校方历史起点解读。,,,,,,,,
4115011631,河套学院,内蒙古自治区,official_template,河套学院官网视觉资源页 PPT模板发布/下载页,https://www.htxy.edu.cn/dwxcb/info/1022/2616.htm,河套学院官网视觉资源页,True,school,HTML,,校方公开HTML页已读取；页面内附件或外部下载目标另行索引,page_read,True,https://www.htxy.edu.cn/dwxcb/info/1022/2616.htm,7dc925f7b6c6599b19f22631b0b01c605cc4b502dab822b7a55561910e571f2d,,,,发布范围：学校通用；按发布页说明使用。,,,,,,,,
4115011631,河套学院,内蒙古自治区,official_template,河套学院PPT模板(VIS),https://www.htxy.edu.cn/dwxcb/info/1022/2617.htm,河套学院官网视觉资源页,True,school,HTML,,已读取校方发布页；附件目标尚未读取，格式按原链接文件名，动态端点或网盘可能需要登录/提取码,page_read,True,https://www.htxy.edu.cn/dwxcb/info/1022/2616.htm,7dc925f7b6c6599b19f22631b0b01c605cc4b502dab822b7a55561910e571f2d,,,,发布范围：学校通用。仅索引入口；未编译、未打开模板，不保证当前可下载或模板中字体与图形的独立授权。,,,,,,,,target_page_read
4115011631,河套学院,内蒙古自治区,official_template,河套学院官网视觉资源页 PPT模板发布/下载页,https://www.htxy.edu.cn/dwxcb/info/1022/2617.htm,河套学院官网视觉资源页,True,school,HTML,,校方公开HTML页已读取；页面内附件或外部下载目标另行索引,page_read,True,https://www.htxy.edu.cn/dwxcb/info/1022/2617.htm,86fa1c507c3ec3efe53a5db04af2d44a63d070aef28de75a94dc835a62ce8401,,,,发布范围：学校通用；按发布页说明使用。,,,,,,,,target_page_read
4115011631,河套学院,内蒙古自治区,official_template,主题党课通用PPT模板2023.pptx,https://www.htxy.edu.cn/system/_content/download.jsp?urltype=news.DownloadAttachUrl&owner=1444875162&wbfileid=2631153,河套学院官网视觉资源页,True,school,PPTX,,已读取校方发布页；附件目标尚未读取，格式按原链接文件名，动态端点或网盘可能需要登录/提取码,indexed_not_fetched,False,https://www.htxy.edu.cn/dwxcb/info/1022/2617.htm,86fa1c507c3ec3efe53a5db04af2d44a63d070aef28de75a94dc835a62ce8401,,,,发布范围：学校通用。仅索引入口；未编译、未打开模板，不保证当前可下载或模板中字体与图形的独立授权。,,,,,,,,inspection_failed
4115011631,河套学院,内蒙古自治区,official_template,河套学院通用ppt模板2（蓝）.ppt,https://www.htxy.edu.cn/system/_content/download.jsp?urltype=news.DownloadAttachUrl&owner=1444875162&wbfileid=2605525,河套学院官网视觉资源页,True,school,PPT,,已读取校方发布页；附件目标尚未读取，格式按原链接文件名，动态端点或网盘可能需要登录/提取码,indexed_not_fetched,False,https://www.htxy.edu.cn/dwxcb/info/1022/2617.htm,86fa1c507c3ec3efe53a5db04af2d44a63d070aef28de75a94dc835a62ce8401,,,,发布范围：学校通用。仅索引入口；未编译、未打开模板，不保证当前可下载或模板中字体与图形的独立授权。,,,,,,,,inspection_failed
4115011631,河套学院,内蒙古自治区,official_template,河套学院通用ppt模板1（校园光影).pptx,https://www.htxy.edu.cn/system/_content/download.jsp?urltype=news.DownloadAttachUrl&owner=1444875162&wbfileid=2607796,河套学院官网视觉资源页,True,school,PPTX,,已读取校方发布页；附件目标尚未读取，格式按原链接文件名，动态端点或网盘可能需要登录/提取码,indexed_not_fetched,False,https://www.htxy.edu.cn/dwxcb/info/1022/2617.htm,86fa1c507c3ec3efe53a5db04af2d44a63d070aef28de75a94dc835a62ce8401,,,,发布范围：学校通用。仅索引入口；未编译、未打开模板，不保证当前可下载或模板中字体与图形的独立授权。,,,,,,,,inspection_failed
4115014532,鄂尔多斯应用技术学院,内蒙古自治区,official_template,鄂尔多斯应用技术学院官网视觉资源页 PPT模板发布/下载页,https://www.oit.edu.cn/xxgk/xxbs.htm,鄂尔多斯应用技术学院官网视觉资源页,True,school,HTML,,校方公开HTML页已读取；页面内附件或外部下载目标另行索引,page_read,True,https://www.oit.edu.cn/xxgk/xxbs.htm,d9f7430346cce7773bb9b24cb0f5bebbeab63d302d5df423935607803f8a3049,,,,发布范围：学校通用；按发布页说明使用。,,,,,,,,
4115014532,鄂尔多斯应用技术学院,内蒙古自治区,official_template,学校校徽、校名、院系旗帜统一标识 1.学校校徽、校名标识可下载附件《基础部分》2.院系旗帜统一标识、办公室相关LOGO可下载附件《环境应用—学校宣传》 3.学校统一PPT模板可下载附件《PPT模板 2025.09.11,https://www.oit.edu.cn/info/1367/44507.htm,鄂尔多斯应用技术学院官网视觉资源页,True,school,HTML,,已读取校方发布页；附件目标尚未读取，格式按原链接文件名，动态端点或网盘可能需要登录/提取码,page_read,True,https://www.oit.edu.cn/xxgk/xxbs.htm,d9f7430346cce7773bb9b24cb0f5bebbeab63d302d5df423935607803f8a3049,,,,发布范围：学校通用。仅索引入口；未编译、未打开模板，不保证当前可下载或模板中字体与图形的独立授权。,,,,,,,,target_page_read
4111010001,北京大学,北京市,official_template,北京大学官方PPT入口,https://vim.pku.edu.cn/xzzq/index.htm,北京大学标识管理办公室,True,unspecified,HTML/未知,,下载专区提示使用前阅读基本操作规范；标识商业使用须经学校许可。,indexed_not_fetched,,https://vim.pku.edu.cn/xzzq/index.htm,,,,,,,,,,,,,
4111010001,北京大学,北京市,community_template,北京大学社区Beamer主题,https://github.com/inFaaa/PKU-Beamer-Theme,inFaaa,False,community,LaTeX/Beamer,,社区项目；格式、工具及素材权利见上游说明,indexed_not_fetched,,https://github.com/inFaaa/PKU-Beamer-Theme/blob/bdec7b9a8102a019ffdff670b3f96469ffb094ae/README.md,,,bdec7b9a8102a019ffdff670b3f96469ffb094ae,,社区LaTeX/Beamer主题，需相应编译环境；不等同PPTX或校方发布。仅记录入口，不镜像字体、校徽或主题源码。使用前查阅上游许可。,,,,,,,,
4111010001,北京大学,北京市,community_logo_reference,社区高校校徽字体索引,https://github.com/lovefc/china_school_badge,lovefc,False,community,未知,,社区项目；格式、工具及素材权利见上游说明,indexed_not_fetched,,https://github.com/lovefc/china_school_badge/blob/04f59e07f4b809acc60493324af5ca4aa610153d/css/fcicon.css,,,04f59e07f4b809acc60493324af5ca4aa610153d,Apache-2.0,CSS中文校名与本校全称匹配。社区校徽字体索引，LICENSE为Apache-2.0，但README另有保留作者及禁止倒卖说明。只收链接，未镜像字体或校徽；使用前核对上游条款及校徽权利。,,,,,,,,
4111010001,北京大学,北京市,community_history_reference,中国高校校史社区资料与可视化,https://github.com/jtchen2k/hcu,jtchen2k,False,community,未知,,社区项目；格式、工具及素材权利见上游说明,indexed_not_fetched,,https://github.com/jtchen2k/hcu/blob/8aeab521eb07d38a273318b8123caabf332e66e4/src/data/uni_info.json,,,8aeab521eb07d38a273318b8123caabf332e66e4,GPL-3.0,2022版社区校史项目；可作前身与沿革的检索起点，不等同现行官方口径。英文缩写不当作英文全名，占位描述不导入。只保存版本及入口，年份需结合校方历史起点解读。,,,,,,,,
4111010001,北京大学,北京市,community_logo_source,北京大学社区TikZ矢量标识源码,https://github.com/yuxtech/cnlogo/blob/daca8906123ca61186218ddda7369f95cc65a664/cnlogo/pku.tex,yuxtech/cnlogo,False,community,TeX/TikZ,,社区项目；格式、工具及素材权利见上游说明,source_text_read,True,https://github.com/yuxtech/cnlogo/blob/daca8906123ca61186218ddda7369f95cc65a664/README.md,73d672a6e3aede273b9b4d5d0455ef0b39e131d854c14a73183d836cc4e104c7,yuxtech/cnlogo,daca8906123ca61186218ddda7369f95cc65a664,源代码声明AGPL-3.0；LICENSE将Logos/graphics排除在该许可之外,README与文件首行中文学校名均精确匹配教育部名称。源码为社区转换，需用户自行使用LaTeX/TikZ导出后用于PPT；本库没有编译或保证图形现行版本。代码许可不等于校徽图形许可；只保存固定版本源码入口、格式和内容哈希，不再分发代码或校徽。,,,,,,,,
4111010002,中国人民大学,北京市,official_template,中国人民大学官网视觉资源页 PPT模板发布/下载页,https://www.ruc.edu.cn/xuexiaobiaozhi1924747550510977025.html,中国人民大学官网视觉资源页,True,school,HTML,,校方公开HTML页已读取；页面内附件或外部下载目标另行索引,page_read,True,https://www.ruc.edu.cn/xuexiaobiaozhi1924747550510977025.html,f36b1dacbf551a4d1798c1005841b958af69fedb8bb5008385605e288b1439f1,,,,发布范围：学校通用；按发布页说明使用。,,,,,,,,
4111010002,中国人民大学,北京市,official_template,PPT模板,https://www.ruc.edu.cn/cms-proxy/file/download?file=ppt模板.zip,中国人民大学官网视觉资源页,True,school,ZIP,,已读取校方发布页；附件目标尚未读取，格式按原链接文件名，动态端点或网盘可能需要登录/提取码,indexed_not_fetched,False,https://www.ruc.edu.cn/xuexiaobiaozhi1924747550510977025.html,f36b1dacbf551a4d1798c1005841b958af69fedb8bb5008385605e288b1439f1,,,,发布范围：学校通用。仅索引入口；未编译、未打开模板，不保证当前可下载或模板中字体与图形的独立授权。,,,,,,,,inspection_failed
4111010002,中国人民大学,北京市,community_logo_reference,社区高校校徽字体索引,https://github.com/lovefc/china_school_badge,lovefc,False,community,未知,,社区项目；格式、工具及素材权利见上游说明,indexed_not_fetched,,https://github.com/lovefc/china_school_badge/blob/04f59e07f4b809acc60493324af5ca4aa610153d/css/fcicon.css,,,04f59e07f4b809acc60493324af5ca4aa610153d,Apache-2.0,CSS中文校名与本校全称匹配。社区校徽字体索引，LICENSE为Apache-2.0，但README另有保留作者及禁止倒卖说明。只收链接，未镜像字体或校徽；使用前核对上游条款及校徽权利。,,,,,,,,
4111010002,中国人民大学,北京市,community_history_reference,中国高校校史社区资料与可视化,https://github.com/jtchen2k/hcu,jtchen2k,False,community,未知,,社区项目；格式、工具及素材权利见上游说明,indexed_not_fetched,,https://github.com/jtchen2k/hcu/blob/8aeab521eb07d38a273318b8123caabf332e66e4/src/data/uni_info.json,,,8aeab521eb07d38a273318b8123caabf332e66e4,GPL-3.0,2022版社区校史项目；可作前身与沿革的检索起点，不等同现行官方口径。英文缩写不当作英文全名，占位描述不导入。只保存版本及入口，年份需结合校方历史起点解读。,,,,,,,,
4111010002,中国人民大学,北京市,community_logo_source,中国人民大学社区TikZ矢量标识源码,https://github.com/yuxtech/cnlogo/blob/daca8906123ca61186218ddda7369f95cc65a664/cnlogo/ruc.tex,yuxtech/cnlogo,False,community,TeX/TikZ,,社区项目；格式、工具及素材权利见上游说明,source_text_read,True,https://github.com/yuxtech/cnlogo/blob/daca8906123ca61186218ddda7369f95cc65a664/README.md,4917a45f9d1d1b4d88f67692d77c27763ba3911fe1c8e91370f7969a12e9e390,yuxtech/cnlogo,daca8906123ca61186218ddda7369f95cc65a664,源代码声明AGPL-3.0；LICENSE将Logos/graphics排除在该许可之外,README与文件首行中文学校名均精确匹配教育部名称。源码为社区转换，需用户自行使用LaTeX/TikZ导出后用于PPT；本库没有编译或保证图形现行版本。代码许可不等于校徽图形许可；只保存固定版本源码入口、格式和内容哈希，不再分发代码或校徽。,,,,,,,,
4111010003,清华大学,北京市,official_template,清华大学文化建设办公室（环境学院网站转发） PPT模板发布/下载页,https://www.env.tsinghua.edu.cn/info/1344/7931.htm,清华大学文化建设办公室（环境学院网站转发）,True,school,HTML,,校方公开HTML页已读取；页面内附件或外部下载目标另行索引,page_read,True,https://www.env.tsinghua.edu.cn/info/1344/7931.htm,7e1437c3b6150f946585506c31d3758c01cac03741aa7b37c0ba8553d7a6ed00,,,,发布范围：学校通用；按发布页说明使用。,,,,,,,,
4111010003,清华大学,北京市,official_template,2025年度演示文稿模板1-校园风光主题,https://www.env.tsinghua.edu.cn/2025nianduyanshiwengaomoban1-xiaoyuanfengguangzhuti.pptx,清华大学文化建设办公室（环境学院网站转发）,True,school,PPTX,2025,公开文件在本次采集时已读取；未渲染或运行，后续可用性及使用条件以原发布页为准,content_inspected,True,https://www.env.tsinghua.edu.cn/info/1344/7931.htm,7e1437c3b6150f946585506c31d3758c01cac03741aa7b37c0ba8553d7a6ed00,,,,发布范围：学校通用。已读取公开文件数据；未运行或渲染，字体与图形的独立授权以原发布页为准。,PPTX,931aa5bf732518305c86ce8c27243541eaf998719b3bed488c82762a79fa6ce3,103194067,34,16:9,Algerian;Alibaba PuHuiTi;Angsana New;Arial;Arial Black;Calibri;Cordia New;DaunPenh;DokChampa;Estrangelo Edessa;Euphemia;Footlight MT Light;Gautami;HarmonyOS Sans SC;Iskoola Pota;Kalinga;Kartika;Latha;MV Boli;Mangal;Microsoft Himalaya;Microsoft Uighur;Microsoft Yi Baiti;Mongolian Baiti;MoolBoran;Nyala;Plantagenet Cherokee;Poppins;Raavi;Shruti;SimSun;Sylfaen;Times New Roman;Tunga;Vrinda;Wingdings;华文新魏;华文细黑;宋体;微软雅黑;新細明體;游ゴシック;游ゴシック Light;等线;等线 Light;黑体;맑은 고딕,304,content_inspected
4111010003,清华大学,北京市,official_template,2025年度演示文稿模板2-通用主题,https://www.env.tsinghua.edu.cn/2025nianduyanshiwengaomoban2-tongyongzhuti.pptx,清华大学文化建设办公室（环境学院网站转发）,True,school,PPTX,2025,公开文件在本次采集时已读取；未渲染或运行，后续可用性及使用条件以原发布页为准,content_inspected,True,https://www.env.tsinghua.edu.cn/info/1344/7931.htm,7e1437c3b6150f946585506c31d3758c01cac03741aa7b37c0ba8553d7a6ed00,,,,发布范围：学校通用。已读取公开文件数据；未运行或渲染，字体与图形的独立授权以原发布页为准。,PPTX,20ec6e6cb55e783aedaf5ca900eb1c977a2bb1554651b6bf0e26bddf5304faff,39500779,29,16:9,Alibaba PuHuiTi;Angsana New;Arial;Arial Black;Calibri;Cordia New;DaunPenh;DokChampa;Ebrima;Estrangelo Edessa;Euphemia;Gautami;HarmonyOS Sans SC;HarmonyOS Sans SC Black;Impact;Iskoola Pota;Javanese Text;Kalinga;Kartika;Latha;Leelawadee UI;MV Boli;Mangal;MiSans Normal;Microsoft Himalaya;Microsoft JhengHei;Microsoft New Tai Lue;Microsoft Tai Le;Microsoft Uighur;Microsoft Yi Baiti;Mongolian Baiti;Montserrat;Montserrat Medium;MoolBoran;Myanmar Text;Nirmala UI;Nyala;OPPOSans B;Open Sans;Open Sans Light;Phagspa;Plantagenet Cherokee;Poppins;Raavi;Roboto Condensed;Segoe UI;Shruti;SimSun;Source Han Sans Regular;Sylfaen;Times New Roman;Tunga;Vrinda;微软雅黑;微软雅黑 Light;思源黑体 CN Bold;新細明體;游ゴシック;游ゴシック Light;等线;等线 Light;阿里巴巴普惠体 Heavy;黑体;맑은 고딕,426,content_inspected
4111010003,清华大学,北京市,official_template,2025年度演示文稿模板3-党建主题,https://www.env.tsinghua.edu.cn/2025nianduyanshiwengaomoban3-dangjianzhuti.pptx,清华大学文化建设办公室（环境学院网站转发）,True,school,PPTX,2025,公开文件在本次采集时已读取；未渲染或运行，后续可用性及使用条件以原发布页为准,content_inspected,True,https://www.env.tsinghua.edu.cn/info/1344/7931.htm,7e1437c3b6150f946585506c31d3758c01cac03741aa7b37c0ba8553d7a6ed00,,,,发布范围：学校通用。已读取公开文件数据；未运行或渲染，字体与图形的独立授权以原发布页为准。,PPTX,2476b6c84bd2f0912d87e0d110e794e65a3a41ef8b626041aa6d32ee075e59ca,72243921,24,16:9,Alibaba PuHuiTi;Alibaba PuHuiTi H;Angsana New;Arial;Cordia New;DaunPenh;DokChampa;Ebrima;Estrangelo Edessa;Euphemia;Gautami;Impact;Iskoola Pota;Javanese Text;Kalinga;Kartika;Latha;Leelawadee UI;MV Boli;Mangal;Microsoft Himalaya;Microsoft JhengHei;Microsoft New Tai Lue;Microsoft Tai Le;Microsoft Uighur;Microsoft Yi Baiti;Mongolian Baiti;MoolBoran;Myanmar Text;Nirmala UI;Nyala;OPPOSans B;OPPOSans Bold;OPPOSans R;Phagspa;Plantagenet Cherokee;Poppins;Raavi;Segoe UI;Shruti;Sylfaen;Times New Roman;Tunga;Vrinda;字魂35号-经典雅黑;微软雅黑;思源宋体 CN Heavy;思源黑体 CN Bold;思源黑体 CN Regular;新細明體;游ゴシック;游ゴシック Light;等线;等线 Light;阿里巴巴普惠体 Heavy;맑은 고딕,355,content_inspected
4111010003,清华大学,北京市,official_template,2025年度演示文稿模板4-人文主题,https://www.env.tsinghua.edu.cn/2025nianduyanshiwengaomoban4-renwenzhuti.pptx,清华大学文化建设办公室（环境学院网站转发）,True,school,PPTX,2025,公开文件在本次采集时已读取；未渲染或运行，后续可用性及使用条件以原发布页为准,content_inspected,True,https://www.env.tsinghua.edu.cn/info/1344/7931.htm,7e1437c3b6150f946585506c31d3758c01cac03741aa7b37c0ba8553d7a6ed00,,,,发布范围：学校通用。已读取公开文件数据；未运行或渲染，字体与图形的独立授权以原发布页为准。,PPTX,e2591cce4b6720c443bc36fffdcf05d3d56b143862f1e937f03cbcde29490584,103757506,29,16:9,Angsana New;Arial;Cordia New;DaunPenh;DokChampa;Ebrima;Estrangelo Edessa;Euphemia;FZQingKeBenYueSongS M;Gautami;Iskoola Pota;Javanese Text;Kalinga;Kartika;Latha;Leelawadee UI;MV Boli;Mangal;Microsoft Himalaya;Microsoft JhengHei;Microsoft New Tai Lue;Microsoft Tai Le;Microsoft Uighur;Microsoft Yi Baiti;Mongolian Baiti;MoolBoran;Myanmar Text;Nirmala UI;Nyala;Phagspa;Plantagenet Cherokee;Raavi;Segoe UI;Shruti;Sylfaen;Times New Roman;Tunga;Vrinda;微软雅黑;新細明體;方正粗金陵简体;游ゴシック;游ゴシック Light;等线;等线 Light;맑은 고딕,205,content_inspected
4111010003,清华大学,北京市,official_template,2025年度演示文稿模板5-科技主题,https://www.env.tsinghua.edu.cn/2025nianduyanshiwengaomoban5-kejizhuti.pptx,清华大学文化建设办公室（环境学院网站转发）,True,school,PPTX,2025,公开文件在本次采集时已读取；未渲染或运行，后续可用性及使用条件以原发布页为准,content_inspected,True,https://www.env.tsinghua.edu.cn/info/1344/7931.htm,7e1437c3b6150f946585506c31d3758c01cac03741aa7b37c0ba8553d7a6ed00,,,,发布范围：学校通用。已读取公开文件数据；未运行或渲染，字体与图形的独立授权以原发布页为准。,PPTX,187c7620370a0f8b37648653e1e967c80ca90095ee522c7d54f9093fa0131676,81622420,32,16:9,Alibaba PuHuiTi;Alibaba PuHuiTi M;Angsana New;Arial;Calibri;Calibri Light;Cordia New;DaunPenh;DokChampa;Ebrima;Estrangelo Edessa;Euphemia;Fjalla One;FontAwesome;Gautami;Gill Sans;HarmonyOS Sans SC;Helvetica;Iskoola Pota;Javanese Text;Kalinga;Kartika;Latha;Lato;League Gothic Regular;Leelawadee UI;MS PGothic;MV Boli;Mangal;MiSans;Microsoft Himalaya;Microsoft JhengHei;Microsoft New Tai Lue;Microsoft Tai Le;Microsoft Uighur;Microsoft Yi Baiti;Mongolian Baiti;MoolBoran;Myanmar Text;Neris Thin;Nirmala UI;Nyala;OPPOSans R;Phagspa;Plantagenet Cherokee;Poppins;Raavi;Roboto;Segoe UI;Shruti;Sylfaen;Tahoma;Times New Roman;Tunga;Vrinda;Wingdings;inpin heiti;宋体;庞门正道标题体;微软雅黑;微软雅黑 Light;思源黑体 CN Bold;思源黑体 CN Regular;新細明體;游ゴシック;游ゴシック Light;等线;等线 Light;맑은 고딕;ＭＳ Ｐゴシック,429,content_inspected
4111010003,清华大学,北京市,official_template,2024年度清华大学PPT模板1,https://www.env.tsinghua.edu.cn/2024nianduqinghuadaxuePPTmoban1.pptx,清华大学文化建设办公室（环境学院网站转发）,True,school,PPTX,2024,公开文件在本次采集时已读取；未渲染或运行，后续可用性及使用条件以原发布页为准,content_inspected,True,https://www.env.tsinghua.edu.cn/info/1344/7931.htm,7e1437c3b6150f946585506c31d3758c01cac03741aa7b37c0ba8553d7a6ed00,,,,发布范围：学校通用。已读取公开文件数据；未运行或渲染，字体与图形的独立授权以原发布页为准。,PPTX,04341d237a45158dc2d73d7d6d2e0962162eee99c6f34e346240435c5aa7766d,3064345,6,16:9,Angsana New;Arial;Calibri;Calibri Light;Cordia New;DaunPenh;DokChampa;Estrangelo Edessa;Euphemia;Gautami;Iskoola Pota;Kalinga;Kartika;Latha;MV Boli;Mangal;Microsoft Himalaya;Microsoft Uighur;Microsoft YaHei;Microsoft YaHei Bold;Microsoft YaHei Regular;Microsoft Yi Baiti;Mongolian Baiti;MoolBoran;Nyala;Plantagenet Cherokee;Raavi;Shruti;Source Han Sans SC;Source Han Sans SC Medium;Sylfaen;Tahoma;Times New Roman;Tunga;Vrinda;Wingdings;メイリオ;宋体;新細明體;游ゴシック;游ゴシック Light;맑은 고딕;ＭＳ Ｐゴシック,24,content_inspected
4111010003,清华大学,北京市,official_template,2024年度清华大学PPT模板2,https://www.env.tsinghua.edu.cn/2024nianduqinghuadaxuePPTmoban2.pptx,清华大学文化建设办公室（环境学院网站转发）,True,school,PPTX,2024,公开文件在本次采集时已读取；未渲染或运行，后续可用性及使用条件以原发布页为准,content_inspected,True,https://www.env.tsinghua.edu.cn/info/1344/7931.htm,7e1437c3b6150f946585506c31d3758c01cac03741aa7b37c0ba8553d7a6ed00,,,,发布范围：学校通用。已读取公开文件数据；未运行或渲染，字体与图形的独立授权以原发布页为准。,PPTX,33c5cfb5b599df6ff5a2c520c8de837ee89078e0235c7a7ddf950918705a8e71,24407241,7,16:9,Angsana New;Arial;Book Antiqua;Calibri;Calibri Light;Century Gothic;Cordia New;DaunPenh;David;DilleniaUPC;DokChampa;Estrangelo Edessa;EucrosiaUPC;Euphemia;Gautami;Gisha;HGS明朝B;HY견명조;Iskoola Pota;Kalinga;Kartika;Latha;MV Boli;Mangal;Microsoft Himalaya;Microsoft Uighur;Microsoft YaHei;Microsoft YaHei Bold;Microsoft YaHei Regular;Microsoft Yi Baiti;Mongolian Baiti;MoolBoran;Nyala;Plantagenet Cherokee;Raavi;Shruti;Songti SC Bold;Source Han Sans SC;Source Han Sans SC Medium;Sylfaen;Tahoma;Times New Roman;Tunga;Verdana;Vrinda;Wingdings;宋体;幼圆;微軟正黑體;新細明體;游ゴシック;游ゴシック Light;맑은 고딕;ＭＳ ゴシック;ＭＳ Ｐゴシック,20,content_inspected
4111010003,清华大学,北京市,official_template,2024年度清华大学PPT模板3,https://www.env.tsinghua.edu.cn/2024nianduqinghuadaxuePPTmoban3.pptx,清华大学文化建设办公室（环境学院网站转发）,True,school,PPTX,2024,公开文件在本次采集时已读取；未渲染或运行，后续可用性及使用条件以原发布页为准,content_inspected,True,https://www.env.tsinghua.edu.cn/info/1344/7931.htm,7e1437c3b6150f946585506c31d3758c01cac03741aa7b37c0ba8553d7a6ed00,,,,发布范围：学校通用。已读取公开文件数据；未运行或渲染，字体与图形的独立授权以原发布页为准。,PPTX,d2d7d58e87f39f1132c1421839ad717f123c4fc930dd2eef89fd84d624ea95b2,3954815,11,16:9,Arial;Helvetica Neue;Helvetica Neue Medium;Microsoft YaHei;Microsoft YaHei Bold;Microsoft YaHei Regular;Source Han Sans SC;Source Han Sans SC Medium;Wingdings;微软雅黑,34,content_inspected
4111010003,清华大学,北京市,official_template,2024年度清华大学PPT模板4,https://www.env.tsinghua.edu.cn/2024nianduqinghuadaxuePPTmoban4.pptx,清华大学文化建设办公室（环境学院网站转发）,True,school,PPTX,2024,公开文件在本次采集时已读取；未渲染或运行，后续可用性及使用条件以原发布页为准,content_inspected,True,https://www.env.tsinghua.edu.cn/info/1344/7931.htm,7e1437c3b6150f946585506c31d3758c01cac03741aa7b37c0ba8553d7a6ed00,,,,发布范围：学校通用。已读取公开文件数据；未运行或渲染，字体与图形的独立授权以原发布页为准。,PPTX,95ed7b761f9d5b9413d4fd6a33652c9eee208dee66865bdc8e43b29d5478b3d7,14801810,13,16:9,Arial;Helvetica Neue;Helvetica Neue Medium;Microsoft YaHei;Microsoft YaHei Bold;Microsoft YaHei Regular;Source Han Sans SC;Source Han Sans SC Medium;Wingdings;微软雅黑,41,content_inspected
4111010003,清华大学,北京市,official_template,2024年度清华大学PPT模板5,https://www.env.tsinghua.edu.cn/2024nianduqinghuadaxuePPTmoban5.pptx,清华大学文化建设办公室（环境学院网站转发）,True,school,PPTX,2024,公开文件在本次采集时已读取；未渲染或运行，后续可用性及使用条件以原发布页为准,content_inspected,True,https://www.env.tsinghua.edu.cn/info/1344/7931.htm,7e1437c3b6150f946585506c31d3758c01cac03741aa7b37c0ba8553d7a6ed00,,,,发布范围：学校通用。已读取公开文件数据；未运行或渲染，字体与图形的独立授权以原发布页为准。,PPTX,7c6719f422f7d5383897e55feca1ffa99e83c402414a5c8f8086e997e8b944f8,29342985,12,16:9,Angsana New;Arial;Calibri;Calibri Light;Cordia New;DaunPenh;DokChampa;Estrangelo Edessa;Euphemia;Gautami;Iskoola Pota;Kalinga;Kartika;Latha;MV Boli;Mangal;Microsoft Himalaya;Microsoft Uighur;Microsoft YaHei;Microsoft YaHei Bold;Microsoft YaHei Light;Microsoft YaHei Regular;Microsoft Yi Baiti;Mongolian Baiti;MoolBoran;Nyala;Plantagenet Cherokee;Raavi;Shruti;Source Han Sans SC;Source Han Sans SC Medium;Sylfaen;Times New Roman;Tunga;Vrinda;Wingdings;宋体;微软雅黑;新細明體;游ゴシック;游ゴシック Light;맑은 고딕;ＭＳ Ｐゴシック,35,content_inspected
4111010003,清华大学,北京市,official_template,文件 2023年度清华大学演示文档系列模板1-清华晨曦.pptx,https://www.env.tsinghua.edu.cn/fujian2-2023nianduqinghuadaxueyanshiwendangxiliemoban1-qinghuachenxi.pptx,清华大学文化建设办公室（环境学院网站转发）,True,school,PPTX,2023,公开文件在本次采集时已读取；未渲染或运行，后续可用性及使用条件以原发布页为准,content_inspected,True,https://www.env.tsinghua.edu.cn/info/1344/7931.htm,7e1437c3b6150f946585506c31d3758c01cac03741aa7b37c0ba8553d7a6ed00,,,,发布范围：学校通用。已读取公开文件数据；未运行或渲染，字体与图形的独立授权以原发布页为准。,PPTX,d1d2c9028c8844ac17fbdea6f14ae6995b5159dcb2067a644e5084b6acc08326,3746122,7,16:9,Angsana New;Arial;Cordia New;DaunPenh;DengXian;DokChampa;Ebrima;Estrangelo Edessa;Euphemia;Garamond;Gautami;Iskoola Pota;Javanese Text;Kalinga;Kartika;Latha;Leelawadee UI;MV Boli;Mangal;Microsoft Himalaya;Microsoft JhengHei;Microsoft New Tai Lue;Microsoft Tai Le;Microsoft Uighur;Microsoft Yi Baiti;Mongolian Baiti;MoolBoran;Myanmar Text;Nirmala UI;Nyala;Phagspa;Plantagenet Cherokee;Raavi;Segoe UI;Shruti;Source Han Sans CN Bold;Source Han Sans CN Medium;Source Han Sans CN Normal;Source Han Sans CN Regular;Sylfaen;Times New Roman;Tunga;Vrinda;Wingdings;微軟正黑體;思源黑体 CN Bold;思源黑体 CN Normal;新細明體;方正舒体;游ゴシック;游ゴシック Light;等线;等线 Light;黑体;돋움;맑은 고딕;ＭＳ Ｐゴシック,1,content_inspected
4111010003,清华大学,北京市,official_template,文件 2023年度清华大学演示文档系列模板2-北馆·月色伴读.pptx,https://www.env.tsinghua.edu.cn/fujian3-2023nianduqinghuadaxueyanshiwendangxiliemoban2-beiguan-yuesebandu.pptx,清华大学文化建设办公室（环境学院网站转发）,True,school,PPTX,2023,公开文件在本次采集时已读取；未渲染或运行，后续可用性及使用条件以原发布页为准,content_inspected,True,https://www.env.tsinghua.edu.cn/info/1344/7931.htm,7e1437c3b6150f946585506c31d3758c01cac03741aa7b37c0ba8553d7a6ed00,,,,发布范围：学校通用。已读取公开文件数据；未运行或渲染，字体与图形的独立授权以原发布页为准。,PPTX,89f8c93d063bd5754ce88d9c1d4a83fdbbf7260bf21f068100bac444ddf0618b,3141873,8,16:9,Angsana New;Arial;Cordia New;DaunPenh;DengXian;DokChampa;Ebrima;Estrangelo Edessa;Euphemia;Garamond;Gautami;Iskoola Pota;Javanese Text;Kalinga;Kartika;Latha;Leelawadee UI;MV Boli;Mangal;Microsoft Himalaya;Microsoft JhengHei;Microsoft New Tai Lue;Microsoft Tai Le;Microsoft Uighur;Microsoft Yi Baiti;Mongolian Baiti;MoolBoran;Myanmar Text;Nirmala UI;Nyala;Phagspa;Plantagenet Cherokee;Raavi;Segoe UI;Shruti;SimHei;Source Han Sans CN Bold;Source Han Sans CN Medium;Source Han Sans CN Normal;Source Han Sans CN Regular;Sylfaen;Times New Roman;Tunga;Vrinda;Wingdings;微軟正黑體;思源黑体 CN Bold;思源黑体 CN Normal;新細明體;方正舒体;游ゴシック;游ゴシック Light;等线;等线 Light;黑体;돋움;맑은 고딕;ＭＳ Ｐゴシック,6,content_inspected
4111010003,清华大学,北京市,official_template,文件 2023年度清华大学演示文档系列模板3-老馆·月色伴读.pptx,https://www.env.tsinghua.edu.cn/fujian4-2023nianduqinghuadaxueyanshiwendangxiliemoban3-laoguan-yuesebandu.pptx,清华大学文化建设办公室（环境学院网站转发）,True,school,PPTX,2023,公开文件在本次采集时已读取；未渲染或运行，后续可用性及使用条件以原发布页为准,content_inspected,True,https://www.env.tsinghua.edu.cn/info/1344/7931.htm,7e1437c3b6150f946585506c31d3758c01cac03741aa7b37c0ba8553d7a6ed00,,,,发布范围：学校通用。已读取公开文件数据；未运行或渲染，字体与图形的独立授权以原发布页为准。,PPTX,011387ed20e1c7b1e026fb1e512f33bef92ecaa380c50ffe1a08b6e269887453,1945037,6,16:9,Angsana New;Arial;Cordia New;DaunPenh;DengXian;DokChampa;Ebrima;Estrangelo Edessa;Euphemia;Garamond;Gautami;Iskoola Pota;Javanese Text;Kalinga;Kartika;Latha;Leelawadee UI;MV Boli;Mangal;Microsoft Himalaya;Microsoft JhengHei;Microsoft New Tai Lue;Microsoft Tai Le;Microsoft Uighur;Microsoft Yi Baiti;Mongolian Baiti;MoolBoran;Myanmar Text;Nirmala UI;Nyala;Phagspa;Plantagenet Cherokee;Raavi;Segoe UI;Shruti;Source Han Sans CN Bold;Source Han Sans CN Medium;Source Han Sans CN Normal;Source Han Sans CN Regular;Sylfaen;Times New Roman;Tunga;Vrinda;Wingdings;微軟正黑體;思源黑体 CN Bold;思源黑体 CN Normal;新細明體;方正舒体;游ゴシック;游ゴシック Light;等线;等线 Light;黑体;돋움;맑은 고딕;ＭＳ Ｐゴシック,0,content_inspected
4111010003,清华大学,北京市,official_template,文件 2023年度清华大学演示文档系列模板4-创新之光.pptx,https://www.env.tsinghua.edu.cn/fujian5-2023nianduqinghuadaxueyanshiwendangxiliemoban4-chuangxinzhiguang.pptx,清华大学文化建设办公室（环境学院网站转发）,True,school,PPTX,2023,公开文件在本次采集时已读取；未渲染或运行，后续可用性及使用条件以原发布页为准,content_inspected,True,https://www.env.tsinghua.edu.cn/info/1344/7931.htm,7e1437c3b6150f946585506c31d3758c01cac03741aa7b37c0ba8553d7a6ed00,,,,发布范围：学校通用。已读取公开文件数据；未运行或渲染，字体与图形的独立授权以原发布页为准。,PPTX,11137bb2c9c9fda880a7dca957cdbbdb1b7d39e357137f3ec60a26a44090f8aa,3588731,6,16:9,Angsana New;Arial;Cordia New;DaunPenh;DengXian;DokChampa;Ebrima;Estrangelo Edessa;Euphemia;Garamond;Gautami;Iskoola Pota;Javanese Text;Kalinga;Kartika;Latha;Leelawadee UI;MV Boli;Mangal;Microsoft Himalaya;Microsoft JhengHei;Microsoft New Tai Lue;Microsoft Tai Le;Microsoft Uighur;Microsoft Yi Baiti;Mongolian Baiti;MoolBoran;Myanmar Text;Nirmala UI;Nyala;Phagspa;Plantagenet Cherokee;Raavi;Segoe UI;Shruti;Source Han Sans CN Bold;Source Han Sans CN Medium;Source Han Sans CN Normal;Source Han Sans CN Regular;Sylfaen;Times New Roman;Tunga;Vrinda;Wingdings;微軟正黑體;思源黑体 CN Bold;思源黑体 CN Normal;新細明體;方正舒体;游ゴシック;游ゴシック Light;等线;等线 Light;黑体;돋움;맑은 고딕;ＭＳ Ｐゴシック,0,content_inspected
4111010003,清华大学,北京市,official_template,文件 2023年度清华大学演示文档系列模板5-时代之光.pptx,https://www.env.tsinghua.edu.cn/fujian6-2023nianduqinghuadaxueyanshiwendangxiliemoban5-shidaizhiguang.pptx,清华大学文化建设办公室（环境学院网站转发）,True,school,PPTX,2023,公开文件在本次采集时已读取；未渲染或运行，后续可用性及使用条件以原发布页为准,content_inspected,True,https://www.env.tsinghua.edu.cn/info/1344/7931.htm,7e1437c3b6150f946585506c31d3758c01cac03741aa7b37c0ba8553d7a6ed00,,,,发布范围：学校通用。已读取公开文件数据；未运行或渲染，字体与图形的独立授权以原发布页为准。,PPTX,9b8daf6796ce93fe353209c78d3ede0d246d64a0168d79aa7cfca5e7600b6502,3134691,6,16:9,Angsana New;Arial;Cordia New;DaunPenh;DokChampa;Ebrima;Estrangelo Edessa;Euphemia;Garamond;Gautami;Iskoola Pota;Javanese Text;Kalinga;Kartika;Latha;Leelawadee UI;MV Boli;Mangal;Microsoft Himalaya;Microsoft JhengHei;Microsoft New Tai Lue;Microsoft Tai Le;Microsoft Uighur;Microsoft Yi Baiti;Mongolian Baiti;MoolBoran;Myanmar Text;Nirmala UI;Nyala;Phagspa;Plantagenet Cherokee;Raavi;Segoe UI;Shruti;Source Han Sans CN Bold;Source Han Sans CN Medium;Source Han Sans CN Normal;Source Han Sans CN Regular;Sylfaen;Times New Roman;Tunga;Vrinda;Wingdings;微軟正黑體;思源黑体 CN Bold;思源黑体 CN Normal;新細明體;方正舒体;游ゴシック;游ゴシック Light;等线;等线 Light;黑体;돋움;맑은 고딕;ＭＳ Ｐゴシック,0,content_inspected
4111010003,清华大学,北京市,official_template,文件 2023年度清华大学演示文档系列模板6-光辉道路.pptx,https://www.env.tsinghua.edu.cn/fujian7-2023nianduqinghuadaxueyanshiwendangxiliemoban6-guanghuidaolu.pptx,清华大学文化建设办公室（环境学院网站转发）,True,school,PPTX,2023,公开文件在本次采集时已读取；未渲染或运行，后续可用性及使用条件以原发布页为准,content_inspected,True,https://www.env.tsinghua.edu.cn/info/1344/7931.htm,7e1437c3b6150f946585506c31d3758c01cac03741aa7b37c0ba8553d7a6ed00,,,,发布范围：学校通用。已读取公开文件数据；未运行或渲染，字体与图形的独立授权以原发布页为准。,PPTX,0877b877a7686a31163ea82551f8ff9ccb65b58c0645df48a243ff0467d5cb76,4918202,6,16:9,Angsana New;Arial;Cordia New;DaunPenh;DengXian;DokChampa;Ebrima;Estrangelo Edessa;Euphemia;Garamond;Gautami;Iskoola Pota;Javanese Text;Kalinga;Kartika;Latha;Leelawadee UI;MV Boli;Mangal;Microsoft Himalaya;Microsoft JhengHei;Microsoft New Tai Lue;Microsoft Tai Le;Microsoft Uighur;Microsoft Yi Baiti;Mongolian Baiti;MoolBoran;Myanmar Text;Nirmala UI;Nyala;Phagspa;Plantagenet Cherokee;Raavi;Segoe UI;Shruti;Source Han Sans CN Bold;Source Han Sans CN Medium;Source Han Sans CN Normal;Source Han Sans CN Regular;Sylfaen;Times New Roman;Tunga;Vrinda;Wingdings;微軟正黑體;思源黑体 CN Bold;思源黑体 CN Normal;新細明體;方正舒体;游ゴシック;游ゴシック Light;等线;等线 Light;黑体;돋움;맑은 고딕;ＭＳ Ｐゴシック,0,content_inspected
4111010003,清华大学,北京市,official_template,清华大学官网视觉资源页 PPT模板发布/下载页,https://vi.tsinghua.edu.cn/,清华大学官网视觉资源页,True,school,HTML,,校方公开HTML页已读取；页面内附件或外部下载目标另行索引,page_read,True,https://vi.tsinghua.edu.cn/,3382bb5e5a64435b3250fed351e43b8aa8d184be628e97f70322d661f95bba99,,,,发布范围：学校通用；按发布页说明使用。,,,,,,,,
4111010003,清华大学,北京市,official_template,2025.05.072025年度演示文稿模板5-科技主题,https://vi.tsinghua.edu.cn/info/1021/1298.htm,清华大学官网视觉资源页,True,school,HTML,2025,已读取校方发布页；附件目标尚未读取，格式按原链接文件名，动态端点或网盘可能需要登录/提取码,page_read,True,https://vi.tsinghua.edu.cn/,3382bb5e5a64435b3250fed351e43b8aa8d184be628e97f70322d661f95bba99,,,,发布范围：学校通用。仅索引入口；未编译、未打开模板，不保证当前可下载或模板中字体与图形的独立授权。,,,,,,,,target_page_read
4111010003,清华大学,北京市,official_template,2025.05.072025年度演示文稿模板4-人文主题,https://vi.tsinghua.edu.cn/info/1021/1297.htm,清华大学官网视觉资源页,True,school,HTML,2025,已读取校方发布页；附件目标尚未读取，格式按原链接文件名，动态端点或网盘可能需要登录/提取码,page_read,True,https://vi.tsinghua.edu.cn/,3382bb5e5a64435b3250fed351e43b8aa8d184be628e97f70322d661f95bba99,,,,发布范围：学校通用。仅索引入口；未编译、未打开模板，不保证当前可下载或模板中字体与图形的独立授权。,,,,,,,,target_page_read
4111010003,清华大学,北京市,official_template,2025.05.072025年度演示文稿模板3-党建主题,https://vi.tsinghua.edu.cn/info/1021/1296.htm,清华大学官网视觉资源页,True,school,HTML,2025,已读取校方发布页；附件目标尚未读取，格式按原链接文件名，动态端点或网盘可能需要登录/提取码,page_read,True,https://vi.tsinghua.edu.cn/,3382bb5e5a64435b3250fed351e43b8aa8d184be628e97f70322d661f95bba99,,,,发布范围：学校通用。仅索引入口；未编译、未打开模板，不保证当前可下载或模板中字体与图形的独立授权。,,,,,,,,target_page_read
4111010003,清华大学,北京市,official_template,2025.05.072025年度演示文稿模板2-通用主题,https://vi.tsinghua.edu.cn/info/1021/1295.htm,清华大学官网视觉资源页,True,school,HTML,2025,已读取校方发布页；附件目标尚未读取，格式按原链接文件名，动态端点或网盘可能需要登录/提取码,page_read,True,https://vi.tsinghua.edu.cn/,3382bb5e5a64435b3250fed351e43b8aa8d184be628e97f70322d661f95bba99,,,,发布范围：学校通用。仅索引入口；未编译、未打开模板，不保证当前可下载或模板中字体与图形的独立授权。,,,,,,,,target_page_read
4111010003,清华大学,北京市,official_template,2025.04.242025年度演示文稿模板1-校园风光主题,https://vi.tsinghua.edu.cn/info/1021/1285.htm,清华大学官网视觉资源页,True,school,HTML,2025,已读取校方发布页；附件目标尚未读取，格式按原链接文件名，动态端点或网盘可能需要登录/提取码,page_read,True,https://vi.tsinghua.edu.cn/,3382bb5e5a64435b3250fed351e43b8aa8d184be628e97f70322d661f95bba99,,,,发布范围：学校通用。仅索引入口；未编译、未打开模板，不保证当前可下载或模板中字体与图形的独立授权。,,,,,,,,target_page_read
4111010003,清华大学,北京市,official_template,2023.12.282024年度演示文稿模板5,https://vi.tsinghua.edu.cn/info/1021/1280.htm,清华大学官网视觉资源页,True,school,HTML,2024,已读取校方发布页；附件目标尚未读取，格式按原链接文件名，动态端点或网盘可能需要登录/提取码,page_read,True,https://vi.tsinghua.edu.cn/,3382bb5e5a64435b3250fed351e43b8aa8d184be628e97f70322d661f95bba99,,,,发布范围：学校通用。仅索引入口；未编译、未打开模板，不保证当前可下载或模板中字体与图形的独立授权。,,,,,,,,target_page_read
4111010003,清华大学,北京市,official_template,2023.12.282024年度演示文稿模板4,https://vi.tsinghua.edu.cn/info/1021/1279.htm,清华大学官网视觉资源页,True,school,HTML,2024,已读取校方发布页；附件目标尚未读取，格式按原链接文件名，动态端点或网盘可能需要登录/提取码,page_read,True,https://vi.tsinghua.edu.cn/,3382bb5e5a64435b3250fed351e43b8aa8d184be628e97f70322d661f95bba99,,,,发布范围：学校通用。仅索引入口；未编译、未打开模板，不保证当前可下载或模板中字体与图形的独立授权。,,,,,,,,target_page_read
4111010003,清华大学,北京市,official_template,2023.12.282024年度演示文稿模板3,https://vi.tsinghua.edu.cn/info/1021/1278.htm,清华大学官网视觉资源页,True,school,HTML,2024,已读取校方发布页；附件目标尚未读取，格式按原链接文件名，动态端点或网盘可能需要登录/提取码,page_read,True,https://vi.tsinghua.edu.cn/,3382bb5e5a64435b3250fed351e43b8aa8d184be628e97f70322d661f95bba99,,,,发布范围：学校通用。仅索引入口；未编译、未打开模板，不保证当前可下载或模板中字体与图形的独立授权。,,,,,,,,target_page_read
4111010003,清华大学,北京市,official_template,2023.12.282024年度演示文稿模板2,https://vi.tsinghua.edu.cn/info/1021/1277.htm,清华大学官网视觉资源页,True,school,HTML,2024,已读取校方发布页；附件目标尚未读取，格式按原链接文件名，动态端点或网盘可能需要登录/提取码,page_read,True,https://vi.tsinghua.edu.cn/,3382bb5e5a64435b3250fed351e43b8aa8d184be628e97f70322d661f95bba99,,,,发布范围：学校通用。仅索引入口；未编译、未打开模板，不保证当前可下载或模板中字体与图形的独立授权。,,,,,,,,target_page_read
4111010003,清华大学,北京市,official_template,2023.12.282024年度演示文稿模板1,https://vi.tsinghua.edu.cn/info/1021/1276.htm,清华大学官网视觉资源页,True,school,HTML,2024,已读取校方发布页；附件目标尚未读取，格式按原链接文件名，动态端点或网盘可能需要登录/提取码,page_read,True,https://vi.tsinghua.edu.cn/,3382bb5e5a64435b3250fed351e43b8aa8d184be628e97f70322d661f95bba99,,,,发布范围：学校通用。仅索引入口；未编译、未打开模板，不保证当前可下载或模板中字体与图形的独立授权。,,,,,,,,target_page_read
4111010003,清华大学,北京市,official_template,2023.04.282023年度演示文稿模板-清华剪影,https://vi.tsinghua.edu.cn/info/1021/1266.htm,清华大学官网视觉资源页,True,school,HTML,2023,已读取校方发布页；附件目标尚未读取，格式按原链接文件名，动态端点或网盘可能需要登录/提取码,page_read,True,https://vi.tsinghua.edu.cn/,3382bb5e5a64435b3250fed351e43b8aa8d184be628e97f70322d661f95bba99,,,,发布范围：学校通用。仅索引入口；未编译、未打开模板，不保证当前可下载或模板中字体与图形的独立授权。,,,,,,,,target_page_read
4111010003,清华大学,北京市,official_template,清华大学官方PPT入口,https://vi.tsinghua.edu.cn/mbyzy/dmt/yswgmb.htm,清华大学党委宣传部,True,unspecified,HTML/未知,,面向师生需求，学校文化建设办公室提供演示文稿模板供免费下载使用。,indexed_not_fetched,,https://vi.tsinghua.edu.cn/mbyzy/dmt/yswgmb.htm,,,,,,,,,,,,,
4111010003,清华大学,北京市,community_template,清华大学社区Beamer主题,https://github.com/tuna/THU-Beamer-Theme,tuna,False,community,LaTeX/Beamer,,社区项目；格式、工具及素材权利见上游说明,indexed_not_fetched,,https://github.com/tuna/THU-Beamer-Theme/blob/061f088d1c7e4b2d2f1f581f3745945ecbb63f25/README.md,,,061f088d1c7e4b2d2f1f581f3745945ecbb63f25,LPPL-1.3c,非学校官方发布。仓库只收社区入口和提取依据；未声明许可时不镜像或再分发上游文件。,,,,,,,,
4111010003,清华大学,北京市,community_template,College Beamer社区高校主题集合,https://github.com/liu-qilong/college-beamer,liu-qilong,False,community,LaTeX/Beamer,,社区项目；格式、工具及素材权利见上游说明,indexed_not_fetched,,https://github.com/liu-qilong/college-beamer/blob/b70b18b39752ff327506b5cf012b5011a4e82bd9/README.md,,,b70b18b39752ff327506b5cf012b5011a4e82bd9,CC-BY-4.0,README列出本校主题选项；社区LaTeX/Beamer资源，非PPTX或校方发布。仓库收链接与版本，使用前查阅许可和校徽权利。,,,,,,,,
4111010003,清华大学,北京市,community_logo_reference,社区高校校徽字体索引,https://github.com/lovefc/china_school_badge,lovefc,False,community,未知,,社区项目；格式、工具及素材权利见上游说明,indexed_not_fetched,,https://github.com/lovefc/china_school_badge/blob/04f59e07f4b809acc60493324af5ca4aa610153d/css/fcicon.css,,,04f59e07f4b809acc60493324af5ca4aa610153d,Apache-2.0,CSS中文校名与本校全称匹配。社区校徽字体索引，LICENSE为Apache-2.0，但README另有保留作者及禁止倒卖说明。只收链接，未镜像字体或校徽；使用前核对上游条款及校徽权利。,,,,,,,,
4111010003,清华大学,北京市,community_history_reference,中国高校校史社区资料与可视化,https://github.com/jtchen2k/hcu,jtchen2k,False,community,未知,,社区项目；格式、工具及素材权利见上游说明,indexed_not_fetched,,https://github.com/jtchen2k/hcu/blob/8aeab521eb07d38a273318b8123caabf332e66e4/src/data/uni_info.json,,,8aeab521eb07d38a273318b8123caabf332e66e4,GPL-3.0,2022版社区校史项目；可作前身与沿革的检索起点，不等同现行官方口径。英文缩写不当作英文全名，占位描述不导入。只保存版本及入口，年份需结合校方历史起点解读。,,,,,,,,
4111010003,清华大学,北京市,community_logo_source,清华大学社区TikZ矢量标识源码,https://github.com/yuxtech/cnlogo/blob/daca8906123ca61186218ddda7369f95cc65a664/cnlogo/thu.tex,yuxtech/cnlogo,False,community,TeX/TikZ,,社区项目；格式、工具及素材权利见上游说明,source_text_read,True,https://github.com/yuxtech/cnlogo/blob/daca8906123ca61186218ddda7369f95cc65a664/README.md,84ccfeed4a81b2bcc7ffba2abf5a23ab9cf2893682b0db11bbbf71ddbf38a01e,yuxtech/cnlogo,daca8906123ca61186218ddda7369f95cc65a664,源代码声明AGPL-3.0；LICENSE将Logos/graphics排除在该许可之外,README与文件首行中文学校名均精确匹配教育部名称。源码为社区转换，需用户自行使用LaTeX/TikZ导出后用于PPT；本库没有编译或保证图形现行版本。代码许可不等于校徽图形许可；只保存固定版本源码入口、格式和内容哈希，不再分发代码或校徽。,,,,,,,,
4111010004,北京交通大学,北京市,community_template,College Beamer社区高校主题集合,https://github.com/liu-qilong/college-beamer,liu-qilong,False,community,LaTeX/Beamer,,社区项目；格式、工具及素材权利见上游说明,indexed_not_fetched,,https://github.com/liu-qilong/college-beamer/blob/b70b18b39752ff327506b5cf012b5011a4e82bd9/README.md,,,b70b18b39752ff327506b5cf012b5011a4e82bd9,CC-BY-4.0,README列出本校主题选项；社区LaTeX/Beamer资源，非PPTX或校方发布。仓库收链接与版本，使用前查阅许可和校徽权利。,,,,,,,,
4111010004,北京交通大学,北京市,community_logo_reference,社区高校校徽字体索引,https://github.com/lovefc/china_school_badge,lovefc,False,community,未知,,社区项目；格式、工具及素材权利见上游说明,indexed_not_fetched,,https://github.com/lovefc/china_school_badge/blob/04f59e07f4b809acc60493324af5ca4aa610153d/css/fcicon.css,,,04f59e07f4b809acc60493324af5ca4aa610153d,Apache-2.0,CSS中文校名与本校全称匹配。社区校徽字体索引，LICENSE为Apache-2.0，但README另有保留作者及禁止倒卖说明。只收链接，未镜像字体或校徽；使用前核对上游条款及校徽权利。,,,,,,,,
4111010004,北京交通大学,北京市,community_history_reference,中国高校校史社区资料与可视化,https://github.com/jtchen2k/hcu,jtchen2k,False,community,未知,,社区项目；格式、工具及素材权利见上游说明,indexed_not_fetched,,https://github.com/jtchen2k/hcu/blob/8aeab521eb07d38a273318b8123caabf332e66e4/src/data/uni_info.json,,,8aeab521eb07d38a273318b8123caabf332e66e4,GPL-3.0,2022版社区校史项目；可作前身与沿革的检索起点，不等同现行官方口径。英文缩写不当作英文全名，占位描述不导入。只保存版本及入口，年份需结合校方历史起点解读。,,,,,,,,
4111010004,北京交通大学,北京市,community_logo_source,北京交通大学社区TikZ矢量标识源码,https://github.com/yuxtech/cnlogo/blob/daca8906123ca61186218ddda7369f95cc65a664/cnlogo/bjtu.tex,yuxtech/cnlogo,False,community,TeX/TikZ,,社区项目；格式、工具及素材权利见上游说明,source_text_read,True,https://github.com/yuxtech/cnlogo/blob/daca8906123ca61186218ddda7369f95cc65a664/README.md,26c204ea5f99483e50fbe1462538097b7936d8fdc4939396b7225a857bd3a50b,yuxtech/cnlogo,daca8906123ca61186218ddda7369f95cc65a664,源代码声明AGPL-3.0；LICENSE将Logos/graphics排除在该许可之外,README与文件首行中文学校名均精确匹配教育部名称。源码为社区转换，需用户自行使用LaTeX/TikZ导出后用于PPT；本库没有编译或保证图形现行版本。代码许可不等于校徽图形许可；只保存固定版本源码入口、格式和内容哈希，不再分发代码或校徽。,,,,,,,,
4111010005,北京工业大学,北京市,community_template,College Beamer社区高校主题集合,https://github.com/liu-qilong/college-beamer,liu-qilong,False,community,LaTeX/Beamer,,社区项目；格式、工具及素材权利见上游说明,indexed_not_fetched,,https://github.com/liu-qilong/college-beamer/blob/b70b18b39752ff327506b5cf012b5011a4e82bd9/README.md,,,b70b18b39752ff327506b5cf012b5011a4e82bd9,CC-BY-4.0,README列出本校主题选项；社区LaTeX/Beamer资源，非PPTX或校方发布。仓库收链接与版本，使用前查阅许可和校徽权利。,,,,,,,,
4111010005,北京工业大学,北京市,community_history_reference,中国高校校史社区资料与可视化,https://github.com/jtchen2k/hcu,jtchen2k,False,community,未知,,社区项目；格式、工具及素材权利见上游说明,indexed_not_fetched,,https://github.com/jtchen2k/hcu/blob/8aeab521eb07d38a273318b8123caabf332e66e4/src/data/uni_info.json,,,8aeab521eb07d38a273318b8123caabf332e66e4,GPL-3.0,2022版社区校史项目；可作前身与沿革的检索起点，不等同现行官方口径。英文缩写不当作英文全名，占位描述不导入。只保存版本及入口，年份需结合校方历史起点解读。,,,,,,,,
4111010006,北京航空航天大学,北京市,community_logo_reference,社区高校校徽字体索引,https://github.com/lovefc/china_school_badge,lovefc,False,community,未知,,社区项目；格式、工具及素材权利见上游说明,indexed_not_fetched,,https://github.com/lovefc/china_school_badge/blob/04f59e07f4b809acc60493324af5ca4aa610153d/css/fcicon.css,,,04f59e07f4b809acc60493324af5ca4aa610153d,Apache-2.0,CSS中文校名与本校全称匹配。社区校徽字体索引，LICENSE为Apache-2.0，但README另有保留作者及禁止倒卖说明。只收链接，未镜像字体或校徽；使用前核对上游条款及校徽权利。,,,,,,,,
4111010006,北京航空航天大学,北京市,community_history_reference,中国高校校史社区资料与可视化,https://github.com/jtchen2k/hcu,jtchen2k,False,community,未知,,社区项目；格式、工具及素材权利见上游说明,indexed_not_fetched,,https://github.com/jtchen2k/hcu/blob/8aeab521eb07d38a273318b8123caabf332e66e4/src/data/uni_info.json,,,8aeab521eb07d38a273318b8123caabf332e66e4,GPL-3.0,2022版社区校史项目；可作前身与沿革的检索起点，不等同现行官方口径。英文缩写不当作英文全名，占位描述不导入。只保存版本及入口，年份需结合校方历史起点解读。,,,,,,,,
4111010006,北京航空航天大学,北京市,community_logo_source,北京航空航天大学社区TikZ矢量标识源码,https://github.com/yuxtech/cnlogo/blob/daca8906123ca61186218ddda7369f95cc65a664/cnlogo/bhu.tex,yuxtech/cnlogo,False,community,TeX/TikZ,,社区项目；格式、工具及素材权利见上游说明,source_text_read,True,https://github.com/yuxtech/cnlogo/blob/daca8906123ca61186218ddda7369f95cc65a664/README.md,60479a31f389d10fc26e60492d291c6183492ca27c908367a8a54e1840aef6b4,yuxtech/cnlogo,daca8906123ca61186218ddda7369f95cc65a664,源代码声明AGPL-3.0；LICENSE将Logos/graphics排除在该许可之外,README与文件首行中文学校名均精确匹配教育部名称。源码为社区转换，需用户自行使用LaTeX/TikZ导出后用于PPT；本库没有编译或保证图形现行版本。代码许可不等于校徽图形许可；只保存固定版本源码入口、格式和内容哈希，不再分发代码或校徽。,,,,,,,,
4111010007,北京理工大学,北京市,community_logo_reference,社区高校校徽字体索引,https://github.com/lovefc/china_school_badge,lovefc,False,community,未知,,社区项目；格式、工具及素材权利见上游说明,indexed_not_fetched,,https://github.com/lovefc/china_school_badge/blob/04f59e07f4b809acc60493324af5ca4aa610153d/css/fcicon.css,,,04f59e07f4b809acc60493324af5ca4aa610153d,Apache-2.0,CSS中文校名与本校全称匹配。社区校徽字体索引，LICENSE为Apache-2.0，但README另有保留作者及禁止倒卖说明。只收链接，未镜像字体或校徽；使用前核对上游条款及校徽权利。,,,,,,,,
4111010007,北京理工大学,北京市,community_history_reference,中国高校校史社区资料与可视化,https://github.com/jtchen2k/hcu,jtchen2k,False,community,未知,,社区项目；格式、工具及素材权利见上游说明,indexed_not_fetched,,https://github.com/jtchen2k/hcu/blob/8aeab521eb07d38a273318b8123caabf332e66e4/src/data/uni_info.json,,,8aeab521eb07d38a273318b8123caabf332e66e4,GPL-3.0,2022版社区校史项目；可作前身与沿革的检索起点，不等同现行官方口径。英文缩写不当作英文全名，占位描述不导入。只保存版本及入口，年份需结合校方历史起点解读。,,,,,,,,
4111010008,北京科技大学,北京市,official_template,北京科技大学信息化建设与管理办公室 PPT模板发布/下载页,https://info.ustb.edu.cn/xzzx/zysc/index.htm,北京科技大学信息化建设与管理办公室,True,school,HTML,,校方公开HTML页已读取；页面内附件或外部下载目标另行索引,page_read,True,https://info.ustb.edu.cn/xzzx/zysc/index.htm,9d93dd082a27925bd45153ae9659eab556bea041a3da1f02d1897a563dd998b1,,,,发布范围：学校通用；按发布页说明使用。,,,,,,,,
4111010008,北京科技大学,北京市,official_template,北京科技大学官方PPT模板,https://info.ustb.edu.cn/docs/2025-12/dcee89ba478444b39e590057b62f67e4.zip,北京科技大学信息化建设与管理办公室,True,school,ZIP,,已读取校方发布页；附件目标尚未读取，格式按原链接文件名，动态端点或网盘可能需要登录/提取码,indexed_not_fetched,False,https://info.ustb.edu.cn/xzzx/zysc/index.htm,9d93dd082a27925bd45153ae9659eab556bea041a3da1f02d1897a563dd998b1,,,,发布范围：学校通用。仅索引入口；未编译、未打开模板，不保证当前可下载或模板中字体与图形的独立授权。,,,,,,,,inspection_failed
4111010008,北京科技大学,北京市,community_logo_reference,社区高校校徽字体索引,https://github.com/lovefc/china_school_badge,lovefc,False,community,未知,,社区项目；格式、工具及素材权利见上游说明,indexed_not_fetched,,https://github.com/lovefc/china_school_badge/blob/04f59e07f4b809acc60493324af5ca4aa610153d/css/fcicon.css,,,04f59e07f4b809acc60493324af5ca4aa610153d,Apache-2.0,CSS中文校名与本校全称匹配。社区校徽字体索引，LICENSE为Apache-2.0，但README另有保留作者及禁止倒卖说明。只收链接，未镜像字体或校徽；使用前核对上游条款及校徽权利。,,,,,,,,
4111010008,北京科技大学,北京市,community_history_reference,中国高校校史社区资料与可视化,https://github.com/jtchen2k/hcu,jtchen2k,False,community,未知,,社区项目；格式、工具及素材权利见上游说明,indexed_not_fetched,,https://github.com/jtchen2k/hcu/blob/8aeab521eb07d38a273318b8123caabf332e66e4/src/data/uni_info.json,,,8aeab521eb07d38a273318b8123caabf332e66e4,GPL-3.0,2022版社区校史项目；可作前身与沿革的检索起点，不等同现行官方口径。英文缩写不当作英文全名，占位描述不导入。只保存版本及入口，年份需结合校方历史起点解读。,,,,,,,,
4111010008,北京科技大学,北京市,community_logo_source,北京科技大学社区TikZ矢量标识源码,https://github.com/yuxtech/cnlogo/blob/daca8906123ca61186218ddda7369f95cc65a664/cnlogo/ustb.tex,yuxtech/cnlogo,False,community,TeX/TikZ,,社区项目；格式、工具及素材权利见上游说明,source_text_read,True,https://github.com/yuxtech/cnlogo/blob/daca8906123ca61186218ddda7369f95cc65a664/README.md,58aa2454375d008b346f0b83795185f97f4098df7aa7596e93f192e6367db8ac,yuxtech/cnlogo,daca8906123ca61186218ddda7369f95cc65a664,源代码声明AGPL-3.0；LICENSE将Logos/graphics排除在该许可之外,README与文件首行中文学校名均精确匹配教育部名称。源码为社区转换，需用户自行使用LaTeX/TikZ导出后用于PPT；本库没有编译或保证图形现行版本。代码许可不等于校徽图形许可；只保存固定版本源码入口、格式和内容哈希，不再分发代码或校徽。,,,,,,,,
4111010010,北京化工大学,北京市,community_logo_reference,社区高校校徽字体索引,https://github.com/lovefc/china_school_badge,lovefc,False,community,未知,,社区项目；格式、工具及素材权利见上游说明,indexed_not_fetched,,https://github.com/lovefc/china_school_badge/blob/04f59e07f4b809acc60493324af5ca4aa610153d/css/fcicon.css,,,04f59e07f4b809acc60493324af5ca4aa610153d,Apache-2.0,CSS中文校名与本校全称匹配。社区校徽字体索引，LICENSE为Apache-2.0，但README另有保留作者及禁止倒卖说明。只收链接，未镜像字体或校徽；使用前核对上游条款及校徽权利。,,,,,,,,
4111010011,北京工商大学,北京市,community_logo_reference,社区高校校徽字体索引,https://github.com/lovefc/china_school_badge,lovefc,False,community,未知,,社区项目；格式、工具及素材权利见上游说明,indexed_not_fetched,,https://github.com/lovefc/china_school_badge/blob/04f59e07f4b809acc60493324af5ca4aa610153d/css/fcicon.css,,,04f59e07f4b809acc60493324af5ca4aa610153d,Apache-2.0,CSS中文校名与本校全称匹配。社区校徽字体索引，LICENSE为Apache-2.0，但README另有保留作者及禁止倒卖说明。只收链接，未镜像字体或校徽；使用前核对上游条款及校徽权利。,,,,,,,,
4111010013,北京邮电大学,北京市,community_logo_reference,社区高校校徽字体索引,https://github.com/lovefc/china_school_badge,lovefc,False,community,未知,,社区项目；格式、工具及素材权利见上游说明,indexed_not_fetched,,https://github.com/lovefc/china_school_badge/blob/04f59e07f4b809acc60493324af5ca4aa610153d/css/fcicon.css,,,04f59e07f4b809acc60493324af5ca4aa610153d,Apache-2.0,CSS中文校名与本校全称匹配。社区校徽字体索引，LICENSE为Apache-2.0，但README另有保留作者及禁止倒卖说明。只收链接，未镜像字体或校徽；使用前核对上游条款及校徽权利。,,,,,,,,
4111010013,北京邮电大学,北京市,community_history_reference,中国高校校史社区资料与可视化,https://github.com/jtchen2k/hcu,jtchen2k,False,community,未知,,社区项目；格式、工具及素材权利见上游说明,indexed_not_fetched,,https://github.com/jtchen2k/hcu/blob/8aeab521eb07d38a273318b8123caabf332e66e4/src/data/uni_info.json,,,8aeab521eb07d38a273318b8123caabf332e66e4,GPL-3.0,2022版社区校史项目；可作前身与沿革的检索起点，不等同现行官方口径。英文缩写不当作英文全名，占位描述不导入。只保存版本及入口，年份需结合校方历史起点解读。,,,,,,,,
4111010013,北京邮电大学,北京市,community_logo_source,北京邮电大学社区TikZ矢量标识源码,https://github.com/yuxtech/cnlogo/blob/daca8906123ca61186218ddda7369f95cc65a664/cnlogo/bjydu.tex,yuxtech/cnlogo,False,community,TeX/TikZ,,社区项目；格式、工具及素材权利见上游说明,source_text_read,True,https://github.com/yuxtech/cnlogo/blob/daca8906123ca61186218ddda7369f95cc65a664/README.md,08b12bd6f5b4641fe571e915319cb6256040553f0ae6c01fd324e2ca8e0f43e8,yuxtech/cnlogo,daca8906123ca61186218ddda7369f95cc65a664,源代码声明AGPL-3.0；LICENSE将Logos/graphics排除在该许可之外,README与文件首行中文学校名均精确匹配教育部名称。源码为社区转换，需用户自行使用LaTeX/TikZ导出后用于PPT；本库没有编译或保证图形现行版本。代码许可不等于校徽图形许可；只保存固定版本源码入口、格式和内容哈希，不再分发代码或校徽。,,,,,,,,
4111010019,中国农业大学,北京市,community_logo_reference,社区高校校徽字体索引,https://github.com/lovefc/china_school_badge,lovefc,False,community,未知,,社区项目；格式、工具及素材权利见上游说明,indexed_not_fetched,,https://github.com/lovefc/china_school_badge/blob/04f59e07f4b809acc60493324af5ca4aa610153d/css/fcicon.css,,,04f59e07f4b809acc60493324af5ca4aa610153d,Apache-2.0,CSS中文校名与本校全称匹配。社区校徽字体索引，LICENSE为Apache-2.0，但README另有保留作者及禁止倒卖说明。只收链接，未镜像字体或校徽；使用前核对上游条款及校徽权利。,,,,,,,,
4111010019,中国农业大学,北京市,community_history_reference,中国高校校史社区资料与可视化,https://github.com/jtchen2k/hcu,jtchen2k,False,community,未知,,社区项目；格式、工具及素材权利见上游说明,indexed_not_fetched,,https://github.com/jtchen2k/hcu/blob/8aeab521eb07d38a273318b8123caabf332e66e4/src/data/uni_info.json,,,8aeab521eb07d38a273318b8123caabf332e66e4,GPL-3.0,2022版社区校史项目；可作前身与沿革的检索起点，不等同现行官方口径。英文缩写不当作英文全名，占位描述不导入。只保存版本及入口，年份需结合校方历史起点解读。,,,,,,,,
4111010019,中国农业大学,北京市,community_logo_source,中国农业大学社区TikZ矢量标识源码,https://github.com/yuxtech/cnlogo/blob/daca8906123ca61186218ddda7369f95cc65a664/cnlogo/znyu.tex,yuxtech/cnlogo,False,community,TeX/TikZ,,社区项目；格式、工具及素材权利见上游说明,source_text_read,True,https://github.com/yuxtech/cnlogo/blob/daca8906123ca61186218ddda7369f95cc65a664/README.md,56b0ddea4c4f6713e1906008b16eb8ca4821b00260aec65501c73859554a186a,yuxtech/cnlogo,daca8906123ca61186218ddda7369f95cc65a664,源代码声明AGPL-3.0；LICENSE将Logos/graphics排除在该许可之外,README与文件首行中文学校名均精确匹配教育部名称。源码为社区转换，需用户自行使用LaTeX/TikZ导出后用于PPT；本库没有编译或保证图形现行版本。代码许可不等于校徽图形许可；只保存固定版本源码入口、格式和内容哈希，不再分发代码或校徽。,,,,,,,,
4111010022,北京林业大学,北京市,community_logo_reference,社区高校校徽字体索引,https://github.com/lovefc/china_school_badge,lovefc,False,community,未知,,社区项目；格式、工具及素材权利见上游说明,indexed_not_fetched,,https://github.com/lovefc/china_school_badge/blob/04f59e07f4b809acc60493324af5ca4aa610153d/css/fcicon.css,,,04f59e07f4b809acc60493324af5ca4aa610153d,Apache-2.0,CSS中文校名与本校全称匹配。社区校徽字体索引，LICENSE为Apache-2.0，但README另有保留作者及禁止倒卖说明。只收链接，未镜像字体或校徽；使用前核对上游条款及校徽权利。,,,,,,,,
4111010022,北京林业大学,北京市,community_history_reference,中国高校校史社区资料与可视化,https://github.com/jtchen2k/hcu,jtchen2k,False,community,未知,,社区项目；格式、工具及素材权利见上游说明,indexed_not_fetched,,https://github.com/jtchen2k/hcu/blob/8aeab521eb07d38a273318b8123caabf332e66e4/src/data/uni_info.json,,,8aeab521eb07d38a273318b8123caabf332e66e4,GPL-3.0,2022版社区校史项目；可作前身与沿革的检索起点，不等同现行官方口径。英文缩写不当作英文全名，占位描述不导入。只保存版本及入口，年份需结合校方历史起点解读。,,,,,,,,
4111010023,北京协和医学院,北京市,community_history_reference,中国高校校史社区资料与可视化,https://github.com/jtchen2k/hcu,jtchen2k,False,community,未知,,社区项目；格式、工具及素材权利见上游说明,indexed_not_fetched,,https://github.com/jtchen2k/hcu/blob/8aeab521eb07d38a273318b8123caabf332e66e4/src/data/uni_info.json,,,8aeab521eb07d38a273318b8123caabf332e66e4,GPL-3.0,2022版社区校史项目；可作前身与沿革的检索起点，不等同现行官方口径。英文缩写不当作英文全名，占位描述不导入。只保存版本及入口，年份需结合校方历史起点解读。,,,,,,,,
4111010025,首都医科大学,北京市,community_logo_reference,社区高校校徽字体索引,https://github.com/lovefc/china_school_badge,lovefc,False,community,未知,,社区项目；格式、工具及素材权利见上游说明,indexed_not_fetched,,https://github.com/lovefc/china_school_badge/blob/04f59e07f4b809acc60493324af5ca4aa610153d/css/fcicon.css,,,04f59e07f4b809acc60493324af5ca4aa610153d,Apache-2.0,CSS中文校名与本校全称匹配。社区校徽字体索引，LICENSE为Apache-2.0，但README另有保留作者及禁止倒卖说明。只收链接，未镜像字体或校徽；使用前核对上游条款及校徽权利。,,,,,,,,
4111010026,北京中医药大学,北京市,community_logo_reference,社区高校校徽字体索引,https://github.com/lovefc/china_school_badge,lovefc,False,community,未知,,社区项目；格式、工具及素材权利见上游说明,indexed_not_fetched,,https://github.com/lovefc/china_school_badge/blob/04f59e07f4b809acc60493324af5ca4aa610153d/css/fcicon.css,,,04f59e07f4b809acc60493324af5ca4aa610153d,Apache-2.0,CSS中文校名与本校全称匹配。社区校徽字体索引，LICENSE为Apache-2.0，但README另有保留作者及禁止倒卖说明。只收链接，未镜像字体或校徽；使用前核对上游条款及校徽权利。,,,,,,,,
4111010026,北京中医药大学,北京市,community_history_reference,中国高校校史社区资料与可视化,https://github.com/jtchen2k/hcu,jtchen2k,False,community,未知,,社区项目；格式、工具及素材权利见上游说明,indexed_not_fetched,,https://github.com/jtchen2k/hcu/blob/8aeab521eb07d38a273318b8123caabf332e66e4/src/data/uni_info.json,,,8aeab521eb07d38a273318b8123caabf332e66e4,GPL-3.0,2022版社区校史项目；可作前身与沿革的检索起点，不等同现行官方口径。英文缩写不当作英文全名，占位描述不导入。只保存版本及入口，年份需结合校方历史起点解读。,,,,,,,,
4111010027,北京师范大学,北京市,community_logo_reference,社区高校校徽字体索引,https://github.com/lovefc/china_school_badge,lovefc,False,community,未知,,社区项目；格式、工具及素材权利见上游说明,indexed_not_fetched,,https://github.com/lovefc/china_school_badge/blob/04f59e07f4b809acc60493324af5ca4aa610153d/css/fcicon.css,,,04f59e07f4b809acc60493324af5ca4aa610153d,Apache-2.0,CSS中文校名与本校全称匹配。社区校徽字体索引，LICENSE为Apache-2.0，但README另有保留作者及禁止倒卖说明。只收链接，未镜像字体或校徽；使用前核对上游条款及校徽权利。,,,,,,,,
4111010027,北京师范大学,北京市,community_history_reference,中国高校校史社区资料与可视化,https://github.com/jtchen2k/hcu,jtchen2k,False,community,未知,,社区项目；格式、工具及素材权利见上游说明,indexed_not_fetched,,https://github.com/jtchen2k/hcu/blob/8aeab521eb07d38a273318b8123caabf332e66e4/src/data/uni_info.json,,,8aeab521eb07d38a273318b8123caabf332e66e4,GPL-3.0,2022版社区校史项目；可作前身与沿革的检索起点，不等同现行官方口径。英文缩写不当作英文全名，占位描述不导入。只保存版本及入口，年份需结合校方历史起点解读。,,,,,,,,
4111010027,北京师范大学,北京市,community_logo_source,北京师范大学社区TikZ矢量标识源码,https://github.com/yuxtech/cnlogo/blob/daca8906123ca61186218ddda7369f95cc65a664/cnlogo/bnu.tex,yuxtech/cnlogo,False,community,TeX/TikZ,,社区项目；格式、工具及素材权利见上游说明,source_text_read,True,https://github.com/yuxtech/cnlogo/blob/daca8906123ca61186218ddda7369f95cc65a664/README.md,0231d5ac77de06808e43819037a10f4bd017db657f1a5b1b5fe5aa8f73fe07ca,yuxtech/cnlogo,daca8906123ca61186218ddda7369f95cc65a664,源代码声明AGPL-3.0；LICENSE将Logos/graphics排除在该许可之外,README与文件首行中文学校名均精确匹配教育部名称。源码为社区转换，需用户自行使用LaTeX/TikZ导出后用于PPT；本库没有编译或保证图形现行版本。代码许可不等于校徽图形许可；只保存固定版本源码入口、格式和内容哈希，不再分发代码或校徽。,,,,,,,,
4111010028,首都师范大学,北京市,community_logo_reference,社区高校校徽字体索引,https://github.com/lovefc/china_school_badge,lovefc,False,community,未知,,社区项目；格式、工具及素材权利见上游说明,indexed_not_fetched,,https://github.com/lovefc/china_school_badge/blob/04f59e07f4b809acc60493324af5ca4aa610153d/css/fcicon.css,,,04f59e07f4b809acc60493324af5ca4aa610153d,Apache-2.0,CSS中文校名与本校全称匹配。社区校徽字体索引，LICENSE为Apache-2.0，但README另有保留作者及禁止倒卖说明。只收链接，未镜像字体或校徽；使用前核对上游条款及校徽权利。,,,,,,,,
4111010028,首都师范大学,北京市,community_history_reference,中国高校校史社区资料与可视化,https://github.com/jtchen2k/hcu,jtchen2k,False,community,未知,,社区项目；格式、工具及素材权利见上游说明,indexed_not_fetched,,https://github.com/jtchen2k/hcu/blob/8aeab521eb07d38a273318b8123caabf332e66e4/src/data/uni_info.json,,,8aeab521eb07d38a273318b8123caabf332e66e4,GPL-3.0,2022版社区校史项目；可作前身与沿革的检索起点，不等同现行官方口径。英文缩写不当作英文全名，占位描述不导入。只保存版本及入口，年份需结合校方历史起点解读。,,,,,,,,
4111010030,北京外国语大学,北京市,community_logo_reference,社区高校校徽字体索引,https://github.com/lovefc/china_school_badge,lovefc,False,community,未知,,社区项目；格式、工具及素材权利见上游说明,indexed_not_fetched,,https://github.com/lovefc/china_school_badge/blob/04f59e07f4b809acc60493324af5ca4aa610153d/css/fcicon.css,,,04f59e07f4b809acc60493324af5ca4aa610153d,Apache-2.0,CSS中文校名与本校全称匹配。社区校徽字体索引，LICENSE为Apache-2.0，但README另有保留作者及禁止倒卖说明。只收链接，未镜像字体或校徽；使用前核对上游条款及校徽权利。,,,,,,,,
4111010030,北京外国语大学,北京市,community_history_reference,中国高校校史社区资料与可视化,https://github.com/jtchen2k/hcu,jtchen2k,False,community,未知,,社区项目；格式、工具及素材权利见上游说明,indexed_not_fetched,,https://github.com/jtchen2k/hcu/blob/8aeab521eb07d38a273318b8123caabf332e66e4/src/data/uni_info.json,,,8aeab521eb07d38a273318b8123caabf332e66e4,GPL-3.0,2022版社区校史项目；可作前身与沿革的检索起点，不等同现行官方口径。英文缩写不当作英文全名，占位描述不导入。只保存版本及入口，年份需结合校方历史起点解读。,,,,,,,,
4111010033,中国传媒大学,北京市,community_logo_reference,社区高校校徽字体索引,https://github.com/lovefc/china_school_badge,lovefc,False,community,未知,,社区项目；格式、工具及素材权利见上游说明,indexed_not_fetched,,https://github.com/lovefc/china_school_badge/blob/04f59e07f4b809acc60493324af5ca4aa610153d/css/fcicon.css,,,04f59e07f4b809acc60493324af5ca4aa610153d,Apache-2.0,CSS中文校名与本校全称匹配。社区校徽字体索引，LICENSE为Apache-2.0，但README另有保留作者及禁止倒卖说明。只收链接，未镜像字体或校徽；使用前核对上游条款及校徽权利。,,,,,,,,
4111010033,中国传媒大学,北京市,community_history_reference,中国高校校史社区资料与可视化,https://github.com/jtchen2k/hcu,jtchen2k,False,community,未知,,社区项目；格式、工具及素材权利见上游说明,indexed_not_fetched,,https://github.com/jtchen2k/hcu/blob/8aeab521eb07d38a273318b8123caabf332e66e4/src/data/uni_info.json,,,8aeab521eb07d38a273318b8123caabf332e66e4,GPL-3.0,2022版社区校史项目；可作前身与沿革的检索起点，不等同现行官方口径。英文缩写不当作英文全名，占位描述不导入。只保存版本及入口，年份需结合校方历史起点解读。,,,,,,,,
4111010033,中国传媒大学,北京市,community_logo_source,中国传媒大学社区TikZ矢量标识源码,https://github.com/yuxtech/cnlogo/blob/daca8906123ca61186218ddda7369f95cc65a664/cnlogo/zcmu.tex,yuxtech/cnlogo,False,community,TeX/TikZ,,社区项目；格式、工具及素材权利见上游说明,source_text_read,True,https://github.com/yuxtech/cnlogo/blob/daca8906123ca61186218ddda7369f95cc65a664/README.md,11f1fd898503d4886791be3bed248453810b5592d952556b0a247cb4456717db,yuxtech/cnlogo,daca8906123ca61186218ddda7369f95cc65a664,源代码声明AGPL-3.0；LICENSE将Logos/graphics排除在该许可之外,README与文件首行中文学校名均精确匹配教育部名称。源码为社区转换，需用户自行使用LaTeX/TikZ导出后用于PPT；本库没有编译或保证图形现行版本。代码许可不等于校徽图形许可；只保存固定版本源码入口、格式和内容哈希，不再分发代码或校徽。,,,,,,,,
4111010034,中央财经大学,北京市,community_logo_reference,社区高校校徽字体索引,https://github.com/lovefc/china_school_badge,lovefc,False,community,未知,,社区项目；格式、工具及素材权利见上游说明,indexed_not_fetched,,https://github.com/lovefc/china_school_badge/blob/04f59e07f4b809acc60493324af5ca4aa610153d/css/fcicon.css,,,04f59e07f4b809acc60493324af5ca4aa610153d,Apache-2.0,CSS中文校名与本校全称匹配。社区校徽字体索引，LICENSE为Apache-2.0，但README另有保留作者及禁止倒卖说明。只收链接，未镜像字体或校徽；使用前核对上游条款及校徽权利。,,,,,,,,
4111010036,对外经济贸易大学,北京市,community_logo_reference,社区高校校徽字体索引,https://github.com/lovefc/china_school_badge,lovefc,False,community,未知,,社区项目；格式、工具及素材权利见上游说明,indexed_not_fetched,,https://github.com/lovefc/china_school_badge/blob/04f59e07f4b809acc60493324af5ca4aa610153d/css/fcicon.css,,,04f59e07f4b809acc60493324af5ca4aa610153d,Apache-2.0,CSS中文校名与本校全称匹配。社区校徽字体索引，LICENSE为Apache-2.0，但README另有保留作者及禁止倒卖说明。只收链接，未镜像字体或校徽；使用前核对上游条款及校徽权利。,,,,,,,,
4111010036,对外经济贸易大学,北京市,community_history_reference,中国高校校史社区资料与可视化,https://github.com/jtchen2k/hcu,jtchen2k,False,community,未知,,社区项目；格式、工具及素材权利见上游说明,indexed_not_fetched,,https://github.com/jtchen2k/hcu/blob/8aeab521eb07d38a273318b8123caabf332e66e4/src/data/uni_info.json,,,8aeab521eb07d38a273318b8123caabf332e66e4,GPL-3.0,2022版社区校史项目；可作前身与沿革的检索起点，不等同现行官方口径。英文缩写不当作英文全名，占位描述不导入。只保存版本及入口，年份需结合校方历史起点解读。,,,,,,,,
4111010038,首都经济贸易大学,北京市,community_logo_reference,社区高校校徽字体索引,https://github.com/lovefc/china_school_badge,lovefc,False,community,未知,,社区项目；格式、工具及素材权利见上游说明,indexed_not_fetched,,https://github.com/lovefc/china_school_badge/blob/04f59e07f4b809acc60493324af5ca4aa610153d/css/fcicon.css,,,04f59e07f4b809acc60493324af5ca4aa610153d,Apache-2.0,CSS中文校名与本校全称匹配。社区校徽字体索引，LICENSE为Apache-2.0，但README另有保留作者及禁止倒卖说明。只收链接，未镜像字体或校徽；使用前核对上游条款及校徽权利。,,,,,,,,
4111010040,外交学院,北京市,community_history_reference,中国高校校史社区资料与可视化,https://github.com/jtchen2k/hcu,jtchen2k,False,community,未知,,社区项目；格式、工具及素材权利见上游说明,indexed_not_fetched,,https://github.com/jtchen2k/hcu/blob/8aeab521eb07d38a273318b8123caabf332e66e4/src/data/uni_info.json,,,8aeab521eb07d38a273318b8123caabf332e66e4,GPL-3.0,2022版社区校史项目；可作前身与沿革的检索起点，不等同现行官方口径。英文缩写不当作英文全名，占位描述不导入。只保存版本及入口，年份需结合校方历史起点解读。,,,,,,,,
4111010041,中国人民公安大学,北京市,community_history_reference,中国高校校史社区资料与可视化,https://github.com/jtchen2k/hcu,jtchen2k,False,community,未知,,社区项目；格式、工具及素材权利见上游说明,indexed_not_fetched,,https://github.com/jtchen2k/hcu/blob/8aeab521eb07d38a273318b8123caabf332e66e4/src/data/uni_info.json,,,8aeab521eb07d38a273318b8123caabf332e66e4,GPL-3.0,2022版社区校史项目；可作前身与沿革的检索起点，不等同现行官方口径。英文缩写不当作英文全名，占位描述不导入。只保存版本及入口，年份需结合校方历史起点解读。,,,,,,,,
4111010043,北京体育大学,北京市,community_history_reference,中国高校校史社区资料与可视化,https://github.com/jtchen2k/hcu,jtchen2k,False,community,未知,,社区项目；格式、工具及素材权利见上游说明,indexed_not_fetched,,https://github.com/jtchen2k/hcu/blob/8aeab521eb07d38a273318b8123caabf332e66e4/src/data/uni_info.json,,,8aeab521eb07d38a273318b8123caabf332e66e4,GPL-3.0,2022版社区校史项目；可作前身与沿革的检索起点，不等同现行官方口径。英文缩写不当作英文全名，占位描述不导入。只保存版本及入口，年份需结合校方历史起点解读。,,,,,,,,
4111010045,中央音乐学院,北京市,community_logo_reference,社区高校校徽字体索引,https://github.com/lovefc/china_school_badge,lovefc,False,community,未知,,社区项目；格式、工具及素材权利见上游说明,indexed_not_fetched,,https://github.com/lovefc/china_school_badge/blob/04f59e07f4b809acc60493324af5ca4aa610153d/css/fcicon.css,,,04f59e07f4b809acc60493324af5ca4aa610153d,Apache-2.0,CSS中文校名与本校全称匹配。社区校徽字体索引，LICENSE为Apache-2.0，但README另有保留作者及禁止倒卖说明。只收链接，未镜像字体或校徽；使用前核对上游条款及校徽权利。,,,,,,,,
4111010045,中央音乐学院,北京市,community_history_reference,中国高校校史社区资料与可视化,https://github.com/jtchen2k/hcu,jtchen2k,False,community,未知,,社区项目；格式、工具及素材权利见上游说明,indexed_not_fetched,,https://github.com/jtchen2k/hcu/blob/8aeab521eb07d38a273318b8123caabf332e66e4/src/data/uni_info.json,,,8aeab521eb07d38a273318b8123caabf332e66e4,GPL-3.0,2022版社区校史项目；可作前身与沿革的检索起点，不等同现行官方口径。英文缩写不当作英文全名，占位描述不导入。只保存版本及入口，年份需结合校方历史起点解读。,,,,,,,,
4111010046,中国音乐学院,北京市,community_logo_reference,社区高校校徽字体索引,https://github.com/lovefc/china_school_badge,lovefc,False,community,未知,,社区项目；格式、工具及素材权利见上游说明,indexed_not_fetched,,https://github.com/lovefc/china_school_badge/blob/04f59e07f4b809acc60493324af5ca4aa610153d/css/fcicon.css,,,04f59e07f4b809acc60493324af5ca4aa610153d,Apache-2.0,CSS中文校名与本校全称匹配。社区校徽字体索引，LICENSE为Apache-2.0，但README另有保留作者及禁止倒卖说明。只收链接，未镜像字体或校徽；使用前核对上游条款及校徽权利。,,,,,,,,
4111010046,中国音乐学院,北京市,community_history_reference,中国高校校史社区资料与可视化,https://github.com/jtchen2k/hcu,jtchen2k,False,community,未知,,社区项目；格式、工具及素材权利见上游说明,indexed_not_fetched,,https://github.com/jtchen2k/hcu/blob/8aeab521eb07d38a273318b8123caabf332e66e4/src/data/uni_info.json,,,8aeab521eb07d38a273318b8123caabf332e66e4,GPL-3.0,2022版社区校史项目；可作前身与沿革的检索起点，不等同现行官方口径。英文缩写不当作英文全名，占位描述不导入。只保存版本及入口，年份需结合校方历史起点解读。,,,,,,,,
4111010047,中央美术学院,北京市,community_history_reference,中国高校校史社区资料与可视化,https://github.com/jtchen2k/hcu,jtchen2k,False,community,未知,,社区项目；格式、工具及素材权利见上游说明,indexed_not_fetched,,https://github.com/jtchen2k/hcu/blob/8aeab521eb07d38a273318b8123caabf332e66e4/src/data/uni_info.json,,,8aeab521eb07d38a273318b8123caabf332e66e4,GPL-3.0,2022版社区校史项目；可作前身与沿革的检索起点，不等同现行官方口径。英文缩写不当作英文全名，占位描述不导入。只保存版本及入口，年份需结合校方历史起点解读。,,,,,,,,
4111010048,中央戏剧学院,北京市,community_history_reference,中国高校校史社区资料与可视化,https://github.com/jtchen2k/hcu,jtchen2k,False,community,未知,,社区项目；格式、工具及素材权利见上游说明,indexed_not_fetched,,https://github.com/jtchen2k/hcu/blob/8aeab521eb07d38a273318b8123caabf332e66e4/src/data/uni_info.json,,,8aeab521eb07d38a273318b8123caabf332e66e4,GPL-3.0,2022版社区校史项目；可作前身与沿革的检索起点，不等同现行官方口径。英文缩写不当作英文全名，占位描述不导入。只保存版本及入口，年份需结合校方历史起点解读。,,,,,,,,
4111010051,北京舞蹈学院,北京市,community_logo_reference,社区高校校徽字体索引,https://github.com/lovefc/china_school_badge,lovefc,False,community,未知,,社区项目；格式、工具及素材权利见上游说明,indexed_not_fetched,,https://github.com/lovefc/china_school_badge/blob/04f59e07f4b809acc60493324af5ca4aa610153d/css/fcicon.css,,,04f59e07f4b809acc60493324af5ca4aa610153d,Apache-2.0,CSS中文校名与本校全称匹配。社区校徽字体索引，LICENSE为Apache-2.0，但README另有保留作者及禁止倒卖说明。只收链接，未镜像字体或校徽；使用前核对上游条款及校徽权利。,,,,,,,,
4111010052,中央民族大学,北京市,community_logo_reference,社区高校校徽字体索引,https://github.com/lovefc/china_school_badge,lovefc,False,community,未知,,社区项目；格式、工具及素材权利见上游说明,indexed_not_fetched,,https://github.com/lovefc/china_school_badge/blob/04f59e07f4b809acc60493324af5ca4aa610153d/css/fcicon.css,,,04f59e07f4b809acc60493324af5ca4aa610153d,Apache-2.0,CSS中文校名与本校全称匹配。社区校徽字体索引，LICENSE为Apache-2.0，但README另有保留作者及禁止倒卖说明。只收链接，未镜像字体或校徽；使用前核对上游条款及校徽权利。,,,,,,,,
4111010052,中央民族大学,北京市,community_history_reference,中国高校校史社区资料与可视化,https://github.com/jtchen2k/hcu,jtchen2k,False,community,未知,,社区项目；格式、工具及素材权利见上游说明,indexed_not_fetched,,https://github.com/jtchen2k/hcu/blob/8aeab521eb07d38a273318b8123caabf332e66e4/src/data/uni_info.json,,,8aeab521eb07d38a273318b8123caabf332e66e4,GPL-3.0,2022版社区校史项目；可作前身与沿革的检索起点，不等同现行官方口径。英文缩写不当作英文全名，占位描述不导入。只保存版本及入口，年份需结合校方历史起点解读。,,,,,,,,
4111010052,中央民族大学,北京市,community_logo_source,中央民族大学社区TikZ矢量标识源码,https://github.com/yuxtech/cnlogo/blob/daca8906123ca61186218ddda7369f95cc65a664/cnlogo/muc.tex,yuxtech/cnlogo,False,community,TeX/TikZ,,社区项目；格式、工具及素材权利见上游说明,source_text_read,True,https://github.com/yuxtech/cnlogo/blob/daca8906123ca61186218ddda7369f95cc65a664/README.md,f8e87cb734cd28c96f18cac301d9d145ed2263249ea230093c54ea44f43b70c6,yuxtech/cnlogo,daca8906123ca61186218ddda7369f95cc65a664,源代码声明AGPL-3.0；LICENSE将Logos/graphics排除在该许可之外,README与文件首行中文学校名均精确匹配教育部名称。源码为社区转换，需用户自行使用LaTeX/TikZ导出后用于PPT；本库没有编译或保证图形现行版本。代码许可不等于校徽图形许可；只保存固定版本源码入口、格式和内容哈希，不再分发代码或校徽。,,,,,,,,
4111010053,中国政法大学,北京市,community_logo_reference,社区高校校徽字体索引,https://github.com/lovefc/china_school_badge,lovefc,False,community,未知,,社区项目；格式、工具及素材权利见上游说明,indexed_not_fetched,,https://github.com/lovefc/china_school_badge/blob/04f59e07f4b809acc60493324af5ca4aa610153d/css/fcicon.css,,,04f59e07f4b809acc60493324af5ca4aa610153d,Apache-2.0,CSS中文校名与本校全称匹配。社区校徽字体索引，LICENSE为Apache-2.0，但README另有保留作者及禁止倒卖说明。只收链接，未镜像字体或校徽；使用前核对上游条款及校徽权利。,,,,,,,,
4111010053,中国政法大学,北京市,community_history_reference,中国高校校史社区资料与可视化,https://github.com/jtchen2k/hcu,jtchen2k,False,community,未知,,社区项目；格式、工具及素材权利见上游说明,indexed_not_fetched,,https://github.com/jtchen2k/hcu/blob/8aeab521eb07d38a273318b8123caabf332e66e4/src/data/uni_info.json,,,8aeab521eb07d38a273318b8123caabf332e66e4,GPL-3.0,2022版社区校史项目；可作前身与沿革的检索起点，不等同现行官方口径。英文缩写不当作英文全名，占位描述不导入。只保存版本及入口，年份需结合校方历史起点解读。,,,,,,,,
4111010053,中国政法大学,北京市,community_logo_source,中国政法大学社区TikZ矢量标识源码,https://github.com/yuxtech/cnlogo/blob/daca8906123ca61186218ddda7369f95cc65a664/cnlogo/cupsl.tex,yuxtech/cnlogo,False,community,TeX/TikZ,,社区项目；格式、工具及素材权利见上游说明,source_text_read,True,https://github.com/yuxtech/cnlogo/blob/daca8906123ca61186218ddda7369f95cc65a664/README.md,a9eb2f2b7e60254fa15b494e7d332fa92cf075775854a7ad890fca9dbabd8ab9,yuxtech/cnlogo,daca8906123ca61186218ddda7369f95cc65a664,源代码声明AGPL-3.0；LICENSE将Logos/graphics排除在该许可之外,README与文件首行中文学校名均精确匹配教育部名称。源码为社区转换，需用户自行使用LaTeX/TikZ导出后用于PPT；本库没有编译或保证图形现行版本。代码许可不等于校徽图形许可；只保存固定版本源码入口、格式和内容哈希，不再分发代码或校徽。,,,,,,,,
4111010054,华北电力大学,北京市,community_logo_reference,社区高校校徽字体索引,https://github.com/lovefc/china_school_badge,lovefc,False,community,未知,,社区项目；格式、工具及素材权利见上游说明,indexed_not_fetched,,https://github.com/lovefc/china_school_badge/blob/04f59e07f4b809acc60493324af5ca4aa610153d/css/fcicon.css,,,04f59e07f4b809acc60493324af5ca4aa610153d,Apache-2.0,CSS中文校名与本校全称匹配。社区校徽字体索引，LICENSE为Apache-2.0，但README另有保留作者及禁止倒卖说明。只收链接，未镜像字体或校徽；使用前核对上游条款及校徽权利。,,,,,,,,
4111010054,华北电力大学,北京市,community_history_reference,中国高校校史社区资料与可视化,https://github.com/jtchen2k/hcu,jtchen2k,False,community,未知,,社区项目；格式、工具及素材权利见上游说明,indexed_not_fetched,,https://github.com/jtchen2k/hcu/blob/8aeab521eb07d38a273318b8123caabf332e66e4/src/data/uni_info.json,,,8aeab521eb07d38a273318b8123caabf332e66e4,GPL-3.0,2022版社区校史项目；可作前身与沿革的检索起点，不等同现行官方口径。英文缩写不当作英文全名，占位描述不导入。只保存版本及入口，年份需结合校方历史起点解读。,,,,,,,,
4111011149,中华女子学院,北京市,community_logo_reference,社区高校校徽字体索引,https://github.com/lovefc/china_school_badge,lovefc,False,community,未知,,社区项目；格式、工具及素材权利见上游说明,indexed_not_fetched,,https://github.com/lovefc/china_school_badge/blob/04f59e07f4b809acc60493324af5ca4aa610153d/css/fcicon.css,,,04f59e07f4b809acc60493324af5ca4aa610153d,Apache-2.0,CSS中文校名与本校全称匹配。社区校徽字体索引，LICENSE为Apache-2.0，但README另有保留作者及禁止倒卖说明。只收链接，未镜像字体或校徽；使用前核对上游条款及校徽权利。,,,,,,,,
4111011414,中国石油大学(北京),北京市,community_logo_reference,社区高校校徽字体索引,https://github.com/lovefc/china_school_badge,lovefc,False,community,未知,,社区项目；格式、工具及素材权利见上游说明,indexed_not_fetched,,https://github.com/lovefc/china_school_badge/blob/04f59e07f4b809acc60493324af5ca4aa610153d/css/fcicon.css,,,04f59e07f4b809acc60493324af5ca4aa610153d,Apache-2.0,CSS中文校名与本校全称匹配。社区校徽字体索引，LICENSE为Apache-2.0，但README另有保留作者及禁止倒卖说明。只收链接，未镜像字体或校徽；使用前核对上游条款及校徽权利。,,,,,,,,
4111014430,中国科学院大学,北京市,community_template,中国科学院大学社区Beamer主题,https://github.com/icgw/ucas-beamer,icgw,False,community,LaTeX/Beamer,,社区项目；格式、工具及素材权利见上游说明,indexed_not_fetched,,https://github.com/icgw/ucas-beamer/blob/cc75a0af0addaed81482af17055b68df47225338/README.md,,,cc75a0af0addaed81482af17055b68df47225338,MIT,社区LaTeX/Beamer主题，需相应编译环境；不等同PPTX或校方发布。仅记录入口，不镜像字体、校徽或主题源码。使用前查阅上游许可。,,,,,,,,
4111014430,中国科学院大学,北京市,community_logo_reference,社区高校校徽字体索引,https://github.com/lovefc/china_school_badge,lovefc,False,community,未知,,社区项目；格式、工具及素材权利见上游说明,indexed_not_fetched,,https://github.com/lovefc/china_school_badge/blob/04f59e07f4b809acc60493324af5ca4aa610153d/css/fcicon.css,,,04f59e07f4b809acc60493324af5ca4aa610153d,Apache-2.0,CSS中文校名与本校全称匹配。社区校徽字体索引，LICENSE为Apache-2.0，但README另有保留作者及禁止倒卖说明。只收链接，未镜像字体或校徽；使用前核对上游条款及校徽权利。,,,,,,,,
4111014430,中国科学院大学,北京市,community_history_reference,中国高校校史社区资料与可视化,https://github.com/jtchen2k/hcu,jtchen2k,False,community,未知,,社区项目；格式、工具及素材权利见上游说明,indexed_not_fetched,,https://github.com/jtchen2k/hcu/blob/8aeab521eb07d38a273318b8123caabf332e66e4/src/data/uni_info.json,,,8aeab521eb07d38a273318b8123caabf332e66e4,GPL-3.0,2022版社区校史项目；可作前身与沿革的检索起点，不等同现行官方口径。英文缩写不当作英文全名，占位描述不导入。只保存版本及入口，年份需结合校方历史起点解读。,,,,,,,,
4111014430,中国科学院大学,北京市,community_logo_source,中国科学院大学社区TikZ矢量标识源码,https://github.com/yuxtech/cnlogo/blob/daca8906123ca61186218ddda7369f95cc65a664/cnlogo/zky.tex,yuxtech/cnlogo,False,community,TeX/TikZ,,社区项目；格式、工具及素材权利见上游说明,source_text_read,True,https://github.com/yuxtech/cnlogo/blob/daca8906123ca61186218ddda7369f95cc65a664/README.md,cbaf794d977077ab24d55fb78d6693ecad827f783a781d191bf7939b5106be55,yuxtech/cnlogo,daca8906123ca61186218ddda7369f95cc65a664,源代码声明AGPL-3.0；LICENSE将Logos/graphics排除在该许可之外,README与文件首行中文学校名均精确匹配教育部名称。源码为社区转换，需用户自行使用LaTeX/TikZ导出后用于PPT；本库没有编译或保证图形现行版本。代码许可不等于校徽图形许可；只保存固定版本源码入口、格式和内容哈希，不再分发代码或校徽。,,,,,,,,
4111014596,中国社会科学院大学,北京市,community_logo_reference,社区高校校徽字体索引,https://github.com/lovefc/china_school_badge,lovefc,False,community,未知,,社区项目；格式、工具及素材权利见上游说明,indexed_not_fetched,,https://github.com/lovefc/china_school_badge/blob/04f59e07f4b809acc60493324af5ca4aa610153d/css/fcicon.css,,,04f59e07f4b809acc60493324af5ca4aa610153d,Apache-2.0,CSS中文校名与本校全称匹配。社区校徽字体索引，LICENSE为Apache-2.0，但README另有保留作者及禁止倒卖说明。只收链接，未镜像字体或校徽；使用前核对上游条款及校徽权利。,,,,,,,,
4122010183,吉林大学,吉林省,community_logo_reference,社区高校校徽字体索引,https://github.com/lovefc/china_school_badge,lovefc,False,community,未知,,社区项目；格式、工具及素材权利见上游说明,indexed_not_fetched,,https://github.com/lovefc/china_school_badge/blob/04f59e07f4b809acc60493324af5ca4aa610153d/css/fcicon.css,,,04f59e07f4b809acc60493324af5ca4aa610153d,Apache-2.0,CSS中文校名与本校全称匹配。社区校徽字体索引，LICENSE为Apache-2.0，但README另有保留作者及禁止倒卖说明。只收链接，未镜像字体或校徽；使用前核对上游条款及校徽权利。,,,,,,,,
4122010183,吉林大学,吉林省,community_history_reference,中国高校校史社区资料与可视化,https://github.com/jtchen2k/hcu,jtchen2k,False,community,未知,,社区项目；格式、工具及素材权利见上游说明,indexed_not_fetched,,https://github.com/jtchen2k/hcu/blob/8aeab521eb07d38a273318b8123caabf332e66e4/src/data/uni_info.json,,,8aeab521eb07d38a273318b8123caabf332e66e4,GPL-3.0,2022版社区校史项目；可作前身与沿革的检索起点，不等同现行官方口径。英文缩写不当作英文全名，占位描述不导入。只保存版本及入口，年份需结合校方历史起点解读。,,,,,,,,
4122010183,吉林大学,吉林省,community_logo_source,吉林大学社区TikZ矢量标识源码,https://github.com/yuxtech/cnlogo/blob/daca8906123ca61186218ddda7369f95cc65a664/cnlogo/jlu.tex,yuxtech/cnlogo,False,community,TeX/TikZ,,社区项目；格式、工具及素材权利见上游说明,source_text_read,True,https://github.com/yuxtech/cnlogo/blob/daca8906123ca61186218ddda7369f95cc65a664/README.md,54d9f37f794f6b6e1c632ad5f78c4bc67dae97531a2bb13bb0681cbcad9bc34a,yuxtech/cnlogo,daca8906123ca61186218ddda7369f95cc65a664,源代码声明AGPL-3.0；LICENSE将Logos/graphics排除在该许可之外,README与文件首行中文学校名均精确匹配教育部名称。源码为社区转换，需用户自行使用LaTeX/TikZ导出后用于PPT；本库没有编译或保证图形现行版本。代码许可不等于校徽图形许可；只保存固定版本源码入口、格式和内容哈希，不再分发代码或校徽。,,,,,,,,
4122010184,延边大学,吉林省,community_logo_reference,社区高校校徽字体索引,https://github.com/lovefc/china_school_badge,lovefc,False,community,未知,,社区项目；格式、工具及素材权利见上游说明,indexed_not_fetched,,https://github.com/lovefc/china_school_badge/blob/04f59e07f4b809acc60493324af5ca4aa610153d/css/fcicon.css,,,04f59e07f4b809acc60493324af5ca4aa610153d,Apache-2.0,CSS中文校名与本校全称匹配。社区校徽字体索引，LICENSE为Apache-2.0，但README另有保留作者及禁止倒卖说明。只收链接，未镜像字体或校徽；使用前核对上游条款及校徽权利。,,,,,,,,
4122010184,延边大学,吉林省,community_history_reference,中国高校校史社区资料与可视化,https://github.com/jtchen2k/hcu,jtchen2k,False,community,未知,,社区项目；格式、工具及素材权利见上游说明,indexed_not_fetched,,https://github.com/jtchen2k/hcu/blob/8aeab521eb07d38a273318b8123caabf332e66e4/src/data/uni_info.json,,,8aeab521eb07d38a273318b8123caabf332e66e4,GPL-3.0,2022版社区校史项目；可作前身与沿革的检索起点，不等同现行官方口径。英文缩写不当作英文全名，占位描述不导入。只保存版本及入口，年份需结合校方历史起点解读。,,,,,,,,
4122010186,长春理工大学,吉林省,community_logo_reference,社区高校校徽字体索引,https://github.com/lovefc/china_school_badge,lovefc,False,community,未知,,社区项目；格式、工具及素材权利见上游说明,indexed_not_fetched,,https://github.com/lovefc/china_school_badge/blob/04f59e07f4b809acc60493324af5ca4aa610153d/css/fcicon.css,,,04f59e07f4b809acc60493324af5ca4aa610153d,Apache-2.0,CSS中文校名与本校全称匹配。社区校徽字体索引，LICENSE为Apache-2.0，但README另有保留作者及禁止倒卖说明。只收链接，未镜像字体或校徽；使用前核对上游条款及校徽权利。,,,,,,,,
4122010200,东北师范大学,吉林省,community_logo_reference,社区高校校徽字体索引,https://github.com/lovefc/china_school_badge,lovefc,False,community,未知,,社区项目；格式、工具及素材权利见上游说明,indexed_not_fetched,,https://github.com/lovefc/china_school_badge/blob/04f59e07f4b809acc60493324af5ca4aa610153d/css/fcicon.css,,,04f59e07f4b809acc60493324af5ca4aa610153d,Apache-2.0,CSS中文校名与本校全称匹配。社区校徽字体索引，LICENSE为Apache-2.0，但README另有保留作者及禁止倒卖说明。只收链接，未镜像字体或校徽；使用前核对上游条款及校徽权利。,,,,,,,,
4122010200,东北师范大学,吉林省,community_history_reference,中国高校校史社区资料与可视化,https://github.com/jtchen2k/hcu,jtchen2k,False,community,未知,,社区项目；格式、工具及素材权利见上游说明,indexed_not_fetched,,https://github.com/jtchen2k/hcu/blob/8aeab521eb07d38a273318b8123caabf332e66e4/src/data/uni_info.json,,,8aeab521eb07d38a273318b8123caabf332e66e4,GPL-3.0,2022版社区校史项目；可作前身与沿革的检索起点，不等同现行官方口径。英文缩写不当作英文全名，占位描述不导入。只保存版本及入口，年份需结合校方历史起点解读。,,,,,,,,
4151010610,四川大学,四川省,community_template,四川大学社区Beamer主题,https://github.com/FvNCCR228/SCU-Beamer-Theme,FvNCCR228,False,community,LaTeX/Beamer,,社区项目；格式、工具及素材权利见上游说明,indexed_not_fetched,,https://github.com/FvNCCR228/SCU-Beamer-Theme/blob/97a1f1421eec02bdeb3822d8993dc83b1a253f7e/README.md,,,97a1f1421eec02bdeb3822d8993dc83b1a253f7e,LPPL-1.3c,社区LaTeX/Beamer主题，需相应编译环境；不等同PPTX或校方发布。仅记录入口，不镜像字体、校徽或主题源码。使用前查阅上游许可。,,,,,,,,
4151010610,四川大学,四川省,community_logo_reference,社区高校校徽字体索引,https://github.com/lovefc/china_school_badge,lovefc,False,community,未知,,社区项目；格式、工具及素材权利见上游说明,indexed_not_fetched,,https://github.com/lovefc/china_school_badge/blob/04f59e07f4b809acc60493324af5ca4aa610153d/css/fcicon.css,,,04f59e07f4b809acc60493324af5ca4aa610153d,Apache-2.0,CSS中文校名与本校全称匹配。社区校徽字体索引，LICENSE为Apache-2.0，但README另有保留作者及禁止倒卖说明。只收链接，未镜像字体或校徽；使用前核对上游条款及校徽权利。,,,,,,,,
4151010610,四川大学,四川省,community_history_reference,中国高校校史社区资料与可视化,https://github.com/jtchen2k/hcu,jtchen2k,False,community,未知,,社区项目；格式、工具及素材权利见上游说明,indexed_not_fetched,,https://github.com/jtchen2k/hcu/blob/8aeab521eb07d38a273318b8123caabf332e66e4/src/data/uni_info.json,,,8aeab521eb07d38a273318b8123caabf332e66e4,GPL-3.0,2022版社区校史项目；可作前身与沿革的检索起点，不等同现行官方口径。英文缩写不当作英文全名，占位描述不导入。只保存版本及入口，年份需结合校方历史起点解读。,,,,,,,,
4151010610,四川大学,四川省,community_logo_source,四川大学社区TikZ矢量标识源码,https://github.com/yuxtech/cnlogo/blob/daca8906123ca61186218ddda7369f95cc65a664/cnlogo/scu.tex,yuxtech/cnlogo,False,community,TeX/TikZ,,社区项目；格式、工具及素材权利见上游说明,source_text_read,True,https://github.com/yuxtech/cnlogo/blob/daca8906123ca61186218ddda7369f95cc65a664/README.md,bc3b0c45a60760c23ed31c724111de0f066b39f4f2da865f730ea5f471cd5533,yuxtech/cnlogo,daca8906123ca61186218ddda7369f95cc65a664,源代码声明AGPL-3.0；LICENSE将Logos/graphics排除在该许可之外,README与文件首行中文学校名均精确匹配教育部名称。源码为社区转换，需用户自行使用LaTeX/TikZ导出后用于PPT；本库没有编译或保证图形现行版本。代码许可不等于校徽图形许可；只保存固定版本源码入口、格式和内容哈希，不再分发代码或校徽。,,,,,,,,
4151010613,西南交通大学,四川省,community_logo_reference,社区高校校徽字体索引,https://github.com/lovefc/china_school_badge,lovefc,False,community,未知,,社区项目；格式、工具及素材权利见上游说明,indexed_not_fetched,,https://github.com/lovefc/china_school_badge/blob/04f59e07f4b809acc60493324af5ca4aa610153d/css/fcicon.css,,,04f59e07f4b809acc60493324af5ca4aa610153d,Apache-2.0,CSS中文校名与本校全称匹配。社区校徽字体索引，LICENSE为Apache-2.0，但README另有保留作者及禁止倒卖说明。只收链接，未镜像字体或校徽；使用前核对上游条款及校徽权利。,,,,,,,,
4151010613,西南交通大学,四川省,community_history_reference,中国高校校史社区资料与可视化,https://github.com/jtchen2k/hcu,jtchen2k,False,community,未知,,社区项目；格式、工具及素材权利见上游说明,indexed_not_fetched,,https://github.com/jtchen2k/hcu/blob/8aeab521eb07d38a273318b8123caabf332e66e4/src/data/uni_info.json,,,8aeab521eb07d38a273318b8123caabf332e66e4,GPL-3.0,2022版社区校史项目；可作前身与沿革的检索起点，不等同现行官方口径。英文缩写不当作英文全名，占位描述不导入。只保存版本及入口，年份需结合校方历史起点解读。,,,,,,,,
4151010614,电子科技大学,四川省,community_logo_reference,社区高校校徽字体索引,https://github.com/lovefc/china_school_badge,lovefc,False,community,未知,,社区项目；格式、工具及素材权利见上游说明,indexed_not_fetched,,https://github.com/lovefc/china_school_badge/blob/04f59e07f4b809acc60493324af5ca4aa610153d/css/fcicon.css,,,04f59e07f4b809acc60493324af5ca4aa610153d,Apache-2.0,CSS中文校名与本校全称匹配。社区校徽字体索引，LICENSE为Apache-2.0，但README另有保留作者及禁止倒卖说明。只收链接，未镜像字体或校徽；使用前核对上游条款及校徽权利。,,,,,,,,
4151010614,电子科技大学,四川省,community_history_reference,中国高校校史社区资料与可视化,https://github.com/jtchen2k/hcu,jtchen2k,False,community,未知,,社区项目；格式、工具及素材权利见上游说明,indexed_not_fetched,,https://github.com/jtchen2k/hcu/blob/8aeab521eb07d38a273318b8123caabf332e66e4/src/data/uni_info.json,,,8aeab521eb07d38a273318b8123caabf332e66e4,GPL-3.0,2022版社区校史项目；可作前身与沿革的检索起点，不等同现行官方口径。英文缩写不当作英文全名，占位描述不导入。只保存版本及入口，年份需结合校方历史起点解读。,,,,,,,,
4151010615,西南石油大学,四川省,community_logo_reference,社区高校校徽字体索引,https://github.com/lovefc/china_school_badge,lovefc,False,community,未知,,社区项目；格式、工具及素材权利见上游说明,indexed_not_fetched,,https://github.com/lovefc/china_school_badge/blob/04f59e07f4b809acc60493324af5ca4aa610153d/css/fcicon.css,,,04f59e07f4b809acc60493324af5ca4aa610153d,Apache-2.0,CSS中文校名与本校全称匹配。社区校徽字体索引，LICENSE为Apache-2.0，但README另有保留作者及禁止倒卖说明。只收链接，未镜像字体或校徽；使用前核对上游条款及校徽权利。,,,,,,,,
4151010615,西南石油大学,四川省,community_history_reference,中国高校校史社区资料与可视化,https://github.com/jtchen2k/hcu,jtchen2k,False,community,未知,,社区项目；格式、工具及素材权利见上游说明,indexed_not_fetched,,https://github.com/jtchen2k/hcu/blob/8aeab521eb07d38a273318b8123caabf332e66e4/src/data/uni_info.json,,,8aeab521eb07d38a273318b8123caabf332e66e4,GPL-3.0,2022版社区校史项目；可作前身与沿革的检索起点，不等同现行官方口径。英文缩写不当作英文全名，占位描述不导入。只保存版本及入口，年份需结合校方历史起点解读。,,,,,,,,
4151010616,成都理工大学,四川省,community_logo_reference,社区高校校徽字体索引,https://github.com/lovefc/china_school_badge,lovefc,False,community,未知,,社区项目；格式、工具及素材权利见上游说明,indexed_not_fetched,,https://github.com/lovefc/china_school_badge/blob/04f59e07f4b809acc60493324af5ca4aa610153d/css/fcicon.css,,,04f59e07f4b809acc60493324af5ca4aa610153d,Apache-2.0,CSS中文校名与本校全称匹配。社区校徽字体索引，LICENSE为Apache-2.0，但README另有保留作者及禁止倒卖说明。只收链接，未镜像字体或校徽；使用前核对上游条款及校徽权利。,,,,,,,,
4151010616,成都理工大学,四川省,community_history_reference,中国高校校史社区资料与可视化,https://github.com/jtchen2k/hcu,jtchen2k,False,community,未知,,社区项目；格式、工具及素材权利见上游说明,indexed_not_fetched,,https://github.com/jtchen2k/hcu/blob/8aeab521eb07d38a273318b8123caabf332e66e4/src/data/uni_info.json,,,8aeab521eb07d38a273318b8123caabf332e66e4,GPL-3.0,2022版社区校史项目；可作前身与沿革的检索起点，不等同现行官方口径。英文缩写不当作英文全名，占位描述不导入。只保存版本及入口，年份需结合校方历史起点解读。,,,,,,,,
4151010619,西南科技大学,四川省,community_logo_reference,社区高校校徽字体索引,https://github.com/lovefc/china_school_badge,lovefc,False,community,未知,,社区项目；格式、工具及素材权利见上游说明,indexed_not_fetched,,https://github.com/lovefc/china_school_badge/blob/04f59e07f4b809acc60493324af5ca4aa610153d/css/fcicon.css,,,04f59e07f4b809acc60493324af5ca4aa610153d,Apache-2.0,CSS中文校名与本校全称匹配。社区校徽字体索引，LICENSE为Apache-2.0，但README另有保留作者及禁止倒卖说明。只收链接，未镜像字体或校徽；使用前核对上游条款及校徽权利。,,,,,,,,
4151010621,成都信息工程大学,四川省,community_logo_reference,社区高校校徽字体索引,https://github.com/lovefc/china_school_badge,lovefc,False,community,未知,,社区项目；格式、工具及素材权利见上游说明,indexed_not_fetched,,https://github.com/lovefc/china_school_badge/blob/04f59e07f4b809acc60493324af5ca4aa610153d/css/fcicon.css,,,04f59e07f4b809acc60493324af5ca4aa610153d,Apache-2.0,CSS中文校名与本校全称匹配。社区校徽字体索引，LICENSE为Apache-2.0，但README另有保留作者及禁止倒卖说明。只收链接，未镜像字体或校徽；使用前核对上游条款及校徽权利。,,,,,,,,
4151010623,西华大学,四川省,community_logo_reference,社区高校校徽字体索引,https://github.com/lovefc/china_school_badge,lovefc,False,community,未知,,社区项目；格式、工具及素材权利见上游说明,indexed_not_fetched,,https://github.com/lovefc/china_school_badge/blob/04f59e07f4b809acc60493324af5ca4aa610153d/css/fcicon.css,,,04f59e07f4b809acc60493324af5ca4aa610153d,Apache-2.0,CSS中文校名与本校全称匹配。社区校徽字体索引，LICENSE为Apache-2.0，但README另有保留作者及禁止倒卖说明。只收链接，未镜像字体或校徽；使用前核对上游条款及校徽权利。,,,,,,,,
4151010624,中国民用航空飞行学院,四川省,official_template,中国民用航空飞行学院官网视觉资源页 PPT模板发布/下载页,https://vi.cafuc.edu.cn/,中国民用航空飞行学院官网视觉资源页,True,school,HTML,,校方公开HTML页已读取；页面内附件或外部下载目标另行索引,page_read,True,https://vi.cafuc.edu.cn/,7ccbe05870398bb4717c5e0db3e830c1db20338b601e7c5423c98c57155004df,,,,发布范围：学校通用；按发布页说明使用。,,,,,,,,
4151010624,中国民用航空飞行学院,四川省,official_template,中国民用航空飞行学院官网视觉资源页 PPT模板发布/下载页,https://vi.cafuc.edu.cn/index.htm,中国民用航空飞行学院官网视觉资源页,True,school,HTML,,校方公开HTML页已读取；页面内附件或外部下载目标另行索引,page_read,True,https://vi.cafuc.edu.cn/index.htm,7ccbe05870398bb4717c5e0db3e830c1db20338b601e7c5423c98c57155004df,,,,发布范围：学校通用；按发布页说明使用。,,,,,,,,
4151010624,中国民用航空飞行学院,四川省,official_template,PPT模板,https://vi.cafuc.edu.cn/info/1007/1124.htm,中国民用航空飞行学院官网视觉资源页,True,school,HTML,,已读取校方发布页；附件目标尚未读取，格式按原链接文件名，动态端点或网盘可能需要登录/提取码,page_read,True,https://vi.cafuc.edu.cn/,7ccbe05870398bb4717c5e0db3e830c1db20338b601e7c5423c98c57155004df,,,,发布范围：学校通用。仅索引入口；未编译、未打开模板，不保证当前可下载或模板中字体与图形的独立授权。,,,,,,,,target_page_read
4151010624,中国民用航空飞行学院,四川省,official_template,PPT模板,https://vi.cafuc.edu.cn/info/1007/1124.htm,中国民用航空飞行学院官网视觉资源页,True,school,HTML,,已读取校方发布页；附件目标尚未读取，格式按原链接文件名，动态端点或网盘可能需要登录/提取码,page_read,True,https://vi.cafuc.edu.cn/index.htm,7ccbe05870398bb4717c5e0db3e830c1db20338b601e7c5423c98c57155004df,,,,发布范围：学校通用。仅索引入口；未编译、未打开模板，不保证当前可下载或模板中字体与图形的独立授权。,,,,,,,,target_page_read
4151010626,四川农业大学,四川省,community_logo_reference,社区高校校徽字体索引,https://github.com/lovefc/china_school_badge,lovefc,False,community,未知,,社区项目；格式、工具及素材权利见上游说明,indexed_not_fetched,,https://github.com/lovefc/china_school_badge/blob/04f59e07f4b809acc60493324af5ca4aa610153d/css/fcicon.css,,,04f59e07f4b809acc60493324af5ca4aa610153d,Apache-2.0,CSS中文校名与本校全称匹配。社区校徽字体索引，LICENSE为Apache-2.0，但README另有保留作者及禁止倒卖说明。只收链接，未镜像字体或校徽；使用前核对上游条款及校徽权利。,,,,,,,,
4151010626,四川农业大学,四川省,community_history_reference,中国高校校史社区资料与可视化,https://github.com/jtchen2k/hcu,jtchen2k,False,community,未知,,社区项目；格式、工具及素材权利见上游说明,indexed_not_fetched,,https://github.com/jtchen2k/hcu/blob/8aeab521eb07d38a273318b8123caabf332e66e4/src/data/uni_info.json,,,8aeab521eb07d38a273318b8123caabf332e66e4,GPL-3.0,2022版社区校史项目；可作前身与沿革的检索起点，不等同现行官方口径。英文缩写不当作英文全名，占位描述不导入。只保存版本及入口，年份需结合校方历史起点解读。,,,,,,,,
4151010632,西南医科大学,四川省,official_template,西南医科大学官方PPT入口,https://www.swmu.edu.cn/info/1078/62981.htm,中共西南医科大学委员会宣传部,True,unspecified,HTML/未知,,供全校师生用于教学、科研、管理和校园活动；可按需调整字体、颜色与背景，不得擅自更改校名、校标。,indexed_not_fetched,,https://www.swmu.edu.cn/info/1078/62981.htm,,,,,,,,,,,,,
4151010633,成都中医药大学,四川省,community_logo_reference,社区高校校徽字体索引,https://github.com/lovefc/china_school_badge,lovefc,False,community,未知,,社区项目；格式、工具及素材权利见上游说明,indexed_not_fetched,,https://github.com/lovefc/china_school_badge/blob/04f59e07f4b809acc60493324af5ca4aa610153d/css/fcicon.css,,,04f59e07f4b809acc60493324af5ca4aa610153d,Apache-2.0,CSS中文校名与本校全称匹配。社区校徽字体索引，LICENSE为Apache-2.0，但README另有保留作者及禁止倒卖说明。只收链接，未镜像字体或校徽；使用前核对上游条款及校徽权利。,,,,,,,,
4151010633,成都中医药大学,四川省,community_history_reference,中国高校校史社区资料与可视化,https://github.com/jtchen2k/hcu,jtchen2k,False,community,未知,,社区项目；格式、工具及素材权利见上游说明,indexed_not_fetched,,https://github.com/jtchen2k/hcu/blob/8aeab521eb07d38a273318b8123caabf332e66e4/src/data/uni_info.json,,,8aeab521eb07d38a273318b8123caabf332e66e4,GPL-3.0,2022版社区校史项目；可作前身与沿革的检索起点，不等同现行官方口径。英文缩写不当作英文全名，占位描述不导入。只保存版本及入口，年份需结合校方历史起点解读。,,,,,,,,
4151010636,四川师范大学,四川省,community_logo_reference,社区高校校徽字体索引,https://github.com/lovefc/china_school_badge,lovefc,False,community,未知,,社区项目；格式、工具及素材权利见上游说明,indexed_not_fetched,,https://github.com/lovefc/china_school_badge/blob/04f59e07f4b809acc60493324af5ca4aa610153d/css/fcicon.css,,,04f59e07f4b809acc60493324af5ca4aa610153d,Apache-2.0,CSS中文校名与本校全称匹配。社区校徽字体索引，LICENSE为Apache-2.0，但README另有保留作者及禁止倒卖说明。只收链接，未镜像字体或校徽；使用前核对上游条款及校徽权利。,,,,,,,,
4151010638,西华师范大学,四川省,community_logo_reference,社区高校校徽字体索引,https://github.com/lovefc/china_school_badge,lovefc,False,community,未知,,社区项目；格式、工具及素材权利见上游说明,indexed_not_fetched,,https://github.com/lovefc/china_school_badge/blob/04f59e07f4b809acc60493324af5ca4aa610153d/css/fcicon.css,,,04f59e07f4b809acc60493324af5ca4aa610153d,Apache-2.0,CSS中文校名与本校全称匹配。社区校徽字体索引，LICENSE为Apache-2.0，但README另有保留作者及禁止倒卖说明。只收链接，未镜像字体或校徽；使用前核对上游条款及校徽权利。,,,,,,,,
4151010651,西南财经大学,四川省,community_logo_reference,社区高校校徽字体索引,https://github.com/lovefc/china_school_badge,lovefc,False,community,未知,,社区项目；格式、工具及素材权利见上游说明,indexed_not_fetched,,https://github.com/lovefc/china_school_badge/blob/04f59e07f4b809acc60493324af5ca4aa610153d/css/fcicon.css,,,04f59e07f4b809acc60493324af5ca4aa610153d,Apache-2.0,CSS中文校名与本校全称匹配。社区校徽字体索引，LICENSE为Apache-2.0，但README另有保留作者及禁止倒卖说明。只收链接，未镜像字体或校徽；使用前核对上游条款及校徽权利。,,,,,,,,
4151010651,西南财经大学,四川省,community_history_reference,中国高校校史社区资料与可视化,https://github.com/jtchen2k/hcu,jtchen2k,False,community,未知,,社区项目；格式、工具及素材权利见上游说明,indexed_not_fetched,,https://github.com/jtchen2k/hcu/blob/8aeab521eb07d38a273318b8123caabf332e66e4/src/data/uni_info.json,,,8aeab521eb07d38a273318b8123caabf332e66e4,GPL-3.0,2022版社区校史项目；可作前身与沿革的检索起点，不等同现行官方口径。英文缩写不当作英文全名，占位描述不导入。只保存版本及入口，年份需结合校方历史起点解读。,,,,,,,,
4151011079,成都大学,四川省,community_logo_reference,社区高校校徽字体索引,https://github.com/lovefc/china_school_badge,lovefc,False,community,未知,,社区项目；格式、工具及素材权利见上游说明,indexed_not_fetched,,https://github.com/lovefc/china_school_badge/blob/04f59e07f4b809acc60493324af5ca4aa610153d/css/fcicon.css,,,04f59e07f4b809acc60493324af5ca4aa610153d,Apache-2.0,CSS中文校名与本校全称匹配。社区校徽字体索引，LICENSE为Apache-2.0，但README另有保留作者及禁止倒卖说明。只收链接，未镜像字体或校徽；使用前核对上游条款及校徽权利。,,,,,,,,
4112010055,南开大学,天津市,community_logo_reference,社区高校校徽字体索引,https://github.com/lovefc/china_school_badge,lovefc,False,community,未知,,社区项目；格式、工具及素材权利见上游说明,indexed_not_fetched,,https://github.com/lovefc/china_school_badge/blob/04f59e07f4b809acc60493324af5ca4aa610153d/css/fcicon.css,,,04f59e07f4b809acc60493324af5ca4aa610153d,Apache-2.0,CSS中文校名与本校全称匹配。社区校徽字体索引，LICENSE为Apache-2.0，但README另有保留作者及禁止倒卖说明。只收链接，未镜像字体或校徽；使用前核对上游条款及校徽权利。,,,,,,,,
4112010055,南开大学,天津市,community_history_reference,中国高校校史社区资料与可视化,https://github.com/jtchen2k/hcu,jtchen2k,False,community,未知,,社区项目；格式、工具及素材权利见上游说明,indexed_not_fetched,,https://github.com/jtchen2k/hcu/blob/8aeab521eb07d38a273318b8123caabf332e66e4/src/data/uni_info.json,,,8aeab521eb07d38a273318b8123caabf332e66e4,GPL-3.0,2022版社区校史项目；可作前身与沿革的检索起点，不等同现行官方口径。英文缩写不当作英文全名，占位描述不导入。只保存版本及入口，年份需结合校方历史起点解读。,,,,,,,,
4112010055,南开大学,天津市,community_logo_source,南开大学社区TikZ矢量标识源码,https://github.com/yuxtech/cnlogo/blob/daca8906123ca61186218ddda7369f95cc65a664/cnlogo/nku.tex,yuxtech/cnlogo,False,community,TeX/TikZ,,社区项目；格式、工具及素材权利见上游说明,source_text_read,True,https://github.com/yuxtech/cnlogo/blob/daca8906123ca61186218ddda7369f95cc65a664/README.md,7f237a3ec72d37c8e1b8a8e6adc845f927fe7db3dbf70d36a6d7b480cfc1ff12,yuxtech/cnlogo,daca8906123ca61186218ddda7369f95cc65a664,源代码声明AGPL-3.0；LICENSE将Logos/graphics排除在该许可之外,README与文件首行中文学校名均精确匹配教育部名称。源码为社区转换，需用户自行使用LaTeX/TikZ导出后用于PPT；本库没有编译或保证图形现行版本。代码许可不等于校徽图形许可；只保存固定版本源码入口、格式和内容哈希，不再分发代码或校徽。,,,,,,,,
4112010056,天津大学,天津市,community_logo_reference,社区高校校徽字体索引,https://github.com/lovefc/china_school_badge,lovefc,False,community,未知,,社区项目；格式、工具及素材权利见上游说明,indexed_not_fetched,,https://github.com/lovefc/china_school_badge/blob/04f59e07f4b809acc60493324af5ca4aa610153d/css/fcicon.css,,,04f59e07f4b809acc60493324af5ca4aa610153d,Apache-2.0,CSS中文校名与本校全称匹配。社区校徽字体索引，LICENSE为Apache-2.0，但README另有保留作者及禁止倒卖说明。只收链接，未镜像字体或校徽；使用前核对上游条款及校徽权利。,,,,,,,,
4112010056,天津大学,天津市,community_history_reference,中国高校校史社区资料与可视化,https://github.com/jtchen2k/hcu,jtchen2k,False,community,未知,,社区项目；格式、工具及素材权利见上游说明,indexed_not_fetched,,https://github.com/jtchen2k/hcu/blob/8aeab521eb07d38a273318b8123caabf332e66e4/src/data/uni_info.json,,,8aeab521eb07d38a273318b8123caabf332e66e4,GPL-3.0,2022版社区校史项目；可作前身与沿革的检索起点，不等同现行官方口径。英文缩写不当作英文全名，占位描述不导入。只保存版本及入口，年份需结合校方历史起点解读。,,,,,,,,
4112010056,天津大学,天津市,community_logo_source,天津大学社区TikZ矢量标识源码,https://github.com/yuxtech/cnlogo/blob/daca8906123ca61186218ddda7369f95cc65a664/cnlogo/tjuu.tex,yuxtech/cnlogo,False,community,TeX/TikZ,,社区项目；格式、工具及素材权利见上游说明,source_text_read,True,https://github.com/yuxtech/cnlogo/blob/daca8906123ca61186218ddda7369f95cc65a664/README.md,fb0c60314920aff9b60947e94291556cd8451f323893a1aa9418fd747a76eaeb,yuxtech/cnlogo,daca8906123ca61186218ddda7369f95cc65a664,源代码声明AGPL-3.0；LICENSE将Logos/graphics排除在该许可之外,README与文件首行中文学校名均精确匹配教育部名称。源码为社区转换，需用户自行使用LaTeX/TikZ导出后用于PPT；本库没有编译或保证图形现行版本。代码许可不等于校徽图形许可；只保存固定版本源码入口、格式和内容哈希，不再分发代码或校徽。,,,,,,,,
4112010057,天津科技大学,天津市,community_logo_reference,社区高校校徽字体索引,https://github.com/lovefc/china_school_badge,lovefc,False,community,未知,,社区项目；格式、工具及素材权利见上游说明,indexed_not_fetched,,https://github.com/lovefc/china_school_badge/blob/04f59e07f4b809acc60493324af5ca4aa610153d/css/fcicon.css,,,04f59e07f4b809acc60493324af5ca4aa610153d,Apache-2.0,CSS中文校名与本校全称匹配。社区校徽字体索引，LICENSE为Apache-2.0，但README另有保留作者及禁止倒卖说明。只收链接，未镜像字体或校徽；使用前核对上游条款及校徽权利。,,,,,,,,
4112010058,天津工业大学,天津市,community_logo_reference,社区高校校徽字体索引,https://github.com/lovefc/china_school_badge,lovefc,False,community,未知,,社区项目；格式、工具及素材权利见上游说明,indexed_not_fetched,,https://github.com/lovefc/china_school_badge/blob/04f59e07f4b809acc60493324af5ca4aa610153d/css/fcicon.css,,,04f59e07f4b809acc60493324af5ca4aa610153d,Apache-2.0,CSS中文校名与本校全称匹配。社区校徽字体索引，LICENSE为Apache-2.0，但README另有保留作者及禁止倒卖说明。只收链接，未镜像字体或校徽；使用前核对上游条款及校徽权利。,,,,,,,,
4112010058,天津工业大学,天津市,community_history_reference,中国高校校史社区资料与可视化,https://github.com/jtchen2k/hcu,jtchen2k,False,community,未知,,社区项目；格式、工具及素材权利见上游说明,indexed_not_fetched,,https://github.com/jtchen2k/hcu/blob/8aeab521eb07d38a273318b8123caabf332e66e4/src/data/uni_info.json,,,8aeab521eb07d38a273318b8123caabf332e66e4,GPL-3.0,2022版社区校史项目；可作前身与沿革的检索起点，不等同现行官方口径。英文缩写不当作英文全名，占位描述不导入。只保存版本及入口，年份需结合校方历史起点解读。,,,,,,,,
4112010059,中国民航大学,天津市,community_logo_reference,社区高校校徽字体索引,https://github.com/lovefc/china_school_badge,lovefc,False,community,未知,,社区项目；格式、工具及素材权利见上游说明,indexed_not_fetched,,https://github.com/lovefc/china_school_badge/blob/04f59e07f4b809acc60493324af5ca4aa610153d/css/fcicon.css,,,04f59e07f4b809acc60493324af5ca4aa610153d,Apache-2.0,CSS中文校名与本校全称匹配。社区校徽字体索引，LICENSE为Apache-2.0，但README另有保留作者及禁止倒卖说明。只收链接，未镜像字体或校徽；使用前核对上游条款及校徽权利。,,,,,,,,
4112010060,天津理工大学,天津市,community_logo_reference,社区高校校徽字体索引,https://github.com/lovefc/china_school_badge,lovefc,False,community,未知,,社区项目；格式、工具及素材权利见上游说明,indexed_not_fetched,,https://github.com/lovefc/china_school_badge/blob/04f59e07f4b809acc60493324af5ca4aa610153d/css/fcicon.css,,,04f59e07f4b809acc60493324af5ca4aa610153d,Apache-2.0,CSS中文校名与本校全称匹配。社区校徽字体索引，LICENSE为Apache-2.0，但README另有保留作者及禁止倒卖说明。只收链接，未镜像字体或校徽；使用前核对上游条款及校徽权利。,,,,,,,,
4112010062,天津医科大学,天津市,community_logo_reference,社区高校校徽字体索引,https://github.com/lovefc/china_school_badge,lovefc,False,community,未知,,社区项目；格式、工具及素材权利见上游说明,indexed_not_fetched,,https://github.com/lovefc/china_school_badge/blob/04f59e07f4b809acc60493324af5ca4aa610153d/css/fcicon.css,,,04f59e07f4b809acc60493324af5ca4aa610153d,Apache-2.0,CSS中文校名与本校全称匹配。社区校徽字体索引，LICENSE为Apache-2.0，但README另有保留作者及禁止倒卖说明。只收链接，未镜像字体或校徽；使用前核对上游条款及校徽权利。,,,,,,,,
4112010062,天津医科大学,天津市,community_history_reference,中国高校校史社区资料与可视化,https://github.com/jtchen2k/hcu,jtchen2k,False,community,未知,,社区项目；格式、工具及素材权利见上游说明,indexed_not_fetched,,https://github.com/jtchen2k/hcu/blob/8aeab521eb07d38a273318b8123caabf332e66e4/src/data/uni_info.json,,,8aeab521eb07d38a273318b8123caabf332e66e4,GPL-3.0,2022版社区校史项目；可作前身与沿革的检索起点，不等同现行官方口径。英文缩写不当作英文全名，占位描述不导入。只保存版本及入口，年份需结合校方历史起点解读。,,,,,,,,
4112010063,天津中医药大学,天津市,community_history_reference,中国高校校史社区资料与可视化,https://github.com/jtchen2k/hcu,jtchen2k,False,community,未知,,社区项目；格式、工具及素材权利见上游说明,indexed_not_fetched,,https://github.com/jtchen2k/hcu/blob/8aeab521eb07d38a273318b8123caabf332e66e4/src/data/uni_info.json,,,8aeab521eb07d38a273318b8123caabf332e66e4,GPL-3.0,2022版社区校史项目；可作前身与沿革的检索起点，不等同现行官方口径。英文缩写不当作英文全名，占位描述不导入。只保存版本及入口，年份需结合校方历史起点解读。,,,,,,,,
4112010065,天津师范大学,天津市,community_template,College Beamer社区高校主题集合,https://github.com/liu-qilong/college-beamer,liu-qilong,False,community,LaTeX/Beamer,,社区项目；格式、工具及素材权利见上游说明,indexed_not_fetched,,https://github.com/liu-qilong/college-beamer/blob/b70b18b39752ff327506b5cf012b5011a4e82bd9/README.md,,,b70b18b39752ff327506b5cf012b5011a4e82bd9,CC-BY-4.0,README列出本校主题选项；社区LaTeX/Beamer资源，非PPTX或校方发布。仓库收链接与版本，使用前查阅许可和校徽权利。,,,,,,,,
4112010065,天津师范大学,天津市,community_logo_reference,社区高校校徽字体索引,https://github.com/lovefc/china_school_badge,lovefc,False,community,未知,,社区项目；格式、工具及素材权利见上游说明,indexed_not_fetched,,https://github.com/lovefc/china_school_badge/blob/04f59e07f4b809acc60493324af5ca4aa610153d/css/fcicon.css,,,04f59e07f4b809acc60493324af5ca4aa610153d,Apache-2.0,CSS中文校名与本校全称匹配。社区校徽字体索引，LICENSE为Apache-2.0，但README另有保留作者及禁止倒卖说明。只收链接，未镜像字体或校徽；使用前核对上游条款及校徽权利。,,,,,,,,
4112010066,天津职业技术师范大学,天津市,community_logo_reference,社区高校校徽字体索引,https://github.com/lovefc/china_school_badge,lovefc,False,community,未知,,社区项目；格式、工具及素材权利见上游说明,indexed_not_fetched,,https://github.com/lovefc/china_school_badge/blob/04f59e07f4b809acc60493324af5ca4aa610153d/css/fcicon.css,,,04f59e07f4b809acc60493324af5ca4aa610153d,Apache-2.0,CSS中文校名与本校全称匹配。社区校徽字体索引，LICENSE为Apache-2.0，但README另有保留作者及禁止倒卖说明。只收链接，未镜像字体或校徽；使用前核对上游条款及校徽权利。,,,,,,,,
4164010749,宁夏大学,宁夏回族自治区,community_logo_reference,社区高校校徽字体索引,https://github.com/lovefc/china_school_badge,lovefc,False,community,未知,,社区项目；格式、工具及素材权利见上游说明,indexed_not_fetched,,https://github.com/lovefc/china_school_badge/blob/04f59e07f4b809acc60493324af5ca4aa610153d/css/fcicon.css,,,04f59e07f4b809acc60493324af5ca4aa610153d,Apache-2.0,CSS中文校名与本校全称匹配。社区校徽字体索引，LICENSE为Apache-2.0，但README另有保留作者及禁止倒卖说明。只收链接，未镜像字体或校徽；使用前核对上游条款及校徽权利。,,,,,,,,
4164010749,宁夏大学,宁夏回族自治区,community_history_reference,中国高校校史社区资料与可视化,https://github.com/jtchen2k/hcu,jtchen2k,False,community,未知,,社区项目；格式、工具及素材权利见上游说明,indexed_not_fetched,,https://github.com/jtchen2k/hcu/blob/8aeab521eb07d38a273318b8123caabf332e66e4/src/data/uni_info.json,,,8aeab521eb07d38a273318b8123caabf332e66e4,GPL-3.0,2022版社区校史项目；可作前身与沿革的检索起点，不等同现行官方口径。英文缩写不当作英文全名，占位描述不导入。只保存版本及入口，年份需结合校方历史起点解读。,,,,,,,,
4134010357,安徽大学,安徽省,community_logo_reference,社区高校校徽字体索引,https://github.com/lovefc/china_school_badge,lovefc,False,community,未知,,社区项目；格式、工具及素材权利见上游说明,indexed_not_fetched,,https://github.com/lovefc/china_school_badge/blob/04f59e07f4b809acc60493324af5ca4aa610153d/css/fcicon.css,,,04f59e07f4b809acc60493324af5ca4aa610153d,Apache-2.0,CSS中文校名与本校全称匹配。社区校徽字体索引，LICENSE为Apache-2.0，但README另有保留作者及禁止倒卖说明。只收链接，未镜像字体或校徽；使用前核对上游条款及校徽权利。,,,,,,,,
4134010357,安徽大学,安徽省,community_history_reference,中国高校校史社区资料与可视化,https://github.com/jtchen2k/hcu,jtchen2k,False,community,未知,,社区项目；格式、工具及素材权利见上游说明,indexed_not_fetched,,https://github.com/jtchen2k/hcu/blob/8aeab521eb07d38a273318b8123caabf332e66e4/src/data/uni_info.json,,,8aeab521eb07d38a273318b8123caabf332e66e4,GPL-3.0,2022版社区校史项目；可作前身与沿革的检索起点，不等同现行官方口径。英文缩写不当作英文全名，占位描述不导入。只保存版本及入口，年份需结合校方历史起点解读。,,,,,,,,
4134010357,安徽大学,安徽省,community_logo_source,安徽大学社区TikZ矢量标识源码,https://github.com/yuxtech/cnlogo/blob/daca8906123ca61186218ddda7369f95cc65a664/cnlogo/ahu.tex,yuxtech/cnlogo,False,community,TeX/TikZ,,社区项目；格式、工具及素材权利见上游说明,source_text_read,True,https://github.com/yuxtech/cnlogo/blob/daca8906123ca61186218ddda7369f95cc65a664/README.md,b2f98e6fc4bcadafa40f068936804f70aade1f4e60f2bf94ed61ea042cddf725,yuxtech/cnlogo,daca8906123ca61186218ddda7369f95cc65a664,源代码声明AGPL-3.0；LICENSE将Logos/graphics排除在该许可之外,README与文件首行中文学校名均精确匹配教育部名称。源码为社区转换，需用户自行使用LaTeX/TikZ导出后用于PPT；本库没有编译或保证图形现行版本。代码许可不等于校徽图形许可；只保存固定版本源码入口、格式和内容哈希，不再分发代码或校徽。,,,,,,,,
4134010358,中国科学技术大学,安徽省,community_template,中国科学技术大学社区Beamer主题,https://github.com/ustctug/ustcbeamer,ustctug,False,community,LaTeX/Beamer,,社区项目；格式、工具及素材权利见上游说明,indexed_not_fetched,,https://github.com/ustctug/ustcbeamer/blob/315cd85837074ebda261f6559bffacab6c5973ce/README.md,,,315cd85837074ebda261f6559bffacab6c5973ce,LPPL-1.3c,社区LaTeX/Beamer主题，需相应编译环境；不等同PPTX或校方发布。仅记录入口，不镜像字体、校徽或主题源码。使用前查阅上游许可。,,,,,,,,
4134010358,中国科学技术大学,安徽省,community_logo_reference,社区高校校徽字体索引,https://github.com/lovefc/china_school_badge,lovefc,False,community,未知,,社区项目；格式、工具及素材权利见上游说明,indexed_not_fetched,,https://github.com/lovefc/china_school_badge/blob/04f59e07f4b809acc60493324af5ca4aa610153d/css/fcicon.css,,,04f59e07f4b809acc60493324af5ca4aa610153d,Apache-2.0,CSS中文校名与本校全称匹配。社区校徽字体索引，LICENSE为Apache-2.0，但README另有保留作者及禁止倒卖说明。只收链接，未镜像字体或校徽；使用前核对上游条款及校徽权利。,,,,,,,,
4134010358,中国科学技术大学,安徽省,community_history_reference,中国高校校史社区资料与可视化,https://github.com/jtchen2k/hcu,jtchen2k,False,community,未知,,社区项目；格式、工具及素材权利见上游说明,indexed_not_fetched,,https://github.com/jtchen2k/hcu/blob/8aeab521eb07d38a273318b8123caabf332e66e4/src/data/uni_info.json,,,8aeab521eb07d38a273318b8123caabf332e66e4,GPL-3.0,2022版社区校史项目；可作前身与沿革的检索起点，不等同现行官方口径。英文缩写不当作英文全名，占位描述不导入。只保存版本及入口，年份需结合校方历史起点解读。,,,,,,,,
4134010358,中国科学技术大学,安徽省,community_logo_source,中国科学技术大学社区TikZ矢量标识源码,https://github.com/yuxtech/cnlogo/blob/daca8906123ca61186218ddda7369f95cc65a664/cnlogo/ustc.tex,yuxtech/cnlogo,False,community,TeX/TikZ,,社区项目；格式、工具及素材权利见上游说明,source_text_read,True,https://github.com/yuxtech/cnlogo/blob/daca8906123ca61186218ddda7369f95cc65a664/README.md,28fcbdbc8c79fb9693358b95dd4da9b03f287c6323bf18a86b5dfe28906c64df,yuxtech/cnlogo,daca8906123ca61186218ddda7369f95cc65a664,源代码声明AGPL-3.0；LICENSE将Logos/graphics排除在该许可之外,README与文件首行中文学校名均精确匹配教育部名称。源码为社区转换，需用户自行使用LaTeX/TikZ导出后用于PPT；本库没有编译或保证图形现行版本。代码许可不等于校徽图形许可；只保存固定版本源码入口、格式和内容哈希，不再分发代码或校徽。,,,,,,,,
4134010359,合肥工业大学,安徽省,community_logo_reference,社区高校校徽字体索引,https://github.com/lovefc/china_school_badge,lovefc,False,community,未知,,社区项目；格式、工具及素材权利见上游说明,indexed_not_fetched,,https://github.com/lovefc/china_school_badge/blob/04f59e07f4b809acc60493324af5ca4aa610153d/css/fcicon.css,,,04f59e07f4b809acc60493324af5ca4aa610153d,Apache-2.0,CSS中文校名与本校全称匹配。社区校徽字体索引，LICENSE为Apache-2.0，但README另有保留作者及禁止倒卖说明。只收链接，未镜像字体或校徽；使用前核对上游条款及校徽权利。,,,,,,,,
4134010359,合肥工业大学,安徽省,community_history_reference,中国高校校史社区资料与可视化,https://github.com/jtchen2k/hcu,jtchen2k,False,community,未知,,社区项目；格式、工具及素材权利见上游说明,indexed_not_fetched,,https://github.com/jtchen2k/hcu/blob/8aeab521eb07d38a273318b8123caabf332e66e4/src/data/uni_info.json,,,8aeab521eb07d38a273318b8123caabf332e66e4,GPL-3.0,2022版社区校史项目；可作前身与沿革的检索起点，不等同现行官方口径。英文缩写不当作英文全名，占位描述不导入。只保存版本及入口，年份需结合校方历史起点解读。,,,,,,,,
4134010359,合肥工业大学,安徽省,community_logo_source,合肥工业大学社区TikZ矢量标识源码,https://github.com/yuxtech/cnlogo/blob/daca8906123ca61186218ddda7369f95cc65a664/cnlogo/hgyu.tex,yuxtech/cnlogo,False,community,TeX/TikZ,,社区项目；格式、工具及素材权利见上游说明,source_text_read,True,https://github.com/yuxtech/cnlogo/blob/daca8906123ca61186218ddda7369f95cc65a664/README.md,79e405c1183c31adb82517e0e6eaaecae7eeec39e1f5f2ccc85e96e69bd59726,yuxtech/cnlogo,daca8906123ca61186218ddda7369f95cc65a664,源代码声明AGPL-3.0；LICENSE将Logos/graphics排除在该许可之外,README与文件首行中文学校名均精确匹配教育部名称。源码为社区转换，需用户自行使用LaTeX/TikZ导出后用于PPT；本库没有编译或保证图形现行版本。代码许可不等于校徽图形许可；只保存固定版本源码入口、格式和内容哈希，不再分发代码或校徽。,,,,,,,,
4134010359,合肥工业大学,安徽省,community_template,合肥工业大学社区Marp与AI辅助演示主题,https://github.com/cita-777/hfut-awesome-marp-theme/tree/e0208c1076bf7f9f44531ff42bc45c82cc84d2c6,cita-777/hfut-awesome-marp-theme,False,community,Markdown/Marp;PPTX示例,,社区项目；格式、工具及素材权利见上游说明,source_text_read,True,https://github.com/cita-777/hfut-awesome-marp-theme/blob/e0208c1076bf7f9f44531ff42bc45c82cc84d2c6/README.md,cc8468239182fb182d27ce174eac2bdfb56c8a6a043cc05048f327bb9df08177,cita-777/hfut-awesome-marp-theme,e0208c1076bf7f9f44531ff42bc45c82cc84d2c6,MIT,README和项目描述明确合肥工业大学HFUT；模板用途为课程汇报与答辩。 已读取固定版本README并确认文件目录；具体PPTX读取状态逐文件记录；未运行上游脚本或SKILL、未镜像模板/字体/校徽。代码MIT许可不替代字体和图形权利，按上游及校方说明使用。,,,,,,,,
4134010359,合肥工业大学,安徽省,community_template,assets/example3.pptx,https://github.com/cita-777/hfut-awesome-marp-theme/blob/e0208c1076bf7f9f44531ff42bc45c82cc84d2c6/assets/example3.pptx,cita-777/hfut-awesome-marp-theme,False,community,PPTX,,社区项目；格式、工具及素材权利见上游说明,content_inspected,True,https://github.com/cita-777/hfut-awesome-marp-theme/blob/e0208c1076bf7f9f44531ff42bc45c82cc84d2c6/README.md,cc8468239182fb182d27ce174eac2bdfb56c8a6a043cc05048f327bb9df08177,cita-777/hfut-awesome-marp-theme,e0208c1076bf7f9f44531ff42bc45c82cc84d2c6,MIT,README和项目描述明确合肥工业大学HFUT；模板用途为课程汇报与答辩。 已读取固定版本README并确认文件目录；具体PPTX读取状态逐文件记录；未运行上游脚本或SKILL、未镜像模板/字体/校徽。代码MIT许可不替代字体和图形权利，按上游及校方说明使用。,PPTX,20d3bb35df18ed4c53deb0b75d3f55455b22b8c1e2e18549f885319637569589,18116694,23,16:9,Angsana New;Arial;Calibri;Calibri Light;Cordia New;DaunPenh;DokChampa;Estrangelo Edessa;Euphemia;Gautami;Iskoola Pota;Kalinga;Kartika;Latha;MV Boli;Mangal;Microsoft Himalaya;Microsoft Uighur;Microsoft Yi Baiti;Mongolian Baiti;MoolBoran;Nyala;Plantagenet Cherokee;Raavi;Shruti;Sylfaen;Times New Roman;Tunga;Vrinda;新細明體;游ゴシック;游ゴシック Light;等线;等线 Light;맑은 고딕,0,content_inspected
4134010360,安徽工业大学,安徽省,community_logo_reference,社区高校校徽字体索引,https://github.com/lovefc/china_school_badge,lovefc,False,community,未知,,社区项目；格式、工具及素材权利见上游说明,indexed_not_fetched,,https://github.com/lovefc/china_school_badge/blob/04f59e07f4b809acc60493324af5ca4aa610153d/css/fcicon.css,,,04f59e07f4b809acc60493324af5ca4aa610153d,Apache-2.0,CSS中文校名与本校全称匹配。社区校徽字体索引，LICENSE为Apache-2.0，但README另有保留作者及禁止倒卖说明。只收链接，未镜像字体或校徽；使用前核对上游条款及校徽权利。,,,,,,,,
4134010363,安徽工程大学,安徽省,community_logo_reference,社区高校校徽字体索引,https://github.com/lovefc/china_school_badge,lovefc,False,community,未知,,社区项目；格式、工具及素材权利见上游说明,indexed_not_fetched,,https://github.com/lovefc/china_school_badge/blob/04f59e07f4b809acc60493324af5ca4aa610153d/css/fcicon.css,,,04f59e07f4b809acc60493324af5ca4aa610153d,Apache-2.0,CSS中文校名与本校全称匹配。社区校徽字体索引，LICENSE为Apache-2.0，但README另有保留作者及禁止倒卖说明。只收链接，未镜像字体或校徽；使用前核对上游条款及校徽权利。,,,,,,,,
4134010364,安徽农业大学,安徽省,community_logo_reference,社区高校校徽字体索引,https://github.com/lovefc/china_school_badge,lovefc,False,community,未知,,社区项目；格式、工具及素材权利见上游说明,indexed_not_fetched,,https://github.com/lovefc/china_school_badge/blob/04f59e07f4b809acc60493324af5ca4aa610153d/css/fcicon.css,,,04f59e07f4b809acc60493324af5ca4aa610153d,Apache-2.0,CSS中文校名与本校全称匹配。社区校徽字体索引，LICENSE为Apache-2.0，但README另有保留作者及禁止倒卖说明。只收链接，未镜像字体或校徽；使用前核对上游条款及校徽权利。,,,,,,,,
4134010366,安徽医科大学,安徽省,community_logo_reference,社区高校校徽字体索引,https://github.com/lovefc/china_school_badge,lovefc,False,community,未知,,社区项目；格式、工具及素材权利见上游说明,indexed_not_fetched,,https://github.com/lovefc/china_school_badge/blob/04f59e07f4b809acc60493324af5ca4aa610153d/css/fcicon.css,,,04f59e07f4b809acc60493324af5ca4aa610153d,Apache-2.0,CSS中文校名与本校全称匹配。社区校徽字体索引，LICENSE为Apache-2.0，但README另有保留作者及禁止倒卖说明。只收链接，未镜像字体或校徽；使用前核对上游条款及校徽权利。,,,,,,,,
4134010370,安徽师范大学,安徽省,community_logo_reference,社区高校校徽字体索引,https://github.com/lovefc/china_school_badge,lovefc,False,community,未知,,社区项目；格式、工具及素材权利见上游说明,indexed_not_fetched,,https://github.com/lovefc/china_school_badge/blob/04f59e07f4b809acc60493324af5ca4aa610153d/css/fcicon.css,,,04f59e07f4b809acc60493324af5ca4aa610153d,Apache-2.0,CSS中文校名与本校全称匹配。社区校徽字体索引，LICENSE为Apache-2.0，但README另有保留作者及禁止倒卖说明。只收链接，未镜像字体或校徽；使用前核对上游条款及校徽权利。,,,,,,,,
4134010371,阜阳师范大学,安徽省,community_logo_reference,社区高校校徽字体索引,https://github.com/lovefc/china_school_badge,lovefc,False,community,未知,,社区项目；格式、工具及素材权利见上游说明,indexed_not_fetched,,https://github.com/lovefc/china_school_badge/blob/04f59e07f4b809acc60493324af5ca4aa610153d/css/fcicon.css,,,04f59e07f4b809acc60493324af5ca4aa610153d,Apache-2.0,CSS中文校名与本校全称匹配。社区校徽字体索引，LICENSE为Apache-2.0，但README另有保留作者及禁止倒卖说明。只收链接，未镜像字体或校徽；使用前核对上游条款及校徽权利。,,,,,,,,
4134010380,巢湖学院,安徽省,community_logo_reference,社区高校校徽字体索引,https://github.com/lovefc/china_school_badge,lovefc,False,community,未知,,社区项目；格式、工具及素材权利见上游说明,indexed_not_fetched,,https://github.com/lovefc/china_school_badge/blob/04f59e07f4b809acc60493324af5ca4aa610153d/css/fcicon.css,,,04f59e07f4b809acc60493324af5ca4aa610153d,Apache-2.0,CSS中文校名与本校全称匹配。社区校徽字体索引，LICENSE为Apache-2.0，但README另有保留作者及禁止倒卖说明。只收链接，未镜像字体或校徽；使用前核对上游条款及校徽权利。,,,,,,,,
4134010959,安徽三联学院,安徽省,community_logo_reference,社区高校校徽字体索引,https://github.com/lovefc/china_school_badge,lovefc,False,community,未知,,社区项目；格式、工具及素材权利见上游说明,indexed_not_fetched,,https://github.com/lovefc/china_school_badge/blob/04f59e07f4b809acc60493324af5ca4aa610153d/css/fcicon.css,,,04f59e07f4b809acc60493324af5ca4aa610153d,Apache-2.0,CSS中文校名与本校全称匹配。社区校徽字体索引，LICENSE为Apache-2.0，但README另有保留作者及禁止倒卖说明。只收链接，未镜像字体或校徽；使用前核对上游条款及校徽权利。,,,,,,,,
4134014682,安徽艺术学院,安徽省,community_logo_reference,社区高校校徽字体索引,https://github.com/lovefc/china_school_badge,lovefc,False,community,未知,,社区项目；格式、工具及素材权利见上游说明,indexed_not_fetched,,https://github.com/lovefc/china_school_badge/blob/04f59e07f4b809acc60493324af5ca4aa610153d/css/fcicon.css,,,04f59e07f4b809acc60493324af5ca4aa610153d,Apache-2.0,CSS中文校名与本校全称匹配。社区校徽字体索引，LICENSE为Apache-2.0，但README另有保留作者及禁止倒卖说明。只收链接，未镜像字体或校徽；使用前核对上游条款及校徽权利。,,,,,,,,
4137010422,山东大学,山东省,official_template,山东大学外国语学院 PPT模板发布/下载页,https://www.flc.sdu.edu.cn/info/1256/22048.htm,山东大学外国语学院,True,department,HTML,,校方公开HTML页已读取；页面内附件或外部下载目标另行索引,page_read,True,https://www.flc.sdu.edu.cn/info/1256/22048.htm,6297c21ac368b6cbd825cfca34f21dfc77355ada307d4c2bb918e0e3c25af4b3,,,,发布范围：山东大学外国语学院；按发布页说明使用。,,,,,,,,
4137010422,山东大学,山东省,official_template,【红色】山大外国语学院 PPT模板.pptx,https://www.flc.sdu.edu.cn/system/_content/download.jsp?urltype=news.DownloadAttachUrl&owner=1233378149&wbfileid=15996446,山东大学外国语学院,True,department,PPTX,,已读取校方发布页；附件目标尚未读取，格式按原链接文件名，动态端点或网盘可能需要登录/提取码,indexed_not_fetched,False,https://www.flc.sdu.edu.cn/info/1256/22048.htm,6297c21ac368b6cbd825cfca34f21dfc77355ada307d4c2bb918e0e3c25af4b3,,,,发布范围：山东大学外国语学院。仅索引入口；未编译、未打开模板，不保证当前可下载或模板中字体与图形的独立授权。,,,,,,,,inspection_failed
4137010422,山东大学,山东省,official_template,【紫色】山大外国语学院 PPT模板.pptx,https://www.flc.sdu.edu.cn/system/_content/download.jsp?urltype=news.DownloadAttachUrl&owner=1233378149&wbfileid=15996447,山东大学外国语学院,True,department,PPTX,,已读取校方发布页；附件目标尚未读取，格式按原链接文件名，动态端点或网盘可能需要登录/提取码,indexed_not_fetched,False,https://www.flc.sdu.edu.cn/info/1256/22048.htm,6297c21ac368b6cbd825cfca34f21dfc77355ada307d4c2bb918e0e3c25af4b3,,,,发布范围：山东大学外国语学院。仅索引入口；未编译、未打开模板，不保证当前可下载或模板中字体与图形的独立授权。,,,,,,,,inspection_failed
4137010422,山东大学,山东省,community_logo_reference,社区高校校徽字体索引,https://github.com/lovefc/china_school_badge,lovefc,False,community,未知,,社区项目；格式、工具及素材权利见上游说明,indexed_not_fetched,,https://github.com/lovefc/china_school_badge/blob/04f59e07f4b809acc60493324af5ca4aa610153d/css/fcicon.css,,,04f59e07f4b809acc60493324af5ca4aa610153d,Apache-2.0,CSS中文校名与本校全称匹配。社区校徽字体索引，LICENSE为Apache-2.0，但README另有保留作者及禁止倒卖说明。只收链接，未镜像字体或校徽；使用前核对上游条款及校徽权利。,,,,,,,,
4137010422,山东大学,山东省,community_history_reference,中国高校校史社区资料与可视化,https://github.com/jtchen2k/hcu,jtchen2k,False,community,未知,,社区项目；格式、工具及素材权利见上游说明,indexed_not_fetched,,https://github.com/jtchen2k/hcu/blob/8aeab521eb07d38a273318b8123caabf332e66e4/src/data/uni_info.json,,,8aeab521eb07d38a273318b8123caabf332e66e4,GPL-3.0,2022版社区校史项目；可作前身与沿革的检索起点，不等同现行官方口径。英文缩写不当作英文全名，占位描述不导入。只保存版本及入口，年份需结合校方历史起点解读。,,,,,,,,
4137010422,山东大学,山东省,community_logo_source,山东大学社区TikZ矢量标识源码,https://github.com/yuxtech/cnlogo/blob/daca8906123ca61186218ddda7369f95cc65a664/cnlogo/sdu.tex,yuxtech/cnlogo,False,community,TeX/TikZ,,社区项目；格式、工具及素材权利见上游说明,source_text_read,True,https://github.com/yuxtech/cnlogo/blob/daca8906123ca61186218ddda7369f95cc65a664/README.md,47c9c426de6105175d6870e155b288a7064d9470c11b17874687a85d801e71b5,yuxtech/cnlogo,daca8906123ca61186218ddda7369f95cc65a664,源代码声明AGPL-3.0；LICENSE将Logos/graphics排除在该许可之外,README与文件首行中文学校名均精确匹配教育部名称。源码为社区转换，需用户自行使用LaTeX/TikZ导出后用于PPT；本库没有编译或保证图形现行版本。代码许可不等于校徽图形许可；只保存固定版本源码入口、格式和内容哈希，不再分发代码或校徽。,,,,,,,,
4137010423,中国海洋大学,山东省,community_template,College Beamer社区高校主题集合,https://github.com/liu-qilong/college-beamer,liu-qilong,False,community,LaTeX/Beamer,,社区项目；格式、工具及素材权利见上游说明,indexed_not_fetched,,https://github.com/liu-qilong/college-beamer/blob/b70b18b39752ff327506b5cf012b5011a4e82bd9/README.md,,,b70b18b39752ff327506b5cf012b5011a4e82bd9,CC-BY-4.0,README列出本校主题选项；社区LaTeX/Beamer资源，非PPTX或校方发布。仓库收链接与版本，使用前查阅许可和校徽权利。,,,,,,,,
4137010423,中国海洋大学,山东省,community_logo_reference,社区高校校徽字体索引,https://github.com/lovefc/china_school_badge,lovefc,False,community,未知,,社区项目；格式、工具及素材权利见上游说明,indexed_not_fetched,,https://github.com/lovefc/china_school_badge/blob/04f59e07f4b809acc60493324af5ca4aa610153d/css/fcicon.css,,,04f59e07f4b809acc60493324af5ca4aa610153d,Apache-2.0,CSS中文校名与本校全称匹配。社区校徽字体索引，LICENSE为Apache-2.0，但README另有保留作者及禁止倒卖说明。只收链接，未镜像字体或校徽；使用前核对上游条款及校徽权利。,,,,,,,,
4137010423,中国海洋大学,山东省,community_history_reference,中国高校校史社区资料与可视化,https://github.com/jtchen2k/hcu,jtchen2k,False,community,未知,,社区项目；格式、工具及素材权利见上游说明,indexed_not_fetched,,https://github.com/jtchen2k/hcu/blob/8aeab521eb07d38a273318b8123caabf332e66e4/src/data/uni_info.json,,,8aeab521eb07d38a273318b8123caabf332e66e4,GPL-3.0,2022版社区校史项目；可作前身与沿革的检索起点，不等同现行官方口径。英文缩写不当作英文全名，占位描述不导入。只保存版本及入口，年份需结合校方历史起点解读。,,,,,,,,
4137010423,中国海洋大学,山东省,community_logo_source,中国海洋大学社区TikZ矢量标识源码,https://github.com/yuxtech/cnlogo/blob/daca8906123ca61186218ddda7369f95cc65a664/cnlogo/zhyu.tex,yuxtech/cnlogo,False,community,TeX/TikZ,,社区项目；格式、工具及素材权利见上游说明,source_text_read,True,https://github.com/yuxtech/cnlogo/blob/daca8906123ca61186218ddda7369f95cc65a664/README.md,2dcbc14d6f348e30ce3301985082895935054e45adf2f2521f2ad5bd01cb5161,yuxtech/cnlogo,daca8906123ca61186218ddda7369f95cc65a664,源代码声明AGPL-3.0；LICENSE将Logos/graphics排除在该许可之外,README与文件首行中文学校名均精确匹配教育部名称。源码为社区转换，需用户自行使用LaTeX/TikZ导出后用于PPT；本库没有编译或保证图形现行版本。代码许可不等于校徽图形许可；只保存固定版本源码入口、格式和内容哈希，不再分发代码或校徽。,,,,,,,,
4137010424,山东科技大学,山东省,community_logo_reference,社区高校校徽字体索引,https://github.com/lovefc/china_school_badge,lovefc,False,community,未知,,社区项目；格式、工具及素材权利见上游说明,indexed_not_fetched,,https://github.com/lovefc/china_school_badge/blob/04f59e07f4b809acc60493324af5ca4aa610153d/css/fcicon.css,,,04f59e07f4b809acc60493324af5ca4aa610153d,Apache-2.0,CSS中文校名与本校全称匹配。社区校徽字体索引，LICENSE为Apache-2.0，但README另有保留作者及禁止倒卖说明。只收链接，未镜像字体或校徽；使用前核对上游条款及校徽权利。,,,,,,,,
4137010425,中国石油大学(华东),山东省,community_logo_reference,社区高校校徽字体索引,https://github.com/lovefc/china_school_badge,lovefc,False,community,未知,,社区项目；格式、工具及素材权利见上游说明,indexed_not_fetched,,https://github.com/lovefc/china_school_badge/blob/04f59e07f4b809acc60493324af5ca4aa610153d/css/fcicon.css,,,04f59e07f4b809acc60493324af5ca4aa610153d,Apache-2.0,CSS中文校名与本校全称匹配。社区校徽字体索引，LICENSE为Apache-2.0，但README另有保留作者及禁止倒卖说明。只收链接，未镜像字体或校徽；使用前核对上游条款及校徽权利。,,,,,,,,
4137010427,济南大学,山东省,community_logo_reference,社区高校校徽字体索引,https://github.com/lovefc/china_school_badge,lovefc,False,community,未知,,社区项目；格式、工具及素材权利见上游说明,indexed_not_fetched,,https://github.com/lovefc/china_school_badge/blob/04f59e07f4b809acc60493324af5ca4aa610153d/css/fcicon.css,,,04f59e07f4b809acc60493324af5ca4aa610153d,Apache-2.0,CSS中文校名与本校全称匹配。社区校徽字体索引，LICENSE为Apache-2.0，但README另有保留作者及禁止倒卖说明。只收链接，未镜像字体或校徽；使用前核对上游条款及校徽权利。,,,,,,,,
4137010429,青岛理工大学,山东省,community_logo_reference,社区高校校徽字体索引,https://github.com/lovefc/china_school_badge,lovefc,False,community,未知,,社区项目；格式、工具及素材权利见上游说明,indexed_not_fetched,,https://github.com/lovefc/china_school_badge/blob/04f59e07f4b809acc60493324af5ca4aa610153d/css/fcicon.css,,,04f59e07f4b809acc60493324af5ca4aa610153d,Apache-2.0,CSS中文校名与本校全称匹配。社区校徽字体索引，LICENSE为Apache-2.0，但README另有保留作者及禁止倒卖说明。只收链接，未镜像字体或校徽；使用前核对上游条款及校徽权利。,,,,,,,,
4137010433,山东理工大学,山东省,community_logo_reference,社区高校校徽字体索引,https://github.com/lovefc/china_school_badge,lovefc,False,community,未知,,社区项目；格式、工具及素材权利见上游说明,indexed_not_fetched,,https://github.com/lovefc/china_school_badge/blob/04f59e07f4b809acc60493324af5ca4aa610153d/css/fcicon.css,,,04f59e07f4b809acc60493324af5ca4aa610153d,Apache-2.0,CSS中文校名与本校全称匹配。社区校徽字体索引，LICENSE为Apache-2.0，但README另有保留作者及禁止倒卖说明。只收链接，未镜像字体或校徽；使用前核对上游条款及校徽权利。,,,,,,,,
4137010434,山东农业大学,山东省,community_logo_reference,社区高校校徽字体索引,https://github.com/lovefc/china_school_badge,lovefc,False,community,未知,,社区项目；格式、工具及素材权利见上游说明,indexed_not_fetched,,https://github.com/lovefc/china_school_badge/blob/04f59e07f4b809acc60493324af5ca4aa610153d/css/fcicon.css,,,04f59e07f4b809acc60493324af5ca4aa610153d,Apache-2.0,CSS中文校名与本校全称匹配。社区校徽字体索引，LICENSE为Apache-2.0，但README另有保留作者及禁止倒卖说明。只收链接，未镜像字体或校徽；使用前核对上游条款及校徽权利。,,,,,,,,
4137010435,青岛农业大学,山东省,community_logo_reference,社区高校校徽字体索引,https://github.com/lovefc/china_school_badge,lovefc,False,community,未知,,社区项目；格式、工具及素材权利见上游说明,indexed_not_fetched,,https://github.com/lovefc/china_school_badge/blob/04f59e07f4b809acc60493324af5ca4aa610153d/css/fcicon.css,,,04f59e07f4b809acc60493324af5ca4aa610153d,Apache-2.0,CSS中文校名与本校全称匹配。社区校徽字体索引，LICENSE为Apache-2.0，但README另有保留作者及禁止倒卖说明。只收链接，未镜像字体或校徽；使用前核对上游条款及校徽权利。,,,,,,,,
4137010438,山东第二医科大学,山东省,community_logo_reference,社区高校校徽字体索引,https://github.com/lovefc/china_school_badge,lovefc,False,community,未知,,社区项目；格式、工具及素材权利见上游说明,indexed_not_fetched,,https://github.com/lovefc/china_school_badge/blob/04f59e07f4b809acc60493324af5ca4aa610153d/css/fcicon.css,,,04f59e07f4b809acc60493324af5ca4aa610153d,Apache-2.0,CSS中文校名与本校全称匹配。社区校徽字体索引，LICENSE为Apache-2.0，但README另有保留作者及禁止倒卖说明。只收链接，未镜像字体或校徽；使用前核对上游条款及校徽权利。,,,,,,,,
4137010445,山东师范大学,山东省,official_template,山东师范大学计算机与人工智能学院 PPT模板发布/下载页,https://ischool.sdnu.edu.cn/info/1864/24355.htm,山东师范大学计算机与人工智能学院,True,department,HTML,,校方公开HTML页已读取；页面内附件或外部下载目标另行索引,page_read,True,https://ischool.sdnu.edu.cn/info/1864/24355.htm,a5f6788cef1275856503471c682f84d3f48db55bacf3f40af52443d43cf0a593,,,,发布范围：山东师范大学计算机与人工智能学院；按发布页说明使用。,,,,,,,,
4137010445,山东师范大学,山东省,community_logo_reference,社区高校校徽字体索引,https://github.com/lovefc/china_school_badge,lovefc,False,community,未知,,社区项目；格式、工具及素材权利见上游说明,indexed_not_fetched,,https://github.com/lovefc/china_school_badge/blob/04f59e07f4b809acc60493324af5ca4aa610153d/css/fcicon.css,,,04f59e07f4b809acc60493324af5ca4aa610153d,Apache-2.0,CSS中文校名与本校全称匹配。社区校徽字体索引，LICENSE为Apache-2.0，但README另有保留作者及禁止倒卖说明。只收链接，未镜像字体或校徽；使用前核对上游条款及校徽权利。,,,,,,,,
4137010446,曲阜师范大学,山东省,community_logo_reference,社区高校校徽字体索引,https://github.com/lovefc/china_school_badge,lovefc,False,community,未知,,社区项目；格式、工具及素材权利见上游说明,indexed_not_fetched,,https://github.com/lovefc/china_school_badge/blob/04f59e07f4b809acc60493324af5ca4aa610153d/css/fcicon.css,,,04f59e07f4b809acc60493324af5ca4aa610153d,Apache-2.0,CSS中文校名与本校全称匹配。社区校徽字体索引，LICENSE为Apache-2.0，但README另有保留作者及禁止倒卖说明。只收链接，未镜像字体或校徽；使用前核对上游条款及校徽权利。,,,,,,,,
4137010447,聊城大学,山东省,community_logo_reference,社区高校校徽字体索引,https://github.com/lovefc/china_school_badge,lovefc,False,community,未知,,社区项目；格式、工具及素材权利见上游说明,indexed_not_fetched,,https://github.com/lovefc/china_school_badge/blob/04f59e07f4b809acc60493324af5ca4aa610153d/css/fcicon.css,,,04f59e07f4b809acc60493324af5ca4aa610153d,Apache-2.0,CSS中文校名与本校全称匹配。社区校徽字体索引，LICENSE为Apache-2.0，但README另有保留作者及禁止倒卖说明。只收链接，未镜像字体或校徽；使用前核对上游条款及校徽权利。,,,,,,,,
4137010448,德州学院,山东省,community_logo_reference,社区高校校徽字体索引,https://github.com/lovefc/china_school_badge,lovefc,False,community,未知,,社区项目；格式、工具及素材权利见上游说明,indexed_not_fetched,,https://github.com/lovefc/china_school_badge/blob/04f59e07f4b809acc60493324af5ca4aa610153d/css/fcicon.css,,,04f59e07f4b809acc60493324af5ca4aa610153d,Apache-2.0,CSS中文校名与本校全称匹配。社区校徽字体索引，LICENSE为Apache-2.0，但README另有保留作者及禁止倒卖说明。只收链接，未镜像字体或校徽；使用前核对上游条款及校徽权利。,,,,,,,,
4137010451,鲁东大学,山东省,community_logo_reference,社区高校校徽字体索引,https://github.com/lovefc/china_school_badge,lovefc,False,community,未知,,社区项目；格式、工具及素材权利见上游说明,indexed_not_fetched,,https://github.com/lovefc/china_school_badge/blob/04f59e07f4b809acc60493324af5ca4aa610153d/css/fcicon.css,,,04f59e07f4b809acc60493324af5ca4aa610153d,Apache-2.0,CSS中文校名与本校全称匹配。社区校徽字体索引，LICENSE为Apache-2.0，但README另有保留作者及禁止倒卖说明。只收链接，未镜像字体或校徽；使用前核对上游条款及校徽权利。,,,,,,,,
4137010452,临沂大学,山东省,community_logo_reference,社区高校校徽字体索引,https://github.com/lovefc/china_school_badge,lovefc,False,community,未知,,社区项目；格式、工具及素材权利见上游说明,indexed_not_fetched,,https://github.com/lovefc/china_school_badge/blob/04f59e07f4b809acc60493324af5ca4aa610153d/css/fcicon.css,,,04f59e07f4b809acc60493324af5ca4aa610153d,Apache-2.0,CSS中文校名与本校全称匹配。社区校徽字体索引，LICENSE为Apache-2.0，但README另有保留作者及禁止倒卖说明。只收链接，未镜像字体或校徽；使用前核对上游条款及校徽权利。,,,,,,,,
4137010456,山东财经大学,山东省,community_logo_reference,社区高校校徽字体索引,https://github.com/lovefc/china_school_badge,lovefc,False,community,未知,,社区项目；格式、工具及素材权利见上游说明,indexed_not_fetched,,https://github.com/lovefc/china_school_badge/blob/04f59e07f4b809acc60493324af5ca4aa610153d/css/fcicon.css,,,04f59e07f4b809acc60493324af5ca4aa610153d,Apache-2.0,CSS中文校名与本校全称匹配。社区校徽字体索引，LICENSE为Apache-2.0，但README另有保留作者及禁止倒卖说明。只收链接，未镜像字体或校徽；使用前核对上游条款及校徽权利。,,,,,,,,
4137010456,山东财经大学,山东省,community_logo_source,山东财经大学社区TikZ矢量标识源码,https://github.com/yuxtech/cnlogo/blob/daca8906123ca61186218ddda7369f95cc65a664/cnlogo/sdcju.tex,yuxtech/cnlogo,False,community,TeX/TikZ,,社区项目；格式、工具及素材权利见上游说明,source_text_read,True,https://github.com/yuxtech/cnlogo/blob/daca8906123ca61186218ddda7369f95cc65a664/README.md,d86e8f99e4343a60903ccb45aa651f8b6cbf065368ea390ba92ee3f49aaa6bd4,yuxtech/cnlogo,daca8906123ca61186218ddda7369f95cc65a664,源代码声明AGPL-3.0；LICENSE将Logos/graphics排除在该许可之外,README与文件首行中文学校名均精确匹配教育部名称。源码为社区转换，需用户自行使用LaTeX/TikZ导出后用于PPT；本库没有编译或保证图形现行版本。代码许可不等于校徽图形许可；只保存固定版本源码入口、格式和内容哈希，不再分发代码或校徽。,,,,,,,,
4137011065,青岛大学,山东省,community_logo_reference,社区高校校徽字体索引,https://github.com/lovefc/china_school_badge,lovefc,False,community,未知,,社区项目；格式、工具及素材权利见上游说明,indexed_not_fetched,,https://github.com/lovefc/china_school_badge/blob/04f59e07f4b809acc60493324af5ca4aa610153d/css/fcicon.css,,,04f59e07f4b809acc60493324af5ca4aa610153d,Apache-2.0,CSS中文校名与本校全称匹配。社区校徽字体索引，LICENSE为Apache-2.0，但README另有保留作者及禁止倒卖说明。只收链接，未镜像字体或校徽；使用前核对上游条款及校徽权利。,,,,,,,,
4137011510,山东交通学院,山东省,community_logo_reference,社区高校校徽字体索引,https://github.com/lovefc/china_school_badge,lovefc,False,community,未知,,社区项目；格式、工具及素材权利见上游说明,indexed_not_fetched,,https://github.com/lovefc/china_school_badge/blob/04f59e07f4b809acc60493324af5ca4aa610153d/css/fcicon.css,,,04f59e07f4b809acc60493324af5ca4aa610153d,Apache-2.0,CSS中文校名与本校全称匹配。社区校徽字体索引，LICENSE为Apache-2.0，但README另有保留作者及禁止倒卖说明。只收链接，未镜像字体或校徽；使用前核对上游条款及校徽权利。,,,,,,,,
4137013359,烟台理工学院,山东省,community_logo_reference,社区高校校徽字体索引,https://github.com/lovefc/china_school_badge,lovefc,False,community,未知,,社区项目；格式、工具及素材权利见上游说明,indexed_not_fetched,,https://github.com/lovefc/china_school_badge/blob/04f59e07f4b809acc60493324af5ca4aa610153d/css/fcicon.css,,,04f59e07f4b809acc60493324af5ca4aa610153d,Apache-2.0,CSS中文校名与本校全称匹配。社区校徽字体索引，LICENSE为Apache-2.0，但README另有保留作者及禁止倒卖说明。只收链接，未镜像字体或校徽；使用前核对上游条款及校徽权利。,,,,,,,,
4137014438,山东管理学院,山东省,community_logo_reference,社区高校校徽字体索引,https://github.com/lovefc/china_school_badge,lovefc,False,community,未知,,社区项目；格式、工具及素材权利见上游说明,indexed_not_fetched,,https://github.com/lovefc/china_school_badge/blob/04f59e07f4b809acc60493324af5ca4aa610153d/css/fcicon.css,,,04f59e07f4b809acc60493324af5ca4aa610153d,Apache-2.0,CSS中文校名与本校全称匹配。社区校徽字体索引，LICENSE为Apache-2.0，但README另有保留作者及禁止倒卖说明。只收链接，未镜像字体或校徽；使用前核对上游条款及校徽权利。,,,,,,,,
4114010108,山西大学,山西省,community_logo_reference,社区高校校徽字体索引,https://github.com/lovefc/china_school_badge,lovefc,False,community,未知,,社区项目；格式、工具及素材权利见上游说明,indexed_not_fetched,,https://github.com/lovefc/china_school_badge/blob/04f59e07f4b809acc60493324af5ca4aa610153d/css/fcicon.css,,,04f59e07f4b809acc60493324af5ca4aa610153d,Apache-2.0,CSS中文校名与本校全称匹配。社区校徽字体索引，LICENSE为Apache-2.0，但README另有保留作者及禁止倒卖说明。只收链接，未镜像字体或校徽；使用前核对上游条款及校徽权利。,,,,,,,,
4114010108,山西大学,山西省,community_history_reference,中国高校校史社区资料与可视化,https://github.com/jtchen2k/hcu,jtchen2k,False,community,未知,,社区项目；格式、工具及素材权利见上游说明,indexed_not_fetched,,https://github.com/jtchen2k/hcu/blob/8aeab521eb07d38a273318b8123caabf332e66e4/src/data/uni_info.json,,,8aeab521eb07d38a273318b8123caabf332e66e4,GPL-3.0,2022版社区校史项目；可作前身与沿革的检索起点，不等同现行官方口径。英文缩写不当作英文全名，占位描述不导入。只保存版本及入口，年份需结合校方历史起点解读。,,,,,,,,
4114010109,太原科技大学,山西省,community_logo_reference,社区高校校徽字体索引,https://github.com/lovefc/china_school_badge,lovefc,False,community,未知,,社区项目；格式、工具及素材权利见上游说明,indexed_not_fetched,,https://github.com/lovefc/china_school_badge/blob/04f59e07f4b809acc60493324af5ca4aa610153d/css/fcicon.css,,,04f59e07f4b809acc60493324af5ca4aa610153d,Apache-2.0,CSS中文校名与本校全称匹配。社区校徽字体索引，LICENSE为Apache-2.0，但README另有保留作者及禁止倒卖说明。只收链接，未镜像字体或校徽；使用前核对上游条款及校徽权利。,,,,,,,,
4114010110,中北大学,山西省,community_logo_reference,社区高校校徽字体索引,https://github.com/lovefc/china_school_badge,lovefc,False,community,未知,,社区项目；格式、工具及素材权利见上游说明,indexed_not_fetched,,https://github.com/lovefc/china_school_badge/blob/04f59e07f4b809acc60493324af5ca4aa610153d/css/fcicon.css,,,04f59e07f4b809acc60493324af5ca4aa610153d,Apache-2.0,CSS中文校名与本校全称匹配。社区校徽字体索引，LICENSE为Apache-2.0，但README另有保留作者及禁止倒卖说明。只收链接，未镜像字体或校徽；使用前核对上游条款及校徽权利。,,,,,,,,
4114010112,太原理工大学,山西省,community_logo_reference,社区高校校徽字体索引,https://github.com/lovefc/china_school_badge,lovefc,False,community,未知,,社区项目；格式、工具及素材权利见上游说明,indexed_not_fetched,,https://github.com/lovefc/china_school_badge/blob/04f59e07f4b809acc60493324af5ca4aa610153d/css/fcicon.css,,,04f59e07f4b809acc60493324af5ca4aa610153d,Apache-2.0,CSS中文校名与本校全称匹配。社区校徽字体索引，LICENSE为Apache-2.0，但README另有保留作者及禁止倒卖说明。只收链接，未镜像字体或校徽；使用前核对上游条款及校徽权利。,,,,,,,,
4114010112,太原理工大学,山西省,community_history_reference,中国高校校史社区资料与可视化,https://github.com/jtchen2k/hcu,jtchen2k,False,community,未知,,社区项目；格式、工具及素材权利见上游说明,indexed_not_fetched,,https://github.com/jtchen2k/hcu/blob/8aeab521eb07d38a273318b8123caabf332e66e4/src/data/uni_info.json,,,8aeab521eb07d38a273318b8123caabf332e66e4,GPL-3.0,2022版社区校史项目；可作前身与沿革的检索起点，不等同现行官方口径。英文缩写不当作英文全名，占位描述不导入。只保存版本及入口，年份需结合校方历史起点解读。,,,,,,,,
4144010558,中山大学,广东省,community_logo_reference,社区高校校徽字体索引,https://github.com/lovefc/china_school_badge,lovefc,False,community,未知,,社区项目；格式、工具及素材权利见上游说明,indexed_not_fetched,,https://github.com/lovefc/china_school_badge/blob/04f59e07f4b809acc60493324af5ca4aa610153d/css/fcicon.css,,,04f59e07f4b809acc60493324af5ca4aa610153d,Apache-2.0,CSS中文校名与本校全称匹配。社区校徽字体索引，LICENSE为Apache-2.0，但README另有保留作者及禁止倒卖说明。只收链接，未镜像字体或校徽；使用前核对上游条款及校徽权利。,,,,,,,,
4144010558,中山大学,广东省,community_history_reference,中国高校校史社区资料与可视化,https://github.com/jtchen2k/hcu,jtchen2k,False,community,未知,,社区项目；格式、工具及素材权利见上游说明,indexed_not_fetched,,https://github.com/jtchen2k/hcu/blob/8aeab521eb07d38a273318b8123caabf332e66e4/src/data/uni_info.json,,,8aeab521eb07d38a273318b8123caabf332e66e4,GPL-3.0,2022版社区校史项目；可作前身与沿革的检索起点，不等同现行官方口径。英文缩写不当作英文全名，占位描述不导入。只保存版本及入口，年份需结合校方历史起点解读。,,,,,,,,
4144010558,中山大学,广东省,community_logo_source,中山大学社区TikZ矢量标识源码,https://github.com/yuxtech/cnlogo/blob/daca8906123ca61186218ddda7369f95cc65a664/cnlogo/sysu.tex,yuxtech/cnlogo,False,community,TeX/TikZ,,社区项目；格式、工具及素材权利见上游说明,source_text_read,True,https://github.com/yuxtech/cnlogo/blob/daca8906123ca61186218ddda7369f95cc65a664/README.md,71b7d5d362368b07bf6beee795c10168c1583d9766588cca5d6ff78df32d01f4,yuxtech/cnlogo,daca8906123ca61186218ddda7369f95cc65a664,源代码声明AGPL-3.0；LICENSE将Logos/graphics排除在该许可之外,README与文件首行中文学校名均精确匹配教育部名称。源码为社区转换，需用户自行使用LaTeX/TikZ导出后用于PPT；本库没有编译或保证图形现行版本。代码许可不等于校徽图形许可；只保存固定版本源码入口、格式和内容哈希，不再分发代码或校徽。,,,,,,,,
4144010559,暨南大学,广东省,community_logo_reference,社区高校校徽字体索引,https://github.com/lovefc/china_school_badge,lovefc,False,community,未知,,社区项目；格式、工具及素材权利见上游说明,indexed_not_fetched,,https://github.com/lovefc/china_school_badge/blob/04f59e07f4b809acc60493324af5ca4aa610153d/css/fcicon.css,,,04f59e07f4b809acc60493324af5ca4aa610153d,Apache-2.0,CSS中文校名与本校全称匹配。社区校徽字体索引，LICENSE为Apache-2.0，但README另有保留作者及禁止倒卖说明。只收链接，未镜像字体或校徽；使用前核对上游条款及校徽权利。,,,,,,,,
4144010559,暨南大学,广东省,community_history_reference,中国高校校史社区资料与可视化,https://github.com/jtchen2k/hcu,jtchen2k,False,community,未知,,社区项目；格式、工具及素材权利见上游说明,indexed_not_fetched,,https://github.com/jtchen2k/hcu/blob/8aeab521eb07d38a273318b8123caabf332e66e4/src/data/uni_info.json,,,8aeab521eb07d38a273318b8123caabf332e66e4,GPL-3.0,2022版社区校史项目；可作前身与沿革的检索起点，不等同现行官方口径。英文缩写不当作英文全名，占位描述不导入。只保存版本及入口，年份需结合校方历史起点解读。,,,,,,,,
4144010559,暨南大学,广东省,community_logo_source,暨南大学社区TikZ矢量标识源码,https://github.com/yuxtech/cnlogo/blob/daca8906123ca61186218ddda7369f95cc65a664/cnlogo/jnu.tex,yuxtech/cnlogo,False,community,TeX/TikZ,,社区项目；格式、工具及素材权利见上游说明,source_text_read,True,https://github.com/yuxtech/cnlogo/blob/daca8906123ca61186218ddda7369f95cc65a664/README.md,ff10a9af773a399a2391663b820f6af83a40f036fbf0cf3a350c08cdc7acef72,yuxtech/cnlogo,daca8906123ca61186218ddda7369f95cc65a664,源代码声明AGPL-3.0；LICENSE将Logos/graphics排除在该许可之外,README与文件首行中文学校名均精确匹配教育部名称。源码为社区转换，需用户自行使用LaTeX/TikZ导出后用于PPT；本库没有编译或保证图形现行版本。代码许可不等于校徽图形许可；只保存固定版本源码入口、格式和内容哈希，不再分发代码或校徽。,,,,,,,,
4144010561,华南理工大学,广东省,community_logo_reference,社区高校校徽字体索引,https://github.com/lovefc/china_school_badge,lovefc,False,community,未知,,社区项目；格式、工具及素材权利见上游说明,indexed_not_fetched,,https://github.com/lovefc/china_school_badge/blob/04f59e07f4b809acc60493324af5ca4aa610153d/css/fcicon.css,,,04f59e07f4b809acc60493324af5ca4aa610153d,Apache-2.0,CSS中文校名与本校全称匹配。社区校徽字体索引，LICENSE为Apache-2.0，但README另有保留作者及禁止倒卖说明。只收链接，未镜像字体或校徽；使用前核对上游条款及校徽权利。,,,,,,,,
4144010561,华南理工大学,广东省,community_history_reference,中国高校校史社区资料与可视化,https://github.com/jtchen2k/hcu,jtchen2k,False,community,未知,,社区项目；格式、工具及素材权利见上游说明,indexed_not_fetched,,https://github.com/jtchen2k/hcu/blob/8aeab521eb07d38a273318b8123caabf332e66e4/src/data/uni_info.json,,,8aeab521eb07d38a273318b8123caabf332e66e4,GPL-3.0,2022版社区校史项目；可作前身与沿革的检索起点，不等同现行官方口径。英文缩写不当作英文全名，占位描述不导入。只保存版本及入口，年份需结合校方历史起点解读。,,,,,,,,
4144010561,华南理工大学,广东省,community_logo_source,华南理工大学社区TikZ矢量标识源码,https://github.com/yuxtech/cnlogo/blob/daca8906123ca61186218ddda7369f95cc65a664/cnlogo/hnlgu.tex,yuxtech/cnlogo,False,community,TeX/TikZ,,社区项目；格式、工具及素材权利见上游说明,source_text_read,True,https://github.com/yuxtech/cnlogo/blob/daca8906123ca61186218ddda7369f95cc65a664/README.md,81f668b7c1fd8d3ac31c57615e4deba11e01c1112442fc0b26b74b4cbabbdae2,yuxtech/cnlogo,daca8906123ca61186218ddda7369f95cc65a664,源代码声明AGPL-3.0；LICENSE将Logos/graphics排除在该许可之外,README与文件首行中文学校名均精确匹配教育部名称。源码为社区转换，需用户自行使用LaTeX/TikZ导出后用于PPT；本库没有编译或保证图形现行版本。代码许可不等于校徽图形许可；只保存固定版本源码入口、格式和内容哈希，不再分发代码或校徽。,,,,,,,,
4144010561,华南理工大学,广东省,community_template,华南理工大学社区PPT组件与模板4.0,https://github.com/MikeHuang2000/SCUT-PPT-Template-HMK/tree/4fcf55148565ea328bc7102afd12f59a284995d1,MikeHuang2000/SCUT-PPT-Template-HMK,False,community,PPTX,,社区项目；格式、工具及素材权利见上游说明,source_text_read,True,https://github.com/MikeHuang2000/SCUT-PPT-Template-HMK/blob/4fcf55148565ea328bc7102afd12f59a284995d1/README.md,d1594257205364dcd967df376d6eb05faec440d40e9994392602b2be868c5867,MikeHuang2000/SCUT-PPT-Template-HMK,4fcf55148565ea328bc7102afd12f59a284995d1,,README明确华南理工大学，模板4.0包含演示组件与编辑教程；非校方直接发布，未声明独立许可，原文工具及字体条件供参考。 已读取固定版本README并确认文件目录；PPTX文件结构的读取结果逐文件列出，未渲染幻灯片、未运行上游脚本或SKILL、未镜像模板/字体/校徽。许可未声明，仅索引入口，使用或再发布前查看上游和校方要求。,,,,,,,,
4144010561,华南理工大学,广东省,community_template,华南理工大学模板4.0.pptx,https://github.com/MikeHuang2000/SCUT-PPT-Template-HMK/blob/4fcf55148565ea328bc7102afd12f59a284995d1/%E5%8D%8E%E5%8D%97%E7%90%86%E5%B7%A5%E5%A4%A7%E5%AD%A6%E6%A8%A1%E6%9D%BF4.0.pptx,MikeHuang2000/SCUT-PPT-Template-HMK,False,community,PPTX,,社区项目；格式、工具及素材权利见上游说明,content_inspected,True,https://github.com/MikeHuang2000/SCUT-PPT-Template-HMK/blob/4fcf55148565ea328bc7102afd12f59a284995d1/README.md,d1594257205364dcd967df376d6eb05faec440d40e9994392602b2be868c5867,MikeHuang2000/SCUT-PPT-Template-HMK,4fcf55148565ea328bc7102afd12f59a284995d1,,README明确华南理工大学，模板4.0包含演示组件与编辑教程；非校方直接发布，未声明独立许可，原文工具及字体条件供参考。 已读取固定版本README并确认文件目录；PPTX文件结构的读取结果逐文件列出，未渲染幻灯片、未运行上游脚本或SKILL、未镜像模板/字体/校徽。许可未声明，仅索引入口，使用或再发布前查看上游和校方要求。,PPTX,3f1352645953f1501720ebee94ffc7504bdc2a7dabfaf004c2b7a40628a1eb7b,49437972,64,16:9,-apple-system;Angsana New;Arial;Barlow Medium;Barlow SemiBold;Calibri;Century Gothic Std;Cordia New;DaunPenh;DokChampa;Ebrima;Estrangelo Edessa;Euphemia;Gautami;Helvetica Neue Medium;Iskoola Pota;Javanese Text;Kalinga;Kartika;Lantinghei SC Extralight;Latha;Leelawadee UI;MV Boli;Mangal;Microsoft Himalaya;Microsoft JhengHei;Microsoft New Tai Lue;Microsoft Tai Le;Microsoft Uighur;Microsoft Yi Baiti;Mongolian Baiti;MoolBoran;Myanmar Text;Nirmala UI;Nyala;Open Sans;Phagspa;Plantagenet Cherokee;Poppins Medium;Raavi;Roboto Regular;Segoe UI;Shruti;Sylfaen;Times New Roman;Tunga;Vrinda;Wingdings;五经楷书西文篇;字酷堂黄楷体(个人非商业版);庞门正道粗书体;思源宋体 CN Medium;思源黑体 CN Medium;思源黑体 CN Regular;新細明體;梦源黑体 CN W20;梦源黑体 CN W8;民国报纸字体;汉仪铸字苏打黑简;游ゴシック;游ゴシック Light;演示镇魂行楷;等线;等线 Light;视觉坊免费素材shijuef.com(龚帆免费体);金山云技术体;钟齐志莽行书;맑은 고딕,1839,content_inspected
4144010564,华南农业大学,广东省,community_logo_reference,社区高校校徽字体索引,https://github.com/lovefc/china_school_badge,lovefc,False,community,未知,,社区项目；格式、工具及素材权利见上游说明,indexed_not_fetched,,https://github.com/lovefc/china_school_badge/blob/04f59e07f4b809acc60493324af5ca4aa610153d/css/fcicon.css,,,04f59e07f4b809acc60493324af5ca4aa610153d,Apache-2.0,CSS中文校名与本校全称匹配。社区校徽字体索引，LICENSE为Apache-2.0，但README另有保留作者及禁止倒卖说明。只收链接，未镜像字体或校徽；使用前核对上游条款及校徽权利。,,,,,,,,
4144010564,华南农业大学,广东省,community_history_reference,中国高校校史社区资料与可视化,https://github.com/jtchen2k/hcu,jtchen2k,False,community,未知,,社区项目；格式、工具及素材权利见上游说明,indexed_not_fetched,,https://github.com/jtchen2k/hcu/blob/8aeab521eb07d38a273318b8123caabf332e66e4/src/data/uni_info.json,,,8aeab521eb07d38a273318b8123caabf332e66e4,GPL-3.0,2022版社区校史项目；可作前身与沿革的检索起点，不等同现行官方口径。英文缩写不当作英文全名，占位描述不导入。只保存版本及入口，年份需结合校方历史起点解读。,,,,,,,,
4144010566,广东海洋大学,广东省,community_logo_reference,社区高校校徽字体索引,https://github.com/lovefc/china_school_badge,lovefc,False,community,未知,,社区项目；格式、工具及素材权利见上游说明,indexed_not_fetched,,https://github.com/lovefc/china_school_badge/blob/04f59e07f4b809acc60493324af5ca4aa610153d/css/fcicon.css,,,04f59e07f4b809acc60493324af5ca4aa610153d,Apache-2.0,CSS中文校名与本校全称匹配。社区校徽字体索引，LICENSE为Apache-2.0，但README另有保留作者及禁止倒卖说明。只收链接，未镜像字体或校徽；使用前核对上游条款及校徽权利。,,,,,,,,
4144010570,广州医科大学,广东省,community_logo_reference,社区高校校徽字体索引,https://github.com/lovefc/china_school_badge,lovefc,False,community,未知,,社区项目；格式、工具及素材权利见上游说明,indexed_not_fetched,,https://github.com/lovefc/china_school_badge/blob/04f59e07f4b809acc60493324af5ca4aa610153d/css/fcicon.css,,,04f59e07f4b809acc60493324af5ca4aa610153d,Apache-2.0,CSS中文校名与本校全称匹配。社区校徽字体索引，LICENSE为Apache-2.0，但README另有保留作者及禁止倒卖说明。只收链接，未镜像字体或校徽；使用前核对上游条款及校徽权利。,,,,,,,,
4144010570,广州医科大学,广东省,community_history_reference,中国高校校史社区资料与可视化,https://github.com/jtchen2k/hcu,jtchen2k,False,community,未知,,社区项目；格式、工具及素材权利见上游说明,indexed_not_fetched,,https://github.com/jtchen2k/hcu/blob/8aeab521eb07d38a273318b8123caabf332e66e4/src/data/uni_info.json,,,8aeab521eb07d38a273318b8123caabf332e66e4,GPL-3.0,2022版社区校史项目；可作前身与沿革的检索起点，不等同现行官方口径。英文缩写不当作英文全名，占位描述不导入。只保存版本及入口，年份需结合校方历史起点解读。,,,,,,,,
4144010571,广东医科大学,广东省,community_logo_reference,社区高校校徽字体索引,https://github.com/lovefc/china_school_badge,lovefc,False,community,未知,,社区项目；格式、工具及素材权利见上游说明,indexed_not_fetched,,https://github.com/lovefc/china_school_badge/blob/04f59e07f4b809acc60493324af5ca4aa610153d/css/fcicon.css,,,04f59e07f4b809acc60493324af5ca4aa610153d,Apache-2.0,CSS中文校名与本校全称匹配。社区校徽字体索引，LICENSE为Apache-2.0，但README另有保留作者及禁止倒卖说明。只收链接，未镜像字体或校徽；使用前核对上游条款及校徽权利。,,,,,,,,
4144010572,广州中医药大学,广东省,community_logo_reference,社区高校校徽字体索引,https://github.com/lovefc/china_school_badge,lovefc,False,community,未知,,社区项目；格式、工具及素材权利见上游说明,indexed_not_fetched,,https://github.com/lovefc/china_school_badge/blob/04f59e07f4b809acc60493324af5ca4aa610153d/css/fcicon.css,,,04f59e07f4b809acc60493324af5ca4aa610153d,Apache-2.0,CSS中文校名与本校全称匹配。社区校徽字体索引，LICENSE为Apache-2.0，但README另有保留作者及禁止倒卖说明。只收链接，未镜像字体或校徽；使用前核对上游条款及校徽权利。,,,,,,,,
4144010572,广州中医药大学,广东省,community_history_reference,中国高校校史社区资料与可视化,https://github.com/jtchen2k/hcu,jtchen2k,False,community,未知,,社区项目；格式、工具及素材权利见上游说明,indexed_not_fetched,,https://github.com/jtchen2k/hcu/blob/8aeab521eb07d38a273318b8123caabf332e66e4/src/data/uni_info.json,,,8aeab521eb07d38a273318b8123caabf332e66e4,GPL-3.0,2022版社区校史项目；可作前身与沿革的检索起点，不等同现行官方口径。英文缩写不当作英文全名，占位描述不导入。只保存版本及入口，年份需结合校方历史起点解读。,,,,,,,,
4144010574,华南师范大学,广东省,community_template,College Beamer社区高校主题集合,https://github.com/liu-qilong/college-beamer,liu-qilong,False,community,LaTeX/Beamer,,社区项目；格式、工具及素材权利见上游说明,indexed_not_fetched,,https://github.com/liu-qilong/college-beamer/blob/b70b18b39752ff327506b5cf012b5011a4e82bd9/README.md,,,b70b18b39752ff327506b5cf012b5011a4e82bd9,CC-BY-4.0,README列出本校主题选项；社区LaTeX/Beamer资源，非PPTX或校方发布。仓库收链接与版本，使用前查阅许可和校徽权利。,,,,,,,,
4144010574,华南师范大学,广东省,community_logo_reference,社区高校校徽字体索引,https://github.com/lovefc/china_school_badge,lovefc,False,community,未知,,社区项目；格式、工具及素材权利见上游说明,indexed_not_fetched,,https://github.com/lovefc/china_school_badge/blob/04f59e07f4b809acc60493324af5ca4aa610153d/css/fcicon.css,,,04f59e07f4b809acc60493324af5ca4aa610153d,Apache-2.0,CSS中文校名与本校全称匹配。社区校徽字体索引，LICENSE为Apache-2.0，但README另有保留作者及禁止倒卖说明。只收链接，未镜像字体或校徽；使用前核对上游条款及校徽权利。,,,,,,,,
4144010574,华南师范大学,广东省,community_history_reference,中国高校校史社区资料与可视化,https://github.com/jtchen2k/hcu,jtchen2k,False,community,未知,,社区项目；格式、工具及素材权利见上游说明,indexed_not_fetched,,https://github.com/jtchen2k/hcu/blob/8aeab521eb07d38a273318b8123caabf332e66e4/src/data/uni_info.json,,,8aeab521eb07d38a273318b8123caabf332e66e4,GPL-3.0,2022版社区校史项目；可作前身与沿革的检索起点，不等同现行官方口径。英文缩写不当作英文全名，占位描述不导入。只保存版本及入口，年份需结合校方历史起点解读。,,,,,,,,
4144010590,深圳大学,广东省,community_template,College Beamer社区高校主题集合,https://github.com/liu-qilong/college-beamer,liu-qilong,False,community,LaTeX/Beamer,,社区项目；格式、工具及素材权利见上游说明,indexed_not_fetched,,https://github.com/liu-qilong/college-beamer/blob/b70b18b39752ff327506b5cf012b5011a4e82bd9/README.md,,,b70b18b39752ff327506b5cf012b5011a4e82bd9,CC-BY-4.0,README列出本校主题选项；社区LaTeX/Beamer资源，非PPTX或校方发布。仓库收链接与版本，使用前查阅许可和校徽权利。,,,,,,,,
4144010590,深圳大学,广东省,community_logo_reference,社区高校校徽字体索引,https://github.com/lovefc/china_school_badge,lovefc,False,community,未知,,社区项目；格式、工具及素材权利见上游说明,indexed_not_fetched,,https://github.com/lovefc/china_school_badge/blob/04f59e07f4b809acc60493324af5ca4aa610153d/css/fcicon.css,,,04f59e07f4b809acc60493324af5ca4aa610153d,Apache-2.0,CSS中文校名与本校全称匹配。社区校徽字体索引，LICENSE为Apache-2.0，但README另有保留作者及禁止倒卖说明。只收链接，未镜像字体或校徽；使用前核对上游条款及校徽权利。,,,,,,,,
4144010590,深圳大学,广东省,community_logo_source,深圳大学社区TikZ矢量标识源码,https://github.com/yuxtech/cnlogo/blob/daca8906123ca61186218ddda7369f95cc65a664/cnlogo/szu.tex,yuxtech/cnlogo,False,community,TeX/TikZ,,社区项目；格式、工具及素材权利见上游说明,source_text_read,True,https://github.com/yuxtech/cnlogo/blob/daca8906123ca61186218ddda7369f95cc65a664/README.md,70f383ccdbfde9a1cf775c57547bd7b66e509fe90c72030e78a36f7bc6138269,yuxtech/cnlogo,daca8906123ca61186218ddda7369f95cc65a664,源代码声明AGPL-3.0；LICENSE将Logos/graphics排除在该许可之外,README与文件首行中文学校名均精确匹配教育部名称。源码为社区转换，需用户自行使用LaTeX/TikZ导出后用于PPT；本库没有编译或保证图形现行版本。代码许可不等于校徽图形许可；只保存固定版本源码入口、格式和内容哈希，不再分发代码或校徽。,,,,,,,,
4144010592,广东财经大学,广东省,community_logo_reference,社区高校校徽字体索引,https://github.com/lovefc/china_school_badge,lovefc,False,community,未知,,社区项目；格式、工具及素材权利见上游说明,indexed_not_fetched,,https://github.com/lovefc/china_school_badge/blob/04f59e07f4b809acc60493324af5ca4aa610153d/css/fcicon.css,,,04f59e07f4b809acc60493324af5ca4aa610153d,Apache-2.0,CSS中文校名与本校全称匹配。社区校徽字体索引，LICENSE为Apache-2.0，但README另有保留作者及禁止倒卖说明。只收链接，未镜像字体或校徽；使用前核对上游条款及校徽权利。,,,,,,,,
4144011078,广州大学,广东省,community_logo_reference,社区高校校徽字体索引,https://github.com/lovefc/china_school_badge,lovefc,False,community,未知,,社区项目；格式、工具及素材权利见上游说明,indexed_not_fetched,,https://github.com/lovefc/china_school_badge/blob/04f59e07f4b809acc60493324af5ca4aa610153d/css/fcicon.css,,,04f59e07f4b809acc60493324af5ca4aa610153d,Apache-2.0,CSS中文校名与本校全称匹配。社区校徽字体索引，LICENSE为Apache-2.0，但README另有保留作者及禁止倒卖说明。只收链接，未镜像字体或校徽；使用前核对上游条款及校徽权利。,,,,,,,,
4144011347,仲恺农业工程学院,广东省,community_logo_reference,社区高校校徽字体索引,https://github.com/lovefc/china_school_badge,lovefc,False,community,未知,,社区项目；格式、工具及素材权利见上游说明,indexed_not_fetched,,https://github.com/lovefc/china_school_badge/blob/04f59e07f4b809acc60493324af5ca4aa610153d/css/fcicon.css,,,04f59e07f4b809acc60493324af5ca4aa610153d,Apache-2.0,CSS中文校名与本校全称匹配。社区校徽字体索引，LICENSE为Apache-2.0，但README另有保留作者及禁止倒卖说明。只收链接，未镜像字体或校徽；使用前核对上游条款及校徽权利。,,,,,,,,
4144011349,五邑大学,广东省,community_logo_reference,社区高校校徽字体索引,https://github.com/lovefc/china_school_badge,lovefc,False,community,未知,,社区项目；格式、工具及素材权利见上游说明,indexed_not_fetched,,https://github.com/lovefc/china_school_badge/blob/04f59e07f4b809acc60493324af5ca4aa610153d/css/fcicon.css,,,04f59e07f4b809acc60493324af5ca4aa610153d,Apache-2.0,CSS中文校名与本校全称匹配。社区校徽字体索引，LICENSE为Apache-2.0，但README另有保留作者及禁止倒卖说明。只收链接，未镜像字体或校徽；使用前核对上游条款及校徽权利。,,,,,,,,
4144011656,广东石油化工学院,广东省,community_logo_reference,社区高校校徽字体索引,https://github.com/lovefc/china_school_badge,lovefc,False,community,未知,,社区项目；格式、工具及素材权利见上游说明,indexed_not_fetched,,https://github.com/lovefc/china_school_badge/blob/04f59e07f4b809acc60493324af5ca4aa610153d/css/fcicon.css,,,04f59e07f4b809acc60493324af5ca4aa610153d,Apache-2.0,CSS中文校名与本校全称匹配。社区校徽字体索引，LICENSE为Apache-2.0，但README另有保留作者及禁止倒卖说明。只收链接，未镜像字体或校徽；使用前核对上游条款及校徽权利。,,,,,,,,
4144011819,东莞理工学院,广东省,community_template,College Beamer社区高校主题集合,https://github.com/liu-qilong/college-beamer,liu-qilong,False,community,LaTeX/Beamer,,社区项目；格式、工具及素材权利见上游说明,indexed_not_fetched,,https://github.com/liu-qilong/college-beamer/blob/b70b18b39752ff327506b5cf012b5011a4e82bd9/README.md,,,b70b18b39752ff327506b5cf012b5011a4e82bd9,CC-BY-4.0,README列出本校主题选项；社区LaTeX/Beamer资源，非PPTX或校方发布。仓库收链接与版本，使用前查阅许可和校徽权利。,,,,,,,,
4144011819,东莞理工学院,广东省,community_logo_reference,社区高校校徽字体索引,https://github.com/lovefc/china_school_badge,lovefc,False,community,未知,,社区项目；格式、工具及素材权利见上游说明,indexed_not_fetched,,https://github.com/lovefc/china_school_badge/blob/04f59e07f4b809acc60493324af5ca4aa610153d/css/fcicon.css,,,04f59e07f4b809acc60493324af5ca4aa610153d,Apache-2.0,CSS中文校名与本校全称匹配。社区校徽字体索引，LICENSE为Apache-2.0，但README另有保留作者及禁止倒卖说明。只收链接，未镜像字体或校徽；使用前核对上游条款及校徽权利。,,,,,,,,
4144011845,广东工业大学,广东省,community_logo_reference,社区高校校徽字体索引,https://github.com/lovefc/china_school_badge,lovefc,False,community,未知,,社区项目；格式、工具及素材权利见上游说明,indexed_not_fetched,,https://github.com/lovefc/china_school_badge/blob/04f59e07f4b809acc60493324af5ca4aa610153d/css/fcicon.css,,,04f59e07f4b809acc60493324af5ca4aa610153d,Apache-2.0,CSS中文校名与本校全称匹配。社区校徽字体索引，LICENSE为Apache-2.0，但README另有保留作者及禁止倒卖说明。只收链接，未镜像字体或校徽；使用前核对上游条款及校徽权利。,,,,,,,,
4144011846,广东外语外贸大学,广东省,community_logo_reference,社区高校校徽字体索引,https://github.com/lovefc/china_school_badge,lovefc,False,community,未知,,社区项目；格式、工具及素材权利见上游说明,indexed_not_fetched,,https://github.com/lovefc/china_school_badge/blob/04f59e07f4b809acc60493324af5ca4aa610153d/css/fcicon.css,,,04f59e07f4b809acc60493324af5ca4aa610153d,Apache-2.0,CSS中文校名与本校全称匹配。社区校徽字体索引，LICENSE为Apache-2.0，但README另有保留作者及禁止倒卖说明。只收链接，未镜像字体或校徽；使用前核对上游条款及校徽权利。,,,,,,,,
4144011846,广东外语外贸大学,广东省,community_logo_source,广东外语外贸大学社区TikZ矢量标识源码,https://github.com/yuxtech/cnlogo/blob/daca8906123ca61186218ddda7369f95cc65a664/cnlogo/gufs.tex,yuxtech/cnlogo,False,community,TeX/TikZ,,社区项目；格式、工具及素材权利见上游说明,source_text_read,True,https://github.com/yuxtech/cnlogo/blob/daca8906123ca61186218ddda7369f95cc65a664/README.md,c6145c31c3e8d64cdc2e40e6072fc9f775a6907387306d447ba4b2926aaee84e,yuxtech/cnlogo,daca8906123ca61186218ddda7369f95cc65a664,源代码声明AGPL-3.0；LICENSE将Logos/graphics排除在该许可之外,README与文件首行中文学校名均精确匹配教育部名称。源码为社区转换，需用户自行使用LaTeX/TikZ导出后用于PPT；本库没有编译或保证图形现行版本。代码许可不等于校徽图形许可；只保存固定版本源码入口、格式和内容哈希，不再分发代码或校徽。,,,,,,,,
4144014325,南方科技大学,广东省,community_logo_reference,社区高校校徽字体索引,https://github.com/lovefc/china_school_badge,lovefc,False,community,未知,,社区项目；格式、工具及素材权利见上游说明,indexed_not_fetched,,https://github.com/lovefc/china_school_badge/blob/04f59e07f4b809acc60493324af5ca4aa610153d/css/fcicon.css,,,04f59e07f4b809acc60493324af5ca4aa610153d,Apache-2.0,CSS中文校名与本校全称匹配。社区校徽字体索引，LICENSE为Apache-2.0，但README另有保留作者及禁止倒卖说明。只收链接，未镜像字体或校徽；使用前核对上游条款及校徽权利。,,,,,,,,
4144014325,南方科技大学,广东省,community_history_reference,中国高校校史社区资料与可视化,https://github.com/jtchen2k/hcu,jtchen2k,False,community,未知,,社区项目；格式、工具及素材权利见上游说明,indexed_not_fetched,,https://github.com/jtchen2k/hcu/blob/8aeab521eb07d38a273318b8123caabf332e66e4/src/data/uni_info.json,,,8aeab521eb07d38a273318b8123caabf332e66e4,GPL-3.0,2022版社区校史项目；可作前身与沿革的检索起点，不等同现行官方口径。英文缩写不当作英文全名，占位描述不导入。只保存版本及入口，年份需结合校方历史起点解读。,,,,,,,,
4144014325,南方科技大学,广东省,community_logo_source,南方科技大学社区TikZ矢量标识源码,https://github.com/yuxtech/cnlogo/blob/daca8906123ca61186218ddda7369f95cc65a664/cnlogo/sustc.tex,yuxtech/cnlogo,False,community,TeX/TikZ,,社区项目；格式、工具及素材权利见上游说明,source_text_read,True,https://github.com/yuxtech/cnlogo/blob/daca8906123ca61186218ddda7369f95cc65a664/README.md,772d252c6316cc4f868ac1eafa8f0bfdc93ec28c5f5efcd1969e15e810cd6cda,yuxtech/cnlogo,daca8906123ca61186218ddda7369f95cc65a664,源代码声明AGPL-3.0；LICENSE将Logos/graphics排除在该许可之外,README与文件首行中文学校名均精确匹配教育部名称。源码为社区转换，需用户自行使用LaTeX/TikZ导出后用于PPT；本库没有编译或保证图形现行版本。代码许可不等于校徽图形许可；只保存固定版本源码入口、格式和内容哈希，不再分发代码或校徽。,,,,,,,,
4145010593,广西大学,广西壮族自治区,community_logo_reference,社区高校校徽字体索引,https://github.com/lovefc/china_school_badge,lovefc,False,community,未知,,社区项目；格式、工具及素材权利见上游说明,indexed_not_fetched,,https://github.com/lovefc/china_school_badge/blob/04f59e07f4b809acc60493324af5ca4aa610153d/css/fcicon.css,,,04f59e07f4b809acc60493324af5ca4aa610153d,Apache-2.0,CSS中文校名与本校全称匹配。社区校徽字体索引，LICENSE为Apache-2.0，但README另有保留作者及禁止倒卖说明。只收链接，未镜像字体或校徽；使用前核对上游条款及校徽权利。,,,,,,,,
4145010593,广西大学,广西壮族自治区,community_history_reference,中国高校校史社区资料与可视化,https://github.com/jtchen2k/hcu,jtchen2k,False,community,未知,,社区项目；格式、工具及素材权利见上游说明,indexed_not_fetched,,https://github.com/jtchen2k/hcu/blob/8aeab521eb07d38a273318b8123caabf332e66e4/src/data/uni_info.json,,,8aeab521eb07d38a273318b8123caabf332e66e4,GPL-3.0,2022版社区校史项目；可作前身与沿革的检索起点，不等同现行官方口径。英文缩写不当作英文全名，占位描述不导入。只保存版本及入口，年份需结合校方历史起点解读。,,,,,,,,
4145010594,广西科技大学,广西壮族自治区,community_logo_reference,社区高校校徽字体索引,https://github.com/lovefc/china_school_badge,lovefc,False,community,未知,,社区项目；格式、工具及素材权利见上游说明,indexed_not_fetched,,https://github.com/lovefc/china_school_badge/blob/04f59e07f4b809acc60493324af5ca4aa610153d/css/fcicon.css,,,04f59e07f4b809acc60493324af5ca4aa610153d,Apache-2.0,CSS中文校名与本校全称匹配。社区校徽字体索引，LICENSE为Apache-2.0，但README另有保留作者及禁止倒卖说明。只收链接，未镜像字体或校徽；使用前核对上游条款及校徽权利。,,,,,,,,
4145010595,桂林电子科技大学,广西壮族自治区,community_logo_reference,社区高校校徽字体索引,https://github.com/lovefc/china_school_badge,lovefc,False,community,未知,,社区项目；格式、工具及素材权利见上游说明,indexed_not_fetched,,https://github.com/lovefc/china_school_badge/blob/04f59e07f4b809acc60493324af5ca4aa610153d/css/fcicon.css,,,04f59e07f4b809acc60493324af5ca4aa610153d,Apache-2.0,CSS中文校名与本校全称匹配。社区校徽字体索引，LICENSE为Apache-2.0，但README另有保留作者及禁止倒卖说明。只收链接，未镜像字体或校徽；使用前核对上游条款及校徽权利。,,,,,,,,
4145010598,广西医科大学,广西壮族自治区,community_logo_reference,社区高校校徽字体索引,https://github.com/lovefc/china_school_badge,lovefc,False,community,未知,,社区项目；格式、工具及素材权利见上游说明,indexed_not_fetched,,https://github.com/lovefc/china_school_badge/blob/04f59e07f4b809acc60493324af5ca4aa610153d/css/fcicon.css,,,04f59e07f4b809acc60493324af5ca4aa610153d,Apache-2.0,CSS中文校名与本校全称匹配。社区校徽字体索引，LICENSE为Apache-2.0，但README另有保留作者及禁止倒卖说明。只收链接，未镜像字体或校徽；使用前核对上游条款及校徽权利。,,,,,,,,
4145010602,广西师范大学,广西壮族自治区,community_logo_reference,社区高校校徽字体索引,https://github.com/lovefc/china_school_badge,lovefc,False,community,未知,,社区项目；格式、工具及素材权利见上游说明,indexed_not_fetched,,https://github.com/lovefc/china_school_badge/blob/04f59e07f4b809acc60493324af5ca4aa610153d/css/fcicon.css,,,04f59e07f4b809acc60493324af5ca4aa610153d,Apache-2.0,CSS中文校名与本校全称匹配。社区校徽字体索引，LICENSE为Apache-2.0，但README另有保留作者及禁止倒卖说明。只收链接，未镜像字体或校徽；使用前核对上游条款及校徽权利。,,,,,,,,
4165010755,新疆大学,新疆维吾尔自治区,community_logo_reference,社区高校校徽字体索引,https://github.com/lovefc/china_school_badge,lovefc,False,community,未知,,社区项目；格式、工具及素材权利见上游说明,indexed_not_fetched,,https://github.com/lovefc/china_school_badge/blob/04f59e07f4b809acc60493324af5ca4aa610153d/css/fcicon.css,,,04f59e07f4b809acc60493324af5ca4aa610153d,Apache-2.0,CSS中文校名与本校全称匹配。社区校徽字体索引，LICENSE为Apache-2.0，但README另有保留作者及禁止倒卖说明。只收链接，未镜像字体或校徽；使用前核对上游条款及校徽权利。,,,,,,,,
4165010755,新疆大学,新疆维吾尔自治区,community_history_reference,中国高校校史社区资料与可视化,https://github.com/jtchen2k/hcu,jtchen2k,False,community,未知,,社区项目；格式、工具及素材权利见上游说明,indexed_not_fetched,,https://github.com/jtchen2k/hcu/blob/8aeab521eb07d38a273318b8123caabf332e66e4/src/data/uni_info.json,,,8aeab521eb07d38a273318b8123caabf332e66e4,GPL-3.0,2022版社区校史项目；可作前身与沿革的检索起点，不等同现行官方口径。英文缩写不当作英文全名，占位描述不导入。只保存版本及入口，年份需结合校方历史起点解读。,,,,,,,,
4165010759,石河子大学,新疆维吾尔自治区,community_logo_reference,社区高校校徽字体索引,https://github.com/lovefc/china_school_badge,lovefc,False,community,未知,,社区项目；格式、工具及素材权利见上游说明,indexed_not_fetched,,https://github.com/lovefc/china_school_badge/blob/04f59e07f4b809acc60493324af5ca4aa610153d/css/fcicon.css,,,04f59e07f4b809acc60493324af5ca4aa610153d,Apache-2.0,CSS中文校名与本校全称匹配。社区校徽字体索引，LICENSE为Apache-2.0，但README另有保留作者及禁止倒卖说明。只收链接，未镜像字体或校徽；使用前核对上游条款及校徽权利。,,,,,,,,
4165010759,石河子大学,新疆维吾尔自治区,community_history_reference,中国高校校史社区资料与可视化,https://github.com/jtchen2k/hcu,jtchen2k,False,community,未知,,社区项目；格式、工具及素材权利见上游说明,indexed_not_fetched,,https://github.com/jtchen2k/hcu/blob/8aeab521eb07d38a273318b8123caabf332e66e4/src/data/uni_info.json,,,8aeab521eb07d38a273318b8123caabf332e66e4,GPL-3.0,2022版社区校史项目；可作前身与沿革的检索起点，不等同现行官方口径。英文缩写不当作英文全名，占位描述不导入。只保存版本及入口，年份需结合校方历史起点解读。,,,,,,,,
4132010284,南京大学,江苏省,community_logo_reference,社区高校校徽字体索引,https://github.com/lovefc/china_school_badge,lovefc,False,community,未知,,社区项目；格式、工具及素材权利见上游说明,indexed_not_fetched,,https://github.com/lovefc/china_school_badge/blob/04f59e07f4b809acc60493324af5ca4aa610153d/css/fcicon.css,,,04f59e07f4b809acc60493324af5ca4aa610153d,Apache-2.0,CSS中文校名与本校全称匹配。社区校徽字体索引，LICENSE为Apache-2.0，但README另有保留作者及禁止倒卖说明。只收链接，未镜像字体或校徽；使用前核对上游条款及校徽权利。,,,,,,,,
4132010284,南京大学,江苏省,community_history_reference,中国高校校史社区资料与可视化,https://github.com/jtchen2k/hcu,jtchen2k,False,community,未知,,社区项目；格式、工具及素材权利见上游说明,indexed_not_fetched,,https://github.com/jtchen2k/hcu/blob/8aeab521eb07d38a273318b8123caabf332e66e4/src/data/uni_info.json,,,8aeab521eb07d38a273318b8123caabf332e66e4,GPL-3.0,2022版社区校史项目；可作前身与沿革的检索起点，不等同现行官方口径。英文缩写不当作英文全名，占位描述不导入。只保存版本及入口，年份需结合校方历史起点解读。,,,,,,,,
4132010284,南京大学,江苏省,community_logo_source,南京大学社区TikZ矢量标识源码,https://github.com/yuxtech/cnlogo/blob/daca8906123ca61186218ddda7369f95cc65a664/cnlogo/nju.tex,yuxtech/cnlogo,False,community,TeX/TikZ,,社区项目；格式、工具及素材权利见上游说明,source_text_read,True,https://github.com/yuxtech/cnlogo/blob/daca8906123ca61186218ddda7369f95cc65a664/README.md,74df955ed6e5f8fbd70e29d579f9acbad3c1866ad3638b59e9f6da97fcdb1520,yuxtech/cnlogo,daca8906123ca61186218ddda7369f95cc65a664,源代码声明AGPL-3.0；LICENSE将Logos/graphics排除在该许可之外,README与文件首行中文学校名均精确匹配教育部名称。源码为社区转换，需用户自行使用LaTeX/TikZ导出后用于PPT；本库没有编译或保证图形现行版本。代码许可不等于校徽图形许可；只保存固定版本源码入口、格式和内容哈希，不再分发代码或校徽。,,,,,,,,
4132010285,苏州大学,江苏省,community_logo_reference,社区高校校徽字体索引,https://github.com/lovefc/china_school_badge,lovefc,False,community,未知,,社区项目；格式、工具及素材权利见上游说明,indexed_not_fetched,,https://github.com/lovefc/china_school_badge/blob/04f59e07f4b809acc60493324af5ca4aa610153d/css/fcicon.css,,,04f59e07f4b809acc60493324af5ca4aa610153d,Apache-2.0,CSS中文校名与本校全称匹配。社区校徽字体索引，LICENSE为Apache-2.0，但README另有保留作者及禁止倒卖说明。只收链接，未镜像字体或校徽；使用前核对上游条款及校徽权利。,,,,,,,,
4132010285,苏州大学,江苏省,community_history_reference,中国高校校史社区资料与可视化,https://github.com/jtchen2k/hcu,jtchen2k,False,community,未知,,社区项目；格式、工具及素材权利见上游说明,indexed_not_fetched,,https://github.com/jtchen2k/hcu/blob/8aeab521eb07d38a273318b8123caabf332e66e4/src/data/uni_info.json,,,8aeab521eb07d38a273318b8123caabf332e66e4,GPL-3.0,2022版社区校史项目；可作前身与沿革的检索起点，不等同现行官方口径。英文缩写不当作英文全名，占位描述不导入。只保存版本及入口，年份需结合校方历史起点解读。,,,,,,,,
4132010286,东南大学,江苏省,official_template,东南大学自动化学院 PPT模板发布/下载页,https://automation.seu.edu.cn/bsxt/list.htm,东南大学自动化学院,True,department,HTML,,校方公开HTML页已读取；页面内附件或外部下载目标另行索引,page_read,True,https://automation.seu.edu.cn/bsxt/list.htm,2d0a484573c90375ceb59a646a9ab502e092314cc171e4bf397124715f7bab2f,,,,发布范围：东南大学自动化学院；按发布页说明使用。,,,,,,,,
4132010286,东南大学,江苏省,official_template,东南大学自动化学院PPT模板-党建版.rar,https://automation.seu.edu.cn/_upload/article/files/54/23/bd24ca5c4e5fbf0ea5a1c58ec7d8/e4eb981f-6b1c-4fea-a415-29de46c58a60.rar,东南大学自动化学院,True,department,RAR,,已读取校方发布页；附件目标尚未读取，格式按原链接文件名，动态端点或网盘可能需要登录/提取码,indexed_not_fetched,False,https://automation.seu.edu.cn/bsxt/list.htm,2d0a484573c90375ceb59a646a9ab502e092314cc171e4bf397124715f7bab2f,,,,发布范围：东南大学自动化学院。仅索引入口；未编译、未打开模板，不保证当前可下载或模板中字体与图形的独立授权。,,,,,,,,inspection_failed
4132010286,东南大学,江苏省,official_template,东南大学自动化学院PPT模板-科研版.zip,https://automation.seu.edu.cn/_upload/article/files/54/23/bd24ca5c4e5fbf0ea5a1c58ec7d8/2d2b0b82-c636-4cc3-9724-f7b15a91a0ac.zip,东南大学自动化学院,True,department,ZIP,,已读取校方发布页；附件目标尚未读取，格式按原链接文件名，动态端点或网盘可能需要登录/提取码,indexed_not_fetched,False,https://automation.seu.edu.cn/bsxt/list.htm,2d0a484573c90375ceb59a646a9ab502e092314cc171e4bf397124715f7bab2f,,,,发布范围：东南大学自动化学院。仅索引入口；未编译、未打开模板，不保证当前可下载或模板中字体与图形的独立授权。,,,,,,,,inspection_failed
4132010286,东南大学,江苏省,community_template,东南大学社区Beamer主题,https://github.com/TouchFishPioneer/SEU-Beamer-Slide,TouchFishPioneer,False,community,LaTeX/Beamer,,社区项目；格式、工具及素材权利见上游说明,indexed_not_fetched,,https://github.com/TouchFishPioneer/SEU-Beamer-Slide/blob/a387c719a000956ea47071b30c225f7822203b94/README.md,,,a387c719a000956ea47071b30c225f7822203b94,GPL-3.0,社区LaTeX/Beamer主题，需相应编译环境；不等同PPTX或校方发布。仅记录入口，不镜像字体、校徽或主题源码。使用前查阅上游许可。,,,,,,,,
4132010286,东南大学,江苏省,community_logo_reference,社区高校校徽字体索引,https://github.com/lovefc/china_school_badge,lovefc,False,community,未知,,社区项目；格式、工具及素材权利见上游说明,indexed_not_fetched,,https://github.com/lovefc/china_school_badge/blob/04f59e07f4b809acc60493324af5ca4aa610153d/css/fcicon.css,,,04f59e07f4b809acc60493324af5ca4aa610153d,Apache-2.0,CSS中文校名与本校全称匹配。社区校徽字体索引，LICENSE为Apache-2.0，但README另有保留作者及禁止倒卖说明。只收链接，未镜像字体或校徽；使用前核对上游条款及校徽权利。,,,,,,,,
4132010286,东南大学,江苏省,community_history_reference,中国高校校史社区资料与可视化,https://github.com/jtchen2k/hcu,jtchen2k,False,community,未知,,社区项目；格式、工具及素材权利见上游说明,indexed_not_fetched,,https://github.com/jtchen2k/hcu/blob/8aeab521eb07d38a273318b8123caabf332e66e4/src/data/uni_info.json,,,8aeab521eb07d38a273318b8123caabf332e66e4,GPL-3.0,2022版社区校史项目；可作前身与沿革的检索起点，不等同现行官方口径。英文缩写不当作英文全名，占位描述不导入。只保存版本及入口，年份需结合校方历史起点解读。,,,,,,,,
4132010287,南京航空航天大学,江苏省,community_logo_reference,社区高校校徽字体索引,https://github.com/lovefc/china_school_badge,lovefc,False,community,未知,,社区项目；格式、工具及素材权利见上游说明,indexed_not_fetched,,https://github.com/lovefc/china_school_badge/blob/04f59e07f4b809acc60493324af5ca4aa610153d/css/fcicon.css,,,04f59e07f4b809acc60493324af5ca4aa610153d,Apache-2.0,CSS中文校名与本校全称匹配。社区校徽字体索引，LICENSE为Apache-2.0，但README另有保留作者及禁止倒卖说明。只收链接，未镜像字体或校徽；使用前核对上游条款及校徽权利。,,,,,,,,
4132010287,南京航空航天大学,江苏省,community_history_reference,中国高校校史社区资料与可视化,https://github.com/jtchen2k/hcu,jtchen2k,False,community,未知,,社区项目；格式、工具及素材权利见上游说明,indexed_not_fetched,,https://github.com/jtchen2k/hcu/blob/8aeab521eb07d38a273318b8123caabf332e66e4/src/data/uni_info.json,,,8aeab521eb07d38a273318b8123caabf332e66e4,GPL-3.0,2022版社区校史项目；可作前身与沿革的检索起点，不等同现行官方口径。英文缩写不当作英文全名，占位描述不导入。只保存版本及入口，年份需结合校方历史起点解读。,,,,,,,,
4132010288,南京理工大学,江苏省,community_logo_reference,社区高校校徽字体索引,https://github.com/lovefc/china_school_badge,lovefc,False,community,未知,,社区项目；格式、工具及素材权利见上游说明,indexed_not_fetched,,https://github.com/lovefc/china_school_badge/blob/04f59e07f4b809acc60493324af5ca4aa610153d/css/fcicon.css,,,04f59e07f4b809acc60493324af5ca4aa610153d,Apache-2.0,CSS中文校名与本校全称匹配。社区校徽字体索引，LICENSE为Apache-2.0，但README另有保留作者及禁止倒卖说明。只收链接，未镜像字体或校徽；使用前核对上游条款及校徽权利。,,,,,,,,
4132010288,南京理工大学,江苏省,community_history_reference,中国高校校史社区资料与可视化,https://github.com/jtchen2k/hcu,jtchen2k,False,community,未知,,社区项目；格式、工具及素材权利见上游说明,indexed_not_fetched,,https://github.com/jtchen2k/hcu/blob/8aeab521eb07d38a273318b8123caabf332e66e4/src/data/uni_info.json,,,8aeab521eb07d38a273318b8123caabf332e66e4,GPL-3.0,2022版社区校史项目；可作前身与沿革的检索起点，不等同现行官方口径。英文缩写不当作英文全名，占位描述不导入。只保存版本及入口，年份需结合校方历史起点解读。,,,,,,,,
4132010288,南京理工大学,江苏省,community_logo_source,南京理工大学社区TikZ矢量标识源码,https://github.com/yuxtech/cnlogo/blob/daca8906123ca61186218ddda7369f95cc65a664/cnlogo/njust.tex,yuxtech/cnlogo,False,community,TeX/TikZ,,社区项目；格式、工具及素材权利见上游说明,source_text_read,True,https://github.com/yuxtech/cnlogo/blob/daca8906123ca61186218ddda7369f95cc65a664/README.md,4f768d0e2903b0ffb9928ca502011f0feeed5aa92e6304b7d58d2b4ec9e2fbbe,yuxtech/cnlogo,daca8906123ca61186218ddda7369f95cc65a664,源代码声明AGPL-3.0；LICENSE将Logos/graphics排除在该许可之外,README与文件首行中文学校名均精确匹配教育部名称。源码为社区转换，需用户自行使用LaTeX/TikZ导出后用于PPT；本库没有编译或保证图形现行版本。代码许可不等于校徽图形许可；只保存固定版本源码入口、格式和内容哈希，不再分发代码或校徽。,,,,,,,,
4132010289,江苏科技大学,江苏省,community_logo_reference,社区高校校徽字体索引,https://github.com/lovefc/china_school_badge,lovefc,False,community,未知,,社区项目；格式、工具及素材权利见上游说明,indexed_not_fetched,,https://github.com/lovefc/china_school_badge/blob/04f59e07f4b809acc60493324af5ca4aa610153d/css/fcicon.css,,,04f59e07f4b809acc60493324af5ca4aa610153d,Apache-2.0,CSS中文校名与本校全称匹配。社区校徽字体索引，LICENSE为Apache-2.0，但README另有保留作者及禁止倒卖说明。只收链接，未镜像字体或校徽；使用前核对上游条款及校徽权利。,,,,,,,,
4132010290,中国矿业大学,江苏省,community_logo_reference,社区高校校徽字体索引,https://github.com/lovefc/china_school_badge,lovefc,False,community,未知,,社区项目；格式、工具及素材权利见上游说明,indexed_not_fetched,,https://github.com/lovefc/china_school_badge/blob/04f59e07f4b809acc60493324af5ca4aa610153d/css/fcicon.css,,,04f59e07f4b809acc60493324af5ca4aa610153d,Apache-2.0,CSS中文校名与本校全称匹配。社区校徽字体索引，LICENSE为Apache-2.0，但README另有保留作者及禁止倒卖说明。只收链接，未镜像字体或校徽；使用前核对上游条款及校徽权利。,,,,,,,,
4132010290,中国矿业大学,江苏省,community_history_reference,中国高校校史社区资料与可视化,https://github.com/jtchen2k/hcu,jtchen2k,False,community,未知,,社区项目；格式、工具及素材权利见上游说明,indexed_not_fetched,,https://github.com/jtchen2k/hcu/blob/8aeab521eb07d38a273318b8123caabf332e66e4/src/data/uni_info.json,,,8aeab521eb07d38a273318b8123caabf332e66e4,GPL-3.0,2022版社区校史项目；可作前身与沿革的检索起点，不等同现行官方口径。英文缩写不当作英文全名，占位描述不导入。只保存版本及入口，年份需结合校方历史起点解读。,,,,,,,,
4132010290,中国矿业大学,江苏省,community_logo_source,中国矿业大学社区TikZ矢量标识源码,https://github.com/yuxtech/cnlogo/blob/daca8906123ca61186218ddda7369f95cc65a664/cnlogo/ckyu.tex,yuxtech/cnlogo,False,community,TeX/TikZ,,社区项目；格式、工具及素材权利见上游说明,source_text_read,True,https://github.com/yuxtech/cnlogo/blob/daca8906123ca61186218ddda7369f95cc65a664/README.md,37836e7296e74e59aa00a71f7ecb1b96abd4f8edfe80157cbba3c5c63783bfb2,yuxtech/cnlogo,daca8906123ca61186218ddda7369f95cc65a664,源代码声明AGPL-3.0；LICENSE将Logos/graphics排除在该许可之外,README与文件首行中文学校名均精确匹配教育部名称。源码为社区转换，需用户自行使用LaTeX/TikZ导出后用于PPT；本库没有编译或保证图形现行版本。代码许可不等于校徽图形许可；只保存固定版本源码入口、格式和内容哈希，不再分发代码或校徽。,,,,,,,,
4132010291,南京工业大学,江苏省,community_logo_reference,社区高校校徽字体索引,https://github.com/lovefc/china_school_badge,lovefc,False,community,未知,,社区项目；格式、工具及素材权利见上游说明,indexed_not_fetched,,https://github.com/lovefc/china_school_badge/blob/04f59e07f4b809acc60493324af5ca4aa610153d/css/fcicon.css,,,04f59e07f4b809acc60493324af5ca4aa610153d,Apache-2.0,CSS中文校名与本校全称匹配。社区校徽字体索引，LICENSE为Apache-2.0，但README另有保留作者及禁止倒卖说明。只收链接，未镜像字体或校徽；使用前核对上游条款及校徽权利。,,,,,,,,
4132010292,常州大学,江苏省,community_logo_reference,社区高校校徽字体索引,https://github.com/lovefc/china_school_badge,lovefc,False,community,未知,,社区项目；格式、工具及素材权利见上游说明,indexed_not_fetched,,https://github.com/lovefc/china_school_badge/blob/04f59e07f4b809acc60493324af5ca4aa610153d/css/fcicon.css,,,04f59e07f4b809acc60493324af5ca4aa610153d,Apache-2.0,CSS中文校名与本校全称匹配。社区校徽字体索引，LICENSE为Apache-2.0，但README另有保留作者及禁止倒卖说明。只收链接，未镜像字体或校徽；使用前核对上游条款及校徽权利。,,,,,,,,
4132010293,南京邮电大学,江苏省,community_logo_reference,社区高校校徽字体索引,https://github.com/lovefc/china_school_badge,lovefc,False,community,未知,,社区项目；格式、工具及素材权利见上游说明,indexed_not_fetched,,https://github.com/lovefc/china_school_badge/blob/04f59e07f4b809acc60493324af5ca4aa610153d/css/fcicon.css,,,04f59e07f4b809acc60493324af5ca4aa610153d,Apache-2.0,CSS中文校名与本校全称匹配。社区校徽字体索引，LICENSE为Apache-2.0，但README另有保留作者及禁止倒卖说明。只收链接，未镜像字体或校徽；使用前核对上游条款及校徽权利。,,,,,,,,
4132010293,南京邮电大学,江苏省,community_history_reference,中国高校校史社区资料与可视化,https://github.com/jtchen2k/hcu,jtchen2k,False,community,未知,,社区项目；格式、工具及素材权利见上游说明,indexed_not_fetched,,https://github.com/jtchen2k/hcu/blob/8aeab521eb07d38a273318b8123caabf332e66e4/src/data/uni_info.json,,,8aeab521eb07d38a273318b8123caabf332e66e4,GPL-3.0,2022版社区校史项目；可作前身与沿革的检索起点，不等同现行官方口径。英文缩写不当作英文全名，占位描述不导入。只保存版本及入口，年份需结合校方历史起点解读。,,,,,,,,
4132010294,河海大学,江苏省,community_logo_reference,社区高校校徽字体索引,https://github.com/lovefc/china_school_badge,lovefc,False,community,未知,,社区项目；格式、工具及素材权利见上游说明,indexed_not_fetched,,https://github.com/lovefc/china_school_badge/blob/04f59e07f4b809acc60493324af5ca4aa610153d/css/fcicon.css,,,04f59e07f4b809acc60493324af5ca4aa610153d,Apache-2.0,CSS中文校名与本校全称匹配。社区校徽字体索引，LICENSE为Apache-2.0，但README另有保留作者及禁止倒卖说明。只收链接，未镜像字体或校徽；使用前核对上游条款及校徽权利。,,,,,,,,
4132010294,河海大学,江苏省,community_history_reference,中国高校校史社区资料与可视化,https://github.com/jtchen2k/hcu,jtchen2k,False,community,未知,,社区项目；格式、工具及素材权利见上游说明,indexed_not_fetched,,https://github.com/jtchen2k/hcu/blob/8aeab521eb07d38a273318b8123caabf332e66e4/src/data/uni_info.json,,,8aeab521eb07d38a273318b8123caabf332e66e4,GPL-3.0,2022版社区校史项目；可作前身与沿革的检索起点，不等同现行官方口径。英文缩写不当作英文全名，占位描述不导入。只保存版本及入口，年份需结合校方历史起点解读。,,,,,,,,
4132010294,河海大学,江苏省,community_logo_source,河海大学社区TikZ矢量标识源码,https://github.com/yuxtech/cnlogo/blob/daca8906123ca61186218ddda7369f95cc65a664/cnlogo/hhu.tex,yuxtech/cnlogo,False,community,TeX/TikZ,,社区项目；格式、工具及素材权利见上游说明,source_text_read,True,https://github.com/yuxtech/cnlogo/blob/daca8906123ca61186218ddda7369f95cc65a664/README.md,aca1b0188f8f47df7583e3044751de59fc5987481d56e1fa7be6b45dab321258,yuxtech/cnlogo,daca8906123ca61186218ddda7369f95cc65a664,源代码声明AGPL-3.0；LICENSE将Logos/graphics排除在该许可之外,README与文件首行中文学校名均精确匹配教育部名称。源码为社区转换，需用户自行使用LaTeX/TikZ导出后用于PPT；本库没有编译或保证图形现行版本。代码许可不等于校徽图形许可；只保存固定版本源码入口、格式和内容哈希，不再分发代码或校徽。,,,,,,,,
4132010295,江南大学,江苏省,community_logo_reference,社区高校校徽字体索引,https://github.com/lovefc/china_school_badge,lovefc,False,community,未知,,社区项目；格式、工具及素材权利见上游说明,indexed_not_fetched,,https://github.com/lovefc/china_school_badge/blob/04f59e07f4b809acc60493324af5ca4aa610153d/css/fcicon.css,,,04f59e07f4b809acc60493324af5ca4aa610153d,Apache-2.0,CSS中文校名与本校全称匹配。社区校徽字体索引，LICENSE为Apache-2.0，但README另有保留作者及禁止倒卖说明。只收链接，未镜像字体或校徽；使用前核对上游条款及校徽权利。,,,,,,,,
4132010295,江南大学,江苏省,community_history_reference,中国高校校史社区资料与可视化,https://github.com/jtchen2k/hcu,jtchen2k,False,community,未知,,社区项目；格式、工具及素材权利见上游说明,indexed_not_fetched,,https://github.com/jtchen2k/hcu/blob/8aeab521eb07d38a273318b8123caabf332e66e4/src/data/uni_info.json,,,8aeab521eb07d38a273318b8123caabf332e66e4,GPL-3.0,2022版社区校史项目；可作前身与沿革的检索起点，不等同现行官方口径。英文缩写不当作英文全名，占位描述不导入。只保存版本及入口，年份需结合校方历史起点解读。,,,,,,,,
4132010295,江南大学,江苏省,community_logo_source,江南大学社区TikZ矢量标识源码,https://github.com/yuxtech/cnlogo/blob/daca8906123ca61186218ddda7369f95cc65a664/cnlogo/ju.tex,yuxtech/cnlogo,False,community,TeX/TikZ,,社区项目；格式、工具及素材权利见上游说明,source_text_read,True,https://github.com/yuxtech/cnlogo/blob/daca8906123ca61186218ddda7369f95cc65a664/README.md,63d474a5944ac9724767739ee863bdf0afbc904e3995b02a3e486bbe596a464a,yuxtech/cnlogo,daca8906123ca61186218ddda7369f95cc65a664,源代码声明AGPL-3.0；LICENSE将Logos/graphics排除在该许可之外,README与文件首行中文学校名均精确匹配教育部名称。源码为社区转换，需用户自行使用LaTeX/TikZ导出后用于PPT；本库没有编译或保证图形现行版本。代码许可不等于校徽图形许可；只保存固定版本源码入口、格式和内容哈希，不再分发代码或校徽。,,,,,,,,
4132010298,南京林业大学,江苏省,community_logo_reference,社区高校校徽字体索引,https://github.com/lovefc/china_school_badge,lovefc,False,community,未知,,社区项目；格式、工具及素材权利见上游说明,indexed_not_fetched,,https://github.com/lovefc/china_school_badge/blob/04f59e07f4b809acc60493324af5ca4aa610153d/css/fcicon.css,,,04f59e07f4b809acc60493324af5ca4aa610153d,Apache-2.0,CSS中文校名与本校全称匹配。社区校徽字体索引，LICENSE为Apache-2.0，但README另有保留作者及禁止倒卖说明。只收链接，未镜像字体或校徽；使用前核对上游条款及校徽权利。,,,,,,,,
4132010298,南京林业大学,江苏省,community_history_reference,中国高校校史社区资料与可视化,https://github.com/jtchen2k/hcu,jtchen2k,False,community,未知,,社区项目；格式、工具及素材权利见上游说明,indexed_not_fetched,,https://github.com/jtchen2k/hcu/blob/8aeab521eb07d38a273318b8123caabf332e66e4/src/data/uni_info.json,,,8aeab521eb07d38a273318b8123caabf332e66e4,GPL-3.0,2022版社区校史项目；可作前身与沿革的检索起点，不等同现行官方口径。英文缩写不当作英文全名，占位描述不导入。只保存版本及入口，年份需结合校方历史起点解读。,,,,,,,,
4132010299,江苏大学,江苏省,community_logo_reference,社区高校校徽字体索引,https://github.com/lovefc/china_school_badge,lovefc,False,community,未知,,社区项目；格式、工具及素材权利见上游说明,indexed_not_fetched,,https://github.com/lovefc/china_school_badge/blob/04f59e07f4b809acc60493324af5ca4aa610153d/css/fcicon.css,,,04f59e07f4b809acc60493324af5ca4aa610153d,Apache-2.0,CSS中文校名与本校全称匹配。社区校徽字体索引，LICENSE为Apache-2.0，但README另有保留作者及禁止倒卖说明。只收链接，未镜像字体或校徽；使用前核对上游条款及校徽权利。,,,,,,,,
4132010300,南京信息工程大学,江苏省,community_logo_reference,社区高校校徽字体索引,https://github.com/lovefc/china_school_badge,lovefc,False,community,未知,,社区项目；格式、工具及素材权利见上游说明,indexed_not_fetched,,https://github.com/lovefc/china_school_badge/blob/04f59e07f4b809acc60493324af5ca4aa610153d/css/fcicon.css,,,04f59e07f4b809acc60493324af5ca4aa610153d,Apache-2.0,CSS中文校名与本校全称匹配。社区校徽字体索引，LICENSE为Apache-2.0，但README另有保留作者及禁止倒卖说明。只收链接，未镜像字体或校徽；使用前核对上游条款及校徽权利。,,,,,,,,
4132010300,南京信息工程大学,江苏省,community_history_reference,中国高校校史社区资料与可视化,https://github.com/jtchen2k/hcu,jtchen2k,False,community,未知,,社区项目；格式、工具及素材权利见上游说明,indexed_not_fetched,,https://github.com/jtchen2k/hcu/blob/8aeab521eb07d38a273318b8123caabf332e66e4/src/data/uni_info.json,,,8aeab521eb07d38a273318b8123caabf332e66e4,GPL-3.0,2022版社区校史项目；可作前身与沿革的检索起点，不等同现行官方口径。英文缩写不当作英文全名，占位描述不导入。只保存版本及入口，年份需结合校方历史起点解读。,,,,,,,,
4132010304,南通大学,江苏省,community_logo_reference,社区高校校徽字体索引,https://github.com/lovefc/china_school_badge,lovefc,False,community,未知,,社区项目；格式、工具及素材权利见上游说明,indexed_not_fetched,,https://github.com/lovefc/china_school_badge/blob/04f59e07f4b809acc60493324af5ca4aa610153d/css/fcicon.css,,,04f59e07f4b809acc60493324af5ca4aa610153d,Apache-2.0,CSS中文校名与本校全称匹配。社区校徽字体索引，LICENSE为Apache-2.0，但README另有保留作者及禁止倒卖说明。只收链接，未镜像字体或校徽；使用前核对上游条款及校徽权利。,,,,,,,,
4132010307,南京农业大学,江苏省,community_template,College Beamer社区高校主题集合,https://github.com/liu-qilong/college-beamer,liu-qilong,False,community,LaTeX/Beamer,,社区项目；格式、工具及素材权利见上游说明,indexed_not_fetched,,https://github.com/liu-qilong/college-beamer/blob/b70b18b39752ff327506b5cf012b5011a4e82bd9/README.md,,,b70b18b39752ff327506b5cf012b5011a4e82bd9,CC-BY-4.0,README列出本校主题选项；社区LaTeX/Beamer资源，非PPTX或校方发布。仓库收链接与版本，使用前查阅许可和校徽权利。,,,,,,,,
4132010307,南京农业大学,江苏省,community_logo_reference,社区高校校徽字体索引,https://github.com/lovefc/china_school_badge,lovefc,False,community,未知,,社区项目；格式、工具及素材权利见上游说明,indexed_not_fetched,,https://github.com/lovefc/china_school_badge/blob/04f59e07f4b809acc60493324af5ca4aa610153d/css/fcicon.css,,,04f59e07f4b809acc60493324af5ca4aa610153d,Apache-2.0,CSS中文校名与本校全称匹配。社区校徽字体索引，LICENSE为Apache-2.0，但README另有保留作者及禁止倒卖说明。只收链接，未镜像字体或校徽；使用前核对上游条款及校徽权利。,,,,,,,,
4132010307,南京农业大学,江苏省,community_history_reference,中国高校校史社区资料与可视化,https://github.com/jtchen2k/hcu,jtchen2k,False,community,未知,,社区项目；格式、工具及素材权利见上游说明,indexed_not_fetched,,https://github.com/jtchen2k/hcu/blob/8aeab521eb07d38a273318b8123caabf332e66e4/src/data/uni_info.json,,,8aeab521eb07d38a273318b8123caabf332e66e4,GPL-3.0,2022版社区校史项目；可作前身与沿革的检索起点，不等同现行官方口径。英文缩写不当作英文全名，占位描述不导入。只保存版本及入口，年份需结合校方历史起点解读。,,,,,,,,
4132010312,南京医科大学,江苏省,community_history_reference,中国高校校史社区资料与可视化,https://github.com/jtchen2k/hcu,jtchen2k,False,community,未知,,社区项目；格式、工具及素材权利见上游说明,indexed_not_fetched,,https://github.com/jtchen2k/hcu/blob/8aeab521eb07d38a273318b8123caabf332e66e4/src/data/uni_info.json,,,8aeab521eb07d38a273318b8123caabf332e66e4,GPL-3.0,2022版社区校史项目；可作前身与沿革的检索起点，不等同现行官方口径。英文缩写不当作英文全名，占位描述不导入。只保存版本及入口，年份需结合校方历史起点解读。,,,,,,,,
4132010315,南京中医药大学,江苏省,community_logo_reference,社区高校校徽字体索引,https://github.com/lovefc/china_school_badge,lovefc,False,community,未知,,社区项目；格式、工具及素材权利见上游说明,indexed_not_fetched,,https://github.com/lovefc/china_school_badge/blob/04f59e07f4b809acc60493324af5ca4aa610153d/css/fcicon.css,,,04f59e07f4b809acc60493324af5ca4aa610153d,Apache-2.0,CSS中文校名与本校全称匹配。社区校徽字体索引，LICENSE为Apache-2.0，但README另有保留作者及禁止倒卖说明。只收链接，未镜像字体或校徽；使用前核对上游条款及校徽权利。,,,,,,,,
4132010315,南京中医药大学,江苏省,community_history_reference,中国高校校史社区资料与可视化,https://github.com/jtchen2k/hcu,jtchen2k,False,community,未知,,社区项目；格式、工具及素材权利见上游说明,indexed_not_fetched,,https://github.com/jtchen2k/hcu/blob/8aeab521eb07d38a273318b8123caabf332e66e4/src/data/uni_info.json,,,8aeab521eb07d38a273318b8123caabf332e66e4,GPL-3.0,2022版社区校史项目；可作前身与沿革的检索起点，不等同现行官方口径。英文缩写不当作英文全名，占位描述不导入。只保存版本及入口，年份需结合校方历史起点解读。,,,,,,,,
4132010316,中国药科大学,江苏省,community_logo_reference,社区高校校徽字体索引,https://github.com/lovefc/china_school_badge,lovefc,False,community,未知,,社区项目；格式、工具及素材权利见上游说明,indexed_not_fetched,,https://github.com/lovefc/china_school_badge/blob/04f59e07f4b809acc60493324af5ca4aa610153d/css/fcicon.css,,,04f59e07f4b809acc60493324af5ca4aa610153d,Apache-2.0,CSS中文校名与本校全称匹配。社区校徽字体索引，LICENSE为Apache-2.0，但README另有保留作者及禁止倒卖说明。只收链接，未镜像字体或校徽；使用前核对上游条款及校徽权利。,,,,,,,,
4132010316,中国药科大学,江苏省,community_history_reference,中国高校校史社区资料与可视化,https://github.com/jtchen2k/hcu,jtchen2k,False,community,未知,,社区项目；格式、工具及素材权利见上游说明,indexed_not_fetched,,https://github.com/jtchen2k/hcu/blob/8aeab521eb07d38a273318b8123caabf332e66e4/src/data/uni_info.json,,,8aeab521eb07d38a273318b8123caabf332e66e4,GPL-3.0,2022版社区校史项目；可作前身与沿革的检索起点，不等同现行官方口径。英文缩写不当作英文全名，占位描述不导入。只保存版本及入口，年份需结合校方历史起点解读。,,,,,,,,
4132010319,南京师范大学,江苏省,community_logo_reference,社区高校校徽字体索引,https://github.com/lovefc/china_school_badge,lovefc,False,community,未知,,社区项目；格式、工具及素材权利见上游说明,indexed_not_fetched,,https://github.com/lovefc/china_school_badge/blob/04f59e07f4b809acc60493324af5ca4aa610153d/css/fcicon.css,,,04f59e07f4b809acc60493324af5ca4aa610153d,Apache-2.0,CSS中文校名与本校全称匹配。社区校徽字体索引，LICENSE为Apache-2.0，但README另有保留作者及禁止倒卖说明。只收链接，未镜像字体或校徽；使用前核对上游条款及校徽权利。,,,,,,,,
4132010319,南京师范大学,江苏省,community_history_reference,中国高校校史社区资料与可视化,https://github.com/jtchen2k/hcu,jtchen2k,False,community,未知,,社区项目；格式、工具及素材权利见上游说明,indexed_not_fetched,,https://github.com/jtchen2k/hcu/blob/8aeab521eb07d38a273318b8123caabf332e66e4/src/data/uni_info.json,,,8aeab521eb07d38a273318b8123caabf332e66e4,GPL-3.0,2022版社区校史项目；可作前身与沿革的检索起点，不等同现行官方口径。英文缩写不当作英文全名，占位描述不导入。只保存版本及入口，年份需结合校方历史起点解读。,,,,,,,,
4132010320,江苏师范大学,江苏省,community_logo_reference,社区高校校徽字体索引,https://github.com/lovefc/china_school_badge,lovefc,False,community,未知,,社区项目；格式、工具及素材权利见上游说明,indexed_not_fetched,,https://github.com/lovefc/china_school_badge/blob/04f59e07f4b809acc60493324af5ca4aa610153d/css/fcicon.css,,,04f59e07f4b809acc60493324af5ca4aa610153d,Apache-2.0,CSS中文校名与本校全称匹配。社区校徽字体索引，LICENSE为Apache-2.0，但README另有保留作者及禁止倒卖说明。只收链接，未镜像字体或校徽；使用前核对上游条款及校徽权利。,,,,,,,,
4132010327,南京财经大学,江苏省,community_logo_reference,社区高校校徽字体索引,https://github.com/lovefc/china_school_badge,lovefc,False,community,未知,,社区项目；格式、工具及素材权利见上游说明,indexed_not_fetched,,https://github.com/lovefc/china_school_badge/blob/04f59e07f4b809acc60493324af5ca4aa610153d/css/fcicon.css,,,04f59e07f4b809acc60493324af5ca4aa610153d,Apache-2.0,CSS中文校名与本校全称匹配。社区校徽字体索引，LICENSE为Apache-2.0，但README另有保留作者及禁止倒卖说明。只收链接，未镜像字体或校徽；使用前核对上游条款及校徽权利。,,,,,,,,
4132010330,南京体育学院,江苏省,official_template,南京体育学院官网视觉资源页 PPT模板发布/下载页,https://www.nsi.edu.cn/xcb/ppsjsbxt/list.htm,南京体育学院官网视觉资源页,True,school,HTML,,校方公开HTML页已读取；页面内附件或外部下载目标另行索引,page_read,True,https://www.nsi.edu.cn/xcb/ppsjsbxt/list.htm,a0ec4c19e13569e3aa109b8b73c35442654b7336908bf0064c7d66a448043847,,,,发布范围：学校通用；按发布页说明使用。,,,,,,,,
4132010330,南京体育学院,江苏省,official_template,应用部分B2-PPT模板,https://www.nsi.edu.cn/xcb/5e/f3/c4433a89843/page.htm,南京体育学院官网视觉资源页,True,school,HTML,,已读取校方发布页；附件目标尚未读取，格式按原链接文件名，动态端点或网盘可能需要登录/提取码,page_read,True,https://www.nsi.edu.cn/xcb/ppsjsbxt/list.htm,a0ec4c19e13569e3aa109b8b73c35442654b7336908bf0064c7d66a448043847,,,,发布范围：学校通用。仅索引入口；未编译、未打开模板，不保证当前可下载或模板中字体与图形的独立授权。,,,,,,,,target_page_read
4132010330,南京体育学院,江苏省,official_template,南京体育学院官网视觉资源页 PPT模板发布/下载页,https://www.nsi.edu.cn/xcb/5e/f3/c4433a89843/page.htm,南京体育学院官网视觉资源页,True,school,HTML,,校方公开HTML页已读取；页面内附件或外部下载目标另行索引,page_read,True,https://www.nsi.edu.cn/xcb/5e/f3/c4433a89843/page.htm,03592446458f9244f932c48f210203c3483bd0dfc60be191b7d204422ee3e93e,,,,发布范围：学校通用；按发布页说明使用。,,,,,,,,target_page_read
4132010330,南京体育学院,江苏省,official_template,南京体育学院PPT模板.zip,https://www.nsi.edu.cn/_upload/article/files/1e/41/8649d47c4a7d880cad88bf821def/7dba5a8c-9eec-4af5-85f8-2d6e650a6314.zip,南京体育学院官网视觉资源页,True,school,ZIP,,公开文件在本次采集时已读取；未渲染或运行，后续可用性及使用条件以原发布页为准,content_inspected,True,https://www.nsi.edu.cn/xcb/5e/f3/c4433a89843/page.htm,03592446458f9244f932c48f210203c3483bd0dfc60be191b7d204422ee3e93e,,,,发布范围：学校通用。已读取公开文件数据；未运行或渲染，字体与图形的独立授权以原发布页为准。,ZIP,8b3469c91cb47767390aae78d4445c6a68c4456d57ecc3cda6272e6c95da2f82,19024016,,,,,content_inspected
4132010330,南京体育学院,江苏省,official_template,常规类PPT模板.pptx,https://www.nsi.edu.cn/_upload/article/files/1e/41/8649d47c4a7d880cad88bf821def/530f0f24-b8aa-4cb1-ba03-c1511834169e.pptx,南京体育学院官网视觉资源页,True,school,PPTX,,公开文件在本次采集时已读取；未渲染或运行，后续可用性及使用条件以原发布页为准,content_inspected,True,https://www.nsi.edu.cn/xcb/5e/f3/c4433a89843/page.htm,03592446458f9244f932c48f210203c3483bd0dfc60be191b7d204422ee3e93e,,,,发布范围：学校通用。已读取公开文件数据；未运行或渲染，字体与图形的独立授权以原发布页为准。,PPTX,5d21eb132f9b4b9371fa59726c10e01cdf362abe5c3562eb0870730c910ff4f2,2844222,10,16:9,Angsana New;Arial;Cordia New;DaunPenh;DokChampa;Estrangelo Edessa;Euphemia;Gautami;Iskoola Pota;Kalinga;Kartika;Latha;MV Boli;Mangal;Microsoft Himalaya;Microsoft Uighur;Microsoft Yi Baiti;Mongolian Baiti;MoolBoran;Nyala;Plantagenet Cherokee;Raavi;Shruti;Sylfaen;Times New Roman;Tunga;Vrinda;新細明體;游ゴシック;游ゴシック Light;等线;等线 Light;阿里巴巴普惠体 B;阿里巴巴普惠体 R;맑은 고딕,81,content_inspected
4132010330,南京体育学院,江苏省,official_template,行政类PPT模板.pptx,https://www.nsi.edu.cn/_upload/article/files/1e/41/8649d47c4a7d880cad88bf821def/b56d5675-d8f6-42b9-91c5-50e210b9b777.pptx,南京体育学院官网视觉资源页,True,school,PPTX,,公开文件在本次采集时已读取；未渲染或运行，后续可用性及使用条件以原发布页为准,content_inspected,True,https://www.nsi.edu.cn/xcb/5e/f3/c4433a89843/page.htm,03592446458f9244f932c48f210203c3483bd0dfc60be191b7d204422ee3e93e,,,,发布范围：学校通用。已读取公开文件数据；未运行或渲染，字体与图形的独立授权以原发布页为准。,PPTX,f473a38da493d843e07042c79a66c746856f32ae660d85fb512c30d494b5bf91,4113030,10,16:9,Angsana New;Arial;Cordia New;DaunPenh;DokChampa;Estrangelo Edessa;Euphemia;Gautami;Iskoola Pota;Kalinga;Kartika;Latha;MV Boli;Mangal;Microsoft Himalaya;Microsoft Uighur;Microsoft Yi Baiti;Mongolian Baiti;MoolBoran;Nyala;Plantagenet Cherokee;Raavi;Shruti;Sylfaen;Times New Roman;Tunga;Vrinda;新細明體;游ゴシック;游ゴシック Light;等线;等线 Light;阿里巴巴普惠体 B;阿里巴巴普惠体 R;맑은 고딕,81,content_inspected
4132010330,南京体育学院,江苏省,official_template,学术类PPT模板.pptx,https://www.nsi.edu.cn/_upload/article/files/1e/41/8649d47c4a7d880cad88bf821def/9f946df3-9209-446d-92bd-076176a33a4f.pptx,南京体育学院官网视觉资源页,True,school,PPTX,,公开文件在本次采集时已读取；未渲染或运行，后续可用性及使用条件以原发布页为准,content_inspected,True,https://www.nsi.edu.cn/xcb/5e/f3/c4433a89843/page.htm,03592446458f9244f932c48f210203c3483bd0dfc60be191b7d204422ee3e93e,,,,发布范围：学校通用。已读取公开文件数据；未运行或渲染，字体与图形的独立授权以原发布页为准。,PPTX,498c0395954926575baa10a3d5b8f47853542ef9b4060008609bf67919d042f6,1249131,10,16:9,Angsana New;Arial;Cordia New;DaunPenh;DokChampa;Estrangelo Edessa;Euphemia;Gautami;Iskoola Pota;Kalinga;Kartika;Latha;MV Boli;Mangal;Microsoft Himalaya;Microsoft Uighur;Microsoft Yi Baiti;Mongolian Baiti;MoolBoran;Nyala;Plantagenet Cherokee;Raavi;Shruti;Sylfaen;Times New Roman;Tunga;Vrinda;新細明體;游ゴシック;游ゴシック Light;等线;等线 Light;阿里巴巴普惠体 B;阿里巴巴普惠体 R;맑은 고딕,116,content_inspected
4132010331,南京艺术学院,江苏省,community_logo_reference,社区高校校徽字体索引,https://github.com/lovefc/china_school_badge,lovefc,False,community,未知,,社区项目；格式、工具及素材权利见上游说明,indexed_not_fetched,,https://github.com/lovefc/china_school_badge/blob/04f59e07f4b809acc60493324af5ca4aa610153d/css/fcicon.css,,,04f59e07f4b809acc60493324af5ca4aa610153d,Apache-2.0,CSS中文校名与本校全称匹配。社区校徽字体索引，LICENSE为Apache-2.0，但README另有保留作者及禁止倒卖说明。只收链接，未镜像字体或校徽；使用前核对上游条款及校徽权利。,,,,,,,,
4132011117,扬州大学,江苏省,community_logo_reference,社区高校校徽字体索引,https://github.com/lovefc/china_school_badge,lovefc,False,community,未知,,社区项目；格式、工具及素材权利见上游说明,indexed_not_fetched,,https://github.com/lovefc/china_school_badge/blob/04f59e07f4b809acc60493324af5ca4aa610153d/css/fcicon.css,,,04f59e07f4b809acc60493324af5ca4aa610153d,Apache-2.0,CSS中文校名与本校全称匹配。社区校徽字体索引，LICENSE为Apache-2.0，但README另有保留作者及禁止倒卖说明。只收链接，未镜像字体或校徽；使用前核对上游条款及校徽权利。,,,,,,,,
4132011117,扬州大学,江苏省,community_logo_source,扬州大学社区TikZ矢量标识源码,https://github.com/yuxtech/cnlogo/blob/daca8906123ca61186218ddda7369f95cc65a664/cnlogo/yzu.tex,yuxtech/cnlogo,False,community,TeX/TikZ,,社区项目；格式、工具及素材权利见上游说明,source_text_read,True,https://github.com/yuxtech/cnlogo/blob/daca8906123ca61186218ddda7369f95cc65a664/README.md,f7d4e55ccd46e7432ae4e3aa9713aa5a69afec776e70959f443064a2e8f01b10,yuxtech/cnlogo,daca8906123ca61186218ddda7369f95cc65a664,源代码声明AGPL-3.0；LICENSE将Logos/graphics排除在该许可之外,README与文件首行中文学校名均精确匹配教育部名称。源码为社区转换，需用户自行使用LaTeX/TikZ导出后用于PPT；本库没有编译或保证图形现行版本。代码许可不等于校徽图形许可；只保存固定版本源码入口、格式和内容哈希，不再分发代码或校徽。,,,,,,,,
4136010403,南昌大学,江西省,community_logo_reference,社区高校校徽字体索引,https://github.com/lovefc/china_school_badge,lovefc,False,community,未知,,社区项目；格式、工具及素材权利见上游说明,indexed_not_fetched,,https://github.com/lovefc/china_school_badge/blob/04f59e07f4b809acc60493324af5ca4aa610153d/css/fcicon.css,,,04f59e07f4b809acc60493324af5ca4aa610153d,Apache-2.0,CSS中文校名与本校全称匹配。社区校徽字体索引，LICENSE为Apache-2.0，但README另有保留作者及禁止倒卖说明。只收链接，未镜像字体或校徽；使用前核对上游条款及校徽权利。,,,,,,,,
4136010403,南昌大学,江西省,community_history_reference,中国高校校史社区资料与可视化,https://github.com/jtchen2k/hcu,jtchen2k,False,community,未知,,社区项目；格式、工具及素材权利见上游说明,indexed_not_fetched,,https://github.com/jtchen2k/hcu/blob/8aeab521eb07d38a273318b8123caabf332e66e4/src/data/uni_info.json,,,8aeab521eb07d38a273318b8123caabf332e66e4,GPL-3.0,2022版社区校史项目；可作前身与沿革的检索起点，不等同现行官方口径。英文缩写不当作英文全名，占位描述不导入。只保存版本及入口，年份需结合校方历史起点解读。,,,,,,,,
4136010403,南昌大学,江西省,community_logo_source,南昌大学社区TikZ矢量标识源码,https://github.com/yuxtech/cnlogo/blob/daca8906123ca61186218ddda7369f95cc65a664/cnlogo/ncu.tex,yuxtech/cnlogo,False,community,TeX/TikZ,,社区项目；格式、工具及素材权利见上游说明,source_text_read,True,https://github.com/yuxtech/cnlogo/blob/daca8906123ca61186218ddda7369f95cc65a664/README.md,de204d8d0ff51157e8996a33f9392702c7af7664896fcde32245676a5c139926,yuxtech/cnlogo,daca8906123ca61186218ddda7369f95cc65a664,源代码声明AGPL-3.0；LICENSE将Logos/graphics排除在该许可之外,README与文件首行中文学校名均精确匹配教育部名称。源码为社区转换，需用户自行使用LaTeX/TikZ导出后用于PPT；本库没有编译或保证图形现行版本。代码许可不等于校徽图形许可；只保存固定版本源码入口、格式和内容哈希，不再分发代码或校徽。,,,,,,,,
4136010404,华东交通大学,江西省,community_logo_reference,社区高校校徽字体索引,https://github.com/lovefc/china_school_badge,lovefc,False,community,未知,,社区项目；格式、工具及素材权利见上游说明,indexed_not_fetched,,https://github.com/lovefc/china_school_badge/blob/04f59e07f4b809acc60493324af5ca4aa610153d/css/fcicon.css,,,04f59e07f4b809acc60493324af5ca4aa610153d,Apache-2.0,CSS中文校名与本校全称匹配。社区校徽字体索引，LICENSE为Apache-2.0，但README另有保留作者及禁止倒卖说明。只收链接，未镜像字体或校徽；使用前核对上游条款及校徽权利。,,,,,,,,
4136010408,景德镇陶瓷大学,江西省,community_logo_reference,社区高校校徽字体索引,https://github.com/lovefc/china_school_badge,lovefc,False,community,未知,,社区项目；格式、工具及素材权利见上游说明,indexed_not_fetched,,https://github.com/lovefc/china_school_badge/blob/04f59e07f4b809acc60493324af5ca4aa610153d/css/fcicon.css,,,04f59e07f4b809acc60493324af5ca4aa610153d,Apache-2.0,CSS中文校名与本校全称匹配。社区校徽字体索引，LICENSE为Apache-2.0，但README另有保留作者及禁止倒卖说明。只收链接，未镜像字体或校徽；使用前核对上游条款及校徽权利。,,,,,,,,
4136010410,江西农业大学,江西省,community_logo_reference,社区高校校徽字体索引,https://github.com/lovefc/china_school_badge,lovefc,False,community,未知,,社区项目；格式、工具及素材权利见上游说明,indexed_not_fetched,,https://github.com/lovefc/china_school_badge/blob/04f59e07f4b809acc60493324af5ca4aa610153d/css/fcicon.css,,,04f59e07f4b809acc60493324af5ca4aa610153d,Apache-2.0,CSS中文校名与本校全称匹配。社区校徽字体索引，LICENSE为Apache-2.0，但README另有保留作者及禁止倒卖说明。只收链接，未镜像字体或校徽；使用前核对上游条款及校徽权利。,,,,,,,,
4136010414,江西师范大学,江西省,community_logo_reference,社区高校校徽字体索引,https://github.com/lovefc/china_school_badge,lovefc,False,community,未知,,社区项目；格式、工具及素材权利见上游说明,indexed_not_fetched,,https://github.com/lovefc/china_school_badge/blob/04f59e07f4b809acc60493324af5ca4aa610153d/css/fcicon.css,,,04f59e07f4b809acc60493324af5ca4aa610153d,Apache-2.0,CSS中文校名与本校全称匹配。社区校徽字体索引，LICENSE为Apache-2.0，但README另有保留作者及禁止倒卖说明。只收链接，未镜像字体或校徽；使用前核对上游条款及校徽权利。,,,,,,,,
4136010421,江西财经大学,江西省,community_logo_reference,社区高校校徽字体索引,https://github.com/lovefc/china_school_badge,lovefc,False,community,未知,,社区项目；格式、工具及素材权利见上游说明,indexed_not_fetched,,https://github.com/lovefc/china_school_badge/blob/04f59e07f4b809acc60493324af5ca4aa610153d/css/fcicon.css,,,04f59e07f4b809acc60493324af5ca4aa610153d,Apache-2.0,CSS中文校名与本校全称匹配。社区校徽字体索引，LICENSE为Apache-2.0，但README另有保留作者及禁止倒卖说明。只收链接，未镜像字体或校徽；使用前核对上游条款及校徽权利。,,,,,,,,
4113010075,河北大学,河北省,community_logo_reference,社区高校校徽字体索引,https://github.com/lovefc/china_school_badge,lovefc,False,community,未知,,社区项目；格式、工具及素材权利见上游说明,indexed_not_fetched,,https://github.com/lovefc/china_school_badge/blob/04f59e07f4b809acc60493324af5ca4aa610153d/css/fcicon.css,,,04f59e07f4b809acc60493324af5ca4aa610153d,Apache-2.0,CSS中文校名与本校全称匹配。社区校徽字体索引，LICENSE为Apache-2.0，但README另有保留作者及禁止倒卖说明。只收链接，未镜像字体或校徽；使用前核对上游条款及校徽权利。,,,,,,,,
4113010080,河北工业大学,河北省,community_logo_reference,社区高校校徽字体索引,https://github.com/lovefc/china_school_badge,lovefc,False,community,未知,,社区项目；格式、工具及素材权利见上游说明,indexed_not_fetched,,https://github.com/lovefc/china_school_badge/blob/04f59e07f4b809acc60493324af5ca4aa610153d/css/fcicon.css,,,04f59e07f4b809acc60493324af5ca4aa610153d,Apache-2.0,CSS中文校名与本校全称匹配。社区校徽字体索引，LICENSE为Apache-2.0，但README另有保留作者及禁止倒卖说明。只收链接，未镜像字体或校徽；使用前核对上游条款及校徽权利。,,,,,,,,
4113010080,河北工业大学,河北省,community_history_reference,中国高校校史社区资料与可视化,https://github.com/jtchen2k/hcu,jtchen2k,False,community,未知,,社区项目；格式、工具及素材权利见上游说明,indexed_not_fetched,,https://github.com/jtchen2k/hcu/blob/8aeab521eb07d38a273318b8123caabf332e66e4/src/data/uni_info.json,,,8aeab521eb07d38a273318b8123caabf332e66e4,GPL-3.0,2022版社区校史项目；可作前身与沿革的检索起点，不等同现行官方口径。英文缩写不当作英文全名，占位描述不导入。只保存版本及入口，年份需结合校方历史起点解读。,,,,,,,,
4113010081,华北理工大学,河北省,community_logo_reference,社区高校校徽字体索引,https://github.com/lovefc/china_school_badge,lovefc,False,community,未知,,社区项目；格式、工具及素材权利见上游说明,indexed_not_fetched,,https://github.com/lovefc/china_school_badge/blob/04f59e07f4b809acc60493324af5ca4aa610153d/css/fcicon.css,,,04f59e07f4b809acc60493324af5ca4aa610153d,Apache-2.0,CSS中文校名与本校全称匹配。社区校徽字体索引，LICENSE为Apache-2.0，但README另有保留作者及禁止倒卖说明。只收链接，未镜像字体或校徽；使用前核对上游条款及校徽权利。,,,,,,,,
4113010082,河北科技大学,河北省,community_logo_reference,社区高校校徽字体索引,https://github.com/lovefc/china_school_badge,lovefc,False,community,未知,,社区项目；格式、工具及素材权利见上游说明,indexed_not_fetched,,https://github.com/lovefc/china_school_badge/blob/04f59e07f4b809acc60493324af5ca4aa610153d/css/fcicon.css,,,04f59e07f4b809acc60493324af5ca4aa610153d,Apache-2.0,CSS中文校名与本校全称匹配。社区校徽字体索引，LICENSE为Apache-2.0，但README另有保留作者及禁止倒卖说明。只收链接，未镜像字体或校徽；使用前核对上游条款及校徽权利。,,,,,,,,
4113010086,河北农业大学,河北省,community_logo_reference,社区高校校徽字体索引,https://github.com/lovefc/china_school_badge,lovefc,False,community,未知,,社区项目；格式、工具及素材权利见上游说明,indexed_not_fetched,,https://github.com/lovefc/china_school_badge/blob/04f59e07f4b809acc60493324af5ca4aa610153d/css/fcicon.css,,,04f59e07f4b809acc60493324af5ca4aa610153d,Apache-2.0,CSS中文校名与本校全称匹配。社区校徽字体索引，LICENSE为Apache-2.0，但README另有保留作者及禁止倒卖说明。只收链接，未镜像字体或校徽；使用前核对上游条款及校徽权利。,,,,,,,,
4113010089,河北医科大学,河北省,official_template,河北医科大学官网视觉资源页 PPT模板发布/下载页,https://m.hebmu.edu.cn/w/2017/12/29/C3D0447D71534D9BA0B3251469AD3E6D.htm,河北医科大学官网视觉资源页,True,school,HTML,,校方公开HTML页已读取；页面内附件或外部下载目标另行索引,page_read,True,https://m.hebmu.edu.cn/w/2017/12/29/C3D0447D71534D9BA0B3251469AD3E6D.htm,e6e5c41f48cd6e7be2d909dd90da7cff028af4a5d931ef857d431c4e5c2a4989,,,,发布范围：学校通用；按发布页说明使用。,,,,,,,,
4113010089,河北医科大学,河北省,official_template,教学版PPT模板.ppt,https://www.hebmu.edu.cn/resources/43/201809/1536714464189007202.ppt,河北医科大学官网视觉资源页,True,school,PPT,,公开文件在本次采集时已读取；未渲染或运行，后续可用性及使用条件以原发布页为准,downloaded_format_only,True,https://m.hebmu.edu.cn/w/2017/12/29/C3D0447D71534D9BA0B3251469AD3E6D.htm,e6e5c41f48cd6e7be2d909dd90da7cff028af4a5d931ef857d431c4e5c2a4989,,,,发布范围：学校通用。已读取公开文件数据；未运行或渲染，字体与图形的独立授权以原发布页为准。,OLE,f9931e189b321934e0eaa4251b1a815fc59a66cbaee4f56495828b65ee8ee297,16513536,,,,,format_only
4113010089,河北医科大学,河北省,community_logo_reference,社区高校校徽字体索引,https://github.com/lovefc/china_school_badge,lovefc,False,community,未知,,社区项目；格式、工具及素材权利见上游说明,indexed_not_fetched,,https://github.com/lovefc/china_school_badge/blob/04f59e07f4b809acc60493324af5ca4aa610153d/css/fcicon.css,,,04f59e07f4b809acc60493324af5ca4aa610153d,Apache-2.0,CSS中文校名与本校全称匹配。社区校徽字体索引，LICENSE为Apache-2.0，但README另有保留作者及禁止倒卖说明。只收链接，未镜像字体或校徽；使用前核对上游条款及校徽权利。,,,,,,,,
4113010094,河北师范大学,河北省,community_logo_reference,社区高校校徽字体索引,https://github.com/lovefc/china_school_badge,lovefc,False,community,未知,,社区项目；格式、工具及素材权利见上游说明,indexed_not_fetched,,https://github.com/lovefc/china_school_badge/blob/04f59e07f4b809acc60493324af5ca4aa610153d/css/fcicon.css,,,04f59e07f4b809acc60493324af5ca4aa610153d,Apache-2.0,CSS中文校名与本校全称匹配。社区校徽字体索引，LICENSE为Apache-2.0，但README另有保留作者及禁止倒卖说明。只收链接，未镜像字体或校徽；使用前核对上游条款及校徽权利。,,,,,,,,
4113010216,燕山大学,河北省,community_logo_reference,社区高校校徽字体索引,https://github.com/lovefc/china_school_badge,lovefc,False,community,未知,,社区项目；格式、工具及素材权利见上游说明,indexed_not_fetched,,https://github.com/lovefc/china_school_badge/blob/04f59e07f4b809acc60493324af5ca4aa610153d/css/fcicon.css,,,04f59e07f4b809acc60493324af5ca4aa610153d,Apache-2.0,CSS中文校名与本校全称匹配。社区校徽字体索引，LICENSE为Apache-2.0，但README另有保留作者及禁止倒卖说明。只收链接，未镜像字体或校徽；使用前核对上游条款及校徽权利。,,,,,,,,
4141010459,郑州大学,河南省,community_template,College Beamer社区高校主题集合,https://github.com/liu-qilong/college-beamer,liu-qilong,False,community,LaTeX/Beamer,,社区项目；格式、工具及素材权利见上游说明,indexed_not_fetched,,https://github.com/liu-qilong/college-beamer/blob/b70b18b39752ff327506b5cf012b5011a4e82bd9/README.md,,,b70b18b39752ff327506b5cf012b5011a4e82bd9,CC-BY-4.0,README列出本校主题选项；社区LaTeX/Beamer资源，非PPTX或校方发布。仓库收链接与版本，使用前查阅许可和校徽权利。,,,,,,,,
4141010459,郑州大学,河南省,community_logo_reference,社区高校校徽字体索引,https://github.com/lovefc/china_school_badge,lovefc,False,community,未知,,社区项目；格式、工具及素材权利见上游说明,indexed_not_fetched,,https://github.com/lovefc/china_school_badge/blob/04f59e07f4b809acc60493324af5ca4aa610153d/css/fcicon.css,,,04f59e07f4b809acc60493324af5ca4aa610153d,Apache-2.0,CSS中文校名与本校全称匹配。社区校徽字体索引，LICENSE为Apache-2.0，但README另有保留作者及禁止倒卖说明。只收链接，未镜像字体或校徽；使用前核对上游条款及校徽权利。,,,,,,,,
4141010459,郑州大学,河南省,community_history_reference,中国高校校史社区资料与可视化,https://github.com/jtchen2k/hcu,jtchen2k,False,community,未知,,社区项目；格式、工具及素材权利见上游说明,indexed_not_fetched,,https://github.com/jtchen2k/hcu/blob/8aeab521eb07d38a273318b8123caabf332e66e4/src/data/uni_info.json,,,8aeab521eb07d38a273318b8123caabf332e66e4,GPL-3.0,2022版社区校史项目；可作前身与沿革的检索起点，不等同现行官方口径。英文缩写不当作英文全名，占位描述不导入。只保存版本及入口，年份需结合校方历史起点解读。,,,,,,,,
4141010459,郑州大学,河南省,community_logo_source,郑州大学社区TikZ矢量标识源码,https://github.com/yuxtech/cnlogo/blob/daca8906123ca61186218ddda7369f95cc65a664/cnlogo/zzu.tex,yuxtech/cnlogo,False,community,TeX/TikZ,,社区项目；格式、工具及素材权利见上游说明,source_text_read,True,https://github.com/yuxtech/cnlogo/blob/daca8906123ca61186218ddda7369f95cc65a664/README.md,ad741306dc495dfb42185a9fbe046215417c4f6a2e75347c8402f6e438b153a3,yuxtech/cnlogo,daca8906123ca61186218ddda7369f95cc65a664,源代码声明AGPL-3.0；LICENSE将Logos/graphics排除在该许可之外,README与文件首行中文学校名均精确匹配教育部名称。源码为社区转换，需用户自行使用LaTeX/TikZ导出后用于PPT；本库没有编译或保证图形现行版本。代码许可不等于校徽图形许可；只保存固定版本源码入口、格式和内容哈希，不再分发代码或校徽。,,,,,,,,
4141010460,河南理工大学,河南省,community_logo_reference,社区高校校徽字体索引,https://github.com/lovefc/china_school_badge,lovefc,False,community,未知,,社区项目；格式、工具及素材权利见上游说明,indexed_not_fetched,,https://github.com/lovefc/china_school_badge/blob/04f59e07f4b809acc60493324af5ca4aa610153d/css/fcicon.css,,,04f59e07f4b809acc60493324af5ca4aa610153d,Apache-2.0,CSS中文校名与本校全称匹配。社区校徽字体索引，LICENSE为Apache-2.0，但README另有保留作者及禁止倒卖说明。只收链接，未镜像字体或校徽；使用前核对上游条款及校徽权利。,,,,,,,,
4141010464,河南科技大学,河南省,community_logo_reference,社区高校校徽字体索引,https://github.com/lovefc/china_school_badge,lovefc,False,community,未知,,社区项目；格式、工具及素材权利见上游说明,indexed_not_fetched,,https://github.com/lovefc/china_school_badge/blob/04f59e07f4b809acc60493324af5ca4aa610153d/css/fcicon.css,,,04f59e07f4b809acc60493324af5ca4aa610153d,Apache-2.0,CSS中文校名与本校全称匹配。社区校徽字体索引，LICENSE为Apache-2.0，但README另有保留作者及禁止倒卖说明。只收链接，未镜像字体或校徽；使用前核对上游条款及校徽权利。,,,,,,,,
4141010466,河南农业大学,河南省,community_logo_reference,社区高校校徽字体索引,https://github.com/lovefc/china_school_badge,lovefc,False,community,未知,,社区项目；格式、工具及素材权利见上游说明,indexed_not_fetched,,https://github.com/lovefc/china_school_badge/blob/04f59e07f4b809acc60493324af5ca4aa610153d/css/fcicon.css,,,04f59e07f4b809acc60493324af5ca4aa610153d,Apache-2.0,CSS中文校名与本校全称匹配。社区校徽字体索引，LICENSE为Apache-2.0，但README另有保留作者及禁止倒卖说明。只收链接，未镜像字体或校徽；使用前核对上游条款及校徽权利。,,,,,,,,
4141010467,河南科技学院,河南省,community_logo_reference,社区高校校徽字体索引,https://github.com/lovefc/china_school_badge,lovefc,False,community,未知,,社区项目；格式、工具及素材权利见上游说明,indexed_not_fetched,,https://github.com/lovefc/china_school_badge/blob/04f59e07f4b809acc60493324af5ca4aa610153d/css/fcicon.css,,,04f59e07f4b809acc60493324af5ca4aa610153d,Apache-2.0,CSS中文校名与本校全称匹配。社区校徽字体索引，LICENSE为Apache-2.0，但README另有保留作者及禁止倒卖说明。只收链接，未镜像字体或校徽；使用前核对上游条款及校徽权利。,,,,,,,,
4141010475,河南大学,河南省,community_logo_reference,社区高校校徽字体索引,https://github.com/lovefc/china_school_badge,lovefc,False,community,未知,,社区项目；格式、工具及素材权利见上游说明,indexed_not_fetched,,https://github.com/lovefc/china_school_badge/blob/04f59e07f4b809acc60493324af5ca4aa610153d/css/fcicon.css,,,04f59e07f4b809acc60493324af5ca4aa610153d,Apache-2.0,CSS中文校名与本校全称匹配。社区校徽字体索引，LICENSE为Apache-2.0，但README另有保留作者及禁止倒卖说明。只收链接，未镜像字体或校徽；使用前核对上游条款及校徽权利。,,,,,,,,
4141010475,河南大学,河南省,community_history_reference,中国高校校史社区资料与可视化,https://github.com/jtchen2k/hcu,jtchen2k,False,community,未知,,社区项目；格式、工具及素材权利见上游说明,indexed_not_fetched,,https://github.com/jtchen2k/hcu/blob/8aeab521eb07d38a273318b8123caabf332e66e4/src/data/uni_info.json,,,8aeab521eb07d38a273318b8123caabf332e66e4,GPL-3.0,2022版社区校史项目；可作前身与沿革的检索起点，不等同现行官方口径。英文缩写不当作英文全名，占位描述不导入。只保存版本及入口，年份需结合校方历史起点解读。,,,,,,,,
4141010476,河南师范大学,河南省,community_logo_reference,社区高校校徽字体索引,https://github.com/lovefc/china_school_badge,lovefc,False,community,未知,,社区项目；格式、工具及素材权利见上游说明,indexed_not_fetched,,https://github.com/lovefc/china_school_badge/blob/04f59e07f4b809acc60493324af5ca4aa610153d/css/fcicon.css,,,04f59e07f4b809acc60493324af5ca4aa610153d,Apache-2.0,CSS中文校名与本校全称匹配。社区校徽字体索引，LICENSE为Apache-2.0，但README另有保留作者及禁止倒卖说明。只收链接，未镜像字体或校徽；使用前核对上游条款及校徽权利。,,,,,,,,
4141011070,洛阳理工学院,河南省,community_logo_reference,社区高校校徽字体索引,https://github.com/lovefc/china_school_badge,lovefc,False,community,未知,,社区项目；格式、工具及素材权利见上游说明,indexed_not_fetched,,https://github.com/lovefc/china_school_badge/blob/04f59e07f4b809acc60493324af5ca4aa610153d/css/fcicon.css,,,04f59e07f4b809acc60493324af5ca4aa610153d,Apache-2.0,CSS中文校名与本校全称匹配。社区校徽字体索引，LICENSE为Apache-2.0，但README另有保留作者及禁止倒卖说明。只收链接，未镜像字体或校徽；使用前核对上游条款及校徽权利。,,,,,,,,
4141011653,南阳理工学院,河南省,community_logo_reference,社区高校校徽字体索引,https://github.com/lovefc/china_school_badge,lovefc,False,community,未知,,社区项目；格式、工具及素材权利见上游说明,indexed_not_fetched,,https://github.com/lovefc/china_school_badge/blob/04f59e07f4b809acc60493324af5ca4aa610153d/css/fcicon.css,,,04f59e07f4b809acc60493324af5ca4aa610153d,Apache-2.0,CSS中文校名与本校全称匹配。社区校徽字体索引，LICENSE为Apache-2.0，但README另有保留作者及禁止倒卖说明。只收链接，未镜像字体或校徽；使用前核对上游条款及校徽权利。,,,,,,,,
4141011765,河南城建学院,河南省,community_logo_reference,社区高校校徽字体索引,https://github.com/lovefc/china_school_badge,lovefc,False,community,未知,,社区项目；格式、工具及素材权利见上游说明,indexed_not_fetched,,https://github.com/lovefc/china_school_badge/blob/04f59e07f4b809acc60493324af5ca4aa610153d/css/fcicon.css,,,04f59e07f4b809acc60493324af5ca4aa610153d,Apache-2.0,CSS中文校名与本校全称匹配。社区校徽字体索引，LICENSE为Apache-2.0，但README另有保留作者及禁止倒卖说明。只收链接，未镜像字体或校徽；使用前核对上游条款及校徽权利。,,,,,,,,
4133010335,浙江大学,浙江省,official_template,浙江大学微纳电子学院 PPT模板发布/下载页,https://ic.zju.edu.cn/2025/0912/c81195a3080798/page.htm,浙江大学微纳电子学院,True,department,HTML,,校方公开HTML页已读取；页面内附件或外部下载目标另行索引,page_read,True,https://ic.zju.edu.cn/2025/0912/c81195a3080798/page.htm,dc50f0602654c1f38b856bcb7644c0a286132e92a37e73704a01f514e18bba6b,,,,发布范围：浙江大学微纳电子学院；按发布页说明使用。,,,,,,,,
4133010335,浙江大学,浙江省,official_template,学院PPT模板.pptx,https://ic.zju.edu.cn/_upload/article/files/b7/30/be9580b04a2d907c035cd4f053ac/9b5581d8-41fa-47cd-9edb-97da8630ee90.pptx,浙江大学微纳电子学院,True,department,PPTX,,公开文件在本次采集时已读取；未渲染或运行，后续可用性及使用条件以原发布页为准,content_inspected,True,https://ic.zju.edu.cn/2025/0912/c81195a3080798/page.htm,dc50f0602654c1f38b856bcb7644c0a286132e92a37e73704a01f514e18bba6b,,,,发布范围：浙江大学微纳电子学院。已读取公开文件数据；未运行或渲染，字体与图形的独立授权以原发布页为准。,PPTX,721a2b1ebd42d43c0a6b306fc9594b67492b770892a69d919020c24e0ec22de6,225698,5,16:9,Angsana New;Arial;Cordia New;DaunPenh;DokChampa;Estrangelo Edessa;Euphemia;Gautami;Impact;Iskoola Pota;Kalinga;Kartika;Latha;MV Boli;Mangal;Microsoft Himalaya;Microsoft Uighur;Microsoft Yi Baiti;Mongolian Baiti;MoolBoran;Nyala;Plantagenet Cherokee;Raavi;Shruti;Sylfaen;Times New Roman;Tunga;Vrinda;微软雅黑;新細明體;游ゴシック;游ゴシック Light;等线;等线 Light;맑은 고딕,44,content_inspected
4133010335,浙江大学,浙江省,community_template,浙江大学社区Marp主题,https://github.com/CouesF/marp-theme-zju,CouesF,False,community,Markdown/Marp,,社区项目；格式、工具及素材权利见上游说明,indexed_not_fetched,,https://github.com/CouesF/marp-theme-zju/blob/5c5f362b78ac2c899b982af8a110172bacb4265e/README.md,,,5c5f362b78ac2c899b982af8a110172bacb4265e,,非学校官方发布。仓库只收社区入口和提取依据；未声明许可时不镜像或再分发上游文件。,,,,,,,,
4133010335,浙江大学,浙江省,community_logo_reference,社区高校校徽字体索引,https://github.com/lovefc/china_school_badge,lovefc,False,community,未知,,社区项目；格式、工具及素材权利见上游说明,indexed_not_fetched,,https://github.com/lovefc/china_school_badge/blob/04f59e07f4b809acc60493324af5ca4aa610153d/css/fcicon.css,,,04f59e07f4b809acc60493324af5ca4aa610153d,Apache-2.0,CSS中文校名与本校全称匹配。社区校徽字体索引，LICENSE为Apache-2.0，但README另有保留作者及禁止倒卖说明。只收链接，未镜像字体或校徽；使用前核对上游条款及校徽权利。,,,,,,,,
4133010335,浙江大学,浙江省,community_history_reference,中国高校校史社区资料与可视化,https://github.com/jtchen2k/hcu,jtchen2k,False,community,未知,,社区项目；格式、工具及素材权利见上游说明,indexed_not_fetched,,https://github.com/jtchen2k/hcu/blob/8aeab521eb07d38a273318b8123caabf332e66e4/src/data/uni_info.json,,,8aeab521eb07d38a273318b8123caabf332e66e4,GPL-3.0,2022版社区校史项目；可作前身与沿革的检索起点，不等同现行官方口径。英文缩写不当作英文全名，占位描述不导入。只保存版本及入口，年份需结合校方历史起点解读。,,,,,,,,
4133010335,浙江大学,浙江省,community_logo_source,浙江大学社区TikZ矢量标识源码,https://github.com/yuxtech/cnlogo/blob/daca8906123ca61186218ddda7369f95cc65a664/cnlogo/zju.tex,yuxtech/cnlogo,False,community,TeX/TikZ,,社区项目；格式、工具及素材权利见上游说明,source_text_read,True,https://github.com/yuxtech/cnlogo/blob/daca8906123ca61186218ddda7369f95cc65a664/README.md,c5eec627fd00934c889f3f44ba35a24ec05a7eed9f7f3a9f5905ddb357a04ae1,yuxtech/cnlogo,daca8906123ca61186218ddda7369f95cc65a664,源代码声明AGPL-3.0；LICENSE将Logos/graphics排除在该许可之外,README与文件首行中文学校名均精确匹配教育部名称。源码为社区转换，需用户自行使用LaTeX/TikZ导出后用于PPT；本库没有编译或保证图形现行版本。代码许可不等于校徽图形许可；只保存固定版本源码入口、格式和内容哈希，不再分发代码或校徽。,,,,,,,,
4133010336,杭州电子科技大学,浙江省,community_logo_reference,社区高校校徽字体索引,https://github.com/lovefc/china_school_badge,lovefc,False,community,未知,,社区项目；格式、工具及素材权利见上游说明,indexed_not_fetched,,https://github.com/lovefc/china_school_badge/blob/04f59e07f4b809acc60493324af5ca4aa610153d/css/fcicon.css,,,04f59e07f4b809acc60493324af5ca4aa610153d,Apache-2.0,CSS中文校名与本校全称匹配。社区校徽字体索引，LICENSE为Apache-2.0，但README另有保留作者及禁止倒卖说明。只收链接，未镜像字体或校徽；使用前核对上游条款及校徽权利。,,,,,,,,
4133010337,浙江工业大学,浙江省,community_template,College Beamer社区高校主题集合,https://github.com/liu-qilong/college-beamer,liu-qilong,False,community,LaTeX/Beamer,,社区项目；格式、工具及素材权利见上游说明,indexed_not_fetched,,https://github.com/liu-qilong/college-beamer/blob/b70b18b39752ff327506b5cf012b5011a4e82bd9/README.md,,,b70b18b39752ff327506b5cf012b5011a4e82bd9,CC-BY-4.0,README列出本校主题选项；社区LaTeX/Beamer资源，非PPTX或校方发布。仓库收链接与版本，使用前查阅许可和校徽权利。,,,,,,,,
4133010337,浙江工业大学,浙江省,community_logo_reference,社区高校校徽字体索引,https://github.com/lovefc/china_school_badge,lovefc,False,community,未知,,社区项目；格式、工具及素材权利见上游说明,indexed_not_fetched,,https://github.com/lovefc/china_school_badge/blob/04f59e07f4b809acc60493324af5ca4aa610153d/css/fcicon.css,,,04f59e07f4b809acc60493324af5ca4aa610153d,Apache-2.0,CSS中文校名与本校全称匹配。社区校徽字体索引，LICENSE为Apache-2.0，但README另有保留作者及禁止倒卖说明。只收链接，未镜像字体或校徽；使用前核对上游条款及校徽权利。,,,,,,,,
4133010338,浙江理工大学,浙江省,community_logo_reference,社区高校校徽字体索引,https://github.com/lovefc/china_school_badge,lovefc,False,community,未知,,社区项目；格式、工具及素材权利见上游说明,indexed_not_fetched,,https://github.com/lovefc/china_school_badge/blob/04f59e07f4b809acc60493324af5ca4aa610153d/css/fcicon.css,,,04f59e07f4b809acc60493324af5ca4aa610153d,Apache-2.0,CSS中文校名与本校全称匹配。社区校徽字体索引，LICENSE为Apache-2.0，但README另有保留作者及禁止倒卖说明。只收链接，未镜像字体或校徽；使用前核对上游条款及校徽权利。,,,,,,,,
4133010341,浙江农林大学,浙江省,community_template,College Beamer社区高校主题集合,https://github.com/liu-qilong/college-beamer,liu-qilong,False,community,LaTeX/Beamer,,社区项目；格式、工具及素材权利见上游说明,indexed_not_fetched,,https://github.com/liu-qilong/college-beamer/blob/b70b18b39752ff327506b5cf012b5011a4e82bd9/README.md,,,b70b18b39752ff327506b5cf012b5011a4e82bd9,CC-BY-4.0,README列出本校主题选项；社区LaTeX/Beamer资源，非PPTX或校方发布。仓库收链接与版本，使用前查阅许可和校徽权利。,,,,,,,,
4133010341,浙江农林大学,浙江省,community_logo_reference,社区高校校徽字体索引,https://github.com/lovefc/china_school_badge,lovefc,False,community,未知,,社区项目；格式、工具及素材权利见上游说明,indexed_not_fetched,,https://github.com/lovefc/china_school_badge/blob/04f59e07f4b809acc60493324af5ca4aa610153d/css/fcicon.css,,,04f59e07f4b809acc60493324af5ca4aa610153d,Apache-2.0,CSS中文校名与本校全称匹配。社区校徽字体索引，LICENSE为Apache-2.0，但README另有保留作者及禁止倒卖说明。只收链接，未镜像字体或校徽；使用前核对上游条款及校徽权利。,,,,,,,,
4133010343,温州医科大学,浙江省,community_logo_reference,社区高校校徽字体索引,https://github.com/lovefc/china_school_badge,lovefc,False,community,未知,,社区项目；格式、工具及素材权利见上游说明,indexed_not_fetched,,https://github.com/lovefc/china_school_badge/blob/04f59e07f4b809acc60493324af5ca4aa610153d/css/fcicon.css,,,04f59e07f4b809acc60493324af5ca4aa610153d,Apache-2.0,CSS中文校名与本校全称匹配。社区校徽字体索引，LICENSE为Apache-2.0，但README另有保留作者及禁止倒卖说明。只收链接，未镜像字体或校徽；使用前核对上游条款及校徽权利。,,,,,,,,
4133010344,浙江中医药大学,浙江省,community_logo_reference,社区高校校徽字体索引,https://github.com/lovefc/china_school_badge,lovefc,False,community,未知,,社区项目；格式、工具及素材权利见上游说明,indexed_not_fetched,,https://github.com/lovefc/china_school_badge/blob/04f59e07f4b809acc60493324af5ca4aa610153d/css/fcicon.css,,,04f59e07f4b809acc60493324af5ca4aa610153d,Apache-2.0,CSS中文校名与本校全称匹配。社区校徽字体索引，LICENSE为Apache-2.0，但README另有保留作者及禁止倒卖说明。只收链接，未镜像字体或校徽；使用前核对上游条款及校徽权利。,,,,,,,,
4133010345,浙江师范大学,浙江省,community_logo_reference,社区高校校徽字体索引,https://github.com/lovefc/china_school_badge,lovefc,False,community,未知,,社区项目；格式、工具及素材权利见上游说明,indexed_not_fetched,,https://github.com/lovefc/china_school_badge/blob/04f59e07f4b809acc60493324af5ca4aa610153d/css/fcicon.css,,,04f59e07f4b809acc60493324af5ca4aa610153d,Apache-2.0,CSS中文校名与本校全称匹配。社区校徽字体索引，LICENSE为Apache-2.0，但README另有保留作者及禁止倒卖说明。只收链接，未镜像字体或校徽；使用前核对上游条款及校徽权利。,,,,,,,,
4133010346,杭州师范大学,浙江省,community_logo_reference,社区高校校徽字体索引,https://github.com/lovefc/china_school_badge,lovefc,False,community,未知,,社区项目；格式、工具及素材权利见上游说明,indexed_not_fetched,,https://github.com/lovefc/china_school_badge/blob/04f59e07f4b809acc60493324af5ca4aa610153d/css/fcicon.css,,,04f59e07f4b809acc60493324af5ca4aa610153d,Apache-2.0,CSS中文校名与本校全称匹配。社区校徽字体索引，LICENSE为Apache-2.0，但README另有保留作者及禁止倒卖说明。只收链接，未镜像字体或校徽；使用前核对上游条款及校徽权利。,,,,,,,,
4133010351,温州大学,浙江省,community_logo_reference,社区高校校徽字体索引,https://github.com/lovefc/china_school_badge,lovefc,False,community,未知,,社区项目；格式、工具及素材权利见上游说明,indexed_not_fetched,,https://github.com/lovefc/china_school_badge/blob/04f59e07f4b809acc60493324af5ca4aa610153d/css/fcicon.css,,,04f59e07f4b809acc60493324af5ca4aa610153d,Apache-2.0,CSS中文校名与本校全称匹配。社区校徽字体索引，LICENSE为Apache-2.0，但README另有保留作者及禁止倒卖说明。只收链接，未镜像字体或校徽；使用前核对上游条款及校徽权利。,,,,,,,,
4133010351,温州大学,浙江省,community_logo_source,温州大学社区TikZ矢量标识源码,https://github.com/yuxtech/cnlogo/blob/daca8906123ca61186218ddda7369f95cc65a664/cnlogo/wzu.tex,yuxtech/cnlogo,False,community,TeX/TikZ,,社区项目；格式、工具及素材权利见上游说明,source_text_read,True,https://github.com/yuxtech/cnlogo/blob/daca8906123ca61186218ddda7369f95cc65a664/README.md,4ef7b628ec79d463274daca2f6672fdef1e6515c4f21519681f9b4f6ecddb5bc,yuxtech/cnlogo,daca8906123ca61186218ddda7369f95cc65a664,源代码声明AGPL-3.0；LICENSE将Logos/graphics排除在该许可之外,README与文件首行中文学校名均精确匹配教育部名称。源码为社区转换，需用户自行使用LaTeX/TikZ导出后用于PPT；本库没有编译或保证图形现行版本。代码许可不等于校徽图形许可；只保存固定版本源码入口、格式和内容哈希，不再分发代码或校徽。,,,,,,,,
4133010353,浙江工商大学,浙江省,community_logo_reference,社区高校校徽字体索引,https://github.com/lovefc/china_school_badge,lovefc,False,community,未知,,社区项目；格式、工具及素材权利见上游说明,indexed_not_fetched,,https://github.com/lovefc/china_school_badge/blob/04f59e07f4b809acc60493324af5ca4aa610153d/css/fcicon.css,,,04f59e07f4b809acc60493324af5ca4aa610153d,Apache-2.0,CSS中文校名与本校全称匹配。社区校徽字体索引，LICENSE为Apache-2.0，但README另有保留作者及禁止倒卖说明。只收链接，未镜像字体或校徽；使用前核对上游条款及校徽权利。,,,,,,,,
4133010355,中国美术学院,浙江省,community_logo_reference,社区高校校徽字体索引,https://github.com/lovefc/china_school_badge,lovefc,False,community,未知,,社区项目；格式、工具及素材权利见上游说明,indexed_not_fetched,,https://github.com/lovefc/china_school_badge/blob/04f59e07f4b809acc60493324af5ca4aa610153d/css/fcicon.css,,,04f59e07f4b809acc60493324af5ca4aa610153d,Apache-2.0,CSS中文校名与本校全称匹配。社区校徽字体索引，LICENSE为Apache-2.0，但README另有保留作者及禁止倒卖说明。只收链接，未镜像字体或校徽；使用前核对上游条款及校徽权利。,,,,,,,,
4133010355,中国美术学院,浙江省,community_history_reference,中国高校校史社区资料与可视化,https://github.com/jtchen2k/hcu,jtchen2k,False,community,未知,,社区项目；格式、工具及素材权利见上游说明,indexed_not_fetched,,https://github.com/jtchen2k/hcu/blob/8aeab521eb07d38a273318b8123caabf332e66e4/src/data/uni_info.json,,,8aeab521eb07d38a273318b8123caabf332e66e4,GPL-3.0,2022版社区校史项目；可作前身与沿革的检索起点，不等同现行官方口径。英文缩写不当作英文全名，占位描述不导入。只保存版本及入口，年份需结合校方历史起点解读。,,,,,,,,
4133010356,中国计量大学,浙江省,community_logo_reference,社区高校校徽字体索引,https://github.com/lovefc/china_school_badge,lovefc,False,community,未知,,社区项目；格式、工具及素材权利见上游说明,indexed_not_fetched,,https://github.com/lovefc/china_school_badge/blob/04f59e07f4b809acc60493324af5ca4aa610153d/css/fcicon.css,,,04f59e07f4b809acc60493324af5ca4aa610153d,Apache-2.0,CSS中文校名与本校全称匹配。社区校徽字体索引，LICENSE为Apache-2.0，但README另有保留作者及禁止倒卖说明。只收链接，未镜像字体或校徽；使用前核对上游条款及校徽权利。,,,,,,,,
4133010876,浙江万里学院,浙江省,community_logo_reference,社区高校校徽字体索引,https://github.com/lovefc/china_school_badge,lovefc,False,community,未知,,社区项目；格式、工具及素材权利见上游说明,indexed_not_fetched,,https://github.com/lovefc/china_school_badge/blob/04f59e07f4b809acc60493324af5ca4aa610153d/css/fcicon.css,,,04f59e07f4b809acc60493324af5ca4aa610153d,Apache-2.0,CSS中文校名与本校全称匹配。社区校徽字体索引，LICENSE为Apache-2.0，但README另有保留作者及禁止倒卖说明。只收链接，未镜像字体或校徽；使用前核对上游条款及校徽权利。,,,,,,,,
4133011058,宁波工程学院,浙江省,official_template,宁波工程学院官网视觉资源页 PPT模板发布/下载页,https://www.nbut.edu.cn/xywh1/xxsbxt.htm,宁波工程学院官网视觉资源页,True,school,HTML,,校方公开HTML页已读取；页面内附件或外部下载目标另行索引,page_read,True,https://www.nbut.edu.cn/xywh1/xxsbxt.htm,5b1a1014ddef2df49c9854e626447c95a866a2e6a6b7fcfb6544e3d4cbb040f3,,,,发布范围：学校通用；按发布页说明使用。,,,,,,,,
4133011058,宁波工程学院,浙江省,official_template,宁工PPT模板,https://www.nbut.edu.cn/xywh1/ngPPTmb.htm,宁波工程学院官网视觉资源页,True,school,HTML,,已读取校方发布页；附件目标尚未读取，格式按原链接文件名，动态端点或网盘可能需要登录/提取码,page_read,True,https://www.nbut.edu.cn/xywh1/xxsbxt.htm,5b1a1014ddef2df49c9854e626447c95a866a2e6a6b7fcfb6544e3d4cbb040f3,,,,发布范围：学校通用。仅索引入口；未编译、未打开模板，不保证当前可下载或模板中字体与图形的独立授权。,,,,,,,,target_page_read
4133011058,宁波工程学院,浙江省,official_template,宁波工程学院官网视觉资源页 PPT模板发布/下载页,https://www.nbut.edu.cn/xywh1/xbxx.htm,宁波工程学院官网视觉资源页,True,school,HTML,,校方公开HTML页已读取；页面内附件或外部下载目标另行索引,page_read,True,https://www.nbut.edu.cn/xywh1/xbxx.htm,7a601f48596ee6db1ff58b04564761c584fbc41ae67296baa86dfa45d6dee999,,,,发布范围：学校通用；按发布页说明使用。,,,,,,,,
4133011058,宁波工程学院,浙江省,official_template,宁工PPT模板,https://www.nbut.edu.cn/xywh1/ngPPTmb.htm,宁波工程学院官网视觉资源页,True,school,HTML,,已读取校方发布页；附件目标尚未读取，格式按原链接文件名，动态端点或网盘可能需要登录/提取码,page_read,True,https://www.nbut.edu.cn/xywh1/xbxx.htm,7a601f48596ee6db1ff58b04564761c584fbc41ae67296baa86dfa45d6dee999,,,,发布范围：学校通用。仅索引入口；未编译、未打开模板，不保证当前可下载或模板中字体与图形的独立授权。,,,,,,,,target_page_read
4133011058,宁波工程学院,浙江省,official_template,宁波工程学院官网视觉资源页 PPT模板发布/下载页,https://www.nbut.edu.cn/xywh1/ngPPTmb.htm,宁波工程学院官网视觉资源页,True,school,HTML,,校方公开HTML页已读取；页面内附件或外部下载目标另行索引,page_read,True,https://www.nbut.edu.cn/xywh1/ngPPTmb.htm,ea6ea56cca518aea330c8920f7105e2cedb32227cd32674673e1bdafa7b0684a,,,,发布范围：学校通用；按发布页说明使用。,,,,,,,,target_page_read
4133011058,宁波工程学院,浙江省,official_template,宁波工程学院官网视觉资源页 PPT模板发布/下载页,https://www.nbut.edu.cn/xywh1/xxsbxt/a1_xb.htm,宁波工程学院官网视觉资源页,True,school,HTML,,校方公开HTML页已读取；页面内附件或外部下载目标另行索引,page_read,True,https://www.nbut.edu.cn/xywh1/xxsbxt/a1_xb.htm,143c16257780a27f2cce21fea4266cea0a300d331826c4c4bdb1efbb743dfd16,,,,发布范围：学校通用；按发布页说明使用。,,,,,,,,
4133011058,宁波工程学院,浙江省,official_template,宁工PPT模板,https://www.nbut.edu.cn/xywh1/ngPPTmb.htm,宁波工程学院官网视觉资源页,True,school,HTML,,已读取校方发布页；附件目标尚未读取，格式按原链接文件名，动态端点或网盘可能需要登录/提取码,page_read,True,https://www.nbut.edu.cn/xywh1/xxsbxt/a1_xb.htm,143c16257780a27f2cce21fea4266cea0a300d331826c4c4bdb1efbb743dfd16,,,,发布范围：学校通用。仅索引入口；未编译、未打开模板，不保证当前可下载或模板中字体与图形的独立授权。,,,,,,,,target_page_read
4133011646,宁波大学,浙江省,official_template,宁波大学官方PPT入口,https://vi.nbu.edu.cn/yybf1/mbyzy/mbyzy.htm,宁波大学党委宣传部视觉形象识别系统,True,unspecified,HTML/未知,,访问条件以原发布页为准,indexed_not_fetched,,https://vi.nbu.edu.cn/yybf1/mbyzy/mbyzy.htm,,,,,,,,,,,,,
4133011646,宁波大学,浙江省,community_logo_reference,社区高校校徽字体索引,https://github.com/lovefc/china_school_badge,lovefc,False,community,未知,,社区项目；格式、工具及素材权利见上游说明,indexed_not_fetched,,https://github.com/lovefc/china_school_badge/blob/04f59e07f4b809acc60493324af5ca4aa610153d/css/fcicon.css,,,04f59e07f4b809acc60493324af5ca4aa610153d,Apache-2.0,CSS中文校名与本校全称匹配。社区校徽字体索引，LICENSE为Apache-2.0，但README另有保留作者及禁止倒卖说明。只收链接，未镜像字体或校徽；使用前核对上游条款及校徽权利。,,,,,,,,
4133011646,宁波大学,浙江省,community_history_reference,中国高校校史社区资料与可视化,https://github.com/jtchen2k/hcu,jtchen2k,False,community,未知,,社区项目；格式、工具及素材权利见上游说明,indexed_not_fetched,,https://github.com/jtchen2k/hcu/blob/8aeab521eb07d38a273318b8123caabf332e66e4/src/data/uni_info.json,,,8aeab521eb07d38a273318b8123caabf332e66e4,GPL-3.0,2022版社区校史项目；可作前身与沿革的检索起点，不等同现行官方口径。英文缩写不当作英文全名，占位描述不导入。只保存版本及入口，年份需结合校方历史起点解读。,,,,,,,,
4133013022,浙大宁波理工学院,浙江省,official_template,浙大宁波理工学院官网视觉资源页 PPT模板发布/下载页,https://www.nbt.edu.cn/xqzl/xxbs.htm,浙大宁波理工学院官网视觉资源页,True,school,HTML,,校方公开HTML页已读取；页面内附件或外部下载目标另行索引,page_read,True,https://www.nbt.edu.cn/xqzl/xxbs.htm,28e5634cc436eef846f9bfe998bba1776ab4e9e0e04733bbcf132845d266d6f3,,,,发布范围：学校通用；按发布页说明使用。,,,,,,,,
4133013022,浙大宁波理工学院,浙江省,official_template,浙大宁波理工学院PPT模板,https://www.nbt.edu.cn/images/xxbs/zhedaningboligongxueyuanPPTmoban.zip,浙大宁波理工学院官网视觉资源页,True,school,ZIP,,已读取校方发布页；附件目标尚未读取，格式按原链接文件名，动态端点或网盘可能需要登录/提取码,indexed_not_fetched,False,https://www.nbt.edu.cn/xqzl/xxbs.htm,28e5634cc436eef846f9bfe998bba1776ab4e9e0e04733bbcf132845d266d6f3,,,,发布范围：学校通用。仅索引入口；未编译、未打开模板，不保证当前可下载或模板中字体与图形的独立授权。,,,,,,,,inspection_failed
4133013022,浙大宁波理工学院,浙江省,community_logo_reference,社区高校校徽字体索引,https://github.com/lovefc/china_school_badge,lovefc,False,community,未知,,社区项目；格式、工具及素材权利见上游说明,indexed_not_fetched,,https://github.com/lovefc/china_school_badge/blob/04f59e07f4b809acc60493324af5ca4aa610153d/css/fcicon.css,,,04f59e07f4b809acc60493324af5ca4aa610153d,Apache-2.0,CSS中文校名与本校全称匹配。社区校徽字体索引，LICENSE为Apache-2.0，但README另有保留作者及禁止倒卖说明。只收链接，未镜像字体或校徽；使用前核对上游条款及校徽权利。,,,,,,,,
4133013023,杭州医学院,浙江省,community_logo_reference,社区高校校徽字体索引,https://github.com/lovefc/china_school_badge,lovefc,False,community,未知,,社区项目；格式、工具及素材权利见上游说明,indexed_not_fetched,,https://github.com/lovefc/china_school_badge/blob/04f59e07f4b809acc60493324af5ca4aa610153d/css/fcicon.css,,,04f59e07f4b809acc60493324af5ca4aa610153d,Apache-2.0,CSS中文校名与本校全称匹配。社区校徽字体索引，LICENSE为Apache-2.0，但README另有保留作者及禁止倒卖说明。只收链接，未镜像字体或校徽；使用前核对上游条款及校徽权利。,,,,,,,,
4133014275,浙江外国语学院,浙江省,official_template,浙江外国语学院官网视觉资源页 PPT模板发布/下载页,https://www.zisu.edu.cn/xqzl1/xxbs/xxsbxt.htm,浙江外国语学院官网视觉资源页,True,school,HTML,,校方公开HTML页已读取；页面内附件或外部下载目标另行索引,page_read,True,https://www.zisu.edu.cn/xqzl1/xxbs/xxsbxt.htm,b34bff01eb046630811b512518605056ace0785cd046e8094919fc52e5a9042f,,,,发布范围：学校通用；按发布页说明使用。,,,,,,,,
4133014275,浙江外国语学院,浙江省,official_template,浙江外国语学院PPT模板（蓝色16：9）.pptx,https://www.zisu.edu.cn/system/_content/download.jsp?urltype=news.DownloadAttachUrl&owner=1687734104&wbfileid=13150817,浙江外国语学院官网视觉资源页,True,school,PPTX,,已读取校方发布页；附件目标尚未读取，格式按原链接文件名，动态端点或网盘可能需要登录/提取码,indexed_not_fetched,False,https://www.zisu.edu.cn/xqzl1/xxbs/xxsbxt.htm,b34bff01eb046630811b512518605056ace0785cd046e8094919fc52e5a9042f,,,,发布范围：学校通用。仅索引入口；未编译、未打开模板，不保证当前可下载或模板中字体与图形的独立授权。,,,,,,,,inspection_failed
4133014275,浙江外国语学院,浙江省,official_template,浙江外国语学院PPT模板（紫色16：9）.pptx,https://www.zisu.edu.cn/system/_content/download.jsp?urltype=news.DownloadAttachUrl&owner=1687734104&wbfileid=13150818,浙江外国语学院官网视觉资源页,True,school,PPTX,,已读取校方发布页；附件目标尚未读取，格式按原链接文件名，动态端点或网盘可能需要登录/提取码,indexed_not_fetched,False,https://www.zisu.edu.cn/xqzl1/xxbs/xxsbxt.htm,b34bff01eb046630811b512518605056ace0785cd046e8094919fc52e5a9042f,,,,发布范围：学校通用。仅索引入口；未编译、未打开模板，不保证当前可下载或模板中字体与图形的独立授权。,,,,,,,,inspection_failed
4133014535,浙江音乐学院,浙江省,community_logo_reference,社区高校校徽字体索引,https://github.com/lovefc/china_school_badge,lovefc,False,community,未知,,社区项目；格式、工具及素材权利见上游说明,indexed_not_fetched,,https://github.com/lovefc/china_school_badge/blob/04f59e07f4b809acc60493324af5ca4aa610153d/css/fcicon.css,,,04f59e07f4b809acc60493324af5ca4aa610153d,Apache-2.0,CSS中文校名与本校全称匹配。社区校徽字体索引，LICENSE为Apache-2.0，但README另有保留作者及禁止倒卖说明。只收链接，未镜像字体或校徽；使用前核对上游条款及校徽权利。,,,,,,,,
4146010589,海南大学,海南省,community_logo_reference,社区高校校徽字体索引,https://github.com/lovefc/china_school_badge,lovefc,False,community,未知,,社区项目；格式、工具及素材权利见上游说明,indexed_not_fetched,,https://github.com/lovefc/china_school_badge/blob/04f59e07f4b809acc60493324af5ca4aa610153d/css/fcicon.css,,,04f59e07f4b809acc60493324af5ca4aa610153d,Apache-2.0,CSS中文校名与本校全称匹配。社区校徽字体索引，LICENSE为Apache-2.0，但README另有保留作者及禁止倒卖说明。只收链接，未镜像字体或校徽；使用前核对上游条款及校徽权利。,,,,,,,,
4146010589,海南大学,海南省,community_history_reference,中国高校校史社区资料与可视化,https://github.com/jtchen2k/hcu,jtchen2k,False,community,未知,,社区项目；格式、工具及素材权利见上游说明,indexed_not_fetched,,https://github.com/jtchen2k/hcu/blob/8aeab521eb07d38a273318b8123caabf332e66e4/src/data/uni_info.json,,,8aeab521eb07d38a273318b8123caabf332e66e4,GPL-3.0,2022版社区校史项目；可作前身与沿革的检索起点，不等同现行官方口径。英文缩写不当作英文全名，占位描述不导入。只保存版本及入口，年份需结合校方历史起点解读。,,,,,,,,
4146011658,海南师范大学,海南省,community_logo_reference,社区高校校徽字体索引,https://github.com/lovefc/china_school_badge,lovefc,False,community,未知,,社区项目；格式、工具及素材权利见上游说明,indexed_not_fetched,,https://github.com/lovefc/china_school_badge/blob/04f59e07f4b809acc60493324af5ca4aa610153d/css/fcicon.css,,,04f59e07f4b809acc60493324af5ca4aa610153d,Apache-2.0,CSS中文校名与本校全称匹配。社区校徽字体索引，LICENSE为Apache-2.0，但README另有保留作者及禁止倒卖说明。只收链接，未镜像字体或校徽；使用前核对上游条款及校徽权利。,,,,,,,,
4142010486,武汉大学,湖北省,community_template,College Beamer社区高校主题集合,https://github.com/liu-qilong/college-beamer,liu-qilong,False,community,LaTeX/Beamer,,社区项目；格式、工具及素材权利见上游说明,indexed_not_fetched,,https://github.com/liu-qilong/college-beamer/blob/b70b18b39752ff327506b5cf012b5011a4e82bd9/README.md,,,b70b18b39752ff327506b5cf012b5011a4e82bd9,CC-BY-4.0,README列出本校主题选项；社区LaTeX/Beamer资源，非PPTX或校方发布。仓库收链接与版本，使用前查阅许可和校徽权利。,,,,,,,,
4142010486,武汉大学,湖北省,community_logo_reference,社区高校校徽字体索引,https://github.com/lovefc/china_school_badge,lovefc,False,community,未知,,社区项目；格式、工具及素材权利见上游说明,indexed_not_fetched,,https://github.com/lovefc/china_school_badge/blob/04f59e07f4b809acc60493324af5ca4aa610153d/css/fcicon.css,,,04f59e07f4b809acc60493324af5ca4aa610153d,Apache-2.0,CSS中文校名与本校全称匹配。社区校徽字体索引，LICENSE为Apache-2.0，但README另有保留作者及禁止倒卖说明。只收链接，未镜像字体或校徽；使用前核对上游条款及校徽权利。,,,,,,,,
4142010486,武汉大学,湖北省,community_history_reference,中国高校校史社区资料与可视化,https://github.com/jtchen2k/hcu,jtchen2k,False,community,未知,,社区项目；格式、工具及素材权利见上游说明,indexed_not_fetched,,https://github.com/jtchen2k/hcu/blob/8aeab521eb07d38a273318b8123caabf332e66e4/src/data/uni_info.json,,,8aeab521eb07d38a273318b8123caabf332e66e4,GPL-3.0,2022版社区校史项目；可作前身与沿革的检索起点，不等同现行官方口径。英文缩写不当作英文全名，占位描述不导入。只保存版本及入口，年份需结合校方历史起点解读。,,,,,,,,
4142010486,武汉大学,湖北省,community_logo_source,武汉大学社区TikZ矢量标识源码,https://github.com/yuxtech/cnlogo/blob/daca8906123ca61186218ddda7369f95cc65a664/cnlogo/whu.tex,yuxtech/cnlogo,False,community,TeX/TikZ,,社区项目；格式、工具及素材权利见上游说明,source_text_read,True,https://github.com/yuxtech/cnlogo/blob/daca8906123ca61186218ddda7369f95cc65a664/README.md,5508b85c981d729e0467e4694ea753b83d75cfbf2a6d46c38bad5d9e38503e8a,yuxtech/cnlogo,daca8906123ca61186218ddda7369f95cc65a664,源代码声明AGPL-3.0；LICENSE将Logos/graphics排除在该许可之外,README与文件首行中文学校名均精确匹配教育部名称。源码为社区转换，需用户自行使用LaTeX/TikZ导出后用于PPT；本库没有编译或保证图形现行版本。代码许可不等于校徽图形许可；只保存固定版本源码入口、格式和内容哈希，不再分发代码或校徽。,,,,,,,,
4142010487,华中科技大学,湖北省,community_template,College Beamer社区高校主题集合,https://github.com/liu-qilong/college-beamer,liu-qilong,False,community,LaTeX/Beamer,,社区项目；格式、工具及素材权利见上游说明,indexed_not_fetched,,https://github.com/liu-qilong/college-beamer/blob/b70b18b39752ff327506b5cf012b5011a4e82bd9/README.md,,,b70b18b39752ff327506b5cf012b5011a4e82bd9,CC-BY-4.0,README列出本校主题选项；社区LaTeX/Beamer资源，非PPTX或校方发布。仓库收链接与版本，使用前查阅许可和校徽权利。,,,,,,,,
4142010487,华中科技大学,湖北省,community_logo_reference,社区高校校徽字体索引,https://github.com/lovefc/china_school_badge,lovefc,False,community,未知,,社区项目；格式、工具及素材权利见上游说明,indexed_not_fetched,,https://github.com/lovefc/china_school_badge/blob/04f59e07f4b809acc60493324af5ca4aa610153d/css/fcicon.css,,,04f59e07f4b809acc60493324af5ca4aa610153d,Apache-2.0,CSS中文校名与本校全称匹配。社区校徽字体索引，LICENSE为Apache-2.0，但README另有保留作者及禁止倒卖说明。只收链接，未镜像字体或校徽；使用前核对上游条款及校徽权利。,,,,,,,,
4142010487,华中科技大学,湖北省,community_history_reference,中国高校校史社区资料与可视化,https://github.com/jtchen2k/hcu,jtchen2k,False,community,未知,,社区项目；格式、工具及素材权利见上游说明,indexed_not_fetched,,https://github.com/jtchen2k/hcu/blob/8aeab521eb07d38a273318b8123caabf332e66e4/src/data/uni_info.json,,,8aeab521eb07d38a273318b8123caabf332e66e4,GPL-3.0,2022版社区校史项目；可作前身与沿革的检索起点，不等同现行官方口径。英文缩写不当作英文全名，占位描述不导入。只保存版本及入口，年份需结合校方历史起点解读。,,,,,,,,
4142010487,华中科技大学,湖北省,community_logo_source,华中科技大学社区TikZ矢量标识源码,https://github.com/yuxtech/cnlogo/blob/daca8906123ca61186218ddda7369f95cc65a664/cnlogo/hustc.tex,yuxtech/cnlogo,False,community,TeX/TikZ,,社区项目；格式、工具及素材权利见上游说明,source_text_read,True,https://github.com/yuxtech/cnlogo/blob/daca8906123ca61186218ddda7369f95cc65a664/README.md,90ce32746f56dcec985c400cf695ffdd3fba66ae941c97bba3a865ae22bd64f6,yuxtech/cnlogo,daca8906123ca61186218ddda7369f95cc65a664,源代码声明AGPL-3.0；LICENSE将Logos/graphics排除在该许可之外,README与文件首行中文学校名均精确匹配教育部名称。源码为社区转换，需用户自行使用LaTeX/TikZ导出后用于PPT；本库没有编译或保证图形现行版本。代码许可不等于校徽图形许可；只保存固定版本源码入口、格式和内容哈希，不再分发代码或校徽。,,,,,,,,
4142010488,武汉科技大学,湖北省,community_logo_reference,社区高校校徽字体索引,https://github.com/lovefc/china_school_badge,lovefc,False,community,未知,,社区项目；格式、工具及素材权利见上游说明,indexed_not_fetched,,https://github.com/lovefc/china_school_badge/blob/04f59e07f4b809acc60493324af5ca4aa610153d/css/fcicon.css,,,04f59e07f4b809acc60493324af5ca4aa610153d,Apache-2.0,CSS中文校名与本校全称匹配。社区校徽字体索引，LICENSE为Apache-2.0，但README另有保留作者及禁止倒卖说明。只收链接，未镜像字体或校徽；使用前核对上游条款及校徽权利。,,,,,,,,
4142010489,长江大学,湖北省,official_template,长江大学官网视觉资源页 PPT模板发布/下载页,https://vis.yangtzeu.edu.cn/,长江大学官网视觉资源页,True,school,HTML,,校方公开HTML页已读取；页面内附件或外部下载目标另行索引,page_read,True,https://vis.yangtzeu.edu.cn/,558a11c71bd86b96147c940a73dcc61d6068106c11197d1dfb27312d3588398a,,,,发布范围：学校通用；按发布页说明使用。,,,,,,,,
4142010489,长江大学,湖北省,official_template,PPT模版,https://vis.yangtzeu.edu.cn/yybf/PPTmb.htm,长江大学官网视觉资源页,True,school,HTML,,已读取校方发布页；附件目标尚未读取，格式按原链接文件名，动态端点或网盘可能需要登录/提取码,page_read,True,https://vis.yangtzeu.edu.cn/,558a11c71bd86b96147c940a73dcc61d6068106c11197d1dfb27312d3588398a,,,,发布范围：学校通用。仅索引入口；未编译、未打开模板，不保证当前可下载或模板中字体与图形的独立授权。,,,,,,,,target_page_read
4142010489,长江大学,湖北省,official_template,长江大学官网视觉资源页 PPT模板发布/下载页,https://vis.yangtzeu.edu.cn/index.htm,长江大学官网视觉资源页,True,school,HTML,,校方公开HTML页已读取；页面内附件或外部下载目标另行索引,page_read,True,https://vis.yangtzeu.edu.cn/index.htm,558a11c71bd86b96147c940a73dcc61d6068106c11197d1dfb27312d3588398a,,,,发布范围：学校通用；按发布页说明使用。,,,,,,,,
4142010489,长江大学,湖北省,official_template,PPT模版,https://vis.yangtzeu.edu.cn/yybf/PPTmb.htm,长江大学官网视觉资源页,True,school,HTML,,已读取校方发布页；附件目标尚未读取，格式按原链接文件名，动态端点或网盘可能需要登录/提取码,page_read,True,https://vis.yangtzeu.edu.cn/index.htm,558a11c71bd86b96147c940a73dcc61d6068106c11197d1dfb27312d3588398a,,,,发布范围：学校通用。仅索引入口；未编译、未打开模板，不保证当前可下载或模板中字体与图形的独立授权。,,,,,,,,target_page_read
4142010489,长江大学,湖北省,community_logo_reference,社区高校校徽字体索引,https://github.com/lovefc/china_school_badge,lovefc,False,community,未知,,社区项目；格式、工具及素材权利见上游说明,indexed_not_fetched,,https://github.com/lovefc/china_school_badge/blob/04f59e07f4b809acc60493324af5ca4aa610153d/css/fcicon.css,,,04f59e07f4b809acc60493324af5ca4aa610153d,Apache-2.0,CSS中文校名与本校全称匹配。社区校徽字体索引，LICENSE为Apache-2.0，但README另有保留作者及禁止倒卖说明。只收链接，未镜像字体或校徽；使用前核对上游条款及校徽权利。,,,,,,,,
4142010497,武汉理工大学,湖北省,community_logo_reference,社区高校校徽字体索引,https://github.com/lovefc/china_school_badge,lovefc,False,community,未知,,社区项目；格式、工具及素材权利见上游说明,indexed_not_fetched,,https://github.com/lovefc/china_school_badge/blob/04f59e07f4b809acc60493324af5ca4aa610153d/css/fcicon.css,,,04f59e07f4b809acc60493324af5ca4aa610153d,Apache-2.0,CSS中文校名与本校全称匹配。社区校徽字体索引，LICENSE为Apache-2.0，但README另有保留作者及禁止倒卖说明。只收链接，未镜像字体或校徽；使用前核对上游条款及校徽权利。,,,,,,,,
4142010497,武汉理工大学,湖北省,community_history_reference,中国高校校史社区资料与可视化,https://github.com/jtchen2k/hcu,jtchen2k,False,community,未知,,社区项目；格式、工具及素材权利见上游说明,indexed_not_fetched,,https://github.com/jtchen2k/hcu/blob/8aeab521eb07d38a273318b8123caabf332e66e4/src/data/uni_info.json,,,8aeab521eb07d38a273318b8123caabf332e66e4,GPL-3.0,2022版社区校史项目；可作前身与沿革的检索起点，不等同现行官方口径。英文缩写不当作英文全名，占位描述不导入。只保存版本及入口，年份需结合校方历史起点解读。,,,,,,,,
4142010497,武汉理工大学,湖北省,community_logo_source,武汉理工大学社区TikZ矢量标识源码,https://github.com/yuxtech/cnlogo/blob/daca8906123ca61186218ddda7369f95cc65a664/cnlogo/whlgu.tex,yuxtech/cnlogo,False,community,TeX/TikZ,,社区项目；格式、工具及素材权利见上游说明,source_text_read,True,https://github.com/yuxtech/cnlogo/blob/daca8906123ca61186218ddda7369f95cc65a664/README.md,d4b264de29e79fbfc57269477407ca8e04f025919086463f1124e8ebce39f128,yuxtech/cnlogo,daca8906123ca61186218ddda7369f95cc65a664,源代码声明AGPL-3.0；LICENSE将Logos/graphics排除在该许可之外,README与文件首行中文学校名均精确匹配教育部名称。源码为社区转换，需用户自行使用LaTeX/TikZ导出后用于PPT；本库没有编译或保证图形现行版本。代码许可不等于校徽图形许可；只保存固定版本源码入口、格式和内容哈希，不再分发代码或校徽。,,,,,,,,
4142010504,华中农业大学,湖北省,community_logo_reference,社区高校校徽字体索引,https://github.com/lovefc/china_school_badge,lovefc,False,community,未知,,社区项目；格式、工具及素材权利见上游说明,indexed_not_fetched,,https://github.com/lovefc/china_school_badge/blob/04f59e07f4b809acc60493324af5ca4aa610153d/css/fcicon.css,,,04f59e07f4b809acc60493324af5ca4aa610153d,Apache-2.0,CSS中文校名与本校全称匹配。社区校徽字体索引，LICENSE为Apache-2.0，但README另有保留作者及禁止倒卖说明。只收链接，未镜像字体或校徽；使用前核对上游条款及校徽权利。,,,,,,,,
4142010504,华中农业大学,湖北省,community_history_reference,中国高校校史社区资料与可视化,https://github.com/jtchen2k/hcu,jtchen2k,False,community,未知,,社区项目；格式、工具及素材权利见上游说明,indexed_not_fetched,,https://github.com/jtchen2k/hcu/blob/8aeab521eb07d38a273318b8123caabf332e66e4/src/data/uni_info.json,,,8aeab521eb07d38a273318b8123caabf332e66e4,GPL-3.0,2022版社区校史项目；可作前身与沿革的检索起点，不等同现行官方口径。英文缩写不当作英文全名，占位描述不导入。只保存版本及入口，年份需结合校方历史起点解读。,,,,,,,,
4142010511,华中师范大学,湖北省,community_logo_reference,社区高校校徽字体索引,https://github.com/lovefc/china_school_badge,lovefc,False,community,未知,,社区项目；格式、工具及素材权利见上游说明,indexed_not_fetched,,https://github.com/lovefc/china_school_badge/blob/04f59e07f4b809acc60493324af5ca4aa610153d/css/fcicon.css,,,04f59e07f4b809acc60493324af5ca4aa610153d,Apache-2.0,CSS中文校名与本校全称匹配。社区校徽字体索引，LICENSE为Apache-2.0，但README另有保留作者及禁止倒卖说明。只收链接，未镜像字体或校徽；使用前核对上游条款及校徽权利。,,,,,,,,
4142010511,华中师范大学,湖北省,community_history_reference,中国高校校史社区资料与可视化,https://github.com/jtchen2k/hcu,jtchen2k,False,community,未知,,社区项目；格式、工具及素材权利见上游说明,indexed_not_fetched,,https://github.com/jtchen2k/hcu/blob/8aeab521eb07d38a273318b8123caabf332e66e4/src/data/uni_info.json,,,8aeab521eb07d38a273318b8123caabf332e66e4,GPL-3.0,2022版社区校史项目；可作前身与沿革的检索起点，不等同现行官方口径。英文缩写不当作英文全名，占位描述不导入。只保存版本及入口，年份需结合校方历史起点解读。,,,,,,,,
4142010511,华中师范大学,湖北省,community_logo_source,华中师范大学社区TikZ矢量标识源码,https://github.com/yuxtech/cnlogo/blob/daca8906123ca61186218ddda7369f95cc65a664/cnlogo/hznu.tex,yuxtech/cnlogo,False,community,TeX/TikZ,,社区项目；格式、工具及素材权利见上游说明,source_text_read,True,https://github.com/yuxtech/cnlogo/blob/daca8906123ca61186218ddda7369f95cc65a664/README.md,6d44b630aab54b8d8443540fc37bb30d0e5266684766bb48f3a829bcc319fc86,yuxtech/cnlogo,daca8906123ca61186218ddda7369f95cc65a664,源代码声明AGPL-3.0；LICENSE将Logos/graphics排除在该许可之外,README与文件首行中文学校名均精确匹配教育部名称。源码为社区转换，需用户自行使用LaTeX/TikZ导出后用于PPT；本库没有编译或保证图形现行版本。代码许可不等于校徽图形许可；只保存固定版本源码入口、格式和内容哈希，不再分发代码或校徽。,,,,,,,,
4142010512,湖北大学,湖北省,community_logo_reference,社区高校校徽字体索引,https://github.com/lovefc/china_school_badge,lovefc,False,community,未知,,社区项目；格式、工具及素材权利见上游说明,indexed_not_fetched,,https://github.com/lovefc/china_school_badge/blob/04f59e07f4b809acc60493324af5ca4aa610153d/css/fcicon.css,,,04f59e07f4b809acc60493324af5ca4aa610153d,Apache-2.0,CSS中文校名与本校全称匹配。社区校徽字体索引，LICENSE为Apache-2.0，但README另有保留作者及禁止倒卖说明。只收链接，未镜像字体或校徽；使用前核对上游条款及校徽权利。,,,,,,,,
4142010512,湖北大学,湖北省,community_logo_source,湖北大学社区TikZ矢量标识源码,https://github.com/yuxtech/cnlogo/blob/daca8906123ca61186218ddda7369f95cc65a664/cnlogo/hbu.tex,yuxtech/cnlogo,False,community,TeX/TikZ,,社区项目；格式、工具及素材权利见上游说明,source_text_read,True,https://github.com/yuxtech/cnlogo/blob/daca8906123ca61186218ddda7369f95cc65a664/README.md,4bcd6eb38e52e111fdf81f817e2d6c5b4b69ff396d89e1acb0da7a28b4a3c902,yuxtech/cnlogo,daca8906123ca61186218ddda7369f95cc65a664,源代码声明AGPL-3.0；LICENSE将Logos/graphics排除在该许可之外,README与文件首行中文学校名均精确匹配教育部名称。源码为社区转换，需用户自行使用LaTeX/TikZ导出后用于PPT；本库没有编译或保证图形现行版本。代码许可不等于校徽图形许可；只保存固定版本源码入口、格式和内容哈希，不再分发代码或校徽。,,,,,,,,
4142010520,中南财经政法大学,湖北省,community_template,College Beamer社区高校主题集合,https://github.com/liu-qilong/college-beamer,liu-qilong,False,community,LaTeX/Beamer,,社区项目；格式、工具及素材权利见上游说明,indexed_not_fetched,,https://github.com/liu-qilong/college-beamer/blob/b70b18b39752ff327506b5cf012b5011a4e82bd9/README.md,,,b70b18b39752ff327506b5cf012b5011a4e82bd9,CC-BY-4.0,README列出本校主题选项；社区LaTeX/Beamer资源，非PPTX或校方发布。仓库收链接与版本，使用前查阅许可和校徽权利。,,,,,,,,
4142010520,中南财经政法大学,湖北省,community_logo_reference,社区高校校徽字体索引,https://github.com/lovefc/china_school_badge,lovefc,False,community,未知,,社区项目；格式、工具及素材权利见上游说明,indexed_not_fetched,,https://github.com/lovefc/china_school_badge/blob/04f59e07f4b809acc60493324af5ca4aa610153d/css/fcicon.css,,,04f59e07f4b809acc60493324af5ca4aa610153d,Apache-2.0,CSS中文校名与本校全称匹配。社区校徽字体索引，LICENSE为Apache-2.0，但README另有保留作者及禁止倒卖说明。只收链接，未镜像字体或校徽；使用前核对上游条款及校徽权利。,,,,,,,,
4142010520,中南财经政法大学,湖北省,community_history_reference,中国高校校史社区资料与可视化,https://github.com/jtchen2k/hcu,jtchen2k,False,community,未知,,社区项目；格式、工具及素材权利见上游说明,indexed_not_fetched,,https://github.com/jtchen2k/hcu/blob/8aeab521eb07d38a273318b8123caabf332e66e4/src/data/uni_info.json,,,8aeab521eb07d38a273318b8123caabf332e66e4,GPL-3.0,2022版社区校史项目；可作前身与沿革的检索起点，不等同现行官方口径。英文缩写不当作英文全名，占位描述不导入。只保存版本及入口，年份需结合校方历史起点解读。,,,,,,,,
4142010524,中南民族大学,湖北省,community_logo_reference,社区高校校徽字体索引,https://github.com/lovefc/china_school_badge,lovefc,False,community,未知,,社区项目；格式、工具及素材权利见上游说明,indexed_not_fetched,,https://github.com/lovefc/china_school_badge/blob/04f59e07f4b809acc60493324af5ca4aa610153d/css/fcicon.css,,,04f59e07f4b809acc60493324af5ca4aa610153d,Apache-2.0,CSS中文校名与本校全称匹配。社区校徽字体索引，LICENSE为Apache-2.0，但README另有保留作者及禁止倒卖说明。只收链接，未镜像字体或校徽；使用前核对上游条款及校徽权利。,,,,,,,,
4142011072,江汉大学,湖北省,community_logo_reference,社区高校校徽字体索引,https://github.com/lovefc/china_school_badge,lovefc,False,community,未知,,社区项目；格式、工具及素材权利见上游说明,indexed_not_fetched,,https://github.com/lovefc/china_school_badge/blob/04f59e07f4b809acc60493324af5ca4aa610153d/css/fcicon.css,,,04f59e07f4b809acc60493324af5ca4aa610153d,Apache-2.0,CSS中文校名与本校全称匹配。社区校徽字体索引，LICENSE为Apache-2.0，但README另有保留作者及禁止倒卖说明。只收链接，未镜像字体或校徽；使用前核对上游条款及校徽权利。,,,,,,,,
4142011075,三峡大学,湖北省,community_logo_reference,社区高校校徽字体索引,https://github.com/lovefc/china_school_badge,lovefc,False,community,未知,,社区项目；格式、工具及素材权利见上游说明,indexed_not_fetched,,https://github.com/lovefc/china_school_badge/blob/04f59e07f4b809acc60493324af5ca4aa610153d/css/fcicon.css,,,04f59e07f4b809acc60493324af5ca4aa610153d,Apache-2.0,CSS中文校名与本校全称匹配。社区校徽字体索引，LICENSE为Apache-2.0，但README另有保留作者及禁止倒卖说明。只收链接，未镜像字体或校徽；使用前核对上游条款及校徽权利。,,,,,,,,
4142011336,荆楚理工学院,湖北省,community_logo_reference,社区高校校徽字体索引,https://github.com/lovefc/china_school_badge,lovefc,False,community,未知,,社区项目；格式、工具及素材权利见上游说明,indexed_not_fetched,,https://github.com/lovefc/china_school_badge/blob/04f59e07f4b809acc60493324af5ca4aa610153d/css/fcicon.css,,,04f59e07f4b809acc60493324af5ca4aa610153d,Apache-2.0,CSS中文校名与本校全称匹配。社区校徽字体索引，LICENSE为Apache-2.0，但README另有保留作者及禁止倒卖说明。只收链接，未镜像字体或校徽；使用前核对上游条款及校徽权利。,,,,,,,,
4142011600,湖北经济学院,湖北省,official_template,湖北经济学院党委宣传部 PPT模板发布/下载页,https://xcb.hbue.edu.cn/xzzq/list.htm,湖北经济学院党委宣传部,True,school,HTML,,校方公开HTML页已读取；页面内附件或外部下载目标另行索引,page_read,True,https://xcb.hbue.edu.cn/xzzq/list.htm,f344ae6d6822e9840a4358c1191e70979ee4b4ad5f864a6d544dfebd6828f92a,,,,发布范围：学校通用；按发布页说明使用。,,,,,,,,
4142011600,湖北经济学院,湖北省,official_template,PPT模板,https://xcb.hbue.edu.cn/_upload/article/files/c6/bd/21a1168b4e56aa4f3e7626733156/7ad9d2db-ef30-4172-8fe1-bfed54d6fc5e.zip,湖北经济学院党委宣传部,True,school,ZIP,,公开文件在本次采集时已读取；未渲染或运行，后续可用性及使用条件以原发布页为准,content_inspected,True,https://xcb.hbue.edu.cn/xzzq/list.htm,f344ae6d6822e9840a4358c1191e70979ee4b4ad5f864a6d544dfebd6828f92a,,,,发布范围：学校通用。已读取公开文件数据；未运行或渲染，字体与图形的独立授权以原发布页为准。,ZIP,d3d4174ab39ec71f166dfc19363610d62493692183169c591ba60061b2abf9c6,1972055,,,,,content_inspected
4142011600,湖北经济学院,湖北省,community_logo_reference,社区高校校徽字体索引,https://github.com/lovefc/china_school_badge,lovefc,False,community,未知,,社区项目；格式、工具及素材权利见上游说明,indexed_not_fetched,,https://github.com/lovefc/china_school_badge/blob/04f59e07f4b809acc60493324af5ca4aa610153d/css/fcicon.css,,,04f59e07f4b809acc60493324af5ca4aa610153d,Apache-2.0,CSS中文校名与本校全称匹配。社区校徽字体索引，LICENSE为Apache-2.0，但README另有保留作者及禁止倒卖说明。只收链接，未镜像字体或校徽；使用前核对上游条款及校徽权利。,,,,,,,,
4142013686,武汉传媒学院,湖北省,community_logo_reference,社区高校校徽字体索引,https://github.com/lovefc/china_school_badge,lovefc,False,community,未知,,社区项目；格式、工具及素材权利见上游说明,indexed_not_fetched,,https://github.com/lovefc/china_school_badge/blob/04f59e07f4b809acc60493324af5ca4aa610153d/css/fcicon.css,,,04f59e07f4b809acc60493324af5ca4aa610153d,Apache-2.0,CSS中文校名与本校全称匹配。社区校徽字体索引，LICENSE为Apache-2.0，但README另有保留作者及禁止倒卖说明。只收链接，未镜像字体或校徽；使用前核对上游条款及校徽权利。,,,,,,,,
4143010530,湘潭大学,湖南省,community_logo_reference,社区高校校徽字体索引,https://github.com/lovefc/china_school_badge,lovefc,False,community,未知,,社区项目；格式、工具及素材权利见上游说明,indexed_not_fetched,,https://github.com/lovefc/china_school_badge/blob/04f59e07f4b809acc60493324af5ca4aa610153d/css/fcicon.css,,,04f59e07f4b809acc60493324af5ca4aa610153d,Apache-2.0,CSS中文校名与本校全称匹配。社区校徽字体索引，LICENSE为Apache-2.0，但README另有保留作者及禁止倒卖说明。只收链接，未镜像字体或校徽；使用前核对上游条款及校徽权利。,,,,,,,,
4143010530,湘潭大学,湖南省,community_history_reference,中国高校校史社区资料与可视化,https://github.com/jtchen2k/hcu,jtchen2k,False,community,未知,,社区项目；格式、工具及素材权利见上游说明,indexed_not_fetched,,https://github.com/jtchen2k/hcu/blob/8aeab521eb07d38a273318b8123caabf332e66e4/src/data/uni_info.json,,,8aeab521eb07d38a273318b8123caabf332e66e4,GPL-3.0,2022版社区校史项目；可作前身与沿革的检索起点，不等同现行官方口径。英文缩写不当作英文全名，占位描述不导入。只保存版本及入口，年份需结合校方历史起点解读。,,,,,,,,
4143010532,湖南大学,湖南省,community_logo_reference,社区高校校徽字体索引,https://github.com/lovefc/china_school_badge,lovefc,False,community,未知,,社区项目；格式、工具及素材权利见上游说明,indexed_not_fetched,,https://github.com/lovefc/china_school_badge/blob/04f59e07f4b809acc60493324af5ca4aa610153d/css/fcicon.css,,,04f59e07f4b809acc60493324af5ca4aa610153d,Apache-2.0,CSS中文校名与本校全称匹配。社区校徽字体索引，LICENSE为Apache-2.0，但README另有保留作者及禁止倒卖说明。只收链接，未镜像字体或校徽；使用前核对上游条款及校徽权利。,,,,,,,,
4143010532,湖南大学,湖南省,community_history_reference,中国高校校史社区资料与可视化,https://github.com/jtchen2k/hcu,jtchen2k,False,community,未知,,社区项目；格式、工具及素材权利见上游说明,indexed_not_fetched,,https://github.com/jtchen2k/hcu/blob/8aeab521eb07d38a273318b8123caabf332e66e4/src/data/uni_info.json,,,8aeab521eb07d38a273318b8123caabf332e66e4,GPL-3.0,2022版社区校史项目；可作前身与沿革的检索起点，不等同现行官方口径。英文缩写不当作英文全名，占位描述不导入。只保存版本及入口，年份需结合校方历史起点解读。,,,,,,,,
4143010532,湖南大学,湖南省,community_logo_source,湖南大学社区TikZ矢量标识源码,https://github.com/yuxtech/cnlogo/blob/daca8906123ca61186218ddda7369f95cc65a664/cnlogo/hnu.tex,yuxtech/cnlogo,False,community,TeX/TikZ,,社区项目；格式、工具及素材权利见上游说明,source_text_read,True,https://github.com/yuxtech/cnlogo/blob/daca8906123ca61186218ddda7369f95cc65a664/README.md,8459f01ea592500d68935e507dad7007377dfbcee19abc2c89eff5b79c2eeee0,yuxtech/cnlogo,daca8906123ca61186218ddda7369f95cc65a664,源代码声明AGPL-3.0；LICENSE将Logos/graphics排除在该许可之外,README与文件首行中文学校名均精确匹配教育部名称。源码为社区转换，需用户自行使用LaTeX/TikZ导出后用于PPT；本库没有编译或保证图形现行版本。代码许可不等于校徽图形许可；只保存固定版本源码入口、格式和内容哈希，不再分发代码或校徽。,,,,,,,,
4143010533,中南大学,湖南省,community_logo_reference,社区高校校徽字体索引,https://github.com/lovefc/china_school_badge,lovefc,False,community,未知,,社区项目；格式、工具及素材权利见上游说明,indexed_not_fetched,,https://github.com/lovefc/china_school_badge/blob/04f59e07f4b809acc60493324af5ca4aa610153d/css/fcicon.css,,,04f59e07f4b809acc60493324af5ca4aa610153d,Apache-2.0,CSS中文校名与本校全称匹配。社区校徽字体索引，LICENSE为Apache-2.0，但README另有保留作者及禁止倒卖说明。只收链接，未镜像字体或校徽；使用前核对上游条款及校徽权利。,,,,,,,,
4143010533,中南大学,湖南省,community_history_reference,中国高校校史社区资料与可视化,https://github.com/jtchen2k/hcu,jtchen2k,False,community,未知,,社区项目；格式、工具及素材权利见上游说明,indexed_not_fetched,,https://github.com/jtchen2k/hcu/blob/8aeab521eb07d38a273318b8123caabf332e66e4/src/data/uni_info.json,,,8aeab521eb07d38a273318b8123caabf332e66e4,GPL-3.0,2022版社区校史项目；可作前身与沿革的检索起点，不等同现行官方口径。英文缩写不当作英文全名，占位描述不导入。只保存版本及入口，年份需结合校方历史起点解读。,,,,,,,,
4143010533,中南大学,湖南省,community_logo_source,中南大学社区TikZ矢量标识源码,https://github.com/yuxtech/cnlogo/blob/daca8906123ca61186218ddda7369f95cc65a664/cnlogo/csu.tex,yuxtech/cnlogo,False,community,TeX/TikZ,,社区项目；格式、工具及素材权利见上游说明,source_text_read,True,https://github.com/yuxtech/cnlogo/blob/daca8906123ca61186218ddda7369f95cc65a664/README.md,28dbefb41a9aa7f31839689915ad7af110ae776f52ec0454576f4b8cd7c562c5,yuxtech/cnlogo,daca8906123ca61186218ddda7369f95cc65a664,源代码声明AGPL-3.0；LICENSE将Logos/graphics排除在该许可之外,README与文件首行中文学校名均精确匹配教育部名称。源码为社区转换，需用户自行使用LaTeX/TikZ导出后用于PPT；本库没有编译或保证图形现行版本。代码许可不等于校徽图形许可；只保存固定版本源码入口、格式和内容哈希，不再分发代码或校徽。,,,,,,,,
4143010534,湖南科技大学,湖南省,community_logo_reference,社区高校校徽字体索引,https://github.com/lovefc/china_school_badge,lovefc,False,community,未知,,社区项目；格式、工具及素材权利见上游说明,indexed_not_fetched,,https://github.com/lovefc/china_school_badge/blob/04f59e07f4b809acc60493324af5ca4aa610153d/css/fcicon.css,,,04f59e07f4b809acc60493324af5ca4aa610153d,Apache-2.0,CSS中文校名与本校全称匹配。社区校徽字体索引，LICENSE为Apache-2.0，但README另有保留作者及禁止倒卖说明。只收链接，未镜像字体或校徽；使用前核对上游条款及校徽权利。,,,,,,,,
4143010536,长沙理工大学,湖南省,community_logo_reference,社区高校校徽字体索引,https://github.com/lovefc/china_school_badge,lovefc,False,community,未知,,社区项目；格式、工具及素材权利见上游说明,indexed_not_fetched,,https://github.com/lovefc/china_school_badge/blob/04f59e07f4b809acc60493324af5ca4aa610153d/css/fcicon.css,,,04f59e07f4b809acc60493324af5ca4aa610153d,Apache-2.0,CSS中文校名与本校全称匹配。社区校徽字体索引，LICENSE为Apache-2.0，但README另有保留作者及禁止倒卖说明。只收链接，未镜像字体或校徽；使用前核对上游条款及校徽权利。,,,,,,,,
4143010537,湖南农业大学,湖南省,community_logo_reference,社区高校校徽字体索引,https://github.com/lovefc/china_school_badge,lovefc,False,community,未知,,社区项目；格式、工具及素材权利见上游说明,indexed_not_fetched,,https://github.com/lovefc/china_school_badge/blob/04f59e07f4b809acc60493324af5ca4aa610153d/css/fcicon.css,,,04f59e07f4b809acc60493324af5ca4aa610153d,Apache-2.0,CSS中文校名与本校全称匹配。社区校徽字体索引，LICENSE为Apache-2.0，但README另有保留作者及禁止倒卖说明。只收链接，未镜像字体或校徽；使用前核对上游条款及校徽权利。,,,,,,,,
4143010542,湖南师范大学,湖南省,community_logo_reference,社区高校校徽字体索引,https://github.com/lovefc/china_school_badge,lovefc,False,community,未知,,社区项目；格式、工具及素材权利见上游说明,indexed_not_fetched,,https://github.com/lovefc/china_school_badge/blob/04f59e07f4b809acc60493324af5ca4aa610153d/css/fcicon.css,,,04f59e07f4b809acc60493324af5ca4aa610153d,Apache-2.0,CSS中文校名与本校全称匹配。社区校徽字体索引，LICENSE为Apache-2.0，但README另有保留作者及禁止倒卖说明。只收链接，未镜像字体或校徽；使用前核对上游条款及校徽权利。,,,,,,,,
4143010542,湖南师范大学,湖南省,community_history_reference,中国高校校史社区资料与可视化,https://github.com/jtchen2k/hcu,jtchen2k,False,community,未知,,社区项目；格式、工具及素材权利见上游说明,indexed_not_fetched,,https://github.com/jtchen2k/hcu/blob/8aeab521eb07d38a273318b8123caabf332e66e4/src/data/uni_info.json,,,8aeab521eb07d38a273318b8123caabf332e66e4,GPL-3.0,2022版社区校史项目；可作前身与沿革的检索起点，不等同现行官方口径。英文缩写不当作英文全名，占位描述不导入。只保存版本及入口，年份需结合校方历史起点解读。,,,,,,,,
4143010542,湖南师范大学,湖南省,community_logo_source,湖南师范大学社区TikZ矢量标识源码,https://github.com/yuxtech/cnlogo/blob/daca8906123ca61186218ddda7369f95cc65a664/cnlogo/hnnu.tex,yuxtech/cnlogo,False,community,TeX/TikZ,,社区项目；格式、工具及素材权利见上游说明,source_text_read,True,https://github.com/yuxtech/cnlogo/blob/daca8906123ca61186218ddda7369f95cc65a664/README.md,a87a850d3a17d9214877bc0bac0b9398212260276221d26ba88973531aa5ab6c,yuxtech/cnlogo,daca8906123ca61186218ddda7369f95cc65a664,源代码声明AGPL-3.0；LICENSE将Logos/graphics排除在该许可之外,README与文件首行中文学校名均精确匹配教育部名称。源码为社区转换，需用户自行使用LaTeX/TikZ导出后用于PPT；本库没有编译或保证图形现行版本。代码许可不等于校徽图形许可；只保存固定版本源码入口、格式和内容哈希，不再分发代码或校徽。,,,,,,,,
4143010549,湖南文理学院,湖南省,community_logo_reference,社区高校校徽字体索引,https://github.com/lovefc/china_school_badge,lovefc,False,community,未知,,社区项目；格式、工具及素材权利见上游说明,indexed_not_fetched,,https://github.com/lovefc/china_school_badge/blob/04f59e07f4b809acc60493324af5ca4aa610153d/css/fcicon.css,,,04f59e07f4b809acc60493324af5ca4aa610153d,Apache-2.0,CSS中文校名与本校全称匹配。社区校徽字体索引，LICENSE为Apache-2.0，但README另有保留作者及禁止倒卖说明。只收链接，未镜像字体或校徽；使用前核对上游条款及校徽权利。,,,,,,,,
4143010555,南华大学,湖南省,community_logo_reference,社区高校校徽字体索引,https://github.com/lovefc/china_school_badge,lovefc,False,community,未知,,社区项目；格式、工具及素材权利见上游说明,indexed_not_fetched,,https://github.com/lovefc/china_school_badge/blob/04f59e07f4b809acc60493324af5ca4aa610153d/css/fcicon.css,,,04f59e07f4b809acc60493324af5ca4aa610153d,Apache-2.0,CSS中文校名与本校全称匹配。社区校徽字体索引，LICENSE为Apache-2.0，但README另有保留作者及禁止倒卖说明。只收链接，未镜像字体或校徽；使用前核对上游条款及校徽权利。,,,,,,,,
4162010730,兰州大学,甘肃省,community_logo_reference,社区高校校徽字体索引,https://github.com/lovefc/china_school_badge,lovefc,False,community,未知,,社区项目；格式、工具及素材权利见上游说明,indexed_not_fetched,,https://github.com/lovefc/china_school_badge/blob/04f59e07f4b809acc60493324af5ca4aa610153d/css/fcicon.css,,,04f59e07f4b809acc60493324af5ca4aa610153d,Apache-2.0,CSS中文校名与本校全称匹配。社区校徽字体索引，LICENSE为Apache-2.0，但README另有保留作者及禁止倒卖说明。只收链接，未镜像字体或校徽；使用前核对上游条款及校徽权利。,,,,,,,,
4162010730,兰州大学,甘肃省,community_history_reference,中国高校校史社区资料与可视化,https://github.com/jtchen2k/hcu,jtchen2k,False,community,未知,,社区项目；格式、工具及素材权利见上游说明,indexed_not_fetched,,https://github.com/jtchen2k/hcu/blob/8aeab521eb07d38a273318b8123caabf332e66e4/src/data/uni_info.json,,,8aeab521eb07d38a273318b8123caabf332e66e4,GPL-3.0,2022版社区校史项目；可作前身与沿革的检索起点，不等同现行官方口径。英文缩写不当作英文全名，占位描述不导入。只保存版本及入口，年份需结合校方历史起点解读。,,,,,,,,
4162010730,兰州大学,甘肃省,community_logo_source,兰州大学社区TikZ矢量标识源码,https://github.com/yuxtech/cnlogo/blob/daca8906123ca61186218ddda7369f95cc65a664/cnlogo/lzu.tex,yuxtech/cnlogo,False,community,TeX/TikZ,,社区项目；格式、工具及素材权利见上游说明,source_text_read,True,https://github.com/yuxtech/cnlogo/blob/daca8906123ca61186218ddda7369f95cc65a664/README.md,490604217614f875108ad780889c4051b53603109e2e22f40151cf9fe75ce001,yuxtech/cnlogo,daca8906123ca61186218ddda7369f95cc65a664,源代码声明AGPL-3.0；LICENSE将Logos/graphics排除在该许可之外,README与文件首行中文学校名均精确匹配教育部名称。源码为社区转换，需用户自行使用LaTeX/TikZ导出后用于PPT；本库没有编译或保证图形现行版本。代码许可不等于校徽图形许可；只保存固定版本源码入口、格式和内容哈希，不再分发代码或校徽。,,,,,,,,
4162010731,兰州理工大学,甘肃省,community_logo_reference,社区高校校徽字体索引,https://github.com/lovefc/china_school_badge,lovefc,False,community,未知,,社区项目；格式、工具及素材权利见上游说明,indexed_not_fetched,,https://github.com/lovefc/china_school_badge/blob/04f59e07f4b809acc60493324af5ca4aa610153d/css/fcicon.css,,,04f59e07f4b809acc60493324af5ca4aa610153d,Apache-2.0,CSS中文校名与本校全称匹配。社区校徽字体索引，LICENSE为Apache-2.0，但README另有保留作者及禁止倒卖说明。只收链接，未镜像字体或校徽；使用前核对上游条款及校徽权利。,,,,,,,,
4162010732,兰州交通大学,甘肃省,community_logo_reference,社区高校校徽字体索引,https://github.com/lovefc/china_school_badge,lovefc,False,community,未知,,社区项目；格式、工具及素材权利见上游说明,indexed_not_fetched,,https://github.com/lovefc/china_school_badge/blob/04f59e07f4b809acc60493324af5ca4aa610153d/css/fcicon.css,,,04f59e07f4b809acc60493324af5ca4aa610153d,Apache-2.0,CSS中文校名与本校全称匹配。社区校徽字体索引，LICENSE为Apache-2.0，但README另有保留作者及禁止倒卖说明。只收链接，未镜像字体或校徽；使用前核对上游条款及校徽权利。,,,,,,,,
4162010736,西北师范大学,甘肃省,community_logo_reference,社区高校校徽字体索引,https://github.com/lovefc/china_school_badge,lovefc,False,community,未知,,社区项目；格式、工具及素材权利见上游说明,indexed_not_fetched,,https://github.com/lovefc/china_school_badge/blob/04f59e07f4b809acc60493324af5ca4aa610153d/css/fcicon.css,,,04f59e07f4b809acc60493324af5ca4aa610153d,Apache-2.0,CSS中文校名与本校全称匹配。社区校徽字体索引，LICENSE为Apache-2.0，但README另有保留作者及禁止倒卖说明。只收链接，未镜像字体或校徽；使用前核对上游条款及校徽权利。,,,,,,,,
4162010738,陇东学院,甘肃省,community_logo_reference,社区高校校徽字体索引,https://github.com/lovefc/china_school_badge,lovefc,False,community,未知,,社区项目；格式、工具及素材权利见上游说明,indexed_not_fetched,,https://github.com/lovefc/china_school_badge/blob/04f59e07f4b809acc60493324af5ca4aa610153d/css/fcicon.css,,,04f59e07f4b809acc60493324af5ca4aa610153d,Apache-2.0,CSS中文校名与本校全称匹配。社区校徽字体索引，LICENSE为Apache-2.0，但README另有保留作者及禁止倒卖说明。只收链接，未镜像字体或校徽；使用前核对上游条款及校徽权利。,,,,,,,,
4135010384,厦门大学,福建省,community_template,College Beamer社区高校主题集合,https://github.com/liu-qilong/college-beamer,liu-qilong,False,community,LaTeX/Beamer,,社区项目；格式、工具及素材权利见上游说明,indexed_not_fetched,,https://github.com/liu-qilong/college-beamer/blob/b70b18b39752ff327506b5cf012b5011a4e82bd9/README.md,,,b70b18b39752ff327506b5cf012b5011a4e82bd9,CC-BY-4.0,README列出本校主题选项；社区LaTeX/Beamer资源，非PPTX或校方发布。仓库收链接与版本，使用前查阅许可和校徽权利。,,,,,,,,
4135010384,厦门大学,福建省,community_logo_reference,社区高校校徽字体索引,https://github.com/lovefc/china_school_badge,lovefc,False,community,未知,,社区项目；格式、工具及素材权利见上游说明,indexed_not_fetched,,https://github.com/lovefc/china_school_badge/blob/04f59e07f4b809acc60493324af5ca4aa610153d/css/fcicon.css,,,04f59e07f4b809acc60493324af5ca4aa610153d,Apache-2.0,CSS中文校名与本校全称匹配。社区校徽字体索引，LICENSE为Apache-2.0，但README另有保留作者及禁止倒卖说明。只收链接，未镜像字体或校徽；使用前核对上游条款及校徽权利。,,,,,,,,
4135010384,厦门大学,福建省,community_history_reference,中国高校校史社区资料与可视化,https://github.com/jtchen2k/hcu,jtchen2k,False,community,未知,,社区项目；格式、工具及素材权利见上游说明,indexed_not_fetched,,https://github.com/jtchen2k/hcu/blob/8aeab521eb07d38a273318b8123caabf332e66e4/src/data/uni_info.json,,,8aeab521eb07d38a273318b8123caabf332e66e4,GPL-3.0,2022版社区校史项目；可作前身与沿革的检索起点，不等同现行官方口径。英文缩写不当作英文全名，占位描述不导入。只保存版本及入口，年份需结合校方历史起点解读。,,,,,,,,
4135010384,厦门大学,福建省,community_logo_source,厦门大学社区TikZ矢量标识源码,https://github.com/yuxtech/cnlogo/blob/daca8906123ca61186218ddda7369f95cc65a664/cnlogo/xmu.tex,yuxtech/cnlogo,False,community,TeX/TikZ,,社区项目；格式、工具及素材权利见上游说明,source_text_read,True,https://github.com/yuxtech/cnlogo/blob/daca8906123ca61186218ddda7369f95cc65a664/README.md,66c883edb1c63c19809ba3f40a4a68fc1bfb19d53fcce27d583b879a2db49976,yuxtech/cnlogo,daca8906123ca61186218ddda7369f95cc65a664,源代码声明AGPL-3.0；LICENSE将Logos/graphics排除在该许可之外,README与文件首行中文学校名均精确匹配教育部名称。源码为社区转换，需用户自行使用LaTeX/TikZ导出后用于PPT；本库没有编译或保证图形现行版本。代码许可不等于校徽图形许可；只保存固定版本源码入口、格式和内容哈希，不再分发代码或校徽。,,,,,,,,
4135010385,华侨大学,福建省,community_logo_reference,社区高校校徽字体索引,https://github.com/lovefc/china_school_badge,lovefc,False,community,未知,,社区项目；格式、工具及素材权利见上游说明,indexed_not_fetched,,https://github.com/lovefc/china_school_badge/blob/04f59e07f4b809acc60493324af5ca4aa610153d/css/fcicon.css,,,04f59e07f4b809acc60493324af5ca4aa610153d,Apache-2.0,CSS中文校名与本校全称匹配。社区校徽字体索引，LICENSE为Apache-2.0，但README另有保留作者及禁止倒卖说明。只收链接，未镜像字体或校徽；使用前核对上游条款及校徽权利。,,,,,,,,
4135010386,福州大学,福建省,community_logo_reference,社区高校校徽字体索引,https://github.com/lovefc/china_school_badge,lovefc,False,community,未知,,社区项目；格式、工具及素材权利见上游说明,indexed_not_fetched,,https://github.com/lovefc/china_school_badge/blob/04f59e07f4b809acc60493324af5ca4aa610153d/css/fcicon.css,,,04f59e07f4b809acc60493324af5ca4aa610153d,Apache-2.0,CSS中文校名与本校全称匹配。社区校徽字体索引，LICENSE为Apache-2.0，但README另有保留作者及禁止倒卖说明。只收链接，未镜像字体或校徽；使用前核对上游条款及校徽权利。,,,,,,,,
4135010386,福州大学,福建省,community_history_reference,中国高校校史社区资料与可视化,https://github.com/jtchen2k/hcu,jtchen2k,False,community,未知,,社区项目；格式、工具及素材权利见上游说明,indexed_not_fetched,,https://github.com/jtchen2k/hcu/blob/8aeab521eb07d38a273318b8123caabf332e66e4/src/data/uni_info.json,,,8aeab521eb07d38a273318b8123caabf332e66e4,GPL-3.0,2022版社区校史项目；可作前身与沿革的检索起点，不等同现行官方口径。英文缩写不当作英文全名，占位描述不导入。只保存版本及入口，年份需结合校方历史起点解读。,,,,,,,,
4135010389,福建农林大学,福建省,community_logo_reference,社区高校校徽字体索引,https://github.com/lovefc/china_school_badge,lovefc,False,community,未知,,社区项目；格式、工具及素材权利见上游说明,indexed_not_fetched,,https://github.com/lovefc/china_school_badge/blob/04f59e07f4b809acc60493324af5ca4aa610153d/css/fcicon.css,,,04f59e07f4b809acc60493324af5ca4aa610153d,Apache-2.0,CSS中文校名与本校全称匹配。社区校徽字体索引，LICENSE为Apache-2.0，但README另有保留作者及禁止倒卖说明。只收链接，未镜像字体或校徽；使用前核对上游条款及校徽权利。,,,,,,,,
4135010390,集美大学,福建省,community_logo_reference,社区高校校徽字体索引,https://github.com/lovefc/china_school_badge,lovefc,False,community,未知,,社区项目；格式、工具及素材权利见上游说明,indexed_not_fetched,,https://github.com/lovefc/china_school_badge/blob/04f59e07f4b809acc60493324af5ca4aa610153d/css/fcicon.css,,,04f59e07f4b809acc60493324af5ca4aa610153d,Apache-2.0,CSS中文校名与本校全称匹配。社区校徽字体索引，LICENSE为Apache-2.0，但README另有保留作者及禁止倒卖说明。只收链接，未镜像字体或校徽；使用前核对上游条款及校徽权利。,,,,,,,,
4135010392,福建医科大学,福建省,community_logo_reference,社区高校校徽字体索引,https://github.com/lovefc/china_school_badge,lovefc,False,community,未知,,社区项目；格式、工具及素材权利见上游说明,indexed_not_fetched,,https://github.com/lovefc/china_school_badge/blob/04f59e07f4b809acc60493324af5ca4aa610153d/css/fcicon.css,,,04f59e07f4b809acc60493324af5ca4aa610153d,Apache-2.0,CSS中文校名与本校全称匹配。社区校徽字体索引，LICENSE为Apache-2.0，但README另有保留作者及禁止倒卖说明。只收链接，未镜像字体或校徽；使用前核对上游条款及校徽权利。,,,,,,,,
4135010394,福建师范大学,福建省,community_history_reference,中国高校校史社区资料与可视化,https://github.com/jtchen2k/hcu,jtchen2k,False,community,未知,,社区项目；格式、工具及素材权利见上游说明,indexed_not_fetched,,https://github.com/jtchen2k/hcu/blob/8aeab521eb07d38a273318b8123caabf332e66e4/src/data/uni_info.json,,,8aeab521eb07d38a273318b8123caabf332e66e4,GPL-3.0,2022版社区校史项目；可作前身与沿革的检索起点，不等同现行官方口径。英文缩写不当作英文全名，占位描述不导入。只保存版本及入口，年份需结合校方历史起点解读。,,,,,,,,
4135010398,宁德师范学院,福建省,official_template,宁德师范学院官网视觉资源页 PPT模板发布/下载页,https://www.ndnu.edu.cn/info/1039/5984.htm,宁德师范学院官网视觉资源页,True,school,HTML,,校方公开HTML页已读取；页面内附件或外部下载目标另行索引,page_read,True,https://www.ndnu.edu.cn/info/1039/5984.htm,e7689fee6104082a1d5b03a431290ffb44263bfc79ec20e36e6b4d119bcc8232,,,,发布范围：学校通用；按发布页说明使用。,,,,,,,,
4135010398,宁德师范学院,福建省,official_template,宁德师范学院PPT模板下载,https://www.ndnu.edu.cn/info/1039/5983.htm,宁德师范学院官网视觉资源页,True,school,HTML,,已读取校方发布页；附件目标尚未读取，格式按原链接文件名，动态端点或网盘可能需要登录/提取码,page_read,True,https://www.ndnu.edu.cn/info/1039/5984.htm,e7689fee6104082a1d5b03a431290ffb44263bfc79ec20e36e6b4d119bcc8232,,,,发布范围：学校通用。仅索引入口；未编译、未打开模板，不保证当前可下载或模板中字体与图形的独立授权。,,,,,,,,target_page_read
4135010398,宁德师范学院,福建省,official_template,宁德师范学院官网视觉资源页 PPT模板发布/下载页,https://www.ndnu.edu.cn/info/1039/5983.htm,宁德师范学院官网视觉资源页,True,school,HTML,,校方公开HTML页已读取；页面内附件或外部下载目标另行索引,page_read,True,https://www.ndnu.edu.cn/info/1039/5983.htm,a02b457110b7b4d5a973a062babafd15ddb6693ac0390dc710b1e8085f91aac6,,,,发布范围：学校通用；按发布页说明使用。,,,,,,,,target_page_read
4135012992,闽南科技学院,福建省,community_logo_reference,社区高校校徽字体索引,https://github.com/lovefc/china_school_badge,lovefc,False,community,未知,,社区项目；格式、工具及素材权利见上游说明,indexed_not_fetched,,https://github.com/lovefc/china_school_badge/blob/04f59e07f4b809acc60493324af5ca4aa610153d/css/fcicon.css,,,04f59e07f4b809acc60493324af5ca4aa610153d,Apache-2.0,CSS中文校名与本校全称匹配。社区校徽字体索引，LICENSE为Apache-2.0，但README另有保留作者及禁止倒卖说明。只收链接，未镜像字体或校徽；使用前核对上游条款及校徽权利。,,,,,,,,
4135013469,厦门大学嘉庚学院,福建省,official_template,厦门大学嘉庚学院 PPT模板发布/下载页,https://www.jgxy.xmu.edu.cn/xxgk2/mb.html,厦门大学嘉庚学院,True,school,HTML,,校方公开HTML页已读取；页面内附件或外部下载目标另行索引,page_read,True,https://www.jgxy.xmu.edu.cn/xxgk2/mb.html,c691f0fe9e4b1c267741b5718035f0457cc3c9e8b964f2f582babcbbdeec58b5,,,,发布范围：学校通用；按发布页说明使用。,,,,,,,,
4135013469,厦门大学嘉庚学院,福建省,official_template,2026年PPT模版9,https://www.jgxy.xmu.edu.cn/down/27112a0296511a7d924c1433d746192b.html,厦门大学嘉庚学院,True,school,未知（未读取目标）,2026,公开文件在本次采集时已读取；未渲染或运行，后续可用性及使用条件以原发布页为准,content_inspected,True,https://www.jgxy.xmu.edu.cn/xxgk2/mb.html,c691f0fe9e4b1c267741b5718035f0457cc3c9e8b964f2f582babcbbdeec58b5,,,,发布范围：学校通用。已读取公开文件数据；未运行或渲染，字体与图形的独立授权以原发布页为准。,PPTX,29c31b007a5893625241be1ebe38fb1180b21e85fce9651a1d7b2b4f216d0f83,13393898,15,16:9,Angsana New;Arial;Cordia New;DaunPenh;DokChampa;Ebrima;Estrangelo Edessa;Euphemia;Gautami;Iskoola Pota;Javanese Text;Kalinga;Kartika;Latha;Leelawadee UI;MV Boli;Mangal;Microsoft Himalaya;Microsoft JhengHei;Microsoft New Tai Lue;Microsoft Tai Le;Microsoft Uighur;Microsoft Yi Baiti;Mongolian Baiti;MoolBoran;Myanmar Text;Nirmala UI;Nyala;Phagspa;Plantagenet Cherokee;Raavi;Segoe UI;Shruti;Sylfaen;Times New Roman;Tunga;Vrinda;微软雅黑;新細明體;游ゴシック;游ゴシック Light;等线;等线 Light;맑은 고딕,124,content_inspected
4135013469,厦门大学嘉庚学院,福建省,official_template,2026年PPT模版8,https://www.jgxy.xmu.edu.cn/down/8723c3e7347a22273f2979e948654c5a.html,厦门大学嘉庚学院,True,school,未知（未读取目标）,2026,公开文件在本次采集时已读取；未渲染或运行，后续可用性及使用条件以原发布页为准,content_inspected,True,https://www.jgxy.xmu.edu.cn/xxgk2/mb.html,c691f0fe9e4b1c267741b5718035f0457cc3c9e8b964f2f582babcbbdeec58b5,,,,发布范围：学校通用。已读取公开文件数据；未运行或渲染，字体与图形的独立授权以原发布页为准。,PPTX,1d5a4359355ac069815a94b528b40a9ae99cdb479c8f4dcb118cff226ab0118b,3894524,15,16:9,Angsana New;Arial;Calibri;Calibri Light;Cordia New;DaunPenh;DokChampa;Estrangelo Edessa;Euphemia;Gautami;Iskoola Pota;Kalinga;Kartika;Latha;MV Boli;Mangal;Microsoft Himalaya;Microsoft Uighur;Microsoft Yi Baiti;Mongolian Baiti;MoolBoran;Nyala;Plantagenet Cherokee;Raavi;Shruti;Sylfaen;Times New Roman;Tunga;Vrinda;印品雅宋简 中黑;印品雅宋简 中黑（非商用）;宋体;微软雅黑;思源黑体 CN Bold;思源黑体 CN Medium;思源黑体 CN Normal;新細明體;맑은 고딕;ＭＳ Ｐゴシック,271,content_inspected
4135013469,厦门大学嘉庚学院,福建省,official_template,2026年PPT模版7,https://www.jgxy.xmu.edu.cn/down/c267041da11618660d46f48c0acaceeb.html,厦门大学嘉庚学院,True,school,未知（未读取目标）,2026,公开文件在本次采集时已读取；未渲染或运行，后续可用性及使用条件以原发布页为准,content_inspected,True,https://www.jgxy.xmu.edu.cn/xxgk2/mb.html,c691f0fe9e4b1c267741b5718035f0457cc3c9e8b964f2f582babcbbdeec58b5,,,,发布范围：学校通用。已读取公开文件数据；未运行或渲染，字体与图形的独立授权以原发布页为准。,PPTX,79e684b304f0e3e11a84b789e21be8d0a17c2168d78521199a6ac1e7f463b53e,3460177,5,16:9,Angsana New;Arial;Cordia New;DaunPenh;DokChampa;Ebrima;Estrangelo Edessa;Euphemia;Gautami;Impact;Iskoola Pota;Javanese Text;Kalinga;Kartika;Latha;Leelawadee UI;MV Boli;Mangal;Microsoft Himalaya;Microsoft JhengHei;Microsoft New Tai Lue;Microsoft Tai Le;Microsoft Uighur;Microsoft Yi Baiti;Mongolian Baiti;MoolBoran;Myanmar Text;Nirmala UI;Nyala;Phagspa;Plantagenet Cherokee;Raavi;Segoe UI;Shruti;Sylfaen;Times New Roman;Tunga;Vrinda;微软雅黑;新細明體;游ゴシック;游ゴシック Light;等线;等线 Light;맑은 고딕,42,content_inspected
4135013469,厦门大学嘉庚学院,福建省,official_template,2026年PPT模版6,https://www.jgxy.xmu.edu.cn/down/6a913a490c324824f4bfbbf521ac0266.html,厦门大学嘉庚学院,True,school,未知（未读取目标）,2026,公开文件在本次采集时已读取；未渲染或运行，后续可用性及使用条件以原发布页为准,content_inspected,True,https://www.jgxy.xmu.edu.cn/xxgk2/mb.html,c691f0fe9e4b1c267741b5718035f0457cc3c9e8b964f2f582babcbbdeec58b5,,,,发布范围：学校通用。已读取公开文件数据；未运行或渲染，字体与图形的独立授权以原发布页为准。,PPTX,72ac2e4f8f784e024761e8520b01b81a99966a99032c6285d044212b7251a750,18269064,19,16:9,Angsana New;Arial;Cordia New;DaunPenh;DokChampa;Ebrima;Estrangelo Edessa;Euphemia;Gautami;Iskoola Pota;Javanese Text;Kalinga;Kartika;Latha;Leelawadee UI;MV Boli;Mangal;Microsoft Himalaya;Microsoft JhengHei;Microsoft New Tai Lue;Microsoft Tai Le;Microsoft Uighur;Microsoft Yi Baiti;Mongolian Baiti;MoolBoran;Myanmar Text;Nirmala UI;Nyala;Phagspa;Plantagenet Cherokee;Raavi;Segoe UI;Shruti;Sylfaen;Times New Roman;Tunga;Vrinda;微软雅黑;新細明體;游ゴシック;游ゴシック Light;等线;等线 Light;맑은 고딕,241,content_inspected
4135013469,厦门大学嘉庚学院,福建省,official_template,2026年PPT模板5,https://www.jgxy.xmu.edu.cn/down/b841f8c7b9e720819e5ae1494ce08161.html,厦门大学嘉庚学院,True,school,未知（未读取目标）,2026,公开文件在本次采集时已读取；未渲染或运行，后续可用性及使用条件以原发布页为准,content_inspected,True,https://www.jgxy.xmu.edu.cn/xxgk2/mb.html,c691f0fe9e4b1c267741b5718035f0457cc3c9e8b964f2f582babcbbdeec58b5,,,,发布范围：学校通用。已读取公开文件数据；未运行或渲染，字体与图形的独立授权以原发布页为准。,PPTX,2469145688847302e8267bd50e9c027fb4edeb52e2b97f3336552e445f8c8cad,6615145,15,16:9,Alibaba Sans;Angsana New;Arial;CKT Kuaile 2.0 Bold;Calibri;Calibri Light;Cordia New;DFPLiHei-Bd;DaunPenh;DokChampa;Estrangelo Edessa;Euphemia;Fabulous;GEETYPE-XinGothicGB-W7;GEETYPE信黑简 W4;Gautami;Iskoola Pota;Kalinga;Kartika;Latha;MV Boli;Mangal;Maven Pro Bold;MiSans Normal;Microsoft Himalaya;Microsoft Uighur;Microsoft Yi Baiti;Mongolian Baiti;MoolBoran;Nyala;Plantagenet Cherokee;Raavi;Shruti;Sylfaen;Times New Roman;Tunga;Vrinda;宋体;微软雅黑;思源黑体 1;思源黑体 Outline;新細明體;楷体;锐字云字库大黑GB;黑体;맑은 고딕;ＭＳ Ｐゴシック,151,content_inspected
4135013469,厦门大学嘉庚学院,福建省,official_template,2026年PPT模版4,https://www.jgxy.xmu.edu.cn/down/75f8fe914291446a380fc906b2be7a24.html,厦门大学嘉庚学院,True,school,未知（未读取目标）,2026,公开文件在本次采集时已读取；未渲染或运行，后续可用性及使用条件以原发布页为准,content_inspected,True,https://www.jgxy.xmu.edu.cn/xxgk2/mb.html,c691f0fe9e4b1c267741b5718035f0457cc3c9e8b964f2f582babcbbdeec58b5,,,,发布范围：学校通用。已读取公开文件数据；未运行或渲染，字体与图形的独立授权以原发布页为准。,PPTX,88f706e12f0ddbffe7615b46312ca171df5b89ba7be6a28008f713d8abc0d24c,12394435,17,16:9,Angsana New;Arial;Cordia New;DaunPenh;DokChampa;Ebrima;Estrangelo Edessa;Euphemia;Gautami;Iskoola Pota;Javanese Text;Kalinga;Kartika;Latha;Leelawadee UI;MV Boli;Mangal;Microsoft Himalaya;Microsoft JhengHei;Microsoft New Tai Lue;Microsoft Tai Le;Microsoft Uighur;Microsoft Yi Baiti;Mongolian Baiti;MoolBoran;Myanmar Text;Nirmala UI;Nyala;Phagspa;Plantagenet Cherokee;Raavi;Segoe UI;Shruti;Sylfaen;Times New Roman;Tunga;Vrinda;微软雅黑;思源黑体 CN Bold;思源黑体 CN Medium;思源黑体 CN Normal;新細明體;游ゴシック;游ゴシック Light;等线;等线 Light;맑은 고딕,183,content_inspected
4135013469,厦门大学嘉庚学院,福建省,official_template,2026年PPT模板3,https://www.jgxy.xmu.edu.cn/down/fbd670b6fd441b1d8f0770ed5a104e34.html,厦门大学嘉庚学院,True,school,未知（未读取目标）,2026,公开文件在本次采集时已读取；未渲染或运行，后续可用性及使用条件以原发布页为准,content_inspected,True,https://www.jgxy.xmu.edu.cn/xxgk2/mb.html,c691f0fe9e4b1c267741b5718035f0457cc3c9e8b964f2f582babcbbdeec58b5,,,,发布范围：学校通用。已读取公开文件数据；未运行或渲染，字体与图形的独立授权以原发布页为准。,PPTX,abf7c4757416db0bcf1e9f88d454f67c7b77d92040b2cc9f4c4aa4fde389c84d,2373420,19,16:9,ABeeZee Bold;Aparajita;Arial;Calibri;Helvetica;OPPOSans H;优设标题黑;字魂105号-简雅黑;微软雅黑;思源宋体 CN Heavy;思源黑体;思源黑体 CN Bold;思源黑体 CN Medium;思源黑体 CN Normal;思源黑体旧字形 Light;阿里巴巴普惠体,185,content_inspected
4135013469,厦门大学嘉庚学院,福建省,official_template,2026年PPT模版2,https://www.jgxy.xmu.edu.cn/down/48b5ce414ed0f3e8c86aa0df75bedf21.html,厦门大学嘉庚学院,True,school,未知（未读取目标）,2026,公开文件在本次采集时已读取；未渲染或运行，后续可用性及使用条件以原发布页为准,content_inspected,True,https://www.jgxy.xmu.edu.cn/xxgk2/mb.html,c691f0fe9e4b1c267741b5718035f0457cc3c9e8b964f2f582babcbbdeec58b5,,,,发布范围：学校通用。已读取公开文件数据；未运行或渲染，字体与图形的独立授权以原发布页为准。,PPTX,e9971743ebe2d440888c16b95e1707e4dc0123ee1d64f34b1012fb745917984c,4573850,19,16:9,ABeeZee Bold;Aparajita;Arial;Calibri;Helvetica;OPPOSans H;优设标题黑;字魂105号-简雅黑;微软雅黑;思源宋体 CN Heavy;思源黑体;思源黑体 CN Bold;思源黑体 CN Medium;思源黑体 CN Normal;思源黑体旧字形 Light;阿里巴巴普惠体,185,content_inspected
4135013469,厦门大学嘉庚学院,福建省,official_template,2026年PPT模版1,https://www.jgxy.xmu.edu.cn/down/6b7df195305be883341f96c898794aca.html,厦门大学嘉庚学院,True,school,未知（未读取目标）,2026,公开文件在本次采集时已读取；未渲染或运行，后续可用性及使用条件以原发布页为准,content_inspected,True,https://www.jgxy.xmu.edu.cn/xxgk2/mb.html,c691f0fe9e4b1c267741b5718035f0457cc3c9e8b964f2f582babcbbdeec58b5,,,,发布范围：学校通用。已读取公开文件数据；未运行或渲染，字体与图形的独立授权以原发布页为准。,PPTX,85e94cef58cc1dd5ab6ffab8236d54e63b8db07c2b4aed754b5ac418e255bee9,16350320,19,16:9,ABeeZee Bold;Ablation;Agrandir Medium;Angsana New;Arial;Calibri;Cordia New;DaunPenh;DokChampa;Estrangelo Edessa;Euphemia;Gautami;Iskoola Pota;Kalinga;Kartika;Latha;MV Boli;Mangal;Microsoft Himalaya;Microsoft Uighur;Microsoft Yi Baiti;Mongolian Baiti;MoolBoran;Nyala;Plantagenet Cherokee;Raavi;Shruti;Times New Roman;Tunga;Vrinda;字由点字倔强黑;字由点字典黑 Bold;字由点字美玲体;宋体;思源宋体 1;思源宋体 2;思源宋体 2 Bold;思源宋体-超粗体;思源黑体 1;思源黑体 2;思源黑体 2 Bold;思源黑体 4 Bold;新細明體;맑은 고딕;ＭＳ Ｐゴシック,328,content_inspected
4135013469,厦门大学嘉庚学院,福建省,official_template,红色古典风格PPT模版,https://www.jgxy.xmu.edu.cn/down/9223d299ac3de5d6b6018c494edfc1ca.html,厦门大学嘉庚学院,True,school,未知（未读取目标）,,公开文件在本次采集时已读取；未渲染或运行，后续可用性及使用条件以原发布页为准,content_inspected,True,https://www.jgxy.xmu.edu.cn/xxgk2/mb.html,c691f0fe9e4b1c267741b5718035f0457cc3c9e8b964f2f582babcbbdeec58b5,,,,发布范围：学校通用。已读取公开文件数据；未运行或渲染，字体与图形的独立授权以原发布页为准。,PPTX,26f586b2bd9f7240aaee787aa6a88c72a19fe4d16bdb72c123da5608230292f2,18345851,23,16:9,Angsana New;Arial;Calibri;Calibri Light;Century Gothic;Cordia New;DaunPenh;DokChampa;Estrangelo Edessa;Euphemia;Gautami;Impact;Iskoola Pota;Kalinga;Kartika;Latha;MV Boli;Mangal;Microsoft Himalaya;Microsoft Uighur;Microsoft Yi Baiti;Mongolian Baiti;MoolBoran;Nyala;PT Sans;Plantagenet Cherokee;Raavi;Shruti;Sigmar One;Sylfaen;Times New Roman;Tunga;Vrinda;仓耳玄三M W05;宋体;微软雅黑;思源黑体 CN Light;思源黑体 CN Medium;思源黑体 CN Normal;新細明體;方正姚体;方正盛世楷书简体_大;方正粗宋简体;方正苏新诗柳楷简体;맑은 고딕;ＭＳ Ｐゴシック,339,content_inspected
4154010694,西藏大学,西藏自治区,community_logo_reference,社区高校校徽字体索引,https://github.com/lovefc/china_school_badge,lovefc,False,community,未知,,社区项目；格式、工具及素材权利见上游说明,indexed_not_fetched,,https://github.com/lovefc/china_school_badge/blob/04f59e07f4b809acc60493324af5ca4aa610153d/css/fcicon.css,,,04f59e07f4b809acc60493324af5ca4aa610153d,Apache-2.0,CSS中文校名与本校全称匹配。社区校徽字体索引，LICENSE为Apache-2.0，但README另有保留作者及禁止倒卖说明。只收链接，未镜像字体或校徽；使用前核对上游条款及校徽权利。,,,,,,,,
4154010694,西藏大学,西藏自治区,community_history_reference,中国高校校史社区资料与可视化,https://github.com/jtchen2k/hcu,jtchen2k,False,community,未知,,社区项目；格式、工具及素材权利见上游说明,indexed_not_fetched,,https://github.com/jtchen2k/hcu/blob/8aeab521eb07d38a273318b8123caabf332e66e4/src/data/uni_info.json,,,8aeab521eb07d38a273318b8123caabf332e66e4,GPL-3.0,2022版社区校史项目；可作前身与沿革的检索起点，不等同现行官方口径。英文缩写不当作英文全名，占位描述不导入。只保存版本及入口，年份需结合校方历史起点解读。,,,,,,,,
4152010657,贵州大学,贵州省,community_logo_reference,社区高校校徽字体索引,https://github.com/lovefc/china_school_badge,lovefc,False,community,未知,,社区项目；格式、工具及素材权利见上游说明,indexed_not_fetched,,https://github.com/lovefc/china_school_badge/blob/04f59e07f4b809acc60493324af5ca4aa610153d/css/fcicon.css,,,04f59e07f4b809acc60493324af5ca4aa610153d,Apache-2.0,CSS中文校名与本校全称匹配。社区校徽字体索引，LICENSE为Apache-2.0，但README另有保留作者及禁止倒卖说明。只收链接，未镜像字体或校徽；使用前核对上游条款及校徽权利。,,,,,,,,
4152010657,贵州大学,贵州省,community_history_reference,中国高校校史社区资料与可视化,https://github.com/jtchen2k/hcu,jtchen2k,False,community,未知,,社区项目；格式、工具及素材权利见上游说明,indexed_not_fetched,,https://github.com/jtchen2k/hcu/blob/8aeab521eb07d38a273318b8123caabf332e66e4/src/data/uni_info.json,,,8aeab521eb07d38a273318b8123caabf332e66e4,GPL-3.0,2022版社区校史项目；可作前身与沿革的检索起点，不等同现行官方口径。英文缩写不当作英文全名，占位描述不导入。只保存版本及入口，年份需结合校方历史起点解读。,,,,,,,,
4121010140,辽宁大学,辽宁省,community_logo_reference,社区高校校徽字体索引,https://github.com/lovefc/china_school_badge,lovefc,False,community,未知,,社区项目；格式、工具及素材权利见上游说明,indexed_not_fetched,,https://github.com/lovefc/china_school_badge/blob/04f59e07f4b809acc60493324af5ca4aa610153d/css/fcicon.css,,,04f59e07f4b809acc60493324af5ca4aa610153d,Apache-2.0,CSS中文校名与本校全称匹配。社区校徽字体索引，LICENSE为Apache-2.0，但README另有保留作者及禁止倒卖说明。只收链接，未镜像字体或校徽；使用前核对上游条款及校徽权利。,,,,,,,,
4121010140,辽宁大学,辽宁省,community_history_reference,中国高校校史社区资料与可视化,https://github.com/jtchen2k/hcu,jtchen2k,False,community,未知,,社区项目；格式、工具及素材权利见上游说明,indexed_not_fetched,,https://github.com/jtchen2k/hcu/blob/8aeab521eb07d38a273318b8123caabf332e66e4/src/data/uni_info.json,,,8aeab521eb07d38a273318b8123caabf332e66e4,GPL-3.0,2022版社区校史项目；可作前身与沿革的检索起点，不等同现行官方口径。英文缩写不当作英文全名，占位描述不导入。只保存版本及入口，年份需结合校方历史起点解读。,,,,,,,,
4121010141,大连理工大学,辽宁省,community_logo_reference,社区高校校徽字体索引,https://github.com/lovefc/china_school_badge,lovefc,False,community,未知,,社区项目；格式、工具及素材权利见上游说明,indexed_not_fetched,,https://github.com/lovefc/china_school_badge/blob/04f59e07f4b809acc60493324af5ca4aa610153d/css/fcicon.css,,,04f59e07f4b809acc60493324af5ca4aa610153d,Apache-2.0,CSS中文校名与本校全称匹配。社区校徽字体索引，LICENSE为Apache-2.0，但README另有保留作者及禁止倒卖说明。只收链接，未镜像字体或校徽；使用前核对上游条款及校徽权利。,,,,,,,,
4121010141,大连理工大学,辽宁省,community_history_reference,中国高校校史社区资料与可视化,https://github.com/jtchen2k/hcu,jtchen2k,False,community,未知,,社区项目；格式、工具及素材权利见上游说明,indexed_not_fetched,,https://github.com/jtchen2k/hcu/blob/8aeab521eb07d38a273318b8123caabf332e66e4/src/data/uni_info.json,,,8aeab521eb07d38a273318b8123caabf332e66e4,GPL-3.0,2022版社区校史项目；可作前身与沿革的检索起点，不等同现行官方口径。英文缩写不当作英文全名，占位描述不导入。只保存版本及入口，年份需结合校方历史起点解读。,,,,,,,,
4121010141,大连理工大学,辽宁省,community_logo_source,大连理工大学社区TikZ矢量标识源码,https://github.com/yuxtech/cnlogo/blob/daca8906123ca61186218ddda7369f95cc65a664/cnlogo/dllgu.tex,yuxtech/cnlogo,False,community,TeX/TikZ,,社区项目；格式、工具及素材权利见上游说明,source_text_read,True,https://github.com/yuxtech/cnlogo/blob/daca8906123ca61186218ddda7369f95cc65a664/README.md,4e6f0802fc7cbdf839b293eb641bcb78e207d084ca50e55e6862beb8942744f1,yuxtech/cnlogo,daca8906123ca61186218ddda7369f95cc65a664,源代码声明AGPL-3.0；LICENSE将Logos/graphics排除在该许可之外,README与文件首行中文学校名均精确匹配教育部名称。源码为社区转换，需用户自行使用LaTeX/TikZ导出后用于PPT；本库没有编译或保证图形现行版本。代码许可不等于校徽图形许可；只保存固定版本源码入口、格式和内容哈希，不再分发代码或校徽。,,,,,,,,
4121010145,东北大学,辽宁省,community_logo_reference,社区高校校徽字体索引,https://github.com/lovefc/china_school_badge,lovefc,False,community,未知,,社区项目；格式、工具及素材权利见上游说明,indexed_not_fetched,,https://github.com/lovefc/china_school_badge/blob/04f59e07f4b809acc60493324af5ca4aa610153d/css/fcicon.css,,,04f59e07f4b809acc60493324af5ca4aa610153d,Apache-2.0,CSS中文校名与本校全称匹配。社区校徽字体索引，LICENSE为Apache-2.0，但README另有保留作者及禁止倒卖说明。只收链接，未镜像字体或校徽；使用前核对上游条款及校徽权利。,,,,,,,,
4121010145,东北大学,辽宁省,community_history_reference,中国高校校史社区资料与可视化,https://github.com/jtchen2k/hcu,jtchen2k,False,community,未知,,社区项目；格式、工具及素材权利见上游说明,indexed_not_fetched,,https://github.com/jtchen2k/hcu/blob/8aeab521eb07d38a273318b8123caabf332e66e4/src/data/uni_info.json,,,8aeab521eb07d38a273318b8123caabf332e66e4,GPL-3.0,2022版社区校史项目；可作前身与沿革的检索起点，不等同现行官方口径。英文缩写不当作英文全名，占位描述不导入。只保存版本及入口，年份需结合校方历史起点解读。,,,,,,,,
4121010145,东北大学,辽宁省,community_logo_source,东北大学社区TikZ矢量标识源码,https://github.com/yuxtech/cnlogo/blob/daca8906123ca61186218ddda7369f95cc65a664/cnlogo/neu.tex,yuxtech/cnlogo,False,community,TeX/TikZ,,社区项目；格式、工具及素材权利见上游说明,source_text_read,True,https://github.com/yuxtech/cnlogo/blob/daca8906123ca61186218ddda7369f95cc65a664/README.md,f5c7b17ef3f24b403122fc90b284bd59207beba9fb72b593ee2ecca0fa58e208,yuxtech/cnlogo,daca8906123ca61186218ddda7369f95cc65a664,源代码声明AGPL-3.0；LICENSE将Logos/graphics排除在该许可之外,README与文件首行中文学校名均精确匹配教育部名称。源码为社区转换，需用户自行使用LaTeX/TikZ导出后用于PPT；本库没有编译或保证图形现行版本。代码许可不等于校徽图形许可；只保存固定版本源码入口、格式和内容哈希，不再分发代码或校徽。,,,,,,,,
4121010147,辽宁工程技术大学,辽宁省,community_logo_reference,社区高校校徽字体索引,https://github.com/lovefc/china_school_badge,lovefc,False,community,未知,,社区项目；格式、工具及素材权利见上游说明,indexed_not_fetched,,https://github.com/lovefc/china_school_badge/blob/04f59e07f4b809acc60493324af5ca4aa610153d/css/fcicon.css,,,04f59e07f4b809acc60493324af5ca4aa610153d,Apache-2.0,CSS中文校名与本校全称匹配。社区校徽字体索引，LICENSE为Apache-2.0，但README另有保留作者及禁止倒卖说明。只收链接，未镜像字体或校徽；使用前核对上游条款及校徽权利。,,,,,,,,
4121010151,大连海事大学,辽宁省,community_logo_reference,社区高校校徽字体索引,https://github.com/lovefc/china_school_badge,lovefc,False,community,未知,,社区项目；格式、工具及素材权利见上游说明,indexed_not_fetched,,https://github.com/lovefc/china_school_badge/blob/04f59e07f4b809acc60493324af5ca4aa610153d/css/fcicon.css,,,04f59e07f4b809acc60493324af5ca4aa610153d,Apache-2.0,CSS中文校名与本校全称匹配。社区校徽字体索引，LICENSE为Apache-2.0，但README另有保留作者及禁止倒卖说明。只收链接，未镜像字体或校徽；使用前核对上游条款及校徽权利。,,,,,,,,
4121010151,大连海事大学,辽宁省,community_history_reference,中国高校校史社区资料与可视化,https://github.com/jtchen2k/hcu,jtchen2k,False,community,未知,,社区项目；格式、工具及素材权利见上游说明,indexed_not_fetched,,https://github.com/jtchen2k/hcu/blob/8aeab521eb07d38a273318b8123caabf332e66e4/src/data/uni_info.json,,,8aeab521eb07d38a273318b8123caabf332e66e4,GPL-3.0,2022版社区校史项目；可作前身与沿革的检索起点，不等同现行官方口径。英文缩写不当作英文全名，占位描述不导入。只保存版本及入口，年份需结合校方历史起点解读。,,,,,,,,
4121010157,沈阳农业大学,辽宁省,community_logo_reference,社区高校校徽字体索引,https://github.com/lovefc/china_school_badge,lovefc,False,community,未知,,社区项目；格式、工具及素材权利见上游说明,indexed_not_fetched,,https://github.com/lovefc/china_school_badge/blob/04f59e07f4b809acc60493324af5ca4aa610153d/css/fcicon.css,,,04f59e07f4b809acc60493324af5ca4aa610153d,Apache-2.0,CSS中文校名与本校全称匹配。社区校徽字体索引，LICENSE为Apache-2.0，但README另有保留作者及禁止倒卖说明。只收链接，未镜像字体或校徽；使用前核对上游条款及校徽权利。,,,,,,,,
4121010159,中国医科大学,辽宁省,community_logo_reference,社区高校校徽字体索引,https://github.com/lovefc/china_school_badge,lovefc,False,community,未知,,社区项目；格式、工具及素材权利见上游说明,indexed_not_fetched,,https://github.com/lovefc/china_school_badge/blob/04f59e07f4b809acc60493324af5ca4aa610153d/css/fcicon.css,,,04f59e07f4b809acc60493324af5ca4aa610153d,Apache-2.0,CSS中文校名与本校全称匹配。社区校徽字体索引，LICENSE为Apache-2.0，但README另有保留作者及禁止倒卖说明。只收链接，未镜像字体或校徽；使用前核对上游条款及校徽权利。,,,,,,,,
4121010161,大连医科大学,辽宁省,community_logo_reference,社区高校校徽字体索引,https://github.com/lovefc/china_school_badge,lovefc,False,community,未知,,社区项目；格式、工具及素材权利见上游说明,indexed_not_fetched,,https://github.com/lovefc/china_school_badge/blob/04f59e07f4b809acc60493324af5ca4aa610153d/css/fcicon.css,,,04f59e07f4b809acc60493324af5ca4aa610153d,Apache-2.0,CSS中文校名与本校全称匹配。社区校徽字体索引，LICENSE为Apache-2.0，但README另有保留作者及禁止倒卖说明。只收链接，未镜像字体或校徽；使用前核对上游条款及校徽权利。,,,,,,,,
4121010163,沈阳药科大学,辽宁省,community_logo_reference,社区高校校徽字体索引,https://github.com/lovefc/china_school_badge,lovefc,False,community,未知,,社区项目；格式、工具及素材权利见上游说明,indexed_not_fetched,,https://github.com/lovefc/china_school_badge/blob/04f59e07f4b809acc60493324af5ca4aa610153d/css/fcicon.css,,,04f59e07f4b809acc60493324af5ca4aa610153d,Apache-2.0,CSS中文校名与本校全称匹配。社区校徽字体索引，LICENSE为Apache-2.0，但README另有保留作者及禁止倒卖说明。只收链接，未镜像字体或校徽；使用前核对上游条款及校徽权利。,,,,,,,,
4121010165,辽宁师范大学,辽宁省,community_logo_reference,社区高校校徽字体索引,https://github.com/lovefc/china_school_badge,lovefc,False,community,未知,,社区项目；格式、工具及素材权利见上游说明,indexed_not_fetched,,https://github.com/lovefc/china_school_badge/blob/04f59e07f4b809acc60493324af5ca4aa610153d/css/fcicon.css,,,04f59e07f4b809acc60493324af5ca4aa610153d,Apache-2.0,CSS中文校名与本校全称匹配。社区校徽字体索引，LICENSE为Apache-2.0，但README另有保留作者及禁止倒卖说明。只收链接，未镜像字体或校徽；使用前核对上游条款及校徽权利。,,,,,,,,
4121010166,沈阳师范大学,辽宁省,community_logo_reference,社区高校校徽字体索引,https://github.com/lovefc/china_school_badge,lovefc,False,community,未知,,社区项目；格式、工具及素材权利见上游说明,indexed_not_fetched,,https://github.com/lovefc/china_school_badge/blob/04f59e07f4b809acc60493324af5ca4aa610153d/css/fcicon.css,,,04f59e07f4b809acc60493324af5ca4aa610153d,Apache-2.0,CSS中文校名与本校全称匹配。社区校徽字体索引，LICENSE为Apache-2.0，但README另有保留作者及禁止倒卖说明。只收链接，未镜像字体或校徽；使用前核对上游条款及校徽权利。,,,,,,,,
4121010167,渤海大学,辽宁省,community_logo_reference,社区高校校徽字体索引,https://github.com/lovefc/china_school_badge,lovefc,False,community,未知,,社区项目；格式、工具及素材权利见上游说明,indexed_not_fetched,,https://github.com/lovefc/china_school_badge/blob/04f59e07f4b809acc60493324af5ca4aa610153d/css/fcicon.css,,,04f59e07f4b809acc60493324af5ca4aa610153d,Apache-2.0,CSS中文校名与本校全称匹配。社区校徽字体索引，LICENSE为Apache-2.0，但README另有保留作者及禁止倒卖说明。只收链接，未镜像字体或校徽；使用前核对上游条款及校徽权利。,,,,,,,,
4121010173,东北财经大学,辽宁省,community_logo_reference,社区高校校徽字体索引,https://github.com/lovefc/china_school_badge,lovefc,False,community,未知,,社区项目；格式、工具及素材权利见上游说明,indexed_not_fetched,,https://github.com/lovefc/china_school_badge/blob/04f59e07f4b809acc60493324af5ca4aa610153d/css/fcicon.css,,,04f59e07f4b809acc60493324af5ca4aa610153d,Apache-2.0,CSS中文校名与本校全称匹配。社区校徽字体索引，LICENSE为Apache-2.0，但README另有保留作者及禁止倒卖说明。只收链接，未镜像字体或校徽；使用前核对上游条款及校徽权利。,,,,,,,,
4121010173,东北财经大学,辽宁省,community_logo_source,东北财经大学社区TikZ矢量标识源码,https://github.com/yuxtech/cnlogo/blob/daca8906123ca61186218ddda7369f95cc65a664/cnlogo/dbcju.tex,yuxtech/cnlogo,False,community,TeX/TikZ,,社区项目；格式、工具及素材权利见上游说明,source_text_read,True,https://github.com/yuxtech/cnlogo/blob/daca8906123ca61186218ddda7369f95cc65a664/README.md,41f4c6b7d2b8a3b716eef87bf00709f4f9ffd7bd6414af0b56a770fe627601a3,yuxtech/cnlogo,daca8906123ca61186218ddda7369f95cc65a664,源代码声明AGPL-3.0；LICENSE将Logos/graphics排除在该许可之外,README与文件首行中文学校名均精确匹配教育部名称。源码为社区转换，需用户自行使用LaTeX/TikZ导出后用于PPT；本库没有编译或保证图形现行版本。代码许可不等于校徽图形许可；只保存固定版本源码入口、格式和内容哈希，不再分发代码或校徽。,,,,,,,,
4121011258,大连大学,辽宁省,community_logo_reference,社区高校校徽字体索引,https://github.com/lovefc/china_school_badge,lovefc,False,community,未知,,社区项目；格式、工具及素材权利见上游说明,indexed_not_fetched,,https://github.com/lovefc/china_school_badge/blob/04f59e07f4b809acc60493324af5ca4aa610153d/css/fcicon.css,,,04f59e07f4b809acc60493324af5ca4aa610153d,Apache-2.0,CSS中文校名与本校全称匹配。社区校徽字体索引，LICENSE为Apache-2.0，但README另有保留作者及禁止倒卖说明。只收链接，未镜像字体或校徽；使用前核对上游条款及校徽权利。,,,,,,,,
4150010611,重庆大学,重庆市,community_template,College Beamer社区高校主题集合,https://github.com/liu-qilong/college-beamer,liu-qilong,False,community,LaTeX/Beamer,,社区项目；格式、工具及素材权利见上游说明,indexed_not_fetched,,https://github.com/liu-qilong/college-beamer/blob/b70b18b39752ff327506b5cf012b5011a4e82bd9/README.md,,,b70b18b39752ff327506b5cf012b5011a4e82bd9,CC-BY-4.0,README列出本校主题选项；社区LaTeX/Beamer资源，非PPTX或校方发布。仓库收链接与版本，使用前查阅许可和校徽权利。,,,,,,,,
4150010611,重庆大学,重庆市,community_logo_reference,社区高校校徽字体索引,https://github.com/lovefc/china_school_badge,lovefc,False,community,未知,,社区项目；格式、工具及素材权利见上游说明,indexed_not_fetched,,https://github.com/lovefc/china_school_badge/blob/04f59e07f4b809acc60493324af5ca4aa610153d/css/fcicon.css,,,04f59e07f4b809acc60493324af5ca4aa610153d,Apache-2.0,CSS中文校名与本校全称匹配。社区校徽字体索引，LICENSE为Apache-2.0，但README另有保留作者及禁止倒卖说明。只收链接，未镜像字体或校徽；使用前核对上游条款及校徽权利。,,,,,,,,
4150010611,重庆大学,重庆市,community_history_reference,中国高校校史社区资料与可视化,https://github.com/jtchen2k/hcu,jtchen2k,False,community,未知,,社区项目；格式、工具及素材权利见上游说明,indexed_not_fetched,,https://github.com/jtchen2k/hcu/blob/8aeab521eb07d38a273318b8123caabf332e66e4/src/data/uni_info.json,,,8aeab521eb07d38a273318b8123caabf332e66e4,GPL-3.0,2022版社区校史项目；可作前身与沿革的检索起点，不等同现行官方口径。英文缩写不当作英文全名，占位描述不导入。只保存版本及入口，年份需结合校方历史起点解读。,,,,,,,,
4150010617,重庆邮电大学,重庆市,community_logo_reference,社区高校校徽字体索引,https://github.com/lovefc/china_school_badge,lovefc,False,community,未知,,社区项目；格式、工具及素材权利见上游说明,indexed_not_fetched,,https://github.com/lovefc/china_school_badge/blob/04f59e07f4b809acc60493324af5ca4aa610153d/css/fcicon.css,,,04f59e07f4b809acc60493324af5ca4aa610153d,Apache-2.0,CSS中文校名与本校全称匹配。社区校徽字体索引，LICENSE为Apache-2.0，但README另有保留作者及禁止倒卖说明。只收链接，未镜像字体或校徽；使用前核对上游条款及校徽权利。,,,,,,,,
4150010631,重庆医科大学,重庆市,community_logo_reference,社区高校校徽字体索引,https://github.com/lovefc/china_school_badge,lovefc,False,community,未知,,社区项目；格式、工具及素材权利见上游说明,indexed_not_fetched,,https://github.com/lovefc/china_school_badge/blob/04f59e07f4b809acc60493324af5ca4aa610153d/css/fcicon.css,,,04f59e07f4b809acc60493324af5ca4aa610153d,Apache-2.0,CSS中文校名与本校全称匹配。社区校徽字体索引，LICENSE为Apache-2.0，但README另有保留作者及禁止倒卖说明。只收链接，未镜像字体或校徽；使用前核对上游条款及校徽权利。,,,,,,,,
4150010635,西南大学,重庆市,community_template,College Beamer社区高校主题集合,https://github.com/liu-qilong/college-beamer,liu-qilong,False,community,LaTeX/Beamer,,社区项目；格式、工具及素材权利见上游说明,indexed_not_fetched,,https://github.com/liu-qilong/college-beamer/blob/b70b18b39752ff327506b5cf012b5011a4e82bd9/README.md,,,b70b18b39752ff327506b5cf012b5011a4e82bd9,CC-BY-4.0,README列出本校主题选项；社区LaTeX/Beamer资源，非PPTX或校方发布。仓库收链接与版本，使用前查阅许可和校徽权利。,,,,,,,,
4150010635,西南大学,重庆市,community_logo_reference,社区高校校徽字体索引,https://github.com/lovefc/china_school_badge,lovefc,False,community,未知,,社区项目；格式、工具及素材权利见上游说明,indexed_not_fetched,,https://github.com/lovefc/china_school_badge/blob/04f59e07f4b809acc60493324af5ca4aa610153d/css/fcicon.css,,,04f59e07f4b809acc60493324af5ca4aa610153d,Apache-2.0,CSS中文校名与本校全称匹配。社区校徽字体索引，LICENSE为Apache-2.0，但README另有保留作者及禁止倒卖说明。只收链接，未镜像字体或校徽；使用前核对上游条款及校徽权利。,,,,,,,,
4150010635,西南大学,重庆市,community_history_reference,中国高校校史社区资料与可视化,https://github.com/jtchen2k/hcu,jtchen2k,False,community,未知,,社区项目；格式、工具及素材权利见上游说明,indexed_not_fetched,,https://github.com/jtchen2k/hcu/blob/8aeab521eb07d38a273318b8123caabf332e66e4/src/data/uni_info.json,,,8aeab521eb07d38a273318b8123caabf332e66e4,GPL-3.0,2022版社区校史项目；可作前身与沿革的检索起点，不等同现行官方口径。英文缩写不当作英文全名，占位描述不导入。只保存版本及入口，年份需结合校方历史起点解读。,,,,,,,,
4150010642,重庆文理学院,重庆市,community_logo_reference,社区高校校徽字体索引,https://github.com/lovefc/china_school_badge,lovefc,False,community,未知,,社区项目；格式、工具及素材权利见上游说明,indexed_not_fetched,,https://github.com/lovefc/china_school_badge/blob/04f59e07f4b809acc60493324af5ca4aa610153d/css/fcicon.css,,,04f59e07f4b809acc60493324af5ca4aa610153d,Apache-2.0,CSS中文校名与本校全称匹配。社区校徽字体索引，LICENSE为Apache-2.0，但README另有保留作者及禁止倒卖说明。只收链接，未镜像字体或校徽；使用前核对上游条款及校徽权利。,,,,,,,,
4150010652,西南政法大学,重庆市,community_logo_reference,社区高校校徽字体索引,https://github.com/lovefc/china_school_badge,lovefc,False,community,未知,,社区项目；格式、工具及素材权利见上游说明,indexed_not_fetched,,https://github.com/lovefc/china_school_badge/blob/04f59e07f4b809acc60493324af5ca4aa610153d/css/fcicon.css,,,04f59e07f4b809acc60493324af5ca4aa610153d,Apache-2.0,CSS中文校名与本校全称匹配。社区校徽字体索引，LICENSE为Apache-2.0，但README另有保留作者及禁止倒卖说明。只收链接，未镜像字体或校徽；使用前核对上游条款及校徽权利。,,,,,,,,
4150011660,重庆理工大学,重庆市,community_logo_reference,社区高校校徽字体索引,https://github.com/lovefc/china_school_badge,lovefc,False,community,未知,,社区项目；格式、工具及素材权利见上游说明,indexed_not_fetched,,https://github.com/lovefc/china_school_badge/blob/04f59e07f4b809acc60493324af5ca4aa610153d/css/fcicon.css,,,04f59e07f4b809acc60493324af5ca4aa610153d,Apache-2.0,CSS中文校名与本校全称匹配。社区校徽字体索引，LICENSE为Apache-2.0，但README另有保留作者及禁止倒卖说明。只收链接，未镜像字体或校徽；使用前核对上游条款及校徽权利。,,,,,,,,
4150011799,重庆工商大学,重庆市,community_logo_reference,社区高校校徽字体索引,https://github.com/lovefc/china_school_badge,lovefc,False,community,未知,,社区项目；格式、工具及素材权利见上游说明,indexed_not_fetched,,https://github.com/lovefc/china_school_badge/blob/04f59e07f4b809acc60493324af5ca4aa610153d/css/fcicon.css,,,04f59e07f4b809acc60493324af5ca4aa610153d,Apache-2.0,CSS中文校名与本校全称匹配。社区校徽字体索引，LICENSE为Apache-2.0，但README另有保留作者及禁止倒卖说明。只收链接，未镜像字体或校徽；使用前核对上游条款及校徽权利。,,,,,,,,
4161010697,西北大学,陕西省,community_logo_reference,社区高校校徽字体索引,https://github.com/lovefc/china_school_badge,lovefc,False,community,未知,,社区项目；格式、工具及素材权利见上游说明,indexed_not_fetched,,https://github.com/lovefc/china_school_badge/blob/04f59e07f4b809acc60493324af5ca4aa610153d/css/fcicon.css,,,04f59e07f4b809acc60493324af5ca4aa610153d,Apache-2.0,CSS中文校名与本校全称匹配。社区校徽字体索引，LICENSE为Apache-2.0，但README另有保留作者及禁止倒卖说明。只收链接，未镜像字体或校徽；使用前核对上游条款及校徽权利。,,,,,,,,
4161010697,西北大学,陕西省,community_history_reference,中国高校校史社区资料与可视化,https://github.com/jtchen2k/hcu,jtchen2k,False,community,未知,,社区项目；格式、工具及素材权利见上游说明,indexed_not_fetched,,https://github.com/jtchen2k/hcu/blob/8aeab521eb07d38a273318b8123caabf332e66e4/src/data/uni_info.json,,,8aeab521eb07d38a273318b8123caabf332e66e4,GPL-3.0,2022版社区校史项目；可作前身与沿革的检索起点，不等同现行官方口径。英文缩写不当作英文全名，占位描述不导入。只保存版本及入口，年份需结合校方历史起点解读。,,,,,,,,
4161010698,西安交通大学,陕西省,official_template,西安交通大学官网视觉资源页 PPT模板发布/下载页,http://vi.xjtu.edu.cn/,西安交通大学官网视觉资源页,True,school,HTML,,校方公开HTML页已读取；页面内附件或外部下载目标另行索引,page_read,True,http://vi.xjtu.edu.cn/,d6f79d39dd5c15dbecfd2bdd77ce88180b52cd37c59b2db683bc5eea34f82d81,,,,发布范围：学校通用；按发布页说明使用。,,,,,,,,
4161010698,西安交通大学,陕西省,official_template,PPT模板PPT TEMPLATE,http://vi.xjtu.edu.cn/yybf/PPTmb.htm,西安交通大学官网视觉资源页,True,school,HTML,,已读取校方发布页；附件目标尚未读取，格式按原链接文件名，动态端点或网盘可能需要登录/提取码,page_read,True,http://vi.xjtu.edu.cn/,d6f79d39dd5c15dbecfd2bdd77ce88180b52cd37c59b2db683bc5eea34f82d81,,,,发布范围：学校通用。仅索引入口；未编译、未打开模板，不保证当前可下载或模板中字体与图形的独立授权。,,,,,,,,target_page_read
4161010698,西安交通大学,陕西省,official_template,西安交通大学官网视觉资源页 PPT模板发布/下载页,http://vi.xjtu.edu.cn/index.htm,西安交通大学官网视觉资源页,True,school,HTML,,校方公开HTML页已读取；页面内附件或外部下载目标另行索引,page_read,True,http://vi.xjtu.edu.cn/index.htm,d6f79d39dd5c15dbecfd2bdd77ce88180b52cd37c59b2db683bc5eea34f82d81,,,,发布范围：学校通用；按发布页说明使用。,,,,,,,,
4161010698,西安交通大学,陕西省,official_template,PPT模板PPT TEMPLATE,http://vi.xjtu.edu.cn/yybf/PPTmb.htm,西安交通大学官网视觉资源页,True,school,HTML,,已读取校方发布页；附件目标尚未读取，格式按原链接文件名，动态端点或网盘可能需要登录/提取码,page_read,True,http://vi.xjtu.edu.cn/index.htm,d6f79d39dd5c15dbecfd2bdd77ce88180b52cd37c59b2db683bc5eea34f82d81,,,,发布范围：学校通用。仅索引入口；未编译、未打开模板，不保证当前可下载或模板中字体与图形的独立授权。,,,,,,,,target_page_read
4161010698,西安交通大学,陕西省,official_template,西安交通大学官网视觉资源页 PPT模板发布/下载页,http://vi.xjtu.edu.cn/jcbf/xhgf.htm,西安交通大学官网视觉资源页,True,school,HTML,,校方公开HTML页已读取；页面内附件或外部下载目标另行索引,page_read,True,http://vi.xjtu.edu.cn/jcbf/xhgf.htm,5481e044c80efd3f4109aa95bcb19e2e7955fda0893b67424c5ad3c1bc025981,,,,发布范围：学校通用；按发布页说明使用。,,,,,,,,
4161010698,西安交通大学,陕西省,official_template,PPT模板,http://vi.xjtu.edu.cn/yybf/PPTmb.htm,西安交通大学官网视觉资源页,True,school,HTML,,已读取校方发布页；附件目标尚未读取，格式按原链接文件名，动态端点或网盘可能需要登录/提取码,page_read,True,http://vi.xjtu.edu.cn/jcbf/xhgf.htm,5481e044c80efd3f4109aa95bcb19e2e7955fda0893b67424c5ad3c1bc025981,,,,发布范围：学校通用。仅索引入口；未编译、未打开模板，不保证当前可下载或模板中字体与图形的独立授权。,,,,,,,,target_page_read
4161010698,西安交通大学,陕西省,official_template,西安交通大学官网视觉资源页 PPT模板发布/下载页,http://vi.xjtu.edu.cn/jcbf/xbzhgf.htm,西安交通大学官网视觉资源页,True,school,HTML,,校方公开HTML页已读取；页面内附件或外部下载目标另行索引,page_read,True,http://vi.xjtu.edu.cn/jcbf/xbzhgf.htm,2ea8dbc5507043233a7f924728a7ce3fda005963c5947f7d041bcc24ee4eab5b,,,,发布范围：学校通用；按发布页说明使用。,,,,,,,,
4161010698,西安交通大学,陕西省,official_template,PPT模板,http://vi.xjtu.edu.cn/yybf/PPTmb.htm,西安交通大学官网视觉资源页,True,school,HTML,,已读取校方发布页；附件目标尚未读取，格式按原链接文件名，动态端点或网盘可能需要登录/提取码,page_read,True,http://vi.xjtu.edu.cn/jcbf/xbzhgf.htm,2ea8dbc5507043233a7f924728a7ce3fda005963c5947f7d041bcc24ee4eab5b,,,,发布范围：学校通用。仅索引入口；未编译、未打开模板，不保证当前可下载或模板中字体与图形的独立授权。,,,,,,,,target_page_read
4161010698,西安交通大学,陕西省,official_template,西安交通大学官方PPT入口,https://vi.xjtu.edu.cn/yybf/PPTmb.htm,西安交通大学,True,unspecified,HTML/未知,,访问条件以原发布页为准,indexed_not_fetched,,https://vi.xjtu.edu.cn/yybf/PPTmb.htm,,,,,,,,,,,,,
4161010698,西安交通大学,陕西省,community_logo_reference,社区高校校徽字体索引,https://github.com/lovefc/china_school_badge,lovefc,False,community,未知,,社区项目；格式、工具及素材权利见上游说明,indexed_not_fetched,,https://github.com/lovefc/china_school_badge/blob/04f59e07f4b809acc60493324af5ca4aa610153d/css/fcicon.css,,,04f59e07f4b809acc60493324af5ca4aa610153d,Apache-2.0,CSS中文校名与本校全称匹配。社区校徽字体索引，LICENSE为Apache-2.0，但README另有保留作者及禁止倒卖说明。只收链接，未镜像字体或校徽；使用前核对上游条款及校徽权利。,,,,,,,,
4161010698,西安交通大学,陕西省,community_history_reference,中国高校校史社区资料与可视化,https://github.com/jtchen2k/hcu,jtchen2k,False,community,未知,,社区项目；格式、工具及素材权利见上游说明,indexed_not_fetched,,https://github.com/jtchen2k/hcu/blob/8aeab521eb07d38a273318b8123caabf332e66e4/src/data/uni_info.json,,,8aeab521eb07d38a273318b8123caabf332e66e4,GPL-3.0,2022版社区校史项目；可作前身与沿革的检索起点，不等同现行官方口径。英文缩写不当作英文全名，占位描述不导入。只保存版本及入口，年份需结合校方历史起点解读。,,,,,,,,
4161010698,西安交通大学,陕西省,community_logo_source,西安交通大学社区TikZ矢量标识源码,https://github.com/yuxtech/cnlogo/blob/daca8906123ca61186218ddda7369f95cc65a664/cnlogo/xjtu.tex,yuxtech/cnlogo,False,community,TeX/TikZ,,社区项目；格式、工具及素材权利见上游说明,source_text_read,True,https://github.com/yuxtech/cnlogo/blob/daca8906123ca61186218ddda7369f95cc65a664/README.md,3d0b4562bcd8de0e7c0763a6af46b4d9271c5cd8f84997c56121d68ace7a90d2,yuxtech/cnlogo,daca8906123ca61186218ddda7369f95cc65a664,源代码声明AGPL-3.0；LICENSE将Logos/graphics排除在该许可之外,README与文件首行中文学校名均精确匹配教育部名称。源码为社区转换，需用户自行使用LaTeX/TikZ导出后用于PPT；本库没有编译或保证图形现行版本。代码许可不等于校徽图形许可；只保存固定版本源码入口、格式和内容哈希，不再分发代码或校徽。,,,,,,,,
4161010699,西北工业大学,陕西省,community_template,College Beamer社区高校主题集合,https://github.com/liu-qilong/college-beamer,liu-qilong,False,community,LaTeX/Beamer,,社区项目；格式、工具及素材权利见上游说明,indexed_not_fetched,,https://github.com/liu-qilong/college-beamer/blob/b70b18b39752ff327506b5cf012b5011a4e82bd9/README.md,,,b70b18b39752ff327506b5cf012b5011a4e82bd9,CC-BY-4.0,README列出本校主题选项；社区LaTeX/Beamer资源，非PPTX或校方发布。仓库收链接与版本，使用前查阅许可和校徽权利。,,,,,,,,
4161010699,西北工业大学,陕西省,community_logo_reference,社区高校校徽字体索引,https://github.com/lovefc/china_school_badge,lovefc,False,community,未知,,社区项目；格式、工具及素材权利见上游说明,indexed_not_fetched,,https://github.com/lovefc/china_school_badge/blob/04f59e07f4b809acc60493324af5ca4aa610153d/css/fcicon.css,,,04f59e07f4b809acc60493324af5ca4aa610153d,Apache-2.0,CSS中文校名与本校全称匹配。社区校徽字体索引，LICENSE为Apache-2.0，但README另有保留作者及禁止倒卖说明。只收链接，未镜像字体或校徽；使用前核对上游条款及校徽权利。,,,,,,,,
4161010699,西北工业大学,陕西省,community_history_reference,中国高校校史社区资料与可视化,https://github.com/jtchen2k/hcu,jtchen2k,False,community,未知,,社区项目；格式、工具及素材权利见上游说明,indexed_not_fetched,,https://github.com/jtchen2k/hcu/blob/8aeab521eb07d38a273318b8123caabf332e66e4/src/data/uni_info.json,,,8aeab521eb07d38a273318b8123caabf332e66e4,GPL-3.0,2022版社区校史项目；可作前身与沿革的检索起点，不等同现行官方口径。英文缩写不当作英文全名，占位描述不导入。只保存版本及入口，年份需结合校方历史起点解读。,,,,,,,,
4161010700,西安理工大学,陕西省,community_logo_reference,社区高校校徽字体索引,https://github.com/lovefc/china_school_badge,lovefc,False,community,未知,,社区项目；格式、工具及素材权利见上游说明,indexed_not_fetched,,https://github.com/lovefc/china_school_badge/blob/04f59e07f4b809acc60493324af5ca4aa610153d/css/fcicon.css,,,04f59e07f4b809acc60493324af5ca4aa610153d,Apache-2.0,CSS中文校名与本校全称匹配。社区校徽字体索引，LICENSE为Apache-2.0，但README另有保留作者及禁止倒卖说明。只收链接，未镜像字体或校徽；使用前核对上游条款及校徽权利。,,,,,,,,
4161010701,西安电子科技大学,陕西省,community_logo_reference,社区高校校徽字体索引,https://github.com/lovefc/china_school_badge,lovefc,False,community,未知,,社区项目；格式、工具及素材权利见上游说明,indexed_not_fetched,,https://github.com/lovefc/china_school_badge/blob/04f59e07f4b809acc60493324af5ca4aa610153d/css/fcicon.css,,,04f59e07f4b809acc60493324af5ca4aa610153d,Apache-2.0,CSS中文校名与本校全称匹配。社区校徽字体索引，LICENSE为Apache-2.0，但README另有保留作者及禁止倒卖说明。只收链接，未镜像字体或校徽；使用前核对上游条款及校徽权利。,,,,,,,,
4161010701,西安电子科技大学,陕西省,community_history_reference,中国高校校史社区资料与可视化,https://github.com/jtchen2k/hcu,jtchen2k,False,community,未知,,社区项目；格式、工具及素材权利见上游说明,indexed_not_fetched,,https://github.com/jtchen2k/hcu/blob/8aeab521eb07d38a273318b8123caabf332e66e4/src/data/uni_info.json,,,8aeab521eb07d38a273318b8123caabf332e66e4,GPL-3.0,2022版社区校史项目；可作前身与沿革的检索起点，不等同现行官方口径。英文缩写不当作英文全名，占位描述不导入。只保存版本及入口，年份需结合校方历史起点解读。,,,,,,,,
4161010701,西安电子科技大学,陕西省,community_logo_source,西安电子科技大学社区TikZ矢量标识源码,https://github.com/yuxtech/cnlogo/blob/daca8906123ca61186218ddda7369f95cc65a664/cnlogo/xdu.tex,yuxtech/cnlogo,False,community,TeX/TikZ,,社区项目；格式、工具及素材权利见上游说明,source_text_read,True,https://github.com/yuxtech/cnlogo/blob/daca8906123ca61186218ddda7369f95cc65a664/README.md,02dc6fa0b4a62987e907f04983febaea4c0f8be66a8897cd79ee832b34f93ba8,yuxtech/cnlogo,daca8906123ca61186218ddda7369f95cc65a664,源代码声明AGPL-3.0；LICENSE将Logos/graphics排除在该许可之外,README与文件首行中文学校名均精确匹配教育部名称。源码为社区转换，需用户自行使用LaTeX/TikZ导出后用于PPT；本库没有编译或保证图形现行版本。代码许可不等于校徽图形许可；只保存固定版本源码入口、格式和内容哈希，不再分发代码或校徽。,,,,,,,,
4161010702,西安工业大学,陕西省,community_logo_reference,社区高校校徽字体索引,https://github.com/lovefc/china_school_badge,lovefc,False,community,未知,,社区项目；格式、工具及素材权利见上游说明,indexed_not_fetched,,https://github.com/lovefc/china_school_badge/blob/04f59e07f4b809acc60493324af5ca4aa610153d/css/fcicon.css,,,04f59e07f4b809acc60493324af5ca4aa610153d,Apache-2.0,CSS中文校名与本校全称匹配。社区校徽字体索引，LICENSE为Apache-2.0，但README另有保留作者及禁止倒卖说明。只收链接，未镜像字体或校徽；使用前核对上游条款及校徽权利。,,,,,,,,
4161010703,西安建筑科技大学,陕西省,community_logo_reference,社区高校校徽字体索引,https://github.com/lovefc/china_school_badge,lovefc,False,community,未知,,社区项目；格式、工具及素材权利见上游说明,indexed_not_fetched,,https://github.com/lovefc/china_school_badge/blob/04f59e07f4b809acc60493324af5ca4aa610153d/css/fcicon.css,,,04f59e07f4b809acc60493324af5ca4aa610153d,Apache-2.0,CSS中文校名与本校全称匹配。社区校徽字体索引，LICENSE为Apache-2.0，但README另有保留作者及禁止倒卖说明。只收链接，未镜像字体或校徽；使用前核对上游条款及校徽权利。,,,,,,,,
4161010708,陕西科技大学,陕西省,community_logo_reference,社区高校校徽字体索引,https://github.com/lovefc/china_school_badge,lovefc,False,community,未知,,社区项目；格式、工具及素材权利见上游说明,indexed_not_fetched,,https://github.com/lovefc/china_school_badge/blob/04f59e07f4b809acc60493324af5ca4aa610153d/css/fcicon.css,,,04f59e07f4b809acc60493324af5ca4aa610153d,Apache-2.0,CSS中文校名与本校全称匹配。社区校徽字体索引，LICENSE为Apache-2.0，但README另有保留作者及禁止倒卖说明。只收链接，未镜像字体或校徽；使用前核对上游条款及校徽权利。,,,,,,,,
4161010710,长安大学,陕西省,community_logo_reference,社区高校校徽字体索引,https://github.com/lovefc/china_school_badge,lovefc,False,community,未知,,社区项目；格式、工具及素材权利见上游说明,indexed_not_fetched,,https://github.com/lovefc/china_school_badge/blob/04f59e07f4b809acc60493324af5ca4aa610153d/css/fcicon.css,,,04f59e07f4b809acc60493324af5ca4aa610153d,Apache-2.0,CSS中文校名与本校全称匹配。社区校徽字体索引，LICENSE为Apache-2.0，但README另有保留作者及禁止倒卖说明。只收链接，未镜像字体或校徽；使用前核对上游条款及校徽权利。,,,,,,,,
4161010710,长安大学,陕西省,community_history_reference,中国高校校史社区资料与可视化,https://github.com/jtchen2k/hcu,jtchen2k,False,community,未知,,社区项目；格式、工具及素材权利见上游说明,indexed_not_fetched,,https://github.com/jtchen2k/hcu/blob/8aeab521eb07d38a273318b8123caabf332e66e4/src/data/uni_info.json,,,8aeab521eb07d38a273318b8123caabf332e66e4,GPL-3.0,2022版社区校史项目；可作前身与沿革的检索起点，不等同现行官方口径。英文缩写不当作英文全名，占位描述不导入。只保存版本及入口，年份需结合校方历史起点解读。,,,,,,,,
4161010710,长安大学,陕西省,community_logo_source,长安大学社区TikZ矢量标识源码,https://github.com/yuxtech/cnlogo/blob/daca8906123ca61186218ddda7369f95cc65a664/cnlogo/chu.tex,yuxtech/cnlogo,False,community,TeX/TikZ,,社区项目；格式、工具及素材权利见上游说明,source_text_read,True,https://github.com/yuxtech/cnlogo/blob/daca8906123ca61186218ddda7369f95cc65a664/README.md,9e0be0925f4a15690243514e482aecb602627eedd7f9ed8c9b9c135471ec90b9,yuxtech/cnlogo,daca8906123ca61186218ddda7369f95cc65a664,源代码声明AGPL-3.0；LICENSE将Logos/graphics排除在该许可之外,README与文件首行中文学校名均精确匹配教育部名称。源码为社区转换，需用户自行使用LaTeX/TikZ导出后用于PPT；本库没有编译或保证图形现行版本。代码许可不等于校徽图形许可；只保存固定版本源码入口、格式和内容哈希，不再分发代码或校徽。,,,,,,,,
4161010712,西北农林科技大学,陕西省,community_logo_reference,社区高校校徽字体索引,https://github.com/lovefc/china_school_badge,lovefc,False,community,未知,,社区项目；格式、工具及素材权利见上游说明,indexed_not_fetched,,https://github.com/lovefc/china_school_badge/blob/04f59e07f4b809acc60493324af5ca4aa610153d/css/fcicon.css,,,04f59e07f4b809acc60493324af5ca4aa610153d,Apache-2.0,CSS中文校名与本校全称匹配。社区校徽字体索引，LICENSE为Apache-2.0，但README另有保留作者及禁止倒卖说明。只收链接，未镜像字体或校徽；使用前核对上游条款及校徽权利。,,,,,,,,
4161010712,西北农林科技大学,陕西省,community_history_reference,中国高校校史社区资料与可视化,https://github.com/jtchen2k/hcu,jtchen2k,False,community,未知,,社区项目；格式、工具及素材权利见上游说明,indexed_not_fetched,,https://github.com/jtchen2k/hcu/blob/8aeab521eb07d38a273318b8123caabf332e66e4/src/data/uni_info.json,,,8aeab521eb07d38a273318b8123caabf332e66e4,GPL-3.0,2022版社区校史项目；可作前身与沿革的检索起点，不等同现行官方口径。英文缩写不当作英文全名，占位描述不导入。只保存版本及入口，年份需结合校方历史起点解读。,,,,,,,,
4161010712,西北农林科技大学,陕西省,community_logo_source,西北农林科技大学社区TikZ矢量标识源码,https://github.com/yuxtech/cnlogo/blob/daca8906123ca61186218ddda7369f95cc65a664/cnlogo/xbnlkju.tex,yuxtech/cnlogo,False,community,TeX/TikZ,,社区项目；格式、工具及素材权利见上游说明,source_text_read,True,https://github.com/yuxtech/cnlogo/blob/daca8906123ca61186218ddda7369f95cc65a664/README.md,cfc097f527dca0a8bf5afa5dd4bba83048df0c64f6b3bced149ddce41c883f36,yuxtech/cnlogo,daca8906123ca61186218ddda7369f95cc65a664,源代码声明AGPL-3.0；LICENSE将Logos/graphics排除在该许可之外,README与文件首行中文学校名均精确匹配教育部名称。源码为社区转换，需用户自行使用LaTeX/TikZ导出后用于PPT；本库没有编译或保证图形现行版本。代码许可不等于校徽图形许可；只保存固定版本源码入口、格式和内容哈希，不再分发代码或校徽。,,,,,,,,
4161010718,陕西师范大学,陕西省,community_logo_reference,社区高校校徽字体索引,https://github.com/lovefc/china_school_badge,lovefc,False,community,未知,,社区项目；格式、工具及素材权利见上游说明,indexed_not_fetched,,https://github.com/lovefc/china_school_badge/blob/04f59e07f4b809acc60493324af5ca4aa610153d/css/fcicon.css,,,04f59e07f4b809acc60493324af5ca4aa610153d,Apache-2.0,CSS中文校名与本校全称匹配。社区校徽字体索引，LICENSE为Apache-2.0，但README另有保留作者及禁止倒卖说明。只收链接，未镜像字体或校徽；使用前核对上游条款及校徽权利。,,,,,,,,
4161010718,陕西师范大学,陕西省,community_history_reference,中国高校校史社区资料与可视化,https://github.com/jtchen2k/hcu,jtchen2k,False,community,未知,,社区项目；格式、工具及素材权利见上游说明,indexed_not_fetched,,https://github.com/jtchen2k/hcu/blob/8aeab521eb07d38a273318b8123caabf332e66e4/src/data/uni_info.json,,,8aeab521eb07d38a273318b8123caabf332e66e4,GPL-3.0,2022版社区校史项目；可作前身与沿革的检索起点，不等同现行官方口径。英文缩写不当作英文全名，占位描述不导入。只保存版本及入口，年份需结合校方历史起点解读。,,,,,,,,
4161010723,渭南师范学院,陕西省,official_visual_resource,校徽矢量图.pptx,http://www.wnu.edu.cn/system/_content/download.jsp?urltype=news.DownloadAttachUrl&owner=1061575194&wbfileid=2999455,渭南师范学院,True,unspecified,PPTX,,公开校方页面；附件链接仅按页面索引，下载状态与文件内容未经本轮核验,indexed_not_fetched,,http://www.wnu.edu.cn/info/1678/19039.htm,d84f82d1d840f714c09501d09040fd6dd97fc3e803988a3cf7930caa9581ef4c,,,,第三方目录只用于发现网址；已读取校方页并核对完整学校身份及标识/模板标题。图形与模板使用须遵守校方规范；库内仅保留入口和元数据。,,,,,,,,
4161011400,西安培华学院,陕西省,community_logo_reference,社区高校校徽字体索引,https://github.com/lovefc/china_school_badge,lovefc,False,community,未知,,社区项目；格式、工具及素材权利见上游说明,indexed_not_fetched,,https://github.com/lovefc/china_school_badge/blob/04f59e07f4b809acc60493324af5ca4aa610153d/css/fcicon.css,,,04f59e07f4b809acc60493324af5ca4aa610153d,Apache-2.0,CSS中文校名与本校全称匹配。社区校徽字体索引，LICENSE为Apache-2.0，但README另有保留作者及禁止倒卖说明。只收链接，未镜像字体或校徽；使用前核对上游条款及校徽权利。,,,,,,,,
4163010743,青海大学,青海省,community_logo_reference,社区高校校徽字体索引,https://github.com/lovefc/china_school_badge,lovefc,False,community,未知,,社区项目；格式、工具及素材权利见上游说明,indexed_not_fetched,,https://github.com/lovefc/china_school_badge/blob/04f59e07f4b809acc60493324af5ca4aa610153d/css/fcicon.css,,,04f59e07f4b809acc60493324af5ca4aa610153d,Apache-2.0,CSS中文校名与本校全称匹配。社区校徽字体索引，LICENSE为Apache-2.0，但README另有保留作者及禁止倒卖说明。只收链接，未镜像字体或校徽；使用前核对上游条款及校徽权利。,,,,,,,,
4163010743,青海大学,青海省,community_history_reference,中国高校校史社区资料与可视化,https://github.com/jtchen2k/hcu,jtchen2k,False,community,未知,,社区项目；格式、工具及素材权利见上游说明,indexed_not_fetched,,https://github.com/jtchen2k/hcu/blob/8aeab521eb07d38a273318b8123caabf332e66e4/src/data/uni_info.json,,,8aeab521eb07d38a273318b8123caabf332e66e4,GPL-3.0,2022版社区校史项目；可作前身与沿革的检索起点，不等同现行官方口径。英文缩写不当作英文全名，占位描述不导入。只保存版本及入口，年份需结合校方历史起点解读。,,,,,,,,
4123010212,黑龙江大学,黑龙江省,community_logo_reference,社区高校校徽字体索引,https://github.com/lovefc/china_school_badge,lovefc,False,community,未知,,社区项目；格式、工具及素材权利见上游说明,indexed_not_fetched,,https://github.com/lovefc/china_school_badge/blob/04f59e07f4b809acc60493324af5ca4aa610153d/css/fcicon.css,,,04f59e07f4b809acc60493324af5ca4aa610153d,Apache-2.0,CSS中文校名与本校全称匹配。社区校徽字体索引，LICENSE为Apache-2.0，但README另有保留作者及禁止倒卖说明。只收链接，未镜像字体或校徽；使用前核对上游条款及校徽权利。,,,,,,,,
4123010213,哈尔滨工业大学,黑龙江省,community_template,College Beamer社区高校主题集合,https://github.com/liu-qilong/college-beamer,liu-qilong,False,community,LaTeX/Beamer,,社区项目；格式、工具及素材权利见上游说明,indexed_not_fetched,,https://github.com/liu-qilong/college-beamer/blob/b70b18b39752ff327506b5cf012b5011a4e82bd9/README.md,,,b70b18b39752ff327506b5cf012b5011a4e82bd9,CC-BY-4.0,README列出本校主题选项；社区LaTeX/Beamer资源，非PPTX或校方发布。仓库收链接与版本，使用前查阅许可和校徽权利。,,,,,,,,
4123010213,哈尔滨工业大学,黑龙江省,community_logo_reference,社区高校校徽字体索引,https://github.com/lovefc/china_school_badge,lovefc,False,community,未知,,社区项目；格式、工具及素材权利见上游说明,indexed_not_fetched,,https://github.com/lovefc/china_school_badge/blob/04f59e07f4b809acc60493324af5ca4aa610153d/css/fcicon.css,,,04f59e07f4b809acc60493324af5ca4aa610153d,Apache-2.0,CSS中文校名与本校全称匹配。社区校徽字体索引，LICENSE为Apache-2.0，但README另有保留作者及禁止倒卖说明。只收链接，未镜像字体或校徽；使用前核对上游条款及校徽权利。,,,,,,,,
4123010213,哈尔滨工业大学,黑龙江省,community_history_reference,中国高校校史社区资料与可视化,https://github.com/jtchen2k/hcu,jtchen2k,False,community,未知,,社区项目；格式、工具及素材权利见上游说明,indexed_not_fetched,,https://github.com/jtchen2k/hcu/blob/8aeab521eb07d38a273318b8123caabf332e66e4/src/data/uni_info.json,,,8aeab521eb07d38a273318b8123caabf332e66e4,GPL-3.0,2022版社区校史项目；可作前身与沿革的检索起点，不等同现行官方口径。英文缩写不当作英文全名，占位描述不导入。只保存版本及入口，年份需结合校方历史起点解读。,,,,,,,,
4123010213,哈尔滨工业大学,黑龙江省,community_logo_source,哈尔滨工业大学社区TikZ矢量标识源码,https://github.com/yuxtech/cnlogo/blob/daca8906123ca61186218ddda7369f95cc65a664/cnlogo/hit.tex,yuxtech/cnlogo,False,community,TeX/TikZ,,社区项目；格式、工具及素材权利见上游说明,source_text_read,True,https://github.com/yuxtech/cnlogo/blob/daca8906123ca61186218ddda7369f95cc65a664/README.md,f937784ef36fd10ce51b73fec99c2128625a93948b6f40ba3d4c279880e4718f,yuxtech/cnlogo,daca8906123ca61186218ddda7369f95cc65a664,源代码声明AGPL-3.0；LICENSE将Logos/graphics排除在该许可之外,README与文件首行中文学校名均精确匹配教育部名称。源码为社区转换，需用户自行使用LaTeX/TikZ导出后用于PPT；本库没有编译或保证图形现行版本。代码许可不等于校徽图形许可；只保存固定版本源码入口、格式和内容哈希，不再分发代码或校徽。,,,,,,,,
4123010213,哈尔滨工业大学,黑龙江省,community_template,哈工大社区简约PPT模板,https://github.com/huyingjiao/HIT-PPT-Theme/tree/9e9b01db3e11e6e6265bb858c4705a1638614608,huyingjiao/HIT-PPT-Theme,False,community,PPTX,,社区项目；格式、工具及素材权利见上游说明,source_text_read,True,https://github.com/huyingjiao/HIT-PPT-Theme/blob/9e9b01db3e11e6e6265bb858c4705a1638614608/README.md,1ca07c619b828937c5d53a16748fbe2f528f2a51599e40ae9763c2016b74b7ce,huyingjiao/HIT-PPT-Theme,9e9b01db3e11e6e6265bb858c4705a1638614608,,GitHub项目描述明确用于哈尔滨工业大学组会汇报；README称哈工大简约主题。 已读取固定版本README并确认文件目录；PPTX文件结构的读取结果逐文件列出，未渲染幻灯片、未运行上游脚本或SKILL、未镜像模板/字体/校徽。许可未声明，仅索引入口，使用或再发布前查看上游和校方要求。,,,,,,,,
4123010213,哈尔滨工业大学,黑龙江省,community_template,哈工大ppt模板.pptx,https://github.com/huyingjiao/HIT-PPT-Theme/blob/9e9b01db3e11e6e6265bb858c4705a1638614608/%E5%93%88%E5%B7%A5%E5%A4%A7ppt%E6%A8%A1%E6%9D%BF.pptx,huyingjiao/HIT-PPT-Theme,False,community,PPTX,,社区项目；格式、工具及素材权利见上游说明,content_inspected,True,https://github.com/huyingjiao/HIT-PPT-Theme/blob/9e9b01db3e11e6e6265bb858c4705a1638614608/README.md,1ca07c619b828937c5d53a16748fbe2f528f2a51599e40ae9763c2016b74b7ce,huyingjiao/HIT-PPT-Theme,9e9b01db3e11e6e6265bb858c4705a1638614608,,GitHub项目描述明确用于哈尔滨工业大学组会汇报；README称哈工大简约主题。 已读取固定版本README并确认文件目录；PPTX文件结构的读取结果逐文件列出，未渲染幻灯片、未运行上游脚本或SKILL、未镜像模板/字体/校徽。许可未声明，仅索引入口，使用或再发布前查看上游和校方要求。,PPTX,759145b3ee91c1575c7acebffadb86c53f265a1116fae2c026913dfb6a5323f4,113724,7,16:9,Angsana New;Arial;Corbel;Cordia New;DaunPenh;DokChampa;Ebrima;Estrangelo Edessa;Euphemia;Gautami;Gill Sans MT;HGｺﾞｼｯｸE;Iskoola Pota;Javanese Text;Kalinga;Kartika;Latha;Leelawadee UI;MV Boli;Majalla UI;Mangal;Microsoft Himalaya;Microsoft JhengHei;Microsoft New Tai Lue;Microsoft Tai Le;Microsoft Uighur;Microsoft Yi Baiti;Mongolian Baiti;MoolBoran;Myanmar Text;Nirmala UI;Nyala;Phagspa;Plantagenet Cherokee;Raavi;Segoe UI;Shruti;Sylfaen;Tahoma;Times New Roman;Tunga;Vrinda;Wingdings;Wingdings 2;华文中宋;微軟正黑體;新細明體;游ゴシック;游ゴシック Light;等线;等线 Light;맑은 고딕;휴먼매직체,62,content_inspected
4123010213,哈尔滨工业大学,黑龙江省,community_template,哈工大ppt模板_new.pptx,https://github.com/huyingjiao/HIT-PPT-Theme/blob/9e9b01db3e11e6e6265bb858c4705a1638614608/%E5%93%88%E5%B7%A5%E5%A4%A7ppt%E6%A8%A1%E6%9D%BF_new.pptx,huyingjiao/HIT-PPT-Theme,False,community,PPTX,,社区项目；格式、工具及素材权利见上游说明,content_inspected,True,https://github.com/huyingjiao/HIT-PPT-Theme/blob/9e9b01db3e11e6e6265bb858c4705a1638614608/README.md,1ca07c619b828937c5d53a16748fbe2f528f2a51599e40ae9763c2016b74b7ce,huyingjiao/HIT-PPT-Theme,9e9b01db3e11e6e6265bb858c4705a1638614608,,GitHub项目描述明确用于哈尔滨工业大学组会汇报；README称哈工大简约主题。 已读取固定版本README并确认文件目录；PPTX文件结构的读取结果逐文件列出，未渲染幻灯片、未运行上游脚本或SKILL、未镜像模板/字体/校徽。许可未声明，仅索引入口，使用或再发布前查看上游和校方要求。,PPTX,0b8d8bf605e10eb42d9fad8211fcedc4ca2046d2103a2c93dcc0372e3158807d,291328,4,16:9,Angsana New;Arial;Corbel;Cordia New;DaunPenh;DokChampa;Ebrima;Estrangelo Edessa;Euphemia;Gautami;Gill Sans MT;HGｺﾞｼｯｸE;Iskoola Pota;Javanese Text;Kalinga;Kartika;Latha;Leelawadee UI;MV Boli;Majalla UI;Mangal;Microsoft Himalaya;Microsoft JhengHei;Microsoft New Tai Lue;Microsoft Tai Le;Microsoft Uighur;Microsoft Yi Baiti;Mongolian Baiti;MoolBoran;Myanmar Text;Nirmala UI;Nyala;Phagspa;Plantagenet Cherokee;Raavi;Segoe UI;Shruti;Sylfaen;Tahoma;Times New Roman;Tunga;Vrinda;Wingdings;Wingdings 2;华文中宋;微軟正黑體;新細明體;游ゴシック;游ゴシック Light;等线;等线 Light;맑은 고딕;휴먼매직체,27,content_inspected
4123010214,哈尔滨理工大学,黑龙江省,community_logo_reference,社区高校校徽字体索引,https://github.com/lovefc/china_school_badge,lovefc,False,community,未知,,社区项目；格式、工具及素材权利见上游说明,indexed_not_fetched,,https://github.com/lovefc/china_school_badge/blob/04f59e07f4b809acc60493324af5ca4aa610153d/css/fcicon.css,,,04f59e07f4b809acc60493324af5ca4aa610153d,Apache-2.0,CSS中文校名与本校全称匹配。社区校徽字体索引，LICENSE为Apache-2.0，但README另有保留作者及禁止倒卖说明。只收链接，未镜像字体或校徽；使用前核对上游条款及校徽权利。,,,,,,,,
4123010217,哈尔滨工程大学,黑龙江省,community_template,College Beamer社区高校主题集合,https://github.com/liu-qilong/college-beamer,liu-qilong,False,community,LaTeX/Beamer,,社区项目；格式、工具及素材权利见上游说明,indexed_not_fetched,,https://github.com/liu-qilong/college-beamer/blob/b70b18b39752ff327506b5cf012b5011a4e82bd9/README.md,,,b70b18b39752ff327506b5cf012b5011a4e82bd9,CC-BY-4.0,README列出本校主题选项；社区LaTeX/Beamer资源，非PPTX或校方发布。仓库收链接与版本，使用前查阅许可和校徽权利。,,,,,,,,
4123010217,哈尔滨工程大学,黑龙江省,community_history_reference,中国高校校史社区资料与可视化,https://github.com/jtchen2k/hcu,jtchen2k,False,community,未知,,社区项目；格式、工具及素材权利见上游说明,indexed_not_fetched,,https://github.com/jtchen2k/hcu/blob/8aeab521eb07d38a273318b8123caabf332e66e4/src/data/uni_info.json,,,8aeab521eb07d38a273318b8123caabf332e66e4,GPL-3.0,2022版社区校史项目；可作前身与沿革的检索起点，不等同现行官方口径。英文缩写不当作英文全名，占位描述不导入。只保存版本及入口，年份需结合校方历史起点解读。,,,,,,,,
4123010224,东北农业大学,黑龙江省,community_history_reference,中国高校校史社区资料与可视化,https://github.com/jtchen2k/hcu,jtchen2k,False,community,未知,,社区项目；格式、工具及素材权利见上游说明,indexed_not_fetched,,https://github.com/jtchen2k/hcu/blob/8aeab521eb07d38a273318b8123caabf332e66e4/src/data/uni_info.json,,,8aeab521eb07d38a273318b8123caabf332e66e4,GPL-3.0,2022版社区校史项目；可作前身与沿革的检索起点，不等同现行官方口径。英文缩写不当作英文全名，占位描述不导入。只保存版本及入口，年份需结合校方历史起点解读。,,,,,,,,
4123010225,东北林业大学,黑龙江省,community_logo_reference,社区高校校徽字体索引,https://github.com/lovefc/china_school_badge,lovefc,False,community,未知,,社区项目；格式、工具及素材权利见上游说明,indexed_not_fetched,,https://github.com/lovefc/china_school_badge/blob/04f59e07f4b809acc60493324af5ca4aa610153d/css/fcicon.css,,,04f59e07f4b809acc60493324af5ca4aa610153d,Apache-2.0,CSS中文校名与本校全称匹配。社区校徽字体索引，LICENSE为Apache-2.0，但README另有保留作者及禁止倒卖说明。只收链接，未镜像字体或校徽；使用前核对上游条款及校徽权利。,,,,,,,,
4123010225,东北林业大学,黑龙江省,community_history_reference,中国高校校史社区资料与可视化,https://github.com/jtchen2k/hcu,jtchen2k,False,community,未知,,社区项目；格式、工具及素材权利见上游说明,indexed_not_fetched,,https://github.com/jtchen2k/hcu/blob/8aeab521eb07d38a273318b8123caabf332e66e4/src/data/uni_info.json,,,8aeab521eb07d38a273318b8123caabf332e66e4,GPL-3.0,2022版社区校史项目；可作前身与沿革的检索起点，不等同现行官方口径。英文缩写不当作英文全名，占位描述不导入。只保存版本及入口，年份需结合校方历史起点解读。,,,,,,,,
4123010226,哈尔滨医科大学,黑龙江省,community_logo_reference,社区高校校徽字体索引,https://github.com/lovefc/china_school_badge,lovefc,False,community,未知,,社区项目；格式、工具及素材权利见上游说明,indexed_not_fetched,,https://github.com/lovefc/china_school_badge/blob/04f59e07f4b809acc60493324af5ca4aa610153d/css/fcicon.css,,,04f59e07f4b809acc60493324af5ca4aa610153d,Apache-2.0,CSS中文校名与本校全称匹配。社区校徽字体索引，LICENSE为Apache-2.0，但README另有保留作者及禁止倒卖说明。只收链接，未镜像字体或校徽；使用前核对上游条款及校徽权利。,,,,,,,,
4123010231,哈尔滨师范大学,黑龙江省,community_logo_reference,社区高校校徽字体索引,https://github.com/lovefc/china_school_badge,lovefc,False,community,未知,,社区项目；格式、工具及素材权利见上游说明,indexed_not_fetched,,https://github.com/lovefc/china_school_badge/blob/04f59e07f4b809acc60493324af5ca4aa610153d/css/fcicon.css,,,04f59e07f4b809acc60493324af5ca4aa610153d,Apache-2.0,CSS中文校名与本校全称匹配。社区校徽字体索引，LICENSE为Apache-2.0，但README另有保留作者及禁止倒卖说明。只收链接，未镜像字体或校徽；使用前核对上游条款及校徽权利。,,,,,,,,
4123013307,哈尔滨华德学院,黑龙江省,official_template,哈尔滨华德学院官网视觉资源页 PPT模板发布/下载页,https://www.hhdu.edu.cn/xxgk/bsxt.htm,哈尔滨华德学院官网视觉资源页,True,school,HTML,,校方公开HTML页已读取；页面内附件或外部下载目标另行索引,page_read,True,https://www.hhdu.edu.cn/xxgk/bsxt.htm,e7e0ddeb2f81ae8ae9b3f9f8b6f36f9967bb800d829d3f04c3f9df47febd5161,,,,发布范围：学校通用；按发布页说明使用。,,,,,,,,
4123013307,哈尔滨华德学院,黑龙江省,official_template,哈尔滨华德学院PPT模版下载,https://www.hhdu.edu.cn/info/1648/4436.htm,哈尔滨华德学院官网视觉资源页,True,school,HTML,,已读取校方发布页；附件目标尚未读取，格式按原链接文件名，动态端点或网盘可能需要登录/提取码,page_read,True,https://www.hhdu.edu.cn/xxgk/bsxt.htm,e7e0ddeb2f81ae8ae9b3f9f8b6f36f9967bb800d829d3f04c3f9df47febd5161,,,,发布范围：学校通用。仅索引入口；未编译、未打开模板，不保证当前可下载或模板中字体与图形的独立授权。,,,,,,,,target_page_read
