school_code,name_zh,subject,grade,availability,candidates,round,assessment_year,publisher,completeness,source
4131010246,复旦大学,哲学,A+,found,,4,2017,教育部学位与研究生教育发展中心,upstream_selection,https://github.com/Magicdover/China-Universities-2026/blob/419bdc7ce6956fc88c2b70b3979f170b6666f111/data/universities.js
4131010246,复旦大学,理论经济学,A+,found,,4,2017,教育部学位与研究生教育发展中心,upstream_selection,https://github.com/Magicdover/China-Universities-2026/blob/419bdc7ce6956fc88c2b70b3979f170b6666f111/data/universities.js
4131010246,复旦大学,中国语言文学,A+,found,,4,2017,教育部学位与研究生教育发展中心,upstream_selection,https://github.com/Magicdover/China-Universities-2026/blob/419bdc7ce6956fc88c2b70b3979f170b6666f111/data/universities.js
4131010246,复旦大学,数学,A+,found,,4,2017,教育部学位与研究生教育发展中心,upstream_selection,https://github.com/Magicdover/China-Universities-2026/blob/419bdc7ce6956fc88c2b70b3979f170b6666f111/data/universities.js
4131010246,复旦大学,基础医学,A+,found,,4,2017,教育部学位与研究生教育发展中心,upstream_selection,https://github.com/Magicdover/China-Universities-2026/blob/419bdc7ce6956fc88c2b70b3979f170b6666f111/data/universities.js
4131010246,复旦大学,政治学,A,found,,4,2017,教育部学位与研究生教育发展中心,upstream_selection,https://github.com/Magicdover/China-Universities-2026/blob/419bdc7ce6956fc88c2b70b3979f170b6666f111/data/universities.js
4131010246,复旦大学,马克思主义理论,A,found,,4,2017,教育部学位与研究生教育发展中心,upstream_selection,https://github.com/Magicdover/China-Universities-2026/blob/419bdc7ce6956fc88c2b70b3979f170b6666f111/data/universities.js
4131010246,复旦大学,外国语言文学,A,found,,4,2017,教育部学位与研究生教育发展中心,upstream_selection,https://github.com/Magicdover/China-Universities-2026/blob/419bdc7ce6956fc88c2b70b3979f170b6666f111/data/universities.js
4131010246,复旦大学,物理学,A,found,,4,2017,教育部学位与研究生教育发展中心,upstream_selection,https://github.com/Magicdover/China-Universities-2026/blob/419bdc7ce6956fc88c2b70b3979f170b6666f111/data/universities.js
4131010246,复旦大学,化学,A,found,,4,2017,教育部学位与研究生教育发展中心,upstream_selection,https://github.com/Magicdover/China-Universities-2026/blob/419bdc7ce6956fc88c2b70b3979f170b6666f111/data/universities.js
4131010246,复旦大学,新闻传播学,A,found,,4,2017,教育部学位与研究生教育发展中心,upstream_selection,https://github.com/Magicdover/China-Universities-2026/blob/419bdc7ce6956fc88c2b70b3979f170b6666f111/data/universities.js
4131010246,复旦大学,临床医学,A,found,,4,2017,教育部学位与研究生教育发展中心,upstream_selection,https://github.com/Magicdover/China-Universities-2026/blob/419bdc7ce6956fc88c2b70b3979f170b6666f111/data/universities.js
4131010246,复旦大学,中西医结合,A,found,,4,2017,教育部学位与研究生教育发展中心,upstream_selection,https://github.com/Magicdover/China-Universities-2026/blob/419bdc7ce6956fc88c2b70b3979f170b6666f111/data/universities.js
4131010246,复旦大学,公共卫生与预防医学,A,found,,4,2017,教育部学位与研究生教育发展中心,upstream_selection,https://github.com/Magicdover/China-Universities-2026/blob/419bdc7ce6956fc88c2b70b3979f170b6666f111/data/universities.js
4131010246,复旦大学,社会学,A-,found,,4,2017,教育部学位与研究生教育发展中心,upstream_selection,https://github.com/Magicdover/China-Universities-2026/blob/419bdc7ce6956fc88c2b70b3979f170b6666f111/data/universities.js
4131010246,复旦大学,中国史,A-,found,,4,2017,教育部学位与研究生教育发展中心,upstream_selection,https://github.com/Magicdover/China-Universities-2026/blob/419bdc7ce6956fc88c2b70b3979f170b6666f111/data/universities.js
4131010246,复旦大学,生物学,A-,found,,4,2017,教育部学位与研究生教育发展中心,upstream_selection,https://github.com/Magicdover/China-Universities-2026/blob/419bdc7ce6956fc88c2b70b3979f170b6666f111/data/universities.js
4131010246,复旦大学,统计学,A-,found,,4,2017,教育部学位与研究生教育发展中心,upstream_selection,https://github.com/Magicdover/China-Universities-2026/blob/419bdc7ce6956fc88c2b70b3979f170b6666f111/data/universities.js
4131010246,复旦大学,电子科学与技术,A-,found,,4,2017,教育部学位与研究生教育发展中心,upstream_selection,https://github.com/Magicdover/China-Universities-2026/blob/419bdc7ce6956fc88c2b70b3979f170b6666f111/data/universities.js
4131010246,复旦大学,药学,A-,found,,4,2017,教育部学位与研究生教育发展中心,upstream_selection,https://github.com/Magicdover/China-Universities-2026/blob/419bdc7ce6956fc88c2b70b3979f170b6666f111/data/universities.js
4131010246,复旦大学,管理科学与工程,A-,found,,4,2017,教育部学位与研究生教育发展中心,upstream_selection,https://github.com/Magicdover/China-Universities-2026/blob/419bdc7ce6956fc88c2b70b3979f170b6666f111/data/universities.js
4131010246,复旦大学,工商管理,A-,found,,4,2017,教育部学位与研究生教育发展中心,upstream_selection,https://github.com/Magicdover/China-Universities-2026/blob/419bdc7ce6956fc88c2b70b3979f170b6666f111/data/universities.js
4131010247,同济大学,建筑学,A+,found,,4,2017,教育部学位与研究生教育发展中心,upstream_selection,https://github.com/Magicdover/China-Universities-2026/blob/419bdc7ce6956fc88c2b70b3979f170b6666f111/data/universities.js
4131010247,同济大学,土木工程,A+,found,,4,2017,教育部学位与研究生教育发展中心,upstream_selection,https://github.com/Magicdover/China-Universities-2026/blob/419bdc7ce6956fc88c2b70b3979f170b6666f111/data/universities.js
4131010247,同济大学,城乡规划学,A+,found,,4,2017,教育部学位与研究生教育发展中心,upstream_selection,https://github.com/Magicdover/China-Universities-2026/blob/419bdc7ce6956fc88c2b70b3979f170b6666f111/data/universities.js
4131010247,同济大学,风景园林学,A+,found,,4,2017,教育部学位与研究生教育发展中心,upstream_selection,https://github.com/Magicdover/China-Universities-2026/blob/419bdc7ce6956fc88c2b70b3979f170b6666f111/data/universities.js
4131010247,同济大学,环境科学与工程,A+,found,,4,2017,教育部学位与研究生教育发展中心,upstream_selection,https://github.com/Magicdover/China-Universities-2026/blob/419bdc7ce6956fc88c2b70b3979f170b6666f111/data/universities.js
4131010247,同济大学,测绘科学与技术,A+,found,,4,2017,教育部学位与研究生教育发展中心,upstream_selection,https://github.com/Magicdover/China-Universities-2026/blob/419bdc7ce6956fc88c2b70b3979f170b6666f111/data/universities.js
4131010247,同济大学,交通运输工程,A,found,,4,2017,教育部学位与研究生教育发展中心,upstream_selection,https://github.com/Magicdover/China-Universities-2026/blob/419bdc7ce6956fc88c2b70b3979f170b6666f111/data/universities.js
4131010247,同济大学,管理科学与工程,A,found,,4,2017,教育部学位与研究生教育发展中心,upstream_selection,https://github.com/Magicdover/China-Universities-2026/blob/419bdc7ce6956fc88c2b70b3979f170b6666f111/data/universities.js
4131010247,同济大学,设计学,A,found,,4,2017,教育部学位与研究生教育发展中心,upstream_selection,https://github.com/Magicdover/China-Universities-2026/blob/419bdc7ce6956fc88c2b70b3979f170b6666f111/data/universities.js
4131010247,同济大学,马克思主义理论,A-,found,,4,2017,教育部学位与研究生教育发展中心,upstream_selection,https://github.com/Magicdover/China-Universities-2026/blob/419bdc7ce6956fc88c2b70b3979f170b6666f111/data/universities.js
4131010247,同济大学,机械工程,A-,found,,4,2017,教育部学位与研究生教育发展中心,upstream_selection,https://github.com/Magicdover/China-Universities-2026/blob/419bdc7ce6956fc88c2b70b3979f170b6666f111/data/universities.js
4131010247,同济大学,控制科学与工程,A-,found,,4,2017,教育部学位与研究生教育发展中心,upstream_selection,https://github.com/Magicdover/China-Universities-2026/blob/419bdc7ce6956fc88c2b70b3979f170b6666f111/data/universities.js
4131010247,同济大学,计算机科学与技术,A-,found,,4,2017,教育部学位与研究生教育发展中心,upstream_selection,https://github.com/Magicdover/China-Universities-2026/blob/419bdc7ce6956fc88c2b70b3979f170b6666f111/data/universities.js
4131010247,同济大学,软件工程,A-,found,,4,2017,教育部学位与研究生教育发展中心,upstream_selection,https://github.com/Magicdover/China-Universities-2026/blob/419bdc7ce6956fc88c2b70b3979f170b6666f111/data/universities.js
4131010247,同济大学,海洋科学,A-,found,,4,2017,教育部学位与研究生教育发展中心,upstream_selection,https://github.com/Magicdover/China-Universities-2026/blob/419bdc7ce6956fc88c2b70b3979f170b6666f111/data/universities.js
4131010248,上海交通大学,船舶与海洋工程,A+,found,,4,2017,教育部学位与研究生教育发展中心,upstream_selection,https://github.com/Magicdover/China-Universities-2026/blob/419bdc7ce6956fc88c2b70b3979f170b6666f111/data/universities.js
4131010248,上海交通大学,生物学,A+,found,,4,2017,教育部学位与研究生教育发展中心,upstream_selection,https://github.com/Magicdover/China-Universities-2026/blob/419bdc7ce6956fc88c2b70b3979f170b6666f111/data/universities.js
4131010248,上海交通大学,机械工程,A+,found,,4,2017,教育部学位与研究生教育发展中心,upstream_selection,https://github.com/Magicdover/China-Universities-2026/blob/419bdc7ce6956fc88c2b70b3979f170b6666f111/data/universities.js
4131010248,上海交通大学,数学,A,found,,4,2017,教育部学位与研究生教育发展中心,upstream_selection,https://github.com/Magicdover/China-Universities-2026/blob/419bdc7ce6956fc88c2b70b3979f170b6666f111/data/universities.js
4131010248,上海交通大学,材料科学与工程,A,found,,4,2017,教育部学位与研究生教育发展中心,upstream_selection,https://github.com/Magicdover/China-Universities-2026/blob/419bdc7ce6956fc88c2b70b3979f170b6666f111/data/universities.js
4131010248,上海交通大学,信息与通信工程,A,found,,4,2017,教育部学位与研究生教育发展中心,upstream_selection,https://github.com/Magicdover/China-Universities-2026/blob/419bdc7ce6956fc88c2b70b3979f170b6666f111/data/universities.js
4131010248,上海交通大学,控制科学与工程,A,found,,4,2017,教育部学位与研究生教育发展中心,upstream_selection,https://github.com/Magicdover/China-Universities-2026/blob/419bdc7ce6956fc88c2b70b3979f170b6666f111/data/universities.js
4131010248,上海交通大学,计算机科学与技术,A,found,,4,2017,教育部学位与研究生教育发展中心,upstream_selection,https://github.com/Magicdover/China-Universities-2026/blob/419bdc7ce6956fc88c2b70b3979f170b6666f111/data/universities.js
4131010248,上海交通大学,临床医学,A,found,,4,2017,教育部学位与研究生教育发展中心,upstream_selection,https://github.com/Magicdover/China-Universities-2026/blob/419bdc7ce6956fc88c2b70b3979f170b6666f111/data/universities.js
4131010248,上海交通大学,口腔医学,A,found,,4,2017,教育部学位与研究生教育发展中心,upstream_selection,https://github.com/Magicdover/China-Universities-2026/blob/419bdc7ce6956fc88c2b70b3979f170b6666f111/data/universities.js
4131010248,上海交通大学,工商管理,A,found,,4,2017,教育部学位与研究生教育发展中心,upstream_selection,https://github.com/Magicdover/China-Universities-2026/blob/419bdc7ce6956fc88c2b70b3979f170b6666f111/data/universities.js
4131010248,上海交通大学,药学,A,found,,4,2017,教育部学位与研究生教育发展中心,upstream_selection,https://github.com/Magicdover/China-Universities-2026/blob/419bdc7ce6956fc88c2b70b3979f170b6666f111/data/universities.js
4131010248,上海交通大学,电气工程,A-,found,,4,2017,教育部学位与研究生教育发展中心,upstream_selection,https://github.com/Magicdover/China-Universities-2026/blob/419bdc7ce6956fc88c2b70b3979f170b6666f111/data/universities.js
4131010248,上海交通大学,土木工程,A-,found,,4,2017,教育部学位与研究生教育发展中心,upstream_selection,https://github.com/Magicdover/China-Universities-2026/blob/419bdc7ce6956fc88c2b70b3979f170b6666f111/data/universities.js
4131010248,上海交通大学,环境科学与工程,A-,found,,4,2017,教育部学位与研究生教育发展中心,upstream_selection,https://github.com/Magicdover/China-Universities-2026/blob/419bdc7ce6956fc88c2b70b3979f170b6666f111/data/universities.js
4131010248,上海交通大学,生物医学工程,A-,found,,4,2017,教育部学位与研究生教育发展中心,upstream_selection,https://github.com/Magicdover/China-Universities-2026/blob/419bdc7ce6956fc88c2b70b3979f170b6666f111/data/universities.js
4131010248,上海交通大学,管理科学与工程,A-,found,,4,2017,教育部学位与研究生教育发展中心,upstream_selection,https://github.com/Magicdover/China-Universities-2026/blob/419bdc7ce6956fc88c2b70b3979f170b6666f111/data/universities.js
4131010248,上海交通大学,基础医学,A-,found,,4,2017,教育部学位与研究生教育发展中心,upstream_selection,https://github.com/Magicdover/China-Universities-2026/blob/419bdc7ce6956fc88c2b70b3979f170b6666f111/data/universities.js
4131010251,华东理工大学,化学工程与技术,A+,found,,4,2017,教育部学位与研究生教育发展中心,upstream_selection,https://github.com/Magicdover/China-Universities-2026/blob/419bdc7ce6956fc88c2b70b3979f170b6666f111/data/uni-211.js
4131010251,华东理工大学,材料科学与工程,A-,found,,4,2017,教育部学位与研究生教育发展中心,upstream_selection,https://github.com/Magicdover/China-Universities-2026/blob/419bdc7ce6956fc88c2b70b3979f170b6666f111/data/uni-211.js
4131010251,华东理工大学,控制科学与工程,A-,found,,4,2017,教育部学位与研究生教育发展中心,upstream_selection,https://github.com/Magicdover/China-Universities-2026/blob/419bdc7ce6956fc88c2b70b3979f170b6666f111/data/uni-211.js
4131010251,华东理工大学,化学,A-,found,,4,2017,教育部学位与研究生教育发展中心,upstream_selection,https://github.com/Magicdover/China-Universities-2026/blob/419bdc7ce6956fc88c2b70b3979f170b6666f111/data/uni-211.js
4131010255,东华大学,纺织科学与工程,A+,found,,4,2017,教育部学位与研究生教育发展中心,upstream_selection,https://github.com/Magicdover/China-Universities-2026/blob/419bdc7ce6956fc88c2b70b3979f170b6666f111/data/uni-211.js
4131010255,东华大学,材料科学与工程,A-,found,,4,2017,教育部学位与研究生教育发展中心,upstream_selection,https://github.com/Magicdover/China-Universities-2026/blob/419bdc7ce6956fc88c2b70b3979f170b6666f111/data/uni-211.js
4131010255,东华大学,设计学,A-,found,,4,2017,教育部学位与研究生教育发展中心,upstream_selection,https://github.com/Magicdover/China-Universities-2026/blob/419bdc7ce6956fc88c2b70b3979f170b6666f111/data/uni-211.js
4131010268,上海中医药大学,中药学,A-,found,,4,2017,教育部学位与研究生教育发展中心,upstream_selection,https://github.com/Magicdover/China-Universities-2026/blob/419bdc7ce6956fc88c2b70b3979f170b6666f111/data/uni-extra.js
4131010268,上海中医药大学,中西医结合,A-,found,,4,2017,教育部学位与研究生教育发展中心,upstream_selection,https://github.com/Magicdover/China-Universities-2026/blob/419bdc7ce6956fc88c2b70b3979f170b6666f111/data/uni-extra.js
4131010268,上海中医药大学,中医学,A-,found,,4,2017,教育部学位与研究生教育发展中心,upstream_selection,https://github.com/Magicdover/China-Universities-2026/blob/419bdc7ce6956fc88c2b70b3979f170b6666f111/data/uni-extra.js
4131010269,华东师范大学,教育学,A+,found,,4,2017,教育部学位与研究生教育发展中心,upstream_selection,https://github.com/Magicdover/China-Universities-2026/blob/419bdc7ce6956fc88c2b70b3979f170b6666f111/data/universities.js
4131010269,华东师范大学,世界史,A+,found,,4,2017,教育部学位与研究生教育发展中心,upstream_selection,https://github.com/Magicdover/China-Universities-2026/blob/419bdc7ce6956fc88c2b70b3979f170b6666f111/data/universities.js
4131010269,华东师范大学,地理学,A,found,,4,2017,教育部学位与研究生教育发展中心,upstream_selection,https://github.com/Magicdover/China-Universities-2026/blob/419bdc7ce6956fc88c2b70b3979f170b6666f111/data/universities.js
4131010269,华东师范大学,统计学,A,found,,4,2017,教育部学位与研究生教育发展中心,upstream_selection,https://github.com/Magicdover/China-Universities-2026/blob/419bdc7ce6956fc88c2b70b3979f170b6666f111/data/universities.js
4131010269,华东师范大学,生态学,A,found,,4,2017,教育部学位与研究生教育发展中心,upstream_selection,https://github.com/Magicdover/China-Universities-2026/blob/419bdc7ce6956fc88c2b70b3979f170b6666f111/data/universities.js
4131010269,华东师范大学,软件工程,A,found,,4,2017,教育部学位与研究生教育发展中心,upstream_selection,https://github.com/Magicdover/China-Universities-2026/blob/419bdc7ce6956fc88c2b70b3979f170b6666f111/data/universities.js
4131010269,华东师范大学,马克思主义理论,A-,found,,4,2017,教育部学位与研究生教育发展中心,upstream_selection,https://github.com/Magicdover/China-Universities-2026/blob/419bdc7ce6956fc88c2b70b3979f170b6666f111/data/universities.js
4131010269,华东师范大学,中国语言文学,A-,found,,4,2017,教育部学位与研究生教育发展中心,upstream_selection,https://github.com/Magicdover/China-Universities-2026/blob/419bdc7ce6956fc88c2b70b3979f170b6666f111/data/universities.js
4131010269,华东师范大学,数学,A-,found,,4,2017,教育部学位与研究生教育发展中心,upstream_selection,https://github.com/Magicdover/China-Universities-2026/blob/419bdc7ce6956fc88c2b70b3979f170b6666f111/data/universities.js
4131010269,华东师范大学,心理学,A-,found,,4,2017,教育部学位与研究生教育发展中心,upstream_selection,https://github.com/Magicdover/China-Universities-2026/blob/419bdc7ce6956fc88c2b70b3979f170b6666f111/data/universities.js
4131010269,华东师范大学,体育学,A-,found,,4,2017,教育部学位与研究生教育发展中心,upstream_selection,https://github.com/Magicdover/China-Universities-2026/blob/419bdc7ce6956fc88c2b70b3979f170b6666f111/data/universities.js
4131010271,上海外国语大学,外国语言文学,A,found,,4,2017,教育部学位与研究生教育发展中心,upstream_selection,https://github.com/Magicdover/China-Universities-2026/blob/419bdc7ce6956fc88c2b70b3979f170b6666f111/data/uni-special.js
4131010272,上海财经大学,应用经济学,A,found,,4,2017,教育部学位与研究生教育发展中心,upstream_selection,https://github.com/Magicdover/China-Universities-2026/blob/419bdc7ce6956fc88c2b70b3979f170b6666f111/data/uni-special.js
4131010272,上海财经大学,统计学,A-,found,,4,2017,教育部学位与研究生教育发展中心,upstream_selection,https://github.com/Magicdover/China-Universities-2026/blob/419bdc7ce6956fc88c2b70b3979f170b6666f111/data/uni-special.js
4131010272,上海财经大学,工商管理,A-,found,,4,2017,教育部学位与研究生教育发展中心,upstream_selection,https://github.com/Magicdover/China-Universities-2026/blob/419bdc7ce6956fc88c2b70b3979f170b6666f111/data/uni-special.js
4131010272,上海财经大学,理论经济学,A-,found,,4,2017,教育部学位与研究生教育发展中心,upstream_selection,https://github.com/Magicdover/China-Universities-2026/blob/419bdc7ce6956fc88c2b70b3979f170b6666f111/data/uni-special.js
4131010276,华东政法大学,法学,A,found,,4,2017,教育部学位与研究生教育发展中心,upstream_selection,https://github.com/Magicdover/China-Universities-2026/blob/419bdc7ce6956fc88c2b70b3979f170b6666f111/data/uni-special.js
4131010277,上海体育大学,体育学,A-,found,,4,2017,教育部学位与研究生教育发展中心,upstream_selection,https://github.com/Magicdover/China-Universities-2026/blob/419bdc7ce6956fc88c2b70b3979f170b6666f111/data/uni-extra.js
4131010278,上海音乐学院,音乐与舞蹈学,A,found,,4,2017,教育部学位与研究生教育发展中心,upstream_selection,https://github.com/Magicdover/China-Universities-2026/blob/419bdc7ce6956fc88c2b70b3979f170b6666f111/data/uni-extra.js
4131010279,上海戏剧学院,戏剧与影视学,A,found,,4,2017,教育部学位与研究生教育发展中心,upstream_selection,https://github.com/Magicdover/China-Universities-2026/blob/419bdc7ce6956fc88c2b70b3979f170b6666f111/data/uni-extra2.js
4131010280,上海大学,社会学,A-,found,,4,2017,教育部学位与研究生教育发展中心,upstream_selection,https://github.com/Magicdover/China-Universities-2026/blob/419bdc7ce6956fc88c2b70b3979f170b6666f111/data/uni-211.js
4131010280,上海大学,美术学,A-,found,,4,2017,教育部学位与研究生教育发展中心,upstream_selection,https://github.com/Magicdover/China-Universities-2026/blob/419bdc7ce6956fc88c2b70b3979f170b6666f111/data/uni-211.js
4131010280,上海大学,机械工程,A-,found,,4,2017,教育部学位与研究生教育发展中心,upstream_selection,https://github.com/Magicdover/China-Universities-2026/blob/419bdc7ce6956fc88c2b70b3979f170b6666f111/data/uni-211.js
4153010673,云南大学,民族学,A-,found,,4,2017,教育部学位与研究生教育发展中心,upstream_selection,https://github.com/Magicdover/China-Universities-2026/blob/419bdc7ce6956fc88c2b70b3979f170b6666f111/data/uni-211.js
4153010673,云南大学,生态学,A-,found,,4,2017,教育部学位与研究生教育发展中心,upstream_selection,https://github.com/Magicdover/China-Universities-2026/blob/419bdc7ce6956fc88c2b70b3979f170b6666f111/data/uni-211.js
4115010126,内蒙古大学,生物学,A-,found,,4,2017,教育部学位与研究生教育发展中心,upstream_selection,https://github.com/Magicdover/China-Universities-2026/blob/419bdc7ce6956fc88c2b70b3979f170b6666f111/data/uni-211.js
4115010126,内蒙古大学,民族学,A-,found,,4,2017,教育部学位与研究生教育发展中心,upstream_selection,https://github.com/Magicdover/China-Universities-2026/blob/419bdc7ce6956fc88c2b70b3979f170b6666f111/data/uni-211.js
4111010001,北京大学,哲学,A+,found,,4,2017,教育部学位与研究生教育发展中心,upstream_selection,https://github.com/Magicdover/China-Universities-2026/blob/419bdc7ce6956fc88c2b70b3979f170b6666f111/data/universities.js
4111010001,北京大学,理论经济学,A+,found,,4,2017,教育部学位与研究生教育发展中心,upstream_selection,https://github.com/Magicdover/China-Universities-2026/blob/419bdc7ce6956fc88c2b70b3979f170b6666f111/data/universities.js
4111010001,北京大学,政治学,A+,found,,4,2017,教育部学位与研究生教育发展中心,upstream_selection,https://github.com/Magicdover/China-Universities-2026/blob/419bdc7ce6956fc88c2b70b3979f170b6666f111/data/universities.js
4111010001,北京大学,社会学,A+,found,,4,2017,教育部学位与研究生教育发展中心,upstream_selection,https://github.com/Magicdover/China-Universities-2026/blob/419bdc7ce6956fc88c2b70b3979f170b6666f111/data/universities.js
4111010001,北京大学,马克思主义理论,A+,found,,4,2017,教育部学位与研究生教育发展中心,upstream_selection,https://github.com/Magicdover/China-Universities-2026/blob/419bdc7ce6956fc88c2b70b3979f170b6666f111/data/universities.js
4111010001,北京大学,中国语言文学,A+,found,,4,2017,教育部学位与研究生教育发展中心,upstream_selection,https://github.com/Magicdover/China-Universities-2026/blob/419bdc7ce6956fc88c2b70b3979f170b6666f111/data/universities.js
4111010001,北京大学,数学,A+,found,,4,2017,教育部学位与研究生教育发展中心,upstream_selection,https://github.com/Magicdover/China-Universities-2026/blob/419bdc7ce6956fc88c2b70b3979f170b6666f111/data/universities.js
4111010001,北京大学,物理学,A+,found,,4,2017,教育部学位与研究生教育发展中心,upstream_selection,https://github.com/Magicdover/China-Universities-2026/blob/419bdc7ce6956fc88c2b70b3979f170b6666f111/data/universities.js
4111010001,北京大学,化学,A+,found,,4,2017,教育部学位与研究生教育发展中心,upstream_selection,https://github.com/Magicdover/China-Universities-2026/blob/419bdc7ce6956fc88c2b70b3979f170b6666f111/data/universities.js
4111010001,北京大学,地理学,A+,found,,4,2017,教育部学位与研究生教育发展中心,upstream_selection,https://github.com/Magicdover/China-Universities-2026/blob/419bdc7ce6956fc88c2b70b3979f170b6666f111/data/universities.js
4111010001,北京大学,地球物理学,A+,found,,4,2017,教育部学位与研究生教育发展中心,upstream_selection,https://github.com/Magicdover/China-Universities-2026/blob/419bdc7ce6956fc88c2b70b3979f170b6666f111/data/universities.js
4111010001,北京大学,生物学,A+,found,,4,2017,教育部学位与研究生教育发展中心,upstream_selection,https://github.com/Magicdover/China-Universities-2026/blob/419bdc7ce6956fc88c2b70b3979f170b6666f111/data/universities.js
4111010001,北京大学,基础医学,A+,found,,4,2017,教育部学位与研究生教育发展中心,upstream_selection,https://github.com/Magicdover/China-Universities-2026/blob/419bdc7ce6956fc88c2b70b3979f170b6666f111/data/universities.js
4111010001,北京大学,口腔医学,A+,found,,4,2017,教育部学位与研究生教育发展中心,upstream_selection,https://github.com/Magicdover/China-Universities-2026/blob/419bdc7ce6956fc88c2b70b3979f170b6666f111/data/universities.js
4111010001,北京大学,护理学,A+,found,,4,2017,教育部学位与研究生教育发展中心,upstream_selection,https://github.com/Magicdover/China-Universities-2026/blob/419bdc7ce6956fc88c2b70b3979f170b6666f111/data/universities.js
4111010001,北京大学,药学,A+,found,,4,2017,教育部学位与研究生教育发展中心,upstream_selection,https://github.com/Magicdover/China-Universities-2026/blob/419bdc7ce6956fc88c2b70b3979f170b6666f111/data/universities.js
4111010001,北京大学,应用经济学,A,found,,4,2017,教育部学位与研究生教育发展中心,upstream_selection,https://github.com/Magicdover/China-Universities-2026/blob/419bdc7ce6956fc88c2b70b3979f170b6666f111/data/universities.js
4111010001,北京大学,法学,A,found,,4,2017,教育部学位与研究生教育发展中心,upstream_selection,https://github.com/Magicdover/China-Universities-2026/blob/419bdc7ce6956fc88c2b70b3979f170b6666f111/data/universities.js
4111010001,北京大学,外国语言文学,A,found,,4,2017,教育部学位与研究生教育发展中心,upstream_selection,https://github.com/Magicdover/China-Universities-2026/blob/419bdc7ce6956fc88c2b70b3979f170b6666f111/data/universities.js
4111010001,北京大学,世界史,A,found,,4,2017,教育部学位与研究生教育发展中心,upstream_selection,https://github.com/Magicdover/China-Universities-2026/blob/419bdc7ce6956fc88c2b70b3979f170b6666f111/data/universities.js
4111010001,北京大学,生态学,A,found,,4,2017,教育部学位与研究生教育发展中心,upstream_selection,https://github.com/Magicdover/China-Universities-2026/blob/419bdc7ce6956fc88c2b70b3979f170b6666f111/data/universities.js
4111010001,北京大学,统计学,A,found,,4,2017,教育部学位与研究生教育发展中心,upstream_selection,https://github.com/Magicdover/China-Universities-2026/blob/419bdc7ce6956fc88c2b70b3979f170b6666f111/data/universities.js
4111010001,北京大学,心理学,A,found,,4,2017,教育部学位与研究生教育发展中心,upstream_selection,https://github.com/Magicdover/China-Universities-2026/blob/419bdc7ce6956fc88c2b70b3979f170b6666f111/data/universities.js
4111010001,北京大学,新闻传播学,A-,found,,4,2017,教育部学位与研究生教育发展中心,upstream_selection,https://github.com/Magicdover/China-Universities-2026/blob/419bdc7ce6956fc88c2b70b3979f170b6666f111/data/universities.js
4111010001,北京大学,考古学,A-,found,,4,2017,教育部学位与研究生教育发展中心,upstream_selection,https://github.com/Magicdover/China-Universities-2026/blob/419bdc7ce6956fc88c2b70b3979f170b6666f111/data/universities.js
4111010001,北京大学,力学,A-,found,,4,2017,教育部学位与研究生教育发展中心,upstream_selection,https://github.com/Magicdover/China-Universities-2026/blob/419bdc7ce6956fc88c2b70b3979f170b6666f111/data/universities.js
4111010001,北京大学,环境科学与工程,A-,found,,4,2017,教育部学位与研究生教育发展中心,upstream_selection,https://github.com/Magicdover/China-Universities-2026/blob/419bdc7ce6956fc88c2b70b3979f170b6666f111/data/universities.js
4111010001,北京大学,公共卫生与预防医学,A-,found,,4,2017,教育部学位与研究生教育发展中心,upstream_selection,https://github.com/Magicdover/China-Universities-2026/blob/419bdc7ce6956fc88c2b70b3979f170b6666f111/data/universities.js
4111010002,中国人民大学,理论经济学,A+,found,,4,2017,教育部学位与研究生教育发展中心,upstream_selection,https://github.com/Magicdover/China-Universities-2026/blob/419bdc7ce6956fc88c2b70b3979f170b6666f111/data/universities.js
4111010002,中国人民大学,应用经济学,A+,found,,4,2017,教育部学位与研究生教育发展中心,upstream_selection,https://github.com/Magicdover/China-Universities-2026/blob/419bdc7ce6956fc88c2b70b3979f170b6666f111/data/universities.js
4111010002,中国人民大学,法学,A+,found,,4,2017,教育部学位与研究生教育发展中心,upstream_selection,https://github.com/Magicdover/China-Universities-2026/blob/419bdc7ce6956fc88c2b70b3979f170b6666f111/data/universities.js
4111010002,中国人民大学,社会学,A+,found,,4,2017,教育部学位与研究生教育发展中心,upstream_selection,https://github.com/Magicdover/China-Universities-2026/blob/419bdc7ce6956fc88c2b70b3979f170b6666f111/data/universities.js
4111010002,中国人民大学,马克思主义理论,A+,found,,4,2017,教育部学位与研究生教育发展中心,upstream_selection,https://github.com/Magicdover/China-Universities-2026/blob/419bdc7ce6956fc88c2b70b3979f170b6666f111/data/universities.js
4111010002,中国人民大学,新闻传播学,A+,found,,4,2017,教育部学位与研究生教育发展中心,upstream_selection,https://github.com/Magicdover/China-Universities-2026/blob/419bdc7ce6956fc88c2b70b3979f170b6666f111/data/universities.js
4111010002,中国人民大学,统计学,A+,found,,4,2017,教育部学位与研究生教育发展中心,upstream_selection,https://github.com/Magicdover/China-Universities-2026/blob/419bdc7ce6956fc88c2b70b3979f170b6666f111/data/universities.js
4111010002,中国人民大学,工商管理,A+,found,,4,2017,教育部学位与研究生教育发展中心,upstream_selection,https://github.com/Magicdover/China-Universities-2026/blob/419bdc7ce6956fc88c2b70b3979f170b6666f111/data/universities.js
4111010002,中国人民大学,公共管理,A+,found,,4,2017,教育部学位与研究生教育发展中心,upstream_selection,https://github.com/Magicdover/China-Universities-2026/blob/419bdc7ce6956fc88c2b70b3979f170b6666f111/data/universities.js
4111010002,中国人民大学,哲学,A,found,,4,2017,教育部学位与研究生教育发展中心,upstream_selection,https://github.com/Magicdover/China-Universities-2026/blob/419bdc7ce6956fc88c2b70b3979f170b6666f111/data/universities.js
4111010002,中国人民大学,政治学,A,found,,4,2017,教育部学位与研究生教育发展中心,upstream_selection,https://github.com/Magicdover/China-Universities-2026/blob/419bdc7ce6956fc88c2b70b3979f170b6666f111/data/universities.js
4111010002,中国人民大学,中国史,A,found,,4,2017,教育部学位与研究生教育发展中心,upstream_selection,https://github.com/Magicdover/China-Universities-2026/blob/419bdc7ce6956fc88c2b70b3979f170b6666f111/data/universities.js
4111010002,中国人民大学,图书情报与档案管理,A,found,,4,2017,教育部学位与研究生教育发展中心,upstream_selection,https://github.com/Magicdover/China-Universities-2026/blob/419bdc7ce6956fc88c2b70b3979f170b6666f111/data/universities.js
4111010002,中国人民大学,中国语言文学,A-,found,,4,2017,教育部学位与研究生教育发展中心,upstream_selection,https://github.com/Magicdover/China-Universities-2026/blob/419bdc7ce6956fc88c2b70b3979f170b6666f111/data/universities.js
4111010003,清华大学,马克思主义理论,A+,found,,4,2017,教育部学位与研究生教育发展中心,upstream_selection,https://github.com/Magicdover/China-Universities-2026/blob/419bdc7ce6956fc88c2b70b3979f170b6666f111/data/universities.js
4111010003,清华大学,信息与通信工程,A+,found,,4,2017,教育部学位与研究生教育发展中心,upstream_selection,https://github.com/Magicdover/China-Universities-2026/blob/419bdc7ce6956fc88c2b70b3979f170b6666f111/data/universities.js
4111010003,清华大学,控制科学与工程,A+,found,,4,2017,教育部学位与研究生教育发展中心,upstream_selection,https://github.com/Magicdover/China-Universities-2026/blob/419bdc7ce6956fc88c2b70b3979f170b6666f111/data/universities.js
4111010003,清华大学,计算机科学与技术,A+,found,,4,2017,教育部学位与研究生教育发展中心,upstream_selection,https://github.com/Magicdover/China-Universities-2026/blob/419bdc7ce6956fc88c2b70b3979f170b6666f111/data/universities.js
4111010003,清华大学,软件工程,A+,found,,4,2017,教育部学位与研究生教育发展中心,upstream_selection,https://github.com/Magicdover/China-Universities-2026/blob/419bdc7ce6956fc88c2b70b3979f170b6666f111/data/universities.js
4111010003,清华大学,环境科学与工程,A+,found,,4,2017,教育部学位与研究生教育发展中心,upstream_selection,https://github.com/Magicdover/China-Universities-2026/blob/419bdc7ce6956fc88c2b70b3979f170b6666f111/data/universities.js
4111010003,清华大学,建筑学,A+,found,,4,2017,教育部学位与研究生教育发展中心,upstream_selection,https://github.com/Magicdover/China-Universities-2026/blob/419bdc7ce6956fc88c2b70b3979f170b6666f111/data/universities.js
4111010003,清华大学,土木工程,A+,found,,4,2017,教育部学位与研究生教育发展中心,upstream_selection,https://github.com/Magicdover/China-Universities-2026/blob/419bdc7ce6956fc88c2b70b3979f170b6666f111/data/universities.js
4111010003,清华大学,机械工程,A+,found,,4,2017,教育部学位与研究生教育发展中心,upstream_selection,https://github.com/Magicdover/China-Universities-2026/blob/419bdc7ce6956fc88c2b70b3979f170b6666f111/data/universities.js
4111010003,清华大学,电气工程,A+,found,,4,2017,教育部学位与研究生教育发展中心,upstream_selection,https://github.com/Magicdover/China-Universities-2026/blob/419bdc7ce6956fc88c2b70b3979f170b6666f111/data/universities.js
4111010003,清华大学,动力工程及工程热物理,A+,found,,4,2017,教育部学位与研究生教育发展中心,upstream_selection,https://github.com/Magicdover/China-Universities-2026/blob/419bdc7ce6956fc88c2b70b3979f170b6666f111/data/universities.js
4111010003,清华大学,管理科学与工程,A+,found,,4,2017,教育部学位与研究生教育发展中心,upstream_selection,https://github.com/Magicdover/China-Universities-2026/blob/419bdc7ce6956fc88c2b70b3979f170b6666f111/data/universities.js
4111010003,清华大学,工商管理,A+,found,,4,2017,教育部学位与研究生教育发展中心,upstream_selection,https://github.com/Magicdover/China-Universities-2026/blob/419bdc7ce6956fc88c2b70b3979f170b6666f111/data/universities.js
4111010003,清华大学,设计学,A+,found,,4,2017,教育部学位与研究生教育发展中心,upstream_selection,https://github.com/Magicdover/China-Universities-2026/blob/419bdc7ce6956fc88c2b70b3979f170b6666f111/data/universities.js
4111010003,清华大学,数学,A,found,,4,2017,教育部学位与研究生教育发展中心,upstream_selection,https://github.com/Magicdover/China-Universities-2026/blob/419bdc7ce6956fc88c2b70b3979f170b6666f111/data/universities.js
4111010003,清华大学,物理学,A,found,,4,2017,教育部学位与研究生教育发展中心,upstream_selection,https://github.com/Magicdover/China-Universities-2026/blob/419bdc7ce6956fc88c2b70b3979f170b6666f111/data/universities.js
4111010003,清华大学,化学,A,found,,4,2017,教育部学位与研究生教育发展中心,upstream_selection,https://github.com/Magicdover/China-Universities-2026/blob/419bdc7ce6956fc88c2b70b3979f170b6666f111/data/universities.js
4111010003,清华大学,力学,A,found,,4,2017,教育部学位与研究生教育发展中心,upstream_selection,https://github.com/Magicdover/China-Universities-2026/blob/419bdc7ce6956fc88c2b70b3979f170b6666f111/data/universities.js
4111010003,清华大学,材料科学与工程,A,found,,4,2017,教育部学位与研究生教育发展中心,upstream_selection,https://github.com/Magicdover/China-Universities-2026/blob/419bdc7ce6956fc88c2b70b3979f170b6666f111/data/universities.js
4111010003,清华大学,水利工程,A,found,,4,2017,教育部学位与研究生教育发展中心,upstream_selection,https://github.com/Magicdover/China-Universities-2026/blob/419bdc7ce6956fc88c2b70b3979f170b6666f111/data/universities.js
4111010003,清华大学,核科学与技术,A,found,,4,2017,教育部学位与研究生教育发展中心,upstream_selection,https://github.com/Magicdover/China-Universities-2026/blob/419bdc7ce6956fc88c2b70b3979f170b6666f111/data/universities.js
4111010003,清华大学,仪器科学与技术,A,found,,4,2017,教育部学位与研究生教育发展中心,upstream_selection,https://github.com/Magicdover/China-Universities-2026/blob/419bdc7ce6956fc88c2b70b3979f170b6666f111/data/universities.js
4111010003,清华大学,生物学,A-,found,,4,2017,教育部学位与研究生教育发展中心,upstream_selection,https://github.com/Magicdover/China-Universities-2026/blob/419bdc7ce6956fc88c2b70b3979f170b6666f111/data/universities.js
4111010003,清华大学,法学,A-,found,,4,2017,教育部学位与研究生教育发展中心,upstream_selection,https://github.com/Magicdover/China-Universities-2026/blob/419bdc7ce6956fc88c2b70b3979f170b6666f111/data/universities.js
4111010003,清华大学,新闻传播学,A-,found,,4,2017,教育部学位与研究生教育发展中心,upstream_selection,https://github.com/Magicdover/China-Universities-2026/blob/419bdc7ce6956fc88c2b70b3979f170b6666f111/data/universities.js
4111010003,清华大学,公共管理,A-,found,,4,2017,教育部学位与研究生教育发展中心,upstream_selection,https://github.com/Magicdover/China-Universities-2026/blob/419bdc7ce6956fc88c2b70b3979f170b6666f111/data/universities.js
4111010004,北京交通大学,系统科学,A+,found,,4,2017,教育部学位与研究生教育发展中心,upstream_selection,https://github.com/Magicdover/China-Universities-2026/blob/419bdc7ce6956fc88c2b70b3979f170b6666f111/data/uni-211.js
4111010004,北京交通大学,交通运输工程,A-,found,,4,2017,教育部学位与研究生教育发展中心,upstream_selection,https://github.com/Magicdover/China-Universities-2026/blob/419bdc7ce6956fc88c2b70b3979f170b6666f111/data/uni-211.js
4111010004,北京交通大学,信息与通信工程,A-,found,,4,2017,教育部学位与研究生教育发展中心,upstream_selection,https://github.com/Magicdover/China-Universities-2026/blob/419bdc7ce6956fc88c2b70b3979f170b6666f111/data/uni-211.js
4111010004,北京交通大学,土木工程,A-,found,,4,2017,教育部学位与研究生教育发展中心,upstream_selection,https://github.com/Magicdover/China-Universities-2026/blob/419bdc7ce6956fc88c2b70b3979f170b6666f111/data/uni-211.js
4111010005,北京工业大学,土木工程,A-,found,,4,2017,教育部学位与研究生教育发展中心,upstream_selection,https://github.com/Magicdover/China-Universities-2026/blob/419bdc7ce6956fc88c2b70b3979f170b6666f111/data/uni-extra.js
4111010005,北京工业大学,材料科学与工程,A-,found,,4,2017,教育部学位与研究生教育发展中心,upstream_selection,https://github.com/Magicdover/China-Universities-2026/blob/419bdc7ce6956fc88c2b70b3979f170b6666f111/data/uni-extra.js
4111010006,北京航空航天大学,航空宇航科学与技术,A+,found,,4,2017,教育部学位与研究生教育发展中心,upstream_selection,https://github.com/Magicdover/China-Universities-2026/blob/419bdc7ce6956fc88c2b70b3979f170b6666f111/data/universities.js
4111010006,北京航空航天大学,仪器科学与技术,A+,found,,4,2017,教育部学位与研究生教育发展中心,upstream_selection,https://github.com/Magicdover/China-Universities-2026/blob/419bdc7ce6956fc88c2b70b3979f170b6666f111/data/universities.js
4111010006,北京航空航天大学,材料科学与工程,A+,found,,4,2017,教育部学位与研究生教育发展中心,upstream_selection,https://github.com/Magicdover/China-Universities-2026/blob/419bdc7ce6956fc88c2b70b3979f170b6666f111/data/universities.js
4111010006,北京航空航天大学,软件工程,A+,found,,4,2017,教育部学位与研究生教育发展中心,upstream_selection,https://github.com/Magicdover/China-Universities-2026/blob/419bdc7ce6956fc88c2b70b3979f170b6666f111/data/universities.js
4111010006,北京航空航天大学,力学,A,found,,4,2017,教育部学位与研究生教育发展中心,upstream_selection,https://github.com/Magicdover/China-Universities-2026/blob/419bdc7ce6956fc88c2b70b3979f170b6666f111/data/universities.js
4111010006,北京航空航天大学,控制科学与工程,A,found,,4,2017,教育部学位与研究生教育发展中心,upstream_selection,https://github.com/Magicdover/China-Universities-2026/blob/419bdc7ce6956fc88c2b70b3979f170b6666f111/data/universities.js
4111010006,北京航空航天大学,计算机科学与技术,A,found,,4,2017,教育部学位与研究生教育发展中心,upstream_selection,https://github.com/Magicdover/China-Universities-2026/blob/419bdc7ce6956fc88c2b70b3979f170b6666f111/data/universities.js
4111010006,北京航空航天大学,管理科学与工程,A,found,,4,2017,教育部学位与研究生教育发展中心,upstream_selection,https://github.com/Magicdover/China-Universities-2026/blob/419bdc7ce6956fc88c2b70b3979f170b6666f111/data/universities.js
4111010006,北京航空航天大学,机械工程,A-,found,,4,2017,教育部学位与研究生教育发展中心,upstream_selection,https://github.com/Magicdover/China-Universities-2026/blob/419bdc7ce6956fc88c2b70b3979f170b6666f111/data/universities.js
4111010006,北京航空航天大学,电子科学与技术,A-,found,,4,2017,教育部学位与研究生教育发展中心,upstream_selection,https://github.com/Magicdover/China-Universities-2026/blob/419bdc7ce6956fc88c2b70b3979f170b6666f111/data/universities.js
4111010006,北京航空航天大学,信息与通信工程,A-,found,,4,2017,教育部学位与研究生教育发展中心,upstream_selection,https://github.com/Magicdover/China-Universities-2026/blob/419bdc7ce6956fc88c2b70b3979f170b6666f111/data/universities.js
4111010006,北京航空航天大学,交通运输工程,A-,found,,4,2017,教育部学位与研究生教育发展中心,upstream_selection,https://github.com/Magicdover/China-Universities-2026/blob/419bdc7ce6956fc88c2b70b3979f170b6666f111/data/universities.js
4111010007,北京理工大学,兵器科学与技术,A+,found,,4,2017,教育部学位与研究生教育发展中心,upstream_selection,https://github.com/Magicdover/China-Universities-2026/blob/419bdc7ce6956fc88c2b70b3979f170b6666f111/data/universities.js
4111010007,北京理工大学,机械工程,A,found,,4,2017,教育部学位与研究生教育发展中心,upstream_selection,https://github.com/Magicdover/China-Universities-2026/blob/419bdc7ce6956fc88c2b70b3979f170b6666f111/data/universities.js
4111010007,北京理工大学,光学工程,A,found,,4,2017,教育部学位与研究生教育发展中心,upstream_selection,https://github.com/Magicdover/China-Universities-2026/blob/419bdc7ce6956fc88c2b70b3979f170b6666f111/data/universities.js
4111010007,北京理工大学,控制科学与工程,A,found,,4,2017,教育部学位与研究生教育发展中心,upstream_selection,https://github.com/Magicdover/China-Universities-2026/blob/419bdc7ce6956fc88c2b70b3979f170b6666f111/data/universities.js
4111010007,北京理工大学,信息与通信工程,A,found,,4,2017,教育部学位与研究生教育发展中心,upstream_selection,https://github.com/Magicdover/China-Universities-2026/blob/419bdc7ce6956fc88c2b70b3979f170b6666f111/data/universities.js
4111010007,北京理工大学,材料科学与工程,A-,found,,4,2017,教育部学位与研究生教育发展中心,upstream_selection,https://github.com/Magicdover/China-Universities-2026/blob/419bdc7ce6956fc88c2b70b3979f170b6666f111/data/universities.js
4111010007,北京理工大学,化学工程与技术,A-,found,,4,2017,教育部学位与研究生教育发展中心,upstream_selection,https://github.com/Magicdover/China-Universities-2026/blob/419bdc7ce6956fc88c2b70b3979f170b6666f111/data/universities.js
4111010007,北京理工大学,航空宇航科学与技术,A-,found,,4,2017,教育部学位与研究生教育发展中心,upstream_selection,https://github.com/Magicdover/China-Universities-2026/blob/419bdc7ce6956fc88c2b70b3979f170b6666f111/data/universities.js
4111010007,北京理工大学,管理科学与工程,A-,found,,4,2017,教育部学位与研究生教育发展中心,upstream_selection,https://github.com/Magicdover/China-Universities-2026/blob/419bdc7ce6956fc88c2b70b3979f170b6666f111/data/universities.js
4111010008,北京科技大学,科学技术史,A+,found,,4,2017,教育部学位与研究生教育发展中心,upstream_selection,https://github.com/Magicdover/China-Universities-2026/blob/419bdc7ce6956fc88c2b70b3979f170b6666f111/data/uni-211.js
4111010008,北京科技大学,冶金工程,A+,found,,4,2017,教育部学位与研究生教育发展中心,upstream_selection,https://github.com/Magicdover/China-Universities-2026/blob/419bdc7ce6956fc88c2b70b3979f170b6666f111/data/uni-211.js
4111010008,北京科技大学,材料科学与工程,A,found,,4,2017,教育部学位与研究生教育发展中心,upstream_selection,https://github.com/Magicdover/China-Universities-2026/blob/419bdc7ce6956fc88c2b70b3979f170b6666f111/data/uni-211.js
4111010008,北京科技大学,矿业工程,A,found,,4,2017,教育部学位与研究生教育发展中心,upstream_selection,https://github.com/Magicdover/China-Universities-2026/blob/419bdc7ce6956fc88c2b70b3979f170b6666f111/data/uni-211.js
4111010008,北京科技大学,安全科学与工程,A,found,,4,2017,教育部学位与研究生教育发展中心,upstream_selection,https://github.com/Magicdover/China-Universities-2026/blob/419bdc7ce6956fc88c2b70b3979f170b6666f111/data/uni-211.js
4111010008,北京科技大学,机械工程,A-,found,,4,2017,教育部学位与研究生教育发展中心,upstream_selection,https://github.com/Magicdover/China-Universities-2026/blob/419bdc7ce6956fc88c2b70b3979f170b6666f111/data/uni-211.js
4111010008,北京科技大学,控制科学与工程,A-,found,,4,2017,教育部学位与研究生教育发展中心,upstream_selection,https://github.com/Magicdover/China-Universities-2026/blob/419bdc7ce6956fc88c2b70b3979f170b6666f111/data/uni-211.js
4111010010,北京化工大学,化学工程与技术,A,found,,4,2017,教育部学位与研究生教育发展中心,upstream_selection,https://github.com/Magicdover/China-Universities-2026/blob/419bdc7ce6956fc88c2b70b3979f170b6666f111/data/uni-211.js
4111010010,北京化工大学,材料科学与工程,A-,found,,4,2017,教育部学位与研究生教育发展中心,upstream_selection,https://github.com/Magicdover/China-Universities-2026/blob/419bdc7ce6956fc88c2b70b3979f170b6666f111/data/uni-211.js
4111010010,北京化工大学,化学,A-,found,,4,2017,教育部学位与研究生教育发展中心,upstream_selection,https://github.com/Magicdover/China-Universities-2026/blob/419bdc7ce6956fc88c2b70b3979f170b6666f111/data/uni-211.js
4111010013,北京邮电大学,信息与通信工程,A+,found,,4,2017,教育部学位与研究生教育发展中心,upstream_selection,https://github.com/Magicdover/China-Universities-2026/blob/419bdc7ce6956fc88c2b70b3979f170b6666f111/data/uni-211.js
4111010013,北京邮电大学,计算机科学与技术,A,found,,4,2017,教育部学位与研究生教育发展中心,upstream_selection,https://github.com/Magicdover/China-Universities-2026/blob/419bdc7ce6956fc88c2b70b3979f170b6666f111/data/uni-211.js
4111010013,北京邮电大学,电子科学与技术,A-,found,,4,2017,教育部学位与研究生教育发展中心,upstream_selection,https://github.com/Magicdover/China-Universities-2026/blob/419bdc7ce6956fc88c2b70b3979f170b6666f111/data/uni-211.js
4111010013,北京邮电大学,光学工程,A-,found,,4,2017,教育部学位与研究生教育发展中心,upstream_selection,https://github.com/Magicdover/China-Universities-2026/blob/419bdc7ce6956fc88c2b70b3979f170b6666f111/data/uni-211.js
4111010019,中国农业大学,作物学,A+,found,,4,2017,教育部学位与研究生教育发展中心,upstream_selection,https://github.com/Magicdover/China-Universities-2026/blob/419bdc7ce6956fc88c2b70b3979f170b6666f111/data/universities.js
4111010019,中国农业大学,农业资源与环境,A+,found,,4,2017,教育部学位与研究生教育发展中心,upstream_selection,https://github.com/Magicdover/China-Universities-2026/blob/419bdc7ce6956fc88c2b70b3979f170b6666f111/data/universities.js
4111010019,中国农业大学,植物保护,A+,found,,4,2017,教育部学位与研究生教育发展中心,upstream_selection,https://github.com/Magicdover/China-Universities-2026/blob/419bdc7ce6956fc88c2b70b3979f170b6666f111/data/universities.js
4111010019,中国农业大学,畜牧学,A+,found,,4,2017,教育部学位与研究生教育发展中心,upstream_selection,https://github.com/Magicdover/China-Universities-2026/blob/419bdc7ce6956fc88c2b70b3979f170b6666f111/data/universities.js
4111010019,中国农业大学,兽医学,A+,found,,4,2017,教育部学位与研究生教育发展中心,upstream_selection,https://github.com/Magicdover/China-Universities-2026/blob/419bdc7ce6956fc88c2b70b3979f170b6666f111/data/universities.js
4111010019,中国农业大学,草学,A+,found,,4,2017,教育部学位与研究生教育发展中心,upstream_selection,https://github.com/Magicdover/China-Universities-2026/blob/419bdc7ce6956fc88c2b70b3979f170b6666f111/data/universities.js
4111010019,中国农业大学,食品科学与工程,A+,found,,4,2017,教育部学位与研究生教育发展中心,upstream_selection,https://github.com/Magicdover/China-Universities-2026/blob/419bdc7ce6956fc88c2b70b3979f170b6666f111/data/universities.js
4111010019,中国农业大学,农业工程,A+,found,,4,2017,教育部学位与研究生教育发展中心,upstream_selection,https://github.com/Magicdover/China-Universities-2026/blob/419bdc7ce6956fc88c2b70b3979f170b6666f111/data/universities.js
4111010019,中国农业大学,生物学,A,found,,4,2017,教育部学位与研究生教育发展中心,upstream_selection,https://github.com/Magicdover/China-Universities-2026/blob/419bdc7ce6956fc88c2b70b3979f170b6666f111/data/universities.js
4111010019,中国农业大学,风景园林学,A,found,,4,2017,教育部学位与研究生教育发展中心,upstream_selection,https://github.com/Magicdover/China-Universities-2026/blob/419bdc7ce6956fc88c2b70b3979f170b6666f111/data/universities.js
4111010019,中国农业大学,生态学,A-,found,,4,2017,教育部学位与研究生教育发展中心,upstream_selection,https://github.com/Magicdover/China-Universities-2026/blob/419bdc7ce6956fc88c2b70b3979f170b6666f111/data/universities.js
4111010019,中国农业大学,农林经济管理,A-,found,,4,2017,教育部学位与研究生教育发展中心,upstream_selection,https://github.com/Magicdover/China-Universities-2026/blob/419bdc7ce6956fc88c2b70b3979f170b6666f111/data/universities.js
4111010019,中国农业大学,环境科学与工程,A-,found,,4,2017,教育部学位与研究生教育发展中心,upstream_selection,https://github.com/Magicdover/China-Universities-2026/blob/419bdc7ce6956fc88c2b70b3979f170b6666f111/data/universities.js
4111010019,中国农业大学,公共管理,A-,found,,4,2017,教育部学位与研究生教育发展中心,upstream_selection,https://github.com/Magicdover/China-Universities-2026/blob/419bdc7ce6956fc88c2b70b3979f170b6666f111/data/universities.js
4111010022,北京林业大学,风景园林学,A+,found,,4,2017,教育部学位与研究生教育发展中心,upstream_selection,https://github.com/Magicdover/China-Universities-2026/blob/419bdc7ce6956fc88c2b70b3979f170b6666f111/data/uni-special.js
4111010022,北京林业大学,林学,A+,found,,4,2017,教育部学位与研究生教育发展中心,upstream_selection,https://github.com/Magicdover/China-Universities-2026/blob/419bdc7ce6956fc88c2b70b3979f170b6666f111/data/uni-special.js
4111010022,北京林业大学,生物学,A-,found,,4,2017,教育部学位与研究生教育发展中心,upstream_selection,https://github.com/Magicdover/China-Universities-2026/blob/419bdc7ce6956fc88c2b70b3979f170b6666f111/data/uni-special.js
4111010022,北京林业大学,农林经济管理,A-,found,,4,2017,教育部学位与研究生教育发展中心,upstream_selection,https://github.com/Magicdover/China-Universities-2026/blob/419bdc7ce6956fc88c2b70b3979f170b6666f111/data/uni-special.js
4111010023,北京协和医学院,生物学,A+,found,,4,2017,教育部学位与研究生教育发展中心,upstream_selection,https://github.com/Magicdover/China-Universities-2026/blob/419bdc7ce6956fc88c2b70b3979f170b6666f111/data/uni-special.js
4111010023,北京协和医学院,基础医学,A,found,,4,2017,教育部学位与研究生教育发展中心,upstream_selection,https://github.com/Magicdover/China-Universities-2026/blob/419bdc7ce6956fc88c2b70b3979f170b6666f111/data/uni-special.js
4111010023,北京协和医学院,药学,A-,found,,4,2017,教育部学位与研究生教育发展中心,upstream_selection,https://github.com/Magicdover/China-Universities-2026/blob/419bdc7ce6956fc88c2b70b3979f170b6666f111/data/uni-special.js
4111010023,北京协和医学院,临床医学,A-,found,,4,2017,教育部学位与研究生教育发展中心,upstream_selection,https://github.com/Magicdover/China-Universities-2026/blob/419bdc7ce6956fc88c2b70b3979f170b6666f111/data/uni-special.js
4111010026,北京中医药大学,中医学,A+,found,,4,2017,教育部学位与研究生教育发展中心,upstream_selection,https://github.com/Magicdover/China-Universities-2026/blob/419bdc7ce6956fc88c2b70b3979f170b6666f111/data/uni-special.js
4111010026,北京中医药大学,中西医结合,A+,found,,4,2017,教育部学位与研究生教育发展中心,upstream_selection,https://github.com/Magicdover/China-Universities-2026/blob/419bdc7ce6956fc88c2b70b3979f170b6666f111/data/uni-special.js
4111010026,北京中医药大学,中药学,A-,found,,4,2017,教育部学位与研究生教育发展中心,upstream_selection,https://github.com/Magicdover/China-Universities-2026/blob/419bdc7ce6956fc88c2b70b3979f170b6666f111/data/uni-special.js
4111010027,北京师范大学,教育学,A+,found,,4,2017,教育部学位与研究生教育发展中心,upstream_selection,https://github.com/Magicdover/China-Universities-2026/blob/419bdc7ce6956fc88c2b70b3979f170b6666f111/data/universities.js
4111010027,北京师范大学,心理学,A+,found,,4,2017,教育部学位与研究生教育发展中心,upstream_selection,https://github.com/Magicdover/China-Universities-2026/blob/419bdc7ce6956fc88c2b70b3979f170b6666f111/data/universities.js
4111010027,北京师范大学,中国语言文学,A+,found,,4,2017,教育部学位与研究生教育发展中心,upstream_selection,https://github.com/Magicdover/China-Universities-2026/blob/419bdc7ce6956fc88c2b70b3979f170b6666f111/data/universities.js
4111010027,北京师范大学,数学,A+,found,,4,2017,教育部学位与研究生教育发展中心,upstream_selection,https://github.com/Magicdover/China-Universities-2026/blob/419bdc7ce6956fc88c2b70b3979f170b6666f111/data/universities.js
4111010027,北京师范大学,地理学,,conflict,"[{""grade"": ""A"", ""source"": ""https://github.com/Magicdover/China-Universities-2026/blob/419bdc7ce6956fc88c2b70b3979f170b6666f111/data/universities.js""}, {""grade"": ""A+"", ""source"": ""https://github.com/Magicdover/China-Universities-2026/blob/419bdc7ce6956fc88c2b70b3979f170b6666f111/data/universities.js""}]",4,2017,教育部学位与研究生教育发展中心,upstream_selection,https://github.com/Magicdover/China-Universities-2026/blob/419bdc7ce6956fc88c2b70b3979f170b6666f111/data/universities.js
4111010027,北京师范大学,系统科学,A+,found,,4,2017,教育部学位与研究生教育发展中心,upstream_selection,https://github.com/Magicdover/China-Universities-2026/blob/419bdc7ce6956fc88c2b70b3979f170b6666f111/data/universities.js
4111010027,北京师范大学,戏剧与影视学,A+,found,,4,2017,教育部学位与研究生教育发展中心,upstream_selection,https://github.com/Magicdover/China-Universities-2026/blob/419bdc7ce6956fc88c2b70b3979f170b6666f111/data/universities.js
4111010027,北京师范大学,马克思主义理论,A,found,,4,2017,教育部学位与研究生教育发展中心,upstream_selection,https://github.com/Magicdover/China-Universities-2026/blob/419bdc7ce6956fc88c2b70b3979f170b6666f111/data/universities.js
4111010027,北京师范大学,中国史,A,found,,4,2017,教育部学位与研究生教育发展中心,upstream_selection,https://github.com/Magicdover/China-Universities-2026/blob/419bdc7ce6956fc88c2b70b3979f170b6666f111/data/universities.js
4111010027,北京师范大学,环境科学与工程,A,found,,4,2017,教育部学位与研究生教育发展中心,upstream_selection,https://github.com/Magicdover/China-Universities-2026/blob/419bdc7ce6956fc88c2b70b3979f170b6666f111/data/universities.js
4111010027,北京师范大学,生态学,A,found,,4,2017,教育部学位与研究生教育发展中心,upstream_selection,https://github.com/Magicdover/China-Universities-2026/blob/419bdc7ce6956fc88c2b70b3979f170b6666f111/data/universities.js
4111010027,北京师范大学,哲学,A-,found,,4,2017,教育部学位与研究生教育发展中心,upstream_selection,https://github.com/Magicdover/China-Universities-2026/blob/419bdc7ce6956fc88c2b70b3979f170b6666f111/data/universities.js
4111010027,北京师范大学,理论经济学,A-,found,,4,2017,教育部学位与研究生教育发展中心,upstream_selection,https://github.com/Magicdover/China-Universities-2026/blob/419bdc7ce6956fc88c2b70b3979f170b6666f111/data/universities.js
4111010027,北京师范大学,体育学,A-,found,,4,2017,教育部学位与研究生教育发展中心,upstream_selection,https://github.com/Magicdover/China-Universities-2026/blob/419bdc7ce6956fc88c2b70b3979f170b6666f111/data/universities.js
4111010027,北京师范大学,物理学,A-,found,,4,2017,教育部学位与研究生教育发展中心,upstream_selection,https://github.com/Magicdover/China-Universities-2026/blob/419bdc7ce6956fc88c2b70b3979f170b6666f111/data/universities.js
4111010027,北京师范大学,生物学,A-,found,,4,2017,教育部学位与研究生教育发展中心,upstream_selection,https://github.com/Magicdover/China-Universities-2026/blob/419bdc7ce6956fc88c2b70b3979f170b6666f111/data/universities.js
4111010028,首都师范大学,数学,A-,found,,4,2017,教育部学位与研究生教育发展中心,upstream_selection,https://github.com/Magicdover/China-Universities-2026/blob/419bdc7ce6956fc88c2b70b3979f170b6666f111/data/uni-special.js
4111010028,首都师范大学,马克思主义理论,A-,found,,4,2017,教育部学位与研究生教育发展中心,upstream_selection,https://github.com/Magicdover/China-Universities-2026/blob/419bdc7ce6956fc88c2b70b3979f170b6666f111/data/uni-special.js
4111010028,首都师范大学,美术学,A-,found,,4,2017,教育部学位与研究生教育发展中心,upstream_selection,https://github.com/Magicdover/China-Universities-2026/blob/419bdc7ce6956fc88c2b70b3979f170b6666f111/data/uni-special.js
4111010030,北京外国语大学,外国语言文学,A+,found,,4,2017,教育部学位与研究生教育发展中心,upstream_selection,https://github.com/Magicdover/China-Universities-2026/blob/419bdc7ce6956fc88c2b70b3979f170b6666f111/data/uni-special.js
4111010032,北京语言大学,外国语言文学,A-,found,,4,2017,教育部学位与研究生教育发展中心,upstream_selection,https://github.com/Magicdover/China-Universities-2026/blob/419bdc7ce6956fc88c2b70b3979f170b6666f111/data/uni-special.js
4111010033,中国传媒大学,新闻传播学,A+,found,,4,2017,教育部学位与研究生教育发展中心,upstream_selection,https://github.com/Magicdover/China-Universities-2026/blob/419bdc7ce6956fc88c2b70b3979f170b6666f111/data/uni-special.js
4111010033,中国传媒大学,戏剧与影视学,A+,found,,4,2017,教育部学位与研究生教育发展中心,upstream_selection,https://github.com/Magicdover/China-Universities-2026/blob/419bdc7ce6956fc88c2b70b3979f170b6666f111/data/uni-special.js
4111010034,中央财经大学,应用经济学,A,found,,4,2017,教育部学位与研究生教育发展中心,upstream_selection,https://github.com/Magicdover/China-Universities-2026/blob/419bdc7ce6956fc88c2b70b3979f170b6666f111/data/uni-special.js
4111010034,中央财经大学,工商管理,A-,found,,4,2017,教育部学位与研究生教育发展中心,upstream_selection,https://github.com/Magicdover/China-Universities-2026/blob/419bdc7ce6956fc88c2b70b3979f170b6666f111/data/uni-special.js
4111010034,中央财经大学,理论经济学,A-,found,,4,2017,教育部学位与研究生教育发展中心,upstream_selection,https://github.com/Magicdover/China-Universities-2026/blob/419bdc7ce6956fc88c2b70b3979f170b6666f111/data/uni-special.js
4111010036,对外经济贸易大学,应用经济学,A,found,,4,2017,教育部学位与研究生教育发展中心,upstream_selection,https://github.com/Magicdover/China-Universities-2026/blob/419bdc7ce6956fc88c2b70b3979f170b6666f111/data/uni-special.js
4111010036,对外经济贸易大学,工商管理,A-,found,,4,2017,教育部学位与研究生教育发展中心,upstream_selection,https://github.com/Magicdover/China-Universities-2026/blob/419bdc7ce6956fc88c2b70b3979f170b6666f111/data/uni-special.js
4111010036,对外经济贸易大学,外国语言文学,A-,found,,4,2017,教育部学位与研究生教育发展中心,upstream_selection,https://github.com/Magicdover/China-Universities-2026/blob/419bdc7ce6956fc88c2b70b3979f170b6666f111/data/uni-special.js
4111010043,北京体育大学,体育学,A+,found,,4,2017,教育部学位与研究生教育发展中心,upstream_selection,https://github.com/Magicdover/China-Universities-2026/blob/419bdc7ce6956fc88c2b70b3979f170b6666f111/data/uni-special.js
4111010045,中央音乐学院,音乐与舞蹈学,A+,found,,4,2017,教育部学位与研究生教育发展中心,upstream_selection,https://github.com/Magicdover/China-Universities-2026/blob/419bdc7ce6956fc88c2b70b3979f170b6666f111/data/uni-special.js
4111010046,中国音乐学院,音乐与舞蹈学,A,found,,4,2017,教育部学位与研究生教育发展中心,upstream_selection,https://github.com/Magicdover/China-Universities-2026/blob/419bdc7ce6956fc88c2b70b3979f170b6666f111/data/uni-extra.js
4111010047,中央美术学院,美术学,A+,found,,4,2017,教育部学位与研究生教育发展中心,upstream_selection,https://github.com/Magicdover/China-Universities-2026/blob/419bdc7ce6956fc88c2b70b3979f170b6666f111/data/uni-special.js
4111010047,中央美术学院,设计学,A+,found,,4,2017,教育部学位与研究生教育发展中心,upstream_selection,https://github.com/Magicdover/China-Universities-2026/blob/419bdc7ce6956fc88c2b70b3979f170b6666f111/data/uni-special.js
4111010048,中央戏剧学院,戏剧与影视学,A+,found,,4,2017,教育部学位与研究生教育发展中心,upstream_selection,https://github.com/Magicdover/China-Universities-2026/blob/419bdc7ce6956fc88c2b70b3979f170b6666f111/data/uni-extra.js
4111010052,中央民族大学,民族学,A+,found,,4,2017,教育部学位与研究生教育发展中心,upstream_selection,https://github.com/Magicdover/China-Universities-2026/blob/419bdc7ce6956fc88c2b70b3979f170b6666f111/data/universities.js
4111010052,中央民族大学,中国语言文学,A,found,,4,2017,教育部学位与研究生教育发展中心,upstream_selection,https://github.com/Magicdover/China-Universities-2026/blob/419bdc7ce6956fc88c2b70b3979f170b6666f111/data/universities.js
4111010052,中央民族大学,中国史,A-,found,,4,2017,教育部学位与研究生教育发展中心,upstream_selection,https://github.com/Magicdover/China-Universities-2026/blob/419bdc7ce6956fc88c2b70b3979f170b6666f111/data/universities.js
4111010052,中央民族大学,音乐与舞蹈学,A-,found,,4,2017,教育部学位与研究生教育发展中心,upstream_selection,https://github.com/Magicdover/China-Universities-2026/blob/419bdc7ce6956fc88c2b70b3979f170b6666f111/data/universities.js
4111010053,中国政法大学,法学,A+,found,,4,2017,教育部学位与研究生教育发展中心,upstream_selection,https://github.com/Magicdover/China-Universities-2026/blob/419bdc7ce6956fc88c2b70b3979f170b6666f111/data/uni-special.js
4111010053,中国政法大学,政治学,A-,found,,4,2017,教育部学位与研究生教育发展中心,upstream_selection,https://github.com/Magicdover/China-Universities-2026/blob/419bdc7ce6956fc88c2b70b3979f170b6666f111/data/uni-special.js
4111010053,中国政法大学,马克思主义理论,A-,found,,4,2017,教育部学位与研究生教育发展中心,upstream_selection,https://github.com/Magicdover/China-Universities-2026/blob/419bdc7ce6956fc88c2b70b3979f170b6666f111/data/uni-special.js
4111010054,华北电力大学,电气工程,A,found,,4,2017,教育部学位与研究生教育发展中心,upstream_selection,https://github.com/Magicdover/China-Universities-2026/blob/419bdc7ce6956fc88c2b70b3979f170b6666f111/data/uni-211.js
4111010054,华北电力大学,动力工程及工程热物理,A-,found,,4,2017,教育部学位与研究生教育发展中心,upstream_selection,https://github.com/Magicdover/China-Universities-2026/blob/419bdc7ce6956fc88c2b70b3979f170b6666f111/data/uni-211.js
4111011414,中国石油大学(北京),石油与天然气工程,A+,found,,4,2017,教育部学位与研究生教育发展中心,upstream_selection,https://github.com/Magicdover/China-Universities-2026/blob/419bdc7ce6956fc88c2b70b3979f170b6666f111/data/uni-extra2.js
4111011414,中国石油大学(北京),地质资源与地质工程,A,found,,4,2017,教育部学位与研究生教育发展中心,upstream_selection,https://github.com/Magicdover/China-Universities-2026/blob/419bdc7ce6956fc88c2b70b3979f170b6666f111/data/uni-extra2.js
4111011414,中国石油大学(北京),化学工程与技术,A-,found,,4,2017,教育部学位与研究生教育发展中心,upstream_selection,https://github.com/Magicdover/China-Universities-2026/blob/419bdc7ce6956fc88c2b70b3979f170b6666f111/data/uni-extra2.js
4111011415,中国地质大学(北京),地质学,A+,found,,4,2017,教育部学位与研究生教育发展中心,upstream_selection,https://github.com/Magicdover/China-Universities-2026/blob/419bdc7ce6956fc88c2b70b3979f170b6666f111/data/uni-extra2.js
4111011415,中国地质大学(北京),地质资源与地质工程,A+,found,,4,2017,教育部学位与研究生教育发展中心,upstream_selection,https://github.com/Magicdover/China-Universities-2026/blob/419bdc7ce6956fc88c2b70b3979f170b6666f111/data/uni-extra2.js
4111011415,中国地质大学(北京),石油与天然气工程,A-,found,,4,2017,教育部学位与研究生教育发展中心,upstream_selection,https://github.com/Magicdover/China-Universities-2026/blob/419bdc7ce6956fc88c2b70b3979f170b6666f111/data/uni-extra2.js
4111011415,中国地质大学(北京),测绘科学与技术,A-,found,,4,2017,教育部学位与研究生教育发展中心,upstream_selection,https://github.com/Magicdover/China-Universities-2026/blob/419bdc7ce6956fc88c2b70b3979f170b6666f111/data/uni-extra2.js
4111014430,中国科学院大学,化学,A+,found,,4,2017,教育部学位与研究生教育发展中心,upstream_selection,https://github.com/Magicdover/China-Universities-2026/blob/419bdc7ce6956fc88c2b70b3979f170b6666f111/data/uni-special.js
4111014430,中国科学院大学,地质学,A+,found,,4,2017,教育部学位与研究生教育发展中心,upstream_selection,https://github.com/Magicdover/China-Universities-2026/blob/419bdc7ce6956fc88c2b70b3979f170b6666f111/data/uni-special.js
4111014430,中国科学院大学,地球物理学,A+,found,,4,2017,教育部学位与研究生教育发展中心,upstream_selection,https://github.com/Magicdover/China-Universities-2026/blob/419bdc7ce6956fc88c2b70b3979f170b6666f111/data/uni-special.js
4111014430,中国科学院大学,科学技术史,A+,found,,4,2017,教育部学位与研究生教育发展中心,upstream_selection,https://github.com/Magicdover/China-Universities-2026/blob/419bdc7ce6956fc88c2b70b3979f170b6666f111/data/uni-special.js
4111014430,中国科学院大学,数学,A,found,,4,2017,教育部学位与研究生教育发展中心,upstream_selection,https://github.com/Magicdover/China-Universities-2026/blob/419bdc7ce6956fc88c2b70b3979f170b6666f111/data/uni-special.js
4111014430,中国科学院大学,物理学,A,found,,4,2017,教育部学位与研究生教育发展中心,upstream_selection,https://github.com/Magicdover/China-Universities-2026/blob/419bdc7ce6956fc88c2b70b3979f170b6666f111/data/uni-special.js
4111014430,中国科学院大学,生物学,A,found,,4,2017,教育部学位与研究生教育发展中心,upstream_selection,https://github.com/Magicdover/China-Universities-2026/blob/419bdc7ce6956fc88c2b70b3979f170b6666f111/data/uni-special.js
4111014430,中国科学院大学,材料科学与工程,A,found,,4,2017,教育部学位与研究生教育发展中心,upstream_selection,https://github.com/Magicdover/China-Universities-2026/blob/419bdc7ce6956fc88c2b70b3979f170b6666f111/data/uni-special.js
4111014430,中国科学院大学,计算机科学与技术,A-,found,,4,2017,教育部学位与研究生教育发展中心,upstream_selection,https://github.com/Magicdover/China-Universities-2026/blob/419bdc7ce6956fc88c2b70b3979f170b6666f111/data/uni-special.js
4111014430,中国科学院大学,环境科学与工程,A-,found,,4,2017,教育部学位与研究生教育发展中心,upstream_selection,https://github.com/Magicdover/China-Universities-2026/blob/419bdc7ce6956fc88c2b70b3979f170b6666f111/data/uni-special.js
4122010183,吉林大学,考古学,A+,found,,4,2017,教育部学位与研究生教育发展中心,upstream_selection,https://github.com/Magicdover/China-Universities-2026/blob/419bdc7ce6956fc88c2b70b3979f170b6666f111/data/universities.js
4122010183,吉林大学,化学,A+,found,,4,2017,教育部学位与研究生教育发展中心,upstream_selection,https://github.com/Magicdover/China-Universities-2026/blob/419bdc7ce6956fc88c2b70b3979f170b6666f111/data/universities.js
4122010183,吉林大学,数学,A,found,,4,2017,教育部学位与研究生教育发展中心,upstream_selection,https://github.com/Magicdover/China-Universities-2026/blob/419bdc7ce6956fc88c2b70b3979f170b6666f111/data/universities.js
4122010183,吉林大学,马克思主义理论,A,found,,4,2017,教育部学位与研究生教育发展中心,upstream_selection,https://github.com/Magicdover/China-Universities-2026/blob/419bdc7ce6956fc88c2b70b3979f170b6666f111/data/universities.js
4122010183,吉林大学,法学,A-,found,,4,2017,教育部学位与研究生教育发展中心,upstream_selection,https://github.com/Magicdover/China-Universities-2026/blob/419bdc7ce6956fc88c2b70b3979f170b6666f111/data/universities.js
4122010183,吉林大学,政治学,A-,found,,4,2017,教育部学位与研究生教育发展中心,upstream_selection,https://github.com/Magicdover/China-Universities-2026/blob/419bdc7ce6956fc88c2b70b3979f170b6666f111/data/universities.js
4122010183,吉林大学,机械工程,A-,found,,4,2017,教育部学位与研究生教育发展中心,upstream_selection,https://github.com/Magicdover/China-Universities-2026/blob/419bdc7ce6956fc88c2b70b3979f170b6666f111/data/universities.js
4122010183,吉林大学,地质学,A-,found,,4,2017,教育部学位与研究生教育发展中心,upstream_selection,https://github.com/Magicdover/China-Universities-2026/blob/419bdc7ce6956fc88c2b70b3979f170b6666f111/data/universities.js
4122010183,吉林大学,地质资源与地质工程,A-,found,,4,2017,教育部学位与研究生教育发展中心,upstream_selection,https://github.com/Magicdover/China-Universities-2026/blob/419bdc7ce6956fc88c2b70b3979f170b6666f111/data/universities.js
4122010183,吉林大学,计算机科学与技术,A-,found,,4,2017,教育部学位与研究生教育发展中心,upstream_selection,https://github.com/Magicdover/China-Universities-2026/blob/419bdc7ce6956fc88c2b70b3979f170b6666f111/data/universities.js
4122010184,延边大学,外国语言文学,A-,found,,4,2017,教育部学位与研究生教育发展中心,upstream_selection,https://github.com/Magicdover/China-Universities-2026/blob/419bdc7ce6956fc88c2b70b3979f170b6666f111/data/uni-211.js
4122010200,东北师范大学,马克思主义理论,A+,found,,4,2017,教育部学位与研究生教育发展中心,upstream_selection,https://github.com/Magicdover/China-Universities-2026/blob/419bdc7ce6956fc88c2b70b3979f170b6666f111/data/uni-special.js
4122010200,东北师范大学,世界史,A+,found,,4,2017,教育部学位与研究生教育发展中心,upstream_selection,https://github.com/Magicdover/China-Universities-2026/blob/419bdc7ce6956fc88c2b70b3979f170b6666f111/data/uni-special.js
4122010200,东北师范大学,教育学,A-,found,,4,2017,教育部学位与研究生教育发展中心,upstream_selection,https://github.com/Magicdover/China-Universities-2026/blob/419bdc7ce6956fc88c2b70b3979f170b6666f111/data/uni-special.js
4122010200,东北师范大学,生态学,A-,found,,4,2017,教育部学位与研究生教育发展中心,upstream_selection,https://github.com/Magicdover/China-Universities-2026/blob/419bdc7ce6956fc88c2b70b3979f170b6666f111/data/uni-special.js
4122010200,东北师范大学,统计学,A-,found,,4,2017,教育部学位与研究生教育发展中心,upstream_selection,https://github.com/Magicdover/China-Universities-2026/blob/419bdc7ce6956fc88c2b70b3979f170b6666f111/data/uni-special.js
4122010200,东北师范大学,化学,A-,found,,4,2017,教育部学位与研究生教育发展中心,upstream_selection,https://github.com/Magicdover/China-Universities-2026/blob/419bdc7ce6956fc88c2b70b3979f170b6666f111/data/uni-special.js
4151010610,四川大学,口腔医学,A+,found,,4,2017,教育部学位与研究生教育发展中心,upstream_selection,https://github.com/Magicdover/China-Universities-2026/blob/419bdc7ce6956fc88c2b70b3979f170b6666f111/data/universities.js
4151010610,四川大学,马克思主义理论,A,found,,4,2017,教育部学位与研究生教育发展中心,upstream_selection,https://github.com/Magicdover/China-Universities-2026/blob/419bdc7ce6956fc88c2b70b3979f170b6666f111/data/universities.js
4151010610,四川大学,中国语言文学,A,found,,4,2017,教育部学位与研究生教育发展中心,upstream_selection,https://github.com/Magicdover/China-Universities-2026/blob/419bdc7ce6956fc88c2b70b3979f170b6666f111/data/universities.js
4151010610,四川大学,数学,A,found,,4,2017,教育部学位与研究生教育发展中心,upstream_selection,https://github.com/Magicdover/China-Universities-2026/blob/419bdc7ce6956fc88c2b70b3979f170b6666f111/data/universities.js
4151010610,四川大学,基础医学,A,found,,4,2017,教育部学位与研究生教育发展中心,upstream_selection,https://github.com/Magicdover/China-Universities-2026/blob/419bdc7ce6956fc88c2b70b3979f170b6666f111/data/universities.js
4151010610,四川大学,临床医学,A,found,,4,2017,教育部学位与研究生教育发展中心,upstream_selection,https://github.com/Magicdover/China-Universities-2026/blob/419bdc7ce6956fc88c2b70b3979f170b6666f111/data/universities.js
4151010610,四川大学,护理学,A,found,,4,2017,教育部学位与研究生教育发展中心,upstream_selection,https://github.com/Magicdover/China-Universities-2026/blob/419bdc7ce6956fc88c2b70b3979f170b6666f111/data/universities.js
4151010610,四川大学,汉语言,A-,found,,4,2017,教育部学位与研究生教育发展中心,upstream_selection,https://github.com/Magicdover/China-Universities-2026/blob/419bdc7ce6956fc88c2b70b3979f170b6666f111/data/universities.js
4151010610,四川大学,化学,A-,found,,4,2017,教育部学位与研究生教育发展中心,upstream_selection,https://github.com/Magicdover/China-Universities-2026/blob/419bdc7ce6956fc88c2b70b3979f170b6666f111/data/universities.js
4151010610,四川大学,材料科学与工程,A-,found,,4,2017,教育部学位与研究生教育发展中心,upstream_selection,https://github.com/Magicdover/China-Universities-2026/blob/419bdc7ce6956fc88c2b70b3979f170b6666f111/data/universities.js
4151010610,四川大学,轻工技术与工程,A-,found,,4,2017,教育部学位与研究生教育发展中心,upstream_selection,https://github.com/Magicdover/China-Universities-2026/blob/419bdc7ce6956fc88c2b70b3979f170b6666f111/data/universities.js
4151010610,四川大学,软件工程,A-,found,,4,2017,教育部学位与研究生教育发展中心,upstream_selection,https://github.com/Magicdover/China-Universities-2026/blob/419bdc7ce6956fc88c2b70b3979f170b6666f111/data/universities.js
4151010610,四川大学,药学,A-,found,,4,2017,教育部学位与研究生教育发展中心,upstream_selection,https://github.com/Magicdover/China-Universities-2026/blob/419bdc7ce6956fc88c2b70b3979f170b6666f111/data/universities.js
4151010610,四川大学,管理科学与工程,A-,found,,4,2017,教育部学位与研究生教育发展中心,upstream_selection,https://github.com/Magicdover/China-Universities-2026/blob/419bdc7ce6956fc88c2b70b3979f170b6666f111/data/universities.js
4151010613,西南交通大学,交通运输工程,A+,found,,4,2017,教育部学位与研究生教育发展中心,upstream_selection,https://github.com/Magicdover/China-Universities-2026/blob/419bdc7ce6956fc88c2b70b3979f170b6666f111/data/uni-211.js
4151010613,西南交通大学,土木工程,A-,found,,4,2017,教育部学位与研究生教育发展中心,upstream_selection,https://github.com/Magicdover/China-Universities-2026/blob/419bdc7ce6956fc88c2b70b3979f170b6666f111/data/uni-211.js
4151010613,西南交通大学,机械工程,A-,found,,4,2017,教育部学位与研究生教育发展中心,upstream_selection,https://github.com/Magicdover/China-Universities-2026/blob/419bdc7ce6956fc88c2b70b3979f170b6666f111/data/uni-211.js
4151010613,西南交通大学,电气工程,A-,found,,4,2017,教育部学位与研究生教育发展中心,upstream_selection,https://github.com/Magicdover/China-Universities-2026/blob/419bdc7ce6956fc88c2b70b3979f170b6666f111/data/uni-211.js
4151010614,电子科技大学,电子科学与技术,A+,found,,4,2017,教育部学位与研究生教育发展中心,upstream_selection,https://github.com/Magicdover/China-Universities-2026/blob/419bdc7ce6956fc88c2b70b3979f170b6666f111/data/universities.js
4151010614,电子科技大学,信息与通信工程,A+,found,,4,2017,教育部学位与研究生教育发展中心,upstream_selection,https://github.com/Magicdover/China-Universities-2026/blob/419bdc7ce6956fc88c2b70b3979f170b6666f111/data/universities.js
4151010614,电子科技大学,光学工程,A,found,,4,2017,教育部学位与研究生教育发展中心,upstream_selection,https://github.com/Magicdover/China-Universities-2026/blob/419bdc7ce6956fc88c2b70b3979f170b6666f111/data/universities.js
4151010614,电子科技大学,计算机科学与技术,A,found,,4,2017,教育部学位与研究生教育发展中心,upstream_selection,https://github.com/Magicdover/China-Universities-2026/blob/419bdc7ce6956fc88c2b70b3979f170b6666f111/data/universities.js
4151010614,电子科技大学,仪器科学与技术,A-,found,,4,2017,教育部学位与研究生教育发展中心,upstream_selection,https://github.com/Magicdover/China-Universities-2026/blob/419bdc7ce6956fc88c2b70b3979f170b6666f111/data/universities.js
4151010614,电子科技大学,控制科学与工程,A-,found,,4,2017,教育部学位与研究生教育发展中心,upstream_selection,https://github.com/Magicdover/China-Universities-2026/blob/419bdc7ce6956fc88c2b70b3979f170b6666f111/data/universities.js
4151010614,电子科技大学,软件工程,A-,found,,4,2017,教育部学位与研究生教育发展中心,upstream_selection,https://github.com/Magicdover/China-Universities-2026/blob/419bdc7ce6956fc88c2b70b3979f170b6666f111/data/universities.js
4151010614,电子科技大学,管理科学与工程,A-,found,,4,2017,教育部学位与研究生教育发展中心,upstream_selection,https://github.com/Magicdover/China-Universities-2026/blob/419bdc7ce6956fc88c2b70b3979f170b6666f111/data/universities.js
4151010616,成都理工大学,地质学,A-,found,,4,2017,教育部学位与研究生教育发展中心,upstream_selection,https://github.com/Magicdover/China-Universities-2026/blob/419bdc7ce6956fc88c2b70b3979f170b6666f111/data/uni-extra.js
4151010616,成都理工大学,地质资源与地质工程,A-,found,,4,2017,教育部学位与研究生教育发展中心,upstream_selection,https://github.com/Magicdover/China-Universities-2026/blob/419bdc7ce6956fc88c2b70b3979f170b6666f111/data/uni-extra.js
4151010626,四川农业大学,作物学,A-,found,,4,2017,教育部学位与研究生教育发展中心,upstream_selection,https://github.com/Magicdover/China-Universities-2026/blob/419bdc7ce6956fc88c2b70b3979f170b6666f111/data/uni-special.js
4151010633,成都中医药大学,中药学,A-,found,,4,2017,教育部学位与研究生教育发展中心,upstream_selection,https://github.com/Magicdover/China-Universities-2026/blob/419bdc7ce6956fc88c2b70b3979f170b6666f111/data/uni-extra.js
4151010651,西南财经大学,应用经济学,A-,found,,4,2017,教育部学位与研究生教育发展中心,upstream_selection,https://github.com/Magicdover/China-Universities-2026/blob/419bdc7ce6956fc88c2b70b3979f170b6666f111/data/uni-special.js
4151010651,西南财经大学,工商管理,A-,found,,4,2017,教育部学位与研究生教育发展中心,upstream_selection,https://github.com/Magicdover/China-Universities-2026/blob/419bdc7ce6956fc88c2b70b3979f170b6666f111/data/uni-special.js
4112010055,南开大学,世界史,A+,found,,4,2017,教育部学位与研究生教育发展中心,upstream_selection,https://github.com/Magicdover/China-Universities-2026/blob/419bdc7ce6956fc88c2b70b3979f170b6666f111/data/universities.js
4112010055,南开大学,数学,A+,found,,4,2017,教育部学位与研究生教育发展中心,upstream_selection,https://github.com/Magicdover/China-Universities-2026/blob/419bdc7ce6956fc88c2b70b3979f170b6666f111/data/universities.js
4112010055,南开大学,化学,A+,found,,4,2017,教育部学位与研究生教育发展中心,upstream_selection,https://github.com/Magicdover/China-Universities-2026/blob/419bdc7ce6956fc88c2b70b3979f170b6666f111/data/universities.js
4112010055,南开大学,统计学,A+,found,,4,2017,教育部学位与研究生教育发展中心,upstream_selection,https://github.com/Magicdover/China-Universities-2026/blob/419bdc7ce6956fc88c2b70b3979f170b6666f111/data/universities.js
4112010055,南开大学,理论经济学,A,found,,4,2017,教育部学位与研究生教育发展中心,upstream_selection,https://github.com/Magicdover/China-Universities-2026/blob/419bdc7ce6956fc88c2b70b3979f170b6666f111/data/universities.js
4112010055,南开大学,应用经济学,A,found,,4,2017,教育部学位与研究生教育发展中心,upstream_selection,https://github.com/Magicdover/China-Universities-2026/blob/419bdc7ce6956fc88c2b70b3979f170b6666f111/data/universities.js
4112010055,南开大学,政治学,A,found,,4,2017,教育部学位与研究生教育发展中心,upstream_selection,https://github.com/Magicdover/China-Universities-2026/blob/419bdc7ce6956fc88c2b70b3979f170b6666f111/data/universities.js
4112010055,南开大学,马克思主义理论,A,found,,4,2017,教育部学位与研究生教育发展中心,upstream_selection,https://github.com/Magicdover/China-Universities-2026/blob/419bdc7ce6956fc88c2b70b3979f170b6666f111/data/universities.js
4112010055,南开大学,光学工程,A,found,,4,2017,教育部学位与研究生教育发展中心,upstream_selection,https://github.com/Magicdover/China-Universities-2026/blob/419bdc7ce6956fc88c2b70b3979f170b6666f111/data/universities.js
4112010055,南开大学,工商管理,A,found,,4,2017,教育部学位与研究生教育发展中心,upstream_selection,https://github.com/Magicdover/China-Universities-2026/blob/419bdc7ce6956fc88c2b70b3979f170b6666f111/data/universities.js
4112010055,南开大学,哲学,A-,found,,4,2017,教育部学位与研究生教育发展中心,upstream_selection,https://github.com/Magicdover/China-Universities-2026/blob/419bdc7ce6956fc88c2b70b3979f170b6666f111/data/universities.js
4112010055,南开大学,中国语言文学,A-,found,,4,2017,教育部学位与研究生教育发展中心,upstream_selection,https://github.com/Magicdover/China-Universities-2026/blob/419bdc7ce6956fc88c2b70b3979f170b6666f111/data/universities.js
4112010055,南开大学,物理学,A-,found,,4,2017,教育部学位与研究生教育发展中心,upstream_selection,https://github.com/Magicdover/China-Universities-2026/blob/419bdc7ce6956fc88c2b70b3979f170b6666f111/data/universities.js
4112010055,南开大学,生物学,A-,found,,4,2017,教育部学位与研究生教育发展中心,upstream_selection,https://github.com/Magicdover/China-Universities-2026/blob/419bdc7ce6956fc88c2b70b3979f170b6666f111/data/universities.js
4112010055,南开大学,环境科学与工程,A-,found,,4,2017,教育部学位与研究生教育发展中心,upstream_selection,https://github.com/Magicdover/China-Universities-2026/blob/419bdc7ce6956fc88c2b70b3979f170b6666f111/data/universities.js
4112010056,天津大学,化学工程与技术,A+,found,,4,2017,教育部学位与研究生教育发展中心,upstream_selection,https://github.com/Magicdover/China-Universities-2026/blob/419bdc7ce6956fc88c2b70b3979f170b6666f111/data/universities.js
4112010056,天津大学,仪器科学与技术,A+,found,,4,2017,教育部学位与研究生教育发展中心,upstream_selection,https://github.com/Magicdover/China-Universities-2026/blob/419bdc7ce6956fc88c2b70b3979f170b6666f111/data/universities.js
4112010056,天津大学,建筑学,A,found,,4,2017,教育部学位与研究生教育发展中心,upstream_selection,https://github.com/Magicdover/China-Universities-2026/blob/419bdc7ce6956fc88c2b70b3979f170b6666f111/data/universities.js
4112010056,天津大学,材料科学与工程,A,found,,4,2017,教育部学位与研究生教育发展中心,upstream_selection,https://github.com/Magicdover/China-Universities-2026/blob/419bdc7ce6956fc88c2b70b3979f170b6666f111/data/universities.js
4112010056,天津大学,管理科学与工程,A,found,,4,2017,教育部学位与研究生教育发展中心,upstream_selection,https://github.com/Magicdover/China-Universities-2026/blob/419bdc7ce6956fc88c2b70b3979f170b6666f111/data/universities.js
4112010056,天津大学,软件工程,A,found,,4,2017,教育部学位与研究生教育发展中心,upstream_selection,https://github.com/Magicdover/China-Universities-2026/blob/419bdc7ce6956fc88c2b70b3979f170b6666f111/data/universities.js
4112010056,天津大学,力学,A-,found,,4,2017,教育部学位与研究生教育发展中心,upstream_selection,https://github.com/Magicdover/China-Universities-2026/blob/419bdc7ce6956fc88c2b70b3979f170b6666f111/data/universities.js
4112010056,天津大学,机械工程,A-,found,,4,2017,教育部学位与研究生教育发展中心,upstream_selection,https://github.com/Magicdover/China-Universities-2026/blob/419bdc7ce6956fc88c2b70b3979f170b6666f111/data/universities.js
4112010056,天津大学,光学工程,A-,found,,4,2017,教育部学位与研究生教育发展中心,upstream_selection,https://github.com/Magicdover/China-Universities-2026/blob/419bdc7ce6956fc88c2b70b3979f170b6666f111/data/universities.js
4112010056,天津大学,动力工程及工程热物理,A-,found,,4,2017,教育部学位与研究生教育发展中心,upstream_selection,https://github.com/Magicdover/China-Universities-2026/blob/419bdc7ce6956fc88c2b70b3979f170b6666f111/data/universities.js
4112010056,天津大学,土木工程,A-,found,,4,2017,教育部学位与研究生教育发展中心,upstream_selection,https://github.com/Magicdover/China-Universities-2026/blob/419bdc7ce6956fc88c2b70b3979f170b6666f111/data/universities.js
4112010056,天津大学,环境科学与工程,A-,found,,4,2017,教育部学位与研究生教育发展中心,upstream_selection,https://github.com/Magicdover/China-Universities-2026/blob/419bdc7ce6956fc88c2b70b3979f170b6666f111/data/universities.js
4112010058,天津工业大学,纺织科学与工程,A-,found,,4,2017,教育部学位与研究生教育发展中心,upstream_selection,https://github.com/Magicdover/China-Universities-2026/blob/419bdc7ce6956fc88c2b70b3979f170b6666f111/data/uni-extra.js
4112010058,天津工业大学,材料科学与工程,A-,found,,4,2017,教育部学位与研究生教育发展中心,upstream_selection,https://github.com/Magicdover/China-Universities-2026/blob/419bdc7ce6956fc88c2b70b3979f170b6666f111/data/uni-extra.js
4112010063,天津中医药大学,中药学,A-,found,,4,2017,教育部学位与研究生教育发展中心,upstream_selection,https://github.com/Magicdover/China-Universities-2026/blob/419bdc7ce6956fc88c2b70b3979f170b6666f111/data/uni-extra2.js
4112010063,天津中医药大学,中医学,A-,found,,4,2017,教育部学位与研究生教育发展中心,upstream_selection,https://github.com/Magicdover/China-Universities-2026/blob/419bdc7ce6956fc88c2b70b3979f170b6666f111/data/uni-extra2.js
4134010357,安徽大学,计算机科学与技术,A-,found,,4,2017,教育部学位与研究生教育发展中心,upstream_selection,https://github.com/Magicdover/China-Universities-2026/blob/419bdc7ce6956fc88c2b70b3979f170b6666f111/data/uni-211.js
4134010357,安徽大学,材料科学与工程,A-,found,,4,2017,教育部学位与研究生教育发展中心,upstream_selection,https://github.com/Magicdover/China-Universities-2026/blob/419bdc7ce6956fc88c2b70b3979f170b6666f111/data/uni-211.js
4134010358,中国科学技术大学,物理学,A+,found,,4,2017,教育部学位与研究生教育发展中心,upstream_selection,https://github.com/Magicdover/China-Universities-2026/blob/419bdc7ce6956fc88c2b70b3979f170b6666f111/data/universities.js
4134010358,中国科学技术大学,化学,A+,found,,4,2017,教育部学位与研究生教育发展中心,upstream_selection,https://github.com/Magicdover/China-Universities-2026/blob/419bdc7ce6956fc88c2b70b3979f170b6666f111/data/universities.js
4134010358,中国科学技术大学,天文学,A+,found,,4,2017,教育部学位与研究生教育发展中心,upstream_selection,https://github.com/Magicdover/China-Universities-2026/blob/419bdc7ce6956fc88c2b70b3979f170b6666f111/data/universities.js
4134010358,中国科学技术大学,科学技术史,A+,found,,4,2017,教育部学位与研究生教育发展中心,upstream_selection,https://github.com/Magicdover/China-Universities-2026/blob/419bdc7ce6956fc88c2b70b3979f170b6666f111/data/universities.js
4134010358,中国科学技术大学,地球物理学,A+,found,,4,2017,教育部学位与研究生教育发展中心,upstream_selection,https://github.com/Magicdover/China-Universities-2026/blob/419bdc7ce6956fc88c2b70b3979f170b6666f111/data/universities.js
4134010358,中国科学技术大学,核科学与技术,A+,found,,4,2017,教育部学位与研究生教育发展中心,upstream_selection,https://github.com/Magicdover/China-Universities-2026/blob/419bdc7ce6956fc88c2b70b3979f170b6666f111/data/universities.js
4134010358,中国科学技术大学,安全科学与工程,A+,found,,4,2017,教育部学位与研究生教育发展中心,upstream_selection,https://github.com/Magicdover/China-Universities-2026/blob/419bdc7ce6956fc88c2b70b3979f170b6666f111/data/universities.js
4134010358,中国科学技术大学,数学,A,found,,4,2017,教育部学位与研究生教育发展中心,upstream_selection,https://github.com/Magicdover/China-Universities-2026/blob/419bdc7ce6956fc88c2b70b3979f170b6666f111/data/universities.js
4134010358,中国科学技术大学,生物学,A,found,,4,2017,教育部学位与研究生教育发展中心,upstream_selection,https://github.com/Magicdover/China-Universities-2026/blob/419bdc7ce6956fc88c2b70b3979f170b6666f111/data/universities.js
4134010358,中国科学技术大学,计算机科学与技术,A,found,,4,2017,教育部学位与研究生教育发展中心,upstream_selection,https://github.com/Magicdover/China-Universities-2026/blob/419bdc7ce6956fc88c2b70b3979f170b6666f111/data/universities.js
4134010358,中国科学技术大学,管理科学与工程,A,found,,4,2017,教育部学位与研究生教育发展中心,upstream_selection,https://github.com/Magicdover/China-Universities-2026/blob/419bdc7ce6956fc88c2b70b3979f170b6666f111/data/universities.js
4134010358,中国科学技术大学,材料科学与工程,A-,found,,4,2017,教育部学位与研究生教育发展中心,upstream_selection,https://github.com/Magicdover/China-Universities-2026/blob/419bdc7ce6956fc88c2b70b3979f170b6666f111/data/universities.js
4134010358,中国科学技术大学,信息与通信工程,A-,found,,4,2017,教育部学位与研究生教育发展中心,upstream_selection,https://github.com/Magicdover/China-Universities-2026/blob/419bdc7ce6956fc88c2b70b3979f170b6666f111/data/universities.js
4134010358,中国科学技术大学,统计学,A-,found,,4,2017,教育部学位与研究生教育发展中心,upstream_selection,https://github.com/Magicdover/China-Universities-2026/blob/419bdc7ce6956fc88c2b70b3979f170b6666f111/data/universities.js
4134010358,中国科学技术大学,力学,A-,found,,4,2017,教育部学位与研究生教育发展中心,upstream_selection,https://github.com/Magicdover/China-Universities-2026/blob/419bdc7ce6956fc88c2b70b3979f170b6666f111/data/universities.js
4134010359,合肥工业大学,管理科学与工程,A-,found,,4,2017,教育部学位与研究生教育发展中心,upstream_selection,https://github.com/Magicdover/China-Universities-2026/blob/419bdc7ce6956fc88c2b70b3979f170b6666f111/data/uni-211.js
4134010359,合肥工业大学,机械工程,A-,found,,4,2017,教育部学位与研究生教育发展中心,upstream_selection,https://github.com/Magicdover/China-Universities-2026/blob/419bdc7ce6956fc88c2b70b3979f170b6666f111/data/uni-211.js
4134010359,合肥工业大学,电气工程,A-,found,,4,2017,教育部学位与研究生教育发展中心,upstream_selection,https://github.com/Magicdover/China-Universities-2026/blob/419bdc7ce6956fc88c2b70b3979f170b6666f111/data/uni-211.js
4137010422,山东大学,数学,A+,found,,4,2017,教育部学位与研究生教育发展中心,upstream_selection,https://github.com/Magicdover/China-Universities-2026/blob/419bdc7ce6956fc88c2b70b3979f170b6666f111/data/universities.js
4137010422,山东大学,中国语言文学,A,found,,4,2017,教育部学位与研究生教育发展中心,upstream_selection,https://github.com/Magicdover/China-Universities-2026/blob/419bdc7ce6956fc88c2b70b3979f170b6666f111/data/universities.js
4137010422,山东大学,马克思主义理论,A,found,,4,2017,教育部学位与研究生教育发展中心,upstream_selection,https://github.com/Magicdover/China-Universities-2026/blob/419bdc7ce6956fc88c2b70b3979f170b6666f111/data/universities.js
4137010422,山东大学,化学,A,found,,4,2017,教育部学位与研究生教育发展中心,upstream_selection,https://github.com/Magicdover/China-Universities-2026/blob/419bdc7ce6956fc88c2b70b3979f170b6666f111/data/universities.js
4137010422,山东大学,控制科学与工程,A,found,,4,2017,教育部学位与研究生教育发展中心,upstream_selection,https://github.com/Magicdover/China-Universities-2026/blob/419bdc7ce6956fc88c2b70b3979f170b6666f111/data/universities.js
4137010422,山东大学,理论经济学,A-,found,,4,2017,教育部学位与研究生教育发展中心,upstream_selection,https://github.com/Magicdover/China-Universities-2026/blob/419bdc7ce6956fc88c2b70b3979f170b6666f111/data/universities.js
4137010422,山东大学,中国史,A-,found,,4,2017,教育部学位与研究生教育发展中心,upstream_selection,https://github.com/Magicdover/China-Universities-2026/blob/419bdc7ce6956fc88c2b70b3979f170b6666f111/data/universities.js
4137010422,山东大学,物理学,A-,found,,4,2017,教育部学位与研究生教育发展中心,upstream_selection,https://github.com/Magicdover/China-Universities-2026/blob/419bdc7ce6956fc88c2b70b3979f170b6666f111/data/universities.js
4137010422,山东大学,机械工程,A-,found,,4,2017,教育部学位与研究生教育发展中心,upstream_selection,https://github.com/Magicdover/China-Universities-2026/blob/419bdc7ce6956fc88c2b70b3979f170b6666f111/data/universities.js
4137010422,山东大学,材料科学与工程,A-,found,,4,2017,教育部学位与研究生教育发展中心,upstream_selection,https://github.com/Magicdover/China-Universities-2026/blob/419bdc7ce6956fc88c2b70b3979f170b6666f111/data/universities.js
4137010422,山东大学,管理科学与工程,A-,found,,4,2017,教育部学位与研究生教育发展中心,upstream_selection,https://github.com/Magicdover/China-Universities-2026/blob/419bdc7ce6956fc88c2b70b3979f170b6666f111/data/universities.js
4137010422,山东大学,临床医学,A-,found,,4,2017,教育部学位与研究生教育发展中心,upstream_selection,https://github.com/Magicdover/China-Universities-2026/blob/419bdc7ce6956fc88c2b70b3979f170b6666f111/data/universities.js
4137010423,中国海洋大学,海洋科学,A+,found,,4,2017,教育部学位与研究生教育发展中心,upstream_selection,https://github.com/Magicdover/China-Universities-2026/blob/419bdc7ce6956fc88c2b70b3979f170b6666f111/data/universities.js
4137010423,中国海洋大学,水产,A+,found,,4,2017,教育部学位与研究生教育发展中心,upstream_selection,https://github.com/Magicdover/China-Universities-2026/blob/419bdc7ce6956fc88c2b70b3979f170b6666f111/data/universities.js
4137010423,中国海洋大学,食品科学与工程,A-,found,,4,2017,教育部学位与研究生教育发展中心,upstream_selection,https://github.com/Magicdover/China-Universities-2026/blob/419bdc7ce6956fc88c2b70b3979f170b6666f111/data/universities.js
4137010423,中国海洋大学,药学,A-,found,,4,2017,教育部学位与研究生教育发展中心,upstream_selection,https://github.com/Magicdover/China-Universities-2026/blob/419bdc7ce6956fc88c2b70b3979f170b6666f111/data/universities.js
4137010425,中国石油大学(华东),石油与天然气工程,A+,found,,4,2017,教育部学位与研究生教育发展中心,upstream_selection,https://github.com/Magicdover/China-Universities-2026/blob/419bdc7ce6956fc88c2b70b3979f170b6666f111/data/uni-211.js
4137010425,中国石油大学(华东),地质资源与地质工程,A,found,,4,2017,教育部学位与研究生教育发展中心,upstream_selection,https://github.com/Magicdover/China-Universities-2026/blob/419bdc7ce6956fc88c2b70b3979f170b6666f111/data/uni-211.js
4137010425,中国石油大学(华东),化学工程与技术,A-,found,,4,2017,教育部学位与研究生教育发展中心,upstream_selection,https://github.com/Magicdover/China-Universities-2026/blob/419bdc7ce6956fc88c2b70b3979f170b6666f111/data/uni-211.js
4114010108,山西大学,哲学,A-,found,,4,2017,教育部学位与研究生教育发展中心,upstream_selection,https://github.com/Magicdover/China-Universities-2026/blob/419bdc7ce6956fc88c2b70b3979f170b6666f111/data/uni-extra.js
4114010108,山西大学,物理学,A-,found,,4,2017,教育部学位与研究生教育发展中心,upstream_selection,https://github.com/Magicdover/China-Universities-2026/blob/419bdc7ce6956fc88c2b70b3979f170b6666f111/data/uni-extra.js
4114010112,太原理工大学,化学工程与技术,A-,found,,4,2017,教育部学位与研究生教育发展中心,upstream_selection,https://github.com/Magicdover/China-Universities-2026/blob/419bdc7ce6956fc88c2b70b3979f170b6666f111/data/uni-211.js
4114010112,太原理工大学,机械工程,A-,found,,4,2017,教育部学位与研究生教育发展中心,upstream_selection,https://github.com/Magicdover/China-Universities-2026/blob/419bdc7ce6956fc88c2b70b3979f170b6666f111/data/uni-211.js
4144010558,中山大学,工商管理,A+,found,,4,2017,教育部学位与研究生教育发展中心,upstream_selection,https://github.com/Magicdover/China-Universities-2026/blob/419bdc7ce6956fc88c2b70b3979f170b6666f111/data/universities.js
4144010558,中山大学,生态学,A+,found,,4,2017,教育部学位与研究生教育发展中心,upstream_selection,https://github.com/Magicdover/China-Universities-2026/blob/419bdc7ce6956fc88c2b70b3979f170b6666f111/data/universities.js
4144010558,中山大学,哲学,A,found,,4,2017,教育部学位与研究生教育发展中心,upstream_selection,https://github.com/Magicdover/China-Universities-2026/blob/419bdc7ce6956fc88c2b70b3979f170b6666f111/data/universities.js
4144010558,中山大学,马克思主义理论,A,found,,4,2017,教育部学位与研究生教育发展中心,upstream_selection,https://github.com/Magicdover/China-Universities-2026/blob/419bdc7ce6956fc88c2b70b3979f170b6666f111/data/universities.js
4144010558,中山大学,中国语言文学,A,found,,4,2017,教育部学位与研究生教育发展中心,upstream_selection,https://github.com/Magicdover/China-Universities-2026/blob/419bdc7ce6956fc88c2b70b3979f170b6666f111/data/universities.js
4144010558,中山大学,数学,A,found,,4,2017,教育部学位与研究生教育发展中心,upstream_selection,https://github.com/Magicdover/China-Universities-2026/blob/419bdc7ce6956fc88c2b70b3979f170b6666f111/data/universities.js
4144010558,中山大学,生物学,A,found,,4,2017,教育部学位与研究生教育发展中心,upstream_selection,https://github.com/Magicdover/China-Universities-2026/blob/419bdc7ce6956fc88c2b70b3979f170b6666f111/data/universities.js
4144010558,中山大学,基础医学,A,found,,4,2017,教育部学位与研究生教育发展中心,upstream_selection,https://github.com/Magicdover/China-Universities-2026/blob/419bdc7ce6956fc88c2b70b3979f170b6666f111/data/universities.js
4144010558,中山大学,临床医学,A,found,,4,2017,教育部学位与研究生教育发展中心,upstream_selection,https://github.com/Magicdover/China-Universities-2026/blob/419bdc7ce6956fc88c2b70b3979f170b6666f111/data/universities.js
4144010558,中山大学,公共管理,A,found,,4,2017,教育部学位与研究生教育发展中心,upstream_selection,https://github.com/Magicdover/China-Universities-2026/blob/419bdc7ce6956fc88c2b70b3979f170b6666f111/data/universities.js
4144010558,中山大学,理论经济学,A-,found,,4,2017,教育部学位与研究生教育发展中心,upstream_selection,https://github.com/Magicdover/China-Universities-2026/blob/419bdc7ce6956fc88c2b70b3979f170b6666f111/data/universities.js
4144010558,中山大学,社会学,A-,found,,4,2017,教育部学位与研究生教育发展中心,upstream_selection,https://github.com/Magicdover/China-Universities-2026/blob/419bdc7ce6956fc88c2b70b3979f170b6666f111/data/universities.js
4144010558,中山大学,物理学,A-,found,,4,2017,教育部学位与研究生教育发展中心,upstream_selection,https://github.com/Magicdover/China-Universities-2026/blob/419bdc7ce6956fc88c2b70b3979f170b6666f111/data/universities.js
4144010558,中山大学,化学,A-,found,,4,2017,教育部学位与研究生教育发展中心,upstream_selection,https://github.com/Magicdover/China-Universities-2026/blob/419bdc7ce6956fc88c2b70b3979f170b6666f111/data/universities.js
4144010558,中山大学,材料科学与工程,A-,found,,4,2017,教育部学位与研究生教育发展中心,upstream_selection,https://github.com/Magicdover/China-Universities-2026/blob/419bdc7ce6956fc88c2b70b3979f170b6666f111/data/universities.js
4144010558,中山大学,环境科学与工程,A-,found,,4,2017,教育部学位与研究生教育发展中心,upstream_selection,https://github.com/Magicdover/China-Universities-2026/blob/419bdc7ce6956fc88c2b70b3979f170b6666f111/data/universities.js
4144010558,中山大学,药学,A-,found,,4,2017,教育部学位与研究生教育发展中心,upstream_selection,https://github.com/Magicdover/China-Universities-2026/blob/419bdc7ce6956fc88c2b70b3979f170b6666f111/data/universities.js
4144010559,暨南大学,新闻传播学,A-,found,,4,2017,教育部学位与研究生教育发展中心,upstream_selection,https://github.com/Magicdover/China-Universities-2026/blob/419bdc7ce6956fc88c2b70b3979f170b6666f111/data/uni-211.js
4144010559,暨南大学,应用经济学,A-,found,,4,2017,教育部学位与研究生教育发展中心,upstream_selection,https://github.com/Magicdover/China-Universities-2026/blob/419bdc7ce6956fc88c2b70b3979f170b6666f111/data/uni-211.js
4144010559,暨南大学,药学,A-,found,,4,2017,教育部学位与研究生教育发展中心,upstream_selection,https://github.com/Magicdover/China-Universities-2026/blob/419bdc7ce6956fc88c2b70b3979f170b6666f111/data/uni-211.js
4144010561,华南理工大学,轻工技术与工程,A+,found,,4,2017,教育部学位与研究生教育发展中心,upstream_selection,https://github.com/Magicdover/China-Universities-2026/blob/419bdc7ce6956fc88c2b70b3979f170b6666f111/data/universities.js
4144010561,华南理工大学,材料科学与工程,A,found,,4,2017,教育部学位与研究生教育发展中心,upstream_selection,https://github.com/Magicdover/China-Universities-2026/blob/419bdc7ce6956fc88c2b70b3979f170b6666f111/data/universities.js
4144010561,华南理工大学,化学工程与技术,A,found,,4,2017,教育部学位与研究生教育发展中心,upstream_selection,https://github.com/Magicdover/China-Universities-2026/blob/419bdc7ce6956fc88c2b70b3979f170b6666f111/data/universities.js
4144010561,华南理工大学,食品科学与工程,A,found,,4,2017,教育部学位与研究生教育发展中心,upstream_selection,https://github.com/Magicdover/China-Universities-2026/blob/419bdc7ce6956fc88c2b70b3979f170b6666f111/data/universities.js
4144010561,华南理工大学,管理科学与工程,A,found,,4,2017,教育部学位与研究生教育发展中心,upstream_selection,https://github.com/Magicdover/China-Universities-2026/blob/419bdc7ce6956fc88c2b70b3979f170b6666f111/data/universities.js
4144010561,华南理工大学,数学,A-,found,,4,2017,教育部学位与研究生教育发展中心,upstream_selection,https://github.com/Magicdover/China-Universities-2026/blob/419bdc7ce6956fc88c2b70b3979f170b6666f111/data/universities.js
4144010561,华南理工大学,机械工程,A-,found,,4,2017,教育部学位与研究生教育发展中心,upstream_selection,https://github.com/Magicdover/China-Universities-2026/blob/419bdc7ce6956fc88c2b70b3979f170b6666f111/data/universities.js
4144010561,华南理工大学,建筑学,A-,found,,4,2017,教育部学位与研究生教育发展中心,upstream_selection,https://github.com/Magicdover/China-Universities-2026/blob/419bdc7ce6956fc88c2b70b3979f170b6666f111/data/universities.js
4144010561,华南理工大学,土木工程,A-,found,,4,2017,教育部学位与研究生教育发展中心,upstream_selection,https://github.com/Magicdover/China-Universities-2026/blob/419bdc7ce6956fc88c2b70b3979f170b6666f111/data/universities.js
4144010561,华南理工大学,环境科学与工程,A-,found,,4,2017,教育部学位与研究生教育发展中心,upstream_selection,https://github.com/Magicdover/China-Universities-2026/blob/419bdc7ce6956fc88c2b70b3979f170b6666f111/data/universities.js
4144010561,华南理工大学,计算机科学与技术,A-,found,,4,2017,教育部学位与研究生教育发展中心,upstream_selection,https://github.com/Magicdover/China-Universities-2026/blob/419bdc7ce6956fc88c2b70b3979f170b6666f111/data/universities.js
4144010561,华南理工大学,工商管理,A-,found,,4,2017,教育部学位与研究生教育发展中心,upstream_selection,https://github.com/Magicdover/China-Universities-2026/blob/419bdc7ce6956fc88c2b70b3979f170b6666f111/data/universities.js
4144010564,华南农业大学,兽医学,A-,found,,4,2017,教育部学位与研究生教育发展中心,upstream_selection,https://github.com/Magicdover/China-Universities-2026/blob/419bdc7ce6956fc88c2b70b3979f170b6666f111/data/uni-special.js
4144010564,华南农业大学,作物学,A-,found,,4,2017,教育部学位与研究生教育发展中心,upstream_selection,https://github.com/Magicdover/China-Universities-2026/blob/419bdc7ce6956fc88c2b70b3979f170b6666f111/data/uni-special.js
4144010570,广州医科大学,临床医学,A-,found,,4,2017,教育部学位与研究生教育发展中心,upstream_selection,https://github.com/Magicdover/China-Universities-2026/blob/419bdc7ce6956fc88c2b70b3979f170b6666f111/data/uni-extra.js
4144010572,广州中医药大学,中医学,A-,found,,4,2017,教育部学位与研究生教育发展中心,upstream_selection,https://github.com/Magicdover/China-Universities-2026/blob/419bdc7ce6956fc88c2b70b3979f170b6666f111/data/uni-extra.js
4144010572,广州中医药大学,中西医结合,A-,found,,4,2017,教育部学位与研究生教育发展中心,upstream_selection,https://github.com/Magicdover/China-Universities-2026/blob/419bdc7ce6956fc88c2b70b3979f170b6666f111/data/uni-extra.js
4144010574,华南师范大学,物理学,A-,found,,4,2017,教育部学位与研究生教育发展中心,upstream_selection,https://github.com/Magicdover/China-Universities-2026/blob/419bdc7ce6956fc88c2b70b3979f170b6666f111/data/uni-special.js
4144010574,华南师范大学,心理学,A-,found,,4,2017,教育部学位与研究生教育发展中心,upstream_selection,https://github.com/Magicdover/China-Universities-2026/blob/419bdc7ce6956fc88c2b70b3979f170b6666f111/data/uni-special.js
4144010574,华南师范大学,教育学,A-,found,,4,2017,教育部学位与研究生教育发展中心,upstream_selection,https://github.com/Magicdover/China-Universities-2026/blob/419bdc7ce6956fc88c2b70b3979f170b6666f111/data/uni-special.js
4144010574,华南师范大学,马克思主义理论,A-,found,,4,2017,教育部学位与研究生教育发展中心,upstream_selection,https://github.com/Magicdover/China-Universities-2026/blob/419bdc7ce6956fc88c2b70b3979f170b6666f111/data/uni-special.js
4145010593,广西大学,土木工程,A-,found,,4,2017,教育部学位与研究生教育发展中心,upstream_selection,https://github.com/Magicdover/China-Universities-2026/blob/419bdc7ce6956fc88c2b70b3979f170b6666f111/data/uni-211.js
4165010755,新疆大学,马克思主义理论,A-,found,,4,2017,教育部学位与研究生教育发展中心,upstream_selection,https://github.com/Magicdover/China-Universities-2026/blob/419bdc7ce6956fc88c2b70b3979f170b6666f111/data/uni-211.js
4132010284,南京大学,物理学,A+,found,,4,2017,教育部学位与研究生教育发展中心,upstream_selection,https://github.com/Magicdover/China-Universities-2026/blob/419bdc7ce6956fc88c2b70b3979f170b6666f111/data/universities.js
4132010284,南京大学,天文学,A+,found,,4,2017,教育部学位与研究生教育发展中心,upstream_selection,https://github.com/Magicdover/China-Universities-2026/blob/419bdc7ce6956fc88c2b70b3979f170b6666f111/data/universities.js
4132010284,南京大学,地质学,A+,found,,4,2017,教育部学位与研究生教育发展中心,upstream_selection,https://github.com/Magicdover/China-Universities-2026/blob/419bdc7ce6956fc88c2b70b3979f170b6666f111/data/universities.js
4132010284,南京大学,大气科学,A+,found,,4,2017,教育部学位与研究生教育发展中心,upstream_selection,https://github.com/Magicdover/China-Universities-2026/blob/419bdc7ce6956fc88c2b70b3979f170b6666f111/data/universities.js
4132010284,南京大学,图书情报与档案管理,A+,found,,4,2017,教育部学位与研究生教育发展中心,upstream_selection,https://github.com/Magicdover/China-Universities-2026/blob/419bdc7ce6956fc88c2b70b3979f170b6666f111/data/universities.js
4132010284,南京大学,哲学,A,found,,4,2017,教育部学位与研究生教育发展中心,upstream_selection,https://github.com/Magicdover/China-Universities-2026/blob/419bdc7ce6956fc88c2b70b3979f170b6666f111/data/universities.js
4132010284,南京大学,中国语言文学,A,found,,4,2017,教育部学位与研究生教育发展中心,upstream_selection,https://github.com/Magicdover/China-Universities-2026/blob/419bdc7ce6956fc88c2b70b3979f170b6666f111/data/universities.js
4132010284,南京大学,外国语言文学,A,found,,4,2017,教育部学位与研究生教育发展中心,upstream_selection,https://github.com/Magicdover/China-Universities-2026/blob/419bdc7ce6956fc88c2b70b3979f170b6666f111/data/universities.js
4132010284,南京大学,数学,A,found,,4,2017,教育部学位与研究生教育发展中心,upstream_selection,https://github.com/Magicdover/China-Universities-2026/blob/419bdc7ce6956fc88c2b70b3979f170b6666f111/data/universities.js
4132010284,南京大学,化学,A,found,,4,2017,教育部学位与研究生教育发展中心,upstream_selection,https://github.com/Magicdover/China-Universities-2026/blob/419bdc7ce6956fc88c2b70b3979f170b6666f111/data/universities.js
4132010284,南京大学,地理学,A,found,,4,2017,教育部学位与研究生教育发展中心,upstream_selection,https://github.com/Magicdover/China-Universities-2026/blob/419bdc7ce6956fc88c2b70b3979f170b6666f111/data/universities.js
4132010284,南京大学,地球物理学,A,found,,4,2017,教育部学位与研究生教育发展中心,upstream_selection,https://github.com/Magicdover/China-Universities-2026/blob/419bdc7ce6956fc88c2b70b3979f170b6666f111/data/universities.js
4132010284,南京大学,生物学,A,found,,4,2017,教育部学位与研究生教育发展中心,upstream_selection,https://github.com/Magicdover/China-Universities-2026/blob/419bdc7ce6956fc88c2b70b3979f170b6666f111/data/universities.js
4132010284,南京大学,计算机科学与技术,A,found,,4,2017,教育部学位与研究生教育发展中心,upstream_selection,https://github.com/Magicdover/China-Universities-2026/blob/419bdc7ce6956fc88c2b70b3979f170b6666f111/data/universities.js
4132010284,南京大学,软件工程,A,found,,4,2017,教育部学位与研究生教育发展中心,upstream_selection,https://github.com/Magicdover/China-Universities-2026/blob/419bdc7ce6956fc88c2b70b3979f170b6666f111/data/universities.js
4132010284,南京大学,社会学,A,found,,4,2017,教育部学位与研究生教育发展中心,upstream_selection,https://github.com/Magicdover/China-Universities-2026/blob/419bdc7ce6956fc88c2b70b3979f170b6666f111/data/universities.js
4132010284,南京大学,理论经济学,A-,found,,4,2017,教育部学位与研究生教育发展中心,upstream_selection,https://github.com/Magicdover/China-Universities-2026/blob/419bdc7ce6956fc88c2b70b3979f170b6666f111/data/universities.js
4132010284,南京大学,马克思主义理论,A-,found,,4,2017,教育部学位与研究生教育发展中心,upstream_selection,https://github.com/Magicdover/China-Universities-2026/blob/419bdc7ce6956fc88c2b70b3979f170b6666f111/data/universities.js
4132010284,南京大学,中国史,A-,found,,4,2017,教育部学位与研究生教育发展中心,upstream_selection,https://github.com/Magicdover/China-Universities-2026/blob/419bdc7ce6956fc88c2b70b3979f170b6666f111/data/universities.js
4132010284,南京大学,环境科学与工程,A-,found,,4,2017,教育部学位与研究生教育发展中心,upstream_selection,https://github.com/Magicdover/China-Universities-2026/blob/419bdc7ce6956fc88c2b70b3979f170b6666f111/data/universities.js
4132010284,南京大学,工商管理,A-,found,,4,2017,教育部学位与研究生教育发展中心,upstream_selection,https://github.com/Magicdover/China-Universities-2026/blob/419bdc7ce6956fc88c2b70b3979f170b6666f111/data/universities.js
4132010285,苏州大学,设计学,A-,found,,4,2017,教育部学位与研究生教育发展中心,upstream_selection,https://github.com/Magicdover/China-Universities-2026/blob/419bdc7ce6956fc88c2b70b3979f170b6666f111/data/uni-211.js
4132010285,苏州大学,软件工程,A-,found,,4,2017,教育部学位与研究生教育发展中心,upstream_selection,https://github.com/Magicdover/China-Universities-2026/blob/419bdc7ce6956fc88c2b70b3979f170b6666f111/data/uni-211.js
4132010285,苏州大学,材料科学与工程,A-,found,,4,2017,教育部学位与研究生教育发展中心,upstream_selection,https://github.com/Magicdover/China-Universities-2026/blob/419bdc7ce6956fc88c2b70b3979f170b6666f111/data/uni-211.js
4132010286,东南大学,建筑学,A+,found,,4,2017,教育部学位与研究生教育发展中心,upstream_selection,https://github.com/Magicdover/China-Universities-2026/blob/419bdc7ce6956fc88c2b70b3979f170b6666f111/data/universities.js
4132010286,东南大学,交通运输工程,A+,found,,4,2017,教育部学位与研究生教育发展中心,upstream_selection,https://github.com/Magicdover/China-Universities-2026/blob/419bdc7ce6956fc88c2b70b3979f170b6666f111/data/universities.js
4132010286,东南大学,生物医学工程,A+,found,,4,2017,教育部学位与研究生教育发展中心,upstream_selection,https://github.com/Magicdover/China-Universities-2026/blob/419bdc7ce6956fc88c2b70b3979f170b6666f111/data/universities.js
4132010286,东南大学,艺术学理论,A+,found,,4,2017,教育部学位与研究生教育发展中心,upstream_selection,https://github.com/Magicdover/China-Universities-2026/blob/419bdc7ce6956fc88c2b70b3979f170b6666f111/data/universities.js
4132010286,东南大学,电子科学与技术,A,found,,4,2017,教育部学位与研究生教育发展中心,upstream_selection,https://github.com/Magicdover/China-Universities-2026/blob/419bdc7ce6956fc88c2b70b3979f170b6666f111/data/universities.js
4132010286,东南大学,信息与通信工程,A,found,,4,2017,教育部学位与研究生教育发展中心,upstream_selection,https://github.com/Magicdover/China-Universities-2026/blob/419bdc7ce6956fc88c2b70b3979f170b6666f111/data/universities.js
4132010286,东南大学,土木工程,A,found,,4,2017,教育部学位与研究生教育发展中心,upstream_selection,https://github.com/Magicdover/China-Universities-2026/blob/419bdc7ce6956fc88c2b70b3979f170b6666f111/data/universities.js
4132010286,东南大学,城乡规划学,A,found,,4,2017,教育部学位与研究生教育发展中心,upstream_selection,https://github.com/Magicdover/China-Universities-2026/blob/419bdc7ce6956fc88c2b70b3979f170b6666f111/data/universities.js
4132010286,东南大学,数学,A-,found,,4,2017,教育部学位与研究生教育发展中心,upstream_selection,https://github.com/Magicdover/China-Universities-2026/blob/419bdc7ce6956fc88c2b70b3979f170b6666f111/data/universities.js
4132010286,东南大学,机械工程,A-,found,,4,2017,教育部学位与研究生教育发展中心,upstream_selection,https://github.com/Magicdover/China-Universities-2026/blob/419bdc7ce6956fc88c2b70b3979f170b6666f111/data/universities.js
4132010286,东南大学,材料科学与工程,A-,found,,4,2017,教育部学位与研究生教育发展中心,upstream_selection,https://github.com/Magicdover/China-Universities-2026/blob/419bdc7ce6956fc88c2b70b3979f170b6666f111/data/universities.js
4132010286,东南大学,控制科学与工程,A-,found,,4,2017,教育部学位与研究生教育发展中心,upstream_selection,https://github.com/Magicdover/China-Universities-2026/blob/419bdc7ce6956fc88c2b70b3979f170b6666f111/data/universities.js
4132010286,东南大学,计算机科学与技术,A-,found,,4,2017,教育部学位与研究生教育发展中心,upstream_selection,https://github.com/Magicdover/China-Universities-2026/blob/419bdc7ce6956fc88c2b70b3979f170b6666f111/data/universities.js
4132010286,东南大学,风景园林学,A-,found,,4,2017,教育部学位与研究生教育发展中心,upstream_selection,https://github.com/Magicdover/China-Universities-2026/blob/419bdc7ce6956fc88c2b70b3979f170b6666f111/data/universities.js
4132010286,东南大学,管理科学与工程,A-,found,,4,2017,教育部学位与研究生教育发展中心,upstream_selection,https://github.com/Magicdover/China-Universities-2026/blob/419bdc7ce6956fc88c2b70b3979f170b6666f111/data/universities.js
4132010287,南京航空航天大学,航空宇航科学与技术,A,found,,4,2017,教育部学位与研究生教育发展中心,upstream_selection,https://github.com/Magicdover/China-Universities-2026/blob/419bdc7ce6956fc88c2b70b3979f170b6666f111/data/uni-211.js
4132010287,南京航空航天大学,力学,A-,found,,4,2017,教育部学位与研究生教育发展中心,upstream_selection,https://github.com/Magicdover/China-Universities-2026/blob/419bdc7ce6956fc88c2b70b3979f170b6666f111/data/uni-211.js
4132010287,南京航空航天大学,机械工程,A-,found,,4,2017,教育部学位与研究生教育发展中心,upstream_selection,https://github.com/Magicdover/China-Universities-2026/blob/419bdc7ce6956fc88c2b70b3979f170b6666f111/data/uni-211.js
4132010287,南京航空航天大学,控制科学与工程,A-,found,,4,2017,教育部学位与研究生教育发展中心,upstream_selection,https://github.com/Magicdover/China-Universities-2026/blob/419bdc7ce6956fc88c2b70b3979f170b6666f111/data/uni-211.js
4132010288,南京理工大学,兵器科学与技术,A+,found,,4,2017,教育部学位与研究生教育发展中心,upstream_selection,https://github.com/Magicdover/China-Universities-2026/blob/419bdc7ce6956fc88c2b70b3979f170b6666f111/data/uni-211.js
4132010288,南京理工大学,化学工程与技术,A-,found,,4,2017,教育部学位与研究生教育发展中心,upstream_selection,https://github.com/Magicdover/China-Universities-2026/blob/419bdc7ce6956fc88c2b70b3979f170b6666f111/data/uni-211.js
4132010288,南京理工大学,光学工程,A-,found,,4,2017,教育部学位与研究生教育发展中心,upstream_selection,https://github.com/Magicdover/China-Universities-2026/blob/419bdc7ce6956fc88c2b70b3979f170b6666f111/data/uni-211.js
4132010288,南京理工大学,机械工程,A-,found,,4,2017,教育部学位与研究生教育发展中心,upstream_selection,https://github.com/Magicdover/China-Universities-2026/blob/419bdc7ce6956fc88c2b70b3979f170b6666f111/data/uni-211.js
4132010290,中国矿业大学,矿业工程,A+,found,,4,2017,教育部学位与研究生教育发展中心,upstream_selection,https://github.com/Magicdover/China-Universities-2026/blob/419bdc7ce6956fc88c2b70b3979f170b6666f111/data/uni-211.js
4132010290,中国矿业大学,安全科学与工程,A+,found,,4,2017,教育部学位与研究生教育发展中心,upstream_selection,https://github.com/Magicdover/China-Universities-2026/blob/419bdc7ce6956fc88c2b70b3979f170b6666f111/data/uni-211.js
4132010290,中国矿业大学,地质资源与地质工程,A-,found,,4,2017,教育部学位与研究生教育发展中心,upstream_selection,https://github.com/Magicdover/China-Universities-2026/blob/419bdc7ce6956fc88c2b70b3979f170b6666f111/data/uni-211.js
4132010290,中国矿业大学,测绘科学与技术,A-,found,,4,2017,教育部学位与研究生教育发展中心,upstream_selection,https://github.com/Magicdover/China-Universities-2026/blob/419bdc7ce6956fc88c2b70b3979f170b6666f111/data/uni-211.js
4132010290,中国矿业大学,机械工程,A-,found,,4,2017,教育部学位与研究生教育发展中心,upstream_selection,https://github.com/Magicdover/China-Universities-2026/blob/419bdc7ce6956fc88c2b70b3979f170b6666f111/data/uni-211.js
4132010293,南京邮电大学,电子科学与技术,A-,found,,4,2017,教育部学位与研究生教育发展中心,upstream_selection,https://github.com/Magicdover/China-Universities-2026/blob/419bdc7ce6956fc88c2b70b3979f170b6666f111/data/uni-extra.js
4132010293,南京邮电大学,信息与通信工程,A-,found,,4,2017,教育部学位与研究生教育发展中心,upstream_selection,https://github.com/Magicdover/China-Universities-2026/blob/419bdc7ce6956fc88c2b70b3979f170b6666f111/data/uni-extra.js
4132010294,河海大学,水利工程,A+,found,,4,2017,教育部学位与研究生教育发展中心,upstream_selection,https://github.com/Magicdover/China-Universities-2026/blob/419bdc7ce6956fc88c2b70b3979f170b6666f111/data/uni-211.js
4132010294,河海大学,土木工程,A-,found,,4,2017,教育部学位与研究生教育发展中心,upstream_selection,https://github.com/Magicdover/China-Universities-2026/blob/419bdc7ce6956fc88c2b70b3979f170b6666f111/data/uni-211.js
4132010294,河海大学,环境科学与工程,A-,found,,4,2017,教育部学位与研究生教育发展中心,upstream_selection,https://github.com/Magicdover/China-Universities-2026/blob/419bdc7ce6956fc88c2b70b3979f170b6666f111/data/uni-211.js
4132010295,江南大学,食品科学与工程,A+,found,,4,2017,教育部学位与研究生教育发展中心,upstream_selection,https://github.com/Magicdover/China-Universities-2026/blob/419bdc7ce6956fc88c2b70b3979f170b6666f111/data/uni-211.js
4132010295,江南大学,轻工技术与工程,A+,found,,4,2017,教育部学位与研究生教育发展中心,upstream_selection,https://github.com/Magicdover/China-Universities-2026/blob/419bdc7ce6956fc88c2b70b3979f170b6666f111/data/uni-211.js
4132010295,江南大学,设计学,A-,found,,4,2017,教育部学位与研究生教育发展中心,upstream_selection,https://github.com/Magicdover/China-Universities-2026/blob/419bdc7ce6956fc88c2b70b3979f170b6666f111/data/uni-211.js
4132010295,江南大学,纺织科学与工程,A-,found,,4,2017,教育部学位与研究生教育发展中心,upstream_selection,https://github.com/Magicdover/China-Universities-2026/blob/419bdc7ce6956fc88c2b70b3979f170b6666f111/data/uni-211.js
4132010295,江南大学,控制科学与工程,A-,found,,4,2017,教育部学位与研究生教育发展中心,upstream_selection,https://github.com/Magicdover/China-Universities-2026/blob/419bdc7ce6956fc88c2b70b3979f170b6666f111/data/uni-211.js
4132010300,南京信息工程大学,大气科学,A+,found,,4,2017,教育部学位与研究生教育发展中心,upstream_selection,https://github.com/Magicdover/China-Universities-2026/blob/419bdc7ce6956fc88c2b70b3979f170b6666f111/data/uni-extra.js
4132010307,南京农业大学,作物学,A+,found,,4,2017,教育部学位与研究生教育发展中心,upstream_selection,https://github.com/Magicdover/China-Universities-2026/blob/419bdc7ce6956fc88c2b70b3979f170b6666f111/data/uni-special.js
4132010307,南京农业大学,农业资源与环境,A+,found,,4,2017,教育部学位与研究生教育发展中心,upstream_selection,https://github.com/Magicdover/China-Universities-2026/blob/419bdc7ce6956fc88c2b70b3979f170b6666f111/data/uni-special.js
4132010307,南京农业大学,兽医学,A,found,,4,2017,教育部学位与研究生教育发展中心,upstream_selection,https://github.com/Magicdover/China-Universities-2026/blob/419bdc7ce6956fc88c2b70b3979f170b6666f111/data/uni-special.js
4132010307,南京农业大学,农林经济管理,A,found,,4,2017,教育部学位与研究生教育发展中心,upstream_selection,https://github.com/Magicdover/China-Universities-2026/blob/419bdc7ce6956fc88c2b70b3979f170b6666f111/data/uni-special.js
4132010307,南京农业大学,公共管理,A,found,,4,2017,教育部学位与研究生教育发展中心,upstream_selection,https://github.com/Magicdover/China-Universities-2026/blob/419bdc7ce6956fc88c2b70b3979f170b6666f111/data/uni-special.js
4132010307,南京农业大学,植物保护,A-,found,,4,2017,教育部学位与研究生教育发展中心,upstream_selection,https://github.com/Magicdover/China-Universities-2026/blob/419bdc7ce6956fc88c2b70b3979f170b6666f111/data/uni-special.js
4132010307,南京农业大学,畜牧学,A-,found,,4,2017,教育部学位与研究生教育发展中心,upstream_selection,https://github.com/Magicdover/China-Universities-2026/blob/419bdc7ce6956fc88c2b70b3979f170b6666f111/data/uni-special.js
4132010307,南京农业大学,园艺学,A-,found,,4,2017,教育部学位与研究生教育发展中心,upstream_selection,https://github.com/Magicdover/China-Universities-2026/blob/419bdc7ce6956fc88c2b70b3979f170b6666f111/data/uni-special.js
4132010307,南京农业大学,食品科学与工程,A-,found,,4,2017,教育部学位与研究生教育发展中心,upstream_selection,https://github.com/Magicdover/China-Universities-2026/blob/419bdc7ce6956fc88c2b70b3979f170b6666f111/data/uni-special.js
4132010312,南京医科大学,公共卫生与预防医学,A,found,,4,2017,教育部学位与研究生教育发展中心,upstream_selection,https://github.com/Magicdover/China-Universities-2026/blob/419bdc7ce6956fc88c2b70b3979f170b6666f111/data/uni-extra2.js
4132010312,南京医科大学,临床医学,A-,found,,4,2017,教育部学位与研究生教育发展中心,upstream_selection,https://github.com/Magicdover/China-Universities-2026/blob/419bdc7ce6956fc88c2b70b3979f170b6666f111/data/uni-extra2.js
4132010315,南京中医药大学,中药学,A-,found,,4,2017,教育部学位与研究生教育发展中心,upstream_selection,https://github.com/Magicdover/China-Universities-2026/blob/419bdc7ce6956fc88c2b70b3979f170b6666f111/data/uni-extra.js
4132010315,南京中医药大学,中医学,A-,found,,4,2017,教育部学位与研究生教育发展中心,upstream_selection,https://github.com/Magicdover/China-Universities-2026/blob/419bdc7ce6956fc88c2b70b3979f170b6666f111/data/uni-extra.js
4132010316,中国药科大学,药学,A+,found,,4,2017,教育部学位与研究生教育发展中心,upstream_selection,https://github.com/Magicdover/China-Universities-2026/blob/419bdc7ce6956fc88c2b70b3979f170b6666f111/data/uni-special.js
4132010316,中国药科大学,中药学,A,found,,4,2017,教育部学位与研究生教育发展中心,upstream_selection,https://github.com/Magicdover/China-Universities-2026/blob/419bdc7ce6956fc88c2b70b3979f170b6666f111/data/uni-special.js
4132010319,南京师范大学,地理学,A+,found,,4,2017,教育部学位与研究生教育发展中心,upstream_selection,https://github.com/Magicdover/China-Universities-2026/blob/419bdc7ce6956fc88c2b70b3979f170b6666f111/data/uni-special.js
4132010319,南京师范大学,马克思主义理论,A-,found,,4,2017,教育部学位与研究生教育发展中心,upstream_selection,https://github.com/Magicdover/China-Universities-2026/blob/419bdc7ce6956fc88c2b70b3979f170b6666f111/data/uni-special.js
4132010319,南京师范大学,教育学,A-,found,,4,2017,教育部学位与研究生教育发展中心,upstream_selection,https://github.com/Magicdover/China-Universities-2026/blob/419bdc7ce6956fc88c2b70b3979f170b6666f111/data/uni-special.js
4132010319,南京师范大学,美术学,A-,found,,4,2017,教育部学位与研究生教育发展中心,upstream_selection,https://github.com/Magicdover/China-Universities-2026/blob/419bdc7ce6956fc88c2b70b3979f170b6666f111/data/uni-special.js
4136010403,南昌大学,材料科学与工程,A-,found,,4,2017,教育部学位与研究生教育发展中心,upstream_selection,https://github.com/Magicdover/China-Universities-2026/blob/419bdc7ce6956fc88c2b70b3979f170b6666f111/data/uni-211.js
4136010403,南昌大学,食品科学与工程,A-,found,,4,2017,教育部学位与研究生教育发展中心,upstream_selection,https://github.com/Magicdover/China-Universities-2026/blob/419bdc7ce6956fc88c2b70b3979f170b6666f111/data/uni-211.js
4113010080,河北工业大学,电气工程,A-,found,,4,2017,教育部学位与研究生教育发展中心,upstream_selection,https://github.com/Magicdover/China-Universities-2026/blob/419bdc7ce6956fc88c2b70b3979f170b6666f111/data/uni-211.js
4113010080,河北工业大学,材料科学与工程,A-,found,,4,2017,教育部学位与研究生教育发展中心,upstream_selection,https://github.com/Magicdover/China-Universities-2026/blob/419bdc7ce6956fc88c2b70b3979f170b6666f111/data/uni-211.js
4141010459,郑州大学,材料科学与工程,A-,found,,4,2017,教育部学位与研究生教育发展中心,upstream_selection,https://github.com/Magicdover/China-Universities-2026/blob/419bdc7ce6956fc88c2b70b3979f170b6666f111/data/uni-211.js
4141010459,郑州大学,化学,A-,found,,4,2017,教育部学位与研究生教育发展中心,upstream_selection,https://github.com/Magicdover/China-Universities-2026/blob/419bdc7ce6956fc88c2b70b3979f170b6666f111/data/uni-211.js
4141010459,郑州大学,临床医学,A-,found,,4,2017,教育部学位与研究生教育发展中心,upstream_selection,https://github.com/Magicdover/China-Universities-2026/blob/419bdc7ce6956fc88c2b70b3979f170b6666f111/data/uni-211.js
4141010475,河南大学,教育学,A-,found,,4,2017,教育部学位与研究生教育发展中心,upstream_selection,https://github.com/Magicdover/China-Universities-2026/blob/419bdc7ce6956fc88c2b70b3979f170b6666f111/data/uni-211.js
4141010475,河南大学,中国语言文学,A-,found,,4,2017,教育部学位与研究生教育发展中心,upstream_selection,https://github.com/Magicdover/China-Universities-2026/blob/419bdc7ce6956fc88c2b70b3979f170b6666f111/data/uni-211.js
4133010335,浙江大学,生态学,A+,found,,4,2017,教育部学位与研究生教育发展中心,upstream_selection,https://github.com/Magicdover/China-Universities-2026/blob/419bdc7ce6956fc88c2b70b3979f170b6666f111/data/universities.js
4133010335,浙江大学,农业资源与环境,A+,found,,4,2017,教育部学位与研究生教育发展中心,upstream_selection,https://github.com/Magicdover/China-Universities-2026/blob/419bdc7ce6956fc88c2b70b3979f170b6666f111/data/universities.js
4133010335,浙江大学,软件工程,A+,found,,4,2017,教育部学位与研究生教育发展中心,upstream_selection,https://github.com/Magicdover/China-Universities-2026/blob/419bdc7ce6956fc88c2b70b3979f170b6666f111/data/universities.js
4133010335,浙江大学,光学工程,A+,found,,4,2017,教育部学位与研究生教育发展中心,upstream_selection,https://github.com/Magicdover/China-Universities-2026/blob/419bdc7ce6956fc88c2b70b3979f170b6666f111/data/universities.js
4133010335,浙江大学,农林经济管理,A+,found,,4,2017,教育部学位与研究生教育发展中心,upstream_selection,https://github.com/Magicdover/China-Universities-2026/blob/419bdc7ce6956fc88c2b70b3979f170b6666f111/data/universities.js
4133010335,浙江大学,园艺学,A+,found,,4,2017,教育部学位与研究生教育发展中心,upstream_selection,https://github.com/Magicdover/China-Universities-2026/blob/419bdc7ce6956fc88c2b70b3979f170b6666f111/data/universities.js
4133010335,浙江大学,控制科学与工程,A+,found,,4,2017,教育部学位与研究生教育发展中心,upstream_selection,https://github.com/Magicdover/China-Universities-2026/blob/419bdc7ce6956fc88c2b70b3979f170b6666f111/data/universities.js
4133010335,浙江大学,数学,A,found,,4,2017,教育部学位与研究生教育发展中心,upstream_selection,https://github.com/Magicdover/China-Universities-2026/blob/419bdc7ce6956fc88c2b70b3979f170b6666f111/data/universities.js
4133010335,浙江大学,化学,A,found,,4,2017,教育部学位与研究生教育发展中心,upstream_selection,https://github.com/Magicdover/China-Universities-2026/blob/419bdc7ce6956fc88c2b70b3979f170b6666f111/data/universities.js
4133010335,浙江大学,生物学,A,found,,4,2017,教育部学位与研究生教育发展中心,upstream_selection,https://github.com/Magicdover/China-Universities-2026/blob/419bdc7ce6956fc88c2b70b3979f170b6666f111/data/universities.js
4133010335,浙江大学,机械工程,A,found,,4,2017,教育部学位与研究生教育发展中心,upstream_selection,https://github.com/Magicdover/China-Universities-2026/blob/419bdc7ce6956fc88c2b70b3979f170b6666f111/data/universities.js
4133010335,浙江大学,材料科学与工程,A,found,,4,2017,教育部学位与研究生教育发展中心,upstream_selection,https://github.com/Magicdover/China-Universities-2026/blob/419bdc7ce6956fc88c2b70b3979f170b6666f111/data/universities.js
4133010335,浙江大学,计算机科学与技术,A,found,,4,2017,教育部学位与研究生教育发展中心,upstream_selection,https://github.com/Magicdover/China-Universities-2026/blob/419bdc7ce6956fc88c2b70b3979f170b6666f111/data/universities.js
4133010335,浙江大学,临床医学,A,found,,4,2017,教育部学位与研究生教育发展中心,upstream_selection,https://github.com/Magicdover/China-Universities-2026/blob/419bdc7ce6956fc88c2b70b3979f170b6666f111/data/universities.js
4133010335,浙江大学,管理科学与工程,A,found,,4,2017,教育部学位与研究生教育发展中心,upstream_selection,https://github.com/Magicdover/China-Universities-2026/blob/419bdc7ce6956fc88c2b70b3979f170b6666f111/data/universities.js
4133010335,浙江大学,工商管理,A,found,,4,2017,教育部学位与研究生教育发展中心,upstream_selection,https://github.com/Magicdover/China-Universities-2026/blob/419bdc7ce6956fc88c2b70b3979f170b6666f111/data/universities.js
4133010335,浙江大学,理论经济学,A-,found,,4,2017,教育部学位与研究生教育发展中心,upstream_selection,https://github.com/Magicdover/China-Universities-2026/blob/419bdc7ce6956fc88c2b70b3979f170b6666f111/data/universities.js
4133010335,浙江大学,法学,A-,found,,4,2017,教育部学位与研究生教育发展中心,upstream_selection,https://github.com/Magicdover/China-Universities-2026/blob/419bdc7ce6956fc88c2b70b3979f170b6666f111/data/universities.js
4133010335,浙江大学,电气工程,A-,found,,4,2017,教育部学位与研究生教育发展中心,upstream_selection,https://github.com/Magicdover/China-Universities-2026/blob/419bdc7ce6956fc88c2b70b3979f170b6666f111/data/universities.js
4133010335,浙江大学,信息与通信工程,A-,found,,4,2017,教育部学位与研究生教育发展中心,upstream_selection,https://github.com/Magicdover/China-Universities-2026/blob/419bdc7ce6956fc88c2b70b3979f170b6666f111/data/universities.js
4133010335,浙江大学,土木工程,A-,found,,4,2017,教育部学位与研究生教育发展中心,upstream_selection,https://github.com/Magicdover/China-Universities-2026/blob/419bdc7ce6956fc88c2b70b3979f170b6666f111/data/universities.js
4133010335,浙江大学,环境科学与工程,A-,found,,4,2017,教育部学位与研究生教育发展中心,upstream_selection,https://github.com/Magicdover/China-Universities-2026/blob/419bdc7ce6956fc88c2b70b3979f170b6666f111/data/universities.js
4133010335,浙江大学,药学,A-,found,,4,2017,教育部学位与研究生教育发展中心,upstream_selection,https://github.com/Magicdover/China-Universities-2026/blob/419bdc7ce6956fc88c2b70b3979f170b6666f111/data/universities.js
4133010355,中国美术学院,美术学,A+,found,,4,2017,教育部学位与研究生教育发展中心,upstream_selection,https://github.com/Magicdover/China-Universities-2026/blob/419bdc7ce6956fc88c2b70b3979f170b6666f111/data/uni-special.js
4133010355,中国美术学院,设计学,A-,found,,4,2017,教育部学位与研究生教育发展中心,upstream_selection,https://github.com/Magicdover/China-Universities-2026/blob/419bdc7ce6956fc88c2b70b3979f170b6666f111/data/uni-special.js
4133010355,中国美术学院,艺术学理论,A-,found,,4,2017,教育部学位与研究生教育发展中心,upstream_selection,https://github.com/Magicdover/China-Universities-2026/blob/419bdc7ce6956fc88c2b70b3979f170b6666f111/data/uni-special.js
4133011646,宁波大学,力学,A-,found,,4,2017,教育部学位与研究生教育发展中心,upstream_selection,https://github.com/Magicdover/China-Universities-2026/blob/419bdc7ce6956fc88c2b70b3979f170b6666f111/data/uni-211.js
4146010589,海南大学,作物学,A-,found,,4,2017,教育部学位与研究生教育发展中心,upstream_selection,https://github.com/Magicdover/China-Universities-2026/blob/419bdc7ce6956fc88c2b70b3979f170b6666f111/data/uni-211.js
4142010486,武汉大学,测绘科学与技术,A+,found,,4,2017,教育部学位与研究生教育发展中心,upstream_selection,https://github.com/Magicdover/China-Universities-2026/blob/419bdc7ce6956fc88c2b70b3979f170b6666f111/data/universities.js
4142010486,武汉大学,地球物理学,A+,found,,4,2017,教育部学位与研究生教育发展中心,upstream_selection,https://github.com/Magicdover/China-Universities-2026/blob/419bdc7ce6956fc88c2b70b3979f170b6666f111/data/universities.js
4142010486,武汉大学,马克思主义理论,A+,found,,4,2017,教育部学位与研究生教育发展中心,upstream_selection,https://github.com/Magicdover/China-Universities-2026/blob/419bdc7ce6956fc88c2b70b3979f170b6666f111/data/universities.js
4142010486,武汉大学,图书情报与档案管理,A+,found,,4,2017,教育部学位与研究生教育发展中心,upstream_selection,https://github.com/Magicdover/China-Universities-2026/blob/419bdc7ce6956fc88c2b70b3979f170b6666f111/data/universities.js
4142010486,武汉大学,法学,A,found,,4,2017,教育部学位与研究生教育发展中心,upstream_selection,https://github.com/Magicdover/China-Universities-2026/blob/419bdc7ce6956fc88c2b70b3979f170b6666f111/data/universities.js
4142010486,武汉大学,理论经济学,A,found,,4,2017,教育部学位与研究生教育发展中心,upstream_selection,https://github.com/Magicdover/China-Universities-2026/blob/419bdc7ce6956fc88c2b70b3979f170b6666f111/data/universities.js
4142010486,武汉大学,生物学,A,found,,4,2017,教育部学位与研究生教育发展中心,upstream_selection,https://github.com/Magicdover/China-Universities-2026/blob/419bdc7ce6956fc88c2b70b3979f170b6666f111/data/universities.js
4142010486,武汉大学,水利工程,A,found,,4,2017,教育部学位与研究生教育发展中心,upstream_selection,https://github.com/Magicdover/China-Universities-2026/blob/419bdc7ce6956fc88c2b70b3979f170b6666f111/data/universities.js
4142010486,武汉大学,口腔医学,A,found,,4,2017,教育部学位与研究生教育发展中心,upstream_selection,https://github.com/Magicdover/China-Universities-2026/blob/419bdc7ce6956fc88c2b70b3979f170b6666f111/data/universities.js
4142010486,武汉大学,哲学,A-,found,,4,2017,教育部学位与研究生教育发展中心,upstream_selection,https://github.com/Magicdover/China-Universities-2026/blob/419bdc7ce6956fc88c2b70b3979f170b6666f111/data/universities.js
4142010486,武汉大学,应用经济学,A-,found,,4,2017,教育部学位与研究生教育发展中心,upstream_selection,https://github.com/Magicdover/China-Universities-2026/blob/419bdc7ce6956fc88c2b70b3979f170b6666f111/data/universities.js
4142010486,武汉大学,中国语言文学,A-,found,,4,2017,教育部学位与研究生教育发展中心,upstream_selection,https://github.com/Magicdover/China-Universities-2026/blob/419bdc7ce6956fc88c2b70b3979f170b6666f111/data/universities.js
4142010486,武汉大学,新闻传播学,A-,found,,4,2017,教育部学位与研究生教育发展中心,upstream_selection,https://github.com/Magicdover/China-Universities-2026/blob/419bdc7ce6956fc88c2b70b3979f170b6666f111/data/universities.js
4142010486,武汉大学,化学,A-,found,,4,2017,教育部学位与研究生教育发展中心,upstream_selection,https://github.com/Magicdover/China-Universities-2026/blob/419bdc7ce6956fc88c2b70b3979f170b6666f111/data/universities.js
4142010486,武汉大学,计算机科学与技术,A-,found,,4,2017,教育部学位与研究生教育发展中心,upstream_selection,https://github.com/Magicdover/China-Universities-2026/blob/419bdc7ce6956fc88c2b70b3979f170b6666f111/data/universities.js
4142010486,武汉大学,软件工程,A-,found,,4,2017,教育部学位与研究生教育发展中心,upstream_selection,https://github.com/Magicdover/China-Universities-2026/blob/419bdc7ce6956fc88c2b70b3979f170b6666f111/data/universities.js
4142010486,武汉大学,公共管理,A-,found,,4,2017,教育部学位与研究生教育发展中心,upstream_selection,https://github.com/Magicdover/China-Universities-2026/blob/419bdc7ce6956fc88c2b70b3979f170b6666f111/data/universities.js
4142010487,华中科技大学,机械工程,A+,found,,4,2017,教育部学位与研究生教育发展中心,upstream_selection,https://github.com/Magicdover/China-Universities-2026/blob/419bdc7ce6956fc88c2b70b3979f170b6666f111/data/universities.js
4142010487,华中科技大学,光学工程,A+,found,,4,2017,教育部学位与研究生教育发展中心,upstream_selection,https://github.com/Magicdover/China-Universities-2026/blob/419bdc7ce6956fc88c2b70b3979f170b6666f111/data/universities.js
4142010487,华中科技大学,生物医学工程,A+,found,,4,2017,教育部学位与研究生教育发展中心,upstream_selection,https://github.com/Magicdover/China-Universities-2026/blob/419bdc7ce6956fc88c2b70b3979f170b6666f111/data/universities.js
4142010487,华中科技大学,公共卫生与预防医学,A+,found,,4,2017,教育部学位与研究生教育发展中心,upstream_selection,https://github.com/Magicdover/China-Universities-2026/blob/419bdc7ce6956fc88c2b70b3979f170b6666f111/data/universities.js
4142010487,华中科技大学,电气工程,A,found,,4,2017,教育部学位与研究生教育发展中心,upstream_selection,https://github.com/Magicdover/China-Universities-2026/blob/419bdc7ce6956fc88c2b70b3979f170b6666f111/data/universities.js
4142010487,华中科技大学,材料科学与工程,A,found,,4,2017,教育部学位与研究生教育发展中心,upstream_selection,https://github.com/Magicdover/China-Universities-2026/blob/419bdc7ce6956fc88c2b70b3979f170b6666f111/data/universities.js
4142010487,华中科技大学,计算机科学与技术,A,found,,4,2017,教育部学位与研究生教育发展中心,upstream_selection,https://github.com/Magicdover/China-Universities-2026/blob/419bdc7ce6956fc88c2b70b3979f170b6666f111/data/universities.js
4142010487,华中科技大学,基础医学,A,found,,4,2017,教育部学位与研究生教育发展中心,upstream_selection,https://github.com/Magicdover/China-Universities-2026/blob/419bdc7ce6956fc88c2b70b3979f170b6666f111/data/universities.js
4142010487,华中科技大学,临床医学,A,found,,4,2017,教育部学位与研究生教育发展中心,upstream_selection,https://github.com/Magicdover/China-Universities-2026/blob/419bdc7ce6956fc88c2b70b3979f170b6666f111/data/universities.js
4142010487,华中科技大学,管理科学与工程,A,found,,4,2017,教育部学位与研究生教育发展中心,upstream_selection,https://github.com/Magicdover/China-Universities-2026/blob/419bdc7ce6956fc88c2b70b3979f170b6666f111/data/universities.js
4142010487,华中科技大学,公共管理,A,found,,4,2017,教育部学位与研究生教育发展中心,upstream_selection,https://github.com/Magicdover/China-Universities-2026/blob/419bdc7ce6956fc88c2b70b3979f170b6666f111/data/universities.js
4142010487,华中科技大学,数学,A-,found,,4,2017,教育部学位与研究生教育发展中心,upstream_selection,https://github.com/Magicdover/China-Universities-2026/blob/419bdc7ce6956fc88c2b70b3979f170b6666f111/data/universities.js
4142010487,华中科技大学,动力工程及工程热物理,A-,found,,4,2017,教育部学位与研究生教育发展中心,upstream_selection,https://github.com/Magicdover/China-Universities-2026/blob/419bdc7ce6956fc88c2b70b3979f170b6666f111/data/universities.js
4142010487,华中科技大学,控制科学与工程,A-,found,,4,2017,教育部学位与研究生教育发展中心,upstream_selection,https://github.com/Magicdover/China-Universities-2026/blob/419bdc7ce6956fc88c2b70b3979f170b6666f111/data/universities.js
4142010487,华中科技大学,信息与通信工程,A-,found,,4,2017,教育部学位与研究生教育发展中心,upstream_selection,https://github.com/Magicdover/China-Universities-2026/blob/419bdc7ce6956fc88c2b70b3979f170b6666f111/data/universities.js
4142010487,华中科技大学,土木工程,A-,found,,4,2017,教育部学位与研究生教育发展中心,upstream_selection,https://github.com/Magicdover/China-Universities-2026/blob/419bdc7ce6956fc88c2b70b3979f170b6666f111/data/universities.js
4142010487,华中科技大学,软件工程,A-,found,,4,2017,教育部学位与研究生教育发展中心,upstream_selection,https://github.com/Magicdover/China-Universities-2026/blob/419bdc7ce6956fc88c2b70b3979f170b6666f111/data/universities.js
4142010487,华中科技大学,新闻传播学,A-,found,,4,2017,教育部学位与研究生教育发展中心,upstream_selection,https://github.com/Magicdover/China-Universities-2026/blob/419bdc7ce6956fc88c2b70b3979f170b6666f111/data/universities.js
4142010491,中国地质大学(武汉),地质学,A+,found,,4,2017,教育部学位与研究生教育发展中心,upstream_selection,https://github.com/Magicdover/China-Universities-2026/blob/419bdc7ce6956fc88c2b70b3979f170b6666f111/data/uni-211.js
4142010491,中国地质大学(武汉),地质资源与地质工程,A+,found,,4,2017,教育部学位与研究生教育发展中心,upstream_selection,https://github.com/Magicdover/China-Universities-2026/blob/419bdc7ce6956fc88c2b70b3979f170b6666f111/data/uni-211.js
4142010491,中国地质大学(武汉),海洋科学,A-,found,,4,2017,教育部学位与研究生教育发展中心,upstream_selection,https://github.com/Magicdover/China-Universities-2026/blob/419bdc7ce6956fc88c2b70b3979f170b6666f111/data/uni-211.js
4142010491,中国地质大学(武汉),测绘科学与技术,A-,found,,4,2017,教育部学位与研究生教育发展中心,upstream_selection,https://github.com/Magicdover/China-Universities-2026/blob/419bdc7ce6956fc88c2b70b3979f170b6666f111/data/uni-211.js
4142010491,中国地质大学(武汉),石油与天然气工程,A-,found,,4,2017,教育部学位与研究生教育发展中心,upstream_selection,https://github.com/Magicdover/China-Universities-2026/blob/419bdc7ce6956fc88c2b70b3979f170b6666f111/data/uni-211.js
4142010497,武汉理工大学,材料科学与工程,A+,found,,4,2017,教育部学位与研究生教育发展中心,upstream_selection,https://github.com/Magicdover/China-Universities-2026/blob/419bdc7ce6956fc88c2b70b3979f170b6666f111/data/uni-211.js
4142010497,武汉理工大学,机械工程,A-,found,,4,2017,教育部学位与研究生教育发展中心,upstream_selection,https://github.com/Magicdover/China-Universities-2026/blob/419bdc7ce6956fc88c2b70b3979f170b6666f111/data/uni-211.js
4142010497,武汉理工大学,交通运输工程,A-,found,,4,2017,教育部学位与研究生教育发展中心,upstream_selection,https://github.com/Magicdover/China-Universities-2026/blob/419bdc7ce6956fc88c2b70b3979f170b6666f111/data/uni-211.js
4142010504,华中农业大学,园艺学,A+,found,,4,2017,教育部学位与研究生教育发展中心,upstream_selection,https://github.com/Magicdover/China-Universities-2026/blob/419bdc7ce6956fc88c2b70b3979f170b6666f111/data/uni-special.js
4142010504,华中农业大学,畜牧学,A+,found,,4,2017,教育部学位与研究生教育发展中心,upstream_selection,https://github.com/Magicdover/China-Universities-2026/blob/419bdc7ce6956fc88c2b70b3979f170b6666f111/data/uni-special.js
4142010504,华中农业大学,兽医学,A+,found,,4,2017,教育部学位与研究生教育发展中心,upstream_selection,https://github.com/Magicdover/China-Universities-2026/blob/419bdc7ce6956fc88c2b70b3979f170b6666f111/data/uni-special.js
4142010504,华中农业大学,作物学,A,found,,4,2017,教育部学位与研究生教育发展中心,upstream_selection,https://github.com/Magicdover/China-Universities-2026/blob/419bdc7ce6956fc88c2b70b3979f170b6666f111/data/uni-special.js
4142010504,华中农业大学,生物学,A,found,,4,2017,教育部学位与研究生教育发展中心,upstream_selection,https://github.com/Magicdover/China-Universities-2026/blob/419bdc7ce6956fc88c2b70b3979f170b6666f111/data/uni-special.js
4142010504,华中农业大学,农业资源与环境,A,found,,4,2017,教育部学位与研究生教育发展中心,upstream_selection,https://github.com/Magicdover/China-Universities-2026/blob/419bdc7ce6956fc88c2b70b3979f170b6666f111/data/uni-special.js
4142010504,华中农业大学,食品科学与工程,A-,found,,4,2017,教育部学位与研究生教育发展中心,upstream_selection,https://github.com/Magicdover/China-Universities-2026/blob/419bdc7ce6956fc88c2b70b3979f170b6666f111/data/uni-special.js
4142010511,华中师范大学,政治学,A,found,,4,2017,教育部学位与研究生教育发展中心,upstream_selection,https://github.com/Magicdover/China-Universities-2026/blob/419bdc7ce6956fc88c2b70b3979f170b6666f111/data/uni-special.js
4142010511,华中师范大学,中国语言文学,A-,found,,4,2017,教育部学位与研究生教育发展中心,upstream_selection,https://github.com/Magicdover/China-Universities-2026/blob/419bdc7ce6956fc88c2b70b3979f170b6666f111/data/uni-special.js
4142010511,华中师范大学,马克思主义理论,A-,found,,4,2017,教育部学位与研究生教育发展中心,upstream_selection,https://github.com/Magicdover/China-Universities-2026/blob/419bdc7ce6956fc88c2b70b3979f170b6666f111/data/uni-special.js
4142010511,华中师范大学,教育学,A-,found,,4,2017,教育部学位与研究生教育发展中心,upstream_selection,https://github.com/Magicdover/China-Universities-2026/blob/419bdc7ce6956fc88c2b70b3979f170b6666f111/data/uni-special.js
4142010520,中南财经政法大学,法学,A,found,,4,2017,教育部学位与研究生教育发展中心,upstream_selection,https://github.com/Magicdover/China-Universities-2026/blob/419bdc7ce6956fc88c2b70b3979f170b6666f111/data/uni-special.js
4142010520,中南财经政法大学,应用经济学,A-,found,,4,2017,教育部学位与研究生教育发展中心,upstream_selection,https://github.com/Magicdover/China-Universities-2026/blob/419bdc7ce6956fc88c2b70b3979f170b6666f111/data/uni-special.js
4142010520,中南财经政法大学,工商管理,A-,found,,4,2017,教育部学位与研究生教育发展中心,upstream_selection,https://github.com/Magicdover/China-Universities-2026/blob/419bdc7ce6956fc88c2b70b3979f170b6666f111/data/uni-special.js
4142010520,中南财经政法大学,统计学,A-,found,,4,2017,教育部学位与研究生教育发展中心,upstream_selection,https://github.com/Magicdover/China-Universities-2026/blob/419bdc7ce6956fc88c2b70b3979f170b6666f111/data/uni-special.js
4143010530,湘潭大学,数学,A-,found,,4,2017,教育部学位与研究生教育发展中心,upstream_selection,https://github.com/Magicdover/China-Universities-2026/blob/419bdc7ce6956fc88c2b70b3979f170b6666f111/data/uni-extra.js
4143010532,湖南大学,化学,A+,found,,4,2017,教育部学位与研究生教育发展中心,upstream_selection,https://github.com/Magicdover/China-Universities-2026/blob/419bdc7ce6956fc88c2b70b3979f170b6666f111/data/universities.js
4143010532,湖南大学,机械工程,A,found,,4,2017,教育部学位与研究生教育发展中心,upstream_selection,https://github.com/Magicdover/China-Universities-2026/blob/419bdc7ce6956fc88c2b70b3979f170b6666f111/data/universities.js
4143010532,湖南大学,土木工程,A,found,,4,2017,教育部学位与研究生教育发展中心,upstream_selection,https://github.com/Magicdover/China-Universities-2026/blob/419bdc7ce6956fc88c2b70b3979f170b6666f111/data/universities.js
4143010532,湖南大学,设计学,A-,found,,4,2017,教育部学位与研究生教育发展中心,upstream_selection,https://github.com/Magicdover/China-Universities-2026/blob/419bdc7ce6956fc88c2b70b3979f170b6666f111/data/universities.js
4143010532,湖南大学,电气工程,A-,found,,4,2017,教育部学位与研究生教育发展中心,upstream_selection,https://github.com/Magicdover/China-Universities-2026/blob/419bdc7ce6956fc88c2b70b3979f170b6666f111/data/universities.js
4143010532,湖南大学,信息与通信工程,A-,found,,4,2017,教育部学位与研究生教育发展中心,upstream_selection,https://github.com/Magicdover/China-Universities-2026/blob/419bdc7ce6956fc88c2b70b3979f170b6666f111/data/universities.js
4143010532,湖南大学,工商管理,A-,found,,4,2017,教育部学位与研究生教育发展中心,upstream_selection,https://github.com/Magicdover/China-Universities-2026/blob/419bdc7ce6956fc88c2b70b3979f170b6666f111/data/universities.js
4143010533,中南大学,冶金工程,A+,found,,4,2017,教育部学位与研究生教育发展中心,upstream_selection,https://github.com/Magicdover/China-Universities-2026/blob/419bdc7ce6956fc88c2b70b3979f170b6666f111/data/universities.js
4143010533,中南大学,矿业工程,A+,found,,4,2017,教育部学位与研究生教育发展中心,upstream_selection,https://github.com/Magicdover/China-Universities-2026/blob/419bdc7ce6956fc88c2b70b3979f170b6666f111/data/universities.js
4143010533,中南大学,护理学,A+,found,,4,2017,教育部学位与研究生教育发展中心,upstream_selection,https://github.com/Magicdover/China-Universities-2026/blob/419bdc7ce6956fc88c2b70b3979f170b6666f111/data/universities.js
4143010533,中南大学,材料科学与工程,A,found,,4,2017,教育部学位与研究生教育发展中心,upstream_selection,https://github.com/Magicdover/China-Universities-2026/blob/419bdc7ce6956fc88c2b70b3979f170b6666f111/data/universities.js
4143010533,中南大学,机械工程,A,found,,4,2017,教育部学位与研究生教育发展中心,upstream_selection,https://github.com/Magicdover/China-Universities-2026/blob/419bdc7ce6956fc88c2b70b3979f170b6666f111/data/universities.js
4143010533,中南大学,数学,A-,found,,4,2017,教育部学位与研究生教育发展中心,upstream_selection,https://github.com/Magicdover/China-Universities-2026/blob/419bdc7ce6956fc88c2b70b3979f170b6666f111/data/universities.js
4143010533,中南大学,土木工程,A-,found,,4,2017,教育部学位与研究生教育发展中心,upstream_selection,https://github.com/Magicdover/China-Universities-2026/blob/419bdc7ce6956fc88c2b70b3979f170b6666f111/data/universities.js
4143010533,中南大学,管理科学与工程,A-,found,,4,2017,教育部学位与研究生教育发展中心,upstream_selection,https://github.com/Magicdover/China-Universities-2026/blob/419bdc7ce6956fc88c2b70b3979f170b6666f111/data/universities.js
4143010533,中南大学,基础医学,A-,found,,4,2017,教育部学位与研究生教育发展中心,upstream_selection,https://github.com/Magicdover/China-Universities-2026/blob/419bdc7ce6956fc88c2b70b3979f170b6666f111/data/universities.js
4143010533,中南大学,临床医学,A-,found,,4,2017,教育部学位与研究生教育发展中心,upstream_selection,https://github.com/Magicdover/China-Universities-2026/blob/419bdc7ce6956fc88c2b70b3979f170b6666f111/data/universities.js
4143010533,中南大学,药学,A-,found,,4,2017,教育部学位与研究生教育发展中心,upstream_selection,https://github.com/Magicdover/China-Universities-2026/blob/419bdc7ce6956fc88c2b70b3979f170b6666f111/data/universities.js
4143010542,湖南师范大学,外国语言文学,A-,found,,4,2017,教育部学位与研究生教育发展中心,upstream_selection,https://github.com/Magicdover/China-Universities-2026/blob/419bdc7ce6956fc88c2b70b3979f170b6666f111/data/uni-special.js
4162010730,兰州大学,草学,A+,found,,4,2017,教育部学位与研究生教育发展中心,upstream_selection,https://github.com/Magicdover/China-Universities-2026/blob/419bdc7ce6956fc88c2b70b3979f170b6666f111/data/universities.js
4162010730,兰州大学,化学,A,found,,4,2017,教育部学位与研究生教育发展中心,upstream_selection,https://github.com/Magicdover/China-Universities-2026/blob/419bdc7ce6956fc88c2b70b3979f170b6666f111/data/universities.js
4162010730,兰州大学,大气科学,A,found,,4,2017,教育部学位与研究生教育发展中心,upstream_selection,https://github.com/Magicdover/China-Universities-2026/blob/419bdc7ce6956fc88c2b70b3979f170b6666f111/data/universities.js
4162010730,兰州大学,生态学,A,found,,4,2017,教育部学位与研究生教育发展中心,upstream_selection,https://github.com/Magicdover/China-Universities-2026/blob/419bdc7ce6956fc88c2b70b3979f170b6666f111/data/universities.js
4162010730,兰州大学,数学,A-,found,,4,2017,教育部学位与研究生教育发展中心,upstream_selection,https://github.com/Magicdover/China-Universities-2026/blob/419bdc7ce6956fc88c2b70b3979f170b6666f111/data/universities.js
4162010730,兰州大学,物理学,A-,found,,4,2017,教育部学位与研究生教育发展中心,upstream_selection,https://github.com/Magicdover/China-Universities-2026/blob/419bdc7ce6956fc88c2b70b3979f170b6666f111/data/universities.js
4162010730,兰州大学,地理学,A-,found,,4,2017,教育部学位与研究生教育发展中心,upstream_selection,https://github.com/Magicdover/China-Universities-2026/blob/419bdc7ce6956fc88c2b70b3979f170b6666f111/data/universities.js
4162010730,兰州大学,民族学,A-,found,,4,2017,教育部学位与研究生教育发展中心,upstream_selection,https://github.com/Magicdover/China-Universities-2026/blob/419bdc7ce6956fc88c2b70b3979f170b6666f111/data/universities.js
4135010384,厦门大学,化学,A+,found,,4,2017,教育部学位与研究生教育发展中心,upstream_selection,https://github.com/Magicdover/China-Universities-2026/blob/419bdc7ce6956fc88c2b70b3979f170b6666f111/data/universities.js
4135010384,厦门大学,海洋科学,A+,found,,4,2017,教育部学位与研究生教育发展中心,upstream_selection,https://github.com/Magicdover/China-Universities-2026/blob/419bdc7ce6956fc88c2b70b3979f170b6666f111/data/universities.js
4135010384,厦门大学,统计学,A+,found,,4,2017,教育部学位与研究生教育发展中心,upstream_selection,https://github.com/Magicdover/China-Universities-2026/blob/419bdc7ce6956fc88c2b70b3979f170b6666f111/data/universities.js
4135010384,厦门大学,理论经济学,A,found,,4,2017,教育部学位与研究生教育发展中心,upstream_selection,https://github.com/Magicdover/China-Universities-2026/blob/419bdc7ce6956fc88c2b70b3979f170b6666f111/data/universities.js
4135010384,厦门大学,应用经济学,A,found,,4,2017,教育部学位与研究生教育发展中心,upstream_selection,https://github.com/Magicdover/China-Universities-2026/blob/419bdc7ce6956fc88c2b70b3979f170b6666f111/data/universities.js
4135010384,厦门大学,工商管理,A,found,,4,2017,教育部学位与研究生教育发展中心,upstream_selection,https://github.com/Magicdover/China-Universities-2026/blob/419bdc7ce6956fc88c2b70b3979f170b6666f111/data/universities.js
4135010384,厦门大学,生物学,A,found,,4,2017,教育部学位与研究生教育发展中心,upstream_selection,https://github.com/Magicdover/China-Universities-2026/blob/419bdc7ce6956fc88c2b70b3979f170b6666f111/data/universities.js
4135010384,厦门大学,生态学,A,found,,4,2017,教育部学位与研究生教育发展中心,upstream_selection,https://github.com/Magicdover/China-Universities-2026/blob/419bdc7ce6956fc88c2b70b3979f170b6666f111/data/universities.js
4135010384,厦门大学,马克思主义理论,A-,found,,4,2017,教育部学位与研究生教育发展中心,upstream_selection,https://github.com/Magicdover/China-Universities-2026/blob/419bdc7ce6956fc88c2b70b3979f170b6666f111/data/universities.js
4135010384,厦门大学,中国语言文学,A-,found,,4,2017,教育部学位与研究生教育发展中心,upstream_selection,https://github.com/Magicdover/China-Universities-2026/blob/419bdc7ce6956fc88c2b70b3979f170b6666f111/data/universities.js
4135010384,厦门大学,法学,A-,found,,4,2017,教育部学位与研究生教育发展中心,upstream_selection,https://github.com/Magicdover/China-Universities-2026/blob/419bdc7ce6956fc88c2b70b3979f170b6666f111/data/universities.js
4135010384,厦门大学,数学,A-,found,,4,2017,教育部学位与研究生教育发展中心,upstream_selection,https://github.com/Magicdover/China-Universities-2026/blob/419bdc7ce6956fc88c2b70b3979f170b6666f111/data/universities.js
4135010384,厦门大学,物理学,A-,found,,4,2017,教育部学位与研究生教育发展中心,upstream_selection,https://github.com/Magicdover/China-Universities-2026/blob/419bdc7ce6956fc88c2b70b3979f170b6666f111/data/universities.js
4135010384,厦门大学,管理科学与工程,A-,found,,4,2017,教育部学位与研究生教育发展中心,upstream_selection,https://github.com/Magicdover/China-Universities-2026/blob/419bdc7ce6956fc88c2b70b3979f170b6666f111/data/universities.js
4135010384,厦门大学,公共管理,A-,found,,4,2017,教育部学位与研究生教育发展中心,upstream_selection,https://github.com/Magicdover/China-Universities-2026/blob/419bdc7ce6956fc88c2b70b3979f170b6666f111/data/universities.js
4135010386,福州大学,化学,A-,found,,4,2017,教育部学位与研究生教育发展中心,upstream_selection,https://github.com/Magicdover/China-Universities-2026/blob/419bdc7ce6956fc88c2b70b3979f170b6666f111/data/uni-211.js
4135010386,福州大学,土木工程,A-,found,,4,2017,教育部学位与研究生教育发展中心,upstream_selection,https://github.com/Magicdover/China-Universities-2026/blob/419bdc7ce6956fc88c2b70b3979f170b6666f111/data/uni-211.js
4152010657,贵州大学,植物保护,A-,found,,4,2017,教育部学位与研究生教育发展中心,upstream_selection,https://github.com/Magicdover/China-Universities-2026/blob/419bdc7ce6956fc88c2b70b3979f170b6666f111/data/uni-211.js
4121010140,辽宁大学,应用经济学,A-,found,,4,2017,教育部学位与研究生教育发展中心,upstream_selection,https://github.com/Magicdover/China-Universities-2026/blob/419bdc7ce6956fc88c2b70b3979f170b6666f111/data/uni-211.js
4121010141,大连理工大学,力学,A+,found,,4,2017,教育部学位与研究生教育发展中心,upstream_selection,https://github.com/Magicdover/China-Universities-2026/blob/419bdc7ce6956fc88c2b70b3979f170b6666f111/data/universities.js
4121010141,大连理工大学,化学工程与技术,A,found,,4,2017,教育部学位与研究生教育发展中心,upstream_selection,https://github.com/Magicdover/China-Universities-2026/blob/419bdc7ce6956fc88c2b70b3979f170b6666f111/data/universities.js
4121010141,大连理工大学,土木工程,A,found,,4,2017,教育部学位与研究生教育发展中心,upstream_selection,https://github.com/Magicdover/China-Universities-2026/blob/419bdc7ce6956fc88c2b70b3979f170b6666f111/data/universities.js
4121010141,大连理工大学,管理科学与工程,A,found,,4,2017,教育部学位与研究生教育发展中心,upstream_selection,https://github.com/Magicdover/China-Universities-2026/blob/419bdc7ce6956fc88c2b70b3979f170b6666f111/data/universities.js
4121010141,大连理工大学,数学,A-,found,,4,2017,教育部学位与研究生教育发展中心,upstream_selection,https://github.com/Magicdover/China-Universities-2026/blob/419bdc7ce6956fc88c2b70b3979f170b6666f111/data/universities.js
4121010141,大连理工大学,机械工程,A-,found,,4,2017,教育部学位与研究生教育发展中心,upstream_selection,https://github.com/Magicdover/China-Universities-2026/blob/419bdc7ce6956fc88c2b70b3979f170b6666f111/data/universities.js
4121010141,大连理工大学,材料科学与工程,A-,found,,4,2017,教育部学位与研究生教育发展中心,upstream_selection,https://github.com/Magicdover/China-Universities-2026/blob/419bdc7ce6956fc88c2b70b3979f170b6666f111/data/universities.js
4121010141,大连理工大学,计算机科学与技术,A-,found,,4,2017,教育部学位与研究生教育发展中心,upstream_selection,https://github.com/Magicdover/China-Universities-2026/blob/419bdc7ce6956fc88c2b70b3979f170b6666f111/data/universities.js
4121010141,大连理工大学,环境科学与工程,A-,found,,4,2017,教育部学位与研究生教育发展中心,upstream_selection,https://github.com/Magicdover/China-Universities-2026/blob/419bdc7ce6956fc88c2b70b3979f170b6666f111/data/universities.js
4121010141,大连理工大学,软件工程,A-,found,,4,2017,教育部学位与研究生教育发展中心,upstream_selection,https://github.com/Magicdover/China-Universities-2026/blob/419bdc7ce6956fc88c2b70b3979f170b6666f111/data/universities.js
4121010145,东北大学,控制科学与工程,A+,found,,4,2017,教育部学位与研究生教育发展中心,upstream_selection,https://github.com/Magicdover/China-Universities-2026/blob/419bdc7ce6956fc88c2b70b3979f170b6666f111/data/universities.js
4121010145,东北大学,冶金工程,A,found,,4,2017,教育部学位与研究生教育发展中心,upstream_selection,https://github.com/Magicdover/China-Universities-2026/blob/419bdc7ce6956fc88c2b70b3979f170b6666f111/data/universities.js
4121010145,东北大学,机械工程,A-,found,,4,2017,教育部学位与研究生教育发展中心,upstream_selection,https://github.com/Magicdover/China-Universities-2026/blob/419bdc7ce6956fc88c2b70b3979f170b6666f111/data/universities.js
4121010145,东北大学,材料科学与工程,A-,found,,4,2017,教育部学位与研究生教育发展中心,upstream_selection,https://github.com/Magicdover/China-Universities-2026/blob/419bdc7ce6956fc88c2b70b3979f170b6666f111/data/universities.js
4121010145,东北大学,软件工程,A-,found,,4,2017,教育部学位与研究生教育发展中心,upstream_selection,https://github.com/Magicdover/China-Universities-2026/blob/419bdc7ce6956fc88c2b70b3979f170b6666f111/data/universities.js
4121010145,东北大学,矿业工程,A-,found,,4,2017,教育部学位与研究生教育发展中心,upstream_selection,https://github.com/Magicdover/China-Universities-2026/blob/419bdc7ce6956fc88c2b70b3979f170b6666f111/data/universities.js
4121010151,大连海事大学,交通运输工程,A-,found,,4,2017,教育部学位与研究生教育发展中心,upstream_selection,https://github.com/Magicdover/China-Universities-2026/blob/419bdc7ce6956fc88c2b70b3979f170b6666f111/data/uni-211.js
4150010611,重庆大学,仪器科学与技术,A,found,,4,2017,教育部学位与研究生教育发展中心,upstream_selection,https://github.com/Magicdover/China-Universities-2026/blob/419bdc7ce6956fc88c2b70b3979f170b6666f111/data/universities.js
4150010611,重庆大学,电气工程,A,found,,4,2017,教育部学位与研究生教育发展中心,upstream_selection,https://github.com/Magicdover/China-Universities-2026/blob/419bdc7ce6956fc88c2b70b3979f170b6666f111/data/universities.js
4150010611,重庆大学,机械工程,A-,found,,4,2017,教育部学位与研究生教育发展中心,upstream_selection,https://github.com/Magicdover/China-Universities-2026/blob/419bdc7ce6956fc88c2b70b3979f170b6666f111/data/universities.js
4150010611,重庆大学,材料科学与工程,A-,found,,4,2017,教育部学位与研究生教育发展中心,upstream_selection,https://github.com/Magicdover/China-Universities-2026/blob/419bdc7ce6956fc88c2b70b3979f170b6666f111/data/universities.js
4150010611,重庆大学,土木工程,A-,found,,4,2017,教育部学位与研究生教育发展中心,upstream_selection,https://github.com/Magicdover/China-Universities-2026/blob/419bdc7ce6956fc88c2b70b3979f170b6666f111/data/universities.js
4150010611,重庆大学,矿业工程,A-,found,,4,2017,教育部学位与研究生教育发展中心,upstream_selection,https://github.com/Magicdover/China-Universities-2026/blob/419bdc7ce6956fc88c2b70b3979f170b6666f111/data/universities.js
4150010611,重庆大学,软件工程,A-,found,,4,2017,教育部学位与研究生教育发展中心,upstream_selection,https://github.com/Magicdover/China-Universities-2026/blob/419bdc7ce6956fc88c2b70b3979f170b6666f111/data/universities.js
4150010635,西南大学,教育学,A-,found,,4,2017,教育部学位与研究生教育发展中心,upstream_selection,https://github.com/Magicdover/China-Universities-2026/blob/419bdc7ce6956fc88c2b70b3979f170b6666f111/data/uni-211.js
4150010635,西南大学,心理学,A-,found,,4,2017,教育部学位与研究生教育发展中心,upstream_selection,https://github.com/Magicdover/China-Universities-2026/blob/419bdc7ce6956fc88c2b70b3979f170b6666f111/data/uni-211.js
4150010635,西南大学,马克思主义理论,A-,found,,4,2017,教育部学位与研究生教育发展中心,upstream_selection,https://github.com/Magicdover/China-Universities-2026/blob/419bdc7ce6956fc88c2b70b3979f170b6666f111/data/uni-211.js
4150010635,西南大学,园艺学,A-,found,,4,2017,教育部学位与研究生教育发展中心,upstream_selection,https://github.com/Magicdover/China-Universities-2026/blob/419bdc7ce6956fc88c2b70b3979f170b6666f111/data/uni-211.js
4150010652,西南政法大学,法学,A,found,,4,2017,教育部学位与研究生教育发展中心,upstream_selection,https://github.com/Magicdover/China-Universities-2026/blob/419bdc7ce6956fc88c2b70b3979f170b6666f111/data/uni-special.js
4161010697,西北大学,地质学,A+,found,,4,2017,教育部学位与研究生教育发展中心,upstream_selection,https://github.com/Magicdover/China-Universities-2026/blob/419bdc7ce6956fc88c2b70b3979f170b6666f111/data/uni-211.js
4161010697,西北大学,考古学,A-,found,,4,2017,教育部学位与研究生教育发展中心,upstream_selection,https://github.com/Magicdover/China-Universities-2026/blob/419bdc7ce6956fc88c2b70b3979f170b6666f111/data/uni-211.js
4161010697,西北大学,化学,A-,found,,4,2017,教育部学位与研究生教育发展中心,upstream_selection,https://github.com/Magicdover/China-Universities-2026/blob/419bdc7ce6956fc88c2b70b3979f170b6666f111/data/uni-211.js
4161010697,西北大学,理论经济学,A-,found,,4,2017,教育部学位与研究生教育发展中心,upstream_selection,https://github.com/Magicdover/China-Universities-2026/blob/419bdc7ce6956fc88c2b70b3979f170b6666f111/data/uni-211.js
4161010698,西安交通大学,机械工程,A+,found,,4,2017,教育部学位与研究生教育发展中心,upstream_selection,https://github.com/Magicdover/China-Universities-2026/blob/419bdc7ce6956fc88c2b70b3979f170b6666f111/data/universities.js
4161010698,西安交通大学,电气工程,A+,found,,4,2017,教育部学位与研究生教育发展中心,upstream_selection,https://github.com/Magicdover/China-Universities-2026/blob/419bdc7ce6956fc88c2b70b3979f170b6666f111/data/universities.js
4161010698,西安交通大学,动力工程及工程热物理,A+,found,,4,2017,教育部学位与研究生教育发展中心,upstream_selection,https://github.com/Magicdover/China-Universities-2026/blob/419bdc7ce6956fc88c2b70b3979f170b6666f111/data/universities.js
4161010698,西安交通大学,管理科学与工程,A+,found,,4,2017,教育部学位与研究生教育发展中心,upstream_selection,https://github.com/Magicdover/China-Universities-2026/blob/419bdc7ce6956fc88c2b70b3979f170b6666f111/data/universities.js
4161010698,西安交通大学,工商管理,A+,found,,4,2017,教育部学位与研究生教育发展中心,upstream_selection,https://github.com/Magicdover/China-Universities-2026/blob/419bdc7ce6956fc88c2b70b3979f170b6666f111/data/universities.js
4161010698,西安交通大学,力学,A,found,,4,2017,教育部学位与研究生教育发展中心,upstream_selection,https://github.com/Magicdover/China-Universities-2026/blob/419bdc7ce6956fc88c2b70b3979f170b6666f111/data/universities.js
4161010698,西安交通大学,信息与通信工程,A,found,,4,2017,教育部学位与研究生教育发展中心,upstream_selection,https://github.com/Magicdover/China-Universities-2026/blob/419bdc7ce6956fc88c2b70b3979f170b6666f111/data/universities.js
4161010698,西安交通大学,核科学与技术,A,found,,4,2017,教育部学位与研究生教育发展中心,upstream_selection,https://github.com/Magicdover/China-Universities-2026/blob/419bdc7ce6956fc88c2b70b3979f170b6666f111/data/universities.js
4161010698,西安交通大学,数学,A-,found,,4,2017,教育部学位与研究生教育发展中心,upstream_selection,https://github.com/Magicdover/China-Universities-2026/blob/419bdc7ce6956fc88c2b70b3979f170b6666f111/data/universities.js
4161010698,西安交通大学,材料科学与工程,A-,found,,4,2017,教育部学位与研究生教育发展中心,upstream_selection,https://github.com/Magicdover/China-Universities-2026/blob/419bdc7ce6956fc88c2b70b3979f170b6666f111/data/universities.js
4161010698,西安交通大学,控制科学与工程,A-,found,,4,2017,教育部学位与研究生教育发展中心,upstream_selection,https://github.com/Magicdover/China-Universities-2026/blob/419bdc7ce6956fc88c2b70b3979f170b6666f111/data/universities.js
4161010698,西安交通大学,计算机科学与技术,A-,found,,4,2017,教育部学位与研究生教育发展中心,upstream_selection,https://github.com/Magicdover/China-Universities-2026/blob/419bdc7ce6956fc88c2b70b3979f170b6666f111/data/universities.js
4161010698,西安交通大学,生物医学工程,A-,found,,4,2017,教育部学位与研究生教育发展中心,upstream_selection,https://github.com/Magicdover/China-Universities-2026/blob/419bdc7ce6956fc88c2b70b3979f170b6666f111/data/universities.js
4161010698,西安交通大学,临床医学,A-,found,,4,2017,教育部学位与研究生教育发展中心,upstream_selection,https://github.com/Magicdover/China-Universities-2026/blob/419bdc7ce6956fc88c2b70b3979f170b6666f111/data/universities.js
4161010699,西北工业大学,机械工程,A+,found,,4,2017,教育部学位与研究生教育发展中心,upstream_selection,https://github.com/Magicdover/China-Universities-2026/blob/419bdc7ce6956fc88c2b70b3979f170b6666f111/data/universities.js
4161010699,西北工业大学,材料科学与工程,A+,found,,4,2017,教育部学位与研究生教育发展中心,upstream_selection,https://github.com/Magicdover/China-Universities-2026/blob/419bdc7ce6956fc88c2b70b3979f170b6666f111/data/universities.js
4161010699,西北工业大学,航空宇航科学与技术,A+,found,,4,2017,教育部学位与研究生教育发展中心,upstream_selection,https://github.com/Magicdover/China-Universities-2026/blob/419bdc7ce6956fc88c2b70b3979f170b6666f111/data/universities.js
4161010699,西北工业大学,力学,A-,found,,4,2017,教育部学位与研究生教育发展中心,upstream_selection,https://github.com/Magicdover/China-Universities-2026/blob/419bdc7ce6956fc88c2b70b3979f170b6666f111/data/universities.js
4161010699,西北工业大学,控制科学与工程,A-,found,,4,2017,教育部学位与研究生教育发展中心,upstream_selection,https://github.com/Magicdover/China-Universities-2026/blob/419bdc7ce6956fc88c2b70b3979f170b6666f111/data/universities.js
4161010699,西北工业大学,计算机科学与技术,A-,found,,4,2017,教育部学位与研究生教育发展中心,upstream_selection,https://github.com/Magicdover/China-Universities-2026/blob/419bdc7ce6956fc88c2b70b3979f170b6666f111/data/universities.js
4161010699,西北工业大学,软件工程,A-,found,,4,2017,教育部学位与研究生教育发展中心,upstream_selection,https://github.com/Magicdover/China-Universities-2026/blob/419bdc7ce6956fc88c2b70b3979f170b6666f111/data/universities.js
4161010701,西安电子科技大学,电子科学与技术,A+,found,,4,2017,教育部学位与研究生教育发展中心,upstream_selection,https://github.com/Magicdover/China-Universities-2026/blob/419bdc7ce6956fc88c2b70b3979f170b6666f111/data/uni-211.js
4161010701,西安电子科技大学,信息与通信工程,A,found,,4,2017,教育部学位与研究生教育发展中心,upstream_selection,https://github.com/Magicdover/China-Universities-2026/blob/419bdc7ce6956fc88c2b70b3979f170b6666f111/data/uni-211.js
4161010701,西安电子科技大学,计算机科学与技术,A-,found,,4,2017,教育部学位与研究生教育发展中心,upstream_selection,https://github.com/Magicdover/China-Universities-2026/blob/419bdc7ce6956fc88c2b70b3979f170b6666f111/data/uni-211.js
4161010710,长安大学,交通运输工程,A-,found,,4,2017,教育部学位与研究生教育发展中心,upstream_selection,https://github.com/Magicdover/China-Universities-2026/blob/419bdc7ce6956fc88c2b70b3979f170b6666f111/data/uni-211.js
4161010710,长安大学,地质资源与地质工程,A-,found,,4,2017,教育部学位与研究生教育发展中心,upstream_selection,https://github.com/Magicdover/China-Universities-2026/blob/419bdc7ce6956fc88c2b70b3979f170b6666f111/data/uni-211.js
4161010712,西北农林科技大学,林学,A,found,,4,2017,教育部学位与研究生教育发展中心,upstream_selection,https://github.com/Magicdover/China-Universities-2026/blob/419bdc7ce6956fc88c2b70b3979f170b6666f111/data/universities.js
4161010712,西北农林科技大学,植物保护,A-,found,,4,2017,教育部学位与研究生教育发展中心,upstream_selection,https://github.com/Magicdover/China-Universities-2026/blob/419bdc7ce6956fc88c2b70b3979f170b6666f111/data/universities.js
4161010712,西北农林科技大学,畜牧学,A-,found,,4,2017,教育部学位与研究生教育发展中心,upstream_selection,https://github.com/Magicdover/China-Universities-2026/blob/419bdc7ce6956fc88c2b70b3979f170b6666f111/data/universities.js
4161010712,西北农林科技大学,农业资源与环境,A-,found,,4,2017,教育部学位与研究生教育发展中心,upstream_selection,https://github.com/Magicdover/China-Universities-2026/blob/419bdc7ce6956fc88c2b70b3979f170b6666f111/data/universities.js
4161010712,西北农林科技大学,食品科学与工程,A-,found,,4,2017,教育部学位与研究生教育发展中心,upstream_selection,https://github.com/Magicdover/China-Universities-2026/blob/419bdc7ce6956fc88c2b70b3979f170b6666f111/data/universities.js
4161010718,陕西师范大学,中国语言文学,A-,found,,4,2017,教育部学位与研究生教育发展中心,upstream_selection,https://github.com/Magicdover/China-Universities-2026/blob/419bdc7ce6956fc88c2b70b3979f170b6666f111/data/uni-special.js
4161010718,陕西师范大学,中国史,A-,found,,4,2017,教育部学位与研究生教育发展中心,upstream_selection,https://github.com/Magicdover/China-Universities-2026/blob/419bdc7ce6956fc88c2b70b3979f170b6666f111/data/uni-special.js
4161010718,陕西师范大学,马克思主义理论,A-,found,,4,2017,教育部学位与研究生教育发展中心,upstream_selection,https://github.com/Magicdover/China-Universities-2026/blob/419bdc7ce6956fc88c2b70b3979f170b6666f111/data/uni-special.js
4161010726,西北政法大学,法学,A-,found,,4,2017,教育部学位与研究生教育发展中心,upstream_selection,https://github.com/Magicdover/China-Universities-2026/blob/419bdc7ce6956fc88c2b70b3979f170b6666f111/data/uni-special.js
4123010213,哈尔滨工业大学,力学,A+,found,,4,2017,教育部学位与研究生教育发展中心,upstream_selection,https://github.com/Magicdover/China-Universities-2026/blob/419bdc7ce6956fc88c2b70b3979f170b6666f111/data/universities.js
4123010213,哈尔滨工业大学,机械工程,A+,found,,4,2017,教育部学位与研究生教育发展中心,upstream_selection,https://github.com/Magicdover/China-Universities-2026/blob/419bdc7ce6956fc88c2b70b3979f170b6666f111/data/universities.js
4123010213,哈尔滨工业大学,控制科学与工程,A+,found,,4,2017,教育部学位与研究生教育发展中心,upstream_selection,https://github.com/Magicdover/China-Universities-2026/blob/419bdc7ce6956fc88c2b70b3979f170b6666f111/data/universities.js
4123010213,哈尔滨工业大学,环境科学与工程,A+,found,,4,2017,教育部学位与研究生教育发展中心,upstream_selection,https://github.com/Magicdover/China-Universities-2026/blob/419bdc7ce6956fc88c2b70b3979f170b6666f111/data/universities.js
4123010213,哈尔滨工业大学,材料科学与工程,A,found,,4,2017,教育部学位与研究生教育发展中心,upstream_selection,https://github.com/Magicdover/China-Universities-2026/blob/419bdc7ce6956fc88c2b70b3979f170b6666f111/data/universities.js
4123010213,哈尔滨工业大学,计算机科学与技术,A,found,,4,2017,教育部学位与研究生教育发展中心,upstream_selection,https://github.com/Magicdover/China-Universities-2026/blob/419bdc7ce6956fc88c2b70b3979f170b6666f111/data/universities.js
4123010213,哈尔滨工业大学,土木工程,A,found,,4,2017,教育部学位与研究生教育发展中心,upstream_selection,https://github.com/Magicdover/China-Universities-2026/blob/419bdc7ce6956fc88c2b70b3979f170b6666f111/data/universities.js
4123010213,哈尔滨工业大学,管理科学与工程,A,found,,4,2017,教育部学位与研究生教育发展中心,upstream_selection,https://github.com/Magicdover/China-Universities-2026/blob/419bdc7ce6956fc88c2b70b3979f170b6666f111/data/universities.js
4123010213,哈尔滨工业大学,仪器科学与技术,A-,found,,4,2017,教育部学位与研究生教育发展中心,upstream_selection,https://github.com/Magicdover/China-Universities-2026/blob/419bdc7ce6956fc88c2b70b3979f170b6666f111/data/universities.js
4123010213,哈尔滨工业大学,电气工程,A-,found,,4,2017,教育部学位与研究生教育发展中心,upstream_selection,https://github.com/Magicdover/China-Universities-2026/blob/419bdc7ce6956fc88c2b70b3979f170b6666f111/data/universities.js
4123010213,哈尔滨工业大学,信息与通信工程,A-,found,,4,2017,教育部学位与研究生教育发展中心,upstream_selection,https://github.com/Magicdover/China-Universities-2026/blob/419bdc7ce6956fc88c2b70b3979f170b6666f111/data/universities.js
4123010213,哈尔滨工业大学,软件工程,A-,found,,4,2017,教育部学位与研究生教育发展中心,upstream_selection,https://github.com/Magicdover/China-Universities-2026/blob/419bdc7ce6956fc88c2b70b3979f170b6666f111/data/universities.js
4123010213,哈尔滨工业大学,航空宇航科学与技术,A-,found,,4,2017,教育部学位与研究生教育发展中心,upstream_selection,https://github.com/Magicdover/China-Universities-2026/blob/419bdc7ce6956fc88c2b70b3979f170b6666f111/data/universities.js
4123010217,哈尔滨工程大学,船舶与海洋工程,A,found,,4,2017,教育部学位与研究生教育发展中心,upstream_selection,https://github.com/Magicdover/China-Universities-2026/blob/419bdc7ce6956fc88c2b70b3979f170b6666f111/data/uni-211.js
4123010217,哈尔滨工程大学,控制科学与工程,A-,found,,4,2017,教育部学位与研究生教育发展中心,upstream_selection,https://github.com/Magicdover/China-Universities-2026/blob/419bdc7ce6956fc88c2b70b3979f170b6666f111/data/uni-211.js
4123010217,哈尔滨工程大学,核科学与技术,A-,found,,4,2017,教育部学位与研究生教育发展中心,upstream_selection,https://github.com/Magicdover/China-Universities-2026/blob/419bdc7ce6956fc88c2b70b3979f170b6666f111/data/uni-211.js
4123010224,东北农业大学,畜牧学,A-,found,,4,2017,教育部学位与研究生教育发展中心,upstream_selection,https://github.com/Magicdover/China-Universities-2026/blob/419bdc7ce6956fc88c2b70b3979f170b6666f111/data/uni-special.js
4123010225,东北林业大学,林业工程,A+,found,,4,2017,教育部学位与研究生教育发展中心,upstream_selection,https://github.com/Magicdover/China-Universities-2026/blob/419bdc7ce6956fc88c2b70b3979f170b6666f111/data/uni-special.js
4123010225,东北林业大学,林学,A-,found,,4,2017,教育部学位与研究生教育发展中心,upstream_selection,https://github.com/Magicdover/China-Universities-2026/blob/419bdc7ce6956fc88c2b70b3979f170b6666f111/data/uni-special.js
